feature,n_folds_selected,mean_importance,mean_rank,rank_std,selection_freq,kind,gene
TP53 (7157)_damaging,5,0.5170297886417119,1.0,0.0,1.0,damaging,TP53
NF2 (4771)_damaging,5,0.1913597224749737,2.2,0.44721359549995787,1.0,damaging,NF2
ID3 (3399)_damaging,5,0.1670433387129136,3.4,0.5477225575051662,1.0,damaging,ID3
PITX1 (5307)_damaging,5,0.1092727537298011,10.6,9.235799911215054,1.0,damaging,PITX1
RB1 (5925)_damaging,5,0.10404402924053865,15.8,11.43241006962224,1.0,damaging,RB1
BRAF (673)_hotspot,5,0.10361982816367435,16.8,16.946976131451887,1.0,hotspot,BRAF
CREBBP (1387)_damaging,5,0.0905563006942436,18.2,7.854934754662192,1.0,damaging,CREBBP
MUC19 (283463)_damaging,5,0.09167694609548432,23.6,20.501219475923865,1.0,damaging,MUC19
ABCB5 (340273)_damaging,5,0.07662113890868331,28.4,9.44986772394196,1.0,damaging,ABCB5
RPL5 (6125)_damaging,4,0.0931284749323039,15.25,6.238322424070967,0.8,damaging,RPL5
USP9X (8239)_damaging,4,0.08008919794177796,33.0,28.186876378910807,0.8,damaging,USP9X
CACNA1A (773)_damaging,4,0.07354174537880254,35.4,20.513410247932935,0.8,damaging,CACNA1A
NRAS (4893)_hotspot,4,0.07718289763824211,35.4,32.78414250823102,0.8,hotspot,NRAS
ADGRL4 (64123)_damaging,4,0.06294879705277918,79.4,105.19410629878463,0.8,damaging,ADGRL4
EPHA6 (285220)_damaging,3,0.0986259026624185,10.666666666666666,4.041451884327381,0.6,damaging,EPHA6
PITRM1 (10531)_damaging,3,0.09427670367455403,17.0,13.0,0.6,damaging,PITRM1
KRAS (3845)_hotspot,3,0.08773379508851806,33.0,31.328900395641085,0.6,hotspot,KRAS
MTMR3 (8897)_damaging,3,0.06862529609000621,36.666666666666664,12.342339054382412,0.6,damaging,MTMR3
MACF1 (23499)_damaging,3,0.07271911975170918,37.4,28.342547521350298,0.6,damaging,MACF1
TET2 (54790)_damaging,3,0.0705727922927463,39.6,21.77842969545784,0.6,damaging,TET2
PDS5B (23047)_damaging,3,0.06967621948474824,42.2,21.902054698132776,0.6,damaging,PDS5B
PLXNB2 (23654)_damaging,3,0.07968731372448493,47.8,47.134912750529196,0.6,damaging,PLXNB2
GPR155 (151556)_damaging,3,0.07141127621924528,48.5,48.390770469859916,0.6,damaging,GPR155
CMYA5 (202333)_damaging,3,0.060760671039531075,56.2,36.16904754068042,0.6,damaging,CMYA5
HELZ2 (85441)_damaging,3,0.058159170487732434,72.2,79.41473414927485,0.6,damaging,HELZ2
CTCF (10664)_damaging,3,0.054100746554677635,79.6,77.88645581871087,0.6,damaging,CTCF
SPATA31H1 (84226)_damaging,3,0.05582411395831558,93.2,103.74343352713944,0.6,damaging,SPATA31H1
NCKAP5L (57701)_damaging,3,0.04653978832212165,111.2,113.31019371618777,0.6,damaging,NCKAP5L
KIF5A (3798)_damaging,2,0.11136699752313685,6.5,2.1213203435596424,0.4,damaging,KIF5A
PAPPA (5069)_damaging,2,0.08004660012975565,23.0,19.79898987322333,0.4,damaging,PAPPA
EEA1 (8411)_damaging,2,0.07697452919718059,23.5,6.363961030678928,0.4,damaging,EEA1
CCND3 (896)_hotspot,2,0.08114420762047256,28.5,16.263455967290593,0.4,hotspot,CCND3
ELF3 (1999)_damaging,2,0.07111636741844535,35.5,7.7781745930520225,0.4,damaging,ELF3
NRG3 (10718)_damaging,2,0.06832649530816343,38.666666666666664,21.501937897160182,0.4,damaging,NRG3
ARID1A (8289)_damaging,2,0.07093911213421836,44.8,32.553033652794944,0.4,damaging,ARID1A
LTBP1 (4052)_damaging,2,0.06040213425136645,49.0,6.377042156569663,0.4,damaging,LTBP1
CSF2RB (1439)_damaging,2,0.06445726019807138,51.2,26.90167281044062,0.4,damaging,CSF2RB
ZAN (7455)_damaging,2,0.06326304108532155,52.5,39.26406329796582,0.4,damaging,ZAN
SMAD4 (4089)_damaging,2,0.07222246613311448,57.6,42.88706098580317,0.4,damaging,SMAD4
NLRP7 (199713)_damaging,2,0.07607850177307611,59.666666666666664,86.04843597261565,0.4,damaging,NLRP7
CD36 (948)_damaging,2,0.060352459854527994,61.8,39.644671773139954,0.4,damaging,CD36
PTPRG (5793)_damaging,2,0.0543417578707045,66.5,35.98610843089317,0.4,damaging,PTPRG
STK11 (6794)_damaging,2,0.0497292437515898,70.4,32.06711711395335,0.4,damaging,STK11
SMC3 (9126)_damaging,2,0.05169407823349118,77.6,55.91332578196364,0.4,damaging,SMC3
ZMYM3 (9203)_damaging,2,0.05386752948849975,78.2,56.046409340831104,0.4,damaging,ZMYM3
PIK3R1 (5295)_damaging,2,0.05530965142702976,79.2,61.682250283205455,0.4,damaging,PIK3R1
PTPRB (5787)_damaging,2,0.055615173995678634,86.8,84.88050423978406,0.4,damaging,PTPRB
PHRF1 (57661)_damaging,2,0.052285760773128166,88.33333333333333,91.67515112250065,0.4,damaging,PHRF1
PTPRC (5788)_damaging,2,0.0502520613358269,91.4,105.34609627318896,0.4,damaging,PTPRC
CACNA1S (779)_damaging,2,0.04457066653139302,91.6,53.29915571563963,0.4,damaging,CACNA1S
CCND3 (896)_damaging,2,0.04459159487235836,109.6,82.20888029890688,0.4,damaging,CCND3
DNAH2 (146754)_damaging,2,0.05390243429747534,117.2,113.32563699357706,0.4,damaging,DNAH2
CUBN (8029)_damaging,2,0.043518502320622245,130.4,126.61674454826264,0.4,damaging,CUBN
DGKH (160851)_damaging,2,0.03922636764648356,139.8,131.10758940656333,0.4,damaging,DGKH
PTPRS (5802)_damaging,2,0.04009388350622526,140.4,121.58865078616506,0.4,damaging,PTPRS
RHOA (387)_hotspot,2,0.0394763106596451,143.4,118.05634248103742,0.4,hotspot,RHOA
MYH9 (4627)_damaging,2,0.036441449398472534,158.4,135.2545747839976,0.4,damaging,MYH9
CTNNA1 (1495)_damaging,2,0.032901220312085984,165.0,137.27344972717776,0.4,damaging,CTNNA1
CDH22 (64405)_damaging,1,0.1015806938400833,8.0,,0.2,damaging,CDH22
DGKZ (8525)_damaging,1,0.0634707358989506,34.0,,0.2,damaging,DGKZ
CDK12 (51755)_damaging,1,0.0612700096911085,43.0,,0.2,damaging,CDK12
TEX2 (55852)_damaging,1,0.0655015354948679,43.0,,0.2,damaging,TEX2
ADAM18 (8749)_damaging,1,0.0654558075681171,44.0,,0.2,damaging,ADAM18
IQUB (154865)_damaging,1,0.06499539363641724,46.666666666666664,32.00520790954706,0.2,damaging,IQUB
GABBR1 (2550)_damaging,1,0.06527736176564083,54.0,40.779897008207364,0.2,damaging,GABBR1
LAMB2 (3913)_damaging,1,0.0559329497641177,58.666666666666664,28.290163190291665,0.2,damaging,LAMB2
SCAF4 (57466)_damaging,1,0.05384621144459566,69.8,29.037906260610455,0.2,damaging,SCAF4
AOX1 (316)_damaging,1,0.051607226347220606,75.5,50.204581464244875,0.2,damaging,AOX1
CEP170B (283638)_damaging,1,0.04949386804985145,82.5,45.96194077712559,0.2,damaging,CEP170B
LOXHD1 (125336)_damaging,1,0.0483624490280542,83.75,56.55307241874662,0.2,damaging,LOXHD1
RIMBP2 (23504)_damaging,1,0.044746992745114594,88.75,36.53651141894457,0.2,damaging,RIMBP2
MKI67 (4288)_damaging,1,0.04600739971286558,89.8,54.99727265965104,0.2,damaging,MKI67
PCDH15 (65217)_damaging,1,0.04141407472168922,93.4,41.66893327168335,0.2,damaging,PCDH15
KALRN (8997)_damaging,1,0.04524868907589152,95.8,80.55246737375585,0.2,damaging,KALRN
COL27A1 (85301)_damaging,1,0.04053465886974296,101.0,60.36555309114628,0.2,damaging,COL27A1
CAPN12 (147968)_damaging,1,0.03968559660158815,104.75,47.69608649215014,0.2,damaging,CAPN12
KIF5C (3800)_damaging,1,0.04837205459653473,106.33333333333333,109.80133575386655,0.2,damaging,KIF5C
RASA1 (5921)_damaging,1,0.04168540006896272,108.8,67.29933134883288,0.2,damaging,RASA1
SYNE2 (23224)_damaging,1,0.040635761740871516,110.0,68.01102851743973,0.2,damaging,SYNE2
IGFN1 (91156)_damaging,1,0.03940640085385238,111.2,96.97783251857096,0.2,damaging,IGFN1
PCDH17 (27253)_damaging,1,0.04000172477308197,111.66666666666667,69.2916541391049,0.2,damaging,PCDH17
MAP3K12 (7786)_damaging,1,0.04312452822764098,113.0,63.43500610861482,0.2,damaging,MAP3K12
C2orf81 (388963)_hotspot,1,0.04487269195867656,113.2,92.17212159866996,0.2,hotspot,C2orf81
IRF8 (3394)_damaging,1,0.041259909324051595,114.33333333333333,77.36493607140984,0.2,damaging,IRF8
PHF20L1 (51105)_damaging,1,0.05397358877492532,120.0,91.81230854302706,0.2,damaging,PHF20L1
KEAP1 (9817)_damaging,1,0.03902093184315114,122.2,97.37402117608167,0.2,damaging,KEAP1
SIN3A (25942)_damaging,1,0.0405054305176629,122.4,105.2226211420339,0.2,damaging,SIN3A
SMARCA4 (6597)_damaging,1,0.039581745762373124,124.2,99.50477375483047,0.2,damaging,SMARCA4
AJUBA (84962)_damaging,1,0.0356021368026607,125.8,85.788693893776,0.2,damaging,AJUBA
ELP1 (8518)_damaging,1,0.038334857035096176,128.0,105.5683033238039,0.2,damaging,ELP1
PTPN23 (25930)_damaging,1,0.0352158481883045,130.2,93.48636264183135,0.2,damaging,PTPN23
CACNA1E (777)_damaging,1,0.03376775674339842,130.4,92.12382970762776,0.2,damaging,CACNA1E
COL22A1 (169044)_damaging,1,0.035130595408740764,133.4,99.9014514409075,0.2,damaging,COL22A1
DIS3 (22894)_damaging,1,0.0372600555651796,136.25,106.11118382778196,0.2,damaging,DIS3
KANSL1 (284058)_damaging,1,0.0359744432815257,136.5,118.51722800223322,0.2,damaging,KANSL1
CCNB3 (85417)_damaging,1,0.03469107402141216,136.8,74.29804842659058,0.2,damaging,CCNB3
UBR4 (23352)_damaging,1,0.036048939242041375,136.8,105.20076045352525,0.2,damaging,UBR4
FANCG (2189)_damaging,1,0.040250724841717864,138.8,108.89536261935125,0.2,damaging,FANCG
TLE4 (7091)_damaging,1,0.0358097385026385,140.33333333333334,148.72906015077663,0.2,damaging,TLE4
AXDND1 (126859)_damaging,1,0.03512205349791408,144.2,108.7920033826016,0.2,damaging,AXDND1
PKD1 (5310)_damaging,1,0.03538939063673226,144.2,115.88658248477259,0.2,damaging,PKD1
PCDH7 (5099)_damaging,1,0.02919827368191738,144.6,65.82780567510966,0.2,damaging,PCDH7
AP3D1 (8943)_damaging,1,0.0373675244357876,146.75,113.57633262847209,0.2,damaging,AP3D1
SIPA1L2 (57568)_damaging,1,0.03131450938047993,147.25,110.53317752301041,0.2,damaging,SIPA1L2
DMXL1 (1657)_damaging,1,0.03431178559251598,148.2,116.69490134534585,0.2,damaging,DMXL1
LAMA5 (3911)_damaging,1,0.0330466979517296,150.2,108.80579028709823,0.2,damaging,LAMA5
MYO7A (4647)_damaging,1,0.029534372111621122,151.2,103.53356943523198,0.2,damaging,MYO7A
DLG2 (1740)_damaging,1,0.03530396895682954,152.2,127.31142918057279,0.2,damaging,DLG2
CADPS2 (93664)_damaging,1,0.03223002630134515,157.0,111.57060544785082,0.2,damaging,CADPS2
ERICH3 (127254)_damaging,1,0.03547917947034348,157.4,136.36275151228065,0.2,damaging,ERICH3
MPDZ (8777)_damaging,1,0.028051389661040427,159.25,112.42590152332929,0.2,damaging,MPDZ
KIF27 (55582)_damaging,1,0.032712683813378676,165.25,137.04591687946538,0.2,damaging,KIF27
MYH7 (4625)_damaging,1,0.027014096472068375,173.0,108.45275469069469,0.2,damaging,MYH7
ROBO2 (6092)_damaging,1,0.029552519238871616,176.8,126.11978433219747,0.2,damaging,ROBO2
FRY (10129)_damaging,1,0.025638121895040177,178.0,108.14111151638863,0.2,damaging,FRY
TRPM6 (140803)_damaging,1,0.025031098627574876,182.4,119.62357627156948,0.2,damaging,TRPM6
GTF3C1 (2975)_damaging,1,0.022540922168505402,184.6,117.64692941169355,0.2,damaging,GTF3C1
FES (2242)_damaging,1,0.025763230958252382,187.2,122.84828041124548,0.2,damaging,FES
CPAMD8 (27151)_damaging,1,0.0200411450872387,190.4,91.13067540625384,0.2,damaging,CPAMD8
MUC17 (140453)_damaging,1,0.0238692184749572,197.6,100.78839218878332,0.2,damaging,MUC17
RAD50 (10111)_damaging,1,0.02222887672010854,197.6,111.61227531055891,0.2,damaging,RAD50
MSH3 (4437)_damaging,1,0.0226877006841389,197.8,127.8072767881391,0.2,damaging,MSH3
CDC42BPA (8476)_damaging,1,0.02021917076520466,199.0,96.86846752168633,0.2,damaging,CDC42BPA
ZBTB21 (49854)_damaging,1,0.0251659890183535,202.33333333333334,150.32409432068212,0.2,damaging,ZBTB21
USP13 (8975)_damaging,1,0.020385288794022537,209.4,118.19179328532078,0.2,damaging,USP13
MMUT (4594)_damaging,1,0.0178548635240335,209.75,114.40097610306188,0.2,damaging,MMUT
MYO16 (23026)_damaging,1,0.02058430363713512,212.2,117.1439285665288,0.2,damaging,MYO16
FN1 (2335)_damaging,1,0.016302751987475543,213.0,101.60462587894312,0.2,damaging,FN1
TPR (7175)_damaging,1,0.0155604956458219,224.8,101.20622510498058,0.2,damaging,TPR
ABCA13 (154664)_damaging,1,0.01544001069783806,227.0,109.83624174196785,0.2,damaging,ABCA13
RBM10 (8241)_damaging,1,0.017158789646849838,228.4,120.87100562169573,0.2,damaging,RBM10
HSPG2 (3339)_damaging,1,0.0133852787089183,231.2,106.01037685057062,0.2,damaging,HSPG2
PCNX3 (399909)_damaging,1,0.01589308400265976,233.6,120.18444158875141,0.2,damaging,PCNX3
KIF7 (374654)_damaging,1,0.01875435834856134,236.6,121.41169630641028,0.2,damaging,KIF7
HERC1 (8925)_damaging,1,0.02126411949417732,238.0,127.29493312775651,0.2,damaging,HERC1
KDR (3791)_damaging,1,0.012548006404340681,241.8,111.95177533205984,0.2,damaging,KDR
TMEM245 (23731)_damaging,1,0.01273511882297854,242.8,113.53501662482813,0.2,damaging,TMEM245
EPB41L3 (23136)_damaging,1,0.011716482203666941,243.0,109.28860873851401,0.2,damaging,EPB41L3
LRP4 (4038)_damaging,1,0.01536958945192976,246.0,120.22478945708326,0.2,damaging,LRP4
LARP1 (23367)_damaging,1,0.01281276746153664,248.8,113.99649117407078,0.2,damaging,LARP1
PTPRZ1 (5803)_damaging,1,0.012530305501821059,249.4,112.66232733260927,0.2,damaging,PTPRZ1
PASK (23178)_damaging,0,0.0549749016274856,54.0,,0.0,damaging,PASK
RANBP2 (5903)_damaging,0,0.0533129680782388,55.0,,0.0,damaging,RANBP2
PCDHB4 (56131)_damaging,0,0.0532553695568373,62.0,,0.0,damaging,PCDHB4
CEP152 (22995)_damaging,0,0.0532772270246019,64.0,,0.0,damaging,CEP152
EFCAB7 (84455)_damaging,0,0.0492235989178846,68.0,,0.0,damaging,EFCAB7
TBCK (93627)_damaging,0,0.0442625737282617,75.0,,0.0,damaging,TBCK
MAP2K1 (5604)_hotspot,0,0.0444983537719881,81.0,,0.0,hotspot,MAP2K1
AK5 (26289)_damaging,0,0.04649891340227075,83.0,42.42640687119285,0.0,damaging,AK5
FIP1L1 (81608)_damaging,0,0.044823233764277,84.0,,0.0,damaging,FIP1L1
FAM135B (51059)_damaging,0,0.042470220280992343,84.5,26.16295090390226,0.0,damaging,FAM135B
HIPK3 (10114)_damaging,0,0.0396814229394357,85.0,,0.0,damaging,HIPK3
MYC (4609)_hotspot,0,0.0387676117226968,87.0,,0.0,hotspot,MYC
GAPVD1 (26130)_damaging,0,0.0397161706106585,91.0,,0.0,damaging,GAPVD1
TLR4 (7099)_damaging,0,0.0428097875044757,91.0,,0.0,damaging,TLR4
ABCC11 (85320)_damaging,0,0.0361528487578381,94.0,,0.0,damaging,ABCC11
OR4K5 (79317)_damaging,0,0.0358286884703374,95.0,,0.0,damaging,OR4K5
EP300 (2033)_hotspot,0,0.038317442961251,106.0,,0.0,hotspot,EP300
ZNF735 (730291)_damaging,0,0.0335167508229106,108.0,,0.0,damaging,ZNF735
AGRN (375790)_damaging,0,0.036778857216265726,111.75,48.389909416461336,0.0,damaging,AGRN
ARHGAP17 (55114)_damaging,0,0.03403993882518588,120.0,67.32508200267317,0.0,damaging,ARHGAP17
TTF2 (8458)_damaging,0,0.0334688769947624,124.0,33.94112549695428,0.0,damaging,TTF2
GEMIN5 (25929)_damaging,0,0.0302320056056856,126.0,,0.0,damaging,GEMIN5
UGT2B28 (54490)_damaging,0,0.0321357381713956,126.0,,0.0,damaging,UGT2B28
THBS2 (7058)_damaging,0,0.0283403759399238,128.0,,0.0,damaging,THBS2
ZSWIM5 (57643)_damaging,0,0.032428695190682796,128.0,89.09545442950498,0.0,damaging,ZSWIM5
TP53 (7157)_hotspot,0,0.03379297442565652,129.4,83.79916467364099,0.0,hotspot,TP53
CCDC88A (55704)_damaging,0,0.0332740480835142,131.8,94.72961522142903,0.0,damaging,CCDC88A
SHOC1 (158401)_damaging,0,0.0298083826984361,132.0,,0.0,damaging,SHOC1
XIRP2 (129446)_damaging,0,0.03212317749977686,132.6,73.20724007910694,0.0,damaging,XIRP2
EPG5 (57724)_damaging,0,0.0284203406426313,133.5,23.33452377915607,0.0,damaging,EPG5
COL1A1 (1277)_damaging,0,0.0321511253636204,133.6,91.4100650913235,0.0,damaging,COL1A1
MAP3K15 (389840)_damaging,0,0.030332572296616275,136.0,63.81744797989548,0.0,damaging,MAP3K15
NID2 (22795)_damaging,0,0.03276306089495056,138.6,94.47909821754227,0.0,damaging,NID2
CHD1L (9557)_damaging,0,0.0265455202536306,140.0,,0.0,damaging,CHD1L
CADPS (8618)_damaging,0,0.0283761070527945,141.0,,0.0,damaging,CADPS
NECTIN3 (25945)_damaging,0,0.02654548935621675,141.0,4.242640687119285,0.0,damaging,NECTIN3
EPHA7 (2045)_damaging,0,0.03139574625426144,144.6,100.30852406450809,0.0,damaging,EPHA7
PRDM9 (56979)_damaging,0,0.030742216978654358,146.6,95.74862923300782,0.0,damaging,PRDM9
CC2D2B (387707)_damaging,0,0.02856089124125223,146.66666666666666,70.059498523279,0.0,damaging,CC2D2B
TASOR2 (54906)_damaging,0,0.0264553302437386,147.0,,0.0,damaging,TASOR2
DMTN (2039)_damaging,0,0.02745335414937793,147.66666666666666,51.05226080530943,0.0,damaging,DMTN
MED12 (9968)_damaging,0,0.028587285137417217,148.2,87.21639754082945,0.0,damaging,MED12
JHY (79864)_damaging,0,0.02433871460612325,152.5,9.192388155425117,0.0,damaging,JHY
NRXN1 (9378)_damaging,0,0.02895927546133304,152.6,90.11825564223933,0.0,damaging,NRXN1
CEP126 (57562)_damaging,0,0.025850462145220982,153.2,72.33394777004777,0.0,damaging,CEP126
LY75 (4065)_damaging,0,0.02573927160206336,154.8,73.63898424068599,0.0,damaging,LY75
ABL2 (27)_damaging,0,0.027890473926279757,155.0,86.82453570276088,0.0,damaging,ABL2
TJP1 (7082)_damaging,0,0.0256816969579461,155.0,,0.0,damaging,TJP1
LCOR (84458)_damaging,0,0.02748305638070468,158.0,89.89716347026751,0.0,damaging,LCOR
TCERG1 (10915)_damaging,0,0.024150295379397575,158.0,49.15960401250875,0.0,damaging,TCERG1
ALS2 (57679)_damaging,0,0.0216249442543745,160.0,,0.0,damaging,ALS2
GBP1 (2633)_damaging,0,0.0251611341435176,161.0,,0.0,damaging,GBP1
PDCD11 (22984)_damaging,0,0.02930831895337545,163.0,112.08330235439472,0.0,damaging,PDCD11
BTBD8 (284697)_damaging,0,0.02577183065687296,163.4,95.59968619195358,0.0,damaging,BTBD8
SYNCRIP (10492)_damaging,0,0.0233009169436421,164.0,48.877397639399746,0.0,damaging,SYNCRIP
LOXL2 (4017)_damaging,0,0.0204199417164067,168.0,,0.0,damaging,LOXL2
BCOR (54880)_damaging,0,0.02432365077391054,169.2,107.55556703397552,0.0,damaging,BCOR
AKAP13 (11214)_damaging,0,0.02459389688886644,170.8,108.2044361382656,0.0,damaging,AKAP13
BRWD3 (254065)_damaging,0,0.024755265328496825,172.25,107.50930192313594,0.0,damaging,BRWD3
ARHGEF4 (50649)_damaging,0,0.021963008589609458,172.8,71.93191225040525,0.0,damaging,ARHGEF4
TNRC18 (84629)_damaging,0,0.02496425512309744,172.8,114.8747143630834,0.0,damaging,TNRC18
COL5A3 (50509)_damaging,0,0.0252955008433374,173.2,107.91061115571536,0.0,damaging,COL5A3
LINC02900 (340073)_damaging,0,0.02389802663806016,173.4,99.54044404160551,0.0,damaging,LINC02900
ERBB3 (2065)_damaging,0,0.0201805434936372,174.0,,0.0,damaging,ERBB3
MROH2A (339766)_damaging,0,0.024549378323292403,175.0,116.25833303466896,0.0,damaging,MROH2A
ASPM (259266)_damaging,0,0.02080672108931722,176.8,73.22363006571034,0.0,damaging,ASPM
BPTF (2186)_damaging,0,0.02382506371243428,176.8,105.22452185683716,0.0,damaging,BPTF
SCNN1B (6338)_damaging,0,0.019972950290734332,177.0,61.506097258727124,0.0,damaging,SCNN1B
CHEK2 (11200)_damaging,0,0.0221522051080312,177.75,86.82693514495756,0.0,damaging,CHEK2
FLT4 (2324)_damaging,0,0.024122373348036342,178.8,116.16453847883183,0.0,damaging,FLT4
STAG2 (10735)_damaging,0,0.0193848480723421,179.2,58.34123755972271,0.0,damaging,STAG2
BCL9L (283149)_damaging,0,0.0194628196946208,179.8,56.85683775941114,0.0,damaging,BCL9L
HLA-DRB5 (3127)_damaging,0,0.0200337327527643,180.0,,0.0,damaging,HLA-DRB5
PKHD1L1 (93035)_damaging,0,0.02289597534873208,180.0,96.16392254894764,0.0,damaging,PKHD1L1
SDHA (6389)_damaging,0,0.02340461539363766,180.0,113.54074158644552,0.0,damaging,SDHA
ZMYM2 (7750)_damaging,0,0.0170498563662475,182.0,,0.0,damaging,ZMYM2
LRBA (987)_damaging,0,0.018065889914152998,183.0,67.09694478886502,0.0,damaging,LRBA
CRACD (57482)_damaging,0,0.0184587380970883,187.66666666666666,84.90779312485594,0.0,damaging,CRACD
COL4A5 (1287)_damaging,0,0.019840818345625434,188.33333333333334,100.758787871497,0.0,damaging,COL4A5
CKAP5 (9793)_damaging,0,0.0169462668472472,189.0,,0.0,damaging,CKAP5
PDZD2 (23037)_damaging,0,0.01903936472701192,189.2,85.65745735194338,0.0,damaging,PDZD2
DDX3X (1654)_damaging,0,0.02078362545134426,189.6,104.37336825071806,0.0,damaging,DDX3X
SPAG8 (26206)_damaging,0,0.021258682775171837,189.6,107.62341752611279,0.0,damaging,SPAG8
NBAS (51594)_damaging,0,0.01742715616536572,190.4,53.78475620470916,0.0,damaging,NBAS
CHD4 (1108)_damaging,0,0.017752437121056397,191.25,80.37982748592253,0.0,damaging,CHD4
RPL22 (6146)_damaging,0,0.0165168612644145,191.4,50.7178469574567,0.0,damaging,RPL22
NARF (26502)_damaging,0,0.017159187189265932,192.0,35.02855977627399,0.0,damaging,NARF
FASTKD5 (60493)_damaging,0,0.017837613013596702,193.6,77.43577984368724,0.0,damaging,FASTKD5
ARHGAP5 (394)_damaging,0,0.01628416729449185,195.0,33.94112549695428,0.0,damaging,ARHGAP5
RXFP2 (122042)_damaging,0,0.0158302195947969,195.0,,0.0,damaging,RXFP2
DCC (1630)_damaging,0,0.01756287117510714,195.2,92.75882707322252,0.0,damaging,DCC
LZTR1 (8216)_damaging,0,0.01792709021319374,195.2,79.06136856897938,0.0,damaging,LZTR1
FMN2 (56776)_damaging,0,0.01912035551996466,195.4,97.81001993660976,0.0,damaging,FMN2
SPTA1 (6708)_damaging,0,0.017499269564635038,195.6,81.42358380715012,0.0,damaging,SPTA1
PTCH2 (8643)_damaging,0,0.0196194169398842,196.5,153.4421715174808,0.0,damaging,PTCH2
UNC93B7 (100887746)_damaging,0,0.0173857113605287,196.6,79.1599646285924,0.0,damaging,UNC93B7
PLXNA4 (91584)_damaging,0,0.01824827933947598,197.2,96.63177531226465,0.0,damaging,PLXNA4
PLA2R1 (22925)_damaging,0,0.01851979582511746,197.6,95.50287953773959,0.0,damaging,PLA2R1
LINC02138 (400558)_damaging,0,0.02098374224248148,198.0,126.24579200908045,0.0,damaging,LINC02138
PLEC (5339)_damaging,0,0.01753399546726082,198.2,87.72513892835964,0.0,damaging,PLEC
RB1 (5925)_hotspot,0,0.018130809143595862,199.4,99.62078096461602,0.0,hotspot,RB1
ZNF99 (7652)_damaging,0,0.0160202389719439,200.0,79.19595949289332,0.0,damaging,ZNF99
EZH2 (2146)_hotspot,0,0.017958690296920567,202.0,99.96499387285532,0.0,hotspot,EZH2
DEUP1 (159989)_damaging,0,0.015461249349496836,203.33333333333334,76.05480480109941,0.0,damaging,DEUP1
RNF17 (56163)_damaging,0,0.016535151866255274,203.75,78.1595590229798,0.0,damaging,RNF17
KNOP1 (400506)_damaging,0,0.016214238865789203,205.0,85.07055894961546,0.0,damaging,KNOP1
ZGRF1 (55345)_damaging,0,0.01812482112463015,205.5,129.4005409571382,0.0,damaging,ZGRF1
ZBTB20 (26137)_damaging,0,0.015111705113348578,205.8,65.62545237939317,0.0,damaging,ZBTB20
DPP6 (1804)_damaging,0,0.016424671190058825,207.25,99.03660939268872,0.0,damaging,DPP6
MEI1 (150365)_damaging,0,0.015590672522529325,207.75,81.36901539693514,0.0,damaging,MEI1
ABCA12 (26154)_damaging,0,0.01726113970290212,208.6,111.59211441674542,0.0,damaging,ABCA12
COL21A1 (81578)_damaging,0,0.0134666037597438,209.0,,0.0,damaging,COL21A1
FANCM (57697)_damaging,0,0.01642352598839894,209.2,89.40469786314364,0.0,damaging,FANCM
HELZ (9931)_damaging,0,0.01717379606797645,209.5,140.71424945612296,0.0,damaging,HELZ
MCTP1 (79772)_damaging,0,0.01643651736138705,210.0,123.03657992645927,0.0,damaging,MCTP1
ZDBF2 (57683)_damaging,0,0.01479443948634264,210.2,89.87324407185933,0.0,damaging,ZDBF2
MYH1 (4619)_damaging,0,0.0159463151094937,210.4,103.87877550298712,0.0,damaging,MYH1
UNC80 (285175)_damaging,0,0.0157943656798826,210.6,102.22915435432301,0.0,damaging,UNC80
DTX4 (23220)_damaging,0,0.014368631111661725,212.0,95.70092301888559,0.0,damaging,DTX4
KDM6A (7403)_damaging,0,0.01723626442200656,212.0,97.1673813581492,0.0,damaging,KDM6A
PPP1R3A (5506)_damaging,0,0.015313866282539019,213.0,98.45557373760005,0.0,damaging,PPP1R3A
TAF1L (138474)_damaging,0,0.0128146689258417,213.0,86.86004067847693,0.0,damaging,TAF1L
CDKN2A (1029)_hotspot,0,0.015437813257436922,213.2,92.44025097326382,0.0,hotspot,CDKN2A
TTN (7273)_damaging,0,0.01735413733548026,213.2,95.68803477969438,0.0,damaging,TTN
TRANK1 (9881)_damaging,0,0.0168664116641645,213.4,118.46223026771023,0.0,damaging,TRANK1
BRCA1 (672)_damaging,0,0.017986956261045302,213.6,113.93770227628781,0.0,damaging,BRCA1
COL4A2 (1284)_damaging,0,0.0143514969304059,214.2,75.78720208584032,0.0,damaging,COL4A2
MYO15B (80022)_damaging,0,0.014610632199395259,214.4,85.7047256573405,0.0,damaging,MYO15B
DIAPH2 (1730)_damaging,0,0.014277515481012998,214.6,92.2024945432606,0.0,damaging,DIAPH2
SPOCD1 (90853)_damaging,0,0.0124424164399436,215.0,,0.0,damaging,SPOCD1
TTK (7272)_damaging,0,0.01510055511981445,215.0,95.04735661763561,0.0,damaging,TTK
ZNF668 (79759)_damaging,0,0.01520935908643225,215.0,115.96551211459379,0.0,damaging,ZNF668
LMTK3 (114783)_damaging,0,0.0145851659341587,216.2,100.95394989796091,0.0,damaging,LMTK3
NFE2L2 (4780)_hotspot,0,0.01425889603766814,216.2,91.47513323302678,0.0,hotspot,NFE2L2
QKI (9444)_damaging,0,0.015168362725563761,216.8,86.11736178030537,0.0,damaging,QKI
CDH7 (1005)_damaging,0,0.013524040998591051,217.0,83.71777987182094,0.0,damaging,CDH7
CPSF1 (29894)_damaging,0,0.012217730447778526,218.0,60.03887629417015,0.0,damaging,CPSF1
CTNNA2 (1496)_damaging,0,0.01679328010926902,218.2,120.05706976267578,0.0,damaging,CTNNA2
GRIA4 (2893)_damaging,0,0.01509700858056435,219.0,130.10764773832474,0.0,damaging,GRIA4
ZBTB7A (51341)_damaging,0,0.01680127736577708,219.2,116.4654455192612,0.0,damaging,ZBTB7A
DPP10 (57628)_damaging,0,0.01503444878417024,219.6,106.46032124693218,0.0,damaging,DPP10
TGM6 (343641)_damaging,0,0.010850659275578732,220.0,59.65735495309862,0.0,damaging,TGM6
TYRO3 (7301)_damaging,0,0.012787113688191618,220.0,76.70723564306043,0.0,damaging,TYRO3
DOCK2 (1794)_damaging,0,0.015531850298269001,220.6,112.27332719751384,0.0,damaging,DOCK2
CDH18 (1016)_damaging,0,0.012767438535833139,221.2,89.71733388816232,0.0,damaging,CDH18
SPTBN5 (51332)_damaging,0,0.014072220646322919,221.6,108.4748818851627,0.0,damaging,SPTBN5
KIAA0825 (285600)_damaging,0,0.012178568211339036,221.66666666666666,90.91387866180462,0.0,damaging,KIAA0825
RAD17 (5884)_damaging,0,0.01182751610368764,221.8,64.83209081928486,0.0,damaging,RAD17
ARFGEF3 (57221)_damaging,0,0.01447394362796112,222.4,100.47288191347951,0.0,damaging,ARFGEF3
KDM6B (23135)_damaging,0,0.011580360647021861,222.4,65.89992412742218,0.0,damaging,KDM6B
TRPM2 (7226)_damaging,0,0.0135230681737968,223.0,104.65180361560904,0.0,damaging,TRPM2
MLH3 (27030)_damaging,0,0.015203313639074761,223.2,105.68916689992405,0.0,damaging,MLH3
PPP6R2 (9701)_damaging,0,0.01200997572899312,223.2,71.45767978321155,0.0,damaging,PPP6R2
FXR2 (9513)_damaging,0,0.014087136282570877,223.25,108.94149806203329,0.0,damaging,FXR2
PBRM1 (55193)_damaging,0,0.0112043268557341,223.4,68.00955815177745,0.0,damaging,PBRM1
DMD (1756)_damaging,0,0.01132679030481072,224.2,63.10863649295555,0.0,damaging,DMD
PTPRM (5797)_damaging,0,0.013636749973489175,224.25,102.36983605209757,0.0,damaging,PTPRM
DHX29 (54505)_damaging,0,0.012023739055705765,224.33333333333334,76.00219295081777,0.0,damaging,DHX29
ESRP1 (54845)_damaging,0,0.01189872940993592,224.4,76.61462001472043,0.0,damaging,ESRP1
UNC13C (440279)_damaging,0,0.01224665831057766,224.6,84.96057909407162,0.0,damaging,UNC13C
AGGF1 (55109)_damaging,0,0.011484443027944751,226.0,35.35533905932738,0.0,damaging,AGGF1
CSMD2 (114784)_damaging,0,0.0131622150960828,226.0,93.77632963600144,0.0,damaging,CSMD2
COL25A1 (84570)_damaging,0,0.01118493177244454,226.2,72.68906382668578,0.0,damaging,COL25A1
VWDE (221806)_damaging,0,0.011620761409176039,226.2,78.12617999108878,0.0,damaging,VWDE
SMC2 (10592)_damaging,0,0.014691397670033125,226.25,108.59519633329398,0.0,damaging,SMC2
APC (324)_damaging,0,0.013240828499702439,226.6,96.28499363867662,0.0,damaging,APC
ADGRL3 (23284)_damaging,0,0.01219853759205056,227.6,81.61372433604535,0.0,damaging,ADGRL3
ATM (472)_damaging,0,0.01344987331483882,227.8,98.9883831568129,0.0,damaging,ATM
KMT2A (4297)_damaging,0,0.01214828645094288,228.0,83.78245639750604,0.0,damaging,KMT2A
NOLC1 (9221)_damaging,0,0.0093844788892136,228.0,,0.0,damaging,NOLC1
CAMSAP1 (157922)_damaging,0,0.013039764386982625,228.75,90.79785239750993,0.0,damaging,CAMSAP1
BCL9 (607)_damaging,0,0.015414282735491619,229.0,112.83394879201916,0.0,damaging,BCL9
NTRK3 (4916)_damaging,0,0.0100801695176717,229.0,,0.0,damaging,NTRK3
ROBO3 (64221)_damaging,0,0.013409617944500175,229.25,99.767646726448,0.0,damaging,ROBO3
TOGARAM1 (23116)_damaging,0,0.010190936559904426,229.25,67.53455905435874,0.0,damaging,TOGARAM1
POLN (353497)_damaging,0,0.013682757036467966,229.33333333333334,116.44025649805711,0.0,damaging,POLN
CAMSAP2 (23271)_damaging,0,0.010846309664761019,229.4,73.26868362404227,0.0,damaging,CAMSAP2
MTOR (2475)_hotspot,0,0.012882127594307218,229.6,96.99639168546426,0.0,hotspot,MTOR
POLQ (10721)_damaging,0,0.011282929667998539,230.0,78.6956161421969,0.0,damaging,POLQ
DTX1 (1840)_damaging,0,0.0107753502200531,230.25,64.99935897119806,0.0,damaging,DTX1
PKHD1 (5314)_damaging,0,0.01071877723940598,230.4,81.2206870199951,0.0,damaging,PKHD1
USP34 (9736)_damaging,0,0.01291782286866212,230.4,101.49285689150739,0.0,damaging,USP34
A2ML1 (144568)_damaging,0,0.0106649105687952,230.66666666666666,61.3297100379036,0.0,damaging,A2ML1
RNF111 (54778)_damaging,0,0.009888075594335534,230.66666666666666,58.07179464536406,0.0,damaging,RNF111
SLCO1B3 (28234)_damaging,0,0.011652649802002634,230.66666666666666,114.1504854712994,0.0,damaging,SLCO1B3
ABCC9 (10060)_damaging,0,0.01255571264463666,231.0,102.3547751695054,0.0,damaging,ABCC9
CHD8 (57680)_damaging,0,0.01096825227465642,231.8,72.39613249338669,0.0,damaging,CHD8
NOTCH3 (4854)_damaging,0,0.013021292168399801,232.0,103.18914671611546,0.0,damaging,NOTCH3
ZNF536 (9745)_damaging,0,0.010614641338037061,232.4,77.16087091265882,0.0,damaging,ZNF536
TAL1 (6886)_damaging,0,0.01077765112013384,233.0,78.78768939371176,0.0,damaging,TAL1
DNM2 (1785)_damaging,0,0.0116211261561763,234.0,81.5148248275531,0.0,damaging,DNM2
FASN (2194)_damaging,0,0.00942039946983774,234.0,55.60575509783138,0.0,damaging,FASN
UNC79 (57578)_damaging,0,0.009381836638566579,234.6,57.73040793204219,0.0,damaging,UNC79
GRAMD1B (57476)_damaging,0,0.0092362102858382,235.0,,0.0,damaging,GRAMD1B
AEBP1 (165)_damaging,0,0.010914386137285018,235.6,85.90576232127854,0.0,damaging,AEBP1
LAMA3 (3909)_damaging,0,0.00939102269732492,235.8,75.86632981764704,0.0,damaging,LAMA3
SPEG (10290)_damaging,0,0.010894889215370539,236.6,89.09994388325954,0.0,damaging,SPEG
DNAH10 (196385)_damaging,0,0.008139463039451861,236.8,41.58365063339197,0.0,damaging,DNAH10
NYAP2 (57624)_damaging,0,0.011699069824007433,237.0,114.47270417003348,0.0,damaging,NYAP2
SLC4A10 (57282)_damaging,0,0.00893249555297124,237.6,52.17087309984375,0.0,damaging,SLC4A10
CARD6 (84674)_damaging,0,0.0064884938228835,238.0,,0.0,damaging,CARD6
SHPRH (257218)_damaging,0,0.008941986425757258,238.2,65.38501357344816,0.0,damaging,SHPRH
CACNA1F (778)_damaging,0,0.0088178705823798,238.5,82.73149339882606,0.0,damaging,CACNA1F
COL18A1 (80781)_damaging,0,0.00925090025374326,238.8,82.06826426822978,0.0,damaging,COL18A1
MED12L (116931)_damaging,0,0.01061807110324156,238.8,87.66242068298136,0.0,damaging,MED12L
SBF2 (81846)_damaging,0,0.0099866979449116,239.4,87.64302596327902,0.0,damaging,SBF2
THADA (63892)_damaging,0,0.009652722518018141,239.4,74.63444245119005,0.0,damaging,THADA
CNOT1 (23019)_damaging,0,0.00637393689303625,239.5,58.68986283848344,0.0,damaging,CNOT1
ITPR2 (3709)_damaging,0,0.01145614352222524,239.6,105.60208331278318,0.0,damaging,ITPR2
COL6A1 (1291)_damaging,0,0.007904283894216133,240.0,65.79513659838392,0.0,damaging,COL6A1
FLG2 (388698)_damaging,0,0.008325568919284775,240.0,38.38402445462608,0.0,damaging,FLG2
KLHDC7B (113730)_damaging,0,0.0096251650094767,241.0,,0.0,damaging,KLHDC7B
ANKRD30A (91074)_damaging,0,0.00951001073383302,241.2,67.28447071947582,0.0,damaging,ANKRD30A
FAAH (2166)_damaging,0,0.00934305735122875,242.0,71.44695001654492,0.0,damaging,FAAH
ZFP36L2 (678)_damaging,0,0.009944145170737499,242.4,87.74280597291154,0.0,damaging,ZFP36L2
COL12A1 (1303)_damaging,0,0.00899147371675144,242.6,72.81689364426363,0.0,damaging,COL12A1
SMAD4 (4089)_hotspot,0,0.01102432821702862,242.6,100.09145817700929,0.0,hotspot,SMAD4
PRUNE2 (158471)_damaging,0,0.008747583692593,242.8,77.2735401026768,0.0,damaging,PRUNE2
GAB2 (9846)_damaging,0,0.0085114757102398,243.0,,0.0,damaging,GAB2
PPRC1 (23082)_damaging,0,0.0083800222641513,243.4,73.13207230757241,0.0,damaging,PPRC1
ADCY10 (55811)_damaging,0,0.0099374197624527,243.5,95.45941546018392,0.0,damaging,ADCY10
SOX9 (6662)_damaging,0,0.008533028887356176,243.5,58.35808998473705,0.0,damaging,SOX9
UCK1 (83549)_damaging,0,0.00844625792689008,244.0,71.97916365171243,0.0,damaging,UCK1
CNTN5 (53942)_damaging,0,0.010584121979351279,244.2,105.42864885788873,0.0,damaging,CNTN5
JAKMIP3 (282973)_damaging,0,0.0085421183735771,244.4,75.29807434456741,0.0,damaging,JAKMIP3
NF1 (4763)_damaging,0,0.00889801611498852,244.6,76.25811432234605,0.0,damaging,NF1
DENND1A (57706)_damaging,0,0.009359288177377481,244.8,78.7349985711564,0.0,damaging,DENND1A
AMER1 (139285)_damaging,0,0.007724741290670139,245.2,55.86770086552694,0.0,damaging,AMER1
TOPBP1 (11073)_damaging,0,0.00806556962641254,245.4,75.82413863671647,0.0,damaging,TOPBP1
NYNRIN (57523)_damaging,0,0.00895270649693386,245.6,81.63210152874909,0.0,damaging,NYNRIN
NLRP4 (147945)_damaging,0,0.00908363643327356,246.0,76.21679604916491,0.0,damaging,NLRP4
ARFGEF1 (10565)_damaging,0,0.0104726017014707,246.2,102.19197620165686,0.0,damaging,ARFGEF1
TSC1 (7248)_damaging,0,0.010217797090167501,246.66666666666666,109.70110907977792,0.0,damaging,TSC1
KIF5B (3799)_damaging,0,0.008456674770131825,246.75,70.31536105290223,0.0,damaging,KIF5B
DNAH6 (1768)_damaging,0,0.007983942163949782,247.0,58.37379549078508,0.0,damaging,DNAH6
MUC5B (727897)_damaging,0,0.007781873868743461,247.2,68.78371900384568,0.0,damaging,MUC5B
ATXN1 (6310)_damaging,0,0.0068871825457094,247.25,49.64121271685453,0.0,damaging,ATXN1
TEP1 (7011)_damaging,0,0.00741338213808515,247.25,75.99287247279621,0.0,damaging,TEP1
USH2A (7399)_damaging,0,0.0082399972251846,247.6,75.4771488597708,0.0,damaging,USH2A
TECTA (7007)_damaging,0,0.007653228227884801,248.6,69.09630959754652,0.0,damaging,TECTA
EP300 (2033)_damaging,0,0.00804221317542842,248.8,78.4168349272017,0.0,damaging,EP300
GGNBP2 (79893)_damaging,0,0.0039879133949762,250.0,,0.0,damaging,GGNBP2
SSUH2 (51066)_damaging,0,0.007127619855303633,250.0,79.18964578781748,0.0,damaging,SSUH2
AHNAK2 (113146)_damaging,0,0.01144534085569446,250.4,110.43912350249796,0.0,damaging,AHNAK2
HLA-B (3106)_damaging,0,0.00900261407878858,250.4,99.83386199080951,0.0,damaging,HLA-B
ERBB4 (2066)_damaging,0,0.00875609528689148,250.8,92.00652150798878,0.0,damaging,ERBB4
DYNC1H1 (1778)_damaging,0,0.00851288425400162,251.0,90.35485598461214,0.0,damaging,DYNC1H1
FRYL (285527)_damaging,0,0.010751723029201219,251.4,108.21644976619773,0.0,damaging,FRYL
NCAM1 (4684)_damaging,0,0.0085342323415484,251.5,89.0748748712752,0.0,damaging,NCAM1
ASXL1 (171023)_damaging,0,0.00827220078211778,251.8,88.58442300991749,0.0,damaging,ASXL1
CACNA1I (8911)_damaging,0,0.006929846689842881,252.0,60.75360071633615,0.0,damaging,CACNA1I
AXIN1 (8312)_damaging,0,0.0082665188517185,252.5,88.51930109680411,0.0,damaging,AXIN1
FAT1 (2195)_damaging,0,0.0079542325133296,252.6,86.81474529133862,0.0,damaging,FAT1
ZNF106 (64397)_damaging,0,0.00544469103446998,252.8,18.87326150934173,0.0,damaging,ZNF106
HIP1R (9026)_damaging,0,0.00626229300969775,253.0,43.840620433565945,0.0,damaging,HIP1R
TNFAIP3 (7128)_damaging,0,0.006457418284473466,253.0,71.10555533852471,0.0,damaging,TNFAIP3
INO80D (54891)_damaging,0,0.00663261220882308,253.2,59.0016948909097,0.0,damaging,INO80D
CTNNA3 (29119)_damaging,0,0.008130139220825967,253.33333333333334,88.03597749405259,0.0,damaging,CTNNA3
THSD7B (80731)_damaging,0,0.00646752858148812,253.6,54.64247432172156,0.0,damaging,THSD7B
SMARCA1 (6594)_damaging,0,0.0057747843963642,253.75,71.92299122441077,0.0,damaging,SMARCA1
ABCA7 (10347)_damaging,0,0.00738997598483814,253.8,92.33200961746691,0.0,damaging,ABCA7
TSPOAP1 (9256)_damaging,0,0.005595028938028033,254.33333333333334,60.57502235520292,0.0,damaging,TSPOAP1
NCOA6 (23054)_damaging,0,0.0059793826911591404,254.4,49.429748128025096,0.0,damaging,NCOA6
DHX38 (9785)_damaging,0,0.0076192213293668,254.6,82.39417455136012,0.0,damaging,DHX38
NCOR1 (9611)_damaging,0,0.006392159850486761,254.8,60.06829446554978,0.0,damaging,NCOR1
E2F7 (144455)_damaging,0,0.005205394963325275,255.0,34.18576701884378,0.0,damaging,E2F7
KIF1A (547)_damaging,0,0.00757739158028998,255.0,82.72847151978574,0.0,damaging,KIF1A
ZNF831 (128611)_damaging,0,0.0070884273764488,255.2,89.2479691645698,0.0,damaging,ZNF831
CACNA1B (774)_damaging,0,0.006351304085545,255.33333333333334,48.7886598845811,0.0,damaging,CACNA1B
PROX1 (5629)_damaging,0,0.006889375229765467,255.66666666666666,69.5509405639732,0.0,damaging,PROX1
NLRC5 (84166)_damaging,0,0.00683634669857512,255.8,69.01594018775663,0.0,damaging,NLRC5
RTL1 (388015)_damaging,0,0.00716999470914526,256.0,79.30321557162736,0.0,damaging,RTL1
MXRA5 (25878)_damaging,0,0.0060358577347549205,256.4,56.398581542446614,0.0,damaging,MXRA5
TNXB (7148)_damaging,0,0.00669184861899644,256.4,67.77019994068189,0.0,damaging,TNXB
NACA (4666)_damaging,0,0.0075764007031787,256.5,88.72992730753249,0.0,damaging,NACA
ROR2 (4920)_damaging,0,0.007751097221108299,257.0,89.36442245099556,0.0,damaging,ROR2
GRIA1 (2890)_damaging,0,0.0043540859379701995,258.3333333333333,22.501851775650227,0.0,damaging,GRIA1
PCNX1 (22990)_damaging,0,0.007499729596857139,258.4,90.67965593229829,0.0,damaging,PCNX1
ACACB (32)_damaging,0,0.0063730817772169,258.8,69.11729161360418,0.0,damaging,ACACB
CEP350 (9857)_damaging,0,0.0064710902344316205,258.8,81.33387977958509,0.0,damaging,CEP350
HIF1A (3091)_damaging,0,0.005031624093402026,259.25,44.84324549658139,0.0,damaging,HIF1A
ASXL2 (55252)_damaging,0,0.0074190991776184,259.75,92.04120454086491,0.0,damaging,ASXL2
LRP2 (4036)_damaging,0,0.0071434791377032805,259.8,78.01089667475948,0.0,damaging,LRP2
FAT2 (2196)_damaging,0,0.00597199153843188,260.0,70.49113419430843,0.0,damaging,FAT2
SEC16A (9919)_damaging,0,0.006524313150773134,260.0,76.53103945458993,0.0,damaging,SEC16A
SHANK2 (22941)_damaging,0,0.00456300631394758,260.0,36.359317925395686,0.0,damaging,SHANK2
LUZP1 (7798)_damaging,0,0.006594487973332667,260.3333333333333,51.07184482014855,0.0,damaging,LUZP1
BEND4 (389206)_damaging,0,0.00492688454959622,260.6,44.9588700925635,0.0,damaging,BEND4
PTEN (5728)_damaging,0,0.0071087700226644,261.2,86.4708043214587,0.0,damaging,PTEN
TENM4 (26011)_damaging,0,0.00556816567686056,261.2,69.08834923487461,0.0,damaging,TENM4
ATRX (546)_damaging,0,0.00554732391766624,261.4,68.64983612507753,0.0,damaging,ATRX
ERRFI1 (54206)_damaging,0,0.006460051945905775,261.75,72.01562330494683,0.0,damaging,ERRFI1
NRXN2 (9379)_damaging,0,0.00701161784347975,261.75,88.05064830350011,0.0,damaging,NRXN2
ANKRD36C (400986)_damaging,0,0.00610844024403105,262.0,66.46803743153546,0.0,damaging,ANKRD36C
SORCS3 (22986)_damaging,0,0.00530922587722924,262.8,72.57547795226705,0.0,damaging,SORCS3
VPS13C (54832)_damaging,0,0.00537268856408738,262.8,64.34438592449227,0.0,damaging,VPS13C
ARHGAP30 (257106)_damaging,0,0.00425512462534,263.0,65.05382386916237,0.0,damaging,ARHGAP30
ARID5B (84159)_damaging,0,0.0052048583636833,263.0,58.73670062235365,0.0,damaging,ARID5B
DZIP3 (9666)_damaging,0,0.00517443358511392,263.0,52.03844732503075,0.0,damaging,DZIP3
FREM1 (158326)_damaging,0,0.0046743117260083,263.0,53.91351098441527,0.0,damaging,FREM1
SRCIN1 (80725)_damaging,0,0.005016667419497225,263.25,67.29227295908498,0.0,damaging,SRCIN1
SIPA1L1 (26037)_damaging,0,0.0054606461619963334,263.3333333333333,58.534889880594584,0.0,damaging,SIPA1L1
MROH2B (133558)_damaging,0,0.0051438868240922,263.4,63.030151514969404,0.0,damaging,MROH2B
SORCS1 (114815)_damaging,0,0.00513011502348704,264.0,61.71709649683789,0.0,damaging,SORCS1
SETBP1 (26040)_damaging,0,0.004858074623544239,264.2,49.08869523627614,0.0,damaging,SETBP1
SLC3A2 (6520)_damaging,0,0.0044485871890576996,264.2,46.094468214743515,0.0,damaging,SLC3A2
SLC45A1 (50651)_damaging,0,0.005105829505701881,264.2,62.52359554600167,0.0,damaging,SLC45A1
CPS1 (1373)_damaging,0,0.00381609216595514,264.4,20.803845798313347,0.0,damaging,CPS1
MAP1A (4130)_damaging,0,0.00484972985720416,264.8,57.92408825350641,0.0,damaging,MAP1A
MYO1A (4640)_damaging,0,0.005292463086371525,265.0,63.854000135726295,0.0,damaging,MYO1A
SPAG17 (200162)_damaging,0,0.00490322594536096,265.2,59.09483903015559,0.0,damaging,SPAG17
SPTAN1 (6709)_damaging,0,0.00420233004782706,265.2,38.564232132897445,0.0,damaging,SPTAN1
TNRC6A (27327)_damaging,0,0.00628455554654408,265.2,77.6221617838617,0.0,damaging,TNRC6A
EVPL (2125)_damaging,0,0.005179298223227225,265.5,62.8728876384726,0.0,damaging,EVPL
ADGRL2 (23266)_damaging,0,0.0045144980594302,265.8,66.03938218972071,0.0,damaging,ADGRL2
GNA13 (10672)_damaging,0,0.0048543803141048395,265.8,59.03558249056242,0.0,damaging,GNA13
DOCK4 (9732)_damaging,0,0.0024267609814245,266.0,15.556349186104045,0.0,damaging,DOCK4
RECQL (5965)_damaging,0,0.00586469969245916,266.2,75.41352663813038,0.0,damaging,RECQL
RP1L1 (94137)_damaging,0,0.00468023902184114,266.4,57.7304079320422,0.0,damaging,RP1L1
PEAK1 (79834)_damaging,0,0.003804973183695525,266.5,35.388321990924254,0.0,damaging,PEAK1
FRAS1 (80144)_damaging,0,0.00583872754177876,266.6,74.53053065690597,0.0,damaging,FRAS1
ADAMTS3 (9508)_damaging,0,0.00583133771276746,266.8,74.08913550582163,0.0,damaging,ADAMTS3
TNS1 (7145)_damaging,0,0.0048846245721373,267.0,59.93329625508679,0.0,damaging,TNS1
ADAMTSL2 (9719)_damaging,0,0.0038839029218743,267.2,39.952471763333996,0.0,damaging,ADAMTSL2
TSHZ3 (57616)_damaging,0,0.00521332941779408,267.2,71.28253643074157,0.0,damaging,TSHZ3
COL28A1 (340267)_damaging,0,0.00510222572332395,267.5,67.07955475900737,0.0,damaging,COL28A1
NRP2 (8828)_damaging,0,0.0014953375521604,267.5,13.435028842544403,0.0,damaging,NRP2
BRD3 (8019)_damaging,0,0.00419207151313652,267.6,55.12531179050147,0.0,damaging,BRD3
STARD9 (57519)_damaging,0,0.00567959234904744,267.6,72.32426978545999,0.0,damaging,STARD9
ARHGEF1 (9138)_damaging,0,0.0031948479536718,267.6666666666667,42.59499188089292,0.0,damaging,ARHGEF1
RGS7 (6000)_damaging,0,0.005638863180821633,267.6666666666667,73.33030296769087,0.0,damaging,RGS7
MYO5C (55930)_damaging,0,0.0041778103819312806,267.8,53.43407152744398,0.0,damaging,MYO5C
ASH1L (55870)_damaging,0,0.004045132738113881,268.0,54.258639865002145,0.0,damaging,ASH1L
IGSF10 (285313)_damaging,0,0.0041639526352568,268.0,53.00000000000001,0.0,damaging,IGSF10
LRP1B (53353)_damaging,0,0.0056131396389478404,268.0,71.442284397967,0.0,damaging,LRP1B
PRR14 (78994)_damaging,0,0.0048626417816383,268.0,41.012193308819754,0.0,damaging,PRR14
PTPRT (11122)_damaging,0,0.004156602059066599,268.4,60.405297780906594,0.0,damaging,PTPRT
GRM7 (2917)_damaging,0,0.0040315315079451405,268.6,51.69912958648336,0.0,damaging,GRM7
COL15A1 (1306)_damaging,0,0.0030531747432339003,268.6666666666667,30.730007050655438,0.0,damaging,COL15A1
TRIP11 (9321)_damaging,0,0.00392159519899108,268.8,52.528087724568834,0.0,damaging,TRIP11
CUL9 (23113)_damaging,0,0.0033282579220688,269.0,16.97056274847714,0.0,damaging,CUL9
PAF1 (54623)_damaging,0,0.0046038177341485,269.0,,0.0,damaging,PAF1
DSCAM (1826)_damaging,0,0.00385033800217598,269.2,51.664301021111285,0.0,damaging,DSCAM
ADGB (79747)_damaging,0,0.00379496091833714,269.8,50.370626361005286,0.0,damaging,ADGB
ECT2L (345930)_damaging,0,0.0040427924819974,270.2,56.526100166206405,0.0,damaging,ECT2L
KCP (375616)_damaging,0,0.00346794834261375,270.5,41.22701379758989,0.0,damaging,KCP
CCDC73 (493860)_damaging,0,0.0033521704193784597,270.8,46.94890840051555,0.0,damaging,CCDC73
PDE3A (5139)_damaging,0,0.0014824224245075,271.0,,0.0,damaging,PDE3A
ANKRD31 (256006)_damaging,0,0.00330168224243158,271.4,44.52864246751747,0.0,damaging,ANKRD31
MUTYH (4595)_damaging,0,0.00441450219332914,271.6,61.65062854505216,0.0,damaging,MUTYH
CFAP91 (89876)_damaging,0,0.00319341335492385,272.0,28.948229652260263,0.0,damaging,CFAP91
CTNNB1 (1499)_hotspot,0,0.00317962335301942,272.0,44.37341546466758,0.0,hotspot,CTNNB1
UNC5D (137970)_damaging,0,0.003558403174431575,272.0,46.57610259922284,0.0,damaging,UNC5D
TERT (7015)_damaging,0,0.00376437798529675,272.25,55.721779105361186,0.0,damaging,TERT
CR1 (1378)_damaging,0,0.0028976382618030334,272.3333333333333,29.9555225848813,0.0,damaging,CR1
CDK13 (8621)_damaging,0,0.00337167354833878,272.4,44.79732134849136,0.0,damaging,CDK13
CACNA1D (776)_damaging,0,0.0029563015015194,272.5,12.020815280171307,0.0,damaging,CACNA1D
ADAMTS13 (11093)_damaging,0,0.00411667118932654,272.6,59.47100133678598,0.0,damaging,ADAMTS13
DYNC2H1 (79659)_damaging,0,0.00356365430543456,272.8,50.96273148095577,0.0,damaging,DYNC2H1
SDK2 (54549)_damaging,0,0.00343425415391566,273.0,50.53711507397311,0.0,damaging,SDK2
DNAH9 (1770)_damaging,0,0.00350368453161254,273.2,47.89780788303365,0.0,damaging,DNAH9
SMARCA2 (6595)_damaging,0,0.0028093824633494,273.25,36.16973873281365,0.0,damaging,SMARCA2
PKDREJ (10343)_damaging,0,0.00320366045616194,273.4,42.67083312990268,0.0,damaging,PKDREJ
SCAF8 (22828)_damaging,0,0.00300932442573558,273.6,39.15098977037489,0.0,damaging,SCAF8
A2M (2)_damaging,0,0.00306038288440406,273.8,30.35951251255527,0.0,damaging,A2M
HLA-C (3107)_damaging,0,0.0025758543369428797,273.8,27.779488836189913,0.0,damaging,HLA-C
RAPGEF6 (51735)_damaging,0,0.0033915090614396,274.0,49.49747468305833,0.0,damaging,RAPGEF6
HIVEP2 (3097)_damaging,0,0.00293407544212992,274.2,40.97804290104641,0.0,damaging,HIVEP2
GLI3 (2737)_damaging,0,0.003908723529415525,274.5,53.45091205957107,0.0,damaging,GLI3
ARHGEF28 (64283)_damaging,0,0.0028722712692656,275.0,39.293765408777,0.0,damaging,ARHGEF28
CAMTA2 (23125)_damaging,0,0.0040147302181764,275.0,,0.0,damaging,CAMTA2
ZNF729 (100287226)_damaging,0,0.00265296321459452,275.0,38.0,0.0,damaging,ZNF729
LINC02714 (729305)_damaging,0,0.002093236065718475,275.25,21.328775554791388,0.0,damaging,LINC02714
OTOGL (283310)_damaging,0,0.00260311082853086,275.4,37.1591173199795,0.0,damaging,OTOGL
SPATA22 (84690)_damaging,0,0.0030549602519713203,275.6,45.0422024328296,0.0,damaging,SPATA22
ATXN7 (6314)_damaging,0,0.00326212117282104,275.8,52.52808772456885,0.0,damaging,ATXN7
ATR (545)_damaging,0,0.00315867083830796,276.4,51.23280199247354,0.0,damaging,ATR
TRRAP (8295)_damaging,0,0.00263697164491826,276.4,36.37031756803892,0.0,damaging,TRRAP
LRGUK (136332)_damaging,0,0.0013076812324111,276.5,6.363961030678928,0.0,damaging,LRGUK
LPA (4018)_damaging,0,0.00307224626645338,276.6,50.801574778740864,0.0,damaging,LPA
UBR1 (197131)_damaging,0,0.002520269359520133,276.6666666666667,22.810816147900827,0.0,damaging,UBR1
DNAH11 (8701)_damaging,0,0.00239037700845858,276.8,34.23740644382982,0.0,damaging,DNAH11
ALOX12B (242)_damaging,0,0.0,277.0,,0.0,damaging,ALOX12B
ANO5 (203859)_damaging,0,0.0,277.0,,0.0,damaging,ANO5
BLTP2 (9703)_damaging,0,0.0,277.0,,0.0,damaging,BLTP2
BRCA2 (675)_hotspot,0,0.0,277.0,,0.0,hotspot,BRCA2
CCDC40 (55036)_damaging,0,0.0,277.0,,0.0,damaging,CCDC40
CD58 (965)_damaging,0,0.00307856075741465,277.0,45.254833995939045,0.0,damaging,CD58
FAM131B (9715)_damaging,0,0.0,277.0,,0.0,damaging,FAM131B
GBA2 (57704)_damaging,0,0.0,277.0,,0.0,damaging,GBA2
HRAS (3265)_hotspot,0,0.00302847871434368,277.0,49.9399639567351,0.0,hotspot,HRAS
LBP (3929)_damaging,0,0.0,277.0,,0.0,damaging,LBP
LRIG3 (121227)_damaging,0,0.0,277.0,,0.0,damaging,LRIG3
LTBP4 (8425)_damaging,0,0.0,277.0,,0.0,damaging,LTBP4
MTCL2 (140710)_damaging,0,0.0,277.0,,0.0,damaging,MTCL2
NCAPD2 (9918)_damaging,0,0.0,277.0,,0.0,damaging,NCAPD2
NKTR (4820)_damaging,0,0.0,277.0,,0.0,damaging,NKTR
NUGGC (389643)_damaging,0,0.00278100699187698,277.0,42.118879377305376,0.0,damaging,NUGGC
PLEKHH3 (79990)_damaging,0,0.0,277.0,,0.0,damaging,PLEKHH3
PLEKHM1 (9842)_damaging,0,0.0,277.0,,0.0,damaging,PLEKHM1
TBC1D4 (9882)_damaging,0,0.0,277.0,,0.0,damaging,TBC1D4
TEX10 (54881)_damaging,0,0.0019433170151457,277.0,,0.0,damaging,TEX10
TRIB3 (57761)_damaging,0,0.0,277.0,,0.0,damaging,TRIB3
XPO4 (64328)_damaging,0,0.0,277.0,,0.0,damaging,XPO4
ZNF722 (100419780)_damaging,0,0.0,277.0,,0.0,damaging,ZNF722
ABCC8 (6833)_damaging,0,0.0032569178311970598,277.4,50.840928394355664,0.0,damaging,ABCC8
MYH13 (8735)_damaging,0,0.00228658832028236,277.4,32.99696955782455,0.0,damaging,MYH13
SEC14L5 (9717)_damaging,0,0.00094150809764555,277.5,0.7071067811865476,0.0,damaging,SEC14L5
RXFP1 (59350)_damaging,0,0.0029373901770513,277.6,48.64976875587386,0.0,damaging,RXFP1
HNRNPUL1 (11100)_damaging,0,0.003554883248338433,277.6666666666667,56.01190349678658,0.0,damaging,HNRNPUL1
CCDC168 (643677)_damaging,0,0.00227245441709532,277.8,33.484324690816145,0.0,damaging,CCDC168
NUP214 (8021)_damaging,0,0.00296382470207982,278.0,49.53786430600334,0.0,damaging,NUP214
TP53BP1 (7158)_damaging,0,0.002175279692270505,278.0,30.98386676965934,0.0,damaging,TP53BP1
CR2 (1380)_damaging,0,0.0029061515511986,278.2,49.103971326156504,0.0,damaging,CR2
COL6A6 (131873)_damaging,0,0.0022895549235433,278.5,45.96194077712559,0.0,damaging,COL6A6
DNAH7 (56171)_damaging,0,0.0026590267171232597,278.6,46.505913602465654,0.0,damaging,DNAH7
KDM4B (23030)_damaging,0,0.00283205135077792,278.6,48.236915324261766,0.0,damaging,KDM4B
ITGAD (3681)_damaging,0,0.0023467335775418665,278.6666666666667,42.5715084690845,0.0,damaging,ITGAD
NUP205 (23165)_damaging,0,0.0027789520414047203,278.8,47.803765542057455,0.0,damaging,NUP205
PIGO (84720)_damaging,0,0.00214272115917042,278.8,30.136356780473644,0.0,damaging,PIGO
C2CD5 (9847)_damaging,0,0.0,279.0,2.8284271247461903,0.0,damaging,C2CD5
CPD (1362)_damaging,0,0.0,279.0,2.8284271247461903,0.0,damaging,CPD
IGSF9 (57549)_damaging,0,0.0012108838334683,279.0,25.45584412271571,0.0,damaging,IGSF9
MYO10 (4651)_damaging,0,0.0,279.0,2.8284271247461903,0.0,damaging,MYO10
SDCCAG8 (10806)_damaging,0,0.0,279.0,2.8284271247461903,0.0,damaging,SDCCAG8
SLC12A1 (6557)_damaging,0,0.0,279.0,2.8284271247461903,0.0,damaging,SLC12A1
NOBOX (135935)_damaging,0,0.00234092297120436,279.2,37.592552453910336,0.0,damaging,NOBOX
GLI1 (2735)_damaging,0,0.00205221225890704,279.4,28.92749557082327,0.0,damaging,GLI1
SHROOM2 (357)_damaging,0,0.0040034453965851,279.5,44.54772721475249,0.0,damaging,SHROOM2
CNTN4 (152330)_damaging,0,0.00237164448323786,279.6,44.37116180583961,0.0,damaging,CNTN4
FHOD3 (80206)_damaging,0,0.00228979115506186,279.6,36.780429578785515,0.0,damaging,FHOD3
PLEKHA7 (144100)_damaging,0,0.00242928943631054,279.6,46.07385375676751,0.0,damaging,PLEKHA7
DOCK8 (81704)_damaging,0,0.00217896120749712,279.8,36.37581614204691,0.0,damaging,DOCK8
PLCL1 (5334)_damaging,0,0.0023823855272557997,280.0,45.21061822182926,0.0,damaging,PLCL1
PLXNA3 (55558)_damaging,0,0.00209661395824428,280.4,35.16816742453322,0.0,damaging,PLXNA3
TACC2 (10579)_damaging,0,0.00222382121417966,280.4,42.67083312990268,0.0,damaging,TACC2
NALCN (259232)_damaging,0,0.002322435521805,280.6,43.91810560577493,0.0,damaging,NALCN
SLF2 (55719)_damaging,0,0.003103993612146633,280.6666666666667,41.0162569395762,0.0,damaging,SLF2
AHR (196)_damaging,0,0.00198344574632572,280.8,34.36859031150391,0.0,damaging,AHR
ARID4B (51742)_damaging,0,0.00193817587712352,280.8,26.157216977346813,0.0,damaging,ARID4B
ACVR1B (91)_damaging,0,0.0,281.0,,0.0,damaging,ACVR1B
ADAM22 (53616)_damaging,0,0.0,281.0,,0.0,damaging,ADAM22
ADAMTS6 (11174)_damaging,0,0.0,281.0,,0.0,damaging,ADAMTS6
ARHGAP29 (9411)_damaging,0,0.0,281.0,,0.0,damaging,ARHGAP29
ATXN2 (6311)_damaging,0,0.0,281.0,,0.0,damaging,ATXN2
BCL11A (53335)_damaging,0,0.0,281.0,,0.0,damaging,BCL11A
CACNA1G (8913)_damaging,0,0.0,281.0,,0.0,damaging,CACNA1G
CDC42BPB (9578)_damaging,0,0.0,281.0,,0.0,damaging,CDC42BPB
CIITA (4261)_damaging,0,0.0,281.0,,0.0,damaging,CIITA
DAXX (1616)_damaging,0,0.0,281.0,,0.0,damaging,DAXX
DGKI (9162)_damaging,0,0.0,281.0,,0.0,damaging,DGKI
DISP1 (84976)_damaging,0,0.0,281.0,,0.0,damaging,DISP1
DPYD (1806)_damaging,0,0.0,281.0,,0.0,damaging,DPYD
DVL1 (1855)_damaging,0,0.0,281.0,,0.0,damaging,DVL1
EML3 (256364)_damaging,0,0.0,281.0,,0.0,damaging,EML3
EPRS1 (2058)_damaging,0,0.0,281.0,,0.0,damaging,EPRS1
GPRC6A (222545)_damaging,0,0.0,281.0,,0.0,damaging,GPRC6A
GRIN3A (116443)_damaging,0,0.0,281.0,,0.0,damaging,GRIN3A
HDAC5 (10014)_damaging,0,0.0,281.0,,0.0,damaging,HDAC5
IBTK (25998)_damaging,0,0.0,281.0,,0.0,damaging,IBTK
IKZF1 (10320)_damaging,0,0.0,281.0,,0.0,damaging,IKZF1
IRS2 (8660)_damaging,0,0.0,281.0,,0.0,damaging,IRS2
LRRC17 (10234)_damaging,0,0.0,281.0,,0.0,damaging,LRRC17
MCM3AP (8888)_damaging,0,0.0,281.0,,0.0,damaging,MCM3AP
MGAM2 (93432)_damaging,0,0.0021775237705414,281.0,41.400483088968905,0.0,damaging,MGAM2
MIPOL1 (145282)_damaging,0,0.0,281.0,,0.0,damaging,MIPOL1
MPL (4352)_damaging,0,0.0,281.0,,0.0,damaging,MPL
MYLK (4638)_damaging,0,0.0,281.0,,0.0,damaging,MYLK
PDE6C (5146)_damaging,0,0.0,281.0,,0.0,damaging,PDE6C
PEX6 (5190)_damaging,0,0.0,281.0,,0.0,damaging,PEX6
PLXNA1 (5361)_damaging,0,0.0,281.0,,0.0,damaging,PLXNA1
RECQL4 (9401)_damaging,0,0.0,281.0,,0.0,damaging,RECQL4
RHBDF2 (79651)_damaging,0,0.0,281.0,,0.0,damaging,RHBDF2
SALL4 (57167)_damaging,0,0.0,281.0,,0.0,damaging,SALL4
SAP130 (79595)_damaging,0,0.0,281.0,,0.0,damaging,SAP130
SARDH (1757)_damaging,0,0.0,281.0,,0.0,damaging,SARDH
SLFN5 (162394)_damaging,0,0.0,281.0,,0.0,damaging,SLFN5
SLITRK1 (114798)_damaging,0,0.0,281.0,,0.0,damaging,SLITRK1
SLITRK4 (139065)_damaging,0,0.0,281.0,,0.0,damaging,SLITRK4
TASOR (23272)_damaging,0,0.0,281.0,,0.0,damaging,TASOR
TCHH (7062)_damaging,0,0.0,281.0,,0.0,damaging,TCHH
TOP2B (7155)_damaging,0,0.0,281.0,,0.0,damaging,TOP2B
USP7 (7874)_damaging,0,0.0,281.0,,0.0,damaging,USP7
WDR75 (84128)_damaging,0,0.0,281.0,,0.0,damaging,WDR75
XPO7 (23039)_damaging,0,0.0,281.0,,0.0,damaging,XPO7
ZNF316 (100131017)_damaging,0,0.0,281.0,,0.0,damaging,ZNF316
ZNF462 (58499)_damaging,0,0.0,281.0,,0.0,damaging,ZNF462
ZNRF3 (84133)_damaging,0,0.0,281.0,,0.0,damaging,ZNRF3
ARHGEF12 (23365)_damaging,0,0.00217600176056544,281.2,40.978042901046415,0.0,damaging,ARHGEF12
OPHN1 (4983)_damaging,0,0.0017643046469891335,281.3333333333333,29.501412395567318,0.0,damaging,OPHN1
ABCA9 (10350)_damaging,0,0.00220172926631786,281.4,38.69496091224282,0.0,damaging,ABCA9
CSMD1 (64478)_damaging,0,0.0018492856475793799,281.4,33.17830616532435,0.0,damaging,CSMD1
WDR17 (116966)_damaging,0,0.00153717111968415,281.5,30.391884881768465,0.0,damaging,WDR17
ADAMTS12 (81792)_damaging,0,0.0018028462307712802,281.6,24.613004692641653,0.0,damaging,ADAMTS12
PCNT (5116)_damaging,0,0.00170367330908676,281.6,25.93838853899756,0.0,damaging,PCNT
HECW1 (23072)_damaging,0,0.001999772750060475,281.75,37.85388575386504,0.0,damaging,HECW1
AUTS2 (26053)_damaging,0,0.0023830793337831,282.0,28.513154858766505,0.0,damaging,AUTS2
CHL1 (10752)_damaging,0,0.0013288278435593668,282.0,24.879710609249457,0.0,damaging,CHL1
SPHKAP (80309)_damaging,0,0.00175362167617482,282.0,23.85372088375313,0.0,damaging,SPHKAP
STAT2 (6773)_damaging,0,0.002379281344852625,282.0,39.14077158156185,0.0,damaging,STAT2
TNKS1BP1 (85456)_damaging,0,0.0016316431193352,282.0,,0.0,damaging,TNKS1BP1
LAMA2 (3908)_damaging,0,0.0019197093889579998,282.2,38.87415593938986,0.0,damaging,LAMA2
BAG6 (7917)_damaging,0,0.002333366938827225,282.5,28.72281323269015,0.0,damaging,BAG6
SMC1B (27127)_damaging,0,0.00167434993848034,282.6,24.058262613912913,0.0,damaging,SMC1B
VPS13B (157680)_damaging,0,0.0015856515584408402,282.6,22.73323558141252,0.0,damaging,VPS13B
MAP3K4 (4216)_damaging,0,0.001170943795983775,282.75,28.2651139510646,0.0,damaging,MAP3K4
CPLANE1 (65250)_damaging,0,0.00165343373152524,282.8,30.35127674415032,0.0,damaging,CPLANE1
FAM193A (8603)_damaging,0,0.00149555071083302,283.8,21.890637268019397,0.0,damaging,FAM193A
RERE (473)_damaging,0,0.00173319306100418,283.8,35.54152500948714,0.0,damaging,RERE
SCN2A (6326)_damaging,0,0.00132846752336108,283.8,28.55170747958868,0.0,damaging,SCN2A
BTAF1 (9044)_damaging,0,0.0012324421607851,284.0,35.35533905932738,0.0,damaging,BTAF1
DNAH5 (1767)_damaging,0,0.0012904493405290001,284.0,28.178005607210743,0.0,damaging,DNAH5
OTOF (9381)_damaging,0,0.0015870903303856002,284.0,36.66060555964672,0.0,damaging,OTOF
NF1 (4763)_hotspot,0,0.00133910628649332,284.6,19.204166214652485,0.0,hotspot,NF1
MYT1L (23040)_damaging,0,0.0015341152781569332,284.6666666666667,10.969655114602881,0.0,damaging,MYT1L
HDAC4 (9759)_damaging,0,0.00131568638773428,284.8,18.873261509341724,0.0,damaging,HDAC4
ADAMTS9 (56999)_damaging,0,0.0,285.0,10.583005244258363,0.0,damaging,ADAMTS9
ADGRB1 (575)_damaging,0,0.0,285.0,10.583005244258363,0.0,damaging,ADGRB1
CDH12 (1010)_damaging,0,0.0,285.0,10.583005244258363,0.0,damaging,CDH12
CIT (11113)_damaging,0,0.00154841062993544,285.0,30.10813843464919,0.0,damaging,CIT
EXD3 (54932)_damaging,0,0.0,285.0,10.583005244258363,0.0,damaging,EXD3
IPO7 (10527)_damaging,0,0.0,285.0,10.583005244258363,0.0,damaging,IPO7
NOTCH1 (4851)_damaging,0,0.0012874337616849,285.0,18.547236990991415,0.0,damaging,NOTCH1
PARP10 (84875)_damaging,0,0.0017304216137552667,285.0,21.166010488516726,0.0,damaging,PARP10
PIEZO2 (63895)_damaging,0,0.00147630938401042,285.0,34.55430508634199,0.0,damaging,PIEZO2
POT1 (25913)_damaging,0,0.0,285.0,10.583005244258363,0.0,damaging,POT1
CACNA1C (775)_damaging,0,0.0012814377892185,285.2,25.003999680051187,0.0,damaging,CACNA1C
DOP1B (9980)_damaging,0,0.00144577195129288,285.2,34.13502599969714,0.0,damaging,DOP1B
SYCP2 (10388)_damaging,0,0.0014447183611938801,285.4,33.71646482061843,0.0,damaging,SYCP2
NLRP3 (114548)_damaging,0,0.000834232464432475,285.75,22.911059920192837,0.0,damaging,NLRP3
BDP1 (55814)_damaging,0,0.00138289405661502,285.8,32.88160580020386,0.0,damaging,BDP1
TCF20 (6942)_damaging,0,0.00133997278802712,285.8,31.45155004129367,0.0,damaging,TCF20
SCN7A (6332)_damaging,0,0.00107569601820064,286.2,17.29739864835172,0.0,damaging,SCN7A
PTPN13 (5783)_damaging,0,0.00107725717842554,286.4,17.686152775547317,0.0,damaging,PTPN13
ERBB2 (2064)_hotspot,0,0.001502667770821425,286.5,20.48576741707927,0.0,hotspot,ERBB2
PCDHB6 (56130)_damaging,0,0.0010403897186916,286.5,13.435028842544403,0.0,damaging,PCDHB6
RBM44 (375316)_damaging,0,0.00171606344633425,286.5,31.81980515339464,0.0,damaging,RBM44
RP1 (6101)_damaging,0,0.00125987828784266,286.8,29.448259710889534,0.0,damaging,RP1
ARAP2 (116984)_damaging,0,0.0,287.0,14.142135623730951,0.0,damaging,ARAP2
ARHGAP33 (115703)_damaging,0,0.0,287.0,14.142135623730951,0.0,damaging,ARHGAP33
ITPR3 (3710)_damaging,0,0.001355497953218825,287.0,28.61235164516658,0.0,damaging,ITPR3
KIFC2 (90990)_damaging,0,0.0,287.0,14.142135623730951,0.0,damaging,KIFC2
MYOM2 (9172)_damaging,0,0.0,287.0,14.142135623730951,0.0,damaging,MYOM2
SPTBN4 (57731)_damaging,0,0.0,287.0,14.142135623730951,0.0,damaging,SPTBN4
TDRD15 (100129278)_damaging,0,0.00114100000290938,287.0,30.397368307141324,0.0,damaging,TDRD15
TEAD2 (8463)_damaging,0,0.0,287.0,14.142135623730951,0.0,damaging,TEAD2
TSC2 (7249)_damaging,0,0.00096737195485202,287.0,15.620499351813308,0.0,damaging,TSC2
ZEB2 (9839)_damaging,0,0.0,287.0,14.142135623730951,0.0,damaging,ZEB2
MSH2 (4436)_damaging,0,0.0009562446080681999,287.2,15.368799562750498,0.0,damaging,MSH2
ATP13A5 (344905)_damaging,0,0.0002997768116525667,287.3333333333333,21.221058723196002,0.0,damaging,ATP13A5
TRIOBP (11078)_damaging,0,0.00083182203367018,287.6,16.08726204175216,0.0,damaging,TRIOBP
SETX (23064)_damaging,0,0.0010148045203209799,287.8,28.761084819596075,0.0,damaging,SETX
SPG11 (80208)_damaging,0,0.0007466871675969,287.8,21.614809737770077,0.0,damaging,SPG11
ERF (2077)_damaging,0,0.00074509729548618,288.0,21.307275752662516,0.0,damaging,ERF
RAPGEF2 (9693)_damaging,0,0.00110402061881272,288.0,27.09243436828813,0.0,damaging,RAPGEF2
RFX7 (64864)_damaging,0,0.00108477859176636,288.2,26.705804612480787,0.0,damaging,RFX7
ATP8A2 (51761)_damaging,0,0.0007969263349362,288.4,11.523888232710346,0.0,damaging,ATP8A2
LRRK1 (79705)_damaging,0,0.00084124260500882,288.4,12.481987021303938,0.0,damaging,LRRK1
ACACA (31)_damaging,0,0.000430574788188725,288.5,19.891371663780927,0.0,damaging,ACACA
TRIO (7204)_damaging,0,0.0006792396607069601,288.6,20.415680248279756,0.0,damaging,TRIO
MED15 (51586)_damaging,0,0.0020610381568501334,288.6666666666667,27.465129406819354,0.0,damaging,MED15
RAB40A (142684)_damaging,0,0.0006763799972726,288.8,20.12958022413781,0.0,damaging,RAB40A
ADGRG6 (57211)_damaging,0,0.0,289.0,11.313708498984761,0.0,damaging,ADGRG6
CEP250 (11190)_damaging,0,0.0,289.0,17.435595774162696,0.0,damaging,CEP250
DAZAP1 (26528)_damaging,0,0.0,289.0,17.435595774162696,0.0,damaging,DAZAP1
ERN2 (10595)_damaging,0,0.0,289.0,11.313708498984761,0.0,damaging,ERN2
FMR1 (2332)_damaging,0,0.0,289.0,17.435595774162696,0.0,damaging,FMR1
GABRG1 (2565)_damaging,0,0.0,289.0,11.313708498984761,0.0,damaging,GABRG1
GOLGB1 (2804)_damaging,0,0.0,289.0,17.435595774162696,0.0,damaging,GOLGB1
GPC2 (221914)_damaging,0,0.0,289.0,11.313708498984761,0.0,damaging,GPC2
GSE1 (23199)_damaging,0,0.0,289.0,17.435595774162696,0.0,damaging,GSE1
INTS1 (26173)_damaging,0,0.0,289.0,11.313708498984761,0.0,damaging,INTS1
KCND2 (3751)_damaging,0,0.0,289.0,11.313708498984761,0.0,damaging,KCND2
MARK4 (57787)_damaging,0,0.0,289.0,17.435595774162696,0.0,damaging,MARK4
MORC4 (79710)_damaging,0,0.0,289.0,11.313708498984761,0.0,damaging,MORC4
NCOA3 (8202)_damaging,0,0.0,289.0,11.313708498984761,0.0,damaging,NCOA3
NDUFV3 (4731)_damaging,0,0.0,289.0,11.313708498984761,0.0,damaging,NDUFV3
PRPF40B (25766)_damaging,0,0.0,289.0,17.435595774162696,0.0,damaging,PRPF40B
REXO1 (57455)_damaging,0,0.0,289.0,11.313708498984761,0.0,damaging,REXO1
SH2B1 (25970)_damaging,0,0.0,289.0,11.313708498984761,0.0,damaging,SH2B1
SH3PXD2A (9644)_damaging,0,0.0,289.0,11.313708498984761,0.0,damaging,SH3PXD2A
SLC25A13 (10165)_damaging,0,0.0,289.0,11.313708498984761,0.0,damaging,SLC25A13
SLC5A7 (60482)_damaging,0,0.0,289.0,11.313708498984761,0.0,damaging,SLC5A7
UBAP2L (9898)_damaging,0,0.0,289.0,17.435595774162696,0.0,damaging,UBAP2L
WDR33 (55339)_damaging,0,0.0,289.0,17.435595774162696,0.0,damaging,WDR33
NCKAP5 (344148)_damaging,0,0.0009736528648992,289.2,24.80322559668399,0.0,damaging,NCKAP5
WWC3 (55841)_damaging,0,0.000386720181110025,289.25,18.73276986103942,0.0,damaging,WWC3
MGA (23269)_damaging,0,0.0005804482003565999,289.4,19.308029417835467,0.0,damaging,MGA
SLIT2 (9353)_damaging,0,5.4826841290025e-05,289.5,12.476644848141934,0.0,damaging,SLIT2
KIF26A (26153)_damaging,0,0.00057047307915202,289.6,14.170391667134682,0.0,damaging,KIF26A
ADNP (23394)_damaging,0,0.0,289.6666666666667,18.583146486355144,0.0,damaging,ADNP
ARID3B (10620)_damaging,0,0.0,289.6666666666667,18.583146486355144,0.0,damaging,ARID3B
CASKIN2 (57513)_damaging,0,0.0,289.6666666666667,18.583146486355144,0.0,damaging,CASKIN2
CBLN2 (147381)_damaging,0,0.0,289.6666666666667,18.583146486355144,0.0,damaging,CBLN2
PHACTR1 (221692)_damaging,0,0.0,289.6666666666667,18.583146486355144,0.0,damaging,PHACTR1
PLCH1 (23007)_damaging,0,0.0,289.6666666666667,18.583146486355144,0.0,damaging,PLCH1
SLIT3 (6586)_damaging,0,0.0,289.6666666666667,18.583146486355144,0.0,damaging,SLIT3
UBE3C (9690)_damaging,0,0.0,289.6666666666667,18.583146486355144,0.0,damaging,UBE3C
WDR81 (124997)_damaging,0,0.0,289.6666666666667,18.583146486355144,0.0,damaging,WDR81
ZFPM2 (23414)_damaging,0,0.0,289.6666666666667,18.583146486355144,0.0,damaging,ZFPM2
GUCY2C (2984)_damaging,0,0.001227520035086925,289.75,32.428125652484646,0.0,damaging,GUCY2C
C2orf42 (54980)_damaging,0,0.0019331062577324666,290.0,34.655446902326915,0.0,damaging,C2orf42
CACNA2D3 (55799)_damaging,0,0.0016909527173396,290.0,,0.0,damaging,CACNA2D3
SCLT1 (132320)_damaging,0,0.0015075591609192333,290.0,24.55605831561735,0.0,damaging,SCLT1
EYS (346007)_damaging,0,0.0004523313340933,290.2,13.827508813954887,0.0,damaging,EYS
TICRR (90381)_damaging,0,0.0006614725390282999,290.2,12.930583900195687,0.0,damaging,TICRR
LAMB4 (22798)_damaging,0,0.00047572805371113994,290.4,18.077610461562664,0.0,damaging,LAMB4
UTP20 (27340)_damaging,0,0.00040819886412006004,290.4,13.740451229854134,0.0,damaging,UTP20
MAP7D1 (55700)_damaging,0,0.0005560414473438199,290.6,12.837445228704969,0.0,damaging,MAP7D1
RGL1 (23179)_damaging,0,0.0003718062107532,290.6,13.667479650615908,0.0,damaging,RGL1
EPB41L5 (57669)_damaging,0,0.0007605695389096,290.6666666666667,8.504900548115376,0.0,damaging,EPB41L5
PARD3B (117583)_damaging,0,1.1065649082133241e-08,290.75,15.10794492973813,0.0,damaging,PARD3B
ABCB4 (5244)_damaging,0,0.0,291.0,14.787382008545888,0.0,damaging,ABCB4
CASKIN1 (57524)_damaging,0,0.0,291.0,14.787382008545888,0.0,damaging,CASKIN1
CFAP47 (286464)_damaging,0,0.000516428349513,291.0,12.8062484748657,0.0,damaging,CFAP47
CHD6 (84181)_damaging,0,0.0,291.0,14.787382008545888,0.0,damaging,CHD6
COL20A1 (57642)_damaging,0,0.0,291.0,14.787382008545888,0.0,damaging,COL20A1
DNAH3 (55567)_damaging,0,0.0006591703368438401,291.0,22.449944320643645,0.0,damaging,DNAH3
DNAJC13 (23317)_damaging,0,0.0,291.0,14.787382008545888,0.0,damaging,DNAJC13
HEATR5B (54497)_damaging,0,0.0,291.0,14.787382008545888,0.0,damaging,HEATR5B
HFM1 (164045)_damaging,0,0.0,291.0,14.787382008545888,0.0,damaging,HFM1
KCNQ1 (3784)_damaging,0,0.0,291.0,14.787382008545888,0.0,damaging,KCNQ1
NOL11 (25926)_damaging,0,0.0,291.0,14.787382008545888,0.0,damaging,NOL11
PATJ (10207)_damaging,0,0.0,291.0,14.787382008545888,0.0,damaging,PATJ
PKP3 (11187)_damaging,0,0.00034606766592116,291.0,13.564659966250534,0.0,damaging,PKP3
RALGAPA2 (57186)_damaging,0,0.0,291.0,14.787382008545888,0.0,damaging,RALGAPA2
REV3L (5980)_damaging,0,0.0,291.0,14.787382008545888,0.0,damaging,REV3L
RRBP1 (6238)_damaging,0,0.0,291.0,14.787382008545888,0.0,damaging,RRBP1
SLIT1 (6585)_damaging,0,0.0,291.0,14.787382008545888,0.0,damaging,SLIT1
ZMIZ1 (57178)_damaging,0,0.0,291.0,14.787382008545888,0.0,damaging,ZMIZ1
ATP2B4 (493)_damaging,0,0.0,291.5,15.609825965290796,0.0,damaging,ATP2B4
AXL (558)_damaging,0,0.0,291.5,15.609825965290796,0.0,damaging,AXL
CARMIL3 (90668)_damaging,0,0.0,291.5,15.609825965290796,0.0,damaging,CARMIL3
CECR2 (27443)_damaging,0,0.0,291.5,15.609825965290796,0.0,damaging,CECR2
CEP128 (145508)_damaging,0,0.0,291.5,15.609825965290796,0.0,damaging,CEP128
DACH1 (1602)_damaging,0,0.0,291.5,15.609825965290796,0.0,damaging,DACH1
FLCN (201163)_damaging,0,0.0,291.5,15.609825965290796,0.0,damaging,FLCN
GABRG2 (2566)_damaging,0,0.0,291.5,15.609825965290796,0.0,damaging,GABRG2
IGF2R (3482)_damaging,0,0.0,291.5,15.609825965290796,0.0,damaging,IGF2R
KCNQ3 (3786)_damaging,0,0.0,291.5,15.609825965290796,0.0,damaging,KCNQ3
KIAA1549L (25758)_damaging,0,0.0,291.5,15.609825965290796,0.0,damaging,KIAA1549L
KIF15 (56992)_damaging,0,0.0,291.5,15.609825965290796,0.0,damaging,KIF15
MAP7D3 (79649)_damaging,0,0.0,291.5,15.609825965290796,0.0,damaging,MAP7D3
MTA1 (9112)_damaging,0,0.0,291.5,15.609825965290796,0.0,damaging,MTA1
MVK (4598)_damaging,0,0.0,291.5,15.609825965290796,0.0,damaging,MVK
NBN (4683)_damaging,0,0.0,291.5,15.609825965290796,0.0,damaging,NBN
NHS (4810)_damaging,0,0.0,291.5,15.609825965290796,0.0,damaging,NHS
OR4P4 (81300)_damaging,0,0.0,291.5,15.609825965290796,0.0,damaging,OR4P4
PAN2 (9924)_damaging,0,0.0,291.5,15.609825965290796,0.0,damaging,PAN2
PNISR (25957)_damaging,0,0.0,291.5,15.609825965290796,0.0,damaging,PNISR
PPM1D (8493)_damaging,0,0.001306467019667625,291.5,28.999999999999993,0.0,damaging,PPM1D
PTPRU (10076)_damaging,0,0.0,291.5,15.609825965290796,0.0,damaging,PTPRU
SCAF1 (58506)_damaging,0,0.0,291.5,15.609825965290796,0.0,damaging,SCAF1
TOP3A (7156)_damaging,0,0.0,291.5,15.609825965290796,0.0,damaging,TOP3A
WNK1 (65125)_damaging,0,0.0,291.5,15.609825965290796,0.0,damaging,WNK1
RGS22 (26166)_damaging,0,0.0003399878045721,291.6,16.876018487783192,0.0,damaging,RGS22
KMT2E (55904)_damaging,0,0.00026618393640422003,292.2,15.254507530562892,0.0,damaging,KMT2E
CTTNBP2 (83992)_damaging,0,0.00026256318164094,292.4,16.272676485446393,0.0,damaging,CTTNBP2
FER1L6 (654463)_damaging,0,0.00045038944409172,292.4,19.869574731231666,0.0,damaging,FER1L6
COL7A1 (1294)_damaging,0,0.00011261157549255999,292.6,13.740451229854134,0.0,damaging,COL7A1
TRPM1 (4308)_damaging,0,0.00037089042087126,292.6,13.296616110875725,0.0,damaging,TRPM1
FLG (2312)_damaging,0,0.0003322945358074,292.8,13.42385935563987,0.0,damaging,FLG
SETD2 (29072)_damaging,0,0.00010914503651024001,292.8,13.827508813954882,0.0,damaging,SETD2
BRIP1 (83990)_damaging,0,0.0,293.0,22.627416997969522,0.0,damaging,BRIP1
CFAP251 (144406)_damaging,0,0.0,293.0,22.627416997969522,0.0,damaging,CFAP251
DENND2C (163259)_damaging,0,0.0,293.0,22.627416997969522,0.0,damaging,DENND2C
ERBB3 (2065)_hotspot,0,0.0003111358404304,293.0,17.08800749063506,0.0,hotspot,ERBB3
KNL1 (57082)_damaging,0,0.0,293.0,22.627416997969522,0.0,damaging,KNL1
MAP3K21 (84451)_damaging,0,0.00024218805927883334,293.0,20.29778313018444,0.0,damaging,MAP3K21
MECOM (2122)_damaging,0,0.0003233919283656,293.0,13.564659966250536,0.0,damaging,MECOM
NOTCH4 (4855)_damaging,0,7.796547527176001e-05,293.0,13.92838827718412,0.0,damaging,NOTCH4
NWD1 (284434)_damaging,0,0.0,293.0,22.627416997969522,0.0,damaging,NWD1
PLXDC2 (84898)_damaging,0,0.0,293.0,22.627416997969522,0.0,damaging,PLXDC2
HECW2 (57520)_damaging,0,0.00025429355195352,293.2,17.977764043395386,0.0,damaging,HECW2
TAF1C (9013)_damaging,0,0.00084616810469125,293.25,12.446552400832395,0.0,damaging,TAF1C
ANKHD1 (54882)_damaging,0,0.0,294.0,24.041630560342615,0.0,damaging,ANKHD1
AP3B2 (8120)_damaging,0,0.0,294.0,24.041630560342615,0.0,damaging,AP3B2
CORO7 (79585)_damaging,0,0.0,294.0,24.041630560342615,0.0,damaging,CORO7
DCDC1 (341019)_damaging,0,0.0001658502247657,294.0,15.620499351813308,0.0,damaging,DCDC1
DDC (1644)_damaging,0,0.0,294.0,24.041630560342615,0.0,damaging,DDC
DLG5 (9231)_damaging,0,0.0,294.0,24.041630560342615,0.0,damaging,DLG5
DNA2 (1763)_damaging,0,0.0,294.0,24.041630560342615,0.0,damaging,DNA2
GIGYF2 (26058)_damaging,0,0.0,294.0,24.041630560342615,0.0,damaging,GIGYF2
ITGA1 (3672)_damaging,0,0.0,294.0,24.041630560342615,0.0,damaging,ITGA1
MSH4 (4438)_damaging,0,0.0,294.0,24.041630560342615,0.0,damaging,MSH4
TTF1 (7270)_damaging,0,0.0,294.0,24.041630560342615,0.0,damaging,TTF1
ANKRD11 (29123)_damaging,0,5.8432649933740004e-05,294.2,15.594870951694341,0.0,damaging,ANKRD11
HCN4 (10021)_damaging,0,0.00015934816414752,294.2,16.589153082662175,0.0,damaging,HCN4
CLSPN (63967)_damaging,0,0.0,294.3333333333333,16.165807537309522,0.0,damaging,CLSPN
CPEB2 (132864)_damaging,0,0.0,294.3333333333333,16.165807537309522,0.0,damaging,CPEB2
EXOSC10 (5394)_damaging,0,0.0,294.3333333333333,16.165807537309522,0.0,damaging,EXOSC10
GPR161 (23432)_damaging,0,0.0,294.3333333333333,16.165807537309522,0.0,damaging,GPR161
GUCY2F (2986)_damaging,0,0.0,294.3333333333333,16.165807537309522,0.0,damaging,GUCY2F
RPGR (6103)_damaging,0,0.0,294.3333333333333,16.165807537309522,0.0,damaging,RPGR
TUT4 (23318)_damaging,0,0.0,294.3333333333333,16.165807537309522,0.0,damaging,TUT4
ZNF208 (7757)_damaging,0,0.0,294.3333333333333,16.165807537309522,0.0,damaging,ZNF208
ZNF91 (7644)_damaging,0,0.0,294.3333333333333,16.165807537309522,0.0,damaging,ZNF91
SYTL2 (54843)_damaging,0,0.00014854118200019999,294.4,16.334013591276335,0.0,damaging,SYTL2
VPS9D1 (9605)_damaging,0,5.211410740056e-05,294.4,15.582040944625964,0.0,damaging,VPS9D1
ABI3BP (25890)_damaging,0,0.0,294.5,17.99073835801818,0.0,damaging,ABI3BP
CDH8 (1006)_damaging,0,0.0,294.5,17.99073835801818,0.0,damaging,CDH8
CRAMP1 (57585)_damaging,0,0.0,294.5,17.99073835801818,0.0,damaging,CRAMP1
DNHD1 (144132)_damaging,0,0.0,294.5,17.99073835801818,0.0,damaging,DNHD1
DSCAML1 (57453)_damaging,0,0.0,294.5,17.99073835801818,0.0,damaging,DSCAML1
DSEL (92126)_damaging,0,0.0,294.5,17.99073835801818,0.0,damaging,DSEL
DUOX2 (50506)_damaging,0,0.0,294.5,17.99073835801818,0.0,damaging,DUOX2
EGFR (1956)_hotspot,0,0.0,294.5,17.99073835801818,0.0,hotspot,EGFR
EPPK1 (83481)_damaging,0,0.0,294.5,17.99073835801818,0.0,damaging,EPPK1
GON4L (54856)_damaging,0,0.0,294.5,17.99073835801818,0.0,damaging,GON4L
GPR158 (57512)_damaging,0,0.0,294.5,17.99073835801818,0.0,damaging,GPR158
KCNT2 (343450)_damaging,0,0.0,294.5,17.99073835801818,0.0,damaging,KCNT2
KLHL1 (57626)_damaging,0,0.0,294.5,17.99073835801818,0.0,damaging,KLHL1
MDGA2 (161357)_damaging,0,0.0,294.5,17.99073835801818,0.0,damaging,MDGA2
MMRN1 (22915)_damaging,0,0.0,294.5,17.99073835801818,0.0,damaging,MMRN1
PKD1L2 (114780)_damaging,0,0.0,294.5,17.99073835801818,0.0,damaging,PKD1L2
POLR2B (5431)_damaging,0,0.0,294.5,17.99073835801818,0.0,damaging,POLR2B
RPTOR (57521)_damaging,0,0.0,294.5,17.99073835801818,0.0,damaging,RPTOR
SAMHD1 (25939)_damaging,0,0.0,294.5,17.99073835801818,0.0,damaging,SAMHD1
SHC1 (6464)_damaging,0,0.0,294.5,17.99073835801818,0.0,damaging,SHC1
TNK2 (10188)_damaging,0,0.0,294.5,17.99073835801818,0.0,damaging,TNK2
VARS2 (57176)_damaging,0,0.0,294.5,17.99073835801818,0.0,damaging,VARS2
VHL (7428)_hotspot,0,0.0,294.5,17.99073835801818,0.0,hotspot,VHL
FCRL5 (83416)_damaging,0,1.53844914867024e-05,294.8,15.401298646542765,0.0,damaging,FCRL5
RAC1 (5879)_hotspot,0,7.848364089598312e-06,294.8,15.594870951694341,0.0,hotspot,RAC1
ABCA10 (10349)_damaging,0,0.0,295.0,15.620499351813308,0.0,damaging,ABCA10
ABCA2 (20)_damaging,0,0.0,295.0,17.08800749063506,0.0,damaging,ABCA2
ABCA5 (23461)_damaging,0,0.0,295.0,15.620499351813308,0.0,damaging,ABCA5
ABCA6 (23460)_damaging,0,0.0,295.0,15.620499351813308,0.0,damaging,ABCA6
ABCA8 (10351)_damaging,0,0.0,295.0,15.620499351813308,0.0,damaging,ABCA8
ACVR2A (92)_damaging,0,0.0,295.0,15.620499351813308,0.0,damaging,ACVR2A
ADAMTS16 (170690)_damaging,0,0.0,295.0,15.620499351813308,0.0,damaging,ADAMTS16
ADAMTS20 (80070)_damaging,0,0.0,295.0,15.620499351813308,0.0,damaging,ADAMTS20
ADAMTSL3 (57188)_damaging,0,0.0,295.0,15.620499351813308,0.0,damaging,ADAMTSL3
ADGRA2 (25960)_damaging,0,0.0,295.0,15.620499351813308,0.0,damaging,ADGRA2
ADGRB3 (577)_damaging,0,0.0,295.0,15.620499351813308,0.0,damaging,ADGRB3
ADGRG4 (139378)_damaging,0,0.0,295.0,15.620499351813308,0.0,damaging,ADGRG4
ADGRV1 (84059)_damaging,0,0.0,295.0,15.620499351813308,0.0,damaging,ADGRV1
AFDN (4301)_damaging,0,0.0,295.0,15.620499351813308,0.0,damaging,AFDN
AFF1 (4299)_damaging,0,0.0,295.0,15.620499351813308,0.0,damaging,AFF1
AFF2 (2334)_damaging,0,0.0,295.0,15.620499351813308,0.0,damaging,AFF2
AFF4 (27125)_damaging,0,0.0,295.0,17.08800749063506,0.0,damaging,AFF4
AGBL1 (123624)_damaging,0,0.0,295.0,15.620499351813308,0.0,damaging,AGBL1
AGBL2 (79841)_damaging,0,0.0,295.0,19.79898987322333,0.0,damaging,AGBL2
AGO1 (26523)_damaging,0,0.0,295.0,15.620499351813308,0.0,damaging,AGO1
AHNAK (79026)_damaging,0,0.0,295.0,15.620499351813308,0.0,damaging,AHNAK
AK9 (221264)_damaging,0,0.0,295.0,15.620499351813308,0.0,damaging,AK9
AKAP6 (9472)_damaging,0,0.0,295.0,15.620499351813308,0.0,damaging,AKAP6
AKAP9 (10142)_damaging,0,0.0,295.0,15.620499351813308,0.0,damaging,AKAP9
ALDH1L2 (160428)_damaging,0,0.0,295.0,15.620499351813308,0.0,damaging,ALDH1L2
ALK (238)_damaging,0,0.0,295.0,15.620499351813308,0.0,damaging,ALK
ALMS1 (7840)_damaging,0,0.0,295.0,15.620499351813308,0.0,damaging,ALMS1
ALPK2 (115701)_damaging,0,0.0,295.0,15.620499351813308,0.0,damaging,ALPK2
ANK1 (286)_damaging,0,0.0,295.0,15.620499351813308,0.0,damaging,ANK1
ANK2 (287)_damaging,0,0.0,295.0,15.620499351813308,0.0,damaging,ANK2
ANK3 (288)_damaging,0,0.0,295.0,15.620499351813308,0.0,damaging,ANK3
ANKFN1 (162282)_damaging,0,0.0,295.0,19.79898987322333,0.0,damaging,ANKFN1
ANKIB1 (54467)_damaging,0,0.0,295.0,15.620499351813308,0.0,damaging,ANKIB1
ANKRD26 (22852)_damaging,0,0.0,295.0,15.620499351813308,0.0,damaging,ANKRD26
ANKRD30B (374860)_damaging,0,0.0,295.0,15.620499351813308,0.0,damaging,ANKRD30B
AP3B1 (8546)_damaging,0,0.0,295.0,15.620499351813308,0.0,damaging,AP3B1
APC (324)_hotspot,0,0.0,295.0,15.620499351813308,0.0,hotspot,APC
APOB (338)_damaging,0,0.0,295.0,15.620499351813308,0.0,damaging,APOB
ARHGAP35 (2909)_damaging,0,0.0,295.0,15.620499351813308,0.0,damaging,ARHGAP35
ARHGEF26 (26084)_damaging,0,0.0,295.0,15.620499351813308,0.0,damaging,ARHGEF26
ARID1B (57492)_damaging,0,0.0,295.0,15.620499351813308,0.0,damaging,ARID1B
ARID2 (196528)_damaging,0,0.0,295.0,15.620499351813308,0.0,damaging,ARID2
ARID4A (5926)_damaging,0,0.0,295.0,15.620499351813308,0.0,damaging,ARID4A
ARMC3 (219681)_damaging,0,0.0,295.0,15.620499351813308,0.0,damaging,ARMC3
ARSK (153642)_damaging,0,0.0,295.0,15.620499351813308,0.0,damaging,ARSK
ASCC3 (10973)_damaging,0,0.0,295.0,15.620499351813308,0.0,damaging,ASCC3
ASXL3 (80816)_damaging,0,0.0,295.0,15.620499351813308,0.0,damaging,ASXL3
ATAD2B (54454)_damaging,0,0.0,295.0,15.620499351813308,0.0,damaging,ATAD2B
ATF7IP (55729)_damaging,0,0.0,295.0,15.620499351813308,0.0,damaging,ATF7IP
ATG2B (55102)_damaging,0,0.0,295.0,15.620499351813308,0.0,damaging,ATG2B
ATP8A1 (10396)_damaging,0,0.0,295.0,19.79898987322333,0.0,damaging,ATP8A1
ATP9B (374868)_damaging,0,0.0,295.0,15.620499351813308,0.0,damaging,ATP9B
ATRNL1 (26033)_damaging,0,0.0,295.0,15.620499351813308,0.0,damaging,ATRNL1
ATXN2L (11273)_damaging,0,0.0,295.0,15.620499351813308,0.0,damaging,ATXN2L
B2M (567)_damaging,0,0.0,295.0,15.620499351813308,0.0,damaging,B2M
B4GALNT4 (338707)_damaging,0,0.0,295.0,15.620499351813308,0.0,damaging,B4GALNT4
BAHCC1 (57597)_damaging,0,0.0,295.0,15.620499351813308,0.0,damaging,BAHCC1
BAP1 (8314)_damaging,0,0.0,295.0,15.620499351813308,0.0,damaging,BAP1
BAZ2B (29994)_damaging,0,0.0,295.0,15.620499351813308,0.0,damaging,BAZ2B
BCORL1 (63035)_damaging,0,0.0,295.0,15.620499351813308,0.0,damaging,BCORL1
BICRA (29998)_damaging,0,0.0,295.0,15.620499351813308,0.0,damaging,BICRA
BIRC6 (57448)_damaging,0,0.0,295.0,15.620499351813308,0.0,damaging,BIRC6
BLM (641)_damaging,0,0.0,295.0,15.620499351813308,0.0,damaging,BLM
BLTP1 (84162)_damaging,0,0.0,295.0,15.620499351813308,0.0,damaging,BLTP1
BLTP3A (54887)_damaging,0,0.0,295.0,17.08800749063506,0.0,damaging,BLTP3A
BLTP3B (23074)_damaging,0,0.0,295.0,15.620499351813308,0.0,damaging,BLTP3B
BRCA2 (675)_damaging,0,0.0,295.0,15.620499351813308,0.0,damaging,BRCA2
BRSK1 (84446)_damaging,0,0.0,295.0,15.620499351813308,0.0,damaging,BRSK1
BRSK2 (9024)_damaging,0,0.0,295.0,15.620499351813308,0.0,damaging,BRSK2
BRWD1 (54014)_damaging,0,0.0,295.0,15.620499351813308,0.0,damaging,BRWD1
BSN (8927)_damaging,0,0.0,295.0,15.620499351813308,0.0,damaging,BSN
C2CD3 (26005)_damaging,0,0.0,295.0,15.620499351813308,0.0,damaging,C2CD3
C5 (727)_damaging,0,0.0,295.0,15.620499351813308,0.0,damaging,C5
C6 (729)_damaging,0,0.0,295.0,15.620499351813308,0.0,damaging,C6
C7 (730)_damaging,0,0.0,295.0,15.620499351813308,0.0,damaging,C7
CAD (790)_damaging,0,0.0,295.0,15.620499351813308,0.0,damaging,CAD
CALCR (799)_damaging,0,0.0,295.0,15.620499351813308,0.0,damaging,CALCR
CAMSAP3 (57662)_damaging,0,0.0,295.0,15.620499351813308,0.0,damaging,CAMSAP3
CARD11 (84433)_damaging,0,0.0,295.0,15.620499351813308,0.0,damaging,CARD11
CASP8 (841)_damaging,0,0.0,295.0,15.620499351813308,0.0,damaging,CASP8
CASP8AP2 (9994)_damaging,0,0.0,295.0,15.620499351813308,0.0,damaging,CASP8AP2
CCDC141 (285025)_damaging,0,0.0,295.0,15.620499351813308,0.0,damaging,CCDC141
CCDC178 (374864)_damaging,0,0.0,295.0,15.620499351813308,0.0,damaging,CCDC178
CCDC88C (440193)_damaging,0,0.0,295.0,19.79898987322333,0.0,damaging,CCDC88C
CCDST (112268240)_damaging,0,0.0,295.0,15.620499351813308,0.0,damaging,CCDST
CDH1 (999)_damaging,0,0.0,295.0,15.620499351813308,0.0,damaging,CDH1
CDH10 (1008)_damaging,0,0.0,295.0,15.620499351813308,0.0,damaging,CDH10
CDH23 (64072)_damaging,0,0.0,295.0,15.620499351813308,0.0,damaging,CDH23
CDKN2A (1029)_damaging,0,0.0,295.0,15.620499351813308,0.0,damaging,CDKN2A
CELSR3 (1951)_damaging,0,0.0,295.0,15.620499351813308,0.0,damaging,CELSR3
CENPC (1060)_damaging,0,0.0,295.0,15.620499351813308,0.0,damaging,CENPC
CENPE (1062)_damaging,0,0.0,295.0,15.620499351813308,0.0,damaging,CENPE
CENPF (1063)_damaging,0,0.0,295.0,15.620499351813308,0.0,damaging,CENPF
CEP162 (22832)_damaging,0,0.0,295.0,15.620499351813308,0.0,damaging,CEP162
CEP290 (80184)_damaging,0,0.0,295.0,15.620499351813308,0.0,damaging,CEP290
CEPT1 (10390)_damaging,0,0.0,295.0,19.79898987322333,0.0,damaging,CEPT1
CFAP46 (54777)_damaging,0,0.0,295.0,15.620499351813308,0.0,damaging,CFAP46
CFAP54 (144535)_damaging,0,0.0,295.0,15.620499351813308,0.0,damaging,CFAP54
CFAP65 (255101)_damaging,0,0.0,295.0,15.620499351813308,0.0,damaging,CFAP65
CFTR (1080)_damaging,0,0.0,295.0,15.620499351813308,0.0,damaging,CFTR
CHD2 (1106)_damaging,0,0.0,295.0,15.620499351813308,0.0,damaging,CHD2
CHD3 (1107)_damaging,0,0.0,295.0,15.620499351813308,0.0,damaging,CHD3
CHD5 (26038)_damaging,0,0.0,295.0,15.620499351813308,0.0,damaging,CHD5
CHRM3 (1131)_damaging,0,0.0,295.0,15.620499351813308,0.0,damaging,CHRM3
CIC (23152)_damaging,0,0.0,295.0,15.620499351813308,0.0,damaging,CIC
CLASP1 (23332)_damaging,0,0.0,295.0,17.08800749063506,0.0,damaging,CLASP1
CLASP2 (23122)_damaging,0,0.0,295.0,15.620499351813308,0.0,damaging,CLASP2
CNNM2 (54805)_damaging,0,0.0,295.0,15.620499351813308,0.0,damaging,CNNM2
CNTN1 (1272)_damaging,0,0.0,295.0,15.620499351813308,0.0,damaging,CNTN1
CNTN6 (27255)_damaging,0,0.0,295.0,15.620499351813308,0.0,damaging,CNTN6
CNTNAP2 (26047)_damaging,0,0.0,295.0,15.620499351813308,0.0,damaging,CNTNAP2
CNTNAP4 (85445)_damaging,0,0.0,295.0,15.620499351813308,0.0,damaging,CNTNAP4
CNTNAP5 (129684)_damaging,0,0.0,295.0,15.620499351813308,0.0,damaging,CNTNAP5
CNTRL (11064)_damaging,0,0.0,295.0,15.620499351813308,0.0,damaging,CNTRL
COL11A1 (1301)_damaging,0,0.0,295.0,15.620499351813308,0.0,damaging,COL11A1
COL11A2 (1302)_damaging,0,0.0,295.0,15.620499351813308,0.0,damaging,COL11A2
COL14A1 (7373)_damaging,0,0.0,295.0,15.620499351813308,0.0,damaging,COL14A1
COL16A1 (1307)_damaging,0,0.0,295.0,15.620499351813308,0.0,damaging,COL16A1
COL19A1 (1310)_damaging,0,0.0,295.0,15.620499351813308,0.0,damaging,COL19A1
COL1A2 (1278)_damaging,0,0.0,295.0,15.620499351813308,0.0,damaging,COL1A2
COL24A1 (255631)_damaging,0,0.0,295.0,15.620499351813308,0.0,damaging,COL24A1
COL2A1 (1280)_damaging,0,0.0,295.0,15.620499351813308,0.0,damaging,COL2A1
COL3A1 (1281)_damaging,0,0.0,295.0,15.620499351813308,0.0,damaging,COL3A1
COL4A4 (1286)_damaging,0,0.0,295.0,15.620499351813308,0.0,damaging,COL4A4
COL4A6 (1288)_damaging,0,0.0,295.0,15.620499351813308,0.0,damaging,COL4A6
COL5A1 (1289)_damaging,0,0.0,295.0,15.620499351813308,0.0,damaging,COL5A1
COL5A2 (1290)_damaging,0,0.0,295.0,15.620499351813308,0.0,damaging,COL5A2
COL6A3 (1293)_damaging,0,0.0,295.0,15.620499351813308,0.0,damaging,COL6A3
COL6A5 (256076)_damaging,0,0.0,295.0,15.620499351813308,0.0,damaging,COL6A5
COL9A1 (1297)_damaging,0,0.0,295.0,15.620499351813308,0.0,damaging,COL9A1
CORIN (10699)_damaging,0,0.0,295.0,15.620499351813308,0.0,damaging,CORIN
CRACDL (343990)_damaging,0,0.0,295.0,15.620499351813308,0.0,damaging,CRACDL
CREBBP (1387)_hotspot,0,0.0,295.0,15.620499351813308,0.0,hotspot,CREBBP
CRYBG3 (131544)_damaging,0,0.0,295.0,15.620499351813308,0.0,damaging,CRYBG3
CSMD3 (114788)_damaging,0,0.0,295.0,15.620499351813308,0.0,damaging,CSMD3
CTNND1 (1500)_damaging,0,0.0,295.0,15.620499351813308,0.0,damaging,CTNND1
CUX1 (1523)_damaging,0,0.0,295.0,15.620499351813308,0.0,damaging,CUX1
CUX2 (23316)_damaging,0,0.0,295.0,15.620499351813308,0.0,damaging,CUX2
DCHS1 (8642)_damaging,0,0.0,295.0,15.620499351813308,0.0,damaging,DCHS1
DCHS2 (54798)_damaging,0,0.0,295.0,15.620499351813308,0.0,damaging,DCHS2
DDX27 (55661)_damaging,0,0.0,295.0,15.620499351813308,0.0,damaging,DDX27
DENND4C (55667)_damaging,0,0.0,295.0,15.620499351813308,0.0,damaging,DENND4C
DEPDC5 (9681)_damaging,0,0.0,295.0,15.620499351813308,0.0,damaging,DEPDC5
DIAPH3 (81624)_damaging,0,0.00167669753665095,295.0,22.627416997969522,0.0,damaging,DIAPH3
DMBT1 (1755)_damaging,0,0.0,295.0,15.620499351813308,0.0,damaging,DMBT1
DMXL2 (23312)_damaging,0,0.0,295.0,15.620499351813308,0.0,damaging,DMXL2
DNAH1 (25981)_damaging,0,0.0,295.0,15.620499351813308,0.0,damaging,DNAH1
DNAH12 (201625)_damaging,0,0.0,295.0,15.620499351813308,0.0,damaging,DNAH12
DNAH14 (127602)_damaging,0,0.0,295.0,15.620499351813308,0.0,damaging,DNAH14
DNAH17 (8632)_damaging,0,0.0,295.0,15.620499351813308,0.0,damaging,DNAH17
DNAH8 (1769)_damaging,0,0.0,295.0,15.620499351813308,0.0,damaging,DNAH8
DNMT3A (1788)_damaging,0,0.0,295.0,15.620499351813308,0.0,damaging,DNMT3A
DOCK3 (1795)_damaging,0,0.0,295.0,15.620499351813308,0.0,damaging,DOCK3
DOCK5 (80005)_damaging,0,0.0,295.0,15.620499351813308,0.0,damaging,DOCK5
DOCK7 (85440)_damaging,0,0.0,295.0,15.620499351813308,0.0,damaging,DOCK7
DSP (1832)_damaging,0,0.0,295.0,15.620499351813308,0.0,damaging,DSP
DST (667)_damaging,0,0.0,295.0,15.620499351813308,0.0,damaging,DST
DYSF (8291)_damaging,0,0.0,295.0,15.620499351813308,0.0,damaging,DYSF
EFCAB5 (374786)_damaging,0,0.0,295.0,15.620499351813308,0.0,damaging,EFCAB5
EFR3A (23167)_damaging,0,0.0,295.0,15.620499351813308,0.0,damaging,EFR3A
EIF5B (9669)_damaging,0,0.0,295.0,15.620499351813308,0.0,damaging,EIF5B
ELOA (6924)_damaging,0,0.0,295.0,15.620499351813308,0.0,damaging,ELOA
EMILIN1 (11117)_damaging,0,0.0,295.0,17.08800749063506,0.0,damaging,EMILIN1
EML5 (161436)_damaging,0,0.0,295.0,15.620499351813308,0.0,damaging,EML5
EML6 (400954)_damaging,0,0.0,295.0,15.620499351813308,0.0,damaging,EML6
EP400 (57634)_damaging,0,0.0,295.0,15.620499351813308,0.0,damaging,EP400
EPHA3 (2042)_damaging,0,0.0,295.0,15.620499351813308,0.0,damaging,EPHA3
EPHA5 (2044)_damaging,0,0.0,295.0,15.620499351813308,0.0,damaging,EPHA5
EPHB6 (2051)_damaging,0,0.0,295.0,15.620499351813308,0.0,damaging,EPHB6
EXPH5 (23086)_damaging,0,0.0,295.0,15.620499351813308,0.0,damaging,EXPH5
F5 (2153)_damaging,0,0.0,295.0,15.620499351813308,0.0,damaging,F5
F8 (2157)_damaging,0,0.0,295.0,15.620499351813308,0.0,damaging,F8
FANCA (2175)_damaging,0,0.0,295.0,17.08800749063506,0.0,damaging,FANCA
FAT3 (120114)_damaging,0,0.0,295.0,15.620499351813308,0.0,damaging,FAT3
FAT4 (79633)_damaging,0,0.0,295.0,15.620499351813308,0.0,damaging,FAT4
FBN1 (2200)_damaging,0,0.0,295.0,15.620499351813308,0.0,damaging,FBN1
FBN2 (2201)_damaging,0,0.0,295.0,15.620499351813308,0.0,damaging,FBN2
FBN3 (84467)_damaging,0,0.0,295.0,15.620499351813308,0.0,damaging,FBN3
FBXW7 (55294)_damaging,0,0.0,295.0,15.620499351813308,0.0,damaging,FBXW7
FBXW7 (55294)_hotspot,0,0.0,295.0,15.620499351813308,0.0,hotspot,FBXW7
FCGBP (8857)_damaging,0,0.0,295.0,15.620499351813308,0.0,damaging,FCGBP
FHDC1 (85462)_damaging,0,0.0,295.0,15.620499351813308,0.0,damaging,FHDC1
FIGN (55137)_damaging,0,0.0,295.0,15.620499351813308,0.0,damaging,FIGN
FILIP1L (11259)_damaging,0,0.0,295.0,19.79898987322333,0.0,damaging,FILIP1L
FLNB (2317)_damaging,0,0.0,295.0,15.620499351813308,0.0,damaging,FLNB
FLNC (2318)_damaging,0,0.0,295.0,15.620499351813308,0.0,damaging,FLNC
FMN1 (342184)_damaging,0,0.0,295.0,15.620499351813308,0.0,damaging,FMN1
FNDC1 (84624)_damaging,0,0.0,295.0,15.620499351813308,0.0,damaging,FNDC1
FOLH1 (2346)_damaging,0,0.0,295.0,15.620499351813308,0.0,damaging,FOLH1
FREM2 (341640)_damaging,0,0.0,295.0,15.620499351813308,0.0,damaging,FREM2
FSIP2 (401024)_damaging,0,0.0,295.0,15.620499351813308,0.0,damaging,FSIP2
FSTL5 (56884)_damaging,0,0.0,295.0,15.620499351813308,0.0,damaging,FSTL5
GOLGA4 (2803)_damaging,0,0.0,295.0,15.620499351813308,0.0,damaging,GOLGA4
GPR179 (440435)_damaging,0,0.0,295.0,15.620499351813308,0.0,damaging,GPR179
GREB1 (9687)_damaging,0,0.0,295.0,15.620499351813308,0.0,damaging,GREB1
GRIN2A (2903)_damaging,0,0.0,295.0,15.620499351813308,0.0,damaging,GRIN2A
GRM8 (2918)_damaging,0,0.0,295.0,15.620499351813308,0.0,damaging,GRM8
H3-4 (8290)_damaging,0,0.0,295.0,15.620499351813308,0.0,damaging,H3-4
HCN1 (348980)_damaging,0,0.0,295.0,15.620499351813308,0.0,damaging,HCN1
HECTD4 (283450)_damaging,0,0.0,295.0,15.620499351813308,0.0,damaging,HECTD4
HERC2 (8924)_damaging,0,0.0,295.0,15.620499351813308,0.0,damaging,HERC2
HIVEP1 (3096)_damaging,0,0.0,295.0,15.620499351813308,0.0,damaging,HIVEP1
HLA-A (3105)_damaging,0,0.0,295.0,15.620499351813308,0.0,damaging,HLA-A
HMCN1 (83872)_damaging,0,0.0,295.0,15.620499351813308,0.0,damaging,HMCN1
HMCN2 (256158)_damaging,0,0.0,295.0,15.620499351813308,0.0,damaging,HMCN2
HNF1A (6927)_damaging,0,0.0,295.0,15.620499351813308,0.0,damaging,HNF1A
HUWE1 (10075)_damaging,0,0.0,295.0,15.620499351813308,0.0,damaging,HUWE1
ICE1 (23379)_damaging,0,0.0,295.0,15.620499351813308,0.0,damaging,ICE1
ICE2 (79664)_damaging,0,0.0,295.0,15.620499351813308,0.0,damaging,ICE2
IGSF9B (22997)_damaging,0,0.0,295.0,15.620499351813308,0.0,damaging,IGSF9B
INF2 (64423)_damaging,0,0.0,295.0,15.620499351813308,0.0,damaging,INF2
INPPL1 (3636)_damaging,0,0.0,295.0,15.620499351813308,0.0,damaging,INPPL1
INSRR (3645)_damaging,0,0.0,295.0,15.620499351813308,0.0,damaging,INSRR
IQGAP1 (8826)_damaging,0,0.0,295.0,15.620499351813308,0.0,damaging,IQGAP1
IQGAP3 (128239)_damaging,0,0.0,295.0,15.620499351813308,0.0,damaging,IQGAP3
IQSEC2 (23096)_damaging,0,0.0,295.0,15.620499351813308,0.0,damaging,IQSEC2
IRS1 (3667)_damaging,0,0.0,295.0,15.620499351813308,0.0,damaging,IRS1
ITGA2B (3674)_damaging,0,0.0,295.0,15.620499351813308,0.0,damaging,ITGA2B
ITGB4 (3691)_damaging,0,0.0,295.0,15.620499351813308,0.0,damaging,ITGB4
ITSN1 (6453)_damaging,0,0.0,295.0,15.620499351813308,0.0,damaging,ITSN1
ITSN2 (50618)_damaging,0,0.0,295.0,15.620499351813308,0.0,damaging,ITSN2
JAKMIP1 (152789)_damaging,0,0.0,295.0,17.08800749063506,0.0,damaging,JAKMIP1
JARID2 (3720)_damaging,0,0.0,295.0,15.620499351813308,0.0,damaging,JARID2
JCAD (57608)_damaging,0,0.0,295.0,15.620499351813308,0.0,damaging,JCAD
JMJD1C (221037)_damaging,0,0.0,295.0,15.620499351813308,0.0,damaging,JMJD1C
KCNB2 (9312)_damaging,0,0.0,295.0,15.620499351813308,0.0,damaging,KCNB2
KCNG2 (26251)_damaging,0,0.0,295.0,15.620499351813308,0.0,damaging,KCNG2
KCNH7 (90134)_damaging,0,0.0,295.0,15.620499351813308,0.0,damaging,KCNH7
KDM2B (84678)_damaging,0,0.0,295.0,15.620499351813308,0.0,damaging,KDM2B
KDM5A (5927)_damaging,0,0.0,295.0,15.620499351813308,0.0,damaging,KDM5A
KEL (3792)_damaging,0,0.0,295.0,15.620499351813308,0.0,damaging,KEL
KIAA1549 (57670)_damaging,0,0.0,295.0,15.620499351813308,0.0,damaging,KIAA1549
KIF20B (9585)_damaging,0,0.0,295.0,15.620499351813308,0.0,damaging,KIF20B
KIF21A (55605)_damaging,0,0.0,295.0,15.620499351813308,0.0,damaging,KIF21A
KIF26B (55083)_damaging,0,0.0,295.0,15.620499351813308,0.0,damaging,KIF26B
KMT2B (9757)_damaging,0,0.0,295.0,15.620499351813308,0.0,damaging,KMT2B
KMT2C (58508)_damaging,0,0.0,295.0,15.620499351813308,0.0,damaging,KMT2C
KMT2D (8085)_damaging,0,0.0,295.0,15.620499351813308,0.0,damaging,KMT2D
KNTC1 (9735)_damaging,0,0.0,295.0,15.620499351813308,0.0,damaging,KNTC1
KTN1 (3895)_damaging,0,0.0,295.0,15.620499351813308,0.0,damaging,KTN1
LAMA1 (284217)_damaging,0,0.0,295.0,15.620499351813308,0.0,damaging,LAMA1
LARP4B (23185)_damaging,0,0.0,295.0,15.620499351813308,0.0,damaging,LARP4B
LIMCH1 (22998)_damaging,0,0.0,295.0,15.620499351813308,0.0,damaging,LIMCH1
LRP1 (4035)_damaging,0,0.0,295.0,15.620499351813308,0.0,damaging,LRP1
LRRC7 (57554)_damaging,0,0.0,295.0,15.620499351813308,0.0,damaging,LRRC7
LRRIQ1 (84125)_damaging,0,0.0,295.0,15.620499351813308,0.0,damaging,LRRIQ1
LRRK2 (120892)_damaging,0,0.0,295.0,15.620499351813308,0.0,damaging,LRRK2
LTN1 (26046)_damaging,0,0.0,295.0,15.620499351813308,0.0,damaging,LTN1
LYST (1130)_damaging,0,0.0,295.0,15.620499351813308,0.0,damaging,LYST
MAGI2 (9863)_damaging,0,0.0,295.0,15.620499351813308,0.0,damaging,MAGI2
MALRD1 (340895)_damaging,0,0.0,295.0,15.620499351813308,0.0,damaging,MALRD1
MAN2B1 (4125)_damaging,0,0.0,295.0,19.79898987322333,0.0,damaging,MAN2B1
MAP1B (4131)_damaging,0,0.0,295.0,15.620499351813308,0.0,damaging,MAP1B
MAP2 (4133)_damaging,0,0.0,295.0,15.620499351813308,0.0,damaging,MAP2
MAP9 (79884)_damaging,0,0.0,295.0,15.620499351813308,0.0,damaging,MAP9
MARCO (8685)_damaging,0,0.0,295.0,15.620499351813308,0.0,damaging,MARCO
MAST2 (23139)_damaging,0,0.0,295.0,15.620499351813308,0.0,damaging,MAST2
MBD6 (114785)_damaging,0,0.0,295.0,15.620499351813308,0.0,damaging,MBD6
MDC1 (9656)_damaging,0,0.0,295.0,15.620499351813308,0.0,damaging,MDC1
MDN1 (23195)_damaging,0,0.0,295.0,15.620499351813308,0.0,damaging,MDN1
MED13 (9969)_damaging,0,0.0,295.0,15.620499351813308,0.0,damaging,MED13
MED23 (9439)_damaging,0,0.0,295.0,15.620499351813308,0.0,damaging,MED23
MEGF6 (1953)_damaging,0,0.0,295.0,15.620499351813308,0.0,damaging,MEGF6
MEGF8 (1954)_damaging,0,0.0,295.0,15.620499351813308,0.0,damaging,MEGF8
MGAM (8972)_damaging,0,0.0,295.0,15.620499351813308,0.0,damaging,MGAM
MIDEAS (91748)_damaging,0,0.0,295.0,15.620499351813308,0.0,damaging,MIDEAS
MLH1 (4292)_damaging,0,0.0,295.0,15.620499351813308,0.0,damaging,MLH1
MMP3 (4314)_damaging,0,0.0,295.0,15.620499351813308,0.0,damaging,MMP3
MMS22L (253714)_damaging,0,0.0,295.0,15.620499351813308,0.0,damaging,MMS22L
MRC1 (4360)_damaging,0,0.0,295.0,15.620499351813308,0.0,damaging,MRC1
MRE11 (4361)_damaging,0,0.0,295.0,19.79898987322333,0.0,damaging,MRE11
MSH6 (2956)_damaging,0,0.0,295.0,15.620499351813308,0.0,damaging,MSH6
MT-ND4 (4538)_damaging,0,0.0,295.0,15.620499351813308,0.0,damaging,MT-ND4
MT-ND5 (4540)_damaging,0,0.0,295.0,15.620499351813308,0.0,damaging,MT-ND5
MUC16 (94025)_damaging,0,0.0,295.0,15.620499351813308,0.0,damaging,MUC16
MUC4 (4585)_damaging,0,0.0,295.0,15.620499351813308,0.0,damaging,MUC4
MUC5AC (4586)_damaging,0,0.0,295.0,15.620499351813308,0.0,damaging,MUC5AC
MXRA8 (54587)_damaging,0,0.0,295.0,15.620499351813308,0.0,damaging,MXRA8
MYCBP2 (23077)_damaging,0,0.0,295.0,15.620499351813308,0.0,damaging,MYCBP2
MYH15 (22989)_damaging,0,0.0,295.0,15.620499351813308,0.0,damaging,MYH15
MYH2 (4620)_damaging,0,0.0,295.0,15.620499351813308,0.0,damaging,MYH2
MYH7B (57644)_damaging,0,0.0,295.0,15.620499351813308,0.0,damaging,MYH7B
MYH8 (4626)_damaging,0,0.0,295.0,15.620499351813308,0.0,damaging,MYH8
MYO15A (51168)_damaging,0,0.0,295.0,15.620499351813308,0.0,damaging,MYO15A
MYO18B (84700)_damaging,0,0.0,295.0,15.620499351813308,0.0,damaging,MYO18B
MYO9A (4649)_damaging,0,0.0,295.0,15.620499351813308,0.0,damaging,MYO9A
NAA25 (80018)_damaging,0,0.0,295.0,19.79898987322333,0.0,damaging,NAA25
NAV1 (89796)_damaging,0,0.0,295.0,15.620499351813308,0.0,damaging,NAV1
NAV2 (89797)_damaging,0,0.0,295.0,15.620499351813308,0.0,damaging,NAV2
NAV3 (89795)_damaging,0,0.0,295.0,15.620499351813308,0.0,damaging,NAV3
NBEA (26960)_damaging,0,0.0,295.0,15.620499351813308,0.0,damaging,NBEA
NBEAL1 (65065)_damaging,0,0.0,295.0,15.620499351813308,0.0,damaging,NBEAL1
NCOR2 (9612)_damaging,0,0.0,295.0,15.620499351813308,0.0,damaging,NCOR2
NEB (4703)_damaging,0,0.0,295.0,15.620499351813308,0.0,damaging,NEB
NFASC (23114)_damaging,0,0.0,295.0,15.620499351813308,0.0,damaging,NFASC
NFIA (4774)_damaging,0,0.0,295.0,15.620499351813308,0.0,damaging,NFIA
NFKBIZ (64332)_damaging,0,0.0,295.0,19.79898987322333,0.0,damaging,NFKBIZ
NHSL1 (57224)_damaging,0,0.0,295.0,19.79898987322333,0.0,damaging,NHSL1
NIN (51199)_damaging,0,0.0,295.0,15.620499351813308,0.0,damaging,NIN
NIPBL (25836)_damaging,0,0.0,295.0,15.620499351813308,0.0,damaging,NIPBL
NKAPD1 (55216)_damaging,0,0.0,295.0,15.620499351813308,0.0,damaging,NKAPD1
NLRP9 (338321)_damaging,0,0.0,295.0,19.79898987322333,0.0,damaging,NLRP9
NOS3 (4846)_damaging,0,0.0,295.0,15.620499351813308,0.0,damaging,NOS3
NOTCH2 (4853)_damaging,0,0.0,295.0,15.620499351813308,0.0,damaging,NOTCH2
NPAS3 (64067)_damaging,0,0.0,295.0,15.620499351813308,0.0,damaging,NPAS3
NPAT (4863)_damaging,0,0.0,295.0,15.620499351813308,0.0,damaging,NPAT
NRIP1 (8204)_damaging,0,0.0,295.0,15.620499351813308,0.0,damaging,NRIP1
NRK (203447)_damaging,0,0.0,295.0,15.620499351813308,0.0,damaging,NRK
NRXN3 (9369)_damaging,0,0.0,295.0,15.620499351813308,0.0,damaging,NRXN3
NSD1 (64324)_damaging,0,0.0,295.0,15.620499351813308,0.0,damaging,NSD1
NSD2 (7468)_damaging,0,0.0,295.0,15.620499351813308,0.0,damaging,NSD2
NUMA1 (4926)_damaging,0,0.0,295.0,17.08800749063506,0.0,damaging,NUMA1
NUP210 (23225)_damaging,0,0.0,295.0,19.79898987322333,0.0,damaging,NUP210
NUP98 (4928)_damaging,0,0.0,295.0,15.620499351813308,0.0,damaging,NUP98
OBSCN (84033)_damaging,0,0.0,295.0,15.620499351813308,0.0,damaging,OBSCN
OTOG (340990)_damaging,0,0.0,295.0,15.620499351813308,0.0,damaging,OTOG
PALB2 (79728)_damaging,0,0.0,295.0,15.620499351813308,0.0,damaging,PALB2
PALM2AKAP2 (445815)_damaging,0,0.0,295.0,15.620499351813308,0.0,damaging,PALM2AKAP2
PAPPA2 (60676)_damaging,0,0.0,295.0,15.620499351813308,0.0,damaging,PAPPA2
PCDH10 (57575)_damaging,0,0.0,295.0,15.620499351813308,0.0,damaging,PCDH10
PCF11 (51585)_damaging,0,0.0,295.0,15.620499351813308,0.0,damaging,PCF11
PCLO (27445)_damaging,0,0.0,295.0,15.620499351813308,0.0,damaging,PCLO
PCNX2 (80003)_damaging,0,0.0,295.0,15.620499351813308,0.0,damaging,PCNX2
PCSK5 (5125)_damaging,0,0.0,295.0,15.620499351813308,0.0,damaging,PCSK5
PEG3 (5178)_damaging,0,0.0,295.0,15.620499351813308,0.0,damaging,PEG3
PER1 (5187)_damaging,0,0.0,295.0,15.620499351813308,0.0,damaging,PER1
PHF3 (23469)_damaging,0,0.0,295.0,15.620499351813308,0.0,damaging,PHF3
PHKA1 (5255)_damaging,0,0.0021858133517814,295.0,,0.0,damaging,PHKA1
PIK3C2B (5287)_damaging,0,0.0,295.0,15.620499351813308,0.0,damaging,PIK3C2B
PIK3CA (5290)_hotspot,0,0.0,295.0,15.620499351813308,0.0,hotspot,PIK3CA
PIK3CG (5294)_damaging,0,0.0,295.0,15.620499351813308,0.0,damaging,PIK3CG
PIK3R1 (5295)_hotspot,0,0.0,295.0,15.620499351813308,0.0,hotspot,PIK3R1
PKD1L1 (168507)_damaging,0,0.0,295.0,15.620499351813308,0.0,damaging,PKD1L1
PLCB4 (5332)_damaging,0,0.0,295.0,15.620499351813308,0.0,damaging,PLCB4
PLEKHA6 (22874)_damaging,0,0.0,295.0,15.620499351813308,0.0,damaging,PLEKHA6
PLOD3 (8985)_damaging,0,0.0,295.0,15.620499351813308,0.0,damaging,PLOD3
PLXNA2 (5362)_damaging,0,0.0,295.0,15.620499351813308,0.0,damaging,PLXNA2
PLXNB1 (5364)_damaging,0,0.0,295.0,15.620499351813308,0.0,damaging,PLXNB1
PLXNC1 (10154)_damaging,0,0.0,295.0,15.620499351813308,0.0,damaging,PLXNC1
PMS2 (5395)_damaging,0,0.0,295.0,15.620499351813308,0.0,damaging,PMS2
POLD1 (5424)_damaging,0,0.0,295.0,15.620499351813308,0.0,damaging,POLD1
POLE (5426)_damaging,0,0.0,295.0,15.620499351813308,0.0,damaging,POLE
PPFIA2 (8499)_damaging,0,0.0,295.0,15.620499351813308,0.0,damaging,PPFIA2
PPIG (9360)_damaging,0,0.0,295.0,15.620499351813308,0.0,damaging,PPIG
PREX2 (80243)_damaging,0,0.0,295.0,15.620499351813308,0.0,damaging,PREX2
PRKDC (5591)_damaging,0,0.0,295.0,15.620499351813308,0.0,damaging,PRKDC
PRR12 (57479)_damaging,0,0.0,295.0,15.620499351813308,0.0,damaging,PRR12
PRRC2A (7916)_damaging,0,0.0,295.0,15.620499351813308,0.0,damaging,PRRC2A
PRRC2B (84726)_damaging,0,0.0,295.0,15.620499351813308,0.0,damaging,PRRC2B
PRX (57716)_damaging,0,0.0,295.0,15.620499351813308,0.0,damaging,PRX
PTCH1 (5727)_damaging,0,0.0,295.0,15.620499351813308,0.0,damaging,PTCH1
PTEN (5728)_hotspot,0,0.0,295.0,15.620499351813308,0.0,hotspot,PTEN
PTPN14 (5784)_damaging,0,0.0,295.0,15.620499351813308,0.0,damaging,PTPN14
PTPRD (5789)_damaging,0,0.0,295.0,15.620499351813308,0.0,damaging,PTPRD
PTPRN2 (5799)_damaging,0,0.0,295.0,15.620499351813308,0.0,damaging,PTPRN2
PTPRQ (374462)_damaging,0,0.0,295.0,15.620499351813308,0.0,damaging,PTPRQ
PXDNL (137902)_damaging,0,0.0,295.0,15.620499351813308,0.0,damaging,PXDNL
RAD51AP2 (729475)_damaging,0,0.0,295.0,15.620499351813308,0.0,damaging,RAD51AP2
RALGAPA1 (253959)_damaging,0,0.0,295.0,15.620499351813308,0.0,damaging,RALGAPA1
RB1CC1 (9821)_damaging,0,0.0,295.0,15.620499351813308,0.0,damaging,RB1CC1
RBM6 (10180)_damaging,0,0.0,295.0,15.620499351813308,0.0,damaging,RBM6
RELN (5649)_damaging,0,0.0,295.0,15.620499351813308,0.0,damaging,RELN
RHOA (387)_damaging,0,0.0,295.0,15.620499351813308,0.0,damaging,RHOA
RIF1 (55183)_damaging,0,0.0,295.0,15.620499351813308,0.0,damaging,RIF1
RIMS1 (22999)_damaging,0,0.0,295.0,15.620499351813308,0.0,damaging,RIMS1
RIMS2 (9699)_damaging,0,0.0,295.0,15.620499351813308,0.0,damaging,RIMS2
RNF43 (54894)_damaging,0,0.0,295.0,15.620499351813308,0.0,damaging,RNF43
ROBO1 (6091)_damaging,0,0.0,295.0,15.620499351813308,0.0,damaging,ROBO1
ROCK1 (6093)_damaging,0,0.0,295.0,15.620499351813308,0.0,damaging,ROCK1
ROCK2 (9475)_damaging,0,0.0,295.0,15.620499351813308,0.0,damaging,ROCK2
ROS1 (6098)_damaging,0,0.0,295.0,15.620499351813308,0.0,damaging,ROS1
RTTN (25914)_damaging,0,0.0,295.0,15.620499351813308,0.0,damaging,RTTN
RYR1 (6261)_damaging,0,0.0,295.0,15.620499351813308,0.0,damaging,RYR1
RYR2 (6262)_damaging,0,0.0,295.0,15.620499351813308,0.0,damaging,RYR2
RYR3 (6263)_damaging,0,0.0,295.0,15.620499351813308,0.0,damaging,RYR3
SACS (26278)_damaging,0,0.0,295.0,15.620499351813308,0.0,damaging,SACS
SALL3 (27164)_damaging,0,0.0,295.0,15.620499351813308,0.0,damaging,SALL3
SAMD9 (54809)_damaging,0,0.0,295.0,15.620499351813308,0.0,damaging,SAMD9
SAMD9L (219285)_damaging,0,0.0,295.0,15.620499351813308,0.0,damaging,SAMD9L
SBF1 (6305)_damaging,0,0.0,295.0,15.620499351813308,0.0,damaging,SBF1
SBNO1 (55206)_damaging,0,0.0,295.0,15.620499351813308,0.0,damaging,SBNO1
SCN11A (11280)_damaging,0,0.0,295.0,15.620499351813308,0.0,damaging,SCN11A
SCN3A (6328)_damaging,0,0.0,295.0,15.620499351813308,0.0,damaging,SCN3A
SCN4A (6329)_damaging,0,0.0,295.0,15.620499351813308,0.0,damaging,SCN4A
SCN9A (6335)_damaging,0,0.0,295.0,15.620499351813308,0.0,damaging,SCN9A
SECISBP2 (79048)_damaging,0,0.0,295.0,19.79898987322333,0.0,damaging,SECISBP2
SETD1A (9739)_damaging,0,0.0,295.0,15.620499351813308,0.0,damaging,SETD1A
SETD1B (23067)_damaging,0,0.0,295.0,15.620499351813308,0.0,damaging,SETD1B
SGO2 (151246)_damaging,0,0.0,295.0,15.620499351813308,0.0,damaging,SGO2
SHANK1 (50944)_damaging,0,0.0,295.0,15.620499351813308,0.0,damaging,SHANK1
SI (6476)_damaging,0,0.0,295.0,15.620499351813308,0.0,damaging,SI
SKOR2 (652991)_damaging,0,0.0,295.0,15.620499351813308,0.0,damaging,SKOR2
SLC12A7 (10723)_damaging,0,0.0,295.0,15.620499351813308,0.0,damaging,SLC12A7
SLC4A3 (6508)_damaging,0,0.0,295.0,15.620499351813308,0.0,damaging,SLC4A3
SLFN11 (91607)_damaging,0,0.0,295.0,15.620499351813308,0.0,damaging,SLFN11
SLITRK2 (84631)_damaging,0,0.0,295.0,15.620499351813308,0.0,damaging,SLITRK2
SLK (9748)_damaging,0,0.0,295.0,15.620499351813308,0.0,damaging,SLK
SMARCA4 (6597)_hotspot,0,0.0,295.0,15.620499351813308,0.0,hotspot,SMARCA4
SMARCAD1 (56916)_damaging,0,0.0,295.0,15.620499351813308,0.0,damaging,SMARCAD1
SMCHD1 (23347)_damaging,0,0.0,295.0,15.620499351813308,0.0,damaging,SMCHD1
SMG1 (23049)_damaging,0,0.0,295.0,19.79898987322333,0.0,damaging,SMG1
SORL1 (6653)_damaging,0,0.0,295.0,15.620499351813308,0.0,damaging,SORL1
SPANXN4 (441525)_damaging,0,0.0,295.0,15.620499351813308,0.0,damaging,SPANXN4
SPEF2 (79925)_damaging,0,0.0,295.0,15.620499351813308,0.0,damaging,SPEF2
SPEN (23013)_damaging,0,0.0,295.0,15.620499351813308,0.0,damaging,SPEN
SRCAP (10847)_damaging,0,0.0,295.0,15.620499351813308,0.0,damaging,SRCAP
STAB1 (23166)_damaging,0,0.0,295.0,15.620499351813308,0.0,damaging,STAB1
STAB2 (55576)_damaging,0,0.0,295.0,15.620499351813308,0.0,damaging,STAB2
STAMBPL1 (57559)_damaging,0,0.0,295.0,19.79898987322333,0.0,damaging,STAMBPL1
STAT5B (6777)_damaging,0,0.0,295.0,15.620499351813308,0.0,damaging,STAT5B
STK11 (6794)_hotspot,0,0.0,295.0,15.620499351813308,0.0,hotspot,STK11
SULF1 (23213)_damaging,0,0.0,295.0,15.620499351813308,0.0,damaging,SULF1
SVEP1 (79987)_damaging,0,0.0,295.0,15.620499351813308,0.0,damaging,SVEP1
SVIL (6840)_damaging,0,0.0,295.0,15.620499351813308,0.0,damaging,SVIL
SYCP1 (6847)_damaging,0,0.0,295.0,15.620499351813308,0.0,damaging,SYCP1
SYNE1 (23345)_damaging,0,0.0,295.0,15.620499351813308,0.0,damaging,SYNE1
SZT2 (23334)_damaging,0,0.0,295.0,15.620499351813308,0.0,damaging,SZT2
TBC1D32 (221322)_damaging,0,0.0,295.0,15.620499351813308,0.0,damaging,TBC1D32
TCF7L2 (6934)_damaging,0,0.0,295.0,15.620499351813308,0.0,damaging,TCF7L2
TDRD5 (163589)_damaging,0,0.0,295.0,15.620499351813308,0.0,damaging,TDRD5
TDRD6 (221400)_damaging,0,0.0,295.0,15.620499351813308,0.0,damaging,TDRD6
TENM1 (10178)_damaging,0,0.0,295.0,15.620499351813308,0.0,damaging,TENM1
TENM3 (55714)_damaging,0,0.0,295.0,15.620499351813308,0.0,damaging,TENM3
TERT (7015)_hotspot,0,0.0,295.0,15.620499351813308,0.0,hotspot,TERT
TEX15 (56154)_damaging,0,0.0,295.0,15.620499351813308,0.0,damaging,TEX15
TGFBR2 (7048)_damaging,0,0.0,295.0,15.620499351813308,0.0,damaging,TGFBR2
THSD7A (221981)_damaging,0,0.0,295.0,15.620499351813308,0.0,damaging,THSD7A
TLN2 (83660)_damaging,0,0.0,295.0,15.620499351813308,0.0,damaging,TLN2
TMEM132D (121256)_damaging,0,0.0,295.0,15.620499351813308,0.0,damaging,TMEM132D
TMEM94 (9772)_damaging,0,0.0,295.0,15.620499351813308,0.0,damaging,TMEM94
TNR (7143)_damaging,0,0.0,295.0,15.620499351813308,0.0,damaging,TNR
TNRC6B (23112)_damaging,0,0.0,295.0,15.620499351813308,0.0,damaging,TNRC6B
TNRC6C (57690)_damaging,0,0.0,295.0,15.620499351813308,0.0,damaging,TNRC6C
TOP2A (7153)_damaging,0,0.0,295.0,15.620499351813308,0.0,damaging,TOP2A
TPTE (7179)_damaging,0,0.0,295.0,15.620499351813308,0.0,damaging,TPTE
TRDN (10345)_damaging,0,0.0,295.0,15.620499351813308,0.0,damaging,TRDN
TRIM24 (8805)_damaging,0,0.0,295.0,15.620499351813308,0.0,damaging,TRIM24
TRMT9B (57604)_damaging,0,0.0,295.0,15.620499351813308,0.0,damaging,TRMT9B
TRPA1 (8989)_damaging,0,0.0,295.0,15.620499351813308,0.0,damaging,TRPA1
TRPM4 (54795)_damaging,0,0.0,295.0,17.08800749063506,0.0,damaging,TRPM4
TRPM7 (54822)_damaging,0,0.0,295.0,17.08800749063506,0.0,damaging,TRPM7
TRPS1 (7227)_damaging,0,0.0,295.0,15.620499351813308,0.0,damaging,TRPS1
TTC14 (151613)_damaging,0,0.0,295.0,17.08800749063506,0.0,damaging,TTC14
TYK2 (7297)_damaging,0,0.0,295.0,19.79898987322333,0.0,damaging,TYK2
UBR5 (51366)_damaging,0,0.0,295.0,15.620499351813308,0.0,damaging,UBR5
UNC13B (10497)_damaging,0,0.0,295.0,15.620499351813308,0.0,damaging,UNC13B
UNKL (64718)_damaging,0,0.0,295.0,15.620499351813308,0.0,damaging,UNKL
USP26 (83844)_damaging,0,0.0,295.0,15.620499351813308,0.0,damaging,USP26
USP28 (57646)_damaging,0,0.0,295.0,15.620499351813308,0.0,damaging,USP28
USP6 (9098)_damaging,0,0.0,295.0,15.620499351813308,0.0,damaging,USP6
UTRN (7402)_damaging,0,0.0,295.0,15.620499351813308,0.0,damaging,UTRN
VCAN (1462)_damaging,0,0.0,295.0,15.620499351813308,0.0,damaging,VCAN
VHL (7428)_damaging,0,0.0,295.0,15.620499351813308,0.0,damaging,VHL
VPS13A (23230)_damaging,0,0.0,295.0,15.620499351813308,0.0,damaging,VPS13A
VPS13D (55187)_damaging,0,0.0,295.0,15.620499351813308,0.0,damaging,VPS13D
VWF (7450)_damaging,0,0.0,295.0,15.620499351813308,0.0,damaging,VWF
WDFY3 (23001)_damaging,0,0.0,295.0,15.620499351813308,0.0,damaging,WDFY3
WDFY4 (57705)_damaging,0,0.0,295.0,15.620499351813308,0.0,damaging,WDFY4
WDR87 (83889)_damaging,0,0.0,295.0,15.620499351813308,0.0,damaging,WDR87
WDTC1 (23038)_damaging,0,0.0,295.0,15.620499351813308,0.0,damaging,WDTC1
WNK2 (65268)_damaging,0,0.0,295.0,15.620499351813308,0.0,damaging,WNK2
WNT1 (7471)_damaging,0,0.0,295.0,15.620499351813308,0.0,damaging,WNT1
WRN (7486)_damaging,0,0.0,295.0,15.620499351813308,0.0,damaging,WRN
WWC2 (80014)_damaging,0,0.0,295.0,17.08800749063506,0.0,damaging,WWC2
WWP1 (11059)_damaging,0,0.0,295.0,15.620499351813308,0.0,damaging,WWP1
XPOT (11260)_damaging,0,0.0,295.0,19.79898987322333,0.0,damaging,XPOT
YLPM1 (56252)_damaging,0,0.0,295.0,15.620499351813308,0.0,damaging,YLPM1
ZBTB7C (201501)_damaging,0,0.0,295.0,15.620499351813308,0.0,damaging,ZBTB7C
ZC3H13 (23091)_damaging,0,0.0,295.0,15.620499351813308,0.0,damaging,ZC3H13
ZC3H18 (124245)_damaging,0,0.0,295.0,15.620499351813308,0.0,damaging,ZC3H18
ZC3H4 (23211)_damaging,0,0.0,295.0,19.79898987322333,0.0,damaging,ZC3H4
ZDHHC8 (29801)_damaging,0,0.0,295.0,15.620499351813308,0.0,damaging,ZDHHC8
ZFC3H1 (196441)_damaging,0,0.0,295.0,15.620499351813308,0.0,damaging,ZFC3H1
ZFHX3 (463)_damaging,0,0.0,295.0,15.620499351813308,0.0,damaging,ZFHX3
ZFHX4 (79776)_damaging,0,0.0,295.0,15.620499351813308,0.0,damaging,ZFHX4
ZMYM4 (9202)_damaging,0,0.0,295.0,15.620499351813308,0.0,damaging,ZMYM4
ZNF236 (7776)_damaging,0,0.0,295.0,15.620499351813308,0.0,damaging,ZNF236
ZNF292 (23036)_damaging,0,0.0,295.0,15.620499351813308,0.0,damaging,ZNF292
ZNF469 (84627)_damaging,0,0.0,295.0,15.620499351813308,0.0,damaging,ZNF469
ZNF518A (9849)_damaging,0,0.0,295.0,15.620499351813308,0.0,damaging,ZNF518A
ZNF609 (23060)_damaging,0,0.0,295.0,15.620499351813308,0.0,damaging,ZNF609
ZNF687 (57592)_damaging,0,0.0,295.0,15.620499351813308,0.0,damaging,ZNF687
ZNF711 (7552)_damaging,0,0.0,295.0,15.620499351813308,0.0,damaging,ZNF711
ZNF804B (219578)_damaging,0,0.0,295.0,15.620499351813308,0.0,damaging,ZNF804B
ZZEF1 (23140)_damaging,0,0.0,295.0,15.620499351813308,0.0,damaging,ZZEF1
MBD4 (8930)_damaging,0,0.0005090417074492,295.5,21.252450839060106,0.0,damaging,MBD4
AHCTF1 (25909)_damaging,0,0.0,295.6666666666667,14.047538337136984,0.0,damaging,AHCTF1
ANKAR (150709)_damaging,0,0.0,295.6666666666667,14.047538337136984,0.0,damaging,ANKAR
AP4E1 (23431)_damaging,0,0.0,295.6666666666667,14.047538337136984,0.0,damaging,AP4E1
ATG9B (285973)_damaging,0,0.0,295.6666666666667,14.047538337136984,0.0,damaging,ATG9B
C2CD6 (151254)_damaging,0,0.0,295.6666666666667,14.047538337136984,0.0,damaging,C2CD6
CACNA1H (8912)_damaging,0,0.0,295.6666666666667,14.047538337136984,0.0,damaging,CACNA1H
CCDC15 (80071)_damaging,0,0.0,295.6666666666667,14.047538337136984,0.0,damaging,CCDC15
CELSR1 (9620)_damaging,0,0.0,295.6666666666667,14.047538337136984,0.0,damaging,CELSR1
DOCK9 (23348)_damaging,0,0.0,295.6666666666667,14.047538337136984,0.0,damaging,DOCK9
EFNB3 (1949)_damaging,0,0.0,295.6666666666667,14.047538337136984,0.0,damaging,EFNB3
EGFR (1956)_damaging,0,0.0,295.6666666666667,14.047538337136984,0.0,damaging,EGFR
EPS8L3 (79574)_damaging,0,0.0,295.6666666666667,14.047538337136984,0.0,damaging,EPS8L3
JAK1 (3716)_damaging,0,0.0,295.6666666666667,14.047538337136984,0.0,damaging,JAK1
MYH4 (4622)_damaging,0,0.0,295.6666666666667,14.047538337136984,0.0,damaging,MYH4
MYRF (745)_damaging,0,0.0,295.6666666666667,14.047538337136984,0.0,damaging,MYRF
NOX5 (79400)_damaging,0,0.0,295.6666666666667,14.047538337136984,0.0,damaging,NOX5
PSD (5662)_damaging,0,0.0,295.6666666666667,14.047538337136984,0.0,damaging,PSD
SDK1 (221935)_damaging,0,0.0,295.6666666666667,14.047538337136984,0.0,damaging,SDK1
SIPA1L3 (23094)_damaging,0,0.0,295.6666666666667,14.047538337136984,0.0,damaging,SIPA1L3
SPECC1 (92521)_damaging,0,0.0,295.6666666666667,14.047538337136984,0.0,damaging,SPECC1
TBX4 (9496)_damaging,0,0.0,295.6666666666667,14.047538337136984,0.0,damaging,TBX4
ZC3H12B (340554)_damaging,0,0.0,295.6666666666667,14.047538337136984,0.0,damaging,ZC3H12B
ANO6 (196527)_damaging,0,0.0,296.0,21.213203435596427,0.0,damaging,ANO6
BRD4 (23476)_damaging,0,0.0,296.0,21.213203435596427,0.0,damaging,BRD4
CHD1 (1105)_damaging,0,0.0,296.0,21.213203435596427,0.0,damaging,CHD1
CILP (8483)_damaging,0,0.0,296.0,21.213203435596427,0.0,damaging,CILP
EIF4G3 (8672)_damaging,0,0.0,296.0,21.213203435596427,0.0,damaging,EIF4G3
ENTREP2 (23359)_damaging,0,0.0,296.0,21.213203435596427,0.0,damaging,ENTREP2
FRMPD4 (9758)_damaging,0,0.0,296.0,21.213203435596427,0.0,damaging,FRMPD4
GABRA6 (2559)_damaging,0,0.0,296.0,21.213203435596427,0.0,damaging,GABRA6
GCN1 (10985)_damaging,0,0.0,296.0,21.213203435596427,0.0,damaging,GCN1
GPATCH8 (23131)_damaging,0,0.0,296.0,21.213203435596427,0.0,damaging,GPATCH8
KCNQ2 (3785)_damaging,0,0.0,296.0,21.213203435596427,0.0,damaging,KCNQ2
KIAA1217 (56243)_damaging,0,0.0,296.0,21.213203435596427,0.0,damaging,KIAA1217
LAMA4 (3910)_damaging,0,0.0,296.0,21.213203435596427,0.0,damaging,LAMA4
MAGEC1 (9947)_damaging,0,0.0,296.0,21.213203435596427,0.0,damaging,MAGEC1
MAP2K7 (5609)_damaging,0,0.0,296.0,21.213203435596427,0.0,damaging,MAP2K7
OR4A15 (81328)_damaging,0,0.0,296.0,21.213203435596427,0.0,damaging,OR4A15
OR51E2 (81285)_damaging,0,0.0,296.0,21.213203435596427,0.0,damaging,OR51E2
PROM2 (150696)_damaging,0,0.0,296.0,21.213203435596427,0.0,damaging,PROM2
SLC28A3 (64078)_damaging,0,0.0,296.0,21.213203435596427,0.0,damaging,SLC28A3
WDR72 (256764)_damaging,0,0.0,296.0,21.213203435596427,0.0,damaging,WDR72
ZBBX (79740)_damaging,0,0.0,296.0,21.213203435596427,0.0,damaging,ZBBX
ATG2A (23130)_damaging,0,0.000458746309737575,296.25,19.822125684867068,0.0,damaging,ATG2A
ABCA4 (24)_damaging,0,0.0,296.3333333333333,15.01110699893027,0.0,damaging,ABCA4
CSTF3 (1479)_damaging,0,0.0,296.3333333333333,15.01110699893027,0.0,damaging,CSTF3
DNMT1 (1786)_damaging,0,0.0,296.3333333333333,15.01110699893027,0.0,damaging,DNMT1
FHAD1 (114827)_damaging,0,0.0,296.3333333333333,15.01110699893027,0.0,damaging,FHAD1
FSTL4 (23105)_damaging,0,0.0,296.3333333333333,15.01110699893027,0.0,damaging,FSTL4
HDAC7 (51564)_damaging,0,0.0,296.3333333333333,15.01110699893027,0.0,damaging,HDAC7
HECA (51696)_damaging,0,0.0,296.3333333333333,15.01110699893027,0.0,damaging,HECA
HECTD1 (25831)_damaging,0,0.0,296.3333333333333,15.01110699893027,0.0,damaging,HECTD1
ITGAL (3683)_damaging,0,0.0,296.3333333333333,15.01110699893027,0.0,damaging,ITGAL
KANSL1L (151050)_damaging,0,0.0,296.3333333333333,15.01110699893027,0.0,damaging,KANSL1L
KIAA1755 (85449)_damaging,0,0.0,296.3333333333333,15.01110699893027,0.0,damaging,KIAA1755
KIF4A (24137)_damaging,0,0.0,296.3333333333333,15.01110699893027,0.0,damaging,KIF4A
MAST1 (22983)_damaging,0,0.0,296.3333333333333,15.01110699893027,0.0,damaging,MAST1
MEN1 (4221)_damaging,0,0.0,296.3333333333333,15.01110699893027,0.0,damaging,MEN1
MMP12 (4321)_damaging,0,0.0,296.3333333333333,15.01110699893027,0.0,damaging,MMP12
MTSS2 (92154)_damaging,0,0.0,296.3333333333333,15.01110699893027,0.0,damaging,MTSS2
OBSL1 (23363)_damaging,0,0.0,296.3333333333333,15.01110699893027,0.0,damaging,OBSL1
ORC4 (5000)_damaging,0,0.0,296.3333333333333,15.01110699893027,0.0,damaging,ORC4
PFAS (5198)_damaging,0,0.0,296.3333333333333,15.01110699893027,0.0,damaging,PFAS
SFSWAP (6433)_damaging,0,0.0,296.3333333333333,15.01110699893027,0.0,damaging,SFSWAP
SMARCB1 (6598)_damaging,0,0.0,296.3333333333333,15.01110699893027,0.0,damaging,SMARCB1
SPATA16 (83893)_damaging,0,0.0,296.3333333333333,15.01110699893027,0.0,damaging,SPATA16
SPATA31D1 (389763)_damaging,0,0.0,296.3333333333333,15.01110699893027,0.0,damaging,SPATA31D1
TCF3 (6929)_damaging,0,0.0,296.3333333333333,15.01110699893027,0.0,damaging,TCF3
TRIP12 (9320)_damaging,0,0.0,296.3333333333333,15.01110699893027,0.0,damaging,TRIP12
WNT16 (51384)_damaging,0,0.0,296.3333333333333,15.01110699893027,0.0,damaging,WNT16
ZC3H7B (23264)_damaging,0,0.0,296.3333333333333,15.01110699893027,0.0,damaging,ZC3H7B
ABCC5 (10057)_damaging,0,0.0,297.0,,0.0,damaging,ABCC5
ADAM28 (10863)_damaging,0,0.0,297.0,,0.0,damaging,ADAM28
AFF3 (3899)_damaging,0,0.0,297.0,,0.0,damaging,AFF3
ANKRD13B (124930)_damaging,0,0.0,297.0,,0.0,damaging,ANKRD13B
ASPH (444)_damaging,0,0.0,297.0,,0.0,damaging,ASPH
ATP1A4 (480)_damaging,0,0.0,297.0,,0.0,damaging,ATP1A4
BACH2 (60468)_damaging,0,0.0,297.0,,0.0,damaging,BACH2
BBS9 (27241)_damaging,0,0.0,297.0,,0.0,damaging,BBS9
CDKL3 (51265)_damaging,0,0.0,297.0,,0.0,damaging,CDKL3
CLTC (1213)_damaging,0,0.0,297.0,,0.0,damaging,CLTC
CSDE1 (7812)_damaging,0,0.0,297.0,,0.0,damaging,CSDE1
DAB2IP (153090)_damaging,0,0.0,297.0,,0.0,damaging,DAB2IP
EPHB4 (2050)_damaging,0,0.0,297.0,,0.0,damaging,EPHB4
ERCC6 (2074)_damaging,0,0.0,297.0,,0.0,damaging,ERCC6
FAM47B (170062)_damaging,0,0.0,297.0,,0.0,damaging,FAM47B
FLNA (2316)_damaging,0,0.0,297.0,,0.0,damaging,FLNA
GAK (2580)_damaging,0,0.0,297.0,,0.0,damaging,GAK
GPS2 (2874)_damaging,0,0.0,297.0,,0.0,damaging,GPS2
HOXD11 (3237)_damaging,0,0.0,297.0,,0.0,damaging,HOXD11
IL1RAPL1 (11141)_damaging,0,0.0,297.0,,0.0,damaging,IL1RAPL1
IQSEC1 (9922)_damaging,0,0.0,297.0,,0.0,damaging,IQSEC1
ITGAM (3684)_damaging,0,0.0,297.0,,0.0,damaging,ITGAM
LAMC1 (3915)_damaging,0,0.0,297.0,,0.0,damaging,LAMC1
LAMC3 (10319)_damaging,0,0.0,297.0,,0.0,damaging,LAMC3
LRRIQ3 (127255)_damaging,0,0.0,297.0,,0.0,damaging,LRRIQ3
MEGF11 (84465)_damaging,0,0.0,297.0,,0.0,damaging,MEGF11
MTCL3 (387104)_damaging,0,0.0,297.0,,0.0,damaging,MTCL3
MYO1B (4430)_damaging,0,0.0,297.0,,0.0,damaging,MYO1B
MYO3B (140469)_damaging,0,0.0,297.0,,0.0,damaging,MYO3B
MYRFL (196446)_damaging,0,0.0,297.0,,0.0,damaging,MYRFL
NFATC1 (4772)_damaging,0,0.0,297.0,,0.0,damaging,NFATC1
NLGN3 (54413)_damaging,0,0.0,297.0,,0.0,damaging,NLGN3
NOP58 (51602)_damaging,0,0.0,297.0,,0.0,damaging,NOP58
NR2C2 (7182)_damaging,0,0.0,297.0,,0.0,damaging,NR2C2
P2RX2 (22953)_damaging,0,0.0,297.0,,0.0,damaging,P2RX2
PARP14 (54625)_damaging,0,0.0,297.0,,0.0,damaging,PARP14
PAX2 (5076)_damaging,0,0.0,297.0,,0.0,damaging,PAX2
PPP1R10 (5514)_damaging,0,0.0,297.0,,0.0,damaging,PPP1R10
PWWP2A (114825)_damaging,0,0.0,297.0,,0.0,damaging,PWWP2A
RAPGEF5 (9771)_damaging,0,0.0,297.0,,0.0,damaging,RAPGEF5
RASAL2 (9462)_damaging,0,0.0,297.0,,0.0,damaging,RASAL2
RNF213 (57674)_damaging,0,0.0,297.0,,0.0,damaging,RNF213
SLC26A3 (1811)_damaging,0,0.0,297.0,,0.0,damaging,SLC26A3
SLC27A6 (28965)_damaging,0,0.0,297.0,,0.0,damaging,SLC27A6
SLC4A8 (9498)_damaging,0,0.0,297.0,,0.0,damaging,SLC4A8
SLC9C2 (284525)_damaging,0,0.0,297.0,,0.0,damaging,SLC9C2
SOWAHA (134548)_damaging,0,0.0,297.0,,0.0,damaging,SOWAHA
TANC1 (85461)_damaging,0,0.0,297.0,,0.0,damaging,TANC1
TIMD4 (91937)_damaging,0,0.0,297.0,,0.0,damaging,TIMD4
TNS2 (23371)_damaging,0,0.0,297.0,,0.0,damaging,TNS2
TSHZ2 (128553)_damaging,0,0.0,297.0,,0.0,damaging,TSHZ2
TTC28 (23331)_damaging,0,0.0,297.0,,0.0,damaging,TTC28
ZNF716 (441234)_damaging,0,0.0,297.0,,0.0,damaging,ZNF716
UNC5C (8633)_damaging,0,0.0002981248878971,297.75,16.99754884289693,0.0,damaging,UNC5C
ADAM23 (8745)_damaging,0,0.0,298.5,15.609825965290794,0.0,damaging,ADAM23
ATM (472)_hotspot,0,0.0,298.5,15.609825965290794,0.0,hotspot,ATM
AXIN2 (8313)_damaging,0,0.0,298.5,15.609825965290794,0.0,damaging,AXIN2
CCDC7 (79741)_damaging,0,0.0,298.5,15.609825965290794,0.0,damaging,CCDC7
DOCK11 (139818)_damaging,0,0.0,298.5,15.609825965290794,0.0,damaging,DOCK11
FAM83B (222584)_damaging,0,0.0,298.5,15.609825965290794,0.0,damaging,FAM83B
FKBP15 (23307)_damaging,0,0.0,298.5,15.609825965290794,0.0,damaging,FKBP15
FNIP1 (96459)_damaging,0,0.0,298.5,15.609825965290794,0.0,damaging,FNIP1
FRMD4A (55691)_damaging,0,0.0,298.5,15.609825965290794,0.0,damaging,FRMD4A
HDAC2 (3066)_damaging,0,0.0,298.5,15.609825965290794,0.0,damaging,HDAC2
HPS3 (84343)_damaging,0,0.0,298.5,15.609825965290794,0.0,damaging,HPS3
KDM5C (8242)_damaging,0,0.0,298.5,15.609825965290794,0.0,damaging,KDM5C
LEPR (3953)_damaging,0,0.0,298.5,15.609825965290794,0.0,damaging,LEPR
MIA2 (4253)_damaging,0,0.0,298.5,15.609825965290794,0.0,damaging,MIA2
MME (4311)_damaging,0,0.0,298.5,15.609825965290794,0.0,damaging,MME
MUC12 (10071)_damaging,0,0.0,298.5,15.609825965290794,0.0,damaging,MUC12
MYO18A (399687)_damaging,0,0.0,298.5,15.609825965290794,0.0,damaging,MYO18A
NSD3 (54904)_damaging,0,0.0,298.5,15.609825965290794,0.0,damaging,NSD3
OVCH1 (341350)_damaging,0,0.0,298.5,15.609825965290794,0.0,damaging,OVCH1
PCDH19 (57526)_damaging,0,0.0,298.5,15.609825965290794,0.0,damaging,PCDH19
RBBP6 (5930)_damaging,0,0.0,298.5,15.609825965290794,0.0,damaging,RBBP6
SALL1 (6299)_damaging,0,0.0,298.5,15.609825965290794,0.0,damaging,SALL1
SCN1A (6323)_damaging,0,0.0,298.5,15.609825965290794,0.0,damaging,SCN1A
SLCO5A1 (81796)_damaging,0,0.0,298.5,15.609825965290794,0.0,damaging,SLCO5A1
SLX4 (84464)_damaging,0,0.0,298.5,15.609825965290794,0.0,damaging,SLX4
SPHK1 (8877)_damaging,0,0.0,298.5,15.609825965290794,0.0,damaging,SPHK1
ST18 (9705)_damaging,0,0.0,298.5,15.609825965290794,0.0,damaging,ST18
TFE3 (7030)_damaging,0,0.0,298.5,15.609825965290794,0.0,damaging,TFE3
TMC1 (117531)_damaging,0,0.0,298.5,15.609825965290794,0.0,damaging,TMC1
TTC6 (319089)_damaging,0,0.0,298.5,15.609825965290794,0.0,damaging,TTC6
USP16 (10600)_damaging,0,0.0,298.5,15.609825965290794,0.0,damaging,USP16
VWA3B (200403)_damaging,0,0.0,298.5,15.609825965290794,0.0,damaging,VWA3B
WNK3 (65267)_damaging,0,0.0,298.5,15.609825965290794,0.0,damaging,WNK3
XRN1 (54464)_damaging,0,0.0,298.5,15.609825965290794,0.0,damaging,XRN1
ZNF638 (27332)_damaging,0,0.0,298.5,15.609825965290794,0.0,damaging,ZNF638
AHDC1 (27245)_damaging,0,0.0,299.0,19.078784028338912,0.0,damaging,AHDC1
CYP7A1 (1581)_damaging,0,0.0,299.0,19.078784028338912,0.0,damaging,CYP7A1
DGKB (1607)_damaging,0,0.0,299.0,19.078784028338912,0.0,damaging,DGKB
DIP2B (57609)_damaging,0,0.0,299.0,19.078784028338912,0.0,damaging,DIP2B
GALC (2581)_damaging,0,0.0,299.0,19.078784028338912,0.0,damaging,GALC
GRID2 (2895)_damaging,0,0.0,299.0,19.078784028338912,0.0,damaging,GRID2
GRIN2B (2904)_damaging,0,0.0,299.0,19.078784028338912,0.0,damaging,GRIN2B
HCFC2 (29915)_damaging,0,0.0,299.0,19.078784028338912,0.0,damaging,HCFC2
MYO3A (53904)_damaging,0,0.0,299.0,19.078784028338912,0.0,damaging,MYO3A
ODAD2 (55130)_damaging,0,0.0,299.0,19.078784028338912,0.0,damaging,ODAD2
PIK3C2A (5286)_damaging,0,0.0,299.0,19.078784028338912,0.0,damaging,PIK3C2A
SEL1L2 (80343)_damaging,0,0.0,299.0,19.078784028338912,0.0,damaging,SEL1L2
VWA5B2 (90113)_damaging,0,0.0,299.0,19.078784028338912,0.0,damaging,VWA5B2
ZNF521 (25925)_damaging,0,0.0,299.0,19.078784028338912,0.0,damaging,ZNF521
ABCB1 (5243)_damaging,0,0.0,299.5,13.796134724383254,0.0,damaging,ABCB1
ACIN1 (22985)_damaging,0,0.0,299.5,13.796134724383254,0.0,damaging,ACIN1
ADAMTSL4 (54507)_damaging,0,0.0,299.5,13.796134724383254,0.0,damaging,ADAMTSL4
AKAP7 (9465)_damaging,0,0.0,299.5,13.796134724383254,0.0,damaging,AKAP7
ANKRD12 (23253)_damaging,0,0.0,299.5,13.796134724383254,0.0,damaging,ANKRD12
ANKS1B (56899)_damaging,0,0.0,299.5,13.796134724383254,0.0,damaging,ANKS1B
ARHGEF17 (9828)_damaging,0,0.0,299.5,13.796134724383254,0.0,damaging,ARHGEF17
ASAP1 (50807)_damaging,0,0.0,299.5,13.796134724383254,0.0,damaging,ASAP1
ATAD5 (79915)_damaging,0,0.0,299.5,13.796134724383254,0.0,damaging,ATAD5
ATN1 (1822)_damaging,0,0.0,299.5,13.796134724383254,0.0,damaging,ATN1
BMPR2 (659)_damaging,0,0.0,299.5,13.796134724383254,0.0,damaging,BMPR2
BOD1L1 (259282)_damaging,0,0.0,299.5,13.796134724383254,0.0,damaging,BOD1L1
BRINP3 (339479)_damaging,0,0.0,299.5,13.796134724383254,0.0,damaging,BRINP3
C10orf71 (118461)_damaging,0,0.0,299.5,13.796134724383254,0.0,damaging,C10orf71
CDH15 (1013)_damaging,0,0.0,299.5,13.796134724383254,0.0,damaging,CDH15
CDH6 (1004)_damaging,0,0.0,299.5,13.796134724383254,0.0,damaging,CDH6
CENPJ (55835)_damaging,0,0.0,299.5,13.796134724383254,0.0,damaging,CENPJ
CFAP61 (26074)_damaging,0,0.0,299.5,13.796134724383254,0.0,damaging,CFAP61
CHD7 (55636)_damaging,0,0.0,299.5,13.796134724383254,0.0,damaging,CHD7
CHD9 (80205)_damaging,0,0.0,299.5,13.796134724383254,0.0,damaging,CHD9
CNTLN (54875)_damaging,0,0.0,299.5,13.796134724383254,0.0,damaging,CNTLN
COL4A1 (1282)_damaging,0,0.0,299.5,13.796134724383254,0.0,damaging,COL4A1
DDX60 (55601)_damaging,0,0.0,299.5,13.796134724383254,0.0,damaging,DDX60
DIDO1 (11083)_damaging,0,0.0,299.5,13.796134724383254,0.0,damaging,DIDO1
DOCK1 (1793)_damaging,0,0.0,299.5,13.796134724383254,0.0,damaging,DOCK1
DOT1L (84444)_damaging,0,0.0,299.5,13.796134724383254,0.0,damaging,DOT1L
EPHA2 (1969)_damaging,0,0.0,299.5,13.796134724383254,0.0,damaging,EPHA2
FBXL13 (222235)_damaging,0,0.0,299.5,13.796134724383254,0.0,damaging,FBXL13
FYB2 (199920)_damaging,0,0.0,299.5,13.796134724383254,0.0,damaging,FYB2
GIGYF1 (64599)_damaging,0,0.0,299.5,13.796134724383254,0.0,damaging,GIGYF1
GLB1L2 (89944)_damaging,0,0.0,299.5,13.796134724383254,0.0,damaging,GLB1L2
GOLGA2 (2801)_damaging,0,0.0,299.5,13.796134724383254,0.0,damaging,GOLGA2
HTT (3064)_damaging,0,0.0,299.5,13.796134724383254,0.0,damaging,HTT
IFT172 (26160)_damaging,0,0.0,299.5,13.796134724383254,0.0,damaging,IFT172
INO80 (54617)_damaging,0,0.0,299.5,13.796134724383254,0.0,damaging,INO80
ITGA4 (3676)_damaging,0,0.0,299.5,13.796134724383254,0.0,damaging,ITGA4
ITGA8 (8516)_damaging,0,0.0,299.5,13.796134724383254,0.0,damaging,ITGA8
KCNB1 (3745)_damaging,0,0.0,299.5,13.796134724383254,0.0,damaging,KCNB1
KCNH2 (3757)_damaging,0,0.0,299.5,13.796134724383254,0.0,damaging,KCNH2
KCNH4 (23415)_damaging,0,0.0,299.5,13.796134724383254,0.0,damaging,KCNH4
KCNH5 (27133)_damaging,0,0.0,299.5,13.796134724383254,0.0,damaging,KCNH5
KDM5B (10765)_damaging,0,0.0,299.5,13.796134724383254,0.0,damaging,KDM5B
KSR1 (8844)_damaging,0,0.0,299.5,13.796134724383254,0.0,damaging,KSR1
LOXL3 (84695)_damaging,0,0.0,299.5,13.796134724383254,0.0,damaging,LOXL3
MN1 (4330)_damaging,0,0.0,299.5,13.796134724383254,0.0,damaging,MN1
MORC1 (27136)_damaging,0,0.0,299.5,13.796134724383254,0.0,damaging,MORC1
MPRIP (23164)_damaging,0,0.0,299.5,13.796134724383254,0.0,damaging,MPRIP
MRC2 (9902)_damaging,0,0.0,299.5,13.796134724383254,0.0,damaging,MRC2
MTCL1 (23255)_damaging,0,0.0,299.5,13.796134724383254,0.0,damaging,MTCL1
MYOCD (93649)_damaging,0,0.0,299.5,13.796134724383254,0.0,damaging,MYOCD
MYOF (26509)_damaging,0,0.0,299.5,13.796134724383254,0.0,damaging,MYOF
NES (10763)_damaging,0,0.0,299.5,13.796134724383254,0.0,damaging,NES
NEXMIF (340533)_damaging,0,0.0,299.5,13.796134724383254,0.0,damaging,NEXMIF
NOL8 (55035)_damaging,0,0.0,299.5,13.796134724383254,0.0,damaging,NOL8
NR3C1 (2908)_damaging,0,0.0,299.5,13.796134724383254,0.0,damaging,NR3C1
OC90 (729330)_damaging,0,0.0,299.5,13.796134724383254,0.0,damaging,OC90
OSBPL1A (114876)_damaging,0,0.0,299.5,13.796134724383254,0.0,damaging,OSBPL1A
PLCE1 (51196)_damaging,0,0.0,299.5,13.796134724383254,0.0,damaging,PLCE1
PLEKHG6 (55200)_damaging,0,0.0,299.5,13.796134724383254,0.0,damaging,PLEKHG6
PTPN21 (11099)_damaging,0,0.0,299.5,13.796134724383254,0.0,damaging,PTPN21
PXDN (7837)_damaging,0,0.0,299.5,13.796134724383254,0.0,damaging,PXDN
QSER1 (79832)_damaging,0,0.0,299.5,13.796134724383254,0.0,damaging,QSER1
RALGAPB (57148)_damaging,0,0.0,299.5,13.796134724383254,0.0,damaging,RALGAPB
RBL2 (5934)_damaging,0,0.0,299.5,13.796134724383254,0.0,damaging,RBL2
RIN1 (9610)_damaging,0,0.0,299.5,13.796134724383254,0.0,damaging,RIN1
RSF1 (51773)_damaging,0,0.0,299.5,13.796134724383254,0.0,damaging,RSF1
RSU1P2 (100133308)_damaging,0,0.0,299.5,13.796134724383254,0.0,damaging,RSU1P2
RTCB (51493)_damaging,0,0.0,299.5,13.796134724383254,0.0,damaging,RTCB
RUSC2 (9853)_damaging,0,0.0,299.5,13.796134724383254,0.0,damaging,RUSC2
SAFB (6294)_damaging,0,0.0,299.5,13.796134724383254,0.0,damaging,SAFB
SAFB2 (9667)_damaging,0,0.0,299.5,13.796134724383254,0.0,damaging,SAFB2
SEMA3E (9723)_damaging,0,0.0,299.5,13.796134724383254,0.0,damaging,SEMA3E
SEMA5A (9037)_damaging,0,0.0,299.5,13.796134724383254,0.0,damaging,SEMA5A
SHROOM3 (57619)_damaging,0,0.0,299.5,13.796134724383254,0.0,damaging,SHROOM3
SIN3B (23309)_damaging,0,0.0,299.5,13.796134724383254,0.0,damaging,SIN3B
SLC44A5 (204962)_damaging,0,0.0,299.5,13.796134724383254,0.0,damaging,SLC44A5
SLC4A11 (83959)_damaging,0,0.0,299.5,13.796134724383254,0.0,damaging,SLC4A11
SLITRK5 (26050)_damaging,0,0.0,299.5,13.796134724383254,0.0,damaging,SLITRK5
SPATA31G1 (138724)_damaging,0,0.0,299.5,13.796134724383254,0.0,damaging,SPATA31G1
SPTBN1 (6711)_damaging,0,0.0,299.5,13.796134724383254,0.0,damaging,SPTBN1
SSC5D (284297)_damaging,0,0.0,299.5,13.796134724383254,0.0,damaging,SSC5D
STK31 (56164)_damaging,0,0.0,299.5,13.796134724383254,0.0,damaging,STK31
TG (7038)_damaging,0,0.0,299.5,13.796134724383254,0.0,damaging,TG
TICAM1 (148022)_damaging,0,0.0,299.5,13.796134724383254,0.0,damaging,TICAM1
TIE1 (7075)_damaging,0,0.0,299.5,13.796134724383254,0.0,damaging,TIE1
TMEM131 (23505)_damaging,0,0.0,299.5,13.796134724383254,0.0,damaging,TMEM131
TOPAZ1 (375337)_damaging,0,0.0,299.5,13.796134724383254,0.0,damaging,TOPAZ1
TTC21B (79809)_damaging,0,0.0,299.5,13.796134724383254,0.0,damaging,TTC21B
UGGT1 (56886)_damaging,0,0.0,299.5,13.796134724383254,0.0,damaging,UGGT1
WDR5 (11091)_damaging,0,0.0,299.5,13.796134724383254,0.0,damaging,WDR5
WDR55 (54853)_damaging,0,0.0,299.5,13.796134724383254,0.0,damaging,WDR55
WIZ (58525)_damaging,0,0.0,299.5,13.796134724383254,0.0,damaging,WIZ
ZIM3 (114026)_damaging,0,0.0,299.5,13.796134724383254,0.0,damaging,ZIM3
ZMYM1 (79830)_damaging,0,0.0,299.5,13.796134724383254,0.0,damaging,ZMYM1
ZNF318 (24149)_damaging,0,0.0,299.5,13.796134724383254,0.0,damaging,ZNF318
ZNF608 (57507)_damaging,0,0.0,299.5,13.796134724383254,0.0,damaging,ZNF608
ADAMTS2 (9509)_damaging,0,0.0,300.3333333333333,16.772994167212172,0.0,damaging,ADAMTS2
CAMTA1 (23261)_damaging,0,0.0,300.3333333333333,16.772994167212172,0.0,damaging,CAMTA1
CDH11 (1009)_damaging,0,0.0,300.3333333333333,16.772994167212172,0.0,damaging,CDH11
CNGB1 (1258)_damaging,0,0.0,300.3333333333333,16.772994167212172,0.0,damaging,CNGB1
CRB1 (23418)_damaging,0,0.0,300.3333333333333,16.772994167212172,0.0,damaging,CRB1
DLC1 (10395)_damaging,0,0.0,300.3333333333333,16.772994167212172,0.0,damaging,DLC1
EGFLAM (133584)_damaging,0,0.0,300.3333333333333,16.772994167212172,0.0,damaging,EGFLAM
EPS8 (2059)_damaging,0,0.0,300.3333333333333,16.772994167212172,0.0,damaging,EPS8
ESF1 (51575)_damaging,0,0.0,300.3333333333333,16.772994167212172,0.0,damaging,ESF1
FOXN3 (1112)_damaging,0,0.0,300.3333333333333,16.772994167212172,0.0,damaging,FOXN3
FUBP3 (8939)_damaging,0,0.0,300.3333333333333,16.772994167212172,0.0,damaging,FUBP3
GALNT13 (114805)_damaging,0,0.0,300.3333333333333,16.772994167212172,0.0,damaging,GALNT13
MUCL3 (135656)_damaging,0,0.0,300.3333333333333,16.772994167212172,0.0,damaging,MUCL3
MYO5B (4645)_damaging,0,0.0,300.3333333333333,16.772994167212172,0.0,damaging,MYO5B
MYPN (84665)_damaging,0,0.0,300.3333333333333,16.772994167212172,0.0,damaging,MYPN
PDZRN4 (29951)_damaging,0,0.0,300.3333333333333,16.772994167212172,0.0,damaging,PDZRN4
PLCB3 (5331)_damaging,0,0.0,300.3333333333333,16.772994167212172,0.0,damaging,PLCB3
PSD3 (23362)_damaging,0,0.0,300.3333333333333,16.772994167212172,0.0,damaging,PSD3
R3HDM2 (22864)_damaging,0,0.0,300.3333333333333,16.772994167212172,0.0,damaging,R3HDM2
SLCO6A1 (133482)_damaging,0,0.0,300.3333333333333,16.772994167212172,0.0,damaging,SLCO6A1
SMC4 (10051)_damaging,0,0.0,300.3333333333333,16.772994167212172,0.0,damaging,SMC4
STAT6 (6778)_damaging,0,0.0,300.3333333333333,16.772994167212172,0.0,damaging,STAT6
USH1C (10083)_damaging,0,0.0,300.3333333333333,16.772994167212172,0.0,damaging,USH1C
WDR64 (128025)_damaging,0,0.0,300.3333333333333,16.772994167212172,0.0,damaging,WDR64
WDR90 (197335)_damaging,0,0.0,300.3333333333333,16.772994167212172,0.0,damaging,WDR90
ZNF429 (353088)_damaging,0,0.0004971179804316,302.0,7.0710678118654755,0.0,damaging,ZNF429
AKAP12 (9590)_damaging,0,0.0,303.0,8.48528137423857,0.0,damaging,AKAP12
CFH (3075)_damaging,0,0.0,303.0,8.48528137423857,0.0,damaging,CFH
CLCN3 (1182)_damaging,0,0.0,303.0,8.48528137423857,0.0,damaging,CLCN3
CROCC2 (728763)_damaging,0,0.0,303.0,8.48528137423857,0.0,damaging,CROCC2
CYC1 (1537)_damaging,0,0.0,303.0,8.48528137423857,0.0,damaging,CYC1
CYLC1 (1538)_damaging,0,0.0,303.0,8.48528137423857,0.0,damaging,CYLC1
ERMP1 (79956)_damaging,0,0.0,303.0,8.48528137423857,0.0,damaging,ERMP1
FBRS (64319)_damaging,0,0.0,303.0,8.48528137423857,0.0,damaging,FBRS
GNAS (2778)_damaging,0,0.0,303.0,8.48528137423857,0.0,damaging,GNAS
HYOU1 (10525)_damaging,0,0.0,303.0,8.48528137423857,0.0,damaging,HYOU1
LTK (4058)_damaging,0,0.0,303.0,8.48528137423857,0.0,damaging,LTK
MCF2 (4168)_damaging,0,0.0,303.0,8.48528137423857,0.0,damaging,MCF2
NAA15 (80155)_damaging,0,0.0,303.0,8.48528137423857,0.0,damaging,NAA15
NYAP1 (222950)_damaging,0,0.0,303.0,8.48528137423857,0.0,damaging,NYAP1
PDZD8 (118987)_damaging,0,0.0,303.0,8.48528137423857,0.0,damaging,PDZD8
RPGRIP1 (57096)_damaging,0,0.0012858736717301,303.0,,0.0,damaging,RPGRIP1
RUNX1 (861)_damaging,0,0.0,303.0,8.48528137423857,0.0,damaging,RUNX1
SLC16A12 (387700)_damaging,0,0.0,303.0,8.48528137423857,0.0,damaging,SLC16A12
TJP2 (9414)_damaging,0,0.0,303.0,8.48528137423857,0.0,damaging,TJP2
WDR97 (340390)_damaging,0,0.0,303.0,8.48528137423857,0.0,damaging,WDR97
ZC3H14 (79882)_damaging,0,0.0,303.0,8.48528137423857,0.0,damaging,ZC3H14
ANO3 (63982)_damaging,0,0.0,304.0,9.899494936611665,0.0,damaging,ANO3
ARAP3 (64411)_damaging,0,0.0,304.0,9.899494936611665,0.0,damaging,ARAP3
B3GNT5 (84002)_damaging,0,0.0,304.0,9.899494936611665,0.0,damaging,B3GNT5
CCDC171 (203238)_damaging,0,0.0,304.0,9.899494936611665,0.0,damaging,CCDC171
DOCK10 (55619)_damaging,0,0.0,304.0,9.899494936611665,0.0,damaging,DOCK10
EGF (1950)_damaging,0,0.0,304.0,9.899494936611665,0.0,damaging,EGF
FIRRM (55732)_damaging,0,0.0,304.0,9.899494936611665,0.0,damaging,FIRRM
GOLGA3 (2802)_damaging,0,0.0,304.0,9.899494936611665,0.0,damaging,GOLGA3
HPS5 (11234)_damaging,0,0.0,304.0,9.899494936611665,0.0,damaging,HPS5
IQGAP2 (10788)_damaging,0,0.0,304.0,9.899494936611665,0.0,damaging,IQGAP2
KLHL41 (10324)_damaging,0,0.0,304.0,9.899494936611665,0.0,damaging,KLHL41
MICAL2 (9645)_damaging,0,0.0,304.0,9.899494936611665,0.0,damaging,MICAL2
MLLT10 (8028)_damaging,0,0.0,304.0,9.899494936611665,0.0,damaging,MLLT10
MYH14 (79784)_damaging,0,0.0,304.0,9.899494936611665,0.0,damaging,MYH14
PIK3C2G (5288)_damaging,0,0.0,304.0,9.899494936611665,0.0,damaging,PIK3C2G
PRRC2C (23215)_damaging,0,0.0,304.0,9.899494936611665,0.0,damaging,PRRC2C
SAGE1 (55511)_damaging,0,0.0,304.0,9.899494936611665,0.0,damaging,SAGE1
SPRED1 (161742)_damaging,0,0.0,304.0,9.899494936611665,0.0,damaging,SPRED1
SUZ12 (23512)_damaging,0,0.0,304.0,9.899494936611665,0.0,damaging,SUZ12
ZNF90 (7643)_damaging,0,0.0,304.0,9.899494936611665,0.0,damaging,ZNF90
ADAMTS19 (171019)_damaging,0,0.0,305.6666666666667,7.571877794400373,0.0,damaging,ADAMTS19
ADCY8 (114)_damaging,0,0.0,305.6666666666667,7.571877794400373,0.0,damaging,ADCY8
ARHGEF40 (55701)_damaging,0,0.0,305.6666666666667,7.571877794400373,0.0,damaging,ARHGEF40
CCDC9B (388115)_damaging,0,0.0,305.6666666666667,7.571877794400373,0.0,damaging,CCDC9B
CD93 (22918)_damaging,0,0.0,305.6666666666667,7.571877794400373,0.0,damaging,CD93
CLUH (23277)_damaging,0,0.0,305.6666666666667,7.571877794400373,0.0,damaging,CLUH
ESCO1 (114799)_damaging,0,0.0,305.6666666666667,7.571877794400373,0.0,damaging,ESCO1
FIGNL1 (63979)_damaging,0,0.0,305.6666666666667,7.571877794400373,0.0,damaging,FIGNL1
GRIA2 (2891)_damaging,0,0.0,305.6666666666667,7.571877794400373,0.0,damaging,GRIA2
GRM1 (2911)_damaging,0,0.0,305.6666666666667,7.571877794400373,0.0,damaging,GRM1
HIVEP3 (59269)_damaging,0,0.0,305.6666666666667,7.571877794400373,0.0,damaging,HIVEP3
HOXB3 (3213)_damaging,0,0.0,305.6666666666667,7.571877794400373,0.0,damaging,HOXB3
KCNH8 (131096)_damaging,0,0.0,305.6666666666667,7.571877794400373,0.0,damaging,KCNH8
MFRP (83552)_damaging,0,0.0,305.6666666666667,7.571877794400373,0.0,damaging,MFRP
NFRKB (4798)_damaging,0,0.0,305.6666666666667,7.571877794400373,0.0,damaging,NFRKB
NOS1 (4842)_damaging,0,0.0,305.6666666666667,7.571877794400373,0.0,damaging,NOS1
PHF2 (5253)_damaging,0,0.0,305.6666666666667,7.571877794400373,0.0,damaging,PHF2
PIK3R3 (8503)_damaging,0,0.0,305.6666666666667,7.571877794400373,0.0,damaging,PIK3R3
PRR14L (253143)_damaging,0,0.0,305.6666666666667,7.571877794400373,0.0,damaging,PRR14L
PTPN12 (5782)_damaging,0,0.0,305.6666666666667,7.571877794400373,0.0,damaging,PTPN12
RASA2 (5922)_damaging,0,0.0,305.6666666666667,7.571877794400373,0.0,damaging,RASA2
SCN10A (6336)_damaging,0,0.0,305.6666666666667,7.571877794400373,0.0,damaging,SCN10A
SKIC3 (9652)_damaging,0,0.0,305.6666666666667,7.571877794400373,0.0,damaging,SKIC3
SORBS2 (8470)_damaging,0,0.0,305.6666666666667,7.571877794400373,0.0,damaging,SORBS2
STXBP5 (134957)_damaging,0,0.0,305.6666666666667,7.571877794400373,0.0,damaging,STXBP5
TNIK (23043)_damaging,0,0.0,305.6666666666667,7.571877794400373,0.0,damaging,TNIK
TPO (7173)_damaging,0,0.0,305.6666666666667,7.571877794400373,0.0,damaging,TPO
USP8 (9101)_damaging,0,0.0,305.6666666666667,7.571877794400373,0.0,damaging,USP8
WAPL (23063)_damaging,0,0.0,305.6666666666667,7.571877794400373,0.0,damaging,WAPL
ZMYM6 (9204)_damaging,0,0.0,305.6666666666667,7.571877794400373,0.0,damaging,ZMYM6
ABCG2 (9429)_damaging,0,0.0,309.0,,0.0,damaging,ABCG2
ADAMTS5 (11096)_damaging,0,0.0,309.0,,0.0,damaging,ADAMTS5
ADAMTSL1 (92949)_damaging,0,0.0,309.0,,0.0,damaging,ADAMTSL1
ADGRD2 (347088)_damaging,0,0.0,309.0,,0.0,damaging,ADGRD2
AMER3 (205147)_damaging,0,0.0,309.0,,0.0,damaging,AMER3
AOC1 (26)_damaging,0,0.0,309.0,,0.0,damaging,AOC1
AP1M1 (8907)_damaging,0,0.0,309.0,,0.0,damaging,AP1M1
ARHGAP20 (57569)_damaging,0,0.0,309.0,,0.0,damaging,ARHGAP20
ATP10A (57194)_damaging,0,0.0,309.0,,0.0,damaging,ATP10A
CARMIL2 (146206)_damaging,0,0.0,309.0,,0.0,damaging,CARMIL2
CCDC187 (399693)_damaging,0,0.0,309.0,,0.0,damaging,CCDC187
CDON (50937)_damaging,0,0.0,309.0,,0.0,damaging,CDON
CFAP210 (129881)_damaging,0,0.0,309.0,,0.0,damaging,CFAP210
CFAP74 (85452)_damaging,0,0.0,309.0,,0.0,damaging,CFAP74
CNTN3 (5067)_damaging,0,0.0,309.0,,0.0,damaging,CNTN3
DACH2 (117154)_damaging,0,0.0,309.0,,0.0,damaging,DACH2
DENND4B (9909)_damaging,0,0.0,309.0,,0.0,damaging,DENND4B
DPP4 (1803)_damaging,0,0.0,309.0,,0.0,damaging,DPP4
FRRS1 (391059)_damaging,0,0.0,309.0,,0.0,damaging,FRRS1
GCC2 (9648)_damaging,0,0.0,309.0,,0.0,damaging,GCC2
GRIN2D (2906)_damaging,0,0.0,309.0,,0.0,damaging,GRIN2D
HAND2 (9464)_damaging,0,0.0,309.0,,0.0,damaging,HAND2
HEATR1 (55127)_damaging,0,0.0,309.0,,0.0,damaging,HEATR1
HERC5 (51191)_damaging,0,0.0,309.0,,0.0,damaging,HERC5
ITGA2 (3673)_damaging,0,0.0,309.0,,0.0,damaging,ITGA2
ITGAV (3685)_damaging,0,0.0,309.0,,0.0,damaging,ITGAV
KIF6 (221458)_damaging,0,0.0,309.0,,0.0,damaging,KIF6
KLF3 (51274)_damaging,0,0.0,309.0,,0.0,damaging,KLF3
KSR2 (283455)_damaging,0,0.0,309.0,,0.0,damaging,KSR2
MAP4K1 (11184)_damaging,0,0.0,309.0,,0.0,damaging,MAP4K1
MAST4 (375449)_damaging,0,0.0,309.0,,0.0,damaging,MAST4
PARD3 (56288)_damaging,0,0.0,309.0,,0.0,damaging,PARD3
PLEKHA5 (54477)_damaging,0,0.0,309.0,,0.0,damaging,PLEKHA5
RFC1 (5981)_damaging,0,0.0,309.0,,0.0,damaging,RFC1
SETDB1 (9869)_damaging,0,0.0,309.0,,0.0,damaging,SETDB1
STOX2 (56977)_damaging,0,0.0,309.0,,0.0,damaging,STOX2
SYNPO2L (79933)_damaging,0,0.0,309.0,,0.0,damaging,SYNPO2L
SYNRG (11276)_damaging,0,0.0,309.0,,0.0,damaging,SYNRG
TARBP1 (6894)_damaging,0,0.0,309.0,,0.0,damaging,TARBP1
TNNI3K (51086)_damaging,0,0.0,309.0,,0.0,damaging,TNNI3K
TRPC4 (7223)_damaging,0,0.0,309.0,,0.0,damaging,TRPC4
TUT7 (79670)_damaging,0,0.0,309.0,,0.0,damaging,TUT7
UBR2 (23304)_damaging,0,0.0,309.0,,0.0,damaging,UBR2
UGGT2 (55757)_damaging,0,0.0,309.0,,0.0,damaging,UGGT2
URI1 (8725)_damaging,0,0.0,309.0,,0.0,damaging,URI1
ZNF43 (7594)_damaging,0,0.0,309.0,,0.0,damaging,ZNF43
ZNF569 (148266)_damaging,0,0.0,309.0,,0.0,damaging,ZNF569
ANKRD36 (375248)_damaging,0,0.0,310.0,1.4142135623730951,0.0,damaging,ANKRD36
ARHGAP23 (57636)_damaging,0,0.0,310.0,1.4142135623730951,0.0,damaging,ARHGAP23
ARHGAP24 (83478)_damaging,0,0.0,310.0,1.4142135623730951,0.0,damaging,ARHGAP24
CARD14 (79092)_damaging,0,0.0,310.0,1.4142135623730951,0.0,damaging,CARD14
CD109 (135228)_damaging,0,0.0,310.0,1.4142135623730951,0.0,damaging,CD109
CRLF1 (9244)_damaging,0,0.0,310.0,1.4142135623730951,0.0,damaging,CRLF1
EGR2 (1959)_damaging,0,0.0,310.0,1.4142135623730951,0.0,damaging,EGR2
HDAC9 (9734)_damaging,0,0.0,310.0,1.4142135623730951,0.0,damaging,HDAC9
LOXL4 (84171)_damaging,0,0.0,310.0,1.4142135623730951,0.0,damaging,LOXL4
PAN3 (255967)_damaging,0,0.0,310.0,1.4142135623730951,0.0,damaging,PAN3
PHF21A (51317)_damaging,0,0.0,310.0,1.4142135623730951,0.0,damaging,PHF21A
PHLDB2 (90102)_damaging,0,0.0,310.0,1.4142135623730951,0.0,damaging,PHLDB2
PLD1 (5337)_damaging,0,0.0,310.0,1.4142135623730951,0.0,damaging,PLD1
POSTN (10631)_damaging,0,0.0,310.0,1.4142135623730951,0.0,damaging,POSTN
SLC6A19 (340024)_damaging,0,0.0,310.0,1.4142135623730951,0.0,damaging,SLC6A19
SNHG14 (104472715)_damaging,0,0.0,310.0,1.4142135623730951,0.0,damaging,SNHG14
SPAG6 (9576)_damaging,0,0.0,310.0,1.4142135623730951,0.0,damaging,SPAG6
TAF3 (83860)_damaging,0,0.0,310.0,1.4142135623730951,0.0,damaging,TAF3
VWA5B1 (127731)_damaging,0,0.0,310.0,1.4142135623730951,0.0,damaging,VWA5B1
ZNF407 (55628)_damaging,0,0.0,310.0,1.4142135623730951,0.0,damaging,ZNF407
ZSWIM6 (57688)_damaging,0,0.0,310.0,1.4142135623730951,0.0,damaging,ZSWIM6
ABCA1 (19)_damaging,0,0.0,311.0,,0.0,damaging,ABCA1
ADAMTS18 (170692)_damaging,0,0.0,311.0,,0.0,damaging,ADAMTS18
ADAR (103)_damaging,0,0.0,311.0,,0.0,damaging,ADAR
ATP10D (57205)_damaging,0,0.0,311.0,,0.0,damaging,ATP10D
BRD10 (158358)_damaging,0,0.0,311.0,,0.0,damaging,BRD10
CCDC18 (343099)_damaging,0,0.0,311.0,,0.0,damaging,CCDC18
CDAN1 (146059)_damaging,0,0.0,311.0,,0.0,damaging,CDAN1
CEP120 (153241)_damaging,0,0.0,311.0,,0.0,damaging,CEP120
CFAP44 (55779)_damaging,0,0.0,311.0,,0.0,damaging,CFAP44
CTNND2 (1501)_damaging,0,0.0,311.0,,0.0,damaging,CTNND2
CWF19L2 (143884)_damaging,0,0.0,311.0,,0.0,damaging,CWF19L2
DNAI3 (126820)_damaging,0,0.0,311.0,,0.0,damaging,DNAI3
ERICH6B (220081)_damaging,0,0.0,311.0,,0.0,damaging,ERICH6B
ETV6 (2120)_damaging,0,0.0,311.0,,0.0,damaging,ETV6
EYA1 (2138)_damaging,0,0.0,311.0,,0.0,damaging,EYA1
FBXO38 (81545)_damaging,0,0.0,311.0,,0.0,damaging,FBXO38
FEZF2 (55079)_damaging,0,0.0,311.0,,0.0,damaging,FEZF2
FOXK2 (3607)_damaging,0,0.0,311.0,,0.0,damaging,FOXK2
FOXO1 (2308)_damaging,0,0.0,311.0,,0.0,damaging,FOXO1
GREB1L (80000)_damaging,0,0.0,311.0,,0.0,damaging,GREB1L
INPP4B (8821)_damaging,0,0.0,311.0,,0.0,damaging,INPP4B
INTS2 (57508)_damaging,0,0.0,311.0,,0.0,damaging,INTS2
LHCGR (3973)_damaging,0,0.0,311.0,,0.0,damaging,LHCGR
MAGI3 (260425)_damaging,0,0.0,311.0,,0.0,damaging,MAGI3
MAP2K4 (6416)_damaging,0,0.0,311.0,,0.0,damaging,MAP2K4
MAP4K4 (9448)_damaging,0,0.0,311.0,,0.0,damaging,MAP4K4
MARF1 (9665)_damaging,0,0.0,311.0,,0.0,damaging,MARF1
MIS18BP1 (55320)_damaging,0,0.0,311.0,,0.0,damaging,MIS18BP1
MRPS10 (55173)_damaging,0,0.0,311.0,,0.0,damaging,MRPS10
MTIF2 (4528)_damaging,0,0.0,311.0,,0.0,damaging,MTIF2
MYH6 (4624)_damaging,0,0.0,311.0,,0.0,damaging,MYH6
MYO9B (4650)_damaging,0,0.0,311.0,,0.0,damaging,MYO9B
NDST4 (64579)_damaging,0,0.0,311.0,,0.0,damaging,NDST4
OTUD7B (56957)_damaging,0,0.0,311.0,,0.0,damaging,OTUD7B
PASD1 (139135)_damaging,0,0.0,311.0,,0.0,damaging,PASD1
PCCA (5095)_damaging,0,0.0,311.0,,0.0,damaging,PCCA
PCSK1 (5122)_damaging,0,0.0,311.0,,0.0,damaging,PCSK1
PI4KA (5297)_damaging,0,0.0,311.0,,0.0,damaging,PI4KA
PPP2R1A (5518)_damaging,0,0.0,311.0,,0.0,damaging,PPP2R1A
PPP2R3B (28227)_damaging,0,0.0,311.0,,0.0,damaging,PPP2R3B
PRAG1 (157285)_damaging,0,0.0,311.0,,0.0,damaging,PRAG1
PSME4 (23198)_damaging,0,0.0,311.0,,0.0,damaging,PSME4
PTK7 (5754)_damaging,0,0.0,311.0,,0.0,damaging,PTK7
PZP (5858)_damaging,0,0.0,311.0,,0.0,damaging,PZP
RCBTB2 (1102)_damaging,0,0.0,311.0,,0.0,damaging,RCBTB2
REV1 (51455)_damaging,0,0.0,311.0,,0.0,damaging,REV1
RFX5 (5993)_damaging,0,0.0,311.0,,0.0,damaging,RFX5
RGL2 (5863)_damaging,0,0.0,311.0,,0.0,damaging,RGL2
RICTOR (253260)_damaging,0,0.0,311.0,,0.0,damaging,RICTOR
RIPOR3 (140876)_damaging,0,0.0,311.0,,0.0,damaging,RIPOR3
SCN8A (6334)_damaging,0,0.0,311.0,,0.0,damaging,SCN8A
SERHL2 (253190)_damaging,0,0.0,311.0,,0.0,damaging,SERHL2
SHROOM4 (57477)_damaging,0,0.0,311.0,,0.0,damaging,SHROOM4
SLC26A5 (375611)_damaging,0,0.0,311.0,,0.0,damaging,SLC26A5
SMC5 (23137)_damaging,0,0.0,311.0,,0.0,damaging,SMC5
SOBP (55084)_damaging,0,0.0,311.0,,0.0,damaging,SOBP
SPTB (6710)_damaging,0,0.0,311.0,,0.0,damaging,SPTB
SSH2 (85464)_damaging,0,0.0,311.0,,0.0,damaging,SSH2
SYNJ1 (8867)_damaging,0,0.0,311.0,,0.0,damaging,SYNJ1
TAF4 (6874)_damaging,0,0.0,311.0,,0.0,damaging,TAF4
TMPRSS6 (164656)_damaging,0,0.0,311.0,,0.0,damaging,TMPRSS6
TRPC5 (7224)_damaging,0,0.0,311.0,,0.0,damaging,TRPC5
UMODL1 (89766)_damaging,0,0.0,311.0,,0.0,damaging,UMODL1
USF3 (205717)_damaging,0,0.0,311.0,,0.0,damaging,USF3
USP31 (57478)_damaging,0,0.0,311.0,,0.0,damaging,USP31
USP43 (124739)_damaging,0,0.0,311.0,,0.0,damaging,USP43
VILL (50853)_damaging,0,0.0,311.0,,0.0,damaging,VILL
WSCD1 (23302)_damaging,0,0.0,311.0,,0.0,damaging,WSCD1
ZFHX2 (85446)_damaging,0,0.0,311.0,,0.0,damaging,ZFHX2
