feature,n_folds_selected,mean_importance,mean_rank,rank_std,selection_freq,kind,gene
TP53 (7157)_damaging,5,0.43276072421842954,1.0,0.0,1.0,damaging,TP53
ID3 (3399)_damaging,5,0.17355587764117558,2.4,0.8944271909999159,1.0,damaging,ID3
BRAF (673)_hotspot,5,0.14200485119424028,5.6,3.7815340802378077,1.0,hotspot,BRAF
TERT (7015)_hotspot,5,0.12167899739833243,8.0,4.12310562561766,1.0,hotspot,TERT
RB1 (5925)_damaging,5,0.10020702115133498,17.8,14.307340773183533,1.0,damaging,RB1
PIK3CA (5290)_hotspot,4,0.12827068304161432,15.8,25.839891640639674,0.8,hotspot,PIK3CA
SLFN11 (91607)_damaging,4,0.10805720435900737,24.6,37.138928363645604,0.8,damaging,SLFN11
NF1 (4763)_hotspot,4,0.09183704157997293,25.6,20.427922067601493,0.8,hotspot,NF1
PITX1 (5307)_damaging,4,0.09397458114045718,26.0,22.704625079485456,0.8,damaging,PITX1
RPL5 (6125)_damaging,4,0.0823431307117398,32.25,14.430869689661812,0.8,damaging,RPL5
CREBBP (1387)_damaging,4,0.10635548518742602,34.8,47.69381511265376,0.8,damaging,CREBBP
TP53 (7157)_hotspot,4,0.08563884584508477,36.4,35.13260593807411,0.8,hotspot,TP53
SIN3A (25942)_damaging,4,0.07299059437463055,55.6,65.26331281815229,0.8,damaging,SIN3A
KIF7 (374654)_damaging,4,0.07090677207413339,83.2,122.08685432920286,0.8,damaging,KIF7
ABCA9 (10350)_damaging,4,0.06980545992584383,87.6,130.7604680322,0.8,damaging,ABCA9
ZMYM3 (9203)_damaging,4,0.07047288777534454,118.2,204.6721769073657,0.8,damaging,ZMYM3
SPTA1 (6708)_damaging,4,0.07420882250962671,156.2,311.82318707883155,0.8,damaging,SPTA1
IQUB (154865)_damaging,3,0.07492765654703404,24.333333333333332,9.60902353693305,0.6,damaging,IQUB
ASXL1 (171023)_damaging,3,0.10294875401307438,36.8,43.2400277520725,0.6,damaging,ASXL1
RB1 (5925)_hotspot,3,0.09053871415599987,40.4,34.982852942548874,0.6,hotspot,RB1
CMYA5 (202333)_damaging,3,0.07642396746656646,46.8,29.499152530199915,0.6,damaging,CMYA5
NFE2L2 (4780)_hotspot,3,0.07962840679228884,47.2,43.1010440708807,0.6,hotspot,NFE2L2
CFAP47 (286464)_damaging,3,0.07544276132739224,50.0,38.658763560155414,0.6,damaging,CFAP47
FBXW7 (55294)_hotspot,3,0.08033702130588434,51.8,42.481760792132896,0.6,hotspot,FBXW7
FASTKD5 (60493)_damaging,3,0.08329144182375993,54.75,66.28913938195306,0.6,damaging,FASTKD5
SCN2A (6326)_damaging,3,0.0632034287400433,65.2,28.119388329051542,0.6,damaging,SCN2A
TYRO3 (7301)_damaging,3,0.06465252467613444,67.6,49.92294061851726,0.6,damaging,TYRO3
STAB2 (55576)_damaging,3,0.06816693298079361,71.2,73.55066281142543,0.6,damaging,STAB2
KALRN (8997)_damaging,3,0.07904906256947171,86.4,110.91798772065782,0.6,damaging,KALRN
ACACA (31)_damaging,3,0.060390550623615105,115.0,142.06571249484045,0.6,damaging,ACACA
SLC27A6 (28965)_damaging,2,0.11495091016788425,11.0,1.4142135623730951,0.4,damaging,SLC27A6
PCDHB4 (56131)_damaging,2,0.0845808504416445,19.0,8.48528137423857,0.4,damaging,PCDHB4
BTAF1 (9044)_damaging,2,0.08120885530130365,35.5,16.263455967290593,0.4,damaging,BTAF1
TENM4 (26011)_damaging,2,0.07505241154672396,50.4,31.19775632958242,0.4,damaging,TENM4
PITRM1 (10531)_damaging,2,0.06919809644239054,53.666666666666664,43.31666346030513,0.4,damaging,PITRM1
ABCB5 (340273)_damaging,2,0.06172333433196277,70.0,41.99404719719213,0.4,damaging,ABCB5
ITGA2B (3674)_damaging,2,0.0660079950546182,72.2,50.4846511327948,0.4,damaging,ITGA2B
PDS5B (23047)_damaging,2,0.06470613975209207,73.4,53.5518440392112,0.4,damaging,PDS5B
TNFAIP3 (7128)_damaging,2,0.06451689166824877,75.33333333333333,82.40347889096269,0.4,damaging,TNFAIP3
STK11 (6794)_damaging,2,0.06044492041922021,80.4,49.013263511013015,0.4,damaging,STK11
SPAG17 (200162)_damaging,2,0.06408203370404456,81.6,66.69182858491736,0.4,damaging,SPAG17
CRACD (57482)_damaging,2,0.06617781292166093,83.66666666666667,101.02639919017867,0.4,damaging,CRACD
NRAS (4893)_hotspot,2,0.0621058194209544,90.0,113.38650713378554,0.4,hotspot,NRAS
ERBB3 (2065)_hotspot,2,0.0644412941685213,95.66666666666667,115.99281586948966,0.4,hotspot,ERBB3
MTOR (2475)_hotspot,2,0.06669299261677852,95.8,111.85347558301439,0.4,hotspot,MTOR
MYO9A (4649)_damaging,2,0.05564513276712375,111.8,86.21310805208219,0.4,damaging,MYO9A
CPLANE1 (65250)_damaging,2,0.05499166754589509,119.8,112.31072967441712,0.4,damaging,CPLANE1
BAP1 (8314)_damaging,2,0.060047385459207084,122.4,117.06109515974981,0.4,damaging,BAP1
CACNA1C (775)_damaging,2,0.04941383450374256,140.8,109.32840436044057,0.4,damaging,CACNA1C
BCOR (54880)_damaging,2,0.054415244811260643,143.4,132.61711805042364,0.4,damaging,BCOR
MUC19 (283463)_damaging,2,0.052635711491894124,154.2,154.91997934417626,0.4,damaging,MUC19
NBAS (51594)_damaging,2,0.04612448291179714,165.0,174.9757126003492,0.4,damaging,NBAS
ARID1B (57492)_damaging,2,0.04082569521634276,170.0,132.68760303811354,0.4,damaging,ARID1B
SCAF4 (57466)_damaging,2,0.05526737779710358,179.8,299.6476263880627,0.4,damaging,SCAF4
CCDC73 (493860)_damaging,2,0.04217091667141022,227.4,293.9188663560065,0.4,damaging,CCDC73
PPP2R1A (5518)_damaging,1,0.1367118407174067,6.0,,0.2,damaging,PPP2R1A
GABRA2 (2555)_damaging,1,0.1346824711437505,9.0,,0.2,damaging,GABRA2
AK5 (26289)_damaging,1,0.0823353090175817,19.0,,0.2,damaging,AK5
TBCK (93627)_damaging,1,0.0599968276206508,35.0,,0.2,damaging,TBCK
CCDC40 (55036)_damaging,1,0.0611036065734883,42.0,,0.2,damaging,CCDC40
TNKS1BP1 (85456)_damaging,1,0.0533780672518468,46.0,,0.2,damaging,TNKS1BP1
TCHH (7062)_damaging,1,0.07432660589564391,48.0,18.384776310850235,0.2,damaging,TCHH
C2orf78 (388960)_damaging,1,0.0514178848715861,50.0,,0.2,damaging,C2orf78
NLRP1 (22861)_damaging,1,0.0889852897835055,50.0,,0.2,damaging,NLRP1
ZGRF1 (55345)_damaging,1,0.0688872906818234,54.0,21.213203435596427,0.2,damaging,ZGRF1
TERT (7015)_damaging,1,0.061740315352274096,59.666666666666664,29.194748386196675,0.2,damaging,TERT
MROH2A (339766)_damaging,1,0.06631242772193376,64.0,39.1279950930277,0.2,damaging,MROH2A
GPR155 (151556)_damaging,1,0.0691066752935502,70.66666666666667,48.75790534193745,0.2,damaging,GPR155
GABBR1 (2550)_damaging,1,0.05716331523846233,77.0,56.66568626602876,0.2,damaging,GABBR1
TCF3 (6929)_damaging,1,0.05948373612747848,88.0,36.00925806881706,0.2,damaging,TCF3
STK31 (56164)_damaging,1,0.05436276406473968,97.0,52.06726418777925,0.2,damaging,STK31
ABCC9 (10060)_damaging,1,0.05259167512082922,97.6,49.822685596021415,0.2,damaging,ABCC9
MUC17 (140453)_damaging,1,0.05408174439830186,98.8,71.01901153916464,0.2,damaging,MUC17
CAPN12 (147968)_damaging,1,0.06624344461560594,108.75,95.045164702542,0.2,damaging,CAPN12
AP3D1 (8943)_damaging,1,0.061355600850367766,111.33333333333333,69.60124519958916,0.2,damaging,AP3D1
AJUBA (84962)_damaging,1,0.05368367520549644,112.2,105.25777880992929,0.2,damaging,AJUBA
SYNE2 (23224)_damaging,1,0.0503245345493117,113.0,65.38730763688011,0.2,damaging,SYNE2
CHD5 (26038)_damaging,1,0.05094305370030202,117.2,92.72378335680658,0.2,damaging,CHD5
KRAS (3845)_hotspot,1,0.05048302410346198,131.2,96.19095591582403,0.2,hotspot,KRAS
SSUH2 (51066)_damaging,1,0.04733676157715274,133.66666666666666,145.36276460405304,0.2,damaging,SSUH2
FHOD3 (80206)_damaging,1,0.056409842526241524,134.25,143.76688306653472,0.2,damaging,FHOD3
DMD (1756)_damaging,1,0.046769884456445,134.6,83.70364388722871,0.2,damaging,DMD
MDGA2 (161357)_damaging,1,0.044626317929911605,135.8,98.11319992743076,0.2,damaging,MDGA2
TAF4 (6874)_damaging,1,0.05111931539700285,142.5,153.4421715174808,0.2,damaging,TAF4
MYH1 (4619)_damaging,1,0.04363743435148994,145.4,101.30794638131798,0.2,damaging,MYH1
CIT (11113)_damaging,1,0.04750735192219372,145.5,113.37401230734787,0.2,damaging,CIT
CLASP1 (23332)_damaging,1,0.05355365618262083,146.66666666666666,114.35616875942169,0.2,damaging,CLASP1
EPG5 (57724)_damaging,1,0.04233948950532193,149.66666666666666,100.66445913694332,0.2,damaging,EPG5
PTPRS (5802)_damaging,1,0.04328567019493504,151.8,105.26015390450463,0.2,damaging,PTPRS
BRCA2 (675)_damaging,1,0.04277780191210652,152.2,95.93331016909613,0.2,damaging,BRCA2
NUP214 (8021)_damaging,1,0.044216208661049194,158.4,144.12251732467067,0.2,damaging,NUP214
DMBT1 (1755)_damaging,1,0.045387264406095626,158.8,115.39150748646973,0.2,damaging,DMBT1
C7 (730)_damaging,1,0.03745515061018156,180.8,127.21517205113548,0.2,damaging,C7
CCND3 (896)_damaging,1,0.03631057393093648,180.8,105.61344611364596,0.2,damaging,CCND3
PTPRB (5787)_damaging,1,0.041247970926446595,182.6,119.46254643192569,0.2,damaging,PTPRB
IFT172 (26160)_damaging,1,0.03926856528514927,183.25,130.2238457426289,0.2,damaging,IFT172
USP9X (8239)_damaging,1,0.036729713353811075,185.2,108.48363931948448,0.2,damaging,USP9X
ZFP36L2 (678)_damaging,1,0.034054032662936426,196.6,101.27339235949391,0.2,damaging,ZFP36L2
ATR (545)_damaging,1,0.03558857874790846,196.8,123.0109751201087,0.2,damaging,ATR
FRY (10129)_damaging,1,0.046466510045176324,198.5,206.375870682597,0.2,damaging,FRY
SCN4A (6329)_damaging,1,0.04307289814133514,202.2,216.257254213587,0.2,damaging,SCN4A
ADAMTS12 (81792)_damaging,1,0.044077556970720674,202.8,130.7734682571354,0.2,damaging,ADAMTS12
PTPRQ (374462)_damaging,1,0.03279416860197442,204.0,117.23267462614679,0.2,damaging,PTPRQ
DYNC1H1 (1778)_damaging,1,0.033445684890477057,206.2,110.82734319652349,0.2,damaging,DYNC1H1
ATRX (546)_damaging,1,0.03252477812691488,207.0,120.3307940636976,0.2,damaging,ATRX
PXDN (7837)_damaging,1,0.03009387134573965,209.25,128.7720854843937,0.2,damaging,PXDN
WDFY3 (23001)_damaging,1,0.036867342874071195,209.6,197.79863498012315,0.2,damaging,WDFY3
CASP8AP2 (9994)_damaging,1,0.03127490433719086,210.8,104.00336533016612,0.2,damaging,CASP8AP2
SLK (9748)_damaging,1,0.036805448721122895,211.4,140.5464336082563,0.2,damaging,SLK
NEB (4703)_damaging,1,0.03245029967633916,211.6,147.8793427088449,0.2,damaging,NEB
HCN1 (348980)_damaging,1,0.030721982254530756,216.8,124.57808796092513,0.2,damaging,HCN1
COL14A1 (7373)_damaging,1,0.03191813843475182,222.6,112.84635572316901,0.2,damaging,COL14A1
AP3B2 (8120)_damaging,1,0.04083864161775705,230.0,265.87214972614186,0.2,damaging,AP3B2
NSD2 (7468)_damaging,1,0.03357907384667156,232.8,128.63786378823306,0.2,damaging,NSD2
CFAP65 (255101)_damaging,1,0.03061213473402182,238.2,160.96179670965404,0.2,damaging,CFAP65
CEP126 (57562)_damaging,1,0.030435652389084075,240.75,150.84069963596252,0.2,damaging,CEP126
RNF43 (54894)_damaging,1,0.03033931282598538,241.6,172.6305303241579,0.2,damaging,RNF43
RASA1 (5921)_damaging,1,0.03001061224532766,243.4,160.71963165711898,0.2,damaging,RASA1
PLXNA4 (91584)_damaging,1,0.0349978066142979,245.2,178.57127428564763,0.2,damaging,PLXNA4
ZNF518A (9849)_damaging,1,0.03208902473091222,249.4,140.48772188344432,0.2,damaging,ZNF518A
MAP7D1 (55700)_damaging,1,0.034396894416270765,250.4,276.2160386364268,0.2,damaging,MAP7D1
CTNNA2 (1496)_damaging,1,0.031226791006698063,251.8,172.36356923665744,0.2,damaging,CTNNA2
GABRG2 (2566)_damaging,1,0.0458411138494871,263.3333333333333,326.38372099927614,0.2,damaging,GABRG2
USP6 (9098)_damaging,1,0.03216562800343498,263.6,147.3662105097366,0.2,damaging,USP6
ECT2L (345930)_damaging,1,0.030644367530486716,264.8,198.11410853344088,0.2,damaging,ECT2L
LMTK3 (114783)_damaging,1,0.024394517821545496,266.2,133.60464063796584,0.2,damaging,LMTK3
CTNNA1 (1495)_damaging,1,0.025190851948186398,268.2,164.29455255728962,0.2,damaging,CTNNA1
SETBP1 (26040)_damaging,1,0.03135462683063936,269.4,196.11807667831133,0.2,damaging,SETBP1
NUGGC (389643)_damaging,1,0.02676149978726674,275.0,203.45761229307692,0.2,damaging,NUGGC
USH2A (7399)_damaging,1,0.03035786364924182,293.4,277.3883559199989,0.2,damaging,USH2A
LINC02138 (400558)_damaging,1,0.02428908079190284,304.4,251.6869086782227,0.2,damaging,LINC02138
DIS3 (22894)_damaging,1,0.02729832841582455,314.75,209.25642164578844,0.2,damaging,DIS3
HIVEP2 (3097)_damaging,1,0.02480303846937062,315.4,252.47633552473786,0.2,damaging,HIVEP2
A2ML1 (144568)_damaging,1,0.02002025541254714,318.4,205.6484865006305,0.2,damaging,A2ML1
DNAH8 (1769)_damaging,1,0.02147828614357876,327.0,247.34793308212625,0.2,damaging,DNAH8
NYNRIN (57523)_damaging,1,0.0192413054726818,332.6,244.07949524693794,0.2,damaging,NYNRIN
CCNB3 (85417)_damaging,1,0.0197858722135212,334.0,254.82444937642856,0.2,damaging,CCNB3
KDM5C (8242)_damaging,1,0.0212341689487899,334.8,217.04538695858062,0.2,damaging,KDM5C
ZBTB20 (26137)_damaging,1,0.01826245150350142,343.0,239.10980741073755,0.2,damaging,ZBTB20
CFAP91 (89876)_damaging,1,0.019968003505068,345.2,251.04023581888222,0.2,damaging,CFAP91
UNC93B7 (100887746)_damaging,1,0.01992476473778494,358.0,241.04875025604258,0.2,damaging,UNC93B7
PCNT (5116)_damaging,1,0.01764339699652006,361.2,245.60374589977246,0.2,damaging,PCNT
SYTL2 (54843)_damaging,1,0.0204944367736998,364.2,293.0097268010057,0.2,damaging,SYTL2
KIF5A (3798)_damaging,0,0.0557869046037025,54.0,,0.0,damaging,KIF5A
WDR7 (23335)_damaging,0,0.0509214320398951,55.0,,0.0,damaging,WDR7
CCND3 (896)_hotspot,0,0.081640663379984,56.0,,0.0,hotspot,CCND3
CEP170B (283638)_damaging,0,0.0815271118421898,60.0,7.0710678118654755,0.0,damaging,CEP170B
TNS2 (23371)_damaging,0,0.0516087103179062,68.0,,0.0,damaging,TNS2
TPTE (7179)_hotspot,0,0.0421374697035436,77.0,,0.0,hotspot,TPTE
B3GNT5 (84002)_damaging,0,0.074067732742053,78.0,,0.0,damaging,B3GNT5
NRG3 (10718)_damaging,0,0.059387728034451706,78.0,21.213203435596427,0.0,damaging,NRG3
TRPC5 (7224)_damaging,0,0.048122165404765,78.0,,0.0,damaging,TRPC5
LRP1B (53353)_damaging,0,0.056801205789115586,81.4,36.28084894265844,0.0,damaging,LRP1B
GRIA1 (2890)_damaging,0,0.0583403193517112,84.0,39.59797974644666,0.0,damaging,GRIA1
LARS2 (23395)_damaging,0,0.040542852893778,85.0,,0.0,damaging,LARS2
RANBP2 (5903)_damaging,0,0.0718422946814705,86.0,,0.0,damaging,RANBP2
SIPA1L1 (26037)_damaging,0,0.0455768451449752,86.0,,0.0,damaging,SIPA1L1
PDE3A (5139)_damaging,0,0.0387566387540386,87.0,,0.0,damaging,PDE3A
PHF14 (9678)_damaging,0,0.0716547850131016,88.0,,0.0,damaging,PHF14
CNTN3 (5067)_damaging,0,0.0603666380704046,88.5,16.263455967290593,0.0,damaging,CNTN3
SMAD4 (4089)_hotspot,0,0.05427230669856572,93.4,45.76352259168868,0.0,hotspot,SMAD4
MYO3B (140469)_damaging,0,0.04788105586676766,97.66666666666667,13.868429375143148,0.0,damaging,MYO3B
MMRN1 (22915)_damaging,0,0.0554701973808211,98.0,50.91168824543142,0.0,damaging,MMRN1
CDK12 (51755)_damaging,0,0.0684396807869178,107.0,,0.0,damaging,CDK12
DUOX2 (50506)_damaging,0,0.05765132940348237,107.66666666666667,40.253364248635584,0.0,damaging,DUOX2
ANO3 (63982)_damaging,0,0.054150090417242655,111.0,80.61017305526642,0.0,damaging,ANO3
ZNF331 (55422)_damaging,0,0.037316617076483,111.0,,0.0,damaging,ZNF331
TCF12 (6938)_damaging,0,0.049996360408647,111.5,40.30508652763321,0.0,damaging,TCF12
TRIB3 (57761)_damaging,0,0.0367115935076625,112.0,,0.0,damaging,TRIB3
BCHE (590)_damaging,0,0.0322692126842614,114.0,,0.0,damaging,BCHE
MLH3 (27030)_damaging,0,0.049196707549806915,114.6,52.79962121076249,0.0,damaging,MLH3
CCNQ (92002)_damaging,0,0.0346283585695569,119.0,,0.0,damaging,CCNQ
CSF2RB (1439)_damaging,0,0.04949851566078625,119.75,49.39888662712956,0.0,damaging,CSF2RB
ZC3H4 (23211)_damaging,0,0.0309970762685184,120.0,,0.0,damaging,ZC3H4
MYRF (745)_damaging,0,0.04728463553772725,125.5,20.506096654409877,0.0,damaging,MYRF
LAMB2 (3913)_damaging,0,0.0643579224644799,126.0,,0.0,damaging,LAMB2
CRLF1 (9244)_damaging,0,0.04135180694854496,127.66666666666667,49.21720566360237,0.0,damaging,CRLF1
ARHGEF1 (9138)_damaging,0,0.0326013843932924,131.66666666666666,112.29128787814899,0.0,damaging,ARHGEF1
MT-ND4 (4538)_damaging,0,0.04530228911112554,135.6,99.60070280876536,0.0,damaging,MT-ND4
ATXN2 (6311)_damaging,0,0.0272981802454915,136.0,,0.0,damaging,ATXN2
NCAPD2 (9918)_damaging,0,0.0613811762139562,136.0,,0.0,damaging,NCAPD2
TSC1 (7248)_damaging,0,0.04601207819715342,137.0,64.99743584685989,0.0,damaging,TSC1
PDZD8 (118987)_damaging,0,0.0317131587103616,138.0,65.05382386916237,0.0,damaging,PDZD8
SP8 (221833)_damaging,0,0.061445347657120855,138.5,30.405591591021544,0.0,damaging,SP8
COL21A1 (81578)_damaging,0,0.0268881418812009,140.0,,0.0,damaging,COL21A1
CCDC88A (55704)_damaging,0,0.04273275443810996,143.2,100.40268920701277,0.0,damaging,CCDC88A
EPRS1 (2058)_damaging,0,0.0607046405292291,145.0,,0.0,damaging,EPRS1
CAMSAP3 (57662)_damaging,0,0.0443766079554608,146.75,74.52684080249209,0.0,damaging,CAMSAP3
POLRMT (5442)_damaging,0,0.0262444310695021,147.0,,0.0,damaging,POLRMT
ASAP1 (50807)_damaging,0,0.0377414454932247,147.66666666666666,22.744962812309307,0.0,damaging,ASAP1
SLC9C2 (284525)_damaging,0,0.0230930217104595,150.0,,0.0,damaging,SLC9C2
LOXL4 (84171)_damaging,0,0.0420177548450199,154.0,15.556349186104045,0.0,damaging,LOXL4
MTMR3 (8897)_damaging,0,0.030978366983285953,154.5,118.08683245815344,0.0,damaging,MTMR3
SLC26A3 (1811)_damaging,0,0.0232818799671579,159.0,,0.0,damaging,SLC26A3
SIPA1L3 (23094)_damaging,0,0.03584620207371413,159.33333333333334,37.5410886008029,0.0,damaging,SIPA1L3
PTPRZ1 (5803)_damaging,0,0.03832672803704436,163.2,68.92532190711916,0.0,damaging,PTPRZ1
KIF27 (55582)_damaging,0,0.0343399274154004,163.75,114.38640653504245,0.0,damaging,KIF27
DOT1L (84444)_damaging,0,0.034942824536376635,164.66666666666666,35.529330606322056,0.0,damaging,DOT1L
PTPRM (5797)_damaging,0,0.0457959244726547,166.33333333333334,105.63301251660549,0.0,damaging,PTPRM
PTBP2 (58155)_damaging,0,0.0214415713330308,168.0,,0.0,damaging,PTBP2
MAP1B (4131)_damaging,0,0.0390011368535815,168.33333333333334,100.95708659293479,0.0,damaging,MAP1B
NUP98 (4928)_damaging,0,0.0380913427318391,168.8,82.87762062221623,0.0,damaging,NUP98
MYO5B (4645)_damaging,0,0.040967893789631254,169.5,64.34671708797582,0.0,damaging,MYO5B
IL1RAPL1 (11141)_damaging,0,0.021334714697841,174.0,,0.0,damaging,IL1RAPL1
CACNA1A (773)_damaging,0,0.03774909806438388,177.6,127.70395451981899,0.0,damaging,CACNA1A
DOCK4 (9732)_damaging,0,0.03453431155928136,179.0,110.63905277974861,0.0,damaging,DOCK4
FREM1 (158326)_damaging,0,0.040190017512604204,179.75,118.79779739821217,0.0,damaging,FREM1
ABCA5 (23461)_damaging,0,0.03426277724426975,180.75,163.81773408272988,0.0,damaging,ABCA5
ANKRD36C (400986)_damaging,0,0.035405814603047064,182.0,95.56673061269805,0.0,damaging,ANKRD36C
DPP10 (57628)_damaging,0,0.03680277069124725,183.75,85.32828761124101,0.0,damaging,DPP10
ABCE1 (6059)_damaging,0,0.018616698592559,184.0,,0.0,damaging,ABCE1
TAF3 (83860)_damaging,0,0.030434992957859505,184.33333333333334,89.77935917199082,0.0,damaging,TAF3
GLG1 (2734)_damaging,0,0.0192490494672223,185.0,,0.0,damaging,GLG1
COL4A4 (1286)_damaging,0,0.03341667782057398,185.6,81.81259071805513,0.0,damaging,COL4A4
ZC3H14 (79882)_damaging,0,0.0191594867728009,186.0,,0.0,damaging,ZC3H14
ZNF536 (9745)_damaging,0,0.03616846634547105,186.5,57.72636601530824,0.0,damaging,ZNF536
MUC12 (10071)_damaging,0,0.030102700684966233,186.66666666666666,100.51036430803211,0.0,damaging,MUC12
APC (324)_hotspot,0,0.03680944204479198,186.8,108.91602269638751,0.0,hotspot,APC
CFAP251 (144406)_damaging,0,0.0184582198720966,188.0,,0.0,damaging,CFAP251
NTRK3 (4916)_damaging,0,0.0550935238459152,188.0,,0.0,damaging,NTRK3
ENPP3 (5169)_damaging,0,0.0185742066543961,189.0,,0.0,damaging,ENPP3
ARID5B (84159)_damaging,0,0.036498643472101036,189.6,117.98008306489702,0.0,damaging,ARID5B
IRF8 (3394)_damaging,0,0.026566332853593624,189.75,49.446098599046884,0.0,damaging,IRF8
RAB40A (142684)_damaging,0,0.03516115654930212,190.0,97.74200734586947,0.0,damaging,RAB40A
PRPF40B (25766)_damaging,0,0.042635397997763336,190.66666666666666,102.92877796483029,0.0,damaging,PRPF40B
BRSK1 (84446)_damaging,0,0.0345430234931911,191.0,93.71766108903914,0.0,damaging,BRSK1
MARK4 (57787)_damaging,0,0.018253325445358,191.0,,0.0,damaging,MARK4
PARP10 (84875)_damaging,0,0.036816435757127196,192.0,112.0148799639286,0.0,damaging,PARP10
IGFN1 (91156)_damaging,0,0.03308127639168564,192.4,65.85818096485812,0.0,damaging,IGFN1
SPAG8 (26206)_damaging,0,0.03194537488905558,193.4,68.64983612507753,0.0,damaging,SPAG8
CHEK2 (11200)_damaging,0,0.016191877015839434,194.0,28.0,0.0,damaging,CHEK2
ZEB1 (6935)_damaging,0,0.0531190346104278,194.0,,0.0,damaging,ZEB1
NRXN3 (9369)_damaging,0,0.0326363651334174,194.8,109.38784210322461,0.0,damaging,NRXN3
CPSF1 (29894)_damaging,0,0.03745753875011688,195.0,110.02121007636057,0.0,damaging,CPSF1
GNA13 (10672)_damaging,0,0.03231793184952418,195.8,67.87635818162316,0.0,damaging,GNA13
TNIK (23043)_damaging,0,0.04343867356895783,197.0,110.25878649794764,0.0,damaging,TNIK
FES (2242)_damaging,0,0.03756486830396523,197.25,118.83987826763652,0.0,damaging,FES
SPECC1 (92521)_damaging,0,0.03474796111181617,197.66666666666666,129.50804350824444,0.0,damaging,SPECC1
KIAA1755 (85449)_damaging,0,0.0165683523202018,198.0,127.27922061357856,0.0,damaging,KIAA1755
PRR14L (253143)_damaging,0,0.02810018471895273,199.66666666666666,83.51247411814198,0.0,damaging,PRR14L
CCDST (112268240)_damaging,0,0.03451839229261642,200.4,124.85111132865417,0.0,damaging,CCDST
RFX7 (64864)_damaging,0,0.03173110222567386,202.4,106.32638430794117,0.0,damaging,RFX7
C2CD5 (9847)_damaging,0,0.01481644049356745,202.5,50.204581464244875,0.0,damaging,C2CD5
KMT2A (4297)_damaging,0,0.031123323970044282,203.0,89.28045698807774,0.0,damaging,KMT2A
PTPN23 (25930)_damaging,0,0.03400806598133072,204.5,90.39358384310249,0.0,damaging,PTPN23
RYR2 (6262)_damaging,0,0.03257638412200304,205.0,114.16435520774424,0.0,damaging,RYR2
PLEC (5339)_damaging,0,0.0309193366433134,206.0,80.26830009412184,0.0,damaging,PLEC
SKOR2 (652991)_damaging,0,0.03578797230737432,207.0,145.64797744333197,0.0,damaging,SKOR2
TENM1 (10178)_damaging,0,0.030318366498999782,208.4,115.63217545302864,0.0,damaging,TENM1
COL19A1 (1310)_damaging,0,0.030058237810238718,210.4,107.72093575531174,0.0,damaging,COL19A1
FREM2 (341640)_damaging,0,0.030826205899369664,210.8,116.46329894005235,0.0,damaging,FREM2
HRAS (3265)_hotspot,0,0.028878546286882155,210.8,83.79558460921434,0.0,hotspot,HRAS
COL7A1 (1294)_damaging,0,0.03024338741838804,211.4,104.56003060443317,0.0,damaging,COL7A1
SACS (26278)_damaging,0,0.0326728662842291,211.4,157.4350659795968,0.0,damaging,SACS
DHX29 (54505)_damaging,0,0.03133185542413798,211.66666666666666,135.7104761370077,0.0,damaging,DHX29
MACF1 (23499)_damaging,0,0.029959092431607222,211.8,92.12871430775533,0.0,damaging,MACF1
AOX1 (316)_damaging,0,0.03254101838192845,212.0,89.09545442950498,0.0,damaging,AOX1
BICRA (29998)_damaging,0,0.02914513102107042,212.4,82.77862042822409,0.0,damaging,BICRA
DIDO1 (11083)_damaging,0,0.029558729488053596,213.0,100.0199980003999,0.0,damaging,DIDO1
FOXN3 (1112)_damaging,0,0.0133030823049422,214.0,,0.0,damaging,FOXN3
COL27A1 (85301)_damaging,0,0.02937281356023434,215.8,94.37531456901216,0.0,damaging,COL27A1
FBN3 (84467)_damaging,0,0.03292378134778814,217.2,151.5179857310676,0.0,damaging,FBN3
FXR2 (9513)_damaging,0,0.030266389270512468,220.66666666666666,128.00130207671066,0.0,damaging,FXR2
PPP1R3A (5506)_damaging,0,0.026523943563440476,221.0,72.89718787443039,0.0,damaging,PPP1R3A
VARS2 (57176)_damaging,0,0.022824641655591248,221.25,105.77767565354547,0.0,damaging,VARS2
MSH3 (4437)_damaging,0,0.03687528998622922,221.6,215.1099718748529,0.0,damaging,MSH3
ABCA4 (24)_damaging,0,0.03316202535543905,222.0,149.90663761154806,0.0,damaging,ABCA4
AGRN (375790)_damaging,0,0.048990385447298467,222.0,275.57757528507284,0.0,damaging,AGRN
SPEG (10290)_damaging,0,0.02645844899736468,223.8,75.64522456837577,0.0,damaging,SPEG
UBR2 (23304)_damaging,0,0.0088753749526398,224.0,,0.0,damaging,UBR2
NRIP1 (8204)_damaging,0,0.029817387285905002,225.2,174.3966742802167,0.0,damaging,NRIP1
POLQ (10721)_damaging,0,0.0265592885465916,225.4,78.98290954377408,0.0,damaging,POLQ
DNAH9 (1770)_damaging,0,0.02680183175087328,225.8,106.3705786390203,0.0,damaging,DNAH9
DOP1B (9980)_damaging,0,0.029676667235091582,225.8,129.8660848720712,0.0,damaging,DOP1B
SYT4 (6860)_damaging,0,0.0301635624165808,226.0,43.840620433565945,0.0,damaging,SYT4
TDRD6 (221400)_damaging,0,0.028786799869304075,226.75,52.32192019921797,0.0,damaging,TDRD6
PRX (57716)_damaging,0,0.0309019304009086,228.25,98.7973515164585,0.0,damaging,PRX
COL15A1 (1306)_damaging,0,0.02942493055758934,228.6,143.2857285286989,0.0,damaging,COL15A1
CFAP46 (54777)_damaging,0,0.02983091764074338,228.8,159.13736204926863,0.0,damaging,CFAP46
CACNA1G (8913)_damaging,0,0.011146386567308299,231.5,79.90306627407988,0.0,damaging,CACNA1G
C2CD6 (151254)_damaging,0,0.0283950022218242,232.0,96.16652224137046,0.0,damaging,C2CD6
TGFBR2 (7048)_damaging,0,0.03299057439457802,232.4,174.7463876593734,0.0,damaging,TGFBR2
MDN1 (23195)_damaging,0,0.02603255828870916,233.0,102.40117186829457,0.0,damaging,MDN1
NBEA (26960)_damaging,0,0.02591366677052258,233.4,101.58149437766703,0.0,damaging,NBEA
XPO7 (23039)_damaging,0,0.02935226328436915,233.5,47.37615433949868,0.0,damaging,XPO7
MALRD1 (340895)_damaging,0,0.029980469346535678,233.8,191.68385430181644,0.0,damaging,MALRD1
PPP6R2 (9701)_damaging,0,0.02547018306824726,234.0,65.90902821313632,0.0,damaging,PPP6R2
NF2 (4771)_damaging,0,0.027981306769165597,236.2,155.59305897115078,0.0,damaging,NF2
SMAD4 (4089)_damaging,0,0.026363004840983716,236.8,102.88440115002857,0.0,damaging,SMAD4
MED12L (116931)_damaging,0,0.02498749939613006,237.2,100.46243078882773,0.0,damaging,MED12L
MEGF6 (1953)_damaging,0,0.0249295347910521,237.4,88.3108147397588,0.0,damaging,MEGF6
HCN4 (10021)_damaging,0,0.02481012184803088,238.6,59.513023784714555,0.0,damaging,HCN4
SOX9 (6662)_damaging,0,0.02607220880393492,238.8,118.76320979158487,0.0,damaging,SOX9
MYH7B (57644)_damaging,0,0.0280648805262599,239.0,127.45587471748802,0.0,damaging,MYH7B
ADAMTS3 (9508)_damaging,0,0.02605589621765368,240.6,117.08885514855801,0.0,damaging,ADAMTS3
ANO5 (203859)_damaging,0,0.0098901232071254,241.5,82.73149339882606,0.0,damaging,ANO5
TSPOAP1 (9256)_damaging,0,0.021548444832825336,242.0,82.1462111116514,0.0,damaging,TSPOAP1
QKI (9444)_damaging,0,0.024285204374848178,242.4,83.89457670195374,0.0,damaging,QKI
ARHGEF28 (64283)_damaging,0,0.02365251939693258,242.6,71.39887954302925,0.0,damaging,ARHGEF28
SMARCB1 (6598)_damaging,0,0.021973487458706167,243.33333333333334,113.77756076368192,0.0,damaging,SMARCB1
GUCY2C (2984)_damaging,0,0.029290581265363023,243.5,110.52752296750948,0.0,damaging,GUCY2C
COL9A1 (1297)_damaging,0,0.025193780242586818,243.6,114.80766524932035,0.0,damaging,COL9A1
TMEM132D (121256)_damaging,0,0.02375338950621688,243.6,85.77179023431889,0.0,damaging,TMEM132D
NR2C2 (7182)_damaging,0,0.0448039477743098,245.0,,0.0,damaging,NR2C2
SDK2 (54549)_damaging,0,0.02525046550620088,245.2,115.55388353491198,0.0,damaging,SDK2
KDM4B (23030)_damaging,0,0.02348059368617026,245.6,95.75907267721425,0.0,damaging,KDM4B
BAG6 (7917)_damaging,0,0.0328893084819989,246.0,80.88881257627658,0.0,damaging,BAG6
PTPN12 (5782)_damaging,0,0.034718237772456105,246.33333333333334,118.83742395951425,0.0,damaging,PTPN12
PAPPA2 (60676)_damaging,0,0.02324055462257902,246.4,68.21510096745442,0.0,damaging,PAPPA2
PCSK5 (5125)_damaging,0,0.02404521955468642,246.6,74.85853324771999,0.0,damaging,PCSK5
PTPRG (5793)_damaging,0,0.018247250936463826,247.0,94.22313940853383,0.0,damaging,PTPRG
BSN (8927)_damaging,0,0.024688839814263057,247.4,102.51243826970462,0.0,damaging,BSN
ATM (472)_damaging,0,0.03219452309722948,247.6,268.22621050150934,0.0,damaging,ATM
COL17A1 (1308)_damaging,0,0.0088963302822009,248.0,,0.0,damaging,COL17A1
PI4KA (5297)_damaging,0,0.0067818395590706,248.0,,0.0,damaging,PI4KA
NSD1 (64324)_damaging,0,0.02327569283356632,248.2,84.09637328684276,0.0,damaging,NSD1
CCDC171 (203238)_damaging,0,0.00674289147006535,248.5,43.1335136523794,0.0,damaging,CCDC171
FAT4 (79633)_damaging,0,0.02261732986046766,248.6,59.42053517093228,0.0,damaging,FAT4
EPHA7 (2045)_damaging,0,0.023615362526150784,248.8,108.40064575453414,0.0,damaging,EPHA7
MYT1L (23040)_damaging,0,0.0083705944167245,249.5,71.4177848998413,0.0,damaging,MYT1L
RSF1 (51773)_damaging,0,0.0190978247276696,250.25,106.66575520443914,0.0,damaging,RSF1
IQGAP2 (10788)_damaging,0,0.031359131673596136,250.33333333333334,43.01550108197431,0.0,damaging,IQGAP2
COL6A5 (256076)_damaging,0,0.02442930524891246,252.0,133.21974328154218,0.0,damaging,COL6A5
SUZ12 (23512)_damaging,0,0.01947940782650273,252.66666666666666,43.00387579432037,0.0,damaging,SUZ12
CNTRL (11064)_damaging,0,0.02764293042406855,252.75,111.04165884928052,0.0,damaging,CNTRL
ARSK (153642)_damaging,0,0.0231581081559681,252.8,88.46863851105657,0.0,damaging,ARSK
CHD4 (1108)_damaging,0,0.027419877859402995,252.8,138.08946375448056,0.0,damaging,CHD4
TECTA (7007)_damaging,0,0.023193769824901102,252.8,108.84714052284517,0.0,damaging,TECTA
NFIA (4774)_damaging,0,0.02957628064830652,253.0,221.64273053723193,0.0,damaging,NFIA
SLF2 (55719)_damaging,0,0.026939937876980853,254.0,101.82337649086284,0.0,damaging,SLF2
TIAM1 (7074)_damaging,0,0.0044905226149137,256.0,,0.0,damaging,TIAM1
MED15 (51586)_damaging,0,0.020577190408381702,256.3333333333333,100.85798596706825,0.0,damaging,MED15
ANKRD30B (374860)_damaging,0,0.02145324301955728,257.0,70.8801805866774,0.0,damaging,ANKRD30B
ERMP1 (79956)_damaging,0,0.019458208160674968,257.0,90.5704145954958,0.0,damaging,ERMP1
RIMBP2 (23504)_damaging,0,0.02420742048355686,257.6,172.1563243102036,0.0,damaging,RIMBP2
EZH2 (2146)_hotspot,0,0.018771701736910004,258.0,59.02541825349483,0.0,hotspot,EZH2
CIC (23152)_damaging,0,0.02419221167532466,258.4,103.9244918197823,0.0,damaging,CIC
CSMD2 (114784)_damaging,0,0.0230469566831043,258.8,140.66520536365772,0.0,damaging,CSMD2
HCFC2 (29915)_damaging,0,0.02661331799508715,260.0,96.16652224137046,0.0,damaging,HCFC2
TPO (7173)_damaging,0,0.01640744486275735,260.0,75.0066663703967,0.0,damaging,TPO
C2orf81 (388963)_hotspot,0,0.02195726665475024,260.8,71.90062586653889,0.0,hotspot,C2orf81
ALK (238)_damaging,0,0.015961619160462227,261.25,89.74547342345461,0.0,damaging,ALK
RGS7 (6000)_damaging,0,0.01924127684863345,261.75,118.13657350710659,0.0,damaging,RGS7
OTOGL (283310)_damaging,0,0.0153080894298942,263.0,64.79711927753168,0.0,damaging,OTOGL
PCDH15 (65217)_damaging,0,0.02105874839506148,263.0,61.71709649683789,0.0,damaging,PCDH15
CCDC186 (55088)_damaging,0,0.0043362957462494,264.0,,0.0,damaging,CCDC186
NAA35 (60560)_damaging,0,0.0066251955420539,264.0,,0.0,damaging,NAA35
BEND4 (389206)_damaging,0,0.014315320279120424,264.25,34.7598906787694,0.0,damaging,BEND4
DNA2 (1763)_damaging,0,0.020133278740818134,264.3333333333333,128.28613850815424,0.0,damaging,DNA2
ADGRB1 (575)_damaging,0,0.0049780574437604,264.5,23.33452377915607,0.0,damaging,ADGRB1
DNAH6 (1768)_damaging,0,0.02229025158605118,264.8,147.74877326055875,0.0,damaging,DNAH6
NOLC1 (9221)_damaging,0,0.0067092618720825,265.5,88.38834764831844,0.0,damaging,NOLC1
COL18A1 (80781)_damaging,0,0.019584394280288943,265.8,46.59077161842246,0.0,damaging,COL18A1
PTPRN2 (5799)_damaging,0,0.03403216556467058,266.0,305.12838827833326,0.0,damaging,PTPRN2
ARAP2 (116984)_damaging,0,0.02516401258690185,266.5,86.97413408594535,0.0,damaging,ARAP2
PRDM9 (56979)_damaging,0,0.014768427896879275,266.75,78.9657098577182,0.0,damaging,PRDM9
RAD50 (10111)_damaging,0,0.023151961122933197,266.8,154.34927923382085,0.0,damaging,RAD50
PLXNA1 (5361)_damaging,0,0.0416011118541122,268.0,,0.0,damaging,PLXNA1
TOPBP1 (11073)_damaging,0,0.020611170545312217,269.6,79.07464827617004,0.0,damaging,TOPBP1
PDZD2 (23037)_damaging,0,0.01973355387269084,270.2,53.630215364102355,0.0,damaging,PDZD2
ZNF469 (84627)_damaging,0,0.02376339525046494,271.0,187.45266069063945,0.0,damaging,ZNF469
GON4L (54856)_damaging,0,0.03154856608526577,271.3333333333333,142.7036556410989,0.0,damaging,GON4L
ADGRL4 (64123)_damaging,0,0.01975342058672912,272.4,82.19975669063747,0.0,damaging,ADGRL4
BOD1L1 (259282)_damaging,0,0.022177863575373657,272.6,148.79616930553016,0.0,damaging,BOD1L1
STARD9 (57519)_damaging,0,0.0194283795070285,272.6,69.31666466297985,0.0,damaging,STARD9
ARFGEF1 (10565)_damaging,0,0.020301962984923143,272.8,102.08427890718532,0.0,damaging,ARFGEF1
CDH18 (1016)_damaging,0,0.02248453254965255,273.0,30.886890422961002,0.0,damaging,CDH18
SRCIN1 (80725)_damaging,0,0.030355519785517936,273.0,101.38540328863914,0.0,damaging,SRCIN1
NAV3 (89795)_damaging,0,0.019457405146392902,273.2,60.94833877965831,0.0,damaging,NAV3
AOC1 (26)_damaging,0,0.0177260510022689,273.3333333333333,71.81457605064124,0.0,damaging,AOC1
TAF1L (138474)_damaging,0,0.0153981770798156,273.6666666666667,30.171730698342994,0.0,damaging,TAF1L
ATP8A2 (51761)_damaging,0,0.0186765782277521,275.8,68.39005775695763,0.0,damaging,ATP8A2
ZNF90 (7643)_damaging,0,0.0235654976081194,276.0,73.53910524340094,0.0,damaging,ZNF90
MEN1 (4221)_damaging,0,0.02093744930528275,277.0,15.556349186104045,0.0,damaging,MEN1
TRDN (10345)_damaging,0,0.018960448634367022,277.8,90.11770081399104,0.0,damaging,TRDN
RTTN (25914)_damaging,0,0.018971353169727378,278.2,81.78141598187207,0.0,damaging,RTTN
CLSPN (63967)_damaging,0,0.016668704531627734,278.6666666666667,117.46205060926415,0.0,damaging,CLSPN
ERICH3 (127254)_damaging,0,0.019688378109740577,279.2,117.12685430762666,0.0,damaging,ERICH3
HIPK3 (10114)_damaging,0,0.0164548056831158,280.3333333333333,64.45411804790545,0.0,damaging,HIPK3
MRE11 (4361)_damaging,0,0.0397907579897046,281.0,,0.0,damaging,MRE11
SIPA1L2 (57568)_damaging,0,0.015430100631329135,281.0,48.86716689148246,0.0,damaging,SIPA1L2
PHF20L1 (51105)_damaging,0,0.01874116924206396,281.2,91.824288725805,0.0,damaging,PHF20L1
RELN (5649)_damaging,0,0.01786831745932766,281.6,45.02554830315785,0.0,damaging,RELN
COL6A3 (1293)_damaging,0,0.01877208954336388,281.8,88.42058583836685,0.0,damaging,COL6A3
SLC3A2 (6520)_damaging,0,0.012336514547815125,282.5,48.6449723335653,0.0,damaging,SLC3A2
NIPBL (25836)_damaging,0,0.017940332244610897,282.8,67.2658903159692,0.0,damaging,NIPBL
DSCAM (1826)_damaging,0,0.018918767209540218,283.0,108.3097410208334,0.0,damaging,DSCAM
CTNNB1 (1499)_hotspot,0,0.01741110455911902,283.2,33.96615962984335,0.0,hotspot,CTNNB1
SMARCA1 (6594)_damaging,0,0.043082818843561396,283.5,238.2949852598665,0.0,damaging,SMARCA1
CPD (1362)_damaging,0,0.0152996838045337,284.0,46.130250378683186,0.0,damaging,CPD
MAP4K4 (9448)_damaging,0,0.02258073588494665,284.5,61.518289963229634,0.0,damaging,MAP4K4
B2M (567)_damaging,0,0.0175069574486119,284.8,60.009999166805535,0.0,damaging,B2M
CAMSAP1 (157922)_damaging,0,0.024781239626758197,286.0,147.2865687472328,0.0,damaging,CAMSAP1
PLCL1 (5334)_damaging,0,0.0181599775831261,286.0,89.39798655450804,0.0,damaging,PLCL1
CAMTA2 (23125)_damaging,0,0.00266590808025295,286.5,19.091883092036785,0.0,damaging,CAMTA2
SCN1A (6323)_damaging,0,0.018475067913589438,287.0,116.33572108342304,0.0,damaging,SCN1A
SSH2 (85464)_damaging,0,0.0223018020456641,287.5,57.27564927611035,0.0,damaging,SSH2
LAMA5 (3911)_damaging,0,0.0243682453197565,287.6,212.54834744123514,0.0,damaging,LAMA5
EVPL (2125)_damaging,0,0.015534440832023766,287.6666666666667,120.97244865395317,0.0,damaging,EVPL
BCAS3 (54828)_damaging,0,0.0,288.0,,0.0,damaging,BCAS3
CEP120 (153241)_damaging,0,0.0,288.0,,0.0,damaging,CEP120
CFAP74 (85452)_damaging,0,0.0,288.0,,0.0,damaging,CFAP74
DPP4 (1803)_damaging,0,0.0,288.0,,0.0,damaging,DPP4
EGF (1950)_damaging,0,0.0,288.0,,0.0,damaging,EGF
EPB41 (2035)_damaging,0,0.0,288.0,,0.0,damaging,EPB41
EZH2 (2146)_damaging,0,0.0,288.0,,0.0,damaging,EZH2
GPRC6A (222545)_damaging,0,0.0,288.0,,0.0,damaging,GPRC6A
ITGAV (3685)_damaging,0,0.0,288.0,,0.0,damaging,ITGAV
KCNN2 (3781)_damaging,0,0.0,288.0,,0.0,damaging,KCNN2
MAP4K1 (11184)_damaging,0,0.0,288.0,,0.0,damaging,MAP4K1
MAPRE3 (22924)_damaging,0,0.0,288.0,,0.0,damaging,MAPRE3
MYRFL (196446)_damaging,0,0.0,288.0,,0.0,damaging,MYRFL
NAA25 (80018)_damaging,0,0.0,288.0,,0.0,damaging,NAA25
NLRP8 (126205)_damaging,0,0.0,288.0,,0.0,damaging,NLRP8
NOP58 (51602)_damaging,0,0.0,288.0,,0.0,damaging,NOP58
OR4A15 (81328)_damaging,0,0.0,288.0,,0.0,damaging,OR4A15
SPOCD1 (90853)_damaging,0,0.0,288.0,,0.0,damaging,SPOCD1
SYNGAP1 (8831)_damaging,0,0.0,288.0,,0.0,damaging,SYNGAP1
TJP3 (27134)_damaging,0,0.0,288.0,,0.0,damaging,TJP3
TXNDC11 (51061)_damaging,0,0.0,288.0,,0.0,damaging,TXNDC11
ZNF407 (55628)_damaging,0,0.0,288.0,,0.0,damaging,ZNF407
ZNF735 (730291)_damaging,0,0.0,288.0,,0.0,damaging,ZNF735
RPL22 (6146)_damaging,0,0.02079820870153712,289.4,145.22844074078603,0.0,damaging,RPL22
PRRC2C (23215)_damaging,0,0.013129484001121933,290.6666666666667,8.326663997864523,0.0,damaging,PRRC2C
SPAG9 (9043)_damaging,0,0.0190746320737362,291.0,4.242640687119285,0.0,damaging,SPAG9
TAF1C (9013)_damaging,0,0.0025135615503287497,291.0,41.012193308819754,0.0,damaging,TAF1C
TG (7038)_damaging,0,0.0227997261555169,291.25,132.9244773044704,0.0,damaging,TG
CHL1 (10752)_damaging,0,0.019493990869220868,292.3333333333333,156.57692465153775,0.0,damaging,CHL1
HECW1 (23072)_damaging,0,0.0107449197976093,292.5,30.653982884230015,0.0,damaging,HECW1
WDR64 (128025)_damaging,0,0.02108151963034635,292.5,33.23401871576773,0.0,damaging,WDR64
ANKRD36 (375248)_damaging,0,0.0,294.0,8.48528137423857,0.0,damaging,ANKRD36
DEUP1 (159989)_damaging,0,0.0,294.0,8.48528137423857,0.0,damaging,DEUP1
DGKI (9162)_damaging,0,0.0,294.0,8.48528137423857,0.0,damaging,DGKI
PCSK1 (5122)_damaging,0,0.0,294.0,8.48528137423857,0.0,damaging,PCSK1
PZP (5858)_damaging,0,0.0,294.0,8.48528137423857,0.0,damaging,PZP
SYNJ1 (8867)_damaging,0,0.0,294.0,8.48528137423857,0.0,damaging,SYNJ1
TLN2 (83660)_damaging,0,0.01684340922283028,294.6,68.2663899733976,0.0,damaging,TLN2
KDM6A (7403)_damaging,0,0.01871387167020348,295.2,185.11131786036205,0.0,damaging,KDM6A
FKBP15 (23307)_damaging,0,0.010794614947166074,295.75,42.851487722131644,0.0,damaging,FKBP15
SORCS1 (114815)_damaging,0,0.010423779728417425,295.75,25.46075411294803,0.0,damaging,SORCS1
LINC02900 (340073)_damaging,0,0.01776155641812014,295.8,138.71625715827255,0.0,damaging,LINC02900
SEMA3E (9723)_damaging,0,0.011969559698148724,296.0,121.99180300331658,0.0,damaging,SEMA3E
PKHD1 (5314)_damaging,0,0.021919802997200883,296.2,182.03626012418516,0.0,damaging,PKHD1
ABCA2 (20)_damaging,0,0.02477299796338253,296.6666666666667,33.84277372399215,0.0,damaging,ABCA2
CNTNAP5 (129684)_damaging,0,0.02137601029481932,296.8,246.26347678858104,0.0,damaging,CNTNAP5
INF2 (64423)_damaging,0,0.01579566438571096,296.8,31.546790645008564,0.0,damaging,INF2
PTPRD (5789)_damaging,0,0.01668914317607026,298.2,125.59538208071187,0.0,damaging,PTPRD
CFAP54 (144535)_damaging,0,0.01752941683090396,298.4,108.34574287898901,0.0,damaging,CFAP54
CADPS2 (93664)_damaging,0,0.010382644846047749,298.5,64.04425553214486,0.0,damaging,CADPS2
MKI67 (4288)_damaging,0,0.015500641305223922,298.6,31.603797240205168,0.0,damaging,MKI67
RAD51AP2 (729475)_damaging,0,0.018041175387911,299.0,136.31947769852994,0.0,damaging,RAD51AP2
SAMD9 (54809)_damaging,0,0.016061222605441537,299.2,78.87775351770611,0.0,damaging,SAMD9
TLE4 (7091)_damaging,0,0.01839853886492255,299.25,37.95940814431472,0.0,damaging,TLE4
CEP152 (22995)_damaging,0,0.015122280859637566,299.3333333333333,134.65635274034915,0.0,damaging,CEP152
ACADVL (37)_damaging,0,0.0,300.0,,0.0,damaging,ACADVL
ADAR (103)_damaging,0,0.0,300.0,,0.0,damaging,ADAR
ADARB2 (105)_damaging,0,0.0,300.0,,0.0,damaging,ADARB2
AFF3 (3899)_damaging,0,0.0,300.0,,0.0,damaging,AFF3
ALOX12B (242)_damaging,0,0.0,300.0,,0.0,damaging,ALOX12B
ANKRD13B (124930)_damaging,0,0.0,300.0,,0.0,damaging,ANKRD13B
ANKRD18B (441459)_damaging,0,0.0,300.0,,0.0,damaging,ANKRD18B
AP1M1 (8907)_damaging,0,0.0,300.0,,0.0,damaging,AP1M1
APC2 (10297)_damaging,0,0.0,300.0,,0.0,damaging,APC2
ATP10D (57205)_damaging,0,0.0,300.0,,0.0,damaging,ATP10D
BCL11A (53335)_damaging,0,0.0,300.0,,0.0,damaging,BCL11A
BRD10 (158358)_damaging,0,0.0,300.0,,0.0,damaging,BRD10
CACNA1D (776)_damaging,0,0.00098417827426495,300.0,21.213203435596427,0.0,damaging,CACNA1D
CARMIL2 (146206)_damaging,0,0.0,300.0,,0.0,damaging,CARMIL2
CTNND2 (1501)_damaging,0,0.0,300.0,,0.0,damaging,CTNND2
DGKZ (8525)_damaging,0,0.0,300.0,,0.0,damaging,DGKZ
EIF4G3 (8672)_damaging,0,0.0,300.0,,0.0,damaging,EIF4G3
FAM135B (51059)_damaging,0,0.0,300.0,,0.0,damaging,FAM135B
FBLN2 (2199)_damaging,0,0.0,300.0,,0.0,damaging,FBLN2
FBXO38 (81545)_damaging,0,0.0,300.0,,0.0,damaging,FBXO38
G2E3 (55632)_damaging,0,0.0,300.0,,0.0,damaging,G2E3
HEATR1 (55127)_damaging,0,0.0,300.0,,0.0,damaging,HEATR1
HECA (51696)_damaging,0,0.025677179307243198,300.0,96.65919511355348,0.0,damaging,HECA
HERC5 (51191)_damaging,0,0.0,300.0,,0.0,damaging,HERC5
ITGAM (3684)_damaging,0,0.0,300.0,,0.0,damaging,ITGAM
KLHL41 (10324)_damaging,0,0.0,300.0,,0.0,damaging,KLHL41
LIFR (3977)_damaging,0,0.0,300.0,,0.0,damaging,LIFR
MAN2B1 (4125)_damaging,0,0.0,300.0,,0.0,damaging,MAN2B1
MICAL2 (9645)_damaging,0,0.0,300.0,,0.0,damaging,MICAL2
MLLT10 (8028)_damaging,0,0.0,300.0,,0.0,damaging,MLLT10
MRTFA (57591)_damaging,0,0.0,300.0,,0.0,damaging,MRTFA
MYO9B (4650)_damaging,0,0.0,300.0,,0.0,damaging,MYO9B
NPHP3 (27031)_damaging,0,0.0,300.0,,0.0,damaging,NPHP3
PIEZO1 (9780)_damaging,0,0.0,300.0,,0.0,damaging,PIEZO1
PPP1R10 (5514)_damaging,0,0.0,300.0,,0.0,damaging,PPP1R10
PSD3 (23362)_damaging,0,0.0,300.0,,0.0,damaging,PSD3
PYHIN1 (149628)_damaging,0,0.0,300.0,,0.0,damaging,PYHIN1
RCBTB2 (1102)_damaging,0,0.0,300.0,,0.0,damaging,RCBTB2
RHBDF2 (79651)_damaging,0,0.0,300.0,,0.0,damaging,RHBDF2
SLC4A11 (83959)_damaging,0,0.0,300.0,,0.0,damaging,SLC4A11
SNAPC4 (6621)_damaging,0,0.0,300.0,,0.0,damaging,SNAPC4
USP19 (10869)_damaging,0,0.0,300.0,,0.0,damaging,USP19
NAV2 (89797)_damaging,0,0.015771830587722017,300.2,41.63171867698954,0.0,damaging,NAV2
APC (324)_damaging,0,0.0203367020515694,300.6,158.9097227988269,0.0,damaging,APC
HIP1R (9026)_damaging,0,0.013910048819996135,301.3333333333333,89.04680417248747,0.0,damaging,HIP1R
PLEKHA6 (22874)_damaging,0,0.018113902051689782,301.6,166.35594368702309,0.0,damaging,PLEKHA6
COL1A1 (1277)_damaging,0,0.01726326221198372,301.8,134.16482400390947,0.0,damaging,COL1A1
UBAP2L (9898)_damaging,0,0.019179771095763902,302.25,107.90234782740673,0.0,damaging,UBAP2L
RAD17 (5884)_damaging,0,0.0154917067098202,303.4,57.648070219218965,0.0,damaging,RAD17
SLCO1B3 (28234)_damaging,0,0.020125818435210434,304.0,241.024894979751,0.0,damaging,SLCO1B3
DDX27 (55661)_damaging,0,0.01688284411801646,304.6,107.74414137204862,0.0,damaging,DDX27
SYNE1 (23345)_damaging,0,0.019369105636014138,305.0,200.53677966896745,0.0,damaging,SYNE1
C2orf42 (54980)_damaging,0,0.0,305.3333333333333,20.526405757787536,0.0,damaging,C2orf42
CAMTA1 (23261)_damaging,0,0.0,305.3333333333333,20.526405757787536,0.0,damaging,CAMTA1
CLUH (23277)_damaging,0,0.0,305.3333333333333,20.526405757787536,0.0,damaging,CLUH
DLG2 (1740)_damaging,0,0.0,305.3333333333333,20.526405757787536,0.0,damaging,DLG2
DOCK1 (1793)_damaging,0,0.0,305.3333333333333,20.526405757787536,0.0,damaging,DOCK1
EFCAB7 (84455)_damaging,0,0.0,305.3333333333333,20.526405757787536,0.0,damaging,EFCAB7
KANSL1L (151050)_damaging,0,0.0,305.3333333333333,20.526405757787536,0.0,damaging,KANSL1L
NECTIN3 (25945)_damaging,0,0.0,305.3333333333333,20.526405757787536,0.0,damaging,NECTIN3
NOX5 (79400)_damaging,0,0.0,305.3333333333333,20.526405757787536,0.0,damaging,NOX5
NR3C1 (2908)_damaging,0,0.0,305.3333333333333,20.526405757787536,0.0,damaging,NR3C1
NYAP2 (57624)_damaging,0,0.0,305.3333333333333,20.526405757787536,0.0,damaging,NYAP2
OR51E2 (81285)_damaging,0,0.0,305.3333333333333,20.526405757787536,0.0,damaging,OR51E2
PROM2 (150696)_damaging,0,0.0,305.3333333333333,20.526405757787536,0.0,damaging,PROM2
RTCB (51493)_damaging,0,0.0,305.3333333333333,20.526405757787536,0.0,damaging,RTCB
SDK1 (221935)_damaging,0,0.0,305.3333333333333,20.526405757787536,0.0,damaging,SDK1
COL5A2 (1290)_damaging,0,0.01694907344577046,305.6,152.01578865367898,0.0,damaging,COL5A2
WIZ (58525)_damaging,0,0.01549501672826214,306.6,67.76651090324778,0.0,damaging,WIZ
ADAMTS9 (56999)_damaging,0,0.0,308.0,28.284271247461902,0.0,damaging,ADAMTS9
ARHGAP23 (57636)_damaging,0,0.0,308.0,28.284271247461902,0.0,damaging,ARHGAP23
CACNA1F (778)_damaging,0,0.0,308.0,28.284271247461902,0.0,damaging,CACNA1F
CEPT1 (10390)_damaging,0,0.0,308.0,28.284271247461902,0.0,damaging,CEPT1
CRB1 (23418)_damaging,0,0.0,308.0,28.284271247461902,0.0,damaging,CRB1
DENND4B (9909)_damaging,0,0.0,308.0,28.284271247461902,0.0,damaging,DENND4B
DIAPH3 (81624)_damaging,0,0.0,308.0,28.284271247461902,0.0,damaging,DIAPH3
FIGNL1 (63979)_damaging,0,0.0,308.0,28.284271247461902,0.0,damaging,FIGNL1
GOLGA3 (2802)_damaging,0,0.0,308.0,28.284271247461902,0.0,damaging,GOLGA3
KIFC2 (90990)_damaging,0,0.0,308.0,28.284271247461902,0.0,damaging,KIFC2
MYH4 (4622)_damaging,0,0.0,308.0,28.284271247461902,0.0,damaging,MYH4
NLRP7 (199713)_damaging,0,0.0,308.0,28.284271247461902,0.0,damaging,NLRP7
OSBPL1A (114876)_damaging,0,0.0,308.0,28.284271247461902,0.0,damaging,OSBPL1A
PAPPA (5069)_damaging,0,0.0,308.0,28.284271247461902,0.0,damaging,PAPPA
PLXDC2 (84898)_damaging,0,0.0,308.0,28.284271247461902,0.0,damaging,PLXDC2
TBC1D4 (9882)_damaging,0,0.0,308.0,28.284271247461902,0.0,damaging,TBC1D4
TBX4 (9496)_damaging,0,0.0,308.0,28.284271247461902,0.0,damaging,TBX4
TNNI3K (51086)_damaging,0,0.0,308.0,28.284271247461902,0.0,damaging,TNNI3K
USP8 (9101)_damaging,0,0.0,308.0,28.284271247461902,0.0,damaging,USP8
XPOT (11260)_damaging,0,0.0,308.0,28.284271247461902,0.0,damaging,XPOT
CCDC15 (80071)_damaging,0,0.018147972452967148,308.25,45.87210481327405,0.0,damaging,CCDC15
DNHD1 (144132)_damaging,0,0.021326718719542153,309.75,169.06482977445862,0.0,damaging,DNHD1
COL24A1 (255631)_damaging,0,0.02074439031818056,310.0,247.43989169089127,0.0,damaging,COL24A1
TPTE (7179)_damaging,0,0.01664206962548784,310.6,163.08831963080618,0.0,damaging,TPTE
UNC5D (137970)_damaging,0,0.020266176306103674,310.75,152.00959399546684,0.0,damaging,UNC5D
CELSR3 (1951)_damaging,0,0.01456493723969646,311.0,81.92679659305617,0.0,damaging,CELSR3
PPIG (9360)_damaging,0,0.02360385332786358,311.25,266.2922892862903,0.0,damaging,PPIG
SCNN1B (6338)_damaging,0,0.00866998094260415,313.0,66.32244466744773,0.0,damaging,SCNN1B
LAMA3 (3909)_damaging,0,0.014202274825888619,313.4,47.81004078642895,0.0,damaging,LAMA3
SAMHD1 (25939)_damaging,0,0.016627649693983098,313.4,177.4268863504063,0.0,damaging,SAMHD1
ADAM22 (53616)_damaging,0,0.0,314.0,19.79898987322333,0.0,damaging,ADAM22
ARHGAP33 (115703)_damaging,0,0.0,314.0,19.79898987322333,0.0,damaging,ARHGAP33
CD58 (965)_damaging,0,0.0,314.0,19.79898987322333,0.0,damaging,CD58
CFH (3075)_damaging,0,0.0,314.0,19.79898987322333,0.0,damaging,CFH
EPYC (1833)_damaging,0,0.0,314.0,19.79898987322333,0.0,damaging,EPYC
FBXL13 (222235)_damaging,0,0.0,314.0,19.79898987322333,0.0,damaging,FBXL13
FRMPD4 (9758)_damaging,0,0.0,314.0,19.79898987322333,0.0,damaging,FRMPD4
GALNT13 (114805)_damaging,0,0.0,314.0,19.79898987322333,0.0,damaging,GALNT13
MAGI3 (260425)_damaging,0,0.0,314.0,19.79898987322333,0.0,damaging,MAGI3
MIPOL1 (145282)_damaging,0,0.0,314.0,19.79898987322333,0.0,damaging,MIPOL1
PTEN (5728)_hotspot,0,0.015536974049315819,314.0,123.79014500355026,0.0,hotspot,PTEN
RUBCNL (80183)_damaging,0,0.0,314.0,19.79898987322333,0.0,damaging,RUBCNL
SHANK2 (22941)_damaging,0,0.023728249680777726,314.0,280.5031194122447,0.0,damaging,SHANK2
SPRED1 (161742)_damaging,0,0.0,314.0,19.79898987322333,0.0,damaging,SPRED1
UMODL1 (89766)_damaging,0,0.0,314.0,19.79898987322333,0.0,damaging,UMODL1
USH1C (10083)_damaging,0,0.0,314.0,19.79898987322333,0.0,damaging,USH1C
VWA5B1 (127731)_damaging,0,0.0,314.0,19.79898987322333,0.0,damaging,VWA5B1
ZNRF3 (84133)_damaging,0,0.0,314.0,19.79898987322333,0.0,damaging,ZNRF3
MMP3 (4314)_damaging,0,0.01796266391080662,315.4,239.24422668060353,0.0,damaging,MMP3
DSCAML1 (57453)_damaging,0,0.01439371195865694,315.6,111.57419056394718,0.0,damaging,DSCAML1
SLC16A12 (387700)_damaging,0,0.03728502639558975,316.0,164.04877323527901,0.0,damaging,SLC16A12
MUC4 (4585)_damaging,0,0.014199904637719921,316.6,100.19880238805251,0.0,damaging,MUC4
ROCK1 (6093)_damaging,0,0.017573699742690258,317.0,232.8282628891948,0.0,damaging,ROCK1
WDR17 (116966)_damaging,0,0.017462065686216725,317.25,35.453020557727754,0.0,damaging,WDR17
SMARCA2 (6595)_damaging,0,0.018163105515836126,317.5,128.80087991417864,0.0,damaging,SMARCA2
PIK3R1 (5295)_damaging,0,0.01456974476037054,317.6,100.16636161905852,0.0,damaging,PIK3R1
KANSL1 (284058)_damaging,0,0.01984641956128454,318.2,243.53685552704337,0.0,damaging,KANSL1
ITGB4 (3691)_damaging,0,0.0163527327113036,318.6,135.71587968988743,0.0,damaging,ITGB4
EGFR (1956)_hotspot,0,0.0144433015387119,318.8,131.51121625169466,0.0,hotspot,EGFR
ROBO2 (6092)_damaging,0,0.01965030208256192,318.8,243.28522355457596,0.0,damaging,ROBO2
CENPF (1063)_damaging,0,0.020618707202988962,320.0,240.83500576120574,0.0,damaging,CENPF
JAKMIP1 (152789)_damaging,0,0.010976425237032633,320.3333333333333,17.785762095938793,0.0,damaging,JAKMIP1
MAP3K12 (7786)_damaging,0,0.0177950917976095,320.6,194.3200967476087,0.0,damaging,MAP3K12
CTCF (10664)_damaging,0,0.01272086616146122,320.8,56.050869752395464,0.0,damaging,CTCF
PKHD1L1 (93035)_damaging,0,0.01767420997613676,320.8,235.62936998600154,0.0,damaging,PKHD1L1
PRUNE2 (158471)_damaging,0,0.01356241918115878,321.2,84.73901108698402,0.0,damaging,PRUNE2
SMARCAD1 (56916)_damaging,0,0.0164384111936925,321.2,211.0679985218034,0.0,damaging,SMARCAD1
HLA-C (3107)_damaging,0,0.01517719839767456,321.8,171.98895313362425,0.0,damaging,HLA-C
NCOR1 (9611)_damaging,0,0.01470906061555112,322.0,150.93541665228872,0.0,damaging,NCOR1
NOBOX (135935)_damaging,0,0.013443089865982518,322.4,107.18348753422795,0.0,damaging,NOBOX
HERC1 (8925)_damaging,0,0.017934055088959018,322.6,241.9675598091612,0.0,damaging,HERC1
CDKL3 (51265)_damaging,0,0.0347593413734203,323.0,,0.0,damaging,CDKL3
STXBP5 (134957)_damaging,0,0.010790422742903467,323.3333333333333,21.385353243127245,0.0,damaging,STXBP5
ATP13A5 (344905)_damaging,0,0.009040204103641232,324.3333333333333,52.88036812781595,0.0,damaging,ATP13A5
SARDH (1757)_damaging,0,0.0171627140407622,325.5,3.5355339059327378,0.0,damaging,SARDH
ADAMTS5 (11096)_damaging,0,0.0170698468955147,326.5,67.17514421272202,0.0,damaging,ADAMTS5
TEX15 (56154)_damaging,0,0.01249319180968548,327.2,101.84890770155565,0.0,damaging,TEX15
THADA (63892)_damaging,0,0.017693789844949598,327.8,233.9470025454483,0.0,damaging,THADA
ABCC5 (10057)_damaging,0,0.0,328.0,,0.0,damaging,ABCC5
ACAP3 (116983)_damaging,0,0.0,328.0,,0.0,damaging,ACAP3
ADAMTS18 (170692)_damaging,0,0.0,328.0,,0.0,damaging,ADAMTS18
AMER3 (205147)_damaging,0,0.0,328.0,,0.0,damaging,AMER3
ANKFN1 (162282)_damaging,0,0.0,328.0,,0.0,damaging,ANKFN1
ARHGAP24 (83478)_damaging,0,0.0,328.0,,0.0,damaging,ARHGAP24
CDH16 (1014)_damaging,0,0.0,328.0,,0.0,damaging,CDH16
CFAP44 (55779)_damaging,0,0.0,328.0,,0.0,damaging,CFAP44
CLCN3 (1182)_damaging,0,0.0,328.0,,0.0,damaging,CLCN3
CPED1 (79974)_damaging,0,0.0,328.0,,0.0,damaging,CPED1
CTC1 (80169)_damaging,0,0.0,328.0,,0.0,damaging,CTC1
DACH2 (117154)_damaging,0,0.0,328.0,,0.0,damaging,DACH2
DDC (1644)_damaging,0,0.0,328.0,,0.0,damaging,DDC
DENND4A (10260)_damaging,0,0.0,328.0,,0.0,damaging,DENND4A
DISP1 (84976)_damaging,0,0.0,328.0,,0.0,damaging,DISP1
DLEC1 (9940)_damaging,0,0.0,328.0,,0.0,damaging,DLEC1
DNAI3 (126820)_damaging,0,0.0,328.0,,0.0,damaging,DNAI3
DVL1 (1855)_damaging,0,0.0,328.0,,0.0,damaging,DVL1
EIF2AK4 (440275)_damaging,0,0.0,328.0,,0.0,damaging,EIF2AK4
EML3 (256364)_damaging,0,0.0,328.0,,0.0,damaging,EML3
ERICH6B (220081)_damaging,0,0.0,328.0,,0.0,damaging,ERICH6B
FAM47B (170062)_damaging,0,0.0,328.0,,0.0,damaging,FAM47B
FUBP1 (8880)_damaging,0,0.0,328.0,,0.0,damaging,FUBP1
GAK (2580)_damaging,0,0.0,328.0,,0.0,damaging,GAK
GAPVD1 (26130)_damaging,0,0.0,328.0,,0.0,damaging,GAPVD1
GBP1 (2633)_damaging,0,0.0,328.0,,0.0,damaging,GBP1
GCC2 (9648)_damaging,0,0.0,328.0,,0.0,damaging,GCC2
GGNBP2 (79893)_damaging,0,0.0,328.0,,0.0,damaging,GGNBP2
GNAS (2778)_damaging,0,0.0,328.0,,0.0,damaging,GNAS
GPS2 (2874)_damaging,0,0.0,328.0,,0.0,damaging,GPS2
GRIA4 (2893)_damaging,0,0.0,328.0,,0.0,damaging,GRIA4
HDAC5 (10014)_damaging,0,0.0,328.0,,0.0,damaging,HDAC5
IGSF9 (57549)_damaging,0,0.0,328.0,,0.0,damaging,IGSF9
INTS1 (26173)_damaging,0,0.0,328.0,,0.0,damaging,INTS1
MCM3AP (8888)_damaging,0,0.0,328.0,,0.0,damaging,MCM3AP
MET (4233)_damaging,0,0.0,328.0,,0.0,damaging,MET
MPHOSPH9 (10198)_damaging,0,0.0,328.0,,0.0,damaging,MPHOSPH9
MUC3A (4584)_damaging,0,0.0,328.0,,0.0,damaging,MUC3A
MUC6 (4588)_damaging,0,0.0,328.0,,0.0,damaging,MUC6
MYO1B (4430)_damaging,0,0.0,328.0,,0.0,damaging,MYO1B
NASP (4678)_damaging,0,0.0,328.0,,0.0,damaging,NASP
NSRP1 (84081)_damaging,0,0.0,328.0,,0.0,damaging,NSRP1
NWD1 (284434)_damaging,0,0.0,328.0,,0.0,damaging,NWD1
OCA2 (4948)_damaging,0,0.0,328.0,,0.0,damaging,OCA2
PAN3 (255967)_damaging,0,0.0,328.0,,0.0,damaging,PAN3
PARP14 (54625)_damaging,0,0.0,328.0,,0.0,damaging,PARP14
PCDHB6 (56130)_damaging,0,0.0,328.0,,0.0,damaging,PCDHB6
PDE6C (5146)_damaging,0,0.0,328.0,,0.0,damaging,PDE6C
PHLDB1 (23187)_damaging,0,0.0,328.0,,0.0,damaging,PHLDB1
PIWIL1 (9271)_damaging,0,0.0,328.0,,0.0,damaging,PIWIL1
PLD1 (5337)_damaging,0,0.0,328.0,,0.0,damaging,PLD1
RECQL4 (9401)_damaging,0,0.0,328.0,,0.0,damaging,RECQL4
RLF (6018)_damaging,0,0.0,328.0,,0.0,damaging,RLF
RNF111 (54778)_damaging,0,0.0,328.0,,0.0,damaging,RNF111
SEC31B (25956)_damaging,0,0.0,328.0,,0.0,damaging,SEC31B
SLC23A3 (151295)_damaging,0,0.0,328.0,,0.0,damaging,SLC23A3
SLC5A7 (60482)_damaging,0,0.0,328.0,,0.0,damaging,SLC5A7
SLC6A19 (340024)_damaging,0,0.0,328.0,,0.0,damaging,SLC6A19
STRA6 (64220)_damaging,0,0.0,328.0,,0.0,damaging,STRA6
TBXT (6862)_damaging,0,0.0,328.0,,0.0,damaging,TBXT
TEX10 (54881)_damaging,0,0.0,328.0,,0.0,damaging,TEX10
THBS2 (7058)_damaging,0,0.0,328.0,,0.0,damaging,THBS2
TMEM260 (54916)_damaging,0,0.0,328.0,,0.0,damaging,TMEM260
UGT2B4 (7363)_damaging,0,0.0,328.0,,0.0,damaging,UGT2B4
ZNF43 (7594)_damaging,0,0.0,328.0,,0.0,damaging,ZNF43
ZNF722 (100419780)_damaging,0,0.0,328.0,,0.0,damaging,ZNF722
ZNF99 (7652)_damaging,0,0.0,328.0,,0.0,damaging,ZNF99
NCAM1 (4684)_damaging,0,0.01204324759594664,328.2,35.031414473298106,0.0,damaging,NCAM1
EEA1 (8411)_damaging,0,0.0336804163992519,329.0,52.32590180780452,0.0,damaging,EEA1
PCCA (5095)_damaging,0,0.03441321351466865,329.0,59.39696961966999,0.0,damaging,PCCA
TYK2 (7297)_damaging,0,0.0338745545578921,329.0,,0.0,damaging,TYK2
VPS13A (23230)_damaging,0,0.0124700995819094,329.0,105.5035544424926,0.0,damaging,VPS13A
ABCA12 (26154)_damaging,0,0.014109455486622319,329.2,189.9426229154478,0.0,damaging,ABCA12
KIAA1217 (56243)_damaging,0,0.0225448051774484,329.5,300.5203820042827,0.0,damaging,KIAA1217
SLIT2 (9353)_damaging,0,0.014137900355084398,330.0,167.4275962916508,0.0,damaging,SLIT2
ARID4A (5926)_damaging,0,0.01649175939142094,330.4,193.34114926729902,0.0,damaging,ARID4A
WWC2 (80014)_damaging,0,0.010283160025822833,331.0,32.60368077380221,0.0,damaging,WWC2
ZNF236 (7776)_damaging,0,0.012321383240626201,331.0,95.24704719832526,0.0,damaging,ZNF236
NACA (4666)_damaging,0,0.01731215301062424,332.2,234.16810201220832,0.0,damaging,NACA
ANKIB1 (54467)_damaging,0,0.0172556858956724,332.6,232.53988905131953,0.0,damaging,ANKIB1
COL22A1 (169044)_damaging,0,0.011761470690904042,332.8,80.78180488204012,0.0,damaging,COL22A1
HLA-A (3105)_damaging,0,0.01302192685433908,333.2,124.27670739120828,0.0,damaging,HLA-A
CUBN (8029)_damaging,0,0.011712691846970899,334.0,101.6464460765845,0.0,damaging,CUBN
KDM6B (23135)_damaging,0,0.01359526943699842,334.0,176.8502191121063,0.0,damaging,KDM6B
ZNF208 (7757)_damaging,0,0.01739985744194556,334.4,247.74038831002102,0.0,damaging,ZNF208
PKD1 (5310)_damaging,0,0.014031863228688721,334.8,174.5213453993522,0.0,damaging,PKD1
RGS22 (26166)_damaging,0,0.01375822651420026,334.8,176.4106005885134,0.0,damaging,RGS22
AGBL2 (79841)_damaging,0,0.0330818525404726,335.0,,0.0,damaging,AGBL2
RB1CC1 (9821)_damaging,0,0.012037541833492139,335.6,79.76716116297483,0.0,damaging,RB1CC1
EPB41L3 (23136)_damaging,0,0.01773079551265632,336.2,238.6277435672558,0.0,damaging,EPB41L3
DENND2C (163259)_damaging,0,0.009443110742180133,336.3333333333333,52.99371031861548,0.0,damaging,DENND2C
ABL2 (27)_damaging,0,0.01770463876758508,336.4,238.32918411306662,0.0,damaging,ABL2
MGAM2 (93432)_damaging,0,0.013004804111045924,337.0,242.59568558955593,0.0,damaging,MGAM2
UNC80 (285175)_damaging,0,0.016736789172466997,337.2,229.4072797449985,0.0,damaging,UNC80
TNXB (7148)_damaging,0,0.014956409087392339,337.4,224.8961982782279,0.0,damaging,TNXB
GRM8 (2918)_damaging,0,0.0139287895129548,337.6,170.58956591773133,0.0,damaging,GRM8
IGSF10 (285313)_damaging,0,0.013043885792442339,337.6,161.19026025166656,0.0,damaging,IGSF10
MGAM (8972)_damaging,0,0.01190633834099902,337.6,114.5198672720153,0.0,damaging,MGAM
MXRA5 (25878)_damaging,0,0.010986848552179001,337.8,61.96934726136786,0.0,damaging,MXRA5
MORC1 (27136)_damaging,0,0.0176261232049273,338.2,191.1666811973258,0.0,damaging,MORC1
DGKH (160851)_damaging,0,0.016521795759156722,338.6,230.8068456523766,0.0,damaging,DGKH
CARMIL3 (90668)_damaging,0,0.0113515276870183,339.6,116.88584174312987,0.0,damaging,CARMIL3
ELF3 (1999)_damaging,0,0.009404764369476267,340.0,53.67494760127857,0.0,damaging,ELF3
DNAH7 (56171)_damaging,0,0.01104905667515292,340.2,89.16389403788958,0.0,damaging,DNAH7
TEP1 (7011)_damaging,0,0.013178717749969222,340.2,172.95288375739793,0.0,damaging,TEP1
TPR (7175)_damaging,0,0.011516247627039861,340.2,92.0880013899748,0.0,damaging,TPR
CDC42BPA (8476)_damaging,0,0.01527467633584136,340.4,234.52995544279628,0.0,damaging,CDC42BPA
KCNH5 (27133)_damaging,0,0.00530703617066645,340.5,72.30260484012085,0.0,damaging,KCNH5
KMT2D (8085)_damaging,0,0.01481164990863198,341.2,228.59724407787596,0.0,damaging,KMT2D
CORIN (10699)_damaging,0,0.01077692689904702,341.8,85.79160798120058,0.0,damaging,CORIN
ANKRD26 (22852)_damaging,0,0.01435044454166166,342.4,176.32158120888096,0.0,damaging,ANKRD26
BRCA1 (672)_damaging,0,0.014372722820021699,343.6,229.96586703247942,0.0,damaging,BRCA1
AKAP13 (11214)_damaging,0,0.01431454571670546,343.8,228.19443463853364,0.0,damaging,AKAP13
DCDC1 (341019)_damaging,0,0.014530123351722901,344.2,227.06651008019654,0.0,damaging,DCDC1
OTOF (9381)_damaging,0,0.011441890454879861,344.4,126.35386816397826,0.0,damaging,OTOF
CHRM3 (1131)_damaging,0,0.01218715748624368,344.6,167.56431601030096,0.0,damaging,CHRM3
CENPC (1060)_damaging,0,0.013272827276581762,344.8,204.09973052407491,0.0,damaging,CENPC
HIF1A (3091)_damaging,0,0.014243821472798379,344.8,228.28863309416,0.0,damaging,HIF1A
UBR5 (51366)_damaging,0,0.0166638219657126,344.8,232.4611795547807,0.0,damaging,UBR5
NCKAP5 (344148)_damaging,0,0.01040954861702824,345.0,76.08547824650904,0.0,damaging,NCKAP5
DNM2 (1785)_damaging,0,0.0046334951506532,346.0,83.04215796810678,0.0,damaging,DNM2
LEPR (3953)_damaging,0,0.004994863734337625,346.0,83.04215796810678,0.0,damaging,LEPR
FLCN (201163)_damaging,0,0.01341023568894556,346.2,192.41153811557143,0.0,damaging,FLCN
DMXL1 (1657)_damaging,0,0.01227665294117798,346.6,193.21956422681427,0.0,damaging,DMXL1
GABRA6 (2559)_damaging,0,0.0310489158058286,348.0,,0.0,damaging,GABRA6
RXFP2 (122042)_damaging,0,0.01438899036063145,348.0,28.284271247461902,0.0,damaging,RXFP2
EFNB3 (1949)_damaging,0,0.007930185935020666,348.3333333333333,61.092825547140414,0.0,damaging,EFNB3
PREX2 (80243)_damaging,0,0.0138847236724116,348.8,230.2882975750179,0.0,damaging,PREX2
SLITRK2 (84631)_damaging,0,0.004412857745824025,349.25,89.41802577407609,0.0,damaging,SLITRK2
DNAH1 (25981)_damaging,0,0.011634318400092521,349.8,138.27219532501826,0.0,damaging,DNAH1
SVEP1 (79987)_damaging,0,0.014861313263664138,349.8,238.42546004988645,0.0,damaging,SVEP1
SYCP1 (6847)_damaging,0,0.0130777178499552,350.0,219.21678767831628,0.0,damaging,SYCP1
ATG9B (285973)_damaging,0,0.02022438268265323,350.3333333333333,56.88878038184096,0.0,damaging,ATG9B
ROBO3 (64221)_damaging,0,0.01288189593044034,350.8,220.2014986325025,0.0,damaging,ROBO3
AGO1 (26523)_damaging,0,0.012772852552861442,351.0,210.7035832633133,0.0,damaging,AGO1
PPRC1 (23082)_damaging,0,0.012498483009825919,351.4,214.44299941942617,0.0,damaging,PPRC1
DCHS1 (8642)_damaging,0,0.012244612014901578,351.8,211.56606533184853,0.0,damaging,DCHS1
GLB1L2 (89944)_damaging,0,0.0082005787783301,352.3333333333333,67.85523806850384,0.0,damaging,GLB1L2
SMARCA4 (6597)_damaging,0,0.01214065538862268,352.8,210.57350260657202,0.0,damaging,SMARCA4
TSC2 (7249)_damaging,0,0.01230895470062102,353.4,208.32618654408284,0.0,damaging,TSC2
ADGRD2 (347088)_damaging,0,0.007521299754181167,353.6666666666667,76.78758580222024,0.0,damaging,ADGRD2
ASH1L (55870)_damaging,0,0.011538312093454439,354.4,205.6047178447032,0.0,damaging,ASH1L
PIK3R1 (5295)_hotspot,0,0.0112287330270834,354.6,178.94915478984527,0.0,hotspot,PIK3R1
ADGRL2 (23266)_damaging,0,0.011601838436175118,354.8,208.1698825478844,0.0,damaging,ADGRL2
ARHGEF4 (50649)_damaging,0,0.009903104571367241,355.0,116.67904696216884,0.0,damaging,ARHGEF4
ANO6 (196527)_damaging,0,0.013509048424695599,356.0,140.0071426749364,0.0,damaging,ANO6
BRD4 (23476)_damaging,0,0.01172968243816035,356.0,96.16652224137046,0.0,damaging,BRD4
ABCC8 (6833)_damaging,0,0.01168828428803266,356.6,210.1827776008301,0.0,damaging,ABCC8
FOXK2 (3607)_damaging,0,0.0314056726732087,357.0,,0.0,damaging,FOXK2
CNTN1 (1272)_damaging,0,0.016046093701711877,357.4,247.06537596352914,0.0,damaging,CNTN1
MT-ND5 (4540)_damaging,0,0.01121509875048174,357.4,150.03266311040406,0.0,damaging,MT-ND5
COL4A5 (1287)_damaging,0,0.016567129179272874,357.5,235.83963478035946,0.0,damaging,COL4A5
DIAPH2 (1730)_damaging,0,0.00912085544424964,357.6,97.7997955008087,0.0,damaging,DIAPH2
CASKIN2 (57513)_damaging,0,0.00378693525158765,357.75,106.16457350108212,0.0,damaging,CASKIN2
GRM1 (2911)_damaging,0,0.007743404582648167,358.0,77.48548251124207,0.0,damaging,GRM1
GRIN2A (2903)_damaging,0,0.00894032319445736,358.6,93.22446030951319,0.0,damaging,GRIN2A
NLRC5 (84166)_damaging,0,0.01063059671521646,358.6,166.23417217888746,0.0,damaging,NLRC5
ZAN (7455)_damaging,0,0.0115245912520421,358.6,208.52050258907397,0.0,damaging,ZAN
RP1L1 (94137)_damaging,0,0.01200383025470422,358.8,207.41914087181055,0.0,damaging,RP1L1
A2M (2)_damaging,0,0.01145334786395622,359.2,209.79918970291567,0.0,damaging,A2M
SMCHD1 (23347)_damaging,0,0.008895950991589099,359.6,117.07390828019709,0.0,damaging,SMCHD1
MYOF (26509)_damaging,0,0.004087555863465224,359.75,162.96088487732263,0.0,damaging,MYOF
FBN2 (2201)_damaging,0,0.014117643226993498,360.0,256.07225542803343,0.0,damaging,FBN2
SPATA22 (84690)_damaging,0,0.01142373947684624,360.0,206.89610919492904,0.0,damaging,SPATA22
GPR158 (57512)_damaging,0,0.016674926032891474,361.0,255.37815098398687,0.0,damaging,GPR158
TRANK1 (9881)_damaging,0,0.0120658690723592,361.4,210.56661653737993,0.0,damaging,TRANK1
MAP3K4 (4216)_damaging,0,0.003379882705986625,361.75,137.59451297199317,0.0,damaging,MAP3K4
MYO16 (23026)_damaging,0,0.01118589270404982,361.8,204.85897588341106,0.0,damaging,MYO16
BRD3 (8019)_damaging,0,0.00873098206259156,362.0,79.4732659452221,0.0,damaging,BRD3
MYH13 (8735)_damaging,0,0.0109076508998359,362.4,208.3633844992925,0.0,damaging,MYH13
PMS2 (5395)_damaging,0,0.01544774092377434,363.2,224.02834642071525,0.0,damaging,PMS2
LCOR (84458)_damaging,0,0.006296875250630175,363.5,243.11519903124116,0.0,damaging,LCOR
VPS13C (54832)_damaging,0,0.010170489886031999,364.4,186.01155878063062,0.0,damaging,VPS13C
MYO3A (53904)_damaging,0,0.014967511820172249,364.75,236.90416487122664,0.0,damaging,MYO3A
MAP2K7 (5609)_damaging,0,0.0136234273462379,365.5,53.033008588991066,0.0,damaging,MAP2K7
POLR1A (25885)_damaging,0,0.0313730134407227,365.5,174.65537495307723,0.0,damaging,POLR1A
MROH2B (133558)_damaging,0,0.00293848768299905,365.75,121.99009522634752,0.0,damaging,MROH2B
PPFIA2 (8499)_damaging,0,0.01056175441795834,365.8,202.47518366456666,0.0,damaging,PPFIA2
PXDNL (137902)_damaging,0,0.01060166087295448,365.8,200.89101522965132,0.0,damaging,PXDNL
ITGA8 (8516)_damaging,0,0.02088588294900147,366.0,183.52384041317356,0.0,damaging,ITGA8
JCAD (57608)_damaging,0,0.018301839666114365,366.6666666666667,328.89106605885985,0.0,damaging,JCAD
NOS3 (4846)_damaging,0,0.01021020519617752,367.2,201.02661515331744,0.0,damaging,NOS3
SCAF8 (22828)_damaging,0,0.01237706331002018,367.2,235.09402374369282,0.0,damaging,SCAF8
MPL (4352)_damaging,0,0.01122277511712455,367.5,95.45941546018392,0.0,damaging,MPL
RTL1 (388015)_damaging,0,0.0085163329457836,367.8,141.75753948203248,0.0,damaging,RTL1
MED12 (9968)_damaging,0,0.00882554496237214,368.0,142.5114030525277,0.0,damaging,MED12
TMEM245 (23731)_damaging,0,0.011123694188717639,368.0,209.34660255184463,0.0,damaging,TMEM245
WDR90 (197335)_damaging,0,0.0062592903586573,368.0,94.57272334029511,0.0,damaging,WDR90
KCP (375616)_damaging,0,0.006186573025628367,368.3333333333333,122.71240089466643,0.0,damaging,KCP
CORO7 (79585)_damaging,0,0.01487937418579435,368.5,236.082612659213,0.0,damaging,CORO7
CDK13 (8621)_damaging,0,0.00826687636690892,368.6,123.36450056641092,0.0,damaging,CDK13
CHD6 (84181)_damaging,0,0.013950591530138251,368.75,184.25231794109584,0.0,damaging,CHD6
LY75 (4065)_damaging,0,0.01014353651579552,368.8,197.5175941530273,0.0,damaging,LY75
CECR2 (27443)_damaging,0,0.012326639998848551,369.0,123.52327715859873,0.0,damaging,CECR2
ERF (2077)_damaging,0,0.00818563030789166,369.0,109.5308175811721,0.0,damaging,ERF
MYO5C (55930)_damaging,0,0.0080619326623456,369.0,106.68176976409794,0.0,damaging,MYO5C
CAMSAP2 (23271)_damaging,0,0.01008775035491212,369.2,197.1273699920942,0.0,damaging,CAMSAP2
ZNF318 (24149)_damaging,0,0.00984090096834222,369.8,198.4394114081172,0.0,damaging,ZNF318
NDST4 (64579)_damaging,0,0.01295430747853505,370.0,59.39696961966999,0.0,damaging,NDST4
UNC13B (10497)_damaging,0,0.00799395793540622,370.0,109.19478009502103,0.0,damaging,UNC13B
SSC5D (284297)_damaging,0,0.014978708436775175,370.25,229.71631055136973,0.0,damaging,SSC5D
PHRF1 (57661)_damaging,0,0.0061270785427668005,370.3333333333333,98.57146307797878,0.0,damaging,PHRF1
DNMT3A (1788)_damaging,0,0.007754438415357401,370.4,90.40630508985531,0.0,damaging,DNMT3A
KTN1 (3895)_damaging,0,0.00955681850966,371.2,197.10327242336692,0.0,damaging,KTN1
PIGO (84720)_damaging,0,0.00803876679132612,371.4,121.4528715181325,0.0,damaging,PIGO
CDH15 (1013)_damaging,0,0.0038590371393509753,371.75,204.16721088362843,0.0,damaging,CDH15
P2RX2 (22953)_damaging,0,0.030019666045275,372.0,,0.0,damaging,P2RX2
AFF2 (2334)_damaging,0,0.0085023314291909,372.8,167.1921050767649,0.0,damaging,AFF2
DYNC2H1 (79659)_damaging,0,0.01050001969282258,372.8,205.9701434674453,0.0,damaging,DYNC2H1
RALGAPA1 (253959)_damaging,0,0.009204885908482539,372.8,193.76583806233748,0.0,damaging,RALGAPA1
BRWD3 (254065)_damaging,0,0.009167800911635365,373.0,192.3512412229253,0.0,damaging,BRWD3
AHR (196)_damaging,0,0.0080091142038394,373.6,150.35557854632467,0.0,damaging,AHR
ARID3B (10620)_damaging,0,0.0150185094231216,373.75,241.81035957956806,0.0,damaging,ARID3B
RIF1 (55183)_damaging,0,0.0076819400976716,373.8,113.26164399301292,0.0,damaging,RIF1
DLC1 (10395)_damaging,0,0.005059873213290567,374.0,116.05171261123206,0.0,damaging,DLC1
RHOA (387)_damaging,0,0.00900994385874564,374.0,194.5546195802094,0.0,damaging,RHOA
MAGI2 (9863)_damaging,0,0.00467626126312825,374.25,217.455551013688,0.0,damaging,MAGI2
EGR2 (1959)_damaging,0,0.01175369252377035,374.5,65.76093065034893,0.0,damaging,EGR2
RNF17 (56163)_damaging,0,0.0052485952654739675,374.6666666666667,114.91881192099636,0.0,damaging,RNF17
CEP290 (80184)_damaging,0,0.008978530969286639,374.8,192.01874908456205,0.0,damaging,CEP290
ABI3BP (25890)_damaging,0,0.00753372014623394,375.2,134.93591071319747,0.0,damaging,ABI3BP
SORL1 (6653)_damaging,0,0.008724364542842599,375.2,192.124178592909,0.0,damaging,SORL1
ARHGAP29 (9411)_damaging,0,0.00965822880429655,375.5,123.74368670764582,0.0,damaging,ARHGAP29
KNL1 (57082)_damaging,0,0.0105318624901122,375.5,118.08683245815344,0.0,damaging,KNL1
DNAH12 (201625)_damaging,0,0.00884003393924364,375.6,193.17427364946917,0.0,damaging,DNAH12
PIK3C2G (5288)_damaging,0,0.0046154054461555,375.6666666666667,141.5780114754171,0.0,damaging,PIK3C2G
SLIT1 (6585)_damaging,0,0.002235748194753425,375.75,141.8270660581635,0.0,damaging,SLIT1
KMT2C (58508)_damaging,0,0.01071359075850058,375.8,222.1963096003172,0.0,damaging,KMT2C
SPTAN1 (6709)_damaging,0,0.00888024966592988,376.0,191.01308855677928,0.0,damaging,SPTAN1
BPTF (2186)_damaging,0,0.00872766395243932,376.4,192.50532460168472,0.0,damaging,BPTF
SRCAP (10847)_damaging,0,0.00876563270073002,376.4,190.68508069589504,0.0,damaging,SRCAP
TSHZ3 (57616)_damaging,0,0.0094187166516277,376.4,192.50662326268156,0.0,damaging,TSHZ3
CNNM2 (54805)_damaging,0,0.0042592186470497,376.75,215.7519795196945,0.0,damaging,CNNM2
EMILIN1 (11117)_damaging,0,0.021552555585302568,377.3333333333333,299.16104915803015,0.0,damaging,EMILIN1
SAFB (6294)_damaging,0,0.014382385688967325,377.75,235.2054066838884,0.0,damaging,SAFB
FASN (2194)_damaging,0,0.0085237706415209,377.8,189.5658197038696,0.0,damaging,FASN
MUC5AC (4586)_damaging,0,0.008484767540021861,378.0,195.41238445912276,0.0,damaging,MUC5AC
ADGB (79747)_damaging,0,0.00700978510900086,378.6,102.83870866556036,0.0,damaging,ADGB
SPTBN5 (51332)_damaging,0,0.0085209613715847,378.6,190.7401373597073,0.0,damaging,SPTBN5
LPA (4018)_damaging,0,0.0085077647452897,378.8,190.58515157272876,0.0,damaging,LPA
NRK (203447)_damaging,0,0.00848435029954544,379.4,190.125747861777,0.0,damaging,NRK
KIF4A (24137)_damaging,0,0.004779271482854533,380.0,115.16944039110375,0.0,damaging,KIF4A
MYO15B (80022)_damaging,0,0.00835481131541556,380.0,189.67472156299584,0.0,damaging,MYO15B
HTT (3064)_damaging,0,0.008151199636706179,380.4,184.10676250480319,0.0,damaging,HTT
KCNG2 (26251)_damaging,0,0.007077387348736699,380.4,137.83432083483416,0.0,damaging,KCNG2
KNOP1 (400506)_damaging,0,0.012463691726689161,380.4,275.3839138366655,0.0,damaging,KNOP1
FBXW7 (55294)_damaging,0,0.0076072390177202,380.6,157.14261038941663,0.0,damaging,FBXW7
RALGAPA2 (57186)_damaging,0,0.010903621958908675,380.75,127.34565821678676,0.0,damaging,RALGAPA2
EIF5B (9669)_damaging,0,0.00826794470875134,380.8,189.0864881476199,0.0,damaging,EIF5B
ADAM28 (10863)_damaging,0,0.0291544961273643,381.0,,0.0,damaging,ADAM28
SLX4 (84464)_damaging,0,0.008149715891582759,381.0,187.17905865774622,0.0,damaging,SLX4
SETD1B (23067)_damaging,0,0.00811467407825694,381.2,187.03796406077564,0.0,damaging,SETD1B
CR1 (1378)_damaging,0,0.017172467791114903,381.3333333333333,54.53744890745563,0.0,damaging,CR1
ANKRD31 (256006)_damaging,0,0.00809799569456094,381.4,186.89783305324866,0.0,damaging,ANKRD31
PLCE1 (51196)_damaging,0,0.007942195345930641,382.4,186.2117074729728,0.0,damaging,PLCE1
ABCA13 (154664)_damaging,0,0.00813729643936676,382.8,192.5972481631033,0.0,damaging,ABCA13
NRXN1 (9378)_damaging,0,0.01020727048015008,383.0,218.46738887074198,0.0,damaging,NRXN1
SHROOM3 (57619)_damaging,0,0.012244485103282498,383.4,241.21422014466725,0.0,damaging,SHROOM3
UCK1 (83549)_damaging,0,0.012030754485472979,383.4,252.55454856327574,0.0,damaging,UCK1
CACNA1I (8911)_damaging,0,0.006674181630212999,383.8,112.69960070914183,0.0,damaging,CACNA1I
AEBP1 (165)_damaging,0,0.0076810536906956,384.0,185.16479146965278,0.0,damaging,AEBP1
ITGAD (3681)_damaging,0,0.0048695743622062335,384.0,122.04917041913886,0.0,damaging,ITGAD
TNRC6B (23112)_damaging,0,0.00764504373074896,384.6,184.7885277824357,0.0,damaging,TNRC6B
LYST (1130)_damaging,0,0.0075614034484504196,384.8,184.66510227977562,0.0,damaging,LYST
MIA2 (4253)_damaging,0,0.0026363663846724,385.5,220.52890966945807,0.0,damaging,MIA2
COL12A1 (1303)_damaging,0,0.012167968450394539,385.6,238.12454724366407,0.0,damaging,COL12A1
SETD2 (29072)_damaging,0,0.0075025850548054605,385.6,184.18143228892538,0.0,damaging,SETD2
ATXN1 (6310)_damaging,0,0.0125002755908973,385.75,226.20400084879137,0.0,damaging,ATXN1
MYH15 (22989)_damaging,0,0.00754371608209068,386.0,185.63808876413268,0.0,damaging,MYH15
JARID2 (3720)_damaging,0,0.00748910817617106,386.8,185.1666816681662,0.0,damaging,JARID2
CCDC141 (285025)_damaging,0,0.00716233428173674,387.2,158.0465121412048,0.0,damaging,CCDC141
TRPS1 (7227)_damaging,0,0.002271232081968175,387.75,220.71757972576629,0.0,damaging,TRPS1
WDR5 (11091)_damaging,0,0.00685051195032232,387.8,142.99370615520112,0.0,damaging,WDR5
TMC1 (117531)_damaging,0,0.00138175030299465,388.5,167.1755564269689,0.0,damaging,TMC1
MYO15A (51168)_damaging,0,0.00727183021363482,388.6,184.1651432817839,0.0,damaging,MYO15A
HSPG2 (3339)_damaging,0,0.00722088728083822,388.8,184.05895794554525,0.0,damaging,HSPG2
CDH10 (1008)_damaging,0,0.01053839748173372,389.0,223.49384779004544,0.0,damaging,CDH10
NCOA6 (23054)_damaging,0,0.008939011454516779,389.0,206.10434250641106,0.0,damaging,NCOA6
UNC79 (57578)_damaging,0,0.0071297419721260994,389.4,182.1065622101521,0.0,damaging,UNC79
AK9 (221264)_damaging,0,0.008154305660721579,389.6,196.68324788857845,0.0,damaging,AK9
CDKN2A (1029)_damaging,0,0.00717389422412192,389.6,183.6444935194083,0.0,damaging,CDKN2A
TNRC6A (27327)_damaging,0,0.00655609293646124,390.4,156.69971282679492,0.0,damaging,TNRC6A
MYH9 (4627)_damaging,0,0.005916353746322321,390.6,120.76340505302093,0.0,damaging,MYH9
CACNA2D3 (55799)_damaging,0,0.0264642430059127,391.0,,0.0,damaging,CACNA2D3
FMR1 (2332)_damaging,0,0.009205691589778334,391.3333333333333,296.1238479645524,0.0,damaging,FMR1
CPS1 (1373)_damaging,0,0.00680679112436598,391.4,181.16511805532542,0.0,damaging,CPS1
MEGF8 (1954)_damaging,0,0.00690734078422386,391.4,182.7725362301459,0.0,damaging,MEGF8
KMT2B (9757)_damaging,0,0.0067738489435766,392.0,180.90328908010488,0.0,damaging,KMT2B
NAV1 (89796)_damaging,0,0.001095043182648975,392.0,174.14170475027896,0.0,damaging,NAV1
AFDN (4301)_damaging,0,0.006644453167661079,392.6,180.65104483506315,0.0,damaging,AFDN
GPR179 (440435)_damaging,0,0.0073835944109391805,393.0,193.38303958723992,0.0,damaging,GPR179
ANK1 (286)_damaging,0,0.00706129662961022,393.2,185.79208809849789,0.0,damaging,ANK1
PRRC2A (7916)_damaging,0,0.007574072869452239,393.2,185.78266872881335,0.0,damaging,PRRC2A
UNC13C (440279)_damaging,0,0.00839286440343636,393.2,234.83334516205315,0.0,damaging,UNC13C
MAN1A2 (10905)_damaging,0,0.0084623083890887,393.5,132.22896808188437,0.0,damaging,MAN1A2
CACNA1S (779)_damaging,0,0.0041949194356346335,394.0,139.26952286842948,0.0,damaging,CACNA1S
KIF5B (3799)_damaging,0,0.0069565207397959405,394.2,193.42750579997664,0.0,damaging,KIF5B
SYCP2 (10388)_damaging,0,0.0063715894774078,394.4,179.95221587966066,0.0,damaging,SYCP2
CEP350 (9857)_damaging,0,0.0055244793606636,394.6,130.08381913212727,0.0,damaging,CEP350
TIE1 (7075)_damaging,0,0.00633219664906184,394.6,179.8799599733111,0.0,damaging,TIE1
BDP1 (55814)_damaging,0,0.006423318995733419,395.6,181.06987601475845,0.0,damaging,BDP1
WDR87 (83889)_damaging,0,0.00620315564820608,395.8,179.46921741624664,0.0,damaging,WDR87
FLG2 (388698)_damaging,0,0.00640229232556114,396.0,180.93230778387812,0.0,damaging,FLG2
ARFGEF3 (57221)_damaging,0,0.009742903418754676,396.75,158.66395305802766,0.0,damaging,ARFGEF3
WDR55 (54853)_damaging,0,0.009078763342465775,396.75,107.7446827767694,0.0,damaging,WDR55
DDX3X (1654)_damaging,0,0.0097141546625859,396.8,264.5273142796411,0.0,damaging,DDX3X
NLRP4 (147945)_damaging,0,0.00635436120140274,397.0,180.60730882220685,0.0,damaging,NLRP4
SEL1L2 (80343)_damaging,0,0.0162222415789052,397.6666666666667,157.5129624295516,0.0,damaging,SEL1L2
GOLGA2 (2801)_damaging,0,0.000720727309321525,397.75,185.59162157813049,0.0,damaging,GOLGA2
ZMYM4 (9202)_damaging,0,0.00630450624569664,397.8,180.36684839515272,0.0,damaging,ZMYM4
C10orf71 (118461)_damaging,0,0.001528319776814275,398.0,215.3028874245149,0.0,damaging,C10orf71
DNAH2 (146754)_damaging,0,0.00584959663190014,398.2,182.65048590135203,0.0,damaging,DNAH2
CFAP61 (26074)_damaging,0,0.006042290452075033,398.3333333333333,280.2897310522334,0.0,damaging,CFAP61
TRRAP (8295)_damaging,0,0.00622970120965362,398.6,180.143831423671,0.0,damaging,TRRAP
ZNF91 (7644)_damaging,0,0.009422583234589376,399.5,209.72601173912597,0.0,damaging,ZNF91
HEATR5B (54497)_damaging,0,0.0022303455611054667,399.6666666666667,183.11835881017865,0.0,damaging,HEATR5B
SCN9A (6335)_damaging,0,0.00581418958948788,399.8,166.71592605387164,0.0,damaging,SCN9A
ZFHX4 (79776)_damaging,0,0.0057252354427597,399.8,178.38497694593005,0.0,damaging,ZFHX4
TRPM1 (4308)_damaging,0,0.00605238021477982,400.4,179.70614903224651,0.0,damaging,TRPM1
COL4A2 (1284)_damaging,0,0.005046284479819139,400.6,131.77177239454588,0.0,damaging,COL4A2
FLNB (2317)_damaging,0,0.00568011711862988,400.6,178.22121085886494,0.0,damaging,FLNB
PRKDC (5591)_damaging,0,0.00494276427433978,401.6,134.19128138593803,0.0,damaging,PRKDC
TRIP11 (9321)_damaging,0,0.0063095797882151,402.0,188.99074051392043,0.0,damaging,TRIP11
DNAH17 (8632)_damaging,0,0.005662858109219721,402.2,162.23193273828676,0.0,damaging,DNAH17
MSH2 (4436)_damaging,0,0.0058802671278684595,402.2,179.35774307233015,0.0,damaging,MSH2
SLC44A5 (204962)_damaging,0,0.00491823381756192,402.4,135.1621248723177,0.0,damaging,SLC44A5
AXDND1 (126859)_damaging,0,0.0058632961711945,403.4,195.624129391034,0.0,damaging,AXDND1
RBM10 (8241)_damaging,0,0.0052880162492266805,403.4,181.1292356302538,0.0,damaging,RBM10
SORCS3 (22986)_damaging,0,0.00536248368730594,403.4,177.78863855713615,0.0,damaging,SORCS3
GTF3C1 (2975)_damaging,0,0.00535080555939926,403.6,177.7661385078722,0.0,damaging,GTF3C1
KCNB2 (9312)_damaging,0,0.005771732115856158,403.6,178.68631732732084,0.0,damaging,KCNB2
PALB2 (79728)_damaging,0,0.00576430172888696,404.0,179.0991345596064,0.0,damaging,PALB2
LTBP1 (4052)_damaging,0,0.0103200275761662,404.25,209.7496523636372,0.0,damaging,LTBP1
WNK3 (65267)_damaging,0,0.000124581065853375,404.25,198.5419770896489,0.0,damaging,WNK3
AGBL1 (123624)_damaging,0,0.00893580485969125,404.5,206.65188119153427,0.0,damaging,AGBL1
CSMD1 (64478)_damaging,0,0.00795249862094668,404.8,233.378876507708,0.0,damaging,CSMD1
VHL (7428)_hotspot,0,0.01017773868790385,405.25,208.91684948801998,0.0,hotspot,VHL
HMCN1 (83872)_damaging,0,0.00516388940334322,405.4,177.61418862241834,0.0,damaging,HMCN1
ATAD5 (79915)_damaging,0,0.00558378224303452,405.6,195.86551508624484,0.0,damaging,ATAD5
BCORL1 (63035)_damaging,0,0.005157924215776899,405.6,177.6029279037933,0.0,damaging,BCORL1
VWDE (221806)_damaging,0,0.00808449333292686,406.2,235.22903732320123,0.0,damaging,VWDE
GRIN2B (2904)_damaging,0,0.0029010462863001333,407.0,161.68797110484132,0.0,damaging,GRIN2B
SPG11 (80208)_damaging,0,0.0052282346782213,407.0,172.8785701005188,0.0,damaging,SPG11
ARID2 (196528)_damaging,0,0.01227281319665662,407.2,296.59517865265445,0.0,damaging,ARID2
ARMC3 (219681)_damaging,0,0.0,407.5,205.0195112666109,0.0,damaging,ARMC3
COL25A1 (84570)_damaging,0,0.0,407.5,205.0195112666109,0.0,damaging,COL25A1
DDX60 (55601)_damaging,0,0.0,407.5,205.0195112666109,0.0,damaging,DDX60
DIP2B (57609)_damaging,0,0.0,407.5,205.0195112666109,0.0,damaging,DIP2B
EPHA6 (285220)_damaging,0,0.0,407.5,205.0195112666109,0.0,damaging,EPHA6
ESF1 (51575)_damaging,0,0.0,407.5,205.0195112666109,0.0,damaging,ESF1
FANCA (2175)_damaging,0,0.0,407.5,205.0195112666109,0.0,damaging,FANCA
FSTL5 (56884)_damaging,0,0.0,407.5,205.0195112666109,0.0,damaging,FSTL5
KIF15 (56992)_damaging,0,0.0,407.5,205.0195112666109,0.0,damaging,KIF15
LIMCH1 (22998)_damaging,0,0.0,407.5,205.0195112666109,0.0,damaging,LIMCH1
MAP7D3 (79649)_damaging,0,0.015021300396986549,407.5,256.24142262067363,0.0,damaging,MAP7D3
MME (4311)_damaging,0,0.0,407.5,205.0195112666109,0.0,damaging,MME
NHS (4810)_damaging,0,0.0,407.5,205.0195112666109,0.0,damaging,NHS
NLRP9 (338321)_damaging,0,0.0,407.5,205.0195112666109,0.0,damaging,NLRP9
NOS1 (4842)_damaging,0,0.0,407.5,205.0195112666109,0.0,damaging,NOS1
PARD3B (117583)_damaging,0,0.0,407.5,205.0195112666109,0.0,damaging,PARD3B
RAPGEF2 (9693)_damaging,0,0.0,407.5,205.0195112666109,0.0,damaging,RAPGEF2
RASA2 (5922)_damaging,0,0.0,407.5,205.0195112666109,0.0,damaging,RASA2
RBBP6 (5930)_damaging,0,0.0,407.5,205.0195112666109,0.0,damaging,RBBP6
SGO2 (151246)_damaging,0,0.0,407.5,205.0195112666109,0.0,damaging,SGO2
UNKL (64718)_damaging,0,0.004911745554492581,407.6,177.5522458320367,0.0,damaging,UNKL
CHD8 (57680)_damaging,0,0.0098049127416538,407.8,285.7091178104052,0.0,damaging,CHD8
RAPGEF6 (51735)_damaging,0,6.726463805256123e-09,408.0,206.64462248023779,0.0,damaging,RAPGEF6
ANKAR (150709)_damaging,0,0.0,408.25,206.51452733403525,0.0,damaging,ANKAR
ARHGEF26 (26084)_damaging,0,0.0,408.25,206.51452733403525,0.0,damaging,ARHGEF26
AXL (558)_damaging,0,0.0,408.25,206.51452733403525,0.0,damaging,AXL
C2CD3 (26005)_damaging,0,0.0,408.25,206.51452733403525,0.0,damaging,C2CD3
CPEB2 (132864)_damaging,0,0.0,408.25,206.51452733403525,0.0,damaging,CPEB2
DHX38 (9785)_damaging,0,0.0,408.25,206.51452733403525,0.0,damaging,DHX38
HFM1 (164045)_damaging,0,0.0,408.25,206.51452733403525,0.0,damaging,HFM1
KCNH2 (3757)_damaging,0,0.0,408.25,206.51452733403525,0.0,damaging,KCNH2
MRC2 (9902)_damaging,0,0.0,408.25,206.51452733403525,0.0,damaging,MRC2
PTPN21 (11099)_damaging,0,0.0,408.25,206.51452733403525,0.0,damaging,PTPN21
SLITRK5 (26050)_damaging,0,0.0,408.25,206.51452733403525,0.0,damaging,SLITRK5
SPATA16 (83893)_damaging,0,0.0,408.25,206.51452733403525,0.0,damaging,SPATA16
SPTBN1 (6711)_damaging,0,0.0,408.25,206.51452733403525,0.0,damaging,SPTBN1
TNK2 (10188)_damaging,0,0.0,408.25,206.51452733403525,0.0,damaging,TNK2
UGGT1 (56886)_damaging,0,0.0,408.25,206.51452733403525,0.0,damaging,UGGT1
ZDHHC8 (29801)_damaging,0,0.0,408.25,206.51452733403525,0.0,damaging,ZDHHC8
ZMIZ1 (57178)_damaging,0,0.0,408.25,206.51452733403525,0.0,damaging,ZMIZ1
ZNF521 (25925)_damaging,0,0.0,408.25,206.51452733403525,0.0,damaging,ZNF521
ZNF608 (57507)_damaging,0,0.0,408.25,206.51452733403525,0.0,damaging,ZNF608
ZNF729 (100287226)_damaging,0,0.005694318613819681,408.6,192.28182441406156,0.0,damaging,ZNF729
DOCK8 (81704)_damaging,0,0.00505710874292908,409.0,190.01842015973082,0.0,damaging,DOCK8
IPO7 (10527)_damaging,0,0.0096761090538373,409.0,205.9368835347374,0.0,damaging,IPO7
ITGAL (3683)_damaging,0,0.0082464643798909,409.25,206.00546109266133,0.0,damaging,ITGAL
MUC16 (94025)_damaging,0,0.00515179131374356,409.4,178.86531245604888,0.0,damaging,MUC16
RYR3 (6263)_damaging,0,0.0046427693357327954,410.4,178.22121085886494,0.0,damaging,RYR3
CASP8 (841)_damaging,0,0.00437139206774102,410.6,152.75405068278877,0.0,damaging,CASP8
GOLGB1 (2804)_damaging,0,0.00898402941885555,410.75,202.83881121060963,0.0,damaging,GOLGB1
DCHS2 (54798)_damaging,0,0.005057585337604821,410.8,178.93769865514645,0.0,damaging,DCHS2
OTOG (340990)_damaging,0,0.00504667937564676,411.2,178.9684329707337,0.0,damaging,OTOG
KDM2B (84678)_damaging,0,0.00503851251495796,411.4,178.98547427095863,0.0,damaging,KDM2B
MYH8 (4626)_damaging,0,0.00876003891169372,411.4,283.47010424381614,0.0,damaging,MYH8
KDM5B (10765)_damaging,0,0.008411004232156051,411.5,134.92837606177088,0.0,damaging,KDM5B
JMJD1C (221037)_damaging,0,0.00457067514408992,411.6,177.78863855713615,0.0,damaging,JMJD1C
DOCK7 (85440)_damaging,0,0.00454747842989618,411.8,177.81226054465424,0.0,damaging,DOCK7
FILIP1L (11259)_damaging,0,0.00810267612209815,412.0,118.79393923933998,0.0,damaging,FILIP1L
ICE1 (23379)_damaging,0,0.00495595356973286,412.0,179.04329085447463,0.0,damaging,ICE1
APOB (338)_damaging,0,0.00451094165830024,412.2,177.86286852516463,0.0,damaging,APOB
BLM (641)_damaging,0,0.004879367636685139,412.6,179.1111386821043,0.0,damaging,BLM
ERBB2 (2064)_hotspot,0,0.00912364419989125,412.75,201.17218992693793,0.0,hotspot,ERBB2
CNTLN (54875)_damaging,0,0.0041717007661637604,413.0,155.2127572076471,0.0,damaging,CNTLN
MAP3K21 (84451)_damaging,0,0.015069216685721169,413.0,243.3577613309261,0.0,damaging,MAP3K21
MED23 (9439)_damaging,0,0.00448186759260452,413.2,178.00898853709606,0.0,damaging,MED23
RBM44 (375316)_damaging,0,0.00950921890222455,413.5,198.06480420980066,0.0,damaging,RBM44
MRC1 (4360)_damaging,0,0.00412986036234034,413.8,151.82292317038295,0.0,damaging,MRC1
RGL1 (23179)_damaging,0,0.004371824163888359,413.8,178.11007832236783,0.0,damaging,RGL1
ARHGEF17 (9828)_damaging,0,0.00778738544284325,414.0,124.1289651934632,0.0,damaging,ARHGEF17
DOCK2 (1794)_damaging,0,0.0047794591871317205,414.2,179.34101594448492,0.0,damaging,DOCK2
SBF2 (81846)_damaging,0,0.00894587204320325,414.25,200.16056055077382,0.0,damaging,SBF2
DSEL (92126)_damaging,0,0.008504928893825,414.5,202.4853904194901,0.0,damaging,DSEL
CDH11 (1009)_damaging,0,0.008289895365461776,416.0,199.71312759388988,0.0,damaging,CDH11
SCN3A (6328)_damaging,0,0.0048399054517302195,416.2,196.5304047723914,0.0,damaging,SCN3A
PRR12 (57479)_damaging,0,0.00509151112471348,416.4,201.05049117075043,0.0,damaging,PRR12
PTCH1 (5727)_damaging,0,0.00453196107371036,416.8,179.8657832940996,0.0,damaging,PTCH1
DEPDC5 (9681)_damaging,0,0.00448896827698308,417.2,179.9630517634106,0.0,damaging,DEPDC5
ELP1 (8518)_damaging,0,0.00407232852148204,417.4,178.92680067558354,0.0,damaging,ELP1
RPTOR (57521)_damaging,0,0.0040280621759929205,417.6,185.8286845457396,0.0,damaging,RPTOR
TET2 (54790)_damaging,0,0.0036026621937229595,417.6,166.21462029556847,0.0,damaging,TET2
NKTR (4820)_damaging,0,0.003313998280272,417.6666666666667,259.247629368782,0.0,damaging,NKTR
CRYBG3 (131544)_damaging,0,0.00356993854129498,418.0,155.22886329545804,0.0,damaging,CRYBG3
GSE1 (23199)_damaging,0,0.007839478570100126,419.0,153.6901645085549,0.0,damaging,GSE1
TBC1D32 (221322)_damaging,0,0.00380132290892852,419.0,179.40457073330097,0.0,damaging,TBC1D32
POLE (5426)_damaging,0,0.00418509851913356,419.2,180.51509632160963,0.0,damaging,POLE
ADAMTS13 (11093)_damaging,0,0.014227553825334034,419.3333333333333,166.92912667756138,0.0,damaging,ADAMTS13
RAC1 (5879)_hotspot,0,0.00377529475539752,419.4,179.53495481381893,0.0,hotspot,RAC1
ASCC3 (10973)_damaging,0,0.007732675439784325,419.75,186.75898014999618,0.0,damaging,ASCC3
DENND1A (57706)_damaging,0,0.00400238891850166,420.0,180.76642387346163,0.0,damaging,DENND1A
RHOA (387)_hotspot,0,0.00415481770880642,420.0,193.07511491644902,0.0,hotspot,RHOA
VPS13B (157680)_damaging,0,0.0036436522064895996,420.0,179.7386992275175,0.0,damaging,VPS13B
MUCL3 (135656)_damaging,0,0.008161527480832124,420.25,196.52035517981335,0.0,damaging,MUCL3
GOLGA4 (2803)_damaging,0,0.00619998713874126,420.4,233.7751056036549,0.0,damaging,GOLGA4
LRP2 (4036)_damaging,0,0.0037665568093736396,420.6,185.38824126680743,0.0,damaging,LRP2
VCAN (1462)_damaging,0,0.00580021488972742,421.2,244.91467902108278,0.0,damaging,VCAN
VPS13D (55187)_damaging,0,0.0038222358300472,421.4,181.24789653951848,0.0,damaging,VPS13D
EP300 (2033)_hotspot,0,0.024663213209241946,421.5,140.71424945612296,0.0,hotspot,EP300
EXOSC10 (5394)_damaging,0,0.00749096228714665,421.5,196.98646315588962,0.0,damaging,EXOSC10
RERE (473)_damaging,0,0.00319065704599268,421.6,169.34373327643394,0.0,damaging,RERE
ODAD2 (55130)_damaging,0,0.0041232456947112,421.8,190.51561615783626,0.0,damaging,ODAD2
UTRN (7402)_damaging,0,0.0030609167160047,422.0,162.4176714523392,0.0,damaging,UTRN
WDR33 (55339)_damaging,0,0.0015405860523868334,422.0,198.4641025475388,0.0,damaging,WDR33
SHOC1 (158401)_damaging,0,0.024220663008423148,422.5,79.90306627407988,0.0,damaging,SHOC1
USP16 (10600)_damaging,0,0.00724082012824285,422.5,201.02487408278606,0.0,damaging,USP16
NHSL1 (57224)_damaging,0,0.0234728393988302,423.0,,0.0,damaging,NHSL1
LRBA (987)_damaging,0,0.003438563154955,423.2,164.74586489499518,0.0,damaging,LRBA
YLPM1 (56252)_damaging,0,0.0034431838278162,423.2,180.9895024580155,0.0,damaging,YLPM1
COL5A1 (1289)_damaging,0,0.0035682446478697604,424.0,182.28137590000796,0.0,damaging,COL5A1
DNAH14 (127602)_damaging,0,0.00326353832172526,424.0,188.53646862079495,0.0,damaging,DNAH14
NALCN (259232)_damaging,0,0.0033047720273349603,424.2,181.43649026587786,0.0,damaging,NALCN
PASD1 (139135)_damaging,0,0.00582020934331285,424.5,176.06958851545033,0.0,damaging,PASD1
CAD (790)_damaging,0,0.0074940501863565,425.0,266.11839470431204,0.0,damaging,CAD
CARD6 (84674)_damaging,0,0.0251155100329182,425.0,,0.0,damaging,CARD6
KIF1A (547)_damaging,0,0.0031487272677747603,425.0,180.04721602957378,0.0,damaging,KIF1A
MECOM (2122)_damaging,0,0.00311479719409286,425.0,164.56609614376833,0.0,damaging,MECOM
TRMT9B (57604)_damaging,0,0.0033928140582890802,425.0,182.72657168567468,0.0,damaging,TRMT9B
CEP128 (145508)_damaging,0,0.0013554885228728999,425.3333333333333,193.34252851696476,0.0,damaging,CEP128
PIK3R3 (8503)_damaging,0,0.0010725001354710665,425.3333333333333,204.2090432212377,0.0,damaging,PIK3R3
DNAJC13 (23317)_damaging,0,0.004772218571148261,425.4,216.7874535114982,0.0,damaging,DNAJC13
USP26 (83844)_damaging,0,0.0033020281026001396,425.4,167.3941456562923,0.0,damaging,USP26
TACC2 (10579)_damaging,0,0.0033193684210321996,425.8,183.1016111343644,0.0,damaging,TACC2
SKIC3 (9652)_damaging,0,0.00551081749041855,426.25,159.3661925670979,0.0,damaging,SKIC3
FOLH1 (2346)_damaging,0,0.00322317013576458,427.0,183.69540005128056,0.0,damaging,FOLH1
PTPRC (5788)_damaging,0,0.00277522992907266,427.2,170.36783734026795,0.0,damaging,PTPRC
PROX1 (5629)_damaging,0,0.0012022613919322335,427.6666666666667,208.23144175011933,0.0,damaging,PROX1
ABCA8 (10351)_damaging,0,0.0031261446944484397,428.0,184.21862012293983,0.0,damaging,ABCA8
DOCK10 (55619)_damaging,0,0.006224495323419775,428.0,155.11071314816823,0.0,damaging,DOCK10
MEI1 (150365)_damaging,0,0.00668847404661678,428.0,269.97314681278954,0.0,damaging,MEI1
ARID1A (8289)_damaging,0,0.0028684882809716797,428.2,183.48623926605504,0.0,damaging,ARID1A
INPPL1 (3636)_damaging,0,0.006151073573557779,428.4,271.25873257832643,0.0,damaging,INPPL1
RRBP1 (6238)_damaging,0,0.006557795291753675,428.75,199.8555728519973,0.0,damaging,RRBP1
CDH6 (1004)_damaging,0,0.0030937355065463,428.8,184.65562542202716,0.0,damaging,CDH6
LRGUK (136332)_damaging,0,0.0054659388294607,429.0,182.43354954612926,0.0,damaging,LRGUK
EML6 (400954)_damaging,0,0.00307174518124588,429.2,184.88023150136956,0.0,damaging,EML6
NOTCH1 (4851)_damaging,0,0.0028267153762409,429.2,184.06303268174196,0.0,damaging,NOTCH1
C5 (727)_damaging,0,0.006361255715163176,429.5,186.87161368169325,0.0,damaging,C5
ATP9B (374868)_damaging,0,0.00272494766811586,429.8,184.42125690928367,0.0,damaging,ATP9B
ROCK2 (9475)_damaging,0,0.006424975891345825,430.0,199.71479664761947,0.0,damaging,ROCK2
ZEB2 (9839)_damaging,0,0.000143350747815,430.0,235.63531144546226,0.0,damaging,ZEB2
LZTR1 (8216)_damaging,0,0.00266926247292282,430.6,184.9129524938694,0.0,damaging,LZTR1
SPANXN4 (441525)_damaging,0,0.0026641999421885,430.8,185.03837439839336,0.0,damaging,SPANXN4
C6 (729)_damaging,0,0.0025637702094661796,431.0,173.5540261705271,0.0,damaging,C6
MYH6 (4624)_damaging,0,0.02335731469458365,431.0,66.46803743153546,0.0,damaging,MYH6
BTBD8 (284697)_damaging,0,0.00262064266206978,431.4,185.42060295447214,0.0,damaging,BTBD8
TNR (7143)_damaging,0,0.00753981590660614,431.4,272.02169031163675,0.0,damaging,TNR
ITPR2 (3709)_damaging,0,0.0025887148840733,431.6,185.54999326327126,0.0,damaging,ITPR2
CPAMD8 (27151)_damaging,0,0.00289078708987612,431.8,186.43819351195182,0.0,damaging,CPAMD8
PSD (5662)_damaging,0,0.00011865407068623333,432.3333333333333,244.07853927236891,0.0,damaging,PSD
BLTP3B (23074)_damaging,0,0.006145851205755075,432.5,185.9202337921651,0.0,damaging,BLTP3B
AKAP6 (9472)_damaging,0,0.00341503573905014,432.6,208.042784061356,0.0,damaging,AKAP6
CHD2 (1106)_damaging,0,0.00281881440780006,432.6,186.9513305649361,0.0,damaging,CHD2
SLC4A3 (6508)_damaging,0,0.00254488833745628,432.6,186.21170747297282,0.0,damaging,SLC4A3
WNT16 (51384)_damaging,0,2.5337075974345974e-05,432.6666666666667,243.77311856177525,0.0,damaging,WNT16
ATM (472)_hotspot,0,0.0024829958975677202,433.2,186.6204704741685,0.0,hotspot,ATM
ALMS1 (7840)_damaging,0,0.0041904346578884,433.4,229.9930433730551,0.0,damaging,ALMS1
NUMA1 (4926)_damaging,0,0.0027829915316234,433.6,187.61476487739444,0.0,damaging,NUMA1
LRRC7 (57554)_damaging,0,0.003945547744805419,433.8,226.06791015091017,0.0,damaging,LRRC7
ADAMTS2 (9509)_damaging,0,0.0,434.0,242.5613324501661,0.0,damaging,ADAMTS2
AUTS2 (26053)_damaging,0,0.0,434.0,242.5613324501661,0.0,damaging,AUTS2
CNOT1 (23019)_damaging,0,0.0,434.0,242.5613324501661,0.0,damaging,CNOT1
GIGYF2 (26058)_damaging,0,0.0,434.0,242.5613324501661,0.0,damaging,GIGYF2
GUCY2F (2986)_damaging,0,0.0,434.0,242.5613324501661,0.0,damaging,GUCY2F
MPDZ (8777)_damaging,0,0.00609175350452765,434.0,199.47430912275394,0.0,damaging,MPDZ
ORC4 (5000)_damaging,0,0.0,434.0,242.5613324501661,0.0,damaging,ORC4
STAG2 (10735)_damaging,0,0.00254138267053092,434.0,191.36352839556446,0.0,damaging,STAG2
KIF20B (9585)_damaging,0,0.00240328721355338,434.4,187.46412990222956,0.0,damaging,KIF20B
LRP1 (4035)_damaging,0,0.0048899208388726596,434.6,262.75425781516844,0.0,damaging,LRP1
SETX (23064)_damaging,0,0.006417473983043499,434.8,267.06122893448986,0.0,damaging,SETX
ITPR3 (3710)_damaging,0,0.0,435.0,244.29285703843246,0.0,damaging,ITPR3
KIAA1549L (25758)_damaging,0,0.0,435.0,244.29285703843246,0.0,damaging,KIAA1549L
PIK3C2A (5286)_damaging,0,0.0,435.0,244.29285703843246,0.0,damaging,PIK3C2A
UBR1 (197131)_damaging,0,0.0,435.0,244.29285703843246,0.0,damaging,UBR1
PTPN13 (5783)_damaging,0,0.0026313009614448,435.8,189.15919221650321,0.0,damaging,PTPN13
F8 (2157)_damaging,0,0.00231075268859162,436.0,188.64251906714986,0.0,damaging,F8
CTTNBP2 (83992)_damaging,0,0.002613831648538,436.2,189.45236868405735,0.0,damaging,CTTNBP2
CUX1 (1523)_damaging,0,0.00226423673501382,436.2,188.79406770341063,0.0,damaging,CUX1
MSH6 (2956)_damaging,0,0.0061286278460903195,436.2,266.9273309348445,0.0,damaging,MSH6
CEP250 (11190)_damaging,0,0.006461448573014325,436.5,194.12796466935583,0.0,damaging,CEP250
MTCL1 (23255)_damaging,0,0.00257461141402784,436.6,189.7493082991345,0.0,damaging,MTCL1
MAP9 (79884)_damaging,0,0.0022305737500845,437.0,189.4096090487492,0.0,damaging,MAP9
VPS9D1 (9605)_damaging,0,0.0044214791382171,437.0,259.5862091868518,0.0,damaging,VPS9D1
WDFY4 (57705)_damaging,0,0.0024699767648172803,437.8,190.66252909263528,0.0,damaging,WDFY4
ZNF831 (128611)_damaging,0,0.00218349765364446,437.8,190.03999579035988,0.0,damaging,ZNF831
SDHA (6389)_damaging,0,0.0020611081447998,438.6,190.68508069589504,0.0,damaging,SDHA
WWC3 (55841)_damaging,0,0.005828992170324026,438.75,160.481307322691,0.0,damaging,WWC3
DCC (1630)_damaging,0,0.0023699873001302,438.8,191.44894880881432,0.0,damaging,DCC
RUSC2 (9853)_damaging,0,0.00205015151439456,439.0,191.01308855677928,0.0,damaging,RUSC2
SEC16A (9919)_damaging,0,0.0238930979928492,439.0,,0.0,damaging,SEC16A
COL1A2 (1278)_damaging,0,0.00204190837103764,439.4,191.34471510862275,0.0,damaging,COL1A2
PKP3 (11187)_damaging,0,0.00509986008324552,439.4,262.27428390904055,0.0,damaging,PKP3
AFF1 (4299)_damaging,0,0.00515054164246588,439.6,260.27543103412586,0.0,damaging,AFF1
MMUT (4594)_damaging,0,0.00210230622595842,439.6,196.2225777019556,0.0,damaging,MMUT
ADAMTSL3 (57188)_damaging,0,0.00203286335709532,439.8,191.6799415692732,0.0,damaging,ADAMTSL3
LOXHD1 (125336)_damaging,0,0.0022573893612818597,440.0,192.42271175721436,0.0,damaging,LOXHD1
SLC45A1 (50651)_damaging,0,0.00504778068591516,440.2,259.445948127929,0.0,damaging,SLC45A1
COL28A1 (340267)_damaging,0,0.0019807424657788597,440.4,192.18948982709747,0.0,damaging,COL28A1
PIEZO2 (63895)_damaging,0,0.0021120569078650598,441.0,193.25889371514057,0.0,damaging,PIEZO2
ZBTB7C (201501)_damaging,0,0.0021042161147472,441.4,193.5995867764185,0.0,damaging,ZBTB7C
PHKA1 (5255)_damaging,0,0.0048177438675103,441.5,200.11121907579295,0.0,damaging,PHKA1
PEG3 (5178)_damaging,0,0.00471423681476144,441.8,257.2551262851724,0.0,damaging,PEG3
ARID4B (51742)_damaging,0,0.0045749320161926395,442.0,258.57784127801824,0.0,damaging,ARID4B
MAP1A (4130)_damaging,0,0.0020222861972816397,442.2,194.2915335262965,0.0,damaging,MAP1A
MYO18A (399687)_damaging,0,0.0022206318197079597,442.2,201.29878290739862,0.0,damaging,MYO18A
ACACB (32)_damaging,0,0.0019949332974046803,442.4,194.46670666209167,0.0,damaging,ACACB
DNMT1 (1786)_damaging,0,0.005281901456335525,442.5,189.43512521881115,0.0,damaging,DNMT1
CRAMP1 (57585)_damaging,0,0.0018100225196272801,442.6,194.12573245193434,0.0,damaging,CRAMP1
BRINP3 (339479)_damaging,0,0.0,443.3333333333333,235.25588905133347,0.0,damaging,BRINP3
CYC1 (1537)_damaging,0,0.0,443.3333333333333,235.25588905133347,0.0,damaging,CYC1
EPB41L5 (57669)_damaging,0,0.0,443.3333333333333,235.25588905133347,0.0,damaging,EPB41L5
ITGA4 (3676)_damaging,0,0.0,443.3333333333333,235.25588905133347,0.0,damaging,ITGA4
SCN5A (6331)_damaging,0,0.0,443.3333333333333,235.25588905133347,0.0,damaging,SCN5A
SMG1 (23049)_damaging,0,0.0,443.3333333333333,235.25588905133347,0.0,damaging,SMG1
XRN1 (54464)_damaging,0,0.0,443.3333333333333,235.25588905133347,0.0,damaging,XRN1
ZNF804B (219578)_damaging,0,0.00177347962931034,443.8,195.22602285556093,0.0,damaging,ZNF804B
ANKRD11 (29123)_damaging,0,0.00411856965413304,444.2,252.82147851794554,0.0,damaging,ANKRD11
CDH12 (1010)_damaging,0,0.0,444.3333333333333,236.98171518776155,0.0,damaging,CDH12
CNGB1 (1258)_damaging,0,0.0,444.3333333333333,236.98171518776155,0.0,damaging,CNGB1
GAB2 (9846)_damaging,0,0.0,444.3333333333333,236.98171518776155,0.0,damaging,GAB2
GRID2 (2895)_damaging,0,0.0,444.3333333333333,236.98171518776155,0.0,damaging,GRID2
LTK (4058)_damaging,0,0.0,444.3333333333333,236.98171518776155,0.0,damaging,LTK
MCTP1 (79772)_damaging,0,0.0,444.3333333333333,236.98171518776155,0.0,damaging,MCTP1
NKAPD1 (55216)_damaging,0,0.0,444.3333333333333,236.98171518776155,0.0,damaging,NKAPD1
REV1 (51455)_damaging,0,0.0,444.3333333333333,236.98171518776155,0.0,damaging,REV1
SPTBN4 (57731)_damaging,0,0.0,444.3333333333333,236.98171518776155,0.0,damaging,SPTBN4
TTK (7272)_damaging,0,0.0,444.3333333333333,236.98171518776155,0.0,damaging,TTK
KCNQ3 (3786)_damaging,0,0.01044330089580885,444.5,285.6507191192302,0.0,damaging,KCNQ3
ATRNL1 (26033)_damaging,0,0.00184636474044312,444.6,196.45050267179263,0.0,damaging,ATRNL1
THSD7B (80731)_damaging,0,0.00282951101741228,444.6,239.98916642215332,0.0,damaging,THSD7B
LAMA2 (3908)_damaging,0,0.0038509407881247002,444.8,250.7442920586628,0.0,damaging,LAMA2
PIK3C2B (5287)_damaging,0,0.00418769000498448,444.8,254.6854923233752,0.0,damaging,PIK3C2B
TDRD15 (100129278)_damaging,0,0.00173476487271984,444.8,196.1662560176954,0.0,damaging,TDRD15
TRPA1 (8989)_damaging,0,0.00011225531303479999,445.0,227.3301563805383,0.0,damaging,TRPA1
FRYL (285527)_damaging,0,0.0017299694213595202,445.2,197.00939063912662,0.0,damaging,FRYL
MYCBP2 (23077)_damaging,0,0.0017137619363222002,445.2,196.54821291479604,0.0,damaging,MYCBP2
TTN (7273)_damaging,0,0.00320052723884868,445.2,249.3305035490042,0.0,damaging,TTN
NID2 (22795)_damaging,0,0.0016993826349343,445.4,196.740438141222,0.0,damaging,NID2
GALC (2581)_damaging,0,0.00403965807577075,445.5,222.73863607376248,0.0,damaging,GALC
OVCH1 (341350)_damaging,0,0.0016653441806441598,446.0,197.3220717507294,0.0,damaging,OVCH1
OPHN1 (4983)_damaging,0,0.00289757766939482,446.4,247.9078457814516,0.0,damaging,OPHN1
TRIOBP (11078)_damaging,0,0.0016328476344811798,446.4,198.14969089049825,0.0,damaging,TRIOBP
PLXNB2 (23654)_damaging,0,0.00155551595827368,446.8,198.53639464843718,0.0,damaging,PLXNB2
EP300 (2033)_damaging,0,0.00365522506098636,447.2,251.425336829843,0.0,damaging,EP300
ABCB1 (5243)_damaging,0,0.0,447.3333333333333,231.3640709646451,0.0,damaging,ABCB1
CSTF3 (1479)_damaging,0,0.0,447.3333333333333,231.3640709646451,0.0,damaging,CSTF3
DGKB (1607)_damaging,0,0.0,447.3333333333333,231.3640709646451,0.0,damaging,DGKB
DLG5 (9231)_damaging,0,0.0,447.3333333333333,231.3640709646451,0.0,damaging,DLG5
GRIN2D (2906)_damaging,0,0.0,447.3333333333333,231.3640709646451,0.0,damaging,GRIN2D
KIAA0825 (285600)_damaging,0,0.0,447.3333333333333,231.3640709646451,0.0,damaging,KIAA0825
NAA15 (80155)_damaging,0,0.0,447.3333333333333,231.3640709646451,0.0,damaging,NAA15
PTPRU (10076)_damaging,0,0.0,447.3333333333333,231.3640709646451,0.0,damaging,PTPRU
RPGR (6103)_damaging,0,0.0,447.3333333333333,231.3640709646451,0.0,damaging,RPGR
SPATA31D1 (389763)_damaging,0,0.0,447.3333333333333,231.3640709646451,0.0,damaging,SPATA31D1
TCERG1 (10915)_damaging,0,0.0,447.3333333333333,231.3640709646451,0.0,damaging,TCERG1
TMEM131 (23505)_damaging,0,0.0,447.3333333333333,231.3640709646451,0.0,damaging,TMEM131
TOPAZ1 (375337)_damaging,0,0.0,447.3333333333333,231.3640709646451,0.0,damaging,TOPAZ1
TRPM4 (54795)_damaging,0,0.0,447.3333333333333,231.3640709646451,0.0,damaging,TRPM4
WDR81 (124997)_damaging,0,0.0,447.3333333333333,231.3640709646451,0.0,damaging,WDR81
WDR97 (340390)_damaging,0,0.0,447.3333333333333,231.3640709646451,0.0,damaging,WDR97
ZBBX (79740)_damaging,0,0.0,447.3333333333333,231.3640709646451,0.0,damaging,ZBBX
ZBTB21 (49854)_damaging,0,0.0,447.3333333333333,231.3640709646451,0.0,damaging,ZBTB21
MGA (23269)_damaging,0,0.00154634249493286,447.4,199.12257531480452,0.0,damaging,MGA
COL4A1 (1282)_damaging,0,0.0052322126353151,448.0,188.91267824050348,0.0,damaging,COL4A1
ATP8A1 (10396)_damaging,0,0.0,448.3333333333333,233.09297143700692,0.0,damaging,ATP8A1
CTNNA3 (29119)_damaging,0,0.0,448.3333333333333,233.09297143700692,0.0,damaging,CTNNA3
DAZAP1 (26528)_damaging,0,0.0,448.3333333333333,233.09297143700692,0.0,damaging,DAZAP1
DPYD (1806)_damaging,0,0.0,448.3333333333333,233.09297143700692,0.0,damaging,DPYD
EGFR (1956)_damaging,0,0.0,448.3333333333333,233.09297143700692,0.0,damaging,EGFR
FSTL4 (23105)_damaging,0,0.0,448.3333333333333,233.09297143700692,0.0,damaging,FSTL4
HAND2 (9464)_damaging,0,0.0,448.3333333333333,233.09297143700692,0.0,damaging,HAND2
HELZ (9931)_damaging,0,0.0,448.3333333333333,233.09297143700692,0.0,damaging,HELZ
HPS5 (11234)_damaging,0,0.0,448.3333333333333,233.09297143700692,0.0,damaging,HPS5
KIF5C (3800)_damaging,0,0.0,448.3333333333333,233.09297143700692,0.0,damaging,KIF5C
KLHDC7B (113730)_damaging,0,0.0,448.3333333333333,233.09297143700692,0.0,damaging,KLHDC7B
NCOA3 (8202)_damaging,0,0.0,448.3333333333333,233.09297143700692,0.0,damaging,NCOA3
PAN2 (9924)_damaging,0,0.0,448.3333333333333,233.09297143700692,0.0,damaging,PAN2
PAX2 (5076)_damaging,0,0.0,448.3333333333333,233.09297143700692,0.0,damaging,PAX2
R3HDM2 (22864)_damaging,0,0.0,448.3333333333333,233.09297143700692,0.0,damaging,R3HDM2
RBL2 (5934)_damaging,0,0.0,448.3333333333333,233.09297143700692,0.0,damaging,RBL2
RXFP1 (59350)_damaging,0,0.0,448.3333333333333,233.09297143700692,0.0,damaging,RXFP1
SIN3B (23309)_damaging,0,0.0,448.3333333333333,233.09297143700692,0.0,damaging,SIN3B
SLC25A13 (10165)_damaging,0,0.0,448.3333333333333,233.09297143700692,0.0,damaging,SLC25A13
UNC5C (8633)_damaging,0,0.0,448.3333333333333,233.09297143700692,0.0,damaging,UNC5C
ZMYM6 (9204)_damaging,0,0.0,448.3333333333333,233.09297143700692,0.0,damaging,ZMYM6
ADGRL3 (23284)_damaging,0,0.00138308859420904,448.6,199.92698667263508,0.0,damaging,ADGRL3
DNAH5 (1767)_damaging,0,0.00245186431011368,449.2,244.6705948821803,0.0,damaging,DNAH5
CNTN5 (53942)_damaging,0,0.00125447060788134,449.8,201.5395742776093,0.0,damaging,CNTN5
ZC3H18 (124245)_damaging,0,0.0013144998117149398,449.8,201.17455107443385,0.0,damaging,ZC3H18
CDH23 (64072)_damaging,0,0.00131252106761044,450.0,201.38520303140447,0.0,damaging,CDH23
BLTP1 (84162)_damaging,0,0.00122039999606132,450.4,202.16156904812547,0.0,damaging,BLTP1
ATN1 (1822)_damaging,0,0.00128257281343824,450.8,202.23550627918928,0.0,damaging,ATN1
COL5A3 (50509)_damaging,0,0.0011725216246361002,451.0,200.2173818628143,0.0,damaging,COL5A3
IQSEC2 (23096)_damaging,0,0.00117085930704212,451.0,202.79053232338043,0.0,damaging,IQSEC2
SH3PXD2A (9644)_damaging,0,0.00407702873062555,451.0,213.54624791833734,0.0,damaging,SH3PXD2A
USP28 (57646)_damaging,0,0.0028741188023300598,451.0,245.2916631277957,0.0,damaging,USP28
LRRK1 (79705)_damaging,0,0.00127624224490688,451.2,202.66524122305728,0.0,damaging,LRRK1
H3-4 (8290)_damaging,0,0.00107837619951908,451.4,203.21368064183082,0.0,damaging,H3-4
PTPRT (11122)_damaging,0,0.00281407304671454,451.4,245.89794631106622,0.0,damaging,PTPRT
PTPN14 (5784)_damaging,0,0.00632315339190825,451.5,241.4932711277894,0.0,damaging,PTPN14
GREB1 (9687)_damaging,0,0.0012221255621939601,451.6,203.09800589863013,0.0,damaging,GREB1
TDRD5 (163589)_damaging,0,0.00120369557369414,452.0,203.53378097996412,0.0,damaging,TDRD5
ZNF106 (64397)_damaging,0,0.00120311930601564,452.2,203.7527913919218,0.0,damaging,ZNF106
ANKRD30A (91074)_damaging,0,0.00099341681981028,452.6,204.50134473885498,0.0,damaging,ANKRD30A
EML5 (161436)_damaging,0,0.0009780159869813,453.0,204.9365755544871,0.0,damaging,EML5
MYO7A (4647)_damaging,0,0.0024946860699484,453.2,242.60193733768907,0.0,damaging,MYO7A
CACNA1E (777)_damaging,0,0.0016775168382531201,454.0,239.40029239748225,0.0,damaging,CACNA1E
CFTR (1080)_damaging,0,0.0010611911421212201,454.2,205.98349448438825,0.0,damaging,CFTR
KIF21A (55605)_damaging,0,0.00104823336274216,454.6,206.43836852678334,0.0,damaging,KIF21A
VHL (7428)_damaging,0,0.0009582377535320801,454.6,214.35904459574363,0.0,damaging,VHL
AXIN2 (8313)_damaging,0,0.0008928192796839,454.8,206.93163122152205,0.0,damaging,AXIN2
ADAMTSL4 (54507)_damaging,0,0.0008702503363220201,455.0,207.1569453337252,0.0,damaging,ADAMTSL4
IGF2R (3482)_damaging,0,0.00366891552293005,455.0,219.20310216782974,0.0,damaging,IGF2R
ZNF609 (23060)_damaging,0,0.0008554582629812801,455.2,207.38297905083724,0.0,damaging,ZNF609
ERBB4 (2066)_damaging,0,0.0008304797823598014,455.4,208.9026088874909,0.0,damaging,ERBB4
FCGBP (8857)_damaging,0,0.00097075483107992,455.4,207.3566975045658,0.0,damaging,FCGBP
FANCM (57697)_damaging,0,0.00082745323917116,455.8,208.06537434181593,0.0,damaging,FANCM
PIK3CG (5294)_damaging,0,0.00143011657973606,455.8,237.51884135790152,0.0,damaging,PIK3CG
ABCA6 (23460)_damaging,0,0.00087334100270506,456.6,208.75535921264392,0.0,damaging,ABCA6
PCNX1 (22990)_damaging,0,0.00077765982871198,456.8,209.21687312451644,0.0,damaging,PCNX1
DENND4C (55667)_damaging,0,0.00073954731863222,457.2,209.68237884953518,0.0,damaging,DENND4C
OR4P4 (81300)_damaging,0,0.0008619910549369,457.2,209.46407806590608,0.0,damaging,OR4P4
DNAH10 (196385)_damaging,0,0.00083062867315438,457.4,209.7016928877781,0.0,damaging,DNAH10
FAAH (2166)_damaging,0,0.00093454087828654,457.4,219.9995454540759,0.0,damaging,FAAH
SBF1 (6305)_damaging,0,0.0008172601630861999,457.8,210.17897135536657,0.0,damaging,SBF1
MARCO (8685)_damaging,0,0.0006995545284040801,458.0,210.62169878718575,0.0,damaging,MARCO
KMT2E (55904)_damaging,0,0.0007746947372733401,458.6,211.1416586086223,0.0,damaging,KMT2E
FIGN (55137)_damaging,0,0.00427456733505155,458.75,174.66420163654982,0.0,damaging,FIGN
XIRP2 (129446)_damaging,0,0.0015611090081840801,459.0,236.5163842104813,0.0,damaging,XIRP2
LAMB4 (22798)_damaging,0,0.00129559790547082,459.8,234.96638057390254,0.0,damaging,LAMB4
ZNF638 (27332)_damaging,0,0.00067502346542016,460.0,212.85206130080113,0.0,damaging,ZNF638
F5 (2153)_damaging,0,0.00046598183110152004,460.2,213.26087311084515,0.0,damaging,F5
SCN10A (6336)_damaging,0,0.00402982457094305,460.25,194.97414358490374,0.0,damaging,SCN10A
NIN (51199)_damaging,0,0.00059096197700356,460.6,213.59494376038026,0.0,damaging,NIN
BAZ2B (29994)_damaging,0,0.0012802643587616401,461.0,234.1900937272967,0.0,damaging,BAZ2B
BIRC6 (57448)_damaging,0,0.00043467703336979994,461.0,214.240519043434,0.0,damaging,BIRC6
MDC1 (9656)_damaging,0,0.00067819050495642,461.2,229.44650792722908,0.0,damaging,MDC1
SCN7A (6332)_damaging,0,0.00055496727321918,461.8,215.09811714657104,0.0,damaging,SCN7A
ARHGAP17 (55114)_damaging,0,0.0040150378803531,462.0,192.27237624439624,0.0,damaging,ARHGAP17
PEAK1 (79834)_damaging,0,0.0005448475409424,462.0,215.35087647836497,0.0,damaging,PEAK1
BCL9 (607)_damaging,0,0.00050503604131422,462.2,215.60426711918296,0.0,damaging,BCL9
WNT1 (7471)_damaging,0,0.00037758355391094,462.4,215.9798601721929,0.0,damaging,WNT1
KEAP1 (9817)_damaging,0,0.00035612536532884,462.8,216.48256280818558,0.0,damaging,KEAP1
FBN1 (2200)_damaging,0,0.00039349995568184004,463.0,216.62409838242834,0.0,damaging,FBN1
PKDREJ (10343)_damaging,0,0.00058599678742236,463.2,231.30218330141201,0.0,damaging,PKDREJ
AXIN1 (8312)_damaging,0,0.00318464392087015,463.25,183.80311023846502,0.0,damaging,AXIN1
ARHGEF12 (23365)_damaging,0,0.00056234973609034,463.4,230.1821018237517,0.0,damaging,ARHGEF12
DST (667)_damaging,0,0.00033390979528612,463.4,217.24134044881973,0.0,damaging,DST
TRIO (7204)_damaging,0,0.00037849788940328,463.4,217.13774430070882,0.0,damaging,TRIO
NBEAL1 (65065)_damaging,0,0.0002858634645411,463.8,217.75031572881818,0.0,damaging,NBEAL1
CCDC7 (79741)_damaging,0,0.0022689992176745,464.0,248.90158697766472,0.0,damaging,CCDC7
SMARCA4 (6597)_hotspot,0,0.00023352981357615998,464.0,218.00573386954758,0.0,hotspot,SMARCA4
ATF7IP (55729)_damaging,0,0.00026819602095276,464.4,218.4325982997959,0.0,damaging,ATF7IP
LTN1 (26046)_damaging,0,0.00026162394445616,464.6,218.69339267568193,0.0,damaging,LTN1
THSD7A (221981)_damaging,0,0.00022964161706873998,465.0,219.21678767831628,0.0,damaging,THSD7A
KLHL1 (57626)_damaging,0,0.0002809358163026909,465.2,227.26570352783105,0.0,damaging,KLHL1
NRXN2 (9379)_damaging,0,0.00015085172765824,465.4,219.8108277587799,0.0,damaging,NRXN2
SPEN (23013)_damaging,0,0.00030562557398120004,465.4,229.03449521851508,0.0,damaging,SPEN
SULF1 (23213)_damaging,0,0.00042566161295855997,466.2,228.44080195971998,0.0,damaging,SULF1
BMPR2 (659)_damaging,0,0.00010229344763134,467.0,221.86933091349061,0.0,damaging,BMPR2
CNTNAP4 (85445)_damaging,0,0.00021445999848716002,467.4,227.17790385510648,0.0,damaging,CNTNAP4
LAMA1 (284217)_damaging,0,4.893627443938e-05,467.8,222.97354103121742,0.0,damaging,LAMA1
FUBP3 (8939)_damaging,0,0.0098441529553822,468.0,155.2707313050338,0.0,damaging,FUBP3
LINC02714 (729305)_damaging,0,4.8881796932380007e-05,468.0,223.21738283565642,0.0,damaging,LINC02714
ITSN1 (6453)_damaging,0,0.00011423208688984,468.2,226.3497294012078,0.0,damaging,ITSN1
BRWD1 (54014)_damaging,0,6.239192576345002e-06,468.8,224.30604093514737,0.0,damaging,BRWD1
ABCA10 (10349)_damaging,0,0.0,469.4,225.1284078031913,0.0,damaging,ABCA10
ABCA7 (10347)_damaging,0,0.0,469.4,225.1284078031913,0.0,damaging,ABCA7
ABCB4 (5244)_damaging,0,0.0,469.4,225.1284078031913,0.0,damaging,ABCB4
ACVR2A (92)_damaging,0,0.0,469.4,225.1284078031913,0.0,damaging,ACVR2A
ADAMTS16 (170690)_damaging,0,0.0,469.4,225.1284078031913,0.0,damaging,ADAMTS16
ADAMTS20 (80070)_damaging,0,0.0,469.4,225.1284078031913,0.0,damaging,ADAMTS20
ADAMTSL2 (9719)_damaging,0,0.0,469.4,225.1284078031913,0.0,damaging,ADAMTSL2
ADGRA2 (25960)_damaging,0,0.0,469.4,225.1284078031913,0.0,damaging,ADGRA2
ADGRB3 (577)_damaging,0,0.0,469.4,225.1284078031913,0.0,damaging,ADGRB3
ADGRG4 (139378)_damaging,0,0.0,469.4,225.1284078031913,0.0,damaging,ADGRG4
ADGRV1 (84059)_damaging,0,0.0,469.4,225.1284078031913,0.0,damaging,ADGRV1
AHNAK (79026)_damaging,0,0.0,469.4,225.1284078031913,0.0,damaging,AHNAK
AHNAK2 (113146)_damaging,0,0.0,469.4,225.1284078031913,0.0,damaging,AHNAK2
AKAP7 (9465)_damaging,0,0.0,469.4,225.1284078031913,0.0,damaging,AKAP7
AKAP9 (10142)_damaging,0,0.0,469.4,225.1284078031913,0.0,damaging,AKAP9
AMER1 (139285)_damaging,0,0.0,469.4,225.1284078031913,0.0,damaging,AMER1
ANK2 (287)_damaging,0,0.0,469.4,225.1284078031913,0.0,damaging,ANK2
ANK3 (288)_damaging,0,0.0,469.4,225.1284078031913,0.0,damaging,ANK3
ANKRD12 (23253)_damaging,0,0.0,469.4,225.1284078031913,0.0,damaging,ANKRD12
AP3B1 (8546)_damaging,0,0.0,469.4,225.1284078031913,0.0,damaging,AP3B1
ARHGAP35 (2909)_damaging,0,0.0,469.4,225.1284078031913,0.0,damaging,ARHGAP35
ASPM (259266)_damaging,0,0.0,469.4,225.1284078031913,0.0,damaging,ASPM
ASXL2 (55252)_damaging,0,0.0,469.4,225.1284078031913,0.0,damaging,ASXL2
ASXL3 (80816)_damaging,0,0.0,469.4,225.1284078031913,0.0,damaging,ASXL3
ATG2B (55102)_damaging,0,0.0,469.4,225.1284078031913,0.0,damaging,ATG2B
ATP2B4 (493)_damaging,0,0.0,469.4,225.1284078031913,0.0,damaging,ATP2B4
ATXN2L (11273)_damaging,0,0.0,469.4,225.1284078031913,0.0,damaging,ATXN2L
ATXN7 (6314)_damaging,0,0.0,469.4,225.1284078031913,0.0,damaging,ATXN7
B4GALNT4 (338707)_damaging,0,0.0,469.4,225.1284078031913,0.0,damaging,B4GALNT4
BAHCC1 (57597)_damaging,0,0.0,469.4,225.1284078031913,0.0,damaging,BAHCC1
BCL9L (283149)_damaging,0,0.0,469.4,225.1284078031913,0.0,damaging,BCL9L
CACNA1B (774)_damaging,0,0.0,469.4,225.1284078031913,0.0,damaging,CACNA1B
CARD11 (84433)_damaging,0,0.0,469.4,225.1284078031913,0.0,damaging,CARD11
CCDC168 (643677)_damaging,0,0.0,469.4,225.1284078031913,0.0,damaging,CCDC168
CDH1 (999)_damaging,0,0.0,469.4,225.1284078031913,0.0,damaging,CDH1
CDH8 (1006)_damaging,0,0.0,469.4,225.1284078031913,0.0,damaging,CDH8
CDKN2A (1029)_hotspot,0,0.0,469.4,225.1284078031913,0.0,hotspot,CDKN2A
CHD3 (1107)_damaging,0,0.0,469.4,225.1284078031913,0.0,damaging,CHD3
CHD9 (80205)_damaging,0,0.0,469.4,225.1284078031913,0.0,damaging,CHD9
CLASP2 (23122)_damaging,0,0.0,469.4,225.1284078031913,0.0,damaging,CLASP2
CNTN4 (152330)_damaging,0,0.0,469.4,225.1284078031913,0.0,damaging,CNTN4
CNTN6 (27255)_damaging,0,0.0,469.4,225.1284078031913,0.0,damaging,CNTN6
CNTNAP2 (26047)_damaging,0,0.0,469.4,225.1284078031913,0.0,damaging,CNTNAP2
COL11A1 (1301)_damaging,0,0.0,469.4,225.1284078031913,0.0,damaging,COL11A1
COL11A2 (1302)_damaging,0,0.0,469.4,225.1284078031913,0.0,damaging,COL11A2
COL16A1 (1307)_damaging,0,0.0,469.4,225.1284078031913,0.0,damaging,COL16A1
COL20A1 (57642)_damaging,0,0.0,469.4,225.1284078031913,0.0,damaging,COL20A1
COL2A1 (1280)_damaging,0,0.0,469.4,225.1284078031913,0.0,damaging,COL2A1
COL3A1 (1281)_damaging,0,0.0,469.4,225.1284078031913,0.0,damaging,COL3A1
COL4A6 (1288)_damaging,0,0.0,469.4,225.1284078031913,0.0,damaging,COL4A6
CR2 (1380)_damaging,0,0.0,469.4,225.1284078031913,0.0,damaging,CR2
CREBBP (1387)_hotspot,0,0.0,469.4,225.1284078031913,0.0,hotspot,CREBBP
CSMD3 (114788)_damaging,0,0.0,469.4,225.1284078031913,0.0,damaging,CSMD3
DNAH11 (8701)_damaging,0,0.0,469.4,225.1284078031913,0.0,damaging,DNAH11
DNAH3 (55567)_damaging,0,0.0,469.4,225.1284078031913,0.0,damaging,DNAH3
DOCK3 (1795)_damaging,0,0.0,469.4,225.1284078031913,0.0,damaging,DOCK3
DSP (1832)_damaging,0,0.0,469.4,225.1284078031913,0.0,damaging,DSP
DYSF (8291)_damaging,0,0.0,469.4,225.1284078031913,0.0,damaging,DYSF
E2F7 (144455)_damaging,0,0.0,469.4,225.1284078031913,0.0,damaging,E2F7
EFCAB5 (374786)_damaging,0,0.0,469.4,225.1284078031913,0.0,damaging,EFCAB5
EFR3A (23167)_damaging,0,0.0,469.4,225.1284078031913,0.0,damaging,EFR3A
ELOA (6924)_damaging,0,0.0,469.4,225.1284078031913,0.0,damaging,ELOA
EP400 (57634)_damaging,0,0.0,469.4,225.1284078031913,0.0,damaging,EP400
EPHA2 (1969)_damaging,0,0.0,469.4,225.1284078031913,0.0,damaging,EPHA2
EPHA3 (2042)_damaging,0,0.0,469.4,225.1284078031913,0.0,damaging,EPHA3
EPHA5 (2044)_damaging,0,0.0,469.4,225.1284078031913,0.0,damaging,EPHA5
EPHB6 (2051)_damaging,0,0.0,469.4,225.1284078031913,0.0,damaging,EPHB6
ESRP1 (54845)_damaging,0,0.0,469.4,225.1284078031913,0.0,damaging,ESRP1
EXPH5 (23086)_damaging,0,0.0,469.4,225.1284078031913,0.0,damaging,EXPH5
EYS (346007)_damaging,0,0.0,469.4,225.1284078031913,0.0,damaging,EYS
FAM193A (8603)_damaging,0,0.0,469.4,225.1284078031913,0.0,damaging,FAM193A
FAT1 (2195)_damaging,0,0.0,469.4,225.1284078031913,0.0,damaging,FAT1
FAT2 (2196)_damaging,0,0.0,469.4,225.1284078031913,0.0,damaging,FAT2
FAT3 (120114)_damaging,0,0.0,469.4,225.1284078031913,0.0,damaging,FAT3
FER1L6 (654463)_damaging,0,0.0,469.4,225.1284078031913,0.0,damaging,FER1L6
FHDC1 (85462)_damaging,0,0.0,469.4,225.1284078031913,0.0,damaging,FHDC1
FLG (2312)_damaging,0,0.0,469.4,225.1284078031913,0.0,damaging,FLG
FLNC (2318)_damaging,0,0.0,469.4,225.1284078031913,0.0,damaging,FLNC
FLT4 (2324)_damaging,0,0.0,469.4,225.1284078031913,0.0,damaging,FLT4
FMN2 (56776)_damaging,0,0.0,469.4,225.1284078031913,0.0,damaging,FMN2
FN1 (2335)_damaging,0,0.0,469.4,225.1284078031913,0.0,damaging,FN1
FNDC1 (84624)_damaging,0,0.0,469.4,225.1284078031913,0.0,damaging,FNDC1
FRAS1 (80144)_damaging,0,0.0,469.4,225.1284078031913,0.0,damaging,FRAS1
FSIP2 (401024)_damaging,0,0.0,469.4,225.1284078031913,0.0,damaging,FSIP2
GLI3 (2737)_damaging,0,0.0,469.4,225.1284078031913,0.0,damaging,GLI3
GRM7 (2917)_damaging,0,0.0,469.4,225.1284078031913,0.0,damaging,GRM7
HDAC4 (9759)_damaging,0,0.0,469.4,225.1284078031913,0.0,damaging,HDAC4
HELZ2 (85441)_damaging,0,0.0,469.4,225.1284078031913,0.0,damaging,HELZ2
HERC2 (8924)_damaging,0,0.0,469.4,225.1284078031913,0.0,damaging,HERC2
HIVEP1 (3096)_damaging,0,0.0,469.4,225.1284078031913,0.0,damaging,HIVEP1
HLA-B (3106)_damaging,0,0.0,469.4,225.1284078031913,0.0,damaging,HLA-B
HMCN2 (256158)_damaging,0,0.0,469.4,225.1284078031913,0.0,damaging,HMCN2
HNF1A (6927)_damaging,0,0.0,469.4,225.1284078031913,0.0,damaging,HNF1A
HUWE1 (10075)_damaging,0,0.0,469.4,225.1284078031913,0.0,damaging,HUWE1
INO80 (54617)_damaging,0,0.0,469.4,225.1284078031913,0.0,damaging,INO80
INSRR (3645)_damaging,0,0.0,469.4,225.1284078031913,0.0,damaging,INSRR
IQGAP1 (8826)_damaging,0,0.0,469.4,225.1284078031913,0.0,damaging,IQGAP1
ITSN2 (50618)_damaging,0,0.0,469.4,225.1284078031913,0.0,damaging,ITSN2
JAKMIP3 (282973)_damaging,0,0.0,469.4,225.1284078031913,0.0,damaging,JAKMIP3
KCNH7 (90134)_damaging,0,0.0,469.4,225.1284078031913,0.0,damaging,KCNH7
KCNQ1 (3784)_damaging,0,0.0,469.4,225.1284078031913,0.0,damaging,KCNQ1
KDM5A (5927)_damaging,0,0.0,469.4,225.1284078031913,0.0,damaging,KDM5A
KDR (3791)_damaging,0,0.0,469.4,225.1284078031913,0.0,damaging,KDR
KEL (3792)_damaging,0,0.0,469.4,225.1284078031913,0.0,damaging,KEL
KIAA1549 (57670)_damaging,0,0.0,469.4,225.1284078031913,0.0,damaging,KIAA1549
KIF26A (26153)_damaging,0,0.0,469.4,225.1284078031913,0.0,damaging,KIF26A
KIF26B (55083)_damaging,0,0.0,469.4,225.1284078031913,0.0,damaging,KIF26B
KSR1 (8844)_damaging,0,0.0,469.4,225.1284078031913,0.0,damaging,KSR1
LARP1 (23367)_damaging,0,0.0,469.4,225.1284078031913,0.0,damaging,LARP1
LRRIQ1 (84125)_damaging,0,0.0,469.4,225.1284078031913,0.0,damaging,LRRIQ1
LRRK2 (120892)_damaging,0,0.0,469.4,225.1284078031913,0.0,damaging,LRRK2
LUZP1 (7798)_damaging,0,0.0,469.4,225.1284078031913,0.0,damaging,LUZP1
MAP2 (4133)_damaging,0,0.0,469.4,225.1284078031913,0.0,damaging,MAP2
MAST2 (23139)_damaging,0,0.0,469.4,225.1284078031913,0.0,damaging,MAST2
MBD6 (114785)_damaging,0,0.0,469.4,225.1284078031913,0.0,damaging,MBD6
MED13 (9969)_damaging,0,0.0,469.4,225.1284078031913,0.0,damaging,MED13
MIDEAS (91748)_damaging,0,0.0,469.4,225.1284078031913,0.0,damaging,MIDEAS
MLH1 (4292)_damaging,0,0.0,469.4,225.1284078031913,0.0,damaging,MLH1
MMS22L (253714)_damaging,0,0.0,469.4,225.1284078031913,0.0,damaging,MMS22L
MUC5B (727897)_damaging,0,0.0,469.4,225.1284078031913,0.0,damaging,MUC5B
MUTYH (4595)_damaging,0,0.0,469.4,225.1284078031913,0.0,damaging,MUTYH
MXRA8 (54587)_damaging,0,0.0,469.4,225.1284078031913,0.0,damaging,MXRA8
MYH2 (4620)_damaging,0,0.0,469.4,225.1284078031913,0.0,damaging,MYH2
MYH7 (4625)_damaging,0,0.0,469.4,225.1284078031913,0.0,damaging,MYH7
MYO18B (84700)_damaging,0,0.0,469.4,225.1284078031913,0.0,damaging,MYO18B
NCKAP5L (57701)_damaging,0,0.0,469.4,225.1284078031913,0.0,damaging,NCKAP5L
NCOR2 (9612)_damaging,0,0.0,469.4,225.1284078031913,0.0,damaging,NCOR2
NES (10763)_damaging,0,0.0,469.4,225.1284078031913,0.0,damaging,NES
NF1 (4763)_damaging,0,0.0,469.4,225.1284078031913,0.0,damaging,NF1
NFASC (23114)_damaging,0,0.0,469.4,225.1284078031913,0.0,damaging,NFASC
NOL8 (55035)_damaging,0,0.0,469.4,225.1284078031913,0.0,damaging,NOL8
NOTCH2 (4853)_damaging,0,0.0,469.4,225.1284078031913,0.0,damaging,NOTCH2
NOTCH3 (4854)_damaging,0,0.0,469.4,225.1284078031913,0.0,damaging,NOTCH3
NOTCH4 (4855)_damaging,0,0.0,469.4,225.1284078031913,0.0,damaging,NOTCH4
NPAT (4863)_damaging,0,0.0,469.4,225.1284078031913,0.0,damaging,NPAT
NUP205 (23165)_damaging,0,0.0,469.4,225.1284078031913,0.0,damaging,NUP205
OBSCN (84033)_damaging,0,0.0,469.4,225.1284078031913,0.0,damaging,OBSCN
PBRM1 (55193)_damaging,0,0.0,469.4,225.1284078031913,0.0,damaging,PBRM1
PCDH10 (57575)_damaging,0,0.0,469.4,225.1284078031913,0.0,damaging,PCDH10
PCDH19 (57526)_damaging,0,0.0,469.4,225.1284078031913,0.0,damaging,PCDH19
PCLO (27445)_damaging,0,0.0,469.4,225.1284078031913,0.0,damaging,PCLO
PCNX2 (80003)_damaging,0,0.0,469.4,225.1284078031913,0.0,damaging,PCNX2
PCNX3 (399909)_damaging,0,0.0,469.4,225.1284078031913,0.0,damaging,PCNX3
PER1 (5187)_damaging,0,0.0,469.4,225.1284078031913,0.0,damaging,PER1
PHF3 (23469)_damaging,0,0.0,469.4,225.1284078031913,0.0,damaging,PHF3
PKD1L1 (168507)_damaging,0,0.0,469.4,225.1284078031913,0.0,damaging,PKD1L1
PLA2R1 (22925)_damaging,0,0.0,469.4,225.1284078031913,0.0,damaging,PLA2R1
PLCB4 (5332)_damaging,0,0.0,469.4,225.1284078031913,0.0,damaging,PLCB4
PLEKHA7 (144100)_damaging,0,0.0,469.4,225.1284078031913,0.0,damaging,PLEKHA7
PLOD3 (8985)_damaging,0,0.0,469.4,225.1284078031913,0.0,damaging,PLOD3
PLXNA2 (5362)_damaging,0,0.0,469.4,225.1284078031913,0.0,damaging,PLXNA2
PLXNB1 (5364)_damaging,0,0.0,469.4,225.1284078031913,0.0,damaging,PLXNB1
PLXNC1 (10154)_damaging,0,0.0,469.4,225.1284078031913,0.0,damaging,PLXNC1
POLD1 (5424)_damaging,0,0.0,469.4,225.1284078031913,0.0,damaging,POLD1
POLR2B (5431)_damaging,0,0.0,469.4,225.1284078031913,0.0,damaging,POLR2B
PRRC2B (84726)_damaging,0,0.0,469.4,225.1284078031913,0.0,damaging,PRRC2B
PTEN (5728)_damaging,0,0.0,469.4,225.1284078031913,0.0,damaging,PTEN
RALGAPB (57148)_damaging,0,0.0,469.4,225.1284078031913,0.0,damaging,RALGAPB
RBM6 (10180)_damaging,0,0.0,469.4,225.1284078031913,0.0,damaging,RBM6
RECQL (5965)_damaging,0,0.0,469.4,225.1284078031913,0.0,damaging,RECQL
REV3L (5980)_damaging,0,0.0,469.4,225.1284078031913,0.0,damaging,REV3L
RIMS1 (22999)_damaging,0,0.0,469.4,225.1284078031913,0.0,damaging,RIMS1
RIMS2 (9699)_damaging,0,0.0,469.4,225.1284078031913,0.0,damaging,RIMS2
RIN1 (9610)_damaging,0,0.0,469.4,225.1284078031913,0.0,damaging,RIN1
ROBO1 (6091)_damaging,0,0.0,469.4,225.1284078031913,0.0,damaging,ROBO1
ROR2 (4920)_damaging,0,0.0,469.4,225.1284078031913,0.0,damaging,ROR2
ROS1 (6098)_damaging,0,0.0,469.4,225.1284078031913,0.0,damaging,ROS1
RP1 (6101)_damaging,0,0.0,469.4,225.1284078031913,0.0,damaging,RP1
RYR1 (6261)_damaging,0,0.0,469.4,225.1284078031913,0.0,damaging,RYR1
SAFB2 (9667)_damaging,0,0.0,469.4,225.1284078031913,0.0,damaging,SAFB2
SALL1 (6299)_damaging,0,0.0,469.4,225.1284078031913,0.0,damaging,SALL1
SALL3 (27164)_damaging,0,0.0,469.4,225.1284078031913,0.0,damaging,SALL3
SAMD9L (219285)_damaging,0,0.0,469.4,225.1284078031913,0.0,damaging,SAMD9L
SCN11A (11280)_damaging,0,0.0,469.4,225.1284078031913,0.0,damaging,SCN11A
SETD1A (9739)_damaging,0,0.0,469.4,225.1284078031913,0.0,damaging,SETD1A
SHANK1 (50944)_damaging,0,0.0,469.4,225.1284078031913,0.0,damaging,SHANK1
SHPRH (257218)_damaging,0,0.0,469.4,225.1284078031913,0.0,damaging,SHPRH
SI (6476)_damaging,0,0.0,469.4,225.1284078031913,0.0,damaging,SI
SLC12A7 (10723)_damaging,0,0.0,469.4,225.1284078031913,0.0,damaging,SLC12A7
SLC4A10 (57282)_damaging,0,0.0,469.4,225.1284078031913,0.0,damaging,SLC4A10
SMC1B (27127)_damaging,0,0.0,469.4,225.1284078031913,0.0,damaging,SMC1B
SMC3 (9126)_damaging,0,0.0,469.4,225.1284078031913,0.0,damaging,SMC3
SORBS2 (8470)_damaging,0,0.0,469.4,225.1284078031913,0.0,damaging,SORBS2
SPATA31H1 (84226)_damaging,0,0.0,469.4,225.1284078031913,0.0,damaging,SPATA31H1
SPEF2 (79925)_damaging,0,0.0,469.4,225.1284078031913,0.0,damaging,SPEF2
SPHKAP (80309)_damaging,0,0.0,469.4,225.1284078031913,0.0,damaging,SPHKAP
STAB1 (23166)_damaging,0,0.0,469.4,225.1284078031913,0.0,damaging,STAB1
STAT2 (6773)_damaging,0,0.0,469.4,225.1284078031913,0.0,damaging,STAT2
STAT5B (6777)_damaging,0,0.0,469.4,225.1284078031913,0.0,damaging,STAT5B
STAT6 (6778)_damaging,0,0.0,469.4,225.1284078031913,0.0,damaging,STAT6
STK11 (6794)_hotspot,0,0.0,469.4,225.1284078031913,0.0,hotspot,STK11
SVIL (6840)_damaging,0,0.0,469.4,225.1284078031913,0.0,damaging,SVIL
SZT2 (23334)_damaging,0,0.0,469.4,225.1284078031913,0.0,damaging,SZT2
TAL1 (6886)_damaging,0,0.0,469.4,225.1284078031913,0.0,damaging,TAL1
TCF20 (6942)_damaging,0,0.0,469.4,225.1284078031913,0.0,damaging,TCF20
TCF7L2 (6934)_damaging,0,0.0,469.4,225.1284078031913,0.0,damaging,TCF7L2
TENM3 (55714)_damaging,0,0.0,469.4,225.1284078031913,0.0,damaging,TENM3
TICAM1 (148022)_damaging,0,0.0,469.4,225.1284078031913,0.0,damaging,TICAM1
TICRR (90381)_damaging,0,0.0,469.4,225.1284078031913,0.0,damaging,TICRR
TMEM94 (9772)_damaging,0,0.0,469.4,225.1284078031913,0.0,damaging,TMEM94
TNRC18 (84629)_damaging,0,0.0,469.4,225.1284078031913,0.0,damaging,TNRC18
TNRC6C (57690)_damaging,0,0.0,469.4,225.1284078031913,0.0,damaging,TNRC6C
TOP2A (7153)_damaging,0,0.0,469.4,225.1284078031913,0.0,damaging,TOP2A
TP53BP1 (7158)_damaging,0,0.0,469.4,225.1284078031913,0.0,damaging,TP53BP1
TRIM24 (8805)_damaging,0,0.0,469.4,225.1284078031913,0.0,damaging,TRIM24
TRPM6 (140803)_damaging,0,0.0,469.4,225.1284078031913,0.0,damaging,TRPM6
UBR4 (23352)_damaging,0,0.0,469.4,225.1284078031913,0.0,damaging,UBR4
USP13 (8975)_damaging,0,0.0,469.4,225.1284078031913,0.0,damaging,USP13
USP34 (9736)_damaging,0,0.0,469.4,225.1284078031913,0.0,damaging,USP34
UTP20 (27340)_damaging,0,0.0,469.4,225.1284078031913,0.0,damaging,UTP20
VWF (7450)_damaging,0,0.0,469.4,225.1284078031913,0.0,damaging,VWF
WDTC1 (23038)_damaging,0,0.0,469.4,225.1284078031913,0.0,damaging,WDTC1
WNK2 (65268)_damaging,0,0.0,469.4,225.1284078031913,0.0,damaging,WNK2
WRN (7486)_damaging,0,0.0,469.4,225.1284078031913,0.0,damaging,WRN
WWP1 (11059)_damaging,0,0.0,469.4,225.1284078031913,0.0,damaging,WWP1
ZBTB7A (51341)_damaging,0,0.0,469.4,225.1284078031913,0.0,damaging,ZBTB7A
ZC3H13 (23091)_damaging,0,0.0,469.4,225.1284078031913,0.0,damaging,ZC3H13
ZC3H7B (23264)_damaging,0,0.0,469.4,225.1284078031913,0.0,damaging,ZC3H7B
ZDBF2 (57683)_damaging,0,0.0,469.4,225.1284078031913,0.0,damaging,ZDBF2
ZFC3H1 (196441)_damaging,0,0.0,469.4,225.1284078031913,0.0,damaging,ZFC3H1
ZFHX3 (463)_damaging,0,0.0,469.4,225.1284078031913,0.0,damaging,ZFHX3
ZMYM1 (79830)_damaging,0,0.0,469.4,225.1284078031913,0.0,damaging,ZMYM1
ZNF292 (23036)_damaging,0,0.0,469.4,225.1284078031913,0.0,damaging,ZNF292
ZZEF1 (23140)_damaging,0,0.0,469.4,225.1284078031913,0.0,damaging,ZZEF1
SMC4 (10051)_damaging,0,0.00329183615113435,469.5,199.9341558280292,0.0,damaging,SMC4
FBRS (64319)_damaging,0,0.0027840770854517752,471.75,182.5894757828793,0.0,damaging,FBRS
CENPJ (55835)_damaging,0,0.00331370945729695,473.0,205.0609665440988,0.0,damaging,CENPJ
FEZF2 (55079)_damaging,0,0.0177995221919229,476.0,,0.0,damaging,FEZF2
ALPK2 (115701)_damaging,0,0.002959884294914075,477.0,198.767871313919,0.0,damaging,ALPK2
PKD1L2 (114780)_damaging,0,0.008904251290114433,477.3333333333333,207.29045644537842,0.0,damaging,PKD1L2
JAK1 (3716)_damaging,0,0.002387135866166775,477.5,203.87823163185746,0.0,damaging,JAK1
ALDH1L2 (160428)_damaging,0,0.0094729317328339,478.3333333333333,209.00318976832227,0.0,damaging,ALDH1L2
NLRP3 (114548)_damaging,0,0.002245666810938425,481.0,206.92510722481217,0.0,damaging,NLRP3
TUT7 (79670)_damaging,0,0.0185770298317156,481.0,,0.0,damaging,TUT7
MYC (4609)_hotspot,0,0.001417131066483,482.5,275.064537881567,0.0,hotspot,MYC
CYLC1 (1538)_damaging,0,0.002077470752161125,482.75,207.63329052281892,0.0,damaging,CYLC1
CD36 (948)_damaging,0,0.002356421065164675,483.0,202.55534223186183,0.0,damaging,CD36
FAM83B (222584)_damaging,0,0.00454864854803395,484.25,273.95909061999265,0.0,damaging,FAM83B
ABCG2 (9429)_damaging,0,0.00219385917285775,486.5,321.7335854398791,0.0,damaging,ABCG2
INO80D (54891)_damaging,0,0.002001596510761625,486.5,204.50509366109523,0.0,damaging,INO80D
SPHK1 (8877)_damaging,0,0.0078156204274941,486.6666666666667,211.90170677305395,0.0,damaging,SPHK1
SMC2 (10592)_damaging,0,0.007015239806063833,487.3333333333333,209.78401591478158,0.0,damaging,SMC2
PRAG1 (157285)_damaging,0,0.0177339611367197,488.0,,0.0,damaging,PRAG1
ZIM3 (114026)_damaging,0,0.001672465752932275,489.25,207.16720300279195,0.0,damaging,ZIM3
WNK1 (65125)_damaging,0,0.001602813513679625,490.0,207.76428952060076,0.0,damaging,WNK1
TNS1 (7145)_damaging,0,0.001437371268654825,490.75,214.22009709642091,0.0,damaging,TNS1
ADGRG6 (57211)_damaging,0,0.0210742652061884,491.0,319.6122650963195,0.0,damaging,ADGRG6
ERN2 (10595)_damaging,0,0.0021772624529332,491.0,230.5168106668145,0.0,damaging,ERN2
PLEKHG6 (55200)_damaging,0,0.00166486483473,492.0,258.5691396899483,0.0,damaging,PLEKHG6
ADAM23 (8745)_damaging,0,0.001135413099785225,493.0,216.59639886203095,0.0,damaging,ADAM23
NPHS1 (4868)_damaging,0,0.00096688245025445,493.0,272.94321753800733,0.0,damaging,NPHS1
POLN (353497)_damaging,0,0.01736015617581635,493.5,127.9863273947651,0.0,damaging,POLN
FIRRM (55732)_damaging,0,0.007232459391676933,494.3333333333333,198.44982573268572,0.0,damaging,FIRRM
PDCD11 (22984)_damaging,0,0.000509354138075725,495.5,233.295949386182,0.0,damaging,PDCD11
PNISR (25957)_damaging,0,0.001303707288080825,496.5,212.96869879554288,0.0,damaging,PNISR
GRIA2 (2891)_damaging,0,0.001237496730606125,497.0,213.43226872554519,0.0,damaging,GRIA2
NUP210 (23225)_damaging,0,0.00184513627181945,497.0,239.00209204105306,0.0,damaging,NUP210
AHCTF1 (25909)_damaging,0,0.006275731578476534,497.3333333333333,182.1244995417512,0.0,damaging,AHCTF1
VWA3B (200403)_damaging,0,0.000979694677658475,498.75,215.38086420726114,0.0,damaging,VWA3B
SLCO6A1 (133482)_damaging,0,0.00093513771824435,499.25,215.85083584117373,0.0,damaging,SLCO6A1
ARAP3 (64411)_damaging,0,0.00110304564997005,499.5,242.5376259469858,0.0,damaging,ARAP3
TTC21B (79809)_damaging,0,0.000744613805497725,500.5,223.53746889503785,0.0,damaging,TTC21B
GPR161 (23432)_damaging,0,0.0,501.0,301.22748878546923,0.0,damaging,GPR161
HDAC9 (9734)_damaging,0,0.0,501.0,301.22748878546923,0.0,damaging,HDAC9
IRS1 (3667)_damaging,0,0.0005348033071715501,501.0,223.74688079762512,0.0,damaging,IRS1
KCNH8 (131096)_damaging,0,0.0,501.0,301.22748878546923,0.0,damaging,KCNH8
NEK10 (152110)_damaging,0,0.0,501.0,301.22748878546923,0.0,damaging,NEK10
RUNX1 (861)_damaging,0,0.00098112816953215,501.0,217.27095219257143,0.0,damaging,RUNX1
SLIT3 (6586)_damaging,0,0.0,501.0,301.22748878546923,0.0,damaging,SLIT3
MFRP (83552)_damaging,0,0.0065152958053525,501.3333333333333,195.98299245937983,0.0,damaging,MFRP
CD93 (22918)_damaging,0,0.0,502.5,303.3488091290289,0.0,damaging,CD93
CROCC2 (728763)_damaging,0,0.0,502.5,303.3488091290289,0.0,damaging,CROCC2
KIF6 (221458)_damaging,0,0.0,502.5,303.3488091290289,0.0,damaging,KIF6
MORC4 (79710)_damaging,0,0.0,502.5,303.3488091290289,0.0,damaging,MORC4
SFSWAP (6433)_damaging,0,0.0006919017241705,502.5,218.9923895176877,0.0,damaging,SFSWAP
TLR4 (7099)_damaging,0,0.0,502.5,303.3488091290289,0.0,damaging,TLR4
TRIP12 (9320)_damaging,0,0.0,502.5,303.3488091290289,0.0,damaging,TRIP12
ACIN1 (22985)_damaging,0,0.0,504.75,243.4055258205943,0.0,damaging,ACIN1
DOCK5 (80005)_damaging,0,0.0,504.75,243.4055258205943,0.0,damaging,DOCK5
DPP6 (1804)_damaging,0,0.0,504.75,243.4055258205943,0.0,damaging,DPP6
EPS8L3 (79574)_damaging,0,0.0,504.75,243.4055258205943,0.0,damaging,EPS8L3
HECW2 (57520)_damaging,0,0.00053686143835015,504.75,221.25306024248945,0.0,damaging,HECW2
HPS3 (84343)_damaging,0,0.0,504.75,243.4055258205943,0.0,damaging,HPS3
KCNT2 (343450)_damaging,0,0.0,504.75,243.4055258205943,0.0,damaging,KCNT2
MAP3K15 (389840)_damaging,0,0.0,504.75,243.4055258205943,0.0,damaging,MAP3K15
SBNO1 (55206)_damaging,0,0.0,504.75,243.4055258205943,0.0,damaging,SBNO1
TFE3 (7030)_damaging,0,0.0002391363381461,505.25,228.65603716791153,0.0,damaging,TFE3
ANKS1B (56899)_damaging,0,0.0004766275284422,505.75,222.2796661865408,0.0,damaging,ANKS1B
BLTP3A (54887)_damaging,0,0.0,507.0,292.74220741123065,0.0,damaging,BLTP3A
ERBB3 (2065)_damaging,0,0.0,507.0,292.74220741123065,0.0,damaging,ERBB3
FOXP2 (93986)_damaging,0,0.0,507.0,292.74220741123065,0.0,damaging,FOXP2
HYOU1 (10525)_damaging,0,0.0,507.0,292.74220741123065,0.0,damaging,HYOU1
SEC14L5 (9717)_damaging,0,0.0,507.0,292.74220741123065,0.0,damaging,SEC14L5
SPAG6 (9576)_damaging,0,0.0,507.0,292.74220741123065,0.0,damaging,SPAG6
TJP1 (7082)_damaging,0,0.0,507.0,292.74220741123065,0.0,damaging,TJP1
URI1 (8725)_damaging,0,0.0,507.0,292.74220741123065,0.0,damaging,URI1
ABCC11 (85320)_damaging,0,0.0,508.5,294.8635277547903,0.0,damaging,ABCC11
AFF4 (27125)_damaging,0,0.0,508.5,294.8635277547903,0.0,damaging,AFF4
ATG2A (23130)_damaging,0,0.0,508.5,294.8635277547903,0.0,damaging,ATG2A
CD109 (135228)_damaging,0,0.0,508.5,294.8635277547903,0.0,damaging,CD109
ESCO1 (114799)_damaging,0,0.0,508.5,294.8635277547903,0.0,damaging,ESCO1
GEMIN5 (25929)_damaging,0,0.0,508.5,294.8635277547903,0.0,damaging,GEMIN5
HNRNPUL1 (11100)_damaging,0,0.0,508.5,294.8635277547903,0.0,damaging,HNRNPUL1
MAST1 (22983)_damaging,0,0.0,508.5,294.8635277547903,0.0,damaging,MAST1
MYLK (4638)_damaging,0,0.0,508.5,294.8635277547903,0.0,damaging,MYLK
RFC1 (5981)_damaging,0,0.0,508.5,294.8635277547903,0.0,damaging,RFC1
SDCCAG8 (10806)_damaging,0,0.0,508.5,294.8635277547903,0.0,damaging,SDCCAG8
SLCO5A1 (81796)_damaging,0,0.0,508.5,294.8635277547903,0.0,damaging,SLCO5A1
SYNCRIP (10492)_damaging,0,0.0,508.5,294.8635277547903,0.0,damaging,SYNCRIP
ZFPM2 (23414)_damaging,0,0.0,508.5,294.8635277547903,0.0,damaging,ZFPM2
ZSWIM5 (57643)_damaging,0,0.0,508.5,294.8635277547903,0.0,damaging,ZSWIM5
IQGAP3 (128239)_damaging,0,0.00019297872237480001,509.0,225.5511767500523,0.0,damaging,IQGAP3
NBN (4683)_damaging,0,9.152056884535e-05,509.0,232.73876628815694,0.0,damaging,NBN
FHAD1 (114827)_damaging,0,0.0004617380951809,509.25,238.1727314366613,0.0,damaging,FHAD1
GPC2 (221914)_damaging,0,0.005988054800495034,510.3333333333333,195.63827164778706,0.0,damaging,GPC2
TRPM2 (7226)_damaging,0,0.0042899107002215,510.3333333333333,213.61257765715325,0.0,damaging,TRPM2
ZNF429 (353088)_damaging,0,0.0050155517476262335,511.0,208.54495918146762,0.0,damaging,ZNF429
CDH7 (1005)_damaging,0,0.0,511.75,235.83945810656877,0.0,damaging,CDH7
DACH1 (1602)_damaging,0,0.0,511.75,235.83945810656877,0.0,damaging,DACH1
DOCK9 (23348)_damaging,0,0.0,511.75,235.83945810656877,0.0,damaging,DOCK9
DZIP3 (9666)_damaging,0,0.0,511.75,235.83945810656877,0.0,damaging,DZIP3
ERRFI1 (54206)_damaging,0,0.0,511.75,235.83945810656877,0.0,damaging,ERRFI1
FANCG (2189)_damaging,0,0.0,511.75,235.83945810656877,0.0,damaging,FANCG
FCRL5 (83416)_damaging,0,0.0,511.75,235.83945810656877,0.0,damaging,FCRL5
FYB2 (199920)_damaging,0,0.0,511.75,235.83945810656877,0.0,damaging,FYB2
HDAC2 (3066)_damaging,0,0.0,511.75,235.83945810656877,0.0,damaging,HDAC2
HECTD4 (283450)_damaging,0,0.0,511.75,235.83945810656877,0.0,damaging,HECTD4
KCNH4 (23415)_damaging,0,0.0,511.75,235.83945810656877,0.0,damaging,KCNH4
MTA1 (9112)_damaging,0,0.0,511.75,235.83945810656877,0.0,damaging,MTA1
NEXMIF (340533)_damaging,0,0.0,511.75,235.83945810656877,0.0,damaging,NEXMIF
PALM2AKAP2 (445815)_damaging,0,0.0,511.75,235.83945810656877,0.0,damaging,PALM2AKAP2
PCDH7 (5099)_damaging,0,0.0,511.75,235.83945810656877,0.0,damaging,PCDH7
PCF11 (51585)_damaging,0,0.0,511.75,235.83945810656877,0.0,damaging,PCF11
PLCB3 (5331)_damaging,0,0.0,511.75,235.83945810656877,0.0,damaging,PLCB3
PPM1D (8493)_damaging,0,0.0,511.75,235.83945810656877,0.0,damaging,PPM1D
QSER1 (79832)_damaging,0,0.0,511.75,235.83945810656877,0.0,damaging,QSER1
SEMA5A (9037)_damaging,0,0.0,511.75,235.83945810656877,0.0,damaging,SEMA5A
TRPM7 (54822)_damaging,0,0.0,511.75,235.83945810656877,0.0,damaging,TRPM7
TTC6 (319089)_damaging,0,0.0,511.75,235.83945810656877,0.0,damaging,TTC6
ZNF711 (7552)_damaging,0,0.0,511.75,235.83945810656877,0.0,damaging,ZNF711
FRMD4A (55691)_damaging,0,0.0047866790947601,512.0,160.86018774078315,0.0,damaging,FRMD4A
PCDH17 (27253)_damaging,0,0.0009214486651772,512.0,289.9137802864845,0.0,damaging,PCDH17
TOGARAM1 (23116)_damaging,0,8.792936694325e-05,512.25,229.26603906088374,0.0,damaging,TOGARAM1
CEP162 (22832)_damaging,0,1.6474431722092375e-06,514.25,231.51151879190232,0.0,damaging,CEP162
PLCH1 (23007)_damaging,0,0.01801904402267665,514.5,286.37824638055173,0.0,damaging,PLCH1
ARHGEF40 (55701)_damaging,0,0.0,514.75,232.09103817252404,0.0,damaging,ARHGEF40
ATAD2B (54454)_damaging,0,0.0,514.75,232.09103817252404,0.0,damaging,ATAD2B
BRSK2 (9024)_damaging,0,0.0,514.75,232.09103817252404,0.0,damaging,BRSK2
CACNA1H (8912)_damaging,0,0.0,514.75,232.09103817252404,0.0,damaging,CACNA1H
CALCR (799)_damaging,0,0.0,514.75,232.09103817252404,0.0,damaging,CALCR
CCDC178 (374864)_damaging,0,0.0,514.75,232.09103817252404,0.0,damaging,CCDC178
CRACDL (343990)_damaging,0,0.0,514.75,232.09103817252404,0.0,damaging,CRACDL
CTNND1 (1500)_damaging,0,0.0,514.75,232.09103817252404,0.0,damaging,CTNND1
CUX2 (23316)_damaging,0,0.0,514.75,232.09103817252404,0.0,damaging,CUX2
DMXL2 (23312)_damaging,0,0.0,514.75,232.09103817252404,0.0,damaging,DMXL2
DTX1 (1840)_damaging,0,0.0,514.75,232.09103817252404,0.0,damaging,DTX1
FMN1 (342184)_damaging,0,0.0,514.75,232.09103817252404,0.0,damaging,FMN1
GLI1 (2735)_damaging,0,0.0,514.75,232.09103817252404,0.0,damaging,GLI1
ICE2 (79664)_damaging,0,0.0,514.75,232.09103817252404,0.0,damaging,ICE2
IGSF9B (22997)_damaging,0,0.0,514.75,232.09103817252404,0.0,damaging,IGSF9B
KCNB1 (3745)_damaging,0,0.0,514.75,232.09103817252404,0.0,damaging,KCNB1
KNTC1 (9735)_damaging,0,0.0,514.75,232.09103817252404,0.0,damaging,KNTC1
LARP4B (23185)_damaging,0,0.0,514.75,232.09103817252404,0.0,damaging,LARP4B
LRP4 (4038)_damaging,0,0.0,514.75,232.09103817252404,0.0,damaging,LRP4
MYO1A (4640)_damaging,0,0.0,514.75,232.09103817252404,0.0,damaging,MYO1A
MYOCD (93649)_damaging,0,0.0,514.75,232.09103817252404,0.0,damaging,MYOCD
NPAS3 (64067)_damaging,0,0.0,514.75,232.09103817252404,0.0,damaging,NPAS3
PATJ (10207)_damaging,0,0.0,514.75,232.09103817252404,0.0,damaging,PATJ
PLXNA3 (55558)_damaging,0,0.0,514.75,232.09103817252404,0.0,damaging,PLXNA3
SCAF1 (58506)_damaging,0,0.0,514.75,232.09103817252404,0.0,damaging,SCAF1
SPATA31G1 (138724)_damaging,0,0.0,514.75,232.09103817252404,0.0,damaging,SPATA31G1
WAPL (23063)_damaging,0,0.0,514.75,232.09103817252404,0.0,damaging,WAPL
ZNF687 (57592)_damaging,0,0.0,514.75,232.09103817252404,0.0,damaging,ZNF687
GPATCH8 (23131)_damaging,0,0.004655008651837233,516.6666666666666,208.9792653191539,0.0,damaging,GPATCH8
ADNP (23394)_damaging,0,0.0,521.0,272.94321753800733,0.0,damaging,ADNP
AHDC1 (27245)_damaging,0,0.0,521.0,272.94321753800733,0.0,damaging,AHDC1
CCDC9B (388115)_damaging,0,0.0,521.0,272.94321753800733,0.0,damaging,CCDC9B
CHSY3 (337876)_damaging,0,0.0,521.0,272.94321753800733,0.0,damaging,CHSY3
COL6A1 (1291)_damaging,0,0.0,521.0,272.94321753800733,0.0,damaging,COL6A1
COL6A6 (131873)_damaging,0,0.0,521.0,272.94321753800733,0.0,damaging,COL6A6
ERCC6 (2074)_damaging,0,0.0,521.0,272.94321753800733,0.0,damaging,ERCC6
GPAM (57678)_damaging,0,0.0,521.0,272.94321753800733,0.0,damaging,GPAM
MAP2K4 (6416)_damaging,0,0.0,521.0,272.94321753800733,0.0,damaging,MAP2K4
MPRIP (23164)_damaging,0,0.0,521.0,272.94321753800733,0.0,damaging,MPRIP
NOL11 (25926)_damaging,0,0.0,521.0,272.94321753800733,0.0,damaging,NOL11
CCDC88C (440193)_damaging,0,0.0,522.5,275.064537881567,0.0,damaging,CCDC88C
CDC42BPB (9578)_damaging,0,0.0,522.5,275.064537881567,0.0,damaging,CDC42BPB
CELSR1 (9620)_damaging,0,0.0,522.5,275.064537881567,0.0,damaging,CELSR1
CHD1 (1105)_damaging,0,0.0,522.5,275.064537881567,0.0,damaging,CHD1
CUL9 (23113)_damaging,0,0.0,522.5,275.064537881567,0.0,damaging,CUL9
MCF2 (4168)_damaging,0,0.0,522.5,275.064537881567,0.0,damaging,MCF2
MYO10 (4651)_damaging,0,0.0,522.5,275.064537881567,0.0,damaging,MYO10
PARD3 (56288)_damaging,0,0.0,522.5,275.064537881567,0.0,damaging,PARD3
PLEKHA5 (54477)_damaging,0,0.0,522.5,275.064537881567,0.0,damaging,PLEKHA5
PTCH2 (8643)_damaging,0,0.0,522.5,275.064537881567,0.0,damaging,PTCH2
RASAL2 (9462)_damaging,0,0.0,522.5,275.064537881567,0.0,damaging,RASAL2
REXO1 (57455)_damaging,0,0.0,522.5,275.064537881567,0.0,damaging,REXO1
ROBO4 (54538)_damaging,0,0.0,522.5,275.064537881567,0.0,damaging,ROBO4
SALL4 (57167)_damaging,0,0.0,522.5,275.064537881567,0.0,damaging,SALL4
SCLT1 (132320)_damaging,0,0.0,522.5,275.064537881567,0.0,damaging,SCLT1
SECISBP2 (79048)_damaging,0,0.0,522.5,275.064537881567,0.0,damaging,SECISBP2
SOBP (55084)_damaging,0,0.0,522.5,275.064537881567,0.0,damaging,SOBP
STAMBPL1 (57559)_damaging,0,0.0,522.5,275.064537881567,0.0,damaging,STAMBPL1
TTF1 (7270)_damaging,0,0.0,522.5,275.064537881567,0.0,damaging,TTF1
ZFHX2 (85446)_damaging,0,0.0,522.5,275.064537881567,0.0,damaging,ZFHX2
PFAS (5198)_damaging,0,0.0042625953351241004,524.6666666666666,193.10446223050707,0.0,damaging,PFAS
EPS8 (2059)_damaging,0,0.004129109903481367,526.3333333333334,193.22094434437832,0.0,damaging,EPS8
PRR14 (78994)_damaging,0,0.0161795979367754,527.5,252.43712088359746,0.0,damaging,PRR14
CBLN2 (147381)_damaging,0,0.002963504717677067,530.3333333333334,201.7927980214689,0.0,damaging,CBLN2
PASK (23178)_damaging,0,0.0031563197654248336,530.3333333333334,219.85070692024928,0.0,damaging,PASK
NFKBIZ (64332)_damaging,0,0.0139668116782468,532.0,,0.0,damaging,NFKBIZ
AP4E1 (23431)_damaging,0,0.0028404006339727336,534.0,221.33007025707104,0.0,damaging,AP4E1
TRPM8 (79054)_damaging,0,0.012333968779587,539.0,,0.0,damaging,TRPM8
TGM6 (343641)_damaging,0,0.0033752333740098,540.3333333333334,196.93738429595672,0.0,damaging,TGM6
HDAC7 (51564)_damaging,0,0.0024267111186486333,541.6666666666666,216.2691224685885,0.0,damaging,HDAC7
NSD3 (54904)_damaging,0,0.0032785899879131334,542.0,197.4107393228646,0.0,damaging,NSD3
PLEKHH3 (79990)_damaging,0,0.0131864462728589,544.0,,0.0,damaging,PLEKHH3
EXD3 (54932)_damaging,0,0.002140139994549067,545.3333333333334,217.38751880762,0.0,damaging,EXD3
ST18 (9705)_damaging,0,0.0011962046269884,553.3333333333334,231.86705961247134,0.0,damaging,ST18
CENPE (1062)_damaging,0,0.0014013541461633,554.0,222.89683712426248,0.0,damaging,CENPE
CC2D2B (387707)_damaging,0,0.0005596964579290333,566.6666666666666,231.5649656863778,0.0,damaging,CC2D2B
PPARGC1A (10891)_damaging,0,0.0099867737387343,570.0,,0.0,damaging,PPARGC1A
UBE3C (9690)_damaging,0,0.00024871852787926665,570.6666666666666,234.66216851749522,0.0,damaging,UBE3C
ADAMTSL1 (92949)_damaging,0,0.010676397636805,571.0,,0.0,damaging,ADAMTSL1
ADAMTS19 (171019)_damaging,0,0.00021483900553353333,571.3333333333334,235.19424596136136,0.0,damaging,ADAMTS19
OC90 (729330)_damaging,0,0.0,573.0,246.8217980649197,0.0,damaging,OC90
PDZRN4 (29951)_damaging,0,0.0,573.0,246.8217980649197,0.0,damaging,PDZRN4
TOP3A (7156)_damaging,0,0.0,573.0,246.8217980649197,0.0,damaging,TOP3A
ADCY8 (114)_damaging,0,0.0,577.0,239.89372647070203,0.0,damaging,ADCY8
BRIP1 (83990)_damaging,0,0.0,577.0,239.89372647070203,0.0,damaging,BRIP1
DOCK11 (139818)_damaging,0,0.0,577.0,239.89372647070203,0.0,damaging,DOCK11
DTX4 (23220)_damaging,0,0.0,577.0,239.89372647070203,0.0,damaging,DTX4
EGFLAM (133584)_damaging,0,0.0,577.0,239.89372647070203,0.0,damaging,EGFLAM
EPPK1 (83481)_damaging,0,0.0,577.0,239.89372647070203,0.0,damaging,EPPK1
GIGYF1 (64599)_damaging,0,0.0,577.0,239.89372647070203,0.0,damaging,GIGYF1
NARF (26502)_damaging,0,0.0,577.0,239.89372647070203,0.0,damaging,NARF
NDUFV3 (4731)_damaging,0,0.0,577.0,239.89372647070203,0.0,damaging,NDUFV3
SETDB1 (9869)_damaging,0,0.0,577.0,239.89372647070203,0.0,damaging,SETDB1
TTC14 (151613)_damaging,0,0.0,577.0,239.89372647070203,0.0,damaging,TTC14
CASKIN1 (57524)_damaging,0,0.0003410089889635333,580.3333333333334,218.6557415969984,0.0,damaging,CASKIN1
PHF2 (5253)_damaging,0,0.0001012940522088,583.3333333333334,221.20653998770774,0.0,damaging,PHF2
MTSS2 (92154)_damaging,0,3.89120239960347e-07,586.0,223.4435051640571,0.0,damaging,MTSS2
ADCY10 (55811)_damaging,0,0.0,586.3333333333334,223.72825778907173,0.0,damaging,ADCY10
CHD7 (55636)_damaging,0,0.0,586.3333333333334,223.72825778907173,0.0,damaging,CHD7
CILP (8483)_damaging,0,0.0,586.3333333333334,223.72825778907173,0.0,damaging,CILP
FNIP1 (96459)_damaging,0,0.0,586.3333333333334,223.72825778907173,0.0,damaging,FNIP1
HIVEP3 (59269)_damaging,0,0.0,586.3333333333334,223.72825778907173,0.0,damaging,HIVEP3
HOXB3 (3213)_damaging,0,0.0,586.3333333333334,223.72825778907173,0.0,damaging,HOXB3
ITGA1 (3672)_damaging,0,0.0,586.3333333333334,223.72825778907173,0.0,damaging,ITGA1
LOXL3 (84695)_damaging,0,0.0,586.3333333333334,223.72825778907173,0.0,damaging,LOXL3
MN1 (4330)_damaging,0,0.0,586.3333333333334,223.72825778907173,0.0,damaging,MN1
MVK (4598)_damaging,0,0.0,586.3333333333334,223.72825778907173,0.0,damaging,MVK
MYH14 (79784)_damaging,0,0.0,586.3333333333334,223.72825778907173,0.0,damaging,MYH14
MYPN (84665)_damaging,0,0.0,586.3333333333334,223.72825778907173,0.0,damaging,MYPN
NFRKB (4798)_damaging,0,0.0,586.3333333333334,223.72825778907173,0.0,damaging,NFRKB
OBSL1 (23363)_damaging,0,0.0,586.3333333333334,223.72825778907173,0.0,damaging,OBSL1
PHACTR1 (221692)_damaging,0,0.0,586.3333333333334,223.72825778907173,0.0,damaging,PHACTR1
PHLDB2 (90102)_damaging,0,0.0,586.3333333333334,223.72825778907173,0.0,damaging,PHLDB2
RSU1P2 (100133308)_damaging,0,0.0,586.3333333333334,223.72825778907173,0.0,damaging,RSU1P2
SHC1 (6464)_damaging,0,0.0,586.3333333333334,223.72825778907173,0.0,damaging,SHC1
WDR72 (256764)_damaging,0,0.0,586.3333333333334,223.72825778907173,0.0,damaging,WDR72
ARHGAP5 (394)_damaging,0,0.0087639762800814,599.0,162.63455967290594,0.0,damaging,ARHGAP5
MTCL3 (387104)_damaging,0,0.0076793057291205,606.0,,0.0,damaging,MTCL3
ASTN1 (460)_damaging,0,0.0078449810046849,607.0,,0.0,damaging,ASTN1
ZC3H12B (340554)_damaging,0,0.00481603866481945,646.5,95.45941546018392,0.0,damaging,ZC3H12B
ZNF668 (79759)_damaging,0,0.0034663261228351,668.0,,0.0,damaging,ZNF668
TASOR2 (54906)_damaging,0,0.0021222638352765,684.0,,0.0,damaging,TASOR2
MTIF2 (4528)_damaging,0,0.00192142963101145,685.0,19.79898987322333,0.0,damaging,MTIF2
MROH1 (727957)_damaging,0,0.0019674927247698,687.5,37.476659402887016,0.0,damaging,MROH1
WWOX (51741)_damaging,0,0.0008848314942987,691.0,,0.0,damaging,WWOX
GCN1 (10985)_damaging,0,0.0007603235329569,692.0,,0.0,damaging,GCN1
ABCA1 (19)_damaging,0,0.0,714.0,,0.0,damaging,ABCA1
ANKHD1 (54882)_damaging,0,0.0,714.0,,0.0,damaging,ANKHD1
ARHGAP30 (257106)_damaging,0,0.0,714.0,,0.0,damaging,ARHGAP30
ASPH (444)_damaging,0,0.0,714.0,,0.0,damaging,ASPH
CHERP (10523)_damaging,0,0.0,714.0,,0.0,damaging,CHERP
EPHB4 (2050)_damaging,0,0.0,714.0,,0.0,damaging,EPHB4
ERC2 (26059)_damaging,0,0.0,714.0,,0.0,damaging,ERC2
ETV6 (2120)_damaging,0,0.0,714.0,,0.0,damaging,ETV6
GBA2 (57704)_damaging,0,0.0,714.0,,0.0,damaging,GBA2
HLA-DRB5 (3127)_damaging,0,0.0,714.0,,0.0,damaging,HLA-DRB5
JHY (79864)_damaging,0,0.0,714.0,,0.0,damaging,JHY
KCND2 (3751)_damaging,0,0.0,714.0,,0.0,damaging,KCND2
KIAA2012 (100652824)_damaging,0,0.0,714.0,,0.0,damaging,KIAA2012
LAMC3 (10319)_damaging,0,0.0,714.0,,0.0,damaging,LAMC3
MIS18BP1 (55320)_damaging,0,0.0,714.0,,0.0,damaging,MIS18BP1
OTUD7B (56957)_damaging,0,0.0,714.0,,0.0,damaging,OTUD7B
PAF1 (54623)_damaging,0,0.0,714.0,,0.0,damaging,PAF1
PDE1C (5137)_damaging,0,0.0,714.0,,0.0,damaging,PDE1C
PHF21A (51317)_damaging,0,0.0,714.0,,0.0,damaging,PHF21A
POSTN (10631)_damaging,0,0.0,714.0,,0.0,damaging,POSTN
POT1 (25913)_damaging,0,0.0,714.0,,0.0,damaging,POT1
RAPGEF5 (9771)_damaging,0,0.0,714.0,,0.0,damaging,RAPGEF5
RIPOR3 (140876)_damaging,0,0.0,714.0,,0.0,damaging,RIPOR3
SHROOM2 (357)_damaging,0,0.0,714.0,,0.0,damaging,SHROOM2
TASOR (23272)_damaging,0,0.0,714.0,,0.0,damaging,TASOR
TEAD2 (8463)_damaging,0,0.0,714.0,,0.0,damaging,TEAD2
TIMD4 (91937)_damaging,0,0.0,714.0,,0.0,damaging,TIMD4
TUBGCP2 (10844)_damaging,0,0.0,714.0,,0.0,damaging,TUBGCP2
TUT4 (23318)_damaging,0,0.0,714.0,,0.0,damaging,TUT4
USF3 (205717)_damaging,0,0.0,714.0,,0.0,damaging,USF3
VWA5B2 (90113)_damaging,0,0.0,714.0,,0.0,damaging,VWA5B2
WDR75 (84128)_damaging,0,0.0,714.0,,0.0,damaging,WDR75
ZSWIM6 (57688)_damaging,0,0.0,714.0,,0.0,damaging,ZSWIM6
GREB1L (80000)_damaging,0,0.0,715.5,2.1213203435596424,0.0,damaging,GREB1L
LAMA4 (3910)_damaging,0,0.0,715.5,2.1213203435596424,0.0,damaging,LAMA4
LOXL2 (4017)_damaging,0,0.0,715.5,2.1213203435596424,0.0,damaging,LOXL2
MBD4 (8930)_damaging,0,0.0,715.5,2.1213203435596424,0.0,damaging,MBD4
MMP12 (4321)_damaging,0,0.0,715.5,2.1213203435596424,0.0,damaging,MMP12
NRP2 (8828)_damaging,0,0.0,715.5,2.1213203435596424,0.0,damaging,NRP2
NYAP1 (222950)_damaging,0,0.0,715.5,2.1213203435596424,0.0,damaging,NYAP1
SHROOM4 (57477)_damaging,0,0.0,715.5,2.1213203435596424,0.0,damaging,SHROOM4
SLCO1C1 (53919)_damaging,0,0.0,715.5,2.1213203435596424,0.0,damaging,SLCO1C1
TJP2 (9414)_damaging,0,0.0,715.5,2.1213203435596424,0.0,damaging,TJP2
TTC28 (23331)_damaging,0,0.0,715.5,2.1213203435596424,0.0,damaging,TTC28
ULK1 (8408)_damaging,0,0.0,715.5,2.1213203435596424,0.0,damaging,ULK1
ZMYM2 (7750)_damaging,0,0.0,715.5,2.1213203435596424,0.0,damaging,ZMYM2
ZNF142 (7701)_damaging,0,0.0,715.5,2.1213203435596424,0.0,damaging,ZNF142
ANKRD53 (79998)_damaging,0,0.0,717.0,,0.0,damaging,ANKRD53
CARD14 (79092)_damaging,0,0.0,717.0,,0.0,damaging,CARD14
CCDC18 (343099)_damaging,0,0.0,717.0,,0.0,damaging,CCDC18
CYP7A1 (1581)_damaging,0,0.0,717.0,,0.0,damaging,CYP7A1
DMTN (2039)_damaging,0,0.0,717.0,,0.0,damaging,DMTN
DNAJC6 (9829)_damaging,0,0.0,717.0,,0.0,damaging,DNAJC6
ENTREP2 (23359)_damaging,0,0.0,717.0,,0.0,damaging,ENTREP2
FGD6 (55785)_damaging,0,0.0,717.0,,0.0,damaging,FGD6
GABRG1 (2565)_damaging,0,0.0,717.0,,0.0,damaging,GABRG1
GNPTAB (79158)_damaging,0,0.0,717.0,,0.0,damaging,GNPTAB
GRIN3A (116443)_damaging,0,0.0,717.0,,0.0,damaging,GRIN3A
HECTD1 (25831)_damaging,0,0.0,717.0,,0.0,damaging,HECTD1
HOXD11 (3237)_damaging,0,0.0,717.0,,0.0,damaging,HOXD11
IRS2 (8660)_damaging,0,0.0,717.0,,0.0,damaging,IRS2
LBP (3929)_damaging,0,0.0,717.0,,0.0,damaging,LBP
MAST4 (375449)_damaging,0,0.0,717.0,,0.0,damaging,MAST4
MEGF11 (84465)_damaging,0,0.0,717.0,,0.0,damaging,MEGF11
MRPS10 (55173)_damaging,0,0.0,717.0,,0.0,damaging,MRPS10
MTCL2 (140710)_damaging,0,0.0,717.0,,0.0,damaging,MTCL2
SAGE1 (55511)_damaging,0,0.0,717.0,,0.0,damaging,SAGE1
SLC28A3 (64078)_damaging,0,0.0,717.0,,0.0,damaging,SLC28A3
TMPRSS6 (164656)_damaging,0,0.0,717.0,,0.0,damaging,TMPRSS6
VILL (50853)_damaging,0,0.0,717.0,,0.0,damaging,VILL
ZNF569 (148266)_damaging,0,0.0,717.0,,0.0,damaging,ZNF569
