feature,n_folds_selected,mean_importance,mean_rank,rank_std,selection_freq,kind,gene
TP53 (7157)_damaging,5,0.15314441660165384,1.0,0.0,1.0,damaging,TP53
TP53 (7157)_hotspot,5,0.09413969977671945,2.0,0.0,1.0,hotspot,TP53
TERT (7015)_hotspot,5,0.032257215247046514,3.4,0.5477225575051661,1.0,hotspot,TERT
BRAF (673)_hotspot,5,0.027757641246349902,3.6,0.5477225575051661,1.0,hotspot,BRAF
ID3 (3399)_damaging,5,0.01638199836236898,6.0,1.4142135623730951,1.0,damaging,ID3
LRP1B (53353)_damaging,5,0.01064485225213212,8.2,1.30384048104053,1.0,damaging,LRP1B
TTN (7273)_damaging,5,0.01254412510959064,8.6,3.361547262794322,1.0,damaging,TTN
KRAS (3845)_hotspot,5,0.0115862569306948,9.2,4.868264577855234,1.0,hotspot,KRAS
CREBBP (1387)_damaging,5,0.0094859760197547,10.0,4.0,1.0,damaging,CREBBP
RB1 (5925)_damaging,5,0.00961481221102584,11.8,6.099180272790763,1.0,damaging,RB1
APC (324)_damaging,5,0.008956839215454659,12.6,6.618156843109719,1.0,damaging,APC
GNA13 (10672)_damaging,5,0.00726188204560452,14.4,5.029910535983717,1.0,damaging,GNA13
BCOR (54880)_damaging,5,0.00764305111011766,17.2,11.691877522451216,1.0,damaging,BCOR
CDKN2A (1029)_damaging,5,0.006708338517162721,17.2,6.418722614352484,1.0,damaging,CDKN2A
FAT1 (2195)_damaging,5,0.00621582714245894,18.2,5.449770637375485,1.0,damaging,FAT1
KMT2D (8085)_damaging,5,0.0063675504258544,18.4,5.412947441089743,1.0,damaging,KMT2D
CCND3 (896)_damaging,5,0.00489443560304362,28.6,16.25730604989646,1.0,damaging,CCND3
MSH3 (4437)_damaging,5,0.0041559457106591395,30.0,11.224972160321824,1.0,damaging,MSH3
RPL22 (6146)_damaging,5,0.0046941750402091,30.0,13.729530217745982,1.0,damaging,RPL22
NF1 (4763)_damaging,4,0.0048513208763749805,28.4,15.59807680452946,0.8,damaging,NF1
PDS5B (23047)_damaging,4,0.0053964770120429,28.4,19.806564568344506,0.8,damaging,PDS5B
SMAD4 (4089)_damaging,4,0.0047005912009772804,30.6,18.365728953678914,0.8,damaging,SMAD4
MTOR (2475)_hotspot,4,0.0047296421739383004,31.2,19.562719647329203,0.8,hotspot,MTOR
PITX1 (5307)_damaging,4,0.00463735076785998,31.4,15.662056059151366,0.8,damaging,PITX1
RYR2 (6262)_damaging,4,0.0038164934690112,37.4,22.36738697300156,0.8,damaging,RYR2
CSMD1 (64478)_damaging,4,0.0037867453156597195,41.0,17.073371078963874,0.8,damaging,CSMD1
PIK3CA (5290)_hotspot,4,0.0037967198156606,42.8,34.97427626127523,0.8,hotspot,PIK3CA
SIN3A (25942)_damaging,4,0.00311934454665702,59.0,58.180752831155424,0.8,damaging,SIN3A
NF2 (4771)_damaging,4,0.0034616554135322997,70.6,83.90947503113102,0.8,damaging,NF2
SPAG8 (26206)_damaging,4,0.00294362658286764,70.6,73.69396176078472,0.8,damaging,SPAG8
NFE2L2 (4780)_hotspot,4,0.0031662004776773405,131.2,219.69000887614348,0.8,hotspot,NFE2L2
DGKH (160851)_damaging,4,0.0038257698724018805,211.8,401.68544907676204,0.8,damaging,DGKH
RB1 (5925)_hotspot,3,0.0045145104873969,36.8,24.170229622409465,0.6,hotspot,RB1
TGFBR2 (7048)_damaging,3,0.0034344161646659597,43.8,19.149412523625887,0.6,damaging,TGFBR2
ARID1A (8289)_damaging,3,0.0037099938462958797,45.0,24.718414188616553,0.6,damaging,ARID1A
NRAS (4893)_hotspot,3,0.004505571096946,45.2,35.05994865940337,0.6,hotspot,NRAS
RAD50 (10111)_damaging,3,0.00304594281645434,46.6,18.14662503056698,0.6,damaging,RAD50
SMAD4 (4089)_hotspot,3,0.00310136913708358,63.4,52.333545647127714,0.6,hotspot,SMAD4
ASXL1 (171023)_damaging,3,0.0034574097645033,77.0,96.93554559602994,0.6,damaging,ASXL1
STK11 (6794)_damaging,3,0.0037329478251220205,94.4,140.19379444183684,0.6,damaging,STK11
SPATA22 (84690)_damaging,3,0.00270950440591698,111.4,140.08497421208315,0.6,damaging,SPATA22
ABCA13 (154664)_damaging,3,0.00234663245843938,112.8,126.8530646062601,0.6,damaging,ABCA13
STAB2 (55576)_damaging,2,0.00333432776300458,47.6,24.915858403835898,0.4,damaging,STAB2
DNAH8 (1769)_damaging,2,0.0027577010347973802,55.2,26.109385285755007,0.4,damaging,DNAH8
MUC16 (94025)_damaging,2,0.00314733898379894,58.2,34.938517427046044,0.4,damaging,MUC16
FSIP2 (401024)_damaging,2,0.00255663817562914,60.4,23.233596363886498,0.4,damaging,FSIP2
PTEN (5728)_damaging,2,0.002559563164941,70.2,41.74565845689825,0.4,damaging,PTEN
THSD7B (80731)_damaging,2,0.00230035716088072,72.4,46.55963917385959,0.4,damaging,THSD7B
EZH2 (2146)_hotspot,2,0.0024909761373817,72.66666666666667,54.26171148547872,0.4,hotspot,EZH2
DNAH9 (1770)_damaging,2,0.00278426831575756,76.6,52.19482732991843,0.4,damaging,DNAH9
SCN2A (6326)_damaging,2,0.00257630972479816,82.2,69.88347444138707,0.4,damaging,SCN2A
XIRP2 (129446)_damaging,2,0.00231533694452364,83.0,59.57768038451984,0.4,damaging,XIRP2
HMCN1 (83872)_damaging,2,0.0022957520232068,84.0,62.245481763739285,0.4,damaging,HMCN1
PMS2 (5395)_damaging,2,0.00203779977193558,94.0,52.187163172565725,0.4,damaging,PMS2
DNAH5 (1767)_damaging,2,0.00237741258550824,114.2,79.80100249996863,0.4,damaging,DNAH5
MYH1 (4619)_damaging,2,0.00180193042050408,115.6,75.748267306916,0.4,damaging,MYH1
SLK (9748)_damaging,2,0.002408105537274,159.8,241.14041552589228,0.4,damaging,SLK
DDX3X (1654)_damaging,2,0.0025625049701951,179.4,296.1955435181293,0.4,damaging,DDX3X
FHOD3 (80206)_damaging,2,0.0016546055985337802,242.6,254.65820230261582,0.4,damaging,FHOD3
CCNQ (92002)_damaging,1,0.003875378557315,34.0,,0.2,damaging,CCNQ
FOXO1 (2308)_damaging,1,0.0030281831470251,35.0,,0.2,damaging,FOXO1
TNFAIP3 (7128)_damaging,1,0.003175859560564233,48.0,26.627053911388696,0.2,damaging,TNFAIP3
MUC19 (283463)_damaging,1,0.00270798028421888,53.2,12.93058390019569,0.2,damaging,MUC19
IGFN1 (91156)_damaging,1,0.00221370075765476,66.0,18.041618552668716,0.2,damaging,IGFN1
KALRN (8997)_damaging,1,0.00231375744801504,71.0,28.591956910991595,0.2,damaging,KALRN
HLA-A (3105)_damaging,1,0.0023764164140025,75.4,38.61087929586685,0.2,damaging,HLA-A
PTPRT (11122)_damaging,1,0.00200073777554534,81.6,37.051315766110115,0.2,damaging,PTPRT
RYR3 (6263)_damaging,1,0.00190819598146394,84.4,35.08988458231232,0.2,damaging,RYR3
SMARCA4 (6597)_damaging,1,0.0020161515450459596,88.4,37.766387171663645,0.2,damaging,SMARCA4
FBXW7 (55294)_damaging,1,0.00181034998422186,91.0,35.832945734337834,0.2,damaging,FBXW7
ABCC9 (10060)_damaging,1,0.00193870332634348,91.2,45.84975463402176,0.2,damaging,ABCC9
AKAP9 (10142)_damaging,1,0.00169948077007282,104.4,41.43428532025139,0.2,damaging,AKAP9
TENM4 (26011)_damaging,1,0.0018409885006382,104.6,54.25679680924778,0.2,damaging,TENM4
NUP214 (8021)_damaging,1,0.00152755543712216,118.6,75.51688552899941,0.2,damaging,NUP214
CTNNA1 (1495)_damaging,1,0.0016474675737187202,131.4,90.79262084552907,0.2,damaging,CTNNA1
MAP3K4 (4216)_damaging,1,0.001453273930086825,135.0,73.2029143317851,0.2,damaging,MAP3K4
CCDST (112268240)_damaging,1,0.00190371872502028,140.6,148.58431949569913,0.2,damaging,CCDST
CTCF (10664)_damaging,1,0.00198569329978862,149.0,158.72302920496446,0.2,damaging,CTCF
SYNE1 (23345)_damaging,1,0.0016707655031783799,150.4,137.6619046795445,0.2,damaging,SYNE1
ATR (545)_damaging,1,0.00151482132472212,152.6,141.01347453346435,0.2,damaging,ATR
MGA (23269)_damaging,1,0.00135058881713844,152.8,75.82347921323579,0.2,damaging,MGA
USH2A (7399)_damaging,1,0.00186647227567544,155.2,154.93934297007974,0.2,damaging,USH2A
UNC80 (285175)_damaging,1,0.00136544464153696,155.8,76.2967889232568,0.2,damaging,UNC80
BAP1 (8314)_damaging,1,0.00198380546605856,168.0,229.14187744713973,0.2,damaging,BAP1
C2orf81 (388963)_hotspot,1,0.00177046360626418,178.6,194.72365033554607,0.2,hotspot,C2orf81
GOLGA4 (2803)_damaging,1,0.0013153649040043998,186.2,171.22704225676503,0.2,damaging,GOLGA4
KDR (3791)_damaging,1,0.0010430947078870797,209.0,118.15455979351792,0.2,damaging,KDR
FAT2 (2196)_damaging,1,0.0016451360376095602,216.6,313.516028298395,0.2,damaging,FAT2
SDHA (6389)_damaging,1,0.0013994675920621599,226.0,236.6368525821792,0.2,damaging,SDHA
EGFR (1956)_hotspot,1,0.0010169312646555399,288.0,178.12916661793486,0.2,hotspot,EGFR
GPATCH8 (23131)_damaging,1,0.0011466724916456,288.6666666666667,281.2869235022015,0.2,damaging,GPATCH8
PRX (57716)_damaging,1,0.0009100518058931601,297.2,202.72690990591258,0.2,damaging,PRX
CNTNAP2 (26047)_damaging,1,0.00098336938517124,325.0,222.4825835880193,0.2,damaging,CNTNAP2
CNTNAP5 (129684)_damaging,1,0.0008549351364481658,366.8,322.0996740141163,0.2,damaging,CNTNAP5
KIF7 (374654)_damaging,1,0.0006826773729415999,394.4,228.54824435991628,0.2,damaging,KIF7
KCNB2 (9312)_damaging,1,0.0007034306990546526,399.2,256.9887157055733,0.2,damaging,KCNB2
FXR2 (9513)_damaging,1,0.0007225648934265445,506.5,385.12552066393454,0.2,damaging,FXR2
FAM193A (8603)_damaging,1,0.0005536137109298311,668.8,440.8686879332666,0.2,damaging,FAM193A
CDKN2A (1029)_hotspot,0,0.0021884811529152602,66.8,12.049896265113652,0.0,hotspot,CDKN2A
TERT (7015)_damaging,0,0.002010450589093425,74.0,17.568911937472585,0.0,damaging,TERT
WDR7 (23335)_damaging,0,0.0017657248330841,75.0,,0.0,damaging,WDR7
PITRM1 (10531)_damaging,0,0.0018040842026136,85.5,22.128413107737,0.0,damaging,PITRM1
MYC (4609)_hotspot,0,0.0017507423760847,92.0,,0.0,hotspot,MYC
FBXO11 (80204)_damaging,0,0.0015870460848841,108.5,47.37615433949868,0.0,damaging,FBXO11
KMT2B (9757)_damaging,0,0.0015732862373567802,109.6,39.64593295660981,0.0,damaging,KMT2B
BLTP1 (84162)_damaging,0,0.0014576631000905401,115.8,30.817202987941656,0.0,damaging,BLTP1
NOTCH1 (4851)_damaging,0,0.00154915282235324,117.2,56.42871609384711,0.0,damaging,NOTCH1
ABCA12 (26154)_damaging,0,0.0013456551364050598,122.4,43.200694438862904,0.0,damaging,ABCA12
KIF5A (3798)_damaging,0,0.0013726513038369,124.0,,0.0,damaging,KIF5A
CTNNB1 (1499)_hotspot,0,0.00136373821583592,125.2,44.17804884781581,0.0,hotspot,CTNNB1
KEAP1 (9817)_damaging,0,0.00151407868724926,126.8,82.85951967034325,0.0,damaging,KEAP1
SMARCB1 (6598)_damaging,0,0.001413636935342925,127.0,62.12353284652551,0.0,damaging,SMARCB1
ABCB5 (340273)_damaging,0,0.00154391450314224,129.4,113.59049255989693,0.0,damaging,ABCB5
KIAA1217 (56243)_damaging,0,0.0011952800959512,132.0,,0.0,damaging,KIAA1217
TYRO3 (7301)_damaging,0,0.00135388580397176,132.2,59.63388298610111,0.0,damaging,TYRO3
CEP126 (57562)_damaging,0,0.00137964187368545,134.0,56.65686189686118,0.0,damaging,CEP126
TOP2B (7155)_damaging,0,0.0011824426049983,134.0,,0.0,damaging,TOP2B
SPTA1 (6708)_damaging,0,0.00152311843423784,134.4,90.06830741165285,0.0,damaging,SPTA1
CUBN (8029)_damaging,0,0.00137304953052884,134.8,67.51073988633216,0.0,damaging,CUBN
EP300 (2033)_damaging,0,0.0016333904543397002,134.8,113.46012515417036,0.0,damaging,EP300
JAKMIP3 (282973)_damaging,0,0.0012112103008027,134.8,17.683325479106013,0.0,damaging,JAKMIP3
LRRK2 (120892)_damaging,0,0.0013826034159415,135.0,76.42970626660814,0.0,damaging,LRRK2
FBXW7 (55294)_hotspot,0,0.00122093184928062,135.6,29.804362096847505,0.0,hotspot,FBXW7
SPANXN4 (441525)_damaging,0,0.00128455355122332,136.0,42.37924020083418,0.0,damaging,SPANXN4
NOLC1 (9221)_damaging,0,0.001358694664597,136.5,108.18733752154178,0.0,damaging,NOLC1
CREBBP (1387)_hotspot,0,0.0014226891334837668,137.33333333333334,79.25486315257464,0.0,hotspot,CREBBP
TET2 (54790)_damaging,0,0.00166563368231444,138.6,107.82995873132847,0.0,damaging,TET2
PTEN (5728)_hotspot,0,0.00142970246035368,140.4,98.23848533034291,0.0,hotspot,PTEN
TRMT9B (57604)_damaging,0,0.0014037886731677802,142.0,79.95623803056269,0.0,damaging,TRMT9B
STAG2 (10735)_damaging,0,0.00117313695549754,143.2,36.06521870167988,0.0,damaging,STAG2
CSMD3 (114788)_damaging,0,0.0016082336235173002,148.2,102.70686442492537,0.0,damaging,CSMD3
KDM6B (23135)_damaging,0,0.0012509140243926599,150.4,58.260621349244126,0.0,damaging,KDM6B
MUC4 (4585)_damaging,0,0.0012040007867223,151.0,58.03016456981662,0.0,damaging,MUC4
CFAP47 (286464)_damaging,0,0.00104633764067582,156.0,22.93468988235943,0.0,damaging,CFAP47
PCLO (27445)_damaging,0,0.00141870932228104,158.6,109.94453146928228,0.0,damaging,PCLO
TBCK (93627)_damaging,0,0.0010329242496065,159.0,,0.0,damaging,TBCK
CACNA1S (779)_damaging,0,0.0012264605347520332,160.0,106.57860948614407,0.0,damaging,CACNA1S
MT-ND4 (4538)_damaging,0,0.00121970808489464,161.4,87.52885238594186,0.0,damaging,MT-ND4
ATM (472)_damaging,0,0.00138356143148792,163.0,129.92112992119488,0.0,damaging,ATM
BBS9 (27241)_damaging,0,0.0010075560264489,165.0,,0.0,damaging,BBS9
DYNC2H1 (79659)_damaging,0,0.0012918147077618598,168.0,117.394633608185,0.0,damaging,DYNC2H1
FLT4 (2324)_damaging,0,0.0012205323274565,168.8,115.5928198462171,0.0,damaging,FLT4
DNAH7 (56171)_damaging,0,0.0011741235818012,169.6,95.44003352891279,0.0,damaging,DNAH7
TMEM245 (23731)_damaging,0,0.00138398415150256,169.6,113.79499110242068,0.0,damaging,TMEM245
ADAMTS12 (81792)_damaging,0,0.00097154081846268,171.8,31.586389473949062,0.0,damaging,ADAMTS12
NSD2 (7468)_damaging,0,0.00132648405638704,174.0,139.11326320664037,0.0,damaging,NSD2
ARHGEF28 (64283)_damaging,0,0.0010490407005688599,176.0,68.10286337592568,0.0,damaging,ARHGEF28
ATRX (546)_damaging,0,0.0012567591154967399,176.6,142.77359699888493,0.0,damaging,ATRX
LINC02900 (340073)_damaging,0,0.0013143060567402,176.8,158.92513960981756,0.0,damaging,LINC02900
MACF1 (23499)_damaging,0,0.00141762820214816,178.6,162.4570712526851,0.0,damaging,MACF1
ITGB4 (3691)_damaging,0,0.0012180449919819399,179.8,153.74231688120224,0.0,damaging,ITGB4
ZNF729 (100287226)_damaging,0,0.00097354112363048,180.8,72.71313498949142,0.0,damaging,ZNF729
CIT (11113)_damaging,0,0.0009760508052802999,181.0,84.54978809356453,0.0,damaging,CIT
SPEN (23013)_damaging,0,0.0009383018205008601,182.2,31.5705559026128,0.0,damaging,SPEN
SYNCRIP (10492)_damaging,0,0.000900287950412,182.5,14.849242404917497,0.0,damaging,SYNCRIP
APC (324)_hotspot,0,0.0009315019352945,182.6,59.222461954903565,0.0,hotspot,APC
C8orf34 (116328)_damaging,0,0.0009107146168644,185.0,,0.0,damaging,C8orf34
CEP120 (153241)_damaging,0,0.0009518828350989,185.0,,0.0,damaging,CEP120
HAND2 (9464)_damaging,0,0.00087390656881325,190.0,67.88225099390856,0.0,damaging,HAND2
HLA-B (3106)_damaging,0,0.00111954522593456,191.0,122.32334200797492,0.0,damaging,HLA-B
CACNA1E (777)_damaging,0,0.00096781776607184,191.2,80.15422633897728,0.0,damaging,CACNA1E
NR3C1 (2908)_damaging,0,0.00084364895564075,191.5,53.033008588991066,0.0,damaging,NR3C1
LIFR (3977)_damaging,0,0.0009255079083767,192.0,,0.0,damaging,LIFR
RHBDF2 (79651)_damaging,0,0.000874837917944,196.0,,0.0,damaging,RHBDF2
EYS (346007)_damaging,0,0.0008764949728833399,197.0,43.110323589599744,0.0,damaging,EYS
GABBR1 (2550)_damaging,0,0.0008573335823008999,198.0,62.21736092120912,0.0,damaging,GABBR1
ITGA2B (3674)_damaging,0,0.0010513937241555,200.0,131.30371916540167,0.0,damaging,ITGA2B
AJUBA (84962)_damaging,0,0.00114801581914064,200.8,132.64124547063028,0.0,damaging,AJUBA
KDM6A (7403)_damaging,0,0.0009225943328895,201.6,75.34454193901507,0.0,damaging,KDM6A
BCORL1 (63035)_damaging,0,0.00083739575356958,201.8,37.49266594948937,0.0,damaging,BCORL1
ARID2 (196528)_damaging,0,0.00095248845417658,204.6,86.17308164386371,0.0,damaging,ARID2
UNC5D (137970)_damaging,0,0.0008682603578008,204.75,87.21763965314967,0.0,damaging,UNC5D
DIDO1 (11083)_damaging,0,0.0011453613912764799,206.8,179.94499159465371,0.0,damaging,DIDO1
PPP2R1A (5518)_damaging,0,0.0008755165240516,208.0,,0.0,damaging,PPP2R1A
PRMT8 (56341)_damaging,0,0.0007825627410796,208.0,,0.0,damaging,PRMT8
ATP13A5 (344905)_damaging,0,0.0009261570174009,208.66666666666666,81.32855177201506,0.0,damaging,ATP13A5
ERMP1 (79956)_damaging,0,0.0008179613110420332,208.66666666666666,36.85557397915997,0.0,damaging,ERMP1
COL14A1 (7373)_damaging,0,0.0010338350037061399,209.8,101.15186602332159,0.0,damaging,COL14A1
OBSCN (84033)_damaging,0,0.00095810046666968,212.4,140.3470697948482,0.0,damaging,OBSCN
MIA2 (4253)_damaging,0,0.000827009942016325,215.0,86.66794870846623,0.0,damaging,MIA2
PTPRB (5787)_damaging,0,0.000797772711599925,215.75,88.72945771651412,0.0,damaging,PTPRB
HUWE1 (10075)_damaging,0,0.00104378992049592,216.0,176.40861656959956,0.0,damaging,HUWE1
MSH2 (4436)_damaging,0,0.00103446656390214,218.6,142.9433454204847,0.0,damaging,MSH2
PI4KA (5297)_damaging,0,0.0006452015145833,221.0,,0.0,damaging,PI4KA
SYNE2 (23224)_damaging,0,0.00105504960920062,221.4,186.3633547669713,0.0,damaging,SYNE2
KMT2C (58508)_damaging,0,0.00118027608694512,221.6,238.22951118616686,0.0,damaging,KMT2C
CIC (23152)_damaging,0,0.00080168982553402,222.0,84.9323260013524,0.0,damaging,CIC
HDAC7 (51564)_damaging,0,0.0007517121382791001,225.0,9.899494936611665,0.0,damaging,HDAC7
FAT3 (120114)_damaging,0,0.0009914667496549,226.0,138.92623942222002,0.0,damaging,FAT3
NAV3 (89795)_damaging,0,0.0008632522396508199,226.4,118.11562132080583,0.0,damaging,NAV3
DYSF (8291)_damaging,0,0.00089634558216932,228.2,92.29138638031178,0.0,damaging,DYSF
SEMA3E (9723)_damaging,0,0.0010355948295875,229.6,225.9796451010577,0.0,damaging,SEMA3E
ADAM22 (53616)_damaging,0,0.0006613964750493,230.5,58.68986283848344,0.0,damaging,ADAM22
POT1 (25913)_damaging,0,0.001072647594817,230.5,222.73863607376248,0.0,damaging,POT1
SBF2 (81846)_damaging,0,0.0007438187926803251,230.5,85.98643303839663,0.0,damaging,SBF2
LINC02138 (400558)_damaging,0,0.0011277848699534601,232.8,250.23628833564487,0.0,damaging,LINC02138
FCGBP (8857)_damaging,0,0.0011325652654838,233.4,239.26094541316183,0.0,damaging,FCGBP
CFAP46 (54777)_damaging,0,0.00112695297185688,234.0,242.83327613817676,0.0,damaging,CFAP46
MYO9B (4650)_damaging,0,0.0006695431345265,236.0,,0.0,damaging,MYO9B
AHNAK2 (113146)_damaging,0,0.00092522894980826,238.4,185.95375769260485,0.0,damaging,AHNAK2
MGAM (8972)_damaging,0,0.00083892781191978,239.6,119.67790105111303,0.0,damaging,MGAM
MUC5AC (4586)_damaging,0,0.0007049921219811201,239.8,50.09690609209315,0.0,damaging,MUC5AC
ZNF536 (9745)_damaging,0,0.0006988302444731334,240.0,74.10128204019145,0.0,damaging,ZNF536
FLG (2312)_damaging,0,0.00068505994147656,240.4,33.09531688925187,0.0,damaging,FLG
RNF43 (54894)_damaging,0,0.0008768567868525799,243.6,156.30515026703375,0.0,damaging,RNF43
FREM2 (341640)_damaging,0,0.00073573812898152,243.8,88.22811343330424,0.0,damaging,FREM2
ANKRD13B (124930)_damaging,0,0.0005905886209201,244.0,,0.0,damaging,ANKRD13B
COL11A1 (1301)_damaging,0,0.00109444190444486,244.4,260.80893389606115,0.0,damaging,COL11A1
SLC45A1 (50651)_damaging,0,0.0009691939335484999,244.6,170.0155875206741,0.0,damaging,SLC45A1
QKI (9444)_damaging,0,0.0007617003207341601,245.0,98.42763839491425,0.0,damaging,QKI
RNF17 (56163)_damaging,0,0.0006646175735033,245.66666666666666,62.74020507882751,0.0,damaging,RNF17
NRG3 (10718)_damaging,0,0.0007720271201444499,249.5,125.08263934961826,0.0,damaging,NRG3
COL5A2 (1290)_damaging,0,0.0010389920677736201,250.4,251.81203307228986,0.0,damaging,COL5A2
ZFHX4 (79776)_damaging,0,0.0011580198633298002,251.6,277.6622048461043,0.0,damaging,ZFHX4
CDC14A (8556)_damaging,0,0.0007676071789513,253.0,,0.0,damaging,CDC14A
ZFHX3 (463)_damaging,0,0.00140160135133372,255.2,249.66517578549076,0.0,damaging,ZFHX3
PIEZO2 (63895)_damaging,0,0.00064257462728064,256.6,35.61319980007413,0.0,damaging,PIEZO2
VHL (7428)_damaging,0,0.0009580697041913201,257.6,237.67372593536712,0.0,damaging,VHL
EPS8 (2059)_damaging,0,0.00070544973970855,259.0,50.91168824543142,0.0,damaging,EPS8
ZNF518A (9849)_damaging,0,0.00078447954188094,260.2,132.1067749965913,0.0,damaging,ZNF518A
OR51E2 (81285)_damaging,0,0.000753869424764,261.0,,0.0,damaging,OR51E2
DNAH3 (55567)_damaging,0,0.0006342248140308999,261.4,37.30013404801651,0.0,damaging,DNAH3
CDH10 (1008)_damaging,0,0.0006443483287236999,261.8,74.08576111507527,0.0,damaging,CDH10
PLEKHM1 (9842)_damaging,0,0.0007524996412302,262.0,,0.0,damaging,PLEKHM1
STK31 (56164)_damaging,0,0.00067058954016485,263.75,108.65963678692593,0.0,damaging,STK31
MMP3 (4314)_damaging,0,0.00097922104775568,264.2,192.31796587942583,0.0,damaging,MMP3
ARID1B (57492)_damaging,0,0.0008013260685740001,264.6,188.41523292982444,0.0,damaging,ARID1B
PIK3R1 (5295)_damaging,0,0.00065371258181968,266.8,79.84171841838075,0.0,damaging,PIK3R1
CMYA5 (202333)_damaging,0,0.0010403645240843798,268.2,278.90177482404084,0.0,damaging,CMYA5
NBEA (26960)_damaging,0,0.0008648825079966,268.4,200.35293858588648,0.0,damaging,NBEA
COL7A1 (1294)_damaging,0,0.00111313445388102,269.6,269.6911196164976,0.0,damaging,COL7A1
MED12 (9968)_damaging,0,0.0006764854671517399,271.8,104.06103977954479,0.0,damaging,MED12
DNMT3A (1788)_damaging,0,0.00062894175800858,272.4,79.66052974968218,0.0,damaging,DNMT3A
NLRP3 (114548)_damaging,0,0.00072760274736928,272.6,126.41123367802405,0.0,damaging,NLRP3
DNAH6 (1768)_damaging,0,0.00078065596643586,272.8,162.36286521246168,0.0,damaging,DNAH6
IRF8 (3394)_damaging,0,0.0006903144845459999,273.5,130.07049370757895,0.0,damaging,IRF8
THBS2 (7058)_damaging,0,0.0007237890983392,274.0,,0.0,damaging,THBS2
TRIP10 (9322)_damaging,0,0.000993402409125,274.0,272.94321753800733,0.0,damaging,TRIP10
DOCK3 (1795)_damaging,0,0.00059890106853194,275.2,67.72887124410092,0.0,damaging,DOCK3
PAPPA2 (60676)_damaging,0,0.00061169201359716,276.8,80.7725200795419,0.0,damaging,PAPPA2
PCDH15 (65217)_damaging,0,0.00077111041916988,276.8,158.55976791103095,0.0,damaging,PCDH15
PPRC1 (23082)_damaging,0,0.0006973237415675,277.0,129.60709857102736,0.0,damaging,PPRC1
NSD1 (64324)_damaging,0,0.0007136956780101,278.0,161.78535162368686,0.0,damaging,NSD1
ABCA9 (10350)_damaging,0,0.0007859768532393599,278.6,160.96676675637116,0.0,damaging,ABCA9
COL4A4 (1286)_damaging,0,0.0006515713709798,279.8,93.03064011388936,0.0,damaging,COL4A4
CDH18 (1016)_damaging,0,0.000745286908969175,281.0,213.5790251873999,0.0,damaging,CDH18
DMD (1756)_damaging,0,0.00104307641709374,281.0,328.60614723404063,0.0,damaging,DMD
RECQL (5965)_damaging,0,0.00070381963551838,281.2,118.6979359550957,0.0,damaging,RECQL
TNR (7143)_damaging,0,0.00125031185009564,281.2,263.1039718438321,0.0,damaging,TNR
BRCA2 (675)_damaging,0,0.0008732520737332799,281.8,208.74434124066693,0.0,damaging,BRCA2
ATP8A2 (51761)_damaging,0,0.00093854353564548,282.6,193.84091415384938,0.0,damaging,ATP8A2
SIPA1L3 (23094)_damaging,0,0.0007732717004979,282.6666666666667,228.27249797847603,0.0,damaging,SIPA1L3
ROBO2 (6092)_damaging,0,0.00057881929972902,284.2,50.04198237480206,0.0,damaging,ROBO2
ZNF292 (23036)_damaging,0,0.00060260055077216,284.4,81.24838459932603,0.0,damaging,ZNF292
SPTBN5 (51332)_damaging,0,0.00076832959802724,285.0,198.0871020536168,0.0,damaging,SPTBN5
SETBP1 (26040)_damaging,0,0.0009923275223641399,285.4,214.40685623365687,0.0,damaging,SETBP1
ABCC5 (10057)_damaging,0,0.0007030778552992,287.0,,0.0,damaging,ABCC5
CAMTA2 (23125)_damaging,0,0.0004658422568467,288.0,,0.0,damaging,CAMTA2
ADAMTS20 (80070)_damaging,0,0.00079856242521404,289.2,160.5091897680628,0.0,damaging,ADAMTS20
ACVR2A (92)_damaging,0,0.00065222253465102,290.6,148.16814772413133,0.0,damaging,ACVR2A
CFAP54 (144535)_damaging,0,0.0008874304319679401,293.0,244.27750612776444,0.0,damaging,CFAP54
OSBPL1A (114876)_damaging,0,0.0005675278570127749,293.5,65.56675987114203,0.0,damaging,OSBPL1A
UNC79 (57578)_damaging,0,0.0007070598363220999,295.4,146.39945355089276,0.0,damaging,UNC79
NEB (4703)_damaging,0,0.00098124103426442,296.4,332.5309008197584,0.0,damaging,NEB
CACNA1C (775)_damaging,0,0.00062795737943922,298.2,134.7375226134131,0.0,damaging,CACNA1C
DNAH11 (8701)_damaging,0,0.0006346254727479199,299.4,118.92560699866115,0.0,damaging,DNAH11
MYH2 (4620)_damaging,0,0.0009569760222275599,300.4,237.0966047837885,0.0,damaging,MYH2
C2orf42 (54980)_damaging,0,0.0005590011776731,301.3333333333333,128.9586497034353,0.0,damaging,C2orf42
PKHD1 (5314)_damaging,0,0.00075083003298972,303.6,219.5547767642508,0.0,damaging,PKHD1
ESCO1 (114799)_damaging,0,0.0005080369686201,304.0,,0.0,damaging,ESCO1
GRIN2A (2903)_damaging,0,0.00061096201357004,305.0,99.62429422585637,0.0,damaging,GRIN2A
SPEF2 (79925)_damaging,0,0.0005910272127392601,307.8,115.78946411483214,0.0,damaging,SPEF2
WRN (7486)_damaging,0,0.00068730147400014,310.0,181.6865432551349,0.0,damaging,WRN
C7 (730)_damaging,0,0.00058892464972558,313.0,140.8279091657616,0.0,damaging,C7
AP3B2 (8120)_damaging,0,0.0005756681023166,314.5,37.476659402887016,0.0,damaging,AP3B2
FREM1 (158326)_damaging,0,0.000710575448148475,314.75,215.40407764633116,0.0,damaging,FREM1
SLC26A3 (1811)_damaging,0,0.00045303904348459995,317.0,12.727922061357855,0.0,damaging,SLC26A3
LRP2 (4036)_damaging,0,0.00051260508857052,318.2,54.88351300709531,0.0,damaging,LRP2
NLRC5 (84166)_damaging,0,0.0008047545139469516,319.8,332.9499962456825,0.0,damaging,NLRC5
LARP4B (23185)_damaging,0,0.0008014675786627401,320.0,267.1048483273937,0.0,damaging,LARP4B
MYH7B (57644)_damaging,0,0.0007250797995448199,320.4,203.51609272978882,0.0,damaging,MYH7B
ADGRL2 (23266)_damaging,0,0.0008727164753659401,320.8,235.10146745607523,0.0,damaging,ADGRL2
MBD6 (114785)_damaging,0,0.0006979360369696799,320.8,214.9737193240141,0.0,damaging,MBD6
DNAH14 (127602)_damaging,0,0.00069364304524182,321.6,172.05900150820358,0.0,damaging,DNAH14
CEP290 (80184)_damaging,0,0.00057413420678618,323.0,162.9769922412363,0.0,damaging,CEP290
STK11 (6794)_hotspot,0,0.00069630475401764,325.4,149.48177146394806,0.0,hotspot,STK11
CPLANE1 (65250)_damaging,0,0.0007654403667946401,325.6,243.37275936308075,0.0,damaging,CPLANE1
MPL (4352)_damaging,0,0.0006309493544952,328.0,,0.0,damaging,MPL
ECT2L (345930)_damaging,0,0.0008113499066276401,329.2,197.94241586885818,0.0,damaging,ECT2L
EPHA7 (2045)_damaging,0,0.00064295351909748,330.4,165.4820231928532,0.0,damaging,EPHA7
MYCBP2 (23077)_damaging,0,0.00089005346079032,331.0,235.2998087547034,0.0,damaging,MYCBP2
CTNNA2 (1496)_damaging,0,0.0005787192061991601,331.4,152.42801579762167,0.0,damaging,CTNNA2
CRYBG3 (131544)_damaging,0,0.00086231403567832,332.0,275.4505400248836,0.0,damaging,CRYBG3
MSH6 (2956)_damaging,0,0.00054602115408022,335.8,165.09906117237614,0.0,damaging,MSH6
PTPRG (5793)_damaging,0,0.0006555191124662001,337.0,224.4281622256886,0.0,damaging,PTPRG
PLXNA4 (91584)_damaging,0,0.00059734621419522,337.6,166.192057571955,0.0,damaging,PLXNA4
DNAH12 (201625)_damaging,0,0.00049125185602018,338.2,101.14445115773776,0.0,damaging,DNAH12
TP53BP1 (7158)_damaging,0,0.00048424348239052,338.4,53.5004672876789,0.0,damaging,TP53BP1
CHFR (55743)_damaging,0,0.0003809776672021,339.0,,0.0,damaging,CHFR
WDFY3 (23001)_damaging,0,0.0008801640033472599,339.8,359.80300165507236,0.0,damaging,WDFY3
RAB40A (142684)_damaging,0,0.00066672187165026,340.2,192.95776740001943,0.0,damaging,RAB40A
TOP3A (7156)_damaging,0,0.000663891329689,340.3333333333333,206.32337078802615,0.0,damaging,TOP3A
DNAH1 (25981)_damaging,0,0.00060889488692758,341.4,194.25833315459084,0.0,damaging,DNAH1
KNOP1 (400506)_damaging,0,0.00073519509191436,342.6,257.57096109616083,0.0,damaging,KNOP1
ANK2 (287)_damaging,0,0.0005462851407948401,342.8,155.65570982138755,0.0,damaging,ANK2
ANK3 (288)_damaging,0,0.00051720900614422,342.8,122.88693990819367,0.0,damaging,ANK3
COL6A3 (1293)_damaging,0,0.0006231174164131,343.2,171.91335026692954,0.0,damaging,COL6A3
SYCP1 (6847)_damaging,0,0.0004914164883318801,344.6,91.06481208458074,0.0,damaging,SYCP1
DST (667)_damaging,0,0.00062929863066468,345.4,233.9493534934431,0.0,damaging,DST
SLFN11 (91607)_damaging,0,0.00049732051962634,345.4,111.14540026469831,0.0,damaging,SLFN11
RP1 (6101)_damaging,0,0.00052747183844444,346.2,119.84448255969066,0.0,damaging,RP1
INO80D (54891)_damaging,0,0.00053172950259038,346.6,136.75818074250623,0.0,damaging,INO80D
VPS13C (54832)_damaging,0,0.0005168639680905799,347.2,175.963632606286,0.0,damaging,VPS13C
ERICH3 (127254)_damaging,0,0.00074343818072532,349.8,223.3085309610898,0.0,damaging,ERICH3
CEP170B (283638)_damaging,0,0.0006043186830027,350.0,,0.0,damaging,CEP170B
SLC4A3 (6508)_damaging,0,0.0007283682508514546,350.8,279.9985714249271,0.0,damaging,SLC4A3
TRANK1 (9881)_damaging,0,0.00048539826546922,351.2,94.1020722407323,0.0,damaging,TRANK1
ESRP1 (54845)_damaging,0,0.0006125830991426,351.6,166.5076574815705,0.0,damaging,ESRP1
WDR87 (83889)_damaging,0,0.00065946886306776,352.0,272.1901908592593,0.0,damaging,WDR87
CUX2 (23316)_damaging,0,0.00055126942364826,353.8,182.54506292967773,0.0,damaging,CUX2
CRLF1 (9244)_damaging,0,0.000599881616296,356.0,,0.0,damaging,CRLF1
FASN (2194)_damaging,0,0.0007506692893312,358.0,348.44655257298786,0.0,damaging,FASN
ADGRV1 (84059)_damaging,0,0.00064467309118262,359.0,300.2207521141735,0.0,damaging,ADGRV1
RFX7 (64864)_damaging,0,0.0005910125619804599,359.0,240.82773926605716,0.0,damaging,RFX7
SCAF4 (57466)_damaging,0,0.00054112106567794,359.2,211.64049706991335,0.0,damaging,SCAF4
SLC23A3 (151295)_damaging,0,0.0004839770877331,359.5,222.73863607376248,0.0,damaging,SLC23A3
WDR75 (84128)_damaging,0,0.0005864242385444,365.0,,0.0,damaging,WDR75
MYH8 (4626)_damaging,0,0.00047887992098032,365.4,140.83252465251059,0.0,damaging,MYH8
SH2B1 (25970)_damaging,0,0.0003839064121247,368.0,,0.0,damaging,SH2B1
DPP6 (1804)_damaging,0,0.0006398592157818501,369.5,254.6913164335735,0.0,damaging,DPP6
PRKDC (5591)_damaging,0,0.0007191107607264401,369.8,360.66216879512046,0.0,damaging,PRKDC
MYH9 (4627)_damaging,0,0.00046577879940668004,370.0,121.13628688382354,0.0,damaging,MYH9
PKD1L1 (168507)_damaging,0,0.0004605486079675,370.0,132.8457752433249,0.0,damaging,PKD1L1
MDN1 (23195)_damaging,0,0.00046068687550976,370.4,124.46806819421597,0.0,damaging,MDN1
PBRM1 (55193)_damaging,0,0.0008479125169137481,370.6,475.4159231662313,0.0,damaging,PBRM1
BRCA1 (672)_damaging,0,0.00060126789851542,371.6,321.7713473881725,0.0,damaging,BRCA1
PTPRZ1 (5803)_damaging,0,0.00048213316432644,372.2,163.19221795171484,0.0,damaging,PTPRZ1
LEPR (3953)_damaging,0,0.00047666249538971995,372.4,161.99320973423545,0.0,damaging,LEPR
ITPR2 (3709)_damaging,0,0.0005483855665738378,373.0,275.34251397123546,0.0,damaging,ITPR2
CHD5 (26038)_damaging,0,0.00050901292061844,375.6,212.8903473622043,0.0,damaging,CHD5
BLM (641)_damaging,0,0.00064122448472784,376.6,229.62099207171804,0.0,damaging,BLM
MAST2 (23139)_damaging,0,0.00068953657385296,376.8,293.31416604044205,0.0,damaging,MAST2
AHR (196)_damaging,0,0.00043820632945030006,377.8,101.35432896526918,0.0,damaging,AHR
MUC17 (140453)_damaging,0,0.00060441875467612,378.8,207.97644097349104,0.0,damaging,MUC17
SCNN1B (6338)_damaging,0,0.000491931885823325,379.25,209.37585820719636,0.0,damaging,SCNN1B
TENM1 (10178)_damaging,0,0.0006225761277507036,379.6,273.974998859385,0.0,damaging,TENM1
NLRP4 (147945)_damaging,0,0.00047550074202014,379.8,197.1108825001806,0.0,damaging,NLRP4
MAP9 (79884)_damaging,0,0.00046048028606127995,380.6,172.36966090353604,0.0,damaging,MAP9
PAN2 (9924)_damaging,0,0.00036270035291840005,383.0,50.02999100539596,0.0,damaging,PAN2
NBAS (51594)_damaging,0,0.0007882560278202201,385.2,312.8061700158742,0.0,damaging,NBAS
GABRG2 (2566)_damaging,0,0.0005164727158017001,385.25,212.97476376322152,0.0,damaging,GABRG2
COL9A1 (1297)_damaging,0,0.0005650515786080946,386.4,273.99507294840174,0.0,damaging,COL9A1
DNAH10 (196385)_damaging,0,0.00048971137396592,388.0,139.70504643712766,0.0,damaging,DNAH10
KMT2A (4297)_damaging,0,0.00041358445844886,390.0,103.74246960623215,0.0,damaging,KMT2A
CCNB3 (85417)_damaging,0,0.00047392567726949996,390.4,181.75890624670913,0.0,damaging,CCNB3
TRIOBP (11078)_damaging,0,0.0005805042296019,390.6,266.4954033374685,0.0,damaging,TRIOBP
CC2D2A (57545)_damaging,0,0.0003534586534801,391.0,,0.0,damaging,CC2D2A
LRRC7 (57554)_damaging,0,0.0005821637707432,391.6,263.82911135809104,0.0,damaging,LRRC7
PPFIA2 (8499)_damaging,0,0.00045520911307440003,392.2,166.5749080744156,0.0,damaging,PPFIA2
COL20A1 (57642)_damaging,0,0.0004267354924173,393.0,101.57099323461726,0.0,damaging,COL20A1
SMARCA2 (6595)_damaging,0,0.000412133393659975,393.0,86.42144795516138,0.0,damaging,SMARCA2
DSP (1832)_damaging,0,0.00056963342442778,394.4,225.35150321220402,0.0,damaging,DSP
KIF27 (55582)_damaging,0,0.00044518012095326,395.8,152.0762966408638,0.0,damaging,KIF27
RELN (5649)_damaging,0,0.00044833772507228004,395.8,151.0734920493996,0.0,damaging,RELN
KCNQ2 (3785)_damaging,0,0.0005452084059673,396.0,,0.0,damaging,KCNQ2
RIMS2 (9699)_damaging,0,0.00049373037979428,399.4,197.312695992934,0.0,damaging,RIMS2
ZBTB20 (26137)_damaging,0,0.00040174124120526003,399.4,88.42680589052168,0.0,damaging,ZBTB20
EP400 (57634)_damaging,0,0.00076762346536458,400.4,456.8662824065703,0.0,damaging,EP400
LAMA5 (3911)_damaging,0,0.00055266852417028,401.4,337.25109340074795,0.0,damaging,LAMA5
STAMBPL1 (57559)_damaging,0,0.00046927712107629996,401.5,147.78531726798843,0.0,damaging,STAMBPL1
APOB (338)_damaging,0,0.00048894978409594,401.6,262.04350783791614,0.0,damaging,APOB
TAL1 (6886)_damaging,0,0.0006169322428392001,401.8,391.2955404805938,0.0,damaging,TAL1
TRIO (7204)_damaging,0,0.00056831034759504,402.2,217.77557255119316,0.0,damaging,TRIO
CEP350 (9857)_damaging,0,0.00052352321059296,402.6,297.23862467721113,0.0,damaging,CEP350
ADGRG6 (57211)_damaging,0,0.0005338635754272,403.0,,0.0,damaging,ADGRG6
FBN2 (2201)_damaging,0,0.00048455204562696,403.8,250.49491012793055,0.0,damaging,FBN2
EXD3 (54932)_damaging,0,0.00040711516572766666,405.0,6.244997998398398,0.0,damaging,EXD3
MEGF6 (1953)_damaging,0,0.0006570890482102365,405.0,276.0941868276114,0.0,damaging,MEGF6
ZNF106 (64397)_damaging,0,0.00042944243060087997,405.2,177.55196422456157,0.0,damaging,ZNF106
DCHS2 (54798)_damaging,0,0.00041122109266784006,408.0,154.1022387897074,0.0,damaging,DCHS2
FXR1 (8087)_damaging,0,0.0002989296632365,408.0,,0.0,damaging,FXR1
LRBA (987)_damaging,0,0.0008969361320196501,409.25,503.3179081521605,0.0,damaging,LRBA
ANKRD30B (374860)_damaging,0,0.00045471650477312,409.4,210.32902795382287,0.0,damaging,ANKRD30B
PLEC (5339)_damaging,0,0.00072503312441946,409.4,348.2230606952963,0.0,damaging,PLEC
CDH15 (1013)_damaging,0,0.000405749194238275,410.0,150.73818361649447,0.0,damaging,CDH15
FMN2 (56776)_damaging,0,0.00045144523539952,410.2,254.21781998907943,0.0,damaging,FMN2
EPHA3 (2042)_damaging,0,0.00039024383345556,410.4,84.23063575683138,0.0,damaging,EPHA3
PLCE1 (51196)_damaging,0,0.00045739987913375217,410.4,228.39833624612945,0.0,damaging,PLCE1
PTPRN2 (5799)_damaging,0,0.00042683618690478,410.6,142.9625825172447,0.0,damaging,PTPRN2
HDAC2 (3066)_damaging,0,0.000410963938132025,411.5,113.96636930837683,0.0,damaging,HDAC2
ROS1 (6098)_damaging,0,0.0005291453342045999,411.6,224.1100176252726,0.0,damaging,ROS1
CELSR3 (1951)_damaging,0,0.00045376265375692004,412.0,213.5720019103628,0.0,damaging,CELSR3
IQUB (154865)_damaging,0,0.00033751844604559995,412.0,8.48528137423857,0.0,damaging,IQUB
PKHD1L1 (93035)_damaging,0,0.00070875052904626,412.2,428.89299364759967,0.0,damaging,PKHD1L1
DDX27 (55661)_damaging,0,0.0005623348176313917,412.6,338.31834121135086,0.0,damaging,DDX27
PXDNL (137902)_damaging,0,0.00063850778129594,414.0,328.68297795900537,0.0,damaging,PXDNL
PLXNB2 (23654)_damaging,0,0.00040547101221018005,414.2,164.5742993301202,0.0,damaging,PLXNB2
RERE (473)_damaging,0,0.00052703163291142,417.4,190.53162467160143,0.0,damaging,RERE
CAD (790)_damaging,0,0.000372143535841775,418.0,172.19562518639472,0.0,damaging,CAD
TCF3 (6929)_damaging,0,0.0003229797703577,418.0,158.39191898578665,0.0,damaging,TCF3
GALC (2581)_damaging,0,0.0004055169488373,418.5,13.435028842544403,0.0,damaging,GALC
TDRD15 (100129278)_damaging,0,0.00035999162887308,418.6,46.83801874545933,0.0,damaging,TDRD15
HERC1 (8925)_damaging,0,0.00069927878425338,420.0,397.3203996776405,0.0,damaging,HERC1
WDTC1 (23038)_damaging,0,0.0005594317391194399,420.4,265.5377562607623,0.0,damaging,WDTC1
PLXDC2 (84898)_damaging,0,0.0006590656404227333,423.6666666666667,397.35290779524104,0.0,damaging,PLXDC2
CDC42BPA (8476)_damaging,0,0.00042287025454844,424.0,169.81166037701885,0.0,damaging,CDC42BPA
PHF3 (23469)_damaging,0,0.00038390491165917997,425.6,124.3575490269891,0.0,damaging,PHF3
CILP (8483)_damaging,0,0.0003072305925241,427.5,37.476659402887016,0.0,damaging,CILP
ST18 (9705)_damaging,0,0.00033241863100045,427.5,97.32591295915664,0.0,damaging,ST18
NRXN3 (9369)_damaging,0,0.00038589693341434,428.6,129.003100737928,0.0,damaging,NRXN3
MYO3B (140469)_damaging,0,0.000511953326636,429.0,,0.0,damaging,MYO3B
MUC5B (727897)_damaging,0,0.00056471452447682,429.6,382.87439193552757,0.0,damaging,MUC5B
NOP58 (51602)_damaging,0,0.0005103772587474,432.0,,0.0,damaging,NOP58
MT-ND5 (4540)_damaging,0,0.00042971305856298006,432.4,215.25287454526594,0.0,damaging,MT-ND5
SETD2 (29072)_damaging,0,0.00056663985224506,432.8,426.87082355204365,0.0,damaging,SETD2
ZNF91 (7644)_damaging,0,0.0003778490998399,435.0,147.86705740856098,0.0,damaging,ZNF91
SLC4A10 (57282)_damaging,0,0.00039082434454386,435.4,195.74294367869305,0.0,damaging,SLC4A10
UCK1 (83549)_damaging,0,0.00036862652723208003,436.2,113.32563699357706,0.0,damaging,UCK1
FAM135B (51059)_damaging,0,0.0003178837996612,439.0,,0.0,damaging,FAM135B
WWP1 (11059)_damaging,0,0.00069614900373826,439.0,414.49185757985646,0.0,damaging,WWP1
WWC2 (80014)_damaging,0,0.000390677382868475,441.75,210.25758012495055,0.0,damaging,WWC2
DSCAM (1826)_damaging,0,0.00046434563569222,441.8,224.6101066292432,0.0,damaging,DSCAM
TSC2 (7249)_damaging,0,0.00037743660217952,442.2,169.32572161369933,0.0,damaging,TSC2
ATF7IP (55729)_damaging,0,0.00041249239016241115,442.8,243.25439358827623,0.0,damaging,ATF7IP
ASH1L (55870)_damaging,0,0.0005497967173539533,444.2,290.3199958666299,0.0,damaging,ASH1L
BICRA (29998)_damaging,0,0.00044071609799628005,444.8,323.80271771558677,0.0,damaging,BICRA
TCERG1 (10915)_damaging,0,0.00034352330372875003,445.0,37.841775856849004,0.0,damaging,TCERG1
ZDBF2 (57683)_damaging,0,0.00035178827512052,446.0,97.13135436098891,0.0,damaging,ZDBF2
CDH23 (64072)_damaging,0,0.0004379962016433,447.2,252.9855727111726,0.0,damaging,CDH23
CSMD2 (114784)_damaging,0,0.00033909450487086,448.4,56.86651035539283,0.0,damaging,CSMD2
RXFP1 (59350)_damaging,0,0.0004410174133550901,448.75,268.48882658315597,0.0,damaging,RXFP1
CHEK2 (11200)_damaging,0,0.000455727410744083,449.6666666666667,269.7375267428196,0.0,damaging,CHEK2
FKBP15 (23307)_damaging,0,0.000494183625495875,449.75,272.84595776127355,0.0,damaging,FKBP15
ALPK2 (115701)_damaging,0,0.0003851487958273676,449.8,186.43417068767195,0.0,damaging,ALPK2
KEL (3792)_damaging,0,0.0003959759830993,450.2,245.02693729465744,0.0,damaging,KEL
FIRRM (55732)_damaging,0,0.000335079299303,450.3333333333333,154.823555486022,0.0,damaging,FIRRM
ABL2 (27)_damaging,0,0.0004380115636792521,451.0,252.1834649615236,0.0,damaging,ABL2
RSF1 (51773)_damaging,0,0.0003702724171152,451.75,229.49128523758804,0.0,damaging,RSF1
BAG6 (7917)_damaging,0,0.0004238671786388,452.5,227.03964411529543,0.0,damaging,BAG6
TRPM2 (7226)_damaging,0,0.00029827542194405,453.0,74.95331880577403,0.0,damaging,TRPM2
TGM6 (343641)_damaging,0,0.00029948583390373333,455.3333333333333,133.09520402078104,0.0,damaging,TGM6
CDH1 (999)_damaging,0,0.0005269896720582702,456.8,437.36163526308525,0.0,damaging,CDH1
VPS13D (55187)_damaging,0,0.0003912045721699295,457.2,260.7732731703922,0.0,damaging,VPS13D
MROH2B (133558)_damaging,0,0.00040726070881914,458.6,233.97499866438721,0.0,damaging,MROH2B
CCDC15 (80071)_damaging,0,0.0005492453183540911,458.6666666666667,417.39349939036344,0.0,damaging,CCDC15
AP1M1 (8907)_damaging,0,0.00027538983222335004,459.5,82.73149339882606,0.0,damaging,AP1M1
UTRN (7402)_damaging,0,0.00041672038074578,461.2,252.67113012768198,0.0,damaging,UTRN
RYR1 (6261)_damaging,0,0.0005768423141131697,461.6,504.4772541948745,0.0,damaging,RYR1
ANKRD30A (91074)_damaging,0,0.00038672210453442,463.2,227.26570352783105,0.0,damaging,ANKRD30A
COL4A6 (1288)_damaging,0,0.0004063950887729326,463.4,286.1272444210792,0.0,damaging,COL4A6
ARHGAP35 (2909)_damaging,0,0.0004607006905284326,463.8,346.17726672905604,0.0,damaging,ARHGAP35
CENPF (1063)_damaging,0,0.00036272378842359997,464.6,195.6049590373414,0.0,damaging,CENPF
PLCB4 (5332)_damaging,0,0.0003337619295372,466.2,121.79573063124997,0.0,damaging,PLCB4
MDGA2 (161357)_damaging,0,0.00054004352013574,466.8,294.5958248176644,0.0,damaging,MDGA2
PRRC2A (7916)_damaging,0,0.00033515187813758,467.4,146.54794437316409,0.0,damaging,PRRC2A
HMCN2 (256158)_damaging,0,0.00048215148510798004,469.0,342.0906312660433,0.0,damaging,HMCN2
CD93 (22918)_damaging,0,0.000340827619295,470.3333333333333,110.43701070444334,0.0,damaging,CD93
COL1A2 (1278)_damaging,0,0.0005426909774595998,470.4,289.3869381986686,0.0,damaging,COL1A2
BSN (8927)_damaging,0,0.00045718339664142,471.4,367.1018932122252,0.0,damaging,BSN
TACC2 (10579)_damaging,0,0.0003478322114842,472.2,134.44775937143766,0.0,damaging,TACC2
GRM8 (2918)_damaging,0,0.0005404929495283601,472.8,353.39170901423256,0.0,damaging,GRM8
PLXNA3 (55558)_damaging,0,0.0004038757237322739,473.6,289.72625010516396,0.0,damaging,PLXNA3
PTPN13 (5783)_damaging,0,0.000336651367175,474.4,156.84163987921065,0.0,damaging,PTPN13
PCDH17 (27253)_damaging,0,0.0004639610957449,476.0,,0.0,damaging,PCDH17
ZNF609 (23060)_damaging,0,0.00039110889570965573,476.2,328.782146717245,0.0,damaging,ZNF609
PIK3R1 (5295)_hotspot,0,0.0003894898607845,477.8,333.18568396616325,0.0,hotspot,PIK3R1
SETD1B (23067)_damaging,0,0.0004762664722199,477.8,354.25372263393365,0.0,damaging,SETD1B
DNMT1 (1786)_damaging,0,0.00030372692088260003,478.0,175.27692375210148,0.0,damaging,DNMT1
MCTP1 (79772)_damaging,0,0.000292365762091425,479.0,154.76649077454286,0.0,damaging,MCTP1
RPL5 (6125)_damaging,0,0.0002753795499859,479.0,86.06973916540005,0.0,damaging,RPL5
FHDC1 (85462)_damaging,0,0.000371484534653725,481.0,197.32376102909316,0.0,damaging,FHDC1
AEBP1 (165)_damaging,0,0.0004258355486351442,482.0,292.38844026397487,0.0,damaging,AEBP1
BCL9 (607)_damaging,0,0.00034060346653,484.8,228.63442435468897,0.0,damaging,BCL9
DHX29 (54505)_damaging,0,0.00037236509827909996,485.5,70.0035713374682,0.0,damaging,DHX29
CFAP61 (26074)_damaging,0,0.00027559138881490003,486.0,70.71067811865476,0.0,damaging,CFAP61
ELOA (6924)_damaging,0,0.00043331537942842003,486.0,357.7750690028583,0.0,damaging,ELOA
CCDC171 (203238)_damaging,0,0.0002523217822729,486.5,41.71930009000631,0.0,damaging,CCDC171
MAP1B (4131)_damaging,0,0.00037476987406345004,487.0,229.42391621915388,0.0,damaging,MAP1B
RHOA (387)_hotspot,0,0.00044362727624516,488.4,322.63725761294216,0.0,hotspot,RHOA
MKI67 (4288)_damaging,0,0.00045422247894294005,489.2,288.87921351319136,0.0,damaging,MKI67
CEP128 (145508)_damaging,0,0.00045369909944035006,490.5,408.527844828232,0.0,damaging,CEP128
CACNA2D3 (55799)_damaging,0,0.0004565845239391,491.0,,0.0,damaging,CACNA2D3
MTCL1 (23255)_damaging,0,0.00041891510693203865,491.5,299.91609937892076,0.0,damaging,MTCL1
SPEG (10290)_damaging,0,0.0003738099007514912,492.8,277.3358974240443,0.0,damaging,SPEG
WDR55 (54853)_damaging,0,0.00029829985771005,496.25,39.508437917319206,0.0,damaging,WDR55
PLEKHH3 (79990)_damaging,0,0.00025611380357925,497.0,16.97056274847714,0.0,damaging,PLEKHH3
USP9X (8239)_damaging,0,0.00032210564584615444,497.2,199.17253826770397,0.0,damaging,USP9X
PIK3R3 (8503)_damaging,0,0.00033269073996953336,498.6666666666667,129.62381468439096,0.0,damaging,PIK3R3
ZMYM3 (9203)_damaging,0,0.00042975228195724394,499.2,344.0279058448602,0.0,damaging,ZMYM3
SCN7A (6332)_damaging,0,0.0004349959037285857,500.0,290.0508576094889,0.0,damaging,SCN7A
GBP1 (2633)_damaging,0,0.0002214545791198,501.0,,0.0,damaging,GBP1
QSER1 (79832)_damaging,0,0.00028961595529854005,501.6,94.89099008862749,0.0,damaging,QSER1
ARAP2 (116984)_damaging,0,0.00035687961719075,502.0,121.62236636408618,0.0,damaging,ARAP2
DNAH17 (8632)_damaging,0,0.0003358256552333663,502.0,241.57297034229637,0.0,damaging,DNAH17
IGSF9B (22997)_damaging,0,0.00032859374376515,502.5,199.9224849785536,0.0,damaging,IGSF9B
CCDC168 (643677)_damaging,0,0.00036002943685097997,503.2,320.41644776758886,0.0,damaging,CCDC168
VWA3B (200403)_damaging,0,0.0002933653858105,503.3333333333333,180.81021357581915,0.0,damaging,VWA3B
PPIG (9360)_damaging,0,0.0003161391370969884,503.8,183.39765538305008,0.0,damaging,PPIG
ABCA5 (23461)_damaging,0,0.00032818446323326,504.6,225.93096290681365,0.0,damaging,ABCA5
HSPG2 (3339)_damaging,0,0.0002929426664911,504.6,103.84748432196132,0.0,damaging,HSPG2
STARD9 (57519)_damaging,0,0.00037223466003734,504.6,320.4283071140875,0.0,damaging,STARD9
BIRC6 (57448)_damaging,0,0.0003371893830693,504.8,249.5970753033777,0.0,damaging,BIRC6
CASP8 (841)_damaging,0,0.0003509162821517122,506.0,270.82835892867644,0.0,damaging,CASP8
MYO18B (84700)_damaging,0,0.0004086171228069351,506.4,279.7128885124888,0.0,damaging,MYO18B
VPS13B (157680)_damaging,0,0.00033231394421218,507.6,172.9300436592786,0.0,damaging,VPS13B
ARFGEF1 (10565)_damaging,0,0.00038939759114072,508.4,350.0454256235896,0.0,damaging,ARFGEF1
WDR72 (256764)_damaging,0,0.00037136535499751946,508.5,265.5327977231187,0.0,damaging,WDR72
PCSK5 (5125)_damaging,0,0.00037139558145174,510.0,295.9670589778531,0.0,damaging,PCSK5
TLE4 (7091)_damaging,0,0.0004585961856309594,510.0,339.851928541436,0.0,damaging,TLE4
ADAM18 (8749)_damaging,0,0.0002174298409964,511.0,,0.0,damaging,ADAM18
MAP2K1 (5604)_hotspot,0,0.0002169008972547,512.0,,0.0,hotspot,MAP2K1
RASA1 (5921)_damaging,0,0.00032555347515329997,512.6,269.40360056985133,0.0,damaging,RASA1
TOPBP1 (11073)_damaging,0,0.00043196948621460003,512.6,363.8540916356445,0.0,damaging,TOPBP1
SHOC1 (158401)_damaging,0,0.00040992923852109996,513.0,318.1980515339464,0.0,damaging,SHOC1
NPAT (4863)_damaging,0,0.00039548636719869567,514.8,333.70525917342087,0.0,damaging,NPAT
HDAC5 (10014)_damaging,0,0.00038206214732194996,515.0,264.45793616376875,0.0,damaging,HDAC5
TNRC6C (57690)_damaging,0,0.00027724701489938,516.6,86.77730117951353,0.0,damaging,TNRC6C
RAC1 (5879)_hotspot,0,0.00027774110526328,517.2,111.59614688688853,0.0,hotspot,RAC1
TOP2A (7153)_damaging,0,0.00042238622531506,519.4,396.67530802912347,0.0,damaging,TOP2A
MYH15 (22989)_damaging,0,0.0003090135722738356,519.6,216.8658571559848,0.0,damaging,MYH15
VHL (7428)_hotspot,0,0.0004933604260651336,519.8,457.49448084102613,0.0,hotspot,VHL
SPATA31H1 (84226)_damaging,0,0.00046029602283666475,520.4,347.3417625336752,0.0,damaging,SPATA31H1
SKOR2 (652991)_damaging,0,0.00030968348196172,520.8,186.42076064644732,0.0,damaging,SKOR2
VILL (50853)_damaging,0,0.0002448190013227,522.0,,0.0,damaging,VILL
ZNF208 (7757)_damaging,0,0.00029264521242878644,523.5,279.4548264031237,0.0,damaging,ZNF208
KDM5A (5927)_damaging,0,0.00036418702195064906,525.0,264.8027567832329,0.0,damaging,KDM5A
DYNC1H1 (1778)_damaging,0,0.0003398261069494,525.6,235.0602050539393,0.0,damaging,DYNC1H1
PRRC2B (84726)_damaging,0,0.00040058103663574,526.0,319.52229969127353,0.0,damaging,PRRC2B
RPGRIP1 (57096)_damaging,0,0.000433807646264,526.0,,0.0,damaging,RPGRIP1
RAD17 (5884)_damaging,0,0.00032623464535410003,532.4,330.8040205317946,0.0,damaging,RAD17
HNRNPUL1 (11100)_damaging,0,0.000316184597668425,533.0,203.9640491197734,0.0,damaging,HNRNPUL1
SMARCAD1 (56916)_damaging,0,0.00036293318238210575,533.8,283.5431184141135,0.0,damaging,SMARCAD1
SAMD9L (219285)_damaging,0,0.0004511457999292111,537.4,391.53071399316815,0.0,damaging,SAMD9L
NOTCH4 (4855)_damaging,0,0.00029248745692221997,538.8,206.71768187554736,0.0,damaging,NOTCH4
CBLN2 (147381)_damaging,0,0.00036774958162689997,539.0,317.9481089737758,0.0,damaging,CBLN2
CDH7 (1005)_damaging,0,0.00046810222347124376,539.6,268.7141604009733,0.0,damaging,CDH7
PIK3CG (5294)_damaging,0,0.0002869009299544,539.6,181.14993789676,0.0,damaging,PIK3CG
TRDN (10345)_damaging,0,0.000280174345631775,539.75,146.43400106077368,0.0,damaging,TRDN
DOCK2 (1794)_damaging,0,0.00031454330273378,540.0,301.0830450224655,0.0,damaging,DOCK2
NF1 (4763)_hotspot,0,0.0003191624156853,541.2,237.5293666054789,0.0,hotspot,NF1
CNTNAP4 (85445)_damaging,0,0.0003759530360046713,541.4,349.015472436395,0.0,damaging,CNTNAP4
SYTL2 (54843)_damaging,0,0.00028263516896097997,543.0,139.93748604287558,0.0,damaging,SYTL2
MDC1 (9656)_damaging,0,0.00040433779077380554,543.2,438.05273655120567,0.0,damaging,MDC1
KIF4A (24137)_damaging,0,0.0002347022739756,544.0,,0.0,damaging,KIF4A
ATXN2L (11273)_damaging,0,0.0003444670880996687,544.6,294.90388264653285,0.0,damaging,ATXN2L
HCN1 (348980)_damaging,0,0.0003142813781579,545.4,210.43597601170765,0.0,damaging,HCN1
ADGRA2 (25960)_damaging,0,0.0002659223638585,545.6,131.00687004886424,0.0,damaging,ADGRA2
CR2 (1380)_damaging,0,0.000507420869147255,545.8,398.99962405997326,0.0,damaging,CR2
UNC13B (10497)_damaging,0,0.0003151165238609517,545.8,223.55133638607487,0.0,damaging,UNC13B
PRKN (5071)_damaging,0,0.0002040793658242,547.0,,0.0,damaging,PRKN
NBEAL1 (65065)_damaging,0,0.00031491328927742,549.4,350.7061447993177,0.0,damaging,NBEAL1
PPP1R3A (5506)_damaging,0,0.0002941834247623614,549.4,263.060449326766,0.0,damaging,PPP1R3A
COL5A3 (50509)_damaging,0,0.00041478368943200004,550.0,356.88933859111006,0.0,damaging,COL5A3
ADGRB3 (577)_damaging,0,0.00033489006657262,551.0,330.83228379346536,0.0,damaging,ADGRB3
MED12L (116931)_damaging,0,0.0004454038009967314,551.0,461.8397990645674,0.0,damaging,MED12L
VIT (5212)_damaging,0,0.00037626286212765,551.0,328.09754647055803,0.0,damaging,VIT
UGT2B4 (7363)_damaging,0,0.0004102369582839,552.0,,0.0,damaging,UGT2B4
SPECC1 (92521)_damaging,0,0.00020435536844990002,552.5,81.31727983645297,0.0,damaging,SPECC1
SI (6476)_damaging,0,0.00030958239733844,554.4,291.9405761452149,0.0,damaging,SI
SLITRK4 (139065)_damaging,0,0.00021486799544235,554.5,37.476659402887016,0.0,damaging,SLITRK4
LRP1 (4035)_damaging,0,0.00032438187703662,554.8,350.66108994298185,0.0,damaging,LRP1
HERC2 (8924)_damaging,0,0.000284914327231441,556.4,190.13495207352068,0.0,damaging,HERC2
SZT2 (23334)_damaging,0,0.0002785178756703243,556.4,194.3329616920403,0.0,damaging,SZT2
ASCC3 (10973)_damaging,0,0.00026928187327508003,556.8,156.24723997562327,0.0,damaging,ASCC3
SPATA31D1 (389763)_damaging,0,0.0003103233902159,557.0,125.86500705120545,0.0,damaging,SPATA31D1
MYO15A (51168)_damaging,0,0.00026740542113194,558.8,155.221454702628,0.0,damaging,MYO15A
DOCK8 (81704)_damaging,0,0.00027256987242230477,560.0,211.586861595894,0.0,damaging,DOCK8
NDUFV3 (4731)_damaging,0,0.0003228406926690743,560.0,280.20885068105895,0.0,damaging,NDUFV3
USP43 (124739)_damaging,0,0.0002251279346655,560.0,,0.0,damaging,USP43
THSD7A (221981)_damaging,0,0.00026023394856732,560.4,160.45965224940505,0.0,damaging,THSD7A
CNTN4 (152330)_damaging,0,0.00032820999891318,560.6,332.2556244821147,0.0,damaging,CNTN4
CACNA1I (8911)_damaging,0,0.00036931786203431353,560.8,374.20475678430387,0.0,damaging,CACNA1I
DLC1 (10395)_damaging,0,0.00026339657421025,561.25,109.39949725661451,0.0,damaging,DLC1
MYO9A (4649)_damaging,0,0.0006312580937299628,561.6,456.21299849960434,0.0,damaging,MYO9A
PHF20L1 (51105)_damaging,0,0.00030413251861955624,561.8,252.24531710222095,0.0,damaging,PHF20L1
PTPN23 (25930)_damaging,0,0.00033731868364037995,561.8,256.2990440871756,0.0,damaging,PTPN23
VWDE (221806)_damaging,0,0.00033195217281733997,563.4,331.3974954642838,0.0,damaging,VWDE
UBR5 (51366)_damaging,0,0.0002678430719409259,565.4,187.7399797592404,0.0,damaging,UBR5
FOXP2 (93986)_damaging,0,0.0002217741578924,566.0,,0.0,damaging,FOXP2
LBP (3929)_damaging,0,0.0001948509261412,566.0,,0.0,damaging,LBP
MUC3A (4584)_damaging,0,0.0002205915568607,567.0,,0.0,damaging,MUC3A
NCKAP5L (57701)_damaging,0,0.00023961023151601997,567.6,36.4732778894357,0.0,damaging,NCKAP5L
NCOR1 (9611)_damaging,0,0.00029101260794518,567.8,327.05534699802723,0.0,damaging,NCOR1
MYOF (26509)_damaging,0,0.00030918725581228,568.2,343.8389157730695,0.0,damaging,MYOF
LTK (4058)_damaging,0,0.0002652658174642,568.3333333333334,113.46511945674466,0.0,damaging,LTK
KCNH7 (90134)_damaging,0,0.00031677262749773996,569.2,248.51700143048564,0.0,damaging,KCNH7
SACS (26278)_damaging,0,0.00030248631297162,569.6,318.79585944613524,0.0,damaging,SACS
ZFP36L2 (678)_damaging,0,0.00033049644402534,569.6,372.7999463519275,0.0,damaging,ZFP36L2
PTCH1 (5727)_damaging,0,0.00028640442953756,571.0,226.51600384961768,0.0,damaging,PTCH1
CACNA1G (8913)_damaging,0,0.0001929909297219,572.0,,0.0,damaging,CACNA1G
NFIA (4774)_damaging,0,0.000294800508511775,572.0,291.78873636017323,0.0,damaging,NFIA
C10orf71 (118461)_damaging,0,0.00024791027279597527,573.6666666666666,276.7965558552587,0.0,damaging,C10orf71
CPS1 (1373)_damaging,0,0.00027019140380172,574.2,281.9214429588498,0.0,damaging,CPS1
MYO7A (4647)_damaging,0,0.00031230279721014,574.6,363.5963421158139,0.0,damaging,MYO7A
ASXL2 (55252)_damaging,0,0.00023410171503013998,576.6,98.49010102543302,0.0,damaging,ASXL2
KIF26A (26153)_damaging,0,0.00039325757344420276,577.8,421.8550698996043,0.0,damaging,KIF26A
ADGRL4 (64123)_damaging,0,0.00023711492588243997,578.6,118.58246076043454,0.0,damaging,ADGRL4
FRAS1 (80144)_damaging,0,0.00030435267678326336,581.4,293.1071476439972,0.0,damaging,FRAS1
GREB1 (9687)_damaging,0,0.00030227688710872,581.8,350.5541327669665,0.0,damaging,GREB1
NLRP9 (338321)_damaging,0,0.0002520122159754904,583.0,166.21522192627245,0.0,damaging,NLRP9
NUP98 (4928)_damaging,0,0.00035788084520057466,583.4,318.1961659102762,0.0,damaging,NUP98
B2M (567)_damaging,0,0.0002680131937861991,583.6,235.89044067108782,0.0,damaging,B2M
MRC2 (9902)_damaging,0,0.000315945038883775,584.25,354.2187412696661,0.0,damaging,MRC2
LMTK3 (114783)_damaging,0,0.00023849877727861232,584.4,139.37646860212809,0.0,damaging,LMTK3
SIPA1L2 (57568)_damaging,0,0.00028593539435332817,585.75,243.61496259466495,0.0,damaging,SIPA1L2
ABCA4 (24)_damaging,0,0.0002230339714077111,586.5,341.5325753131024,0.0,damaging,ABCA4
CD36 (948)_damaging,0,0.0002322939926476,586.8,96.7842962468602,0.0,damaging,CD36
LAMA2 (3908)_damaging,0,0.0002854183453524,586.8,292.068827504751,0.0,damaging,LAMA2
NCOA6 (23054)_damaging,0,0.000258850296572097,586.8,263.6308024491827,0.0,damaging,NCOA6
ZAN (7455)_damaging,0,0.00030354116529030184,586.8,379.0418182733932,0.0,damaging,ZAN
ATRNL1 (26033)_damaging,0,0.00024104620582882002,587.0,164.78925935873372,0.0,damaging,ATRNL1
SPTAN1 (6709)_damaging,0,0.00033112328592666,587.4,342.48401422548176,0.0,damaging,SPTAN1
MUTYH (4595)_damaging,0,0.0003143597608356779,587.8,388.4716205850821,0.0,damaging,MUTYH
COL11A2 (1302)_damaging,0,0.0003205123517286827,588.0,299.6097461699135,0.0,damaging,COL11A2
ANKRD11 (29123)_damaging,0,0.0003202812158050566,588.4,314.1962762350948,0.0,damaging,ANKRD11
GTF3C1 (2975)_damaging,0,0.0002669301073696253,588.8,281.9019333030549,0.0,damaging,GTF3C1
SPAG17 (200162)_damaging,0,0.0002601823639536537,589.0,186.09809241365156,0.0,damaging,SPAG17
MAP2 (4133)_damaging,0,0.00023134931142146,590.0,111.97097838279346,0.0,damaging,MAP2
COL6A5 (256076)_damaging,0,0.00026214650764607735,590.6,261.24088500845346,0.0,damaging,COL6A5
CHD8 (57680)_damaging,0,0.00028129774876595995,591.8,309.9019199682377,0.0,damaging,CHD8
ABCA8 (10351)_damaging,0,0.0003098145907909899,592.2,388.69165156972434,0.0,damaging,ABCA8
VCAN (1462)_damaging,0,0.0002703934262298934,592.2,223.3130090254484,0.0,damaging,VCAN
ANO3 (63982)_damaging,0,0.00019120604754613334,593.0,122.04917041913886,0.0,damaging,ANO3
EGF (1950)_damaging,0,0.0001629427357992,594.0,,0.0,damaging,EGF
NUGGC (389643)_damaging,0,0.00029371668553412,594.2,313.6912494794842,0.0,damaging,NUGGC
TNNI3K (51086)_damaging,0,0.0002037829573934,597.0,,0.0,damaging,TNNI3K
ATP8B1 (5205)_damaging,0,0.000263783738736,598.5,53.033008588991066,0.0,damaging,ATP8B1
USP34 (9736)_damaging,0,0.0002306893492471161,598.8,146.87818081662095,0.0,damaging,USP34
NUP210 (23225)_damaging,0,0.00028699130839735,599.0,1.4142135623730951,0.0,damaging,NUP210
FN1 (2335)_damaging,0,0.00047268603665708025,599.2,512.964618662925,0.0,damaging,FN1
PTPRC (5788)_damaging,0,0.0003846319222869223,600.4,444.7823063027575,0.0,damaging,PTPRC
GPR155 (151556)_damaging,0,0.0003331165352911333,602.0,406.4431079499319,0.0,damaging,GPR155
ANKRD31 (256006)_damaging,0,0.00028080629223443997,602.2,302.11868528775244,0.0,damaging,ANKRD31
NYNRIN (57523)_damaging,0,0.0003076082785831859,602.4,317.862863511924,0.0,damaging,NYNRIN
SPAG6 (9576)_damaging,0,0.000370826935217,603.0,,0.0,damaging,SPAG6
DPP10 (57628)_damaging,0,0.000232905517067054,603.2,147.85533470253955,0.0,damaging,DPP10
TBC1D32 (221322)_damaging,0,0.0002566422521366943,604.2,356.7887330059625,0.0,damaging,TBC1D32
AMER1 (139285)_damaging,0,0.00023387695282688,604.6,213.79265656238056,0.0,damaging,AMER1
PRR14L (253143)_damaging,0,0.0002802441469271246,604.75,246.577067060179,0.0,damaging,PRR14L
CCDC9B (388115)_damaging,0,0.0002662837199335,605.0,67.88225099390856,0.0,damaging,CCDC9B
KIF1A (547)_damaging,0,0.00022960272129828003,605.6,111.70183525797596,0.0,damaging,KIF1A
POLQ (10721)_damaging,0,0.00028801017492574,605.6,317.7495869391493,0.0,damaging,POLQ
ATP2B1 (490)_damaging,0,0.0001979498224794,606.0,,0.0,damaging,ATP2B1
AFDN (4301)_damaging,0,0.00023817007476030833,606.8,187.76501271536185,0.0,damaging,AFDN
ALMS1 (7840)_damaging,0,0.00028842293712283163,606.8,293.7800197426639,0.0,damaging,ALMS1
UGGT2 (55757)_damaging,0,0.0001970190519627,608.0,,0.0,damaging,UGGT2
ROCK1 (6093)_damaging,0,0.0002210584281789,610.0,155.05160431288675,0.0,damaging,ROCK1
RBM10 (8241)_damaging,0,0.00023646635481647498,610.75,175.13875451576482,0.0,damaging,RBM10
CUX1 (1523)_damaging,0,0.0002219482882779,610.8,162.5567593180917,0.0,damaging,CUX1
AK9 (221264)_damaging,0,0.00026339909098939895,611.2,238.6539335523301,0.0,damaging,AK9
OVCH1 (341350)_damaging,0,0.00026960669908307976,611.2,388.61896505446055,0.0,damaging,OVCH1
ZNF236 (7776)_damaging,0,0.00034808771593314834,611.4,370.3056845364381,0.0,damaging,ZNF236
SETX (23064)_damaging,0,0.00026305581238812,612.6,321.6501204725408,0.0,damaging,SETX
GUCY2F (2986)_damaging,0,0.00020268048579996954,613.5,263.75082938258225,0.0,damaging,GUCY2F
CCDC88A (55704)_damaging,0,0.00025583315537354,615.2,316.64443781629893,0.0,damaging,CCDC88A
ITSN1 (6453)_damaging,0,0.00022964264371332183,615.6,176.83127551425963,0.0,damaging,ITSN1
LAMA3 (3909)_damaging,0,0.00024148265611865716,617.75,201.4073401509157,0.0,damaging,LAMA3
ALK (238)_damaging,0,0.0002452296477193581,617.8,253.2097944393147,0.0,damaging,ALK
CACNA1B (774)_damaging,0,0.00023764423230805007,619.0,280.58629094570296,0.0,damaging,CACNA1B
ZNF407 (55628)_damaging,0,0.0001596810037797,619.0,,0.0,damaging,ZNF407
ACACB (32)_damaging,0,0.0003487185736968458,621.6,420.2889482249087,0.0,damaging,ACACB
FAT4 (79633)_damaging,0,0.00029100352746553015,622.6,385.586955173538,0.0,damaging,FAT4
LTN1 (26046)_damaging,0,0.0002086238582552,623.6,84.88403854671382,0.0,damaging,LTN1
BRWD1 (54014)_damaging,0,0.0002661561473472263,623.8,322.074059806126,0.0,damaging,BRWD1
FCRL5 (83416)_damaging,0,0.00023704567554104998,624.25,238.98727302236549,0.0,damaging,FCRL5
KCNH4 (23415)_damaging,0,0.00025200794158668915,624.75,219.9657170257826,0.0,damaging,KCNH4
ABCB4 (5244)_damaging,0,0.00024225480421844224,625.0,221.61114592908,0.0,damaging,ABCB4
MLH1 (4292)_damaging,0,0.00032017778031176637,625.8,354.2572511607913,0.0,damaging,MLH1
LOXL2 (4017)_damaging,0,0.0001866289598098,626.0,,0.0,damaging,LOXL2
LINC02714 (729305)_damaging,0,0.0002432748246769039,626.4,282.1804387267126,0.0,damaging,LINC02714
SCN9A (6335)_damaging,0,0.00022706616284002,626.4,291.4554854518954,0.0,damaging,SCN9A
FBN1 (2200)_damaging,0,0.00024336158176880697,626.6,255.44529747090667,0.0,damaging,FBN1
BCL9L (283149)_damaging,0,0.00021703617803694894,627.0,179.49373248110922,0.0,damaging,BCL9L
KIAA0825 (285600)_damaging,0,0.00026913268122925004,627.5,13.435028842544403,0.0,damaging,KIAA0825
NCKAP5 (344148)_damaging,0,0.00021731808463732,627.8,190.23327784591214,0.0,damaging,NCKAP5
GPC2 (221914)_damaging,0,0.0003540152551761,629.0,,0.0,damaging,GPC2
CACNA1A (773)_damaging,0,0.0003469800292065796,630.0,414.5557863545026,0.0,damaging,CACNA1A
ARHGEF1 (9138)_damaging,0,0.0002213730588501333,630.6666666666666,142.93471703310337,0.0,damaging,ARHGEF1
LZTR1 (8216)_damaging,0,0.00024729745497387997,631.6,269.61324151458143,0.0,damaging,LZTR1
LHCGR (3973)_damaging,0,0.000144475522164,632.0,,0.0,damaging,LHCGR
SCN4A (6329)_damaging,0,0.00025520570704997997,632.2,296.4889542630551,0.0,damaging,SCN4A
TTC6 (319089)_damaging,0,0.00020557118520586,632.2,102.57533816663731,0.0,damaging,TTC6
AXDND1 (126859)_damaging,0,0.0004518024675486187,632.6,388.34237471591996,0.0,damaging,AXDND1
UTP20 (27340)_damaging,0,0.00023374852410110316,633.2,210.34424166113985,0.0,damaging,UTP20
DMXL2 (23312)_damaging,0,0.0002627443542882172,633.4,263.4621414928528,0.0,damaging,DMXL2
AHNAK (79026)_damaging,0,0.00024803595280338574,634.2,325.7417688906352,0.0,damaging,AHNAK
ARSK (153642)_damaging,0,0.00032132349877688404,635.0,356.46668848575456,0.0,damaging,ARSK
PTPRN (5798)_damaging,0,0.0001436511558647,635.0,,0.0,damaging,PTPRN
PARD3B (117583)_damaging,0,0.0001610278996721,635.3333333333334,86.86387818497016,0.0,damaging,PARD3B
DACH2 (117154)_damaging,0,0.0001490400667882,636.0,,0.0,damaging,DACH2
LRP4 (4038)_damaging,0,0.00029794531255179514,637.6,390.79572669106807,0.0,damaging,LRP4
TNS1 (7145)_damaging,0,0.00016094282985986666,637.6666666666666,77.59080701560808,0.0,damaging,TNS1
RGS22 (26166)_damaging,0,0.00024295662324836,638.2,296.4948566164344,0.0,damaging,RGS22
SVIL (6840)_damaging,0,0.00034681441324303997,638.2,443.2366185233346,0.0,damaging,SVIL
HELZ2 (85441)_damaging,0,0.0002163718176704,638.4,213.80084190666793,0.0,damaging,HELZ2
GLG1 (2734)_damaging,0,0.0002611845574320953,639.6666666666666,274.527472820724,0.0,damaging,GLG1
SUZ12 (23512)_damaging,0,0.0003350044200227,641.0,447.65723494656044,0.0,damaging,SUZ12
RIF1 (55183)_damaging,0,0.00028826981738927287,641.2,349.2580707728885,0.0,damaging,RIF1
CPEB2 (132864)_damaging,0,0.0002945178123588,641.6666666666666,405.7466368724864,0.0,damaging,CPEB2
CFAP210 (129881)_damaging,0,0.0001553260841874,642.0,94.75230867899737,0.0,damaging,CFAP210
RP1L1 (94137)_damaging,0,0.000261084596722834,642.0,289.6118091514916,0.0,damaging,RP1L1
PEG3 (5178)_damaging,0,0.00023865160051601998,642.6,284.07886229003384,0.0,damaging,PEG3
KANSL1 (284058)_damaging,0,0.00025813309583221534,643.0,326.0575102646771,0.0,damaging,KANSL1
COL4A5 (1287)_damaging,0,0.00023578111303146766,644.4,378.0916555545758,0.0,damaging,COL4A5
SMG1 (23049)_damaging,0,0.00019040220497338267,646.0,241.09126902482387,0.0,damaging,SMG1
OTOG (340990)_damaging,0,0.00022968854345093158,647.6,255.76512662988284,0.0,damaging,OTOG
ADAMTS3 (9508)_damaging,0,0.00023736085189550964,649.25,226.4293488044339,0.0,damaging,ADAMTS3
MECOM (2122)_damaging,0,0.00029239498351316047,649.8,334.5604579145599,0.0,damaging,MECOM
DCDC1 (341019)_damaging,0,0.0002520807798118897,650.5,282.89043815583443,0.0,damaging,DCDC1
AGRN (375790)_damaging,0,0.00019160226473165543,650.75,290.0820286286852,0.0,damaging,AGRN
CCDC178 (374864)_damaging,0,0.00027033360668720003,651.0,322.88388005597307,0.0,damaging,CCDC178
CDH8 (1006)_damaging,0,0.00022183317510741568,651.0,205.31601658581502,0.0,damaging,CDH8
STAT5B (6777)_damaging,0,0.0002709570901866,652.0,371.16483310428714,0.0,damaging,STAT5B
LRRIQ1 (84125)_damaging,0,0.00022791327713583267,653.0,299.74405748905184,0.0,damaging,LRRIQ1
PTPRS (5802)_damaging,0,0.00028866906069379154,653.4,336.7466406662433,0.0,damaging,PTPRS
LRGUK (136332)_damaging,0,0.0001539723042022632,653.5,157.6848122046001,0.0,damaging,LRGUK
IPO7 (10527)_damaging,0,0.000316866685150339,653.75,496.58257118026205,0.0,damaging,IPO7
CDH11 (1009)_damaging,0,0.00015970418324565638,654.6666666666666,158.08963702068942,0.0,damaging,CDH11
CHL1 (10752)_damaging,0,0.00025027622180963334,654.6666666666666,408.6188117712317,0.0,damaging,CHL1
HLA-C (3107)_damaging,0,0.000238003034464548,655.0,284.0677736034132,0.0,damaging,HLA-C
SORCS1 (114815)_damaging,0,0.0002104931918171486,655.3333333333334,89.3662874541252,0.0,damaging,SORCS1
ROBO1 (6091)_damaging,0,0.00025089070406976216,656.6,268.46843389866154,0.0,damaging,ROBO1
NHS (4810)_damaging,0,0.00021422965011494817,658.0,175.2170083068422,0.0,damaging,NHS
ANKRD26 (22852)_damaging,0,0.0002650113237704368,658.8,363.0656965343876,0.0,damaging,ANKRD26
CARMIL3 (90668)_damaging,0,0.000246886392173975,659.25,344.61705800303423,0.0,damaging,CARMIL3
DIAPH2 (1730)_damaging,0,0.00020761626402686,659.4,279.6512113329746,0.0,damaging,DIAPH2
ARMC3 (219681)_damaging,0,0.000236169871463425,659.5,304.18689430458153,0.0,damaging,ARMC3
NHSL1 (57224)_damaging,0,0.0002528948879546,660.0,142.8355697996826,0.0,damaging,NHSL1
UNC93B7 (100887746)_damaging,0,0.00020525603241755,660.25,171.76801215593082,0.0,damaging,UNC93B7
CPXM2 (119587)_damaging,0,0.000133232130918,661.0,,0.0,damaging,CPXM2
MYRF (745)_damaging,0,0.00015320699186180002,661.0,100.40916292848975,0.0,damaging,MYRF
COL15A1 (1306)_damaging,0,0.00023614361709374917,662.0,283.3663706229093,0.0,damaging,COL15A1
AKAP6 (9472)_damaging,0,0.0002125336271205416,662.4,219.10225923070718,0.0,damaging,AKAP6
CTNNA3 (29119)_damaging,0,0.00015207938608783334,663.0,68.69497798238238,0.0,damaging,CTNNA3
CAPN12 (147968)_damaging,0,0.00017288105173257943,663.3333333333334,208.66560170122273,0.0,damaging,CAPN12
GRIN2D (2906)_damaging,0,0.00022614233728728646,663.5,437.6990975544729,0.0,damaging,GRIN2D
MYOM2 (9172)_damaging,0,0.0001688377441374,664.0,,0.0,damaging,MYOM2
ALS2 (57679)_damaging,0,0.0003260877712845,666.0,,0.0,damaging,ALS2
GCN1 (10985)_damaging,0,0.00023296131885185001,668.0,49.49747468305833,0.0,damaging,GCN1
TCF20 (6942)_damaging,0,0.00025810639303708,669.2,320.80009351619583,0.0,damaging,TCF20
GSE1 (23199)_damaging,0,0.00018016442021680842,669.3333333333334,279.1582585798481,0.0,damaging,GSE1
ABCA10 (10349)_damaging,0,0.00020792843144925237,669.4,215.7482329012222,0.0,damaging,ABCA10
KLHL41 (10324)_damaging,0,0.0003854015784034667,669.6666666666666,474.3514871203983,0.0,damaging,KLHL41
ETV6 (2120)_damaging,0,0.0001300557479369,671.0,,0.0,damaging,ETV6
TAF1L (138474)_damaging,0,0.00014574214624562417,672.3333333333334,141.95891424399292,0.0,damaging,TAF1L
CWF19L2 (143884)_damaging,0,0.0001418821208137,673.0,,0.0,damaging,CWF19L2
IQGAP3 (128239)_damaging,0,0.00019198548696502835,673.2,148.76054584465598,0.0,damaging,IQGAP3
CRAMP1 (57585)_damaging,0,0.00024262168909807688,674.0,246.51876196346598,0.0,damaging,CRAMP1
FES (2242)_damaging,0,0.00024740159784183155,674.4,358.0646589653885,0.0,damaging,FES
ADGRG4 (139378)_damaging,0,0.00017914724491822,675.2,79.53112598222158,0.0,damaging,ADGRG4
PKD1 (5310)_damaging,0,0.00019787484147002003,675.4,244.33849471583474,0.0,damaging,PKD1
WNK1 (65125)_damaging,0,0.00020837993955050995,675.5,212.39036387432148,0.0,damaging,WNK1
BRSK1 (84446)_damaging,0,0.0002520087194461349,675.6,357.8746987424509,0.0,damaging,BRSK1
MXRA5 (25878)_damaging,0,0.00021618107000732537,675.8,264.7606466225674,0.0,damaging,MXRA5
ASPM (259266)_damaging,0,0.00019255357992490311,676.6,158.78853862920963,0.0,damaging,ASPM
CAMSAP3 (57662)_damaging,0,0.0002149968771247474,676.6,262.9606434430826,0.0,damaging,CAMSAP3
ARHGAP33 (115703)_damaging,0,0.0001280245413434,677.0,,0.0,damaging,ARHGAP33
FANCG (2189)_damaging,0,0.0002019237237638,677.25,250.9108407382989,0.0,damaging,FANCG
KLHL1 (57626)_damaging,0,0.0001997438746995,678.0,214.55690775798075,0.0,damaging,KLHL1
MYO1B (4430)_damaging,0,0.00022922753257830002,678.0,67.88225099390856,0.0,damaging,MYO1B
GPR179 (440435)_damaging,0,0.00023491122875828784,678.4,258.33466666322585,0.0,damaging,GPR179
ELF3 (1999)_damaging,0,0.00019395467411593333,679.3333333333334,85.00784277543653,0.0,damaging,ELF3
VWF (7450)_damaging,0,0.0002453267107415065,679.6,321.4775264306978,0.0,damaging,VWF
SNAPC4 (6621)_damaging,0,0.0001588198626448,680.0,,0.0,damaging,SNAPC4
MYO5B (4645)_damaging,0,0.00025564345426026667,681.3333333333334,368.2883833809224,0.0,damaging,MYO5B
USP28 (57646)_damaging,0,0.00017822162334771204,681.4,128.89065132894626,0.0,damaging,USP28
WDR5 (11091)_damaging,0,0.00023047137018775,681.5,330.4638154674931,0.0,damaging,WDR5
ADAMTSL3 (57188)_damaging,0,0.00024830485276760477,681.6,293.80656902118443,0.0,damaging,ADAMTSL3
GRM7 (2917)_damaging,0,0.00020259262303431487,683.2,280.34389595637714,0.0,damaging,GRM7
MYO16 (23026)_damaging,0,0.00019183966844876,683.6,242.99341554865228,0.0,damaging,MYO16
MMS22L (253714)_damaging,0,0.0001967356564251691,684.4,291.10530740610005,0.0,damaging,MMS22L
RHOA (387)_damaging,0,0.00021060417645102657,685.5,353.53594819574806,0.0,damaging,RHOA
HDAC4 (9759)_damaging,0,0.00018602928202549954,686.2,145.23326065333657,0.0,damaging,HDAC4
HPS3 (84343)_damaging,0,0.00015481752211572117,686.25,169.97916538995793,0.0,damaging,HPS3
GALNT13 (114805)_damaging,0,0.0001381764926005,687.0,168.2914139223983,0.0,damaging,GALNT13
ZNF521 (25925)_damaging,0,0.00021998857637926667,687.6666666666666,315.93723005263774,0.0,damaging,ZNF521
UNKL (64718)_damaging,0,0.00020474736123318233,687.8,244.48149214204338,0.0,damaging,UNKL
COL22A1 (169044)_damaging,0,0.00021592619812024378,689.0,251.73696589893189,0.0,damaging,COL22A1
AOC1 (26)_damaging,0,0.0001343952421136,690.0,,0.0,damaging,AOC1
SMCHD1 (23347)_damaging,0,0.00021072077777747498,690.0,272.2544765472186,0.0,damaging,SMCHD1
C2CD3 (26005)_damaging,0,0.00018386294629886741,690.8,196.49096671348534,0.0,damaging,C2CD3
EPB41L3 (23136)_damaging,0,0.00021153097012591832,691.0,288.5307609250702,0.0,damaging,EPB41L3
DHX38 (9785)_damaging,0,0.00048609054178888204,691.2,493.2476051639785,0.0,damaging,DHX38
ADAMTS18 (170692)_damaging,0,0.00013545440278998506,691.5,177.48380207782344,0.0,damaging,ADAMTS18
APC2 (10297)_damaging,0,0.0001530749950327,692.0,,0.0,damaging,APC2
ARID4B (51742)_damaging,0,0.00017821936088878,692.4,232.0049568435985,0.0,damaging,ARID4B
FASTKD5 (60493)_damaging,0,0.0002523132216841194,692.4,410.341686890328,0.0,damaging,FASTKD5
CNTN6 (27255)_damaging,0,0.00018209641854286706,692.6,169.86700680238056,0.0,damaging,CNTN6
KDM4B (23030)_damaging,0,0.0002502367108831294,692.6,379.9352576426673,0.0,damaging,KDM4B
ARID4A (5926)_damaging,0,0.0003041778153409,692.8,407.3686291309138,0.0,damaging,ARID4A
DLG5 (9231)_damaging,0,0.00016582215123754239,693.0,261.5702582481426,0.0,damaging,DLG5
UBR4 (23352)_damaging,0,0.00017850037883004264,693.0,178.81414932829,0.0,damaging,UBR4
ZNF99 (7652)_damaging,0,0.0001327603886481,693.0,,0.0,damaging,ZNF99
SCN3A (6328)_damaging,0,0.00021519087402718052,693.6,251.49314105955256,0.0,damaging,SCN3A
ZNF331 (55422)_damaging,0,0.0001193052196076,694.0,,0.0,damaging,ZNF331
MAP1A (4130)_damaging,0,0.00020969113163504753,694.8,272.29157166537493,0.0,damaging,MAP1A
KCNG2 (26251)_damaging,0,0.00017977245401713807,695.0,194.06957515283017,0.0,damaging,KCNG2
LCOR (84458)_damaging,0,0.000148074855510232,695.0,226.87588383666224,0.0,damaging,LCOR
PZP (5858)_damaging,0,0.00016770134755908432,695.0,333.75440072005046,0.0,damaging,PZP
PIK3C2B (5287)_damaging,0,0.0004068497672280127,695.2,363.7549999656362,0.0,damaging,PIK3C2B
ZNF316 (100131017)_damaging,0,0.0001263614085759,696.0,,0.0,damaging,ZNF316
NRXN1 (9378)_damaging,0,0.0002535891211107835,696.6,350.4786726749575,0.0,damaging,NRXN1
TSC1 (7248)_damaging,0,0.0003649601094811831,696.6666666666666,479.05879945298295,0.0,damaging,TSC1
MPHOSPH9 (10198)_damaging,0,0.0001513944259617,698.0,,0.0,damaging,MPHOSPH9
ZNF469 (84627)_damaging,0,0.00019890077081588,699.0,285.0008771916325,0.0,damaging,ZNF469
UBE3C (9690)_damaging,0,0.00022498715316536305,699.6666666666666,252.54174572401556,0.0,damaging,UBE3C
ATG2B (55102)_damaging,0,0.00017548677113281787,700.0,146.70889543582558,0.0,damaging,ATG2B
NLRP8 (126205)_damaging,0,0.0003096929675489,700.0,,0.0,damaging,NLRP8
F8 (2157)_damaging,0,0.00017591998499987243,700.6,226.50673279176493,0.0,damaging,F8
WNK2 (65268)_damaging,0,0.00019789200424014615,702.2,217.87312821915418,0.0,damaging,WNK2
PKP3 (11187)_damaging,0,0.00018780386178135982,703.4,280.46621899972195,0.0,damaging,PKP3
ANK1 (286)_damaging,0,0.00022543483711083478,704.0,281.1405342528892,0.0,damaging,ANK1
YLPM1 (56252)_damaging,0,0.0001942780376891794,704.0,334.2431749490182,0.0,damaging,YLPM1
DNM2 (1785)_damaging,0,0.0001607616870004,704.75,292.33471113320314,0.0,damaging,DNM2
LYST (1130)_damaging,0,0.00016973458670137086,705.0,102.11757928975793,0.0,damaging,LYST
SLC9C2 (284525)_damaging,0,0.0001152293571766,705.0,,0.0,damaging,SLC9C2
UNC13C (440279)_damaging,0,0.0001910671788795332,705.2,339.6265596210049,0.0,damaging,UNC13C
TPTE (7179)_damaging,0,0.00017216570395215617,705.6,100.05398542786787,0.0,damaging,TPTE
GLI3 (2737)_damaging,0,0.0002050688139051924,706.0,324.61438661895437,0.0,damaging,GLI3
LARP1 (23367)_damaging,0,0.00019387081221345395,706.0,270.4320617086665,0.0,damaging,LARP1
SCN1A (6323)_damaging,0,0.00020509046307934324,706.0,315.8211519198801,0.0,damaging,SCN1A
AKAP13 (11214)_damaging,0,0.0002385945260238924,706.25,312.03031369831143,0.0,damaging,AKAP13
ACACA (31)_damaging,0,0.00017394118748684999,707.5,123.40853563131954,0.0,damaging,ACACA
PCNX1 (22990)_damaging,0,0.00021143746395787256,707.6,376.916171051336,0.0,damaging,PCNX1
ZNF638 (27332)_damaging,0,0.00022129473218133883,707.8,316.1774818041285,0.0,damaging,ZNF638
PIWIL1 (9271)_damaging,0,0.0003058737089914,710.0,,0.0,damaging,PIWIL1
DNA2 (1763)_damaging,0,0.00019271184788223331,711.6666666666666,121.63195851968072,0.0,damaging,DNA2
JARID2 (3720)_damaging,0,0.00018849814080780617,711.8,196.34077518437175,0.0,damaging,JARID2
CDK12 (51755)_damaging,0,0.0001186868433728,712.0,,0.0,damaging,CDK12
NALCN (259232)_damaging,0,0.00020445502225261303,712.8,340.56306317626405,0.0,damaging,NALCN
SORL1 (6653)_damaging,0,0.00018784549272390447,713.0,205.38743875904387,0.0,damaging,SORL1
KCNB1 (3745)_damaging,0,0.000202335502743075,713.25,294.72515445184973,0.0,damaging,KCNB1
GAK (2580)_damaging,0,0.0001246674255731,714.0,,0.0,damaging,GAK
INPPL1 (3636)_damaging,0,0.0001834739893345094,715.0,214.62176031334755,0.0,damaging,INPPL1
LARS2 (23395)_damaging,0,0.0003030810917093,715.0,,0.0,damaging,LARS2
TNXB (7148)_damaging,0,0.00020474390303704053,715.6,322.2255421284911,0.0,damaging,TNXB
FAM47B (170062)_damaging,0,0.00013103958212987935,716.5,67.17514421272202,0.0,damaging,FAM47B
PXDN (7837)_damaging,0,0.00020429315314608563,717.25,297.5336115466621,0.0,damaging,PXDN
LRFN2 (57497)_damaging,0,0.0001375303339783,718.0,,0.0,damaging,LRFN2
BMPR2 (659)_damaging,0,0.00018118081403242103,718.8,349.2358801726993,0.0,damaging,BMPR2
CRACD (57482)_damaging,0,0.00017165358439364366,719.0,87.85594269408682,0.0,damaging,CRACD
DOCK7 (85440)_damaging,0,0.00018288147059193643,720.8,195.86525980887984,0.0,damaging,DOCK7
KLHDC7B (113730)_damaging,0,0.0001051536724166,721.0,,0.0,damaging,KLHDC7B
BEND4 (389206)_damaging,0,0.00019772516786329062,721.25,303.8183393630696,0.0,damaging,BEND4
ARID3B (10620)_damaging,0,0.00012370422458412035,721.5,103.51650432016464,0.0,damaging,ARID3B
PTPRD (5789)_damaging,0,0.00016467491498339918,721.6,151.38460952157587,0.0,damaging,PTPRD
ADAM28 (10863)_damaging,0,0.0002983377828982,722.0,,0.0,damaging,ADAM28
ARHGEF12 (23365)_damaging,0,0.00022823286110001335,722.0,386.72600119464425,0.0,damaging,ARHGEF12
CCDC18 (343099)_damaging,0,0.00015726012732721642,722.5,316.07673119038674,0.0,damaging,CCDC18
ASAP1 (50807)_damaging,0,0.00017231577746389804,723.0,400.2224381515859,0.0,damaging,ASAP1
GPRC6A (222545)_damaging,0,0.00019605922137946158,723.0,220.7056863789422,0.0,damaging,GPRC6A
BRWD3 (254065)_damaging,0,0.00016968484182650423,723.4,259.3468719687978,0.0,damaging,BRWD3
RIMBP2 (23504)_damaging,0,0.00022444268292747538,723.6,369.93756229936963,0.0,damaging,RIMBP2
NBN (4683)_damaging,0,0.00021473007443201957,723.6666666666666,280.35037601782045,0.0,damaging,NBN
RAPGEF6 (51735)_damaging,0,0.00017885138903988852,725.0,434.16356364854016,0.0,damaging,RAPGEF6
GRIA4 (2893)_damaging,0,0.0001185297911396,726.0,,0.0,damaging,GRIA4
COL4A2 (1284)_damaging,0,0.00018748656422229952,727.2,318.3091264792764,0.0,damaging,COL4A2
MEI1 (150365)_damaging,0,0.0002027099729958009,727.75,285.55603653223653,0.0,damaging,MEI1
HIVEP2 (3097)_damaging,0,0.00019190926365558668,728.8,305.08228398253476,0.0,damaging,HIVEP2
PLEKHA7 (144100)_damaging,0,0.00017889710154095107,729.25,183.27824930052847,0.0,damaging,PLEKHA7
FAAH (2166)_damaging,0,0.0001808858096004,730.4,299.5409821710545,0.0,damaging,FAAH
MAP2K7 (5609)_damaging,0,0.00010891448482885,730.5,19.091883092036785,0.0,damaging,MAP2K7
ABI3BP (25890)_damaging,0,0.00016126895673682,730.8,205.29661468226894,0.0,damaging,ABI3BP
CEP162 (22832)_damaging,0,0.00013423323198364474,731.25,206.98047411933973,0.0,damaging,CEP162
SALL1 (6299)_damaging,0,0.00018594411148650742,731.4,283.4074804940759,0.0,damaging,SALL1
ZNF318 (24149)_damaging,0,0.00020289978154607998,731.4,347.21146294441377,0.0,damaging,ZNF318
ADAMTS6 (11174)_damaging,0,0.0001105049079239,732.0,,0.0,damaging,ADAMTS6
ADAMTSL2 (9719)_damaging,0,0.00016942042477151206,732.4,198.5744192991635,0.0,damaging,ADAMTSL2
HRAS (3265)_hotspot,0,0.00017796330986887186,734.0,310.074184671991,0.0,hotspot,HRAS
TTF2 (8458)_damaging,0,0.0001099243573963,734.0,,0.0,damaging,TTF2
HNF1A (6927)_damaging,0,0.0001641885807870084,735.2,206.0563029853734,0.0,damaging,HNF1A
SCN11A (11280)_damaging,0,0.00015833284879341475,735.4,271.6437004607322,0.0,damaging,SCN11A
ATXN7 (6314)_damaging,0,0.00016059925765923638,737.0,210.76645843207595,0.0,damaging,ATXN7
GRAMD1B (57476)_damaging,0,0.0001090580794588,737.0,,0.0,damaging,GRAMD1B
ARFGEF3 (57221)_damaging,0,0.00016459714950750002,737.25,268.4863435384874,0.0,damaging,ARFGEF3
PCDHB4 (56131)_damaging,0,0.00021154515544165864,738.3333333333334,513.4367861123055,0.0,damaging,PCDHB4
FMN1 (342184)_damaging,0,0.00015576723019416686,738.4,175.44742802332556,0.0,damaging,FMN1
EML6 (400954)_damaging,0,0.00022707017675769998,739.4,407.1311827900192,0.0,damaging,EML6
TRIB3 (57761)_damaging,0,0.0002097267706679,739.5,43.1335136523794,0.0,damaging,TRIB3
OBSL1 (23363)_damaging,0,0.00020341496842582644,740.3333333333334,241.00276623585327,0.0,damaging,OBSL1
COL1A1 (1277)_damaging,0,0.00020188889754748949,740.6,344.98884039922217,0.0,damaging,COL1A1
TENM3 (55714)_damaging,0,0.00015963003283594123,742.2,223.52561374482346,0.0,damaging,TENM3
ERBB2 (2064)_hotspot,0,0.00015820972189905,743.0,293.2746153351838,0.0,hotspot,ERBB2
HIPK3 (10114)_damaging,0,0.0002203626463073505,744.0,226.27416997969522,0.0,damaging,HIPK3
TRPM1 (4308)_damaging,0,0.00018737685020827705,744.0,343.44868612356055,0.0,damaging,TRPM1
FANCM (57697)_damaging,0,0.00018369125970436393,744.6,335.6349207099881,0.0,damaging,FANCM
CTNND1 (1500)_damaging,0,0.00017664342690048334,747.0,312.47319885071744,0.0,damaging,CTNND1
NAA15 (80155)_damaging,0,0.00011452139652136655,748.0,126.69254121691615,0.0,damaging,NAA15
MYO10 (4651)_damaging,0,0.00021743358099170858,749.0,219.20310216782974,0.0,damaging,MYO10
ITSN2 (50618)_damaging,0,0.0001653342394838152,749.4,242.8812467029927,0.0,damaging,ITSN2
KCNQ1 (3784)_damaging,0,0.00012805956751280002,749.5,254.72926804747036,0.0,damaging,KCNQ1
RALGAPA2 (57186)_damaging,0,0.0001666546248513742,749.5,177.31610191970722,0.0,damaging,RALGAPA2
BDP1 (55814)_damaging,0,0.00016956245620736166,749.8,218.91482361868506,0.0,damaging,BDP1
CPAMD8 (27151)_damaging,0,0.00018632396975536,749.8,315.90299143882766,0.0,damaging,CPAMD8
SNHG14 (104472715)_damaging,0,0.000101588818649,750.0,,0.0,damaging,SNHG14
COL2A1 (1280)_damaging,0,0.00025139906289416397,750.2,351.29005109738017,0.0,damaging,COL2A1
WIZ (58525)_damaging,0,0.00020364103268623914,750.4,323.008978203393,0.0,damaging,WIZ
GPS2 (2874)_damaging,0,0.00019711604539045,750.5,229.80970388562795,0.0,damaging,GPS2
ERICH6B (220081)_damaging,0,0.0001009754568869,751.0,,0.0,damaging,ERICH6B
ZEB2 (9839)_damaging,0,0.0001743662514630873,751.75,195.36013752383911,0.0,damaging,ZEB2
KIF26B (55083)_damaging,0,0.00015053648821491207,751.8,134.7356671412585,0.0,damaging,KIF26B
MUC22 (100507679)_damaging,0,0.000105851291135,752.0,,0.0,damaging,MUC22
INO80 (54617)_damaging,0,0.00011208685783526247,752.75,137.8026971192267,0.0,damaging,INO80
PCNT (5116)_damaging,0,0.00016489610600278,753.4,284.76709781855067,0.0,damaging,PCNT
CCDC73 (493860)_damaging,0,0.00018969791247968172,753.6,284.16949167706235,0.0,damaging,CCDC73
KIF21A (55605)_damaging,0,0.00015076984700163694,754.0,196.80955261368794,0.0,damaging,KIF21A
PLXNB1 (5364)_damaging,0,0.00015205001844724976,754.0,162.6161123628283,0.0,damaging,PLXNB1
LRRK1 (79705)_damaging,0,0.00018703075004714,754.8,345.3703808956408,0.0,damaging,LRRK1
WDFY4 (57705)_damaging,0,0.00016574105704297243,755.4,265.26929713029364,0.0,damaging,WDFY4
SLC3A2 (6520)_damaging,0,0.00021329023150058488,756.0,368.5873935265104,0.0,damaging,SLC3A2
NKTR (4820)_damaging,0,9.238336106498916e-05,757.0,,0.0,damaging,NKTR
THADA (63892)_damaging,0,0.00017277850955492352,757.4,278.58266277713693,0.0,damaging,THADA
BLTP3B (23074)_damaging,0,0.00021686864090458667,758.2,453.51262385957904,0.0,damaging,BLTP3B
NCOR2 (9612)_damaging,0,0.00017166297850185465,758.2,250.32718589877527,0.0,damaging,NCOR2
MLH3 (27030)_damaging,0,0.0001457236146417196,758.6,119.67790105111301,0.0,damaging,MLH3
RGL1 (23179)_damaging,0,0.00015868183967096,759.8,236.52843380870723,0.0,damaging,RGL1
CFTR (1080)_damaging,0,0.00021191145852305,760.25,433.88506542631774,0.0,damaging,CFTR
EPHA5 (2044)_damaging,0,0.00017934291509286,760.6,309.63979072464184,0.0,damaging,EPHA5
FER1L6 (654463)_damaging,0,0.00015727883486290467,761.2,231.9821113793044,0.0,damaging,FER1L6
GIGYF1 (64599)_damaging,0,0.0003145385730234768,761.6666666666666,492.44322853841066,0.0,damaging,GIGYF1
OPHN1 (4983)_damaging,0,0.0001685443774147842,762.0,220.5870954218915,0.0,damaging,OPHN1
DOT1L (84444)_damaging,0,0.0001232232304793,762.25,286.89298237031403,0.0,damaging,DOT1L
AXIN1 (8312)_damaging,0,0.00015159194760505719,763.0,137.04257246077464,0.0,damaging,AXIN1
MIS18BP1 (55320)_damaging,0,0.0001304208432157972,765.0,272.94321753800733,0.0,damaging,MIS18BP1
TRIP11 (9321)_damaging,0,0.000165121555271558,765.2,214.34948098840826,0.0,damaging,TRIP11
LAMA1 (284217)_damaging,0,0.00017087284913129685,765.4,333.50981994538034,0.0,damaging,LAMA1
A2M (2)_damaging,0,0.00017206922037469615,766.4,300.4052263193835,0.0,damaging,A2M
ARHGEF4 (50649)_damaging,0,0.00015355467963456588,766.5,354.39478927696814,0.0,damaging,ARHGEF4
KIAA1755 (85449)_damaging,0,0.00019787673073280002,767.0,339.8131839702515,0.0,damaging,KIAA1755
BRINP3 (339479)_damaging,0,0.00018310138308197206,767.3333333333334,207.33145765496693,0.0,damaging,BRINP3
NRK (203447)_damaging,0,0.00015387190217519794,769.0,208.4814140397172,0.0,damaging,NRK
CNTN3 (5067)_damaging,0,0.00010942477430210399,769.3333333333334,114.42173453209548,0.0,damaging,CNTN3
DAZAP1 (26528)_damaging,0,0.000240239636046125,770.25,438.190502711625,0.0,damaging,DAZAP1
CROCC2 (728763)_damaging,0,0.00010827540591634196,770.3333333333334,125.7789065516684,0.0,damaging,CROCC2
PSD (5662)_damaging,0,0.00026502872952245676,770.6666666666666,441.09107147315206,0.0,damaging,PSD
MEGF8 (1954)_damaging,0,0.00014645081516392774,771.4,195.79402442362738,0.0,damaging,MEGF8
SLX4 (84464)_damaging,0,0.00015418423999226,771.8,247.94495356832735,0.0,damaging,SLX4
KSR1 (8844)_damaging,0,0.00018027036445203998,772.2,353.82721772074007,0.0,damaging,KSR1
JCAD (57608)_damaging,0,0.0001510603826578859,772.25,168.9997534514967,0.0,damaging,JCAD
WNT16 (51384)_damaging,0,0.0002705040867545752,772.6666666666666,455.74371452970513,0.0,damaging,WNT16
IQGAP1 (8826)_damaging,0,0.00015397631894909273,773.4,255.43453172975654,0.0,damaging,IQGAP1
GRIA1 (2890)_damaging,0,0.00011060611032962218,773.6666666666666,212.0951044539532,0.0,damaging,GRIA1
NRIP1 (8204)_damaging,0,0.0002652908553713966,773.8,416.1071977267396,0.0,damaging,NRIP1
POLE (5426)_damaging,0,0.000179471599774,774.0,315.9058404018514,0.0,damaging,POLE
CCDC88B (283234)_damaging,0,9.716613596290508e-05,775.0,,0.0,damaging,CCDC88B
SMARCA4 (6597)_hotspot,0,0.0001832521123669949,775.0,376.0857614959652,0.0,hotspot,SMARCA4
ASPH (444)_damaging,0,0.00019274584891995796,776.5,167.58430714121175,0.0,damaging,ASPH
CCDC40 (55036)_damaging,0,0.00020648879577887021,776.5,195.86857838867365,0.0,damaging,CCDC40
NOTCH2 (4853)_damaging,0,0.00010101912748145629,776.75,127.9280396681405,0.0,damaging,NOTCH2
MORC1 (27136)_damaging,0,0.00017513695020306055,777.0,273.0579913986527,0.0,damaging,MORC1
PREX2 (80243)_damaging,0,0.00013924519931228136,777.0,162.21128197508335,0.0,damaging,PREX2
ZNF831 (128611)_damaging,0,0.00026749270963994596,777.8,437.24043728822704,0.0,damaging,ZNF831
SYCP2 (10388)_damaging,0,0.00013837990893199363,778.6,108.02684851461696,0.0,damaging,SYCP2
ABCC8 (6833)_damaging,0,0.00015187953862528348,778.8,251.22141628451982,0.0,damaging,ABCC8
INF2 (64423)_damaging,0,0.00014377878057888002,779.8,231.7783423877218,0.0,damaging,INF2
CD109 (135228)_damaging,0,0.00011926165225226063,780.0,332.34018715767735,0.0,damaging,CD109
SVEP1 (79987)_damaging,0,0.00017279268350989252,781.2,311.03890431905785,0.0,damaging,SVEP1
RNF31 (55072)_damaging,0,0.00017904040937925,781.5,224.15284963613556,0.0,damaging,RNF31
NIPBL (25836)_damaging,0,0.0001894545549166076,781.8,435.39487824272805,0.0,damaging,NIPBL
GCC2 (9648)_damaging,0,0.0002635952704729,782.0,531.7442994522837,0.0,damaging,GCC2
DMXL1 (1657)_damaging,0,0.00013779166381221164,782.4,251.2862909113826,0.0,damaging,DMXL1
AGBL1 (123624)_damaging,0,0.00015916217197970776,782.5,179.40364173189647,0.0,damaging,AGBL1
KCNH8 (131096)_damaging,0,8.468613149304351e-05,782.5,17.67766952966369,0.0,damaging,KCNH8
NPAS3 (64067)_damaging,0,0.00019245080639388002,782.8,397.50622636633005,0.0,damaging,NPAS3
SHC1 (6464)_damaging,0,0.00013990296198903006,784.25,229.04784798523357,0.0,damaging,SHC1
ROCK2 (9475)_damaging,0,0.0001794033412432812,785.25,359.11592835740385,0.0,damaging,ROCK2
TEX15 (56154)_damaging,0,0.00014113660113767998,785.8,262.12725917004514,0.0,damaging,TEX15
BRSK2 (9024)_damaging,0,0.00014968278378670857,786.0,230.37903550453544,0.0,damaging,BRSK2
TRPM7 (54822)_damaging,0,9.937868687420089e-05,786.5,33.23401871576773,0.0,damaging,TRPM7
MYH13 (8735)_damaging,0,0.00016617951845650347,786.6,273.9932480919922,0.0,damaging,MYH13
CNTN1 (1272)_damaging,0,0.00013900863531224574,786.8,199.13487891376536,0.0,damaging,CNTN1
ZC3H13 (23091)_damaging,0,0.00013885002044565918,787.4,264.081994842511,0.0,damaging,ZC3H13
ADCY8 (114)_damaging,0,0.00014791149109317494,788.75,248.3591149927862,0.0,damaging,ADCY8
MALRD1 (340895)_damaging,0,0.00018712356793407296,789.4,366.77895250409335,0.0,damaging,MALRD1
KCNH2 (3757)_damaging,0,0.0001654634473873,790.0,298.6017414550692,0.0,damaging,KCNH2
SGO1 (151648)_damaging,0,0.0002671503282962,790.0,,0.0,damaging,SGO1
LAMB4 (22798)_damaging,0,0.00014339564784206823,790.4,236.63959939114164,0.0,damaging,LAMB4
ERN2 (10595)_damaging,0,0.000228817687486,790.5,427.79960261786124,0.0,damaging,ERN2
ROR2 (4920)_damaging,0,0.00014073800883403857,792.0,187.80441954331107,0.0,damaging,ROR2
SALL3 (27164)_damaging,0,0.00015895317541412,792.2,286.8705282875883,0.0,damaging,SALL3
TAF3 (83860)_damaging,0,0.000104119236791,793.3333333333334,232.19890898394274,0.0,damaging,TAF3
ELP1 (8518)_damaging,0,0.00011348372458090145,793.5,221.34513020770677,0.0,damaging,ELP1
PCDH7 (5099)_damaging,0,0.00015388702071659615,793.75,362.10530236382897,0.0,damaging,PCDH7
WDR64 (128025)_damaging,0,0.00011184499127489467,794.0,247.86488254692313,0.0,damaging,WDR64
RGS7 (6000)_damaging,0,0.00013207836612566079,794.5,336.9327331481266,0.0,damaging,RGS7
ITGAL (3683)_damaging,0,9.488909658131617e-05,794.6666666666666,129.73177457097134,0.0,damaging,ITGAL
SAMD9 (54809)_damaging,0,0.00015307612710644048,796.4,310.5097421982119,0.0,damaging,SAMD9
SPG11 (80208)_damaging,0,0.0002049432789830707,797.2,362.6785077723796,0.0,damaging,SPG11
KCNA4 (3739)_damaging,0,8.096272492802294e-05,798.0,,0.0,damaging,KCNA4
SMC3 (9126)_damaging,0,0.00014061230562902044,798.0,191.17008134119735,0.0,damaging,SMC3
MBD4 (8930)_damaging,0,0.00032689027121323333,798.3333333333334,541.1343024918428,0.0,damaging,MBD4
GRIA2 (2891)_damaging,0,0.000252281443798725,798.75,423.5755540632627,0.0,damaging,GRIA2
SLF2 (55719)_damaging,0,0.0001065990477491,799.6666666666666,263.26855743391263,0.0,damaging,SLF2
TDRD5 (163589)_damaging,0,0.0001404639540351,800.4,274.6657969241893,0.0,damaging,TDRD5
FNIP1 (96459)_damaging,0,0.0002223554995473868,800.75,412.88123796882155,0.0,damaging,FNIP1
MRC1 (4360)_damaging,0,0.00014581558016755623,801.2,262.5589457626611,0.0,damaging,MRC1
PPM1D (8493)_damaging,0,0.00014836479248525,802.25,285.65407401260705,0.0,damaging,PPM1D
SLIT2 (9353)_damaging,0,0.0001723859760884538,802.3333333333334,204.8470974491299,0.0,damaging,SLIT2
CALCR (799)_damaging,0,0.00017041588599385824,802.4,321.8451491012409,0.0,damaging,CALCR
UGGT1 (56886)_damaging,0,0.00018539299903772412,803.0,325.09178191191893,0.0,damaging,UGGT1
ANKIB1 (54467)_damaging,0,0.00015372183511694215,803.4,256.92080491855853,0.0,damaging,ANKIB1
SPTBN4 (57731)_damaging,0,0.0001682142105356,804.0,269.0334551686834,0.0,damaging,SPTBN4
USP6 (9098)_damaging,0,0.000130888584702631,804.2,196.84562479262777,0.0,damaging,USP6
COL27A1 (85301)_damaging,0,0.00018200988381899516,804.4,343.0529113708263,0.0,damaging,COL27A1
MYOCD (93649)_damaging,0,0.00014104393914349999,805.25,249.99649997549966,0.0,damaging,MYOCD
JAK1 (3716)_damaging,0,0.00020264139763287578,805.8,377.1481141408505,0.0,damaging,JAK1
CD58 (965)_damaging,0,0.00017957394236626655,806.5,149.19953083036154,0.0,damaging,CD58
RANBP2 (5903)_damaging,0,9.981877694494334e-05,807.0,,0.0,damaging,RANBP2
PROX1 (5629)_damaging,0,0.0001855138933990469,807.3333333333334,352.0075756760546,0.0,damaging,PROX1
USP7 (7874)_damaging,0,0.00023580160393285772,808.5,443.3559518039653,0.0,damaging,USP7
GUCY2C (2984)_damaging,0,0.000135629572357961,809.25,182.99248618454257,0.0,damaging,GUCY2C
ADGRL3 (23284)_damaging,0,0.00013105466451433082,809.4,163.90027455742714,0.0,damaging,ADGRL3
ERBB4 (2066)_damaging,0,0.00014636500313386716,809.6,257.00155641552055,0.0,damaging,ERBB4
GLB1L2 (89944)_damaging,0,0.0001549880198169,810.3333333333334,245.61216039384806,0.0,damaging,GLB1L2
ATP9B (374868)_damaging,0,0.00012509659396496464,810.4,289.4197643562029,0.0,damaging,ATP9B
MED23 (9439)_damaging,0,0.00015722959722650072,811.6,306.4699006427874,0.0,damaging,MED23
BCL11A (53335)_damaging,0,0.00020169180054955,812.0,352.13917703090067,0.0,damaging,BCL11A
ANKFN1 (162282)_damaging,0,0.00017993288921729983,813.0,50.91168824543142,0.0,damaging,ANKFN1
ATP10A (57194)_damaging,0,0.00013630367374545,813.5,487.19657223753126,0.0,damaging,ATP10A
OTOF (9381)_damaging,0,0.00014506181113594396,815.2,253.80839229623592,0.0,damaging,OTOF
PRUNE2 (158471)_damaging,0,0.00014531851209976734,815.6,231.31644991223604,0.0,damaging,PRUNE2
FAM83B (222584)_damaging,0,0.00017550062923535415,816.0,269.3380775159725,0.0,damaging,FAM83B
CFAP65 (255101)_damaging,0,0.00012486198581721132,816.2,171.0035087359321,0.0,damaging,CFAP65
FYB2 (199920)_damaging,0,0.00013973358125859753,817.0,252.8504169135051,0.0,damaging,FYB2
ZNF142 (7701)_damaging,0,7.403658612548786e-05,817.0,,0.0,damaging,ZNF142
EXOSC10 (5394)_damaging,0,0.000147683898505866,817.5,255.1084736603889,0.0,damaging,EXOSC10
ADAMTS16 (170690)_damaging,0,0.00012644689995416303,818.6,154.98645102072632,0.0,damaging,ADAMTS16
MAP3K21 (84451)_damaging,0,0.00016618382089311282,818.6666666666666,380.7969712764708,0.0,damaging,MAP3K21
DIS3 (22894)_damaging,0,0.0001449140902634012,818.8,367.4972108737698,0.0,damaging,DIS3
BACH2 (60468)_damaging,0,7.37281877008944e-05,819.0,,0.0,damaging,BACH2
NOX5 (79400)_damaging,0,0.0002009408670578889,819.0,340.82546853191593,0.0,damaging,NOX5
SDCCAG8 (10806)_damaging,0,0.00010284719930786729,820.5,256.6797615707168,0.0,damaging,SDCCAG8
RB1CC1 (9821)_damaging,0,0.00021701389976240348,820.6,374.2242643121902,0.0,damaging,RB1CC1
CR1 (1378)_damaging,0,0.000172612722910248,820.6666666666666,283.0147228207984,0.0,damaging,CR1
FBXL13 (222235)_damaging,0,0.00017905875872871135,820.6666666666666,335.7414679978232,0.0,damaging,FBXL13
TTK (7272)_damaging,0,0.00015842826765934863,821.75,271.68778036562486,0.0,damaging,TTK
CCDC112 (153733)_damaging,0,0.0002529358977183,822.0,,0.0,damaging,CCDC112
POLN (353497)_damaging,0,8.459581036959718e-05,822.0,45.254833995939045,0.0,damaging,POLN
ADAMTS9 (56999)_damaging,0,8.185439557765148e-05,822.3333333333334,225.83696184046875,0.0,damaging,ADAMTS9
EML3 (256364)_damaging,0,0.00010466846057820074,823.5,280.72139213105936,0.0,damaging,EML3
ANKRD12 (23253)_damaging,0,0.00019761108140057691,823.6,367.33880818666574,0.0,damaging,ANKRD12
DOP1B (9980)_damaging,0,0.00013924789953942,825.0,319.85699929812387,0.0,damaging,DOP1B
TBX4 (9496)_damaging,0,0.00015995650056959998,825.0,348.29393716610497,0.0,damaging,TBX4
FOXN3 (1112)_damaging,0,0.00015994153293035,826.0,291.3279938488576,0.0,damaging,FOXN3
ROBO4 (54538)_damaging,0,0.0002509122621933,827.0,,0.0,damaging,ROBO4
DOCK5 (80005)_damaging,0,0.0001245086032563984,827.2,202.02153350571322,0.0,damaging,DOCK5
GABRA6 (2559)_damaging,0,0.0001781326682857,828.0,255.9726547895302,0.0,damaging,GABRA6
SRCAP (10847)_damaging,0,0.00011559356323315477,828.0,203.7375763083482,0.0,damaging,SRCAP
PEAK1 (79834)_damaging,0,0.00012733512501284644,828.75,191.77482455560568,0.0,damaging,PEAK1
BTBD8 (284697)_damaging,0,0.00013924460734627213,829.8,239.3129749929995,0.0,damaging,BTBD8
COL12A1 (1303)_damaging,0,0.00011939368679219987,830.2,119.84031041348315,0.0,damaging,COL12A1
PDCD11 (22984)_damaging,0,0.0001537861068329031,832.25,297.68929551911447,0.0,damaging,PDCD11
RASA2 (5922)_damaging,0,0.00014536947582863827,832.25,357.3489191252717,0.0,damaging,RASA2
CARD11 (84433)_damaging,0,0.00013049746801910956,833.6,231.09045847892554,0.0,damaging,CARD11
MME (4311)_damaging,0,0.00022392947956837998,834.8,399.2395271012128,0.0,damaging,MME
FANCA (2175)_damaging,0,0.0001212826332950164,835.75,88.33411949335695,0.0,damaging,FANCA
ARHGAP23 (57636)_damaging,0,9.195461457734959e-05,836.0,272.94321753800733,0.0,damaging,ARHGAP23
IQSEC1 (9922)_damaging,0,7.754508442086309e-05,836.0,,0.0,damaging,IQSEC1
MUC12 (10071)_damaging,0,7.904469456155983e-05,836.0,90.63847600954759,0.0,damaging,MUC12
USP14 (9097)_damaging,0,9.115499671844796e-05,836.0,,0.0,damaging,USP14
MMRN1 (22915)_damaging,0,9.124424194807538e-05,836.6666666666666,245.70375115844965,0.0,damaging,MMRN1
KDM5C (8242)_damaging,0,0.00013200908882056108,837.75,179.92475279034474,0.0,damaging,KDM5C
MUC6 (4588)_damaging,0,0.0002469075125393,839.0,,0.0,damaging,MUC6
TNRC6B (23112)_damaging,0,0.00014812770239002937,839.4,316.8016729753806,0.0,damaging,TNRC6B
GPR161 (23432)_damaging,0,0.00016091833164696672,839.6666666666666,255.59799164573522,0.0,damaging,GPR161
ANKHD1 (54882)_damaging,0,7.592761966634087e-05,840.0,,0.0,damaging,ANKHD1
MAP7D3 (79649)_damaging,0,0.00012010243715684428,840.0,283.8109699547688,0.0,damaging,MAP7D3
FLG2 (388698)_damaging,0,0.00012654196786840896,840.6,283.37660453890686,0.0,damaging,FLG2
NOS3 (4846)_damaging,0,0.00013719897327408036,840.6,235.8787824286025,0.0,damaging,NOS3
TMEM94 (9772)_damaging,0,0.0001219117323633778,840.8,178.69722997293496,0.0,damaging,TMEM94
KIAA1549 (57670)_damaging,0,0.00010987841158315399,841.2,200.47618312408088,0.0,damaging,KIAA1549
EFCAB5 (374786)_damaging,0,0.00011448521760571784,841.4,162.99938650191294,0.0,damaging,EFCAB5
CCDC186 (55088)_damaging,0,7.590135913589964e-05,842.0,,0.0,damaging,CCDC186
WNK3 (65267)_damaging,0,0.0001638648212302607,842.0,269.09477884195377,0.0,damaging,WNK3
CAMSAP2 (23271)_damaging,0,0.00012037068576345861,842.4,229.56219200905014,0.0,damaging,CAMSAP2
JMJD1C (221037)_damaging,0,0.00012465454495259081,843.0,229.88149120797002,0.0,damaging,JMJD1C
EPHB6 (2051)_damaging,0,0.00010866093628772566,843.2,164.7746946591011,0.0,damaging,EPHB6
CNTN5 (53942)_damaging,0,0.00011844725799433785,844.2,157.21863757201308,0.0,damaging,CNTN5
COL25A1 (84570)_damaging,0,0.00013557327838477335,844.25,232.07811185029922,0.0,damaging,COL25A1
NDST4 (64579)_damaging,0,6.988481745461074e-05,846.0,,0.0,damaging,NDST4
SPHK1 (8877)_damaging,0,0.00015795037756495,847.0,169.7056274847714,0.0,damaging,SPHK1
ROBO3 (64221)_damaging,0,0.00010903106365043261,847.4,224.45890492471,0.0,damaging,ROBO3
DGKB (1607)_damaging,0,7.94932148554295e-05,847.5,50.204581464244875,0.0,damaging,DGKB
MAP3K12 (7786)_damaging,0,0.00012220850921203116,847.5,330.09342111994096,0.0,damaging,MAP3K12
EPB41L5 (57669)_damaging,0,0.00014855054615396665,848.3333333333334,232.62057805218637,0.0,damaging,EPB41L5
KIF14 (9928)_damaging,0,7.289974822037531e-05,849.0,,0.0,damaging,KIF14
UBR2 (23304)_damaging,0,0.0002414712258259,849.0,,0.0,damaging,UBR2
MTSS2 (92154)_damaging,0,0.00014527504232129387,849.3333333333334,317.51272940361514,0.0,damaging,MTSS2
EML5 (161436)_damaging,0,0.00011351824336472246,849.4,105.8787041854971,0.0,damaging,EML5
NOTCH3 (4854)_damaging,0,0.00015283127271970592,849.4,302.3273060773704,0.0,damaging,NOTCH3
ZNF804B (219578)_damaging,0,0.00016019330968478754,849.4,387.80961824070323,0.0,damaging,ZNF804B
KTN1 (3895)_damaging,0,0.00012137048558946597,849.6,271.5019336947713,0.0,damaging,KTN1
REV3L (5980)_damaging,0,0.00015184192051533166,849.6,324.9666136697738,0.0,damaging,REV3L
ERBB3 (2065)_hotspot,0,0.00011883937781378227,850.5,185.9829741311464,0.0,hotspot,ERBB3
AHDC1 (27245)_damaging,0,0.00012758511600066667,851.3333333333334,197.03383804142206,0.0,damaging,AHDC1
ADAMTS13 (11093)_damaging,0,0.0001186931940235875,851.5,132.74160362649437,0.0,damaging,ADAMTS13
COL18A1 (80781)_damaging,0,0.00010751037080969418,851.8,316.61127585732004,0.0,damaging,COL18A1
CORIN (10699)_damaging,0,0.0001264088847294,852.0,225.36341022150572,0.0,damaging,CORIN
ACIN1 (22985)_damaging,0,0.00011842995025706578,852.6,202.7579838132151,0.0,damaging,ACIN1
SULF1 (23213)_damaging,0,0.00013331152102316165,853.6,346.9615252445147,0.0,damaging,SULF1
DENND2C (163259)_damaging,0,0.00016346288668008514,854.0,25.45584412271571,0.0,damaging,DENND2C
PTH2R (5746)_damaging,0,6.803389732431489e-05,854.0,,0.0,damaging,PTH2R
ZSWIM6 (57688)_damaging,0,0.00015769833775011404,854.0,66.46803743153546,0.0,damaging,ZSWIM6
SCN8A (6334)_damaging,0,6.275584062503551e-05,855.0,,0.0,damaging,SCN8A
RIMS1 (22999)_damaging,0,0.00013820820020077888,855.8,384.54024496793573,0.0,damaging,RIMS1
DNAJC13 (23317)_damaging,0,0.00012555092982553017,856.0,227.43057548770057,0.0,damaging,DNAJC13
GOLGA6L2 (283685)_damaging,0,6.24152917652001e-05,856.0,,0.0,damaging,GOLGA6L2
OC90 (729330)_damaging,0,0.00012736062790380206,856.25,228.90518415565282,0.0,damaging,OC90
ANO5 (203859)_damaging,0,0.0002392855654269,857.0,,0.0,damaging,ANO5
DENND4C (55667)_damaging,0,0.00010934053795948994,857.6,165.33844078132586,0.0,damaging,DENND4C
MLLT10 (8028)_damaging,0,7.038453999875145e-05,858.0,,0.0,damaging,MLLT10
ADGB (79747)_damaging,0,0.000122735747092475,858.5,273.3306910441392,0.0,damaging,ADGB
ARHGAP39 (80728)_damaging,0,7.028307032010012e-05,859.0,,0.0,damaging,ARHGAP39
ATG2A (23130)_damaging,0,7.518612282571445e-05,859.0,48.08326112068523,0.0,damaging,ATG2A
STAB1 (23166)_damaging,0,0.00010867684398076452,859.6,171.59341479206012,0.0,damaging,STAB1
PNISR (25957)_damaging,0,0.000127070310574325,860.75,296.011683327984,0.0,damaging,PNISR
ATG9B (285973)_damaging,0,7.696837808205442e-05,861.0,79.19595949289332,0.0,damaging,ATG9B
MCM3AP (8888)_damaging,0,0.0002383505810776,861.0,,0.0,damaging,MCM3AP
RTCB (51493)_damaging,0,0.00016681679337998305,861.0,115.96551211459379,0.0,damaging,RTCB
CHD2 (1106)_damaging,0,0.00013879642457989067,861.4,265.12129299624354,0.0,damaging,CHD2
PCF11 (51585)_damaging,0,0.00011760124873286852,861.6,219.331484288052,0.0,damaging,PCF11
TEAD2 (8463)_damaging,0,0.00019821364760631824,862.0,424.38190347845887,0.0,damaging,TEAD2
VARS2 (57176)_damaging,0,0.00013886741003919453,862.6666666666666,230.5674160269255,0.0,damaging,VARS2
CFAP91 (89876)_damaging,0,0.00013035342504442966,863.0,234.8162402106521,0.0,damaging,CFAP91
SMARCA1 (6594)_damaging,0,7.345025196824862e-05,863.0,147.07821048680188,0.0,damaging,SMARCA1
SHANK1 (50944)_damaging,0,0.00010967447679754,864.4,228.36768598030676,0.0,damaging,SHANK1
AFF3 (3899)_damaging,0,8.317879807085446e-05,865.0,,0.0,damaging,AFF3
FLNC (2318)_damaging,0,0.00010144496317654063,865.8,130.80214065526602,0.0,damaging,FLNC
DENND1A (57706)_damaging,0,0.00011826297865388838,866.0,218.59780419757195,0.0,damaging,DENND1A
COL6A6 (131873)_damaging,0,0.00020144791581113333,866.6666666666666,449.48896908971346,0.0,damaging,COL6A6
UMODL1 (89766)_damaging,0,6.973816557512016e-05,866.6666666666666,114.37802819306394,0.0,damaging,UMODL1
PCCA (5095)_damaging,0,8.949977485745906e-05,867.0,299.8132752230961,0.0,damaging,PCCA
PTPRQ (374462)_damaging,0,0.00012630358195738511,867.0,298.42670792005197,0.0,damaging,PTPRQ
SBF1 (6305)_damaging,0,0.0001247685318150346,868.8,243.47217500158,0.0,damaging,SBF1
LAMC3 (10319)_damaging,0,7.017043743292333e-05,869.0,36.29049462324811,0.0,damaging,LAMC3
CENPC (1060)_damaging,0,0.00012191320414188758,872.0,257.5160189192121,0.0,damaging,CENPC
MVK (4598)_damaging,0,0.00015584161037383466,872.0,272.7251363552689,0.0,damaging,MVK
DLG2 (1740)_damaging,0,0.000122582932138,872.2,289.0427304050389,0.0,damaging,DLG2
ARHGAP17 (55114)_damaging,0,0.00012183635990162519,872.25,255.38386140605414,0.0,damaging,ARHGAP17
EGR2 (1959)_damaging,0,6.456782269835544e-05,872.3333333333334,222.4799616444891,0.0,damaging,EGR2
MPDZ (8777)_damaging,0,0.00017992650629263877,872.5,379.2505767958699,0.0,damaging,MPDZ
ZNF668 (79759)_damaging,0,8.26882948703e-05,873.0,403.0508652763321,0.0,damaging,ZNF668
NSD3 (54904)_damaging,0,0.000122113475536025,873.25,309.9046896493609,0.0,damaging,NSD3
CSF2RB (1439)_damaging,0,0.00011313675745333371,874.25,349.0037010309967,0.0,damaging,CSF2RB
CASKIN2 (57513)_damaging,0,0.0001801706349315011,874.6,419.5376026055352,0.0,damaging,CASKIN2
LPA (4018)_damaging,0,0.00012675765839634528,875.0,202.58825237411966,0.0,damaging,LPA
SPTBN1 (6711)_damaging,0,0.00010845433850066293,875.25,99.7609643096938,0.0,damaging,SPTBN1
SSUH2 (51066)_damaging,0,0.00017513082742933331,875.6666666666666,407.9048091569078,0.0,damaging,SSUH2
KCNH5 (27133)_damaging,0,0.0001194961008337,875.8,289.02456642991444,0.0,damaging,KCNH5
PLOD3 (8985)_damaging,0,0.00010691297298566436,875.8,209.45572324479463,0.0,damaging,PLOD3
COL28A1 (340267)_damaging,0,0.00010866360952242174,876.4,173.90313395680943,0.0,damaging,COL28A1
SLC26A5 (375611)_damaging,0,0.00014685308141885333,876.5,14.849242404917497,0.0,damaging,SLC26A5
FRYL (285527)_damaging,0,0.0001059633208086827,877.0,251.06971143489213,0.0,damaging,FRYL
MYH7 (4625)_damaging,0,0.000126950618088775,877.5,264.588359532312,0.0,damaging,MYH7
PCSK1 (5122)_damaging,0,0.00015595708713365,878.0,258.8010819142764,0.0,damaging,PCSK1
RUNX1 (861)_damaging,0,0.00014690667874268739,878.0,502.04581464244876,0.0,damaging,RUNX1
ZNF716 (441234)_damaging,0,7.722182565525352e-05,878.0,,0.0,damaging,ZNF716
PLEKHA6 (22874)_damaging,0,0.00010703256971721436,879.0,179.30560504345647,0.0,damaging,PLEKHA6
MAGI2 (9863)_damaging,0,0.0001068114992069123,879.2,191.50900762105158,0.0,damaging,MAGI2
ANKRD36 (375248)_damaging,0,0.0001659751780594,879.5,314.66251762801363,0.0,damaging,ANKRD36
TNRC18 (84629)_damaging,0,9.96479980552289e-05,879.6,132.86384007697504,0.0,damaging,TNRC18
NOBOX (135935)_damaging,0,0.00011372606675342882,880.0,253.75677330861535,0.0,damaging,NOBOX
TPR (7175)_damaging,0,9.797703339381098e-05,880.4,173.91175923438874,0.0,damaging,TPR
EXPH5 (23086)_damaging,0,0.00012324512958800704,880.6,357.21884048857225,0.0,damaging,EXPH5
IGSF10 (285313)_damaging,0,0.0001113726395231085,880.6,225.66634662705027,0.0,damaging,IGSF10
HIF1A (3091)_damaging,0,0.00012042286577197575,880.8,244.63789567440284,0.0,damaging,HIF1A
DGKZ (8525)_damaging,0,5.6334854178111936e-05,881.0,,0.0,damaging,DGKZ
ZC3H18 (124245)_damaging,0,9.379954138635613e-05,881.0,201.85514608253118,0.0,damaging,ZC3H18
SBNO1 (55206)_damaging,0,0.00010023690602097551,881.6,207.67113424835912,0.0,damaging,SBNO1
PER1 (5187)_damaging,0,0.00010376507587251279,881.8,217.22039499089396,0.0,damaging,PER1
TRRAP (8295)_damaging,0,9.948747158684635e-05,882.4,286.8611162217703,0.0,damaging,TRRAP
CLASP1 (23332)_damaging,0,0.00012205296816419507,883.0,441.15416806372804,0.0,damaging,CLASP1
NEXMIF (340533)_damaging,0,0.000109116943682875,883.75,164.01905377120062,0.0,damaging,NEXMIF
PDZD2 (23037)_damaging,0,9.961639262922478e-05,884.2,123.95039330312751,0.0,damaging,PDZD2
EPS8L3 (79574)_damaging,0,0.00011801723636108881,884.75,407.6194099074937,0.0,damaging,EPS8L3
NAV2 (89797)_damaging,0,0.00013589050543638,884.8,311.87289077443074,0.0,damaging,NAV2
TOGARAM1 (23116)_damaging,0,9.445852161553211e-05,884.8,239.1739952419577,0.0,damaging,TOGARAM1
AGGF1 (55109)_damaging,0,6.177714134031296e-05,885.0,,0.0,damaging,AGGF1
TUT4 (23318)_damaging,0,0.00014936780432800502,885.0,93.33809511662427,0.0,damaging,TUT4
NARF (26502)_damaging,0,5.404063137385474e-05,885.3333333333334,157.6906253818956,0.0,damaging,NARF
SRCIN1 (80725)_damaging,0,0.00012258962754315434,886.0,284.87014585596717,0.0,damaging,SRCIN1
EFNB3 (1949)_damaging,0,6.217828294851205e-05,886.6666666666666,30.10537050649491,0.0,damaging,EFNB3
ZNF687 (57592)_damaging,0,0.00013694035390243535,886.75,320.03268062288055,0.0,damaging,ZNF687
CTTNBP2 (83992)_damaging,0,0.00010631805289617233,886.8,238.67069363455582,0.0,damaging,CTTNBP2
DTX4 (23220)_damaging,0,8.039729152696877e-05,887.0,294.25669066310115,0.0,damaging,DTX4
ICE1 (23379)_damaging,0,0.00010517653255990713,887.2,288.87921351319136,0.0,damaging,ICE1
PLXNC1 (10154)_damaging,0,0.00013576430161923043,887.25,289.01484967615994,0.0,damaging,PLXNC1
AFF1 (4299)_damaging,0,9.640914947447177e-05,887.5,319.71810500293327,0.0,damaging,AFF1
OR4A15 (81328)_damaging,0,0.0001814237977147,887.5,382.54476862192223,0.0,damaging,OR4A15
DSCAML1 (57453)_damaging,0,9.904293832945638e-05,888.0,198.14514881772908,0.0,damaging,DSCAML1
MYO18A (399687)_damaging,0,0.0001566106340336909,888.25,356.49438985768063,0.0,damaging,MYO18A
ADAMTS2 (9509)_damaging,0,6.229454532890356e-05,889.0,192.06509313251067,0.0,damaging,ADAMTS2
EPG5 (57724)_damaging,0,9.582816086431826e-05,890.25,193.7255360899366,0.0,damaging,EPG5
INSRR (3645)_damaging,0,0.00012093318614043789,890.4,259.86400289382135,0.0,damaging,INSRR
CLASP2 (23122)_damaging,0,0.00011151467353736252,890.6,233.93439251208875,0.0,damaging,CLASP2
MYH6 (4624)_damaging,0,5.853949337677255e-05,891.5,112.42997820866105,0.0,damaging,MYH6
FIGN (55137)_damaging,0,7.260754727042839e-05,892.25,234.79263901011322,0.0,damaging,FIGN
H3-4 (8290)_damaging,0,9.425426019190374e-05,893.8,199.45224992463736,0.0,damaging,H3-4
EVPL (2125)_damaging,0,6.423375108279278e-05,894.6666666666666,177.43261631766956,0.0,damaging,EVPL
PHLDB1 (23187)_damaging,0,0.0002259144982763,895.0,,0.0,damaging,PHLDB1
PSME4 (23198)_damaging,0,7.229647177275503e-05,895.0,,0.0,damaging,PSME4
DCC (1630)_damaging,0,9.86728174487879e-05,895.4,143.02202627567547,0.0,damaging,DCC
MYO5C (55930)_damaging,0,0.00010727381692667072,895.75,152.33160101130252,0.0,damaging,MYO5C
VPS13A (23230)_damaging,0,9.508676426182676e-05,896.4,268.3566656522621,0.0,damaging,VPS13A
PFAS (5198)_damaging,0,0.00012335026837114032,897.0,107.50348831549607,0.0,damaging,PFAS
EFCAB7 (84455)_damaging,0,0.00014282682283495607,897.5,40.30508652763321,0.0,damaging,EFCAB7
SIN3B (23309)_damaging,0,6.753639109971004e-05,897.6666666666666,143.62915210128244,0.0,damaging,SIN3B
LUZP1 (7798)_damaging,0,8.642901221886528e-05,898.0,224.3802575985686,0.0,damaging,LUZP1
SHPRH (257218)_damaging,0,0.0001412332626063345,898.6,331.4593489404093,0.0,damaging,SHPRH
TCF7L2 (6934)_damaging,0,9.467550744121929e-05,898.6,122.30412912081096,0.0,damaging,TCF7L2
SPHKAP (80309)_damaging,0,9.962501418811858e-05,898.8,272.0279397414905,0.0,damaging,SPHKAP
NCOA3 (8202)_damaging,0,0.00011446509781782145,899.3333333333334,167.8461597217325,0.0,damaging,NCOA3
XPO4 (64328)_damaging,0,0.0002228043535428,900.0,,0.0,damaging,XPO4
ICE2 (79664)_damaging,0,0.00010914414582737673,900.2,239.38817848841242,0.0,damaging,ICE2
SMC2 (10592)_damaging,0,0.00013356198333196295,900.3333333333334,256.2388208943628,0.0,damaging,SMC2
MTA1 (9112)_damaging,0,0.00012171012415597284,901.0,209.67355579567015,0.0,damaging,MTA1
ARHGEF26 (26084)_damaging,0,0.00010707733519560052,902.0,189.0696520685785,0.0,damaging,ARHGEF26
EPHA6 (285220)_damaging,0,6.185797035165058e-05,902.0,28.284271247461902,0.0,damaging,EPHA6
PCNX3 (399909)_damaging,0,0.00014989171350047182,902.2,334.95626580197,0.0,damaging,PCNX3
DCHS1 (8642)_damaging,0,0.00010884970674183216,902.5,164.49822694079916,0.0,damaging,DCHS1
ABCA6 (23460)_damaging,0,9.42984570620556e-05,903.4,166.87210671649112,0.0,damaging,ABCA6
EEA1 (8411)_damaging,0,5.370200404099331e-05,903.5,55.86143571373726,0.0,damaging,EEA1
PTPRM (5797)_damaging,0,6.461377413413795e-05,903.6666666666666,103.83801487573487,0.0,damaging,PTPRM
ZGRF1 (55345)_damaging,0,5.080636726031469e-05,905.0,,0.0,damaging,ZGRF1
BTAF1 (9044)_damaging,0,5.879204627602027e-05,905.6666666666666,191.29122649335835,0.0,damaging,BTAF1
ITGAV (3685)_damaging,0,6.853079457124377e-05,906.0,,0.0,damaging,ITGAV
FBN3 (84467)_damaging,0,8.955881149111695e-05,907.0,237.26145915424192,0.0,damaging,FBN3
TTC28 (23331)_damaging,0,0.000219668016534,907.0,,0.0,damaging,TTC28
MARCO (8685)_damaging,0,8.890367533442706e-05,907.4,307.04445932144745,0.0,damaging,MARCO
LY75 (4065)_damaging,0,0.00011874043627002251,908.0,271.8409461431445,0.0,damaging,LY75
NWD1 (284434)_damaging,0,6.684943776805e-05,908.0,261.6295090390226,0.0,damaging,NWD1
TTF1 (7270)_damaging,0,0.00016101748956222003,908.0,227.6883835420683,0.0,damaging,TTF1
ABCA2 (20)_damaging,0,6.092312338129335e-05,909.3333333333334,80.22676195218985,0.0,damaging,ABCA2
EFR3A (23167)_damaging,0,9.774855384392912e-05,909.8,149.90396926032344,0.0,damaging,EFR3A
AOX1 (316)_damaging,0,0.0001442182103381293,910.0,173.9482681718907,0.0,damaging,AOX1
R3HDM2 (22864)_damaging,0,6.355977968363771e-05,910.5,244.73863609981976,0.0,damaging,R3HDM2
XPOT (11260)_damaging,0,0.0001284205025895,910.5,225.56706319850866,0.0,damaging,XPOT
CHD9 (80205)_damaging,0,9.613013514873203e-05,910.6,184.93728666767015,0.0,damaging,CHD9
AXL (558)_damaging,0,0.0001204507323338073,910.6666666666666,202.05527296592223,0.0,damaging,AXL
CTC1 (80169)_damaging,0,0.0002182697710209,911.0,,0.0,damaging,CTC1
SFSWAP (6433)_damaging,0,0.00011124361600542946,912.3333333333334,162.5310226797744,0.0,damaging,SFSWAP
CACNA1H (8912)_damaging,0,8.996025567404205e-05,912.8,211.21481955582567,0.0,damaging,CACNA1H
COL3A1 (1281)_damaging,0,0.00010173987844676158,913.0,287.50826075088696,0.0,damaging,COL3A1
RALGAPA1 (253959)_damaging,0,0.00010346667947199744,913.5,179.7600252188085,0.0,damaging,RALGAPA1
SAMHD1 (25939)_damaging,0,0.00011765304898126726,913.75,268.93664061757494,0.0,damaging,SAMHD1
CDON (50937)_damaging,0,0.0002160699695778,915.0,,0.0,damaging,CDON
COL24A1 (255631)_damaging,0,8.992548472989539e-05,915.0,172.59345294651243,0.0,damaging,COL24A1
DUOX2 (50506)_damaging,0,5.754317594433559e-05,915.0,117.09397934992217,0.0,damaging,DUOX2
PLA2R1 (22925)_damaging,0,0.00011476649206912438,915.6,280.0889144539641,0.0,damaging,PLA2R1
TEP1 (7011)_damaging,0,8.928936306414116e-05,917.4,163.20784294879948,0.0,damaging,TEP1
FBXO38 (81545)_damaging,0,5.241598086041975e-05,918.0,,0.0,damaging,FBXO38
ODAD2 (55130)_damaging,0,0.00013187946917054587,918.25,360.8742855898713,0.0,damaging,ODAD2
EGFLAM (133584)_damaging,0,0.00010232925547021199,918.75,229.09004779780375,0.0,damaging,EGFLAM
KIF5B (3799)_damaging,0,9.01413167501453e-05,920.0,333.6562602439822,0.0,damaging,KIF5B
CEP250 (11190)_damaging,0,9.202403992041868e-05,920.5,241.50293303946987,0.0,damaging,CEP250
EIF5B (9669)_damaging,0,8.841562194188622e-05,921.0,298.5372673553505,0.0,damaging,EIF5B
CCDC187 (399693)_damaging,0,5.099292909405833e-05,922.0,,0.0,damaging,CCDC187
NOS1 (4842)_damaging,0,0.00013859142050817207,923.0,14.142135623730951,0.0,damaging,NOS1
TSHZ3 (57616)_damaging,0,0.00010645637777696414,923.0,235.15243283169892,0.0,damaging,TSHZ3
MTCL3 (387104)_damaging,0,0.00014425078556165,923.5,252.43712088359746,0.0,damaging,MTCL3
KIF20B (9585)_damaging,0,8.778934591901623e-05,925.2,152.9679705036319,0.0,damaging,KIF20B
CDH6 (1004)_damaging,0,7.235425214905816e-05,925.4,313.25436948269373,0.0,damaging,CDH6
GEMIN5 (25929)_damaging,0,5.936721067042291e-05,926.0,281.4284989122459,0.0,damaging,GEMIN5
TBC1D4 (9882)_damaging,0,6.555239302911793e-05,926.0,,0.0,damaging,TBC1D4
PKD1L2 (114780)_damaging,0,9.786065233209402e-05,926.75,274.92953642706345,0.0,damaging,PKD1L2
TRPS1 (7227)_damaging,0,8.762612308126838e-05,927.0,250.79473678687918,0.0,damaging,TRPS1
CCDC7 (79741)_damaging,0,0.00010650307206043334,927.3333333333334,152.6444670904692,0.0,damaging,CCDC7
MED15 (51586)_damaging,0,6.33887969117487e-05,927.3333333333334,243.6438657822793,0.0,damaging,MED15
ARHGEF40 (55701)_damaging,0,9.958638425903288e-05,927.75,230.0874833623072,0.0,damaging,ARHGEF40
CHD1L (9557)_damaging,0,5.0010479232044006e-05,928.0,,0.0,damaging,CHD1L
FNDC1 (84624)_damaging,0,8.614472152399547e-05,928.0,135.04628836069506,0.0,damaging,FNDC1
MAP3K15 (389840)_damaging,0,5.62559263614737e-05,928.0,226.9074701282441,0.0,damaging,MAP3K15
BPTF (2186)_damaging,0,8.655742425082668e-05,928.2,100.92918309389013,0.0,damaging,BPTF
HEATR5B (54497)_damaging,0,5.9094580496230946e-05,929.0,246.07315985291854,0.0,damaging,HEATR5B
CDH12 (1010)_damaging,0,4.287678232538285e-05,930.0,155.56349186104046,0.0,damaging,CDH12
DACH1 (1602)_damaging,0,9.243327328560896e-05,930.0,346.9044056605028,0.0,damaging,DACH1
MYT1L (23040)_damaging,0,5.470408391935228e-05,930.0,170.6663411455229,0.0,damaging,MYT1L
PROM2 (150696)_damaging,0,5.815048919951193e-05,930.5,194.45436482630058,0.0,damaging,PROM2
LTBP1 (4052)_damaging,0,8.8580182772372e-05,930.6666666666666,392.9240808773793,0.0,damaging,LTBP1
TFE3 (7030)_damaging,0,0.00011636441866333227,931.0,269.934559970869,0.0,damaging,TFE3
BAHCC1 (57597)_damaging,0,8.568644139902366e-05,931.4,181.1706377976299,0.0,damaging,BAHCC1
CACNA1D (776)_damaging,0,6.277968552724244e-05,931.5,237.40892990787015,0.0,damaging,CACNA1D
HLA-DRB5 (3127)_damaging,0,0.00014114882116616036,932.0,70.71067811865476,0.0,damaging,HLA-DRB5
BRD3 (8019)_damaging,0,8.27510594932126e-05,933.2,83.25683155153095,0.0,damaging,BRD3
C6 (729)_damaging,0,0.0001542856818673,933.8,381.0678417290024,0.0,damaging,C6
LOXL4 (84171)_damaging,0,5.36620357632401e-05,934.0,70.71067811865476,0.0,damaging,LOXL4
SLITRK5 (26050)_damaging,0,0.00012834219168318583,934.0,22.627416997969522,0.0,damaging,SLITRK5
IFT172 (26160)_damaging,0,5.37914192286399e-05,934.25,167.31083846142985,0.0,damaging,IFT172
COL19A1 (1310)_damaging,0,8.24056437181987e-05,934.8,150.8001989388608,0.0,damaging,COL19A1
ZBTB7A (51341)_damaging,0,9.656190509658131e-05,935.8,383.5761984273789,0.0,damaging,ZBTB7A
GOLGA2 (2801)_damaging,0,8.844613204700059e-05,936.2,191.6029749247125,0.0,damaging,GOLGA2
RTTN (25914)_damaging,0,9.982660397242001e-05,936.2,274.74752046196886,0.0,damaging,RTTN
ITGA4 (3676)_damaging,0,9.503111842727052e-05,936.6666666666666,102.4027994409007,0.0,damaging,ITGA4
AP3D1 (8943)_damaging,0,5.483639297712035e-05,937.0,61.94352266379432,0.0,damaging,AP3D1
PPP2R3B (28227)_damaging,0,0.000209502390156,937.0,,0.0,damaging,PPP2R3B
TNS2 (23371)_damaging,0,5.634726627230417e-05,937.5,214.2533546995239,0.0,damaging,TNS2
OTOGL (283310)_damaging,0,0.00010219145662179926,937.6666666666666,167.93550349266036,0.0,damaging,OTOGL
DPYD (1806)_damaging,0,4.231755067091268e-05,938.0,219.20310216782974,0.0,damaging,DPYD
IRS1 (3667)_damaging,0,8.524577550502794e-05,938.25,155.75702231360228,0.0,damaging,IRS1
SCAF1 (58506)_damaging,0,0.0001272342982116,938.5,339.3370988658132,0.0,damaging,SCAF1
SHANK2 (22941)_damaging,0,7.287612324778573e-05,939.2,201.4961538094462,0.0,damaging,SHANK2
MMP12 (4321)_damaging,0,0.00011150268722283335,939.3333333333334,247.09175084031708,0.0,damaging,MMP12
ZNF722 (100419780)_damaging,0,4.766402005596284e-05,940.0,14.142135623730951,0.0,damaging,ZNF722
HCFC2 (29915)_damaging,0,0.00010378636738370203,940.3333333333334,143.9594850412203,0.0,damaging,HCFC2
ASXL3 (80816)_damaging,0,7.56900986372082e-05,941.0,119.63277142990545,0.0,damaging,ASXL3
COL4A1 (1282)_damaging,0,9.208481957027306e-05,941.0,312.5755908576356,0.0,damaging,COL4A1
BAZ2B (29994)_damaging,0,8.271452806642572e-05,941.8,149.90063375449753,0.0,damaging,BAZ2B
HECA (51696)_damaging,0,5.652297988875e-05,942.0,305.47012947258855,0.0,damaging,HECA
DOCK9 (23348)_damaging,0,5.44144588487177e-05,942.75,182.37575679532262,0.0,damaging,DOCK9
MYH4 (4622)_damaging,0,9.77352143904102e-05,942.75,234.91895765703256,0.0,damaging,MYH4
ANKRD36C (400986)_damaging,0,0.00014841726007565,943.0,304.05591591021545,0.0,damaging,ANKRD36C
BLTP3A (54887)_damaging,0,0.0002062713471023,944.0,,0.0,damaging,BLTP3A
CASP8AP2 (9994)_damaging,0,0.00013495319469854,944.2,357.9171691886267,0.0,damaging,CASP8AP2
SLCO6A1 (133482)_damaging,0,5.6117137983333335e-05,944.6666666666666,314.8941621137701,0.0,damaging,SLCO6A1
WDR17 (116966)_damaging,0,8.41526159896922e-05,944.8,155.66855816124206,0.0,damaging,WDR17
PAF1 (54623)_damaging,0,4.695230635178668e-05,945.0,,0.0,damaging,PAF1
DOCK4 (9732)_damaging,0,4.517232774440958e-05,945.3333333333334,26.501572280401277,0.0,damaging,DOCK4
SDK1 (221935)_damaging,0,0.00013362367230585,945.5,221.32442251138937,0.0,damaging,SDK1
MGAM2 (93432)_damaging,0,4.74052011492932e-05,945.75,136.72447964184516,0.0,damaging,MGAM2
FSTL5 (56884)_damaging,0,8.341653441331506e-05,946.2,229.8253684865968,0.0,damaging,FSTL5
KIAA1549L (25758)_damaging,0,0.00010210380694807757,946.3333333333334,140.05118112080788,0.0,damaging,KIAA1549L
AFF2 (2334)_damaging,0,7.685653264630483e-05,946.6,260.3599431556245,0.0,damaging,AFF2
PARP14 (54625)_damaging,0,4.230587002361189e-05,947.0,,0.0,damaging,PARP14
PALB2 (79728)_damaging,0,7.574895953206538e-05,947.2,162.56598660236403,0.0,damaging,PALB2
ITGAD (3681)_damaging,0,8.98482456244816e-05,947.75,103.23880084541857,0.0,damaging,ITGAD
KCNT2 (343450)_damaging,0,8.596167884332117e-05,948.25,129.1933305812133,0.0,damaging,KCNT2
ZFC3H1 (196441)_damaging,0,8.24793440565318e-05,948.4,290.0970527254629,0.0,damaging,ZFC3H1
ALDH1L2 (160428)_damaging,0,5.682514511735843e-05,948.6666666666666,237.97128678337086,0.0,damaging,ALDH1L2
C2orf78 (388960)_damaging,0,5.821153882448178e-05,950.0,,0.0,damaging,C2orf78
CHD6 (84181)_damaging,0,9.121435566880755e-05,950.25,160.83609669474075,0.0,damaging,CHD6
E2F7 (144455)_damaging,0,6.908341380994668e-05,952.2,209.72291243447864,0.0,damaging,E2F7
SSC5D (284297)_damaging,0,4.483653333889484e-05,953.5,105.0126976449356,0.0,damaging,SSC5D
PCNX2 (80003)_damaging,0,8.040158895645341e-05,954.4,166.11080639139647,0.0,damaging,PCNX2
COL5A1 (1289)_damaging,0,7.98671431419418e-05,954.8,161.56794236481443,0.0,damaging,COL5A1
BRD4 (23476)_damaging,0,3.241249854371651e-05,955.0,149.90663761154806,0.0,damaging,BRD4
FUBP3 (8939)_damaging,0,0.00010179618062426373,955.0,206.52360639888118,0.0,damaging,FUBP3
NFRKB (4798)_damaging,0,8.769112219839693e-05,955.3333333333334,112.48259124563826,0.0,damaging,NFRKB
ATAD5 (79915)_damaging,0,8.129454550162825e-05,955.4,207.53505727948712,0.0,damaging,ATAD5
CSTF3 (1479)_damaging,0,9.432688272039976e-05,955.6666666666666,128.37575056580326,0.0,damaging,CSTF3
GRM1 (2911)_damaging,0,8.817206724706779e-05,955.6666666666666,213.73425867963547,0.0,damaging,GRM1
FOLH1 (2346)_damaging,0,8.280068114193724e-05,957.0,213.46311156731508,0.0,damaging,FOLH1
ORC4 (5000)_damaging,0,8.9084690256925e-05,957.0,207.54276667713572,0.0,damaging,ORC4
C5 (727)_damaging,0,7.765971052254504e-05,957.25,183.36916316545702,0.0,damaging,C5
FBRS (64319)_damaging,0,0.0001283375659803,957.5,204.35385976291224,0.0,damaging,FBRS
DDX60 (55601)_damaging,0,7.628545716102703e-05,958.0,199.97833215959508,0.0,damaging,DDX60
MAGI3 (260425)_damaging,0,0.000122181308527609,958.5,54.44722215136416,0.0,damaging,MAGI3
TICRR (90381)_damaging,0,9.294846328749698e-05,958.8,234.29511305189445,0.0,damaging,TICRR
AGO1 (26523)_damaging,0,7.372436658913726e-05,959.6,117.80619678098432,0.0,damaging,AGO1
CFAP74 (85452)_damaging,0,4.203130695688248e-05,961.5,140.71424945612296,0.0,damaging,CFAP74
ARID5B (84159)_damaging,0,8.455343026005582e-05,961.8,198.1696243121029,0.0,damaging,ARID5B
MPRIP (23164)_damaging,0,0.00010427211106703333,962.3333333333334,234.15877804031462,0.0,damaging,MPRIP
PLXNA2 (5362)_damaging,0,8.1402466512075e-05,962.75,309.4816903577119,0.0,damaging,PLXNA2
WWC3 (55841)_damaging,0,0.0001329820469595577,962.75,448.375121968202,0.0,damaging,WWC3
ZDHHC8 (29801)_damaging,0,7.52464333846915e-05,962.75,151.77258206496543,0.0,damaging,ZDHHC8
MYO1A (4640)_damaging,0,7.700880445059356e-05,963.0,117.94490239090455,0.0,damaging,MYO1A
DEPDC5 (9681)_damaging,0,7.806043236396898e-05,963.2,226.1972590461697,0.0,damaging,DEPDC5
REV1 (51455)_damaging,0,8.950790617911044e-05,963.3333333333334,189.0220445697626,0.0,damaging,REV1
TTC14 (151613)_damaging,0,0.00012419390835025,963.5,183.1406563273158,0.0,damaging,TTC14
POLR2B (5431)_damaging,0,0.00010559688333856,963.8,314.3289678028419,0.0,damaging,POLR2B
PLCH1 (23007)_damaging,0,0.00010677354963831613,964.3333333333334,158.19081304972593,0.0,damaging,PLCH1
HIP1R (9026)_damaging,0,0.00010360944052129208,964.5,420.72853480599576,0.0,damaging,HIP1R
CAMSAP1 (157922)_damaging,0,8.096298147325594e-05,964.75,144.57149327120706,0.0,damaging,CAMSAP1
PTCH2 (8643)_damaging,0,0.00010010119043187797,965.0,116.55041827466772,0.0,damaging,PTCH2
VPS9D1 (9605)_damaging,0,6.319052384873511e-05,965.4,197.96540101745052,0.0,damaging,VPS9D1
NIN (51199)_damaging,0,8.024313605728624e-05,966.0,134.21127622769507,0.0,damaging,NIN
HECW2 (57520)_damaging,0,8.435457397231516e-05,967.25,185.8446932252842,0.0,damaging,HECW2
SEMA5A (9037)_damaging,0,9.596468014036668e-05,967.3333333333334,190.62091525678215,0.0,damaging,SEMA5A
AP3B1 (8546)_damaging,0,8.751979600913557e-05,967.6,218.64537497966884,0.0,damaging,AP3B1
ANKS1B (56899)_damaging,0,4.148172236878773e-05,967.75,130.21616643105418,0.0,damaging,ANKS1B
PCDH10 (57575)_damaging,0,8.051384803040562e-05,968.5,130.48754729858325,0.0,damaging,PCDH10
SLITRK2 (84631)_damaging,0,7.3806476354487e-05,969.4,139.63989401313648,0.0,damaging,SLITRK2
SGO2 (151246)_damaging,0,0.000101849357775,969.5,277.859076991677,0.0,damaging,SGO2
TUBGCP2 (10844)_damaging,0,0.0001969688782198,970.0,,0.0,damaging,TUBGCP2
PPP6R2 (9701)_damaging,0,7.334665243425079e-05,971.0,69.60603422117943,0.0,damaging,PPP6R2
NOL8 (55035)_damaging,0,7.553368879749592e-05,971.2,193.28657480539096,0.0,damaging,NOL8
SAFB2 (9667)_damaging,0,7.811104754471082e-05,971.75,288.5288835916894,0.0,damaging,SAFB2
CHRM3 (1131)_damaging,0,7.079593329610296e-05,971.8,148.8059138609753,0.0,damaging,CHRM3
GRID2 (2895)_damaging,0,7.479304694466606e-05,972.0,112.39439487803651,0.0,damaging,GRID2
XRN1 (54464)_damaging,0,8.268579297011089e-05,972.4,215.25403596680832,0.0,damaging,XRN1
CEP152 (22995)_damaging,0,4.462231905725805e-05,973.0,182.43354954612926,0.0,damaging,CEP152
HCN4 (10021)_damaging,0,6.42440346010136e-05,973.0,236.5206122095916,0.0,damaging,HCN4
RPTOR (57521)_damaging,0,6.96100266991432e-05,974.25,298.65964463471346,0.0,damaging,RPTOR
VWA5B1 (127731)_damaging,0,3.7208331601655504e-05,976.0,48.08326112068523,0.0,damaging,VWA5B1
SHROOM3 (57619)_damaging,0,7.335391126637304e-05,976.8,135.1617549456946,0.0,damaging,SHROOM3
CECR2 (27443)_damaging,0,4.121037031955023e-05,977.0,188.60187344421232,0.0,damaging,CECR2
HECW1 (23072)_damaging,0,7.62510518037823e-05,977.6,329.84056754741374,0.0,damaging,HECW1
TMEM131 (23505)_damaging,0,8.2221334467725e-05,977.75,224.78044843802584,0.0,damaging,TMEM131
MTMR3 (8897)_damaging,0,0.0001203730560295885,978.0,70.71067811865476,0.0,damaging,MTMR3
KIFC2 (90990)_damaging,0,0.00010584100004913334,978.3333333333334,256.9636809615969,0.0,damaging,KIFC2
HIVEP3 (59269)_damaging,0,3.8474093760158076e-05,979.0,137.40693820425034,0.0,damaging,HIVEP3
SCN5A (6331)_damaging,0,3.959529579176564e-05,979.5,252.43712088359746,0.0,damaging,SCN5A
IRS2 (8660)_damaging,0,0.0001922133456527,980.0,,0.0,damaging,IRS2
URI1 (8725)_damaging,0,3.9121724550714294e-05,980.5,251.02290732122438,0.0,damaging,URI1
GON4L (54856)_damaging,0,7.986950954551916e-05,980.75,156.81278646845098,0.0,damaging,GON4L
PLEKHA5 (54477)_damaging,0,0.0001304237858755,981.0,250.31580054003783,0.0,damaging,PLEKHA5
PRR14 (78994)_damaging,0,3.167713778593303e-05,981.0,158.39191898578665,0.0,damaging,PRR14
ZFPM2 (23414)_damaging,0,8.718538687627516e-05,981.0,198.27253970229967,0.0,damaging,ZFPM2
NFASC (23114)_damaging,0,6.377787659151497e-05,981.6,180.48351725296135,0.0,damaging,NFASC
IQSEC2 (23096)_damaging,0,7.558699294249024e-05,981.8,179.84076289873775,0.0,damaging,IQSEC2
CNNM2 (54805)_damaging,0,7.658884317462679e-05,982.25,240.45425760422708,0.0,damaging,CNNM2
RRBP1 (6238)_damaging,0,6.973149075030071e-05,982.25,122.72292641013198,0.0,damaging,RRBP1
NYAP2 (57624)_damaging,0,3.943425653934257e-05,983.0,155.56349186104046,0.0,damaging,NYAP2
TRPM4 (54795)_damaging,0,7.098110317783877e-05,984.25,113.546979998002,0.0,damaging,TRPM4
STAT2 (6773)_damaging,0,6.779374080972e-05,985.4,232.2289818261278,0.0,damaging,STAT2
SOBP (55084)_damaging,0,2.9302668718054548e-05,985.5,164.75588001646557,0.0,damaging,SOBP
PARD3 (56288)_damaging,0,3.224443325407936e-05,986.0,,0.0,damaging,PARD3
PDZRN4 (29951)_damaging,0,7.680193981936647e-05,988.0,129.4166398368721,0.0,damaging,PDZRN4
RLF (6018)_damaging,0,0.000190056238124,988.0,,0.0,damaging,RLF
SLC28A3 (64078)_damaging,0,3.818318083231236e-05,988.5,239.7091988222396,0.0,damaging,SLC28A3
ZFHX2 (85446)_damaging,0,2.6142526411445706e-05,988.5,102.5304832720494,0.0,damaging,ZFHX2
CCDC141 (285025)_damaging,0,6.673811682115968e-05,989.4,66.77424653262663,0.0,damaging,CCDC141
ABCB1 (5243)_damaging,0,8.226040109031454e-05,989.5,184.1620663075506,0.0,damaging,ABCB1
JAKMIP1 (152789)_damaging,0,6.646352678851724e-05,989.75,218.01892119722086,0.0,damaging,JAKMIP1
CDK13 (8621)_damaging,0,7.09662303456967e-05,990.0,176.608323699649,0.0,damaging,CDK13
P2RX2 (22953)_damaging,0,5.064668958294552e-05,990.0,,0.0,damaging,P2RX2
PATJ (10207)_damaging,0,3.495207161860944e-05,990.3333333333334,147.09294114040054,0.0,damaging,PATJ
KDM5B (10765)_damaging,0,3.6829669777125e-05,990.5,236.36765148104905,0.0,damaging,KDM5B
MAST1 (22983)_damaging,0,3.7388565562300004e-05,990.6666666666666,185.0954708612108,0.0,damaging,MAST1
CLCN3 (1182)_damaging,0,0.00011319638791616404,991.0,69.29646455628166,0.0,damaging,CLCN3
GOLGB1 (2804)_damaging,0,8.56323075787e-05,991.6666666666666,156.94054075774474,0.0,damaging,GOLGB1
ZNF608 (57507)_damaging,0,4.044281366232629e-05,993.0,155.4445238662334,0.0,damaging,ZNF608
CFAP44 (55779)_damaging,0,3.535315649926087e-05,993.5,232.63813101037414,0.0,damaging,CFAP44
FRY (10129)_damaging,0,7.383661766021805e-05,994.8,193.39002042504677,0.0,damaging,FRY
FLNB (2317)_damaging,0,5.9426097066584855e-05,995.0,232.31228981696168,0.0,damaging,FLNB
RXFP2 (122042)_damaging,0,2.784617723278485e-05,995.0,138.59292911256333,0.0,damaging,RXFP2
ACAP3 (116983)_damaging,0,2.9733199015680656e-05,996.0,,0.0,damaging,ACAP3
PDZD8 (118987)_damaging,0,0.000111730999648,996.0,137.17871555019022,0.0,damaging,PDZD8
RCBTB2 (1102)_damaging,0,0.0001054353100826,996.0,91.92388155425118,0.0,damaging,RCBTB2
CELSR1 (9620)_damaging,0,0.00011110852459737454,996.5,130.8147545195113,0.0,damaging,CELSR1
CUL9 (23113)_damaging,0,3.649938089690501e-05,996.5,149.19953083036154,0.0,damaging,CUL9
TNRC6A (27327)_damaging,0,7.803725321674233e-05,997.2,230.771965368413,0.0,damaging,TNRC6A
NPHS1 (4868)_damaging,0,3.08678423356697e-05,998.0,,0.0,damaging,NPHS1
WNT1 (7471)_damaging,0,6.371445505933695e-05,998.0,153.22369268491084,0.0,damaging,WNT1
JHY (79864)_damaging,0,0.0001839525981408,999.0,,0.0,damaging,JHY
AUTS2 (26053)_damaging,0,2.3188361771480996e-05,999.3333333333334,143.7857201996545,0.0,damaging,AUTS2
ERF (2077)_damaging,0,5.4891813267043485e-05,999.4,257.1979782191143,0.0,damaging,ERF
DDC (1644)_damaging,0,2.4253302875498112e-05,1000.0,86.2670273047588,0.0,damaging,DDC
HDAC9 (9734)_damaging,0,8.498013560010446e-05,1000.0,380.7558272699185,0.0,damaging,HDAC9
ITGA2 (3673)_damaging,0,3.319439065619091e-05,1000.0,223.44574285494903,0.0,damaging,ITGA2
SECISBP2 (79048)_damaging,0,3.5035757595125345e-05,1000.5,143.54267658086914,0.0,damaging,SECISBP2
MAP7D1 (55700)_damaging,0,5.586404201136688e-05,1000.6,174.3453469410641,0.0,damaging,MAP7D1
CIITA (4261)_damaging,0,2.792725744906948e-05,1001.0,,0.0,damaging,CIITA
CDKL3 (51265)_damaging,0,2.6582015095571783e-05,1002.0,128.69343417595164,0.0,damaging,CDKL3
MN1 (4330)_damaging,0,6.513394514968341e-05,1002.25,87.84218804196537,0.0,damaging,MN1
ZMIZ1 (57178)_damaging,0,8.160703498672483e-05,1002.25,212.07604768101464,0.0,damaging,ZMIZ1
TRIM24 (8805)_damaging,0,3.68278844198e-05,1002.75,231.6252361034954,0.0,damaging,TRIM24
ZMYM6 (9204)_damaging,0,3.775269822202609e-05,1003.6666666666666,166.0070279636779,0.0,damaging,ZMYM6
C2CD5 (9847)_damaging,0,0.00010712566406149964,1004.0,18.384776310850235,0.0,damaging,C2CD5
TRPM6 (140803)_damaging,0,6.411184996435406e-05,1004.2,95.25859541269755,0.0,damaging,TRPM6
CHD4 (1108)_damaging,0,7.281612053088291e-05,1004.75,142.04782058635516,0.0,damaging,CHD4
SMC1B (27127)_damaging,0,5.3220496776177596e-05,1005.2,137.65609321784487,0.0,damaging,SMC1B
ADAMTSL4 (54507)_damaging,0,3.0548852975178336e-05,1005.5,149.48021050738905,0.0,damaging,ADAMTSL4
KCP (375616)_damaging,0,7.349948205642108e-05,1005.5,116.53468725376722,0.0,damaging,KCP
NAA25 (80018)_damaging,0,8.386229059634482e-05,1006.5,378.3021279348029,0.0,damaging,NAA25
CPSF1 (29894)_damaging,0,6.195439216031522e-05,1006.6,144.8026242856116,0.0,damaging,CPSF1
EPRS1 (2058)_damaging,0,8.664570209689596e-05,1007.3333333333334,27.227437142216193,0.0,damaging,EPRS1
PTPRU (10076)_damaging,0,6.94682151542264e-05,1007.75,153.84922272580167,0.0,damaging,PTPRU
PLEKHG6 (55200)_damaging,0,2.9037259507395197e-05,1009.75,77.4655837560569,0.0,damaging,PLEKHG6
RASAL2 (9462)_damaging,0,0.0001781199767959,1010.0,,0.0,damaging,RASAL2
TPO (7173)_damaging,0,7.526516040183813e-05,1010.0,159.80300372646317,0.0,damaging,TPO
DMBT1 (1755)_damaging,0,5.8386713943657164e-05,1010.8,279.4229768648241,0.0,damaging,DMBT1
RNF111 (54778)_damaging,0,3.359556506490902e-05,1011.0,,0.0,damaging,RNF111
GLI1 (2735)_damaging,0,5.2203814815788383e-05,1011.8,278.8363319225097,0.0,damaging,GLI1
ARHGAP5 (394)_damaging,0,3.372958002305333e-05,1012.0,206.47518010647187,0.0,damaging,ARHGAP5
CDH22 (64405)_damaging,0,0.0001777481122323,1012.0,,0.0,damaging,CDH22
TMC1 (117531)_damaging,0,5.711781692581259e-05,1012.0,212.3927180170419,0.0,damaging,TMC1
DZIP3 (9666)_damaging,0,5.955635079564976e-05,1012.6,96.93967196148336,0.0,damaging,DZIP3
MROH2A (339766)_damaging,0,4.797907683858397e-05,1012.8,244.75436666176154,0.0,damaging,MROH2A
KDM2B (84678)_damaging,0,6.209414176806478e-05,1013.2,266.581507235592,0.0,damaging,KDM2B
INTS1 (26173)_damaging,0,2.5194639451982948e-05,1014.0,,0.0,damaging,INTS1
ADCY10 (55811)_damaging,0,2.984267144255106e-05,1014.6666666666666,133.08769038995803,0.0,damaging,ADCY10
ADAM23 (8745)_damaging,0,6.565629670026976e-05,1015.6666666666666,196.57144587486079,0.0,damaging,ADAM23
CC2D2B (387707)_damaging,0,7.556673398356668e-05,1015.6666666666666,107.430597751913,0.0,damaging,CC2D2B
LIMCH1 (22998)_damaging,0,6.267774206778287e-05,1016.0,324.18358996099727,0.0,damaging,LIMCH1
PTK7 (5754)_damaging,0,3.1992082095129686e-05,1016.0,,0.0,damaging,PTK7
TRIP12 (9320)_damaging,0,6.254423817636351e-05,1016.3333333333334,268.38840014675253,0.0,damaging,TRIP12
ABCA7 (10347)_damaging,0,5.487150011598101e-05,1017.0,127.99218726156687,0.0,damaging,ABCA7
ABCG2 (9429)_damaging,0,2.3068105938981603e-05,1017.0,,0.0,damaging,ABCG2
L3MBTL1 (26013)_damaging,0,4.533462363575087e-05,1017.0,,0.0,damaging,L3MBTL1
SH3PXD2A (9644)_damaging,0,2.68226134820867e-05,1017.5,61.518289963229634,0.0,damaging,SH3PXD2A
PRPF40B (25766)_damaging,0,2.8225713496694014e-05,1017.6666666666666,138.3485935357976,0.0,damaging,PRPF40B
SCAF8 (22828)_damaging,0,5.2509035347847724e-05,1017.8,156.65790755656096,0.0,damaging,SCAF8
LATS1 (9113)_damaging,0,3.0790322218603214e-05,1018.5,105.35891039679558,0.0,damaging,LATS1
ESF1 (51575)_damaging,0,7.049517461439165e-05,1019.0,141.53915830374766,0.0,damaging,ESF1
ALOX12B (242)_damaging,0,3.399058256753217e-05,1021.0,14.142135623730951,0.0,damaging,ALOX12B
HFM1 (164045)_damaging,0,6.0534143250667615e-05,1021.0,317.8962094772443,0.0,damaging,HFM1
CASKIN1 (57524)_damaging,0,7.428768359275186e-05,1021.5,375.4805809448295,0.0,damaging,CASKIN1
UNC5C (8633)_damaging,0,2.6435598402654075e-05,1022.25,87.43140168154689,0.0,damaging,UNC5C
GRIN2B (2904)_damaging,0,2.669696492258991e-05,1022.6666666666666,126.65043755681751,0.0,damaging,GRIN2B
ZZEF1 (23140)_damaging,0,5.4325647087489e-05,1023.2,129.17894565291977,0.0,damaging,ZZEF1
NRP2 (8828)_damaging,0,2.303903926296398e-05,1023.3333333333334,156.92779656049893,0.0,damaging,NRP2
TSPOAP1 (9256)_damaging,0,7.58205729864615e-05,1023.3333333333334,34.588051886935354,0.0,damaging,TSPOAP1
MED13 (9969)_damaging,0,5.464881172561262e-05,1023.6,116.54956027373078,0.0,damaging,MED13
KNL1 (57082)_damaging,0,8.423535555614084e-05,1023.6666666666666,156.37881356927264,0.0,damaging,KNL1
CRB1 (23418)_damaging,0,2.234831803484973e-05,1024.0,97.58073580374356,0.0,damaging,CRB1
ZNRF3 (84133)_damaging,0,0.0001009695651607498,1024.5,98.2878425849301,0.0,damaging,ZNRF3
PLCL1 (5334)_damaging,0,4.715532687567228e-05,1024.6,171.74195759918422,0.0,damaging,PLCL1
RBM6 (10180)_damaging,0,5.122066047452803e-05,1024.8,141.98133680170784,0.0,damaging,RBM6
MMUT (4594)_damaging,0,6.6562143286725e-05,1026.25,160.65153801525418,0.0,damaging,MMUT
RBBP6 (5930)_damaging,0,5.633824303851656e-05,1026.8,54.74212272099064,0.0,damaging,RBBP6
CYP7A1 (1581)_damaging,0,2.1830553435053295e-05,1027.0,,0.0,damaging,CYP7A1
FSTL4 (23105)_damaging,0,8.325810148023334e-05,1027.3333333333333,173.10786617982825,0.0,damaging,FSTL4
MUCL3 (135656)_damaging,0,5.6795910568931245e-05,1028.5,177.73857206582932,0.0,damaging,MUCL3
NECTIN3 (25945)_damaging,0,9.315190819245e-05,1028.5,45.96194077712559,0.0,damaging,NECTIN3
PTPN14 (5784)_damaging,0,5.507110546233531e-05,1029.2,51.353675623074935,0.0,damaging,PTPN14
ENTREP2 (23359)_damaging,0,1.40812320503696e-05,1030.0,,0.0,damaging,ENTREP2
SLCO1B3 (28234)_damaging,0,2.378004035217162e-05,1030.3333333333333,116.42307904076982,0.0,damaging,SLCO1B3
USP26 (83844)_damaging,0,4.9070169231375274e-05,1030.6,296.65771522075744,0.0,damaging,USP26
SSH2 (85464)_damaging,0,2.836098133012696e-05,1031.0,,0.0,damaging,SSH2
RBL2 (5934)_damaging,0,5.663986817156227e-05,1032.0,126.1507035255848,0.0,damaging,RBL2
LOXHD1 (125336)_damaging,0,4.599335560020525e-05,1032.6,279.09819060681855,0.0,damaging,LOXHD1
ZC3H12B (340554)_damaging,0,2.2815469556818277e-05,1034.3333333333333,109.50038051684267,0.0,damaging,ZC3H12B
F5 (2153)_damaging,0,5.307075625872038e-05,1036.25,190.53849129943973,0.0,damaging,F5
ITPR3 (3710)_damaging,0,5.866883526714292e-05,1036.25,102.87330395523742,0.0,damaging,ITPR3
ZIM3 (114026)_damaging,0,2.46109424360798e-05,1036.75,148.32705979242854,0.0,damaging,ZIM3
ERRFI1 (54206)_damaging,0,3.8184882678970035e-05,1037.4,224.42437479026205,0.0,damaging,ERRFI1
CYC1 (1537)_damaging,0,8.674924156693985e-05,1037.5,341.5325753131024,0.0,damaging,CYC1
PTPN12 (5782)_damaging,0,7.133396653197971e-05,1038.0,48.38388161361178,0.0,damaging,PTPN12
ZBTB21 (49854)_damaging,0,2.1925973662060595e-05,1038.3333333333333,154.4355313175479,0.0,damaging,ZBTB21
PHRF1 (57661)_damaging,0,7.172218747423334e-05,1039.0,101.42484902626181,0.0,damaging,PHRF1
SDK2 (54549)_damaging,0,4.455626463870833e-05,1041.0,153.59036428109673,0.0,damaging,SDK2
AK5 (26289)_damaging,0,2.5384774886220635e-05,1041.5,164.75588001646557,0.0,damaging,AK5
TJP3 (27134)_damaging,0,2.5091743426041255e-05,1041.5,164.75588001646557,0.0,damaging,TJP3
AFF4 (27125)_damaging,0,1.6643697856932177e-05,1041.6666666666667,96.81081206834973,0.0,damaging,AFF4
NACA (4666)_damaging,0,5.827195040381569e-05,1042.25,67.96261227076742,0.0,damaging,NACA
POSTN (10631)_damaging,0,2.1513616743638265e-05,1042.6666666666667,95.08066750572027,0.0,damaging,POSTN
SLIT1 (6585)_damaging,0,5.902401967637251e-05,1043.0,37.08548682885707,0.0,damaging,SLIT1
KMT2E (55904)_damaging,0,4.739649346413332e-05,1043.2,97.76093289243919,0.0,damaging,KMT2E
HIVEP1 (3096)_damaging,0,4.567187106818926e-05,1044.0,160.31219541881399,0.0,damaging,HIVEP1
NCAM1 (4684)_damaging,0,4.852819843070143e-05,1044.6,89.48910548217586,0.0,damaging,NCAM1
PARP10 (84875)_damaging,0,6.324902750971386e-05,1045.6666666666667,19.295940851208382,0.0,damaging,PARP10
NKAPD1 (55216)_damaging,0,5.209099058727898e-05,1046.75,47.14781719938545,0.0,damaging,NKAPD1
FOXK2 (3607)_damaging,0,2.426237176105518e-05,1047.0,65.05382386916237,0.0,damaging,FOXK2
WDR97 (340390)_damaging,0,2.0838544738599903e-05,1047.0,19.79898987322333,0.0,damaging,WDR97
MYO15B (80022)_damaging,0,3.613105129313803e-05,1047.4,224.4778385498221,0.0,damaging,MYO15B
ZMYM2 (7750)_damaging,0,1.6536499049136416e-05,1047.5,77.07463914933368,0.0,damaging,ZMYM2
RAPGEF5 (9771)_damaging,0,6.042034500096426e-05,1047.6666666666667,143.4654429935423,0.0,damaging,RAPGEF5
CHD7 (55636)_damaging,0,5.18172095045834e-05,1047.75,164.07797942848188,0.0,damaging,CHD7
WDR81 (124997)_damaging,0,6.025821645734539e-05,1048.0,130.4568894309534,0.0,damaging,WDR81
HOXB3 (3213)_damaging,0,6.636157500289665e-05,1048.3333333333333,174.59190511972002,0.0,damaging,HOXB3
TDRD6 (221400)_damaging,0,3.9157494639019995e-05,1048.4,245.52352229470804,0.0,damaging,TDRD6
IGSF9 (57549)_damaging,0,0.0001611533958225,1049.0,,0.0,damaging,IGSF9
SLC5A7 (60482)_damaging,0,1.5971392173443337e-05,1049.0,,0.0,damaging,SLC5A7
UGT2B28 (54490)_damaging,0,1.5347281737353517e-05,1050.5,72.8319984622144,0.0,damaging,UGT2B28
NOL11 (25926)_damaging,0,6.632696356707745e-05,1050.6666666666667,63.97134775298493,0.0,damaging,NOL11
CLUH (23277)_damaging,0,1.8011874215175613e-05,1051.0,136.39892472694447,0.0,damaging,CLUH
SHROOM4 (57477)_damaging,0,1.5907800007814852e-05,1051.0,,0.0,damaging,SHROOM4
RIN1 (9610)_damaging,0,5.01228123938771e-05,1051.4,95.48979003013882,0.0,damaging,RIN1
SCN10A (6336)_damaging,0,1.804717924779637e-05,1052.3333333333333,125.92193348790879,0.0,damaging,SCN10A
TNK2 (10188)_damaging,0,4.1592639981956404e-05,1052.6,173.38483209323707,0.0,damaging,TNK2
TANC1 (85461)_damaging,0,3.667845548487388e-05,1053.0,,0.0,damaging,TANC1
PLCB3 (5331)_damaging,0,1.7816746976936404e-05,1053.6666666666667,128.59367532399617,0.0,damaging,PLCB3
SEC16A (9919)_damaging,0,9.04445872063e-05,1054.0,67.88225099390856,0.0,damaging,SEC16A
TIE1 (7075)_damaging,0,4.381348679174021e-05,1054.0,86.46097385526025,0.0,damaging,TIE1
ARHGAP30 (257106)_damaging,0,1.713890286119641e-05,1054.3333333333333,134.0161681788184,0.0,damaging,ARHGAP30
IGF2R (3482)_damaging,0,6.524048573633832e-05,1055.6666666666667,133.24538766251288,0.0,damaging,IGF2R
TLN2 (83660)_damaging,0,3.7848356672934e-05,1056.0,146.37793549575701,0.0,damaging,TLN2
BOD1L1 (259282)_damaging,0,5.3351887264424277e-05,1057.0,52.00640986134946,0.0,damaging,BOD1L1
PKDREJ (10343)_damaging,0,3.7883010081061694e-05,1057.0,186.25251676151922,0.0,damaging,PKDREJ
DOCK1 (1793)_damaging,0,7.93355780229e-05,1057.5,4.949747468305833,0.0,damaging,DOCK1
B4GALNT4 (338707)_damaging,0,4.503864094095424e-05,1058.0,109.65172137271718,0.0,damaging,B4GALNT4
PHACTR1 (221692)_damaging,0,5.260599944893238e-05,1058.25,94.34113630861145,0.0,damaging,PHACTR1
PRR12 (57479)_damaging,0,3.672295059407574e-05,1058.8,215.7595884311981,0.0,damaging,PRR12
MYO3A (53904)_damaging,0,7.210445180707633e-05,1059.0,119.67873662434776,0.0,damaging,MYO3A
DOCK11 (139818)_damaging,0,1.2237758552410045e-05,1059.25,103.44523510856682,0.0,damaging,DOCK11
SPATA16 (83893)_damaging,0,4.1933441171351546e-05,1060.0,184.4089657979423,0.0,damaging,SPATA16
PHF2 (5253)_damaging,0,7.691027606174364e-06,1060.6666666666667,41.50100400391936,0.0,damaging,PHF2
ADARB2 (105)_damaging,0,0.0,1061.0,,0.0,damaging,ADARB2
ARHGAP24 (83478)_damaging,0,0.0,1061.0,,0.0,damaging,ARHGAP24
CKAP5 (9793)_damaging,0,0.0,1061.0,,0.0,damaging,CKAP5
DIAPH3 (81624)_damaging,0,0.0,1061.0,,0.0,damaging,DIAPH3
EPHB4 (2050)_damaging,0,0.0,1061.0,,0.0,damaging,EPHB4
IKZF1 (10320)_damaging,0,0.0,1061.0,,0.0,damaging,IKZF1
MCF2 (4168)_damaging,0,0.0,1061.0,,0.0,damaging,MCF2
MEGF11 (84465)_damaging,0,0.0,1061.0,,0.0,damaging,MEGF11
PSD3 (23362)_damaging,0,0.0,1061.0,,0.0,damaging,PSD3
SAP130 (79595)_damaging,0,0.0,1061.0,,0.0,damaging,SAP130
SARDH (1757)_damaging,0,0.0,1061.0,,0.0,damaging,SARDH
STXBP5 (134957)_damaging,0,1.2655261566470603e-05,1061.0,97.0,0.0,damaging,STXBP5
ZNF429 (353088)_damaging,0,0.0,1061.0,,0.0,damaging,ZNF429
DNAH2 (146754)_damaging,0,3.620104564528043e-05,1061.2,227.50978000956354,0.0,damaging,DNAH2
TECTA (7007)_damaging,0,4.207904325409437e-05,1061.2,62.2751957042288,0.0,damaging,TECTA
TMEM132D (121256)_damaging,0,4.314798585173506e-05,1061.8,68.6563908168788,0.0,damaging,TMEM132D
SETD1A (9739)_damaging,0,3.543016283463129e-05,1062.2,213.76435624303693,0.0,damaging,SETD1A
USP13 (8975)_damaging,0,3.889859623465277e-05,1062.2,168.62888246086433,0.0,damaging,USP13
POLR1A (25885)_damaging,0,5.098886710947674e-06,1062.5,2.1213203435596424,0.0,damaging,POLR1A
NLRP7 (199713)_damaging,0,5.52355632306919e-05,1062.6666666666667,264.2050970994567,0.0,damaging,NLRP7
PAPPA (5069)_damaging,0,1.3967528975259864e-05,1063.0,,0.0,damaging,PAPPA
CHSY3 (337876)_damaging,0,8.628718916145e-05,1064.0,53.74011537017761,0.0,damaging,CHSY3
KCNQ3 (3786)_damaging,0,3.5619096724635956e-05,1064.0,165.44032156641865,0.0,damaging,KCNQ3
SMC4 (10051)_damaging,0,1.6532221534283875e-05,1064.0,47.51841748206687,0.0,damaging,SMC4
NUMA1 (4926)_damaging,0,1.6525697429964294e-05,1064.25,80.20130921624661,0.0,damaging,NUMA1
RPGR (6103)_damaging,0,4.085484379264257e-05,1064.25,216.4137626553974,0.0,damaging,RPGR
CAMTA1 (23261)_damaging,0,1.3311620242618452e-05,1064.6666666666667,26.689573494781317,0.0,damaging,CAMTA1
USP16 (10600)_damaging,0,3.8562410018334356e-05,1064.75,123.36767539892017,0.0,damaging,USP16
ZMYM4 (9202)_damaging,0,3.671128584747284e-05,1065.2,131.1190298926895,0.0,damaging,ZMYM4
ZBBX (79740)_damaging,0,5.145796533446566e-05,1065.3333333333333,238.5923999907234,0.0,damaging,ZBBX
SIPA1L1 (26037)_damaging,0,1.2588458584095296e-05,1065.5,38.890872965260115,0.0,damaging,SIPA1L1
AHCTF1 (25909)_damaging,0,1.6623956684974035e-05,1066.5,7.7781745930520225,0.0,damaging,AHCTF1
DNAI3 (126820)_damaging,0,2.039950368774469e-05,1066.5,129.4005409571382,0.0,damaging,DNAI3
ZNF90 (7643)_damaging,0,9.662467452985e-05,1066.5,129.4005409571382,0.0,damaging,ZNF90
MICAL2 (9645)_damaging,0,3.217173966107749e-06,1067.0,8.48528137423857,0.0,damaging,MICAL2
OR4P4 (81300)_damaging,0,4.4191792718942996e-05,1067.8,75.14785426078377,0.0,damaging,OR4P4
SNX19 (399979)_damaging,0,3.417909269643938e-05,1068.0,,0.0,damaging,SNX19
ANKAR (150709)_damaging,0,3.320958810104095e-05,1071.0,192.08721977268556,0.0,damaging,ANKAR
FHAD1 (114827)_damaging,0,5.920537047389193e-05,1071.0,160.30907647416598,0.0,damaging,FHAD1
EPHA2 (1969)_damaging,0,4.139258356104e-05,1071.2,80.24151045437765,0.0,damaging,EPHA2
CNGB1 (1258)_damaging,0,3.991498044185424e-05,1072.0,275.0872588834314,0.0,damaging,CNGB1
UBAP2L (9898)_damaging,0,4.11045938488e-05,1072.0,78.63523383318703,0.0,damaging,UBAP2L
RBM44 (375316)_damaging,0,1.9560621717223848e-05,1072.5,120.91525958289962,0.0,damaging,RBM44
GPR158 (57512)_damaging,0,4.1988592225175e-05,1072.75,30.70694818223828,0.0,damaging,GPR158
SEL1L2 (80343)_damaging,0,6.0496825122448196e-05,1073.0,89.26925562588724,0.0,damaging,SEL1L2
CHD1 (1105)_damaging,0,1.2656201942939202e-05,1074.3333333333333,100.40086321010062,0.0,damaging,CHD1
CADPS2 (93664)_damaging,0,1.1279084801365516e-05,1074.75,18.37344097694644,0.0,damaging,CADPS2
ZNF43 (7594)_damaging,0,1.6668051685707784e-05,1075.0,117.37972567696688,0.0,damaging,ZNF43
PAN3 (255967)_damaging,0,1.807994028844203e-05,1075.5,24.748737341529164,0.0,damaging,PAN3
PRRC2C (23215)_damaging,0,4.308963660255292e-07,1075.5,20.506096654409877,0.0,damaging,PRRC2C
TAF4 (6874)_damaging,0,7.886972178475264e-06,1075.5,24.748737341529164,0.0,damaging,TAF4
TEX10 (54881)_damaging,0,1.8479787751304235e-05,1075.5,116.67261889578035,0.0,damaging,TEX10
ZNF569 (148266)_damaging,0,4.805696206310785e-06,1076.0,,0.0,damaging,ZNF569
CENPE (1062)_damaging,0,8.281695112493397e-06,1076.25,73.23193747721459,0.0,damaging,CENPE
ADAMTSL1 (92949)_damaging,0,0.0,1077.0,22.627416997969522,0.0,damaging,ADAMTSL1
GREB1L (80000)_damaging,0,0.0,1077.0,22.627416997969522,0.0,damaging,GREB1L
SLC25A13 (10165)_damaging,0,0.0,1077.0,22.627416997969522,0.0,damaging,SLC25A13
SPRED1 (161742)_damaging,0,0.0,1077.0,22.627416997969522,0.0,damaging,SPRED1
ITGA1 (3672)_damaging,0,0.0001476651080779,1078.0,,0.0,damaging,ITGA1
ATP8A1 (10396)_damaging,0,0.0,1081.5,28.991378028648448,0.0,damaging,ATP8A1
EGFR (1956)_damaging,0,1.701608645578393e-05,1081.5,16.263455967290593,0.0,damaging,EGFR
HPS5 (11234)_damaging,0,0.0,1081.5,28.991378028648448,0.0,damaging,HPS5
SETDB1 (9869)_damaging,0,0.0,1081.5,28.991378028648448,0.0,damaging,SETDB1
TNIK (23043)_damaging,0,0.0,1081.5,28.991378028648448,0.0,damaging,TNIK
ARHGEF11 (9826)_damaging,0,6.446468396488707e-06,1082.0,,0.0,damaging,ARHGEF11
PASK (23178)_damaging,0,0.0001466554970081,1083.0,,0.0,damaging,PASK
KIF15 (56992)_damaging,0,4.3734132836275e-05,1083.5,57.529702473302144,0.0,damaging,KIF15
ZSWIM5 (57643)_damaging,0,3.991752143234079e-06,1084.0,,0.0,damaging,ZSWIM5
DNHD1 (144132)_damaging,0,7.661369027487459e-06,1084.25,17.72709790123583,0.0,damaging,DNHD1
ACADVL (37)_damaging,0,1.7167290609400016e-05,1084.5,24.748737341529164,0.0,damaging,ACADVL
WAPL (23063)_damaging,0,5.2855508583113084e-05,1084.6666666666667,184.2887227513755,0.0,damaging,WAPL
ATP2B4 (493)_damaging,0,3.548200825676e-05,1085.4,53.48177259590411,0.0,damaging,ATP2B4
SLC4A11 (83959)_damaging,0,5.53477201261e-05,1085.6666666666667,63.689350234818185,0.0,damaging,SLC4A11
AXIN2 (8313)_damaging,0,3.647603382994307e-05,1087.0,129.4758664771161,0.0,damaging,AXIN2
MYRFL (196446)_damaging,0,0.0001461256441798,1087.0,,0.0,damaging,MYRFL
SLIT3 (6586)_damaging,0,4.747546680333333e-05,1087.3333333333333,22.854612955229282,0.0,damaging,SLIT3
WDR90 (197335)_damaging,0,9.46681091673803e-06,1088.6666666666667,76.87218829546438,0.0,damaging,WDR90
PIK3C2G (5288)_damaging,0,3.8408282405715805e-05,1089.3333333333333,184.1421552315855,0.0,damaging,PIK3C2G
MFRP (83552)_damaging,0,3.9289149098101056e-05,1090.6666666666667,172.42486286302605,0.0,damaging,MFRP
TRPA1 (8989)_damaging,0,5.592337670909513e-06,1090.75,20.66196183005541,0.0,damaging,TRPA1
KLHL14 (57565)_damaging,0,2.7997545646974404e-05,1091.0,,0.0,damaging,KLHL14
MARK4 (57787)_damaging,0,1.408542573649569e-05,1091.5,2.1213203435596424,0.0,damaging,MARK4
WWOX (51741)_damaging,0,2.1953542116743558e-06,1092.0,,0.0,damaging,WWOX
ADAMTS5 (11096)_damaging,0,0.0,1093.0,,0.0,damaging,ADAMTS5
CDH16 (1014)_damaging,0,0.0,1093.0,,0.0,damaging,CDH16
DENND4A (10260)_damaging,0,0.0,1093.0,,0.0,damaging,DENND4A
ERCC6 (2074)_damaging,0,0.0,1093.0,,0.0,damaging,ERCC6
HELZ (9931)_damaging,0,0.0,1093.0,,0.0,damaging,HELZ
KIF6 (221458)_damaging,0,0.0,1093.0,,0.0,damaging,KIF6
LAMA4 (3910)_damaging,0,0.0,1093.0,,0.0,damaging,LAMA4
MAGEC1 (9947)_damaging,0,0.0,1093.0,,0.0,damaging,MAGEC1
MAN2B2 (23324)_damaging,0,0.0,1093.0,,0.0,damaging,MAN2B2
MROH1 (727957)_damaging,0,0.0,1093.0,,0.0,damaging,MROH1
MRPS10 (55173)_damaging,0,0.0,1093.0,,0.0,damaging,MRPS10
MTUS2 (23281)_damaging,0,0.0,1093.0,,0.0,damaging,MTUS2
NFATC1 (4772)_damaging,0,0.0,1093.0,,0.0,damaging,NFATC1
PHLDB2 (90102)_damaging,0,0.0,1093.0,,0.0,damaging,PHLDB2
RECQL4 (9401)_damaging,0,0.0,1093.0,,0.0,damaging,RECQL4
RICTOR (253260)_damaging,0,0.0,1093.0,,0.0,damaging,RICTOR
SLCO1C1 (53919)_damaging,0,0.0,1093.0,,0.0,damaging,SLCO1C1
TDRD1 (56165)_damaging,0,0.0,1093.0,,0.0,damaging,TDRD1
ZNF677 (342926)_damaging,0,0.0,1093.0,,0.0,damaging,ZNF677
ARHGEF17 (9828)_damaging,0,2.0974404733418654e-05,1095.4,196.67816350576393,0.0,damaging,ARHGEF17
SKIC3 (9652)_damaging,0,3.853345132075e-05,1096.0,45.43860326491855,0.0,damaging,SKIC3
CNTRL (11064)_damaging,0,2.5988206822623012e-05,1096.8,191.52467203992282,0.0,damaging,CNTRL
FLCN (201163)_damaging,0,4.457559484715255e-06,1097.3333333333333,63.129496539520524,0.0,damaging,FLCN
GIGYF2 (26058)_damaging,0,4.320661686336606e-05,1097.3333333333333,275.06423492219653,0.0,damaging,GIGYF2
MAP4K4 (9448)_damaging,0,0.0,1097.5,6.363961030678928,0.0,damaging,MAP4K4
MEN1 (4221)_damaging,0,0.0,1097.5,6.363961030678928,0.0,damaging,MEN1
MTIF2 (4528)_damaging,0,0.0,1097.5,6.363961030678928,0.0,damaging,MTIF2
OTUD7B (56957)_damaging,0,1.2072256705805956e-05,1097.5,6.363961030678928,0.0,damaging,OTUD7B
TJP2 (9414)_damaging,0,0.0,1097.5,6.363961030678928,0.0,damaging,TJP2
AP4E1 (23431)_damaging,0,3.520341898651162e-05,1098.0,227.54120505965508,0.0,damaging,AP4E1
HECTD4 (283450)_damaging,0,2.72524080510644e-05,1098.25,219.82777349552535,0.0,damaging,HECTD4
DEUP1 (159989)_damaging,0,4.930915073991459e-05,1098.6666666666667,131.45848520857575,0.0,damaging,DEUP1
SYNPO2L (79933)_damaging,0,2.579026875380348e-05,1100.0,,0.0,damaging,SYNPO2L
SLC44A5 (204962)_damaging,0,2.5371743683173743e-05,1100.25,222.86075622833798,0.0,damaging,SLC44A5
ATAD2B (54454)_damaging,0,2.9069639039319998e-05,1100.4,35.641268215370786,0.0,damaging,ATAD2B
SLC16A12 (387700)_damaging,0,5.4364364517333334e-05,1100.6666666666667,58.011493114152245,0.0,damaging,SLC16A12
HTT (3064)_damaging,0,3.274206794268638e-05,1101.0,89.57306142659932,0.0,damaging,HTT
LOXL3 (84695)_damaging,0,3.1666288755775e-05,1101.0,35.93512673323047,0.0,damaging,LOXL3
TTLL6 (284076)_damaging,0,0.0001417827997231,1101.0,,0.0,damaging,TTLL6
SORBS2 (8470)_damaging,0,2.2716873541370123e-05,1101.75,169.26778587000345,0.0,damaging,SORBS2
ADGRD2 (347088)_damaging,0,0.0,1102.0,,0.0,damaging,ADGRD2
ADNP (23394)_damaging,0,0.0,1102.0,,0.0,damaging,ADNP
ARAP3 (64411)_damaging,0,0.0,1102.0,,0.0,damaging,ARAP3
BRD10 (158358)_damaging,0,0.0,1102.0,,0.0,damaging,BRD10
CCDC88C (440193)_damaging,0,0.0,1102.0,,0.0,damaging,CCDC88C
CHERP (10523)_damaging,0,0.0,1102.0,,0.0,damaging,CHERP
DVL1 (1855)_damaging,0,0.0,1102.0,,0.0,damaging,DVL1
FUBP1 (8880)_damaging,0,0.0,1102.0,,0.0,damaging,FUBP1
GNAS (2778)_damaging,0,0.0,1102.0,,0.0,damaging,GNAS
ITGAM (3684)_damaging,0,0.0,1102.0,,0.0,damaging,ITGAM
LRRIQ3 (127255)_damaging,0,0.0,1102.0,,0.0,damaging,LRRIQ3
NAA35 (60560)_damaging,0,0.0,1102.0,,0.0,damaging,NAA35
PDE6C (5146)_damaging,0,0.0,1102.0,,0.0,damaging,PDE6C
REXO1 (57455)_damaging,0,0.0,1102.0,,0.0,damaging,REXO1
SEC31B (25956)_damaging,0,0.0,1102.0,,0.0,damaging,SEC31B
SPAG9 (9043)_damaging,0,0.0,1102.0,,0.0,damaging,SPAG9
SPOCD1 (90853)_damaging,0,0.0,1102.0,,0.0,damaging,SPOCD1
TEX11 (56159)_damaging,0,0.0,1102.0,,0.0,damaging,TEX11
TEX14 (56155)_damaging,0,0.0,1102.0,,0.0,damaging,TEX14
TMC8 (147138)_damaging,0,0.0,1102.0,,0.0,damaging,TMC8
ULK1 (8408)_damaging,0,0.0,1102.0,,0.0,damaging,ULK1
VWA5B2 (90113)_damaging,0,0.0,1102.0,,0.0,damaging,VWA5B2
XPO7 (23039)_damaging,0,0.0,1102.0,,0.0,damaging,XPO7
ZBED4 (9889)_damaging,0,0.0,1102.0,,0.0,damaging,ZBED4
ZNF735 (730291)_damaging,0,0.0,1102.0,,0.0,damaging,ZNF735
PIGO (84720)_damaging,0,3.4073387288998395e-05,1102.25,156.05421066625107,0.0,damaging,PIGO
PTPN21 (11099)_damaging,0,2.6867429404641407e-05,1102.5,171.16171690343998,0.0,damaging,PTPN21
DSEL (92126)_damaging,0,0.0,1103.5,40.36913012026228,0.0,damaging,DSEL
FRMD4A (55691)_damaging,0,0.0,1103.5,40.36913012026228,0.0,damaging,FRMD4A
SLC12A7 (10723)_damaging,0,2.8765258103931053e-05,1103.6,97.50025640991925,0.0,damaging,SLC12A7
ATM (472)_hotspot,0,4.197000863143333e-05,1104.0,44.034077712607996,0.0,hotspot,ATM
WDR33 (55339)_damaging,0,0.0,1104.0,49.42671342502959,0.0,damaging,WDR33
SOX9 (6662)_damaging,0,2.937173371905164e-05,1104.4,31.04512844231765,0.0,damaging,SOX9
NAV1 (89796)_damaging,0,2.5234492477411495e-05,1104.75,176.9225348375196,0.0,damaging,NAV1
CYLC1 (1538)_damaging,0,4.783219980666944e-05,1106.0,410.1219330881976,0.0,damaging,CYLC1
TG (7038)_damaging,0,3.5054651002475e-05,1107.0,39.75759885439095,0.0,damaging,TG
USH1C (10083)_damaging,0,0.0,1107.0,48.692915295759406,0.0,damaging,USH1C
POLD1 (5424)_damaging,0,2.2334506169078094e-05,1107.2,128.10425441803253,0.0,damaging,POLD1
ADAMTS19 (171019)_damaging,0,3.5310184195484294e-06,1107.6666666666667,47.752835866923476,0.0,damaging,ADAMTS19
PRDM9 (56979)_damaging,0,1.855025155088697e-05,1108.2,159.0682243567206,0.0,damaging,PRDM9
AKAP7 (9465)_damaging,0,3.66880093514e-05,1108.75,33.83661724621223,0.0,damaging,AKAP7
NRXN2 (9379)_damaging,0,3.434184393153551e-05,1108.75,119.31575755112986,0.0,damaging,NRXN2
SLCO5A1 (81796)_damaging,0,0.0,1109.5,68.58935777509511,0.0,damaging,SLCO5A1
TCHH (7062)_damaging,0,0.0,1109.5,68.58935777509511,0.0,damaging,TCHH
PYHIN1 (149628)_damaging,0,6.549118440309822e-05,1111.0,151.32085117392117,0.0,damaging,PYHIN1
A2ML1 (144568)_damaging,0,2.943549425773865e-05,1111.5,142.98368205265007,0.0,damaging,A2ML1
MXRA8 (54587)_damaging,0,2.491242351414243e-05,1112.8,45.77881606158028,0.0,damaging,MXRA8
SORCS3 (22986)_damaging,0,1.706255806390764e-05,1113.6,152.95031873127954,0.0,damaging,SORCS3
CRACDL (343990)_damaging,0,2.2656410356155765e-05,1113.75,194.97072429811948,0.0,damaging,CRACDL
ATN1 (1822)_damaging,0,3.3484515042280444e-05,1115.0,104.12812620357032,0.0,damaging,ATN1
SAFB (6294)_damaging,0,2.4191862442475623e-05,1115.0,46.32493928760188,0.0,damaging,SAFB
USP8 (9101)_damaging,0,3.554351891067476e-05,1115.3333333333333,246.78195503993666,0.0,damaging,USP8
DIP2B (57609)_damaging,0,3.0525004203802355e-05,1116.25,119.41907999422314,0.0,damaging,DIP2B
GOLGA3 (2802)_damaging,0,0.0,1117.6666666666667,35.218366420567186,0.0,damaging,GOLGA3
MIDEAS (91748)_damaging,0,1.1751805354825256e-05,1117.8,182.2147085171776,0.0,damaging,MIDEAS
CLTC (1213)_damaging,0,2.5432480398360155e-06,1118.0,48.08326112068523,0.0,damaging,CLTC
EIF4G3 (8672)_damaging,0,1.9722056958786475e-05,1118.0,,0.0,damaging,EIF4G3
TAF1C (9013)_damaging,0,3.65720424267413e-05,1118.0,125.76565508913791,0.0,damaging,TAF1C
RAPGEF2 (9693)_damaging,0,2.0086166245470722e-05,1118.6,100.74621580982584,0.0,damaging,RAPGEF2
ZNF711 (7552)_damaging,0,3.3210147715e-05,1120.75,29.409465596414137,0.0,damaging,ZNF711
EMILIN1 (11117)_damaging,0,3.077643725696756e-05,1121.3333333333333,235.78026493609119,0.0,damaging,EMILIN1
RAD51AP2 (729475)_damaging,0,1.8430092423242387e-05,1121.4,142.95908505582986,0.0,damaging,RAD51AP2
ATXN1 (6310)_damaging,0,1.1746650851142785e-05,1122.8,170.04322979760178,0.0,damaging,ATXN1
NTRK3 (4916)_damaging,0,6.225363277855e-05,1123.0,42.42640687119285,0.0,damaging,NTRK3
RALGAPB (57148)_damaging,0,3.361853334665482e-05,1123.25,36.252586114648444,0.0,damaging,RALGAPB
COL6A1 (1291)_damaging,0,3.604405913872454e-05,1124.3333333333333,109.41815815180462,0.0,damaging,COL6A1
DOCK10 (55619)_damaging,0,4.505536810956521e-05,1125.0,115.94826432508596,0.0,damaging,DOCK10
DTX1 (1840)_damaging,0,1.7448599696074957e-05,1125.4,107.78357945438627,0.0,damaging,DTX1
ABCC1 (4363)_damaging,0,0.0,1125.5,45.96194077712559,0.0,damaging,ABCC1
ANO6 (196527)_damaging,0,0.0,1125.5,45.96194077712559,0.0,damaging,ANO6
CEPT1 (10390)_damaging,0,0.0,1125.5,45.96194077712559,0.0,damaging,CEPT1
CFH (3075)_damaging,0,0.0,1125.5,45.96194077712559,0.0,damaging,CFH
GAB2 (9846)_damaging,0,0.0,1125.5,45.96194077712559,0.0,damaging,GAB2
NFAT5 (10725)_damaging,0,0.0,1125.5,45.96194077712559,0.0,damaging,NFAT5
ZC3H4 (23211)_damaging,0,0.0,1125.5,45.96194077712559,0.0,damaging,ZC3H4
CLSPN (63967)_damaging,0,2.2304895147445492e-05,1127.25,174.96547278439442,0.0,damaging,CLSPN
KNTC1 (9735)_damaging,0,3.0441433282179526e-05,1128.5,40.05413004090006,0.0,damaging,KNTC1
ADAR (103)_damaging,0,0.0,1130.0,39.59797974644666,0.0,damaging,ADAR
CTNND2 (1501)_damaging,0,0.0,1130.0,39.59797974644666,0.0,damaging,CTNND2
DMTN (2039)_damaging,0,3.98586479932e-05,1130.0,60.108235708594876,0.0,damaging,DMTN
MAN2B1 (4125)_damaging,0,0.0,1130.0,39.59797974644666,0.0,damaging,MAN2B1
TOPAZ1 (375337)_damaging,0,0.0,1130.0,39.59797974644666,0.0,damaging,TOPAZ1
RSU1P2 (100133308)_damaging,0,2.8572308578984044e-05,1130.5,71.11727403849692,0.0,damaging,RSU1P2
RTL1 (388015)_damaging,0,1.5032227626641346e-05,1132.2,104.11868228132741,0.0,damaging,RTL1
KIF5C (3800)_damaging,0,2.5451293359604628e-05,1132.25,126.35498934879197,0.0,damaging,KIF5C
MORC4 (79710)_damaging,0,1.4212672245042454e-05,1133.0,,0.0,damaging,MORC4
COL16A1 (1307)_damaging,0,1.0021040362991384e-05,1135.6,168.7729243688098,0.0,damaging,COL16A1
AOPEP (84909)_damaging,0,0.0001303631700025,1136.0,,0.0,damaging,AOPEP
CHD3 (1107)_damaging,0,8.470097547796252e-06,1137.0,149.25649064613572,0.0,damaging,CHD3
UBR1 (197131)_damaging,0,2.8426407452584844e-05,1141.3333333333333,121.91116984646374,0.0,damaging,UBR1
CORO7 (79585)_damaging,0,4.0166197710133334e-05,1142.3333333333333,35.218366420567136,0.0,damaging,CORO7
PALM2AKAP2 (445815)_damaging,0,2.1718705553898994e-05,1142.6666666666667,227.73961739963764,0.0,damaging,PALM2AKAP2
MYPN (84665)_damaging,0,1.900795582317751e-05,1143.0,87.82178924769563,0.0,damaging,MYPN
TICAM1 (148022)_damaging,0,9.873173442489944e-06,1143.4,130.20867866620873,0.0,damaging,TICAM1
RUSC2 (9853)_damaging,0,2.290369906792973e-05,1143.75,68.38311195024689,0.0,damaging,RUSC2
SALL4 (57167)_damaging,0,5.504860303725e-05,1144.0,59.39696961966999,0.0,damaging,SALL4
ZC3H7B (23264)_damaging,0,8.257287386221458e-06,1148.0,105.46800462699578,0.0,damaging,ZC3H7B
CENPJ (55835)_damaging,0,1.7925228216749818e-05,1149.3333333333333,251.11219272136776,0.0,damaging,CENPJ
NUP205 (23165)_damaging,0,7.971581899827347e-06,1149.4,108.42647278225,0.0,damaging,NUP205
ABCA1 (19)_damaging,0,4.610422515343459e-05,1153.5,198.69700551341987,0.0,damaging,ABCA1
PCDH19 (57526)_damaging,0,1.4672538098774478e-05,1154.0,102.06207261596572,0.0,damaging,PCDH19
C2CD6 (151254)_damaging,0,6.264244609625e-05,1154.5,4.949747468305833,0.0,damaging,C2CD6
STAT6 (6778)_damaging,0,1.795230905767575e-05,1155.75,81.4140651239084,0.0,damaging,STAT6
ZBTB7C (201501)_damaging,0,4.400570122221067e-06,1155.8,125.5336608244976,0.0,damaging,ZBTB7C
TTC21B (79809)_damaging,0,4.655009168950179e-06,1156.4,123.34626058377289,0.0,damaging,TTC21B
NLGN3 (54413)_damaging,0,2.3930948952455585e-07,1157.0,,0.0,damaging,NLGN3
ACVR1B (91)_damaging,0,0.0,1158.0,,0.0,damaging,ACVR1B
ADCY2 (108)_damaging,0,0.0,1158.0,,0.0,damaging,ADCY2
ATP10D (57205)_damaging,0,0.0,1158.0,,0.0,damaging,ATP10D
B3GNT5 (84002)_damaging,0,0.0,1158.0,,0.0,damaging,B3GNT5
CFAP251 (144406)_damaging,0,0.0,1158.0,,0.0,damaging,CFAP251
COL8A2 (1296)_damaging,0,0.0,1158.0,,0.0,damaging,COL8A2
CPD (1362)_damaging,0,0.0,1158.0,,0.0,damaging,CPD
FMR1 (2332)_damaging,0,0.0,1158.0,,0.0,damaging,FMR1
HOXD11 (3237)_damaging,0,0.0,1158.0,,0.0,damaging,HOXD11
HYOU1 (10525)_damaging,0,0.0,1158.0,,0.0,damaging,HYOU1
KIAA2012 (100652824)_damaging,0,0.0,1158.0,,0.0,damaging,KIAA2012
KIF3A (11127)_damaging,0,0.0,1158.0,,0.0,damaging,KIF3A
KLF3 (51274)_damaging,0,0.0,1158.0,,0.0,damaging,KLF3
MED1 (5469)_damaging,0,0.0,1158.0,,0.0,damaging,MED1
MYLK (4638)_damaging,0,0.0,1158.0,,0.0,damaging,MYLK
PCDHB2 (56133)_damaging,0,0.0,1158.0,,0.0,damaging,PCDHB2
PHKA1 (5255)_damaging,0,0.0,1158.0,,0.0,damaging,PHKA1
SEC14L5 (9717)_damaging,0,0.0,1158.0,,0.0,damaging,SEC14L5
SHROOM2 (357)_damaging,0,0.0,1158.0,,0.0,damaging,SHROOM2
SLC12A1 (6557)_damaging,0,0.0,1158.0,,0.0,damaging,SLC12A1
STXBP5L (9515)_damaging,0,0.0,1158.0,,0.0,damaging,STXBP5L
TAF1 (6872)_damaging,0,0.0,1158.0,,0.0,damaging,TAF1
YTHDC2 (64848)_damaging,0,0.0,1158.0,,0.0,damaging,YTHDC2
ZC3H14 (79882)_damaging,0,0.0,1158.0,,0.0,damaging,ZC3H14
SPATA31G1 (138724)_damaging,0,1.5386614324873772e-05,1158.25,140.1079940617237,0.0,damaging,SPATA31G1
CNTLN (54875)_damaging,0,8.42531017979495e-08,1160.6,134.86400557598753,0.0,damaging,CNTLN
EPPK1 (83481)_damaging,0,6.6919491156535755e-06,1161.5,151.64102347320133,0.0,damaging,EPPK1
MYH14 (79784)_damaging,0,4.518936653036732e-05,1162.0,97.58073580374356,0.0,damaging,MYH14
PIK3C2A (5286)_damaging,0,2.371178211612081e-05,1163.3333333333333,105.10153820631422,0.0,damaging,PIK3C2A
ADGRB1 (575)_damaging,0,1.63872977386055e-05,1169.3333333333333,124.50033467157158,0.0,damaging,ADGRB1
NES (10763)_damaging,0,7.214301724739436e-06,1170.25,132.60059074780423,0.0,damaging,NES
NID2 (22795)_damaging,0,1.0186532185984004e-05,1170.5,109.50951252440738,0.0,damaging,NID2
ITGA8 (8516)_damaging,0,9.053098067899588e-06,1173.25,114.8255923854376,0.0,damaging,ITGA8
MRE11 (4361)_damaging,0,3.1846723628187515e-05,1174.0,159.80613254815975,0.0,damaging,MRE11
PRAG1 (157285)_damaging,0,0.0001163311969046,1175.0,,0.0,damaging,PRAG1
CACNA1F (778)_damaging,0,3.989843966673275e-05,1176.0,104.65180361560904,0.0,damaging,CACNA1F
AMER3 (205147)_damaging,0,1.7753861631420463e-05,1179.3333333333333,167.82232668311252,0.0,damaging,AMER3
SCLT1 (132320)_damaging,0,2.817171413202642e-05,1179.5,167.58430714121175,0.0,damaging,SCLT1
CNOT1 (23019)_damaging,0,1.6494028213035144e-05,1187.6666666666667,112.4737006296731,0.0,damaging,CNOT1
PPP1R10 (5514)_damaging,0,0.0001037060649732,1194.0,,0.0,damaging,PPP1R10
PCDHB6 (56130)_damaging,0,0.0001025847541263,1198.0,,0.0,damaging,PCDHB6
IQGAP2 (10788)_damaging,0,3.3213158299619976e-05,1206.5,214.2533546995239,0.0,damaging,IQGAP2
MAP2K4 (6416)_damaging,0,2.1823028201018056e-05,1207.0,161.22034611053283,0.0,damaging,MAP2K4
FRMPD4 (9758)_damaging,0,2.169217432775332e-05,1207.5,161.92745289171938,0.0,damaging,FRMPD4
COL17A1 (1308)_damaging,0,0.0001000938402277,1210.0,,0.0,damaging,COL17A1
ZMYM1 (79830)_damaging,0,7.080939568258041e-06,1210.3333333333333,141.93073428025843,0.0,damaging,ZMYM1
FIGNL1 (63979)_damaging,0,6.565783809486219e-06,1218.0,222.03152929257593,0.0,damaging,FIGNL1
RFC1 (5981)_damaging,0,5.556442184889246e-06,1218.5,222.73863607376248,0.0,damaging,RFC1
BRIP1 (83990)_damaging,0,1.550294736121865e-05,1224.5,185.969083452062,0.0,damaging,BRIP1
RESF1 (55196)_damaging,0,9.03968761662724e-05,1230.0,,0.0,damaging,RESF1
DENND4B (9909)_damaging,0,8.563830191193309e-05,1240.0,,0.0,damaging,DENND4B
PAX2 (5076)_damaging,0,7.965209282999605e-05,1252.0,,0.0,damaging,PAX2
PHF21A (51317)_damaging,0,7.740332659859999e-05,1256.0,,0.0,damaging,PHF21A
FILIP1L (11259)_damaging,0,6.319922954043747e-05,1288.0,,0.0,damaging,FILIP1L
USP19 (10869)_damaging,0,4.272328747989773e-05,1323.0,,0.0,damaging,USP19
PAX6 (5080)_damaging,0,4.158348507549486e-05,1324.0,,0.0,damaging,PAX6
GRIN3A (116443)_damaging,0,3.92598962188077e-05,1335.0,,0.0,damaging,GRIN3A
DAB2IP (153090)_damaging,0,3.611230704707744e-05,1342.0,,0.0,damaging,DAB2IP
KANSL1L (151050)_damaging,0,2.4178039894026137e-05,1365.0,,0.0,damaging,KANSL1L
HECTD1 (25831)_damaging,0,3.813073900893752e-07,1391.0,,0.0,damaging,HECTD1
TRAPPC8 (22878)_damaging,0,6.389989310008961e-18,1394.0,,0.0,damaging,TRAPPC8
MTCL2 (140710)_damaging,0,0.0,1396.0,,0.0,damaging,MTCL2
