feature,n_folds_selected,mean_importance,mean_rank,rank_std,selection_freq,kind,gene
TP53 (7157)_damaging,5,0.5661849042096533,1.0,0.0,1.0,damaging,TP53
BRAF (673)_hotspot,5,0.246550774065335,2.2,0.447213595499958,1.0,hotspot,BRAF
ID3 (3399)_damaging,5,0.19011289415457494,3.6,1.51657508881031,1.0,damaging,ID3
TERT (7015)_hotspot,5,0.17206476738312712,4.0,1.224744871391589,1.0,hotspot,TERT
TP53 (7157)_hotspot,5,0.1422347779378526,6.6,3.2093613071762426,1.0,hotspot,TP53
CREBBP (1387)_damaging,5,0.12536601543497175,7.8,2.3874672772626644,1.0,damaging,CREBBP
LRP1B (53353)_damaging,5,0.10991567624708734,10.0,3.3166247903554,1.0,damaging,LRP1B
CCND3 (896)_damaging,5,0.09466357786480835,16.8,11.966620241321273,1.0,damaging,CCND3
NF2 (4771)_damaging,5,0.09624864801375924,19.0,9.192388155425117,1.0,damaging,NF2
GNA13 (10672)_damaging,5,0.08041271135553862,21.8,12.637246535539298,1.0,damaging,GNA13
DIDO1 (11083)_damaging,5,0.07900088678406639,22.6,12.340988615179905,1.0,damaging,DIDO1
TGFBR2 (7048)_damaging,5,0.09392729891708367,27.2,20.0922870773837,1.0,damaging,TGFBR2
PITRM1 (10531)_damaging,4,0.09293170438571607,16.25,5.315072906367325,0.8,damaging,PITRM1
MTOR (2475)_hotspot,4,0.09459448605989125,22.6,27.871132018631748,0.8,hotspot,MTOR
BCOR (54880)_damaging,4,0.10270224275314399,28.8,47.15612367444975,0.8,damaging,BCOR
FREM2 (341640)_damaging,4,0.06317159649242485,59.8,69.3123365642798,0.8,damaging,FREM2
BSN (8927)_damaging,4,0.05334911007875082,86.6,115.43959459388275,0.8,damaging,BSN
SEMA3E (9723)_damaging,3,0.06755583984604754,55.8,62.31532716755967,0.6,damaging,SEMA3E
APC (324)_damaging,3,0.056184775056982286,56.8,27.471803726730432,0.6,damaging,APC
MSH3 (4437)_damaging,3,0.05622534270072348,66.2,57.660211584766145,0.6,damaging,MSH3
KALRN (8997)_damaging,3,0.06444043373887903,68.2,79.22562716697168,0.6,damaging,KALRN
FAT2 (2196)_damaging,3,0.055625940350667126,69.6,54.688207138285314,0.6,damaging,FAT2
TTN (7273)_damaging,3,0.05542553702286916,72.0,79.58643100428615,0.6,damaging,TTN
SCN2A (6326)_damaging,3,0.05351259709796034,76.2,76.76392381841876,0.6,damaging,SCN2A
ITGB4 (3691)_damaging,3,0.05471657100922346,82.2,65.4499809014487,0.6,damaging,ITGB4
RAD50 (10111)_damaging,3,0.059121044463418836,84.8,89.95109782542957,0.6,damaging,RAD50
PTPRC (5788)_damaging,3,0.063299219586502,95.2,120.40847146276711,0.6,damaging,PTPRC
PTPRT (11122)_damaging,3,0.0404339079616002,117.4,104.00144229769123,0.6,damaging,PTPRT
ASXL1 (171023)_damaging,3,0.04222537600222012,118.4,115.04911994448284,0.6,damaging,ASXL1
GPATCH8 (23131)_damaging,2,0.07661436737574327,29.666666666666668,21.77919496522618,0.4,damaging,GPATCH8
FBXO11 (80204)_damaging,2,0.0745104806996392,30.0,7.0710678118654755,0.4,damaging,FBXO11
STK31 (56164)_damaging,2,0.06549153145884405,42.25,23.34345018772218,0.4,damaging,STK31
KRAS (3845)_hotspot,2,0.06025123314923812,48.0,18.439088914585774,0.4,hotspot,KRAS
GLG1 (2734)_damaging,2,0.062135271005315205,48.666666666666664,29.091808698211484,0.4,damaging,GLG1
ROBO2 (6092)_damaging,2,0.055619462269646106,56.6,19.308029417835474,0.4,damaging,ROBO2
C2orf81 (388963)_hotspot,2,0.060865853999317765,59.0,30.757112998459398,0.4,hotspot,C2orf81
FAT1 (2195)_damaging,2,0.05609367236434184,65.8,46.00217386167745,0.4,damaging,FAT1
TMEM245 (23731)_damaging,2,0.051670449275903765,71.0,44.50280890011326,0.4,damaging,TMEM245
STAB2 (55576)_damaging,2,0.05404321164428032,78.6,54.141481324396736,0.4,damaging,STAB2
RB1 (5925)_hotspot,2,0.0503597749815648,81.4,64.70548662980597,0.4,hotspot,RB1
CTNNA1 (1495)_damaging,2,0.05589854678760442,83.2,75.41021151011314,0.4,damaging,CTNNA1
RNF17 (56163)_damaging,2,0.05082087938389054,88.66666666666667,103.01617995894301,0.4,damaging,RNF17
PIK3CA (5290)_hotspot,2,0.045671516582207625,92.0,65.72290316168329,0.4,hotspot,PIK3CA
SLK (9748)_damaging,2,0.05092588125455424,92.0,87.88344554010158,0.4,damaging,SLK
DNAH8 (1769)_damaging,2,0.04593122524773162,93.2,66.7397932271295,0.4,damaging,DNAH8
TAL1 (6886)_damaging,2,0.04653207460919068,99.8,90.85537958756213,0.4,damaging,TAL1
NRAS (4893)_hotspot,2,0.0458482318054148,101.0,108.97706180660222,0.4,hotspot,NRAS
GOLGA4 (2803)_damaging,2,0.04365820500890698,103.6,106.50492946338213,0.4,damaging,GOLGA4
SPAG8 (26206)_damaging,2,0.04520737941346828,105.6,106.49084467690169,0.4,damaging,SPAG8
DGKH (160851)_damaging,2,0.04965988044135579,110.4,99.05705426672044,0.4,damaging,DGKH
STK11 (6794)_damaging,2,0.039371603346159176,113.8,72.00138887549323,0.4,damaging,STK11
LRBA (987)_damaging,2,0.04240827218410165,115.0,118.84724088790057,0.4,damaging,LRBA
NSD1 (64324)_damaging,2,0.03872091840353916,122.2,102.99126176525851,0.4,damaging,NSD1
CMYA5 (202333)_damaging,2,0.04019389243147644,124.8,107.04998832321282,0.4,damaging,CMYA5
PKHD1 (5314)_damaging,2,0.038035217819992716,126.2,111.62302629834043,0.4,damaging,PKHD1
FHOD3 (80206)_damaging,2,0.03618779919236642,136.6,108.384962056551,0.4,damaging,FHOD3
RB1 (5925)_damaging,2,0.03208866625238198,153.2,123.75055555430852,0.4,damaging,RB1
DNAH5 (1767)_damaging,2,0.039367515114572184,167.2,140.7007462666776,0.4,damaging,DNAH5
SETBP1 (26040)_damaging,2,0.025525132445435077,191.4,136.48553036860721,0.4,damaging,SETBP1
FOXO1 (2308)_damaging,1,0.0864115826049318,17.0,,0.2,damaging,FOXO1
PPP2R1A (5518)_damaging,1,0.0766089689187623,22.0,,0.2,damaging,PPP2R1A
MYO3B (140469)_damaging,1,0.0745686866404232,23.0,,0.2,damaging,MYO3B
CCNQ (92002)_damaging,1,0.0733301965731628,24.0,,0.2,damaging,CCNQ
WDR7 (23335)_damaging,1,0.0743203071200067,24.0,,0.2,damaging,WDR7
KIAA1217 (56243)_damaging,1,0.064606412146174,34.0,,0.2,damaging,KIAA1217
TBCK (93627)_damaging,1,0.0636295313305003,35.0,,0.2,damaging,TBCK
SYNCRIP (10492)_damaging,1,0.0703020625653875,41.0,28.284271247461902,0.2,damaging,SYNCRIP
TNFAIP3 (7128)_damaging,1,0.05814435273811556,49.666666666666664,21.501937897160182,0.2,damaging,TNFAIP3
EZH2 (2146)_hotspot,1,0.054795281996632805,63.666666666666664,39.10669166949991,0.2,hotspot,EZH2
GABRG2 (2566)_damaging,1,0.05232009280701028,67.0,41.012193308819754,0.2,damaging,GABRG2
PARD3B (117583)_damaging,1,0.0495359156591221,72.0,19.697715603592208,0.2,damaging,PARD3B
PITX1 (5307)_damaging,1,0.054172986961521896,78.6,55.689316749265295,0.2,damaging,PITX1
NR3C1 (2908)_damaging,1,0.04995537811953625,80.5,68.58935777509511,0.2,damaging,NR3C1
MDGA2 (161357)_damaging,1,0.0535715633915646,84.0,55.848008021772806,0.2,damaging,MDGA2
FKBP15 (23307)_damaging,1,0.046870776386430876,90.5,53.43220002957018,0.2,damaging,FKBP15
THSD7B (80731)_damaging,1,0.04176095411946596,93.0,44.09648512069868,0.2,damaging,THSD7B
MUC12 (10071)_damaging,1,0.04346067743940342,93.5,47.79469984562444,0.2,damaging,MUC12
MT-ND4 (4538)_damaging,1,0.046056942000355185,94.6,59.37844726834813,0.2,damaging,MT-ND4
IRF8 (3394)_damaging,1,0.04235643452386112,100.0,56.53907203577599,0.2,damaging,IRF8
KDM6B (23135)_damaging,1,0.03964489355748602,102.4,35.43021309560528,0.2,damaging,KDM6B
SIN3A (25942)_damaging,1,0.03946087264811304,103.4,57.760713291994584,0.2,damaging,SIN3A
PMS2 (5395)_damaging,1,0.0390172556514223,105.8,67.45887636182506,0.2,damaging,PMS2
ABCC9 (10060)_damaging,1,0.04210526538964668,108.0,70.13201836536575,0.2,damaging,ABCC9
DNAH9 (1770)_damaging,1,0.04289245523737826,108.0,105.56751394250033,0.2,damaging,DNAH9
NF1 (4763)_damaging,1,0.04692747624908784,111.8,107.45789873248034,0.2,damaging,NF1
TERT (7015)_damaging,1,0.04087074521381845,116.75,101.7689376316107,0.2,damaging,TERT
MEGF6 (1953)_damaging,1,0.04822248374214784,119.4,107.73253918849215,0.2,damaging,MEGF6
SCNN1B (6338)_damaging,1,0.03495399447919705,119.75,73.62234715084816,0.2,damaging,SCNN1B
PDS5B (23047)_damaging,1,0.035329946044087054,122.0,74.1653557936588,0.2,damaging,PDS5B
ATRX (546)_damaging,1,0.03597343852726758,122.8,93.68938040140942,0.2,damaging,ATRX
CSMD1 (64478)_damaging,1,0.04409669359462638,125.0,104.19213022104884,0.2,damaging,CSMD1
WWC2 (80014)_damaging,1,0.0347831649413112,128.5,109.27793311857005,0.2,damaging,WWC2
PTPRG (5793)_damaging,1,0.034990914482882066,131.33333333333334,91.48952581215694,0.2,damaging,PTPRG
MUC5B (727897)_damaging,1,0.03434281064067102,134.6,98.28173787637253,0.2,damaging,MUC5B
FLT4 (2324)_damaging,1,0.03154168679915372,140.8,83.10655810464057,0.2,damaging,FLT4
ABCA13 (154664)_damaging,1,0.03204960733949856,143.4,104.4428073157745,0.2,damaging,ABCA13
ARFGEF1 (10565)_damaging,1,0.036585244031133,145.4,104.85370761208208,0.2,damaging,ARFGEF1
FREM1 (158326)_damaging,1,0.028553350239513123,148.5,73.35984369303596,0.2,damaging,FREM1
ARAP2 (116984)_damaging,1,0.04234053354694045,155.5,194.45436482630058,0.2,damaging,ARAP2
ADAM22 (53616)_damaging,1,0.0370291429466498,159.0,189.50461735799473,0.2,damaging,ADAM22
MYO9A (4649)_damaging,1,0.031182828005828122,160.6,103.84989167062236,0.2,damaging,MYO9A
CACNA1D (776)_damaging,1,0.0279179365631159,162.0,108.84545619057019,0.2,damaging,CACNA1D
ADCY10 (55811)_damaging,1,0.030255948259054533,167.66666666666666,130.36998632098314,0.2,damaging,ADCY10
QKI (9444)_damaging,1,0.02611623733657878,167.8,102.41923647440454,0.2,damaging,QKI
WDFY3 (23001)_damaging,1,0.02930056604923122,167.8,120.07164527897501,0.2,damaging,WDFY3
SMAD4 (4089)_hotspot,1,0.026184238208126875,168.2,94.09941551359393,0.2,hotspot,SMAD4
HLA-B (3106)_damaging,1,0.029502078482363702,168.8,120.46866812578281,0.2,damaging,HLA-B
CRYBG3 (131544)_damaging,1,0.02640008141986976,169.0,103.55674772799695,0.2,damaging,CRYBG3
ADGRL2 (23266)_damaging,1,0.02797150504151818,170.2,123.12473350224967,0.2,damaging,ADGRL2
TENM4 (26011)_damaging,1,0.028727453525546075,175.6,119.28243793618573,0.2,damaging,TENM4
BRWD1 (54014)_damaging,1,0.02307634381129852,179.0,97.67548310604867,0.2,damaging,BRWD1
MYH1 (4619)_damaging,1,0.02385221162205764,179.8,107.01027988001901,0.2,damaging,MYH1
AEBP1 (165)_damaging,1,0.02517086489922422,180.0,107.70329614269008,0.2,damaging,AEBP1
ABL2 (27)_damaging,1,0.03255151269357806,182.4,125.98134782577937,0.2,damaging,ABL2
DHX38 (9785)_damaging,1,0.02483799324261978,192.0,128.78276282173792,0.2,damaging,DHX38
TNR (7143)_damaging,1,0.021528572529639002,201.6,116.90508970955885,0.2,damaging,TNR
CNTNAP5 (129684)_damaging,1,0.018509870460332943,206.4,106.05093116045704,0.2,damaging,CNTNAP5
NF1 (4763)_hotspot,1,0.020655322442854878,207.6,121.17466731953506,0.2,hotspot,NF1
COL7A1 (1294)_damaging,1,0.01935266591183668,208.8,117.4763806047837,0.2,damaging,COL7A1
NFE2L2 (4780)_hotspot,1,0.01803618920138582,218.4,110.46402129200258,0.2,hotspot,NFE2L2
CDH7 (1005)_damaging,1,0.019390258404335815,219.8,115.22456335347945,0.2,damaging,CDH7
SPTAN1 (6709)_damaging,1,0.01624774044352052,220.8,113.77477752120635,0.2,damaging,SPTAN1
FASTKD5 (60493)_damaging,1,0.015869032021072378,222.0,111.05629203246433,0.2,damaging,FASTKD5
KIF7 (374654)_damaging,1,0.01377840067397904,222.6,105.24162674531404,0.2,damaging,KIF7
KEAP1 (9817)_damaging,1,0.01593435559828854,225.2,111.14270106489224,0.2,damaging,KEAP1
UNC80 (285175)_damaging,1,0.01626043592098464,228.8,116.37740330493718,0.2,damaging,UNC80
IPO7 (10527)_damaging,1,0.01550563359552125,230.0,122.01912418414855,0.2,damaging,IPO7
FBXW7 (55294)_hotspot,1,0.0153133493762494,230.4,114.4783822387441,0.2,hotspot,FBXW7
NSD2 (7468)_damaging,1,0.0139638172195149,235.2,109.65491325061545,0.2,damaging,NSD2
ALPK2 (115701)_damaging,1,0.01512073947863006,237.6,119.42487178138397,0.2,damaging,ALPK2
MGA (23269)_damaging,1,0.012744964013226839,241.8,111.15169814267347,0.2,damaging,MGA
DYSF (8291)_damaging,1,0.011414591581494481,242.4,108.13093914324429,0.2,damaging,DYSF
LRP4 (4038)_damaging,1,0.01229092783571556,243.0,109.57417578973616,0.2,damaging,LRP4
PRMT8 (56341)_damaging,0,0.0544365951914796,64.0,,0.0,damaging,PRMT8
MPL (4352)_damaging,0,0.0445538329493109,66.0,,0.0,damaging,MPL
AFF3 (3899)_damaging,0,0.0475146717096304,68.0,,0.0,damaging,AFF3
RESF1 (55196)_damaging,0,0.0436415725887078,69.0,,0.0,damaging,RESF1
MAP3K4 (4216)_damaging,0,0.0457823584215742,79.25,24.25386567126981,0.0,damaging,MAP3K4
CAMTA2 (23125)_damaging,0,0.0458692847301459,80.0,,0.0,damaging,CAMTA2
CC2D2A (57545)_damaging,0,0.046446205862454,80.0,,0.0,damaging,CC2D2A
KIF5A (3798)_damaging,0,0.0469466705497518,85.0,,0.0,damaging,KIF5A
APC2 (10297)_damaging,0,0.0404392762367288,90.0,,0.0,damaging,APC2
SHOC1 (158401)_damaging,0,0.0434512085007124,92.0,49.49747468305833,0.0,damaging,SHOC1
PLXDC2 (84898)_damaging,0,0.04235785221740263,94.33333333333333,41.52509281546922,0.0,damaging,PLXDC2
GABRA6 (2559)_damaging,0,0.0361309794721326,100.0,39.59797974644666,0.0,damaging,GABRA6
AP3B2 (8120)_damaging,0,0.0384564007229665,101.0,60.81118318204309,0.0,damaging,AP3B2
PCDHB4 (56131)_damaging,0,0.03738523639089394,103.0,8.717797887081348,0.0,damaging,PCDHB4
ADAMTS12 (81792)_damaging,0,0.039294570171667834,105.0,40.20572098594925,0.0,damaging,ADAMTS12
CIITA (4261)_damaging,0,0.0382884898013837,106.0,,0.0,damaging,CIITA
ZNF536 (9745)_damaging,0,0.0365860669195242,106.0,38.0,0.0,damaging,ZNF536
NYNRIN (57523)_damaging,0,0.03697193437307576,106.8,31.720655730927128,0.0,damaging,NYNRIN
LOXL4 (84171)_damaging,0,0.03551991852041945,108.5,20.506096654409877,0.0,damaging,LOXL4
CHFR (55743)_damaging,0,0.0343302133221713,109.0,,0.0,damaging,CHFR
IQUB (154865)_damaging,0,0.0366285134594244,109.0,12.727922061357855,0.0,damaging,IQUB
TGM6 (343641)_damaging,0,0.03686743647961887,110.33333333333333,50.40171954738582,0.0,damaging,TGM6
UNC5D (137970)_damaging,0,0.03504809114121968,116.75,39.08431057769003,0.0,damaging,UNC5D
ABCB5 (340273)_damaging,0,0.03752204368182118,117.2,71.94928769626563,0.0,damaging,ABCB5
FXR2 (9513)_damaging,0,0.039773380099612676,120.0,115.20416659131735,0.0,damaging,FXR2
HNRNPUL1 (11100)_damaging,0,0.032636669942364124,122.75,57.45360447062192,0.0,damaging,HNRNPUL1
VWA3B (200403)_damaging,0,0.0332411566341319,123.33333333333333,57.01169470672954,0.0,damaging,VWA3B
RHBDF2 (79651)_damaging,0,0.0342174460627746,124.0,,0.0,damaging,RHBDF2
ZNF668 (79759)_damaging,0,0.029812977849264052,124.0,14.142135623730951,0.0,damaging,ZNF668
PTPRB (5787)_damaging,0,0.034504867040898404,125.5,71.68681887209112,0.0,damaging,PTPRB
CIT (11113)_damaging,0,0.03178652836281647,126.0,49.57822102496217,0.0,damaging,CIT
PI4KA (5297)_damaging,0,0.0304343813060777,126.0,,0.0,damaging,PI4KA
RXFP1 (59350)_damaging,0,0.0317537554486141,132.0,61.00819617067858,0.0,damaging,RXFP1
CNTN3 (5067)_damaging,0,0.03146198490231083,132.66666666666666,67.3077509157254,0.0,damaging,CNTN3
NRG3 (10718)_damaging,0,0.02961428954067195,134.75,38.317750455891854,0.0,damaging,NRG3
DNMT1 (1786)_damaging,0,0.030367150703129276,136.0,62.508666065861085,0.0,damaging,DNMT1
CFAP210 (129881)_damaging,0,0.02990714738153495,137.0,18.384776310850235,0.0,damaging,CFAP210
ATP8B1 (5205)_damaging,0,0.02713892357463015,139.0,19.79898987322333,0.0,damaging,ATP8B1
KMT2D (8085)_damaging,0,0.02824355747383614,139.0,56.280547261020835,0.0,damaging,KMT2D
KIF4A (24137)_damaging,0,0.0252682095845286,141.0,,0.0,damaging,KIF4A
SBF2 (81846)_damaging,0,0.03078466285940705,142.25,84.75995516752,0.0,damaging,SBF2
VIT (5212)_damaging,0,0.02543370144617455,142.5,48.79036790187178,0.0,damaging,VIT
ZNF518A (9849)_damaging,0,0.030914924326585456,142.8,95.20871808820871,0.0,damaging,ZNF518A
ADGRG6 (57211)_damaging,0,0.0268164558070118,143.0,,0.0,damaging,ADGRG6
CDKN2A (1029)_damaging,0,0.028816469620127884,144.2,85.37973998554926,0.0,damaging,CDKN2A
ATM (472)_damaging,0,0.02731406795055204,145.2,48.53555397850116,0.0,damaging,ATM
UGGT2 (55757)_damaging,0,0.0242294337795466,146.0,,0.0,damaging,UGGT2
CEP170B (283638)_damaging,0,0.0257435408342487,147.0,,0.0,damaging,CEP170B
OPHN1 (4983)_damaging,0,0.02620417337808325,148.0,26.038433132583076,0.0,damaging,OPHN1
SYTL2 (54843)_damaging,0,0.027250788875750998,148.2,51.036261618578614,0.0,damaging,SYTL2
COL4A4 (1286)_damaging,0,0.026113782929980962,149.6,25.95765782962708,0.0,damaging,COL4A4
NPAT (4863)_damaging,0,0.030262078743099996,151.6,118.85831901890586,0.0,damaging,NPAT
SLC23A3 (151295)_damaging,0,0.02593193425449775,152.5,31.81980515339464,0.0,damaging,SLC23A3
SLC4A10 (57282)_damaging,0,0.027303443875499822,154.4,105.08234866046723,0.0,damaging,SLC4A10
C7 (730)_damaging,0,0.025640286093451703,155.4,79.67935742712788,0.0,damaging,C7
DPP6 (1804)_damaging,0,0.026467107385561427,156.0,72.78736154031138,0.0,damaging,DPP6
SMARCA2 (6595)_damaging,0,0.02396812398326065,159.5,54.43956894269707,0.0,damaging,SMARCA2
NBAS (51594)_damaging,0,0.02873786501049188,160.0,105.03094782015442,0.0,damaging,NBAS
EPB41L5 (57669)_damaging,0,0.024349343317472332,160.66666666666666,62.06716791777544,0.0,damaging,EPB41L5
RPGRIP1 (57096)_damaging,0,0.0213049052613424,164.0,,0.0,damaging,RPGRIP1
NRXN3 (9369)_damaging,0,0.02515402508871626,165.8,103.13437836143679,0.0,damaging,NRXN3
MYC (4609)_hotspot,0,0.0213708067409173,169.0,,0.0,hotspot,MYC
CCDC171 (203238)_damaging,0,0.02293206309849515,171.5,50.204581464244875,0.0,damaging,CCDC171
CEP126 (57562)_damaging,0,0.0216138423631495,172.25,73.07245262979293,0.0,damaging,CEP126
NUP214 (8021)_damaging,0,0.02389116845349078,172.6,101.46082988030405,0.0,damaging,NUP214
BAG6 (7917)_damaging,0,0.0228569117248266,173.0,89.89623648036292,0.0,damaging,BAG6
KMT2A (4297)_damaging,0,0.02439594374120676,173.6,104.85609185927157,0.0,damaging,KMT2A
SALL1 (6299)_damaging,0,0.0197542690017521,175.0,71.78788198575022,0.0,damaging,SALL1
CLASP1 (23332)_damaging,0,0.023111408389062834,175.33333333333334,104.80617030181637,0.0,damaging,CLASP1
PXDNL (137902)_damaging,0,0.024078391441357722,176.6,108.85908322230166,0.0,damaging,PXDNL
MIA2 (4253)_damaging,0,0.021749586513349798,177.0,81.61290747588072,0.0,damaging,MIA2
SCN4A (6329)_damaging,0,0.02559144817075562,177.4,112.70004436556358,0.0,damaging,SCN4A
CTCF (10664)_damaging,0,0.02192291978583316,178.6,101.77819019809695,0.0,damaging,CTCF
LTK (4058)_damaging,0,0.019398113068936032,180.0,75.94076639065476,0.0,damaging,LTK
PLCE1 (51196)_damaging,0,0.020232211569850618,180.6,93.8685250763002,0.0,damaging,PLCE1
GRIA4 (2893)_damaging,0,0.0174441729570168,181.0,,0.0,damaging,GRIA4
GTF3C1 (2975)_damaging,0,0.0231977840673756,181.4,104.68428726413529,0.0,damaging,GTF3C1
MUC5AC (4586)_damaging,0,0.0187616301965909,183.2,71.66728681902225,0.0,damaging,MUC5AC
COL9A1 (1297)_damaging,0,0.02113620940741996,183.8,92.50783750580273,0.0,damaging,COL9A1
CDH18 (1016)_damaging,0,0.01937160231857895,184.25,73.03138594695662,0.0,damaging,CDH18
ZAN (7455)_damaging,0,0.0215791771489762,184.6,97.32574171307404,0.0,damaging,ZAN
CEP128 (145508)_damaging,0,0.023481163203638026,185.25,124.6605390650947,0.0,damaging,CEP128
CDK12 (51755)_damaging,0,0.0170979188182122,186.0,,0.0,damaging,CDK12
HPS3 (84343)_damaging,0,0.02144157489541915,186.25,100.0545684447575,0.0,damaging,HPS3
DNAH1 (25981)_damaging,0,0.021132358826578122,187.0,98.52157124203816,0.0,damaging,DNAH1
CHEK2 (11200)_damaging,0,0.018513716465337265,187.33333333333334,101.75624468961762,0.0,damaging,CHEK2
ERMP1 (79956)_damaging,0,0.020638134125368465,187.66666666666666,94.85427419643953,0.0,damaging,ERMP1
KCNA4 (3739)_damaging,0,0.0187116772988016,189.0,,0.0,damaging,KCNA4
CREBBP (1387)_hotspot,0,0.015728310857847035,189.66666666666666,34.122328955294556,0.0,hotspot,CREBBP
SZT2 (23334)_damaging,0,0.019419863206186057,190.4,88.33628925871858,0.0,damaging,SZT2
BAP1 (8314)_damaging,0,0.01912811748600296,191.0,93.86959039007255,0.0,damaging,BAP1
RGS22 (26166)_damaging,0,0.02075780561031912,191.0,99.64687651903596,0.0,damaging,RGS22
RPL22 (6146)_damaging,0,0.020055072525905,191.6,88.23151364450233,0.0,damaging,RPL22
CNTN4 (152330)_damaging,0,0.019210840968667497,192.4,92.60021598246949,0.0,damaging,CNTN4
SLC26A5 (375611)_damaging,0,0.01631753270531975,192.5,0.7071067811865476,0.0,damaging,SLC26A5
ITGAL (3683)_damaging,0,0.01943950930024853,193.66666666666666,95.1752769017949,0.0,damaging,ITGAL
NLRC5 (84166)_damaging,0,0.0201321110827034,193.8,101.19634380747162,0.0,damaging,NLRC5
PLEC (5339)_damaging,0,0.018466435867911402,195.2,92.45106813877274,0.0,damaging,PLEC
SLC26A3 (1811)_damaging,0,0.01998393305316925,195.5,137.88582233137677,0.0,damaging,SLC26A3
USP43 (124739)_damaging,0,0.015975096159975,196.0,,0.0,damaging,USP43
HLA-A (3105)_damaging,0,0.0178265914747308,196.4,97.45409175606737,0.0,damaging,HLA-A
ATR (545)_damaging,0,0.01764005144153542,196.6,87.02470913481987,0.0,damaging,ATR
GPR155 (151556)_damaging,0,0.02195532286447363,198.0,124.28596059088895,0.0,damaging,GPR155
ESCO1 (114799)_damaging,0,0.0158637180058436,199.0,,0.0,damaging,ESCO1
GAK (2580)_damaging,0,0.0135033759726416,199.0,,0.0,damaging,GAK
TRIB3 (57761)_damaging,0,0.01524994391662865,199.0,57.982756057296896,0.0,damaging,TRIB3
NOBOX (135935)_damaging,0,0.01812885759942654,200.8,99.33629749492378,0.0,damaging,NOBOX
FAAH (2166)_damaging,0,0.01593908257719584,201.4,72.9163904756674,0.0,damaging,FAAH
AGRN (375790)_damaging,0,0.016947402464042624,201.75,84.06495504469545,0.0,damaging,AGRN
ABCA9 (10350)_damaging,0,0.01717021600834462,201.8,95.72982816238626,0.0,damaging,ABCA9
OVCH1 (341350)_damaging,0,0.01802405479235786,202.2,94.19766451457276,0.0,damaging,OVCH1
SPATA22 (84690)_damaging,0,0.0169574700444132,202.8,89.63648810612786,0.0,damaging,SPATA22
SCN7A (6332)_damaging,0,0.01639018333119474,203.8,85.64870109931616,0.0,damaging,SCN7A
ST18 (9705)_damaging,0,0.0154682707599792,204.25,67.63320190557297,0.0,damaging,ST18
SMARCAD1 (56916)_damaging,0,0.0165135602734801,204.4,80.44128293357834,0.0,damaging,SMARCAD1
AP1M1 (8907)_damaging,0,0.01603080128139555,204.5,123.74368670764582,0.0,damaging,AP1M1
CD109 (135228)_damaging,0,0.0150814953765753,204.5,54.44722215136416,0.0,damaging,CD109
ATP13A5 (344905)_damaging,0,0.014174794898009302,205.0,42.720018726587654,0.0,damaging,ATP13A5
XIRP2 (129446)_damaging,0,0.01742451169908686,205.2,91.67987783586975,0.0,damaging,XIRP2
ADAMTS6 (11174)_damaging,0,0.0109139670337794,206.0,,0.0,damaging,ADAMTS6
CEP120 (153241)_damaging,0,0.0126441844845087,206.0,,0.0,damaging,CEP120
FSIP2 (401024)_damaging,0,0.01578320634042458,206.2,82.45726165717608,0.0,damaging,FSIP2
CUL9 (23113)_damaging,0,0.01501645822796025,206.5,122.32947314527271,0.0,damaging,CUL9
TRPM2 (7226)_damaging,0,0.0110560690932511,208.0,25.45584412271571,0.0,damaging,TRPM2
RSF1 (51773)_damaging,0,0.01515997404205935,209.75,91.07277309931877,0.0,damaging,RSF1
CACNA1S (779)_damaging,0,0.012815088968298832,211.0,69.76388750635962,0.0,damaging,CACNA1S
SLITRK5 (26050)_damaging,0,0.01389093761537375,211.0,108.89444430272832,0.0,damaging,SLITRK5
C10orf71 (118461)_damaging,0,0.012060400540508533,212.0,72.38093671679029,0.0,damaging,C10orf71
TNNI3K (51086)_damaging,0,0.0126924222245656,212.0,,0.0,damaging,TNNI3K
ACACB (32)_damaging,0,0.013299553652874241,213.8,83.30186072351566,0.0,damaging,ACACB
FES (2242)_damaging,0,0.013881254587376959,214.4,68.12708712399203,0.0,damaging,FES
ARHGEF28 (64283)_damaging,0,0.013008181587050579,214.8,60.849815118864576,0.0,damaging,ARHGEF28
DIS3 (22894)_damaging,0,0.01274028007619242,215.6,57.46564190888326,0.0,damaging,DIS3
HDAC7 (51564)_damaging,0,0.0134295631660177,216.0,104.65180361560904,0.0,damaging,HDAC7
NFAT5 (10725)_damaging,0,0.01187746831511535,217.0,45.254833995939045,0.0,damaging,NFAT5
PPRC1 (23082)_damaging,0,0.014920136697935859,217.0,90.40741120063112,0.0,damaging,PPRC1
CEP350 (9857)_damaging,0,0.01372602358744614,218.4,72.07842950564337,0.0,damaging,CEP350
PTPRZ1 (5803)_damaging,0,0.012704770516233862,218.4,85.74555382059177,0.0,damaging,PTPRZ1
MYH7B (57644)_damaging,0,0.01231712445108318,218.6,88.75978819262696,0.0,damaging,MYH7B
MYH2 (4620)_damaging,0,0.01569822162355762,219.6,103.16152383519739,0.0,damaging,MYH2
CD93 (22918)_damaging,0,0.0130633121334122,219.66666666666666,69.40701213374145,0.0,damaging,CD93
SMAD4 (4089)_damaging,0,0.01346938578577946,219.8,81.56715025057575,0.0,damaging,SMAD4
CDH22 (64405)_damaging,0,0.0106942439325542,220.0,,0.0,damaging,CDH22
ABCA5 (23461)_damaging,0,0.0123293961511781,220.2,77.37376816466934,0.0,damaging,ABCA5
LEPR (3953)_damaging,0,0.01339186930253842,220.4,98.62707539007734,0.0,damaging,LEPR
GABBR1 (2550)_damaging,0,0.011811213134356601,220.66666666666666,63.846169292552965,0.0,damaging,GABBR1
MROH2B (133558)_damaging,0,0.013768583179838239,221.0,97.52179243635753,0.0,damaging,MROH2B
DIAPH2 (1730)_damaging,0,0.01220724833050864,221.2,95.1614417713393,0.0,damaging,DIAPH2
SLC4A3 (6508)_damaging,0,0.014867503089288681,221.2,104.7888352831541,0.0,damaging,SLC4A3
COL14A1 (7373)_damaging,0,0.014015877707355079,221.4,99.71609699541995,0.0,damaging,COL14A1
ABCA2 (20)_damaging,0,0.011450471847648533,221.66666666666666,96.71780256671123,0.0,damaging,ABCA2
HIPK3 (10114)_damaging,0,0.01253389669171005,222.5,99.7020561473032,0.0,damaging,HIPK3
HMCN1 (83872)_damaging,0,0.0123194144667837,222.8,92.02825653026358,0.0,damaging,HMCN1
SALL3 (27164)_damaging,0,0.013295506508363059,223.8,97.03968260459223,0.0,damaging,SALL3
TOPBP1 (11073)_damaging,0,0.013992913731876338,225.0,100.35188089916402,0.0,damaging,TOPBP1
ESRP1 (54845)_damaging,0,0.01321156805620296,225.2,96.30524388630144,0.0,damaging,ESRP1
CRLF1 (9244)_damaging,0,0.0092165182841914,226.0,,0.0,damaging,CRLF1
EXD3 (54932)_damaging,0,0.0139681908092466,226.0,115.18246394308467,0.0,damaging,EXD3
EPS8L3 (79574)_damaging,0,0.011782780530299524,226.25,77.98023253791096,0.0,damaging,EPS8L3
PPIG (9360)_damaging,0,0.01052631722275478,228.0,60.7988486733096,0.0,damaging,PPIG
SECISBP2 (79048)_damaging,0,0.0105208042120537,228.0,91.92388155425118,0.0,damaging,SECISBP2
FCGBP (8857)_damaging,0,0.01203882469880164,228.2,91.35753937141696,0.0,damaging,FCGBP
DDX3X (1654)_damaging,0,0.01067748269294594,228.6,56.62419977359504,0.0,damaging,DDX3X
DNAH11 (8701)_damaging,0,0.01170056667961724,228.6,84.69533635330814,0.0,damaging,DNAH11
ADAMTS3 (9508)_damaging,0,0.012001288785626675,228.75,78.83051439639348,0.0,damaging,ADAMTS3
MORC4 (79710)_damaging,0,0.0106291733378975,229.0,,0.0,damaging,MORC4
PIK3R1 (5295)_damaging,0,0.010406897364988621,229.0,59.30851540883484,0.0,damaging,PIK3R1
KIF27 (55582)_damaging,0,0.010344797744249179,230.0,67.76060802560733,0.0,damaging,KIF27
SIPA1L3 (23094)_damaging,0,0.011387065018338999,230.33333333333334,102.53942331285725,0.0,damaging,SIPA1L3
DNM2 (1785)_damaging,0,0.014385179276739525,230.5,119.68430696350018,0.0,damaging,DNM2
C2orf78 (388960)_damaging,0,0.0101355848743965,231.0,,0.0,damaging,C2orf78
PRX (57716)_damaging,0,0.01010716794996996,231.2,76.31972222171672,0.0,damaging,PRX
TAF1L (138474)_damaging,0,0.010448836651576233,231.33333333333334,64.25988899253821,0.0,damaging,TAF1L
ZFHX3 (463)_damaging,0,0.01102199589638366,231.6,86.42511209133605,0.0,damaging,ZFHX3
NUGGC (389643)_damaging,0,0.010038378867378886,232.0,82.27393268830657,0.0,damaging,NUGGC
TRIP10 (9322)_damaging,0,0.00948999707324275,232.0,79.19595949289332,0.0,damaging,TRIP10
MYO7A (4647)_damaging,0,0.01051486141747282,232.2,83.69408581255907,0.0,damaging,MYO7A
CACNA2D3 (55799)_damaging,0,0.0076232143464101,234.0,,0.0,damaging,CACNA2D3
DLC1 (10395)_damaging,0,0.009045276631149625,234.5,73.99774771347211,0.0,damaging,DLC1
ARHGEF1 (9138)_damaging,0,0.010331948165192,234.66666666666666,96.73847907287633,0.0,damaging,ARHGEF1
DLG5 (9231)_damaging,0,0.010168619259759334,234.66666666666666,69.06036007242747,0.0,damaging,DLG5
IQGAP1 (8826)_damaging,0,0.009699769515783479,235.0,75.8188630882843,0.0,damaging,IQGAP1
NOLC1 (9221)_damaging,0,0.01009697099287985,235.0,82.02438661763951,0.0,damaging,NOLC1
CFAP54 (144535)_damaging,0,0.012171686618727499,235.2,100.32048644220183,0.0,damaging,CFAP54
ZFP36L2 (678)_damaging,0,0.00909254873541368,235.2,72.20941766833465,0.0,damaging,ZFP36L2
AHR (196)_damaging,0,0.00986147315204518,236.0,80.5263931888173,0.0,damaging,AHR
SMARCB1 (6598)_damaging,0,0.01105917345830155,236.25,94.65155395801311,0.0,damaging,SMARCB1
ITGA2 (3673)_damaging,0,0.0082619404351995,236.5,58.68986283848344,0.0,damaging,ITGA2
TLE4 (7091)_damaging,0,0.01299665573034665,236.75,109.8404145415824,0.0,damaging,TLE4
SMARCA4 (6597)_damaging,0,0.009665963042676678,237.0,79.96561761157103,0.0,damaging,SMARCA4
VHL (7428)_hotspot,0,0.01070077563510762,237.0,90.60353193998566,0.0,hotspot,VHL
ASH1L (55870)_damaging,0,0.0094754324277201,237.2,92.13956804760917,0.0,damaging,ASH1L
NLRP9 (338321)_damaging,0,0.00943922060487198,237.2,61.60519458617106,0.0,damaging,NLRP9
SIPA1L2 (57568)_damaging,0,0.0128259291729763,237.25,110.83433583506512,0.0,damaging,SIPA1L2
ITGA2B (3674)_damaging,0,0.007917915996550676,238.25,56.15083852149197,0.0,damaging,ITGA2B
EPHA7 (2045)_damaging,0,0.01053314189075576,238.4,90.284550173327,0.0,damaging,EPHA7
MAP9 (79884)_damaging,0,0.01007445967355994,238.4,83.00783095588031,0.0,damaging,MAP9
PCF11 (51585)_damaging,0,0.00828228327031646,238.4,50.312026395286445,0.0,damaging,PCF11
TRMT9B (57604)_damaging,0,0.00864056101179134,238.8,57.39076580774994,0.0,damaging,TRMT9B
DOP1B (9980)_damaging,0,0.010420088098481798,239.0,84.59018855635682,0.0,damaging,DOP1B
MYO5B (4645)_damaging,0,0.0092718026430411,239.0,92.66606714434361,0.0,damaging,MYO5B
RYR2 (6262)_damaging,0,0.00905522848714528,239.4,80.3355463042357,0.0,damaging,RYR2
COL1A1 (1277)_damaging,0,0.009371912839456941,239.6,79.80789434636151,0.0,damaging,COL1A1
GRM8 (2918)_damaging,0,0.0102361299829153,239.6,89.07468776257372,0.0,damaging,GRM8
HELZ2 (85441)_damaging,0,0.00875703039154118,239.6,73.81937415069298,0.0,damaging,HELZ2
MED12 (9968)_damaging,0,0.00782933219283842,239.6,22.142718893577634,0.0,damaging,MED12
CACNA1A (773)_damaging,0,0.00823245160868498,239.8,64.14982462953425,0.0,damaging,CACNA1A
ANKFN1 (162282)_damaging,0,0.00837272286250995,240.0,73.53910524340094,0.0,damaging,ANKFN1
CRACD (57482)_damaging,0,0.01103062172301425,240.0,102.02287325235781,0.0,damaging,CRACD
RNF43 (54894)_damaging,0,0.0100996327757856,240.2,90.33382533691352,0.0,damaging,RNF43
LRRK2 (120892)_damaging,0,0.01034220094065368,240.8,105.09376765536575,0.0,damaging,LRRK2
CNTNAP2 (26047)_damaging,0,0.008043704654006719,241.4,75.83732590222311,0.0,damaging,CNTNAP2
COL1A2 (1278)_damaging,0,0.00889049227785072,241.4,86.35565991873376,0.0,damaging,COL1A2
SLCO1B3 (28234)_damaging,0,0.009556344915705567,241.66666666666666,88.04733575374858,0.0,damaging,SLCO1B3
CFAP61 (26074)_damaging,0,0.007611929665509,242.0,70.71067811865476,0.0,damaging,CFAP61
TTC6 (319089)_damaging,0,0.01040450114501176,242.4,99.98649908862697,0.0,damaging,TTC6
POLN (353497)_damaging,0,0.0075671204117028,242.5,70.0035713374682,0.0,damaging,POLN
EPHB6 (2051)_damaging,0,0.00849102697399828,242.8,69.28708393344318,0.0,damaging,EPHB6
MUC17 (140453)_damaging,0,0.0112382651742259,242.8,107.23665418130128,0.0,damaging,MUC17
ZNF236 (7776)_damaging,0,0.00860279472015472,243.0,85.36978388165218,0.0,damaging,ZNF236
ZNF729 (100287226)_damaging,0,0.01113042382304936,243.4,105.89523124296014,0.0,damaging,ZNF729
RYR3 (6263)_damaging,0,0.009928780004140821,243.8,105.00095237663324,0.0,damaging,RYR3
PRPF40B (25766)_damaging,0,0.007721856374244734,244.0,80.5791536316931,0.0,damaging,PRPF40B
AKAP9 (10142)_damaging,0,0.01035455795038112,244.2,104.66947979234445,0.0,damaging,AKAP9
FASN (2194)_damaging,0,0.008078145183136081,244.2,69.82621284302908,0.0,damaging,FASN
EGFR (1956)_hotspot,0,0.00914896706666358,244.4,87.0563036201285,0.0,hotspot,EGFR
TET2 (54790)_damaging,0,0.00940807746279,244.4,85.27191800352564,0.0,damaging,TET2
ZMYM6 (9204)_damaging,0,0.008924771634282633,244.66666666666666,82.85127237003265,0.0,damaging,ZMYM6
COL5A2 (1290)_damaging,0,0.00741001947845594,245.0,71.03872183534835,0.0,damaging,COL5A2
AJUBA (84962)_damaging,0,0.007324457292912939,245.2,44.61726123374226,0.0,damaging,AJUBA
ANKIB1 (54467)_damaging,0,0.00919387959091386,245.2,101.87099685386416,0.0,damaging,ANKIB1
USH2A (7399)_damaging,0,0.007610698989239159,245.2,46.47795176209898,0.0,damaging,USH2A
NLRP3 (114548)_damaging,0,0.00979418773873624,245.4,93.8978168010311,0.0,damaging,NLRP3
CACNA1E (777)_damaging,0,0.00767124640550054,246.4,69.76245408527427,0.0,damaging,CACNA1E
ASCC3 (10973)_damaging,0,0.009363268473150239,246.8,98.85696738217293,0.0,damaging,ASCC3
CSMD3 (114788)_damaging,0,0.00840145622947484,246.8,94.94050768770936,0.0,damaging,CSMD3
CTNNA2 (1496)_damaging,0,0.00969375900615072,246.8,98.29394691434463,0.0,damaging,CTNNA2
CTNNB1 (1499)_hotspot,0,0.006909182076462681,246.8,63.47204108897082,0.0,hotspot,CTNNB1
KDM5A (5927)_damaging,0,0.00913220827110204,247.4,97.5156397712695,0.0,damaging,KDM5A
KDM6A (7403)_damaging,0,0.008393726852725481,247.4,96.95256572159397,0.0,damaging,KDM6A
TOGARAM1 (23116)_damaging,0,0.00771980145945462,247.4,65.88854225128979,0.0,damaging,TOGARAM1
MAP1B (4131)_damaging,0,0.0076738733567538004,247.5,72.40856302952021,0.0,damaging,MAP1B
SPEG (10290)_damaging,0,0.007944568326244761,247.6,63.32692950080558,0.0,damaging,SPEG
PLXNC1 (10154)_damaging,0,0.00771966461541645,247.75,86.52697074708364,0.0,damaging,PLXNC1
COL6A3 (1293)_damaging,0,0.00707542383671806,247.8,63.033324519653895,0.0,damaging,COL6A3
DSP (1832)_damaging,0,0.0093244570813864,247.8,96.0583156212933,0.0,damaging,DSP
ABCB4 (5244)_damaging,0,0.00725366758770158,248.0,61.07372593840988,0.0,damaging,ABCB4
SUZ12 (23512)_damaging,0,0.007211257175731866,248.0,70.2922470831599,0.0,damaging,SUZ12
ABCA12 (26154)_damaging,0,0.00745897857820078,248.2,74.22735344871188,0.0,damaging,ABCA12
VWDE (221806)_damaging,0,0.00751474093899662,248.2,61.584900746855155,0.0,damaging,VWDE
CTNNA3 (29119)_damaging,0,0.007718541788078699,248.33333333333334,73.9075999700527,0.0,damaging,CTNNA3
DSCAM (1826)_damaging,0,0.0072164160928505,248.4,66.9873122314965,0.0,damaging,DSCAM
TACC2 (10579)_damaging,0,0.0072217530395623395,248.4,65.97196374218369,0.0,damaging,TACC2
ERBB2 (2064)_hotspot,0,0.007679652460237975,248.75,64.14761621967466,0.0,hotspot,ERBB2
DMXL2 (23312)_damaging,0,0.006519302256452281,249.0,56.84188596448925,0.0,damaging,DMXL2
FXR1 (8087)_damaging,0,0.0069336022571955,249.0,,0.0,damaging,FXR1
LARS2 (23395)_damaging,0,0.0060718913753296,249.0,,0.0,damaging,LARS2
CPLANE1 (65250)_damaging,0,0.00870770112655148,249.2,89.02359237864982,0.0,damaging,CPLANE1
WIZ (58525)_damaging,0,0.0079060997367352,249.2,92.92846711315107,0.0,damaging,WIZ
FMN2 (56776)_damaging,0,0.009496556627296902,249.6,92.59751616539182,0.0,damaging,FMN2
DNAJC13 (23317)_damaging,0,0.008044719859669725,249.75,82.52827798195396,0.0,damaging,DNAJC13
ADAMTSL3 (57188)_damaging,0,0.007752645930625221,249.8,82.87460407145242,0.0,damaging,ADAMTSL3
SPTBN5 (51332)_damaging,0,0.00692436367349856,249.8,63.84120926173,0.0,damaging,SPTBN5
MYCBP2 (23077)_damaging,0,0.00907393904653444,250.0,93.92284067254354,0.0,damaging,MYCBP2
EML6 (400954)_damaging,0,0.00765221007123344,250.2,68.9144397060587,0.0,damaging,EML6
PLCB4 (5332)_damaging,0,0.0066301630104152,250.2,57.25993363600765,0.0,damaging,PLCB4
DNA2 (1763)_damaging,0,0.006108996632961567,250.33333333333334,42.00396806652121,0.0,damaging,DNA2
CUBN (8029)_damaging,0,0.00849427229850684,250.4,90.24577552439781,0.0,damaging,CUBN
MED23 (9439)_damaging,0,0.00709832304930018,250.4,54.80237221142895,0.0,damaging,MED23
CCDC18 (343099)_damaging,0,0.0060187805764181,250.5,58.68986283848344,0.0,damaging,CCDC18
PAPPA2 (60676)_damaging,0,0.006500292266147201,251.0,46.81345960298171,0.0,damaging,PAPPA2
TENM1 (10178)_damaging,0,0.006514199266915641,251.0,57.1314274283428,0.0,damaging,TENM1
HCN1 (348980)_damaging,0,0.0073612344292245,251.2,88.4573343482608,0.0,damaging,HCN1
DCDC1 (341019)_damaging,0,0.006236699312042749,251.25,45.17650569340957,0.0,damaging,DCDC1
CDH23 (64072)_damaging,0,0.00684593059057194,251.8,74.4929526868146,0.0,damaging,CDH23
ATP10A (57194)_damaging,0,0.00617461249467825,252.0,8.48528137423857,0.0,damaging,ATP10A
COL4A5 (1287)_damaging,0,0.007747371625190599,252.4,86.33828814610584,0.0,damaging,COL4A5
ITGA8 (8516)_damaging,0,0.006631668834333525,252.5,57.88206400374242,0.0,damaging,ITGA8
COL6A6 (131873)_damaging,0,0.006280253266765334,253.0,64.11708040764177,0.0,damaging,COL6A6
ABCA10 (10349)_damaging,0,0.00796802779049878,253.4,86.32091287747136,0.0,damaging,ABCA10
ANKRD30B (374860)_damaging,0,0.00554032204128914,253.4,52.79488611598665,0.0,damaging,ANKRD30B
SKOR2 (652991)_damaging,0,0.0061632776083565596,253.8,77.3155870442694,0.0,damaging,SKOR2
ARMC3 (219681)_damaging,0,0.0070202213492982,254.0,74.03152481657168,0.0,damaging,ARMC3
ADGRL4 (64123)_damaging,0,0.0063052695264757,254.8,80.97345243967308,0.0,damaging,ADGRL4
ARID1A (8289)_damaging,0,0.0076439418031755395,255.2,82.29641547479453,0.0,damaging,ARID1A
C2CD3 (26005)_damaging,0,0.00622517592514326,255.4,79.06832488424173,0.0,damaging,C2CD3
KNOP1 (400506)_damaging,0,0.00563267865708132,255.6,52.58611984164643,0.0,damaging,KNOP1
DTX4 (23220)_damaging,0,0.006496400140386033,255.66666666666666,61.2072980398035,0.0,damaging,DTX4
MME (4311)_damaging,0,0.00619761165344362,255.8,78.17416453023338,0.0,damaging,MME
WWP1 (11059)_damaging,0,0.00614523716535282,255.8,78.73817371516817,0.0,damaging,WWP1
REV1 (51455)_damaging,0,0.0045624162020937,256.0,33.421549934136806,0.0,damaging,REV1
RALGAPA2 (57186)_damaging,0,0.00561541749523295,256.25,68.19762947981893,0.0,damaging,RALGAPA2
PTPN23 (25930)_damaging,0,0.00503034904211494,256.4,48.459261240757684,0.0,damaging,PTPN23
RERE (473)_damaging,0,0.00605660740197922,256.4,77.39702836672737,0.0,damaging,RERE
HUWE1 (10075)_damaging,0,0.007091119098052901,256.8,78.71912093005103,0.0,damaging,HUWE1
MAP2K1 (5604)_hotspot,0,0.0053787194575511,257.0,,0.0,hotspot,MAP2K1
SIN3B (23309)_damaging,0,0.005460746238408833,257.0,55.4346462061408,0.0,damaging,SIN3B
TOP3A (7156)_damaging,0,0.005045691776118267,257.0,57.19265687131522,0.0,damaging,TOP3A
COL5A3 (50509)_damaging,0,0.00617382624194898,257.4,74.59758709234501,0.0,damaging,COL5A3
SCN3A (6328)_damaging,0,0.005850249831102159,257.4,74.59758709234502,0.0,damaging,SCN3A
TMC1 (117531)_damaging,0,0.006109056938579175,257.75,66.535078467427,0.0,damaging,TMC1
KDR (3791)_damaging,0,0.00577241899267358,257.8,73.70345989164959,0.0,damaging,KDR
NBEAL1 (65065)_damaging,0,0.00544393832901738,257.8,63.91948059864066,0.0,damaging,NBEAL1
ATP8A2 (51761)_damaging,0,0.006878843810021219,258.0,76.03617560082832,0.0,damaging,ATP8A2
MMP3 (4314)_damaging,0,0.005398970125769001,258.0,47.53945729601885,0.0,damaging,MMP3
PLXNA3 (55558)_damaging,0,0.00602344395048968,258.2,72.80934006018734,0.0,damaging,PLXNA3
CENPF (1063)_damaging,0,0.00561501446251352,258.6,71.9152278728226,0.0,damaging,CENPF
UNC79 (57578)_damaging,0,0.0062919856697635,258.6,73.59551616776663,0.0,damaging,UNC79
ZMYM3 (9203)_damaging,0,0.0048172275485476,258.6,44.679973142337495,0.0,damaging,ZMYM3
C8orf34 (116328)_damaging,0,0.0051029854816628,259.0,,0.0,damaging,C8orf34
CHD5 (26038)_damaging,0,0.00562578951077692,259.0,71.58561307972433,0.0,damaging,CHD5
MAST2 (23139)_damaging,0,0.00589405812332708,259.0,71.02112361825881,0.0,damaging,MAST2
CIC (23152)_damaging,0,0.004824341701638449,259.4,42.48882205945465,0.0,damaging,CIC
UBR4 (23352)_damaging,0,0.0051583677540587,259.4,47.44786612693978,0.0,damaging,UBR4
OC90 (729330)_damaging,0,0.00521263795319065,259.75,63.2106267437156,0.0,damaging,OC90
ARHGAP39 (80728)_damaging,0,0.0049814425190133,260.0,,0.0,damaging,ARHGAP39
CAMSAP3 (57662)_damaging,0,0.0048847032294404204,260.0,42.95346318982906,0.0,damaging,CAMSAP3
FBXL13 (222235)_damaging,0,0.004989432173232167,260.0,57.15767664977295,0.0,damaging,FBXL13
GALC (2581)_damaging,0,0.0052779410911095,260.0,38.18376618407357,0.0,damaging,GALC
PXDN (7837)_damaging,0,0.005187480974593625,260.25,62.21133337262592,0.0,damaging,PXDN
RIF1 (55183)_damaging,0,0.0053018623358429395,260.4,68.45655556628599,0.0,damaging,RIF1
RNF31 (55072)_damaging,0,0.00457480567632515,260.5,45.96194077712559,0.0,damaging,RNF31
PLXNA4 (91584)_damaging,0,0.00588367051403808,261.2,67.78421645191453,0.0,damaging,PLXNA4
ZBTB7A (51341)_damaging,0,0.005042358287274279,261.2,54.92449362533987,0.0,damaging,ZBTB7A
FBN3 (84467)_damaging,0,0.005190502811795341,261.6,65.20966186080096,0.0,damaging,FBN3
FANCM (57697)_damaging,0,0.00458713679933746,261.8,47.81422382513387,0.0,damaging,FANCM
FOLH1 (2346)_damaging,0,0.005292771679271559,261.8,63.65689279253269,0.0,damaging,FOLH1
SORCS3 (22986)_damaging,0,0.0051516399572793,261.8,64.76264355320897,0.0,damaging,SORCS3
MTA1 (9112)_damaging,0,0.0038607625063899003,262.6666666666667,51.67526810122356,0.0,damaging,MTA1
TRPM1 (4308)_damaging,0,0.0054465100426572596,263.2,64.41040288649032,0.0,damaging,TRPM1
CDH10 (1008)_damaging,0,0.0054020631168462405,263.4,63.96327071061955,0.0,damaging,CDH10
DNAH7 (56171)_damaging,0,0.004714087780845379,263.8,53.950903606890584,0.0,damaging,DNAH7
MUC4 (4585)_damaging,0,0.0044806037601528,263.8,60.858031515979874,0.0,damaging,MUC4
MEI1 (150365)_damaging,0,0.004307964972017125,264.0,54.043192602460735,0.0,damaging,MEI1
CR1 (1378)_damaging,0,0.004608523962854733,264.3333333333333,49.65212315030782,0.0,damaging,CR1
PIK3C2B (5287)_damaging,0,0.00441028509381894,264.4,58.95167512463068,0.0,damaging,PIK3C2B
RAB40A (142684)_damaging,0,0.00439056788748992,264.4,59.517224397648114,0.0,damaging,RAB40A
DYNC1H1 (1778)_damaging,0,0.00432925965185042,264.6,52.71906675957001,0.0,damaging,DYNC1H1
LRGUK (136332)_damaging,0,0.00278750856537085,265.0,35.35533905932738,0.0,damaging,LRGUK
LZTR1 (8216)_damaging,0,0.00432042528900768,265.0,58.17645571878713,0.0,damaging,LZTR1
TBX4 (9496)_damaging,0,0.0035475237669273752,265.0,36.68787265568828,0.0,damaging,TBX4
FAT3 (120114)_damaging,0,0.0038537693564292797,265.2,41.80550203023521,0.0,damaging,FAT3
LUZP1 (7798)_damaging,0,0.00421161613554008,265.2,57.72954183085122,0.0,damaging,LUZP1
PLXNA2 (5362)_damaging,0,0.003831214460096325,265.25,52.219887654672974,0.0,damaging,PLXNA2
C6 (729)_damaging,0,0.0047061099609684,265.6,57.950841236344445,0.0,damaging,C6
NUP98 (4928)_damaging,0,0.0038220867855417806,265.6,46.62402814000523,0.0,damaging,NUP98
PTEN (5728)_damaging,0,0.00444732264951552,265.8,55.82293435497636,0.0,damaging,PTEN
STK11 (6794)_hotspot,0,0.00461790669573442,265.8,57.50391291034028,0.0,hotspot,STK11
MKI67 (4288)_damaging,0,0.0046564145792726,266.0,58.15066637623339,0.0,damaging,MKI67
COL15A1 (1306)_damaging,0,0.00405988014616904,266.2,37.385826191218506,0.0,damaging,COL15A1
JAK1 (3716)_damaging,0,0.004291146018677,266.2,41.160660830458006,0.0,damaging,JAK1
PHF20L1 (51105)_damaging,0,0.003963171760856461,266.4,51.437340522231516,0.0,damaging,PHF20L1
CFAP47 (286464)_damaging,0,0.0041929357961762,266.6,54.03517372971054,0.0,damaging,CFAP47
CCDST (112268240)_damaging,0,0.00408624546580206,266.8,38.04865306420189,0.0,damaging,CCDST
FN1 (2335)_damaging,0,0.00406295910245196,267.0,53.707541369904476,0.0,damaging,FN1
ZFPM2 (23414)_damaging,0,0.004071354829926833,267.0,45.033320996790806,0.0,damaging,ZFPM2
PTPRN2 (5799)_damaging,0,0.0038740175826059596,267.2,52.69440197971698,0.0,damaging,PTPRN2
DYNC2H1 (79659)_damaging,0,0.0034434507373774805,267.4,33.29113996245847,0.0,damaging,DYNC2H1
EGFLAM (133584)_damaging,0,0.003411188537655775,267.5,47.049619197892206,0.0,damaging,EGFLAM
SCAF4 (57466)_damaging,0,0.0033765121249642004,267.8,28.99482712485108,0.0,damaging,SCAF4
TRIOBP (11078)_damaging,0,0.0041336540582467395,267.8,49.13959706794512,0.0,damaging,TRIOBP
ARID1B (57492)_damaging,0,0.0034427362428820995,268.0,28.88771365130858,0.0,damaging,ARID1B
AXL (558)_damaging,0,0.0032333077256464665,268.0,39.05124837953327,0.0,damaging,AXL
KANSL1 (284058)_damaging,0,0.0033171070539775595,268.0,32.749045787625626,0.0,damaging,KANSL1
INO80D (54891)_damaging,0,0.00397081819387432,268.2,53.232508864414804,0.0,damaging,INO80D
MAP3K12 (7786)_damaging,0,0.00342745908545265,268.25,45.55125318437097,0.0,damaging,MAP3K12
MRC2 (9902)_damaging,0,0.00327070149585325,268.25,47.52104796824245,0.0,damaging,MRC2
VPS13C (54832)_damaging,0,0.0037344469547216596,268.6,49.5661174594097,0.0,damaging,VPS13C
DNAH14 (127602)_damaging,0,0.0038319975287622204,268.8,50.800590547748556,0.0,damaging,DNAH14
PAN2 (9924)_damaging,0,0.0037439093169115,269.0,38.118237105091836,0.0,damaging,PAN2
RNF111 (54778)_damaging,0,0.0030505361698053,269.0,,0.0,damaging,RNF111
TEP1 (7011)_damaging,0,0.0036553271591673203,269.2,49.9069133487536,0.0,damaging,TEP1
LRP2 (4036)_damaging,0,0.00343760440355242,269.4,47.77865632267195,0.0,damaging,LRP2
MSH2 (4436)_damaging,0,0.00342647056769244,269.6,47.33180748714336,0.0,damaging,MSH2
SPANXN4 (441525)_damaging,0,0.0031011421815471197,269.6,29.228410836034172,0.0,damaging,SPANXN4
IGF2R (3482)_damaging,0,0.0031199486332745,269.6666666666667,39.55165398985652,0.0,damaging,IGF2R
CTTNBP2 (83992)_damaging,0,0.0034681629519117,269.8,47.4520810924031,0.0,damaging,CTTNBP2
RB1CC1 (9821)_damaging,0,0.00337844438533142,269.8,46.88496560732449,0.0,damaging,RB1CC1
CCDC178 (374864)_damaging,0,0.0033729001656018,270.0,40.71854614300467,0.0,damaging,CCDC178
ALK (238)_damaging,0,0.0034354689209952598,270.4,48.31459406845928,0.0,damaging,ALK
HERC2 (8924)_damaging,0,0.00344602564519356,270.4,46.11182061033809,0.0,damaging,HERC2
KDM4B (23030)_damaging,0,0.00305753865045188,270.6,45.09767178025935,0.0,damaging,KDM4B
ARFGEF3 (57221)_damaging,0,0.00268941344950415,270.75,42.52352290203624,0.0,damaging,ARFGEF3
NPAS3 (64067)_damaging,0,0.0033691085313273,271.2,44.32493654817793,0.0,damaging,NPAS3
RP1 (6101)_damaging,0,0.0027024851376219717,271.4,41.34368150032119,0.0,damaging,RP1
POT1 (25913)_damaging,0,0.00299805409522515,271.5,30.405591591021544,0.0,damaging,POT1
CACNA1H (8912)_damaging,0,0.00314880355695686,271.6,45.63222545526352,0.0,damaging,CACNA1H
MYH8 (4626)_damaging,0,0.00287491827130184,271.8,42.41697773297857,0.0,damaging,MYH8
PCDH15 (65217)_damaging,0,0.00280781805653204,272.0,43.6520331714343,0.0,damaging,PCDH15
SCN8A (6334)_damaging,0,0.0017651496083075,272.0,,0.0,damaging,SCN8A
CACNA1I (8911)_damaging,0,0.00284892909230146,272.2,41.5234873294621,0.0,damaging,CACNA1I
HECW1 (23072)_damaging,0,0.00334094712818924,272.4,41.0767574182773,0.0,damaging,HECW1
PIK3CG (5294)_damaging,0,0.0027070099926217,272.8,42.949970896381295,0.0,damaging,PIK3CG
CILP (8483)_damaging,0,0.0027368854112118,273.0,24.041630560342615,0.0,damaging,CILP
CWF19L2 (143884)_damaging,0,0.0023479579102673,273.0,,0.0,damaging,CWF19L2
ZZEF1 (23140)_damaging,0,0.00267744149152156,273.0,39.736632972611055,0.0,damaging,ZZEF1
EPPK1 (83481)_damaging,0,0.0021910766761032,273.25,36.854443422740765,0.0,damaging,EPPK1
WRN (7486)_damaging,0,0.0025084049766747997,273.4,41.60889328016308,0.0,damaging,WRN
ASAP1 (50807)_damaging,0,0.00211976011942355,273.5,27.577164466275352,0.0,damaging,ASAP1
ZNF469 (84627)_damaging,0,0.0025951064383027403,273.6,40.07867263271078,0.0,damaging,ZNF469
NFIA (4774)_damaging,0,0.0028981012401931,274.0,34.068558329736625,0.0,damaging,NFIA
CEP250 (11190)_damaging,0,0.002451049775824175,274.25,20.758532382292028,0.0,damaging,CEP250
EPRS1 (2058)_damaging,0,0.0021502029614503,274.6666666666667,26.633312473917577,0.0,damaging,EPRS1
COL20A1 (57642)_damaging,0,0.0023301779316208,275.0,33.35665850571167,0.0,damaging,COL20A1
PKHD1L1 (93035)_damaging,0,0.0027672677987188,275.0,35.270384177096794,0.0,damaging,PKHD1L1
HERC1 (8925)_damaging,0,0.00239675562127772,275.2,36.506163863106735,0.0,damaging,HERC1
IGFN1 (91156)_damaging,0,0.0020227319946337402,275.2,33.41706151055176,0.0,damaging,IGFN1
NUP210 (23225)_damaging,0,0.00255109690582395,275.5,24.748737341529164,0.0,damaging,NUP210
CHD8 (57680)_damaging,0,0.0024528897636795803,275.6,34.500724630071176,0.0,damaging,CHD8
ODAD2 (55130)_damaging,0,0.00227903552815855,275.75,31.255666152982034,0.0,damaging,ODAD2
CR2 (1380)_damaging,0,0.00232078573772068,275.8,33.484324690816145,0.0,damaging,CR2
ECT2L (345930)_damaging,0,0.0023310288849869,276.0,34.72031105851444,0.0,damaging,ECT2L
TPR (7175)_damaging,0,0.0019364207614638597,276.0,35.79804463933749,0.0,damaging,TPR
EPHA3 (2042)_damaging,0,0.00242739698057146,276.2,33.1617249249794,0.0,damaging,EPHA3
POLR2B (5431)_damaging,0,0.00222013290333992,276.2,32.591409911202064,0.0,damaging,POLR2B
MARCO (8685)_damaging,0,0.00219928356296634,276.4,32.14498405661449,0.0,damaging,MARCO
EPS8 (2059)_damaging,0,0.00208678937561265,276.5,19.091883092036785,0.0,damaging,EPS8
SYNE1 (23345)_damaging,0,0.0024019515569799602,276.6,31.698580409854326,0.0,damaging,SYNE1
ANKRD31 (256006)_damaging,0,0.00211409153708802,276.8,31.25219992256545,0.0,damaging,ANKRD31
NRK (203447)_damaging,0,0.00234300976797072,276.8,31.822947695020332,0.0,damaging,NRK
AXDND1 (126859)_damaging,0,0.0020991806567072,277.0,30.805843601498722,0.0,damaging,AXDND1
IGSF10 (285313)_damaging,0,0.00206798502845866,277.2,25.704085278414404,0.0,damaging,IGSF10
CFTR (1080)_damaging,0,0.00215095153516345,277.25,27.584717991429,0.0,damaging,CFTR
MECOM (2122)_damaging,0,0.00212225203848946,277.4,19.125898671696444,0.0,damaging,MECOM
MT-ND5 (4540)_damaging,0,0.00225981179213624,277.4,29.913207785190803,0.0,damaging,MT-ND5
VPS13B (157680)_damaging,0,0.0016765136456501,277.6,32.22266283223657,0.0,damaging,VPS13B
MMRN1 (22915)_damaging,0,0.0017132057499498,277.6666666666667,25.696951829610708,0.0,damaging,MMRN1
EXOSC10 (5394)_damaging,0,0.00189313306688895,277.75,27.26872445372782,0.0,damaging,EXOSC10
GLI3 (2737)_damaging,0,0.00200288475797116,277.8,30.703420004944075,0.0,damaging,GLI3
RASA2 (5922)_damaging,0,0.001582392273095,278.0,29.337120967584166,0.0,damaging,RASA2
TRDN (10345)_damaging,0,0.002032809759782825,278.0,26.08958923913266,0.0,damaging,TRDN
CCNB3 (85417)_damaging,0,0.002159641645292,278.2,28.700174215499114,0.0,damaging,CCNB3
SLITRK2 (84631)_damaging,0,0.00196235699855412,278.2,29.81107176872378,0.0,damaging,SLITRK2
THSD7A (221981)_damaging,0,0.0021276449065253202,278.2,28.12827758679866,0.0,damaging,THSD7A
ARID3B (10620)_damaging,0,0.001797232763426075,278.25,25.59133968096759,0.0,damaging,ARID3B
ABCA8 (10351)_damaging,0,0.00192660436972962,278.4,29.364945087638084,0.0,damaging,ABCA8
PER1 (5187)_damaging,0,0.0020609732507916,278.4,27.682124195949985,0.0,damaging,PER1
WDFY4 (57705)_damaging,0,0.00148934733107786,278.4,30.435177016077954,0.0,damaging,WDFY4
CHD3 (1107)_damaging,0,0.00200214881565778,278.6,27.23600558084831,0.0,damaging,CHD3
GPR179 (440435)_damaging,0,0.0017701392305418,278.6,27.236005580848303,0.0,damaging,GPR179
PCSK5 (5125)_damaging,0,0.0018901546389851,278.6,28.918851982746478,0.0,damaging,PCSK5
FLCN (201163)_damaging,0,0.0019463669071076667,278.6666666666667,21.385353243127263,0.0,damaging,FLCN
R3HDM2 (22864)_damaging,0,0.00175246696872085,278.75,24.595053703268604,0.0,damaging,R3HDM2
STARD9 (57519)_damaging,0,0.00200031695881214,278.8,26.78992347880076,0.0,damaging,STARD9
ACACA (31)_damaging,0,0.002153463339606625,279.0,24.698178070456937,0.0,damaging,ACACA
TDRD15 (100129278)_damaging,0,0.0015663213117597201,279.2,25.897876360813836,0.0,damaging,TDRD15
TP53BP1 (7158)_damaging,0,0.00164312401737912,279.4,17.357995275952803,0.0,damaging,TP53BP1
ARSK (153642)_damaging,0,0.00137331368674404,279.6,27.754278949380033,0.0,damaging,ARSK
ZNF318 (24149)_damaging,0,0.0018460261158439399,279.6,25.579288496750642,0.0,damaging,ZNF318
RIMBP2 (23504)_damaging,0,0.00168730020621774,279.8,26.243094329747017,0.0,damaging,RIMBP2
AOC1 (26)_damaging,0,0.0010583201807726,280.0,,0.0,damaging,AOC1
MED12L (116931)_damaging,0,0.00165820962407848,280.0,14.053469322555197,0.0,damaging,MED12L
MTCL1 (23255)_damaging,0,0.00136868435036465,280.0,25.337718918639847,0.0,damaging,MTCL1
MYPN (84665)_damaging,0,0.0014572182343877,280.0,20.066555924389885,0.0,damaging,MYPN
BLM (641)_damaging,0,0.00178750596913624,280.2,24.242524621004303,0.0,damaging,BLM
KCNH4 (23415)_damaging,0,0.00171624586185345,280.25,24.83780720326709,0.0,damaging,KCNH4
RP1L1 (94137)_damaging,0,0.0013290570470286599,280.8,22.3315919719128,0.0,damaging,RP1L1
POSTN (10631)_damaging,0,0.0011659014531746335,281.0,19.924858845171276,0.0,damaging,POSTN
USP6 (9098)_damaging,0,0.0014565358058356201,281.0,23.569047498785352,0.0,damaging,USP6
CDH1 (999)_damaging,0,0.00119383123887452,281.2,24.180570712867805,0.0,damaging,CDH1
AP3D1 (8943)_damaging,0,0.0014787322843775334,281.3333333333333,16.772994167212158,0.0,damaging,AP3D1
BRCA1 (672)_damaging,0,0.0010987721429564,281.8,22.840753052384244,0.0,damaging,BRCA1
UTRN (7402)_damaging,0,0.00126171857349472,281.8,20.104725812604354,0.0,damaging,UTRN
PHLDB2 (90102)_damaging,0,2.729721396215017e-07,282.0,,0.0,damaging,PHLDB2
PCNX2 (80003)_damaging,0,0.0013039580569988401,282.4,20.452383724153037,0.0,damaging,PCNX2
MAP2K7 (5609)_damaging,0,0.0008104713551476,282.5,10.606601717798213,0.0,damaging,MAP2K7
ZNF91 (7644)_damaging,0,0.001244534691819675,282.5,17.13670524536927,0.0,damaging,ZNF91
OSBPL1A (114876)_damaging,0,0.0013340406719487001,282.75,13.573871960498222,0.0,damaging,OSBPL1A
ASXL3 (80816)_damaging,0,0.00103894142748718,282.8,20.6082507748717,0.0,damaging,ASXL3
DPP10 (57628)_damaging,0,0.00130427534640306,282.8,17.880156598866805,0.0,damaging,DPP10
ARID5B (84159)_damaging,0,0.00125881784469858,283.0,19.11805429430516,0.0,damaging,ARID5B
SYCP1 (6847)_damaging,0,0.00121516126551502,283.2,16.99117417955569,0.0,damaging,SYCP1
PEAK1 (79834)_damaging,0,0.0012769351304991,283.25,17.55704986607944,0.0,damaging,PEAK1
COL19A1 (1310)_damaging,0,0.0012296575941581,283.6,16.682325976913415,0.0,damaging,COL19A1
UMODL1 (89766)_damaging,0,0.0006851060909390666,283.6666666666667,11.150485789118495,0.0,damaging,UMODL1
UGGT1 (56886)_damaging,0,0.00096993845958885,283.75,12.606215398233791,0.0,damaging,UGGT1
ADAMTS20 (80070)_damaging,0,0.00117548220225668,283.8,17.340703561274555,0.0,damaging,ADAMTS20
FBN2 (2201)_damaging,0,0.0008748054216497599,283.8,18.376615575235824,0.0,damaging,FBN2
MUC16 (94025)_damaging,0,0.00120363142910032,283.8,16.238842323269225,0.0,damaging,MUC16
SLC45A1 (50651)_damaging,0,0.00100593721062928,283.8,15.658863304850708,0.0,damaging,SLC45A1
SSUH2 (51066)_damaging,0,0.0011932520664950667,284.0,14.730919862656235,0.0,damaging,SSUH2
ITPR2 (3709)_damaging,0,0.0008674208560620599,284.2,17.484278652549555,0.0,damaging,ITPR2
CBLN2 (147381)_damaging,0,0.0010816483559746668,284.3333333333333,12.503332889007371,0.0,damaging,CBLN2
NRIP1 (8204)_damaging,0,0.0009440037282819,284.4,14.32829368766568,0.0,damaging,NRIP1
KIAA0825 (285600)_damaging,0,0.0010629053070392,284.5,12.020815280171307,0.0,damaging,KIAA0825
CNTNAP4 (85445)_damaging,0,0.0009763101888364001,284.6,11.193748255164577,0.0,damaging,CNTNAP4
ERBB4 (2066)_damaging,0,0.0009079131428546799,284.6,13.885243966167824,0.0,damaging,ERBB4
CCDC15 (80071)_damaging,0,0.0008588284069744667,285.0,8.888194417315589,0.0,damaging,CCDC15
F5 (2153)_damaging,0,0.001028871935125425,285.0,13.391539617733784,0.0,damaging,F5
ZNF804B (219578)_damaging,0,0.00091906835912926,285.2,13.14153720079961,0.0,damaging,ZNF804B
GRIN2A (2903)_damaging,0,0.0009864202992116,285.4,13.794926603646722,0.0,damaging,GRIN2A
SPTA1 (6708)_damaging,0,0.0008510927382561,285.4,12.11610498468876,0.0,damaging,SPTA1
CDH12 (1010)_damaging,0,0.00072048602810675,285.5,10.606601717798213,0.0,damaging,CDH12
CCDC88A (55704)_damaging,0,0.00084423031817092,286.0,12.469963913339926,0.0,damaging,CCDC88A
PCNX3 (399909)_damaging,0,0.00075057599674234,286.0,10.793516572461447,0.0,damaging,PCNX3
ROCK2 (9475)_damaging,0,0.00061266528186075,286.0,8.906926143924919,0.0,damaging,ROCK2
SPEF2 (79925)_damaging,0,0.0006712880840182001,286.0,10.793516572461451,0.0,damaging,SPEF2
COL3A1 (1281)_damaging,0,0.00083432775282746,286.2,12.02913130695646,0.0,damaging,COL3A1
LYST (1130)_damaging,0,0.00073697434145888,286.2,10.353743284435833,0.0,damaging,LYST
NIPBL (25836)_damaging,0,0.00081026427011716,286.2,10.940749517286278,0.0,damaging,NIPBL
EPB41L3 (23136)_damaging,0,0.0007481067837914,286.25,9.742518497116988,0.0,damaging,EPB41L3
ERRFI1 (54206)_damaging,0,0.0007925965793747399,286.4,10.5023806824929,0.0,damaging,ERRFI1
MTCL3 (387104)_damaging,0,0.0005902671845571,287.0,8.48528137423857,0.0,damaging,MTCL3
UNC93B7 (100887746)_damaging,0,0.000575119790086975,287.0,6.2182527020592095,0.0,damaging,UNC93B7
CALCR (799)_damaging,0,0.0005869294107184199,287.2,8.757853618324532,0.0,damaging,CALCR
NCKAP5L (57701)_damaging,0,0.00064362365748774,287.2,9.833615815151617,0.0,damaging,NCKAP5L
NAA15 (80155)_damaging,0,0.0004375763827746,287.3333333333333,6.429100507328629,0.0,damaging,NAA15
DNAH6 (1768)_damaging,0,0.00045075196317819995,287.6,9.914635646356349,0.0,damaging,DNAH6
RFX7 (64864)_damaging,0,0.00049450720845296,287.8,6.870225614927063,0.0,damaging,RFX7
ACAP3 (116983)_damaging,0,0.0,288.0,,0.0,damaging,ACAP3
ADAMTS5 (11096)_damaging,0,0.0,288.0,,0.0,damaging,ADAMTS5
BACH2 (60468)_damaging,0,0.0,288.0,,0.0,damaging,BACH2
CDH16 (1014)_damaging,0,0.0,288.0,,0.0,damaging,CDH16
CYP7A1 (1581)_damaging,0,0.0,288.0,,0.0,damaging,CYP7A1
DACH2 (117154)_damaging,0,0.0,288.0,,0.0,damaging,DACH2
DENND4A (10260)_damaging,0,0.0,288.0,,0.0,damaging,DENND4A
DGKZ (8525)_damaging,0,0.0,288.0,,0.0,damaging,DGKZ
ERCC6 (2074)_damaging,0,0.0,288.0,,0.0,damaging,ERCC6
ERICH6B (220081)_damaging,0,0.0,288.0,,0.0,damaging,ERICH6B
FNDC1 (84624)_damaging,0,0.00046325815289076003,288.0,6.442049363362566,0.0,damaging,FNDC1
GOLGA6L2 (283685)_damaging,0,0.0,288.0,,0.0,damaging,GOLGA6L2
GRAMD1B (57476)_damaging,0,0.0,288.0,,0.0,damaging,GRAMD1B
HELZ (9931)_damaging,0,0.0,288.0,,0.0,damaging,HELZ
INTS1 (26173)_damaging,0,0.0,288.0,,0.0,damaging,INTS1
KIF6 (221458)_damaging,0,0.0,288.0,,0.0,damaging,KIF6
LAMA4 (3910)_damaging,0,0.0,288.0,,0.0,damaging,LAMA4
MAGEC1 (9947)_damaging,0,0.0,288.0,,0.0,damaging,MAGEC1
MAN2B2 (23324)_damaging,0,0.0,288.0,,0.0,damaging,MAN2B2
MROH1 (727957)_damaging,0,0.0,288.0,,0.0,damaging,MROH1
MRPS10 (55173)_damaging,0,0.0,288.0,,0.0,damaging,MRPS10
MTUS2 (23281)_damaging,0,0.0,288.0,,0.0,damaging,MTUS2
NFATC1 (4772)_damaging,0,0.0,288.0,,0.0,damaging,NFATC1
PARD3 (56288)_damaging,0,0.0,288.0,,0.0,damaging,PARD3
PARP14 (54625)_damaging,0,0.0,288.0,,0.0,damaging,PARP14
PRKN (5071)_damaging,0,0.0,288.0,,0.0,damaging,PRKN
RECQL4 (9401)_damaging,0,0.0,288.0,,0.0,damaging,RECQL4
RICTOR (253260)_damaging,0,0.0,288.0,,0.0,damaging,RICTOR
SDHA (6389)_damaging,0,0.00045652359803983995,288.0,8.093207028119323,0.0,damaging,SDHA
SH2B1 (25970)_damaging,0,0.0,288.0,,0.0,damaging,SH2B1
SHROOM4 (57477)_damaging,0,0.0,288.0,,0.0,damaging,SHROOM4
SLC5A7 (60482)_damaging,0,0.0,288.0,,0.0,damaging,SLC5A7
SLCO1C1 (53919)_damaging,0,0.0,288.0,,0.0,damaging,SLCO1C1
SNHG14 (104472715)_damaging,0,0.0,288.0,,0.0,damaging,SNHG14
TDRD1 (56165)_damaging,0,0.0,288.0,,0.0,damaging,TDRD1
TTF2 (8458)_damaging,0,0.0,288.0,,0.0,damaging,TTF2
ZBBX (79740)_damaging,0,0.0005125785464353999,288.0,5.0,0.0,damaging,ZBBX
ZGRF1 (55345)_damaging,0,0.0,288.0,,0.0,damaging,ZGRF1
ZNF142 (7701)_damaging,0,0.0,288.0,,0.0,damaging,ZNF142
ZNF316 (100131017)_damaging,0,0.0,288.0,,0.0,damaging,ZNF316
ZNF407 (55628)_damaging,0,0.0,288.0,,0.0,damaging,ZNF407
ZNF569 (148266)_damaging,0,0.0,288.0,,0.0,damaging,ZNF569
ZNF677 (342926)_damaging,0,0.0,288.0,,0.0,damaging,ZNF677
TICAM1 (148022)_damaging,0,0.00034914797528366,288.2,8.584870412533903,0.0,damaging,TICAM1
CHL1 (10752)_damaging,0,0.00037228437707923336,288.3333333333333,5.686240703077319,0.0,damaging,CHL1
ANKRD26 (22852)_damaging,0,0.00043747743207890003,288.4,5.594640292279745,0.0,damaging,ANKRD26
TSC2 (7249)_damaging,0,0.00028081815935826,288.4,5.59464029227974,0.0,damaging,TSC2
MACF1 (23499)_damaging,0,0.00030127020560494,288.6,7.700649323271377,0.0,damaging,MACF1
DMBT1 (1755)_damaging,0,0.00028162772429304,288.8,7.259476565152614,0.0,damaging,DMBT1
ADAM28 (10863)_damaging,0,0.000583986456621,289.0,,0.0,damaging,ADAM28
ADAMTSL1 (92949)_damaging,0,0.0,289.0,1.4142135623730951,0.0,damaging,ADAMTSL1
ATP9B (374868)_damaging,0,0.0003507776648818,289.0,3.3166247903554056,0.0,damaging,ATP9B
BRD4 (23476)_damaging,0,0.0,289.0,1.4142135623730951,0.0,damaging,BRD4
EEA1 (8411)_damaging,0,0.0,289.0,1.4142135623730951,0.0,damaging,EEA1
GREB1L (80000)_damaging,0,0.0,289.0,1.4142135623730951,0.0,damaging,GREB1L
MICAL2 (9645)_damaging,0,0.0,289.0,1.4142135623730951,0.0,damaging,MICAL2
POLR1A (25885)_damaging,0,0.0,289.0,1.4142135623730951,0.0,damaging,POLR1A
PRRC2C (23215)_damaging,0,0.0,289.0,1.4142135623730951,0.0,damaging,PRRC2C
PZP (5858)_damaging,0,0.0,289.0,1.4142135623730951,0.0,damaging,PZP
SETD1B (23067)_damaging,0,0.00035386165696118003,289.0,4.35889894354067,0.0,damaging,SETD1B
SLC25A13 (10165)_damaging,0,0.0,289.0,1.4142135623730951,0.0,damaging,SLC25A13
SPRED1 (161742)_damaging,0,0.0,289.0,1.4142135623730951,0.0,damaging,SPRED1
SPTBN4 (57731)_damaging,0,0.0003008385974971667,289.0,4.58257569495584,0.0,damaging,SPTBN4
HDAC4 (9759)_damaging,0,0.00034131972037902003,289.2,4.549725266430927,0.0,damaging,HDAC4
KMT2C (58508)_damaging,0,1.824912073056937e-05,289.2,6.379655163094631,0.0,damaging,KMT2C
MDC1 (9656)_damaging,0,0.00022085172538138,289.2,3.9623225512317872,0.0,damaging,MDC1
KCNT2 (343450)_damaging,0,0.0001348722742367,289.5,3.696845502136472,0.0,damaging,KCNT2
RAD17 (5884)_damaging,0,1.4730814445637653e-05,289.6,5.504543577809155,0.0,damaging,RAD17
USP9X (8239)_damaging,0,0.00032160847018012,289.6,3.209361307176236,0.0,damaging,USP9X
RGS7 (6000)_damaging,0,0.000114357236459875,289.75,2.3629078131263013,0.0,damaging,RGS7
ABCC1 (4363)_damaging,0,0.0,290.0,2.8284271247461903,0.0,damaging,ABCC1
ABCG2 (9429)_damaging,0,0.0,290.0,,0.0,damaging,ABCG2
ADARB2 (105)_damaging,0,0.0,290.0,,0.0,damaging,ADARB2
AGGF1 (55109)_damaging,0,0.0,290.0,,0.0,damaging,AGGF1
ANKHD1 (54882)_damaging,0,0.0,290.0,,0.0,damaging,ANKHD1
ANO6 (196527)_damaging,0,0.0,290.0,2.8284271247461903,0.0,damaging,ANO6
ARHGAP24 (83478)_damaging,0,0.0,290.0,,0.0,damaging,ARHGAP24
CACNA1G (8913)_damaging,0,0.0,290.0,,0.0,damaging,CACNA1G
CAMTA1 (23261)_damaging,0,0.0,290.0,2.0,0.0,damaging,CAMTA1
CCDC186 (55088)_damaging,0,0.0,290.0,,0.0,damaging,CCDC186
CCDC88B (283234)_damaging,0,0.0,290.0,,0.0,damaging,CCDC88B
CEPT1 (10390)_damaging,0,0.0,290.0,2.8284271247461903,0.0,damaging,CEPT1
CFAP44 (55779)_damaging,0,0.0,290.0,2.8284271247461903,0.0,damaging,CFAP44
CFH (3075)_damaging,0,0.0,290.0,2.8284271247461903,0.0,damaging,CFH
CKAP5 (9793)_damaging,0,0.0,290.0,,0.0,damaging,CKAP5
CLTC (1213)_damaging,0,0.0,290.0,2.8284271247461903,0.0,damaging,CLTC
DIAPH3 (81624)_damaging,0,0.0,290.0,,0.0,damaging,DIAPH3
EGFR (1956)_damaging,0,0.0,290.0,2.8284271247461903,0.0,damaging,EGFR
EML3 (256364)_damaging,0,0.0,290.0,2.8284271247461903,0.0,damaging,EML3
ENTREP2 (23359)_damaging,0,0.0,290.0,,0.0,damaging,ENTREP2
EPHA6 (285220)_damaging,0,0.0,290.0,2.8284271247461903,0.0,damaging,EPHA6
EPHB4 (2050)_damaging,0,0.0,290.0,,0.0,damaging,EPHB4
FAM47B (170062)_damaging,0,0.0,290.0,2.8284271247461903,0.0,damaging,FAM47B
FBXO38 (81545)_damaging,0,0.0,290.0,,0.0,damaging,FBXO38
FIRRM (55732)_damaging,0,0.0,290.0,2.0,0.0,damaging,FIRRM
FOXK2 (3607)_damaging,0,0.0,290.0,2.8284271247461903,0.0,damaging,FOXK2
GAB2 (9846)_damaging,0,0.0,290.0,2.8284271247461903,0.0,damaging,GAB2
GRIN2B (2904)_damaging,0,0.0,290.0,2.0,0.0,damaging,GRIN2B
GUCY2F (2986)_damaging,0,0.0,290.0,2.8284271247461903,0.0,damaging,GUCY2F
HECA (51696)_damaging,0,0.0,290.0,2.8284271247461903,0.0,damaging,HECA
IKZF1 (10320)_damaging,0,0.0,290.0,,0.0,damaging,IKZF1
IQSEC1 (9922)_damaging,0,0.0,290.0,,0.0,damaging,IQSEC1
KIF14 (9928)_damaging,0,0.0,290.0,,0.0,damaging,KIF14
LATS1 (9113)_damaging,0,0.0,290.0,2.8284271247461903,0.0,damaging,LATS1
LBP (3929)_damaging,0,0.0,290.0,,0.0,damaging,LBP
MARK4 (57787)_damaging,0,0.0,290.0,2.8284271247461903,0.0,damaging,MARK4
MCF2 (4168)_damaging,0,0.0,290.0,,0.0,damaging,MCF2
MEGF11 (84465)_damaging,0,0.0,290.0,,0.0,damaging,MEGF11
MLLT10 (8028)_damaging,0,0.0,290.0,,0.0,damaging,MLLT10
MUC22 (100507679)_damaging,0,0.0,290.0,,0.0,damaging,MUC22
MYRF (745)_damaging,0,0.0,290.0,2.8284271247461903,0.0,damaging,MYRF
NPHS1 (4868)_damaging,0,0.0,290.0,,0.0,damaging,NPHS1
NWD1 (284434)_damaging,0,0.0,290.0,2.8284271247461903,0.0,damaging,NWD1
NYAP2 (57624)_damaging,0,0.0,290.0,2.8284271247461903,0.0,damaging,NYAP2
OTUD7B (56957)_damaging,0,0.0,290.0,2.8284271247461903,0.0,damaging,OTUD7B
PAF1 (54623)_damaging,0,0.0,290.0,,0.0,damaging,PAF1
PAN3 (255967)_damaging,0,0.0,290.0,2.8284271247461903,0.0,damaging,PAN3
PLEKHH3 (79990)_damaging,0,0.0,290.0,2.8284271247461903,0.0,damaging,PLEKHH3
PROM2 (150696)_damaging,0,0.0,290.0,2.8284271247461903,0.0,damaging,PROM2
PSD3 (23362)_damaging,0,0.0,290.0,,0.0,damaging,PSD3
RPL5 (6125)_damaging,0,0.0,290.0,2.0,0.0,damaging,RPL5
SAP130 (79595)_damaging,0,0.0,290.0,,0.0,damaging,SAP130
SARDH (1757)_damaging,0,0.0,290.0,,0.0,damaging,SARDH
SCN5A (6331)_damaging,0,0.0,290.0,2.8284271247461903,0.0,damaging,SCN5A
SMG1 (23049)_damaging,0,0.0,290.0,2.0,0.0,damaging,SMG1
STXBP5 (134957)_damaging,0,0.0,290.0,2.0,0.0,damaging,STXBP5
TAF3 (83860)_damaging,0,0.0,290.0,2.0,0.0,damaging,TAF3
URI1 (8725)_damaging,0,0.0,290.0,2.8284271247461903,0.0,damaging,URI1
WDR33 (55339)_damaging,0,0.0,290.0,2.0,0.0,damaging,WDR33
WDR64 (128025)_damaging,0,0.0,290.0,2.0,0.0,damaging,WDR64
ZC3H4 (23211)_damaging,0,0.0,290.0,2.8284271247461903,0.0,damaging,ZC3H4
ZNF429 (353088)_damaging,0,0.0,290.0,,0.0,damaging,ZNF429
ZNF99 (7652)_damaging,0,0.0,290.0,,0.0,damaging,ZNF99
OTOF (9381)_damaging,0,1.230970091035501e-08,290.2,4.207136793592531,0.0,damaging,OTOF
ADAMTS2 (9509)_damaging,0,0.0,290.3333333333333,2.5166114784235907,0.0,damaging,ADAMTS2
ADAMTS9 (56999)_damaging,0,0.0,290.3333333333333,2.5166114784235907,0.0,damaging,ADAMTS9
AFF4 (27125)_damaging,0,0.0,290.3333333333333,2.5166114784235907,0.0,damaging,AFF4
AP4E1 (23431)_damaging,0,0.0,290.3333333333333,2.5166114784235822,0.0,damaging,AP4E1
AUTS2 (26053)_damaging,0,0.0,290.3333333333333,2.5166114784235907,0.0,damaging,AUTS2
CC2D2B (387707)_damaging,0,0.0,290.3333333333333,2.5166114784235822,0.0,damaging,CC2D2B
DOCK4 (9732)_damaging,0,0.0,290.3333333333333,2.5166114784235907,0.0,damaging,DOCK4
EGR2 (1959)_damaging,0,0.0,290.3333333333333,2.5166114784235907,0.0,damaging,EGR2
FAM83B (222584)_damaging,0,0.0,290.3333333333333,2.5166114784235822,0.0,damaging,FAM83B
GLB1L2 (89944)_damaging,0,0.0,290.3333333333333,2.5166114784235822,0.0,damaging,GLB1L2
GSE1 (23199)_damaging,0,0.0,290.3333333333333,2.5166114784235907,0.0,damaging,GSE1
ITGA4 (3676)_damaging,0,0.0,290.3333333333333,2.5166114784235822,0.0,damaging,ITGA4
MYT1L (23040)_damaging,0,0.0,290.3333333333333,2.5166114784235907,0.0,damaging,MYT1L
NARF (26502)_damaging,0,0.0,290.3333333333333,2.5166114784235907,0.0,damaging,NARF
PARP10 (84875)_damaging,0,0.0,290.3333333333333,2.5166114784235822,0.0,damaging,PARP10
PHF2 (5253)_damaging,0,0.0,290.3333333333333,2.5166114784235907,0.0,damaging,PHF2
SEMA5A (9037)_damaging,0,0.0,290.3333333333333,2.5166114784235822,0.0,damaging,SEMA5A
SFSWAP (6433)_damaging,0,0.0,290.3333333333333,2.5166114784235822,0.0,damaging,SFSWAP
COL18A1 (80781)_damaging,0,1.132865679234966e-08,290.4,3.7815340802378064,0.0,damaging,COL18A1
SMCHD1 (23347)_damaging,0,7.612365107032e-05,290.4,2.0736441353327697,0.0,damaging,SMCHD1
ABCA4 (24)_damaging,0,0.0,290.5,3.5355339059327378,0.0,damaging,ABCA4
AOX1 (316)_damaging,0,0.0,290.5,3.5355339059327378,0.0,damaging,AOX1
ASPH (444)_damaging,0,0.0,290.5,3.5355339059327378,0.0,damaging,ASPH
BRIP1 (83990)_damaging,0,0.0,290.5,3.5355339059327378,0.0,damaging,BRIP1
CCDC9B (388115)_damaging,0,0.0,290.5,3.5355339059327378,0.0,damaging,CCDC9B
CD58 (965)_damaging,0,0.0,290.5,3.5355339059327378,0.0,damaging,CD58
CDKL3 (51265)_damaging,0,0.0,290.5,3.5355339059327378,0.0,damaging,CDKL3
CELSR1 (9620)_damaging,0,0.0,290.5,3.5355339059327378,0.0,damaging,CELSR1
CRB1 (23418)_damaging,0,0.0,290.5,3.5355339059327378,0.0,damaging,CRB1
DPYD (1806)_damaging,0,0.0,290.5,3.5355339059327378,0.0,damaging,DPYD
ERN2 (10595)_damaging,0,0.0,290.5,3.5355339059327378,0.0,damaging,ERN2
FRMPD4 (9758)_damaging,0,0.0,290.5,3.5355339059327378,0.0,damaging,FRMPD4
GPS2 (2874)_damaging,0,0.0,290.5,3.5355339059327378,0.0,damaging,GPS2
HDAC5 (10014)_damaging,0,0.0,290.5,3.5355339059327378,0.0,damaging,HDAC5
KCNH8 (131096)_damaging,0,0.0,290.5,3.5355339059327378,0.0,damaging,KCNH8
MAGI3 (260425)_damaging,0,0.0,290.5,3.5355339059327378,0.0,damaging,MAGI3
MAP2K4 (6416)_damaging,0,0.0,290.5,3.5355339059327378,0.0,damaging,MAP2K4
MAP4K4 (9448)_damaging,0,0.0,290.5,3.5355339059327378,0.0,damaging,MAP4K4
MEN1 (4221)_damaging,0,0.0,290.5,3.5355339059327378,0.0,damaging,MEN1
MTIF2 (4528)_damaging,0,0.0,290.5,3.5355339059327378,0.0,damaging,MTIF2
MYH14 (79784)_damaging,0,0.0,290.5,3.5355339059327378,0.0,damaging,MYH14
MYH6 (4624)_damaging,0,0.0,290.5,3.5355339059327378,0.0,damaging,MYH6
NOX5 (79400)_damaging,0,0.0,290.5,3.5355339059327378,0.0,damaging,NOX5
NTRK3 (4916)_damaging,0,0.0,290.5,3.5355339059327378,0.0,damaging,NTRK3
PDZD8 (118987)_damaging,0,0.0,290.5,3.5355339059327378,0.0,damaging,PDZD8
PRR14 (78994)_damaging,0,0.0,290.5,3.5355339059327378,0.0,damaging,PRR14
RAPGEF6 (51735)_damaging,0,0.0,290.5,3.5355339059327378,0.0,damaging,RAPGEF6
RXFP2 (122042)_damaging,0,0.0,290.5,3.5355339059327378,0.0,damaging,RXFP2
SIPA1L1 (26037)_damaging,0,0.0,290.5,3.5355339059327378,0.0,damaging,SIPA1L1
SOBP (55084)_damaging,0,0.0,290.5,3.5355339059327378,0.0,damaging,SOBP
STAMBPL1 (57559)_damaging,0,0.0,290.5,3.5355339059327378,0.0,damaging,STAMBPL1
TAF4 (6874)_damaging,0,0.0,290.5,3.5355339059327378,0.0,damaging,TAF4
TJP2 (9414)_damaging,0,0.0,290.5,3.5355339059327378,0.0,damaging,TJP2
TTC14 (151613)_damaging,0,0.0,290.5,3.5355339059327378,0.0,damaging,TTC14
VWA5B1 (127731)_damaging,0,0.0,290.5,3.5355339059327378,0.0,damaging,VWA5B1
VHL (7428)_damaging,0,0.00012808007703062,290.6,2.302172886644264,0.0,damaging,VHL
ADAMTS13 (11093)_damaging,0,0.0,290.75,2.217355782608345,0.0,damaging,ADAMTS13
ADAMTSL4 (54507)_damaging,0,0.0,290.75,2.217355782608345,0.0,damaging,ADAMTSL4
AFF1 (4299)_damaging,0,0.000350403401547625,290.75,2.217355782608345,0.0,damaging,AFF1
AGBL1 (123624)_damaging,0,0.0,290.75,2.217355782608345,0.0,damaging,AGBL1
ANKS1B (56899)_damaging,0,0.0,290.75,2.217355782608345,0.0,damaging,ANKS1B
ARHGEF4 (50649)_damaging,0,0.0,290.75,2.217355782608345,0.0,damaging,ARHGEF4
BEND4 (389206)_damaging,0,0.0,290.75,2.217355782608345,0.0,damaging,BEND4
CACNA1B (774)_damaging,0,0.0,290.75,2.217355782608345,0.0,damaging,CACNA1B
CAD (790)_damaging,0,0.0,290.75,2.217355782608345,0.0,damaging,CAD
CADPS2 (93664)_damaging,0,0.0,290.75,2.217355782608345,0.0,damaging,CADPS2
CAMSAP1 (157922)_damaging,0,0.0,290.75,2.217355782608345,0.0,damaging,CAMSAP1
CARMIL3 (90668)_damaging,0,0.0,290.75,2.217355782608345,0.0,damaging,CARMIL3
CASKIN1 (57524)_damaging,0,0.0,290.75,2.217355782608345,0.0,damaging,CASKIN1
CECR2 (27443)_damaging,0,0.0,290.75,2.217355782608345,0.0,damaging,CECR2
CENPE (1062)_damaging,0,0.0,290.75,2.217355782608345,0.0,damaging,CENPE
CEP162 (22832)_damaging,0,0.0,290.75,2.217355782608345,0.0,damaging,CEP162
CFAP91 (89876)_damaging,0,0.0,290.75,2.217355782608345,0.0,damaging,CFAP91
CHD4 (1108)_damaging,0,0.0,290.75,2.217355782608345,0.0,damaging,CHD4
CLSPN (63967)_damaging,0,0.0,290.75,2.217355782608345,0.0,damaging,CLSPN
CLUH (23277)_damaging,0,0.0,290.75,2.217355782608345,0.0,damaging,CLUH
DACH1 (1602)_damaging,0,0.0,290.75,2.217355782608345,0.0,damaging,DACH1
DDX60 (55601)_damaging,0,0.0,290.75,2.217355782608345,0.0,damaging,DDX60
DNHD1 (144132)_damaging,0,0.0,290.75,2.217355782608345,0.0,damaging,DNHD1
DOCK11 (139818)_damaging,0,0.0,290.75,2.217355782608345,0.0,damaging,DOCK11
DOCK9 (23348)_damaging,0,0.0,290.75,2.217355782608345,0.0,damaging,DOCK9
DOT1L (84444)_damaging,0,0.0,290.75,2.217355782608345,0.0,damaging,DOT1L
DSEL (92126)_damaging,0,0.0,290.75,2.217355782608345,0.0,damaging,DSEL
ELP1 (8518)_damaging,0,0.0,290.75,2.217355782608345,0.0,damaging,ELP1
FCRL5 (83416)_damaging,0,0.0,290.75,2.217355782608345,0.0,damaging,FCRL5
FIGN (55137)_damaging,0,0.0,290.75,2.217355782608345,0.0,damaging,FIGN
FRMD4A (55691)_damaging,0,0.0,290.75,2.217355782608345,0.0,damaging,FRMD4A
HDAC2 (3066)_damaging,0,0.0,290.75,2.217355782608345,0.0,damaging,HDAC2
HECTD4 (283450)_damaging,0,0.0,290.75,2.217355782608345,0.0,damaging,HECTD4
HFM1 (164045)_damaging,0,0.0,290.75,2.217355782608345,0.0,damaging,HFM1
HIVEP3 (59269)_damaging,0,0.0,290.75,2.217355782608345,0.0,damaging,HIVEP3
IFT172 (26160)_damaging,0,0.0,290.75,2.217355782608345,0.0,damaging,IFT172
INO80 (54617)_damaging,0,0.0,290.75,2.217355782608345,0.0,damaging,INO80
KCNQ1 (3784)_damaging,0,0.0,290.75,2.217355782608345,0.0,damaging,KCNQ1
KDM5B (10765)_damaging,0,0.0,290.75,2.217355782608345,0.0,damaging,KDM5B
KIF15 (56992)_damaging,0,0.0,290.75,2.217355782608345,0.0,damaging,KIF15
LCOR (84458)_damaging,0,0.0,290.75,2.217355782608345,0.0,damaging,LCOR
MCTP1 (79772)_damaging,0,0.0,290.75,2.217355782608345,0.0,damaging,MCTP1
MGAM2 (93432)_damaging,0,0.0,290.75,2.217355782608345,0.0,damaging,MGAM2
MMUT (4594)_damaging,0,0.0,290.75,2.217355782608345,0.0,damaging,MMUT
MUCL3 (135656)_damaging,0,0.0,290.75,2.217355782608345,0.0,damaging,MUCL3
NAV1 (89796)_damaging,0,0.0,290.75,2.217355782608345,0.0,damaging,NAV1
NEXMIF (340533)_damaging,0,0.0,290.75,2.217355782608345,0.0,damaging,NEXMIF
NOTCH2 (4853)_damaging,0,0.0,290.75,2.217355782608345,0.0,damaging,NOTCH2
NUMA1 (4926)_damaging,0,0.0,290.75,2.217355782608345,0.0,damaging,NUMA1
PCDH7 (5099)_damaging,0,0.0,290.75,2.217355782608345,0.0,damaging,PCDH7
PHACTR1 (221692)_damaging,0,0.0,290.75,2.217355782608345,0.0,damaging,PHACTR1
PLEKHG6 (55200)_damaging,0,0.0,290.75,2.217355782608345,0.0,damaging,PLEKHG6
PRR14L (253143)_damaging,0,0.0,290.75,2.217355782608345,0.0,damaging,PRR14L
RALGAPA1 (253959)_damaging,0,0.0,290.75,2.217355782608345,0.0,damaging,RALGAPA1
RHOA (387)_damaging,0,0.0,290.75,2.217355782608345,0.0,damaging,RHOA
SMC4 (10051)_damaging,0,0.0,290.75,2.217355782608345,0.0,damaging,SMC4
SPATA16 (83893)_damaging,0,0.0,290.75,2.217355782608345,0.0,damaging,SPATA16
SPTBN1 (6711)_damaging,0,0.0,290.75,2.217355782608345,0.0,damaging,SPTBN1
SSC5D (284297)_damaging,0,0.0,290.75,2.217355782608345,0.0,damaging,SSC5D
TRIM24 (8805)_damaging,0,0.0,290.75,2.217355782608345,0.0,damaging,TRIM24
TRPA1 (8989)_damaging,0,0.0,290.75,2.217355782608345,0.0,damaging,TRPA1
UNC5C (8633)_damaging,0,0.0,290.75,2.217355782608345,0.0,damaging,UNC5C
WDR5 (11091)_damaging,0,0.0,290.75,2.217355782608345,0.0,damaging,WDR5
ZIM3 (114026)_damaging,0,0.0,290.75,2.217355782608345,0.0,damaging,ZIM3
ZNF208 (7757)_damaging,0,0.0,290.75,2.217355782608345,0.0,damaging,ZNF208
MLH3 (27030)_damaging,0,8.764808411639862e-09,290.8,2.949576240750527,0.0,damaging,MLH3
ABCA7 (10347)_damaging,0,9.981049757874766e-06,291.0,1.9999999999999982,0.0,damaging,ABCA7
ADAMTS19 (171019)_damaging,0,0.0,291.0,2.6457513110645907,0.0,damaging,ADAMTS19
ADGB (79747)_damaging,0,0.0,291.0,2.44948974278318,0.0,damaging,ADGB
AHCTF1 (25909)_damaging,0,0.0,291.0,1.4142135623730951,0.0,damaging,AHCTF1
AK5 (26289)_damaging,0,0.0,291.0,1.4142135623730951,0.0,damaging,AK5
ALDH1L2 (160428)_damaging,0,0.0,291.0,2.6457513110645907,0.0,damaging,ALDH1L2
ALOX12B (242)_damaging,0,0.0,291.0,1.4142135623730951,0.0,damaging,ALOX12B
AMER3 (205147)_damaging,0,0.0,291.0,2.6457513110645907,0.0,damaging,AMER3
ARHGAP17 (55114)_damaging,0,0.0,291.0,2.44948974278318,0.0,damaging,ARHGAP17
ARHGAP30 (257106)_damaging,0,0.0,291.0,2.6457513110645907,0.0,damaging,ARHGAP30
ARHGAP5 (394)_damaging,0,0.0,291.0,1.4142135623730951,0.0,damaging,ARHGAP5
BLTP3A (54887)_damaging,0,0.0002765169313097,291.0,,0.0,damaging,BLTP3A
BRINP3 (339479)_damaging,0,0.0,291.0,2.6457513110645907,0.0,damaging,BRINP3
C2orf42 (54980)_damaging,0,0.0,291.0,2.6457513110645907,0.0,damaging,C2orf42
CAPN12 (147968)_damaging,0,0.0,291.0,2.6457513110645907,0.0,damaging,CAPN12
CENPJ (55835)_damaging,0,0.0,291.0,2.6457513110645907,0.0,damaging,CENPJ
CFAP74 (85452)_damaging,0,0.0,291.0,1.4142135623730951,0.0,damaging,CFAP74
CHD1 (1105)_damaging,0,0.0,291.0,2.6457513110645907,0.0,damaging,CHD1
CNGB1 (1258)_damaging,0,0.0,291.0,2.6457513110645907,0.0,damaging,CNGB1
CNOT1 (23019)_damaging,0,0.0,291.0,2.6457513110645907,0.0,damaging,CNOT1
CROCC2 (728763)_damaging,0,0.0,291.0,2.6457513110645907,0.0,damaging,CROCC2
CSF2RB (1439)_damaging,0,0.0,291.0,2.44948974278318,0.0,damaging,CSF2RB
DEUP1 (159989)_damaging,0,0.0,291.0,2.6457513110645907,0.0,damaging,DEUP1
DGKB (1607)_damaging,0,0.0,291.0,1.4142135623730951,0.0,damaging,DGKB
EFNB3 (1949)_damaging,0,0.0,291.0,2.6457513110645907,0.0,damaging,EFNB3
EMILIN1 (11117)_damaging,0,0.0,291.0,2.6457513110645907,0.0,damaging,EMILIN1
EPG5 (57724)_damaging,0,0.0,291.0,2.44948974278318,0.0,damaging,EPG5
ERBB3 (2065)_hotspot,0,0.0,291.0,2.44948974278318,0.0,hotspot,ERBB3
EVPL (2125)_damaging,0,0.0,291.0,2.6457513110645907,0.0,damaging,EVPL
FSTL4 (23105)_damaging,0,0.0,291.0,2.6457513110645907,0.0,damaging,FSTL4
GOLGA3 (2802)_damaging,0,0.0,291.0,2.6457513110645907,0.0,damaging,GOLGA3
GON4L (54856)_damaging,0,0.0,291.0,2.44948974278318,0.0,damaging,GON4L
GPR158 (57512)_damaging,0,0.0,291.0,2.44948974278318,0.0,damaging,GPR158
HDAC9 (9734)_damaging,0,0.0,291.0,2.6457513110645907,0.0,damaging,HDAC9
HECW2 (57520)_damaging,0,0.0,291.0,2.44948974278318,0.0,damaging,HECW2
HTT (3064)_damaging,0,0.0,291.0,2.44948974278318,0.0,damaging,HTT
IRS1 (3667)_damaging,0,0.0,291.0,2.44948974278318,0.0,damaging,IRS1
KIAA1549L (25758)_damaging,0,0.0,291.0,2.6457513110645907,0.0,damaging,KIAA1549L
KIFC2 (90990)_damaging,0,0.0,291.0,2.6457513110645907,0.0,damaging,KIFC2
KLHL41 (10324)_damaging,0,0.0,291.0,2.6457513110645907,0.0,damaging,KLHL41
KNL1 (57082)_damaging,0,0.0,291.0,2.6457513110645907,0.0,damaging,KNL1
LOXL3 (84695)_damaging,0,0.0,291.0,2.44948974278318,0.0,damaging,LOXL3
MAST1 (22983)_damaging,0,0.0,291.0,2.6457513110645907,0.0,damaging,MAST1
MN1 (4330)_damaging,0,0.0,291.0,2.44948974278318,0.0,damaging,MN1
MYH7 (4625)_damaging,0,0.0,291.0,2.44948974278318,0.0,damaging,MYH7
MYO18A (399687)_damaging,0,0.0,291.0,2.44948974278318,0.0,damaging,MYO18A
MYOCD (93649)_damaging,0,0.0,291.0,2.44948974278318,0.0,damaging,MYOCD
NBN (4683)_damaging,0,0.0,291.0,2.6457513110645907,0.0,damaging,NBN
NKAPD1 (55216)_damaging,0,0.0,291.0,2.44948974278318,0.0,damaging,NKAPD1
OBSL1 (23363)_damaging,0,0.0,291.0,2.6457513110645907,0.0,damaging,OBSL1
OTOGL (283310)_damaging,0,0.0,291.0,2.6457513110645907,0.0,damaging,OTOGL
PATJ (10207)_damaging,0,0.0,291.0,2.6457513110645907,0.0,damaging,PATJ
PCCA (5095)_damaging,0,0.0,291.0,1.4142135623730951,0.0,damaging,PCCA
PCNT (5116)_damaging,0,6.531909662484e-05,291.0,2.345207879911715,0.0,damaging,PCNT
PIK3R3 (8503)_damaging,0,0.0,291.0,2.6457513110645907,0.0,damaging,PIK3R3
PKD1L2 (114780)_damaging,0,0.0,291.0,2.44948974278318,0.0,damaging,PKD1L2
PLCB3 (5331)_damaging,0,0.0,291.0,2.6457513110645907,0.0,damaging,PLCB3
PLCH1 (23007)_damaging,0,0.0,291.0,2.6457513110645907,0.0,damaging,PLCH1
PLEKHA7 (144100)_damaging,0,0.0,291.0,2.44948974278318,0.0,damaging,PLEKHA7
PTCH2 (8643)_damaging,0,0.0,291.0,2.6457513110645907,0.0,damaging,PTCH2
RPTOR (57521)_damaging,0,0.0,291.0,2.44948974278318,0.0,damaging,RPTOR
SAFB2 (9667)_damaging,0,0.0,291.0,2.44948974278318,0.0,damaging,SAFB2
SCN10A (6336)_damaging,0,0.0,291.0,2.6457513110645907,0.0,damaging,SCN10A
SDCCAG8 (10806)_damaging,0,0.0,291.0,1.4142135623730951,0.0,damaging,SDCCAG8
SEL1L2 (80343)_damaging,0,0.0,291.0,2.6457513110645907,0.0,damaging,SEL1L2
SH3PXD2A (9644)_damaging,0,0.0,291.0,1.4142135623730951,0.0,damaging,SH3PXD2A
SLCO5A1 (81796)_damaging,0,0.0,291.0,1.4142135623730951,0.0,damaging,SLCO5A1
SLCO6A1 (133482)_damaging,0,0.0,291.0,2.6457513110645907,0.0,damaging,SLCO6A1
SLF2 (55719)_damaging,0,0.0,291.0,2.6457513110645907,0.0,damaging,SLF2
SLITRK4 (139065)_damaging,0,0.0,291.0,1.4142135623730951,0.0,damaging,SLITRK4
SORBS2 (8470)_damaging,0,0.0,291.0,2.44948974278318,0.0,damaging,SORBS2
TCHH (7062)_damaging,0,0.0,291.0,1.4142135623730951,0.0,damaging,TCHH
TNS1 (7145)_damaging,0,0.0,291.0,2.6457513110645907,0.0,damaging,TNS1
TRPM4 (54795)_damaging,0,0.0,291.0,2.44948974278318,0.0,damaging,TRPM4
TRPM7 (54822)_damaging,0,0.0,291.0,1.4142135623730951,0.0,damaging,TRPM7
UBE3C (9690)_damaging,0,0.0,291.0,2.6457513110645907,0.0,damaging,UBE3C
USP16 (10600)_damaging,0,0.0,291.0,2.44948974278318,0.0,damaging,USP16
WDR55 (54853)_damaging,0,0.0,291.0,2.44948974278318,0.0,damaging,WDR55
WDR72 (256764)_damaging,0,0.0,291.0,2.44948974278318,0.0,damaging,WDR72
WDR97 (340390)_damaging,0,0.0,291.0,1.4142135623730951,0.0,damaging,WDR97
WNK3 (65267)_damaging,0,0.0,291.0,2.6457513110645907,0.0,damaging,WNK3
ZBTB21 (49854)_damaging,0,0.0,291.0,2.6457513110645907,0.0,damaging,ZBTB21
ZC3H12B (340554)_damaging,0,0.0,291.0,2.6457513110645907,0.0,damaging,ZC3H12B
ZDHHC8 (29801)_damaging,0,0.0,291.0,2.44948974278318,0.0,damaging,ZDHHC8
ZNF43 (7594)_damaging,0,0.0,291.0,1.4142135623730951,0.0,damaging,ZNF43
A2M (2)_damaging,0,0.0,291.2,2.1679483388678813,0.0,damaging,A2M
ABCA6 (23460)_damaging,0,0.0,291.2,2.1679483388678813,0.0,damaging,ABCA6
ABCC8 (6833)_damaging,0,0.0,291.2,2.1679483388678813,0.0,damaging,ABCC8
ABI3BP (25890)_damaging,0,0.0,291.2,2.1679483388678813,0.0,damaging,ABI3BP
ACIN1 (22985)_damaging,0,0.0,291.2,2.1679483388678813,0.0,damaging,ACIN1
ACVR2A (92)_damaging,0,0.0,291.2,2.1679483388678813,0.0,damaging,ACVR2A
ADAMTS16 (170690)_damaging,0,0.0,291.2,2.1679483388678813,0.0,damaging,ADAMTS16
ADAMTSL2 (9719)_damaging,0,0.0,291.2,2.1679483388678813,0.0,damaging,ADAMTSL2
ADGRA2 (25960)_damaging,0,0.0,291.2,2.1679483388678813,0.0,damaging,ADGRA2
ADGRB3 (577)_damaging,0,0.0,291.2,2.1679483388678813,0.0,damaging,ADGRB3
ADGRG4 (139378)_damaging,0,0.0,291.2,2.1679483388678813,0.0,damaging,ADGRG4
ADGRL3 (23284)_damaging,0,0.0,291.2,2.1679483388678813,0.0,damaging,ADGRL3
ADGRV1 (84059)_damaging,0,0.0,291.2,2.1679483388678813,0.0,damaging,ADGRV1
AFDN (4301)_damaging,0,0.0,291.2,2.1679483388678813,0.0,damaging,AFDN
AFF2 (2334)_damaging,0,0.0,291.2,2.1679483388678813,0.0,damaging,AFF2
AGO1 (26523)_damaging,0,0.0,291.2,2.1679483388678813,0.0,damaging,AGO1
AHNAK (79026)_damaging,0,0.0,291.2,2.1679483388678813,0.0,damaging,AHNAK
AHNAK2 (113146)_damaging,0,0.0,291.2,2.1679483388678813,0.0,damaging,AHNAK2
AK9 (221264)_damaging,0,0.0,291.2,2.1679483388678813,0.0,damaging,AK9
AKAP6 (9472)_damaging,0,0.0,291.2,2.1679483388678813,0.0,damaging,AKAP6
ALMS1 (7840)_damaging,0,0.0,291.2,2.1679483388678813,0.0,damaging,ALMS1
AMER1 (139285)_damaging,0,0.0,291.2,2.1679483388678813,0.0,damaging,AMER1
ANK1 (286)_damaging,0,0.0,291.2,2.1679483388678813,0.0,damaging,ANK1
ANK2 (287)_damaging,0,0.0,291.2,2.1679483388678813,0.0,damaging,ANK2
ANK3 (288)_damaging,0,0.0,291.2,2.1679483388678813,0.0,damaging,ANK3
ANKAR (150709)_damaging,0,0.0,291.2,2.1679483388678813,0.0,damaging,ANKAR
ANKRD11 (29123)_damaging,0,0.0,291.2,2.1679483388678813,0.0,damaging,ANKRD11
ANKRD12 (23253)_damaging,0,0.0,291.2,2.1679483388678813,0.0,damaging,ANKRD12
ANKRD30A (91074)_damaging,0,0.0,291.2,2.1679483388678813,0.0,damaging,ANKRD30A
AP3B1 (8546)_damaging,0,0.0,291.2,2.1679483388678813,0.0,damaging,AP3B1
APC (324)_hotspot,0,0.0,291.2,2.1679483388678813,0.0,hotspot,APC
APOB (338)_damaging,0,0.0,291.2,2.1679483388678813,0.0,damaging,APOB
ARHGAP35 (2909)_damaging,0,0.0,291.2,2.1679483388678813,0.0,damaging,ARHGAP35
ARHGEF12 (23365)_damaging,0,0.0,291.2,2.1679483388678813,0.0,damaging,ARHGEF12
ARHGEF17 (9828)_damaging,0,0.0,291.2,2.1679483388678813,0.0,damaging,ARHGEF17
ARID2 (196528)_damaging,0,0.0,291.2,2.1679483388678813,0.0,damaging,ARID2
ARID4A (5926)_damaging,0,0.0,291.2,2.1679483388678813,0.0,damaging,ARID4A
ARID4B (51742)_damaging,0,0.0,291.2,2.1679483388678813,0.0,damaging,ARID4B
ASPM (259266)_damaging,0,0.0,291.2,2.1679483388678813,0.0,damaging,ASPM
ASXL2 (55252)_damaging,0,0.0,291.2,2.1679483388678813,0.0,damaging,ASXL2
ATAD2B (54454)_damaging,0,0.0,291.2,2.1679483388678813,0.0,damaging,ATAD2B
ATAD5 (79915)_damaging,0,0.0,291.2,2.1679483388678813,0.0,damaging,ATAD5
ATF7IP (55729)_damaging,0,0.0,291.2,2.1679483388678813,0.0,damaging,ATF7IP
ATG2B (55102)_damaging,0,0.0,291.2,2.1679483388678813,0.0,damaging,ATG2B
ATP2B4 (493)_damaging,0,0.0,291.2,2.1679483388678813,0.0,damaging,ATP2B4
ATRNL1 (26033)_damaging,0,0.0,291.2,2.1679483388678813,0.0,damaging,ATRNL1
ATXN1 (6310)_damaging,0,0.0,291.2,2.1679483388678813,0.0,damaging,ATXN1
ATXN2L (11273)_damaging,0,0.0,291.2,2.1679483388678813,0.0,damaging,ATXN2L
ATXN7 (6314)_damaging,0,0.0,291.2,2.1679483388678813,0.0,damaging,ATXN7
B2M (567)_damaging,0,0.0,291.2,2.1679483388678813,0.0,damaging,B2M
B4GALNT4 (338707)_damaging,0,0.0,291.2,2.1679483388678813,0.0,damaging,B4GALNT4
BAHCC1 (57597)_damaging,0,0.0,291.2,2.1679483388678813,0.0,damaging,BAHCC1
BAZ2B (29994)_damaging,0,0.0,291.2,2.1679483388678813,0.0,damaging,BAZ2B
BCL9 (607)_damaging,0,0.0,291.2,2.1679483388678813,0.0,damaging,BCL9
BCL9L (283149)_damaging,0,0.0,291.2,2.1679483388678813,0.0,damaging,BCL9L
BCORL1 (63035)_damaging,0,0.0,291.2,2.1679483388678813,0.0,damaging,BCORL1
BDP1 (55814)_damaging,0,0.0,291.2,2.1679483388678813,0.0,damaging,BDP1
BICRA (29998)_damaging,0,0.0,291.2,2.1679483388678813,0.0,damaging,BICRA
BIRC6 (57448)_damaging,0,0.0,291.2,2.1679483388678813,0.0,damaging,BIRC6
BLTP1 (84162)_damaging,0,0.0,291.2,2.1679483388678813,0.0,damaging,BLTP1
BLTP3B (23074)_damaging,0,0.0,291.2,2.1679483388678813,0.0,damaging,BLTP3B
BMPR2 (659)_damaging,0,0.0,291.2,2.1679483388678813,0.0,damaging,BMPR2
BPTF (2186)_damaging,0,0.0,291.2,2.1679483388678813,0.0,damaging,BPTF
BRCA2 (675)_damaging,0,0.0,291.2,2.1679483388678813,0.0,damaging,BRCA2
BRD3 (8019)_damaging,0,0.0,291.2,2.1679483388678813,0.0,damaging,BRD3
BRSK1 (84446)_damaging,0,0.0,291.2,2.1679483388678813,0.0,damaging,BRSK1
BRSK2 (9024)_damaging,0,0.0,291.2,2.1679483388678813,0.0,damaging,BRSK2
BRWD3 (254065)_damaging,0,0.0,291.2,2.1679483388678813,0.0,damaging,BRWD3
BTBD8 (284697)_damaging,0,0.0,291.2,2.1679483388678813,0.0,damaging,BTBD8
CACNA1C (775)_damaging,0,0.0,291.2,2.1679483388678813,0.0,damaging,CACNA1C
CAMSAP2 (23271)_damaging,0,0.0,291.2,2.1679483388678813,0.0,damaging,CAMSAP2
CARD11 (84433)_damaging,0,0.0,291.2,2.1679483388678813,0.0,damaging,CARD11
CASKIN2 (57513)_damaging,0,0.0,291.2,2.1679483388678813,0.0,damaging,CASKIN2
CASP8 (841)_damaging,0,0.0,291.2,2.1679483388678813,0.0,damaging,CASP8
CASP8AP2 (9994)_damaging,0,0.0,291.2,2.1679483388678813,0.0,damaging,CASP8AP2
CCDC141 (285025)_damaging,0,0.0,291.2,2.1679483388678813,0.0,damaging,CCDC141
CCDC168 (643677)_damaging,0,0.0,291.2,2.1679483388678813,0.0,damaging,CCDC168
CCDC73 (493860)_damaging,0,0.0,291.2,2.1679483388678813,0.0,damaging,CCDC73
CD36 (948)_damaging,0,0.0,291.2,2.1679483388678813,0.0,damaging,CD36
CDC42BPA (8476)_damaging,0,0.0,291.2,2.1679483388678813,0.0,damaging,CDC42BPA
CDH6 (1004)_damaging,0,0.0,291.2,2.1679483388678813,0.0,damaging,CDH6
CDK13 (8621)_damaging,0,0.0,291.2,2.1679483388678813,0.0,damaging,CDK13
CDKN2A (1029)_hotspot,0,0.0,291.2,2.1679483388678813,0.0,hotspot,CDKN2A
CELSR3 (1951)_damaging,0,0.0,291.2,2.1679483388678813,0.0,damaging,CELSR3
CENPC (1060)_damaging,0,0.0,291.2,2.1679483388678813,0.0,damaging,CENPC
CEP290 (80184)_damaging,0,0.0,291.2,2.1679483388678813,0.0,damaging,CEP290
CFAP46 (54777)_damaging,0,0.0,291.2,2.1679483388678813,0.0,damaging,CFAP46
CFAP65 (255101)_damaging,0,0.0,291.2,2.1679483388678813,0.0,damaging,CFAP65
CHD2 (1106)_damaging,0,0.0,291.2,2.1679483388678813,0.0,damaging,CHD2
CHD9 (80205)_damaging,0,0.0,291.2,2.1679483388678813,0.0,damaging,CHD9
CHRM3 (1131)_damaging,0,0.0,291.2,2.1679483388678813,0.0,damaging,CHRM3
CLASP2 (23122)_damaging,0,0.0,291.2,2.1679483388678813,0.0,damaging,CLASP2
CNTLN (54875)_damaging,0,0.0,291.2,2.1679483388678813,0.0,damaging,CNTLN
CNTN1 (1272)_damaging,0,0.0,291.2,2.1679483388678813,0.0,damaging,CNTN1
CNTN5 (53942)_damaging,0,0.0,291.2,2.1679483388678813,0.0,damaging,CNTN5
CNTN6 (27255)_damaging,0,0.0,291.2,2.1679483388678813,0.0,damaging,CNTN6
CNTRL (11064)_damaging,0,0.0,291.2,2.1679483388678813,0.0,damaging,CNTRL
COL11A1 (1301)_damaging,0,0.0,291.2,2.1679483388678813,0.0,damaging,COL11A1
COL11A2 (1302)_damaging,0,0.0,291.2,2.1679483388678813,0.0,damaging,COL11A2
COL12A1 (1303)_damaging,0,0.0,291.2,2.1679483388678813,0.0,damaging,COL12A1
COL16A1 (1307)_damaging,0,0.0,291.2,2.1679483388678813,0.0,damaging,COL16A1
COL22A1 (169044)_damaging,0,0.0,291.2,2.1679483388678813,0.0,damaging,COL22A1
COL24A1 (255631)_damaging,0,0.0,291.2,2.1679483388678813,0.0,damaging,COL24A1
COL27A1 (85301)_damaging,0,0.0,291.2,2.1679483388678813,0.0,damaging,COL27A1
COL28A1 (340267)_damaging,0,0.0,291.2,2.1679483388678813,0.0,damaging,COL28A1
COL2A1 (1280)_damaging,0,0.0,291.2,2.1679483388678813,0.0,damaging,COL2A1
COL4A1 (1282)_damaging,0,0.0,291.2,2.1679483388678813,0.0,damaging,COL4A1
COL4A2 (1284)_damaging,0,0.0,291.2,2.1679483388678813,0.0,damaging,COL4A2
COL4A6 (1288)_damaging,0,0.0,291.2,2.1679483388678813,0.0,damaging,COL4A6
COL5A1 (1289)_damaging,0,0.0,291.2,2.1679483388678813,0.0,damaging,COL5A1
COL6A5 (256076)_damaging,0,0.0,291.2,2.1679483388678813,0.0,damaging,COL6A5
CPAMD8 (27151)_damaging,0,0.0,291.2,2.1679483388678813,0.0,damaging,CPAMD8
CPS1 (1373)_damaging,0,0.0,291.2,2.1679483388678813,0.0,damaging,CPS1
CPSF1 (29894)_damaging,0,0.0,291.2,2.1679483388678813,0.0,damaging,CPSF1
CRAMP1 (57585)_damaging,0,0.0,291.2,2.1679483388678813,0.0,damaging,CRAMP1
CSMD2 (114784)_damaging,0,0.0,291.2,2.1679483388678813,0.0,damaging,CSMD2
CTNND1 (1500)_damaging,0,0.0,291.2,2.1679483388678813,0.0,damaging,CTNND1
CUX1 (1523)_damaging,0,0.0,291.2,2.1679483388678813,0.0,damaging,CUX1
CUX2 (23316)_damaging,0,0.0,291.2,2.1679483388678813,0.0,damaging,CUX2
DCC (1630)_damaging,0,0.0,291.2,2.1679483388678813,0.0,damaging,DCC
DCHS2 (54798)_damaging,0,0.0,291.2,2.1679483388678813,0.0,damaging,DCHS2
DDX27 (55661)_damaging,0,0.0,291.2,2.1679483388678813,0.0,damaging,DDX27
DENND1A (57706)_damaging,0,0.0,291.2,2.1679483388678813,0.0,damaging,DENND1A
DENND4C (55667)_damaging,0,0.0,291.2,2.1679483388678813,0.0,damaging,DENND4C
DEPDC5 (9681)_damaging,0,0.0,291.2,2.1679483388678813,0.0,damaging,DEPDC5
DLG2 (1740)_damaging,0,0.0,291.2,2.1679483388678813,0.0,damaging,DLG2
DMD (1756)_damaging,0,0.0,291.2,2.1679483388678813,0.0,damaging,DMD
DMXL1 (1657)_damaging,0,0.0,291.2,2.1679483388678813,0.0,damaging,DMXL1
DNAH10 (196385)_damaging,0,0.0,291.2,2.1679483388678813,0.0,damaging,DNAH10
DNAH12 (201625)_damaging,0,0.0,291.2,2.1679483388678813,0.0,damaging,DNAH12
DNAH17 (8632)_damaging,0,0.0,291.2,2.1679483388678813,0.0,damaging,DNAH17
DNAH2 (146754)_damaging,0,0.0,291.2,2.1679483388678813,0.0,damaging,DNAH2
DNAH3 (55567)_damaging,0,0.0,291.2,2.1679483388678813,0.0,damaging,DNAH3
DNMT3A (1788)_damaging,0,0.0,291.2,2.1679483388678813,0.0,damaging,DNMT3A
DOCK2 (1794)_damaging,0,0.0,291.2,2.1679483388678813,0.0,damaging,DOCK2
DOCK3 (1795)_damaging,0,0.0,291.2,2.1679483388678813,0.0,damaging,DOCK3
DOCK5 (80005)_damaging,0,0.0,291.2,2.1679483388678813,0.0,damaging,DOCK5
DOCK7 (85440)_damaging,0,0.0,291.2,2.1679483388678813,0.0,damaging,DOCK7
DOCK8 (81704)_damaging,0,0.0,291.2,2.1679483388678813,0.0,damaging,DOCK8
DSCAML1 (57453)_damaging,0,0.0,291.2,2.1679483388678813,0.0,damaging,DSCAML1
DST (667)_damaging,0,0.0,291.2,2.1679483388678813,0.0,damaging,DST
DTX1 (1840)_damaging,0,0.0,291.2,2.1679483388678813,0.0,damaging,DTX1
DZIP3 (9666)_damaging,0,0.0,291.2,2.1679483388678813,0.0,damaging,DZIP3
E2F7 (144455)_damaging,0,0.0,291.2,2.1679483388678813,0.0,damaging,E2F7
EFCAB5 (374786)_damaging,0,0.0,291.2,2.1679483388678813,0.0,damaging,EFCAB5
EFR3A (23167)_damaging,0,0.0,291.2,2.1679483388678813,0.0,damaging,EFR3A
EIF5B (9669)_damaging,0,0.0,291.2,2.1679483388678813,0.0,damaging,EIF5B
ELOA (6924)_damaging,0,0.0,291.2,2.1679483388678813,0.0,damaging,ELOA
EML5 (161436)_damaging,0,0.0,291.2,2.1679483388678813,0.0,damaging,EML5
EP300 (2033)_damaging,0,0.0,291.2,2.1679483388678813,0.0,damaging,EP300
EP400 (57634)_damaging,0,0.0,291.2,2.1679483388678813,0.0,damaging,EP400
EPHA2 (1969)_damaging,0,0.0,291.2,2.1679483388678813,0.0,damaging,EPHA2
EPHA5 (2044)_damaging,0,0.0,291.2,2.1679483388678813,0.0,damaging,EPHA5
ERF (2077)_damaging,0,0.0,291.2,2.1679483388678813,0.0,damaging,ERF
ERICH3 (127254)_damaging,0,0.0,291.2,2.1679483388678813,0.0,damaging,ERICH3
EXPH5 (23086)_damaging,0,0.0,291.2,2.1679483388678813,0.0,damaging,EXPH5
EYS (346007)_damaging,0,0.0,291.2,2.1679483388678813,0.0,damaging,EYS
F8 (2157)_damaging,0,0.0,291.2,2.1679483388678813,0.0,damaging,F8
FAM193A (8603)_damaging,0,0.0,291.2,2.1679483388678813,0.0,damaging,FAM193A
FAT4 (79633)_damaging,0,0.0,291.2,2.1679483388678813,0.0,damaging,FAT4
FBN1 (2200)_damaging,0,0.0,291.2,2.1679483388678813,0.0,damaging,FBN1
FBXW7 (55294)_damaging,0,0.0,291.2,2.1679483388678813,0.0,damaging,FBXW7
FER1L6 (654463)_damaging,0,0.0,291.2,2.1679483388678813,0.0,damaging,FER1L6
FLG (2312)_damaging,0,0.0,291.2,2.1679483388678813,0.0,damaging,FLG
FLG2 (388698)_damaging,0,0.0,291.2,2.1679483388678813,0.0,damaging,FLG2
FLNB (2317)_damaging,0,0.0,291.2,2.1679483388678813,0.0,damaging,FLNB
FLNC (2318)_damaging,0,0.0,291.2,2.1679483388678813,0.0,damaging,FLNC
FMN1 (342184)_damaging,0,0.0,291.2,2.1679483388678813,0.0,damaging,FMN1
FRAS1 (80144)_damaging,0,0.0,291.2,2.1679483388678813,0.0,damaging,FRAS1
FRY (10129)_damaging,0,0.0,291.2,2.1679483388678813,0.0,damaging,FRY
FRYL (285527)_damaging,0,0.0,291.2,2.1679483388678813,0.0,damaging,FRYL
FSTL5 (56884)_damaging,0,0.0,291.2,2.1679483388678813,0.0,damaging,FSTL5
GLI1 (2735)_damaging,0,0.0,291.2,2.1679483388678813,0.0,damaging,GLI1
GOLGA2 (2801)_damaging,0,0.0,291.2,2.1679483388678813,0.0,damaging,GOLGA2
GREB1 (9687)_damaging,0,0.0,291.2,2.1679483388678813,0.0,damaging,GREB1
GRID2 (2895)_damaging,0,0.0,291.2,2.1679483388678813,0.0,damaging,GRID2
GRM7 (2917)_damaging,0,0.0,291.2,2.1679483388678813,0.0,damaging,GRM7
H3-4 (8290)_damaging,0,0.0,291.2,2.1679483388678813,0.0,damaging,H3-4
HIF1A (3091)_damaging,0,0.0,291.2,2.1679483388678813,0.0,damaging,HIF1A
HIVEP1 (3096)_damaging,0,0.0,291.2,2.1679483388678813,0.0,damaging,HIVEP1
HIVEP2 (3097)_damaging,0,0.0,291.2,2.1679483388678813,0.0,damaging,HIVEP2
HLA-C (3107)_damaging,0,0.0,291.2,2.1679483388678813,0.0,damaging,HLA-C
HMCN2 (256158)_damaging,0,0.0,291.2,2.1679483388678813,0.0,damaging,HMCN2
HNF1A (6927)_damaging,0,0.0,291.2,2.1679483388678813,0.0,damaging,HNF1A
HRAS (3265)_hotspot,0,0.0,291.2,2.1679483388678813,0.0,hotspot,HRAS
HSPG2 (3339)_damaging,0,0.0,291.2,2.1679483388678813,0.0,damaging,HSPG2
ICE1 (23379)_damaging,0,0.0,291.2,2.1679483388678813,0.0,damaging,ICE1
ICE2 (79664)_damaging,0,0.0,291.2,2.1679483388678813,0.0,damaging,ICE2
INF2 (64423)_damaging,0,0.0,291.2,2.1679483388678813,0.0,damaging,INF2
INPPL1 (3636)_damaging,0,0.0,291.2,2.1679483388678813,0.0,damaging,INPPL1
INSRR (3645)_damaging,0,0.0,291.2,2.1679483388678813,0.0,damaging,INSRR
IQGAP3 (128239)_damaging,0,0.0,291.2,2.1679483388678813,0.0,damaging,IQGAP3
IQSEC2 (23096)_damaging,0,0.0,291.2,2.1679483388678813,0.0,damaging,IQSEC2
ITSN1 (6453)_damaging,0,0.0,291.2,2.1679483388678813,0.0,damaging,ITSN1
ITSN2 (50618)_damaging,0,0.0,291.2,2.1679483388678813,0.0,damaging,ITSN2
JAKMIP3 (282973)_damaging,0,0.0,291.2,2.1679483388678813,0.0,damaging,JAKMIP3
JARID2 (3720)_damaging,0,0.0,291.2,2.1679483388678813,0.0,damaging,JARID2
JMJD1C (221037)_damaging,0,0.0,291.2,2.1679483388678813,0.0,damaging,JMJD1C
KCNB2 (9312)_damaging,0,0.0,291.2,2.1679483388678813,0.0,damaging,KCNB2
KCNG2 (26251)_damaging,0,0.0,291.2,2.1679483388678813,0.0,damaging,KCNG2
KCNH5 (27133)_damaging,0,0.0,291.2,2.1679483388678813,0.0,damaging,KCNH5
KCNH7 (90134)_damaging,0,0.0,291.2,2.1679483388678813,0.0,damaging,KCNH7
KCNQ3 (3786)_damaging,0,0.0,291.2,2.1679483388678813,0.0,damaging,KCNQ3
KDM2B (84678)_damaging,0,0.0,291.2,2.1679483388678813,0.0,damaging,KDM2B
KEL (3792)_damaging,0,0.0,291.2,2.1679483388678813,0.0,damaging,KEL
KIAA1549 (57670)_damaging,0,0.0,291.2,2.1679483388678813,0.0,damaging,KIAA1549
KIF1A (547)_damaging,0,0.0,291.2,2.1679483388678813,0.0,damaging,KIF1A
KIF20B (9585)_damaging,0,0.0,291.2,2.1679483388678813,0.0,damaging,KIF20B
KIF21A (55605)_damaging,0,0.0,291.2,2.1679483388678813,0.0,damaging,KIF21A
KIF26A (26153)_damaging,0,0.0,291.2,2.1679483388678813,0.0,damaging,KIF26A
KIF26B (55083)_damaging,0,0.0,291.2,2.1679483388678813,0.0,damaging,KIF26B
KIF5B (3799)_damaging,0,0.0,291.2,2.1679483388678813,0.0,damaging,KIF5B
KMT2B (9757)_damaging,0,0.0,291.2,2.1679483388678813,0.0,damaging,KMT2B
KMT2E (55904)_damaging,0,0.0,291.2,2.1679483388678813,0.0,damaging,KMT2E
KSR1 (8844)_damaging,0,0.0,291.2,2.1679483388678813,0.0,damaging,KSR1
KTN1 (3895)_damaging,0,0.0,291.2,2.1679483388678813,0.0,damaging,KTN1
LAMA1 (284217)_damaging,0,0.0,291.2,2.1679483388678813,0.0,damaging,LAMA1
LAMA2 (3908)_damaging,0,0.0,291.2,2.1679483388678813,0.0,damaging,LAMA2
LAMA5 (3911)_damaging,0,0.0,291.2,2.1679483388678813,0.0,damaging,LAMA5
LAMB4 (22798)_damaging,0,0.0,291.2,2.1679483388678813,0.0,damaging,LAMB4
LARP1 (23367)_damaging,0,0.0,291.2,2.1679483388678813,0.0,damaging,LARP1
LARP4B (23185)_damaging,0,0.0,291.2,2.1679483388678813,0.0,damaging,LARP4B
LIMCH1 (22998)_damaging,0,0.0,291.2,2.1679483388678813,0.0,damaging,LIMCH1
LINC02138 (400558)_damaging,0,0.0,291.2,2.1679483388678813,0.0,damaging,LINC02138
LINC02714 (729305)_damaging,0,0.0,291.2,2.1679483388678813,0.0,damaging,LINC02714
LINC02900 (340073)_damaging,0,0.0,291.2,2.1679483388678813,0.0,damaging,LINC02900
LMTK3 (114783)_damaging,0,0.0,291.2,2.1679483388678813,0.0,damaging,LMTK3
LOXHD1 (125336)_damaging,0,0.0,291.2,2.1679483388678813,0.0,damaging,LOXHD1
LRP1 (4035)_damaging,0,0.0,291.2,2.1679483388678813,0.0,damaging,LRP1
LRRC7 (57554)_damaging,0,0.0,291.2,2.1679483388678813,0.0,damaging,LRRC7
LRRIQ1 (84125)_damaging,0,0.0,291.2,2.1679483388678813,0.0,damaging,LRRIQ1
LRRK1 (79705)_damaging,0,0.0,291.2,2.1679483388678813,0.0,damaging,LRRK1
LTN1 (26046)_damaging,0,0.0,291.2,2.1679483388678813,0.0,damaging,LTN1
LY75 (4065)_damaging,0,0.0,291.2,2.1679483388678813,0.0,damaging,LY75
MAGI2 (9863)_damaging,0,0.0,291.2,2.1679483388678813,0.0,damaging,MAGI2
MALRD1 (340895)_damaging,0,0.0,291.2,2.1679483388678813,0.0,damaging,MALRD1
MAP1A (4130)_damaging,0,0.0,291.2,2.1679483388678813,0.0,damaging,MAP1A
MAP2 (4133)_damaging,0,0.0,291.2,2.1679483388678813,0.0,damaging,MAP2
MAP7D1 (55700)_damaging,0,0.0,291.2,2.1679483388678813,0.0,damaging,MAP7D1
MBD6 (114785)_damaging,0,0.0,291.2,2.1679483388678813,0.0,damaging,MBD6
MDN1 (23195)_damaging,0,0.0,291.2,2.1679483388678813,0.0,damaging,MDN1
MED13 (9969)_damaging,0,0.0,291.2,2.1679483388678813,0.0,damaging,MED13
MEGF8 (1954)_damaging,0,0.0,291.2,2.1679483388678813,0.0,damaging,MEGF8
MGAM (8972)_damaging,0,0.0,291.2,2.1679483388678813,0.0,damaging,MGAM
MIDEAS (91748)_damaging,0,0.0,291.2,2.1679483388678813,0.0,damaging,MIDEAS
MLH1 (4292)_damaging,0,0.0,291.2,2.1679483388678813,0.0,damaging,MLH1
MMS22L (253714)_damaging,0,0.0,291.2,2.1679483388678813,0.0,damaging,MMS22L
MRC1 (4360)_damaging,0,0.0,291.2,2.1679483388678813,0.0,damaging,MRC1
MROH2A (339766)_damaging,0,0.0,291.2,2.1679483388678813,0.0,damaging,MROH2A
MSH6 (2956)_damaging,0,0.0,291.2,2.1679483388678813,0.0,damaging,MSH6
MUC19 (283463)_damaging,0,0.0,291.2,2.1679483388678813,0.0,damaging,MUC19
MUTYH (4595)_damaging,0,0.0,291.2,2.1679483388678813,0.0,damaging,MUTYH
MXRA5 (25878)_damaging,0,0.0,291.2,2.1679483388678813,0.0,damaging,MXRA5
MXRA8 (54587)_damaging,0,0.0,291.2,2.1679483388678813,0.0,damaging,MXRA8
MYH13 (8735)_damaging,0,0.0,291.2,2.1679483388678813,0.0,damaging,MYH13
MYH15 (22989)_damaging,0,0.0,291.2,2.1679483388678813,0.0,damaging,MYH15
MYH9 (4627)_damaging,0,0.0,291.2,2.1679483388678813,0.0,damaging,MYH9
MYO15A (51168)_damaging,0,0.0,291.2,2.1679483388678813,0.0,damaging,MYO15A
MYO15B (80022)_damaging,0,0.0,291.2,2.1679483388678813,0.0,damaging,MYO15B
MYO16 (23026)_damaging,0,0.0,291.2,2.1679483388678813,0.0,damaging,MYO16
MYO18B (84700)_damaging,0,0.0,291.2,2.1679483388678813,0.0,damaging,MYO18B
MYO1A (4640)_damaging,0,0.0,291.2,2.1679483388678813,0.0,damaging,MYO1A
MYOF (26509)_damaging,0,0.0,291.2,2.1679483388678813,0.0,damaging,MYOF
NALCN (259232)_damaging,0,0.0,291.2,2.1679483388678813,0.0,damaging,NALCN
NAV2 (89797)_damaging,0,0.0,291.2,2.1679483388678813,0.0,damaging,NAV2
NAV3 (89795)_damaging,0,0.0,291.2,2.1679483388678813,0.0,damaging,NAV3
NBEA (26960)_damaging,0,0.0,291.2,2.1679483388678813,0.0,damaging,NBEA
NCAM1 (4684)_damaging,0,0.0,291.2,2.1679483388678813,0.0,damaging,NCAM1
NCKAP5 (344148)_damaging,0,0.0,291.2,2.1679483388678813,0.0,damaging,NCKAP5
NCOA6 (23054)_damaging,0,0.0,291.2,2.1679483388678813,0.0,damaging,NCOA6
NCOR1 (9611)_damaging,0,0.0,291.2,2.1679483388678813,0.0,damaging,NCOR1
NCOR2 (9612)_damaging,0,0.0,291.2,2.1679483388678813,0.0,damaging,NCOR2
NEB (4703)_damaging,0,0.0,291.2,2.1679483388678813,0.0,damaging,NEB
NFASC (23114)_damaging,0,0.0,291.2,2.1679483388678813,0.0,damaging,NFASC
NHS (4810)_damaging,0,0.0,291.2,2.1679483388678813,0.0,damaging,NHS
NLRP4 (147945)_damaging,0,0.0,291.2,2.1679483388678813,0.0,damaging,NLRP4
NOL8 (55035)_damaging,0,0.0,291.2,2.1679483388678813,0.0,damaging,NOL8
NOS3 (4846)_damaging,0,0.0,291.2,2.1679483388678813,0.0,damaging,NOS3
NOTCH1 (4851)_damaging,0,0.0,291.2,2.1679483388678813,0.0,damaging,NOTCH1
NOTCH3 (4854)_damaging,0,0.0,291.2,2.1679483388678813,0.0,damaging,NOTCH3
NOTCH4 (4855)_damaging,0,0.0,291.2,2.1679483388678813,0.0,damaging,NOTCH4
NRXN1 (9378)_damaging,0,0.0,291.2,2.1679483388678813,0.0,damaging,NRXN1
NUP205 (23165)_damaging,0,0.0,291.2,2.1679483388678813,0.0,damaging,NUP205
OBSCN (84033)_damaging,0,0.0,291.2,2.1679483388678813,0.0,damaging,OBSCN
OR4P4 (81300)_damaging,0,0.0,291.2,2.1679483388678813,0.0,damaging,OR4P4
OTOG (340990)_damaging,0,0.0,291.2,2.1679483388678813,0.0,damaging,OTOG
PALB2 (79728)_damaging,0,0.0,291.2,2.1679483388678813,0.0,damaging,PALB2
PBRM1 (55193)_damaging,0,0.0,291.2,2.1679483388678813,0.0,damaging,PBRM1
PCLO (27445)_damaging,0,0.0,291.2,2.1679483388678813,0.0,damaging,PCLO
PCNX1 (22990)_damaging,0,0.0,291.2,2.1679483388678813,0.0,damaging,PCNX1
PDZD2 (23037)_damaging,0,0.0,291.2,2.1679483388678813,0.0,damaging,PDZD2
PEG3 (5178)_damaging,0,0.0,291.2,2.1679483388678813,0.0,damaging,PEG3
PHF3 (23469)_damaging,0,0.0,291.2,2.1679483388678813,0.0,damaging,PHF3
PIEZO2 (63895)_damaging,0,0.0,291.2,2.1679483388678813,0.0,damaging,PIEZO2
PIK3R1 (5295)_hotspot,0,0.0,291.2,2.1679483388678813,0.0,hotspot,PIK3R1
PKD1 (5310)_damaging,0,0.0,291.2,2.1679483388678813,0.0,damaging,PKD1
PKD1L1 (168507)_damaging,0,0.0,291.2,2.1679483388678813,0.0,damaging,PKD1L1
PKDREJ (10343)_damaging,0,0.0,291.2,2.1679483388678813,0.0,damaging,PKDREJ
PKP3 (11187)_damaging,0,0.0,291.2,2.1679483388678813,0.0,damaging,PKP3
PLA2R1 (22925)_damaging,0,0.0,291.2,2.1679483388678813,0.0,damaging,PLA2R1
PLCL1 (5334)_damaging,0,0.0,291.2,2.1679483388678813,0.0,damaging,PLCL1
PLEKHA6 (22874)_damaging,0,0.0,291.2,2.1679483388678813,0.0,damaging,PLEKHA6
PLOD3 (8985)_damaging,0,0.0,291.2,2.1679483388678813,0.0,damaging,PLOD3
PLXNB1 (5364)_damaging,0,0.0,291.2,2.1679483388678813,0.0,damaging,PLXNB1
PLXNB2 (23654)_damaging,0,0.0,291.2,2.1679483388678813,0.0,damaging,PLXNB2
POLD1 (5424)_damaging,0,0.0,291.2,2.1679483388678813,0.0,damaging,POLD1
POLE (5426)_damaging,0,0.0,291.2,2.1679483388678813,0.0,damaging,POLE
POLQ (10721)_damaging,0,0.0,291.2,2.1679483388678813,0.0,damaging,POLQ
PPFIA2 (8499)_damaging,0,0.0,291.2,2.1679483388678813,0.0,damaging,PPFIA2
PPP1R3A (5506)_damaging,0,0.0,291.2,2.1679483388678813,0.0,damaging,PPP1R3A
PPP6R2 (9701)_damaging,0,0.0,291.2,2.1679483388678813,0.0,damaging,PPP6R2
PRDM9 (56979)_damaging,0,0.0,291.2,2.1679483388678813,0.0,damaging,PRDM9
PREX2 (80243)_damaging,0,0.0,291.2,2.1679483388678813,0.0,damaging,PREX2
PRKDC (5591)_damaging,0,0.0,291.2,2.1679483388678813,0.0,damaging,PRKDC
PRR12 (57479)_damaging,0,0.0,291.2,2.1679483388678813,0.0,damaging,PRR12
PRRC2A (7916)_damaging,0,0.0,291.2,2.1679483388678813,0.0,damaging,PRRC2A
PRRC2B (84726)_damaging,0,0.0,291.2,2.1679483388678813,0.0,damaging,PRRC2B
PRUNE2 (158471)_damaging,0,0.0,291.2,2.1679483388678813,0.0,damaging,PRUNE2
PTCH1 (5727)_damaging,0,0.0,291.2,2.1679483388678813,0.0,damaging,PTCH1
PTEN (5728)_hotspot,0,0.0,291.2,2.1679483388678813,0.0,hotspot,PTEN
PTPN13 (5783)_damaging,0,0.0,291.2,2.1679483388678813,0.0,damaging,PTPN13
PTPN14 (5784)_damaging,0,0.0,291.2,2.1679483388678813,0.0,damaging,PTPN14
PTPRD (5789)_damaging,0,0.0,291.2,2.1679483388678813,0.0,damaging,PTPRD
PTPRQ (374462)_damaging,0,0.0,291.2,2.1679483388678813,0.0,damaging,PTPRQ
PTPRS (5802)_damaging,0,0.0,291.2,2.1679483388678813,0.0,damaging,PTPRS
QSER1 (79832)_damaging,0,0.0,291.2,2.1679483388678813,0.0,damaging,QSER1
RAC1 (5879)_hotspot,0,0.0,291.2,2.1679483388678813,0.0,hotspot,RAC1
RAD51AP2 (729475)_damaging,0,0.0,291.2,2.1679483388678813,0.0,damaging,RAD51AP2
RAPGEF2 (9693)_damaging,0,0.0,291.2,2.1679483388678813,0.0,damaging,RAPGEF2
RASA1 (5921)_damaging,0,0.0,291.2,2.1679483388678813,0.0,damaging,RASA1
RBBP6 (5930)_damaging,0,0.0,291.2,2.1679483388678813,0.0,damaging,RBBP6
RBM6 (10180)_damaging,0,0.0,291.2,2.1679483388678813,0.0,damaging,RBM6
RECQL (5965)_damaging,0,0.0,291.2,2.1679483388678813,0.0,damaging,RECQL
RELN (5649)_damaging,0,0.0,291.2,2.1679483388678813,0.0,damaging,RELN
REV3L (5980)_damaging,0,0.0,291.2,2.1679483388678813,0.0,damaging,REV3L
RGL1 (23179)_damaging,0,0.0,291.2,2.1679483388678813,0.0,damaging,RGL1
RHOA (387)_hotspot,0,0.0,291.2,2.1679483388678813,0.0,hotspot,RHOA
RIMS1 (22999)_damaging,0,0.0,291.2,2.1679483388678813,0.0,damaging,RIMS1
RIMS2 (9699)_damaging,0,0.0,291.2,2.1679483388678813,0.0,damaging,RIMS2
RIN1 (9610)_damaging,0,0.0,291.2,2.1679483388678813,0.0,damaging,RIN1
ROBO1 (6091)_damaging,0,0.0,291.2,2.1679483388678813,0.0,damaging,ROBO1
ROBO3 (64221)_damaging,0,0.0,291.2,2.1679483388678813,0.0,damaging,ROBO3
ROCK1 (6093)_damaging,0,0.0,291.2,2.1679483388678813,0.0,damaging,ROCK1
ROR2 (4920)_damaging,0,0.0,291.2,2.1679483388678813,0.0,damaging,ROR2
ROS1 (6098)_damaging,0,0.0,291.2,2.1679483388678813,0.0,damaging,ROS1
RTL1 (388015)_damaging,0,0.0,291.2,2.1679483388678813,0.0,damaging,RTL1
RTTN (25914)_damaging,0,0.0,291.2,2.1679483388678813,0.0,damaging,RTTN
RYR1 (6261)_damaging,0,0.0,291.2,2.1679483388678813,0.0,damaging,RYR1
SACS (26278)_damaging,0,0.0,291.2,2.1679483388678813,0.0,damaging,SACS
SAFB (6294)_damaging,0,0.0,291.2,2.1679483388678813,0.0,damaging,SAFB
SAMD9 (54809)_damaging,0,0.0,291.2,2.1679483388678813,0.0,damaging,SAMD9
SAMD9L (219285)_damaging,0,0.0,291.2,2.1679483388678813,0.0,damaging,SAMD9L
SBF1 (6305)_damaging,0,0.0,291.2,2.1679483388678813,0.0,damaging,SBF1
SBNO1 (55206)_damaging,0,0.0,291.2,2.1679483388678813,0.0,damaging,SBNO1
SCAF8 (22828)_damaging,0,0.0,291.2,2.1679483388678813,0.0,damaging,SCAF8
SCN11A (11280)_damaging,0,0.0,291.2,2.1679483388678813,0.0,damaging,SCN11A
SCN1A (6323)_damaging,0,0.0,291.2,2.1679483388678813,0.0,damaging,SCN1A
SCN9A (6335)_damaging,0,0.0,291.2,2.1679483388678813,0.0,damaging,SCN9A
SDK2 (54549)_damaging,0,0.0,291.2,2.1679483388678813,0.0,damaging,SDK2
SETD1A (9739)_damaging,0,0.0,291.2,2.1679483388678813,0.0,damaging,SETD1A
SETD2 (29072)_damaging,0,0.0,291.2,2.1679483388678813,0.0,damaging,SETD2
SETX (23064)_damaging,0,0.0,291.2,2.1679483388678813,0.0,damaging,SETX
SHANK1 (50944)_damaging,0,0.0,291.2,2.1679483388678813,0.0,damaging,SHANK1
SHANK2 (22941)_damaging,0,0.0,291.2,2.1679483388678813,0.0,damaging,SHANK2
SHPRH (257218)_damaging,0,0.0,291.2,2.1679483388678813,0.0,damaging,SHPRH
SHROOM3 (57619)_damaging,0,0.0,291.2,2.1679483388678813,0.0,damaging,SHROOM3
SI (6476)_damaging,0,0.0,291.2,2.1679483388678813,0.0,damaging,SI
SLC12A7 (10723)_damaging,0,0.0,291.2,2.1679483388678813,0.0,damaging,SLC12A7
SLFN11 (91607)_damaging,0,0.0,291.2,2.1679483388678813,0.0,damaging,SLFN11
SLX4 (84464)_damaging,0,0.0,291.2,2.1679483388678813,0.0,damaging,SLX4
SMARCA4 (6597)_hotspot,0,0.0,291.2,2.1679483388678813,0.0,hotspot,SMARCA4
SMC1B (27127)_damaging,0,0.0,291.2,2.1679483388678813,0.0,damaging,SMC1B
SMC3 (9126)_damaging,0,0.0,291.2,2.1679483388678813,0.0,damaging,SMC3
SORL1 (6653)_damaging,0,0.0,291.2,2.1679483388678813,0.0,damaging,SORL1
SOX9 (6662)_damaging,0,0.0,291.2,2.1679483388678813,0.0,damaging,SOX9
SPAG17 (200162)_damaging,0,0.0,291.2,2.1679483388678813,0.0,damaging,SPAG17
SPATA31H1 (84226)_damaging,0,0.0,291.2,2.1679483388678813,0.0,damaging,SPATA31H1
SPEN (23013)_damaging,0,0.0,291.2,2.1679483388678813,0.0,damaging,SPEN
SPG11 (80208)_damaging,0,0.0,291.2,2.1679483388678813,0.0,damaging,SPG11
SPHKAP (80309)_damaging,0,0.0,291.2,2.1679483388678813,0.0,damaging,SPHKAP
SRCAP (10847)_damaging,0,0.0,291.2,2.1679483388678813,0.0,damaging,SRCAP
SRCIN1 (80725)_damaging,0,0.0,291.2,2.1679483388678813,0.0,damaging,SRCIN1
STAB1 (23166)_damaging,0,0.0,291.2,2.1679483388678813,0.0,damaging,STAB1
STAG2 (10735)_damaging,0,0.0,291.2,2.1679483388678813,0.0,damaging,STAG2
STAT2 (6773)_damaging,0,0.0,291.2,2.1679483388678813,0.0,damaging,STAT2
SULF1 (23213)_damaging,0,0.0,291.2,2.1679483388678813,0.0,damaging,SULF1
SVEP1 (79987)_damaging,0,0.0,291.2,2.1679483388678813,0.0,damaging,SVEP1
SVIL (6840)_damaging,0,0.0,291.2,2.1679483388678813,0.0,damaging,SVIL
SYCP2 (10388)_damaging,0,0.0,291.2,2.1679483388678813,0.0,damaging,SYCP2
SYNE2 (23224)_damaging,0,0.0,291.2,2.1679483388678813,0.0,damaging,SYNE2
TBC1D32 (221322)_damaging,0,0.0,291.2,2.1679483388678813,0.0,damaging,TBC1D32
TCF20 (6942)_damaging,0,0.0,291.2,2.1679483388678813,0.0,damaging,TCF20
TCF7L2 (6934)_damaging,0,0.0,291.2,2.1679483388678813,0.0,damaging,TCF7L2
TDRD5 (163589)_damaging,0,0.0,291.2,2.1679483388678813,0.0,damaging,TDRD5
TDRD6 (221400)_damaging,0,0.0,291.2,2.1679483388678813,0.0,damaging,TDRD6
TECTA (7007)_damaging,0,0.0,291.2,2.1679483388678813,0.0,damaging,TECTA
TENM3 (55714)_damaging,0,0.0,291.2,2.1679483388678813,0.0,damaging,TENM3
TEX15 (56154)_damaging,0,0.0,291.2,2.1679483388678813,0.0,damaging,TEX15
THADA (63892)_damaging,0,0.0,291.2,2.1679483388678813,0.0,damaging,THADA
TICRR (90381)_damaging,0,0.0,291.2,2.1679483388678813,0.0,damaging,TICRR
TIE1 (7075)_damaging,0,0.0,291.2,2.1679483388678813,0.0,damaging,TIE1
TLN2 (83660)_damaging,0,0.0,291.2,2.1679483388678813,0.0,damaging,TLN2
TMEM132D (121256)_damaging,0,0.0,291.2,2.1679483388678813,0.0,damaging,TMEM132D
TMEM94 (9772)_damaging,0,0.0,291.2,2.1679483388678813,0.0,damaging,TMEM94
TNK2 (10188)_damaging,0,0.0,291.2,2.1679483388678813,0.0,damaging,TNK2
TNRC18 (84629)_damaging,0,0.0,291.2,2.1679483388678813,0.0,damaging,TNRC18
TNRC6A (27327)_damaging,0,0.0,291.2,2.1679483388678813,0.0,damaging,TNRC6A
TNRC6B (23112)_damaging,0,0.0,291.2,2.1679483388678813,0.0,damaging,TNRC6B
TNRC6C (57690)_damaging,0,0.0,291.2,2.1679483388678813,0.0,damaging,TNRC6C
TNXB (7148)_damaging,0,0.0,291.2,2.1679483388678813,0.0,damaging,TNXB
TOP2A (7153)_damaging,0,0.0,291.2,2.1679483388678813,0.0,damaging,TOP2A
TPTE (7179)_damaging,0,0.0,291.2,2.1679483388678813,0.0,damaging,TPTE
TRANK1 (9881)_damaging,0,0.0,291.2,2.1679483388678813,0.0,damaging,TRANK1
TRIO (7204)_damaging,0,0.0,291.2,2.1679483388678813,0.0,damaging,TRIO
TRIP11 (9321)_damaging,0,0.0,291.2,2.1679483388678813,0.0,damaging,TRIP11
TRPM6 (140803)_damaging,0,0.0,291.2,2.1679483388678813,0.0,damaging,TRPM6
TRPS1 (7227)_damaging,0,0.0,291.2,2.1679483388678813,0.0,damaging,TRPS1
TRRAP (8295)_damaging,0,0.0,291.2,2.1679483388678813,0.0,damaging,TRRAP
TTC21B (79809)_damaging,0,0.0,291.2,2.1679483388678813,0.0,damaging,TTC21B
TYRO3 (7301)_damaging,0,0.0,291.2,2.1679483388678813,0.0,damaging,TYRO3
UBAP2L (9898)_damaging,0,0.0,291.2,2.1679483388678813,0.0,damaging,UBAP2L
UBR5 (51366)_damaging,0,0.0,291.2,2.1679483388678813,0.0,damaging,UBR5
UCK1 (83549)_damaging,0,0.0,291.2,2.1679483388678813,0.0,damaging,UCK1
UNC13B (10497)_damaging,0,0.0,291.2,2.1679483388678813,0.0,damaging,UNC13B
UNC13C (440279)_damaging,0,0.0,291.2,2.1679483388678813,0.0,damaging,UNC13C
UNKL (64718)_damaging,0,0.0,291.2,2.1679483388678813,0.0,damaging,UNKL
USP13 (8975)_damaging,0,0.0,291.2,2.1679483388678813,0.0,damaging,USP13
USP26 (83844)_damaging,0,0.0,291.2,2.1679483388678813,0.0,damaging,USP26
USP28 (57646)_damaging,0,0.0,291.2,2.1679483388678813,0.0,damaging,USP28
USP34 (9736)_damaging,0,0.0,291.2,2.1679483388678813,0.0,damaging,USP34
UTP20 (27340)_damaging,0,0.0,291.2,2.1679483388678813,0.0,damaging,UTP20
VCAN (1462)_damaging,0,0.0,291.2,2.1679483388678813,0.0,damaging,VCAN
VPS13A (23230)_damaging,0,0.0,291.2,2.1679483388678813,0.0,damaging,VPS13A
VPS13D (55187)_damaging,0,0.0,291.2,2.1679483388678813,0.0,damaging,VPS13D
VPS9D1 (9605)_damaging,0,0.0,291.2,2.1679483388678813,0.0,damaging,VPS9D1
VWF (7450)_damaging,0,0.0,291.2,2.1679483388678813,0.0,damaging,VWF
WDR17 (116966)_damaging,0,0.0,291.2,2.1679483388678813,0.0,damaging,WDR17
WDR87 (83889)_damaging,0,0.0,291.2,2.1679483388678813,0.0,damaging,WDR87
WDTC1 (23038)_damaging,0,0.0,291.2,2.1679483388678813,0.0,damaging,WDTC1
WNK2 (65268)_damaging,0,0.0,291.2,2.1679483388678813,0.0,damaging,WNK2
WNT1 (7471)_damaging,0,0.0,291.2,2.1679483388678813,0.0,damaging,WNT1
XRN1 (54464)_damaging,0,0.0,291.2,2.1679483388678813,0.0,damaging,XRN1
YLPM1 (56252)_damaging,0,0.0,291.2,2.1679483388678813,0.0,damaging,YLPM1
ZBTB20 (26137)_damaging,0,0.0,291.2,2.1679483388678813,0.0,damaging,ZBTB20
ZBTB7C (201501)_damaging,0,0.0,291.2,2.1679483388678813,0.0,damaging,ZBTB7C
ZC3H13 (23091)_damaging,0,0.0,291.2,2.1679483388678813,0.0,damaging,ZC3H13
ZC3H18 (124245)_damaging,0,0.0,291.2,2.1679483388678813,0.0,damaging,ZC3H18
ZC3H7B (23264)_damaging,0,0.0,291.2,2.1679483388678813,0.0,damaging,ZC3H7B
ZDBF2 (57683)_damaging,0,0.0,291.2,2.1679483388678813,0.0,damaging,ZDBF2
ZFC3H1 (196441)_damaging,0,0.0,291.2,2.1679483388678813,0.0,damaging,ZFC3H1
ZFHX4 (79776)_damaging,0,0.0,291.2,2.1679483388678813,0.0,damaging,ZFHX4
ZMYM4 (9202)_damaging,0,0.0,291.2,2.1679483388678813,0.0,damaging,ZMYM4
ZNF106 (64397)_damaging,0,0.0,291.2,2.1679483388678813,0.0,damaging,ZNF106
ZNF292 (23036)_damaging,0,0.0,291.2,2.1679483388678813,0.0,damaging,ZNF292
ZNF609 (23060)_damaging,0,0.0,291.2,2.1679483388678813,0.0,damaging,ZNF609
ZNF638 (27332)_damaging,0,0.0,291.2,2.1679483388678813,0.0,damaging,ZNF638
ZNF831 (128611)_damaging,0,0.0,291.2,2.1679483388678813,0.0,damaging,ZNF831
ADAM23 (8745)_damaging,0,0.0,291.3333333333333,2.886751345948133,0.0,damaging,ADAM23
ADGRB1 (575)_damaging,0,0.0,291.3333333333333,2.886751345948133,0.0,damaging,ADGRB1
COL6A1 (1291)_damaging,0,0.0,291.3333333333333,2.886751345948133,0.0,damaging,COL6A1
CSTF3 (1479)_damaging,0,0.0,291.3333333333333,2.886751345948133,0.0,damaging,CSTF3
GPRC6A (222545)_damaging,0,0.0,291.3333333333333,2.886751345948133,0.0,damaging,GPRC6A
GRM1 (2911)_damaging,0,0.0,291.3333333333333,2.886751345948133,0.0,damaging,GRM1
KCNH2 (3757)_damaging,0,0.0,291.3333333333333,2.886751345948133,0.0,damaging,KCNH2
MPRIP (23164)_damaging,0,0.0,291.3333333333333,2.886751345948133,0.0,damaging,MPRIP
NCOA3 (8202)_damaging,0,0.0,291.3333333333333,2.886751345948133,0.0,damaging,NCOA3
NOL11 (25926)_damaging,0,0.0,291.3333333333333,2.886751345948133,0.0,damaging,NOL11
PHRF1 (57661)_damaging,0,0.0,291.3333333333333,2.886751345948133,0.0,damaging,PHRF1
PTPN12 (5782)_damaging,0,0.0,291.3333333333333,2.886751345948133,0.0,damaging,PTPN12
SORCS1 (114815)_damaging,0,0.0,291.3333333333333,2.886751345948133,0.0,damaging,SORCS1
UBR1 (197131)_damaging,0,0.0,291.3333333333333,2.886751345948133,0.0,damaging,UBR1
WDR81 (124997)_damaging,0,0.0,291.3333333333333,2.886751345948133,0.0,damaging,WDR81
A2ML1 (144568)_damaging,0,0.0,291.5,2.3804761428476167,0.0,damaging,A2ML1
ABCB1 (5243)_damaging,0,0.0,291.5,2.3804761428476167,0.0,damaging,ABCB1
AKAP7 (9465)_damaging,0,0.0,291.5,2.3804761428476167,0.0,damaging,AKAP7
ARHGEF26 (26084)_damaging,0,0.0,291.5,2.3804761428476167,0.0,damaging,ARHGEF26
ARHGEF40 (55701)_damaging,0,0.0,291.5,2.3804761428476167,0.0,damaging,ARHGEF40
ATN1 (1822)_damaging,0,0.0,291.5,2.3804761428476167,0.0,damaging,ATN1
ATP8A1 (10396)_damaging,0,0.0,291.5,2.1213203435596424,0.0,damaging,ATP8A1
AXIN1 (8312)_damaging,0,0.0,291.5,2.3804761428476167,0.0,damaging,AXIN1
BCL11A (53335)_damaging,0,0.0,291.5,2.1213203435596424,0.0,damaging,BCL11A
BOD1L1 (259282)_damaging,0,0.0,291.5,2.3804761428476167,0.0,damaging,BOD1L1
C5 (727)_damaging,0,0.0,291.5,2.3804761428476167,0.0,damaging,C5
CDH15 (1013)_damaging,0,0.0,291.5,2.3804761428476167,0.0,damaging,CDH15
CHD6 (84181)_damaging,0,0.0,291.5,2.3804761428476167,0.0,damaging,CHD6
CHD7 (55636)_damaging,0,0.0,291.5,2.3804761428476167,0.0,damaging,CHD7
CRACDL (343990)_damaging,0,0.0,291.5,2.3804761428476167,0.0,damaging,CRACDL
DAZAP1 (26528)_damaging,0,0.0,291.5,2.3804761428476167,0.0,damaging,DAZAP1
DDC (1644)_damaging,0,0.0,291.5,2.1213203435596424,0.0,damaging,DDC
DIP2B (57609)_damaging,0,0.0,291.5,2.3804761428476167,0.0,damaging,DIP2B
DOCK1 (1793)_damaging,0,0.0,291.5,2.1213203435596424,0.0,damaging,DOCK1
EFCAB7 (84455)_damaging,0,0.0,291.5,2.1213203435596424,0.0,damaging,EFCAB7
ESF1 (51575)_damaging,0,0.0,291.5,2.3804761428476167,0.0,damaging,ESF1
FANCG (2189)_damaging,0,0.0,291.5,2.3804761428476167,0.0,damaging,FANCG
FHDC1 (85462)_damaging,0,0.0,291.5,2.3804761428476167,0.0,damaging,FHDC1
FIGNL1 (63979)_damaging,0,0.0,291.5,2.1213203435596424,0.0,damaging,FIGNL1
GRIA2 (2891)_damaging,0,0.0,291.5,2.3804761428476167,0.0,damaging,GRIA2
GUCY2C (2984)_damaging,0,0.0,291.5,2.3804761428476167,0.0,damaging,GUCY2C
HCN4 (10021)_damaging,0,0.0,291.5,2.3804761428476167,0.0,damaging,HCN4
HPS5 (11234)_damaging,0,0.0,291.5,2.1213203435596424,0.0,damaging,HPS5
IGSF9B (22997)_damaging,0,0.0,291.5,2.3804761428476167,0.0,damaging,IGSF9B
ITPR3 (3710)_damaging,0,0.0,291.5,2.3804761428476167,0.0,damaging,ITPR3
JAKMIP1 (152789)_damaging,0,0.0,291.5,2.3804761428476167,0.0,damaging,JAKMIP1
KCP (375616)_damaging,0,0.0,291.5,2.3804761428476167,0.0,damaging,KCP
KIF5C (3800)_damaging,0,0.0,291.5,2.3804761428476167,0.0,damaging,KIF5C
KNTC1 (9735)_damaging,0,0.0,291.5,2.3804761428476167,0.0,damaging,KNTC1
LAMA3 (3909)_damaging,0,0.0,291.5,2.3804761428476167,0.0,damaging,LAMA3
LPA (4018)_damaging,0,0.0,291.5,2.3804761428476167,0.0,damaging,LPA
MORC1 (27136)_damaging,0,0.0,291.5,2.3804761428476167,0.0,damaging,MORC1
MPDZ (8777)_damaging,0,0.0,291.5,2.3804761428476167,0.0,damaging,MPDZ
MRE11 (4361)_damaging,0,0.0,291.5,2.1213203435596424,0.0,damaging,MRE11
MYH4 (4622)_damaging,0,0.0,291.5,2.3804761428476167,0.0,damaging,MYH4
MYO1B (4430)_damaging,0,0.0,291.5,2.1213203435596424,0.0,damaging,MYO1B
MYO5C (55930)_damaging,0,0.0,291.5,2.3804761428476167,0.0,damaging,MYO5C
NACA (4666)_damaging,0,0.0,291.5,2.3804761428476167,0.0,damaging,NACA
NECTIN3 (25945)_damaging,0,0.0,291.5,2.1213203435596424,0.0,damaging,NECTIN3
NID2 (22795)_damaging,0,0.0,291.5,2.3804761428476167,0.0,damaging,NID2
NIN (51199)_damaging,0,0.0,291.5,2.3804761428476167,0.0,damaging,NIN
NRXN2 (9379)_damaging,0,0.0,291.5,2.3804761428476167,0.0,damaging,NRXN2
NSD3 (54904)_damaging,0,0.0,291.5,2.3804761428476167,0.0,damaging,NSD3
ORC4 (5000)_damaging,0,0.0,291.5,2.3804761428476167,0.0,damaging,ORC4
PCDH10 (57575)_damaging,0,0.0,291.5,2.3804761428476167,0.0,damaging,PCDH10
PCSK1 (5122)_damaging,0,0.0,291.5,2.1213203435596424,0.0,damaging,PCSK1
PDZRN4 (29951)_damaging,0,0.0,291.5,2.3804761428476167,0.0,damaging,PDZRN4
PPM1D (8493)_damaging,0,0.0,291.5,2.3804761428476167,0.0,damaging,PPM1D
PTPRU (10076)_damaging,0,0.0,291.5,2.3804761428476167,0.0,damaging,PTPRU
RALGAPB (57148)_damaging,0,0.0,291.5,2.3804761428476167,0.0,damaging,RALGAPB
RCBTB2 (1102)_damaging,0,0.0,291.5,2.1213203435596424,0.0,damaging,RCBTB2
RFC1 (5981)_damaging,0,0.0,291.5,2.1213203435596424,0.0,damaging,RFC1
RSU1P2 (100133308)_damaging,0,0.0,291.5,2.3804761428476167,0.0,damaging,RSU1P2
RUSC2 (9853)_damaging,0,0.0,291.5,2.3804761428476167,0.0,damaging,RUSC2
SAMHD1 (25939)_damaging,0,0.0,291.5,2.3804761428476167,0.0,damaging,SAMHD1
SCLT1 (132320)_damaging,0,0.0,291.5,2.1213203435596424,0.0,damaging,SCLT1
SETDB1 (9869)_damaging,0,0.0,291.5,2.1213203435596424,0.0,damaging,SETDB1
SHC1 (6464)_damaging,0,0.0,291.5,2.3804761428476167,0.0,damaging,SHC1
SLIT1 (6585)_damaging,0,0.0,291.5,2.3804761428476167,0.0,damaging,SLIT1
SPATA31D1 (389763)_damaging,0,0.0,291.5,2.1213203435596424,0.0,damaging,SPATA31D1
SPATA31G1 (138724)_damaging,0,0.0,291.5,2.3804761428476167,0.0,damaging,SPATA31G1
SPECC1 (92521)_damaging,0,0.0,291.5,2.1213203435596424,0.0,damaging,SPECC1
SPHK1 (8877)_damaging,0,0.0,291.5,2.1213203435596424,0.0,damaging,SPHK1
STAT5B (6777)_damaging,0,0.0,291.5,2.3804761428476167,0.0,damaging,STAT5B
STAT6 (6778)_damaging,0,0.0,291.5,2.3804761428476167,0.0,damaging,STAT6
TCF3 (6929)_damaging,0,0.0,291.5,2.1213203435596424,0.0,damaging,TCF3
TFE3 (7030)_damaging,0,0.0,291.5,2.3804761428476167,0.0,damaging,TFE3
TMEM131 (23505)_damaging,0,0.0,291.5,2.3804761428476167,0.0,damaging,TMEM131
TNIK (23043)_damaging,0,0.0,291.5,2.1213203435596424,0.0,damaging,TNIK
TUT4 (23318)_damaging,0,0.0,291.5,2.1213203435596424,0.0,damaging,TUT4
UGT2B28 (54490)_damaging,0,0.0,291.5,2.1213203435596424,0.0,damaging,UGT2B28
WNK1 (65125)_damaging,0,0.0,291.5,2.3804761428476167,0.0,damaging,WNK1
WWC3 (55841)_damaging,0,0.0,291.5,2.3804761428476167,0.0,damaging,WWC3
XPOT (11260)_damaging,0,0.0,291.5,2.1213203435596424,0.0,damaging,XPOT
ZEB2 (9839)_damaging,0,0.0,291.5,2.3804761428476167,0.0,damaging,ZEB2
ZFHX2 (85446)_damaging,0,0.0,291.5,2.1213203435596424,0.0,damaging,ZFHX2
ZMIZ1 (57178)_damaging,0,0.0,291.5,2.3804761428476167,0.0,damaging,ZMIZ1
ZMYM2 (7750)_damaging,0,0.0,291.5,2.1213203435596424,0.0,damaging,ZMYM2
ZNF687 (57592)_damaging,0,0.0,291.5,2.3804761428476167,0.0,damaging,ZNF687
ZNF711 (7552)_damaging,0,0.0,291.5,2.3804761428476167,0.0,damaging,ZNF711
ZNF722 (100419780)_damaging,0,0.0,291.5,2.1213203435596424,0.0,damaging,ZNF722
ZSWIM6 (57688)_damaging,0,0.0,291.5,2.1213203435596424,0.0,damaging,ZSWIM6
ANO3 (63982)_damaging,0,0.0,291.6666666666667,1.5275252316519405,0.0,damaging,ANO3
BTAF1 (9044)_damaging,0,0.0,291.6666666666667,1.5275252316519405,0.0,damaging,BTAF1
CCDC7 (79741)_damaging,0,0.0,291.6666666666667,1.5275252316519545,0.0,damaging,CCDC7
CDH11 (1009)_damaging,0,0.0,291.6666666666667,1.5275252316519405,0.0,damaging,CDH11
DMTN (2039)_damaging,0,0.0,291.6666666666667,1.5275252316519545,0.0,damaging,DMTN
DUOX2 (50506)_damaging,0,0.0,291.6666666666667,1.5275252316519405,0.0,damaging,DUOX2
GIGYF2 (26058)_damaging,0,0.0,291.6666666666667,1.5275252316519545,0.0,damaging,GIGYF2
GRIA1 (2890)_damaging,0,0.0,291.6666666666667,1.5275252316519405,0.0,damaging,GRIA1
KIAA1755 (85449)_damaging,0,0.0,291.6666666666667,1.5275252316519545,0.0,damaging,KIAA1755
LAMC3 (10319)_damaging,0,0.0,291.6666666666667,1.5275252316519405,0.0,damaging,LAMC3
MAP3K15 (389840)_damaging,0,0.0,291.6666666666667,1.5275252316519405,0.0,damaging,MAP3K15
MBD4 (8930)_damaging,0,0.0,291.6666666666667,1.5275252316519545,0.0,damaging,MBD4
MED15 (51586)_damaging,0,0.0,291.6666666666667,1.5275252316519405,0.0,damaging,MED15
NRP2 (8828)_damaging,0,0.0,291.6666666666667,1.5275252316519405,0.0,damaging,NRP2
PFAS (5198)_damaging,0,0.0,291.6666666666667,1.5275252316519545,0.0,damaging,PFAS
PIK3C2A (5286)_damaging,0,0.0,291.6666666666667,1.5275252316519545,0.0,damaging,PIK3C2A
PTPRM (5797)_damaging,0,0.0,291.6666666666667,1.5275252316519405,0.0,damaging,PTPRM
RAPGEF5 (9771)_damaging,0,0.0,291.6666666666667,1.5275252316519545,0.0,damaging,RAPGEF5
SLC4A11 (83959)_damaging,0,0.0,291.6666666666667,1.5275252316519545,0.0,damaging,SLC4A11
TPO (7173)_damaging,0,0.0,291.6666666666667,1.5275252316519545,0.0,damaging,TPO
TSPOAP1 (9256)_damaging,0,0.0,291.6666666666667,1.5275252316519545,0.0,damaging,TSPOAP1
USH1C (10083)_damaging,0,0.0,291.6666666666667,1.5275252316519405,0.0,damaging,USH1C
WAPL (23063)_damaging,0,0.0,291.6666666666667,1.5275252316519545,0.0,damaging,WAPL
WDR90 (197335)_damaging,0,0.0,291.6666666666667,1.5275252316519405,0.0,damaging,WDR90
ZNF608 (57507)_damaging,0,0.0,291.6666666666667,1.5275252316519405,0.0,damaging,ZNF608
ACVR1B (91)_damaging,0,0.0,292.0,,0.0,damaging,ACVR1B
ADCY2 (108)_damaging,0,0.0,292.0,,0.0,damaging,ADCY2
ADCY8 (114)_damaging,0,0.0,292.0,1.4142135623730983,0.0,damaging,ADCY8
AHDC1 (27245)_damaging,0,0.0,292.0,1.7320508075688772,0.0,damaging,AHDC1
AKAP13 (11214)_damaging,0,0.0,292.0,1.4142135623730983,0.0,damaging,AKAP13
ATM (472)_hotspot,0,0.0,292.0,1.7320508075688772,0.0,hotspot,ATM
ATP10D (57205)_damaging,0,0.0,292.0,,0.0,damaging,ATP10D
ATP2B1 (490)_damaging,0,0.0,292.0,,0.0,damaging,ATP2B1
AXIN2 (8313)_damaging,0,0.0,292.0,1.4142135623730983,0.0,damaging,AXIN2
B3GNT5 (84002)_damaging,0,0.0,292.0,,0.0,damaging,B3GNT5
CDH8 (1006)_damaging,0,0.0,292.0,1.4142135623730983,0.0,damaging,CDH8
CFAP251 (144406)_damaging,0,0.0,292.0,,0.0,damaging,CFAP251
CNNM2 (54805)_damaging,0,0.0,292.0,1.4142135623730983,0.0,damaging,CNNM2
COL25A1 (84570)_damaging,0,0.0,292.0,1.4142135623730983,0.0,damaging,COL25A1
COL8A2 (1296)_damaging,0,0.0,292.0,,0.0,damaging,COL8A2
CORIN (10699)_damaging,0,0.0,292.0,1.4142135623730983,0.0,damaging,CORIN
CPD (1362)_damaging,0,0.0,292.0,,0.0,damaging,CPD
CPEB2 (132864)_damaging,0,0.0,292.0,1.7320508075688772,0.0,damaging,CPEB2
DCHS1 (8642)_damaging,0,0.0,292.0,1.4142135623730983,0.0,damaging,DCHS1
EIF4G3 (8672)_damaging,0,0.0,292.0,,0.0,damaging,EIF4G3
ELF3 (1999)_damaging,0,0.0,292.0,1.7320508075688772,0.0,damaging,ELF3
FAM135B (51059)_damaging,0,0.0,292.0,,0.0,damaging,FAM135B
FANCA (2175)_damaging,0,0.0,292.0,1.4142135623730983,0.0,damaging,FANCA
FMR1 (2332)_damaging,0,0.0,292.0,,0.0,damaging,FMR1
FNIP1 (96459)_damaging,0,0.0,292.0,1.4142135623730983,0.0,damaging,FNIP1
FOXP2 (93986)_damaging,0,0.0,292.0,,0.0,damaging,FOXP2
FUBP3 (8939)_damaging,0,0.0,292.0,1.7320508075688772,0.0,damaging,FUBP3
FYB2 (199920)_damaging,0,0.0,292.0,1.4142135623730983,0.0,damaging,FYB2
GIGYF1 (64599)_damaging,0,0.0,292.0,1.7320508075688772,0.0,damaging,GIGYF1
GOLGB1 (2804)_damaging,0,0.0,292.0,1.7320508075688772,0.0,damaging,GOLGB1
GPR161 (23432)_damaging,0,0.0,292.0,1.7320508075688772,0.0,damaging,GPR161
HCFC2 (29915)_damaging,0,0.0,292.0,1.7320508075688772,0.0,damaging,HCFC2
HOXD11 (3237)_damaging,0,0.0,292.0,,0.0,damaging,HOXD11
HYOU1 (10525)_damaging,0,0.0,292.0,,0.0,damaging,HYOU1
ITGAD (3681)_damaging,0,0.0,292.0,1.4142135623730983,0.0,damaging,ITGAD
ITGAV (3685)_damaging,0,0.0,292.0,,0.0,damaging,ITGAV
JCAD (57608)_damaging,0,0.0,292.0,1.4142135623730983,0.0,damaging,JCAD
KCNB1 (3745)_damaging,0,0.0,292.0,1.4142135623730983,0.0,damaging,KCNB1
KDM5C (8242)_damaging,0,0.0,292.0,1.4142135623730983,0.0,damaging,KDM5C
KIAA2012 (100652824)_damaging,0,0.0,292.0,,0.0,damaging,KIAA2012
KIF3A (11127)_damaging,0,0.0,292.0,,0.0,damaging,KIF3A
KLF3 (51274)_damaging,0,0.0,292.0,,0.0,damaging,KLF3
KLHL1 (57626)_damaging,0,0.0,292.0,1.4142135623730983,0.0,damaging,KLHL1
KLHL14 (57565)_damaging,0,0.0,292.0,,0.0,damaging,KLHL14
L3MBTL1 (26013)_damaging,0,0.0,292.0,,0.0,damaging,L3MBTL1
LOXL2 (4017)_damaging,0,0.0,292.0,,0.0,damaging,LOXL2
LRFN2 (57497)_damaging,0,0.0,292.0,,0.0,damaging,LRFN2
MAP3K21 (84451)_damaging,0,0.0,292.0,1.7320508075688772,0.0,damaging,MAP3K21
MAP7D3 (79649)_damaging,0,0.0,292.0,1.4142135623730983,0.0,damaging,MAP7D3
MED1 (5469)_damaging,0,0.0,292.0,,0.0,damaging,MED1
MFRP (83552)_damaging,0,0.0,292.0,1.7320508075688772,0.0,damaging,MFRP
MMP12 (4321)_damaging,0,0.0,292.0,1.7320508075688772,0.0,damaging,MMP12
MPHOSPH9 (10198)_damaging,0,0.0,292.0,,0.0,damaging,MPHOSPH9
MUC3A (4584)_damaging,0,0.0,292.0,,0.0,damaging,MUC3A
MYLK (4638)_damaging,0,0.0,292.0,,0.0,damaging,MYLK
MYO9B (4650)_damaging,0,0.0,292.0,,0.0,damaging,MYO9B
MYOM2 (9172)_damaging,0,0.0,292.0,,0.0,damaging,MYOM2
NES (10763)_damaging,0,0.0,292.0,1.4142135623730983,0.0,damaging,NES
NFRKB (4798)_damaging,0,0.0,292.0,1.7320508075688772,0.0,damaging,NFRKB
NLGN3 (54413)_damaging,0,0.0,292.0,,0.0,damaging,NLGN3
P2RX2 (22953)_damaging,0,0.0,292.0,,0.0,damaging,P2RX2
PCDH19 (57526)_damaging,0,0.0,292.0,1.4142135623730983,0.0,damaging,PCDH19
PCDHB2 (56133)_damaging,0,0.0,292.0,,0.0,damaging,PCDHB2
PDCD11 (22984)_damaging,0,0.0,292.0,1.4142135623730983,0.0,damaging,PDCD11
PHKA1 (5255)_damaging,0,0.0,292.0,,0.0,damaging,PHKA1
PIGO (84720)_damaging,0,0.0,292.0,1.4142135623730983,0.0,damaging,PIGO
PIK3C2G (5288)_damaging,0,0.0,292.0,1.7320508075688772,0.0,damaging,PIK3C2G
PNISR (25957)_damaging,0,0.0,292.0,1.4142135623730983,0.0,damaging,PNISR
PSME4 (23198)_damaging,0,0.0,292.0,,0.0,damaging,PSME4
PTPN21 (11099)_damaging,0,0.0,292.0,1.4142135623730983,0.0,damaging,PTPN21
RANBP2 (5903)_damaging,0,0.0,292.0,,0.0,damaging,RANBP2
RBL2 (5934)_damaging,0,0.0,292.0,1.4142135623730983,0.0,damaging,RBL2
RBM10 (8241)_damaging,0,0.0,292.0,1.4142135623730983,0.0,damaging,RBM10
RPGR (6103)_damaging,0,0.0,292.0,1.4142135623730983,0.0,damaging,RPGR
RRBP1 (6238)_damaging,0,0.0,292.0,1.4142135623730983,0.0,damaging,RRBP1
SCAF1 (58506)_damaging,0,0.0,292.0,1.4142135623730983,0.0,damaging,SCAF1
SEC14L5 (9717)_damaging,0,0.0,292.0,,0.0,damaging,SEC14L5
SGO2 (151246)_damaging,0,0.0,292.0,1.4142135623730983,0.0,damaging,SGO2
SHROOM2 (357)_damaging,0,0.0,292.0,,0.0,damaging,SHROOM2
SKIC3 (9652)_damaging,0,0.0,292.0,1.4142135623730983,0.0,damaging,SKIC3
SLC12A1 (6557)_damaging,0,0.0,292.0,,0.0,damaging,SLC12A1
SLC3A2 (6520)_damaging,0,0.0,292.0,1.4142135623730983,0.0,damaging,SLC3A2
SLC44A5 (204962)_damaging,0,0.0,292.0,1.4142135623730983,0.0,damaging,SLC44A5
SLIT3 (6586)_damaging,0,0.0,292.0,1.7320508075688772,0.0,damaging,SLIT3
SMC2 (10592)_damaging,0,0.0,292.0,1.7320508075688772,0.0,damaging,SMC2
SNAPC4 (6621)_damaging,0,0.0,292.0,,0.0,damaging,SNAPC4
SNX19 (399979)_damaging,0,0.0,292.0,,0.0,damaging,SNX19
STXBP5L (9515)_damaging,0,0.0,292.0,,0.0,damaging,STXBP5L
SYNPO2L (79933)_damaging,0,0.0,292.0,,0.0,damaging,SYNPO2L
TAF1 (6872)_damaging,0,0.0,292.0,,0.0,damaging,TAF1
TAF1C (9013)_damaging,0,0.0,292.0,1.7320508075688772,0.0,damaging,TAF1C
TANC1 (85461)_damaging,0,0.0,292.0,,0.0,damaging,TANC1
TBC1D4 (9882)_damaging,0,0.0,292.0,,0.0,damaging,TBC1D4
TCERG1 (10915)_damaging,0,0.0,292.0,1.4142135623730983,0.0,damaging,TCERG1
TG (7038)_damaging,0,0.0,292.0,1.4142135623730983,0.0,damaging,TG
TSHZ3 (57616)_damaging,0,0.0,292.0,1.4142135623730983,0.0,damaging,TSHZ3
TTK (7272)_damaging,0,0.0,292.0,1.4142135623730983,0.0,damaging,TTK
USP14 (9097)_damaging,0,0.0,292.0,,0.0,damaging,USP14
VARS2 (57176)_damaging,0,0.0,292.0,1.7320508075688772,0.0,damaging,VARS2
VILL (50853)_damaging,0,0.0,292.0,,0.0,damaging,VILL
YTHDC2 (64848)_damaging,0,0.0,292.0,,0.0,damaging,YTHDC2
ZC3H14 (79882)_damaging,0,0.0,292.0,,0.0,damaging,ZC3H14
ZNF716 (441234)_damaging,0,0.0,292.0,,0.0,damaging,ZNF716
NDUFV3 (4731)_damaging,0,1.96204677148487e-05,292.3333333333333,0.5773502691896216,0.0,damaging,NDUFV3
ACADVL (37)_damaging,0,0.0,292.5,0.7071067811865476,0.0,damaging,ACADVL
ADAMTS18 (170692)_damaging,0,0.0,292.5,0.7071067811865476,0.0,damaging,ADAMTS18
ADAR (103)_damaging,0,0.0,292.5,0.7071067811865476,0.0,damaging,ADAR
ANKRD36C (400986)_damaging,0,0.0,292.5,0.7071067811865476,0.0,damaging,ANKRD36C
ARHGAP23 (57636)_damaging,0,0.0,292.5,0.7071067811865476,0.0,damaging,ARHGAP23
ATG2A (23130)_damaging,0,0.0,292.5,0.7071067811865476,0.0,damaging,ATG2A
ATG9B (285973)_damaging,0,0.0,292.5,0.7071067811865476,0.0,damaging,ATG9B
C2CD6 (151254)_damaging,0,0.0,292.5,0.7071067811865476,0.0,damaging,C2CD6
CCDC40 (55036)_damaging,0,0.0,292.5,0.7071067811865476,0.0,damaging,CCDC40
CEP152 (22995)_damaging,0,0.0,292.5,0.7071067811865476,0.0,damaging,CEP152
CLCN3 (1182)_damaging,0,0.0,292.5,0.7071067811865476,0.0,damaging,CLCN3
CTNND2 (1501)_damaging,0,0.0,292.5,0.7071067811865476,0.0,damaging,CTNND2
CYC1 (1537)_damaging,0,0.0,292.5,0.7071067811865476,0.0,damaging,CYC1
CYLC1 (1538)_damaging,0,0.0,292.5,0.7071067811865476,0.0,damaging,CYLC1
DENND2C (163259)_damaging,0,0.0,292.5,0.7071067811865476,0.0,damaging,DENND2C
DHX29 (54505)_damaging,0,0.0,292.5,0.7071067811865476,0.0,damaging,DHX29
DNAI3 (126820)_damaging,0,0.0,292.5,0.7071067811865476,0.0,damaging,DNAI3
GALNT13 (114805)_damaging,0,0.0,292.5,0.7071067811865476,0.0,damaging,GALNT13
GCC2 (9648)_damaging,0,0.0,292.5,0.7071067811865476,0.0,damaging,GCC2
GEMIN5 (25929)_damaging,0,0.0,292.5,0.7071067811865476,0.0,damaging,GEMIN5
GRIN2D (2906)_damaging,0,0.0,292.5,0.7071067811865476,0.0,damaging,GRIN2D
HEATR5B (54497)_damaging,0,0.0,292.5,0.7071067811865476,0.0,damaging,HEATR5B
HLA-DRB5 (3127)_damaging,0,0.0,292.5,0.7071067811865476,0.0,damaging,HLA-DRB5
IQGAP2 (10788)_damaging,0,0.0,292.5,0.7071067811865476,0.0,damaging,IQGAP2
MAN2B1 (4125)_damaging,0,0.0,292.5,0.7071067811865476,0.0,damaging,MAN2B1
MIS18BP1 (55320)_damaging,0,0.0,292.5,0.7071067811865476,0.0,damaging,MIS18BP1
NHSL1 (57224)_damaging,0,0.0,292.5,0.7071067811865476,0.0,damaging,NHSL1
NOS1 (4842)_damaging,0,0.0,292.5,0.7071067811865476,0.0,damaging,NOS1
OR4A15 (81328)_damaging,0,0.0,292.5,0.7071067811865476,0.0,damaging,OR4A15
PLEKHA5 (54477)_damaging,0,0.0,292.5,0.7071067811865476,0.0,damaging,PLEKHA5
RBM44 (375316)_damaging,0,0.0,292.5,0.7071067811865476,0.0,damaging,RBM44
RTCB (51493)_damaging,0,0.0,292.5,0.7071067811865476,0.0,damaging,RTCB
SLC28A3 (64078)_damaging,0,0.0,292.5,0.7071067811865476,0.0,damaging,SLC28A3
SMARCA1 (6594)_damaging,0,0.0,292.5,0.7071067811865476,0.0,damaging,SMARCA1
TEX10 (54881)_damaging,0,0.0,292.5,0.7071067811865476,0.0,damaging,TEX10
TJP3 (27134)_damaging,0,0.0,292.5,0.7071067811865476,0.0,damaging,TJP3
TNS2 (23371)_damaging,0,0.0,292.5,0.7071067811865476,0.0,damaging,TNS2
TOPAZ1 (375337)_damaging,0,0.0,292.5,0.7071067811865476,0.0,damaging,TOPAZ1
TTF1 (7270)_damaging,0,0.0,292.5,0.7071067811865476,0.0,damaging,TTF1
USP7 (7874)_damaging,0,0.0,292.5,0.7071067811865476,0.0,damaging,USP7
ZNF90 (7643)_damaging,0,0.0,292.5,0.7071067811865476,0.0,damaging,ZNF90
ZNRF3 (84133)_damaging,0,0.0,292.5,0.7071067811865476,0.0,damaging,ZNRF3
CORO7 (79585)_damaging,0,0.0,292.6666666666667,0.5773502691896216,0.0,damaging,CORO7
DOCK10 (55619)_damaging,0,0.0,292.6666666666667,0.5773502691896216,0.0,damaging,DOCK10
FHAD1 (114827)_damaging,0,0.0,292.6666666666667,0.5773502691896216,0.0,damaging,FHAD1
HOXB3 (3213)_damaging,0,0.0,292.6666666666667,0.5773502691896216,0.0,damaging,HOXB3
LTBP1 (4052)_damaging,0,0.0,292.6666666666667,0.5773502691896216,0.0,damaging,LTBP1
MTSS2 (92154)_damaging,0,0.0,292.6666666666667,0.5773502691896216,0.0,damaging,MTSS2
MVK (4598)_damaging,0,0.0,292.6666666666667,0.5773502691896216,0.0,damaging,MVK
MYO3A (53904)_damaging,0,0.0,292.6666666666667,0.5773502691896216,0.0,damaging,MYO3A
NLRP7 (199713)_damaging,0,0.0,292.6666666666667,0.5773502691896216,0.0,damaging,NLRP7
PALM2AKAP2 (445815)_damaging,0,0.0,292.6666666666667,0.5773502691896216,0.0,damaging,PALM2AKAP2
PROX1 (5629)_damaging,0,0.0,292.6666666666667,0.5773502691896216,0.0,damaging,PROX1
PSD (5662)_damaging,0,0.0,292.6666666666667,0.5773502691896216,0.0,damaging,PSD
SLC16A12 (387700)_damaging,0,0.0,292.6666666666667,0.5773502691896216,0.0,damaging,SLC16A12
SLIT2 (9353)_damaging,0,0.0,292.6666666666667,0.5773502691896216,0.0,damaging,SLIT2
TEAD2 (8463)_damaging,0,0.0,292.6666666666667,0.5773502691896216,0.0,damaging,TEAD2
TRIP12 (9320)_damaging,0,0.0,292.6666666666667,0.5773502691896216,0.0,damaging,TRIP12
TSC1 (7248)_damaging,0,0.0,292.6666666666667,0.5773502691896216,0.0,damaging,TSC1
USP8 (9101)_damaging,0,0.0,292.6666666666667,0.5773502691896216,0.0,damaging,USP8
WNT16 (51384)_damaging,0,0.0,292.6666666666667,0.5773502691896216,0.0,damaging,WNT16
ZMYM1 (79830)_damaging,0,0.0,292.6666666666667,0.5773502691896216,0.0,damaging,ZMYM1
ZNF521 (25925)_damaging,0,0.0,292.6666666666667,0.5773502691896216,0.0,damaging,ZNF521
ABCA1 (19)_damaging,0,0.0,293.0,0.0,0.0,damaging,ABCA1
ABCC5 (10057)_damaging,0,0.0,293.0,,0.0,damaging,ABCC5
ADAM18 (8749)_damaging,0,0.0,293.0,,0.0,damaging,ADAM18
ADGRD2 (347088)_damaging,0,0.0,293.0,,0.0,damaging,ADGRD2
ADNP (23394)_damaging,0,0.0,293.0,,0.0,damaging,ADNP
ALS2 (57679)_damaging,0,0.0,293.0,,0.0,damaging,ALS2
ANKRD13B (124930)_damaging,0,0.0,293.0,,0.0,damaging,ANKRD13B
ANKRD36 (375248)_damaging,0,0.0,293.0,0.0,0.0,damaging,ANKRD36
ANO5 (203859)_damaging,0,0.0,293.0,,0.0,damaging,ANO5
AOPEP (84909)_damaging,0,0.0,293.0,,0.0,damaging,AOPEP
ARAP3 (64411)_damaging,0,0.0,293.0,,0.0,damaging,ARAP3
ARHGAP33 (115703)_damaging,0,0.0,293.0,,0.0,damaging,ARHGAP33
ARHGEF11 (9826)_damaging,0,0.0,293.0,,0.0,damaging,ARHGEF11
BBS9 (27241)_damaging,0,0.0,293.0,,0.0,damaging,BBS9
BRD10 (158358)_damaging,0,0.0,293.0,,0.0,damaging,BRD10
C2CD5 (9847)_damaging,0,0.0,293.0,0.0,0.0,damaging,C2CD5
CACNA1F (778)_damaging,0,0.0,293.0,0.0,0.0,damaging,CACNA1F
CCDC112 (153733)_damaging,0,0.0,293.0,,0.0,damaging,CCDC112
CCDC187 (399693)_damaging,0,0.0,293.0,,0.0,damaging,CCDC187
CCDC88C (440193)_damaging,0,0.0,293.0,,0.0,damaging,CCDC88C
CDC14A (8556)_damaging,0,0.0,293.0,,0.0,damaging,CDC14A
CDON (50937)_damaging,0,0.0,293.0,,0.0,damaging,CDON
CHD1L (9557)_damaging,0,0.0,293.0,,0.0,damaging,CHD1L
CHERP (10523)_damaging,0,0.0,293.0,,0.0,damaging,CHERP
CHSY3 (337876)_damaging,0,0.0,293.0,0.0,0.0,damaging,CHSY3
COL17A1 (1308)_damaging,0,0.0,293.0,,0.0,damaging,COL17A1
CPXM2 (119587)_damaging,0,0.0,293.0,,0.0,damaging,CPXM2
CTC1 (80169)_damaging,0,0.0,293.0,,0.0,damaging,CTC1
DAB2IP (153090)_damaging,0,0.0,293.0,,0.0,damaging,DAB2IP
DENND4B (9909)_damaging,0,0.0,293.0,,0.0,damaging,DENND4B
DVL1 (1855)_damaging,0,0.0,293.0,,0.0,damaging,DVL1
EGF (1950)_damaging,0,0.0,293.0,,0.0,damaging,EGF
ETV6 (2120)_damaging,0,0.0,293.0,,0.0,damaging,ETV6
FBRS (64319)_damaging,0,0.0,293.0,0.0,0.0,damaging,FBRS
FILIP1L (11259)_damaging,0,0.0,293.0,,0.0,damaging,FILIP1L
FOXN3 (1112)_damaging,0,0.0,293.0,0.0,0.0,damaging,FOXN3
FUBP1 (8880)_damaging,0,0.0,293.0,,0.0,damaging,FUBP1
GBP1 (2633)_damaging,0,0.0,293.0,,0.0,damaging,GBP1
GCN1 (10985)_damaging,0,0.0,293.0,0.0,0.0,damaging,GCN1
GNAS (2778)_damaging,0,0.0,293.0,,0.0,damaging,GNAS
GPC2 (221914)_damaging,0,0.0,293.0,,0.0,damaging,GPC2
GRIN3A (116443)_damaging,0,0.0,293.0,,0.0,damaging,GRIN3A
HAND2 (9464)_damaging,0,0.0,293.0,0.0,0.0,damaging,HAND2
HECTD1 (25831)_damaging,0,0.0,293.0,,0.0,damaging,HECTD1
HIP1R (9026)_damaging,0,0.0,293.0,0.0,0.0,damaging,HIP1R
IGSF9 (57549)_damaging,0,0.0,293.0,,0.0,damaging,IGSF9
IRS2 (8660)_damaging,0,0.0,293.0,,0.0,damaging,IRS2
ITGA1 (3672)_damaging,0,0.0,293.0,,0.0,damaging,ITGA1
ITGAM (3684)_damaging,0,0.0,293.0,,0.0,damaging,ITGAM
JHY (79864)_damaging,0,0.0,293.0,,0.0,damaging,JHY
KANSL1L (151050)_damaging,0,0.0,293.0,,0.0,damaging,KANSL1L
KCNQ2 (3785)_damaging,0,0.0,293.0,,0.0,damaging,KCNQ2
KLHDC7B (113730)_damaging,0,0.0,293.0,,0.0,damaging,KLHDC7B
LHCGR (3973)_damaging,0,0.0,293.0,,0.0,damaging,LHCGR
LIFR (3977)_damaging,0,0.0,293.0,,0.0,damaging,LIFR
LRRIQ3 (127255)_damaging,0,0.0,293.0,,0.0,damaging,LRRIQ3
MCM3AP (8888)_damaging,0,0.0,293.0,,0.0,damaging,MCM3AP
MTCL2 (140710)_damaging,0,0.0,293.0,,0.0,damaging,MTCL2
MTMR3 (8897)_damaging,0,0.0,293.0,0.0,0.0,damaging,MTMR3
MUC6 (4588)_damaging,0,0.0,293.0,,0.0,damaging,MUC6
MYO10 (4651)_damaging,0,0.0,293.0,0.0,0.0,damaging,MYO10
MYRFL (196446)_damaging,0,0.0,293.0,,0.0,damaging,MYRFL
NAA25 (80018)_damaging,0,0.0,293.0,0.0,0.0,damaging,NAA25
NAA35 (60560)_damaging,0,0.0,293.0,,0.0,damaging,NAA35
NDST4 (64579)_damaging,0,0.0,293.0,,0.0,damaging,NDST4
NKTR (4820)_damaging,0,0.0,293.0,,0.0,damaging,NKTR
NLRP8 (126205)_damaging,0,0.0,293.0,,0.0,damaging,NLRP8
NOP58 (51602)_damaging,0,0.0,293.0,,0.0,damaging,NOP58
OR51E2 (81285)_damaging,0,0.0,293.0,,0.0,damaging,OR51E2
PAPPA (5069)_damaging,0,0.0,293.0,,0.0,damaging,PAPPA
PASK (23178)_damaging,0,0.0,293.0,,0.0,damaging,PASK
PAX2 (5076)_damaging,0,0.0,293.0,,0.0,damaging,PAX2
PAX6 (5080)_damaging,0,0.0,293.0,,0.0,damaging,PAX6
PCDH17 (27253)_damaging,0,0.0,293.0,,0.0,damaging,PCDH17
PCDHB6 (56130)_damaging,0,0.0,293.0,,0.0,damaging,PCDHB6
PDE6C (5146)_damaging,0,0.0,293.0,,0.0,damaging,PDE6C
PHF21A (51317)_damaging,0,0.0,293.0,,0.0,damaging,PHF21A
PHLDB1 (23187)_damaging,0,0.0,293.0,,0.0,damaging,PHLDB1
PIWIL1 (9271)_damaging,0,0.0,293.0,,0.0,damaging,PIWIL1
PLEKHM1 (9842)_damaging,0,0.0,293.0,,0.0,damaging,PLEKHM1
PPP1R10 (5514)_damaging,0,0.0,293.0,,0.0,damaging,PPP1R10
PPP2R3B (28227)_damaging,0,0.0,293.0,,0.0,damaging,PPP2R3B
PRAG1 (157285)_damaging,0,0.0,293.0,,0.0,damaging,PRAG1
PTH2R (5746)_damaging,0,0.0,293.0,,0.0,damaging,PTH2R
PTK7 (5754)_damaging,0,0.0,293.0,,0.0,damaging,PTK7
PTPRN (5798)_damaging,0,0.0,293.0,,0.0,damaging,PTPRN
PYHIN1 (149628)_damaging,0,0.0,293.0,0.0,0.0,damaging,PYHIN1
RASAL2 (9462)_damaging,0,0.0,293.0,,0.0,damaging,RASAL2
REXO1 (57455)_damaging,0,0.0,293.0,,0.0,damaging,REXO1
RLF (6018)_damaging,0,0.0,293.0,,0.0,damaging,RLF
ROBO4 (54538)_damaging,0,0.0,293.0,,0.0,damaging,ROBO4
RUNX1 (861)_damaging,0,0.0,293.0,0.0,0.0,damaging,RUNX1
SALL4 (57167)_damaging,0,0.0,293.0,0.0,0.0,damaging,SALL4
SDK1 (221935)_damaging,0,0.0,293.0,0.0,0.0,damaging,SDK1
SEC16A (9919)_damaging,0,0.0,293.0,0.0,0.0,damaging,SEC16A
SEC31B (25956)_damaging,0,0.0,293.0,,0.0,damaging,SEC31B
SGO1 (151648)_damaging,0,0.0,293.0,,0.0,damaging,SGO1
SLC9C2 (284525)_damaging,0,0.0,293.0,,0.0,damaging,SLC9C2
SPAG6 (9576)_damaging,0,0.0,293.0,,0.0,damaging,SPAG6
SPAG9 (9043)_damaging,0,0.0,293.0,,0.0,damaging,SPAG9
SPOCD1 (90853)_damaging,0,0.0,293.0,,0.0,damaging,SPOCD1
SSH2 (85464)_damaging,0,0.0,293.0,,0.0,damaging,SSH2
TEX11 (56159)_damaging,0,0.0,293.0,,0.0,damaging,TEX11
TEX14 (56155)_damaging,0,0.0,293.0,,0.0,damaging,TEX14
THBS2 (7058)_damaging,0,0.0,293.0,,0.0,damaging,THBS2
TMC8 (147138)_damaging,0,0.0,293.0,,0.0,damaging,TMC8
TOP2B (7155)_damaging,0,0.0,293.0,,0.0,damaging,TOP2B
TRAPPC8 (22878)_damaging,0,0.0,293.0,,0.0,damaging,TRAPPC8
TTC28 (23331)_damaging,0,0.0,293.0,,0.0,damaging,TTC28
TTLL6 (284076)_damaging,0,0.0,293.0,,0.0,damaging,TTLL6
TUBGCP2 (10844)_damaging,0,0.0,293.0,,0.0,damaging,TUBGCP2
UBR2 (23304)_damaging,0,0.0,293.0,,0.0,damaging,UBR2
UGT2B4 (7363)_damaging,0,0.0,293.0,,0.0,damaging,UGT2B4
ULK1 (8408)_damaging,0,0.0,293.0,,0.0,damaging,ULK1
USP19 (10869)_damaging,0,0.0,293.0,,0.0,damaging,USP19
VWA5B2 (90113)_damaging,0,0.0,293.0,,0.0,damaging,VWA5B2
WDR75 (84128)_damaging,0,0.0,293.0,,0.0,damaging,WDR75
WWOX (51741)_damaging,0,0.0,293.0,,0.0,damaging,WWOX
XPO4 (64328)_damaging,0,0.0,293.0,,0.0,damaging,XPO4
XPO7 (23039)_damaging,0,0.0,293.0,,0.0,damaging,XPO7
ZBED4 (9889)_damaging,0,0.0,293.0,,0.0,damaging,ZBED4
ZNF331 (55422)_damaging,0,0.0,293.0,,0.0,damaging,ZNF331
ZNF735 (730291)_damaging,0,0.0,293.0,,0.0,damaging,ZNF735
ZSWIM5 (57643)_damaging,0,0.0,293.0,,0.0,damaging,ZSWIM5
