feature,n_folds_selected,mean_importance,mean_rank,rank_std,selection_freq,kind,gene
TP53 (7157)_damaging,5,0.31715302493258324,1.0,0.0,1.0,damaging,TP53
BRAF (673)_hotspot,5,0.0636421248174707,2.0,0.0,1.0,hotspot,BRAF
ID3 (3399)_damaging,5,0.04051558448271154,3.0,0.0,1.0,damaging,ID3
KRAS (3845)_hotspot,5,0.02294734188662446,4.8,1.3038404810405297,1.0,hotspot,KRAS
PIK3CA (5290)_hotspot,5,0.018675347080726146,6.0,1.5811388300841898,1.0,hotspot,PIK3CA
TERT (7015)_hotspot,5,0.016599714262492488,7.8,2.588435821108957,1.0,hotspot,TERT
RB1 (5925)_damaging,5,0.014677944921329908,8.8,3.8987177379235853,1.0,damaging,RB1
SLK (9748)_damaging,5,0.01142815250951044,11.6,2.3021728866442674,1.0,damaging,SLK
TP53 (7157)_hotspot,5,0.01230235954270444,13.6,7.893034904268446,1.0,hotspot,TP53
TTN (7273)_damaging,5,0.009234727832972587,15.0,3.391164991562634,1.0,damaging,TTN
VHL (7428)_damaging,5,0.009421601058393186,15.0,3.082207001484488,1.0,damaging,VHL
PDS5B (23047)_damaging,5,0.010772918158743625,15.2,8.5848704125339,1.0,damaging,PDS5B
BAP1 (8314)_damaging,5,0.010256857576926267,15.8,6.496152707564686,1.0,damaging,BAP1
RAD50 (10111)_damaging,5,0.00955592151248684,16.2,6.572670690061994,1.0,damaging,RAD50
LINC02900 (340073)_damaging,5,0.00812896811249957,18.8,5.06951674225463,1.0,damaging,LINC02900
PTEN (5728)_damaging,5,0.007197657959461215,21.6,4.219004621945798,1.0,damaging,PTEN
SIN3A (25942)_damaging,5,0.00865289085269845,21.6,13.315404612703288,1.0,damaging,SIN3A
KMT2B (9757)_damaging,5,0.006892612294990162,22.4,9.07193474403338,1.0,damaging,KMT2B
NRAS (4893)_hotspot,5,0.006637759047423503,22.8,3.96232255123179,1.0,hotspot,NRAS
LRP1B (53353)_damaging,5,0.0069162812014476275,23.6,8.96102672688794,1.0,damaging,LRP1B
NF2 (4771)_damaging,5,0.007668014163580447,23.6,10.96813566655701,1.0,damaging,NF2
ARID1A (8289)_damaging,5,0.006280058071472391,23.8,1.6431676725154984,1.0,damaging,ARID1A
TYRO3 (7301)_damaging,5,0.0053476142169388155,27.6,5.727128425310542,1.0,damaging,TYRO3
NF1 (4763)_damaging,5,0.005454489376263752,28.6,9.370165420097983,1.0,damaging,NF1
CDKN2A (1029)_damaging,5,0.005266459023406286,29.4,6.58027355054484,1.0,damaging,CDKN2A
LINC02138 (400558)_damaging,5,0.005431644394588928,31.0,7.968688725254614,1.0,damaging,LINC02138
KMT2D (8085)_damaging,5,0.0044626083091780875,35.0,4.472135954999579,1.0,damaging,KMT2D
SMARCA4 (6597)_damaging,5,0.0036604335268537215,42.8,2.3874672772626644,1.0,damaging,SMARCA4
ASXL1 (171023)_damaging,4,0.010357289221117377,21.6,24.378269011560274,0.8,damaging,ASXL1
DGKH (160851)_damaging,4,0.008377371169730998,24.4,19.03417978269618,0.8,damaging,DGKH
CREBBP (1387)_damaging,4,0.010514414164719422,26.2,25.781776509775273,0.8,damaging,CREBBP
BCOR (54880)_damaging,4,0.007762635715760471,31.0,34.285565475867536,0.8,damaging,BCOR
SYNE1 (23345)_damaging,4,0.004442440248322933,36.4,12.856904759700138,0.8,damaging,SYNE1
BRCA2 (675)_damaging,4,0.004290168180192128,42.6,23.028243528328424,0.8,damaging,BRCA2
RPL22 (6146)_damaging,4,0.004332023398612111,44.8,26.508489206290125,0.8,damaging,RPL22
PBRM1 (55193)_damaging,4,0.003377562460608531,48.2,13.917614738165446,0.8,damaging,PBRM1
CMYA5 (202333)_damaging,4,0.003683420982487866,64.4,66.36113320310315,0.8,damaging,CMYA5
SDHA (6389)_damaging,3,0.004595651494465456,44.0,18.35755975068582,0.6,damaging,SDHA
PCLO (27445)_damaging,3,0.004090676802904035,44.2,15.738487856207787,0.6,damaging,PCLO
EZH2 (2146)_hotspot,3,0.0046217722119644465,44.25,23.683679331275084,0.6,hotspot,EZH2
JAKMIP3 (282973)_damaging,3,0.0033565563050324348,45.2,7.758865896508329,0.6,damaging,JAKMIP3
KNOP1 (400506)_damaging,3,0.005037421750773763,49.2,39.092198710228615,0.6,damaging,KNOP1
EP300 (2033)_damaging,3,0.0036736149591695432,49.6,21.054690688775267,0.6,damaging,EP300
HLA-A (3105)_damaging,3,0.003314559198867044,49.6,17.924843095547587,0.6,damaging,HLA-A
PTEN (5728)_hotspot,3,0.002930274514181278,57.6,27.546324618721822,0.6,hotspot,PTEN
TET2 (54790)_damaging,3,0.0029213447110576626,64.8,39.713977388320096,0.6,damaging,TET2
ABCA9 (10350)_damaging,3,0.0030418022666048117,161.2,250.53183430454501,0.6,damaging,ABCA9
FSIP2 (401024)_damaging,2,0.002932314894616859,53.8,9.338094023943002,0.4,damaging,FSIP2
EP400 (57634)_damaging,2,0.002929024402132073,56.6,14.842506526863984,0.4,damaging,EP400
COL7A1 (1294)_damaging,2,0.003292364910103944,59.2,28.03034070431539,0.4,damaging,COL7A1
CCDST (112268240)_damaging,2,0.0027586221688336134,60.6,27.134848442547085,0.4,damaging,CCDST
BLTP1 (84162)_damaging,2,0.002722418372687922,61.2,24.221890925359236,0.4,damaging,BLTP1
MUC19 (283463)_damaging,2,0.0028905732248922867,62.6,35.64828186603108,0.4,damaging,MUC19
MGA (23269)_damaging,2,0.0026179314389495182,63.0,22.726636354727024,0.4,damaging,MGA
GNA13 (10672)_damaging,2,0.0026718235817140084,63.2,22.353970564532826,0.4,damaging,GNA13
STAG2 (10735)_damaging,2,0.002659799204336823,63.8,28.490349243208655,0.4,damaging,STAG2
HERC1 (8925)_damaging,2,0.00286163138549074,73.0,43.16827538829875,0.4,damaging,HERC1
CEP126 (57562)_damaging,2,0.002203114617504462,109.4,82.2180028947432,0.4,damaging,CEP126
MYC (4609)_hotspot,1,0.004870162402806659,31.0,,0.2,hotspot,MYC
MUC2 (4583)_damaging,1,0.0032737742947311532,47.0,,0.2,damaging,MUC2
MUC4 (4585)_damaging,1,0.00262016507408577,59.0,9.246621004453464,0.2,damaging,MUC4
SPATA22 (84690)_damaging,1,0.0026421514355359976,61.0,16.73320053068151,0.2,damaging,SPATA22
STK11 (6794)_damaging,1,0.002725853528236631,62.6,24.84552273549502,0.2,damaging,STK11
KDM6A (7403)_damaging,1,0.0023410788278277394,66.8,19.123284236762263,0.2,damaging,KDM6A
MUC16 (94025)_damaging,1,0.0023255610389077675,67.8,19.954949260772377,0.2,damaging,MUC16
MYRF (745)_damaging,1,0.002059056189734485,94.0,64.64518543557594,0.2,damaging,MYRF
PITX1 (5307)_damaging,1,0.001736407890682034,94.2,40.75168708164117,0.2,damaging,PITX1
FBN1 (2200)_damaging,1,0.0018466931717672798,94.6,41.644927662321614,0.2,damaging,FBN1
QKI (9444)_damaging,1,0.0019157321033904796,99.0,60.79884867330959,0.2,damaging,QKI
NUP214 (8021)_damaging,1,0.001674776404001865,108.6,55.91779680924491,0.2,damaging,NUP214
GOLGA4 (2803)_damaging,1,0.0017640895976066956,108.8,60.569794452350585,0.2,damaging,GOLGA4
DDX3X (1654)_damaging,1,0.001759111952692402,115.8,61.385666079305516,0.2,damaging,DDX3X
ABCA12 (26154)_damaging,1,0.002245323052781187,120.4,138.73824274510616,0.2,damaging,ABCA12
PRKDC (5591)_damaging,1,0.0014194454918574268,128.2,85.27133164200029,0.2,damaging,PRKDC
FASN (2194)_damaging,1,0.0011412539506453548,146.0,57.73214009544424,0.2,damaging,FASN
LARP1 (23367)_damaging,1,0.001390923006479357,152.6,98.98131136734852,0.2,damaging,LARP1
ZNF106 (64397)_damaging,1,0.0013256033744326486,182.0,140.53113534018004,0.2,damaging,ZNF106
ADGRL2 (23266)_damaging,1,0.0013943546796731125,198.4,165.90750435106906,0.2,damaging,ADGRL2
LARP4B (23185)_damaging,1,0.0015674666006652773,202.2,263.1429269427548,0.2,damaging,LARP4B
ROBO2 (6092)_damaging,1,0.0012241004827826046,311.0,258.74698065871223,0.2,damaging,ROBO2
CDKN2A (1029)_hotspot,0,0.002412708183795781,62.6,4.393176527297759,0.0,hotspot,CDKN2A
KMT2C (58508)_damaging,0,0.002413801132182122,63.8,9.808159868191382,0.0,damaging,KMT2C
NFE2L2 (4780)_hotspot,0,0.002381602526972661,70.0,28.89636655359978,0.0,hotspot,NFE2L2
RYR2 (6262)_damaging,0,0.0021050662049734974,73.4,12.778888840583909,0.0,damaging,RYR2
FIP1L1 (81608)_damaging,0,0.0017768935996054476,79.0,,0.0,damaging,FIP1L1
SPANXN4 (441525)_damaging,0,0.0019244207459578715,79.0,10.723805294763608,0.0,damaging,SPANXN4
SPTBN5 (51332)_damaging,0,0.001720011414821545,88.6,26.159128425847832,0.0,damaging,SPTBN5
BRWD1 (54014)_damaging,0,0.001842557638409328,92.0,44.73812691653507,0.0,damaging,BRWD1
APC (324)_damaging,0,0.0016069262646678552,96.4,36.7464283978729,0.0,damaging,APC
CSMD3 (114788)_damaging,0,0.0014450176103800662,99.2,27.086897201414562,0.0,damaging,CSMD3
ATR (545)_damaging,0,0.0015277283221346593,102.0,35.61600763701625,0.0,damaging,ATR
FCGBP (8857)_damaging,0,0.0014261133739260686,104.2,25.713809519400275,0.0,damaging,FCGBP
CTNNB1 (1499)_hotspot,0,0.0012855603415591835,106.0,19.45507645834372,0.0,hotspot,CTNNB1
SMAD4 (4089)_damaging,0,0.0012817481662381874,108.2,18.19890106572372,0.0,damaging,SMAD4
OBSCN (84033)_damaging,0,0.0015412653482160827,109.0,51.95190083144215,0.0,damaging,OBSCN
ZNF729 (100287226)_damaging,0,0.0012177071198221437,110.8,27.23416971379888,0.0,damaging,ZNF729
NEB (4703)_damaging,0,0.0012948694500894337,113.0,36.776351096866584,0.0,damaging,NEB
NOTCH1 (4851)_damaging,0,0.0011607080600843627,116.4,27.10719461692781,0.0,damaging,NOTCH1
RHBDF2 (79651)_damaging,0,0.0010876375696881766,116.5,19.091883092036785,0.0,damaging,RHBDF2
SMARCB1 (6598)_damaging,0,0.001573724382612647,119.25,85.90062087474494,0.0,damaging,SMARCB1
BCORL1 (63035)_damaging,0,0.0010873655702340237,121.8,27.64416755845616,0.0,damaging,BCORL1
FBXW7 (55294)_damaging,0,0.0010977507405108928,124.8,34.21549356651165,0.0,damaging,FBXW7
SMAD4 (4089)_hotspot,0,0.0011571225338380994,126.2,49.706136442093346,0.0,hotspot,SMAD4
PEG3 (5178)_damaging,0,0.0015779235352471727,126.6,83.05901516391825,0.0,damaging,PEG3
BTAF1 (9044)_damaging,0,0.0010498519740244788,127.0,,0.0,damaging,BTAF1
FN1 (2335)_damaging,0,0.0012133697486200125,127.8,50.74150175152485,0.0,damaging,FN1
ATP13A5 (344905)_damaging,0,0.0013264668433646458,129.66666666666666,79.50052410728708,0.0,damaging,ATP13A5
MACF1 (23499)_damaging,0,0.0011223416567413842,130.8,58.84471089231385,0.0,damaging,MACF1
FAT1 (2195)_damaging,0,0.000900511900541599,132.6,22.744230037528197,0.0,damaging,FAT1
PIK3R1 (5295)_damaging,0,0.0013069444558121413,133.6,95.88691255849257,0.0,damaging,PIK3R1
IRF8 (3394)_damaging,0,0.0013147202239012427,134.0,87.79521627059188,0.0,damaging,IRF8
MSH3 (4437)_damaging,0,0.001311008038250919,137.0,105.5533040695553,0.0,damaging,MSH3
CELSR3 (1951)_damaging,0,0.0008838161757286276,137.4,28.970674828177547,0.0,damaging,CELSR3
ZFHX4 (79776)_damaging,0,0.0009714814673875928,138.4,52.56709997707692,0.0,damaging,ZFHX4
ESCO1 (114799)_damaging,0,0.000764881338952948,140.0,,0.0,damaging,ESCO1
BLTP3B (23074)_damaging,0,0.0012902977209158562,142.0,105.55567251455508,0.0,damaging,BLTP3B
HMCN1 (83872)_damaging,0,0.0010309712054756644,142.0,54.8270006474912,0.0,damaging,HMCN1
SPAG8 (26206)_damaging,0,0.000801138814272356,144.8,24.99399927982715,0.0,damaging,SPAG8
ARID2 (196528)_damaging,0,0.0009037380279368554,145.0,50.12484413940855,0.0,damaging,ARID2
DNAH7 (56171)_damaging,0,0.0008911829445440531,145.4,53.10178904707449,0.0,damaging,DNAH7
DNAH5 (1767)_damaging,0,0.0008241388328120768,145.8,39.17524728703062,0.0,damaging,DNAH5
BCL9L (283149)_damaging,0,0.0008524981081989956,148.2,45.92602747897973,0.0,damaging,BCL9L
TNRC6C (57690)_damaging,0,0.0012692912037695447,151.2,114.68958104378967,0.0,damaging,TNRC6C
MIA2 (4253)_damaging,0,0.0007996014737620018,153.0,35.08560958569767,0.0,damaging,MIA2
PCDH15 (65217)_damaging,0,0.001018736049384901,155.2,68.34983540580035,0.0,damaging,PCDH15
C2orf81 (388963)_hotspot,0,0.0010402335107124513,155.8,88.981458742819,0.0,hotspot,C2orf81
ANKRD11 (29123)_damaging,0,0.0010002894382922765,156.4,77.12522285219019,0.0,damaging,ANKRD11
AJUBA (84962)_damaging,0,0.0012970628924049892,157.4,119.68834529727613,0.0,damaging,AJUBA
GSE1 (23199)_damaging,0,0.0007839459924727842,160.6,66.9238373077934,0.0,damaging,GSE1
CUX2 (23316)_damaging,0,0.0012895305832775492,163.8,161.38525335358247,0.0,damaging,CUX2
SPEN (23013)_damaging,0,0.0007620993237358845,163.8,56.685095042700596,0.0,damaging,SPEN
USH2A (7399)_damaging,0,0.0008399430025190339,164.4,95.69900730937599,0.0,damaging,USH2A
MYH2 (4620)_damaging,0,0.0007168815723272708,166.0,58.18934610390462,0.0,damaging,MYH2
SCAF4 (57466)_damaging,0,0.001350857616223871,167.6,107.38621885512126,0.0,damaging,SCAF4
ADAMTS18 (170692)_damaging,0,0.0005096150522608838,169.0,,0.0,damaging,ADAMTS18
ZFHX3 (463)_damaging,0,0.001019569382810036,170.0,123.03454799364283,0.0,damaging,ZFHX3
IPO7 (10527)_damaging,0,0.0009483391928182581,170.5,128.66105341814463,0.0,damaging,IPO7
CLASP1 (23332)_damaging,0,0.000616159514844419,171.0,50.91168824543142,0.0,damaging,CLASP1
DNAH12 (201625)_damaging,0,0.0008414412689332892,171.0,68.7713603180859,0.0,damaging,DNAH12
CTCF (10664)_damaging,0,0.0007698845520836852,175.0,80.29632619242302,0.0,damaging,CTCF
RB1 (5925)_hotspot,0,0.0007774459954712645,176.0,71.40028011149536,0.0,hotspot,RB1
CIC (23152)_damaging,0,0.0008172661771422586,178.2,92.25074525444225,0.0,damaging,CIC
PTPN13 (5783)_damaging,0,0.0007774108029409765,179.4,92.52729327068852,0.0,damaging,PTPN13
KMT2A (4297)_damaging,0,0.0008574211657635172,180.4,106.11927251918004,0.0,damaging,KMT2A
OR51E2 (81285)_damaging,0,0.0013391097823766242,180.5,164.75588001646557,0.0,damaging,OR51E2
XIRP2 (129446)_damaging,0,0.0006953502946471591,184.2,79.14985786468603,0.0,damaging,XIRP2
ECT2L (345930)_damaging,0,0.000731189741834903,184.4,79.54118430096449,0.0,damaging,ECT2L
CCND3 (896)_damaging,0,0.0006928984161939623,185.0,74.31016081263719,0.0,damaging,CCND3
HLA-B (3106)_damaging,0,0.000515489594903402,187.2,28.8911751232102,0.0,damaging,HLA-B
ASXL2 (55252)_damaging,0,0.0006971049447497787,189.0,86.33944637302234,0.0,damaging,ASXL2
BEND4 (389206)_damaging,0,0.0005139534936318238,189.33333333333334,50.846173241782246,0.0,damaging,BEND4
RHOA (387)_hotspot,0,0.0005852258809234312,189.4,62.51639784888442,0.0,hotspot,RHOA
ZMYM3 (9203)_damaging,0,0.0005971706278756546,191.4,70.11633190633977,0.0,damaging,ZMYM3
KIAA1217 (56243)_damaging,0,0.0004554113446891053,192.5,21.920310216782973,0.0,damaging,KIAA1217
ITGA1 (3672)_damaging,0,0.00043363975674892485,194.0,,0.0,damaging,ITGA1
LAMA5 (3911)_damaging,0,0.0006879282904891388,194.2,107.39506506353074,0.0,damaging,LAMA5
SSUH2 (51066)_damaging,0,0.0006058865813945378,194.5,91.21677477306463,0.0,damaging,SSUH2
MEGF6 (1953)_damaging,0,0.0008440287378394798,195.2,141.80338500896232,0.0,damaging,MEGF6
IGFN1 (91156)_damaging,0,0.0005532984775377446,195.6,57.55258465090861,0.0,damaging,IGFN1
DOT1L (84444)_damaging,0,0.0009591398518266917,195.66666666666666,127.52385397772973,0.0,damaging,DOT1L
SVIL (6840)_damaging,0,0.0008321651306555519,196.6,119.55459004153708,0.0,damaging,SVIL
VHL (7428)_hotspot,0,0.0004760063685761317,197.25,17.23127002477376,0.0,hotspot,VHL
TRMT9B (57604)_damaging,0,0.000641187277726042,197.8,87.37104783622547,0.0,damaging,TRMT9B
ADGRV1 (84059)_damaging,0,0.0006793250290572445,198.2,86.2478985251235,0.0,damaging,ADGRV1
TGFBR2 (7048)_damaging,0,0.0004920578392227624,199.4,51.78609852074203,0.0,damaging,TGFBR2
DENND4C (55667)_damaging,0,0.0005974306797248057,199.5,79.97708005005768,0.0,damaging,DENND4C
LRP1 (4035)_damaging,0,0.0012627026441141803,200.0,240.71040692084753,0.0,damaging,LRP1
FHOD3 (80206)_damaging,0,0.0005856612339566617,201.0,77.59295500666711,0.0,damaging,FHOD3
PTPRC (5788)_damaging,0,0.0014212396001391744,201.0,231.4508587151925,0.0,damaging,PTPRC
ARHGEF28 (64283)_damaging,0,0.0007710809221562218,201.4,168.8143951207953,0.0,damaging,ARHGEF28
TERT (7015)_damaging,0,0.0004922680593210095,201.66666666666666,63.81483631047981,0.0,damaging,TERT
PIK3R1 (5295)_hotspot,0,0.0007787943668965075,202.8,149.68366644360367,0.0,hotspot,PIK3R1
AKAP6 (9472)_damaging,0,0.0010417306317371156,203.2,175.32170430383113,0.0,damaging,AKAP6
FLG (2312)_damaging,0,0.0008287794165094578,203.6,137.20532059654246,0.0,damaging,FLG
ZNF518A (9849)_damaging,0,0.001012456386031963,203.8,162.4521468002193,0.0,damaging,ZNF518A
HDAC2 (3066)_damaging,0,0.0007198579943649861,204.33333333333334,122.9200282026218,0.0,damaging,HDAC2
MT-ND4 (4538)_damaging,0,0.001252478456293294,204.6,231.6728296542346,0.0,damaging,MT-ND4
APC (324)_hotspot,0,0.0005048210615634157,205.4,66.58678547579844,0.0,hotspot,APC
CFAP46 (54777)_damaging,0,0.0004686127858089745,205.6,68.42002630809199,0.0,damaging,CFAP46
DOCK2 (1794)_damaging,0,0.0006653834349509714,206.0,151.60310023215226,0.0,damaging,DOCK2
PKHD1L1 (93035)_damaging,0,0.0005425088472283104,206.8,91.00934018000571,0.0,damaging,PKHD1L1
ABCA13 (154664)_damaging,0,0.00041805941415642484,207.8,20.535335400231478,0.0,damaging,ABCA13
VPS13C (54832)_damaging,0,0.0006151323390342691,208.0,82.89149534180211,0.0,damaging,VPS13C
MMUT (4594)_damaging,0,0.0004183091360372012,208.25,39.42397747564292,0.0,damaging,MMUT
DST (667)_damaging,0,0.0004397610777952912,208.6,40.90598978144888,0.0,damaging,DST
KANSL1 (284058)_damaging,0,0.0004673594032823909,209.0,58.40662062928597,0.0,damaging,KANSL1
CCDC168 (643677)_damaging,0,0.0004921067857901702,211.6,60.384600685936476,0.0,damaging,CCDC168
COL11A2 (1302)_damaging,0,0.0005206316401940974,212.8,93.67603749091867,0.0,damaging,COL11A2
TMEM245 (23731)_damaging,0,0.0006505120359878633,213.2,105.58030119297823,0.0,damaging,TMEM245
MKI67 (4288)_damaging,0,0.0005403386478125792,213.6,90.22915271684646,0.0,damaging,MKI67
CREBBP (1387)_hotspot,0,0.0006810459960059412,217.8,128.49396873005364,0.0,hotspot,CREBBP
LAMB4 (22798)_damaging,0,0.0005523556142126051,220.4,112.03258454574723,0.0,damaging,LAMB4
CDH1 (999)_damaging,0,0.000457334238011944,222.4,89.84597932016769,0.0,damaging,CDH1
INO80D (54891)_damaging,0,0.0008126156762145367,223.2,133.21674068974966,0.0,damaging,INO80D
NSD2 (7468)_damaging,0,0.0005933214529607843,223.2,150.24879367236198,0.0,damaging,NSD2
RP1 (6101)_damaging,0,0.0004312129233596541,223.6,72.76881200074658,0.0,damaging,RP1
KALRN (8997)_damaging,0,0.0004608850797734569,224.4,85.13107540728004,0.0,damaging,KALRN
ADGRA2 (25960)_damaging,0,0.0004893549832398093,227.4,101.34248862150564,0.0,damaging,ADGRA2
UCK1 (83549)_damaging,0,0.0010157242056290827,228.4,256.9237240894659,0.0,damaging,UCK1
RGS22 (26166)_damaging,0,0.0009569139243982089,229.0,190.17491948203894,0.0,damaging,RGS22
ITGB4 (3691)_damaging,0,0.000787880636071922,230.8,213.75266080215235,0.0,damaging,ITGB4
TRIOBP (11078)_damaging,0,0.00043969925684754827,231.0,103.02669556964351,0.0,damaging,TRIOBP
CDC42BPA (8476)_damaging,0,0.0007765675374822432,233.2,166.10749531553355,0.0,damaging,CDC42BPA
KIF5A (3798)_damaging,0,0.0004799752042981432,236.0,96.06247966818262,0.0,damaging,KIF5A
SETD2 (29072)_damaging,0,0.0004023928687054954,236.0,72.63952092353033,0.0,damaging,SETD2
MGAM (8972)_damaging,0,0.0003340949887602389,236.2,28.092703679069416,0.0,damaging,MGAM
DYNC2H1 (79659)_damaging,0,0.0004204309773616666,236.4,101.85185319865319,0.0,damaging,DYNC2H1
SYNE2 (23224)_damaging,0,0.0004240872194620815,236.4,94.98578841068806,0.0,damaging,SYNE2
BCL9 (607)_damaging,0,0.00044815974439923,236.8,88.14022918055069,0.0,damaging,BCL9
DYSF (8291)_damaging,0,0.00037485344683741985,237.2,72.8265061636215,0.0,damaging,DYSF
MT-ND5 (4540)_damaging,0,0.00039269681383785095,238.0,97.85448380120351,0.0,damaging,MT-ND5
PRPF40B (25766)_damaging,0,0.0003467656298961803,238.0,60.69596362197407,0.0,damaging,PRPF40B
MUC5AC (4586)_damaging,0,0.0007379918551307623,238.6,144.8492319620646,0.0,damaging,MUC5AC
GABRA6 (2559)_damaging,0,0.00032039507314467376,241.0,,0.0,damaging,GABRA6
TNKS1BP1 (85456)_damaging,0,0.0002804311520500371,241.0,,0.0,damaging,TNKS1BP1
ACVR2A (92)_damaging,0,0.0006754207420675896,243.0,171.4351189225825,0.0,damaging,ACVR2A
DNAH14 (127602)_damaging,0,0.00037151236165863745,243.2,104.53803135701381,0.0,damaging,DNAH14
SPTA1 (6708)_damaging,0,0.0005504441185468165,244.0,142.11614968046382,0.0,damaging,SPTA1
BIRC6 (57448)_damaging,0,0.0004278451450142502,244.6,127.50215684450204,0.0,damaging,BIRC6
TENM4 (26011)_damaging,0,0.0004352894529037851,246.4,129.16384943164243,0.0,damaging,TENM4
CACNA1E (777)_damaging,0,0.0002973253838634806,248.2,38.1143017776792,0.0,damaging,CACNA1E
CTNNA1 (1495)_damaging,0,0.0004958616009019601,249.2,105.43813351914004,0.0,damaging,CTNNA1
DIAPH2 (1730)_damaging,0,0.0004581431745804466,250.6,129.95883963778687,0.0,damaging,DIAPH2
PTPN23 (25930)_damaging,0,0.001129776367221369,251.5,284.8186557560208,0.0,damaging,PTPN23
PPFIA2 (8499)_damaging,0,0.0006964126794786467,252.0,245.27739398485136,0.0,damaging,PPFIA2
DMD (1756)_damaging,0,0.00042442048611373304,254.6,99.01666526398472,0.0,damaging,DMD
EP300 (2033)_hotspot,0,0.0002837565597367551,256.0,,0.0,hotspot,EP300
RSF1 (51773)_damaging,0,0.0008103463958352877,257.0,261.19596729913985,0.0,damaging,RSF1
SYT4 (6860)_damaging,0,0.00022818536671440502,259.0,,0.0,damaging,SYT4
LRRK2 (120892)_damaging,0,0.0004007845415565351,259.2,129.9430644551682,0.0,damaging,LRRK2
MYO15A (51168)_damaging,0,0.0002572771288146034,260.2,31.308145904859963,0.0,damaging,MYO15A
ZNF292 (23036)_damaging,0,0.00030407616935864914,262.2,82.5602810072737,0.0,damaging,ZNF292
FRAS1 (80144)_damaging,0,0.0006349428889796002,263.6,196.64384048324524,0.0,damaging,FRAS1
RFX7 (64864)_damaging,0,0.0003910452602624113,263.8,151.6037598478349,0.0,damaging,RFX7
COL6A5 (256076)_damaging,0,0.0004087357959877399,265.0,161.0046583177021,0.0,damaging,COL6A5
ATXN2L (11273)_damaging,0,0.0007727697383429356,266.2,244.00348358168986,0.0,damaging,ATXN2L
DNAH11 (8701)_damaging,0,0.0002986649959359681,267.2,94.71377935654347,0.0,damaging,DNAH11
PMS2 (5395)_damaging,0,0.00038134260081151654,269.6,162.8628257153854,0.0,damaging,PMS2
MLH3 (27030)_damaging,0,0.0005940774901222303,269.8,240.84580129203,0.0,damaging,MLH3
TNR (7143)_damaging,0,0.00031972954190210505,271.0,98.09179374443104,0.0,damaging,TNR
AMOTL2 (51421)_damaging,0,0.00020530159819707536,272.0,,0.0,damaging,AMOTL2
CFAP47 (286464)_damaging,0,0.00045666140399925205,272.0,154.34701163287872,0.0,damaging,CFAP47
ARID4B (51742)_damaging,0,0.0005421637795668987,272.2,210.17659241694827,0.0,damaging,ARID4B
CSMD1 (64478)_damaging,0,0.0002987528853335555,272.4,100.10144854096768,0.0,damaging,CSMD1
PCSK5 (5125)_damaging,0,0.00028718924504013405,277.8,104.77213369975816,0.0,damaging,PCSK5
DCHS2 (54798)_damaging,0,0.00035797790236907783,278.0,131.44390438510263,0.0,damaging,DCHS2
EEA1 (8411)_damaging,0,0.00024582406661367205,279.0,90.96702699330126,0.0,damaging,EEA1
DNAH1 (25981)_damaging,0,0.00043279170783466466,280.4,208.75176645959192,0.0,damaging,DNAH1
AKAP9 (10142)_damaging,0,0.00024273845521812274,281.0,64.8459713474939,0.0,damaging,AKAP9
MMP3 (4314)_damaging,0,0.0003318035701516416,281.0,127.83387657424772,0.0,damaging,MMP3
NF1 (4763)_hotspot,0,0.0005940952455185778,281.0,238.50681331987144,0.0,hotspot,NF1
LRP2 (4036)_damaging,0,0.0003942178439457787,281.8,152.0088813194808,0.0,damaging,LRP2
SPATA31H1 (84226)_damaging,0,0.0004788014277205691,281.8,207.76356754734454,0.0,damaging,SPATA31H1
AHNAK2 (113146)_damaging,0,0.00032966090660003193,282.0,155.94069385506785,0.0,damaging,AHNAK2
CFAP74 (85452)_damaging,0,0.00021957948022259554,282.0,69.29646455628166,0.0,damaging,CFAP74
RASA1 (5921)_damaging,0,0.00028213746946596525,282.0,102.20812100806863,0.0,damaging,RASA1
THSD7B (80731)_damaging,0,0.0003212854471210218,282.2,133.67385683072064,0.0,damaging,THSD7B
ZBTB20 (26137)_damaging,0,0.00040474342787706586,283.6,148.7507983171855,0.0,damaging,ZBTB20
HMCN2 (256158)_damaging,0,0.00026463826592355383,283.8,86.38113219910932,0.0,damaging,HMCN2
PTPRB (5787)_damaging,0,0.0003743048808566193,284.6,185.1142890216744,0.0,damaging,PTPRB
FAT4 (79633)_damaging,0,0.00029745889140855614,287.6,107.58159693925352,0.0,damaging,FAT4
PTCH1 (5727)_damaging,0,0.00022009746064891408,287.8,59.280688255113915,0.0,damaging,PTCH1
PIGO (84720)_damaging,0,0.0013260653311076948,288.3333333333333,365.21546152009137,0.0,damaging,PIGO
PHF20L1 (51105)_damaging,0,0.00037005564074663126,289.8,141.37255745016427,0.0,damaging,PHF20L1
ATRX (546)_damaging,0,0.0003004462797170786,290.2,131.91739839763366,0.0,damaging,ATRX
PLXNA4 (91584)_damaging,0,0.0004232738376244542,291.4,227.60777666854884,0.0,damaging,PLXNA4
BRCA1 (672)_damaging,0,0.0002223686965999816,292.4,69.0637386766746,0.0,damaging,BRCA1
EFNB3 (1949)_damaging,0,0.00021106102996553043,294.0,61.7980582219215,0.0,damaging,EFNB3
OSBPL1A (114876)_damaging,0,0.0003628978116182495,295.3333333333333,178.35451587591868,0.0,damaging,OSBPL1A
CIT (11113)_damaging,0,0.0003883403603758156,295.6,228.56355790020422,0.0,damaging,CIT
TLE4 (7091)_damaging,0,0.00037548524367763455,296.5,210.94944102003842,0.0,damaging,TLE4
SUZ12 (23512)_damaging,0,0.0004903913492754717,297.3333333333333,268.25796042863914,0.0,damaging,SUZ12
RELN (5649)_damaging,0,0.0004748879062031962,297.4,192.12704130340424,0.0,damaging,RELN
ITGA2B (3674)_damaging,0,0.00032400095411800483,298.0,177.8060741369653,0.0,damaging,ITGA2B
NCOA6 (23054)_damaging,0,0.00028887798109190313,298.2,129.56349794598785,0.0,damaging,NCOA6
CENPC (1060)_damaging,0,0.00024325351745981891,298.25,93.38227883276355,0.0,damaging,CENPC
CDH23 (64072)_damaging,0,0.00023440796754105184,300.6,87.91075019586626,0.0,damaging,CDH23
ATM (472)_damaging,0,0.00041929644724687104,301.4,171.60798349727207,0.0,damaging,ATM
CNTNAP5 (129684)_damaging,0,0.0002802874737924615,301.4,130.38903328117743,0.0,damaging,CNTNAP5
CPXM2 (119587)_damaging,0,0.00016174767137391386,302.0,,0.0,damaging,CPXM2
NCOR1 (9611)_damaging,0,0.0002888788397279806,302.4,157.5810902361067,0.0,damaging,NCOR1
CACNA1I (8911)_damaging,0,0.0002472628043132021,308.0,126.71029950244771,0.0,damaging,CACNA1I
GLG1 (2734)_damaging,0,0.00016457055043074493,308.0,38.18376618407357,0.0,damaging,GLG1
ZC3H18 (124245)_damaging,0,0.0003062407098523329,310.6,205.54999391875447,0.0,damaging,ZC3H18
SETBP1 (26040)_damaging,0,0.00017742452732893516,311.0,61.98386886924694,0.0,damaging,SETBP1
CDAN1 (146059)_damaging,0,0.00014439871360533014,312.0,,0.0,damaging,CDAN1
KEL (3792)_damaging,0,0.0002314036537695895,312.0,101.57509537283241,0.0,damaging,KEL
EYS (346007)_damaging,0,0.0001894631115849415,312.4,74.01553890906963,0.0,damaging,EYS
ZNF469 (84627)_damaging,0,0.00047424453945128797,313.25,235.6457440028711,0.0,damaging,ZNF469
PPP2R1A (5518)_damaging,0,0.00017990218586285775,314.0,57.982756057296896,0.0,damaging,PPP2R1A
RUBCNL (80183)_damaging,0,0.00017495042830416942,314.5,95.45941546018392,0.0,damaging,RUBCNL
MROH2B (133558)_damaging,0,0.0003182361750061409,316.0,162.88339387426822,0.0,damaging,MROH2B
MUC17 (140453)_damaging,0,0.00017722997140750456,317.8,63.515352474815096,0.0,damaging,MUC17
SHOC1 (158401)_damaging,0,0.00014778068499555827,318.5,16.263455967290593,0.0,damaging,SHOC1
RYR1 (6261)_damaging,0,0.0002845364417425658,318.8,211.78692122036242,0.0,damaging,RYR1
MYH15 (22989)_damaging,0,0.00020476961271904013,319.0,128.03319881968113,0.0,damaging,MYH15
DIS3 (22894)_damaging,0,0.00023362216170006784,320.0,105.26632889960588,0.0,damaging,DIS3
COL5A2 (1290)_damaging,0,0.0001567504500939732,320.2,46.97020332082883,0.0,damaging,COL5A2
FBXW7 (55294)_hotspot,0,0.0002835082149429621,320.4,147.8861048239489,0.0,hotspot,FBXW7
CPEB2 (132864)_damaging,0,0.0004377619239300855,320.6666666666667,280.9561057057371,0.0,damaging,CPEB2
CUBN (8029)_damaging,0,0.00022272708961317082,321.4,133.23775741132843,0.0,damaging,CUBN
ZDBF2 (57683)_damaging,0,0.00017983112612367458,322.4,95.33257575456565,0.0,damaging,ZDBF2
RAB40A (142684)_damaging,0,0.00024485346509241885,323.4,143.48623627372766,0.0,damaging,RAB40A
EIF2AK4 (440275)_damaging,0,0.00019175617636118988,324.5,106.77312395916867,0.0,damaging,EIF2AK4
RNF43 (54894)_damaging,0,0.0002422828989820269,324.6,154.87511097655425,0.0,damaging,RNF43
CNTN6 (27255)_damaging,0,0.0003428409307438936,325.6,207.4651778009987,0.0,damaging,CNTN6
WRN (7486)_damaging,0,0.0005622669586338859,325.6,236.47050556041867,0.0,damaging,WRN
MSH6 (2956)_damaging,0,0.00045482140461318275,327.0,175.54629019150477,0.0,damaging,MSH6
TSC2 (7249)_damaging,0,0.0003314985140809074,328.0,188.66504710730072,0.0,damaging,TSC2
ARHGAP23 (57636)_damaging,0,0.00015462182311542263,329.0,,0.0,damaging,ARHGAP23
ADGRD2 (347088)_damaging,0,0.00025406619367038805,330.5,177.48380207782344,0.0,damaging,ADGRD2
GRIN2A (2903)_damaging,0,0.00020678237889546676,331.2,129.38585703236657,0.0,damaging,GRIN2A
CPLANE1 (65250)_damaging,0,0.0005484362745802364,331.6,231.43746455576286,0.0,damaging,CPLANE1
DNAH3 (55567)_damaging,0,0.00025377088507607813,331.8,133.18858809973173,0.0,damaging,DNAH3
ARHGAP24 (83478)_damaging,0,0.00018557166868178395,332.5,135.0573952066306,0.0,damaging,ARHGAP24
DNAH9 (1770)_damaging,0,0.00019856170231645148,333.0,112.2898036332774,0.0,damaging,DNAH9
CASP8 (841)_damaging,0,0.0002054283280487167,333.4,133.73593383978744,0.0,damaging,CASP8
DSCAM (1826)_damaging,0,0.00026159921468989433,333.4,200.72941986664537,0.0,damaging,DSCAM
CDH10 (1008)_damaging,0,0.0001762385638290743,333.6,84.0017856953053,0.0,damaging,CDH10
HSPG2 (3339)_damaging,0,0.0004146136715823605,333.8,232.05430398938952,0.0,damaging,HSPG2
AK9 (221264)_damaging,0,0.00018905592062286287,337.2,97.97805876827731,0.0,damaging,AK9
MBD6 (114785)_damaging,0,0.00020398549587773677,337.4,153.8320512767089,0.0,damaging,MBD6
PHF3 (23469)_damaging,0,0.0003077393449828705,339.2,205.96528833762255,0.0,damaging,PHF3
PCDHB4 (56131)_damaging,0,0.00012310803603533615,340.0,,0.0,damaging,PCDHB4
EGFR (1956)_hotspot,0,0.0001723589768062571,340.4,94.20615691131871,0.0,hotspot,EGFR
SLFN11 (91607)_damaging,0,0.00015644655024429829,341.2,102.83092919934158,0.0,damaging,SLFN11
EPS8L3 (79574)_damaging,0,0.00014097261571161053,341.3333333333333,75.74518686578925,0.0,damaging,EPS8L3
MDC1 (9656)_damaging,0,0.00023475261771197317,341.6,179.22695109832114,0.0,damaging,MDC1
KDM6B (23135)_damaging,0,0.0002627607298900054,342.0,206.79095724910218,0.0,damaging,KDM6B
LAMA1 (284217)_damaging,0,0.0002809700341622461,342.4,188.15498930403095,0.0,damaging,LAMA1
GPR179 (440435)_damaging,0,0.0002298250738303821,342.8,193.06138920043023,0.0,damaging,GPR179
WDR64 (128025)_damaging,0,0.00014504490318723436,343.0,93.33809511662427,0.0,damaging,WDR64
PLEC (5339)_damaging,0,0.00026167518571923356,343.6,156.156331924133,0.0,damaging,PLEC
FMN2 (56776)_damaging,0,0.0001358619156462787,344.0,58.9915248150105,0.0,damaging,FMN2
ITSN1 (6453)_damaging,0,0.00015744205296717523,344.2,116.2269331953657,0.0,damaging,ITSN1
PTPRS (5802)_damaging,0,0.00028583597345839193,345.4,185.56750793174973,0.0,damaging,PTPRS
DNAH6 (1768)_damaging,0,0.00020244501902146124,345.6,124.13218760659944,0.0,damaging,DNAH6
NBEA (26960)_damaging,0,0.00027054074961563,345.8,191.59384123713372,0.0,damaging,NBEA
ANK3 (288)_damaging,0,0.00017173219136885513,346.0,95.26804291051644,0.0,damaging,ANK3
DNMT1 (1786)_damaging,0,0.00032061844381555175,346.6666666666667,239.06135892973867,0.0,damaging,DNMT1
MYH9 (4627)_damaging,0,0.00020770235700739333,347.2,203.92326988355205,0.0,damaging,MYH9
RECQL4 (9401)_damaging,0,0.00011742622991427274,348.0,,0.0,damaging,RECQL4
ZEB1 (6935)_damaging,0,0.00011770976493745663,350.0,,0.0,damaging,ZEB1
STK11 (6794)_hotspot,0,0.00023205314635439643,350.6,163.46956903350542,0.0,hotspot,STK11
ABCB4 (5244)_damaging,0,0.00013766713455008747,351.0,88.38551917593742,0.0,damaging,ABCB4
DOCK7 (85440)_damaging,0,0.00020581310522535716,351.2,189.11292922484174,0.0,damaging,DOCK7
DOCK3 (1795)_damaging,0,0.0001798275181455773,352.4,108.4610529176257,0.0,damaging,DOCK3
ADNP (23394)_damaging,0,0.00010925220315709834,353.0,,0.0,damaging,ADNP
UBR4 (23352)_damaging,0,0.0005590664114476648,353.0,308.36342195532853,0.0,damaging,UBR4
PIK3R3 (8503)_damaging,0,0.0003243003441624442,358.0,285.2840689558392,0.0,damaging,PIK3R3
DNAH10 (196385)_damaging,0,0.0001503661287546497,358.4,85.79219078680764,0.0,damaging,DNAH10
ARID1B (57492)_damaging,0,0.00022316648681018725,359.0,177.39503938949363,0.0,damaging,ARID1B
FBN3 (84467)_damaging,0,0.00017720330834428976,359.8,149.1331619727819,0.0,damaging,FBN3
DOCK8 (81704)_damaging,0,0.0001932337240315964,360.4,156.87510956171474,0.0,damaging,DOCK8
HCN1 (348980)_damaging,0,0.00010857670229452094,362.6,5.458937625582478,0.0,damaging,HCN1
MAGI2 (9863)_damaging,0,0.00021412517753304226,363.0,232.5997993693603,0.0,damaging,MAGI2
PCNT (5116)_damaging,0,0.0002777406847339455,363.4,202.34574371604657,0.0,damaging,PCNT
CDH8 (1006)_damaging,0,0.0001954107377841636,363.8,188.1905948765772,0.0,damaging,CDH8
WDTC1 (23038)_damaging,0,0.0002156121433074298,364.0,206.23893909734892,0.0,damaging,WDTC1
COL22A1 (169044)_damaging,0,0.00024265565878339571,364.4,200.91864025022667,0.0,damaging,COL22A1
CAMTA2 (23125)_damaging,0,0.00018686893636228784,365.0,205.0609665440988,0.0,damaging,CAMTA2
CENPF (1063)_damaging,0,0.00016363999047697982,365.2,154.65025056559074,0.0,damaging,CENPF
FAT3 (120114)_damaging,0,0.00014113210851991962,365.6,129.93575335526398,0.0,damaging,FAT3
SCN2A (6326)_damaging,0,0.00012209900488421765,365.6,85.15456535030873,0.0,damaging,SCN2A
CSMD2 (114784)_damaging,0,0.00020643392680117786,370.0,167.51865567750954,0.0,damaging,CSMD2
TCERG1 (10915)_damaging,0,0.0004451471257123147,372.0,268.8555994085549,0.0,damaging,TCERG1
ROS1 (6098)_damaging,0,0.00015619926413634397,374.6,155.44227224278472,0.0,damaging,ROS1
SI (6476)_damaging,0,0.0002859342536946069,374.8,249.63012638702085,0.0,damaging,SI
RECQL (5965)_damaging,0,0.00027943820794420733,375.4,250.94381841360428,0.0,damaging,RECQL
TACC2 (10579)_damaging,0,0.0002227732822273286,376.4,201.28412754114518,0.0,damaging,TACC2
ZGRF1 (55345)_damaging,0,0.00010546839317159522,376.5,10.606601717798213,0.0,damaging,ZGRF1
MSH2 (4436)_damaging,0,0.0003103266674764058,376.8,228.37512999448955,0.0,damaging,MSH2
PIEZO2 (63895)_damaging,0,0.0002107105393076637,376.8,147.20122282100783,0.0,damaging,PIEZO2
LCOR (84458)_damaging,0,0.00016565565615806973,379.5,157.62085310431908,0.0,damaging,LCOR
FAT2 (2196)_damaging,0,0.00015104173087575822,379.6,170.16844595870293,0.0,damaging,FAT2
ARHGEF4 (50649)_damaging,0,0.0002519876808764347,380.25,229.69018989354626,0.0,damaging,ARHGEF4
TRDN (10345)_damaging,0,0.0004120938565686607,380.5,294.0300438163874,0.0,damaging,TRDN
MYO18B (84700)_damaging,0,0.00018435916267532806,381.8,201.41921457497543,0.0,damaging,MYO18B
CHSY3 (337876)_damaging,0,9.229645127294466e-05,382.0,,0.0,damaging,CHSY3
LINC02714 (729305)_damaging,0,0.00014478256149127384,382.2,122.33233423751875,0.0,damaging,LINC02714
SBF1 (6305)_damaging,0,0.00022312357845852065,382.2,217.37916183479962,0.0,damaging,SBF1
MDGA2 (161357)_damaging,0,0.0004658598668946792,383.0,270.021295456488,0.0,damaging,MDGA2
STARD9 (57519)_damaging,0,0.00016805286191496664,383.2,184.84371777260918,0.0,damaging,STARD9
EPB41 (2035)_damaging,0,0.00010583533710799764,387.0,,0.0,damaging,EPB41
CEP350 (9857)_damaging,0,0.0001753929571777743,387.4,186.49209098511392,0.0,damaging,CEP350
KEAP1 (9817)_damaging,0,0.00013676705168732566,388.0,108.60248615938771,0.0,damaging,KEAP1
MYH8 (4626)_damaging,0,0.00012224159539718315,390.0,122.73548794053006,0.0,damaging,MYH8
CDH6 (1004)_damaging,0,0.0002529510833025301,392.2,233.53094013427855,0.0,damaging,CDH6
TOPBP1 (11073)_damaging,0,0.00014856132917087658,392.2,157.39345602660867,0.0,damaging,TOPBP1
DNMT3A (1788)_damaging,0,0.000118204445977362,392.4,157.32228068522272,0.0,damaging,DNMT3A
HLA-C (3107)_damaging,0,0.00019570324540820128,393.6,227.88001228716837,0.0,damaging,HLA-C
VPS13D (55187)_damaging,0,0.00022453288368267033,395.4,208.01514367949272,0.0,damaging,VPS13D
RAD17 (5884)_damaging,0,0.00012725574965168098,395.6,135.81163425863045,0.0,damaging,RAD17
MAP3K4 (4216)_damaging,0,0.00013056029447227666,396.6,150.26742827372803,0.0,damaging,MAP3K4
RTL1 (388015)_damaging,0,0.000137055315876663,397.0,188.88267963650523,0.0,damaging,RTL1
SPECC1 (92521)_damaging,0,0.00017496489991833568,399.0,247.97378893746009,0.0,damaging,SPECC1
SLCO6A1 (133482)_damaging,0,8.694975525134173e-05,399.3333333333333,41.28357219685977,0.0,damaging,SLCO6A1
SNHG14 (104472715)_damaging,0,7.488723347080591e-05,399.5,50.204581464244875,0.0,damaging,SNHG14
NUP98 (4928)_damaging,0,0.00010850631760311728,399.6,121.20561043120075,0.0,damaging,NUP98
STK31 (56164)_damaging,0,0.00033103539585749634,399.6,266.52448292792917,0.0,damaging,STK31
LRRC7 (57554)_damaging,0,8.418012782500377e-05,400.0,38.05259518088089,0.0,damaging,LRRC7
UNC79 (57578)_damaging,0,9.338669029714368e-05,401.0,68.07716210301366,0.0,damaging,UNC79
AP3D1 (8943)_damaging,0,0.00024078834010532777,403.25,247.0079283477894,0.0,damaging,AP3D1
PRRC2B (84726)_damaging,0,8.940118465715859e-05,403.4,67.53369529353476,0.0,damaging,PRRC2B
SPAG17 (200162)_damaging,0,0.0002060499115893642,403.4,180.77278556242916,0.0,damaging,SPAG17
RP1L1 (94137)_damaging,0,9.900950434811708e-05,404.0,121.15279608824552,0.0,damaging,RP1L1
SAP130 (79595)_damaging,0,8.26100264872469e-05,406.0,,0.0,damaging,SAP130
HECW1 (23072)_damaging,0,8.35693636356203e-05,406.75,63.06279938812316,0.0,damaging,HECW1
COL14A1 (7373)_damaging,0,0.00017896331268941692,407.0,208.1045410364704,0.0,damaging,COL14A1
PKP3 (11187)_damaging,0,0.00013978692416726483,407.2,173.73744558960223,0.0,damaging,PKP3
CCDC88A (55704)_damaging,0,0.00016446417206085625,408.4,208.59122704466745,0.0,damaging,CCDC88A
PER1 (5187)_damaging,0,0.00016609407217586667,408.4,179.5015320268883,0.0,damaging,PER1
KIAA1549L (25758)_damaging,0,0.00013815476962177964,409.3333333333333,191.34872179696768,0.0,damaging,KIAA1549L
TBC1D32 (221322)_damaging,0,7.644603851753929e-05,409.6,35.851080876313894,0.0,damaging,TBC1D32
TOP3A (7156)_damaging,0,7.710593205218245e-05,411.3333333333333,13.65039681962884,0.0,damaging,TOP3A
PSD (5662)_damaging,0,7.976994503909619e-05,411.6666666666667,40.2160830182818,0.0,damaging,PSD
CEP290 (80184)_damaging,0,0.00010445285704648442,413.0,122.87595370942192,0.0,damaging,CEP290
SPAG6 (9576)_damaging,0,8.807736470926212e-05,413.0,,0.0,damaging,SPAG6
UNC93B7 (100887746)_damaging,0,0.00012075176405078741,413.4,120.84411446156572,0.0,damaging,UNC93B7
NRIP1 (8204)_damaging,0,0.0001789815205307947,414.0,223.99330347133147,0.0,damaging,NRIP1
SCN3A (6328)_damaging,0,9.666748579454497e-05,414.6,119.78856372792855,0.0,damaging,SCN3A
MUC22 (100507679)_damaging,0,6.979640588033257e-05,415.0,,0.0,damaging,MUC22
SLC27A6 (28965)_damaging,0,6.835674111710266e-05,415.0,16.97056274847714,0.0,damaging,SLC27A6
RTTN (25914)_damaging,0,0.00010585789278005826,415.2,169.09967474835662,0.0,damaging,RTTN
UBR5 (51366)_damaging,0,0.00016672767288291264,415.6,221.44593019516077,0.0,damaging,UBR5
SIPA1L2 (57568)_damaging,0,0.00013667656736892492,417.5,166.4822312841023,0.0,damaging,SIPA1L2
TBCK (93627)_damaging,0,7.708722711889219e-05,418.0,101.82337649086284,0.0,damaging,TBCK
UNC13B (10497)_damaging,0,0.00010437636275044267,418.0,164.35936237403698,0.0,damaging,UNC13B
PITRM1 (10531)_damaging,0,0.0002894276306241947,418.75,284.83723422333674,0.0,damaging,PITRM1
NLRP4 (147945)_damaging,0,9.762209779187638e-05,418.8,108.52280866251112,0.0,damaging,NLRP4
LAMA2 (3908)_damaging,0,0.00011510066937445474,419.2,134.10891096418612,0.0,damaging,LAMA2
HRAS (3265)_hotspot,0,0.00015095196718155083,420.6,219.0223732863837,0.0,hotspot,HRAS
IQGAP3 (128239)_damaging,0,0.00019245658681839645,420.6,218.50812341878733,0.0,damaging,IQGAP3
HUWE1 (10075)_damaging,0,9.1006492001412e-05,422.0,120.07081243999309,0.0,damaging,HUWE1
SLC4A3 (6508)_damaging,0,0.0002522968462387735,422.4,254.73181976345242,0.0,damaging,SLC4A3
ATP8A2 (51761)_damaging,0,0.00015396180070603613,424.0,214.2533546995239,0.0,damaging,ATP8A2
NLRP7 (199713)_damaging,0,0.0001857196240619798,425.25,232.6261306617695,0.0,damaging,NLRP7
APOB (338)_damaging,0,7.925539585770279e-05,426.2,95.00105262574726,0.0,damaging,APOB
ACACB (32)_damaging,0,9.868739836546205e-05,427.0,131.77063405782033,0.0,damaging,ACACB
TBX4 (9496)_damaging,0,5.690100896880464e-05,427.0,,0.0,damaging,TBX4
MTOR (2475)_hotspot,0,0.00012958902968746624,427.2,169.95205206175063,0.0,hotspot,MTOR
TRIP11 (9321)_damaging,0,0.00016926139974080643,428.75,226.06544037807578,0.0,damaging,TRIP11
ZBTB7A (51341)_damaging,0,7.130442823949571e-05,429.5,89.32897999343028,0.0,damaging,ZBTB7A
SAMD9 (54809)_damaging,0,0.00027552768981160326,431.2,211.33196634678814,0.0,damaging,SAMD9
PTPRZ1 (5803)_damaging,0,0.0001353796009081999,432.6,200.73938328090978,0.0,damaging,PTPRZ1
ZC3H4 (23211)_damaging,0,5.484834292946832e-05,433.0,,0.0,damaging,ZC3H4
NRP2 (8828)_damaging,0,0.00012414795588570576,434.3333333333333,240.5500640892314,0.0,damaging,NRP2
PPRC1 (23082)_damaging,0,8.648441932980915e-05,435.6,144.41710425015452,0.0,damaging,PPRC1
ANKRD26 (22852)_damaging,0,0.0001862734066684013,436.2,212.20202638052257,0.0,damaging,ANKRD26
USP28 (57646)_damaging,0,0.0001351538617910501,437.2,232.05430398938952,0.0,damaging,USP28
TNFAIP3 (7128)_damaging,0,7.076268618980093e-05,437.25,66.87488317746805,0.0,damaging,TNFAIP3
GRM7 (2917)_damaging,0,0.00010350547089318361,439.0,167.46193597352206,0.0,damaging,GRM7
COL1A1 (1277)_damaging,0,0.00016554923575593308,440.0,198.81775574631155,0.0,damaging,COL1A1
BSN (8927)_damaging,0,0.0003042035352555703,440.2,252.8471870517843,0.0,damaging,BSN
UNC13C (440279)_damaging,0,0.0001434683983498058,440.4,182.94889996936303,0.0,damaging,UNC13C
ERMP1 (79956)_damaging,0,0.00017723206651697583,441.0,323.85490578343877,0.0,damaging,ERMP1
ABCC9 (10060)_damaging,0,9.278500033443624e-05,441.2,175.44571810106967,0.0,damaging,ABCC9
UTP20 (27340)_damaging,0,0.00015885845772052018,441.4,220.6905072720619,0.0,damaging,UTP20
LMTK3 (114783)_damaging,0,8.513653840004393e-05,441.6,148.7692844642334,0.0,damaging,LMTK3
ARID4A (5926)_damaging,0,0.0001229447580596034,442.4,202.4976543074018,0.0,damaging,ARID4A
NBAS (51594)_damaging,0,7.575702472101774e-05,443.0,120.14782561494819,0.0,damaging,NBAS
SYNJ1 (8867)_damaging,0,7.055111335941728e-05,443.0,,0.0,damaging,SYNJ1
DOCK4 (9732)_damaging,0,6.436350681404194e-05,443.6666666666667,68.07593799084472,0.0,damaging,DOCK4
DNM2 (1785)_damaging,0,9.048852228313265e-05,444.0,184.88915598271305,0.0,damaging,DNM2
KIF7 (374654)_damaging,0,0.0001518480811259179,444.2,187.63981453838628,0.0,damaging,KIF7
DNAH8 (1769)_damaging,0,8.622487578377022e-05,444.6,119.47300950423907,0.0,damaging,DNAH8
NCKAP5 (344148)_damaging,0,6.246229602703856e-05,445.0,69.31810730249349,0.0,damaging,NCKAP5
PXDNL (137902)_damaging,0,0.00010038089096899816,445.5,147.54321400864222,0.0,damaging,PXDNL
ABCA6 (23460)_damaging,0,0.00011258578655648517,446.2,189.12350462065785,0.0,damaging,ABCA6
MIPOL1 (145282)_damaging,0,6.357622424306305e-05,447.0,100.40916292848975,0.0,damaging,MIPOL1
RAC1 (5879)_hotspot,0,0.00016371114072061374,448.6,237.07446087674649,0.0,hotspot,RAC1
PRRC2A (7916)_damaging,0,9.445168166960468e-05,449.2,180.40703977395117,0.0,damaging,PRRC2A
TNS2 (23371)_damaging,0,6.317157912030605e-05,450.5,21.920310216782973,0.0,damaging,TNS2
LBP (3929)_damaging,0,6.199971693446554e-05,451.0,,0.0,damaging,LBP
SCN1A (6323)_damaging,0,8.776321971951997e-05,451.8,178.27142227513642,0.0,damaging,SCN1A
CFAP54 (144535)_damaging,0,7.240631374257475e-05,452.0,119.38802284986548,0.0,damaging,CFAP54
DOCK9 (23348)_damaging,0,9.426532970408559e-05,452.0,182.04028858103544,0.0,damaging,DOCK9
PLEKHG6 (55200)_damaging,0,6.976172926333945e-05,452.0,81.41252974819048,0.0,damaging,PLEKHG6
PLCE1 (51196)_damaging,0,7.436014143923713e-05,452.8,121.8367760571495,0.0,damaging,PLCE1
COL4A6 (1288)_damaging,0,7.430748849347846e-05,453.0,152.56474035634838,0.0,damaging,COL4A6
FBN2 (2201)_damaging,0,7.742991965111522e-05,453.0,154.74333588235714,0.0,damaging,FBN2
GRIA1 (2890)_damaging,0,6.215835151999182e-05,455.0,68.4324484437025,0.0,damaging,GRIA1
RERE (473)_damaging,0,0.00010218663898575702,455.2,193.78648043658774,0.0,damaging,RERE
LATS1 (9113)_damaging,0,7.195061961034852e-05,455.5,129.4005409571382,0.0,damaging,LATS1
NCOR2 (9612)_damaging,0,8.800840643729891e-05,455.6,156.21555620359965,0.0,damaging,NCOR2
ALMS1 (7840)_damaging,0,7.062636545518976e-05,456.0,127.6499118683597,0.0,damaging,ALMS1
BAG6 (7917)_damaging,0,0.00017364860256784603,456.5,259.12480905283206,0.0,damaging,BAG6
CFAP91 (89876)_damaging,0,7.782142429927171e-05,456.5,153.1284863548691,0.0,damaging,CFAP91
SMG1 (23049)_damaging,0,8.389761003152393e-05,457.0,185.7121428447801,0.0,damaging,SMG1
VCAN (1462)_damaging,0,0.00010859431044100896,457.4,218.76082830342366,0.0,damaging,VCAN
FASTKD5 (60493)_damaging,0,7.377760243075523e-05,460.4,161.5527777538969,0.0,damaging,FASTKD5
RYR3 (6263)_damaging,0,0.00011949057777336281,460.6,180.67872038510788,0.0,damaging,RYR3
COL3A1 (1281)_damaging,0,8.216727209019369e-05,462.0,173.1762108374011,0.0,damaging,COL3A1
SORL1 (6653)_damaging,0,7.319544360063441e-05,463.2,157.05635931091743,0.0,damaging,SORL1
CEP170B (283638)_damaging,0,0.00013929512508344537,464.0,312.54119728445403,0.0,damaging,CEP170B
NUGGC (389643)_damaging,0,0.00014991331124533089,464.0,233.8275717988222,0.0,damaging,NUGGC
PKD1 (5310)_damaging,0,0.00012556979178595878,464.8,202.7540381841999,0.0,damaging,PKD1
NAV3 (89795)_damaging,0,5.340194568661455e-05,465.0,65.17284710675145,0.0,damaging,NAV3
CADPS2 (93664)_damaging,0,7.938567883958432e-05,466.3333333333333,181.428590176227,0.0,damaging,CADPS2
TNXB (7148)_damaging,0,6.661763276184366e-05,466.4,131.09652932095494,0.0,damaging,TNXB
NLRP3 (114548)_damaging,0,8.369797978236251e-05,467.0,163.83731768637654,0.0,damaging,NLRP3
KDM2B (84678)_damaging,0,7.385226070111583e-05,467.4,160.5250759227355,0.0,damaging,KDM2B
AKAP13 (11214)_damaging,0,5.555142357658232e-05,468.0,101.22911307194849,0.0,damaging,AKAP13
PLCL1 (5334)_damaging,0,0.00010154404453759642,468.2,215.00162790081382,0.0,damaging,PLCL1
KIF1A (547)_damaging,0,8.259639957934035e-05,470.4,183.26565417447975,0.0,damaging,KIF1A
GPC2 (221914)_damaging,0,5.655496852439538e-05,470.5,51.61879502661797,0.0,damaging,GPC2
ITGA2 (3673)_damaging,0,5.374780786825128e-05,471.0,,0.0,damaging,ITGA2
MTMR3 (8897)_damaging,0,5.6580377177691996e-05,472.0,70.71067811865476,0.0,damaging,MTMR3
UTRN (7402)_damaging,0,7.53366187623903e-05,472.0,152.5909564816998,0.0,damaging,UTRN
AHNAK (79026)_damaging,0,6.160241335549185e-05,472.8,119.69210500279456,0.0,damaging,AHNAK
DENND1A (57706)_damaging,0,8.512024762550045e-05,473.2,177.36882476917978,0.0,damaging,DENND1A
PNISR (25957)_damaging,0,8.485980468043708e-05,473.3333333333333,195.51044302884011,0.0,damaging,PNISR
GRM8 (2918)_damaging,0,6.638434253468275e-05,473.8,125.73662950787254,0.0,damaging,GRM8
CHL1 (10752)_damaging,0,7.599950528807279e-05,474.0,186.34108511007443,0.0,damaging,CHL1
INO80 (54617)_damaging,0,8.324104136223659e-05,474.0,199.62339542248048,0.0,damaging,INO80
CNTNAP2 (26047)_damaging,0,6.770832717488805e-05,475.4,171.94999273044473,0.0,damaging,CNTNAP2
RNF17 (56163)_damaging,0,7.064856931016446e-05,478.0,203.14526821956744,0.0,damaging,RNF17
ANKRD30B (374860)_damaging,0,9.442108815951956e-05,478.6,174.7707069276771,0.0,damaging,ANKRD30B
CNTN3 (5067)_damaging,0,4.51827731099111e-05,479.0,,0.0,damaging,CNTN3
ZNF91 (7644)_damaging,0,7.049333462911019e-05,479.0,180.43281298034458,0.0,damaging,ZNF91
FAM193A (8603)_damaging,0,0.00021451518334213447,479.6,250.41924846145514,0.0,damaging,FAM193A
HIVEP3 (59269)_damaging,0,7.158461649884309e-05,480.0,191.39226734641085,0.0,damaging,HIVEP3
NHS (4810)_damaging,0,5.5704735443230425e-05,480.0,112.48407294664727,0.0,damaging,NHS
MYO9A (4649)_damaging,0,6.860473078615308e-05,480.8,160.7519828804609,0.0,damaging,MYO9A
ROCK1 (6093)_damaging,0,9.484197914316932e-05,481.0,187.92418684139622,0.0,damaging,ROCK1
USP7 (7874)_damaging,0,4.0659911431139245e-05,481.5,74.24621202458749,0.0,damaging,USP7
TRANK1 (9881)_damaging,0,6.088339605092475e-05,481.6,104.42844440093896,0.0,damaging,TRANK1
VPS13B (157680)_damaging,0,6.788013253242612e-05,481.8,164.04785887051375,0.0,damaging,VPS13B
COL1A2 (1278)_damaging,0,6.673429740428187e-05,482.2,159.34773296159565,0.0,damaging,COL1A2
PPP6R2 (9701)_damaging,0,8.993451045682045e-05,482.4,187.85579575834225,0.0,damaging,PPP6R2
DCC (1630)_damaging,0,5.646197650005824e-05,483.2,131.328595515219,0.0,damaging,DCC
MROH2A (339766)_damaging,0,6.582105831689986e-05,483.25,146.29052145189263,0.0,damaging,MROH2A
ATP9B (374868)_damaging,0,6.0839479946842405e-05,483.5,149.8187794192259,0.0,damaging,ATP9B
DOCK10 (55619)_damaging,0,5.84004785171022e-05,484.0,128.50291825480073,0.0,damaging,DOCK10
PIK3C2B (5287)_damaging,0,4.675233493685836e-05,484.2,80.22281471003122,0.0,damaging,PIK3C2B
WDR55 (54853)_damaging,0,5.1428023642406266e-05,485.0,101.65136496870073,0.0,damaging,WDR55
C2CD6 (151254)_damaging,0,9.250655392578772e-05,485.5,282.13560569343247,0.0,damaging,C2CD6
ERF (2077)_damaging,0,5.5521474345585684e-05,485.6,114.32103918352037,0.0,damaging,ERF
KSR1 (8844)_damaging,0,0.00013005263877990435,485.8,216.45022522510808,0.0,damaging,KSR1
JARID2 (3720)_damaging,0,5.12131115335086e-05,486.8,105.20313683536247,0.0,damaging,JARID2
WDFY3 (23001)_damaging,0,5.593810709750164e-05,487.0,125.61249937804757,0.0,damaging,WDFY3
SLC45A1 (50651)_damaging,0,5.182633938170426e-05,487.4,115.49588737266795,0.0,damaging,SLC45A1
CRACD (57482)_damaging,0,0.0001548318094372098,488.8,196.92435095741712,0.0,damaging,CRACD
PTPRT (11122)_damaging,0,0.00013582949206518722,489.4,239.5856840464388,0.0,damaging,PTPRT
SGO2 (151246)_damaging,0,7.457301071072237e-05,490.6,164.47735406432096,0.0,damaging,SGO2
ZAN (7455)_damaging,0,5.563668076177671e-05,490.6,157.8933184146815,0.0,damaging,ZAN
DOP1B (9980)_damaging,0,6.943933595845216e-05,490.8,165.91473713929093,0.0,damaging,DOP1B
FUBP1 (8880)_damaging,0,5.038931228169373e-05,491.0,,0.0,damaging,FUBP1
MYCBP2 (23077)_damaging,0,6.192627648271344e-05,491.8,129.40324570890795,0.0,damaging,MYCBP2
ATXN2 (6311)_damaging,0,4.982443105882173e-05,493.0,,0.0,damaging,ATXN2
SYCP2 (10388)_damaging,0,0.00022001263259094778,493.4,242.59699091291301,0.0,damaging,SYCP2
MYO16 (23026)_damaging,0,6.763286390305809e-05,494.2,156.61002522188673,0.0,damaging,MYO16
ZNF687 (57592)_damaging,0,5.234523578860466e-05,494.25,118.59560137992752,0.0,damaging,ZNF687
OTOG (340990)_damaging,0,4.822488024121246e-05,495.2,130.96068112223608,0.0,damaging,OTOG
BICRA (29998)_damaging,0,5.680436532213719e-05,497.0,135.98713174414704,0.0,damaging,BICRA
COL19A1 (1310)_damaging,0,7.797473298291725e-05,497.0,188.68359759131158,0.0,damaging,COL19A1
MAP1B (4131)_damaging,0,4.504245002564832e-05,497.75,120.24523552584803,0.0,damaging,MAP1B
PKD1L1 (168507)_damaging,0,4.0398208601714856e-05,499.0,54.143328305526246,0.0,damaging,PKD1L1
AGBL1 (123624)_damaging,0,6.161390655945765e-05,499.4,152.60668399516453,0.0,damaging,AGBL1
PRX (57716)_damaging,0,4.0984308018800894e-05,500.2,75.54601246922302,0.0,damaging,PRX
ZNF536 (9745)_damaging,0,5.4116624722090616e-05,500.75,153.03240397597716,0.0,damaging,ZNF536
ASH1L (55870)_damaging,0,0.00012560607554510614,501.2,239.90143809489763,0.0,damaging,ASH1L
KCNH7 (90134)_damaging,0,4.58386314207686e-05,502.0,105.81115253129039,0.0,damaging,KCNH7
MEI1 (150365)_damaging,0,4.171881526868799e-05,502.0,90.94778721882133,0.0,damaging,MEI1
ATF7IP (55729)_damaging,0,6.608260510946649e-05,502.2,150.16224558789736,0.0,damaging,ATF7IP
ANKRD30A (91074)_damaging,0,5.646349558483317e-05,502.4,152.04867641646868,0.0,damaging,ANKRD30A
ITPR2 (3709)_damaging,0,4.2022034221028435e-05,502.4,117.08244958148082,0.0,damaging,ITPR2
CORIN (10699)_damaging,0,6.345075132318631e-05,504.6,173.1063257076413,0.0,damaging,CORIN
UNKL (64718)_damaging,0,4.3109278319711946e-05,504.75,143.3117231771358,0.0,damaging,UNKL
USP14 (9097)_damaging,0,4.416672423316795e-05,505.0,,0.0,damaging,USP14
ABCB5 (340273)_damaging,0,7.514757053073105e-05,505.2,188.73579416740216,0.0,damaging,ABCB5
RIMS2 (9699)_damaging,0,4.0065536618757524e-05,506.2,96.97783251857098,0.0,damaging,RIMS2
MAP2 (4133)_damaging,0,3.7552704508629205e-05,506.8,66.65358204927925,0.0,damaging,MAP2
NSD1 (64324)_damaging,0,6.996920250319267e-05,507.2,174.99057117456357,0.0,damaging,NSD1
SPG11 (80208)_damaging,0,6.0621027477739086e-05,507.6,177.02909365412228,0.0,damaging,SPG11
NACA (4666)_damaging,0,5.469803090618702e-05,509.6,156.46021858606744,0.0,damaging,NACA
RAPGEF2 (9693)_damaging,0,5.785732229216828e-05,509.75,190.85312852208287,0.0,damaging,RAPGEF2
LTN1 (26046)_damaging,0,5.511625496734773e-05,510.2,160.80018656705596,0.0,damaging,LTN1
ADAMTSL3 (57188)_damaging,0,5.908567833393775e-05,510.4,158.12273713795875,0.0,damaging,ADAMTSL3
NDUFV3 (4731)_damaging,0,0.0002654221074570795,510.6666666666667,323.8461568914063,0.0,damaging,NDUFV3
ROBO1 (6091)_damaging,0,5.142288975842216e-05,511.2,160.95558393544476,0.0,damaging,ROBO1
TPR (7175)_damaging,0,0.00010258119312112402,512.0,231.21851136965657,0.0,damaging,TPR
MAP7D1 (55700)_damaging,0,0.00010123782851123036,512.4,206.30996098104424,0.0,damaging,MAP7D1
ADGRL3 (23284)_damaging,0,0.00010276451683202835,514.4,203.85485032247823,0.0,damaging,ADGRL3
SPHK1 (8877)_damaging,0,3.3158692147562345e-05,515.0,49.1121166312347,0.0,damaging,SPHK1
ARFGEF3 (57221)_damaging,0,4.307785549900068e-05,515.75,140.95477998280157,0.0,damaging,ARFGEF3
EPHA7 (2045)_damaging,0,8.88674167728218e-05,516.0,181.55026852087,0.0,damaging,EPHA7
MXRA5 (25878)_damaging,0,5.605636056375716e-05,516.4,178.95893383678836,0.0,damaging,MXRA5
MYH7 (4625)_damaging,0,6.179607114303623e-05,516.4,146.43872438668674,0.0,damaging,MYH7
CACNA1G (8913)_damaging,0,4.070186555113123e-05,517.0,,0.0,damaging,CACNA1G
SZT2 (23334)_damaging,0,4.75207426062535e-05,517.0,139.34310173094326,0.0,damaging,SZT2
TP53BP1 (7158)_damaging,0,5.3742825864383094e-05,517.2,158.3546652296673,0.0,damaging,TP53BP1
BRSK1 (84446)_damaging,0,0.00013822082773904082,517.4,215.8733424950844,0.0,damaging,BRSK1
UNC80 (285175)_damaging,0,3.568917785042548e-05,517.4,105.8503660834482,0.0,damaging,UNC80
BRWD3 (254065)_damaging,0,6.472342464908926e-05,517.5,210.2197263182819,0.0,damaging,BRWD3
USP9X (8239)_damaging,0,6.619208824569162e-05,520.0,186.19479047492172,0.0,damaging,USP9X
ERICH3 (127254)_damaging,0,3.1886630510194354e-05,520.6,60.30588694315008,0.0,damaging,ERICH3
CFAP92 (57501)_damaging,0,3.868777100661312e-05,522.0,,0.0,damaging,CFAP92
HIPK3 (10114)_damaging,0,3.3863203471541005e-05,522.0,,0.0,damaging,HIPK3
MYH7B (57644)_damaging,0,3.550015070397704e-05,522.2,94.49708990228218,0.0,damaging,MYH7B
AMER1 (139285)_damaging,0,4.910136820724917e-05,524.0,140.6609398518295,0.0,damaging,AMER1
SMARCAD1 (56916)_damaging,0,7.400128433443149e-05,524.6,197.14791401381856,0.0,damaging,SMARCAD1
SPHKAP (80309)_damaging,0,4.4741473648816224e-05,524.6,140.49306032683606,0.0,damaging,SPHKAP
POLE (5426)_damaging,0,3.407529647376122e-05,525.8,79.90431778070567,0.0,damaging,POLE
MED23 (9439)_damaging,0,3.959068180252349e-05,526.4,123.73883788043267,0.0,damaging,MED23
TEP1 (7011)_damaging,0,3.292291480434432e-05,526.6,109.62116583944909,0.0,damaging,TEP1
SAMHD1 (25939)_damaging,0,3.2213107247352e-05,526.75,96.21633610428808,0.0,damaging,SAMHD1
AXDND1 (126859)_damaging,0,6.689705107630987e-05,526.8,194.03015229597693,0.0,damaging,AXDND1
UBR2 (23304)_damaging,0,2.9623939015450633e-05,527.0,,0.0,damaging,UBR2
TENM1 (10178)_damaging,0,3.2415544381795075e-05,527.4,76.72548468403441,0.0,damaging,TENM1
PPP1R3A (5506)_damaging,0,4.951962149818657e-05,527.6,158.67986639772545,0.0,damaging,PPP1R3A
COL2A1 (1280)_damaging,0,3.9638973379262455e-05,528.2,127.48607767125003,0.0,damaging,COL2A1
MDN1 (23195)_damaging,0,3.728327372336447e-05,528.4,118.13466891645314,0.0,damaging,MDN1
ADAMTS20 (80070)_damaging,0,4.4592833485945656e-05,530.0,159.14144651849813,0.0,damaging,ADAMTS20
COL6A3 (1293)_damaging,0,3.348512737487388e-05,530.2,101.99852940116342,0.0,damaging,COL6A3
SACS (26278)_damaging,0,3.705694056521204e-05,532.6,113.50242288162839,0.0,damaging,SACS
SCN8A (6334)_damaging,0,1.8971055584480173e-05,533.0,,0.0,damaging,SCN8A
ARID5B (84159)_damaging,0,5.587807995632086e-05,533.2,179.02709292171397,0.0,damaging,ARID5B
TMEM132D (121256)_damaging,0,3.3984678949042114e-05,533.2,124.85071085099997,0.0,damaging,TMEM132D
KCNB1 (3745)_damaging,0,5.680639605335099e-05,533.4,183.04999317126453,0.0,damaging,KCNB1
ARHGEF12 (23365)_damaging,0,4.136546936247027e-05,534.25,141.91869738222186,0.0,damaging,ARHGEF12
NFIA (4774)_damaging,0,6.454204566704291e-05,534.4,194.56952484908834,0.0,damaging,NFIA
PLOD3 (8985)_damaging,0,2.8585633916111083e-05,535.4,90.21806914360339,0.0,damaging,PLOD3
MYO3A (53904)_damaging,0,3.7845810921976596e-05,536.0,159.3518120386461,0.0,damaging,MYO3A
SIPA1L3 (23094)_damaging,0,5.253204653363692e-05,537.25,193.22762914931877,0.0,damaging,SIPA1L3
NRK (203447)_damaging,0,3.904078526365669e-05,537.4,131.9064062128902,0.0,damaging,NRK
SPEF2 (79925)_damaging,0,2.8780509406005373e-05,537.4,63.08169306542113,0.0,damaging,SPEF2
SH2B1 (25970)_damaging,0,3.552246434837455e-05,537.5,152.02795795510772,0.0,damaging,SH2B1
AFF2 (2334)_damaging,0,4.564133695752435e-05,537.6,165.49410865647152,0.0,damaging,AFF2
NOTCH4 (4855)_damaging,0,3.6880420311601786e-05,537.8,103.33779560257709,0.0,damaging,NOTCH4
HDAC7 (51564)_damaging,0,3.212333021710961e-05,538.0,105.95753866525968,0.0,damaging,HDAC7
LIMCH1 (22998)_damaging,0,4.794393267381827e-05,538.0,181.21396193450437,0.0,damaging,LIMCH1
FER1L6 (654463)_damaging,0,4.390806235461659e-05,538.2,175.55113215243017,0.0,damaging,FER1L6
GREB1 (9687)_damaging,0,3.138868450652148e-05,538.4,110.58842615753242,0.0,damaging,GREB1
CRAMP1 (57585)_damaging,0,3.792915450015824e-05,538.8,144.37520562755918,0.0,damaging,CRAMP1
ZC3H14 (79882)_damaging,0,4.0590461327598636e-05,539.5,205.76807332528534,0.0,damaging,ZC3H14
TDRD15 (100129278)_damaging,0,2.7944806779989663e-05,539.6,65.57286023958387,0.0,damaging,TDRD15
CUX1 (1523)_damaging,0,3.3963780539478794e-05,540.0,145.1740334908416,0.0,damaging,CUX1
INPPL1 (3636)_damaging,0,3.495058664055893e-05,540.0,133.90294993016397,0.0,damaging,INPPL1
NUP205 (23165)_damaging,0,5.753090689561189e-05,540.2,193.6393555039884,0.0,damaging,NUP205
MARF1 (9665)_damaging,0,5.0790598625870086e-05,540.5,204.35385976291224,0.0,damaging,MARF1
INSRR (3645)_damaging,0,3.374977983432429e-05,540.6,118.26791619031765,0.0,damaging,INSRR
MORC1 (27136)_damaging,0,3.832876242669634e-05,540.8,129.00852684997218,0.0,damaging,MORC1
BLTP3A (54887)_damaging,0,5.049573436528884e-05,541.5,202.93964620053913,0.0,damaging,BLTP3A
JMJD1C (221037)_damaging,0,4.3013296723087415e-05,541.8,152.32104253844903,0.0,damaging,JMJD1C
CACNA1S (779)_damaging,0,3.5138047655631355e-05,542.5,135.5814638264882,0.0,damaging,CACNA1S
B4GALNT4 (338707)_damaging,0,4.44920321871861e-05,542.8,158.7756278526399,0.0,damaging,B4GALNT4
PHKA1 (5255)_damaging,0,4.8292801429810656e-05,543.0,236.17366491630688,0.0,damaging,PHKA1
POLR2B (5431)_damaging,0,4.247396046575888e-05,543.6,156.42825831671206,0.0,damaging,POLR2B
LYST (1130)_damaging,0,3.6324189839657855e-05,544.0,150.97185168103357,0.0,damaging,LYST
WSCD2 (9671)_damaging,0,2.479980329127194e-05,544.0,,0.0,damaging,WSCD2
WWC3 (55841)_damaging,0,3.173454880399335e-05,544.0,113.35195925376264,0.0,damaging,WWC3
FSTL5 (56884)_damaging,0,3.9507252103038796e-05,544.25,136.81952833325124,0.0,damaging,FSTL5
HNF1A (6927)_damaging,0,4.319977440519737e-05,544.6,150.50182723143263,0.0,damaging,HNF1A
STAB2 (55576)_damaging,0,3.254572838268589e-05,544.8,115.13774359435747,0.0,damaging,STAB2
SLIT1 (6585)_damaging,0,2.3934887219782032e-05,545.0,45.48259740457515,0.0,damaging,SLIT1
CD36 (948)_damaging,0,4.689820404762714e-05,545.4,168.14666217323494,0.0,damaging,CD36
KIAA1549 (57670)_damaging,0,2.609602458347421e-05,545.6,56.28321241720306,0.0,damaging,KIAA1549
ASPM (259266)_damaging,0,2.8326610510896055e-05,546.2,111.74837806429228,0.0,damaging,ASPM
MAST2 (23139)_damaging,0,5.55966176692235e-05,546.2,176.50977310052835,0.0,damaging,MAST2
TRRAP (8295)_damaging,0,3.152479280821604e-05,546.2,126.9377800341569,0.0,damaging,TRRAP
TMEM94 (9772)_damaging,0,3.276648938374746e-05,546.4,122.28164212178376,0.0,damaging,TMEM94
WDR87 (83889)_damaging,0,2.7313806397553127e-05,547.0,82.48333164949146,0.0,damaging,WDR87
SYCP1 (6847)_damaging,0,2.9451518680034476e-05,547.4,109.60976233894498,0.0,damaging,SYCP1
BRSK2 (9024)_damaging,0,5.3331431488594835e-05,547.75,177.68019022952447,0.0,damaging,BRSK2
CHD5 (26038)_damaging,0,2.2703185761746225e-05,548.4,41.21650154974339,0.0,damaging,CHD5
B2M (567)_damaging,0,3.2666271937943465e-05,549.8,135.5182644516967,0.0,damaging,B2M
ARFGEF1 (10565)_damaging,0,3.280167382897651e-05,550.0,121.43722658229642,0.0,damaging,ARFGEF1
FGD6 (55785)_damaging,0,3.003691049336841e-05,550.0,,0.0,damaging,FGD6
SLC3A2 (6520)_damaging,0,3.3248648643058066e-05,550.75,124.86893128396673,0.0,damaging,SLC3A2
SMARCA4 (6597)_hotspot,0,4.9056949992271364e-05,551.4,177.74785512067368,0.0,hotspot,SMARCA4
NOTCH3 (4854)_damaging,0,2.5938417716717388e-05,553.0,85.20269948775098,0.0,damaging,NOTCH3
SCN4A (6329)_damaging,0,2.8683433076751323e-05,553.0,103.94549853969947,0.0,damaging,SCN4A
ASXL3 (80816)_damaging,0,3.221305652650051e-05,553.4,121.1767304394701,0.0,damaging,ASXL3
CHD4 (1108)_damaging,0,2.488881766515748e-05,554.0,101.05938848023968,0.0,damaging,CHD4
KDR (3791)_damaging,0,2.361791526402283e-05,554.4,74.43655016186605,0.0,damaging,KDR
MYH1 (4619)_damaging,0,4.637617281865623e-05,555.0,168.06546343612658,0.0,damaging,MYH1
ADGRB1 (575)_damaging,0,2.4395056812114745e-05,555.6666666666666,42.72391992003229,0.0,damaging,ADGRB1
TRPA1 (8989)_damaging,0,5.546563668523336e-05,556.0,191.11645664358682,0.0,damaging,TRPA1
DHX29 (54505)_damaging,0,3.43576269051689e-05,556.5,217.08178182427008,0.0,damaging,DHX29
TNK2 (10188)_damaging,0,4.3805399827398476e-05,557.2,170.00794099100196,0.0,damaging,TNK2
FANCA (2175)_damaging,0,2.0090937599843297e-05,557.3333333333334,110.88883322198556,0.0,damaging,FANCA
MRC1 (4360)_damaging,0,2.7423334099738697e-05,557.6,103.79209989204381,0.0,damaging,MRC1
THADA (63892)_damaging,0,2.8456788189092654e-05,557.6,124.63466612463804,0.0,damaging,THADA
COL4A2 (1284)_damaging,0,3.0411042750138618e-05,558.0,138.62900129482287,0.0,damaging,COL4A2
EFR3A (23167)_damaging,0,3.998542683474012e-05,558.2,150.9741699761916,0.0,damaging,EFR3A
MAGI3 (260425)_damaging,0,3.3952906967328276e-05,558.5,214.2533546995239,0.0,damaging,MAGI3
WWP1 (11059)_damaging,0,2.6190921808501477e-05,558.8,96.9468926784144,0.0,damaging,WWP1
PPIG (9360)_damaging,0,4.888784537687248e-05,559.5,193.7257511707379,0.0,damaging,PPIG
ANK1 (286)_damaging,0,3.8551501097774986e-05,559.8,176.722098222039,0.0,damaging,ANK1
ARID3B (10620)_damaging,0,2.347725667002675e-05,560.0,87.82653357613519,0.0,damaging,ARID3B
DIDO1 (11083)_damaging,0,4.4506906674875624e-05,560.0,206.09463845524948,0.0,damaging,DIDO1
WDR72 (256764)_damaging,0,3.4829692106395654e-05,561.0,167.60966559241146,0.0,damaging,WDR72
SYTL2 (54843)_damaging,0,4.125474809047649e-05,561.2,176.7786751845369,0.0,damaging,SYTL2
RHOA (387)_damaging,0,2.8822038816795518e-05,561.25,135.56886319013915,0.0,damaging,RHOA
ATRNL1 (26033)_damaging,0,3.630163213051016e-05,561.4,134.63023434578133,0.0,damaging,ATRNL1
PALB2 (79728)_damaging,0,3.0669067311242884e-05,561.8,137.17397712394288,0.0,damaging,PALB2
VPS13A (23230)_damaging,0,4.7721964094961355e-05,562.4,171.13970900991973,0.0,damaging,VPS13A
ATP2B4 (493)_damaging,0,2.623749206425104e-05,563.25,120.5774301711007,0.0,damaging,ATP2B4
JAG1 (182)_damaging,0,2.0915529598288796e-05,565.0,,0.0,damaging,JAG1
RRBP1 (6238)_damaging,0,5.1210759299731684e-05,565.0,199.2301851293289,0.0,damaging,RRBP1
AOC1 (26)_damaging,0,2.396254821259249e-05,565.5,112.42997820866105,0.0,damaging,AOC1
TNRC18 (84629)_damaging,0,2.1749853792437067e-05,566.2,65.05151804531545,0.0,damaging,TNRC18
UBR1 (197131)_damaging,0,2.5876070072022726e-05,567.0,96.00520819205592,0.0,damaging,UBR1
DSP (1832)_damaging,0,2.4672141094426267e-05,567.2,97.49461523591957,0.0,damaging,DSP
PCF11 (51585)_damaging,0,1.973079866985997e-05,567.25,91.07277309931877,0.0,damaging,PCF11
PAPPA2 (60676)_damaging,0,1.9795612111650334e-05,568.8,74.72415941313761,0.0,damaging,PAPPA2
CNTN5 (53942)_damaging,0,1.898590183884247e-05,569.0,62.70964838045259,0.0,damaging,CNTN5
HERC2 (8924)_damaging,0,2.8640942853383736e-05,569.2,132.94434925937995,0.0,damaging,HERC2
PKHD1 (5314)_damaging,0,2.718621547072236e-05,569.2,128.0144523091045,0.0,damaging,PKHD1
KIF5B (3799)_damaging,0,5.491907263634036e-05,569.5,195.03247592815578,0.0,damaging,KIF5B
PTPN21 (11099)_damaging,0,4.2769618910143984e-05,569.5,190.4459678404,0.0,damaging,PTPN21
DACH1 (1602)_damaging,0,1.820469266325736e-05,569.6666666666666,85.97867952773719,0.0,damaging,DACH1
EGFLAM (133584)_damaging,0,2.592136448822197e-05,569.75,125.0209982362963,0.0,damaging,EGFLAM
CHRM3 (1131)_damaging,0,2.7531086662358287e-05,570.4,137.51836241026143,0.0,damaging,CHRM3
CRB1 (23418)_damaging,0,2.0626856188364932e-05,570.6666666666666,136.18492329671935,0.0,damaging,CRB1
EFCAB5 (374786)_damaging,0,5.350316561101518e-05,571.2,174.90483126546275,0.0,damaging,EFCAB5
PLXNA3 (55558)_damaging,0,2.1704951961333812e-05,571.2,110.86793945952094,0.0,damaging,PLXNA3
ESRP1 (54845)_damaging,0,3.0068503968829563e-05,571.8,152.70625396492443,0.0,damaging,ESRP1
KCNQ3 (3786)_damaging,0,2.5235975331044134e-05,573.4,113.31504754444576,0.0,damaging,KCNQ3
LRRIQ1 (84125)_damaging,0,2.0527867656110498e-05,573.4,80.90302837347932,0.0,damaging,LRRIQ1
CHD2 (1106)_damaging,0,2.553776616296207e-05,574.0,132.5745073534124,0.0,damaging,CHD2
MAP1A (4130)_damaging,0,2.266554288979969e-05,574.2,110.10313347039674,0.0,damaging,MAP1A
FYB2 (199920)_damaging,0,2.5201630482043338e-05,574.3333333333334,154.61026270378474,0.0,damaging,FYB2
FREM2 (341640)_damaging,0,3.4368605068981654e-05,574.8,161.2225170377885,0.0,damaging,FREM2
TOGARAM1 (23116)_damaging,0,1.7433272422380953e-05,575.0,66.59329295557224,0.0,damaging,TOGARAM1
SKOR2 (652991)_damaging,0,3.168267312937482e-05,575.25,163.14078786945547,0.0,damaging,SKOR2
IQGAP1 (8826)_damaging,0,2.5756610265909887e-05,576.0,145.27732101054175,0.0,damaging,IQGAP1
RPL5 (6125)_damaging,0,2.522756872085893e-05,576.0,132.93607486307093,0.0,damaging,RPL5
SPTAN1 (6709)_damaging,0,2.4673080644730652e-05,576.0,145.2836306447954,0.0,damaging,SPTAN1
TAL1 (6886)_damaging,0,1.7296277821587105e-05,576.2,70.8074854799971,0.0,damaging,TAL1
ENTREP2 (23359)_damaging,0,1.827274921323171e-05,576.5,96.87362902255701,0.0,damaging,ENTREP2
SPTBN1 (6711)_damaging,0,2.1182922737646906e-05,576.5,124.33958876131662,0.0,damaging,SPTBN1
COL5A3 (50509)_damaging,0,2.7385720804895703e-05,576.8,144.55690920879567,0.0,damaging,COL5A3
FLT4 (2324)_damaging,0,2.274714878293866e-05,577.0,115.09561242723375,0.0,damaging,FLT4
A2M (2)_damaging,0,2.1412964041921092e-05,577.4,108.39418803607508,0.0,damaging,A2M
CPSF1 (29894)_damaging,0,2.0326550944342118e-05,577.4,93.92177596276596,0.0,damaging,CPSF1
HPS5 (11234)_damaging,0,3.145981886123464e-05,578.5,185.969083452062,0.0,damaging,HPS5
TRIM24 (8805)_damaging,0,2.8455894920980963e-05,578.75,156.39346746800732,0.0,damaging,TRIM24
CNGB1 (1258)_damaging,0,1.1667278123239588e-05,579.6666666666666,28.023799409311604,0.0,damaging,CNGB1
ARSK (153642)_damaging,0,1.8935429500593058e-05,580.0,83.24662155306966,0.0,damaging,ARSK
H3-4 (8290)_damaging,0,1.6305506478973613e-05,580.0,52.05766033928148,0.0,damaging,H3-4
MAN2B1 (4125)_damaging,0,7.65668653156118e-06,580.0,,0.0,damaging,MAN2B1
ODAD2 (55130)_damaging,0,3.572706425838516e-05,580.0,169.04141504376966,0.0,damaging,ODAD2
MUCL3 (135656)_damaging,0,1.6886606347059527e-05,580.25,76.75665009191928,0.0,damaging,MUCL3
PLEKHA6 (22874)_damaging,0,1.8348610893085722e-05,580.4,73.9344304096542,0.0,damaging,PLEKHA6
ZNF609 (23060)_damaging,0,9.767751736571859e-05,580.4,218.39940476109362,0.0,damaging,ZNF609
DMXL1 (1657)_damaging,0,1.6782834691706442e-05,580.8,62.80684676052446,0.0,damaging,DMXL1
IRS1 (3667)_damaging,0,2.292171437046116e-05,581.6,130.25091170506255,0.0,damaging,IRS1
KCNG2 (26251)_damaging,0,1.73623173900586e-05,581.6,63.912440103629265,0.0,damaging,KCNG2
PREX2 (80243)_damaging,0,2.186984502145936e-05,581.6,105.91175572144954,0.0,damaging,PREX2
CPS1 (1373)_damaging,0,1.7950264503301073e-05,581.8,93.66803083229624,0.0,damaging,CPS1
SULF1 (23213)_damaging,0,2.4445930712726324e-05,581.8,122.82792842020908,0.0,damaging,SULF1
COL27A1 (85301)_damaging,0,2.0602841430357763e-05,582.0,107.50348831549607,0.0,damaging,COL27A1
ARHGAP35 (2909)_damaging,0,2.779250318182544e-05,582.2,145.08342427720683,0.0,damaging,ARHGAP35
NRG3 (10718)_damaging,0,1.956569837266298e-05,582.5,132.22896808188437,0.0,damaging,NRG3
FMN1 (342184)_damaging,0,1.9868860746098424e-05,582.75,129.8008089343052,0.0,damaging,FMN1
CRYBG3 (131544)_damaging,0,1.7930442689757664e-05,582.8,91.88416620941825,0.0,damaging,CRYBG3
BLM (641)_damaging,0,2.3050508018607512e-05,583.0,131.45911912073655,0.0,damaging,BLM
CASKIN2 (57513)_damaging,0,2.244832712355307e-05,583.0,124.72369462135092,0.0,damaging,CASKIN2
ADGRG4 (139378)_damaging,0,1.8408835272872516e-05,583.6,90.12935148995581,0.0,damaging,ADGRG4
KIF21A (55605)_damaging,0,5.261132964889306e-05,584.2,191.19806484376352,0.0,damaging,KIF21A
ZNF831 (128611)_damaging,0,1.7944517120027036e-05,584.4,75.99868419913597,0.0,damaging,ZNF831
PCDH10 (57575)_damaging,0,2.3640492173268273e-05,584.6,114.97521472039094,0.0,damaging,PCDH10
ANO6 (196527)_damaging,0,2.5073672110488584e-05,585.0,176.7766952966369,0.0,damaging,ANO6
NEK10 (152110)_damaging,0,1.647505708110476e-05,585.0,,0.0,damaging,NEK10
COL11A1 (1301)_damaging,0,1.4268901394671584e-05,586.8,17.880156598866797,0.0,damaging,COL11A1
SALL1 (6299)_damaging,0,2.3839643980523116e-05,587.0,131.90716432400478,0.0,damaging,SALL1
MED12 (9968)_damaging,0,1.4638636727773304e-05,587.2,53.07730211681826,0.0,damaging,MED12
CARD11 (84433)_damaging,0,3.92139345912835e-05,587.8,169.9402836292796,0.0,damaging,CARD11
STAB1 (23166)_damaging,0,2.0922819379643648e-05,588.2,102.09897159129467,0.0,damaging,STAB1
SETD1B (23067)_damaging,0,4.3444043322355305e-05,588.4,182.00357139353065,0.0,damaging,SETD1B
FREM1 (158326)_damaging,0,1.8679142840897373e-05,588.6,86.09181145730412,0.0,damaging,FREM1
SORCS3 (22986)_damaging,0,2.952761725066088e-05,589.0,143.38584309477696,0.0,damaging,SORCS3
DTX4 (23220)_damaging,0,2.466701434620351e-05,589.5,135.0573952066306,0.0,damaging,DTX4
KIF26A (26153)_damaging,0,3.550771611447833e-05,589.6,166.0265039082616,0.0,damaging,KIF26A
ZFP36L2 (678)_damaging,0,1.739650982798867e-05,589.8,108.72764137973378,0.0,damaging,ZFP36L2
RASA2 (5922)_damaging,0,1.724742202740653e-05,590.0,124.54985614871929,0.0,damaging,RASA2
AFDN (4301)_damaging,0,2.0664988605650353e-05,590.2,136.19361218500666,0.0,damaging,AFDN
ASCC3 (10973)_damaging,0,1.7749141141693072e-05,590.25,93.5926457224783,0.0,damaging,ASCC3
AGGF1 (55109)_damaging,0,1.328637531885774e-05,590.5,77.07463914933368,0.0,damaging,AGGF1
HNRNPUL1 (11100)_damaging,0,2.1204542476745056e-05,590.5,112.42997820866105,0.0,damaging,HNRNPUL1
MTIF2 (4528)_damaging,0,1.6643616502634658e-05,590.5,77.07463914933368,0.0,damaging,MTIF2
USP34 (9736)_damaging,0,1.902254378554591e-05,591.2,104.51411387941823,0.0,damaging,USP34
SOX9 (6662)_damaging,0,1.9074035105655054e-05,591.8,117.59761902351595,0.0,damaging,SOX9
CCDC73 (493860)_damaging,0,1.9183836929266378e-05,592.0,117.81128978158249,0.0,damaging,CCDC73
CTNNA3 (29119)_damaging,0,1.631404564283026e-05,592.0,74.95331880577403,0.0,damaging,CTNNA3
EPHA3 (2042)_damaging,0,1.5122071532578475e-05,592.4,79.05883884803774,0.0,damaging,EPHA3
ZNF208 (7757)_damaging,0,1.7699704977199092e-05,593.0,90.19977827023743,0.0,damaging,ZNF208
THSD7A (221981)_damaging,0,1.8905869175439077e-05,593.2,113.29695494584132,0.0,damaging,THSD7A
IQUB (154865)_damaging,0,2.4398596753851774e-05,594.0,148.2329248176666,0.0,damaging,IQUB
MLH1 (4292)_damaging,0,3.2828085229861334e-05,594.0,158.052206564793,0.0,damaging,MLH1
VWDE (221806)_damaging,0,3.4002527231934107e-05,594.0,169.77779595695074,0.0,damaging,VWDE
DCDC1 (341019)_damaging,0,2.714335268974952e-05,595.2,146.9190253166689,0.0,damaging,DCDC1
TTK (7272)_damaging,0,1.3307729695453082e-05,595.25,84.48816485165244,0.0,damaging,TTK
ADAMTS12 (81792)_damaging,0,2.21671054515066e-05,595.4,126.53181418125641,0.0,damaging,ADAMTS12
NOS3 (4846)_damaging,0,2.385244973516842e-05,595.4,144.90790178592746,0.0,damaging,NOS3
RUNX1 (861)_damaging,0,1.1431930008154559e-05,595.5,16.263455967290593,0.0,damaging,RUNX1
GTF3C1 (2975)_damaging,0,2.3810091856720968e-05,595.6,144.47594955562676,0.0,damaging,GTF3C1
ADGRB3 (577)_damaging,0,1.4665116176226946e-05,595.8,99.19778223327374,0.0,damaging,ADGRB3
BAZ2B (29994)_damaging,0,1.766143339995888e-05,596.0,87.50238091998793,0.0,damaging,BAZ2B
CDH12 (1010)_damaging,0,5.547995149473667e-06,596.0,15.556349186104045,0.0,damaging,CDH12
MEGF8 (1954)_damaging,0,1.5999028619131364e-05,596.2,86.82280806331941,0.0,damaging,MEGF8
NALCN (259232)_damaging,0,1.3487459068782003e-05,596.2,52.827076390805516,0.0,damaging,NALCN
KCNQ1 (3784)_damaging,0,1.56537449494503e-05,596.8,96.8230344494532,0.0,damaging,KCNQ1
ITSN2 (50618)_damaging,0,1.534554804843959e-05,597.6,77.78367437965372,0.0,damaging,ITSN2
SVEP1 (79987)_damaging,0,1.5980276569118213e-05,597.6,96.68660713873456,0.0,damaging,SVEP1
SLC26A3 (1811)_damaging,0,1.99987672799931e-05,598.0,,0.0,damaging,SLC26A3
DUOX2 (50506)_damaging,0,1.3747383235143532e-05,598.2,74.42916095187424,0.0,damaging,DUOX2
MAP3K12 (7786)_damaging,0,2.745757945224511e-05,598.8,146.16668567084636,0.0,damaging,MAP3K12
SMC1B (27127)_damaging,0,1.4499211721230967e-05,599.2,106.3329676064766,0.0,damaging,SMC1B
YLPM1 (56252)_damaging,0,2.068998420017562e-05,599.4,124.66073960954989,0.0,damaging,YLPM1
FAM135B (51059)_damaging,0,1.1105596893237109e-05,600.0,27.184554438136374,0.0,damaging,FAM135B
SMARCA1 (6594)_damaging,0,1.73879465923338e-05,600.0,78.2368199762746,0.0,damaging,SMARCA1
DENND2C (163259)_damaging,0,1.074306163566571e-05,600.3333333333334,49.57149718672347,0.0,damaging,DENND2C
COL9A1 (1297)_damaging,0,1.5595246587429345e-05,600.5,120.52800504447089,0.0,damaging,COL9A1
IGSF9 (57549)_damaging,0,1.6766253242710695e-05,600.5,119.50104602052653,0.0,damaging,IGSF9
STAT2 (6773)_damaging,0,1.4039300775524027e-05,600.6666666666666,55.80621231846266,0.0,damaging,STAT2
CNTN4 (152330)_damaging,0,2.7417009259820326e-05,600.8,151.03377105799882,0.0,damaging,CNTN4
PTPRD (5789)_damaging,0,1.6233469677262555e-05,600.8,97.06544184208919,0.0,damaging,PTPRD
TENM3 (55714)_damaging,0,1.2725294897790514e-05,600.8,61.73086748135004,0.0,damaging,TENM3
FES (2242)_damaging,0,1.971474426796396e-05,601.0,129.78700499921658,0.0,damaging,FES
GPS2 (2874)_damaging,0,7.579611028483273e-06,601.0,62.22539674441618,0.0,damaging,GPS2
ZNF638 (27332)_damaging,0,1.6089194205415693e-05,602.2,114.94650929889083,0.0,damaging,ZNF638
FLG2 (388698)_damaging,0,1.3708345837306902e-05,602.25,101.65751324914456,0.0,damaging,FLG2
MYO7A (4647)_damaging,0,1.718520729709316e-05,602.4,110.40969160359067,0.0,damaging,MYO7A
TIE1 (7075)_damaging,0,1.2217000168349558e-05,603.5,58.642987645582984,0.0,damaging,TIE1
COL5A1 (1289)_damaging,0,3.156447364984946e-05,604.0,166.0346349410267,0.0,damaging,COL5A1
LEPR (3953)_damaging,0,1.5128345014840141e-05,604.5,107.89037646302535,0.0,damaging,LEPR
ASPH (444)_damaging,0,1.8099701732380643e-05,605.0,82.02438661763951,0.0,damaging,ASPH
BPTF (2186)_damaging,0,1.1527470625397977e-05,605.0,61.23316095058298,0.0,damaging,BPTF
UBAP2L (9898)_damaging,0,1.0777276931161988e-05,605.0,87.34605505306654,0.0,damaging,UBAP2L
RIMS1 (22999)_damaging,0,1.298475708678334e-05,605.6,76.96947446877886,0.0,damaging,RIMS1
EPB41L3 (23136)_damaging,0,1.1325895937969797e-05,606.25,73.54533749101071,0.0,damaging,EPB41L3
PLEKHA7 (144100)_damaging,0,1.504717393207722e-05,606.4,119.48347166030958,0.0,damaging,PLEKHA7
TCF20 (6942)_damaging,0,1.1664116458318309e-05,606.6,88.84987338201445,0.0,damaging,TCF20
ZZEF1 (23140)_damaging,0,1.5981880820704282e-05,606.6,105.18697638015841,0.0,damaging,ZZEF1
TDRD6 (221400)_damaging,0,1.033513374894823e-05,606.75,84.09667056429761,0.0,damaging,TDRD6
NLRP9 (338321)_damaging,0,1.3756143925274183e-05,606.8,115.02043296736454,0.0,damaging,NLRP9
BRD10 (158358)_damaging,0,0.0,607.0,,0.0,damaging,BRD10
CEP152 (22995)_damaging,0,0.0,607.0,,0.0,damaging,CEP152
CLCN3 (1182)_damaging,0,0.0,607.0,,0.0,damaging,CLCN3
CROCC2 (728763)_damaging,0,0.0,607.0,,0.0,damaging,CROCC2
DENND4A (10260)_damaging,0,0.0,607.0,,0.0,damaging,DENND4A
DIAPH3 (81624)_damaging,0,0.0,607.0,,0.0,damaging,DIAPH3
DNAI3 (126820)_damaging,0,0.0,607.0,,0.0,damaging,DNAI3
EML3 (256364)_damaging,0,0.0,607.0,,0.0,damaging,EML3
ERCC6 (2074)_damaging,0,0.0,607.0,,0.0,damaging,ERCC6
GPRC6A (222545)_damaging,0,0.0,607.0,,0.0,damaging,GPRC6A
GREB1L (80000)_damaging,0,0.0,607.0,,0.0,damaging,GREB1L
INTS1 (26173)_damaging,0,0.0,607.0,,0.0,damaging,INTS1
INTS2 (57508)_damaging,0,0.0,607.0,,0.0,damaging,INTS2
LRGUK (136332)_damaging,0,0.0,607.0,,0.0,damaging,LRGUK
MAN1A2 (10905)_damaging,0,0.0,607.0,,0.0,damaging,MAN1A2
NCAPD2 (9918)_damaging,0,0.0,607.0,,0.0,damaging,NCAPD2
NLRP8 (126205)_damaging,0,0.0,607.0,,0.0,damaging,NLRP8
NPHS1 (4868)_damaging,0,0.0,607.0,,0.0,damaging,NPHS1
PLEKHH3 (79990)_damaging,0,0.0,607.0,,0.0,damaging,PLEKHH3
PRKN (5071)_damaging,0,0.0,607.0,,0.0,damaging,PRKN
REXO1 (57455)_damaging,0,0.0,607.0,,0.0,damaging,REXO1
SH3PXD2A (9644)_damaging,0,0.0,607.0,,0.0,damaging,SH3PXD2A
SLCO1C1 (53919)_damaging,0,0.0,607.0,,0.0,damaging,SLCO1C1
SMC5 (23137)_damaging,0,0.0,607.0,,0.0,damaging,SMC5
TET3 (200424)_damaging,0,0.0,607.0,,0.0,damaging,TET3
TTF2 (8458)_damaging,0,0.0,607.0,,0.0,damaging,TTF2
DCHS1 (8642)_damaging,0,1.3411618353463325e-05,607.4,86.56384926746269,0.0,damaging,DCHS1
IFT172 (26160)_damaging,0,1.1962469085171778e-05,608.25,81.32803944519996,0.0,damaging,IFT172
RGL2 (5863)_damaging,0,8.320121882284975e-06,609.0,,0.0,damaging,RGL2
BMPR2 (659)_damaging,0,1.4449652388627334e-05,609.4,99.19324573780213,0.0,damaging,BMPR2
TNRC6B (23112)_damaging,0,1.5951830147382842e-05,609.4,114.95346884718181,0.0,damaging,TNRC6B
AP4E1 (23431)_damaging,0,1.572049264299275e-05,610.0,140.0,0.0,damaging,AP4E1
ITGA8 (8516)_damaging,0,9.827723473213317e-06,610.0,83.4146270146909,0.0,damaging,ITGA8
CACNA1D (776)_damaging,0,1.5201549425873848e-05,610.3333333333334,96.77465232866162,0.0,damaging,CACNA1D
SDK2 (54549)_damaging,0,9.734229887936302e-06,610.4,32.516149833582695,0.0,damaging,SDK2
DTX1 (1840)_damaging,0,1.056027420701346e-05,611.25,68.88335551253776,0.0,damaging,DTX1
NBEAL1 (65065)_damaging,0,1.10107187415366e-05,612.6,70.21965536799509,0.0,damaging,NBEAL1
CTNNA2 (1496)_damaging,0,1.1140534219655532e-05,612.8,76.8615638664736,0.0,damaging,CTNNA2
GOLGA2 (2801)_damaging,0,2.084921049996675e-05,613.2,145.70072065710588,0.0,damaging,GOLGA2
RIF1 (55183)_damaging,0,1.367350388976218e-05,613.4,115.00130434042913,0.0,damaging,RIF1
WNT1 (7471)_damaging,0,9.915696620102195e-06,613.4,77.83508206458062,0.0,damaging,WNT1
SCN11A (11280)_damaging,0,9.054275573809342e-06,613.6,18.595698427324532,0.0,damaging,SCN11A
DGKB (1607)_damaging,0,6.783928096762741e-06,613.6666666666666,31.50132272355136,0.0,damaging,DGKB
ADGB (79747)_damaging,0,1.372043878243029e-05,613.8,105.70099337281555,0.0,damaging,ADGB
RBM10 (8241)_damaging,0,1.1543289682798253e-05,614.0,67.50308634919344,0.0,damaging,RBM10
NPAS3 (64067)_damaging,0,1.3072225179058093e-05,614.2,113.32122484336286,0.0,damaging,NPAS3
WIZ (58525)_damaging,0,1.1444292015692118e-05,614.2,89.00393249739024,0.0,damaging,WIZ
NIN (51199)_damaging,0,9.252189327584814e-06,614.6,52.63363943335098,0.0,damaging,NIN
CHD3 (1107)_damaging,0,1.5513387758891465e-05,614.8,124.88274500506465,0.0,damaging,CHD3
MALRD1 (340895)_damaging,0,1.2110989041754357e-05,616.4,108.71890360006397,0.0,damaging,MALRD1
PDZD2 (23037)_damaging,0,1.0656291869293739e-05,616.4,84.37890731693554,0.0,damaging,PDZD2
TRPM1 (4308)_damaging,0,1.0187229645017221e-05,616.6,75.6591038804981,0.0,damaging,TRPM1
TNRC6A (27327)_damaging,0,8.786283105359553e-06,616.8,57.05874166155438,0.0,damaging,TNRC6A
C7 (730)_damaging,0,1.0156125959644208e-05,617.0,70.92601779319067,0.0,damaging,C7
CEP120 (153241)_damaging,0,1.3235973261146539e-05,617.0,80.61637550770935,0.0,damaging,CEP120
ZNF711 (7552)_damaging,0,1.0716199001929487e-05,617.0,105.05712731652241,0.0,damaging,ZNF711
ACIN1 (22985)_damaging,0,1.1850296299249437e-05,617.2,107.05232365530418,0.0,damaging,ACIN1
AFF1 (4299)_damaging,0,9.76562995281614e-06,617.5,108.89291375781376,0.0,damaging,AFF1
PLXNC1 (10154)_damaging,0,1.585259567006634e-05,617.75,117.5879103763081,0.0,damaging,PLXNC1
ATAD5 (79915)_damaging,0,1.7388716318773222e-05,618.2,134.6799910899908,0.0,damaging,ATAD5
BRD3 (8019)_damaging,0,9.227831032770446e-06,618.8,69.00507227733334,0.0,damaging,BRD3
CRLF1 (9244)_damaging,0,3.83656008621085e-06,619.0,16.97056274847714,0.0,damaging,CRLF1
SHPRH (257218)_damaging,0,8.362256364875355e-06,619.6,46.96594510919587,0.0,damaging,SHPRH
ADAMTSL2 (9719)_damaging,0,1.0714647209690153e-05,620.0,101.25216047077713,0.0,damaging,ADAMTSL2
MAP3K21 (84451)_damaging,0,1.3133334840007774e-05,620.0,128.48735346328837,0.0,damaging,MAP3K21
MMP12 (4321)_damaging,0,1.3240462759777284e-05,620.0,134.81468762712763,0.0,damaging,MMP12
NCOA3 (8202)_damaging,0,9.643396848775313e-06,620.3333333333334,79.90828075570974,0.0,damaging,NCOA3
EGFR (1956)_damaging,0,1.1738535225855112e-05,620.6666666666666,79.34943814125803,0.0,damaging,EGFR
COL28A1 (340267)_damaging,0,1.1096015161516784e-05,620.8,112.17709213560495,0.0,damaging,COL28A1
INF2 (64423)_damaging,0,8.036795925547718e-06,621.0,59.45166103650932,0.0,damaging,INF2
QSER1 (79832)_damaging,0,1.0900704004434715e-05,621.0,111.75643158225839,0.0,damaging,QSER1
TAF1L (138474)_damaging,0,5.421226409615161e-06,621.0,45.978255730290606,0.0,damaging,TAF1L
TRIP10 (9322)_damaging,0,1.4026622274669026e-05,621.0,125.86500705120545,0.0,damaging,TRIP10
ZBTB21 (49854)_damaging,0,1.4603770526281831e-05,621.0,120.99862258169169,0.0,damaging,ZBTB21
IQSEC2 (23096)_damaging,0,1.5312260471347045e-05,621.2,128.080833851127,0.0,damaging,IQSEC2
ADAMTS13 (11093)_damaging,0,8.43942268938361e-06,621.25,78.09556112012172,0.0,damaging,ADAMTS13
ZMYM1 (79830)_damaging,0,1.4256627431127309e-05,621.25,120.51106449893581,0.0,damaging,ZMYM1
CDK13 (8621)_damaging,0,9.201078861452312e-06,621.4,74.00878326252905,0.0,damaging,CDK13
COL20A1 (57642)_damaging,0,8.069293261522215e-06,621.4,73.92766735126979,0.0,damaging,COL20A1
ELP1 (8518)_damaging,0,8.895912325267064e-06,621.5,100.14156646135177,0.0,damaging,ELP1
SLFN5 (162394)_damaging,0,7.803888153332715e-06,622.0,32.526911934581186,0.0,damaging,SLFN5
KIF27 (55582)_damaging,0,9.000876407440125e-06,622.2,72.37195589453141,0.0,damaging,KIF27
AHR (196)_damaging,0,9.537483872576644e-06,622.4,94.0388217705858,0.0,damaging,AHR
KCNB2 (9312)_damaging,0,8.846710790887206e-06,622.4,62.85141207642036,0.0,damaging,KCNB2
PRUNE2 (158471)_damaging,0,1.025562846116593e-05,622.4,108.81773752472527,0.0,damaging,PRUNE2
PTPRM (5797)_damaging,0,9.807804649313277e-06,622.5,65.75966342168529,0.0,damaging,PTPRM
RUSC2 (9853)_damaging,0,1.0130465232830951e-05,623.0,107.56161025198536,0.0,damaging,RUSC2
RGL1 (23179)_damaging,0,1.359047445098484e-05,623.2,123.6879137183581,0.0,damaging,RGL1
MUTYH (4595)_damaging,0,8.59522456703043e-06,623.6,62.15947232723264,0.0,damaging,MUTYH
MYO18A (399687)_damaging,0,8.46141448049713e-06,623.8,69.12090855884347,0.0,damaging,MYO18A
ABCA10 (10349)_damaging,0,6.863375132502454e-06,624.0,36.55817282086183,0.0,damaging,ABCA10
PRDM9 (56979)_damaging,0,8.046136299276018e-06,624.0,73.5436378394941,0.0,damaging,PRDM9
RBM6 (10180)_damaging,0,9.624785633503e-06,624.0,105.47274529469686,0.0,damaging,RBM6
COL4A4 (1286)_damaging,0,9.34724556032097e-06,624.4,88.1095908513937,0.0,damaging,COL4A4
TRIB3 (57761)_damaging,0,3.0658450316220258e-06,624.5,24.748737341529164,0.0,damaging,TRIB3
SHANK1 (50944)_damaging,0,8.663796844797352e-06,624.6,76.15970062966372,0.0,damaging,SHANK1
INPP4B (8821)_damaging,0,1.1608388329883393e-05,625.0,,0.0,damaging,INPP4B
EVPL (2125)_damaging,0,1.1337557886629134e-05,625.5,83.97023282092292,0.0,damaging,EVPL
SPATA16 (83893)_damaging,0,9.947071680389743e-06,625.6666666666666,40.61198509471474,0.0,damaging,SPATA16
ALK (238)_damaging,0,7.461151624405424e-06,626.0,50.87730338766,0.0,damaging,ALK
CCDC40 (55036)_damaging,0,0.0,626.0,26.870057685088806,0.0,damaging,CCDC40
CNOT1 (23019)_damaging,0,0.0,626.0,26.870057685088806,0.0,damaging,CNOT1
CR1 (1378)_damaging,0,0.0,626.0,26.870057685088806,0.0,damaging,CR1
DOCK1 (1793)_damaging,0,0.0,626.0,26.870057685088806,0.0,damaging,DOCK1
GRIA4 (2893)_damaging,0,0.0,626.0,26.870057685088806,0.0,damaging,GRIA4
HDAC5 (10014)_damaging,0,0.0,626.0,26.870057685088806,0.0,damaging,HDAC5
LTK (4058)_damaging,0,0.0,626.0,26.870057685088806,0.0,damaging,LTK
MRPS10 (55173)_damaging,0,0.0,626.0,26.870057685088806,0.0,damaging,MRPS10
PCDH17 (27253)_damaging,0,0.0,626.0,26.870057685088806,0.0,damaging,PCDH17
PIK3C2A (5286)_damaging,0,0.0,626.0,26.870057685088806,0.0,damaging,PIK3C2A
RAPGEF5 (9771)_damaging,0,0.0,626.0,26.870057685088806,0.0,damaging,RAPGEF5
TCF7L2 (6934)_damaging,0,8.24621139976368e-06,626.0,76.2856474050001,0.0,damaging,TCF7L2
VWA5B2 (90113)_damaging,0,0.0,626.0,26.870057685088806,0.0,damaging,VWA5B2
ZNF668 (79759)_damaging,0,0.0,626.0,26.870057685088806,0.0,damaging,ZNF668
EIF5B (9669)_damaging,0,7.894249672352934e-06,626.2,80.37847970694645,0.0,damaging,EIF5B
SPEG (10290)_damaging,0,1.2461382729747708e-05,626.4,116.14129325954659,0.0,damaging,SPEG
CCDC18 (343099)_damaging,0,8.836947457175527e-06,626.5,26.16295090390226,0.0,damaging,CCDC18
RSU1P2 (100133308)_damaging,0,6.783236096441237e-06,626.5,82.73149339882606,0.0,damaging,RSU1P2
NAV2 (89797)_damaging,0,8.211226159580995e-06,626.6,100.07147445700998,0.0,damaging,NAV2
BAHCC1 (57597)_damaging,0,6.498623251777264e-06,627.0,66.1324428703492,0.0,damaging,BAHCC1
PLA2R1 (22925)_damaging,0,7.3452950844121715e-06,627.0,62.72559286288175,0.0,damaging,PLA2R1
DPP10 (57628)_damaging,0,6.7233900641892325e-06,627.6,51.62654356045928,0.0,damaging,DPP10
MUC5B (727897)_damaging,0,7.770892836858832e-06,627.8,74.26102611733829,0.0,damaging,MUC5B
MXRA8 (54587)_damaging,0,6.8834528181816394e-06,628.0,60.76183012385325,0.0,damaging,MXRA8
ABL2 (27)_damaging,0,1.113154791253483e-05,628.2,112.73287009563803,0.0,damaging,ABL2
ATP8A1 (10396)_damaging,0,1.00779808346658e-05,628.3333333333334,120.45054310103102,0.0,damaging,ATP8A1
MLLT10 (8028)_damaging,0,3.3034045462996245e-06,628.3333333333334,19.425069712444618,0.0,damaging,MLLT10
CACNA1C (775)_damaging,0,7.102986021238897e-06,628.4,52.98395983691668,0.0,damaging,CACNA1C
ADAM22 (53616)_damaging,0,8.794475873844957e-06,628.5,23.33452377915607,0.0,damaging,ADAM22
NRXN1 (9378)_damaging,0,7.271579267430088e-06,628.6,63.45313231039112,0.0,damaging,NRXN1
PLCB4 (5332)_damaging,0,6.620467228730582e-06,629.2,55.80501769554418,0.0,damaging,PLCB4
CDH15 (1013)_damaging,0,5.153171709043662e-06,629.25,78.58487980097274,0.0,damaging,CDH15
CARMIL3 (90668)_damaging,0,1.129634891408801e-05,629.5,104.4876388223347,0.0,damaging,CARMIL3
AEBP1 (165)_damaging,0,7.522606372942781e-06,629.8,71.89019404619798,0.0,damaging,AEBP1
EMILIN1 (11117)_damaging,0,9.001334000286466e-06,630.0,57.97413216254298,0.0,damaging,EMILIN1
SCN7A (6332)_damaging,0,6.726037561650832e-06,631.2,70.68026598704904,0.0,damaging,SCN7A
LTBP1 (4052)_damaging,0,1.035965814888093e-05,631.25,115.35271995059325,0.0,damaging,LTBP1
NR3C1 (2908)_damaging,0,1.1907112704256189e-05,631.5,75.66042558696059,0.0,damaging,NR3C1
CR2 (1380)_damaging,0,9.607428247145571e-06,632.0,104.43897739828746,0.0,damaging,CR2
PZP (5858)_damaging,0,6.257041930044819e-06,632.0,18.384776310850235,0.0,damaging,PZP
NOTCH2 (4853)_damaging,0,5.872177448128654e-06,632.2,52.751303301435115,0.0,damaging,NOTCH2
DYNC1H1 (1778)_damaging,0,6.348957458255073e-06,632.6,59.944140664455276,0.0,damaging,DYNC1H1
LRRK1 (79705)_damaging,0,5.69723952446715e-06,633.0,51.278650528265665,0.0,damaging,LRRK1
EML6 (400954)_damaging,0,5.693372491603244e-06,633.2,50.91365239304678,0.0,damaging,EML6
EPPK1 (83481)_damaging,0,6.301774355520045e-06,633.25,53.518688324733816,0.0,damaging,EPPK1
GUCY2C (2984)_damaging,0,4.401036844143801e-06,633.25,29.848227194703988,0.0,damaging,GUCY2C
RPGR (6103)_damaging,0,1.1373171528164957e-05,633.3333333333334,100.16652800877814,0.0,damaging,RPGR
SEMA3E (9723)_damaging,0,5.688846430830258e-06,633.4,50.549975272001866,0.0,damaging,SEMA3E
PRR12 (57479)_damaging,0,5.639663753956251e-06,633.6,50.18764788272111,0.0,damaging,PRR12
FLNC (2318)_damaging,0,5.8430174518674165e-06,633.8,71.11750839280016,0.0,damaging,FLNC
WAPL (23063)_damaging,0,6.055821810292239e-06,634.4,72.64158588577207,0.0,damaging,WAPL
ST18 (9705)_damaging,0,4.845783698823718e-06,634.5,38.89730067755346,0.0,damaging,ST18
CCNB3 (85417)_damaging,0,5.4261003206542016e-06,635.0,39.730341050637854,0.0,damaging,CCNB3
NIPBL (25836)_damaging,0,5.254369822104902e-06,636.2,61.09991816688465,0.0,damaging,NIPBL
SHROOM2 (357)_damaging,0,8.16839750712843e-06,636.6666666666666,18.929694486000894,0.0,damaging,SHROOM2
TTC14 (151613)_damaging,0,7.023565141424086e-06,636.6666666666666,94.51631252505216,0.0,damaging,TTC14
LZTR1 (8216)_damaging,0,5.176103378438076e-06,637.0,55.88828141927429,0.0,damaging,LZTR1
HIVEP1 (3096)_damaging,0,4.602547522619216e-06,638.0,42.62628297189422,0.0,damaging,HIVEP1
FRMPD4 (9758)_damaging,0,0.0,638.5,44.54772721475249,0.0,damaging,FRMPD4
MORC4 (79710)_damaging,0,0.0,638.5,44.54772721475249,0.0,damaging,MORC4
MGAM2 (93432)_damaging,0,6.011995383146413e-06,639.0,68.18724220849528,0.0,damaging,MGAM2
PCNX3 (399909)_damaging,0,4.852164283018712e-06,639.2,63.86861514077161,0.0,damaging,PCNX3
HECTD4 (283450)_damaging,0,8.402266594852353e-06,639.25,99.54354156180433,0.0,damaging,HECTD4
SCN9A (6335)_damaging,0,4.436293570500196e-06,640.4,23.319519720611734,0.0,damaging,SCN9A
NUMA1 (4926)_damaging,0,0.0,640.6666666666666,31.722757341273667,0.0,damaging,NUMA1
PHLDB1 (23187)_damaging,0,0.0,640.6666666666666,31.722757341273667,0.0,damaging,PHLDB1
SLIT3 (6586)_damaging,0,0.0,640.6666666666666,31.722757341273667,0.0,damaging,SLIT3
ZC3H12B (340554)_damaging,0,0.0,640.6666666666666,31.722757341273667,0.0,damaging,ZC3H12B
LIFR (3977)_damaging,0,6.521022856061373e-06,641.0,,0.0,damaging,LIFR
CTTNBP2 (83992)_damaging,0,4.206590601017893e-06,641.2,35.11694747554234,0.0,damaging,CTTNBP2
FAAH (2166)_damaging,0,5.8849681445701566e-06,641.25,52.35376458925057,0.0,damaging,FAAH
SLC4A10 (57282)_damaging,0,3.617402376456708e-06,641.75,67.39621651101788,0.0,damaging,SLC4A10
LOXL3 (84695)_damaging,0,6.740900565205726e-06,642.5,93.13968005098577,0.0,damaging,LOXL3
CHD9 (80205)_damaging,0,5.512502936619715e-06,642.6,81.52484283946826,0.0,damaging,CHD9
DDX27 (55661)_damaging,0,5.961959849092708e-06,642.8,60.3133484396282,0.0,damaging,DDX27
RXFP1 (59350)_damaging,0,3.674353878400535e-06,642.8,50.59347784052801,0.0,damaging,RXFP1
CBLN2 (147381)_damaging,0,9.010931839015095e-06,643.0,95.22079604792222,0.0,damaging,CBLN2
GABRG2 (2566)_damaging,0,4.104400357060781e-06,643.0,45.71651780264983,0.0,damaging,GABRG2
MMS22L (253714)_damaging,0,5.411360881653473e-06,643.0,80.66907709897269,0.0,damaging,MMS22L
PLXNB1 (5364)_damaging,0,3.5796734065738234e-06,643.0,67.59807689572241,0.0,damaging,PLXNB1
ZNF716 (441234)_damaging,0,1.2250604609813456e-05,643.0,,0.0,damaging,ZNF716
ABI3BP (25890)_damaging,0,4.540156362920342e-06,643.2,52.87910740547726,0.0,damaging,ABI3BP
ZC3H13 (23091)_damaging,0,3.5297811812264618e-06,643.2,35.17385392589217,0.0,damaging,ZC3H13
VWF (7450)_damaging,0,3.683993621139041e-06,643.4,35.36665095821204,0.0,damaging,VWF
COL16A1 (1307)_damaging,0,4.416529249637142e-06,643.8,43.882798452240955,0.0,damaging,COL16A1
MED15 (51586)_damaging,0,3.0117281534969177e-06,644.0,1.4142135623730951,0.0,damaging,MED15
MECOM (2122)_damaging,0,3.942153537996782e-06,644.4,43.832636242872724,0.0,damaging,MECOM
TSC1 (7248)_damaging,0,4.087204982368923e-06,644.6666666666666,39.06831623366093,0.0,damaging,TSC1
AFF3 (3899)_damaging,0,0.0,645.0,,0.0,damaging,AFF3
AMER3 (205147)_damaging,0,0.0,645.0,,0.0,damaging,AMER3
AP3B2 (8120)_damaging,0,0.0,645.0,,0.0,damaging,AP3B2
CCDC178 (374864)_damaging,0,3.4402538588036014e-06,645.0,47.428894146922715,0.0,damaging,CCDC178
CIITA (4261)_damaging,0,0.0,645.0,,0.0,damaging,CIITA
CPD (1362)_damaging,0,0.0,645.0,,0.0,damaging,CPD
CYP7A1 (1581)_damaging,0,0.0,645.0,,0.0,damaging,CYP7A1
DAB2IP (153090)_damaging,0,0.0,645.0,,0.0,damaging,DAB2IP
DACH2 (117154)_damaging,0,0.0,645.0,,0.0,damaging,DACH2
DENND4B (9909)_damaging,0,0.0,645.0,,0.0,damaging,DENND4B
ELK3 (2004)_damaging,0,0.0,645.0,,0.0,damaging,ELK3
EPRS1 (2058)_damaging,0,0.0,645.0,,0.0,damaging,EPRS1
FIGNL1 (63979)_damaging,0,0.0,645.0,,0.0,damaging,FIGNL1
GBA2 (57704)_damaging,0,0.0,645.0,,0.0,damaging,GBA2
GNAS (2778)_damaging,0,0.0,645.0,,0.0,damaging,GNAS
HAND2 (9464)_damaging,0,0.0,645.0,,0.0,damaging,HAND2
HERC5 (51191)_damaging,0,0.0,645.0,,0.0,damaging,HERC5
IQSEC1 (9922)_damaging,0,0.0,645.0,,0.0,damaging,IQSEC1
LAMB2 (3913)_damaging,0,0.0,645.0,,0.0,damaging,LAMB2
LRRIQ3 (127255)_damaging,0,0.0,645.0,,0.0,damaging,LRRIQ3
MAN2B2 (23324)_damaging,0,0.0,645.0,,0.0,damaging,MAN2B2
MAP2K4 (6416)_damaging,0,0.0,645.0,,0.0,damaging,MAP2K4
NUP210 (23225)_damaging,0,0.0,645.0,,0.0,damaging,NUP210
OCA2 (4948)_damaging,0,0.0,645.0,,0.0,damaging,OCA2
PROM2 (150696)_damaging,0,8.49952028243196e-06,645.0,,0.0,damaging,PROM2
PSD3 (23362)_damaging,0,0.0,645.0,,0.0,damaging,PSD3
PXN (5829)_damaging,0,0.0,645.0,,0.0,damaging,PXN
RASAL2 (9462)_damaging,0,0.0,645.0,,0.0,damaging,RASAL2
RIGI (23586)_damaging,0,9.304739119816769e-06,645.0,91.92388155425118,0.0,damaging,RIGI
RXFP2 (122042)_damaging,0,0.0,645.0,,0.0,damaging,RXFP2
SALL4 (57167)_damaging,0,0.0,645.0,,0.0,damaging,SALL4
SEC31B (25956)_damaging,0,0.0,645.0,,0.0,damaging,SEC31B
SEMA6C (10500)_damaging,0,0.0,645.0,,0.0,damaging,SEMA6C
SETDB1 (9869)_damaging,0,0.0,645.0,,0.0,damaging,SETDB1
SSH2 (85464)_damaging,0,0.0,645.0,,0.0,damaging,SSH2
SYNGAP1 (8831)_damaging,0,0.0,645.0,,0.0,damaging,SYNGAP1
SYNRG (11276)_damaging,0,0.0,645.0,,0.0,damaging,SYNRG
TOP2B (7155)_damaging,0,0.0,645.0,,0.0,damaging,TOP2B
TRPM3 (80036)_damaging,0,0.0,645.0,,0.0,damaging,TRPM3
TTC28 (23331)_damaging,0,0.0,645.0,,0.0,damaging,TTC28
TTLL6 (284076)_damaging,0,0.0,645.0,,0.0,damaging,TTLL6
TXNDC11 (51061)_damaging,0,0.0,645.0,,0.0,damaging,TXNDC11
WDR97 (340390)_damaging,0,0.0,645.0,,0.0,damaging,WDR97
ZNF407 (55628)_damaging,0,0.0,645.0,,0.0,damaging,ZNF407
ANKIB1 (54467)_damaging,0,3.2128351219180577e-06,645.4,63.232112095042346,0.0,damaging,ANKIB1
EPG5 (57724)_damaging,0,0.0,645.6666666666666,39.00427327016021,0.0,damaging,EPG5
MCTP1 (79772)_damaging,0,0.0,645.6666666666666,39.00427327016021,0.0,damaging,MCTP1
MRC2 (9902)_damaging,0,0.0,645.6666666666666,39.00427327016021,0.0,damaging,MRC2
MYPN (84665)_damaging,0,0.0,645.6666666666666,39.00427327016021,0.0,damaging,MYPN
PCDH19 (57526)_damaging,0,0.0,645.6666666666666,39.00427327016021,0.0,damaging,PCDH19
R3HDM2 (22864)_damaging,0,0.0,645.6666666666666,39.00427327016021,0.0,damaging,R3HDM2
SLF2 (55719)_damaging,0,0.0,645.6666666666666,39.00427327016021,0.0,damaging,SLF2
F5 (2153)_damaging,0,3.043642384439044e-06,645.8,32.38363784382477,0.0,damaging,F5
LY75 (4065)_damaging,0,3.179701605004564e-06,645.8,62.519596927683416,0.0,damaging,LY75
MYOF (26509)_damaging,0,3.351945926086537e-06,645.8,41.91300514160253,0.0,damaging,MYOF
ADCY10 (55811)_damaging,0,0.0,646.0,55.154328932550705,0.0,damaging,ADCY10
ADGRG6 (57211)_damaging,0,0.0,646.0,55.154328932550705,0.0,damaging,ADGRG6
CLTC (1213)_damaging,0,0.0,646.0,55.154328932550705,0.0,damaging,CLTC
CORO7 (79585)_damaging,0,0.0,646.0,55.154328932550705,0.0,damaging,CORO7
EPHA6 (285220)_damaging,0,0.0,646.0,55.154328932550705,0.0,damaging,EPHA6
F8 (2157)_damaging,0,2.9630419291080443e-06,646.0,32.202484376209235,0.0,damaging,F8
MICAL2 (9645)_damaging,0,0.0,646.0,55.154328932550705,0.0,damaging,MICAL2
MYO1B (4430)_damaging,0,0.0,646.0,55.154328932550705,0.0,damaging,MYO1B
TFE3 (7030)_damaging,0,0.0,646.0,55.154328932550705,0.0,damaging,TFE3
ZNF90 (7643)_damaging,0,0.0,646.0,55.154328932550705,0.0,damaging,ZNF90
LOXHD1 (125336)_damaging,0,2.833945526888473e-06,647.0,31.376742979474454,0.0,damaging,LOXHD1
CNTN1 (1272)_damaging,0,3.491287662386724e-06,647.4,33.30615558721842,0.0,damaging,CNTN1
DEPDC5 (9681)_damaging,0,2.7142176817422315e-06,648.0,30.69201850644562,0.0,damaging,DEPDC5
NYAP1 (222950)_damaging,0,7.926970525155796e-06,648.0,,0.0,damaging,NYAP1
FRYL (285527)_damaging,0,4.3232608156313026e-06,648.4,58.496153719710506,0.0,damaging,FRYL
BRIP1 (83990)_damaging,0,5.577900773148904e-06,648.5,4.949747468305833,0.0,damaging,BRIP1
HFM1 (164045)_damaging,0,2.666443886441566e-06,648.6,57.6740843013567,0.0,damaging,HFM1
MAP9 (79884)_damaging,0,2.8416392496785475e-06,648.8,48.736023637551725,0.0,damaging,MAP9
A2ML1 (144568)_damaging,0,4.99711814353098e-06,649.0,59.10160742314882,0.0,damaging,A2ML1
KIF26B (55083)_damaging,0,2.8389026851157677e-06,649.0,48.471641193588646,0.0,damaging,KIF26B
PIK3CG (5294)_damaging,0,2.5791027671783275e-06,649.0,30.157917700000443,0.0,damaging,PIK3CG
NSD3 (54904)_damaging,0,3.1748926813539068e-06,649.3333333333334,33.70954365359063,0.0,damaging,NSD3
WDFY4 (57705)_damaging,0,2.4069886165853097e-06,649.4,56.340926509953675,0.0,damaging,WDFY4
IGF2R (3482)_damaging,0,3.7641413926683906e-06,649.75,66.15826982824345,0.0,damaging,IGF2R
ICE1 (23379)_damaging,0,3.138158976839221e-06,650.2,43.45917624621985,0.0,damaging,ICE1
GRM1 (2911)_damaging,0,3.0784313903298335e-06,650.25,48.931073971454985,0.0,damaging,GRM1
SRCAP (10847)_damaging,0,2.8237469985257146e-06,650.4,37.32023579775455,0.0,damaging,SRCAP
CDH18 (1016)_damaging,0,2.4067439425363833e-06,650.6,29.63612660250997,0.0,damaging,CDH18
PLXNB2 (23654)_damaging,0,2.496138261505874e-06,650.6,46.45750746650104,0.0,damaging,PLXNB2
ABCA8 (10351)_damaging,0,3.6793065374655047e-06,651.0,63.776955085673386,0.0,damaging,ABCA8
FIRRM (55732)_damaging,0,3.1910546898361296e-06,651.0,53.113086899558006,0.0,damaging,FIRRM
PKDREJ (10343)_damaging,0,2.4452723774115023e-06,651.0,40.614036982304526,0.0,damaging,PKDREJ
KTN1 (3895)_damaging,0,2.2483565918640203e-06,651.6,45.296799003903125,0.0,damaging,KTN1
RPGRIP1 (57096)_damaging,0,5.0917788422807484e-06,651.6666666666666,80.36375634160797,0.0,damaging,RPGRIP1
CACNA1H (8912)_damaging,0,0.0,651.75,34.09178786746157,0.0,damaging,CACNA1H
COL15A1 (1306)_damaging,0,0.0,651.75,34.09178786746157,0.0,damaging,COL15A1
DOCK5 (80005)_damaging,0,0.0,651.75,34.09178786746157,0.0,damaging,DOCK5
FOLH1 (2346)_damaging,0,0.0,651.75,34.09178786746157,0.0,damaging,FOLH1
FUBP3 (8939)_damaging,0,0.0,651.75,34.09178786746157,0.0,damaging,FUBP3
ITPR3 (3710)_damaging,0,0.0,651.75,34.09178786746157,0.0,damaging,ITPR3
LUZP1 (7798)_damaging,0,0.0,651.75,34.09178786746157,0.0,damaging,LUZP1
NBN (4683)_damaging,0,0.0,651.75,34.09178786746157,0.0,damaging,NBN
PEAK1 (79834)_damaging,0,0.0,651.75,34.09178786746157,0.0,damaging,PEAK1
PPM1D (8493)_damaging,0,0.0,651.75,34.09178786746157,0.0,damaging,PPM1D
PROX1 (5629)_damaging,0,0.0,651.75,34.09178786746157,0.0,damaging,PROX1
PTPRG (5793)_damaging,0,0.0,651.75,34.09178786746157,0.0,damaging,PTPRG
SORCS1 (114815)_damaging,0,0.0,651.75,34.09178786746157,0.0,damaging,SORCS1
UBE3C (9690)_damaging,0,0.0,651.75,34.09178786746157,0.0,damaging,UBE3C
ZMIZ1 (57178)_damaging,0,0.0,651.75,34.09178786746157,0.0,damaging,ZMIZ1
ZNF318 (24149)_damaging,0,0.0,651.75,34.09178786746157,0.0,damaging,ZNF318
HIF1A (3091)_damaging,0,2.7868713098513257e-06,651.8,41.55357986984997,0.0,damaging,HIF1A
ANKRD12 (23253)_damaging,0,2.4007301422251033e-06,652.0,33.34666400106613,0.0,damaging,ANKRD12
SHANK2 (22941)_damaging,0,3.4882379365852298e-06,652.0,54.662601474865795,0.0,damaging,SHANK2
DPP4 (1803)_damaging,0,4.665197170244216e-06,652.5,45.96194077712559,0.0,damaging,DPP4
CFAP65 (255101)_damaging,0,1.9525390688258328e-06,652.8,44.013634251218114,0.0,damaging,CFAP65
CNNM2 (54805)_damaging,0,5.726500770692068e-06,653.3333333333334,49.11551010967242,0.0,damaging,CNNM2
RALGAPA2 (57186)_damaging,0,4.845165654021198e-06,653.5,37.758001359535264,0.0,damaging,RALGAPA2
CASP8AP2 (9994)_damaging,0,1.8990539203632936e-06,653.6,29.812748950742524,0.0,damaging,CASP8AP2
SLC44A5 (204962)_damaging,0,4.712379556007047e-06,653.75,58.93145736079047,0.0,damaging,SLC44A5
ALDH1L2 (160428)_damaging,0,0.0,654.0,52.08646657242167,0.0,damaging,ALDH1L2
ARHGEF1 (9138)_damaging,0,0.0,654.0,52.08646657242167,0.0,damaging,ARHGEF1
BRINP3 (339479)_damaging,0,0.0,654.0,52.08646657242167,0.0,damaging,BRINP3
CCDC9B (388115)_damaging,0,0.0,654.0,52.08646657242167,0.0,damaging,CCDC9B
CILP (8483)_damaging,0,0.0,654.0,52.08646657242167,0.0,damaging,CILP
DAZAP1 (26528)_damaging,0,0.0,654.0,52.08646657242167,0.0,damaging,DAZAP1
DVL1 (1855)_damaging,0,0.0,654.0,41.38840417314975,0.0,damaging,DVL1
EIF4G3 (8672)_damaging,0,0.0,654.0,52.08646657242167,0.0,damaging,EIF4G3
ELF3 (1999)_damaging,0,0.0,654.0,52.08646657242167,0.0,damaging,ELF3
EPS8 (2059)_damaging,0,0.0,654.0,41.38840417314975,0.0,damaging,EPS8
HIP1R (9026)_damaging,0,0.0,654.0,41.38840417314975,0.0,damaging,HIP1R
MYH4 (4622)_damaging,0,0.0,654.0,52.08646657242167,0.0,damaging,MYH4
NECTIN3 (25945)_damaging,0,0.0,654.0,52.08646657242167,0.0,damaging,NECTIN3
PLCB3 (5331)_damaging,0,0.0,654.0,52.08646657242167,0.0,damaging,PLCB3
RAPGEF6 (51735)_damaging,0,0.0,654.0,52.08646657242167,0.0,damaging,RAPGEF6
RBM44 (375316)_damaging,0,0.0,654.0,52.08646657242167,0.0,damaging,RBM44
CEP128 (145508)_damaging,0,1.6770471947507284e-06,654.4,42.506470095739544,0.0,damaging,CEP128
USP26 (83844)_damaging,0,1.7612931030948402e-06,654.6,38.24003138074026,0.0,damaging,USP26
ANK2 (287)_damaging,0,2.5469189897266237e-06,654.8,49.72625061272969,0.0,damaging,ANK2
CDH7 (1005)_damaging,0,1.5865733459485528e-06,654.8,30.301815127150387,0.0,damaging,CDH7
GPR161 (23432)_damaging,0,4.8093615158495795e-06,655.0,50.7444578254611,0.0,damaging,GPR161
TTC6 (319089)_damaging,0,2.6555922562794932e-06,655.0,41.83300132670378,0.0,damaging,TTC6
LRBA (987)_damaging,0,1.5911436464083815e-06,655.2,41.847341612102426,0.0,damaging,LRBA
ZNF521 (25925)_damaging,0,2.1774771777976886e-06,655.3333333333334,63.28770286029771,0.0,damaging,ZNF521
EPHA5 (2044)_damaging,0,4.6162571620294255e-06,655.5,52.05445866269928,0.0,damaging,EPHA5
NOS1 (4842)_damaging,0,2.614322885406902e-06,655.6666666666666,38.55299383100272,0.0,damaging,NOS1
USP6 (9098)_damaging,0,1.3763821579520727e-06,655.8,30.882033611794427,0.0,damaging,USP6
CLSPN (63967)_damaging,0,1.3069982155773702e-06,656.0,37.96489606641027,0.0,damaging,CLSPN
TOP2A (7153)_damaging,0,2.0162702517983182e-06,656.2,38.67428085950662,0.0,damaging,TOP2A
COL4A5 (1287)_damaging,0,4.0500454982779054e-06,656.5,54.08943211632626,0.0,damaging,COL4A5
DNAH2 (146754)_damaging,0,1.4979125547584169e-06,657.0,37.54330832518626,0.0,damaging,DNAH2
ROR2 (4920)_damaging,0,3.7579431663293524e-06,657.0,44.86275366789991,0.0,damaging,ROR2
TUT7 (79670)_damaging,0,7.127017804613766e-06,657.0,,0.0,damaging,TUT7
CACNA1B (774)_damaging,0,1.939913097887291e-06,657.4,46.111820610338086,0.0,damaging,CACNA1B
EXPH5 (23086)_damaging,0,1.184801107375553e-06,657.4,32.11385993617086,0.0,damaging,EXPH5
ADAMTS19 (171019)_damaging,0,0.0,657.5,17.67766952966369,0.0,damaging,ADAMTS19
DDC (1644)_damaging,0,0.0,657.5,17.67766952966369,0.0,damaging,DDC
EPB41L5 (57669)_damaging,0,0.0,657.5,17.67766952966369,0.0,damaging,EPB41L5
ERN2 (10595)_damaging,0,0.0,657.5,17.67766952966369,0.0,damaging,ERN2
FOXN3 (1112)_damaging,0,0.0,657.5,17.67766952966369,0.0,damaging,FOXN3
PDZD8 (118987)_damaging,0,0.0,657.5,17.67766952966369,0.0,damaging,PDZD8
PTK7 (5754)_damaging,0,0.0,657.5,17.67766952966369,0.0,damaging,PTK7
SLC26A5 (375611)_damaging,0,0.0,657.5,17.67766952966369,0.0,damaging,SLC26A5
VWA3B (200403)_damaging,0,0.0,657.5,17.67766952966369,0.0,damaging,VWA3B
XPO7 (23039)_damaging,0,0.0,657.5,17.67766952966369,0.0,damaging,XPO7
ARHGEF17 (9828)_damaging,0,0.0,658.0,43.27431878916948,0.0,damaging,ARHGEF17
ATG2A (23130)_damaging,0,0.0,658.0,43.27431878916948,0.0,damaging,ATG2A
CALCR (799)_damaging,0,0.0,658.0,43.27431878916948,0.0,damaging,CALCR
CAMSAP1 (157922)_damaging,0,0.0,658.0,43.27431878916948,0.0,damaging,CAMSAP1
GLB1L2 (89944)_damaging,0,0.0,658.0,43.27431878916948,0.0,damaging,GLB1L2
GRIA2 (2891)_damaging,0,0.0,658.0,43.27431878916948,0.0,damaging,GRIA2
MARCO (8685)_damaging,0,0.0,658.0,43.27431878916948,0.0,damaging,MARCO
MARK4 (57787)_damaging,0,0.0,658.0,43.27431878916948,0.0,damaging,MARK4
OR4P4 (81300)_damaging,0,0.0,658.0,43.27431878916948,0.0,damaging,OR4P4
PTPRN2 (5799)_damaging,0,0.0,658.0,43.27431878916948,0.0,damaging,PTPRN2
TMEM131 (23505)_damaging,0,0.0,658.0,43.27431878916948,0.0,damaging,TMEM131
TPO (7173)_damaging,0,0.0,658.0,43.27431878916948,0.0,damaging,TPO
TSPOAP1 (9256)_damaging,0,0.0,658.0,43.27431878916948,0.0,damaging,TSPOAP1
XRN1 (54464)_damaging,0,0.0,658.0,43.27431878916948,0.0,damaging,XRN1
RALGAPB (57148)_damaging,0,1.3228365339716011e-06,658.2,37.47932763537788,0.0,damaging,RALGAPB
CACNA1F (778)_damaging,0,0.0,658.5,72.8319984622144,0.0,damaging,CACNA1F
CCDC171 (203238)_damaging,0,0.0,658.5,72.8319984622144,0.0,damaging,CCDC171
DLC1 (10395)_damaging,0,0.0,658.5,72.8319984622144,0.0,damaging,DLC1
DNA2 (1763)_damaging,0,0.0,658.5,72.8319984622144,0.0,damaging,DNA2
NARF (26502)_damaging,0,0.0,658.5,72.8319984622144,0.0,damaging,NARF
NYAP2 (57624)_damaging,0,0.0,658.5,72.8319984622144,0.0,damaging,NYAP2
SPTB (6710)_damaging,0,0.0,658.5,72.8319984622144,0.0,damaging,SPTB
COL25A1 (84570)_damaging,0,1.049459543214576e-06,658.6,33.26108837666019,0.0,damaging,COL25A1
WNK2 (65268)_damaging,0,9.753281706514396e-07,659.0,39.679969758053,0.0,damaging,WNK2
CHEK2 (11200)_damaging,0,3.3400660663209848e-06,659.25,41.339045304247975,0.0,damaging,CHEK2
SAFB2 (9667)_damaging,0,9.563752010763052e-07,659.4,39.55123259773328,0.0,damaging,SAFB2
SSC5D (284297)_damaging,0,1.144121117547515e-06,659.4,42.59460059678926,0.0,damaging,SSC5D
NES (10763)_damaging,0,1.3994773197538812e-06,659.8,38.86772439955805,0.0,damaging,NES
PRMT8 (56341)_damaging,0,3.155202204259394e-06,660.0,,0.0,damaging,PRMT8
GLI3 (2737)_damaging,0,8.870150886361089e-07,660.2,39.35352589031889,0.0,damaging,GLI3
MMRN1 (22915)_damaging,0,3.2293707229950543e-06,660.25,47.71704796680812,0.0,damaging,MMRN1
TRPM6 (140803)_damaging,0,1.0793615130730115e-06,660.6,37.92492584040211,0.0,damaging,TRPM6
ADGRL4 (64123)_damaging,0,8.55252270995223e-07,660.8,44.166729559703654,0.0,damaging,ADGRL4
GON4L (54856)_damaging,0,1.6324254534861707e-08,661.5,45.096193483116366,0.0,damaging,GON4L
JCAD (57608)_damaging,0,1.464739374092008e-06,661.5,45.39089482851525,0.0,damaging,JCAD
SLCO1B3 (28234)_damaging,0,3.0979569879936723e-06,661.5,38.02192350035262,0.0,damaging,SLCO1B3
ADAM23 (8745)_damaging,0,0.0,661.75,45.26496069441203,0.0,damaging,ADAM23
ANKAR (150709)_damaging,0,0.0,661.75,45.26496069441203,0.0,damaging,ANKAR
ANKS1B (56899)_damaging,0,0.0,661.75,45.26496069441203,0.0,damaging,ANKS1B
ATXN1 (6310)_damaging,0,0.0,661.75,45.26496069441203,0.0,damaging,ATXN1
C2CD3 (26005)_damaging,0,0.0,661.75,45.26496069441203,0.0,damaging,C2CD3
CDH11 (1009)_damaging,0,0.0,661.75,45.26496069441203,0.0,damaging,CDH11
DOCK11 (139818)_damaging,0,0.0,661.75,45.26496069441203,0.0,damaging,DOCK11
EPHA2 (1969)_damaging,0,0.0,661.75,45.26496069441203,0.0,damaging,EPHA2
GRID2 (2895)_damaging,0,0.0,661.75,45.26496069441203,0.0,damaging,GRID2
HCN4 (10021)_damaging,0,0.0,661.75,45.26496069441203,0.0,damaging,HCN4
KCNH4 (23415)_damaging,0,0.0,661.75,45.26496069441203,0.0,damaging,KCNH4
KNL1 (57082)_damaging,0,0.0,661.75,45.26496069441203,0.0,damaging,KNL1
MTA1 (9112)_damaging,0,0.0,661.75,45.26496069441203,0.0,damaging,MTA1
MUC12 (10071)_damaging,0,0.0,661.75,45.26496069441203,0.0,damaging,MUC12
MYOCD (93649)_damaging,0,0.0,661.75,45.26496069441203,0.0,damaging,MYOCD
PTPN12 (5782)_damaging,0,0.0,661.75,45.26496069441203,0.0,damaging,PTPN12
RBL2 (5934)_damaging,0,0.0,661.75,45.26496069441203,0.0,damaging,RBL2
SCNN1B (6338)_damaging,0,0.0,661.75,45.26496069441203,0.0,damaging,SCNN1B
SKIC3 (9652)_damaging,0,0.0,661.75,45.26496069441203,0.0,damaging,SKIC3
SLC16A12 (387700)_damaging,0,0.0,661.75,45.26496069441203,0.0,damaging,SLC16A12
TICAM1 (148022)_damaging,0,0.0,661.75,45.26496069441203,0.0,damaging,TICAM1
TRIP12 (9320)_damaging,0,0.0,661.75,45.26496069441203,0.0,damaging,TRIP12
USP16 (10600)_damaging,0,0.0,661.75,45.26496069441203,0.0,damaging,USP16
ZIM3 (114026)_damaging,0,0.0,661.75,45.26496069441203,0.0,damaging,ZIM3
ZMYM4 (9202)_damaging,0,0.0,661.75,45.26496069441203,0.0,damaging,ZMYM4
MED12L (116931)_damaging,0,8.568392460703743e-07,662.0,38.52920969861697,0.0,damaging,MED12L
ABCC11 (85320)_damaging,0,0.0,662.3333333333334,51.92622972384318,0.0,damaging,ABCC11
C2orf42 (54980)_damaging,0,0.0,662.3333333333334,51.92622972384318,0.0,damaging,C2orf42
CEP250 (11190)_damaging,0,0.0,662.3333333333334,51.92622972384318,0.0,damaging,CEP250
DPP6 (1804)_damaging,0,1.6418274133798567e-06,662.3333333333334,62.179846681487824,0.0,damaging,DPP6
OBSL1 (23363)_damaging,0,0.0,662.3333333333334,51.92622972384318,0.0,damaging,OBSL1
PRRC2C (23215)_damaging,0,0.0,662.3333333333334,51.92622972384318,0.0,damaging,PRRC2C
TRPM7 (54822)_damaging,0,0.0,662.3333333333334,51.92622972384318,0.0,damaging,TRPM7
TTC21B (79809)_damaging,0,0.0,662.3333333333334,51.92622972384318,0.0,damaging,TTC21B
ZNF608 (57507)_damaging,0,0.0,662.3333333333334,51.92622972384318,0.0,damaging,ZNF608
ELOA (6924)_damaging,0,3.966199951724589e-07,662.4,39.227541345335425,0.0,damaging,ELOA
WNK3 (65267)_damaging,0,2.760255061704744e-06,662.75,53.761045376740945,0.0,damaging,WNK3
AP3B1 (8546)_damaging,0,1.5781949914133364e-07,662.8,39.27085433244355,0.0,damaging,AP3B1
KMT2E (55904)_damaging,0,1.9952503057892252e-07,662.8,38.49935064387451,0.0,damaging,KMT2E
KDM5A (5927)_damaging,0,2.233278946900604e-07,663.0,39.10882253405234,0.0,damaging,KDM5A
KIAA0825 (285600)_damaging,0,3.219598536913276e-06,663.0,20.29778313018444,0.0,damaging,KIAA0825
ABCA7 (10347)_damaging,0,0.0,663.4,39.37384918953188,0.0,damaging,ABCA7
ABCC8 (6833)_damaging,0,0.0,663.4,39.37384918953188,0.0,damaging,ABCC8
ACACA (31)_damaging,0,0.0,663.4,39.37384918953188,0.0,damaging,ACACA
ADAMTS16 (170690)_damaging,0,0.0,663.4,39.37384918953188,0.0,damaging,ADAMTS16
ADAMTS3 (9508)_damaging,0,0.0,663.4,39.37384918953188,0.0,damaging,ADAMTS3
ADAMTSL4 (54507)_damaging,0,0.0,663.4,39.37384918953188,0.0,damaging,ADAMTSL4
AGO1 (26523)_damaging,0,0.0,663.4,39.37384918953188,0.0,damaging,AGO1
AKAP7 (9465)_damaging,0,0.0,663.4,39.37384918953188,0.0,damaging,AKAP7
ALPK2 (115701)_damaging,0,0.0,663.4,39.37384918953188,0.0,damaging,ALPK2
ANKRD31 (256006)_damaging,0,0.0,663.4,39.37384918953188,0.0,damaging,ANKRD31
ARMC3 (219681)_damaging,0,0.0,663.4,39.37384918953188,0.0,damaging,ARMC3
ATAD2B (54454)_damaging,0,0.0,663.4,39.37384918953188,0.0,damaging,ATAD2B
ATG2B (55102)_damaging,0,0.0,663.4,39.37384918953188,0.0,damaging,ATG2B
ATXN7 (6314)_damaging,0,0.0,663.4,39.37384918953188,0.0,damaging,ATXN7
AXIN1 (8312)_damaging,0,0.0,663.4,39.37384918953188,0.0,damaging,AXIN1
BDP1 (55814)_damaging,0,0.0,663.4,39.37384918953188,0.0,damaging,BDP1
BTBD8 (284697)_damaging,0,0.0,663.4,39.37384918953188,0.0,damaging,BTBD8
C6 (729)_damaging,0,0.0,663.4,39.37384918953188,0.0,damaging,C6
CACNA1A (773)_damaging,0,0.0,663.4,39.37384918953188,0.0,damaging,CACNA1A
CAD (790)_damaging,0,0.0,663.4,39.37384918953188,0.0,damaging,CAD
CAMSAP2 (23271)_damaging,0,0.0,663.4,39.37384918953188,0.0,damaging,CAMSAP2
CAMSAP3 (57662)_damaging,0,0.0,663.4,39.37384918953188,0.0,damaging,CAMSAP3
CCDC141 (285025)_damaging,0,0.0,663.4,39.37384918953188,0.0,damaging,CCDC141
CEP162 (22832)_damaging,0,0.0,663.4,39.37384918953188,0.0,damaging,CEP162
CHD8 (57680)_damaging,0,0.0,663.4,39.37384918953188,0.0,damaging,CHD8
CNTLN (54875)_damaging,0,0.0,663.4,39.37384918953188,0.0,damaging,CNTLN
CNTNAP4 (85445)_damaging,0,0.0,663.4,39.37384918953188,0.0,damaging,CNTNAP4
CNTRL (11064)_damaging,0,0.0,663.4,39.37384918953188,0.0,damaging,CNTRL
COL12A1 (1303)_damaging,0,0.0,663.4,39.37384918953188,0.0,damaging,COL12A1
COL18A1 (80781)_damaging,0,0.0,663.4,39.37384918953188,0.0,damaging,COL18A1
COL24A1 (255631)_damaging,0,0.0,663.4,39.37384918953188,0.0,damaging,COL24A1
COL4A1 (1282)_damaging,0,0.0,663.4,39.37384918953188,0.0,damaging,COL4A1
CPAMD8 (27151)_damaging,0,0.0,663.4,39.37384918953188,0.0,damaging,CPAMD8
CSF2RB (1439)_damaging,0,0.0,663.4,39.37384918953188,0.0,damaging,CSF2RB
CTNND1 (1500)_damaging,0,0.0,663.4,39.37384918953188,0.0,damaging,CTNND1
DDX60 (55601)_damaging,0,0.0,663.4,39.37384918953188,0.0,damaging,DDX60
DHX38 (9785)_damaging,0,0.0,663.4,39.37384918953188,0.0,damaging,DHX38
DMBT1 (1755)_damaging,0,0.0,663.4,39.37384918953188,0.0,damaging,DMBT1
DMXL2 (23312)_damaging,0,0.0,663.4,39.37384918953188,0.0,damaging,DMXL2
DNAH17 (8632)_damaging,0,0.0,663.4,39.37384918953188,0.0,damaging,DNAH17
DSCAML1 (57453)_damaging,0,0.0,663.4,39.37384918953188,0.0,damaging,DSCAML1
DZIP3 (9666)_damaging,0,0.0,663.4,39.37384918953188,0.0,damaging,DZIP3
E2F7 (144455)_damaging,0,0.0,663.4,39.37384918953188,0.0,damaging,E2F7
EML5 (161436)_damaging,0,0.0,663.4,39.37384918953188,0.0,damaging,EML5
EPHB6 (2051)_damaging,0,0.0,663.4,39.37384918953188,0.0,damaging,EPHB6
ERBB4 (2066)_damaging,0,0.0,663.4,39.37384918953188,0.0,damaging,ERBB4
ERRFI1 (54206)_damaging,0,0.0,663.4,39.37384918953188,0.0,damaging,ERRFI1
FANCM (57697)_damaging,0,0.0,663.4,39.37384918953188,0.0,damaging,FANCM
FIGN (55137)_damaging,0,0.0,663.4,39.37384918953188,0.0,damaging,FIGN
FLNB (2317)_damaging,0,0.0,663.4,39.37384918953188,0.0,damaging,FLNB
FNDC1 (84624)_damaging,0,0.0,663.4,39.37384918953188,0.0,damaging,FNDC1
FRY (10129)_damaging,0,0.0,663.4,39.37384918953188,0.0,damaging,FRY
GLI1 (2735)_damaging,0,0.0,663.4,39.37384918953188,0.0,damaging,GLI1
GPR158 (57512)_damaging,0,0.0,663.4,39.37384918953188,0.0,damaging,GPR158
HDAC4 (9759)_damaging,0,0.0,663.4,39.37384918953188,0.0,damaging,HDAC4
HECW2 (57520)_damaging,0,0.0,663.4,39.37384918953188,0.0,damaging,HECW2
HELZ2 (85441)_damaging,0,0.0,663.4,39.37384918953188,0.0,damaging,HELZ2
HIVEP2 (3097)_damaging,0,0.0,663.4,39.37384918953188,0.0,damaging,HIVEP2
HTT (3064)_damaging,0,0.0,663.4,39.37384918953188,0.0,damaging,HTT
IGSF10 (285313)_damaging,0,0.0,663.4,39.37384918953188,0.0,damaging,IGSF10
IGSF9B (22997)_damaging,0,0.0,663.4,39.37384918953188,0.0,damaging,IGSF9B
KCNH2 (3757)_damaging,0,0.0,663.4,39.37384918953188,0.0,damaging,KCNH2
KDM4B (23030)_damaging,0,0.0,663.4,39.37384918953188,0.0,damaging,KDM4B
KDM5C (8242)_damaging,0,0.0,663.4,39.37384918953188,0.0,damaging,KDM5C
KIF15 (56992)_damaging,0,0.0,663.4,39.37384918953188,0.0,damaging,KIF15
LAMA3 (3909)_damaging,0,0.0,663.4,39.37384918953188,0.0,damaging,LAMA3
LRP4 (4038)_damaging,0,0.0,663.4,39.37384918953188,0.0,damaging,LRP4
MAP7D3 (79649)_damaging,0,0.0,663.4,39.37384918953188,0.0,damaging,MAP7D3
MED13 (9969)_damaging,0,0.0,663.4,39.37384918953188,0.0,damaging,MED13
MIDEAS (91748)_damaging,0,0.0,663.4,39.37384918953188,0.0,damaging,MIDEAS
MME (4311)_damaging,0,0.0,663.4,39.37384918953188,0.0,damaging,MME
MYH13 (8735)_damaging,0,0.0,663.4,39.37384918953188,0.0,damaging,MYH13
MYO15B (80022)_damaging,0,0.0,663.4,39.37384918953188,0.0,damaging,MYO15B
MYO1A (4640)_damaging,0,0.0,663.4,39.37384918953188,0.0,damaging,MYO1A
MYO5C (55930)_damaging,0,0.0,663.4,39.37384918953188,0.0,damaging,MYO5C
NAV1 (89796)_damaging,0,0.0,663.4,39.37384918953188,0.0,damaging,NAV1
NCAM1 (4684)_damaging,0,0.0,663.4,39.37384918953188,0.0,damaging,NCAM1
NFASC (23114)_damaging,0,0.0,663.4,39.37384918953188,0.0,damaging,NFASC
NID2 (22795)_damaging,0,0.0,663.4,39.37384918953188,0.0,damaging,NID2
NKAPD1 (55216)_damaging,0,0.0,663.4,39.37384918953188,0.0,damaging,NKAPD1
NLRC5 (84166)_damaging,0,0.0,663.4,39.37384918953188,0.0,damaging,NLRC5
NOBOX (135935)_damaging,0,0.0,663.4,39.37384918953188,0.0,damaging,NOBOX
NRXN2 (9379)_damaging,0,0.0,663.4,39.37384918953188,0.0,damaging,NRXN2
NYNRIN (57523)_damaging,0,0.0,663.4,39.37384918953188,0.0,damaging,NYNRIN
OPHN1 (4983)_damaging,0,0.0,663.4,39.37384918953188,0.0,damaging,OPHN1
OTOF (9381)_damaging,0,0.0,663.4,39.37384918953188,0.0,damaging,OTOF
OVCH1 (341350)_damaging,0,0.0,663.4,39.37384918953188,0.0,damaging,OVCH1
PCNX1 (22990)_damaging,0,0.0,663.4,39.37384918953188,0.0,damaging,PCNX1
PCNX2 (80003)_damaging,0,0.0,663.4,39.37384918953188,0.0,damaging,PCNX2
PKD1L2 (114780)_damaging,0,0.0,663.4,39.37384918953188,0.0,damaging,PKD1L2
PLXNA2 (5362)_damaging,0,0.0,663.4,39.37384918953188,0.0,damaging,PLXNA2
POLQ (10721)_damaging,0,0.0,663.4,39.37384918953188,0.0,damaging,POLQ
RAD51AP2 (729475)_damaging,0,0.0,663.4,39.37384918953188,0.0,damaging,RAD51AP2
RALGAPA1 (253959)_damaging,0,0.0,663.4,39.37384918953188,0.0,damaging,RALGAPA1
RB1CC1 (9821)_damaging,0,0.0,663.4,39.37384918953188,0.0,damaging,RB1CC1
RBBP6 (5930)_damaging,0,0.0,663.4,39.37384918953188,0.0,damaging,RBBP6
REV3L (5980)_damaging,0,0.0,663.4,39.37384918953188,0.0,damaging,REV3L
RIMBP2 (23504)_damaging,0,0.0,663.4,39.37384918953188,0.0,damaging,RIMBP2
ROBO3 (64221)_damaging,0,0.0,663.4,39.37384918953188,0.0,damaging,ROBO3
ROCK2 (9475)_damaging,0,0.0,663.4,39.37384918953188,0.0,damaging,ROCK2
RPTOR (57521)_damaging,0,0.0,663.4,39.37384918953188,0.0,damaging,RPTOR
SAFB (6294)_damaging,0,0.0,663.4,39.37384918953188,0.0,damaging,SAFB
SALL3 (27164)_damaging,0,0.0,663.4,39.37384918953188,0.0,damaging,SALL3
SAMD9L (219285)_damaging,0,0.0,663.4,39.37384918953188,0.0,damaging,SAMD9L
SBF2 (81846)_damaging,0,0.0,663.4,39.37384918953188,0.0,damaging,SBF2
SCAF8 (22828)_damaging,0,0.0,663.4,39.37384918953188,0.0,damaging,SCAF8
SETD1A (9739)_damaging,0,0.0,663.4,39.37384918953188,0.0,damaging,SETD1A
SETX (23064)_damaging,0,0.0,663.4,39.37384918953188,0.0,damaging,SETX
SHROOM3 (57619)_damaging,0,0.0,663.4,39.37384918953188,0.0,damaging,SHROOM3
SLC12A7 (10723)_damaging,0,0.0,663.4,39.37384918953188,0.0,damaging,SLC12A7
SLITRK2 (84631)_damaging,0,0.0,663.4,39.37384918953188,0.0,damaging,SLITRK2
SLX4 (84464)_damaging,0,0.0,663.4,39.37384918953188,0.0,damaging,SLX4
SMARCA2 (6595)_damaging,0,0.0,663.4,39.37384918953188,0.0,damaging,SMARCA2
SMC3 (9126)_damaging,0,0.0,663.4,39.37384918953188,0.0,damaging,SMC3
SMC4 (10051)_damaging,0,0.0,663.4,39.37384918953188,0.0,damaging,SMC4
SMCHD1 (23347)_damaging,0,0.0,663.4,39.37384918953188,0.0,damaging,SMCHD1
STAT5B (6777)_damaging,0,0.0,663.4,39.37384918953188,0.0,damaging,STAT5B
TECTA (7007)_damaging,0,0.0,663.4,39.37384918953188,0.0,damaging,TECTA
TEX15 (56154)_damaging,0,0.0,663.4,39.37384918953188,0.0,damaging,TEX15
TICRR (90381)_damaging,0,0.0,663.4,39.37384918953188,0.0,damaging,TICRR
TMC1 (117531)_damaging,0,0.0,663.4,39.37384918953188,0.0,damaging,TMC1
TPTE (7179)_damaging,0,0.0,663.4,39.37384918953188,0.0,damaging,TPTE
TRIO (7204)_damaging,0,0.0,663.4,39.37384918953188,0.0,damaging,TRIO
TSHZ3 (57616)_damaging,0,0.0,663.4,39.37384918953188,0.0,damaging,TSHZ3
USP13 (8975)_damaging,0,0.0,663.4,39.37384918953188,0.0,damaging,USP13
VPS9D1 (9605)_damaging,0,0.0,663.4,39.37384918953188,0.0,damaging,VPS9D1
WDR17 (116966)_damaging,0,0.0,663.4,39.37384918953188,0.0,damaging,WDR17
ZFC3H1 (196441)_damaging,0,0.0,663.4,39.37384918953188,0.0,damaging,ZFC3H1
ZNF236 (7776)_damaging,0,0.0,663.4,39.37384918953188,0.0,damaging,ZNF236
TDRD5 (163589)_damaging,0,2.4889482889665652e-06,663.75,42.106016988865946,0.0,damaging,TDRD5
RGS7 (6000)_damaging,0,2.535131268203819e-06,664.25,50.91414341811122,0.0,damaging,RGS7
ADAMTS9 (56999)_damaging,0,0.0,665.0,28.284271247461902,0.0,damaging,ADAMTS9
CELSR1 (9620)_damaging,0,0.0,665.0,28.284271247461902,0.0,damaging,CELSR1
CELSR2 (1952)_damaging,0,0.0,665.0,28.284271247461902,0.0,damaging,CELSR2
CFAP251 (144406)_damaging,0,0.0,665.0,28.284271247461902,0.0,damaging,CFAP251
CYLC1 (1538)_damaging,0,0.0,665.0,28.284271247461902,0.0,damaging,CYLC1
FBXL13 (222235)_damaging,0,0.0,665.0,28.284271247461902,0.0,damaging,FBXL13
FSTL4 (23105)_damaging,0,0.0,665.0,28.284271247461902,0.0,damaging,FSTL4
GRIN2D (2906)_damaging,0,0.0,665.0,28.284271247461902,0.0,damaging,GRIN2D
HECA (51696)_damaging,0,0.0,665.0,28.284271247461902,0.0,damaging,HECA
KIF4A (24137)_damaging,0,0.0,665.0,28.284271247461902,0.0,damaging,KIF4A
MRE11 (4361)_damaging,0,0.0,665.0,28.284271247461902,0.0,damaging,MRE11
NAA25 (80018)_damaging,0,0.0,665.0,28.284271247461902,0.0,damaging,NAA25
PCDHB6 (56130)_damaging,0,0.0,665.0,28.284271247461902,0.0,damaging,PCDHB6
RFC1 (5981)_damaging,0,0.0,665.0,28.284271247461902,0.0,damaging,RFC1
SCLT1 (132320)_damaging,0,0.0,665.0,28.284271247461902,0.0,damaging,SCLT1
SHROOM4 (57477)_damaging,0,0.0,665.0,28.284271247461902,0.0,damaging,SHROOM4
SLC28A3 (64078)_damaging,0,0.0,665.0,28.284271247461902,0.0,damaging,SLC28A3
STXBP5 (134957)_damaging,0,0.0,665.0,28.284271247461902,0.0,damaging,STXBP5
SYNCRIP (10492)_damaging,0,0.0,665.0,28.284271247461902,0.0,damaging,SYNCRIP
TRPM4 (54795)_damaging,0,0.0,665.0,28.284271247461902,0.0,damaging,TRPM4
XPOT (11260)_damaging,0,0.0,665.0,28.284271247461902,0.0,damaging,XPOT
ZNF722 (100419780)_damaging,0,0.0,665.0,28.284271247461902,0.0,damaging,ZNF722
DLG2 (1740)_damaging,0,2.946339830868485e-06,665.5,38.59620015839211,0.0,damaging,DLG2
NCKAP5L (57701)_damaging,0,2.4490183301038615e-06,665.5,48.55580981372535,0.0,damaging,NCKAP5L
BACH2 (60468)_damaging,0,0.0,666.6666666666666,20.207259421636913,0.0,damaging,BACH2
CFAP61 (26074)_damaging,0,0.0,666.6666666666666,20.207259421636913,0.0,damaging,CFAP61
DNAJC13 (23317)_damaging,0,0.0,666.6666666666666,20.207259421636913,0.0,damaging,DNAJC13
FNIP1 (96459)_damaging,0,0.0,666.6666666666666,20.207259421636913,0.0,damaging,FNIP1
GPR155 (151556)_damaging,0,0.0,666.6666666666666,20.207259421636913,0.0,damaging,GPR155
GRIN2B (2904)_damaging,0,0.0,666.6666666666666,20.207259421636913,0.0,damaging,GRIN2B
HCFC2 (29915)_damaging,0,0.0,666.6666666666666,20.207259421636913,0.0,damaging,HCFC2
ITGAD (3681)_damaging,0,0.0,666.6666666666666,20.207259421636913,0.0,damaging,ITGAD
MYLK (4638)_damaging,0,0.0,666.6666666666666,20.207259421636913,0.0,damaging,MYLK
PATJ (10207)_damaging,0,0.0,666.6666666666666,20.207259421636913,0.0,damaging,PATJ
PHF2 (5253)_damaging,0,0.0,666.6666666666666,20.207259421636913,0.0,damaging,PHF2
RTCB (51493)_damaging,0,0.0,666.6666666666666,20.207259421636913,0.0,damaging,RTCB
SLC4A11 (83959)_damaging,0,0.0,666.6666666666666,20.207259421636913,0.0,damaging,SLC4A11
SPATA31D1 (389763)_damaging,0,0.0,666.6666666666666,20.207259421636913,0.0,damaging,SPATA31D1
TTF1 (7270)_damaging,0,0.0,666.6666666666666,20.207259421636913,0.0,damaging,TTF1
TUT4 (23318)_damaging,0,0.0,666.6666666666666,20.207259421636913,0.0,damaging,TUT4
UNC5C (8633)_damaging,0,0.0,666.6666666666666,20.207259421636913,0.0,damaging,UNC5C
WNK1 (65125)_damaging,0,0.0,666.6666666666666,20.207259421636913,0.0,damaging,WNK1
ZSWIM6 (57688)_damaging,0,0.0,666.6666666666666,20.207259421636913,0.0,damaging,ZSWIM6
ABCA2 (20)_damaging,0,0.0,667.3333333333334,53.724606404638585,0.0,damaging,ABCA2
ASAP1 (50807)_damaging,0,0.0,667.3333333333334,53.724606404638585,0.0,damaging,ASAP1
CEPT1 (10390)_damaging,0,0.0,667.3333333333334,53.724606404638585,0.0,damaging,CEPT1
EFCAB7 (84455)_damaging,0,0.0,667.3333333333334,53.724606404638585,0.0,damaging,EFCAB7
LAMC3 (10319)_damaging,0,0.0,667.3333333333334,53.724606404638585,0.0,damaging,LAMC3
PHRF1 (57661)_damaging,0,0.0,667.3333333333334,53.724606404638585,0.0,damaging,PHRF1
PLCH1 (23007)_damaging,0,0.0,667.3333333333334,53.724606404638585,0.0,damaging,PLCH1
SIN3B (23309)_damaging,0,0.0,667.3333333333334,53.724606404638585,0.0,damaging,SIN3B
SLCO5A1 (81796)_damaging,0,0.0,667.3333333333334,53.724606404638585,0.0,damaging,SLCO5A1
TNIK (23043)_damaging,0,0.0,667.3333333333334,53.724606404638585,0.0,damaging,TNIK
UGGT1 (56886)_damaging,0,0.0,667.3333333333334,53.724606404638585,0.0,damaging,UGGT1
WDR90 (197335)_damaging,0,0.0,667.3333333333334,53.724606404638585,0.0,damaging,WDR90
ADAMTS2 (9509)_damaging,0,0.0,668.0,43.88621651498339,0.0,damaging,ADAMTS2
ADCY8 (114)_damaging,0,0.0,668.0,43.88621651498339,0.0,damaging,ADCY8
DIP2B (57609)_damaging,0,0.0,668.0,43.88621651498339,0.0,damaging,DIP2B
DNHD1 (144132)_damaging,0,0.0,668.0,43.88621651498339,0.0,damaging,DNHD1
FCRL5 (83416)_damaging,0,0.0,668.0,43.88621651498339,0.0,damaging,FCRL5
GOLGB1 (2804)_damaging,0,0.0,668.0,43.88621651498339,0.0,damaging,GOLGB1
GUCY2F (2986)_damaging,0,0.0,668.0,43.88621651498339,0.0,damaging,GUCY2F
MVK (4598)_damaging,0,0.0,668.0,43.88621651498339,0.0,damaging,MVK
OTOGL (283310)_damaging,0,0.0,668.0,43.88621651498339,0.0,damaging,OTOGL
PCDH7 (5099)_damaging,0,0.0,668.0,43.88621651498339,0.0,damaging,PCDH7
PDCD11 (22984)_damaging,0,0.0,668.0,43.88621651498339,0.0,damaging,PDCD11
PRR14L (253143)_damaging,0,0.0,668.0,43.88621651498339,0.0,damaging,PRR14L
RIN1 (9610)_damaging,0,0.0,668.0,43.88621651498339,0.0,damaging,RIN1
SLIT2 (9353)_damaging,0,0.0,668.0,43.88621651498339,0.0,damaging,SLIT2
TLN2 (83660)_damaging,0,0.0,668.0,43.88621651498339,0.0,damaging,TLN2
ZNF804B (219578)_damaging,0,0.0,668.0,43.88621651498339,0.0,damaging,ZNF804B
ACADVL (37)_damaging,0,0.0,670.0,,0.0,damaging,ACADVL
ADAMTSL1 (92949)_damaging,0,0.0,670.0,,0.0,damaging,ADAMTSL1
AGBL2 (79841)_damaging,0,0.0,670.0,,0.0,damaging,AGBL2
AKAP12 (9590)_damaging,0,0.0,670.0,,0.0,damaging,AKAP12
ATP8B1 (5205)_damaging,0,0.0,670.0,,0.0,damaging,ATP8B1
CACNA2D3 (55799)_damaging,0,0.0,670.0,,0.0,damaging,CACNA2D3
CDH16 (1014)_damaging,0,0.0,670.0,,0.0,damaging,CDH16
COL17A1 (1308)_damaging,0,0.0,670.0,,0.0,damaging,COL17A1
COL6A6 (131873)_damaging,0,0.0,670.0,,0.0,damaging,COL6A6
CPED1 (79974)_damaging,0,0.0,670.0,,0.0,damaging,CPED1
CTNND2 (1501)_damaging,0,0.0,670.0,,0.0,damaging,CTNND2
FXR1 (8087)_damaging,0,0.0,670.0,,0.0,damaging,FXR1
GGNBP2 (79893)_damaging,0,0.0,670.0,,0.0,damaging,GGNBP2
GRIN3A (116443)_damaging,0,0.0,670.0,,0.0,damaging,GRIN3A
HEATR5A (25938)_damaging,0,0.0,670.0,,0.0,damaging,HEATR5A
IRS2 (8660)_damaging,0,0.0,670.0,,0.0,damaging,IRS2
LARS2 (23395)_damaging,0,0.0,670.0,,0.0,damaging,LARS2
LRFN2 (57497)_damaging,0,0.0,670.0,,0.0,damaging,LRFN2
MUC6 (4588)_damaging,0,0.0,670.0,,0.0,damaging,MUC6
MYRFL (196446)_damaging,0,0.0,670.0,,0.0,damaging,MYRFL
PCDHB2 (56133)_damaging,0,0.0,670.0,,0.0,damaging,PCDHB2
PTPRN (5798)_damaging,0,0.0,670.0,,0.0,damaging,PTPRN
RCBTB2 (1102)_damaging,0,0.0,670.0,,0.0,damaging,RCBTB2
RNF213 (57674)_damaging,0,0.0,670.0,,0.0,damaging,RNF213
SAGE1 (55511)_damaging,0,0.0,670.0,,0.0,damaging,SAGE1
TASOR2 (54906)_damaging,0,0.0,670.0,,0.0,damaging,TASOR2
TBC1D4 (9882)_damaging,0,0.0,670.0,,0.0,damaging,TBC1D4
UGT2B4 (7363)_damaging,0,0.0,670.0,,0.0,damaging,UGT2B4
WDR7 (23335)_damaging,0,0.0,670.0,,0.0,damaging,WDR7
ZFHX2 (85446)_damaging,0,0.0,670.0,,0.0,damaging,ZFHX2
ZMYM6 (9204)_damaging,0,0.0,670.0,,0.0,damaging,ZMYM6
ZNF224 (7767)_damaging,0,0.0,670.0,,0.0,damaging,ZNF224
ZNF569 (148266)_damaging,0,0.0,670.0,,0.0,damaging,ZNF569
GALC (2581)_damaging,0,1.4440182351810275e-06,670.6666666666666,39.00427327016021,0.0,damaging,GALC
ITGA4 (3676)_damaging,0,1.646608217943544e-06,671.25,27.801378862687127,0.0,damaging,ITGA4
SDCCAG8 (10806)_damaging,0,3.6604120537905906e-06,672.5,53.033008588991066,0.0,damaging,SDCCAG8
PTPN14 (5784)_damaging,0,2.016893348090149e-06,673.0,33.421549934136806,0.0,damaging,PTPN14
MBD4 (8930)_damaging,0,2.682049639359822e-06,674.3333333333334,42.02776859807493,0.0,damaging,MBD4
KIF20B (9585)_damaging,0,9.107655094362878e-07,674.5,28.94247167514666,0.0,damaging,KIF20B
PTPRQ (374462)_damaging,0,7.689003316672183e-07,674.5,22.752289262108697,0.0,damaging,PTPRQ
ABCB1 (5243)_damaging,0,0.0,675.0,32.78719262151,0.0,damaging,ABCB1
ADAMTS5 (11096)_damaging,0,0.0,675.0,32.78719262151,0.0,damaging,ADAMTS5
AFF4 (27125)_damaging,0,0.0,675.0,32.78719262151,0.0,damaging,AFF4
AHDC1 (27245)_damaging,0,0.0,675.0,32.78719262151,0.0,damaging,AHDC1
ANO5 (203859)_damaging,0,0.0,675.0,32.78719262151,0.0,damaging,ANO5
CSTF3 (1479)_damaging,0,0.0,675.0,32.78719262151,0.0,damaging,CSTF3
DSEL (92126)_damaging,0,0.0,675.0,32.78719262151,0.0,damaging,DSEL
EXOSC10 (5394)_damaging,0,0.0,675.0,32.78719262151,0.0,damaging,EXOSC10
FKBP15 (23307)_damaging,0,0.0,675.0,32.78719262151,0.0,damaging,FKBP15
KCNT2 (343450)_damaging,0,0.0,675.0,32.78719262151,0.0,damaging,KCNT2
KNTC1 (9735)_damaging,0,0.0,675.0,32.78719262151,0.0,damaging,KNTC1
LOXL4 (84171)_damaging,0,0.0,675.0,32.78719262151,0.0,damaging,LOXL4
MTSS2 (92154)_damaging,0,0.0,675.0,32.78719262151,0.0,damaging,MTSS2
MYO5B (4645)_damaging,0,0.0,675.0,32.78719262151,0.0,damaging,MYO5B
NOX5 (79400)_damaging,0,0.0,675.0,32.78719262151,0.0,damaging,NOX5
PIK3C2G (5288)_damaging,0,0.0,675.0,32.78719262151,0.0,damaging,PIK3C2G
PLXDC2 (84898)_damaging,0,0.0,675.0,32.78719262151,0.0,damaging,PLXDC2
SCN10A (6336)_damaging,0,0.0,675.0,32.78719262151,0.0,damaging,SCN10A
SEMA5A (9037)_damaging,0,0.0,675.0,32.78719262151,0.0,damaging,SEMA5A
SLC25A13 (10165)_damaging,0,0.0,675.0,32.78719262151,0.0,damaging,SLC25A13
SPTBN4 (57731)_damaging,0,0.0,675.0,32.78719262151,0.0,damaging,SPTBN4
TCF3 (6929)_damaging,0,0.0,675.0,32.78719262151,0.0,damaging,TCF3
TGM6 (343641)_damaging,0,0.0,675.0,32.78719262151,0.0,damaging,TGM6
TRPM2 (7226)_damaging,0,0.0,675.0,32.78719262151,0.0,damaging,TRPM2
WDR33 (55339)_damaging,0,0.0,675.0,32.78719262151,0.0,damaging,WDR33
TPTE (7179)_hotspot,0,4.339978553576898e-06,677.0,,0.0,hotspot,TPTE
WDR5 (11091)_damaging,0,9.848907652731696e-07,677.0,28.844410203711913,0.0,damaging,WDR5
ABCA5 (23461)_damaging,0,0.0,677.5,27.23355773061365,0.0,damaging,ABCA5
ADAM28 (10863)_damaging,0,0.0,677.5,10.606601717798213,0.0,damaging,ADAM28
ANKRD36 (375248)_damaging,0,0.0,677.5,45.96194077712559,0.0,damaging,ANKRD36
ARAP2 (116984)_damaging,0,0.0,677.5,45.96194077712559,0.0,damaging,ARAP2
ARHGAP17 (55114)_damaging,0,0.0,677.5,27.23355773061365,0.0,damaging,ARHGAP17
ARHGAP5 (394)_damaging,0,0.0,677.5,10.606601717798213,0.0,damaging,ARHGAP5
ARHGEF26 (26084)_damaging,0,0.0,677.5,27.23355773061365,0.0,damaging,ARHGEF26
ARHGEF40 (55701)_damaging,0,0.0,677.5,27.23355773061365,0.0,damaging,ARHGEF40
ATM (472)_hotspot,0,0.0,677.5,27.23355773061365,0.0,hotspot,ATM
ATN1 (1822)_damaging,0,0.0,677.5,27.23355773061365,0.0,damaging,ATN1
AXIN2 (8313)_damaging,0,0.0,677.5,27.23355773061365,0.0,damaging,AXIN2
AXL (558)_damaging,0,0.0,677.5,27.23355773061365,0.0,damaging,AXL
BOD1L1 (259282)_damaging,0,0.0,677.5,27.23355773061365,0.0,damaging,BOD1L1
C10orf71 (118461)_damaging,0,0.0,677.5,27.23355773061365,0.0,damaging,C10orf71
C5 (727)_damaging,0,0.0,677.5,27.23355773061365,0.0,damaging,C5
CAPN12 (147968)_damaging,0,0.0,677.5,27.23355773061365,0.0,damaging,CAPN12
CCDC15 (80071)_damaging,0,0.0,677.5,27.23355773061365,0.0,damaging,CCDC15
CD58 (965)_damaging,0,0.0,677.5,45.96194077712559,0.0,damaging,CD58
CDK12 (51755)_damaging,0,0.0,677.5,10.606601717798213,0.0,damaging,CDK12
CECR2 (27443)_damaging,0,0.0,677.5,27.23355773061365,0.0,damaging,CECR2
CENPJ (55835)_damaging,0,0.0,677.5,27.23355773061365,0.0,damaging,CENPJ
CFTR (1080)_damaging,0,0.0,677.5,27.23355773061365,0.0,damaging,CFTR
CHD1 (1105)_damaging,0,0.0,677.5,27.23355773061365,0.0,damaging,CHD1
CHD6 (84181)_damaging,0,0.0,677.5,27.23355773061365,0.0,damaging,CHD6
CLASP2 (23122)_damaging,0,0.0,677.5,27.23355773061365,0.0,damaging,CLASP2
CRACDL (343990)_damaging,0,0.0,677.5,27.23355773061365,0.0,damaging,CRACDL
CYC1 (1537)_damaging,0,0.0,677.5,27.23355773061365,0.0,damaging,CYC1
DPYD (1806)_damaging,0,0.0,677.5,10.606601717798213,0.0,damaging,DPYD
ESF1 (51575)_damaging,0,0.0,677.5,27.23355773061365,0.0,damaging,ESF1
FAM47B (170062)_damaging,0,0.0,677.5,10.606601717798213,0.0,damaging,FAM47B
FANCG (2189)_damaging,0,0.0,677.5,27.23355773061365,0.0,damaging,FANCG
FHAD1 (114827)_damaging,0,0.0,677.5,27.23355773061365,0.0,damaging,FHAD1
FHDC1 (85462)_damaging,0,0.0,677.5,27.23355773061365,0.0,damaging,FHDC1
FLCN (201163)_damaging,0,0.0,677.5,27.23355773061365,0.0,damaging,FLCN
FRMD4A (55691)_damaging,0,0.0,677.5,27.23355773061365,0.0,damaging,FRMD4A
FXR2 (9513)_damaging,0,0.0,677.5,27.23355773061365,0.0,damaging,FXR2
GALNT13 (114805)_damaging,0,0.0,677.5,10.606601717798213,0.0,damaging,GALNT13
GIGYF1 (64599)_damaging,0,0.0,677.5,27.23355773061365,0.0,damaging,GIGYF1
GPATCH8 (23131)_damaging,0,0.0,677.5,27.23355773061365,0.0,damaging,GPATCH8
HPS3 (84343)_damaging,0,0.0,677.5,27.23355773061365,0.0,damaging,HPS3
ITGAL (3683)_damaging,0,0.0,677.5,45.96194077712559,0.0,damaging,ITGAL
JAK1 (3716)_damaging,0,0.0,677.5,27.23355773061365,0.0,damaging,JAK1
JAKMIP1 (152789)_damaging,0,0.0,677.5,45.96194077712559,0.0,damaging,JAKMIP1
KANK1 (23189)_damaging,0,0.0,677.5,45.96194077712559,0.0,damaging,KANK1
KCNH5 (27133)_damaging,0,0.0,677.5,27.23355773061365,0.0,damaging,KCNH5
KCP (375616)_damaging,0,0.0,677.5,27.23355773061365,0.0,damaging,KCP
KDM5B (10765)_damaging,0,0.0,677.5,27.23355773061365,0.0,damaging,KDM5B
KLHL1 (57626)_damaging,0,0.0,677.5,27.23355773061365,0.0,damaging,KLHL1
LPA (4018)_damaging,0,0.0,677.5,27.23355773061365,0.0,damaging,LPA
MAP3K15 (389840)_damaging,0,0.0,677.5,27.23355773061365,0.0,damaging,MAP3K15
MAST1 (22983)_damaging,0,0.0,677.5,45.96194077712559,0.0,damaging,MAST1
MCM3AP (8888)_damaging,0,0.0,677.5,27.23355773061365,0.0,damaging,MCM3AP
MPDZ (8777)_damaging,0,0.0,677.5,27.23355773061365,0.0,damaging,MPDZ
MTCL1 (23255)_damaging,0,0.0,677.5,27.23355773061365,0.0,damaging,MTCL1
MYO10 (4651)_damaging,0,0.0,677.5,10.606601717798213,0.0,damaging,MYO10
MYO9B (4650)_damaging,0,0.0,677.5,45.96194077712559,0.0,damaging,MYO9B
MYT1L (23040)_damaging,0,0.0,677.5,27.23355773061365,0.0,damaging,MYT1L
NEXMIF (340533)_damaging,0,0.0,677.5,27.23355773061365,0.0,damaging,NEXMIF
NKTR (4820)_damaging,0,0.0,677.5,27.23355773061365,0.0,damaging,NKTR
NPAT (4863)_damaging,0,0.0,677.5,27.23355773061365,0.0,damaging,NPAT
NRXN3 (9369)_damaging,0,0.0,677.5,27.23355773061365,0.0,damaging,NRXN3
OR4A15 (81328)_damaging,0,0.0,677.5,10.606601717798213,0.0,damaging,OR4A15
PAN2 (9924)_damaging,0,0.0,677.5,27.23355773061365,0.0,damaging,PAN2
PAN3 (255967)_damaging,0,0.0,677.5,10.606601717798213,0.0,damaging,PAN3
PAPPA (5069)_damaging,0,0.0,677.5,10.606601717798213,0.0,damaging,PAPPA
PARP10 (84875)_damaging,0,0.0,677.5,27.23355773061365,0.0,damaging,PARP10
PDZRN4 (29951)_damaging,0,0.0,677.5,27.23355773061365,0.0,damaging,PDZRN4
POLD1 (5424)_damaging,0,0.0,677.5,27.23355773061365,0.0,damaging,POLD1
PRR14 (78994)_damaging,0,0.0,677.5,45.96194077712559,0.0,damaging,PRR14
PTPRU (10076)_damaging,0,0.0,677.5,45.96194077712559,0.0,damaging,PTPRU
PXDN (7837)_damaging,0,0.0,677.5,27.23355773061365,0.0,damaging,PXDN
REV1 (51455)_damaging,0,0.0,677.5,45.96194077712559,0.0,damaging,REV1
RPGRIP1L (23322)_damaging,0,0.0,677.5,45.96194077712559,0.0,damaging,RPGRIP1L
SARDH (1757)_damaging,0,0.0,677.5,10.606601717798213,0.0,damaging,SARDH
SBNO1 (55206)_damaging,0,0.0,677.5,27.23355773061365,0.0,damaging,SBNO1
SCAF1 (58506)_damaging,0,0.0,677.5,27.23355773061365,0.0,damaging,SCAF1
SEC14L5 (9717)_damaging,0,0.0,677.5,45.96194077712559,0.0,damaging,SEC14L5
SEC16A (9919)_damaging,0,0.0,677.5,10.606601717798213,0.0,damaging,SEC16A
SFSWAP (6433)_damaging,0,0.0,677.5,27.23355773061365,0.0,damaging,SFSWAP
SLC9C2 (284525)_damaging,0,0.0,677.5,10.606601717798213,0.0,damaging,SLC9C2
SORBS2 (8470)_damaging,0,0.0,677.5,27.23355773061365,0.0,damaging,SORBS2
SPATA31G1 (138724)_damaging,0,0.0,677.5,27.23355773061365,0.0,damaging,SPATA31G1
SRCIN1 (80725)_damaging,0,0.0,677.5,27.23355773061365,0.0,damaging,SRCIN1
STAMBPL1 (57559)_damaging,0,0.0,677.5,45.96194077712559,0.0,damaging,STAMBPL1
STAT6 (6778)_damaging,0,0.0,677.5,27.23355773061365,0.0,damaging,STAT6
TEX10 (54881)_damaging,0,0.0,677.5,10.606601717798213,0.0,damaging,TEX10
TG (7038)_damaging,0,0.0,677.5,27.23355773061365,0.0,damaging,TG
TRPS1 (7227)_damaging,0,0.0,677.5,27.23355773061365,0.0,damaging,TRPS1
TULP4 (56995)_damaging,0,0.0,677.5,45.96194077712559,0.0,damaging,TULP4
USH1C (10083)_damaging,0,0.0,677.5,27.23355773061365,0.0,damaging,USH1C
VARS2 (57176)_damaging,0,0.0,677.5,27.23355773061365,0.0,damaging,VARS2
VWA5B1 (127731)_damaging,0,0.0,677.5,45.96194077712559,0.0,damaging,VWA5B1
WDR81 (124997)_damaging,0,0.0,677.5,27.23355773061365,0.0,damaging,WDR81
ZBTB7C (201501)_damaging,0,0.0,677.5,27.23355773061365,0.0,damaging,ZBTB7C
ZC3H7B (23264)_damaging,0,0.0,677.5,27.23355773061365,0.0,damaging,ZC3H7B
ZDHHC8 (29801)_damaging,0,0.0,677.5,27.23355773061365,0.0,damaging,ZDHHC8
MYO3B (140469)_damaging,0,4.064275363650881e-06,679.0,,0.0,damaging,MYO3B
AGRN (375790)_damaging,0,0.0,680.0,32.78719262151,0.0,damaging,AGRN
AHCTF1 (25909)_damaging,0,0.0,680.0,32.78719262151,0.0,damaging,AHCTF1
ANO3 (63982)_damaging,0,0.0,680.0,32.78719262151,0.0,damaging,ANO3
ATG9B (285973)_damaging,0,0.0,680.0,32.78719262151,0.0,damaging,ATG9B
AUTS2 (26053)_damaging,0,0.0,680.0,32.78719262151,0.0,damaging,AUTS2
CAMTA1 (23261)_damaging,0,0.0,680.0,32.78719262151,0.0,damaging,CAMTA1
CASKIN1 (57524)_damaging,0,0.0,680.0,32.78719262151,0.0,damaging,CASKIN1
CC2D2B (387707)_damaging,0,0.0,680.0,32.78719262151,0.0,damaging,CC2D2B
CENPE (1062)_damaging,0,0.0,680.0,32.78719262151,0.0,damaging,CENPE
CHD7 (55636)_damaging,0,0.0,680.0,32.78719262151,0.0,damaging,CHD7
CLUH (23277)_damaging,0,0.0,680.0,32.78719262151,0.0,damaging,CLUH
COL6A1 (1291)_damaging,0,0.0,680.0,32.78719262151,0.0,damaging,COL6A1
CUL9 (23113)_damaging,0,0.0,680.0,32.78719262151,0.0,damaging,CUL9
ERBB3 (2065)_hotspot,0,0.0,680.0,32.78719262151,0.0,hotspot,ERBB3
GOLGA3 (2802)_damaging,0,0.0,680.0,32.78719262151,0.0,damaging,GOLGA3
HDAC9 (9734)_damaging,0,0.0,680.0,32.78719262151,0.0,damaging,HDAC9
HOXB3 (3213)_damaging,0,0.0,680.0,32.78719262151,0.0,damaging,HOXB3
ICE2 (79664)_damaging,0,0.0,680.0,32.78719262151,0.0,damaging,ICE2
KANSL1L (151050)_damaging,0,0.0,680.0,32.78719262151,0.0,damaging,KANSL1L
KIAA1755 (85449)_damaging,0,0.0,680.0,32.78719262151,0.0,damaging,KIAA1755
MAP4K4 (9448)_damaging,0,0.0,680.0,32.78719262151,0.0,damaging,MAP4K4
MFRP (83552)_damaging,0,0.0,680.0,32.78719262151,0.0,damaging,MFRP
MN1 (4330)_damaging,0,0.0,680.0,32.78719262151,0.0,damaging,MN1
MPRIP (23164)_damaging,0,0.0,680.0,32.78719262151,0.0,damaging,MPRIP
NFRKB (4798)_damaging,0,0.0,680.0,32.78719262151,0.0,damaging,NFRKB
NOL8 (55035)_damaging,0,0.0,680.0,32.78719262151,0.0,damaging,NOL8
ORC4 (5000)_damaging,0,0.0,680.0,32.78719262151,0.0,damaging,ORC4
PALM2AKAP2 (445815)_damaging,0,0.0,680.0,32.78719262151,0.0,damaging,PALM2AKAP2
PARP14 (54625)_damaging,0,0.0,680.0,32.78719262151,0.0,damaging,PARP14
PAX2 (5076)_damaging,0,0.0,680.0,32.78719262151,0.0,damaging,PAX2
PFAS (5198)_damaging,0,0.0,680.0,32.78719262151,0.0,damaging,PFAS
SCN5A (6331)_damaging,0,0.0,680.0,32.78719262151,0.0,damaging,SCN5A
SHC1 (6464)_damaging,0,0.0,680.0,32.78719262151,0.0,damaging,SHC1
TJP2 (9414)_damaging,0,0.0,680.0,32.78719262151,0.0,damaging,TJP2
TNS1 (7145)_damaging,0,0.0,680.0,32.78719262151,0.0,damaging,TNS1
WNT16 (51384)_damaging,0,0.0,680.0,32.78719262151,0.0,damaging,WNT16
WWC2 (80014)_damaging,0,0.0,680.0,32.78719262151,0.0,damaging,WWC2
ZEB2 (9839)_damaging,0,0.0,680.0,32.78719262151,0.0,damaging,ZEB2
ZNF99 (7652)_damaging,0,3.3242226335195117e-06,680.0,7.0710678118654755,0.0,damaging,ZNF99
ZSWIM5 (57643)_damaging,0,0.0,680.0,32.78719262151,0.0,damaging,ZSWIM5
TOPAZ1 (375337)_damaging,0,1.6739162810760884e-06,680.6666666666666,31.722757341273685,0.0,damaging,TOPAZ1
EXD3 (54932)_damaging,0,1.5071844476422805e-06,682.3333333333334,29.091808698211484,0.0,damaging,EXD3
FAM83B (222584)_damaging,0,1.9129219073781916e-06,682.3333333333334,24.006943440041127,0.0,damaging,FAM83B
FOXK2 (3607)_damaging,0,5.61818911868571e-06,683.0,,0.0,damaging,FOXK2
ADAM15 (8751)_damaging,0,0.0,685.0,,0.0,damaging,ADAM15
ANKRD13B (124930)_damaging,0,0.0,685.0,,0.0,damaging,ANKRD13B
ANKRD62 (342850)_damaging,0,0.0,685.0,,0.0,damaging,ANKRD62
AOX1 (316)_damaging,0,0.0,685.0,,0.0,damaging,AOX1
ARHGAP20 (57569)_damaging,0,0.0,685.0,,0.0,damaging,ARHGAP20
ATP10B (23120)_damaging,0,0.0,685.0,,0.0,damaging,ATP10B
ATP10D (57205)_damaging,0,0.0,685.0,,0.0,damaging,ATP10D
B3GNT5 (84002)_damaging,0,0.0,685.0,,0.0,damaging,B3GNT5
C2CD5 (9847)_damaging,0,0.0,685.0,,0.0,damaging,C2CD5
CDH22 (64405)_damaging,0,0.0,685.0,,0.0,damaging,CDH22
CHERP (10523)_damaging,0,0.0,685.0,,0.0,damaging,CHERP
DISP1 (84976)_damaging,0,0.0,685.0,,0.0,damaging,DISP1
DLEC1 (9940)_damaging,0,0.0,685.0,,0.0,damaging,DLEC1
DMTF1 (9988)_damaging,0,0.0,685.0,,0.0,damaging,DMTF1
FMR1 (2332)_damaging,0,0.0,685.0,,0.0,damaging,FMR1
GAB2 (9846)_damaging,0,0.0,685.0,,0.0,damaging,GAB2
GOLGA6L2 (283685)_damaging,0,0.0,685.0,,0.0,damaging,GOLGA6L2
HELZ (9931)_damaging,0,0.0,685.0,,0.0,damaging,HELZ
IGHG3 (3502)_damaging,0,0.0,685.0,,0.0,damaging,IGHG3
KCND2 (3751)_damaging,0,0.0,685.0,,0.0,damaging,KCND2
KIAA2012 (100652824)_damaging,0,0.0,685.0,,0.0,damaging,KIAA2012
KIFC2 (90990)_damaging,0,0.0,685.0,,0.0,damaging,KIFC2
KLHDC7B (113730)_damaging,0,0.0,685.0,,0.0,damaging,KLHDC7B
L3MBTL1 (26013)_damaging,0,0.0,685.0,,0.0,damaging,L3MBTL1
MAP2K7 (5609)_damaging,0,0.0,685.0,,0.0,damaging,MAP2K7
MIS18BP1 (55320)_damaging,0,0.0,685.0,,0.0,damaging,MIS18BP1
MTCL2 (140710)_damaging,0,0.0,685.0,,0.0,damaging,MTCL2
MTCL3 (387104)_damaging,0,0.0,685.0,,0.0,damaging,MTCL3
MUC3A (4584)_damaging,0,0.0,685.0,,0.0,damaging,MUC3A
NFKBIZ (64332)_damaging,0,0.0,685.0,,0.0,damaging,NFKBIZ
NPC1L1 (29881)_damaging,0,0.0,685.0,,0.0,damaging,NPC1L1
OR4K5 (79317)_damaging,0,0.0,685.0,,0.0,damaging,OR4K5
PASK (23178)_damaging,0,0.0,685.0,,0.0,damaging,PASK
PAX6 (5080)_damaging,0,0.0,685.0,,0.0,damaging,PAX6
PDE6C (5146)_damaging,0,0.0,685.0,,0.0,damaging,PDE6C
PEX6 (5190)_damaging,0,0.0,685.0,,0.0,damaging,PEX6
PHF14 (9678)_damaging,0,0.0,685.0,,0.0,damaging,PHF14
PLEKHA5 (54477)_damaging,0,0.0,685.0,,0.0,damaging,PLEKHA5
PLXNA1 (5361)_damaging,0,0.0,685.0,,0.0,damaging,PLXNA1
PPP1R26 (9858)_damaging,0,0.0,685.0,,0.0,damaging,PPP1R26
PYHIN1 (149628)_damaging,0,0.0,685.0,,0.0,damaging,PYHIN1
SLC5A7 (60482)_damaging,0,0.0,685.0,,0.0,damaging,SLC5A7
SLC6A19 (340024)_damaging,0,0.0,685.0,,0.0,damaging,SLC6A19
SLITRK4 (139065)_damaging,0,0.0,685.0,,0.0,damaging,SLITRK4
SP8 (221833)_damaging,0,0.0,685.0,,0.0,damaging,SP8
TAF3 (83860)_damaging,0,0.0,685.0,,0.0,damaging,TAF3
TANC1 (85461)_damaging,0,0.0,685.0,,0.0,damaging,TANC1
TASOR (23272)_damaging,0,0.0,685.0,,0.0,damaging,TASOR
TJP1 (7082)_damaging,0,0.0,685.0,,0.0,damaging,TJP1
TMPRSS6 (164656)_damaging,0,0.0,685.0,,0.0,damaging,TMPRSS6
TSHZ2 (128553)_damaging,0,0.0,685.0,,0.0,damaging,TSHZ2
TUBGCP2 (10844)_damaging,0,0.0,685.0,,0.0,damaging,TUBGCP2
UGT2B28 (54490)_damaging,0,0.0,685.0,,0.0,damaging,UGT2B28
URI1 (8725)_damaging,0,0.0,685.0,,0.0,damaging,URI1
USP19 (10869)_damaging,0,0.0,685.0,,0.0,damaging,USP19
USP31 (57478)_damaging,0,0.0,685.0,,0.0,damaging,USP31
VIT (5212)_damaging,0,0.0,685.0,,0.0,damaging,VIT
ZNF43 (7594)_damaging,0,0.0,685.0,,0.0,damaging,ZNF43
ZNF804A (91752)_damaging,0,0.0,685.0,,0.0,damaging,ZNF804A
ZNF865 (100507290)_damaging,0,0.0,685.0,,0.0,damaging,ZNF865
ABCA4 (24)_damaging,0,0.0,688.3333333333334,20.207259421636905,0.0,damaging,ABCA4
ADAR (103)_damaging,0,0.0,688.3333333333334,20.207259421636905,0.0,damaging,ADAR
CCDC7 (79741)_damaging,0,0.0,688.3333333333334,20.207259421636905,0.0,damaging,CCDC7
CD93 (22918)_damaging,0,0.0,688.3333333333334,20.207259421636905,0.0,damaging,CD93
DLG5 (9231)_damaging,0,0.0,688.3333333333334,20.207259421636905,0.0,damaging,DLG5
ERBB2 (2064)_hotspot,0,0.0,688.3333333333334,20.207259421636905,0.0,hotspot,ERBB2
FBRS (64319)_damaging,0,0.0,688.3333333333334,20.207259421636905,0.0,damaging,FBRS
GCC2 (9648)_damaging,0,0.0,688.3333333333334,20.207259421636905,0.0,damaging,GCC2
HEATR5B (54497)_damaging,0,0.0,688.3333333333334,20.207259421636905,0.0,damaging,HEATR5B
KIF5C (3800)_damaging,0,0.0,688.3333333333334,20.207259421636905,0.0,damaging,KIF5C
NOL11 (25926)_damaging,0,0.0,688.3333333333334,20.207259421636905,0.0,damaging,NOL11
NTRK3 (4916)_damaging,0,0.0,688.3333333333334,20.207259421636905,0.0,damaging,NTRK3
OC90 (729330)_damaging,0,0.0,688.3333333333334,20.207259421636905,0.0,damaging,OC90
PARD3B (117583)_damaging,0,0.0,688.3333333333334,20.207259421636905,0.0,damaging,PARD3B
POLR1A (25885)_damaging,0,0.0,688.3333333333334,20.207259421636905,0.0,damaging,POLR1A
SDK1 (221935)_damaging,0,0.0,688.3333333333334,20.207259421636905,0.0,damaging,SDK1
SLITRK5 (26050)_damaging,0,0.0,688.3333333333334,20.207259421636905,0.0,damaging,SLITRK5
UNC5D (137970)_damaging,0,0.0,688.3333333333334,20.207259421636905,0.0,damaging,UNC5D
ZFPM2 (23414)_damaging,0,0.0,688.3333333333334,20.207259421636905,0.0,damaging,ZFPM2
ABCA1 (19)_damaging,0,0.0,690.0,28.284271247461902,0.0,damaging,ABCA1
ABCC5 (10057)_damaging,0,0.0,690.0,28.284271247461902,0.0,damaging,ABCC5
ARHGAP30 (257106)_damaging,0,0.0,690.0,28.284271247461902,0.0,damaging,ARHGAP30
GEMIN5 (25929)_damaging,0,0.0,690.0,28.284271247461902,0.0,damaging,GEMIN5
GIGYF2 (26058)_damaging,0,0.0,690.0,28.284271247461902,0.0,damaging,GIGYF2
HYOU1 (10525)_damaging,0,0.0,690.0,28.284271247461902,0.0,damaging,HYOU1
JHY (79864)_damaging,0,0.0,690.0,28.284271247461902,0.0,damaging,JHY
MPL (4352)_damaging,0,0.0,690.0,28.284271247461902,0.0,damaging,MPL
MYH6 (4624)_damaging,0,0.0,690.0,28.284271247461902,0.0,damaging,MYH6
NAA15 (80155)_damaging,0,0.0,690.0,28.284271247461902,0.0,damaging,NAA15
OTUD7B (56957)_damaging,0,0.0,690.0,28.284271247461902,0.0,damaging,OTUD7B
PHF21A (51317)_damaging,0,0.0,690.0,28.284271247461902,0.0,damaging,PHF21A
POSTN (10631)_damaging,0,0.0,690.0,28.284271247461902,0.0,damaging,POSTN
SECISBP2 (79048)_damaging,0,0.0,690.0,28.284271247461902,0.0,damaging,SECISBP2
SEL1L2 (80343)_damaging,0,0.0,690.0,28.284271247461902,0.0,damaging,SEL1L2
SMC2 (10592)_damaging,0,0.0,690.0,28.284271247461902,0.0,damaging,SMC2
TAF1C (9013)_damaging,0,0.0,690.0,28.284271247461902,0.0,damaging,TAF1C
ZNF429 (353088)_damaging,0,0.0,690.0,28.284271247461902,0.0,damaging,ZNF429
ACVR1B (91)_damaging,0,0.0,697.5,17.67766952966369,0.0,damaging,ACVR1B
ADAMTS8 (11095)_damaging,0,0.0,697.5,17.67766952966369,0.0,damaging,ADAMTS8
ANKRD36C (400986)_damaging,0,0.0,697.5,17.67766952966369,0.0,damaging,ANKRD36C
ARAP3 (64411)_damaging,0,0.0,697.5,17.67766952966369,0.0,damaging,ARAP3
ARHGAP39 (80728)_damaging,0,0.0,697.5,17.67766952966369,0.0,damaging,ARHGAP39
CCDC88C (440193)_damaging,0,0.0,697.5,17.67766952966369,0.0,damaging,CCDC88C
CFAP44 (55779)_damaging,0,0.0,697.5,17.67766952966369,0.0,damaging,CFAP44
DEUP1 (159989)_damaging,0,0.0,697.5,17.67766952966369,0.0,damaging,DEUP1
EGR2 (1959)_damaging,0,0.0,697.5,17.67766952966369,0.0,damaging,EGR2
GABBR1 (2550)_damaging,0,0.0,697.5,17.67766952966369,0.0,damaging,GABBR1
IQGAP2 (10788)_damaging,0,0.0,697.5,17.67766952966369,0.0,damaging,IQGAP2
KCNH8 (131096)_damaging,0,0.0,697.5,17.67766952966369,0.0,damaging,KCNH8
KIF6 (221458)_damaging,0,0.0,697.5,17.67766952966369,0.0,damaging,KIF6
LOXL2 (4017)_damaging,0,0.0,697.5,17.67766952966369,0.0,damaging,LOXL2
NAA35 (60560)_damaging,0,0.0,697.5,17.67766952966369,0.0,damaging,NAA35
NHSL1 (57224)_damaging,0,0.0,697.5,17.67766952966369,0.0,damaging,NHSL1
NWD1 (284434)_damaging,0,0.0,697.5,17.67766952966369,0.0,damaging,NWD1
PARD3 (56288)_damaging,0,0.0,697.5,17.67766952966369,0.0,damaging,PARD3
PCSK1 (5122)_damaging,0,0.0,697.5,17.67766952966369,0.0,damaging,PCSK1
PHACTR1 (221692)_damaging,0,0.0,697.5,17.67766952966369,0.0,damaging,PHACTR1
PHLDB2 (90102)_damaging,0,0.0,697.5,17.67766952966369,0.0,damaging,PHLDB2
POLN (353497)_damaging,0,0.0,697.5,17.67766952966369,0.0,damaging,POLN
POT1 (25913)_damaging,0,0.0,697.5,17.67766952966369,0.0,damaging,POT1
PPP2R3B (28227)_damaging,0,0.0,697.5,17.67766952966369,0.0,damaging,PPP2R3B
RNF111 (54778)_damaging,0,0.0,697.5,17.67766952966369,0.0,damaging,RNF111
SHB (6461)_damaging,0,0.0,697.5,17.67766952966369,0.0,damaging,SHB
SPAG9 (9043)_damaging,0,0.0,697.5,17.67766952966369,0.0,damaging,SPAG9
SPOCD1 (90853)_damaging,0,0.0,697.5,17.67766952966369,0.0,damaging,SPOCD1
SPRED1 (161742)_damaging,0,0.0,697.5,17.67766952966369,0.0,damaging,SPRED1
USP8 (9101)_damaging,0,0.0,697.5,17.67766952966369,0.0,damaging,USP8
VILL (50853)_damaging,0,0.0,697.5,17.67766952966369,0.0,damaging,VILL
ZBBX (79740)_damaging,0,0.0,697.5,17.67766952966369,0.0,damaging,ZBBX
ZNRF3 (84133)_damaging,0,0.0,697.5,17.67766952966369,0.0,damaging,ZNRF3
ABCC1 (4363)_damaging,0,0.0,710.0,,0.0,damaging,ABCC1
AKAP11 (11215)_damaging,0,0.0,710.0,,0.0,damaging,AKAP11
ALOX12B (242)_damaging,0,0.0,710.0,,0.0,damaging,ALOX12B
AP1M1 (8907)_damaging,0,0.0,710.0,,0.0,damaging,AP1M1
ATP1A4 (480)_damaging,0,0.0,710.0,,0.0,damaging,ATP1A4
BCAS3 (54828)_damaging,0,0.0,710.0,,0.0,damaging,BCAS3
BCL11A (53335)_damaging,0,0.0,710.0,,0.0,damaging,BCL11A
BLTP2 (9703)_damaging,0,0.0,710.0,,0.0,damaging,BLTP2
CARMIL2 (146206)_damaging,0,0.0,710.0,,0.0,damaging,CARMIL2
CCDC88B (283234)_damaging,0,0.0,710.0,,0.0,damaging,CCDC88B
CD109 (135228)_damaging,0,0.0,710.0,,0.0,damaging,CD109
CFH (3075)_damaging,0,0.0,710.0,,0.0,damaging,CFH
CTC1 (80169)_damaging,0,0.0,710.0,,0.0,damaging,CTC1
CWF19L2 (143884)_damaging,0,0.0,710.0,,0.0,damaging,CWF19L2
DAXX (1616)_damaging,0,0.0,710.0,,0.0,damaging,DAXX
DGKI (9162)_damaging,0,0.0,710.0,,0.0,damaging,DGKI
DGKZ (8525)_damaging,0,0.0,710.0,,0.0,damaging,DGKZ
ENPP3 (5169)_damaging,0,0.0,710.0,,0.0,damaging,ENPP3
ETV6 (2120)_damaging,0,0.0,710.0,,0.0,damaging,ETV6
FBXO38 (81545)_damaging,0,0.0,710.0,,0.0,damaging,FBXO38
G2E3 (55632)_damaging,0,0.0,710.0,,0.0,damaging,G2E3
HEATR1 (55127)_damaging,0,0.0,710.0,,0.0,damaging,HEATR1
IBTK (25998)_damaging,0,0.0,710.0,,0.0,damaging,IBTK
MAGEC1 (9947)_damaging,0,0.0,710.0,,0.0,damaging,MAGEC1
MEN1 (4221)_damaging,0,0.0,710.0,,0.0,damaging,MEN1
MET (4233)_damaging,0,0.0,710.0,,0.0,damaging,MET
MYH14 (79784)_damaging,0,0.0,710.0,,0.0,damaging,MYH14
NDST4 (64579)_damaging,0,0.0,710.0,,0.0,damaging,NDST4
NOLC1 (9221)_damaging,0,0.0,710.0,,0.0,damaging,NOLC1
NSRP1 (84081)_damaging,0,0.0,710.0,,0.0,damaging,NSRP1
PASD1 (139135)_damaging,0,0.0,710.0,,0.0,damaging,PASD1
PCCA (5095)_damaging,0,0.0,710.0,,0.0,damaging,PCCA
POLR3B (55703)_damaging,0,0.0,710.0,,0.0,damaging,POLR3B
RICTOR (253260)_damaging,0,0.0,710.0,,0.0,damaging,RICTOR
SIPA1L1 (26037)_damaging,0,0.0,710.0,,0.0,damaging,SIPA1L1
SLC35F1 (222553)_damaging,0,0.0,710.0,,0.0,damaging,SLC35F1
SULF2 (55959)_damaging,0,0.0,710.0,,0.0,damaging,SULF2
TAF1 (6872)_damaging,0,0.0,710.0,,0.0,damaging,TAF1
TCF12 (6938)_damaging,0,0.0,710.0,,0.0,damaging,TCF12
TCHH (7062)_damaging,0,0.0,710.0,,0.0,damaging,TCHH
TEAD2 (8463)_damaging,0,0.0,710.0,,0.0,damaging,TEAD2
TLR4 (7099)_damaging,0,0.0,710.0,,0.0,damaging,TLR4
TMEM260 (54916)_damaging,0,0.0,710.0,,0.0,damaging,TMEM260
TYK2 (7297)_damaging,0,0.0,710.0,,0.0,damaging,TYK2
ULK1 (8408)_damaging,0,0.0,710.0,,0.0,damaging,ULK1
UMODL1 (89766)_damaging,0,0.0,710.0,,0.0,damaging,UMODL1
USF3 (205717)_damaging,0,0.0,710.0,,0.0,damaging,USF3
WSCD1 (23302)_damaging,0,0.0,710.0,,0.0,damaging,WSCD1
ZNF142 (7701)_damaging,0,0.0,710.0,,0.0,damaging,ZNF142
ZNF735 (730291)_damaging,0,0.0,710.0,,0.0,damaging,ZNF735
