feature,n_folds_selected,mean_importance,mean_rank,rank_std,selection_freq,kind,gene
TP53 (7157)_damaging,5,0.5449614334835984,1.0,0.0,1.0,damaging,TP53
SIG:T[C>A]C,5,0.17612735758803472,4.4,2.3021728866442674,1.0,damaging,SIG:T[C>A]C
NF2 (4771)_damaging,5,0.17040190944538716,5.8,3.898717737923586,1.0,damaging,NF2
SIG:T[C>T]G,5,0.16432426988338136,6.2,5.805170109479997,1.0,damaging,SIG:T[C>T]G
ID3 (3399)_damaging,5,0.15401477583188544,6.4,3.7815340802378077,1.0,damaging,ID3
SIG:A[C>T]G,5,0.15683262242012788,6.4,2.8809720581775866,1.0,damaging,SIG:A[C>T]G
SIG:C[C>T]G,5,0.147187080672602,7.0,3.1622776601683795,1.0,damaging,SIG:C[C>T]G
SIG:G[C>A]T,5,0.12735128792312247,10.4,4.560701700396551,1.0,damaging,SIG:G[C>A]T
SIG:A[C>A]A,5,0.11994242229359327,12.6,8.734987120768983,1.0,damaging,SIG:A[C>A]A
NRAS (4893)_hotspot,5,0.10109610675586897,16.4,5.504543577809154,1.0,hotspot,NRAS
ARID1A (8289)_damaging,5,0.09963886793719014,18.6,10.310189135025604,1.0,damaging,ARID1A
PITX1 (5307)_damaging,5,0.08335568808352711,21.4,5.029910535983716,1.0,damaging,PITX1
SIG:G[T>G]G,4,0.09605088561929805,17.8,8.927485648266257,0.8,damaging,SIG:G[T>G]G
CREBBP (1387)_damaging,4,0.09792930550500256,18.6,9.939818911831342,0.8,damaging,CREBBP
SIG:G[T>A]G,4,0.10636211061312187,23.0,29.13760456866693,0.8,damaging,SIG:G[T>A]G
BRAF (673)_hotspot,4,0.08878568702496573,23.6,10.78424777163433,0.8,hotspot,BRAF
SIG:T[C>G]A,4,0.10684159394735053,27.2,37.13758204299251,0.8,damaging,SIG:T[C>G]A
SIG:A[T>C]G,4,0.06553529060634582,46.4,56.469460773058564,0.8,damaging,SIG:A[T>C]G
EPHA6 (285220)_damaging,3,0.10427756598167719,14.333333333333334,0.5773502691896258,0.6,damaging,EPHA6
ZAN (7455)_damaging,3,0.07750412394765786,28.75,18.625699092025155,0.6,damaging,ZAN
KRAS (3845)_hotspot,3,0.08254752129932182,34.2,29.414282245195107,0.6,hotspot,KRAS
SIG:T[C>G]C,3,0.07749642547894697,34.2,25.752669764511797,0.6,damaging,SIG:T[C>G]C
USP9X (8239)_damaging,3,0.05586484825802605,51.6,46.111820610338086,0.6,damaging,USP9X
SIG:A[C>G]C,3,0.05736594034359941,53.2,56.077624771382744,0.6,damaging,SIG:A[C>G]C
PITRM1 (10531)_damaging,2,0.06437023837919686,30.666666666666668,8.144527815247077,0.4,damaging,PITRM1
NLRP7 (199713)_damaging,2,0.07843243194357542,48.333333333333336,63.799164048859865,0.4,damaging,NLRP7
SIG:C[T>C]A,2,0.04742356104457381,55.0,46.32493928760188,0.4,damaging,SIG:C[T>C]A
MUC19 (283463)_damaging,2,0.048337094172335,59.2,53.51822119614963,0.4,damaging,MUC19
RB1 (5925)_hotspot,2,0.040662182310820354,73.6,61.597889574237854,0.4,hotspot,RB1
PKD1 (5310)_damaging,2,0.046154722864827455,77.8,72.73719818634754,0.4,damaging,PKD1
SPATA31H1 (84226)_damaging,2,0.03645174546757346,79.6,65.66810489118747,0.4,damaging,SPATA31H1
SIG:T[C>T]T,2,0.049160538097059316,83.2,70.80042372754559,0.4,damaging,SIG:T[C>T]T
SIG:T[C>T]A,2,0.05436163332642523,88.0,68.19090848492928,0.4,damaging,SIG:T[C>T]A
RB1 (5925)_damaging,2,0.03211370358309874,96.4,67.53369529353478,0.4,damaging,RB1
CDH22 (64405)_damaging,1,0.07904278660920587,18.0,,0.2,damaging,CDH22
KIF5A (3798)_damaging,1,0.062030825398075154,28.5,3.5355339059327378,0.2,damaging,KIF5A
CACNA1A (773)_damaging,1,0.057425400251863226,37.6,8.792041856133308,0.2,damaging,CACNA1A
SMAD4 (4089)_damaging,1,0.06900042884315667,38.4,21.927152117865194,0.2,damaging,SMAD4
SIN3A (25942)_damaging,1,0.047685307039095334,54.0,31.72538415843061,0.2,damaging,SIN3A
ABCB5 (340273)_damaging,1,0.04451967887669778,55.0,30.757112998459398,0.2,damaging,ABCB5
IQUB (154865)_damaging,1,0.046411469979848956,60.666666666666664,38.10949138119444,0.2,damaging,IQUB
MKI67 (4288)_damaging,1,0.04479053752310738,61.0,48.399380161320245,0.2,damaging,MKI67
ELP1 (8518)_damaging,1,0.04206746650337411,66.75,55.55402775677025,0.2,damaging,ELP1
ZMYM3 (9203)_damaging,1,0.03886015214399229,74.2,52.5185681449904,0.2,damaging,ZMYM3
PLXNB2 (23654)_damaging,1,0.034224850554602324,83.0,46.49193478443331,0.2,damaging,PLXNB2
GABBR1 (2550)_damaging,1,0.03210518227594696,85.66666666666667,53.519466863313696,0.2,damaging,GABBR1
CSF2RB (1439)_damaging,1,0.029513236654928575,87.8,46.60150212171277,0.2,damaging,CSF2RB
DNAH2 (146754)_damaging,1,0.03212356531009282,91.6,55.612948132606675,0.2,damaging,DNAH2
FES (2242)_damaging,1,0.02712363354307974,97.6,59.11260440887375,0.2,damaging,FES
DLG2 (1740)_damaging,1,0.02525238788531008,97.8,54.9881805481869,0.2,damaging,DLG2
ZBTB21 (49854)_damaging,1,0.03169280055629371,101.66666666666667,72.54194189111105,0.2,damaging,ZBTB21
FANCG (2189)_damaging,1,0.022345486846804773,101.8,50.652739313881135,0.2,damaging,FANCG
PHF20L1 (51105)_damaging,1,0.032760483313610624,103.4,69.69074544012283,0.2,damaging,PHF20L1
RASA1 (5921)_damaging,1,0.020084090001328343,103.8,53.08201201913884,0.2,damaging,RASA1
SIG:C[T>A]T,1,0.026658901134783114,106.6,59.35318020123269,0.2,damaging,SIG:C[T>A]T
AXDND1 (126859)_damaging,1,0.019596471039838727,107.6,51.81988035493714,0.2,damaging,AXDND1
SIG:C[T>C]T,1,0.018654227152438523,110.2,52.954697619757965,0.2,damaging,SIG:C[T>C]T
SCAF4 (57466)_damaging,1,0.018336789108277168,112.2,51.036261618578614,0.2,damaging,SCAF4
MMUT (4594)_damaging,1,0.016006188145964984,116.5,59.174882058747414,0.2,damaging,MMUT
ASPM (259266)_damaging,1,0.01743343104082179,118.6,57.037706826274146,0.2,damaging,ASPM
PCNX3 (399909)_damaging,1,0.012593405027080012,123.8,53.20432313261771,0.2,damaging,PCNX3
HERC1 (8925)_damaging,1,0.01890114429311856,125.2,59.369183925669724,0.2,damaging,HERC1
MTMR3 (8897)_damaging,0,0.049660045081375254,43.0,11.135528725660043,0.0,damaging,MTMR3
EEA1 (8411)_damaging,0,0.04607454315598954,45.5,12.020815280171307,0.0,damaging,EEA1
MACF1 (23499)_damaging,0,0.04729829315371443,47.6,18.994736112934024,0.0,damaging,MACF1
CEP152 (22995)_damaging,0,0.048504006820565715,48.0,,0.0,damaging,CEP152
DGKZ (8525)_damaging,0,0.041778650820992955,56.0,,0.0,damaging,DGKZ
LTBP1 (4052)_damaging,0,0.04110803634847078,56.0,14.094916341243982,0.0,damaging,LTBP1
CCND3 (896)_hotspot,0,0.03951989733936828,56.5,17.67766952966369,0.0,hotspot,CCND3
TEX2 (55852)_damaging,0,0.037279767693678134,59.0,,0.0,damaging,TEX2
CDK12 (51755)_damaging,0,0.03575029786405434,60.0,,0.0,damaging,CDK12
SIG:T[T>A]T,0,0.03813101158157589,61.8,26.21449980449751,0.0,damaging,SIG:T[T>A]T
ADAM18 (8749)_damaging,0,0.03551695309953522,64.0,,0.0,damaging,ADAM18
EFCAB7 (84455)_damaging,0,0.032817342664468396,66.0,,0.0,damaging,EFCAB7
SIG:C[T>C]G,0,0.03467032657093795,73.6,42.881231325604446,0.0,damaging,SIG:C[T>C]G
SIG:C[T>A]A,0,0.03040380458915474,74.4,34.31180554852805,0.0,damaging,SIG:C[T>A]A
GPR155 (151556)_damaging,0,0.030788824032887983,77.5,46.800997140374406,0.0,damaging,GPR155
LAMB2 (3913)_damaging,0,0.03144870871170626,78.33333333333333,53.66873702010635,0.0,damaging,LAMB2
PHRF1 (57661)_damaging,0,0.035099997138941776,80.33333333333333,71.59841711471933,0.0,damaging,PHRF1
MYC (4609)_hotspot,0,0.021356025256505703,83.0,,0.0,hotspot,MYC
TTF2 (8458)_damaging,0,0.02751422921820098,83.0,35.35533905932738,0.0,damaging,TTF2
DMXL1 (1657)_damaging,0,0.02826023793255001,84.2,42.24570984135549,0.0,damaging,DMXL1
DGKH (160851)_damaging,0,0.02758581450376149,84.6,44.156539719502476,0.0,damaging,DGKH
NRG3 (10718)_damaging,0,0.02774276505419249,85.0,38.22302970723278,0.0,damaging,NRG3
HIPK3 (10114)_damaging,0,0.019775218043199143,86.0,,0.0,damaging,HIPK3
PAPPA (5069)_damaging,0,0.034152965947549165,86.0,77.78174593052023,0.0,damaging,PAPPA
ELF3 (1999)_damaging,0,0.021831748909897766,87.5,6.363961030678928,0.0,damaging,ELF3
HELZ2 (85441)_damaging,0,0.02518550949023245,87.8,37.890632087628205,0.0,damaging,HELZ2
EZH2 (2146)_hotspot,0,0.02185464265595298,88.66666666666667,17.61628034896508,0.0,hotspot,EZH2
CHD1L (9557)_damaging,0,0.020121916984161044,89.0,,0.0,damaging,CHD1L
UGT2B28 (54490)_damaging,0,0.020113143276288076,89.0,,0.0,damaging,UGT2B28
RPL5 (6125)_damaging,0,0.024038152869279527,89.5,37.00900791248891,0.0,damaging,RPL5
NID2 (22795)_damaging,0,0.024720288722083435,91.0,44.288824775557096,0.0,damaging,NID2
PRUNE2 (158471)_damaging,0,0.023504471871588307,91.0,43.00581356049435,0.0,damaging,PRUNE2
COL1A1 (1277)_damaging,0,0.022653546150124094,91.8,41.318276827573534,0.0,damaging,COL1A1
AKAP13 (11214)_damaging,0,0.02296299355081311,93.0,47.281074437876306,0.0,damaging,AKAP13
KDM6A (7403)_damaging,0,0.02318075277206146,93.2,44.34185381780964,0.0,damaging,KDM6A
DIS3 (22894)_damaging,0,0.024836409268291157,94.5,59.80245256955047,0.0,damaging,DIS3
LOXHD1 (125336)_damaging,0,0.020321796021680213,95.0,28.717010057919794,0.0,damaging,LOXHD1
TET2 (54790)_damaging,0,0.023590462981025295,95.0,49.73429400323282,0.0,damaging,TET2
NCKAP5L (57701)_damaging,0,0.021182521004172,96.6,47.24722214056611,0.0,damaging,NCKAP5L
SIG:G[C>T]T,0,0.0227663505770901,96.8,51.74649746601213,0.0,damaging,SIG:G[C>T]T
JHY (79864)_damaging,0,0.016712818836699162,97.0,14.142135623730951,0.0,damaging,JHY
PRDM9 (56979)_damaging,0,0.02224083334575642,97.2,49.48939280290272,0.0,damaging,PRDM9
TNRC18 (84629)_damaging,0,0.021204355872278258,97.8,50.46979294588001,0.0,damaging,TNRC18
COL27A1 (85301)_damaging,0,0.02040347715738874,98.8,43.309352338727024,0.0,damaging,COL27A1
SIPA1L2 (57568)_damaging,0,0.02103306981287851,99.5,48.21134029803915,0.0,damaging,SIPA1L2
PDCD11 (22984)_damaging,0,0.021084928337529223,100.25,52.124050750749085,0.0,damaging,PDCD11
PTPRM (5797)_damaging,0,0.022313684644539436,101.0,53.541261347363374,0.0,damaging,PTPRM
COL4A5 (1287)_damaging,0,0.021870976031223052,101.33333333333333,60.28543218169157,0.0,damaging,COL4A5
SIG:G[C>A]A,0,0.01934006729516157,103.0,46.87216658103186,0.0,damaging,SIG:G[C>A]A
HELZ (9931)_damaging,0,0.019016217989948146,104.0,66.46803743153546,0.0,damaging,HELZ
LOXL2 (4017)_damaging,0,0.011513532950009458,104.0,,0.0,damaging,LOXL2
APC (324)_damaging,0,0.0219505854749629,104.4,59.80635417746178,0.0,damaging,APC
PIK3R1 (5295)_damaging,0,0.016597329942418894,104.4,41.36786192202832,0.0,damaging,PIK3R1
CDH18 (1016)_damaging,0,0.01909119795792511,104.8,48.77191814968938,0.0,damaging,CDH18
COL22A1 (169044)_damaging,0,0.018095321975472346,104.8,47.7514397688698,0.0,damaging,COL22A1
CEP170B (283638)_damaging,0,0.018506227137856254,105.5,64.34671708797582,0.0,damaging,CEP170B
MROH2A (339766)_damaging,0,0.01724115097695776,106.0,43.139309220245984,0.0,damaging,MROH2A
CCND3 (896)_damaging,0,0.019198043821605407,107.2,55.346183246905106,0.0,damaging,CCND3
SIG:C[C>G]G,0,0.017547631117581616,107.2,48.41177542705906,0.0,damaging,SIG:C[C>G]G
AOX1 (316)_damaging,0,0.013961723302453431,107.5,27.577164466275352,0.0,damaging,AOX1
PTPRB (5787)_damaging,0,0.019726573983981234,107.8,60.18886940290538,0.0,damaging,PTPRB
PCDH15 (65217)_damaging,0,0.016575505208986353,108.4,42.82872867597169,0.0,damaging,PCDH15
DDX3X (1654)_damaging,0,0.015668356665742823,108.8,45.10210638096629,0.0,damaging,DDX3X
SIG:A[T>C]T,0,0.01699082902609935,108.8,42.86840328260431,0.0,damaging,SIG:A[T>C]T
CUBN (8029)_damaging,0,0.018667743637732215,109.0,53.7354631505117,0.0,damaging,CUBN
KALRN (8997)_damaging,0,0.014801608146618392,109.0,40.1434926233381,0.0,damaging,KALRN
KIF5C (3800)_damaging,0,0.01711876675809159,109.0,52.57375771237966,0.0,damaging,KIF5C
PASK (23178)_damaging,0,0.009916379633434278,109.0,,0.0,damaging,PASK
LINC02138 (400558)_damaging,0,0.018341004213743867,110.0,57.81435807824904,0.0,damaging,LINC02138
THADA (63892)_damaging,0,0.012955969965132225,110.0,34.56153931757091,0.0,damaging,THADA
DNM2 (1785)_damaging,0,0.013790772254423869,110.5,35.180487015768655,0.0,damaging,DNM2
SIG:T[T>A]C,0,0.013827359585198377,111.0,38.451267859460756,0.0,damaging,SIG:T[T>A]C
CMYA5 (202333)_damaging,0,0.0165009936370835,113.0,48.041648597857254,0.0,damaging,CMYA5
ADGRL4 (64123)_damaging,0,0.01512530556160569,113.6,49.06933869536047,0.0,damaging,ADGRL4
SIG:A[T>G]A,0,0.01253140595505805,113.8,36.65651374585423,0.0,damaging,SIG:A[T>G]A
CAMSAP1 (157922)_damaging,0,0.012886390983428109,114.5,33.78855822118882,0.0,damaging,CAMSAP1
LINC02900 (340073)_damaging,0,0.013430045235072508,114.8,45.284655237729254,0.0,damaging,LINC02900
ZSWIM5 (57643)_damaging,0,0.013336248036166641,115.0,52.32590180780452,0.0,damaging,ZSWIM5
PLA2R1 (22925)_damaging,0,0.010765378960661565,116.0,32.657311585615865,0.0,damaging,PLA2R1
BTBD8 (284697)_damaging,0,0.013157581877672358,117.0,48.52319033204639,0.0,damaging,BTBD8
C2orf81 (388963)_hotspot,0,0.014721385873530926,117.2,49.02244383953129,0.0,hotspot,C2orf81
SIG:G[T>G]A,0,0.014215417753696238,117.2,45.30673239155523,0.0,damaging,SIG:G[T>G]A
SMC3 (9126)_damaging,0,0.014707605184000178,117.2,53.11967620383241,0.0,damaging,SMC3
CDKN2A (1029)_hotspot,0,0.01315089846729246,117.4,46.40366364846638,0.0,hotspot,CDKN2A
FMN2 (56776)_damaging,0,0.010642860603811906,117.6,29.534725324607308,0.0,damaging,FMN2
KIF27 (55582)_damaging,0,0.011179708954024942,118.25,40.06141119165258,0.0,damaging,KIF27
FN1 (2335)_damaging,0,0.012122047573296744,118.4,43.866843971272885,0.0,damaging,FN1
PIK3CA (5290)_hotspot,0,0.01367605564254853,118.8,50.26629089161045,0.0,hotspot,PIK3CA
RHOA (387)_hotspot,0,0.012424212015749628,119.0,44.62622547336936,0.0,hotspot,RHOA
LCOR (84458)_damaging,0,0.013102191436449917,119.4,38.86901079266104,0.0,damaging,LCOR
PTPRS (5802)_damaging,0,0.013793620328240311,119.4,47.83617877715569,0.0,damaging,PTPRS
TYRO3 (7301)_damaging,0,0.013854477959294004,119.4,50.54008310242475,0.0,damaging,TYRO3
MPDZ (8777)_damaging,0,0.01018799267112061,119.75,38.40464381642755,0.0,damaging,MPDZ
ROBO2 (6092)_damaging,0,0.011533570542407487,120.2,42.180564244685016,0.0,damaging,ROBO2
PTCH2 (8643)_damaging,0,0.01238918982084621,121.0,59.39696961966999,0.0,damaging,PTCH2
GTF3C1 (2975)_damaging,0,0.010788490894062053,121.4,39.66484589658707,0.0,damaging,GTF3C1
LAMA5 (3911)_damaging,0,0.011379874474000592,123.2,42.558195450465234,0.0,damaging,LAMA5
FLT4 (2324)_damaging,0,0.00954223875855227,123.6,31.60379724020517,0.0,damaging,FLT4
AGRN (375790)_damaging,0,0.0098796159459091,124.0,36.83295625749672,0.0,damaging,AGRN
PTPRC (5788)_damaging,0,0.01110813058005184,124.2,46.19199064773026,0.0,damaging,PTPRC
ARFGEF3 (57221)_damaging,0,0.009955589192163508,125.0,40.391830857241416,0.0,damaging,ARFGEF3
SDHA (6389)_damaging,0,0.008586453383866571,125.2,32.07335342616983,0.0,damaging,SDHA
RIMBP2 (23504)_damaging,0,0.008261542725774534,125.5,34.25881881598762,0.0,damaging,RIMBP2
TAF3 (83860)_damaging,0,0.011402421177996811,125.5,53.033008588991066,0.0,damaging,TAF3
CCNB3 (85417)_damaging,0,0.012139739112784653,125.6,51.33517312720393,0.0,damaging,CCNB3
SIG:C[T>C]C,0,0.007870413962433773,125.6,32.48538132760642,0.0,damaging,SIG:C[T>C]C
KANSL1 (284058)_damaging,0,0.010266722330783387,126.0,43.40506882842141,0.0,damaging,KANSL1
RBM10 (8241)_damaging,0,0.010292663722286524,126.0,48.30631428705775,0.0,damaging,RBM10
SIG:T[T>C]G,0,0.009834112524120156,126.2,41.721696993291154,0.0,damaging,SIG:T[T>C]G
ABCA12 (26154)_damaging,0,0.007079633321629744,126.6,29.364945087638084,0.0,damaging,ABCA12
KIF7 (374654)_damaging,0,0.011551472086644409,127.0,52.65453446760307,0.0,damaging,KIF7
FRY (10129)_damaging,0,0.0118868312843566,127.4,52.32876837839775,0.0,damaging,FRY
SIG:A[T>C]C,0,0.007778425465016005,127.6,32.41604540964243,0.0,damaging,SIG:A[T>C]C
SMARCA4 (6597)_damaging,0,0.00766356656678666,127.6,36.12893577176056,0.0,damaging,SMARCA4
TCERG1 (10915)_damaging,0,0.008993955190106848,128.25,35.453020557727754,0.0,damaging,TCERG1
ABCC11 (85320)_damaging,0,0.0051474136948883135,129.0,,0.0,damaging,ABCC11
CD36 (948)_damaging,0,0.007339270150542943,129.0,37.70278504301771,0.0,damaging,CD36
SHANK2 (22941)_damaging,0,0.006098653756292688,129.2,24.437675830569482,0.0,damaging,SHANK2
SIG:A[C>A]C,0,0.005926189672207662,129.2,19.35716921453134,0.0,damaging,SIG:A[C>A]C
TRANK1 (9881)_damaging,0,0.008088276511998439,129.2,36.779070135064586,0.0,damaging,TRANK1
AP3D1 (8943)_damaging,0,0.008322648287510058,129.5,44.66542286825459,0.0,damaging,AP3D1
CADPS2 (93664)_damaging,0,0.00730542334713457,130.0,35.204166420089166,0.0,damaging,CADPS2
SHOC1 (158401)_damaging,0,0.006942950913979119,130.0,,0.0,damaging,SHOC1
ABL2 (27)_damaging,0,0.008536447550352107,130.2,45.603727917791986,0.0,damaging,ABL2
MAP3K12 (7786)_damaging,0,0.009495195961149377,130.2,46.1595060632152,0.0,damaging,MAP3K12
DTX1 (1840)_damaging,0,0.008282012443044986,130.5,37.063009411901064,0.0,damaging,DTX1
QKI (9444)_damaging,0,0.008139257149833186,130.6,44.72471352619265,0.0,damaging,QKI
CNTN5 (53942)_damaging,0,0.007418189249744982,130.8,37.6390754402921,0.0,damaging,CNTN5
ERICH3 (127254)_damaging,0,0.008543236637790295,131.0,44.40157654858665,0.0,damaging,ERICH3
STAT2 (6773)_damaging,0,0.00701720888075938,131.0,41.737273509418415,0.0,damaging,STAT2
UBR4 (23352)_damaging,0,0.010180839119753938,131.0,50.104889980919026,0.0,damaging,UBR4
TSC1 (7248)_damaging,0,0.008802464822220399,131.33333333333334,44.85903847981288,0.0,damaging,TSC1
MUC17 (140453)_damaging,0,0.007605293953142691,131.4,42.96859318153202,0.0,damaging,MUC17
HSPG2 (3339)_damaging,0,0.008024227268806146,131.6,43.08480010398098,0.0,damaging,HSPG2
SIG:T[T>G]G,0,0.007601597973160662,131.6,42.529989419232166,0.0,damaging,SIG:T[T>G]G
ABCA13 (154664)_damaging,0,0.007825683699824731,131.8,44.79620519642261,0.0,damaging,ABCA13
CACNA1S (779)_damaging,0,0.006062266152939047,132.0,22.781571499789035,0.0,damaging,CACNA1S
SIG:A[C>G]T,0,0.0065430658646660434,132.0,24.566236993076494,0.0,damaging,SIG:A[C>G]T
TPR (7175)_damaging,0,0.007352026548087191,132.0,41.65333119931706,0.0,damaging,TPR
HLA-B (3106)_damaging,0,0.007250294420023062,132.6,43.038354987150704,0.0,damaging,HLA-B
SIG:A[T>G]G,0,0.007154428456481958,132.6,40.339806643066595,0.0,damaging,SIG:A[T>G]G
MSH3 (4437)_damaging,0,0.0077020096197036965,132.8,40.45614909998231,0.0,damaging,MSH3
STAG2 (10735)_damaging,0,0.006742754410847737,132.8,35.06707857806236,0.0,damaging,STAG2
RTL1 (388015)_damaging,0,0.0056649818769897034,133.0,32.76430985081175,0.0,damaging,RTL1
TMEM245 (23731)_damaging,0,0.007153482261121745,133.0,42.16040796766559,0.0,damaging,TMEM245
NLRP4 (147945)_damaging,0,0.0066564426908574895,133.2,39.0281949364815,0.0,damaging,NLRP4
SIG:C[C>A]T,0,0.007286583610846674,133.2,38.47986486462758,0.0,damaging,SIG:C[C>A]T
AHNAK2 (113146)_damaging,0,0.00658487142831196,133.4,38.5914498302409,0.0,damaging,AHNAK2
TTK (7272)_damaging,0,0.00420774364312237,133.75,24.918199506919976,0.0,damaging,TTK
RAD50 (10111)_damaging,0,0.007052952382475777,133.8,38.27139924277658,0.0,damaging,RAD50
ZNF831 (128611)_damaging,0,0.006461539326242246,133.8,40.40668261562684,0.0,damaging,ZNF831
ADGRL3 (23284)_damaging,0,0.006050868728842968,134.0,27.568097504180443,0.0,damaging,ADGRL3
CTCF (10664)_damaging,0,0.006297746720028148,134.0,37.282703764614496,0.0,damaging,CTCF
USP13 (8975)_damaging,0,0.006048612416266292,134.2,36.84698088039236,0.0,damaging,USP13
BCOR (54880)_damaging,0,0.005201017011156643,134.4,21.686401268998043,0.0,damaging,BCOR
DHX38 (9785)_damaging,0,0.004729536409863377,134.4,29.66985001647295,0.0,damaging,DHX38
NARF (26502)_damaging,0,0.006627968651402858,134.66666666666666,36.11555528208494,0.0,damaging,NARF
PTPRZ1 (5803)_damaging,0,0.005567788791227532,134.8,35.541525009487145,0.0,damaging,PTPRZ1
RAD17 (5884)_damaging,0,0.0046721101203214075,134.8,28.78714991102801,0.0,damaging,RAD17
SIG:T[C>G]T,0,0.006242600581895038,134.8,36.09293559687269,0.0,damaging,SIG:T[C>G]T
CEP350 (9857)_damaging,0,0.005632383360432703,135.0,37.78227097462512,0.0,damaging,CEP350
RP1 (6101)_damaging,0,0.0071609451091869765,135.0,41.237119201030524,0.0,damaging,RP1
STK11 (6794)_damaging,0,0.0046027036847416025,135.0,28.34607556611673,0.0,damaging,STK11
TLE4 (7091)_damaging,0,0.005074480038069709,135.0,24.331050121192877,0.0,damaging,TLE4
FANCM (57697)_damaging,0,0.005489847551092967,135.2,24.783058729704855,0.0,damaging,FANCM
SIG:C[C>A]A,0,0.007128621017412228,135.2,40.794607486774524,0.0,damaging,SIG:C[C>A]A
TOGARAM1 (23116)_damaging,0,0.003681398281735163,135.25,14.545904349105744,0.0,damaging,TOGARAM1
SIG:G[C>T]C,0,0.004096278724385639,135.6,27.02406335102107,0.0,damaging,SIG:G[C>T]C
POLQ (10721)_damaging,0,0.005703236660850821,135.8,33.921969282457646,0.0,damaging,POLQ
PTEN (5728)_damaging,0,0.005205565132861795,136.0,32.93933818400121,0.0,damaging,PTEN
SIG:T[T>A]A,0,0.004253367920504706,136.0,26.22022120425379,0.0,damaging,SIG:T[T>A]A
SMAD4 (4089)_hotspot,0,0.0067671450834517685,136.2,38.583675304460044,0.0,hotspot,SMAD4
ZNF729 (100287226)_damaging,0,0.004032808199679572,136.2,19.149412523625887,0.0,damaging,ZNF729
SORCS1 (114815)_damaging,0,0.003856101646407951,136.4,25.26459973955653,0.0,damaging,SORCS1
ZNF668 (79759)_damaging,0,0.0049609500564890855,136.5,14.849242404917497,0.0,damaging,ZNF668
PLEC (5339)_damaging,0,0.0038460416044913863,136.6,24.825390228554316,0.0,damaging,PLEC
LRP4 (4038)_damaging,0,0.004797757973217668,136.8,31.21217711086492,0.0,damaging,LRP4
MYO16 (23026)_damaging,0,0.006607252881177636,136.8,37.25855606434581,0.0,damaging,MYO16
CACNA1E (777)_damaging,0,0.003752659567058237,137.0,23.947860029656095,0.0,damaging,CACNA1E
SIG:C[C>G]T,0,0.004772197469860895,137.0,30.781487943242773,0.0,damaging,SIG:C[C>G]T
SIG:A[C>T]T,0,0.004471026759178892,137.4,21.686401268998047,0.0,damaging,SIG:A[C>T]T
CPAMD8 (27151)_damaging,0,0.004432425837433832,137.6,32.12942576517669,0.0,damaging,CPAMD8
ARHGAP17 (55114)_damaging,0,0.003429384339501745,137.75,14.795832746644125,0.0,damaging,ARHGAP17
MED12 (9968)_damaging,0,0.003981285010159914,137.8,19.3700800204852,0.0,damaging,MED12
ITPR2 (3709)_damaging,0,0.004106795392536336,138.0,31.264996401726965,0.0,damaging,ITPR2
NBAS (51594)_damaging,0,0.003457008589740062,138.0,13.416407864998737,0.0,damaging,NBAS
SIG:A[C>T]A,0,0.0033761779126455713,138.0,14.08900280360537,0.0,damaging,SIG:A[C>T]A
PDS5B (23047)_damaging,0,0.004127286921821177,138.2,28.208154849263007,0.0,damaging,PDS5B
PEG3 (5178)_damaging,0,0.0032625674585216253,138.4,20.88779547965749,0.0,damaging,PEG3
TRPM6 (140803)_damaging,0,0.00551785294301499,138.4,33.73129111077724,0.0,damaging,TRPM6
KDR (3791)_damaging,0,0.00420969615615663,138.6,27.89802860418635,0.0,damaging,KDR
LZTR1 (8216)_damaging,0,0.004557272319085618,138.6,25.125684070289505,0.0,damaging,LZTR1
ADAMTS3 (9508)_damaging,0,0.003653380688329442,138.8,26.929537686339884,0.0,damaging,ADAMTS3
SIG:C[T>G]A,0,0.003568163731714696,138.8,18.833480825381166,0.0,damaging,SIG:C[T>G]A
CSMD1 (64478)_damaging,0,0.003763713913521655,139.0,29.111853256019273,0.0,damaging,CSMD1
MYH9 (4627)_damaging,0,0.003099309112964329,139.0,19.58315602756614,0.0,damaging,MYH9
IGFN1 (91156)_damaging,0,0.0036616277779927472,139.2,28.68274742767854,0.0,damaging,IGFN1
SIG:G[C>G]T,0,0.003406510476908512,139.2,26.080644163823873,0.0,damaging,SIG:G[C>G]T
THSD7B (80731)_damaging,0,0.003953876246800043,139.4,26.197328108034224,0.0,damaging,THSD7B
ACACB (32)_damaging,0,0.004515605105773098,139.6,31.09340766143203,0.0,damaging,ACACB
EP300 (2033)_damaging,0,0.0035148216656443647,139.6,27.8262466028029,0.0,damaging,EP300
SPAG8 (26206)_damaging,0,0.003484860203519167,139.6,17.952715672009067,0.0,damaging,SPAG8
OPHN1 (4983)_damaging,0,0.002792170159892556,139.66666666666666,23.50177298276309,0.0,damaging,OPHN1
RNF17 (56163)_damaging,0,0.004424588009388711,139.75,28.651643350193133,0.0,damaging,RNF17
DNAH11 (8701)_damaging,0,0.0028990264558571076,139.8,17.852170736355845,0.0,damaging,DNAH11
ABCC8 (6833)_damaging,0,0.0032905669095546672,140.0,24.392621835300936,0.0,damaging,ABCC8
ACVR1B (91)_damaging,0,0.0,140.0,,0.0,damaging,ACVR1B
ADAM22 (53616)_damaging,0,0.0,140.0,,0.0,damaging,ADAM22
ADAMTS6 (11174)_damaging,0,0.0,140.0,,0.0,damaging,ADAMTS6
ARHGAP29 (9411)_damaging,0,0.0,140.0,,0.0,damaging,ARHGAP29
ATXN2 (6311)_damaging,0,0.0,140.0,,0.0,damaging,ATXN2
BCL11A (53335)_damaging,0,0.0,140.0,,0.0,damaging,BCL11A
BCL9 (607)_damaging,0,0.004192618837731574,140.0,30.215889859476256,0.0,damaging,BCL9
CACNA1G (8913)_damaging,0,0.0,140.0,,0.0,damaging,CACNA1G
CARD6 (84674)_damaging,0,0.0,140.0,,0.0,damaging,CARD6
CDC42BPB (9578)_damaging,0,0.0,140.0,,0.0,damaging,CDC42BPB
CIITA (4261)_damaging,0,0.0,140.0,,0.0,damaging,CIITA
DAXX (1616)_damaging,0,0.0,140.0,,0.0,damaging,DAXX
DGKI (9162)_damaging,0,0.0,140.0,,0.0,damaging,DGKI
DISP1 (84976)_damaging,0,0.0,140.0,,0.0,damaging,DISP1
DPYD (1806)_damaging,0,0.0,140.0,,0.0,damaging,DPYD
DVL1 (1855)_damaging,0,0.0,140.0,,0.0,damaging,DVL1
EML3 (256364)_damaging,0,0.0,140.0,,0.0,damaging,EML3
EPRS1 (2058)_damaging,0,0.0,140.0,,0.0,damaging,EPRS1
GAPVD1 (26130)_damaging,0,0.0,140.0,,0.0,damaging,GAPVD1
GPRC6A (222545)_damaging,0,0.0,140.0,,0.0,damaging,GPRC6A
GRIN3A (116443)_damaging,0,0.0,140.0,,0.0,damaging,GRIN3A
HDAC5 (10014)_damaging,0,0.0,140.0,,0.0,damaging,HDAC5
IBTK (25998)_damaging,0,0.0,140.0,,0.0,damaging,IBTK
IKZF1 (10320)_damaging,0,0.0,140.0,,0.0,damaging,IKZF1
IRS2 (8660)_damaging,0,0.0,140.0,,0.0,damaging,IRS2
LRRC17 (10234)_damaging,0,0.0,140.0,,0.0,damaging,LRRC17
MAP2K1 (5604)_hotspot,0,0.0,140.0,,0.0,hotspot,MAP2K1
MCM3AP (8888)_damaging,0,0.0,140.0,,0.0,damaging,MCM3AP
MIPOL1 (145282)_damaging,0,0.0,140.0,,0.0,damaging,MIPOL1
MPL (4352)_damaging,0,0.0,140.0,,0.0,damaging,MPL
MYLK (4638)_damaging,0,0.0,140.0,,0.0,damaging,MYLK
PDE3A (5139)_damaging,0,0.0,140.0,,0.0,damaging,PDE3A
PDE6C (5146)_damaging,0,0.0,140.0,,0.0,damaging,PDE6C
PEX6 (5190)_damaging,0,0.0,140.0,,0.0,damaging,PEX6
PLXNA1 (5361)_damaging,0,0.0,140.0,,0.0,damaging,PLXNA1
RECQL4 (9401)_damaging,0,0.0,140.0,,0.0,damaging,RECQL4
RHBDF2 (79651)_damaging,0,0.0,140.0,,0.0,damaging,RHBDF2
SALL4 (57167)_damaging,0,0.0,140.0,,0.0,damaging,SALL4
SAP130 (79595)_damaging,0,0.0,140.0,,0.0,damaging,SAP130
SARDH (1757)_damaging,0,0.0,140.0,,0.0,damaging,SARDH
SLFN5 (162394)_damaging,0,0.0,140.0,,0.0,damaging,SLFN5
SLITRK1 (114798)_damaging,0,0.0,140.0,,0.0,damaging,SLITRK1
SLITRK4 (139065)_damaging,0,0.0,140.0,,0.0,damaging,SLITRK4
TASOR (23272)_damaging,0,0.0,140.0,,0.0,damaging,TASOR
TCHH (7062)_damaging,0,0.0,140.0,,0.0,damaging,TCHH
TEP1 (7011)_damaging,0,0.0020508314224825354,140.0,13.589211407093009,0.0,damaging,TEP1
THBS2 (7058)_damaging,0,0.0,140.0,,0.0,damaging,THBS2
TOP2B (7155)_damaging,0,0.0,140.0,,0.0,damaging,TOP2B
USP7 (7874)_damaging,0,0.0,140.0,,0.0,damaging,USP7
WDR75 (84128)_damaging,0,0.0,140.0,,0.0,damaging,WDR75
XPO7 (23039)_damaging,0,0.0,140.0,,0.0,damaging,XPO7
ZMYM2 (7750)_damaging,0,0.0,140.0,,0.0,damaging,ZMYM2
ZNF316 (100131017)_damaging,0,0.0,140.0,,0.0,damaging,ZNF316
ZNF462 (58499)_damaging,0,0.0,140.0,,0.0,damaging,ZNF462
ZNRF3 (84133)_damaging,0,0.0,140.0,,0.0,damaging,ZNRF3
MYO7A (4647)_damaging,0,0.002708140001038518,140.2,16.991174179555692,0.0,damaging,MYO7A
ERBB4 (2066)_damaging,0,0.003558962900327434,140.4,24.08941676338387,0.0,damaging,ERBB4
SIG:A[T>A]A,0,0.003156754698368712,140.4,17.169740825067805,0.0,damaging,SIG:A[T>A]A
MAP3K15 (389840)_damaging,0,0.0042007359440889205,140.5,27.19681353884434,0.0,damaging,MAP3K15
NYAP2 (57624)_damaging,0,0.0024855990917026526,140.66666666666666,14.57166199626293,0.0,damaging,NYAP2
LY75 (4065)_damaging,0,0.003451738381512327,140.8,23.252956801232827,0.0,damaging,LY75
ADGRL2 (23266)_damaging,0,0.0024995962307307095,141.2,24.427443582986736,0.0,damaging,ADGRL2
ARFGEF1 (10565)_damaging,0,0.0029838091194673132,141.4,22.006817125609057,0.0,damaging,ARFGEF1
OTOGL (283310)_damaging,0,0.002412254182196309,141.4,14.432601983010548,0.0,damaging,OTOGL
SIG:A[C>T]C,0,0.002482189294181526,141.4,24.006249186409775,0.0,damaging,SIG:A[C>T]C
FXR2 (9513)_damaging,0,0.002203108091770224,141.5,10.082988974836114,0.0,damaging,FXR2
SIG:G[T>C]T,0,0.002897022053774778,141.6,21.59398064276246,0.0,damaging,SIG:G[T>C]T
TTN (7273)_damaging,0,0.003647009836075879,141.6,26.717035763721988,0.0,damaging,TTN
KEAP1 (9817)_damaging,0,0.0022500882274509937,141.8,13.590437814875573,0.0,damaging,KEAP1
CRACD (57482)_damaging,0,0.00124219345162588,142.0,8.18535277187245,0.0,damaging,CRACD
ESRP1 (54845)_damaging,0,0.0027461618579939697,142.0,20.77257807784099,0.0,damaging,ESRP1
DMTN (2039)_damaging,0,0.0029140913980363193,142.33333333333334,11.71893055416463,0.0,damaging,DMTN
SIG:T[T>C]C,0,0.0021215398205796493,142.8,21.08791122894821,0.0,damaging,SIG:T[T>C]C
CACNA1I (8911)_damaging,0,0.002254942018774591,143.0,18.74833325925268,0.0,damaging,CACNA1I
EP300 (2033)_hotspot,0,0.005129168301036901,143.0,,0.0,hotspot,EP300
GRIA1 (2890)_damaging,0,0.002079010694389681,143.0,7.937253933193772,0.0,damaging,GRIA1
SYNE2 (23224)_damaging,0,0.0023555709854509183,143.0,18.23458252881047,0.0,damaging,SYNE2
ZFP36L2 (678)_damaging,0,0.002335879920883416,143.2,17.838161340227867,0.0,damaging,ZFP36L2
LRBA (987)_damaging,0,0.001168330625652903,143.25,10.372238588334406,0.0,damaging,LRBA
CSMD2 (114784)_damaging,0,0.0021766138425428,143.4,17.952715672009067,0.0,damaging,CSMD2
ADGRG6 (57211)_damaging,0,0.0,143.5,4.949747468305833,0.0,damaging,ADGRG6
ERN2 (10595)_damaging,0,0.0,143.5,4.949747468305833,0.0,damaging,ERN2
FAM135B (51059)_damaging,0,0.0,143.5,4.949747468305833,0.0,damaging,FAM135B
GABRG1 (2565)_damaging,0,0.0,143.5,4.949747468305833,0.0,damaging,GABRG1
GPC2 (221914)_damaging,0,0.0,143.5,4.949747468305833,0.0,damaging,GPC2
IGSF9 (57549)_damaging,0,0.0,143.5,4.949747468305833,0.0,damaging,IGSF9
INTS1 (26173)_damaging,0,0.0,143.5,4.949747468305833,0.0,damaging,INTS1
KCND2 (3751)_damaging,0,0.0,143.5,4.949747468305833,0.0,damaging,KCND2
LRGUK (136332)_damaging,0,0.0,143.5,4.949747468305833,0.0,damaging,LRGUK
MORC4 (79710)_damaging,0,0.0,143.5,4.949747468305833,0.0,damaging,MORC4
NCOA3 (8202)_damaging,0,0.0,143.5,4.949747468305833,0.0,damaging,NCOA3
NDUFV3 (4731)_damaging,0,0.0,143.5,4.949747468305833,0.0,damaging,NDUFV3
REXO1 (57455)_damaging,0,0.0,143.5,4.949747468305833,0.0,damaging,REXO1
SH2B1 (25970)_damaging,0,0.0,143.5,4.949747468305833,0.0,damaging,SH2B1
SH3PXD2A (9644)_damaging,0,0.0,143.5,4.949747468305833,0.0,damaging,SH3PXD2A
SLC25A13 (10165)_damaging,0,0.0,143.5,4.949747468305833,0.0,damaging,SLC25A13
SLC5A7 (60482)_damaging,0,0.0,143.5,4.949747468305833,0.0,damaging,SLC5A7
PKHD1 (5314)_damaging,0,0.0018948342704111227,143.6,7.3006848993775915,0.0,damaging,PKHD1
SIG:T[T>A]G,0,0.0017835807819896962,143.6,19.449935732541636,0.0,damaging,SIG:T[T>A]G
ZBTB7A (51341)_damaging,0,0.0017266552307629672,143.8,19.044684297724654,0.0,damaging,ZBTB7A
CDC42BPA (8476)_damaging,0,0.0028180375157238176,144.0,21.51743479135001,0.0,damaging,CDC42BPA
EPHA7 (2045)_damaging,0,0.002808594368231716,144.2,21.08791122894821,0.0,damaging,EPHA7
SPTBN5 (51332)_damaging,0,0.0016801896896743382,144.2,18.240065789355032,0.0,damaging,SPTBN5
BRWD3 (254065)_damaging,0,0.0018582774023542567,144.25,14.997221964972931,0.0,damaging,BRWD3
TNFAIP3 (7128)_damaging,0,0.0016464509839571055,144.33333333333334,12.423096769056148,0.0,damaging,TNFAIP3
SIG:G[C>T]A,0,0.0016909622788102094,144.4,16.00937225502612,0.0,damaging,SIG:G[C>T]A
SIG:T[T>C]A,0,0.002772668938657387,144.4,20.659138413786767,0.0,damaging,SIG:T[T>C]A
PER1 (5187)_damaging,0,0.0026477014483621405,144.6,20.23116407921205,0.0,damaging,PER1
PKHD1L1 (93035)_damaging,0,0.0019158510700919263,144.6,15.142654985173506,0.0,damaging,PKHD1L1
CC2D2B (387707)_damaging,0,0.0006243392981676151,144.66666666666666,6.4291005073286405,0.0,damaging,CC2D2B
CHEK2 (11200)_damaging,0,0.0023814389271573496,144.75,19.670197423174653,0.0,damaging,CHEK2
DIAPH2 (1730)_damaging,0,0.0023461225305540087,144.8,17.049926686059386,0.0,damaging,DIAPH2
JAKMIP3 (282973)_damaging,0,0.001641380480426824,144.8,17.049926686059386,0.0,damaging,JAKMIP3
RECQL (5965)_damaging,0,0.00188962978253828,144.8,14.771594362153328,0.0,damaging,RECQL
STAB2 (55576)_damaging,0,0.001646531859593159,144.8,7.661592523751181,0.0,damaging,STAB2
ADNP (23394)_damaging,0,0.002990209862011575,145.0,22.338307903688676,0.0,damaging,ADNP
IRF8 (3394)_damaging,0,0.002533521711817162,145.0,19.078784028338912,0.0,damaging,IRF8
RXFP1 (59350)_damaging,0,0.002536093843634547,145.0,19.3778223750761,0.0,damaging,RXFP1
KNOP1 (400506)_damaging,0,0.0016351754829443837,145.4,13.685759021698432,0.0,damaging,KNOP1
NFE2L2 (4780)_hotspot,0,0.0014523944817672236,145.4,15.883954167649817,0.0,hotspot,NFE2L2
AGBL2 (79841)_damaging,0,0.0,145.5,7.7781745930520225,0.0,damaging,AGBL2
ANKFN1 (162282)_damaging,0,0.0,145.5,7.7781745930520225,0.0,damaging,ANKFN1
ATP8A1 (10396)_damaging,0,0.0,145.5,7.7781745930520225,0.0,damaging,ATP8A1
BTAF1 (9044)_damaging,0,0.0,145.5,7.7781745930520225,0.0,damaging,BTAF1
CCDC88C (440193)_damaging,0,0.0,145.5,7.7781745930520225,0.0,damaging,CCDC88C
CEPT1 (10390)_damaging,0,0.0,145.5,7.7781745930520225,0.0,damaging,CEPT1
CUL9 (23113)_damaging,0,0.0,145.5,7.7781745930520225,0.0,damaging,CUL9
FILIP1L (11259)_damaging,0,0.0,145.5,7.7781745930520225,0.0,damaging,FILIP1L
MAN2B1 (4125)_damaging,0,0.0,145.5,7.7781745930520225,0.0,damaging,MAN2B1
MRE11 (4361)_damaging,0,0.0,145.5,7.7781745930520225,0.0,damaging,MRE11
NAA25 (80018)_damaging,0,0.0,145.5,7.7781745930520225,0.0,damaging,NAA25
NFKBIZ (64332)_damaging,0,0.0,145.5,7.7781745930520225,0.0,damaging,NFKBIZ
NHSL1 (57224)_damaging,0,0.0,145.5,7.7781745930520225,0.0,damaging,NHSL1
NLRP9 (338321)_damaging,0,0.0,145.5,7.7781745930520225,0.0,damaging,NLRP9
NUP210 (23225)_damaging,0,0.0,145.5,7.7781745930520225,0.0,damaging,NUP210
SECISBP2 (79048)_damaging,0,0.0,145.5,7.7781745930520225,0.0,damaging,SECISBP2
SMG1 (23049)_damaging,0,0.0,145.5,7.7781745930520225,0.0,damaging,SMG1
STAMBPL1 (57559)_damaging,0,0.0,145.5,7.7781745930520225,0.0,damaging,STAMBPL1
TYK2 (7297)_damaging,0,0.0,145.5,7.7781745930520225,0.0,damaging,TYK2
XPOT (11260)_damaging,0,0.0,145.5,7.7781745930520225,0.0,damaging,XPOT
ZC3H4 (23211)_damaging,0,0.0,145.5,7.7781745930520225,0.0,damaging,ZC3H4
UNC93B7 (100887746)_damaging,0,0.0014476147864147322,145.6,9.370165420097983,0.0,damaging,UNC93B7
AEBP1 (165)_damaging,0,0.0015047455540225531,145.8,12.988456413292536,0.0,damaging,AEBP1
COL25A1 (84570)_damaging,0,0.0014940523098050747,145.8,10.158740079360232,0.0,damaging,COL25A1
NUGGC (389643)_damaging,0,0.001333265395644124,145.8,15.12283042290695,0.0,damaging,NUGGC
PTPN23 (25930)_damaging,0,0.001955474287024878,145.8,17.683325479106013,0.0,damaging,PTPN23
AHCTF1 (25909)_damaging,0,0.0,146.0,5.5677643628300215,0.0,damaging,AHCTF1
ANKAR (150709)_damaging,0,0.0,146.0,5.5677643628300215,0.0,damaging,ANKAR
AP4E1 (23431)_damaging,0,0.0,146.0,5.5677643628300215,0.0,damaging,AP4E1
ATG9B (285973)_damaging,0,0.0,146.0,5.5677643628300215,0.0,damaging,ATG9B
C2CD5 (9847)_damaging,0,0.0,146.0,8.48528137423857,0.0,damaging,C2CD5
C2CD6 (151254)_damaging,0,0.0,146.0,5.5677643628300215,0.0,damaging,C2CD6
CACNA1H (8912)_damaging,0,0.0,146.0,5.5677643628300215,0.0,damaging,CACNA1H
CCDC15 (80071)_damaging,0,0.0,146.0,5.5677643628300215,0.0,damaging,CCDC15
CELSR1 (9620)_damaging,0,0.0,146.0,5.5677643628300215,0.0,damaging,CELSR1
CNOT1 (23019)_damaging,0,0.0,146.0,8.48528137423857,0.0,damaging,CNOT1
CPD (1362)_damaging,0,0.0,146.0,8.48528137423857,0.0,damaging,CPD
CR1 (1378)_damaging,0,0.0,146.0,5.5677643628300215,0.0,damaging,CR1
DOCK9 (23348)_damaging,0,0.0,146.0,5.5677643628300215,0.0,damaging,DOCK9
EFNB3 (1949)_damaging,0,0.0,146.0,5.5677643628300215,0.0,damaging,EFNB3
EGFR (1956)_damaging,0,0.0,146.0,5.5677643628300215,0.0,damaging,EGFR
EPS8L3 (79574)_damaging,0,0.0,146.0,5.5677643628300215,0.0,damaging,EPS8L3
JAK1 (3716)_damaging,0,0.0,146.0,5.5677643628300215,0.0,damaging,JAK1
KIF1A (547)_damaging,0,0.00145940264839471,146.0,13.095800853708798,0.0,damaging,KIF1A
MYH4 (4622)_damaging,0,0.0,146.0,5.5677643628300215,0.0,damaging,MYH4
MYO10 (4651)_damaging,0,0.0,146.0,8.48528137423857,0.0,damaging,MYO10
MYRF (745)_damaging,0,0.0,146.0,5.5677643628300215,0.0,damaging,MYRF
NOX5 (79400)_damaging,0,0.0,146.0,5.5677643628300215,0.0,damaging,NOX5
NRP2 (8828)_damaging,0,0.0,146.0,8.48528137423857,0.0,damaging,NRP2
PCDH17 (27253)_damaging,0,0.0,146.0,5.5677643628300215,0.0,damaging,PCDH17
PSD (5662)_damaging,0,0.0,146.0,5.5677643628300215,0.0,damaging,PSD
SDCCAG8 (10806)_damaging,0,0.0,146.0,8.48528137423857,0.0,damaging,SDCCAG8
SDK1 (221935)_damaging,0,0.0,146.0,5.5677643628300215,0.0,damaging,SDK1
SIPA1L3 (23094)_damaging,0,0.0,146.0,5.5677643628300215,0.0,damaging,SIPA1L3
SLC12A1 (6557)_damaging,0,0.0,146.0,8.48528137423857,0.0,damaging,SLC12A1
SPECC1 (92521)_damaging,0,0.0,146.0,5.5677643628300215,0.0,damaging,SPECC1
SSUH2 (51066)_damaging,0,0.0,146.0,5.5677643628300215,0.0,damaging,SSUH2
TBX4 (9496)_damaging,0,0.0,146.0,5.5677643628300215,0.0,damaging,TBX4
UBR1 (197131)_damaging,0,0.0,146.0,5.5677643628300215,0.0,damaging,UBR1
ZC3H12B (340554)_damaging,0,0.0,146.0,5.5677643628300215,0.0,damaging,ZC3H12B
COL18A1 (80781)_damaging,0,0.0013087377497083721,146.2,14.37706506906051,0.0,damaging,COL18A1
FRYL (285527)_damaging,0,0.0013583724594094938,146.2,12.31665539016173,0.0,damaging,FRYL
SIG:C[T>A]G,0,0.0014587181636329534,146.2,12.755391017134675,0.0,damaging,SIG:C[T>A]G
EVPL (2125)_damaging,0,0.001264527568052795,146.25,12.203141671990318,0.0,damaging,EVPL
ADAMTS9 (56999)_damaging,0,0.0,146.33333333333334,6.027713773341707,0.0,damaging,ADAMTS9
ADGRB1 (575)_damaging,0,0.0,146.33333333333334,6.027713773341707,0.0,damaging,ADGRB1
CDH12 (1010)_damaging,0,0.0,146.33333333333334,6.027713773341707,0.0,damaging,CDH12
COL6A1 (1291)_damaging,0,0.0,146.33333333333334,6.027713773341707,0.0,damaging,COL6A1
EXD3 (54932)_damaging,0,0.0,146.33333333333334,6.027713773341707,0.0,damaging,EXD3
IPO7 (10527)_damaging,0,0.0,146.33333333333334,6.027713773341707,0.0,damaging,IPO7
POT1 (25913)_damaging,0,0.0,146.33333333333334,6.027713773341707,0.0,damaging,POT1
TSPOAP1 (9256)_damaging,0,0.0,146.33333333333334,6.027713773341707,0.0,damaging,TSPOAP1
BRCA1 (672)_damaging,0,0.0018010194176466799,146.4,16.425589791541732,0.0,damaging,BRCA1
DNAH10 (196385)_damaging,0,0.0013836899146257905,146.6,12.095453691366856,0.0,damaging,DNAH10
ABCC5 (10057)_damaging,0,0.0,147.0,,0.0,damaging,ABCC5
ADAM28 (10863)_damaging,0,0.0,147.0,,0.0,damaging,ADAM28
AFF3 (3899)_damaging,0,0.0,147.0,,0.0,damaging,AFF3
ANKRD13B (124930)_damaging,0,0.0,147.0,,0.0,damaging,ANKRD13B
ASPH (444)_damaging,0,0.0,147.0,,0.0,damaging,ASPH
ATP1A4 (480)_damaging,0,0.0,147.0,,0.0,damaging,ATP1A4
BACH2 (60468)_damaging,0,0.0,147.0,,0.0,damaging,BACH2
BBS9 (27241)_damaging,0,0.0,147.0,,0.0,damaging,BBS9
CDKL3 (51265)_damaging,0,0.0,147.0,,0.0,damaging,CDKL3
CLTC (1213)_damaging,0,0.0,147.0,,0.0,damaging,CLTC
CSDE1 (7812)_damaging,0,0.0,147.0,,0.0,damaging,CSDE1
DAB2IP (153090)_damaging,0,0.0,147.0,,0.0,damaging,DAB2IP
EPHB4 (2050)_damaging,0,0.0,147.0,,0.0,damaging,EPHB4
ERBB3 (2065)_damaging,0,0.0,147.0,,0.0,damaging,ERBB3
ERCC6 (2074)_damaging,0,0.0,147.0,,0.0,damaging,ERCC6
FAM47B (170062)_damaging,0,0.0,147.0,,0.0,damaging,FAM47B
FLNA (2316)_damaging,0,0.0,147.0,,0.0,damaging,FLNA
GAK (2580)_damaging,0,0.0,147.0,,0.0,damaging,GAK
GEMIN5 (25929)_damaging,0,0.0,147.0,,0.0,damaging,GEMIN5
GPS2 (2874)_damaging,0,0.0,147.0,,0.0,damaging,GPS2
HOXD11 (3237)_damaging,0,0.0,147.0,,0.0,damaging,HOXD11
IL1RAPL1 (11141)_damaging,0,0.0,147.0,,0.0,damaging,IL1RAPL1
IQSEC1 (9922)_damaging,0,0.0,147.0,,0.0,damaging,IQSEC1
ITGAM (3684)_damaging,0,0.0,147.0,,0.0,damaging,ITGAM
LAMC1 (3915)_damaging,0,0.0,147.0,,0.0,damaging,LAMC1
LAMC3 (10319)_damaging,0,0.0,147.0,,0.0,damaging,LAMC3
LRRIQ3 (127255)_damaging,0,0.0,147.0,,0.0,damaging,LRRIQ3
MEGF11 (84465)_damaging,0,0.0,147.0,,0.0,damaging,MEGF11
MTCL3 (387104)_damaging,0,0.0,147.0,,0.0,damaging,MTCL3
MYO1B (4430)_damaging,0,0.0,147.0,,0.0,damaging,MYO1B
MYO3B (140469)_damaging,0,0.0,147.0,,0.0,damaging,MYO3B
MYRFL (196446)_damaging,0,0.0,147.0,,0.0,damaging,MYRFL
NFATC1 (4772)_damaging,0,0.0,147.0,,0.0,damaging,NFATC1
NLGN3 (54413)_damaging,0,0.0,147.0,,0.0,damaging,NLGN3
NOLC1 (9221)_damaging,0,0.0,147.0,,0.0,damaging,NOLC1
NOP58 (51602)_damaging,0,0.0,147.0,,0.0,damaging,NOP58
NR2C2 (7182)_damaging,0,0.0,147.0,,0.0,damaging,NR2C2
OR4K5 (79317)_damaging,0,0.0,147.0,,0.0,damaging,OR4K5
P2RX2 (22953)_damaging,0,0.0,147.0,,0.0,damaging,P2RX2
PARP14 (54625)_damaging,0,0.0,147.0,,0.0,damaging,PARP14
PAX2 (5076)_damaging,0,0.0,147.0,,0.0,damaging,PAX2
PPP1R10 (5514)_damaging,0,0.0,147.0,,0.0,damaging,PPP1R10
PWWP2A (114825)_damaging,0,0.0,147.0,,0.0,damaging,PWWP2A
RAPGEF5 (9771)_damaging,0,0.0,147.0,,0.0,damaging,RAPGEF5
RASAL2 (9462)_damaging,0,0.0,147.0,,0.0,damaging,RASAL2
RNF213 (57674)_damaging,0,0.0,147.0,,0.0,damaging,RNF213
RXFP2 (122042)_damaging,0,0.0,147.0,,0.0,damaging,RXFP2
SLC26A3 (1811)_damaging,0,0.0,147.0,,0.0,damaging,SLC26A3
SLC27A6 (28965)_damaging,0,0.0,147.0,,0.0,damaging,SLC27A6
SLC4A8 (9498)_damaging,0,0.0,147.0,,0.0,damaging,SLC4A8
SLC9C2 (284525)_damaging,0,0.0,147.0,,0.0,damaging,SLC9C2
SMC2 (10592)_damaging,0,0.0016813981406299616,147.0,14.966629547095765,0.0,damaging,SMC2
SOWAHA (134548)_damaging,0,0.0,147.0,,0.0,damaging,SOWAHA
TANC1 (85461)_damaging,0,0.0,147.0,,0.0,damaging,TANC1
TBCK (93627)_damaging,0,0.0,147.0,,0.0,damaging,TBCK
TEX10 (54881)_damaging,0,0.0,147.0,,0.0,damaging,TEX10
TIMD4 (91937)_damaging,0,0.0,147.0,,0.0,damaging,TIMD4
TNKS1BP1 (85456)_damaging,0,0.0,147.0,,0.0,damaging,TNKS1BP1
TNS2 (23371)_damaging,0,0.0,147.0,,0.0,damaging,TNS2
TSHZ2 (128553)_damaging,0,0.0,147.0,,0.0,damaging,TSHZ2
TTC28 (23331)_damaging,0,0.0,147.0,,0.0,damaging,TTC28
XIRP2 (129446)_damaging,0,0.0010765342819813106,147.0,11.46734494117971,0.0,damaging,XIRP2
ZNF716 (441234)_damaging,0,0.0,147.0,,0.0,damaging,ZNF716
ZNF735 (730291)_damaging,0,0.0,147.0,,0.0,damaging,ZNF735
ATXN7 (6314)_damaging,0,0.0014921604301158943,147.2,14.771594362153332,0.0,damaging,ATXN7
PPP6R2 (9701)_damaging,0,0.0010347434076207233,147.2,11.166915420114906,0.0,damaging,PPP6R2
MYH7 (4625)_damaging,0,0.001527888483418294,147.25,14.522970311429637,0.0,damaging,MYH7
ABCB4 (5244)_damaging,0,0.0,147.5,5.4467115461227325,0.0,damaging,ABCB4
CASKIN1 (57524)_damaging,0,0.0,147.5,5.4467115461227325,0.0,damaging,CASKIN1
CHD6 (84181)_damaging,0,0.0,147.5,5.4467115461227325,0.0,damaging,CHD6
COL20A1 (57642)_damaging,0,0.0,147.5,5.4467115461227325,0.0,damaging,COL20A1
DNAJC13 (23317)_damaging,0,0.0,147.5,5.4467115461227325,0.0,damaging,DNAJC13
DPP6 (1804)_damaging,0,0.0,147.5,5.4467115461227325,0.0,damaging,DPP6
E2F7 (144455)_damaging,0,0.0,147.5,5.4467115461227325,0.0,damaging,E2F7
HEATR5B (54497)_damaging,0,0.0,147.5,5.4467115461227325,0.0,damaging,HEATR5B
HFM1 (164045)_damaging,0,0.0,147.5,5.4467115461227325,0.0,damaging,HFM1
KCNQ1 (3784)_damaging,0,0.0,147.5,5.4467115461227325,0.0,damaging,KCNQ1
LINC02714 (729305)_damaging,0,0.0,147.5,5.4467115461227325,0.0,damaging,LINC02714
MAP3K4 (4216)_damaging,0,0.0,147.5,5.4467115461227325,0.0,damaging,MAP3K4
NCAM1 (4684)_damaging,0,0.0,147.5,5.4467115461227325,0.0,damaging,NCAM1
NLRP3 (114548)_damaging,0,0.0,147.5,5.4467115461227325,0.0,damaging,NLRP3
NOL11 (25926)_damaging,0,0.0,147.5,5.4467115461227325,0.0,damaging,NOL11
PARD3B (117583)_damaging,0,0.0,147.5,5.4467115461227325,0.0,damaging,PARD3B
PATJ (10207)_damaging,0,0.0,147.5,5.4467115461227325,0.0,damaging,PATJ
PTPRG (5793)_damaging,0,0.0,147.5,5.4467115461227325,0.0,damaging,PTPRG
RALGAPA2 (57186)_damaging,0,0.0,147.5,5.4467115461227325,0.0,damaging,RALGAPA2
REV3L (5980)_damaging,0,0.0,147.5,5.4467115461227325,0.0,damaging,REV3L
RRBP1 (6238)_damaging,0,0.0,147.5,5.4467115461227325,0.0,damaging,RRBP1
SLIT1 (6585)_damaging,0,0.0,147.5,5.4467115461227325,0.0,damaging,SLIT1
SLIT2 (9353)_damaging,0,0.0,147.5,5.4467115461227325,0.0,damaging,SLIT2
SMARCA1 (6594)_damaging,0,0.0,147.5,5.4467115461227325,0.0,damaging,SMARCA1
ZMIZ1 (57178)_damaging,0,0.0,147.5,5.4467115461227325,0.0,damaging,ZMIZ1
CEP250 (11190)_damaging,0,0.0,147.66666666666666,6.658328118479395,0.0,damaging,CEP250
DAZAP1 (26528)_damaging,0,0.0,147.66666666666666,6.658328118479395,0.0,damaging,DAZAP1
FMR1 (2332)_damaging,0,0.0,147.66666666666666,6.658328118479395,0.0,damaging,FMR1
GOLGB1 (2804)_damaging,0,0.0,147.66666666666666,6.658328118479395,0.0,damaging,GOLGB1
GSE1 (23199)_damaging,0,0.0,147.66666666666666,6.658328118479395,0.0,damaging,GSE1
MARK4 (57787)_damaging,0,0.0,147.66666666666666,6.658328118479395,0.0,damaging,MARK4
PRPF40B (25766)_damaging,0,0.0,147.66666666666666,6.658328118479395,0.0,damaging,PRPF40B
UBAP2L (9898)_damaging,0,0.0,147.66666666666666,6.658328118479395,0.0,damaging,UBAP2L
WDR33 (55339)_damaging,0,0.0,147.66666666666666,6.658328118479395,0.0,damaging,WDR33
TACC2 (10579)_damaging,0,0.0013523132497419404,147.8,13.553597308463909,0.0,damaging,TACC2
FAAH (2166)_damaging,0,0.001340624343690192,148.25,11.236102527122116,0.0,damaging,FAAH
ROR2 (4920)_damaging,0,0.0008230971909157041,148.6,9.126883367283707,0.0,damaging,ROR2
ATM (472)_damaging,0,0.0009555281188909906,148.8,11.584472366059662,0.0,damaging,ATM
NF1 (4763)_hotspot,0,0.00028475773905921293,148.8,5.5407580708780255,0.0,hotspot,NF1
AKAP12 (9590)_damaging,0,0.0,149.0,2.8284271247461903,0.0,damaging,AKAP12
ANKRD36C (400986)_damaging,0,0.0,149.0,2.8284271247461903,0.0,damaging,ANKRD36C
ARHGAP5 (394)_damaging,0,0.0,149.0,2.8284271247461903,0.0,damaging,ARHGAP5
CD58 (965)_damaging,0,0.0,149.0,2.8284271247461903,0.0,damaging,CD58
CFH (3075)_damaging,0,0.0,149.0,2.8284271247461903,0.0,damaging,CFH
CLCN3 (1182)_damaging,0,0.0,149.0,2.8284271247461903,0.0,damaging,CLCN3
CROCC2 (728763)_damaging,0,0.0,149.0,2.8284271247461903,0.0,damaging,CROCC2
CYC1 (1537)_damaging,0,0.0,149.0,2.8284271247461903,0.0,damaging,CYC1
CYLC1 (1538)_damaging,0,0.0,149.0,2.8284271247461903,0.0,damaging,CYLC1
ERMP1 (79956)_damaging,0,0.0,149.0,2.8284271247461903,0.0,damaging,ERMP1
FBRS (64319)_damaging,0,0.0,149.0,2.8284271247461903,0.0,damaging,FBRS
GNAS (2778)_damaging,0,0.0,149.0,2.8284271247461903,0.0,damaging,GNAS
HYOU1 (10525)_damaging,0,0.0,149.0,2.8284271247461903,0.0,damaging,HYOU1
LTK (4058)_damaging,0,0.0,149.0,2.8284271247461903,0.0,damaging,LTK
MCF2 (4168)_damaging,0,0.0,149.0,2.8284271247461903,0.0,damaging,MCF2
NAA15 (80155)_damaging,0,0.0,149.0,2.8284271247461903,0.0,damaging,NAA15
NECTIN3 (25945)_damaging,0,0.0,149.0,2.8284271247461903,0.0,damaging,NECTIN3
NYAP1 (222950)_damaging,0,0.0,149.0,2.8284271247461903,0.0,damaging,NYAP1
PDZD8 (118987)_damaging,0,0.0,149.0,2.8284271247461903,0.0,damaging,PDZD8
RAPGEF6 (51735)_damaging,0,0.0,149.0,2.8284271247461903,0.0,damaging,RAPGEF6
RBM44 (375316)_damaging,0,0.0,149.0,2.8284271247461903,0.0,damaging,RBM44
RUNX1 (861)_damaging,0,0.0,149.0,2.8284271247461903,0.0,damaging,RUNX1
SDK2 (54549)_damaging,0,0.0005205137695957273,149.0,9.874208829065747,0.0,damaging,SDK2
SLC16A12 (387700)_damaging,0,0.0,149.0,2.8284271247461903,0.0,damaging,SLC16A12
TJP2 (9414)_damaging,0,0.0,149.0,2.8284271247461903,0.0,damaging,TJP2
UNC13C (440279)_damaging,0,0.00035850778826479495,149.0,9.027735042633898,0.0,damaging,UNC13C
WDR97 (340390)_damaging,0,0.0,149.0,2.8284271247461903,0.0,damaging,WDR97
ZC3H14 (79882)_damaging,0,0.0,149.0,2.8284271247461903,0.0,damaging,ZC3H14
ZGRF1 (55345)_damaging,0,0.0,149.0,2.8284271247461903,0.0,damaging,ZGRF1
AJUBA (84962)_damaging,0,0.0003235816753596372,149.2,8.871302046486749,0.0,damaging,AJUBA
FRAS1 (80144)_damaging,0,0.0006843482530656548,149.2,8.671793355471518,0.0,damaging,FRAS1
PPP1R3A (5506)_damaging,0,0.0001689881338362487,149.2,6.058052492344383,0.0,damaging,PPP1R3A
KMT2E (55904)_damaging,0,0.0006178706199094835,149.4,8.561541917201597,0.0,damaging,KMT2E
PTPRT (11122)_damaging,0,0.0004995650654117966,149.4,9.396807968666804,0.0,damaging,PTPRT
ARAP2 (116984)_damaging,0,0.0,149.5,3.5355339059327378,0.0,damaging,ARAP2
ARHGAP33 (115703)_damaging,0,0.0,149.5,3.5355339059327378,0.0,damaging,ARHGAP33
CACNA1F (778)_damaging,0,0.0,149.5,3.5355339059327378,0.0,damaging,CACNA1F
DOCK4 (9732)_damaging,0,0.0,149.5,3.5355339059327378,0.0,damaging,DOCK4
EPG5 (57724)_damaging,0,0.0,149.5,3.5355339059327378,0.0,damaging,EPG5
KIF5B (3799)_damaging,0,0.0013873421714604025,149.5,10.754843869934456,0.0,damaging,KIF5B
KIFC2 (90990)_damaging,0,0.0,149.5,3.5355339059327378,0.0,damaging,KIFC2
MYOM2 (9172)_damaging,0,0.0,149.5,3.5355339059327378,0.0,damaging,MYOM2
SEC14L5 (9717)_damaging,0,0.0,149.5,3.5355339059327378,0.0,damaging,SEC14L5
SPTBN4 (57731)_damaging,0,0.0,149.5,3.5355339059327378,0.0,damaging,SPTBN4
TEAD2 (8463)_damaging,0,0.0,149.5,3.5355339059327378,0.0,damaging,TEAD2
ZEB2 (9839)_damaging,0,0.0,149.5,3.5355339059327378,0.0,damaging,ZEB2
DYNC2H1 (79659)_damaging,0,0.0004790781898073043,149.6,9.18150314491042,0.0,damaging,DYNC2H1
EPB41L3 (23136)_damaging,0,0.0002588568904629553,149.6,8.619744775803984,0.0,damaging,EPB41L3
USP34 (9736)_damaging,0,0.0004970769127028527,149.6,8.473488065725942,0.0,damaging,USP34
SLCO1B3 (28234)_damaging,0,0.00017474221003771,149.66666666666666,11.930353445448853,0.0,damaging,SLCO1B3
BAZ2B (29994)_damaging,0,0.000433895108681021,149.8,8.408329203831162,0.0,damaging,BAZ2B
MYO5C (55930)_damaging,0,0.00015203574421132464,149.8,6.978538528947161,0.0,damaging,MYO5C
SPATA22 (84690)_damaging,0,0.00043417915326359163,149.8,8.983317872590282,0.0,damaging,SPATA22
A2ML1 (144568)_damaging,0,0.0,150.0,11.789826122551595,0.0,damaging,A2ML1
ABCA4 (24)_damaging,0,0.0,150.0,11.789826122551595,0.0,damaging,ABCA4
CHL1 (10752)_damaging,0,0.0,150.0,2.6457513110645907,0.0,damaging,CHL1
CLSPN (63967)_damaging,0,0.0,150.0,2.6457513110645907,0.0,damaging,CLSPN
COL15A1 (1306)_damaging,0,0.0,150.0,2.6457513110645907,0.0,damaging,COL15A1
CPEB2 (132864)_damaging,0,0.0,150.0,2.6457513110645907,0.0,damaging,CPEB2
CR2 (1380)_damaging,0,0.0004335957168630851,150.0,8.366600265340754,0.0,damaging,CR2
CSTF3 (1479)_damaging,0,0.0,150.0,11.789826122551595,0.0,damaging,CSTF3
CTNNA3 (29119)_damaging,0,0.0,150.0,11.789826122551595,0.0,damaging,CTNNA3
DNMT1 (1786)_damaging,0,0.0,150.0,11.789826122551595,0.0,damaging,DNMT1
EPB41L5 (57669)_damaging,0,0.0,150.0,11.789826122551595,0.0,damaging,EPB41L5
EXOSC10 (5394)_damaging,0,0.0,150.0,2.6457513110645907,0.0,damaging,EXOSC10
FHAD1 (114827)_damaging,0,0.0,150.0,11.789826122551595,0.0,damaging,FHAD1
FSTL4 (23105)_damaging,0,0.0,150.0,11.789826122551595,0.0,damaging,FSTL4
GPR161 (23432)_damaging,0,0.0,150.0,2.6457513110645907,0.0,damaging,GPR161
GUCY2F (2986)_damaging,0,0.0,150.0,2.6457513110645907,0.0,damaging,GUCY2F
HDAC7 (51564)_damaging,0,0.0,150.0,11.789826122551595,0.0,damaging,HDAC7
HECA (51696)_damaging,0,0.0,150.0,11.789826122551595,0.0,damaging,HECA
HECTD1 (25831)_damaging,0,0.0,150.0,11.789826122551595,0.0,damaging,HECTD1
ITGAD (3681)_damaging,0,0.0,150.0,2.6457513110645907,0.0,damaging,ITGAD
ITGAL (3683)_damaging,0,0.0,150.0,11.789826122551595,0.0,damaging,ITGAL
KANSL1L (151050)_damaging,0,0.0,150.0,11.789826122551595,0.0,damaging,KANSL1L
KIAA1755 (85449)_damaging,0,0.0,150.0,11.789826122551595,0.0,damaging,KIAA1755
KIF4A (24137)_damaging,0,0.0,150.0,11.789826122551595,0.0,damaging,KIF4A
MAST1 (22983)_damaging,0,0.0,150.0,11.789826122551595,0.0,damaging,MAST1
MEN1 (4221)_damaging,0,0.0,150.0,11.789826122551595,0.0,damaging,MEN1
MMP12 (4321)_damaging,0,0.0,150.0,11.789826122551595,0.0,damaging,MMP12
MTSS2 (92154)_damaging,0,0.0,150.0,11.789826122551595,0.0,damaging,MTSS2
MUC5B (727897)_damaging,0,7.009556846272494e-05,150.0,7.314369419163894,0.0,damaging,MUC5B
MYT1L (23040)_damaging,0,0.0,150.0,11.789826122551595,0.0,damaging,MYT1L
NCOA6 (23054)_damaging,0,0.00039395940091991184,150.0,8.803408430829503,0.0,damaging,NCOA6
OBSL1 (23363)_damaging,0,0.0,150.0,11.789826122551595,0.0,damaging,OBSL1
ORC4 (5000)_damaging,0,0.0,150.0,11.789826122551595,0.0,damaging,ORC4
PFAS (5198)_damaging,0,0.0,150.0,11.789826122551595,0.0,damaging,PFAS
RNF111 (54778)_damaging,0,0.0,150.0,2.6457513110645907,0.0,damaging,RNF111
RPGR (6103)_damaging,0,0.0,150.0,2.6457513110645907,0.0,damaging,RPGR
SCNN1B (6338)_damaging,0,0.0,150.0,11.789826122551595,0.0,damaging,SCNN1B
SEC16A (9919)_damaging,0,0.0,150.0,11.789826122551595,0.0,damaging,SEC16A
SFSWAP (6433)_damaging,0,0.0,150.0,11.789826122551595,0.0,damaging,SFSWAP
SMARCB1 (6598)_damaging,0,0.0,150.0,11.789826122551595,0.0,damaging,SMARCB1
SPATA16 (83893)_damaging,0,0.0,150.0,11.789826122551595,0.0,damaging,SPATA16
SPATA31D1 (389763)_damaging,0,0.0,150.0,11.789826122551595,0.0,damaging,SPATA31D1
TCF3 (6929)_damaging,0,0.0,150.0,11.789826122551595,0.0,damaging,TCF3
TRIP12 (9320)_damaging,0,0.0,150.0,11.789826122551595,0.0,damaging,TRIP12
TUT4 (23318)_damaging,0,0.0,150.0,2.6457513110645907,0.0,damaging,TUT4
WNT16 (51384)_damaging,0,0.0,150.0,11.789826122551595,0.0,damaging,WNT16
ZC3H7B (23264)_damaging,0,0.0,150.0,11.789826122551595,0.0,damaging,ZC3H7B
ZNF208 (7757)_damaging,0,0.0,150.0,2.6457513110645907,0.0,damaging,ZNF208
ZNF91 (7644)_damaging,0,0.0,150.0,2.6457513110645907,0.0,damaging,ZNF91
SIG:C[C>T]A,0,0.0002481145820250203,150.2,9.038805230781337,0.0,damaging,SIG:C[C>T]A
ABCB1 (5243)_damaging,0,0.0,150.25,9.639329160614167,0.0,damaging,ABCB1
ACIN1 (22985)_damaging,0,0.0,150.25,9.639329160614167,0.0,damaging,ACIN1
ADAMTSL4 (54507)_damaging,0,0.0,150.25,9.639329160614167,0.0,damaging,ADAMTSL4
AKAP7 (9465)_damaging,0,0.0,150.25,9.639329160614167,0.0,damaging,AKAP7
ANKRD12 (23253)_damaging,0,0.0,150.25,9.639329160614167,0.0,damaging,ANKRD12
ANKS1B (56899)_damaging,0,0.0,150.25,9.639329160614167,0.0,damaging,ANKS1B
ARHGEF17 (9828)_damaging,0,0.0,150.25,9.639329160614167,0.0,damaging,ARHGEF17
ASAP1 (50807)_damaging,0,0.0,150.25,9.639329160614167,0.0,damaging,ASAP1
ASXL2 (55252)_damaging,0,0.0,150.25,9.639329160614167,0.0,damaging,ASXL2
ATAD5 (79915)_damaging,0,0.0,150.25,9.639329160614167,0.0,damaging,ATAD5
ATG2A (23130)_damaging,0,0.0,150.25,9.639329160614167,0.0,damaging,ATG2A
ATN1 (1822)_damaging,0,0.0,150.25,9.639329160614167,0.0,damaging,ATN1
AXIN1 (8312)_damaging,0,0.0,150.25,9.639329160614167,0.0,damaging,AXIN1
BAG6 (7917)_damaging,0,0.0,150.25,9.639329160614167,0.0,damaging,BAG6
BMPR2 (659)_damaging,0,0.0,150.25,9.639329160614167,0.0,damaging,BMPR2
BOD1L1 (259282)_damaging,0,0.0,150.25,9.639329160614167,0.0,damaging,BOD1L1
BRINP3 (339479)_damaging,0,0.0,150.25,9.639329160614167,0.0,damaging,BRINP3
C10orf71 (118461)_damaging,0,0.0,150.25,9.639329160614167,0.0,damaging,C10orf71
CDH15 (1013)_damaging,0,0.0,150.25,9.639329160614167,0.0,damaging,CDH15
CDH6 (1004)_damaging,0,0.0,150.25,9.639329160614167,0.0,damaging,CDH6
CDH7 (1005)_damaging,0,0.0,150.25,9.639329160614167,0.0,damaging,CDH7
CENPJ (55835)_damaging,0,0.0,150.25,9.639329160614167,0.0,damaging,CENPJ
CFAP61 (26074)_damaging,0,0.0,150.25,9.639329160614167,0.0,damaging,CFAP61
CHD4 (1108)_damaging,0,0.0,150.25,9.639329160614167,0.0,damaging,CHD4
CHD7 (55636)_damaging,0,0.0,150.25,9.639329160614167,0.0,damaging,CHD7
CHD9 (80205)_damaging,0,0.0,150.25,9.639329160614167,0.0,damaging,CHD9
CNTLN (54875)_damaging,0,0.0,150.25,9.639329160614167,0.0,damaging,CNTLN
COL28A1 (340267)_damaging,0,0.0,150.25,9.639329160614167,0.0,damaging,COL28A1
COL4A1 (1282)_damaging,0,0.0,150.25,9.639329160614167,0.0,damaging,COL4A1
CPSF1 (29894)_damaging,0,0.0,150.25,9.639329160614167,0.0,damaging,CPSF1
DDX60 (55601)_damaging,0,0.0,150.25,9.639329160614167,0.0,damaging,DDX60
DIDO1 (11083)_damaging,0,0.0,150.25,9.639329160614167,0.0,damaging,DIDO1
DOCK1 (1793)_damaging,0,0.0,150.25,9.639329160614167,0.0,damaging,DOCK1
DOT1L (84444)_damaging,0,0.0,150.25,9.639329160614167,0.0,damaging,DOT1L
EPHA2 (1969)_damaging,0,0.0,150.25,9.639329160614167,0.0,damaging,EPHA2
ERRFI1 (54206)_damaging,0,0.0,150.25,9.639329160614167,0.0,damaging,ERRFI1
FBXL13 (222235)_damaging,0,0.0,150.25,9.639329160614167,0.0,damaging,FBXL13
FLG2 (388698)_damaging,0,0.0,150.25,9.639329160614167,0.0,damaging,FLG2
FYB2 (199920)_damaging,0,0.0,150.25,9.639329160614167,0.0,damaging,FYB2
GIGYF1 (64599)_damaging,0,0.0,150.25,9.639329160614167,0.0,damaging,GIGYF1
GLB1L2 (89944)_damaging,0,0.0,150.25,9.639329160614167,0.0,damaging,GLB1L2
GLI3 (2737)_damaging,0,0.0,150.25,9.639329160614167,0.0,damaging,GLI3
GOLGA2 (2801)_damaging,0,0.0,150.25,9.639329160614167,0.0,damaging,GOLGA2
HTT (3064)_damaging,0,0.0,150.25,9.639329160614167,0.0,damaging,HTT
IFT172 (26160)_damaging,0,0.0,150.25,9.639329160614167,0.0,damaging,IFT172
INO80 (54617)_damaging,0,0.0,150.25,9.639329160614167,0.0,damaging,INO80
ITGA4 (3676)_damaging,0,0.0,150.25,9.639329160614167,0.0,damaging,ITGA4
ITGA8 (8516)_damaging,0,0.0,150.25,9.639329160614167,0.0,damaging,ITGA8
KCNB1 (3745)_damaging,0,0.0,150.25,9.639329160614167,0.0,damaging,KCNB1
KCNH2 (3757)_damaging,0,0.0,150.25,9.639329160614167,0.0,damaging,KCNH2
KCNH4 (23415)_damaging,0,0.0,150.25,9.639329160614167,0.0,damaging,KCNH4
KCNH5 (27133)_damaging,0,0.0,150.25,9.639329160614167,0.0,damaging,KCNH5
KDM5B (10765)_damaging,0,0.0,150.25,9.639329160614167,0.0,damaging,KDM5B
KSR1 (8844)_damaging,0,0.0,150.25,9.639329160614167,0.0,damaging,KSR1
LOXL3 (84695)_damaging,0,0.0,150.25,9.639329160614167,0.0,damaging,LOXL3
MBD4 (8930)_damaging,0,0.0,150.25,9.639329160614167,0.0,damaging,MBD4
MN1 (4330)_damaging,0,0.0,150.25,9.639329160614167,0.0,damaging,MN1
MORC1 (27136)_damaging,0,0.0,150.25,9.639329160614167,0.0,damaging,MORC1
MPRIP (23164)_damaging,0,0.0,150.25,9.639329160614167,0.0,damaging,MPRIP
MRC2 (9902)_damaging,0,0.0,150.25,9.639329160614167,0.0,damaging,MRC2
MTCL1 (23255)_damaging,0,0.0,150.25,9.639329160614167,0.0,damaging,MTCL1
MYO1A (4640)_damaging,0,0.0,150.25,9.639329160614167,0.0,damaging,MYO1A
MYOCD (93649)_damaging,0,0.0,150.25,9.639329160614167,0.0,damaging,MYOCD
MYOF (26509)_damaging,0,0.0,150.25,9.639329160614167,0.0,damaging,MYOF
NACA (4666)_damaging,0,0.0,150.25,9.639329160614167,0.0,damaging,NACA
NES (10763)_damaging,0,0.0,150.25,9.639329160614167,0.0,damaging,NES
NEXMIF (340533)_damaging,0,0.0,150.25,9.639329160614167,0.0,damaging,NEXMIF
NOL8 (55035)_damaging,0,0.0,150.25,9.639329160614167,0.0,damaging,NOL8
NR3C1 (2908)_damaging,0,0.0,150.25,9.639329160614167,0.0,damaging,NR3C1
NRXN2 (9379)_damaging,0,0.0,150.25,9.639329160614167,0.0,damaging,NRXN2
OC90 (729330)_damaging,0,0.0,150.25,9.639329160614167,0.0,damaging,OC90
OSBPL1A (114876)_damaging,0,0.0,150.25,9.639329160614167,0.0,damaging,OSBPL1A
PLCE1 (51196)_damaging,0,0.0,150.25,9.639329160614167,0.0,damaging,PLCE1
PLEKHG6 (55200)_damaging,0,0.0,150.25,9.639329160614167,0.0,damaging,PLEKHG6
PPM1D (8493)_damaging,0,0.0,150.25,9.639329160614167,0.0,damaging,PPM1D
PTPN21 (11099)_damaging,0,0.0,150.25,9.639329160614167,0.0,damaging,PTPN21
PXDN (7837)_damaging,0,0.0,150.25,9.639329160614167,0.0,damaging,PXDN
QSER1 (79832)_damaging,0,0.0,150.25,9.639329160614167,0.0,damaging,QSER1
RALGAPB (57148)_damaging,0,0.0,150.25,9.639329160614167,0.0,damaging,RALGAPB
RBL2 (5934)_damaging,0,0.0,150.25,9.639329160614167,0.0,damaging,RBL2
RIN1 (9610)_damaging,0,0.0,150.25,9.639329160614167,0.0,damaging,RIN1
ROBO3 (64221)_damaging,0,0.0,150.25,9.639329160614167,0.0,damaging,ROBO3
RSF1 (51773)_damaging,0,0.0,150.25,9.639329160614167,0.0,damaging,RSF1
RSU1P2 (100133308)_damaging,0,0.0,150.25,9.639329160614167,0.0,damaging,RSU1P2
RTCB (51493)_damaging,0,0.0,150.25,9.639329160614167,0.0,damaging,RTCB
RUSC2 (9853)_damaging,0,0.0,150.25,9.639329160614167,0.0,damaging,RUSC2
SAFB (6294)_damaging,0,0.0,150.25,9.639329160614167,0.0,damaging,SAFB
SAFB2 (9667)_damaging,0,0.0,150.25,9.639329160614167,0.0,damaging,SAFB2
SEMA3E (9723)_damaging,0,0.0,150.25,9.639329160614167,0.0,damaging,SEMA3E
SEMA5A (9037)_damaging,0,0.0,150.25,9.639329160614167,0.0,damaging,SEMA5A
SHROOM3 (57619)_damaging,0,0.0,150.25,9.639329160614167,0.0,damaging,SHROOM3
SIN3B (23309)_damaging,0,0.0,150.25,9.639329160614167,0.0,damaging,SIN3B
SLC44A5 (204962)_damaging,0,0.0,150.25,9.639329160614167,0.0,damaging,SLC44A5
SLC4A11 (83959)_damaging,0,0.0,150.25,9.639329160614167,0.0,damaging,SLC4A11
SLITRK5 (26050)_damaging,0,0.0,150.25,9.639329160614167,0.0,damaging,SLITRK5
SPATA31G1 (138724)_damaging,0,0.0,150.25,9.639329160614167,0.0,damaging,SPATA31G1
SPTBN1 (6711)_damaging,0,0.0,150.25,9.639329160614167,0.0,damaging,SPTBN1
SSC5D (284297)_damaging,0,0.0,150.25,9.639329160614167,0.0,damaging,SSC5D
STK31 (56164)_damaging,0,0.0,150.25,9.639329160614167,0.0,damaging,STK31
TAF1C (9013)_damaging,0,0.0,150.25,9.639329160614167,0.0,damaging,TAF1C
TG (7038)_damaging,0,0.0,150.25,9.639329160614167,0.0,damaging,TG
TICAM1 (148022)_damaging,0,0.0,150.25,9.639329160614167,0.0,damaging,TICAM1
TIE1 (7075)_damaging,0,0.0,150.25,9.639329160614167,0.0,damaging,TIE1
TMEM131 (23505)_damaging,0,0.0,150.25,9.639329160614167,0.0,damaging,TMEM131
TNS1 (7145)_damaging,0,0.0,150.25,9.639329160614167,0.0,damaging,TNS1
TOPAZ1 (375337)_damaging,0,0.0,150.25,9.639329160614167,0.0,damaging,TOPAZ1
TTC21B (79809)_damaging,0,0.0,150.25,9.639329160614167,0.0,damaging,TTC21B
UGGT1 (56886)_damaging,0,0.0,150.25,9.639329160614167,0.0,damaging,UGGT1
UNC5C (8633)_damaging,0,0.0,150.25,9.639329160614167,0.0,damaging,UNC5C
WDR5 (11091)_damaging,0,0.0,150.25,9.639329160614167,0.0,damaging,WDR5
WDR55 (54853)_damaging,0,0.0,150.25,9.639329160614167,0.0,damaging,WDR55
WIZ (58525)_damaging,0,0.0,150.25,9.639329160614167,0.0,damaging,WIZ
ZIM3 (114026)_damaging,0,0.0,150.25,9.639329160614167,0.0,damaging,ZIM3
ZMYM1 (79830)_damaging,0,0.0,150.25,9.639329160614167,0.0,damaging,ZMYM1
ZNF318 (24149)_damaging,0,0.0,150.25,9.639329160614167,0.0,damaging,ZNF318
ZNF608 (57507)_damaging,0,0.0,150.25,9.639329160614167,0.0,damaging,ZNF608
ZDBF2 (57683)_damaging,0,0.00011646018566725148,150.4,8.384509526501834,0.0,damaging,ZDBF2
ACACA (31)_damaging,0,0.0,150.5,9.678154093971983,0.0,damaging,ACACA
ATP2B4 (493)_damaging,0,0.0,150.5,9.678154093971983,0.0,damaging,ATP2B4
ATXN1 (6310)_damaging,0,0.0,150.5,9.678154093971983,0.0,damaging,ATXN1
AXL (558)_damaging,0,0.0,150.5,9.678154093971983,0.0,damaging,AXL
CAPN12 (147968)_damaging,0,0.0,150.5,9.678154093971983,0.0,damaging,CAPN12
CARMIL3 (90668)_damaging,0,0.0,150.5,9.678154093971983,0.0,damaging,CARMIL3
CECR2 (27443)_damaging,0,0.0,150.5,9.678154093971983,0.0,damaging,CECR2
CEP128 (145508)_damaging,0,0.0,150.5,9.678154093971983,0.0,damaging,CEP128
DACH1 (1602)_damaging,0,0.0,150.5,9.678154093971983,0.0,damaging,DACH1
DTX4 (23220)_damaging,0,0.0,150.5,9.678154093971983,0.0,damaging,DTX4
FLCN (201163)_damaging,0,0.0,150.5,9.678154093971983,0.0,damaging,FLCN
GABRG2 (2566)_damaging,0,0.0,150.5,9.678154093971983,0.0,damaging,GABRG2
IGF2R (3482)_damaging,0,0.0,150.5,9.678154093971983,0.0,damaging,IGF2R
KCNQ3 (3786)_damaging,0,0.0,150.5,9.678154093971983,0.0,damaging,KCNQ3
KIAA1549L (25758)_damaging,0,0.0,150.5,9.678154093971983,0.0,damaging,KIAA1549L
KIF15 (56992)_damaging,0,0.0,150.5,9.678154093971983,0.0,damaging,KIF15
MAP7D3 (79649)_damaging,0,0.0,150.5,9.678154093971983,0.0,damaging,MAP7D3
MTA1 (9112)_damaging,0,0.0,150.5,9.678154093971983,0.0,damaging,MTA1
MVK (4598)_damaging,0,0.0,150.5,9.678154093971983,0.0,damaging,MVK
NBN (4683)_damaging,0,0.0,150.5,9.678154093971983,0.0,damaging,NBN
NHS (4810)_damaging,0,0.0,150.5,9.678154093971983,0.0,damaging,NHS
OR4P4 (81300)_damaging,0,0.0,150.5,9.678154093971983,0.0,damaging,OR4P4
PAN2 (9924)_damaging,0,0.0,150.5,9.678154093971983,0.0,damaging,PAN2
PNISR (25957)_damaging,0,0.0,150.5,9.678154093971983,0.0,damaging,PNISR
PTPRU (10076)_damaging,0,0.0,150.5,9.678154093971983,0.0,damaging,PTPRU
SCAF1 (58506)_damaging,0,0.0,150.5,9.678154093971983,0.0,damaging,SCAF1
SRCIN1 (80725)_damaging,0,0.0,150.5,9.678154093971983,0.0,damaging,SRCIN1
TAF1L (138474)_damaging,0,0.0,150.5,9.678154093971983,0.0,damaging,TAF1L
TOP3A (7156)_damaging,0,0.0,150.5,9.678154093971983,0.0,damaging,TOP3A
WDR17 (116966)_damaging,0,0.0,150.5,9.678154093971983,0.0,damaging,WDR17
WNK1 (65125)_damaging,0,0.0,150.5,9.678154093971983,0.0,damaging,WNK1
WWC3 (55841)_damaging,0,0.0,150.5,9.678154093971983,0.0,damaging,WWC3
A2M (2)_damaging,0,0.0,150.6,8.38450952650183,0.0,damaging,A2M
ABCA10 (10349)_damaging,0,0.0,150.6,8.38450952650183,0.0,damaging,ABCA10
ABCA5 (23461)_damaging,0,0.0,150.6,8.38450952650183,0.0,damaging,ABCA5
ABCA6 (23460)_damaging,0,0.0,150.6,8.38450952650183,0.0,damaging,ABCA6
ABCA7 (10347)_damaging,0,0.0,150.6,8.38450952650183,0.0,damaging,ABCA7
ABCA8 (10351)_damaging,0,0.0,150.6,8.38450952650183,0.0,damaging,ABCA8
ABCA9 (10350)_damaging,0,0.0,150.6,8.38450952650183,0.0,damaging,ABCA9
ABCC9 (10060)_damaging,0,0.0,150.6,8.38450952650183,0.0,damaging,ABCC9
ACVR2A (92)_damaging,0,0.0,150.6,8.38450952650183,0.0,damaging,ACVR2A
ADAMTS12 (81792)_damaging,0,0.0,150.6,8.38450952650183,0.0,damaging,ADAMTS12
ADAMTS13 (11093)_damaging,0,0.0,150.6,8.38450952650183,0.0,damaging,ADAMTS13
ADAMTS16 (170690)_damaging,0,0.0,150.6,8.38450952650183,0.0,damaging,ADAMTS16
ADAMTS20 (80070)_damaging,0,0.0,150.6,8.38450952650183,0.0,damaging,ADAMTS20
ADAMTSL2 (9719)_damaging,0,0.0,150.6,8.38450952650183,0.0,damaging,ADAMTSL2
ADAMTSL3 (57188)_damaging,0,0.0,150.6,8.38450952650183,0.0,damaging,ADAMTSL3
ADGB (79747)_damaging,0,0.0,150.6,8.38450952650183,0.0,damaging,ADGB
ADGRA2 (25960)_damaging,0,0.0,150.6,8.38450952650183,0.0,damaging,ADGRA2
ADGRB3 (577)_damaging,0,0.0,150.6,8.38450952650183,0.0,damaging,ADGRB3
ADGRG4 (139378)_damaging,0,0.0,150.6,8.38450952650183,0.0,damaging,ADGRG4
ADGRV1 (84059)_damaging,0,0.0,150.6,8.38450952650183,0.0,damaging,ADGRV1
AFDN (4301)_damaging,0,0.0,150.6,8.38450952650183,0.0,damaging,AFDN
AFF1 (4299)_damaging,0,0.0,150.6,8.38450952650183,0.0,damaging,AFF1
AFF2 (2334)_damaging,0,0.0,150.6,8.38450952650183,0.0,damaging,AFF2
AGBL1 (123624)_damaging,0,0.0,150.6,8.38450952650183,0.0,damaging,AGBL1
AGO1 (26523)_damaging,0,0.0,150.6,8.38450952650183,0.0,damaging,AGO1
AHNAK (79026)_damaging,0,0.0,150.6,8.38450952650183,0.0,damaging,AHNAK
AHR (196)_damaging,0,0.0,150.6,8.38450952650183,0.0,damaging,AHR
AK9 (221264)_damaging,0,0.0,150.6,8.38450952650183,0.0,damaging,AK9
AKAP6 (9472)_damaging,0,0.0,150.6,8.38450952650183,0.0,damaging,AKAP6
AKAP9 (10142)_damaging,0,0.0,150.6,8.38450952650183,0.0,damaging,AKAP9
ALDH1L2 (160428)_damaging,0,0.0,150.6,8.38450952650183,0.0,damaging,ALDH1L2
ALK (238)_damaging,0,0.0,150.6,8.38450952650183,0.0,damaging,ALK
ALMS1 (7840)_damaging,0,0.0,150.6,8.38450952650183,0.0,damaging,ALMS1
ALPK2 (115701)_damaging,0,0.0,150.6,8.38450952650183,0.0,damaging,ALPK2
AMER1 (139285)_damaging,0,0.0,150.6,8.38450952650183,0.0,damaging,AMER1
ANK1 (286)_damaging,0,0.0,150.6,8.38450952650183,0.0,damaging,ANK1
ANK2 (287)_damaging,0,0.0,150.6,8.38450952650183,0.0,damaging,ANK2
ANK3 (288)_damaging,0,0.0,150.6,8.38450952650183,0.0,damaging,ANK3
ANKIB1 (54467)_damaging,0,0.0,150.6,8.38450952650183,0.0,damaging,ANKIB1
ANKRD11 (29123)_damaging,0,0.0,150.6,8.38450952650183,0.0,damaging,ANKRD11
ANKRD26 (22852)_damaging,0,0.0,150.6,8.38450952650183,0.0,damaging,ANKRD26
ANKRD30A (91074)_damaging,0,0.0,150.6,8.38450952650183,0.0,damaging,ANKRD30A
ANKRD30B (374860)_damaging,0,0.0,150.6,8.38450952650183,0.0,damaging,ANKRD30B
ANKRD31 (256006)_damaging,0,0.0,150.6,8.38450952650183,0.0,damaging,ANKRD31
AP3B1 (8546)_damaging,0,0.0,150.6,8.38450952650183,0.0,damaging,AP3B1
APC (324)_hotspot,0,0.0,150.6,8.38450952650183,0.0,hotspot,APC
APOB (338)_damaging,0,0.0,150.6,8.38450952650183,0.0,damaging,APOB
ARHGAP35 (2909)_damaging,0,0.0,150.6,8.38450952650183,0.0,damaging,ARHGAP35
ARHGEF12 (23365)_damaging,0,0.0,150.6,8.38450952650183,0.0,damaging,ARHGEF12
ARHGEF26 (26084)_damaging,0,0.0,150.6,8.38450952650183,0.0,damaging,ARHGEF26
ARHGEF28 (64283)_damaging,0,0.0,150.6,8.38450952650183,0.0,damaging,ARHGEF28
ARHGEF4 (50649)_damaging,0,0.0,150.6,8.38450952650183,0.0,damaging,ARHGEF4
ARID1B (57492)_damaging,0,0.0,150.6,8.38450952650183,0.0,damaging,ARID1B
ARID2 (196528)_damaging,0,0.0,150.6,8.38450952650183,0.0,damaging,ARID2
ARID4A (5926)_damaging,0,0.0,150.6,8.38450952650183,0.0,damaging,ARID4A
ARID4B (51742)_damaging,0,0.0,150.6,8.38450952650183,0.0,damaging,ARID4B
ARID5B (84159)_damaging,0,0.0,150.6,8.38450952650183,0.0,damaging,ARID5B
ARMC3 (219681)_damaging,0,0.0,150.6,8.38450952650183,0.0,damaging,ARMC3
ARSK (153642)_damaging,0,0.0,150.6,8.38450952650183,0.0,damaging,ARSK
ASCC3 (10973)_damaging,0,0.0,150.6,8.38450952650183,0.0,damaging,ASCC3
ASH1L (55870)_damaging,0,0.0,150.6,8.38450952650183,0.0,damaging,ASH1L
ASXL1 (171023)_damaging,0,0.0,150.6,8.38450952650183,0.0,damaging,ASXL1
ASXL3 (80816)_damaging,0,0.0,150.6,8.38450952650183,0.0,damaging,ASXL3
ATAD2B (54454)_damaging,0,0.0,150.6,8.38450952650183,0.0,damaging,ATAD2B
ATF7IP (55729)_damaging,0,0.0,150.6,8.38450952650183,0.0,damaging,ATF7IP
ATG2B (55102)_damaging,0,0.0,150.6,8.38450952650183,0.0,damaging,ATG2B
ATP8A2 (51761)_damaging,0,0.0,150.6,8.38450952650183,0.0,damaging,ATP8A2
ATP9B (374868)_damaging,0,0.0,150.6,8.38450952650183,0.0,damaging,ATP9B
ATR (545)_damaging,0,0.0,150.6,8.38450952650183,0.0,damaging,ATR
ATRNL1 (26033)_damaging,0,0.0,150.6,8.38450952650183,0.0,damaging,ATRNL1
ATRX (546)_damaging,0,0.0,150.6,8.38450952650183,0.0,damaging,ATRX
ATXN2L (11273)_damaging,0,0.0,150.6,8.38450952650183,0.0,damaging,ATXN2L
B2M (567)_damaging,0,0.0,150.6,8.38450952650183,0.0,damaging,B2M
B4GALNT4 (338707)_damaging,0,0.0,150.6,8.38450952650183,0.0,damaging,B4GALNT4
BAHCC1 (57597)_damaging,0,0.0,150.6,8.38450952650183,0.0,damaging,BAHCC1
BAP1 (8314)_damaging,0,0.0,150.6,8.38450952650183,0.0,damaging,BAP1
BCL9L (283149)_damaging,0,0.0,150.6,8.38450952650183,0.0,damaging,BCL9L
BCORL1 (63035)_damaging,0,0.0,150.6,8.38450952650183,0.0,damaging,BCORL1
BDP1 (55814)_damaging,0,0.0,150.6,8.38450952650183,0.0,damaging,BDP1
BEND4 (389206)_damaging,0,0.0,150.6,8.38450952650183,0.0,damaging,BEND4
BICRA (29998)_damaging,0,0.0,150.6,8.38450952650183,0.0,damaging,BICRA
BIRC6 (57448)_damaging,0,0.0,150.6,8.38450952650183,0.0,damaging,BIRC6
BLM (641)_damaging,0,0.0,150.6,8.38450952650183,0.0,damaging,BLM
BLTP1 (84162)_damaging,0,0.0,150.6,8.38450952650183,0.0,damaging,BLTP1
BLTP3B (23074)_damaging,0,0.0,150.6,8.38450952650183,0.0,damaging,BLTP3B
BPTF (2186)_damaging,0,0.0,150.6,8.38450952650183,0.0,damaging,BPTF
BRCA2 (675)_damaging,0,0.0,150.6,8.38450952650183,0.0,damaging,BRCA2
BRD3 (8019)_damaging,0,0.0,150.6,8.38450952650183,0.0,damaging,BRD3
BRSK1 (84446)_damaging,0,0.0,150.6,8.38450952650183,0.0,damaging,BRSK1
BRSK2 (9024)_damaging,0,0.0,150.6,8.38450952650183,0.0,damaging,BRSK2
BRWD1 (54014)_damaging,0,0.0,150.6,8.38450952650183,0.0,damaging,BRWD1
BSN (8927)_damaging,0,0.0,150.6,8.38450952650183,0.0,damaging,BSN
C2CD3 (26005)_damaging,0,0.0,150.6,8.38450952650183,0.0,damaging,C2CD3
C5 (727)_damaging,0,0.0,150.6,8.38450952650183,0.0,damaging,C5
C6 (729)_damaging,0,0.0,150.6,8.38450952650183,0.0,damaging,C6
C7 (730)_damaging,0,0.0,150.6,8.38450952650183,0.0,damaging,C7
CACNA1C (775)_damaging,0,0.0,150.6,8.38450952650183,0.0,damaging,CACNA1C
CAD (790)_damaging,0,0.0,150.6,8.38450952650183,0.0,damaging,CAD
CALCR (799)_damaging,0,0.0,150.6,8.38450952650183,0.0,damaging,CALCR
CAMSAP2 (23271)_damaging,0,0.0,150.6,8.38450952650183,0.0,damaging,CAMSAP2
CAMSAP3 (57662)_damaging,0,0.0,150.6,8.38450952650183,0.0,damaging,CAMSAP3
CARD11 (84433)_damaging,0,0.0,150.6,8.38450952650183,0.0,damaging,CARD11
CASP8 (841)_damaging,0,0.0,150.6,8.38450952650183,0.0,damaging,CASP8
CASP8AP2 (9994)_damaging,0,0.0,150.6,8.38450952650183,0.0,damaging,CASP8AP2
CCDC141 (285025)_damaging,0,0.0,150.6,8.38450952650183,0.0,damaging,CCDC141
CCDC168 (643677)_damaging,0,0.0,150.6,8.38450952650183,0.0,damaging,CCDC168
CCDC178 (374864)_damaging,0,0.0,150.6,8.38450952650183,0.0,damaging,CCDC178
CCDC73 (493860)_damaging,0,0.0,150.6,8.38450952650183,0.0,damaging,CCDC73
CCDC88A (55704)_damaging,0,0.0,150.6,8.38450952650183,0.0,damaging,CCDC88A
CCDST (112268240)_damaging,0,0.0,150.6,8.38450952650183,0.0,damaging,CCDST
CDH1 (999)_damaging,0,0.0,150.6,8.38450952650183,0.0,damaging,CDH1
CDH10 (1008)_damaging,0,0.0,150.6,8.38450952650183,0.0,damaging,CDH10
CDH23 (64072)_damaging,0,0.0,150.6,8.38450952650183,0.0,damaging,CDH23
CDK13 (8621)_damaging,0,0.0,150.6,8.38450952650183,0.0,damaging,CDK13
CDKN2A (1029)_damaging,0,0.0,150.6,8.38450952650183,0.0,damaging,CDKN2A
CELSR3 (1951)_damaging,0,0.0,150.6,8.38450952650183,0.0,damaging,CELSR3
CENPC (1060)_damaging,0,0.0,150.6,8.38450952650183,0.0,damaging,CENPC
CENPE (1062)_damaging,0,0.0,150.6,8.38450952650183,0.0,damaging,CENPE
CENPF (1063)_damaging,0,0.0,150.6,8.38450952650183,0.0,damaging,CENPF
CEP126 (57562)_damaging,0,0.0,150.6,8.38450952650183,0.0,damaging,CEP126
CEP162 (22832)_damaging,0,0.0,150.6,8.38450952650183,0.0,damaging,CEP162
CEP290 (80184)_damaging,0,0.0,150.6,8.38450952650183,0.0,damaging,CEP290
CFAP46 (54777)_damaging,0,0.0,150.6,8.38450952650183,0.0,damaging,CFAP46
CFAP47 (286464)_damaging,0,0.0,150.6,8.38450952650183,0.0,damaging,CFAP47
CFAP54 (144535)_damaging,0,0.0,150.6,8.38450952650183,0.0,damaging,CFAP54
CFAP65 (255101)_damaging,0,0.0,150.6,8.38450952650183,0.0,damaging,CFAP65
CFTR (1080)_damaging,0,0.0,150.6,8.38450952650183,0.0,damaging,CFTR
CHD2 (1106)_damaging,0,0.0,150.6,8.38450952650183,0.0,damaging,CHD2
CHD3 (1107)_damaging,0,0.0,150.6,8.38450952650183,0.0,damaging,CHD3
CHD5 (26038)_damaging,0,0.0,150.6,8.38450952650183,0.0,damaging,CHD5
CHD8 (57680)_damaging,0,0.0,150.6,8.38450952650183,0.0,damaging,CHD8
CHRM3 (1131)_damaging,0,0.0,150.6,8.38450952650183,0.0,damaging,CHRM3
CIC (23152)_damaging,0,0.0,150.6,8.38450952650183,0.0,damaging,CIC
CIT (11113)_damaging,0,0.0,150.6,8.38450952650183,0.0,damaging,CIT
CLASP2 (23122)_damaging,0,0.0,150.6,8.38450952650183,0.0,damaging,CLASP2
CNNM2 (54805)_damaging,0,0.0,150.6,8.38450952650183,0.0,damaging,CNNM2
CNTN1 (1272)_damaging,0,0.0,150.6,8.38450952650183,0.0,damaging,CNTN1
CNTN4 (152330)_damaging,0,0.0,150.6,8.38450952650183,0.0,damaging,CNTN4
CNTN6 (27255)_damaging,0,0.0,150.6,8.38450952650183,0.0,damaging,CNTN6
CNTNAP2 (26047)_damaging,0,0.0,150.6,8.38450952650183,0.0,damaging,CNTNAP2
CNTNAP4 (85445)_damaging,0,0.0,150.6,8.38450952650183,0.0,damaging,CNTNAP4
CNTNAP5 (129684)_damaging,0,0.0,150.6,8.38450952650183,0.0,damaging,CNTNAP5
CNTRL (11064)_damaging,0,0.0,150.6,8.38450952650183,0.0,damaging,CNTRL
COL11A1 (1301)_damaging,0,0.0,150.6,8.38450952650183,0.0,damaging,COL11A1
COL11A2 (1302)_damaging,0,0.0,150.6,8.38450952650183,0.0,damaging,COL11A2
COL12A1 (1303)_damaging,0,0.0,150.6,8.38450952650183,0.0,damaging,COL12A1
COL14A1 (7373)_damaging,0,0.0,150.6,8.38450952650183,0.0,damaging,COL14A1
COL16A1 (1307)_damaging,0,0.0,150.6,8.38450952650183,0.0,damaging,COL16A1
COL19A1 (1310)_damaging,0,0.0,150.6,8.38450952650183,0.0,damaging,COL19A1
COL1A2 (1278)_damaging,0,0.0,150.6,8.38450952650183,0.0,damaging,COL1A2
COL24A1 (255631)_damaging,0,0.0,150.6,8.38450952650183,0.0,damaging,COL24A1
COL2A1 (1280)_damaging,0,0.0,150.6,8.38450952650183,0.0,damaging,COL2A1
COL3A1 (1281)_damaging,0,0.0,150.6,8.38450952650183,0.0,damaging,COL3A1
COL4A2 (1284)_damaging,0,0.0,150.6,8.38450952650183,0.0,damaging,COL4A2
COL4A4 (1286)_damaging,0,0.0,150.6,8.38450952650183,0.0,damaging,COL4A4
COL4A6 (1288)_damaging,0,0.0,150.6,8.38450952650183,0.0,damaging,COL4A6
COL5A1 (1289)_damaging,0,0.0,150.6,8.38450952650183,0.0,damaging,COL5A1
COL5A2 (1290)_damaging,0,0.0,150.6,8.38450952650183,0.0,damaging,COL5A2
COL5A3 (50509)_damaging,0,0.0,150.6,8.38450952650183,0.0,damaging,COL5A3
COL6A3 (1293)_damaging,0,0.0,150.6,8.38450952650183,0.0,damaging,COL6A3
COL6A5 (256076)_damaging,0,0.0,150.6,8.38450952650183,0.0,damaging,COL6A5
COL7A1 (1294)_damaging,0,0.0,150.6,8.38450952650183,0.0,damaging,COL7A1
COL9A1 (1297)_damaging,0,0.0,150.6,8.38450952650183,0.0,damaging,COL9A1
CORIN (10699)_damaging,0,0.0,150.6,8.38450952650183,0.0,damaging,CORIN
CPLANE1 (65250)_damaging,0,0.0,150.6,8.38450952650183,0.0,damaging,CPLANE1
CPS1 (1373)_damaging,0,0.0,150.6,8.38450952650183,0.0,damaging,CPS1
CRACDL (343990)_damaging,0,0.0,150.6,8.38450952650183,0.0,damaging,CRACDL
CREBBP (1387)_hotspot,0,0.0,150.6,8.38450952650183,0.0,hotspot,CREBBP
CRYBG3 (131544)_damaging,0,0.0,150.6,8.38450952650183,0.0,damaging,CRYBG3
CSMD3 (114788)_damaging,0,0.0,150.6,8.38450952650183,0.0,damaging,CSMD3
CTNNA1 (1495)_damaging,0,0.0,150.6,8.38450952650183,0.0,damaging,CTNNA1
CTNNA2 (1496)_damaging,0,0.0,150.6,8.38450952650183,0.0,damaging,CTNNA2
CTNNB1 (1499)_hotspot,0,0.0,150.6,8.38450952650183,0.0,hotspot,CTNNB1
CTNND1 (1500)_damaging,0,0.0,150.6,8.38450952650183,0.0,damaging,CTNND1
CTTNBP2 (83992)_damaging,0,0.0,150.6,8.38450952650183,0.0,damaging,CTTNBP2
CUX1 (1523)_damaging,0,0.0,150.6,8.38450952650183,0.0,damaging,CUX1
CUX2 (23316)_damaging,0,0.0,150.6,8.38450952650183,0.0,damaging,CUX2
DCC (1630)_damaging,0,0.0,150.6,8.38450952650183,0.0,damaging,DCC
DCDC1 (341019)_damaging,0,0.0,150.6,8.38450952650183,0.0,damaging,DCDC1
DCHS1 (8642)_damaging,0,0.0,150.6,8.38450952650183,0.0,damaging,DCHS1
DCHS2 (54798)_damaging,0,0.0,150.6,8.38450952650183,0.0,damaging,DCHS2
DDX27 (55661)_damaging,0,0.0,150.6,8.38450952650183,0.0,damaging,DDX27
DENND1A (57706)_damaging,0,0.0,150.6,8.38450952650183,0.0,damaging,DENND1A
DENND4C (55667)_damaging,0,0.0,150.6,8.38450952650183,0.0,damaging,DENND4C
DEPDC5 (9681)_damaging,0,0.0,150.6,8.38450952650183,0.0,damaging,DEPDC5
DMBT1 (1755)_damaging,0,0.0,150.6,8.38450952650183,0.0,damaging,DMBT1
DMD (1756)_damaging,0,0.0,150.6,8.38450952650183,0.0,damaging,DMD
DMXL2 (23312)_damaging,0,0.0,150.6,8.38450952650183,0.0,damaging,DMXL2
DNAH1 (25981)_damaging,0,0.0,150.6,8.38450952650183,0.0,damaging,DNAH1
DNAH12 (201625)_damaging,0,0.0,150.6,8.38450952650183,0.0,damaging,DNAH12
DNAH14 (127602)_damaging,0,0.0,150.6,8.38450952650183,0.0,damaging,DNAH14
DNAH17 (8632)_damaging,0,0.0,150.6,8.38450952650183,0.0,damaging,DNAH17
DNAH3 (55567)_damaging,0,0.0,150.6,8.38450952650183,0.0,damaging,DNAH3
DNAH5 (1767)_damaging,0,0.0,150.6,8.38450952650183,0.0,damaging,DNAH5
DNAH6 (1768)_damaging,0,0.0,150.6,8.38450952650183,0.0,damaging,DNAH6
DNAH7 (56171)_damaging,0,0.0,150.6,8.38450952650183,0.0,damaging,DNAH7
DNAH8 (1769)_damaging,0,0.0,150.6,8.38450952650183,0.0,damaging,DNAH8
DNAH9 (1770)_damaging,0,0.0,150.6,8.38450952650183,0.0,damaging,DNAH9
DNMT3A (1788)_damaging,0,0.0,150.6,8.38450952650183,0.0,damaging,DNMT3A
DOCK2 (1794)_damaging,0,0.0,150.6,8.38450952650183,0.0,damaging,DOCK2
DOCK3 (1795)_damaging,0,0.0,150.6,8.38450952650183,0.0,damaging,DOCK3
DOCK5 (80005)_damaging,0,0.0,150.6,8.38450952650183,0.0,damaging,DOCK5
DOCK7 (85440)_damaging,0,0.0,150.6,8.38450952650183,0.0,damaging,DOCK7
DOCK8 (81704)_damaging,0,0.0,150.6,8.38450952650183,0.0,damaging,DOCK8
DOP1B (9980)_damaging,0,0.0,150.6,8.38450952650183,0.0,damaging,DOP1B
DPP10 (57628)_damaging,0,0.0,150.6,8.38450952650183,0.0,damaging,DPP10
DSCAM (1826)_damaging,0,0.0,150.6,8.38450952650183,0.0,damaging,DSCAM
DSP (1832)_damaging,0,0.0,150.6,8.38450952650183,0.0,damaging,DSP
DST (667)_damaging,0,0.0,150.6,8.38450952650183,0.0,damaging,DST
DYNC1H1 (1778)_damaging,0,0.0,150.6,8.38450952650183,0.0,damaging,DYNC1H1
DYSF (8291)_damaging,0,0.0,150.6,8.38450952650183,0.0,damaging,DYSF
DZIP3 (9666)_damaging,0,0.0,150.6,8.38450952650183,0.0,damaging,DZIP3
ECT2L (345930)_damaging,0,0.0,150.6,8.38450952650183,0.0,damaging,ECT2L
EFCAB5 (374786)_damaging,0,0.0,150.6,8.38450952650183,0.0,damaging,EFCAB5
EFR3A (23167)_damaging,0,0.0,150.6,8.38450952650183,0.0,damaging,EFR3A
EIF5B (9669)_damaging,0,0.0,150.6,8.38450952650183,0.0,damaging,EIF5B
ELOA (6924)_damaging,0,0.0,150.6,8.38450952650183,0.0,damaging,ELOA
EML5 (161436)_damaging,0,0.0,150.6,8.38450952650183,0.0,damaging,EML5
EML6 (400954)_damaging,0,0.0,150.6,8.38450952650183,0.0,damaging,EML6
EP400 (57634)_damaging,0,0.0,150.6,8.38450952650183,0.0,damaging,EP400
EPHA3 (2042)_damaging,0,0.0,150.6,8.38450952650183,0.0,damaging,EPHA3
EPHA5 (2044)_damaging,0,0.0,150.6,8.38450952650183,0.0,damaging,EPHA5
EPHB6 (2051)_damaging,0,0.0,150.6,8.38450952650183,0.0,damaging,EPHB6
ERF (2077)_damaging,0,0.0,150.6,8.38450952650183,0.0,damaging,ERF
EXPH5 (23086)_damaging,0,0.0,150.6,8.38450952650183,0.0,damaging,EXPH5
EYS (346007)_damaging,0,0.0,150.6,8.38450952650183,0.0,damaging,EYS
F5 (2153)_damaging,0,0.0,150.6,8.38450952650183,0.0,damaging,F5
F8 (2157)_damaging,0,0.0,150.6,8.38450952650183,0.0,damaging,F8
FAM193A (8603)_damaging,0,0.0,150.6,8.38450952650183,0.0,damaging,FAM193A
FASN (2194)_damaging,0,0.0,150.6,8.38450952650183,0.0,damaging,FASN
FASTKD5 (60493)_damaging,0,0.0,150.6,8.38450952650183,0.0,damaging,FASTKD5
FAT1 (2195)_damaging,0,0.0,150.6,8.38450952650183,0.0,damaging,FAT1
FAT2 (2196)_damaging,0,0.0,150.6,8.38450952650183,0.0,damaging,FAT2
FAT3 (120114)_damaging,0,0.0,150.6,8.38450952650183,0.0,damaging,FAT3
FAT4 (79633)_damaging,0,0.0,150.6,8.38450952650183,0.0,damaging,FAT4
FBN1 (2200)_damaging,0,0.0,150.6,8.38450952650183,0.0,damaging,FBN1
FBN2 (2201)_damaging,0,0.0,150.6,8.38450952650183,0.0,damaging,FBN2
FBN3 (84467)_damaging,0,0.0,150.6,8.38450952650183,0.0,damaging,FBN3
FBXW7 (55294)_damaging,0,0.0,150.6,8.38450952650183,0.0,damaging,FBXW7
FBXW7 (55294)_hotspot,0,0.0,150.6,8.38450952650183,0.0,hotspot,FBXW7
FCGBP (8857)_damaging,0,0.0,150.6,8.38450952650183,0.0,damaging,FCGBP
FCRL5 (83416)_damaging,0,0.0,150.6,8.38450952650183,0.0,damaging,FCRL5
FER1L6 (654463)_damaging,0,0.0,150.6,8.38450952650183,0.0,damaging,FER1L6
FHDC1 (85462)_damaging,0,0.0,150.6,8.38450952650183,0.0,damaging,FHDC1
FHOD3 (80206)_damaging,0,0.0,150.6,8.38450952650183,0.0,damaging,FHOD3
FIGN (55137)_damaging,0,0.0,150.6,8.38450952650183,0.0,damaging,FIGN
FLG (2312)_damaging,0,0.0,150.6,8.38450952650183,0.0,damaging,FLG
FLNB (2317)_damaging,0,0.0,150.6,8.38450952650183,0.0,damaging,FLNB
FLNC (2318)_damaging,0,0.0,150.6,8.38450952650183,0.0,damaging,FLNC
FMN1 (342184)_damaging,0,0.0,150.6,8.38450952650183,0.0,damaging,FMN1
FNDC1 (84624)_damaging,0,0.0,150.6,8.38450952650183,0.0,damaging,FNDC1
FOLH1 (2346)_damaging,0,0.0,150.6,8.38450952650183,0.0,damaging,FOLH1
FREM2 (341640)_damaging,0,0.0,150.6,8.38450952650183,0.0,damaging,FREM2
FSIP2 (401024)_damaging,0,0.0,150.6,8.38450952650183,0.0,damaging,FSIP2
FSTL5 (56884)_damaging,0,0.0,150.6,8.38450952650183,0.0,damaging,FSTL5
GLI1 (2735)_damaging,0,0.0,150.6,8.38450952650183,0.0,damaging,GLI1
GNA13 (10672)_damaging,0,0.0,150.6,8.38450952650183,0.0,damaging,GNA13
GOLGA4 (2803)_damaging,0,0.0,150.6,8.38450952650183,0.0,damaging,GOLGA4
GPR179 (440435)_damaging,0,0.0,150.6,8.38450952650183,0.0,damaging,GPR179
GREB1 (9687)_damaging,0,0.0,150.6,8.38450952650183,0.0,damaging,GREB1
GRIN2A (2903)_damaging,0,0.0,150.6,8.38450952650183,0.0,damaging,GRIN2A
GRM7 (2917)_damaging,0,0.0,150.6,8.38450952650183,0.0,damaging,GRM7
GRM8 (2918)_damaging,0,0.0,150.6,8.38450952650183,0.0,damaging,GRM8
H3-4 (8290)_damaging,0,0.0,150.6,8.38450952650183,0.0,damaging,H3-4
HCN1 (348980)_damaging,0,0.0,150.6,8.38450952650183,0.0,damaging,HCN1
HCN4 (10021)_damaging,0,0.0,150.6,8.38450952650183,0.0,damaging,HCN4
HDAC4 (9759)_damaging,0,0.0,150.6,8.38450952650183,0.0,damaging,HDAC4
HECTD4 (283450)_damaging,0,0.0,150.6,8.38450952650183,0.0,damaging,HECTD4
HECW2 (57520)_damaging,0,0.0,150.6,8.38450952650183,0.0,damaging,HECW2
HERC2 (8924)_damaging,0,0.0,150.6,8.38450952650183,0.0,damaging,HERC2
HIVEP1 (3096)_damaging,0,0.0,150.6,8.38450952650183,0.0,damaging,HIVEP1
HIVEP2 (3097)_damaging,0,0.0,150.6,8.38450952650183,0.0,damaging,HIVEP2
HLA-A (3105)_damaging,0,0.0,150.6,8.38450952650183,0.0,damaging,HLA-A
HLA-C (3107)_damaging,0,0.0,150.6,8.38450952650183,0.0,damaging,HLA-C
HMCN1 (83872)_damaging,0,0.0,150.6,8.38450952650183,0.0,damaging,HMCN1
HMCN2 (256158)_damaging,0,0.0,150.6,8.38450952650183,0.0,damaging,HMCN2
HNF1A (6927)_damaging,0,0.0,150.6,8.38450952650183,0.0,damaging,HNF1A
HRAS (3265)_hotspot,0,0.0,150.6,8.38450952650183,0.0,hotspot,HRAS
HUWE1 (10075)_damaging,0,0.0,150.6,8.38450952650183,0.0,damaging,HUWE1
ICE1 (23379)_damaging,0,0.0,150.6,8.38450952650183,0.0,damaging,ICE1
ICE2 (79664)_damaging,0,0.0,150.6,8.38450952650183,0.0,damaging,ICE2
IGSF10 (285313)_damaging,0,0.0,150.6,8.38450952650183,0.0,damaging,IGSF10
IGSF9B (22997)_damaging,0,0.0,150.6,8.38450952650183,0.0,damaging,IGSF9B
INF2 (64423)_damaging,0,0.0,150.6,8.38450952650183,0.0,damaging,INF2
INO80D (54891)_damaging,0,0.0,150.6,8.38450952650183,0.0,damaging,INO80D
INPPL1 (3636)_damaging,0,0.0,150.6,8.38450952650183,0.0,damaging,INPPL1
INSRR (3645)_damaging,0,0.0,150.6,8.38450952650183,0.0,damaging,INSRR
IQGAP1 (8826)_damaging,0,0.0,150.6,8.38450952650183,0.0,damaging,IQGAP1
IQGAP3 (128239)_damaging,0,0.0,150.6,8.38450952650183,0.0,damaging,IQGAP3
IQSEC2 (23096)_damaging,0,0.0,150.6,8.38450952650183,0.0,damaging,IQSEC2
IRS1 (3667)_damaging,0,0.0,150.6,8.38450952650183,0.0,damaging,IRS1
ITGA2B (3674)_damaging,0,0.0,150.6,8.38450952650183,0.0,damaging,ITGA2B
ITGB4 (3691)_damaging,0,0.0,150.6,8.38450952650183,0.0,damaging,ITGB4
ITSN1 (6453)_damaging,0,0.0,150.6,8.38450952650183,0.0,damaging,ITSN1
ITSN2 (50618)_damaging,0,0.0,150.6,8.38450952650183,0.0,damaging,ITSN2
JARID2 (3720)_damaging,0,0.0,150.6,8.38450952650183,0.0,damaging,JARID2
JCAD (57608)_damaging,0,0.0,150.6,8.38450952650183,0.0,damaging,JCAD
JMJD1C (221037)_damaging,0,0.0,150.6,8.38450952650183,0.0,damaging,JMJD1C
KCNB2 (9312)_damaging,0,0.0,150.6,8.38450952650183,0.0,damaging,KCNB2
KCNG2 (26251)_damaging,0,0.0,150.6,8.38450952650183,0.0,damaging,KCNG2
KCNH7 (90134)_damaging,0,0.0,150.6,8.38450952650183,0.0,damaging,KCNH7
KDM2B (84678)_damaging,0,0.0,150.6,8.38450952650183,0.0,damaging,KDM2B
KDM4B (23030)_damaging,0,0.0,150.6,8.38450952650183,0.0,damaging,KDM4B
KDM5A (5927)_damaging,0,0.0,150.6,8.38450952650183,0.0,damaging,KDM5A
KDM6B (23135)_damaging,0,0.0,150.6,8.38450952650183,0.0,damaging,KDM6B
KEL (3792)_damaging,0,0.0,150.6,8.38450952650183,0.0,damaging,KEL
KIAA1549 (57670)_damaging,0,0.0,150.6,8.38450952650183,0.0,damaging,KIAA1549
KIF20B (9585)_damaging,0,0.0,150.6,8.38450952650183,0.0,damaging,KIF20B
KIF21A (55605)_damaging,0,0.0,150.6,8.38450952650183,0.0,damaging,KIF21A
KIF26A (26153)_damaging,0,0.0,150.6,8.38450952650183,0.0,damaging,KIF26A
KIF26B (55083)_damaging,0,0.0,150.6,8.38450952650183,0.0,damaging,KIF26B
KMT2A (4297)_damaging,0,0.0,150.6,8.38450952650183,0.0,damaging,KMT2A
KMT2B (9757)_damaging,0,0.0,150.6,8.38450952650183,0.0,damaging,KMT2B
KMT2C (58508)_damaging,0,0.0,150.6,8.38450952650183,0.0,damaging,KMT2C
KMT2D (8085)_damaging,0,0.0,150.6,8.38450952650183,0.0,damaging,KMT2D
KNTC1 (9735)_damaging,0,0.0,150.6,8.38450952650183,0.0,damaging,KNTC1
KTN1 (3895)_damaging,0,0.0,150.6,8.38450952650183,0.0,damaging,KTN1
LAMA1 (284217)_damaging,0,0.0,150.6,8.38450952650183,0.0,damaging,LAMA1
LAMA2 (3908)_damaging,0,0.0,150.6,8.38450952650183,0.0,damaging,LAMA2
LAMA3 (3909)_damaging,0,0.0,150.6,8.38450952650183,0.0,damaging,LAMA3
LAMB4 (22798)_damaging,0,0.0,150.6,8.38450952650183,0.0,damaging,LAMB4
LARP1 (23367)_damaging,0,0.0,150.6,8.38450952650183,0.0,damaging,LARP1
LARP4B (23185)_damaging,0,0.0,150.6,8.38450952650183,0.0,damaging,LARP4B
LIMCH1 (22998)_damaging,0,0.0,150.6,8.38450952650183,0.0,damaging,LIMCH1
LMTK3 (114783)_damaging,0,0.0,150.6,8.38450952650183,0.0,damaging,LMTK3
LPA (4018)_damaging,0,0.0,150.6,8.38450952650183,0.0,damaging,LPA
LRP1 (4035)_damaging,0,0.0,150.6,8.38450952650183,0.0,damaging,LRP1
LRP1B (53353)_damaging,0,0.0,150.6,8.38450952650183,0.0,damaging,LRP1B
LRP2 (4036)_damaging,0,0.0,150.6,8.38450952650183,0.0,damaging,LRP2
LRRC7 (57554)_damaging,0,0.0,150.6,8.38450952650183,0.0,damaging,LRRC7
LRRIQ1 (84125)_damaging,0,0.0,150.6,8.38450952650183,0.0,damaging,LRRIQ1
LRRK1 (79705)_damaging,0,0.0,150.6,8.38450952650183,0.0,damaging,LRRK1
LRRK2 (120892)_damaging,0,0.0,150.6,8.38450952650183,0.0,damaging,LRRK2
LTN1 (26046)_damaging,0,0.0,150.6,8.38450952650183,0.0,damaging,LTN1
LYST (1130)_damaging,0,0.0,150.6,8.38450952650183,0.0,damaging,LYST
MAGI2 (9863)_damaging,0,0.0,150.6,8.38450952650183,0.0,damaging,MAGI2
MALRD1 (340895)_damaging,0,0.0,150.6,8.38450952650183,0.0,damaging,MALRD1
MAP1A (4130)_damaging,0,0.0,150.6,8.38450952650183,0.0,damaging,MAP1A
MAP1B (4131)_damaging,0,0.0,150.6,8.38450952650183,0.0,damaging,MAP1B
MAP2 (4133)_damaging,0,0.0,150.6,8.38450952650183,0.0,damaging,MAP2
MAP7D1 (55700)_damaging,0,0.0,150.6,8.38450952650183,0.0,damaging,MAP7D1
MAP9 (79884)_damaging,0,0.0,150.6,8.38450952650183,0.0,damaging,MAP9
MARCO (8685)_damaging,0,0.0,150.6,8.38450952650183,0.0,damaging,MARCO
MAST2 (23139)_damaging,0,0.0,150.6,8.38450952650183,0.0,damaging,MAST2
MBD6 (114785)_damaging,0,0.0,150.6,8.38450952650183,0.0,damaging,MBD6
MDC1 (9656)_damaging,0,0.0,150.6,8.38450952650183,0.0,damaging,MDC1
MDN1 (23195)_damaging,0,0.0,150.6,8.38450952650183,0.0,damaging,MDN1
MECOM (2122)_damaging,0,0.0,150.6,8.38450952650183,0.0,damaging,MECOM
MED12L (116931)_damaging,0,0.0,150.6,8.38450952650183,0.0,damaging,MED12L
MED13 (9969)_damaging,0,0.0,150.6,8.38450952650183,0.0,damaging,MED13
MED23 (9439)_damaging,0,0.0,150.6,8.38450952650183,0.0,damaging,MED23
MEGF6 (1953)_damaging,0,0.0,150.6,8.38450952650183,0.0,damaging,MEGF6
MEGF8 (1954)_damaging,0,0.0,150.6,8.38450952650183,0.0,damaging,MEGF8
MGA (23269)_damaging,0,0.0,150.6,8.38450952650183,0.0,damaging,MGA
MGAM (8972)_damaging,0,0.0,150.6,8.38450952650183,0.0,damaging,MGAM
MGAM2 (93432)_damaging,0,0.0,150.6,8.38450952650183,0.0,damaging,MGAM2
MIDEAS (91748)_damaging,0,0.0,150.6,8.38450952650183,0.0,damaging,MIDEAS
MLH1 (4292)_damaging,0,0.0,150.6,8.38450952650183,0.0,damaging,MLH1
MLH3 (27030)_damaging,0,0.0,150.6,8.38450952650183,0.0,damaging,MLH3
MMP3 (4314)_damaging,0,0.0,150.6,8.38450952650183,0.0,damaging,MMP3
MMS22L (253714)_damaging,0,0.0,150.6,8.38450952650183,0.0,damaging,MMS22L
MRC1 (4360)_damaging,0,0.0,150.6,8.38450952650183,0.0,damaging,MRC1
MROH2B (133558)_damaging,0,0.0,150.6,8.38450952650183,0.0,damaging,MROH2B
MSH2 (4436)_damaging,0,0.0,150.6,8.38450952650183,0.0,damaging,MSH2
MSH6 (2956)_damaging,0,0.0,150.6,8.38450952650183,0.0,damaging,MSH6
MT-ND4 (4538)_damaging,0,0.0,150.6,8.38450952650183,0.0,damaging,MT-ND4
MT-ND5 (4540)_damaging,0,0.0,150.6,8.38450952650183,0.0,damaging,MT-ND5
MTOR (2475)_hotspot,0,0.0,150.6,8.38450952650183,0.0,hotspot,MTOR
MUC16 (94025)_damaging,0,0.0,150.6,8.38450952650183,0.0,damaging,MUC16
MUC4 (4585)_damaging,0,0.0,150.6,8.38450952650183,0.0,damaging,MUC4
MUC5AC (4586)_damaging,0,0.0,150.6,8.38450952650183,0.0,damaging,MUC5AC
MUTYH (4595)_damaging,0,0.0,150.6,8.38450952650183,0.0,damaging,MUTYH
MXRA5 (25878)_damaging,0,0.0,150.6,8.38450952650183,0.0,damaging,MXRA5
MXRA8 (54587)_damaging,0,0.0,150.6,8.38450952650183,0.0,damaging,MXRA8
MYCBP2 (23077)_damaging,0,0.0,150.6,8.38450952650183,0.0,damaging,MYCBP2
MYH1 (4619)_damaging,0,0.0,150.6,8.38450952650183,0.0,damaging,MYH1
MYH13 (8735)_damaging,0,0.0,150.6,8.38450952650183,0.0,damaging,MYH13
MYH15 (22989)_damaging,0,0.0,150.6,8.38450952650183,0.0,damaging,MYH15
MYH2 (4620)_damaging,0,0.0,150.6,8.38450952650183,0.0,damaging,MYH2
MYH7B (57644)_damaging,0,0.0,150.6,8.38450952650183,0.0,damaging,MYH7B
MYH8 (4626)_damaging,0,0.0,150.6,8.38450952650183,0.0,damaging,MYH8
MYO15A (51168)_damaging,0,0.0,150.6,8.38450952650183,0.0,damaging,MYO15A
MYO15B (80022)_damaging,0,0.0,150.6,8.38450952650183,0.0,damaging,MYO15B
MYO18B (84700)_damaging,0,0.0,150.6,8.38450952650183,0.0,damaging,MYO18B
MYO9A (4649)_damaging,0,0.0,150.6,8.38450952650183,0.0,damaging,MYO9A
NALCN (259232)_damaging,0,0.0,150.6,8.38450952650183,0.0,damaging,NALCN
NAV1 (89796)_damaging,0,0.0,150.6,8.38450952650183,0.0,damaging,NAV1
NAV2 (89797)_damaging,0,0.0,150.6,8.38450952650183,0.0,damaging,NAV2
NAV3 (89795)_damaging,0,0.0,150.6,8.38450952650183,0.0,damaging,NAV3
NBEA (26960)_damaging,0,0.0,150.6,8.38450952650183,0.0,damaging,NBEA
NBEAL1 (65065)_damaging,0,0.0,150.6,8.38450952650183,0.0,damaging,NBEAL1
NCKAP5 (344148)_damaging,0,0.0,150.6,8.38450952650183,0.0,damaging,NCKAP5
NCOR1 (9611)_damaging,0,0.0,150.6,8.38450952650183,0.0,damaging,NCOR1
NCOR2 (9612)_damaging,0,0.0,150.6,8.38450952650183,0.0,damaging,NCOR2
NEB (4703)_damaging,0,0.0,150.6,8.38450952650183,0.0,damaging,NEB
NF1 (4763)_damaging,0,0.0,150.6,8.38450952650183,0.0,damaging,NF1
NFASC (23114)_damaging,0,0.0,150.6,8.38450952650183,0.0,damaging,NFASC
NFIA (4774)_damaging,0,0.0,150.6,8.38450952650183,0.0,damaging,NFIA
NIN (51199)_damaging,0,0.0,150.6,8.38450952650183,0.0,damaging,NIN
NIPBL (25836)_damaging,0,0.0,150.6,8.38450952650183,0.0,damaging,NIPBL
NKAPD1 (55216)_damaging,0,0.0,150.6,8.38450952650183,0.0,damaging,NKAPD1
NLRC5 (84166)_damaging,0,0.0,150.6,8.38450952650183,0.0,damaging,NLRC5
NOBOX (135935)_damaging,0,0.0,150.6,8.38450952650183,0.0,damaging,NOBOX
NOS3 (4846)_damaging,0,0.0,150.6,8.38450952650183,0.0,damaging,NOS3
NOTCH1 (4851)_damaging,0,0.0,150.6,8.38450952650183,0.0,damaging,NOTCH1
NOTCH2 (4853)_damaging,0,0.0,150.6,8.38450952650183,0.0,damaging,NOTCH2
NOTCH3 (4854)_damaging,0,0.0,150.6,8.38450952650183,0.0,damaging,NOTCH3
NOTCH4 (4855)_damaging,0,0.0,150.6,8.38450952650183,0.0,damaging,NOTCH4
NPAS3 (64067)_damaging,0,0.0,150.6,8.38450952650183,0.0,damaging,NPAS3
NPAT (4863)_damaging,0,0.0,150.6,8.38450952650183,0.0,damaging,NPAT
NRIP1 (8204)_damaging,0,0.0,150.6,8.38450952650183,0.0,damaging,NRIP1
NRK (203447)_damaging,0,0.0,150.6,8.38450952650183,0.0,damaging,NRK
NRXN1 (9378)_damaging,0,0.0,150.6,8.38450952650183,0.0,damaging,NRXN1
NRXN3 (9369)_damaging,0,0.0,150.6,8.38450952650183,0.0,damaging,NRXN3
NSD1 (64324)_damaging,0,0.0,150.6,8.38450952650183,0.0,damaging,NSD1
NSD2 (7468)_damaging,0,0.0,150.6,8.38450952650183,0.0,damaging,NSD2
NUP205 (23165)_damaging,0,0.0,150.6,8.38450952650183,0.0,damaging,NUP205
NUP214 (8021)_damaging,0,0.0,150.6,8.38450952650183,0.0,damaging,NUP214
NUP98 (4928)_damaging,0,0.0,150.6,8.38450952650183,0.0,damaging,NUP98
NYNRIN (57523)_damaging,0,0.0,150.6,8.38450952650183,0.0,damaging,NYNRIN
OBSCN (84033)_damaging,0,0.0,150.6,8.38450952650183,0.0,damaging,OBSCN
OTOF (9381)_damaging,0,0.0,150.6,8.38450952650183,0.0,damaging,OTOF
OTOG (340990)_damaging,0,0.0,150.6,8.38450952650183,0.0,damaging,OTOG
PALB2 (79728)_damaging,0,0.0,150.6,8.38450952650183,0.0,damaging,PALB2
PALM2AKAP2 (445815)_damaging,0,0.0,150.6,8.38450952650183,0.0,damaging,PALM2AKAP2
PAPPA2 (60676)_damaging,0,0.0,150.6,8.38450952650183,0.0,damaging,PAPPA2
PBRM1 (55193)_damaging,0,0.0,150.6,8.38450952650183,0.0,damaging,PBRM1
PCDH10 (57575)_damaging,0,0.0,150.6,8.38450952650183,0.0,damaging,PCDH10
PCDH7 (5099)_damaging,0,0.0,150.6,8.38450952650183,0.0,damaging,PCDH7
PCF11 (51585)_damaging,0,0.0,150.6,8.38450952650183,0.0,damaging,PCF11
PCLO (27445)_damaging,0,0.0,150.6,8.38450952650183,0.0,damaging,PCLO
PCNT (5116)_damaging,0,0.0,150.6,8.38450952650183,0.0,damaging,PCNT
PCNX1 (22990)_damaging,0,0.0,150.6,8.38450952650183,0.0,damaging,PCNX1
PCNX2 (80003)_damaging,0,0.0,150.6,8.38450952650183,0.0,damaging,PCNX2
PCSK5 (5125)_damaging,0,0.0,150.6,8.38450952650183,0.0,damaging,PCSK5
PDZD2 (23037)_damaging,0,0.0,150.6,8.38450952650183,0.0,damaging,PDZD2
PHF3 (23469)_damaging,0,0.0,150.6,8.38450952650183,0.0,damaging,PHF3
PIEZO2 (63895)_damaging,0,0.0,150.6,8.38450952650183,0.0,damaging,PIEZO2
PIGO (84720)_damaging,0,0.0,150.6,8.38450952650183,0.0,damaging,PIGO
PIK3C2B (5287)_damaging,0,0.0,150.6,8.38450952650183,0.0,damaging,PIK3C2B
PIK3CG (5294)_damaging,0,0.0,150.6,8.38450952650183,0.0,damaging,PIK3CG
PIK3R1 (5295)_hotspot,0,0.0,150.6,8.38450952650183,0.0,hotspot,PIK3R1
PKD1L1 (168507)_damaging,0,0.0,150.6,8.38450952650183,0.0,damaging,PKD1L1
PKDREJ (10343)_damaging,0,0.0,150.6,8.38450952650183,0.0,damaging,PKDREJ
PKP3 (11187)_damaging,0,0.0,150.6,8.38450952650183,0.0,damaging,PKP3
PLCB4 (5332)_damaging,0,0.0,150.6,8.38450952650183,0.0,damaging,PLCB4
PLCL1 (5334)_damaging,0,0.0,150.6,8.38450952650183,0.0,damaging,PLCL1
PLEKHA6 (22874)_damaging,0,0.0,150.6,8.38450952650183,0.0,damaging,PLEKHA6
PLEKHA7 (144100)_damaging,0,0.0,150.6,8.38450952650183,0.0,damaging,PLEKHA7
PLOD3 (8985)_damaging,0,0.0,150.6,8.38450952650183,0.0,damaging,PLOD3
PLXNA2 (5362)_damaging,0,0.0,150.6,8.38450952650183,0.0,damaging,PLXNA2
PLXNA3 (55558)_damaging,0,0.0,150.6,8.38450952650183,0.0,damaging,PLXNA3
PLXNA4 (91584)_damaging,0,0.0,150.6,8.38450952650183,0.0,damaging,PLXNA4
PLXNB1 (5364)_damaging,0,0.0,150.6,8.38450952650183,0.0,damaging,PLXNB1
PLXNC1 (10154)_damaging,0,0.0,150.6,8.38450952650183,0.0,damaging,PLXNC1
PMS2 (5395)_damaging,0,0.0,150.6,8.38450952650183,0.0,damaging,PMS2
POLD1 (5424)_damaging,0,0.0,150.6,8.38450952650183,0.0,damaging,POLD1
POLE (5426)_damaging,0,0.0,150.6,8.38450952650183,0.0,damaging,POLE
PPFIA2 (8499)_damaging,0,0.0,150.6,8.38450952650183,0.0,damaging,PPFIA2
PPIG (9360)_damaging,0,0.0,150.6,8.38450952650183,0.0,damaging,PPIG
PPRC1 (23082)_damaging,0,0.0,150.6,8.38450952650183,0.0,damaging,PPRC1
PREX2 (80243)_damaging,0,0.0,150.6,8.38450952650183,0.0,damaging,PREX2
PRKDC (5591)_damaging,0,0.0,150.6,8.38450952650183,0.0,damaging,PRKDC
PRR12 (57479)_damaging,0,0.0,150.6,8.38450952650183,0.0,damaging,PRR12
PRRC2A (7916)_damaging,0,0.0,150.6,8.38450952650183,0.0,damaging,PRRC2A
PRRC2B (84726)_damaging,0,0.0,150.6,8.38450952650183,0.0,damaging,PRRC2B
PRX (57716)_damaging,0,0.0,150.6,8.38450952650183,0.0,damaging,PRX
PTCH1 (5727)_damaging,0,0.0,150.6,8.38450952650183,0.0,damaging,PTCH1
PTEN (5728)_hotspot,0,0.0,150.6,8.38450952650183,0.0,hotspot,PTEN
PTPN13 (5783)_damaging,0,0.0,150.6,8.38450952650183,0.0,damaging,PTPN13
PTPN14 (5784)_damaging,0,0.0,150.6,8.38450952650183,0.0,damaging,PTPN14
PTPRD (5789)_damaging,0,0.0,150.6,8.38450952650183,0.0,damaging,PTPRD
PTPRN2 (5799)_damaging,0,0.0,150.6,8.38450952650183,0.0,damaging,PTPRN2
PTPRQ (374462)_damaging,0,0.0,150.6,8.38450952650183,0.0,damaging,PTPRQ
PXDNL (137902)_damaging,0,0.0,150.6,8.38450952650183,0.0,damaging,PXDNL
RAB40A (142684)_damaging,0,0.0,150.6,8.38450952650183,0.0,damaging,RAB40A
RAC1 (5879)_hotspot,0,0.0,150.6,8.38450952650183,0.0,hotspot,RAC1
RAD51AP2 (729475)_damaging,0,0.0,150.6,8.38450952650183,0.0,damaging,RAD51AP2
RALGAPA1 (253959)_damaging,0,0.0,150.6,8.38450952650183,0.0,damaging,RALGAPA1
RAPGEF2 (9693)_damaging,0,0.0,150.6,8.38450952650183,0.0,damaging,RAPGEF2
RB1CC1 (9821)_damaging,0,0.0,150.6,8.38450952650183,0.0,damaging,RB1CC1
RBM6 (10180)_damaging,0,0.0,150.6,8.38450952650183,0.0,damaging,RBM6
RELN (5649)_damaging,0,0.0,150.6,8.38450952650183,0.0,damaging,RELN
RERE (473)_damaging,0,0.0,150.6,8.38450952650183,0.0,damaging,RERE
RFX7 (64864)_damaging,0,0.0,150.6,8.38450952650183,0.0,damaging,RFX7
RGL1 (23179)_damaging,0,0.0,150.6,8.38450952650183,0.0,damaging,RGL1
RGS22 (26166)_damaging,0,0.0,150.6,8.38450952650183,0.0,damaging,RGS22
RHOA (387)_damaging,0,0.0,150.6,8.38450952650183,0.0,damaging,RHOA
RIF1 (55183)_damaging,0,0.0,150.6,8.38450952650183,0.0,damaging,RIF1
RIMS1 (22999)_damaging,0,0.0,150.6,8.38450952650183,0.0,damaging,RIMS1
RIMS2 (9699)_damaging,0,0.0,150.6,8.38450952650183,0.0,damaging,RIMS2
RNF43 (54894)_damaging,0,0.0,150.6,8.38450952650183,0.0,damaging,RNF43
ROBO1 (6091)_damaging,0,0.0,150.6,8.38450952650183,0.0,damaging,ROBO1
ROCK1 (6093)_damaging,0,0.0,150.6,8.38450952650183,0.0,damaging,ROCK1
ROCK2 (9475)_damaging,0,0.0,150.6,8.38450952650183,0.0,damaging,ROCK2
ROS1 (6098)_damaging,0,0.0,150.6,8.38450952650183,0.0,damaging,ROS1
RP1L1 (94137)_damaging,0,0.0,150.6,8.38450952650183,0.0,damaging,RP1L1
RPL22 (6146)_damaging,0,0.0,150.6,8.38450952650183,0.0,damaging,RPL22
RTTN (25914)_damaging,0,0.0,150.6,8.38450952650183,0.0,damaging,RTTN
RYR1 (6261)_damaging,0,0.0,150.6,8.38450952650183,0.0,damaging,RYR1
RYR2 (6262)_damaging,0,0.0,150.6,8.38450952650183,0.0,damaging,RYR2
RYR3 (6263)_damaging,0,0.0,150.6,8.38450952650183,0.0,damaging,RYR3
SACS (26278)_damaging,0,0.0,150.6,8.38450952650183,0.0,damaging,SACS
SALL3 (27164)_damaging,0,0.0,150.6,8.38450952650183,0.0,damaging,SALL3
SAMD9 (54809)_damaging,0,0.0,150.6,8.38450952650183,0.0,damaging,SAMD9
SAMD9L (219285)_damaging,0,0.0,150.6,8.38450952650183,0.0,damaging,SAMD9L
SBF1 (6305)_damaging,0,0.0,150.6,8.38450952650183,0.0,damaging,SBF1
SBF2 (81846)_damaging,0,0.0,150.6,8.38450952650183,0.0,damaging,SBF2
SBNO1 (55206)_damaging,0,0.0,150.6,8.38450952650183,0.0,damaging,SBNO1
SCAF8 (22828)_damaging,0,0.0,150.6,8.38450952650183,0.0,damaging,SCAF8
SCN11A (11280)_damaging,0,0.0,150.6,8.38450952650183,0.0,damaging,SCN11A
SCN2A (6326)_damaging,0,0.0,150.6,8.38450952650183,0.0,damaging,SCN2A
SCN3A (6328)_damaging,0,0.0,150.6,8.38450952650183,0.0,damaging,SCN3A
SCN4A (6329)_damaging,0,0.0,150.6,8.38450952650183,0.0,damaging,SCN4A
SCN7A (6332)_damaging,0,0.0,150.6,8.38450952650183,0.0,damaging,SCN7A
SCN9A (6335)_damaging,0,0.0,150.6,8.38450952650183,0.0,damaging,SCN9A
SETBP1 (26040)_damaging,0,0.0,150.6,8.38450952650183,0.0,damaging,SETBP1
SETD1A (9739)_damaging,0,0.0,150.6,8.38450952650183,0.0,damaging,SETD1A
SETD1B (23067)_damaging,0,0.0,150.6,8.38450952650183,0.0,damaging,SETD1B
SETD2 (29072)_damaging,0,0.0,150.6,8.38450952650183,0.0,damaging,SETD2
SETX (23064)_damaging,0,0.0,150.6,8.38450952650183,0.0,damaging,SETX
SGO2 (151246)_damaging,0,0.0,150.6,8.38450952650183,0.0,damaging,SGO2
SHANK1 (50944)_damaging,0,0.0,150.6,8.38450952650183,0.0,damaging,SHANK1
SHPRH (257218)_damaging,0,0.0,150.6,8.38450952650183,0.0,damaging,SHPRH
SI (6476)_damaging,0,0.0,150.6,8.38450952650183,0.0,damaging,SI
SIG:A[C>A]G,0,0.0,150.6,8.38450952650183,0.0,damaging,SIG:A[C>A]G
SIG:A[C>A]T,0,0.0,150.6,8.38450952650183,0.0,damaging,SIG:A[C>A]T
SIG:A[C>G]A,0,0.0,150.6,8.38450952650183,0.0,damaging,SIG:A[C>G]A
SIG:A[C>G]G,0,0.0,150.6,8.38450952650183,0.0,damaging,SIG:A[C>G]G
SIG:A[T>A]C,0,0.0,150.6,8.38450952650183,0.0,damaging,SIG:A[T>A]C
SIG:A[T>A]G,0,0.0,150.6,8.38450952650183,0.0,damaging,SIG:A[T>A]G
SIG:A[T>A]T,0,0.0,150.6,8.38450952650183,0.0,damaging,SIG:A[T>A]T
SIG:A[T>C]A,0,0.0,150.6,8.38450952650183,0.0,damaging,SIG:A[T>C]A
SIG:A[T>G]C,0,0.0,150.6,8.38450952650183,0.0,damaging,SIG:A[T>G]C
SIG:A[T>G]T,0,0.0,150.6,8.38450952650183,0.0,damaging,SIG:A[T>G]T
SIG:C[C>A]C,0,0.0,150.6,8.38450952650183,0.0,damaging,SIG:C[C>A]C
SIG:C[C>A]G,0,0.0,150.6,8.38450952650183,0.0,damaging,SIG:C[C>A]G
SIG:C[C>G]A,0,0.0,150.6,8.38450952650183,0.0,damaging,SIG:C[C>G]A
SIG:C[C>G]C,0,0.0,150.6,8.38450952650183,0.0,damaging,SIG:C[C>G]C
SIG:C[C>T]C,0,0.0,150.6,8.38450952650183,0.0,damaging,SIG:C[C>T]C
SIG:C[C>T]T,0,0.0,150.6,8.38450952650183,0.0,damaging,SIG:C[C>T]T
SIG:C[T>A]C,0,0.0,150.6,8.38450952650183,0.0,damaging,SIG:C[T>A]C
SIG:C[T>G]C,0,0.0,150.6,8.38450952650183,0.0,damaging,SIG:C[T>G]C
SIG:C[T>G]G,0,0.0,150.6,8.38450952650183,0.0,damaging,SIG:C[T>G]G
SIG:C[T>G]T,0,0.0,150.6,8.38450952650183,0.0,damaging,SIG:C[T>G]T
SIG:G[C>A]C,0,0.0,150.6,8.38450952650183,0.0,damaging,SIG:G[C>A]C
SIG:G[C>A]G,0,0.0,150.6,8.38450952650183,0.0,damaging,SIG:G[C>A]G
SIG:G[C>G]A,0,0.0,150.6,8.38450952650183,0.0,damaging,SIG:G[C>G]A
SIG:G[C>G]C,0,0.0,150.6,8.38450952650183,0.0,damaging,SIG:G[C>G]C
SIG:G[C>G]G,0,0.0,150.6,8.38450952650183,0.0,damaging,SIG:G[C>G]G
SIG:G[C>T]G,0,0.0,150.6,8.38450952650183,0.0,damaging,SIG:G[C>T]G
SIG:G[T>A]A,0,0.0,150.6,8.38450952650183,0.0,damaging,SIG:G[T>A]A
SIG:G[T>A]C,0,0.0,150.6,8.38450952650183,0.0,damaging,SIG:G[T>A]C
SIG:G[T>A]T,0,0.0,150.6,8.38450952650183,0.0,damaging,SIG:G[T>A]T
SIG:G[T>C]A,0,0.0,150.6,8.38450952650183,0.0,damaging,SIG:G[T>C]A
SIG:G[T>C]C,0,0.0,150.6,8.38450952650183,0.0,damaging,SIG:G[T>C]C
SIG:G[T>C]G,0,0.0,150.6,8.38450952650183,0.0,damaging,SIG:G[T>C]G
SIG:G[T>G]C,0,0.0,150.6,8.38450952650183,0.0,damaging,SIG:G[T>G]C
SIG:G[T>G]T,0,0.0,150.6,8.38450952650183,0.0,damaging,SIG:G[T>G]T
SIG:T[C>A]A,0,0.0,150.6,8.38450952650183,0.0,damaging,SIG:T[C>A]A
SIG:T[C>A]G,0,0.0,150.6,8.38450952650183,0.0,damaging,SIG:T[C>A]G
SIG:T[C>A]T,0,0.0,150.6,8.38450952650183,0.0,damaging,SIG:T[C>A]T
SIG:T[C>G]G,0,0.0,150.6,8.38450952650183,0.0,damaging,SIG:T[C>G]G
SIG:T[C>T]C,0,0.0,150.6,8.38450952650183,0.0,damaging,SIG:T[C>T]C
SIG:T[T>C]T,0,0.0,150.6,8.38450952650183,0.0,damaging,SIG:T[T>C]T
SIG:T[T>G]A,0,0.0,150.6,8.38450952650183,0.0,damaging,SIG:T[T>G]A
SIG:T[T>G]C,0,0.0,150.6,8.38450952650183,0.0,damaging,SIG:T[T>G]C
SIG:T[T>G]T,0,0.0,150.6,8.38450952650183,0.0,damaging,SIG:T[T>G]T
SKOR2 (652991)_damaging,0,0.0,150.6,8.38450952650183,0.0,damaging,SKOR2
SLC12A7 (10723)_damaging,0,0.0,150.6,8.38450952650183,0.0,damaging,SLC12A7
SLC3A2 (6520)_damaging,0,0.0,150.6,8.38450952650183,0.0,damaging,SLC3A2
SLC45A1 (50651)_damaging,0,0.0,150.6,8.38450952650183,0.0,damaging,SLC45A1
SLC4A10 (57282)_damaging,0,0.0,150.6,8.38450952650183,0.0,damaging,SLC4A10
SLC4A3 (6508)_damaging,0,0.0,150.6,8.38450952650183,0.0,damaging,SLC4A3
SLFN11 (91607)_damaging,0,0.0,150.6,8.38450952650183,0.0,damaging,SLFN11
SLITRK2 (84631)_damaging,0,0.0,150.6,8.38450952650183,0.0,damaging,SLITRK2
SLK (9748)_damaging,0,0.0,150.6,8.38450952650183,0.0,damaging,SLK
SMARCA4 (6597)_hotspot,0,0.0,150.6,8.38450952650183,0.0,hotspot,SMARCA4
SMARCAD1 (56916)_damaging,0,0.0,150.6,8.38450952650183,0.0,damaging,SMARCAD1
SMC1B (27127)_damaging,0,0.0,150.6,8.38450952650183,0.0,damaging,SMC1B
SMCHD1 (23347)_damaging,0,0.0,150.6,8.38450952650183,0.0,damaging,SMCHD1
SORCS3 (22986)_damaging,0,0.0,150.6,8.38450952650183,0.0,damaging,SORCS3
SORL1 (6653)_damaging,0,0.0,150.6,8.38450952650183,0.0,damaging,SORL1
SPAG17 (200162)_damaging,0,0.0,150.6,8.38450952650183,0.0,damaging,SPAG17
SPANXN4 (441525)_damaging,0,0.0,150.6,8.38450952650183,0.0,damaging,SPANXN4
SPEF2 (79925)_damaging,0,0.0,150.6,8.38450952650183,0.0,damaging,SPEF2
SPEG (10290)_damaging,0,0.0,150.6,8.38450952650183,0.0,damaging,SPEG
SPEN (23013)_damaging,0,0.0,150.6,8.38450952650183,0.0,damaging,SPEN
SPG11 (80208)_damaging,0,0.0,150.6,8.38450952650183,0.0,damaging,SPG11
SPHKAP (80309)_damaging,0,0.0,150.6,8.38450952650183,0.0,damaging,SPHKAP
SPTA1 (6708)_damaging,0,0.0,150.6,8.38450952650183,0.0,damaging,SPTA1
SPTAN1 (6709)_damaging,0,0.0,150.6,8.38450952650183,0.0,damaging,SPTAN1
SRCAP (10847)_damaging,0,0.0,150.6,8.38450952650183,0.0,damaging,SRCAP
STAB1 (23166)_damaging,0,0.0,150.6,8.38450952650183,0.0,damaging,STAB1
STARD9 (57519)_damaging,0,0.0,150.6,8.38450952650183,0.0,damaging,STARD9
STAT5B (6777)_damaging,0,0.0,150.6,8.38450952650183,0.0,damaging,STAT5B
STK11 (6794)_hotspot,0,0.0,150.6,8.38450952650183,0.0,hotspot,STK11
SULF1 (23213)_damaging,0,0.0,150.6,8.38450952650183,0.0,damaging,SULF1
SVEP1 (79987)_damaging,0,0.0,150.6,8.38450952650183,0.0,damaging,SVEP1
SVIL (6840)_damaging,0,0.0,150.6,8.38450952650183,0.0,damaging,SVIL
SYCP1 (6847)_damaging,0,0.0,150.6,8.38450952650183,0.0,damaging,SYCP1
SYCP2 (10388)_damaging,0,0.0,150.6,8.38450952650183,0.0,damaging,SYCP2
SYNE1 (23345)_damaging,0,0.0,150.6,8.38450952650183,0.0,damaging,SYNE1
SYTL2 (54843)_damaging,0,0.0,150.6,8.38450952650183,0.0,damaging,SYTL2
SZT2 (23334)_damaging,0,0.0,150.6,8.38450952650183,0.0,damaging,SZT2
TAL1 (6886)_damaging,0,0.0,150.6,8.38450952650183,0.0,damaging,TAL1
TBC1D32 (221322)_damaging,0,0.0,150.6,8.38450952650183,0.0,damaging,TBC1D32
TCF20 (6942)_damaging,0,0.0,150.6,8.38450952650183,0.0,damaging,TCF20
TCF7L2 (6934)_damaging,0,0.0,150.6,8.38450952650183,0.0,damaging,TCF7L2
TDRD15 (100129278)_damaging,0,0.0,150.6,8.38450952650183,0.0,damaging,TDRD15
TDRD5 (163589)_damaging,0,0.0,150.6,8.38450952650183,0.0,damaging,TDRD5
TDRD6 (221400)_damaging,0,0.0,150.6,8.38450952650183,0.0,damaging,TDRD6
TECTA (7007)_damaging,0,0.0,150.6,8.38450952650183,0.0,damaging,TECTA
TENM1 (10178)_damaging,0,0.0,150.6,8.38450952650183,0.0,damaging,TENM1
TENM3 (55714)_damaging,0,0.0,150.6,8.38450952650183,0.0,damaging,TENM3
TENM4 (26011)_damaging,0,0.0,150.6,8.38450952650183,0.0,damaging,TENM4
TERT (7015)_hotspot,0,0.0,150.6,8.38450952650183,0.0,hotspot,TERT
TEX15 (56154)_damaging,0,0.0,150.6,8.38450952650183,0.0,damaging,TEX15
TGFBR2 (7048)_damaging,0,0.0,150.6,8.38450952650183,0.0,damaging,TGFBR2
THSD7A (221981)_damaging,0,0.0,150.6,8.38450952650183,0.0,damaging,THSD7A
TICRR (90381)_damaging,0,0.0,150.6,8.38450952650183,0.0,damaging,TICRR
TLN2 (83660)_damaging,0,0.0,150.6,8.38450952650183,0.0,damaging,TLN2
TMEM132D (121256)_damaging,0,0.0,150.6,8.38450952650183,0.0,damaging,TMEM132D
TMEM94 (9772)_damaging,0,0.0,150.6,8.38450952650183,0.0,damaging,TMEM94
TNR (7143)_damaging,0,0.0,150.6,8.38450952650183,0.0,damaging,TNR
TNRC6A (27327)_damaging,0,0.0,150.6,8.38450952650183,0.0,damaging,TNRC6A
TNRC6B (23112)_damaging,0,0.0,150.6,8.38450952650183,0.0,damaging,TNRC6B
TNRC6C (57690)_damaging,0,0.0,150.6,8.38450952650183,0.0,damaging,TNRC6C
TNXB (7148)_damaging,0,0.0,150.6,8.38450952650183,0.0,damaging,TNXB
TOP2A (7153)_damaging,0,0.0,150.6,8.38450952650183,0.0,damaging,TOP2A
TOPBP1 (11073)_damaging,0,0.0,150.6,8.38450952650183,0.0,damaging,TOPBP1
TP53 (7157)_hotspot,0,0.0,150.6,8.38450952650183,0.0,hotspot,TP53
TP53BP1 (7158)_damaging,0,0.0,150.6,8.38450952650183,0.0,damaging,TP53BP1
TPTE (7179)_damaging,0,0.0,150.6,8.38450952650183,0.0,damaging,TPTE
TRDN (10345)_damaging,0,0.0,150.6,8.38450952650183,0.0,damaging,TRDN
TRIM24 (8805)_damaging,0,0.0,150.6,8.38450952650183,0.0,damaging,TRIM24
TRIO (7204)_damaging,0,0.0,150.6,8.38450952650183,0.0,damaging,TRIO
TRIOBP (11078)_damaging,0,0.0,150.6,8.38450952650183,0.0,damaging,TRIOBP
TRIP11 (9321)_damaging,0,0.0,150.6,8.38450952650183,0.0,damaging,TRIP11
TRMT9B (57604)_damaging,0,0.0,150.6,8.38450952650183,0.0,damaging,TRMT9B
TRPA1 (8989)_damaging,0,0.0,150.6,8.38450952650183,0.0,damaging,TRPA1
TRPM1 (4308)_damaging,0,0.0,150.6,8.38450952650183,0.0,damaging,TRPM1
TRPS1 (7227)_damaging,0,0.0,150.6,8.38450952650183,0.0,damaging,TRPS1
TRRAP (8295)_damaging,0,0.0,150.6,8.38450952650183,0.0,damaging,TRRAP
TSC2 (7249)_damaging,0,0.0,150.6,8.38450952650183,0.0,damaging,TSC2
TSHZ3 (57616)_damaging,0,0.0,150.6,8.38450952650183,0.0,damaging,TSHZ3
UBR5 (51366)_damaging,0,0.0,150.6,8.38450952650183,0.0,damaging,UBR5
UCK1 (83549)_damaging,0,0.0,150.6,8.38450952650183,0.0,damaging,UCK1
UNC13B (10497)_damaging,0,0.0,150.6,8.38450952650183,0.0,damaging,UNC13B
UNC79 (57578)_damaging,0,0.0,150.6,8.38450952650183,0.0,damaging,UNC79
UNC80 (285175)_damaging,0,0.0,150.6,8.38450952650183,0.0,damaging,UNC80
UNKL (64718)_damaging,0,0.0,150.6,8.38450952650183,0.0,damaging,UNKL
USH2A (7399)_damaging,0,0.0,150.6,8.38450952650183,0.0,damaging,USH2A
USP26 (83844)_damaging,0,0.0,150.6,8.38450952650183,0.0,damaging,USP26
USP28 (57646)_damaging,0,0.0,150.6,8.38450952650183,0.0,damaging,USP28
USP6 (9098)_damaging,0,0.0,150.6,8.38450952650183,0.0,damaging,USP6
UTP20 (27340)_damaging,0,0.0,150.6,8.38450952650183,0.0,damaging,UTP20
UTRN (7402)_damaging,0,0.0,150.6,8.38450952650183,0.0,damaging,UTRN
VCAN (1462)_damaging,0,0.0,150.6,8.38450952650183,0.0,damaging,VCAN
VHL (7428)_damaging,0,0.0,150.6,8.38450952650183,0.0,damaging,VHL
VPS13A (23230)_damaging,0,0.0,150.6,8.38450952650183,0.0,damaging,VPS13A
VPS13B (157680)_damaging,0,0.0,150.6,8.38450952650183,0.0,damaging,VPS13B
VPS13C (54832)_damaging,0,0.0,150.6,8.38450952650183,0.0,damaging,VPS13C
VPS13D (55187)_damaging,0,0.0,150.6,8.38450952650183,0.0,damaging,VPS13D
VPS9D1 (9605)_damaging,0,0.0,150.6,8.38450952650183,0.0,damaging,VPS9D1
VWDE (221806)_damaging,0,0.0,150.6,8.38450952650183,0.0,damaging,VWDE
VWF (7450)_damaging,0,0.0,150.6,8.38450952650183,0.0,damaging,VWF
WDFY3 (23001)_damaging,0,0.0,150.6,8.38450952650183,0.0,damaging,WDFY3
WDFY4 (57705)_damaging,0,0.0,150.6,8.38450952650183,0.0,damaging,WDFY4
WDR87 (83889)_damaging,0,0.0,150.6,8.38450952650183,0.0,damaging,WDR87
WDTC1 (23038)_damaging,0,0.0,150.6,8.38450952650183,0.0,damaging,WDTC1
WNK2 (65268)_damaging,0,0.0,150.6,8.38450952650183,0.0,damaging,WNK2
WNT1 (7471)_damaging,0,0.0,150.6,8.38450952650183,0.0,damaging,WNT1
WRN (7486)_damaging,0,0.0,150.6,8.38450952650183,0.0,damaging,WRN
WWP1 (11059)_damaging,0,0.0,150.6,8.38450952650183,0.0,damaging,WWP1
YLPM1 (56252)_damaging,0,0.0,150.6,8.38450952650183,0.0,damaging,YLPM1
ZBTB20 (26137)_damaging,0,0.0,150.6,8.38450952650183,0.0,damaging,ZBTB20
ZBTB7C (201501)_damaging,0,0.0,150.6,8.38450952650183,0.0,damaging,ZBTB7C
ZC3H13 (23091)_damaging,0,0.0,150.6,8.38450952650183,0.0,damaging,ZC3H13
ZC3H18 (124245)_damaging,0,0.0,150.6,8.38450952650183,0.0,damaging,ZC3H18
ZDHHC8 (29801)_damaging,0,0.0,150.6,8.38450952650183,0.0,damaging,ZDHHC8
ZFC3H1 (196441)_damaging,0,0.0,150.6,8.38450952650183,0.0,damaging,ZFC3H1
ZFHX3 (463)_damaging,0,0.0,150.6,8.38450952650183,0.0,damaging,ZFHX3
ZFHX4 (79776)_damaging,0,0.0,150.6,8.38450952650183,0.0,damaging,ZFHX4
ZMYM4 (9202)_damaging,0,0.0,150.6,8.38450952650183,0.0,damaging,ZMYM4
ZNF106 (64397)_damaging,0,0.0,150.6,8.38450952650183,0.0,damaging,ZNF106
ZNF236 (7776)_damaging,0,0.0,150.6,8.38450952650183,0.0,damaging,ZNF236
ZNF292 (23036)_damaging,0,0.0,150.6,8.38450952650183,0.0,damaging,ZNF292
ZNF469 (84627)_damaging,0,0.0,150.6,8.38450952650183,0.0,damaging,ZNF469
ZNF518A (9849)_damaging,0,0.0,150.6,8.38450952650183,0.0,damaging,ZNF518A
ZNF536 (9745)_damaging,0,0.0,150.6,8.38450952650183,0.0,damaging,ZNF536
ZNF609 (23060)_damaging,0,0.0,150.6,8.38450952650183,0.0,damaging,ZNF609
ZNF687 (57592)_damaging,0,0.0,150.6,8.38450952650183,0.0,damaging,ZNF687
ZNF711 (7552)_damaging,0,0.0,150.6,8.38450952650183,0.0,damaging,ZNF711
ZNF804B (219578)_damaging,0,0.0,150.6,8.38450952650183,0.0,damaging,ZNF804B
ZZEF1 (23140)_damaging,0,0.0,150.6,8.38450952650183,0.0,damaging,ZZEF1
ABCG2 (9429)_damaging,0,0.0,151.0,,0.0,damaging,ABCG2
ADAMTS5 (11096)_damaging,0,0.0,151.0,,0.0,damaging,ADAMTS5
ADAMTSL1 (92949)_damaging,0,0.0,151.0,,0.0,damaging,ADAMTSL1
ADGRD2 (347088)_damaging,0,0.0,151.0,,0.0,damaging,ADGRD2
AMER3 (205147)_damaging,0,0.0,151.0,,0.0,damaging,AMER3
AOC1 (26)_damaging,0,0.0,151.0,,0.0,damaging,AOC1
AP1M1 (8907)_damaging,0,0.0,151.0,,0.0,damaging,AP1M1
ARHGAP20 (57569)_damaging,0,0.0,151.0,,0.0,damaging,ARHGAP20
ATP10A (57194)_damaging,0,0.0,151.0,,0.0,damaging,ATP10A
CACNA2D3 (55799)_damaging,0,0.0,151.0,,0.0,damaging,CACNA2D3
CAMTA2 (23125)_damaging,0,0.0,151.0,,0.0,damaging,CAMTA2
CARMIL2 (146206)_damaging,0,0.0,151.0,,0.0,damaging,CARMIL2
CCDC187 (399693)_damaging,0,0.0,151.0,,0.0,damaging,CCDC187
CDON (50937)_damaging,0,0.0,151.0,,0.0,damaging,CDON
CFAP210 (129881)_damaging,0,0.0,151.0,,0.0,damaging,CFAP210
CFAP74 (85452)_damaging,0,0.0,151.0,,0.0,damaging,CFAP74
CNTN3 (5067)_damaging,0,0.0,151.0,,0.0,damaging,CNTN3
DACH2 (117154)_damaging,0,0.0,151.0,,0.0,damaging,DACH2
DENND4B (9909)_damaging,0,0.0,151.0,,0.0,damaging,DENND4B
DPP4 (1803)_damaging,0,0.0,151.0,,0.0,damaging,DPP4
FRRS1 (391059)_damaging,0,0.0,151.0,,0.0,damaging,FRRS1
GAB2 (9846)_damaging,0,0.0,151.0,,0.0,damaging,GAB2
GCC2 (9648)_damaging,0,0.0,151.0,,0.0,damaging,GCC2
GRAMD1B (57476)_damaging,0,0.0,151.0,,0.0,damaging,GRAMD1B
GRIN2D (2906)_damaging,0,0.0,151.0,,0.0,damaging,GRIN2D
HAND2 (9464)_damaging,0,0.0,151.0,,0.0,damaging,HAND2
HEATR1 (55127)_damaging,0,0.0,151.0,,0.0,damaging,HEATR1
HERC5 (51191)_damaging,0,0.0,151.0,,0.0,damaging,HERC5
ITGA2 (3673)_damaging,0,0.0,151.0,,0.0,damaging,ITGA2
ITGAV (3685)_damaging,0,0.0,151.0,,0.0,damaging,ITGAV
KIF6 (221458)_damaging,0,0.0,151.0,,0.0,damaging,KIF6
KLF3 (51274)_damaging,0,0.0,151.0,,0.0,damaging,KLF3
KSR2 (283455)_damaging,0,0.0,151.0,,0.0,damaging,KSR2
MAP4K1 (11184)_damaging,0,0.0,151.0,,0.0,damaging,MAP4K1
MAST4 (375449)_damaging,0,0.0,151.0,,0.0,damaging,MAST4
NTRK3 (4916)_damaging,0,0.0,151.0,,0.0,damaging,NTRK3
PAF1 (54623)_damaging,0,0.0,151.0,,0.0,damaging,PAF1
PARD3 (56288)_damaging,0,0.0,151.0,,0.0,damaging,PARD3
PLEKHA5 (54477)_damaging,0,0.0,151.0,,0.0,damaging,PLEKHA5
RFC1 (5981)_damaging,0,0.0,151.0,,0.0,damaging,RFC1
SETDB1 (9869)_damaging,0,0.0,151.0,,0.0,damaging,SETDB1
STOX2 (56977)_damaging,0,0.0,151.0,,0.0,damaging,STOX2
SYNPO2L (79933)_damaging,0,0.0,151.0,,0.0,damaging,SYNPO2L
SYNRG (11276)_damaging,0,0.0,151.0,,0.0,damaging,SYNRG
TARBP1 (6894)_damaging,0,0.0,151.0,,0.0,damaging,TARBP1
TASOR2 (54906)_damaging,0,0.0,151.0,,0.0,damaging,TASOR2
TLR4 (7099)_damaging,0,0.0,151.0,,0.0,damaging,TLR4
TNNI3K (51086)_damaging,0,0.0,151.0,,0.0,damaging,TNNI3K
TRPC4 (7223)_damaging,0,0.0,151.0,,0.0,damaging,TRPC4
TUT7 (79670)_damaging,0,0.0,151.0,,0.0,damaging,TUT7
UBR2 (23304)_damaging,0,0.0,151.0,,0.0,damaging,UBR2
UGGT2 (55757)_damaging,0,0.0,151.0,,0.0,damaging,UGGT2
URI1 (8725)_damaging,0,0.0,151.0,,0.0,damaging,URI1
ZNF43 (7594)_damaging,0,0.0,151.0,,0.0,damaging,ZNF43
ZNF569 (148266)_damaging,0,0.0,151.0,,0.0,damaging,ZNF569
ADAMTS2 (9509)_damaging,0,0.0,151.33333333333334,11.503622617824929,0.0,damaging,ADAMTS2
AUTS2 (26053)_damaging,0,0.0,151.33333333333334,11.503622617824929,0.0,damaging,AUTS2
CAMTA1 (23261)_damaging,0,0.0,151.33333333333334,11.503622617824929,0.0,damaging,CAMTA1
CDH11 (1009)_damaging,0,0.0,151.33333333333334,11.503622617824929,0.0,damaging,CDH11
CNGB1 (1258)_damaging,0,0.0,151.33333333333334,11.503622617824929,0.0,damaging,CNGB1
CRB1 (23418)_damaging,0,0.0,151.33333333333334,11.503622617824929,0.0,damaging,CRB1
DEUP1 (159989)_damaging,0,0.0,151.33333333333334,11.503622617824929,0.0,damaging,DEUP1
DLC1 (10395)_damaging,0,0.0,151.33333333333334,11.503622617824929,0.0,damaging,DLC1
EGFLAM (133584)_damaging,0,0.0,151.33333333333334,11.503622617824929,0.0,damaging,EGFLAM
EPS8 (2059)_damaging,0,0.0,151.33333333333334,11.503622617824929,0.0,damaging,EPS8
ESF1 (51575)_damaging,0,0.0,151.33333333333334,11.503622617824929,0.0,damaging,ESF1
FOXN3 (1112)_damaging,0,0.0,151.33333333333334,11.503622617824929,0.0,damaging,FOXN3
FUBP3 (8939)_damaging,0,0.0,151.33333333333334,11.503622617824929,0.0,damaging,FUBP3
GALNT13 (114805)_damaging,0,0.0,151.33333333333334,11.503622617824929,0.0,damaging,GALNT13
HNRNPUL1 (11100)_damaging,0,0.0,151.33333333333334,11.503622617824929,0.0,damaging,HNRNPUL1
MUCL3 (135656)_damaging,0,0.0,151.33333333333334,11.503622617824929,0.0,damaging,MUCL3
MYO5B (4645)_damaging,0,0.0,151.33333333333334,11.503622617824929,0.0,damaging,MYO5B
MYPN (84665)_damaging,0,0.0,151.33333333333334,11.503622617824929,0.0,damaging,MYPN
PDZRN4 (29951)_damaging,0,0.0,151.33333333333334,11.503622617824929,0.0,damaging,PDZRN4
PLCB3 (5331)_damaging,0,0.0,151.33333333333334,11.503622617824929,0.0,damaging,PLCB3
POLN (353497)_damaging,0,0.0,151.33333333333334,11.503622617824929,0.0,damaging,POLN
PROX1 (5629)_damaging,0,0.0,151.33333333333334,11.503622617824929,0.0,damaging,PROX1
PSD3 (23362)_damaging,0,0.0,151.33333333333334,11.503622617824929,0.0,damaging,PSD3
R3HDM2 (22864)_damaging,0,0.0,151.33333333333334,11.503622617824929,0.0,damaging,R3HDM2
RGS7 (6000)_damaging,0,0.0,151.33333333333334,11.503622617824929,0.0,damaging,RGS7
SIPA1L1 (26037)_damaging,0,0.0,151.33333333333334,11.503622617824929,0.0,damaging,SIPA1L1
SLCO6A1 (133482)_damaging,0,0.0,151.33333333333334,11.503622617824929,0.0,damaging,SLCO6A1
SMC4 (10051)_damaging,0,0.0,151.33333333333334,11.503622617824929,0.0,damaging,SMC4
STAT6 (6778)_damaging,0,0.0,151.33333333333334,11.503622617824929,0.0,damaging,STAT6
SYNCRIP (10492)_damaging,0,0.0,151.33333333333334,11.503622617824929,0.0,damaging,SYNCRIP
USH1C (10083)_damaging,0,0.0,151.33333333333334,11.503622617824929,0.0,damaging,USH1C
WDR64 (128025)_damaging,0,0.0,151.33333333333334,11.503622617824929,0.0,damaging,WDR64
WDR90 (197335)_damaging,0,0.0,151.33333333333334,11.503622617824929,0.0,damaging,WDR90
ABI3BP (25890)_damaging,0,0.0,151.5,9.398581453247786,0.0,damaging,ABI3BP
ANO6 (196527)_damaging,0,0.0,151.5,16.263455967290593,0.0,damaging,ANO6
ARHGAP30 (257106)_damaging,0,0.0,151.5,0.7071067811865476,0.0,damaging,ARHGAP30
BRD4 (23476)_damaging,0,0.0,151.5,16.263455967290593,0.0,damaging,BRD4
BRIP1 (83990)_damaging,0,0.0,151.5,0.7071067811865476,0.0,damaging,BRIP1
CACNA1D (776)_damaging,0,0.0,151.5,16.263455967290593,0.0,damaging,CACNA1D
CDH8 (1006)_damaging,0,0.0,151.5,9.398581453247786,0.0,damaging,CDH8
CFAP251 (144406)_damaging,0,0.0,151.5,0.7071067811865476,0.0,damaging,CFAP251
CFAP91 (89876)_damaging,0,0.0,151.5,9.398581453247786,0.0,damaging,CFAP91
CHD1 (1105)_damaging,0,0.0,151.5,16.263455967290593,0.0,damaging,CHD1
CILP (8483)_damaging,0,0.0,151.5,16.263455967290593,0.0,damaging,CILP
CRAMP1 (57585)_damaging,0,0.0,151.5,9.398581453247786,0.0,damaging,CRAMP1
DENND2C (163259)_damaging,0,0.0,151.5,0.7071067811865476,0.0,damaging,DENND2C
DNHD1 (144132)_damaging,0,0.0,151.5,9.398581453247786,0.0,damaging,DNHD1
DSCAML1 (57453)_damaging,0,0.0,151.5,9.398581453247786,0.0,damaging,DSCAML1
DSEL (92126)_damaging,0,0.0,151.5,9.398581453247786,0.0,damaging,DSEL
DUOX2 (50506)_damaging,0,0.0,151.5,9.398581453247786,0.0,damaging,DUOX2
EGFR (1956)_hotspot,0,0.0,151.5,9.398581453247786,0.0,hotspot,EGFR
EIF4G3 (8672)_damaging,0,0.0,151.5,16.263455967290593,0.0,damaging,EIF4G3
ENTREP2 (23359)_damaging,0,0.0,151.5,16.263455967290593,0.0,damaging,ENTREP2
EPPK1 (83481)_damaging,0,0.0,151.5,9.398581453247786,0.0,damaging,EPPK1
FREM1 (158326)_damaging,0,0.0,151.5,9.398581453247786,0.0,damaging,FREM1
FRMPD4 (9758)_damaging,0,0.0,151.5,16.263455967290593,0.0,damaging,FRMPD4
GABRA6 (2559)_damaging,0,0.0,151.5,16.263455967290593,0.0,damaging,GABRA6
GCN1 (10985)_damaging,0,0.0,151.5,16.263455967290593,0.0,damaging,GCN1
GON4L (54856)_damaging,0,0.0,151.5,9.398581453247786,0.0,damaging,GON4L
GPATCH8 (23131)_damaging,0,0.0,151.5,16.263455967290593,0.0,damaging,GPATCH8
GPR158 (57512)_damaging,0,0.0,151.5,9.398581453247786,0.0,damaging,GPR158
HECW1 (23072)_damaging,0,0.0,151.5,9.398581453247786,0.0,damaging,HECW1
HIF1A (3091)_damaging,0,0.0,151.5,9.398581453247786,0.0,damaging,HIF1A
HIP1R (9026)_damaging,0,0.0,151.5,16.263455967290593,0.0,damaging,HIP1R
KCNQ2 (3785)_damaging,0,0.0,151.5,16.263455967290593,0.0,damaging,KCNQ2
KCNT2 (343450)_damaging,0,0.0,151.5,9.398581453247786,0.0,damaging,KCNT2
KCP (375616)_damaging,0,0.0,151.5,9.398581453247786,0.0,damaging,KCP
KIAA1217 (56243)_damaging,0,0.0,151.5,16.263455967290593,0.0,damaging,KIAA1217
KLHL1 (57626)_damaging,0,0.0,151.5,9.398581453247786,0.0,damaging,KLHL1
KNL1 (57082)_damaging,0,0.0,151.5,0.7071067811865476,0.0,damaging,KNL1
LAMA4 (3910)_damaging,0,0.0,151.5,16.263455967290593,0.0,damaging,LAMA4
MAGEC1 (9947)_damaging,0,0.0,151.5,16.263455967290593,0.0,damaging,MAGEC1
MAP2K7 (5609)_damaging,0,0.0,151.5,16.263455967290593,0.0,damaging,MAP2K7
MDGA2 (161357)_damaging,0,0.0,151.5,9.398581453247786,0.0,damaging,MDGA2
MEI1 (150365)_damaging,0,0.0,151.5,9.398581453247786,0.0,damaging,MEI1
MMRN1 (22915)_damaging,0,0.0,151.5,9.398581453247786,0.0,damaging,MMRN1
NWD1 (284434)_damaging,0,0.0,151.5,0.7071067811865476,0.0,damaging,NWD1
OR4A15 (81328)_damaging,0,0.0,151.5,16.263455967290593,0.0,damaging,OR4A15
OR51E2 (81285)_damaging,0,0.0,151.5,16.263455967290593,0.0,damaging,OR51E2
PEAK1 (79834)_damaging,0,0.0,151.5,9.398581453247786,0.0,damaging,PEAK1
PKD1L2 (114780)_damaging,0,0.0,151.5,9.398581453247786,0.0,damaging,PKD1L2
PLXDC2 (84898)_damaging,0,0.0,151.5,0.7071067811865476,0.0,damaging,PLXDC2
POLR2B (5431)_damaging,0,0.0,151.5,9.398581453247786,0.0,damaging,POLR2B
PROM2 (150696)_damaging,0,0.0,151.5,16.263455967290593,0.0,damaging,PROM2
RPTOR (57521)_damaging,0,0.0,151.5,9.398581453247786,0.0,damaging,RPTOR
SAMHD1 (25939)_damaging,0,0.0,151.5,9.398581453247786,0.0,damaging,SAMHD1
SHC1 (6464)_damaging,0,0.0,151.5,9.398581453247786,0.0,damaging,SHC1
SLC28A3 (64078)_damaging,0,0.0,151.5,16.263455967290593,0.0,damaging,SLC28A3
SMARCA2 (6595)_damaging,0,0.0,151.5,9.398581453247786,0.0,damaging,SMARCA2
TERT (7015)_damaging,0,0.0,151.5,9.398581453247786,0.0,damaging,TERT
TNK2 (10188)_damaging,0,0.0,151.5,9.398581453247786,0.0,damaging,TNK2
VARS2 (57176)_damaging,0,0.0,151.5,9.398581453247786,0.0,damaging,VARS2
VHL (7428)_hotspot,0,0.0,151.5,9.398581453247786,0.0,hotspot,VHL
WDR72 (256764)_damaging,0,0.0,151.5,16.263455967290593,0.0,damaging,WDR72
ZBBX (79740)_damaging,0,0.0,151.5,16.263455967290593,0.0,damaging,ZBBX
ARHGEF1 (9138)_damaging,0,0.0,151.66666666666666,11.503622617824933,0.0,damaging,ARHGEF1
ARID3B (10620)_damaging,0,0.0,151.66666666666666,11.503622617824933,0.0,damaging,ARID3B
ATP13A5 (344905)_damaging,0,0.0,151.66666666666666,11.503622617824933,0.0,damaging,ATP13A5
CASKIN2 (57513)_damaging,0,0.0,151.66666666666666,11.503622617824933,0.0,damaging,CASKIN2
CBLN2 (147381)_damaging,0,0.0,151.66666666666666,11.503622617824933,0.0,damaging,CBLN2
KIAA0825 (285600)_damaging,0,0.0,151.66666666666666,11.503622617824933,0.0,damaging,KIAA0825
PHACTR1 (221692)_damaging,0,0.0,151.66666666666666,11.503622617824933,0.0,damaging,PHACTR1
PLCH1 (23007)_damaging,0,0.0,151.66666666666666,11.503622617824933,0.0,damaging,PLCH1
SLIT3 (6586)_damaging,0,0.0,151.66666666666666,11.503622617824933,0.0,damaging,SLIT3
UBE3C (9690)_damaging,0,0.0,151.66666666666666,11.503622617824933,0.0,damaging,UBE3C
WDR81 (124997)_damaging,0,0.0,151.66666666666666,11.503622617824933,0.0,damaging,WDR81
ZFPM2 (23414)_damaging,0,0.0,151.66666666666666,11.503622617824933,0.0,damaging,ZFPM2
ALOX12B (242)_damaging,0,0.0,152.0,,0.0,damaging,ALOX12B
ALS2 (57679)_damaging,0,0.0,152.0,,0.0,damaging,ALS2
ANO5 (203859)_damaging,0,0.0,152.0,,0.0,damaging,ANO5
BLTP2 (9703)_damaging,0,0.0,152.0,,0.0,damaging,BLTP2
BRCA2 (675)_hotspot,0,0.0,152.0,,0.0,hotspot,BRCA2
CADPS (8618)_damaging,0,0.0,152.0,,0.0,damaging,CADPS
CCDC40 (55036)_damaging,0,0.0,152.0,,0.0,damaging,CCDC40
FAM131B (9715)_damaging,0,0.0,152.0,,0.0,damaging,FAM131B
GBA2 (57704)_damaging,0,0.0,152.0,,0.0,damaging,GBA2
GGNBP2 (79893)_damaging,0,0.0,152.0,,0.0,damaging,GGNBP2
LBP (3929)_damaging,0,0.0,152.0,,0.0,damaging,LBP
LRIG3 (121227)_damaging,0,0.0,152.0,,0.0,damaging,LRIG3
LTBP4 (8425)_damaging,0,0.0,152.0,,0.0,damaging,LTBP4
MTCL2 (140710)_damaging,0,0.0,152.0,,0.0,damaging,MTCL2
NCAPD2 (9918)_damaging,0,0.0,152.0,,0.0,damaging,NCAPD2
NKTR (4820)_damaging,0,0.0,152.0,,0.0,damaging,NKTR
PCDHB4 (56131)_damaging,0,0.0,152.0,,0.0,damaging,PCDHB4
PLEKHH3 (79990)_damaging,0,0.0,152.0,,0.0,damaging,PLEKHH3
PLEKHM1 (9842)_damaging,0,0.0,152.0,,0.0,damaging,PLEKHM1
TBC1D4 (9882)_damaging,0,0.0,152.0,,0.0,damaging,TBC1D4
TRIB3 (57761)_damaging,0,0.0,152.0,,0.0,damaging,TRIB3
XPO4 (64328)_damaging,0,0.0,152.0,,0.0,damaging,XPO4
ZNF722 (100419780)_damaging,0,0.0,152.0,,0.0,damaging,ZNF722
ADAM23 (8745)_damaging,0,0.0,153.25,6.849574196011509,0.0,damaging,ADAM23
ATM (472)_hotspot,0,0.0,153.25,6.849574196011509,0.0,hotspot,ATM
AXIN2 (8313)_damaging,0,0.0,153.25,6.849574196011509,0.0,damaging,AXIN2
CCDC7 (79741)_damaging,0,0.0,153.25,6.849574196011509,0.0,damaging,CCDC7
DOCK11 (139818)_damaging,0,0.0,153.25,6.849574196011509,0.0,damaging,DOCK11
ERBB2 (2064)_hotspot,0,0.0,153.25,6.849574196011509,0.0,hotspot,ERBB2
FAM83B (222584)_damaging,0,0.0,153.25,6.849574196011509,0.0,damaging,FAM83B
FKBP15 (23307)_damaging,0,0.0,153.25,6.849574196011509,0.0,damaging,FKBP15
FNIP1 (96459)_damaging,0,0.0,153.25,6.849574196011509,0.0,damaging,FNIP1
FRMD4A (55691)_damaging,0,0.0,153.25,6.849574196011509,0.0,damaging,FRMD4A
GUCY2C (2984)_damaging,0,0.0,153.25,6.849574196011509,0.0,damaging,GUCY2C
HDAC2 (3066)_damaging,0,0.0,153.25,6.849574196011509,0.0,damaging,HDAC2
HPS3 (84343)_damaging,0,0.0,153.25,6.849574196011509,0.0,damaging,HPS3
ITPR3 (3710)_damaging,0,0.0,153.25,6.849574196011509,0.0,damaging,ITPR3
KDM5C (8242)_damaging,0,0.0,153.25,6.849574196011509,0.0,damaging,KDM5C
LEPR (3953)_damaging,0,0.0,153.25,6.849574196011509,0.0,damaging,LEPR
MIA2 (4253)_damaging,0,0.0,153.25,6.849574196011509,0.0,damaging,MIA2
MME (4311)_damaging,0,0.0,153.25,6.849574196011509,0.0,damaging,MME
MUC12 (10071)_damaging,0,0.0,153.25,6.849574196011509,0.0,damaging,MUC12
MYO18A (399687)_damaging,0,0.0,153.25,6.849574196011509,0.0,damaging,MYO18A
NSD3 (54904)_damaging,0,0.0,153.25,6.849574196011509,0.0,damaging,NSD3
OVCH1 (341350)_damaging,0,0.0,153.25,6.849574196011509,0.0,damaging,OVCH1
PCDH19 (57526)_damaging,0,0.0,153.25,6.849574196011509,0.0,damaging,PCDH19
RBBP6 (5930)_damaging,0,0.0,153.25,6.849574196011509,0.0,damaging,RBBP6
SALL1 (6299)_damaging,0,0.0,153.25,6.849574196011509,0.0,damaging,SALL1
SCN1A (6323)_damaging,0,0.0,153.25,6.849574196011509,0.0,damaging,SCN1A
SLCO5A1 (81796)_damaging,0,0.0,153.25,6.849574196011509,0.0,damaging,SLCO5A1
SLX4 (84464)_damaging,0,0.0,153.25,6.849574196011509,0.0,damaging,SLX4
SOX9 (6662)_damaging,0,0.0,153.25,6.849574196011509,0.0,damaging,SOX9
SPHK1 (8877)_damaging,0,0.0,153.25,6.849574196011509,0.0,damaging,SPHK1
ST18 (9705)_damaging,0,0.0,153.25,6.849574196011509,0.0,damaging,ST18
TFE3 (7030)_damaging,0,0.0,153.25,6.849574196011509,0.0,damaging,TFE3
TMC1 (117531)_damaging,0,0.0,153.25,6.849574196011509,0.0,damaging,TMC1
TTC6 (319089)_damaging,0,0.0,153.25,6.849574196011509,0.0,damaging,TTC6
UNC5D (137970)_damaging,0,0.0,153.25,6.849574196011509,0.0,damaging,UNC5D
USP16 (10600)_damaging,0,0.0,153.25,6.849574196011509,0.0,damaging,USP16
VWA3B (200403)_damaging,0,0.0,153.25,6.849574196011509,0.0,damaging,VWA3B
WNK3 (65267)_damaging,0,0.0,153.25,6.849574196011509,0.0,damaging,WNK3
XRN1 (54464)_damaging,0,0.0,153.25,6.849574196011509,0.0,damaging,XRN1
ZNF638 (27332)_damaging,0,0.0,153.25,6.849574196011509,0.0,damaging,ZNF638
ADAMTS19 (171019)_damaging,0,0.0,153.66666666666666,8.326663997864529,0.0,damaging,ADAMTS19
ADCY8 (114)_damaging,0,0.0,153.66666666666666,8.326663997864529,0.0,damaging,ADCY8
ARHGEF40 (55701)_damaging,0,0.0,153.66666666666666,8.326663997864529,0.0,damaging,ARHGEF40
C2orf42 (54980)_damaging,0,0.0,153.66666666666666,8.326663997864529,0.0,damaging,C2orf42
CACNA1B (774)_damaging,0,0.0,153.66666666666666,8.326663997864529,0.0,damaging,CACNA1B
CCDC9B (388115)_damaging,0,0.0,153.66666666666666,8.326663997864529,0.0,damaging,CCDC9B
CD93 (22918)_damaging,0,0.0,153.66666666666666,8.326663997864529,0.0,damaging,CD93
CLUH (23277)_damaging,0,0.0,153.66666666666666,8.326663997864529,0.0,damaging,CLUH
DHX29 (54505)_damaging,0,0.0,153.66666666666666,8.326663997864529,0.0,damaging,DHX29
ESCO1 (114799)_damaging,0,0.0,153.66666666666666,8.326663997864529,0.0,damaging,ESCO1
FIGNL1 (63979)_damaging,0,0.0,153.66666666666666,8.326663997864529,0.0,damaging,FIGNL1
GRIA2 (2891)_damaging,0,0.0,153.66666666666666,8.326663997864529,0.0,damaging,GRIA2
GRM1 (2911)_damaging,0,0.0,153.66666666666666,8.326663997864529,0.0,damaging,GRM1
HIVEP3 (59269)_damaging,0,0.0,153.66666666666666,8.326663997864529,0.0,damaging,HIVEP3
HOXB3 (3213)_damaging,0,0.0,153.66666666666666,8.326663997864529,0.0,damaging,HOXB3
KCNH8 (131096)_damaging,0,0.0,153.66666666666666,8.326663997864529,0.0,damaging,KCNH8
LUZP1 (7798)_damaging,0,0.0,153.66666666666666,8.326663997864529,0.0,damaging,LUZP1
MED15 (51586)_damaging,0,0.0,153.66666666666666,8.326663997864529,0.0,damaging,MED15
MFRP (83552)_damaging,0,0.0,153.66666666666666,8.326663997864529,0.0,damaging,MFRP
NFRKB (4798)_damaging,0,0.0,153.66666666666666,8.326663997864529,0.0,damaging,NFRKB
NOS1 (4842)_damaging,0,0.0,153.66666666666666,8.326663997864529,0.0,damaging,NOS1
PHF2 (5253)_damaging,0,0.0,153.66666666666666,8.326663997864529,0.0,damaging,PHF2
PIK3R3 (8503)_damaging,0,0.0,153.66666666666666,8.326663997864529,0.0,damaging,PIK3R3
PRR14L (253143)_damaging,0,0.0,153.66666666666666,8.326663997864529,0.0,damaging,PRR14L
PTPN12 (5782)_damaging,0,0.0,153.66666666666666,8.326663997864529,0.0,damaging,PTPN12
RASA2 (5922)_damaging,0,0.0,153.66666666666666,8.326663997864529,0.0,damaging,RASA2
SCLT1 (132320)_damaging,0,0.0,153.66666666666666,8.326663997864529,0.0,damaging,SCLT1
SCN10A (6336)_damaging,0,0.0,153.66666666666666,8.326663997864529,0.0,damaging,SCN10A
SKIC3 (9652)_damaging,0,0.0,153.66666666666666,8.326663997864529,0.0,damaging,SKIC3
SLF2 (55719)_damaging,0,0.0,153.66666666666666,8.326663997864529,0.0,damaging,SLF2
SORBS2 (8470)_damaging,0,0.0,153.66666666666666,8.326663997864529,0.0,damaging,SORBS2
STXBP5 (134957)_damaging,0,0.0,153.66666666666666,8.326663997864529,0.0,damaging,STXBP5
TNIK (23043)_damaging,0,0.0,153.66666666666666,8.326663997864529,0.0,damaging,TNIK
TPO (7173)_damaging,0,0.0,153.66666666666666,8.326663997864529,0.0,damaging,TPO
USP8 (9101)_damaging,0,0.0,153.66666666666666,8.326663997864529,0.0,damaging,USP8
WAPL (23063)_damaging,0,0.0,153.66666666666666,8.326663997864529,0.0,damaging,WAPL
ZMYM6 (9204)_damaging,0,0.0,153.66666666666666,8.326663997864529,0.0,damaging,ZMYM6
ABCA2 (20)_damaging,0,0.0,154.0,8.18535277187245,0.0,damaging,ABCA2
AFF4 (27125)_damaging,0,0.0,154.0,8.18535277187245,0.0,damaging,AFF4
BLTP3A (54887)_damaging,0,0.0,154.0,8.18535277187245,0.0,damaging,BLTP3A
CLASP1 (23332)_damaging,0,0.0,154.0,8.18535277187245,0.0,damaging,CLASP1
EMILIN1 (11117)_damaging,0,0.0,154.0,8.18535277187245,0.0,damaging,EMILIN1
ERBB3 (2065)_hotspot,0,0.0,154.0,8.18535277187245,0.0,hotspot,ERBB3
FANCA (2175)_damaging,0,0.0,154.0,8.18535277187245,0.0,damaging,FANCA
JAKMIP1 (152789)_damaging,0,0.0,154.0,8.18535277187245,0.0,damaging,JAKMIP1
MAP3K21 (84451)_damaging,0,0.0,154.0,8.18535277187245,0.0,damaging,MAP3K21
NUMA1 (4926)_damaging,0,0.0,154.0,8.18535277187245,0.0,damaging,NUMA1
TGM6 (343641)_damaging,0,0.0,154.0,8.18535277187245,0.0,damaging,TGM6
TRPM4 (54795)_damaging,0,0.0,154.0,8.18535277187245,0.0,damaging,TRPM4
TRPM7 (54822)_damaging,0,0.0,154.0,8.18535277187245,0.0,damaging,TRPM7
TTC14 (151613)_damaging,0,0.0,154.0,8.18535277187245,0.0,damaging,TTC14
WWC2 (80014)_damaging,0,0.0,154.0,8.18535277187245,0.0,damaging,WWC2
AK5 (26289)_damaging,0,0.0,155.0,11.313708498984761,0.0,damaging,AK5
ANO3 (63982)_damaging,0,0.0,155.0,11.313708498984761,0.0,damaging,ANO3
ARAP3 (64411)_damaging,0,0.0,155.0,11.313708498984761,0.0,damaging,ARAP3
B3GNT5 (84002)_damaging,0,0.0,155.0,11.313708498984761,0.0,damaging,B3GNT5
CCDC171 (203238)_damaging,0,0.0,155.0,11.313708498984761,0.0,damaging,CCDC171
DOCK10 (55619)_damaging,0,0.0,155.0,11.313708498984761,0.0,damaging,DOCK10
EGF (1950)_damaging,0,0.0,155.0,11.313708498984761,0.0,damaging,EGF
FIRRM (55732)_damaging,0,0.0,155.0,11.313708498984761,0.0,damaging,FIRRM
GOLGA3 (2802)_damaging,0,0.0,155.0,11.313708498984761,0.0,damaging,GOLGA3
GRIA4 (2893)_damaging,0,0.0,155.0,11.313708498984761,0.0,damaging,GRIA4
HPS5 (11234)_damaging,0,0.0,155.0,11.313708498984761,0.0,damaging,HPS5
IQGAP2 (10788)_damaging,0,0.0,155.0,11.313708498984761,0.0,damaging,IQGAP2
KLHL41 (10324)_damaging,0,0.0,155.0,11.313708498984761,0.0,damaging,KLHL41
MCTP1 (79772)_damaging,0,0.0,155.0,11.313708498984761,0.0,damaging,MCTP1
MICAL2 (9645)_damaging,0,0.0,155.0,11.313708498984761,0.0,damaging,MICAL2
MLLT10 (8028)_damaging,0,0.0,155.0,11.313708498984761,0.0,damaging,MLLT10
MYH14 (79784)_damaging,0,0.0,155.0,11.313708498984761,0.0,damaging,MYH14
PIK3C2G (5288)_damaging,0,0.0,155.0,11.313708498984761,0.0,damaging,PIK3C2G
PRR14 (78994)_damaging,0,0.0,155.0,11.313708498984761,0.0,damaging,PRR14
PRRC2C (23215)_damaging,0,0.0,155.0,11.313708498984761,0.0,damaging,PRRC2C
SAGE1 (55511)_damaging,0,0.0,155.0,11.313708498984761,0.0,damaging,SAGE1
SPRED1 (161742)_damaging,0,0.0,155.0,11.313708498984761,0.0,damaging,SPRED1
SUZ12 (23512)_damaging,0,0.0,155.0,11.313708498984761,0.0,damaging,SUZ12
TRPM2 (7226)_damaging,0,0.0,155.0,11.313708498984761,0.0,damaging,TRPM2
ZNF429 (353088)_damaging,0,0.0,155.0,11.313708498984761,0.0,damaging,ZNF429
ZNF90 (7643)_damaging,0,0.0,155.0,11.313708498984761,0.0,damaging,ZNF90
ZNF99 (7652)_damaging,0,0.0,155.0,11.313708498984761,0.0,damaging,ZNF99
AHDC1 (27245)_damaging,0,0.0,155.33333333333334,6.658328118479394,0.0,damaging,AHDC1
CYP7A1 (1581)_damaging,0,0.0,155.33333333333334,6.658328118479394,0.0,damaging,CYP7A1
DGKB (1607)_damaging,0,0.0,155.33333333333334,6.658328118479394,0.0,damaging,DGKB
DIP2B (57609)_damaging,0,0.0,155.33333333333334,6.658328118479394,0.0,damaging,DIP2B
GALC (2581)_damaging,0,0.0,155.33333333333334,6.658328118479394,0.0,damaging,GALC
GRID2 (2895)_damaging,0,0.0,155.33333333333334,6.658328118479394,0.0,damaging,GRID2
GRIN2B (2904)_damaging,0,0.0,155.33333333333334,6.658328118479394,0.0,damaging,GRIN2B
HCFC2 (29915)_damaging,0,0.0,155.33333333333334,6.658328118479394,0.0,damaging,HCFC2
MYO3A (53904)_damaging,0,0.0,155.33333333333334,6.658328118479394,0.0,damaging,MYO3A
ODAD2 (55130)_damaging,0,0.0,155.33333333333334,6.658328118479394,0.0,damaging,ODAD2
PARP10 (84875)_damaging,0,0.0,155.33333333333334,6.658328118479394,0.0,damaging,PARP10
PIK3C2A (5286)_damaging,0,0.0,155.33333333333334,6.658328118479394,0.0,damaging,PIK3C2A
SEL1L2 (80343)_damaging,0,0.0,155.33333333333334,6.658328118479394,0.0,damaging,SEL1L2
VWA5B2 (90113)_damaging,0,0.0,155.33333333333334,6.658328118479394,0.0,damaging,VWA5B2
ZNF521 (25925)_damaging,0,0.0,155.33333333333334,6.658328118479394,0.0,damaging,ZNF521
ADCY10 (55811)_damaging,0,0.0,157.0,8.48528137423857,0.0,damaging,ADCY10
AGGF1 (55109)_damaging,0,0.0,157.0,8.48528137423857,0.0,damaging,AGGF1
ANKRD36 (375248)_damaging,0,0.0,157.0,8.48528137423857,0.0,damaging,ANKRD36
ARHGAP23 (57636)_damaging,0,0.0,157.0,8.48528137423857,0.0,damaging,ARHGAP23
ARHGAP24 (83478)_damaging,0,0.0,157.0,8.48528137423857,0.0,damaging,ARHGAP24
CARD14 (79092)_damaging,0,0.0,157.0,8.48528137423857,0.0,damaging,CARD14
CD109 (135228)_damaging,0,0.0,157.0,8.48528137423857,0.0,damaging,CD109
CRLF1 (9244)_damaging,0,0.0,157.0,8.48528137423857,0.0,damaging,CRLF1
DIAPH3 (81624)_damaging,0,0.0,157.0,8.48528137423857,0.0,damaging,DIAPH3
EGR2 (1959)_damaging,0,0.0,157.0,8.48528137423857,0.0,damaging,EGR2
HDAC9 (9734)_damaging,0,0.0,157.0,8.48528137423857,0.0,damaging,HDAC9
LOXL4 (84171)_damaging,0,0.0,157.0,8.48528137423857,0.0,damaging,LOXL4
PAN3 (255967)_damaging,0,0.0,157.0,8.48528137423857,0.0,damaging,PAN3
PHF21A (51317)_damaging,0,0.0,157.0,8.48528137423857,0.0,damaging,PHF21A
PHLDB2 (90102)_damaging,0,0.0,157.0,8.48528137423857,0.0,damaging,PHLDB2
PLD1 (5337)_damaging,0,0.0,157.0,8.48528137423857,0.0,damaging,PLD1
POSTN (10631)_damaging,0,0.0,157.0,8.48528137423857,0.0,damaging,POSTN
SHROOM2 (357)_damaging,0,0.0,157.0,8.48528137423857,0.0,damaging,SHROOM2
SLC6A19 (340024)_damaging,0,0.0,157.0,8.48528137423857,0.0,damaging,SLC6A19
SNHG14 (104472715)_damaging,0,0.0,157.0,8.48528137423857,0.0,damaging,SNHG14
SPAG6 (9576)_damaging,0,0.0,157.0,8.48528137423857,0.0,damaging,SPAG6
VWA5B1 (127731)_damaging,0,0.0,157.0,8.48528137423857,0.0,damaging,VWA5B1
ZNF407 (55628)_damaging,0,0.0,157.0,8.48528137423857,0.0,damaging,ZNF407
ZSWIM6 (57688)_damaging,0,0.0,157.0,8.48528137423857,0.0,damaging,ZSWIM6
ANKHD1 (54882)_damaging,0,0.0,157.5,7.7781745930520225,0.0,damaging,ANKHD1
AP3B2 (8120)_damaging,0,0.0,157.5,7.7781745930520225,0.0,damaging,AP3B2
COL6A6 (131873)_damaging,0,0.0,157.5,7.7781745930520225,0.0,damaging,COL6A6
CORO7 (79585)_damaging,0,0.0,157.5,7.7781745930520225,0.0,damaging,CORO7
DDC (1644)_damaging,0,0.0,157.5,7.7781745930520225,0.0,damaging,DDC
DLG5 (9231)_damaging,0,0.0,157.5,7.7781745930520225,0.0,damaging,DLG5
DNA2 (1763)_damaging,0,0.0,157.5,7.7781745930520225,0.0,damaging,DNA2
GIGYF2 (26058)_damaging,0,0.0,157.5,7.7781745930520225,0.0,damaging,GIGYF2
ITGA1 (3672)_damaging,0,0.0,157.5,7.7781745930520225,0.0,damaging,ITGA1
MSH4 (4438)_damaging,0,0.0,157.5,7.7781745930520225,0.0,damaging,MSH4
PCDHB6 (56130)_damaging,0,0.0,157.5,7.7781745930520225,0.0,damaging,PCDHB6
TTF1 (7270)_damaging,0,0.0,157.5,7.7781745930520225,0.0,damaging,TTF1
COL21A1 (81578)_damaging,0,0.00022276430560814512,161.0,,0.0,damaging,COL21A1
ABCA1 (19)_damaging,0,0.0,163.0,,0.0,damaging,ABCA1
ADAMTS18 (170692)_damaging,0,0.0,163.0,,0.0,damaging,ADAMTS18
ADAR (103)_damaging,0,0.0,163.0,,0.0,damaging,ADAR
ATP10D (57205)_damaging,0,0.0,163.0,,0.0,damaging,ATP10D
BRD10 (158358)_damaging,0,0.0,163.0,,0.0,damaging,BRD10
CCDC18 (343099)_damaging,0,0.0,163.0,,0.0,damaging,CCDC18
CDAN1 (146059)_damaging,0,0.0,163.0,,0.0,damaging,CDAN1
CEP120 (153241)_damaging,0,0.0,163.0,,0.0,damaging,CEP120
CFAP44 (55779)_damaging,0,0.0,163.0,,0.0,damaging,CFAP44
CKAP5 (9793)_damaging,0,0.0,163.0,,0.0,damaging,CKAP5
CTNND2 (1501)_damaging,0,0.0,163.0,,0.0,damaging,CTNND2
CWF19L2 (143884)_damaging,0,0.0,163.0,,0.0,damaging,CWF19L2
DNAI3 (126820)_damaging,0,0.0,163.0,,0.0,damaging,DNAI3
ERICH6B (220081)_damaging,0,0.0,163.0,,0.0,damaging,ERICH6B
ETV6 (2120)_damaging,0,0.0,163.0,,0.0,damaging,ETV6
EYA1 (2138)_damaging,0,0.0,163.0,,0.0,damaging,EYA1
FBXO38 (81545)_damaging,0,0.0,163.0,,0.0,damaging,FBXO38
FEZF2 (55079)_damaging,0,0.0,163.0,,0.0,damaging,FEZF2
FIP1L1 (81608)_damaging,0,0.0,163.0,,0.0,damaging,FIP1L1
FOXK2 (3607)_damaging,0,0.0,163.0,,0.0,damaging,FOXK2
FOXO1 (2308)_damaging,0,0.0,163.0,,0.0,damaging,FOXO1
GBP1 (2633)_damaging,0,0.0,163.0,,0.0,damaging,GBP1
GREB1L (80000)_damaging,0,0.0,163.0,,0.0,damaging,GREB1L
HLA-DRB5 (3127)_damaging,0,0.0,163.0,,0.0,damaging,HLA-DRB5
INPP4B (8821)_damaging,0,0.0,163.0,,0.0,damaging,INPP4B
INTS2 (57508)_damaging,0,0.0,163.0,,0.0,damaging,INTS2
KLHDC7B (113730)_damaging,0,0.0,163.0,,0.0,damaging,KLHDC7B
LHCGR (3973)_damaging,0,0.0,163.0,,0.0,damaging,LHCGR
MAGI3 (260425)_damaging,0,0.0,163.0,,0.0,damaging,MAGI3
MAP2K4 (6416)_damaging,0,0.0,163.0,,0.0,damaging,MAP2K4
MAP4K4 (9448)_damaging,0,0.0,163.0,,0.0,damaging,MAP4K4
MARF1 (9665)_damaging,0,0.0,163.0,,0.0,damaging,MARF1
MIS18BP1 (55320)_damaging,0,0.0,163.0,,0.0,damaging,MIS18BP1
MRPS10 (55173)_damaging,0,0.0,163.0,,0.0,damaging,MRPS10
MTIF2 (4528)_damaging,0,0.0,163.0,,0.0,damaging,MTIF2
MYH6 (4624)_damaging,0,0.0,163.0,,0.0,damaging,MYH6
MYO9B (4650)_damaging,0,0.0,163.0,,0.0,damaging,MYO9B
NDST4 (64579)_damaging,0,0.0,163.0,,0.0,damaging,NDST4
OTUD7B (56957)_damaging,0,0.0,163.0,,0.0,damaging,OTUD7B
PASD1 (139135)_damaging,0,0.0,163.0,,0.0,damaging,PASD1
PCCA (5095)_damaging,0,0.0,163.0,,0.0,damaging,PCCA
PCSK1 (5122)_damaging,0,0.0,163.0,,0.0,damaging,PCSK1
PHKA1 (5255)_damaging,0,0.0,163.0,,0.0,damaging,PHKA1
PI4KA (5297)_damaging,0,0.0,163.0,,0.0,damaging,PI4KA
PPP2R1A (5518)_damaging,0,0.0,163.0,,0.0,damaging,PPP2R1A
PPP2R3B (28227)_damaging,0,0.0,163.0,,0.0,damaging,PPP2R3B
PRAG1 (157285)_damaging,0,0.0,163.0,,0.0,damaging,PRAG1
PSME4 (23198)_damaging,0,0.0,163.0,,0.0,damaging,PSME4
PTK7 (5754)_damaging,0,0.0,163.0,,0.0,damaging,PTK7
PZP (5858)_damaging,0,0.0,163.0,,0.0,damaging,PZP
RANBP2 (5903)_damaging,0,0.0,163.0,,0.0,damaging,RANBP2
RCBTB2 (1102)_damaging,0,0.0,163.0,,0.0,damaging,RCBTB2
REV1 (51455)_damaging,0,0.0,163.0,,0.0,damaging,REV1
RFX5 (5993)_damaging,0,0.0,163.0,,0.0,damaging,RFX5
RGL2 (5863)_damaging,0,0.0,163.0,,0.0,damaging,RGL2
RICTOR (253260)_damaging,0,0.0,163.0,,0.0,damaging,RICTOR
RIPOR3 (140876)_damaging,0,0.0,163.0,,0.0,damaging,RIPOR3
RPGRIP1 (57096)_damaging,0,0.0,163.0,,0.0,damaging,RPGRIP1
SCN8A (6334)_damaging,0,0.0,163.0,,0.0,damaging,SCN8A
SERHL2 (253190)_damaging,0,0.0,163.0,,0.0,damaging,SERHL2
SHROOM4 (57477)_damaging,0,0.0,163.0,,0.0,damaging,SHROOM4
SLC26A5 (375611)_damaging,0,0.0,163.0,,0.0,damaging,SLC26A5
SMC5 (23137)_damaging,0,0.0,163.0,,0.0,damaging,SMC5
SOBP (55084)_damaging,0,0.0,163.0,,0.0,damaging,SOBP
SPOCD1 (90853)_damaging,0,0.0,163.0,,0.0,damaging,SPOCD1
SPTB (6710)_damaging,0,0.0,163.0,,0.0,damaging,SPTB
SSH2 (85464)_damaging,0,0.0,163.0,,0.0,damaging,SSH2
SYNJ1 (8867)_damaging,0,0.0,163.0,,0.0,damaging,SYNJ1
TAF4 (6874)_damaging,0,0.0,163.0,,0.0,damaging,TAF4
TJP1 (7082)_damaging,0,0.0,163.0,,0.0,damaging,TJP1
TMPRSS6 (164656)_damaging,0,0.0,163.0,,0.0,damaging,TMPRSS6
TRPC5 (7224)_damaging,0,0.0,163.0,,0.0,damaging,TRPC5
UMODL1 (89766)_damaging,0,0.0,163.0,,0.0,damaging,UMODL1
USF3 (205717)_damaging,0,0.0,163.0,,0.0,damaging,USF3
USP31 (57478)_damaging,0,0.0,163.0,,0.0,damaging,USP31
USP43 (124739)_damaging,0,0.0,163.0,,0.0,damaging,USP43
VILL (50853)_damaging,0,0.0,163.0,,0.0,damaging,VILL
WSCD1 (23302)_damaging,0,0.0,163.0,,0.0,damaging,WSCD1
ZFHX2 (85446)_damaging,0,0.0,163.0,,0.0,damaging,ZFHX2
