feature,n_folds_selected,mean_importance,mean_rank,rank_std,selection_freq,kind,gene
SIG:T[C>G]A,5,0.016176731715726162,2.6,1.6733200530681511,1.0,damaging,SIG:T[C>G]A
SIG:T[C>A]C,5,0.015954351808225957,2.8,1.6431676725154984,1.0,damaging,SIG:T[C>A]C
SIG:T[C>G]C,5,0.01545617064572526,3.4,1.6733200530681511,1.0,damaging,SIG:T[C>G]C
SIG:T[C>T]A,5,0.015095972592374518,3.8,2.16794833886788,1.0,damaging,SIG:T[C>T]A
TP53 (7157)_damaging,5,0.015642551112638986,4.2,2.4899799195977463,1.0,damaging,TP53
SIG:T[C>G]T,5,0.014240892803032817,5.4,2.3021728866442674,1.0,damaging,SIG:T[C>G]T
SIG:A[C>T]G,5,0.013294602549578713,7.2,1.7888543819998317,1.0,damaging,SIG:A[C>T]G
SIG:G[C>T]C,5,0.012316587220836218,9.0,3.0,1.0,damaging,SIG:G[C>T]C
SIG:A[T>C]G,5,0.011810209567474065,11.6,3.5777087639996634,1.0,damaging,SIG:A[T>C]G
SIG:T[C>T]T,5,0.011766473151820727,12.2,6.300793600809346,1.0,damaging,SIG:T[C>T]T
SIG:C[C>T]G,5,0.011270690100430972,13.6,3.847076812334269,1.0,damaging,SIG:C[C>T]G
SIG:G[C>A]A,5,0.011158106460347355,14.4,4.159326868617084,1.0,damaging,SIG:G[C>A]A
SIG:T[C>A]T,5,0.010870911747588807,16.0,4.949747468305833,1.0,damaging,SIG:T[C>A]T
SIG:C[T>C]G,5,0.010665741562208512,17.8,1.7888543819998317,1.0,damaging,SIG:C[T>C]G
SIG:A[C>A]A,5,0.01067545738462072,18.0,5.830951894845301,1.0,damaging,SIG:A[C>A]A
SIG:A[C>T]A,5,0.010283439344034553,20.0,6.96419413859206,1.0,damaging,SIG:A[C>T]A
SIG:C[C>G]T,5,0.010404283731581162,20.8,6.534523701081817,1.0,damaging,SIG:C[C>G]T
SIG:T[C>A]A,5,0.010389678612259935,20.8,5.932958789676531,1.0,damaging,SIG:T[C>A]A
SIG:T[C>T]G,5,0.010212471164371911,22.0,3.807886552931954,1.0,damaging,SIG:T[C>T]G
SIG:T[C>T]C,5,0.009676766153711118,24.8,3.271085446759225,1.0,damaging,SIG:T[C>T]C
SIG:G[T>A]G,4,0.011050995235026555,18.0,12.82575533838066,0.8,damaging,SIG:G[T>A]G
SIG:A[C>A]C,4,0.010588863101770646,20.0,8.426149773176359,0.8,damaging,SIG:A[C>A]C
SIG:G[C>T]G,4,0.010330029174830588,20.0,9.772410142846033,0.8,damaging,SIG:G[C>T]G
SIG:G[C>T]A,4,0.010140338101021001,21.2,8.814760348415605,0.8,damaging,SIG:G[C>T]A
SIG:C[C>T]A,4,0.009980822223567883,24.4,12.441864811996632,0.8,damaging,SIG:C[C>T]A
SIG:G[C>T]T,4,0.009664213239188677,24.8,5.263078946776307,0.8,damaging,SIG:G[C>T]T
SIG:A[C>T]C,4,0.009697285871416944,25.4,6.348228099241551,0.8,damaging,SIG:A[C>T]C
SIG:A[C>G]C,4,0.009294953433998355,30.6,14.363147287415806,0.8,damaging,SIG:A[C>G]C
SIG:C[T>A]T,3,0.009989239480096734,25.6,11.674759098157015,0.6,damaging,SIG:C[T>A]T
SIG:G[C>A]T,3,0.00919363896979853,31.0,8.94427190999916,0.6,damaging,SIG:G[C>A]T
SIG:C[C>T]C,2,0.008727044573009959,36.2,8.043631020876083,0.4,damaging,SIG:C[C>T]C
SIG:T[C>G]G,2,0.008626429620152051,44.8,22.208106627986098,0.4,damaging,SIG:T[C>G]G
SIG:A[T>C]C,1,0.008720542502258588,37.6,8.049844718999244,0.2,damaging,SIG:A[T>C]C
SIG:G[C>A]C,1,0.00870844649944739,38.0,7.176350047203662,0.2,damaging,SIG:G[C>A]C
SIG:G[T>C]A,1,0.008724431966194629,38.4,9.44986772394196,0.2,damaging,SIG:G[T>C]A
SIG:C[C>A]A,1,0.008519521263854113,39.6,12.660963628413123,0.2,damaging,SIG:C[C>A]A
SIG:T[T>A]C,1,0.008463492341836857,43.8,15.22169504358828,0.2,damaging,SIG:T[T>A]C
SIG:G[T>C]G,1,0.008225600060674689,44.6,11.865917579353061,0.2,damaging,SIG:G[T>C]G
TP53 (7157)_hotspot,1,0.007013884876254707,69.8,30.678983033992505,0.2,hotspot,TP53
SIG:C[T>A]A,1,0.006838338360892604,71.2,23.731835158706122,0.2,damaging,SIG:C[T>A]A
SIG:G[T>C]C,0,0.008633197279148592,38.0,5.70087712549569,0.0,damaging,SIG:G[T>C]C
SIG:C[T>C]C,0,0.0085462486649823,38.6,5.504543577809154,0.0,damaging,SIG:C[T>C]C
SIG:G[T>G]G,0,0.008539483087799225,40.8,5.35723809439155,0.0,damaging,SIG:G[T>G]G
SIG:C[C>A]T,0,0.00839489693408713,41.2,4.266145801540309,0.0,damaging,SIG:C[C>A]T
SIG:G[T>C]T,0,0.008385963527816537,41.6,8.532291603080617,0.0,damaging,SIG:G[T>C]T
SIG:A[C>T]T,0,0.008368615097932186,42.8,5.890670590009256,0.0,damaging,SIG:A[C>T]T
SIG:C[C>A]C,0,0.008224372283154199,44.2,7.854934754662192,0.0,damaging,SIG:C[C>A]C
SIG:C[C>T]T,0,0.008302189433458701,44.2,9.884331034521255,0.0,damaging,SIG:C[C>T]T
SIG:A[T>C]T,0,0.008182165640215306,45.8,13.718600511714014,0.0,damaging,SIG:A[T>C]T
SIG:A[T>C]A,0,0.008109125881121991,47.0,4.527692569068709,0.0,damaging,SIG:A[T>C]A
SIG:C[T>A]C,0,0.008069615035198058,48.0,13.820274961085254,0.0,damaging,SIG:C[T>A]C
SIG:G[C>G]T,0,0.008035309237390735,49.6,11.193748255164577,0.0,damaging,SIG:G[C>G]T
SIG:T[C>A]G,0,0.007982206765145685,50.6,11.717508267545623,0.0,damaging,SIG:T[C>A]G
SIG:C[T>A]G,0,0.0078005251217144415,52.4,14.188023118109161,0.0,damaging,SIG:C[T>A]G
SIG:A[C>A]T,0,0.007743018533586786,53.6,12.320714265009151,0.0,damaging,SIG:A[C>A]T
SIG:C[T>C]T,0,0.007746677059102284,54.4,6.348228099241551,0.0,damaging,SIG:C[T>C]T
SIG:A[C>G]T,0,0.0075929706359101875,57.4,8.018728078691781,0.0,damaging,SIG:A[C>G]T
SIG:G[C>G]C,0,0.007498068192584678,57.8,2.167948338867881,0.0,damaging,SIG:G[C>G]C
SIG:C[C>G]A,0,0.00745623440442945,59.0,8.396427811873332,0.0,damaging,SIG:C[C>G]A
SIG:C[T>G]G,0,0.007395854945263111,59.4,4.929503017546495,0.0,damaging,SIG:C[T>G]G
SIG:C[T>G]T,0,0.007440386223434073,59.8,7.049822692805827,0.0,damaging,SIG:C[T>G]T
SIG:T[T>C]G,0,0.0073790018794603115,60.4,17.140595088852663,0.0,damaging,SIG:T[T>C]G
SIG:A[C>G]A,0,0.007278904367655509,61.8,11.562871615649808,0.0,damaging,SIG:A[C>G]A
SIG:T[T>A]T,0,0.007330295720654546,62.4,11.865917579353061,0.0,damaging,SIG:T[T>A]T
SIG:A[T>A]C,0,0.007117790741254166,64.4,8.792041856133308,0.0,damaging,SIG:A[T>A]C
SIG:C[C>G]C,0,0.0072014418962731835,65.0,10.793516572461453,0.0,damaging,SIG:C[C>G]C
SIG:C[C>G]G,0,0.0071474243448961805,65.4,11.21605991424796,0.0,damaging,SIG:C[C>G]G
SIG:G[C>A]G,0,0.007170270929298584,65.4,7.733045971672481,0.0,damaging,SIG:G[C>A]G
SIG:A[T>G]G,0,0.006982652457330173,66.4,10.064790112068906,0.0,damaging,SIG:A[T>G]G
SIG:A[C>A]G,0,0.007072394293349424,66.6,18.297540818372287,0.0,damaging,SIG:A[C>A]G
SIG:T[T>C]T,0,0.006928418459827379,68.6,5.029910535983715,0.0,damaging,SIG:T[T>C]T
SIG:C[C>A]G,0,0.006913917669340987,69.4,7.021395872616783,0.0,damaging,SIG:C[C>A]G
SIG:G[C>G]A,0,0.006898927110841979,69.6,11.523888232710346,0.0,damaging,SIG:G[C>G]A
SIG:G[T>G]A,0,0.006901481389942313,69.8,18.82020191177555,0.0,damaging,SIG:G[T>G]A
SIG:A[T>A]G,0,0.006856616642649162,71.0,7.141428428542849,0.0,damaging,SIG:A[T>A]G
SIG:T[T>C]C,0,0.006812641928565476,71.0,10.1734949746879,0.0,damaging,SIG:T[T>C]C
SIG:G[T>G]T,0,0.006797872524228138,71.8,10.134100848126586,0.0,damaging,SIG:G[T>G]T
SIG:T[T>G]T,0,0.006779467657285055,71.8,6.26099033699941,0.0,damaging,SIG:T[T>G]T
SIG:G[T>A]T,0,0.006730128795951769,72.4,9.60728889958036,0.0,damaging,SIG:G[T>A]T
SIG:C[T>C]A,0,0.006592694138371028,74.0,7.87400787401181,0.0,damaging,SIG:C[T>C]A
SIG:G[T>G]C,0,0.006474334765475183,76.6,5.639148871948672,0.0,damaging,SIG:G[T>G]C
SIG:T[T>G]G,0,0.00644669996520997,76.8,6.180614856144977,0.0,damaging,SIG:T[T>G]G
SIG:A[C>G]G,0,0.006460922022682043,77.4,6.841052550594827,0.0,damaging,SIG:A[C>G]G
SIG:A[T>A]T,0,0.006209083074778454,81.2,6.723094525588644,0.0,damaging,SIG:A[T>A]T
SIG:T[T>G]C,0,0.006027419258048721,84.2,3.768288736283355,0.0,damaging,SIG:T[T>G]C
SIG:A[T>A]A,0,0.005737700628895565,86.4,2.880972058177586,0.0,damaging,SIG:A[T>A]A
SIG:C[T>G]C,0,0.0057868140880692025,86.8,3.03315017762062,0.0,damaging,SIG:C[T>G]C
SIG:G[C>G]G,0,0.005781337993266727,87.2,4.549725266430931,0.0,damaging,SIG:G[C>G]G
SIG:A[T>G]T,0,0.005591759140995356,87.8,5.674504383644445,0.0,damaging,SIG:A[T>G]T
SIG:T[T>C]A,0,0.005611394816156716,88.0,4.69041575982343,0.0,damaging,SIG:T[T>C]A
SIG:G[T>A]C,0,0.005350863725292555,90.0,2.7386127875258306,0.0,damaging,SIG:G[T>A]C
SIG:T[T>A]G,0,0.005270043707920286,90.8,3.0331501776206196,0.0,damaging,SIG:T[T>A]G
SIG:G[T>A]A,0,0.005119151301429187,92.0,2.449489742783177,0.0,damaging,SIG:G[T>A]A
SIG:T[T>A]A,0,0.004783142968929279,93.4,4.722287581247039,0.0,damaging,SIG:T[T>A]A
SIG:A[T>G]C,0,0.004864929993999621,93.8,1.3038404810405302,0.0,damaging,SIG:A[T>G]C
SIG:A[T>G]A,0,0.00456622699020542,94.8,1.7888543819998322,0.0,damaging,SIG:A[T>G]A
SIG:T[T>G]A,0,0.0038001574445531575,97.2,0.44721359549995815,0.0,damaging,SIG:T[T>G]A
SIG:C[T>G]A,0,0.0035304335324277624,97.8,0.44721359549995815,0.0,damaging,SIG:C[T>G]A
ARID1A (8289)_damaging,0,0.0015173168796183396,100.2,1.6431676725154991,0.0,damaging,ARID1A
KRAS (3845)_hotspot,0,0.001516450094580147,100.4,0.8944271909999167,0.0,hotspot,KRAS
TERT (7015)_hotspot,0,0.0012515573398055387,101.6,2.3021728866442674,0.0,hotspot,TERT
NRAS (4893)_hotspot,0,0.0012301083834647141,103.2,4.086563348340509,0.0,hotspot,NRAS
BRAF (673)_hotspot,0,0.0010849230840926506,104.2,1.9235384061671357,0.0,hotspot,BRAF
RB1 (5925)_damaging,0,0.0012406226888074534,104.4,4.39317652729776,0.0,damaging,RB1
SMAD4 (4089)_damaging,0,0.0010875370151450605,106.6,6.066300355241243,0.0,damaging,SMAD4
PTEN (5728)_damaging,0,0.000927959213251816,106.8,3.7013511046643495,0.0,damaging,PTEN
CDKN2A (1029)_damaging,0,0.0008958609456569689,108.0,4.183300132670378,0.0,damaging,CDKN2A
KMT2D (8085)_damaging,0,0.0008445914527580213,109.4,4.03732584763727,0.0,damaging,KMT2D
CREBBP (1387)_damaging,0,0.000815186708902128,110.6,6.5038450166036395,0.0,damaging,CREBBP
TTN (7273)_damaging,0,0.0007658697490449635,112.2,7.3280283842245035,0.0,damaging,TTN
LINC02900 (340073)_damaging,0,0.0007315413690819346,114.2,8.467585252006618,0.0,damaging,LINC02900
TYRO3 (7301)_damaging,0,0.0007367477084275517,115.2,6.797058187186571,0.0,damaging,TYRO3
JAKMIP3 (282973)_damaging,0,0.0006845116785947124,116.4,6.024948132556828,0.0,damaging,JAKMIP3
NF2 (4771)_damaging,0,0.0006890893417473244,117.2,8.927485648266257,0.0,damaging,NF2
PIK3CA (5290)_hotspot,0,0.0006701555490308412,118.6,12.581732790041283,0.0,hotspot,PIK3CA
CDKN2A (1029)_hotspot,0,0.0006115201926199471,119.2,5.3103672189407,0.0,hotspot,CDKN2A
APC (324)_damaging,0,0.0006369565957501771,120.8,9.093954035511725,0.0,damaging,APC
MUC19 (283463)_damaging,0,0.0006147274444287413,122.2,14.02497771834237,0.0,damaging,MUC19
NF1 (4763)_damaging,0,0.0005590430913945029,123.8,4.96990945591567,0.0,damaging,NF1
PITX1 (5307)_damaging,0,0.0006096944436360848,123.8,11.122050170719426,0.0,damaging,PITX1
LINC02138 (400558)_damaging,0,0.0005531488861689355,125.2,4.816637831516918,0.0,damaging,LINC02138
SLK (9748)_damaging,0,0.0005476101186913365,126.0,6.670832032063167,0.0,damaging,SLK
KMT2B (9757)_damaging,0,0.0005480877147871694,128.8,16.769019053003667,0.0,damaging,KMT2B
HLA-A (3105)_damaging,0,0.0004894225303493556,129.4,7.733045971672481,0.0,damaging,HLA-A
SPATA22 (84690)_damaging,0,0.000513012211345057,129.4,6.228964600958975,0.0,damaging,SPATA22
SPANXN4 (441525)_damaging,0,0.0004924725420648755,129.6,6.580273550544839,0.0,damaging,SPANXN4
BCOR (54880)_damaging,0,0.0005093635241857976,129.8,10.232301793829185,0.0,damaging,BCOR
EP400 (57634)_damaging,0,0.0005244205976505511,131.0,13.0,0.0,damaging,EP400
MUC16 (94025)_damaging,0,0.0005132214073754859,131.2,12.070625501605127,0.0,damaging,MUC16
SPAG8 (26206)_damaging,0,0.000506187033891173,131.6,15.241391012633983,0.0,damaging,SPAG8
SDHA (6389)_damaging,0,0.0005108120419593902,133.6,20.743673734418405,0.0,damaging,SDHA
ID3 (3399)_damaging,0,0.0005724665663269675,134.8,32.15898008332976,0.0,damaging,ID3
CCDST (112268240)_damaging,0,0.00043416346134367463,137.8,7.362064927722389,0.0,damaging,CCDST
STAG2 (10735)_damaging,0,0.0004513634681538337,138.0,12.864680330268607,0.0,damaging,STAG2
SMARCA4 (6597)_damaging,0,0.00047564078476186025,140.0,20.700241544484452,0.0,damaging,SMARCA4
VHL (7428)_damaging,0,0.0004066601250602493,144.4,16.772000476985447,0.0,damaging,VHL
EP300 (2033)_damaging,0,0.00043633342570727207,147.0,30.232432915661953,0.0,damaging,EP300
PBRM1 (55193)_damaging,0,0.0003834677625172784,147.6,9.73652915571047,0.0,damaging,PBRM1
PTEN (5728)_hotspot,0,0.0004422264099942635,147.8,35.64687924629588,0.0,hotspot,PTEN
FAT1 (2195)_damaging,0,0.0003889801847871373,152.2,23.42434630891543,0.0,damaging,FAT1
STK11 (6794)_damaging,0,0.0003606900265255981,153.4,14.046351839534706,0.0,damaging,STK11
PDS5B (23047)_damaging,0,0.00046394752041918445,154.2,36.3001377407855,0.0,damaging,PDS5B
KMT2C (58508)_damaging,0,0.00035852883003560383,155.0,17.507141400011598,0.0,damaging,KMT2C
MUC4 (4585)_damaging,0,0.0003573277760406209,155.2,11.099549540409289,0.0,damaging,MUC4
LRP1B (53353)_damaging,0,0.0003566770314080687,155.8,14.97330958739583,0.0,damaging,LRP1B
SMAD4 (4089)_hotspot,0,0.0003728232406445286,159.0,40.15594601052253,0.0,hotspot,SMAD4
RPL22 (6146)_damaging,0,0.0004545827993341639,159.2,59.41127839055477,0.0,damaging,RPL22
MKI67 (4288)_damaging,0,0.00038503877109655253,160.0,38.006578377959784,0.0,damaging,MKI67
RB1 (5925)_hotspot,0,0.00042315832170928565,160.6,58.24774673753484,0.0,hotspot,RB1
FCGBP (8857)_damaging,0,0.00033771341951041703,161.0,9.69535971483266,0.0,damaging,FCGBP
FSIP2 (401024)_damaging,0,0.0003428690929234884,162.0,21.943108257491687,0.0,damaging,FSIP2
SYNE1 (23345)_damaging,0,0.00032988350742916927,167.0,26.767517628648346,0.0,damaging,SYNE1
NSD2 (7468)_damaging,0,0.0003315158584821853,170.8,38.66781607487032,0.0,damaging,NSD2
FBXW7 (55294)_damaging,0,0.0003269208472185169,173.0,32.840523747346055,0.0,damaging,FBXW7
KDM6A (7403)_damaging,0,0.00032046447528799517,175.2,37.851023764225985,0.0,damaging,KDM6A
NOTCH1 (4851)_damaging,0,0.0003416854704847551,177.0,60.95079983068311,0.0,damaging,NOTCH1
HLA-B (3106)_damaging,0,0.0003221688205060173,177.8,37.45263675630863,0.0,damaging,HLA-B
APC (324)_hotspot,0,0.000317047072229885,178.0,40.40420770167385,0.0,hotspot,APC
BLTP1 (84162)_damaging,0,0.00030419882738892895,178.0,20.38381711063951,0.0,damaging,BLTP1
CSMD3 (114788)_damaging,0,0.00029675113821452657,178.0,20.91650066335189,0.0,damaging,CSMD3
RP1 (6101)_damaging,0,0.00030594104829492514,178.2,27.851391347650836,0.0,damaging,RP1
MYC (4609)_hotspot,0,0.00028428060495445966,179.0,,0.0,hotspot,MYC
MSH3 (4437)_damaging,0,0.0003208655714499595,181.2,56.15336143099538,0.0,damaging,MSH3
EEA1 (8411)_damaging,0,0.00028382367927041286,185.5,12.020815280171307,0.0,damaging,EEA1
FLG (2312)_damaging,0,0.00029291184194120054,187.8,37.65899626915194,0.0,damaging,FLG
MACF1 (23499)_damaging,0,0.0002782113512233043,187.8,15.770225109363532,0.0,damaging,MACF1
CTNNB1 (1499)_hotspot,0,0.00032187160941233727,188.4,53.20996147339331,0.0,hotspot,CTNNB1
MGA (23269)_damaging,0,0.0003096740443419686,190.0,68.19457456425694,0.0,damaging,MGA
PIK3R1 (5295)_damaging,0,0.00030069631886249856,190.8,54.292725111196994,0.0,damaging,PIK3R1
ARID2 (196528)_damaging,0,0.00029633136767741856,192.0,43.87482193696061,0.0,damaging,ARID2
TRMT9B (57604)_damaging,0,0.0002814682688750793,193.0,29.765752132274432,0.0,damaging,TRMT9B
PCLO (27445)_damaging,0,0.0002807094864755554,194.4,32.730719515464365,0.0,damaging,PCLO
FMN2 (56776)_damaging,0,0.00029503453560825497,194.6,65.7974163626506,0.0,damaging,FMN2
SPEN (23013)_damaging,0,0.0002648946430372079,201.0,27.577164466275356,0.0,damaging,SPEN
BAP1 (8314)_damaging,0,0.0002966949866564422,204.2,76.6204933421862,0.0,damaging,BAP1
DDX3X (1654)_damaging,0,0.00027148290398034774,205.4,43.21226677692343,0.0,damaging,DDX3X
MED12 (9968)_damaging,0,0.0003043312549802559,207.0,90.32995073617609,0.0,damaging,MED12
ZFHX3 (463)_damaging,0,0.0002646033438835765,209.0,49.92995093127971,0.0,damaging,ZFHX3
QKI (9444)_damaging,0,0.0002643598177338182,209.8,44.358764635638806,0.0,damaging,QKI
ASXL1 (171023)_damaging,0,0.00033361641631375963,210.8,139.62342210388627,0.0,damaging,ASXL1
NEB (4703)_damaging,0,0.0002747606192354376,210.8,82.03779616737641,0.0,damaging,NEB
MT-ND5 (4540)_damaging,0,0.00025756474017741567,213.0,30.53686296920494,0.0,damaging,MT-ND5
TAF3 (83860)_damaging,0,0.00025032257255754855,213.0,5.656854249492381,0.0,damaging,TAF3
ABCA13 (154664)_damaging,0,0.00024996199984264497,217.6,46.26337644400807,0.0,damaging,ABCA13
NLRP7 (199713)_damaging,0,0.00025039349989279926,220.0,52.716221412388805,0.0,damaging,NLRP7
RYR2 (6262)_damaging,0,0.0002467447513099134,220.0,40.0374824383352,0.0,damaging,RYR2
MYH1 (4619)_damaging,0,0.00025178976454966656,220.4,38.61087929586686,0.0,damaging,MYH1
ASPM (259266)_damaging,0,0.00025058752830267193,222.2,48.184022248044016,0.0,damaging,ASPM
ATP8A2 (51761)_damaging,0,0.00024893052192003797,223.2,44.46009446683622,0.0,damaging,ATP8A2
BRCA2 (675)_damaging,0,0.00026049848534386705,223.2,71.29656373206215,0.0,damaging,BRCA2
ARID1B (57492)_damaging,0,0.00024521282893367574,225.2,59.71766907708304,0.0,damaging,ARID1B
COL22A1 (169044)_damaging,0,0.00028975447549624083,226.6,97.4643524577063,0.0,damaging,COL22A1
PEG3 (5178)_damaging,0,0.0002563768604836778,227.8,75.16781226030194,0.0,damaging,PEG3
DNAH7 (56171)_damaging,0,0.00025214044394213504,230.6,81.27299674553659,0.0,damaging,DNAH7
NF1 (4763)_hotspot,0,0.00024641416770818764,230.6,70.21609502101353,0.0,hotspot,NF1
USH2A (7399)_damaging,0,0.00024012212914435778,232.4,49.104989563179835,0.0,damaging,USH2A
CDON (50937)_damaging,0,0.0002347662689849004,234.0,,0.0,damaging,CDON
XIRP2 (129446)_damaging,0,0.00023792406251199662,234.4,38.952535219161284,0.0,damaging,XIRP2
SETD2 (29072)_damaging,0,0.0002411378363980648,235.8,57.837703965492956,0.0,damaging,SETD2
GRIN2A (2903)_damaging,0,0.00023206468418129032,237.2,22.81885185542866,0.0,damaging,GRIN2A
GNA13 (10672)_damaging,0,0.0002587476180189902,237.4,69.03115238788934,0.0,damaging,GNA13
OBSCN (84033)_damaging,0,0.00023517455516970626,237.6,42.51235114646095,0.0,damaging,OBSCN
CTCF (10664)_damaging,0,0.00037001233342066767,238.8,207.89829244128003,0.0,damaging,CTCF
THSD7B (80731)_damaging,0,0.0002466299274299831,240.0,56.568542494923804,0.0,damaging,THSD7B
PKHD1L1 (93035)_damaging,0,0.00023962092512067184,241.6,49.32849075331618,0.0,damaging,PKHD1L1
RAB40A (142684)_damaging,0,0.000268270951610193,241.8,89.43545158380986,0.0,damaging,RAB40A
DGKH (160851)_damaging,0,0.0002594858598053681,243.0,109.97499715844508,0.0,damaging,DGKH
KEL (3792)_damaging,0,0.0002393333793104458,244.4,68.14176399242979,0.0,damaging,KEL
DNAH5 (1767)_damaging,0,0.00024261819198213445,245.2,107.72511313523881,0.0,damaging,DNAH5
DNAH11 (8701)_damaging,0,0.00025430168554086265,245.6,105.9683915136962,0.0,damaging,DNAH11
TENM1 (10178)_damaging,0,0.0002242629465784573,248.0,37.14835124201342,0.0,damaging,TENM1
DYNC2H1 (79659)_damaging,0,0.00025501853184266575,250.2,157.70129993123078,0.0,damaging,DYNC2H1
RIPOR3 (140876)_damaging,0,0.00022209363963851937,251.0,,0.0,damaging,RIPOR3
RNF43 (54894)_damaging,0,0.00022137900531148043,254.6,49.21686702747341,0.0,damaging,RNF43
CCND3 (896)_hotspot,0,0.00022254841414897828,256.5,3.5355339059327378,0.0,hotspot,CCND3
COL7A1 (1294)_damaging,0,0.00023170883530242593,256.6,83.47933876115694,0.0,damaging,COL7A1
LRRK2 (120892)_damaging,0,0.00021970641614587136,258.4,64.46937257333903,0.0,damaging,LRRK2
COL6A6 (131873)_damaging,0,0.0002067770323138913,260.0,9.899494936611665,0.0,damaging,COL6A6
ATXN2 (6311)_damaging,0,0.00021795092638314317,267.0,,0.0,damaging,ATXN2
UCK1 (83549)_damaging,0,0.0002159439588459996,267.8,65.69018191480367,0.0,damaging,UCK1
FRAS1 (80144)_damaging,0,0.00021082843992542788,272.2,59.28068825511391,0.0,damaging,FRAS1
DST (667)_damaging,0,0.00020900184115525827,274.4,47.10413994544428,0.0,damaging,DST
COL5A2 (1290)_damaging,0,0.00020672401495639485,276.2,62.11038560498558,0.0,damaging,COL5A2
USP9X (8239)_damaging,0,0.00024313762293267806,276.2,104.22907463850959,0.0,damaging,USP9X
UBR4 (23352)_damaging,0,0.000212141619041025,277.0,74.30006729472053,0.0,damaging,UBR4
SCAF4 (57466)_damaging,0,0.00022488585474201165,278.4,148.73903320917478,0.0,damaging,SCAF4
WRN (7486)_damaging,0,0.0002355821273815277,278.8,157.0452164187117,0.0,damaging,WRN
CPLANE1 (65250)_damaging,0,0.0002533969116006971,279.4,189.64783151937172,0.0,damaging,CPLANE1
ADAMTS18 (170692)_damaging,0,0.00020100977723091728,280.0,,0.0,damaging,ADAMTS18
SPTBN5 (51332)_damaging,0,0.00021790587805769216,280.0,97.09016428042544,0.0,damaging,SPTBN5
TET2 (54790)_damaging,0,0.00020831284760386513,280.4,82.09933008252868,0.0,damaging,TET2
ALS2 (57679)_damaging,0,0.00017891578570889262,285.0,,0.0,damaging,ALS2
PSME4 (23198)_damaging,0,0.00019862898340530018,287.0,,0.0,damaging,PSME4
EYS (346007)_damaging,0,0.0002015570070122837,287.4,48.32494180027535,0.0,damaging,EYS
EZH2 (2146)_hotspot,0,0.00021826696328799966,288.3333333333333,108.8362684647601,0.0,hotspot,EZH2
NFE2L2 (4780)_hotspot,0,0.00020996037746636847,290.2,107.9685139288302,0.0,hotspot,NFE2L2
MAP2K1 (5604)_hotspot,0,0.00020414065551421746,291.0,,0.0,hotspot,MAP2K1
C2CD5 (9847)_damaging,0,0.00019439192897928938,291.5,30.405591591021544,0.0,damaging,C2CD5
EPHA6 (285220)_damaging,0,0.00021485565660169797,293.0,139.0,0.0,damaging,EPHA6
MPDZ (8777)_damaging,0,0.0002301393710361136,293.0,191.50805030946697,0.0,damaging,MPDZ
HMCN1 (83872)_damaging,0,0.00020940533156869678,293.2,97.9806103267376,0.0,damaging,HMCN1
APOB (338)_damaging,0,0.00022814925596471346,295.8,149.17003720586786,0.0,damaging,APOB
DIS3 (22894)_damaging,0,0.00020061513665376536,296.0,72.86059749045891,0.0,damaging,DIS3
URI1 (8725)_damaging,0,0.00019683917325126205,296.0,,0.0,damaging,URI1
CACNA1I (8911)_damaging,0,0.0002308685763764532,296.2,155.89323269468755,0.0,damaging,CACNA1I
FAT3 (120114)_damaging,0,0.00020757729562909506,300.6,113.06325663096743,0.0,damaging,FAT3
MGAM (8972)_damaging,0,0.00019694336139194167,301.0,59.94580886100378,0.0,damaging,MGAM
AHNAK2 (113146)_damaging,0,0.00023452404083441268,303.0,124.65351980590039,0.0,damaging,AHNAK2
LINC02714 (729305)_damaging,0,0.00021304202810449373,303.0,150.67625338232077,0.0,damaging,LINC02714
GRIA1 (2890)_damaging,0,0.0002122852176388181,303.3333333333333,165.12520502132114,0.0,damaging,GRIA1
TRANK1 (9881)_damaging,0,0.00020171199700995808,305.8,109.06282593074508,0.0,damaging,TRANK1
SLFN11 (91607)_damaging,0,0.00019453327208012835,306.0,55.403068507078196,0.0,damaging,SLFN11
ZFHX4 (79776)_damaging,0,0.00019937357945879326,306.6,95.58399447606278,0.0,damaging,ZFHX4
ZMYM3 (9203)_damaging,0,0.00021601001880066045,306.8,162.81185460524674,0.0,damaging,ZMYM3
PKP3 (11187)_damaging,0,0.00019720019860222367,308.0,104.63746938836012,0.0,damaging,PKP3
ZNF729 (100287226)_damaging,0,0.0002007023006497611,309.4,115.24886116573994,0.0,damaging,ZNF729
ADGRV1 (84059)_damaging,0,0.0001924039179833132,310.6,57.765041331241164,0.0,damaging,ADGRV1
MMP3 (4314)_damaging,0,0.0002255328545930476,311.2,234.21507210254424,0.0,damaging,MMP3
TMEM245 (23731)_damaging,0,0.00021383184565382983,314.4,160.08216640213237,0.0,damaging,TMEM245
CDH1 (999)_damaging,0,0.00019907809891252514,317.6,105.97075068149701,0.0,damaging,CDH1
KALRN (8997)_damaging,0,0.0001946565418008704,321.8,95.28745982551955,0.0,damaging,KALRN
PPP6R2 (9701)_damaging,0,0.00018722090411608792,321.8,74.55668984068433,0.0,damaging,PPP6R2
SPATA31H1 (84226)_damaging,0,0.00020267294334497797,323.0,165.92769509638828,0.0,damaging,SPATA31H1
ATM (472)_damaging,0,0.00020609244223916378,323.2,108.21829789827596,0.0,damaging,ATM
RAD50 (10111)_damaging,0,0.00025450300897569643,327.2,269.02732203254004,0.0,damaging,RAD50
ERF (2077)_damaging,0,0.00019625286110821005,327.6,151.87099788965634,0.0,damaging,ERF
SPTAN1 (6709)_damaging,0,0.00019633838212247237,328.4,121.75302870976147,0.0,damaging,SPTAN1
PHF20L1 (51105)_damaging,0,0.0002229452027378058,330.0,203.8295856837275,0.0,damaging,PHF20L1
ATR (545)_damaging,0,0.00019066215447604936,333.0,125.32956554620303,0.0,damaging,ATR
TAL1 (6886)_damaging,0,0.00020458062303888204,334.0,166.78579076168327,0.0,damaging,TAL1
VPS13C (54832)_damaging,0,0.00019283866049857662,334.2,130.42890783871496,0.0,damaging,VPS13C
DNAH10 (196385)_damaging,0,0.00019121278249438942,335.6,132.86948483380223,0.0,damaging,DNAH10
PHRF1 (57661)_damaging,0,0.000186670532182805,335.6666666666667,74.8954827298238,0.0,damaging,PHRF1
ATRX (546)_damaging,0,0.0001827605370163257,336.4,84.17719406109947,0.0,damaging,ATRX
DMD (1756)_damaging,0,0.00019829535250536753,336.6,151.81172550234717,0.0,damaging,DMD
MUC5AC (4586)_damaging,0,0.0002090405939609431,339.0,181.8144658711182,0.0,damaging,MUC5AC
FBXW7 (55294)_hotspot,0,0.0001923248106718485,339.4,152.17029933597422,0.0,hotspot,FBXW7
SYNE2 (23224)_damaging,0,0.0001830808755755724,341.2,110.64447568676893,0.0,damaging,SYNE2
CSMD1 (64478)_damaging,0,0.00019798941867203755,341.6,218.00527516553353,0.0,damaging,CSMD1
ECT2L (345930)_damaging,0,0.0001825760047030962,342.6,95.49764394999491,0.0,damaging,ECT2L
LTK (4058)_damaging,0,0.00018230260214543997,343.5,102.5304832720494,0.0,damaging,LTK
PPFIA2 (8499)_damaging,0,0.0001893139849700628,344.8,122.9154180727544,0.0,damaging,PPFIA2
PTPRM (5797)_damaging,0,0.00019540424297392,345.5,159.74458780607665,0.0,damaging,PTPRM
LRP2 (4036)_damaging,0,0.00019615149802513528,345.6,165.33390456890564,0.0,damaging,LRP2
PRKDC (5591)_damaging,0,0.0001860876049951489,347.8,152.83553251780162,0.0,damaging,PRKDC
ZAN (7455)_damaging,0,0.00018223713236410004,348.5,75.1908682398778,0.0,damaging,ZAN
MYRFL (196446)_damaging,0,0.000174968502833082,351.0,,0.0,damaging,MYRFL
CFAP46 (54777)_damaging,0,0.00019676522291427683,351.8,147.1859368282174,0.0,damaging,CFAP46
CDC42BPA (8476)_damaging,0,0.0002044016366907348,352.2,173.8755301932966,0.0,damaging,CDC42BPA
CEP152 (22995)_damaging,0,0.00017558754788708439,354.0,,0.0,damaging,CEP152
PIK3R1 (5295)_hotspot,0,0.0001919033960882675,354.8,210.2324903529424,0.0,hotspot,PIK3R1
SCN2A (6326)_damaging,0,0.0001781118503112585,360.2,119.42654646266885,0.0,damaging,SCN2A
FOXO1 (2308)_damaging,0,0.000170309509106241,361.0,,0.0,damaging,FOXO1
ZDBF2 (57683)_damaging,0,0.0001845380258455465,362.6,142.5563046659109,0.0,damaging,ZDBF2
C2orf81 (388963)_hotspot,0,0.0001770400111838569,363.2,123.83335576491497,0.0,hotspot,C2orf81
PTPRT (11122)_damaging,0,0.00018875864283286447,363.8,127.88549565920289,0.0,damaging,PTPRT
HRAS (3265)_hotspot,0,0.00017684895566680452,366.2,107.64850207968526,0.0,hotspot,HRAS
SPEF2 (79925)_damaging,0,0.00017618257866666769,369.0,128.83128502037073,0.0,damaging,SPEF2
KCNG2 (26251)_damaging,0,0.000191461336864187,369.6,224.00736595031873,0.0,damaging,KCNG2
MAP3K21 (84451)_damaging,0,0.0001744066535641523,369.6666666666667,158.95387171545502,0.0,damaging,MAP3K21
ABCB5 (340273)_damaging,0,0.00018760570891411242,371.0,148.19412943838228,0.0,damaging,ABCB5
SPHK1 (8877)_damaging,0,0.0001695915302818175,371.25,120.83149423887797,0.0,damaging,SPHK1
AHR (196)_damaging,0,0.00019179130091272998,371.6,217.08823091084417,0.0,damaging,AHR
BRCA1 (672)_damaging,0,0.00020079768089038057,371.8,299.7910939304235,0.0,damaging,BRCA1
TGFBR2 (7048)_damaging,0,0.00020231858501609467,375.4,265.2758941178033,0.0,damaging,TGFBR2
RECQL (5965)_damaging,0,0.00017793432870495028,376.2,160.40947602931692,0.0,damaging,RECQL
MALRD1 (340895)_damaging,0,0.00017061502433778346,376.8,106.56781878221962,0.0,damaging,MALRD1
FAAH (2166)_damaging,0,0.0001919649082920632,378.25,156.92115854785166,0.0,damaging,FAAH
BCL9 (607)_damaging,0,0.00019834187394485143,378.6,229.40095902153504,0.0,damaging,BCL9
DMXL1 (1657)_damaging,0,0.00019532386972114838,379.6,216.50473435932065,0.0,damaging,DMXL1
SCN11A (11280)_damaging,0,0.00019472724870909765,380.4,264.17853811390506,0.0,damaging,SCN11A
COL12A1 (1303)_damaging,0,0.00016459679747370218,381.4,72.50379300422841,0.0,damaging,COL12A1
LRP1 (4035)_damaging,0,0.000175983934392789,381.6,136.30407183939883,0.0,damaging,LRP1
STAB2 (55576)_damaging,0,0.0001694534655199181,381.8,117.19513641785653,0.0,damaging,STAB2
KANSL1 (284058)_damaging,0,0.0001724026412515338,386.0,92.44818368506039,0.0,damaging,KANSL1
AXIN1 (8312)_damaging,0,0.00017373681247910458,386.75,127.86548921946584,0.0,damaging,AXIN1
CCDC168 (643677)_damaging,0,0.00016203950042431483,387.0,41.68333000133266,0.0,damaging,CCDC168
SEL1L2 (80343)_damaging,0,0.00015712952192690135,387.3333333333333,83.58428879480482,0.0,damaging,SEL1L2
KIF27 (55582)_damaging,0,0.00020516001585936593,388.0,338.15873984466725,0.0,damaging,KIF27
CCNB3 (85417)_damaging,0,0.00018197324642261247,388.6,189.0946852769797,0.0,damaging,CCNB3
NAV3 (89795)_damaging,0,0.00018084375424733663,389.4,209.70526936631802,0.0,damaging,NAV3
ZNF292 (23036)_damaging,0,0.00016841211251887212,390.0,117.3499041328965,0.0,damaging,ZNF292
RIMS2 (9699)_damaging,0,0.00018163429948809344,390.2,193.3848494582758,0.0,damaging,RIMS2
EPG5 (57724)_damaging,0,0.0001711045172980826,394.0,234.75945135393377,0.0,damaging,EPG5
ADAMTS20 (80070)_damaging,0,0.00016163790426993585,394.4,81.90726463507374,0.0,damaging,ADAMTS20
TRIOBP (11078)_damaging,0,0.00017375257781776865,395.8,222.92083796720306,0.0,damaging,TRIOBP
UNC13C (440279)_damaging,0,0.00018352819927420979,395.8,275.4563486289615,0.0,damaging,UNC13C
HERC1 (8925)_damaging,0,0.00019676028475696647,396.4,235.07084038646732,0.0,damaging,HERC1
RP1L1 (94137)_damaging,0,0.00016085610503893834,397.4,115.88485664658691,0.0,damaging,RP1L1
ABCA12 (26154)_damaging,0,0.0001655774659530094,398.2,132.1502932270678,0.0,damaging,ABCA12
ZBTB7A (51341)_damaging,0,0.00015912585030714946,401.6,83.30846295545248,0.0,damaging,ZBTB7A
CLTC (1213)_damaging,0,0.00015854044233755985,402.0,,0.0,damaging,CLTC
HMCN2 (256158)_damaging,0,0.0001685808845019757,402.6,175.68096083525955,0.0,damaging,HMCN2
CBLN2 (147381)_damaging,0,0.00015817773609893667,405.0,102.43046421841503,0.0,damaging,CBLN2
ANK3 (288)_damaging,0,0.00016484367281211876,405.4,115.40060658419435,0.0,damaging,ANK3
PLA2R1 (22925)_damaging,0,0.00017665045275221645,405.6,237.2199401399469,0.0,damaging,PLA2R1
PPRC1 (23082)_damaging,0,0.00018933133342737468,406.0,263.3960895685431,0.0,damaging,PPRC1
NBEA (26960)_damaging,0,0.00016107051694263377,407.6,119.01806585556665,0.0,damaging,NBEA
XPO4 (64328)_damaging,0,0.00013166865020293098,408.0,,0.0,damaging,XPO4
XPOT (11260)_damaging,0,0.00016220930193325446,408.0,57.982756057296896,0.0,damaging,XPOT
SIN3A (25942)_damaging,0,0.0001672025498362378,410.0,175.66302969037054,0.0,damaging,SIN3A
ZBBX (79740)_damaging,0,0.00016084227796768567,411.5,67.17514421272202,0.0,damaging,ZBBX
COL21A1 (81578)_damaging,0,0.0001585261863299171,413.0,,0.0,damaging,COL21A1
PKHD1 (5314)_damaging,0,0.00019221398789614683,413.0,251.6286947071021,0.0,damaging,PKHD1
PPP2R1A (5518)_damaging,0,0.00015820667029476453,414.0,,0.0,damaging,PPP2R1A
ZNF722 (100419780)_damaging,0,0.000130617666838398,414.0,,0.0,damaging,ZNF722
NUP214 (8021)_damaging,0,0.00016312754415248246,414.2,155.31967035762085,0.0,damaging,NUP214
SPTA1 (6708)_damaging,0,0.000169272802233417,414.4,195.0738321764352,0.0,damaging,SPTA1
ATP9B (374868)_damaging,0,0.00017213587906782503,415.8,220.01522674578683,0.0,damaging,ATP9B
FASTKD5 (60493)_damaging,0,0.00016668932027031697,416.2,206.21154186902342,0.0,damaging,FASTKD5
PKD1 (5310)_damaging,0,0.00020885004620340087,417.4,422.2242295273922,0.0,damaging,PKD1
CUBN (8029)_damaging,0,0.00017577236456717783,419.6,268.7848582044755,0.0,damaging,CUBN
AJUBA (84962)_damaging,0,0.00015264971759564977,420.6,86.84929475821896,0.0,damaging,AJUBA
ATP13A5 (344905)_damaging,0,0.0001560908231983724,423.3333333333333,187.26006871015863,0.0,damaging,ATP13A5
SACS (26278)_damaging,0,0.00018495900848335438,423.8,230.96904554506864,0.0,damaging,SACS
PASK (23178)_damaging,0,0.0001532135215143959,425.0,,0.0,damaging,PASK
UNC93B7 (100887746)_damaging,0,0.00015508139992559188,425.2,79.55626939468692,0.0,damaging,UNC93B7
HLA-C (3107)_damaging,0,0.00017621259626854336,426.8,295.8465818629649,0.0,damaging,HLA-C
RPGRIP1 (57096)_damaging,0,0.00015687252048791905,427.0,,0.0,damaging,RPGRIP1
ADAM18 (8749)_damaging,0,0.0001595870986421117,428.0,,0.0,damaging,ADAM18
TSC2 (7249)_damaging,0,0.00016283126688225233,429.6,186.53364307813217,0.0,damaging,TSC2
PCF11 (51585)_damaging,0,0.0001562253591953549,429.8,111.06169456657862,0.0,damaging,PCF11
RAC1 (5879)_hotspot,0,0.00015758627684497815,431.0,191.39618595990882,0.0,hotspot,RAC1
SDCCAG8 (10806)_damaging,0,0.00014494187740843036,431.5,94.04520189781083,0.0,damaging,SDCCAG8
EPPK1 (83481)_damaging,0,0.00015906181934870154,432.0,182.2159890532844,0.0,damaging,EPPK1
DLG2 (1740)_damaging,0,0.00015313160397390348,433.2,102.34842451156736,0.0,damaging,DLG2
MYH2 (4620)_damaging,0,0.00017957990667215714,433.4,253.2149284698673,0.0,damaging,MYH2
GPS2 (2874)_damaging,0,0.00015119375572034897,434.0,,0.0,damaging,GPS2
NCOA3 (8202)_damaging,0,0.00015433976821230565,434.0,16.97056274847714,0.0,damaging,NCOA3
DYSF (8291)_damaging,0,0.00016108519298270126,435.0,189.28153634203204,0.0,damaging,DYSF
MYH7 (4625)_damaging,0,0.0001726418229677215,435.75,229.86862189810364,0.0,damaging,MYH7
MTOR (2475)_hotspot,0,0.0001700131603671646,436.4,276.43679205199874,0.0,hotspot,MTOR
FAT2 (2196)_damaging,0,0.00016477409201104995,436.8,249.61910984538022,0.0,damaging,FAT2
PRRC2A (7916)_damaging,0,0.00015232730646543268,438.4,111.77790479338928,0.0,damaging,PRRC2A
FBN3 (84467)_damaging,0,0.00015462915777478015,438.6,164.11672675263785,0.0,damaging,FBN3
RPGR (6103)_damaging,0,0.00015354610271686993,439.6666666666667,177.68605272596196,0.0,damaging,RPGR
CD36 (948)_damaging,0,0.00016694688958189384,440.0,187.8004259846074,0.0,damaging,CD36
CASP8 (841)_damaging,0,0.00015652420140931374,440.6,213.8125347120697,0.0,damaging,CASP8
DNMT3A (1788)_damaging,0,0.00015253414371856018,441.2,124.56604673826652,0.0,damaging,DNMT3A
YLPM1 (56252)_damaging,0,0.00015119955617821056,441.2,108.00787008361937,0.0,damaging,YLPM1
NCKAP5L (57701)_damaging,0,0.0001526733961944152,441.8,130.21213461117978,0.0,damaging,NCKAP5L
VPS13B (157680)_damaging,0,0.00017149406067820243,444.4,269.5167898295021,0.0,damaging,VPS13B
VHL (7428)_hotspot,0,0.0001734669544927276,444.5,278.1624225759715,0.0,hotspot,VHL
DNAH6 (1768)_damaging,0,0.00016028231521104935,445.8,218.5513669598065,0.0,damaging,DNAH6
TNR (7143)_damaging,0,0.00015363340339504162,445.8,175.5582524406073,0.0,damaging,TNR
SLC25A13 (10165)_damaging,0,0.00016232617108098251,446.0,223.44574285494903,0.0,damaging,SLC25A13
DNAH9 (1770)_damaging,0,0.00014778228014175642,448.4,111.41723385544985,0.0,damaging,DNAH9
LRRC7 (57554)_damaging,0,0.0001554205181189874,449.8,187.24102114654255,0.0,damaging,LRRC7
ROBO1 (6091)_damaging,0,0.00015653313892524274,449.8,178.57967409534604,0.0,damaging,ROBO1
ABCC11 (85320)_damaging,0,0.00014761929470786067,451.0,,0.0,damaging,ABCC11
OPHN1 (4983)_damaging,0,0.00015309700952786983,451.3333333333333,133.06514695190975,0.0,damaging,OPHN1
DIDO1 (11083)_damaging,0,0.00016011535639415695,453.0,172.79274676135375,0.0,damaging,DIDO1
FIP1L1 (81608)_damaging,0,0.00015200040179749486,454.0,,0.0,damaging,FIP1L1
COL19A1 (1310)_damaging,0,0.00016734220200377467,457.0,249.16962094123755,0.0,damaging,COL19A1
COL14A1 (7373)_damaging,0,0.00017594068764540093,457.2,262.50561898748,0.0,damaging,COL14A1
ARID3B (10620)_damaging,0,0.00014615822160054246,458.0,129.549218446118,0.0,damaging,ARID3B
PZP (5858)_damaging,0,0.0001505488688050938,458.0,,0.0,damaging,PZP
BICRA (29998)_damaging,0,0.00014811529762577327,459.2,129.6483706029505,0.0,damaging,BICRA
LAMA5 (3911)_damaging,0,0.00017249395340884855,460.4,357.6517859594721,0.0,damaging,LAMA5
LYST (1130)_damaging,0,0.00014481543820780307,460.6,95.7903961783226,0.0,damaging,LYST
ASPH (444)_damaging,0,0.00014307856673076777,461.0,,0.0,damaging,ASPH
STOX2 (56977)_damaging,0,0.00014776452128654536,461.0,,0.0,damaging,STOX2
NCKAP5 (344148)_damaging,0,0.00014489967963069779,461.2,100.13341100751538,0.0,damaging,NCKAP5
TTC6 (319089)_damaging,0,0.00014410887351492754,461.75,134.7772854254999,0.0,damaging,TTC6
SI (6476)_damaging,0,0.00014740224935719717,461.8,129.17507499513982,0.0,damaging,SI
DCHS1 (8642)_damaging,0,0.0001602626190759492,462.8,299.755233482253,0.0,damaging,DCHS1
HLA-DRB5 (3127)_damaging,0,0.00014964746840813404,463.0,,0.0,damaging,HLA-DRB5
DNAH14 (127602)_damaging,0,0.00014826702490547197,463.2,158.84961441564786,0.0,damaging,DNAH14
CFAP210 (129881)_damaging,0,0.00014686381867700562,464.0,,0.0,damaging,CFAP210
ATG2B (55102)_damaging,0,0.00015427831616343825,464.4,222.26853128592,0.0,damaging,ATG2B
SETBP1 (26040)_damaging,0,0.00015127233398575334,464.4,249.74346838305902,0.0,damaging,SETBP1
MAP3K15 (389840)_damaging,0,0.0001779276054877937,465.25,309.1422272460795,0.0,damaging,MAP3K15
ACVR2A (92)_damaging,0,0.0001505915834451355,466.0,166.5487916497745,0.0,damaging,ACVR2A
ADGRL2 (23266)_damaging,0,0.0001542976944141182,466.2,229.5140518573972,0.0,damaging,ADGRL2
RASA2 (5922)_damaging,0,0.00014774975528514812,466.6666666666667,99.28914005737653,0.0,damaging,RASA2
CIC (23152)_damaging,0,0.00015205063032102214,467.4,230.22445569487184,0.0,damaging,CIC
CTNNA2 (1496)_damaging,0,0.00015667596938903722,468.2,300.26688129062785,0.0,damaging,CTNNA2
IRF8 (3394)_damaging,0,0.000148133662845812,469.6666666666667,139.95118196475988,0.0,damaging,IRF8
BCORL1 (63035)_damaging,0,0.0001616204419865862,469.8,222.42009801274705,0.0,damaging,BCORL1
EFCAB7 (84455)_damaging,0,0.00014820295166144212,470.0,,0.0,damaging,EFCAB7
USP7 (7874)_damaging,0,0.00014878343235025173,471.0,,0.0,damaging,USP7
ITPR2 (3709)_damaging,0,0.0001993905092017582,471.4,318.3312739898485,0.0,damaging,ITPR2
JHY (79864)_damaging,0,0.00014381757692523956,471.5,229.80970388562795,0.0,damaging,JHY
TNFAIP3 (7128)_damaging,0,0.00016010240336530485,471.6666666666667,294.5799269015683,0.0,damaging,TNFAIP3
THADA (63892)_damaging,0,0.00016098929468946245,472.2,322.5464307661766,0.0,damaging,THADA
CFAP47 (286464)_damaging,0,0.0001553854566669165,472.4,237.86088371146695,0.0,damaging,CFAP47
KCP (375616)_damaging,0,0.00017075557173109256,472.5,240.19783512762973,0.0,damaging,KCP
ADGB (79747)_damaging,0,0.00014156592152596387,472.8,99.37655659158251,0.0,damaging,ADGB
COL4A5 (1287)_damaging,0,0.00016075955781142358,474.0,339.43040523795156,0.0,damaging,COL4A5
PIEZO2 (63895)_damaging,0,0.00015849799888953688,474.2,211.0537846142542,0.0,damaging,PIEZO2
SPAG17 (200162)_damaging,0,0.00015916755793030278,474.6,239.99645830720084,0.0,damaging,SPAG17
DSCAM (1826)_damaging,0,0.00014438311505984947,475.0,116.24758061998538,0.0,damaging,DSCAM
FANCM (57697)_damaging,0,0.00016819857935811028,475.6,268.2401908737764,0.0,damaging,FANCM
TSC1 (7248)_damaging,0,0.000150091420603492,477.6666666666667,146.11753260075716,0.0,damaging,TSC1
MUTYH (4595)_damaging,0,0.00015801282543298858,480.4,292.3171223175269,0.0,damaging,MUTYH
FIRRM (55732)_damaging,0,0.0001506599044318335,481.0,210.71782079359116,0.0,damaging,FIRRM
NBN (4683)_damaging,0,0.00014388812198944107,482.25,168.22479999492742,0.0,damaging,NBN
PARD3B (117583)_damaging,0,0.00014491296509434014,484.5,165.9266906397722,0.0,damaging,PARD3B
ZBTB21 (49854)_damaging,0,0.0001503574841588946,485.3333333333333,186.22924940334516,0.0,damaging,ZBTB21
ROS1 (6098)_damaging,0,0.0001470786956054496,485.6,165.24617998610438,0.0,damaging,ROS1
LARP1 (23367)_damaging,0,0.0001405937944900419,486.0,137.71891663820188,0.0,damaging,LARP1
HSPG2 (3339)_damaging,0,0.00015418179676439766,487.0,264.25650417728605,0.0,damaging,HSPG2
OBSL1 (23363)_damaging,0,0.0001626954878602869,487.0,337.702531823497,0.0,damaging,OBSL1
DOCK3 (1795)_damaging,0,0.00014525352422880907,487.2,202.50358021526435,0.0,damaging,DOCK3
MYH4 (4622)_damaging,0,0.00014362050720017022,487.3333333333333,55.89573627150225,0.0,damaging,MYH4
WWP1 (11059)_damaging,0,0.00016135938123581098,487.8,265.8001128667932,0.0,damaging,WWP1
POLR2B (5431)_damaging,0,0.00015304493151507817,488.0,286.6961225176697,0.0,damaging,POLR2B
ZNF43 (7594)_damaging,0,0.0001431474478952931,489.0,,0.0,damaging,ZNF43
SLC28A3 (64078)_damaging,0,0.0001497428410747199,489.5,181.7264427649427,0.0,damaging,SLC28A3
LOXHD1 (125336)_damaging,0,0.00017512301099909487,490.0,346.31873565642775,0.0,damaging,LOXHD1
TNKS1BP1 (85456)_damaging,0,0.00013816018652519757,490.0,,0.0,damaging,TNKS1BP1
RYR3 (6263)_damaging,0,0.0001539658570592866,490.6,351.7808977190206,0.0,damaging,RYR3
PCDH15 (65217)_damaging,0,0.00016416925634429383,491.8,252.27504831037095,0.0,damaging,PCDH15
COL1A1 (1277)_damaging,0,0.00016337490165510164,492.8,355.7319215364289,0.0,damaging,COL1A1
TRDN (10345)_damaging,0,0.00015681621856579838,493.0,284.7165256882712,0.0,damaging,TRDN
ANKRD30B (374860)_damaging,0,0.0001547164225301493,493.4,245.715892851887,0.0,damaging,ANKRD30B
PKD1L1 (168507)_damaging,0,0.00015891487233323526,494.6,374.76299176946486,0.0,damaging,PKD1L1
DENND4C (55667)_damaging,0,0.0001481200946268998,495.8,197.57707356877214,0.0,damaging,DENND4C
SLC27A6 (28965)_damaging,0,0.00013703416449551632,496.0,,0.0,damaging,SLC27A6
UGGT2 (55757)_damaging,0,0.0001420507210623435,496.0,,0.0,damaging,UGGT2
NTRK3 (4916)_damaging,0,0.00014167996893888266,497.0,,0.0,damaging,NTRK3
PXDNL (137902)_damaging,0,0.00015375522180517735,499.0,236.37364489299563,0.0,damaging,PXDNL
FCRL5 (83416)_damaging,0,0.0001397344003651795,499.4,208.8092430904341,0.0,damaging,FCRL5
UNKL (64718)_damaging,0,0.00015310111420249278,499.8,280.11372690391306,0.0,damaging,UNKL
MBD6 (114785)_damaging,0,0.00013647024924385892,501.0,94.46692542895637,0.0,damaging,MBD6
LMTK3 (114783)_damaging,0,0.00013515842253278537,501.6,60.27686123215109,0.0,damaging,LMTK3
NCAM1 (4684)_damaging,0,0.00014101355590547717,503.75,157.4195561760567,0.0,damaging,NCAM1
CCND3 (896)_damaging,0,0.00014508432204669107,504.2,237.42619905983415,0.0,damaging,CCND3
TOPBP1 (11073)_damaging,0,0.0001427539698925858,504.2,226.62237312322011,0.0,damaging,TOPBP1
F8 (2157)_damaging,0,0.00015486977681015109,504.4,293.19072290916705,0.0,damaging,F8
COL25A1 (84570)_damaging,0,0.00014874034850892041,504.6,194.83916444082797,0.0,damaging,COL25A1
ADAM22 (53616)_damaging,0,0.0001396667502078649,505.0,,0.0,damaging,ADAM22
PCNT (5116)_damaging,0,0.00013432949925485638,505.6,94.64301347695982,0.0,damaging,PCNT
MYO9A (4649)_damaging,0,0.00014807337250910725,506.0,311.1374294423607,0.0,damaging,MYO9A
ALMS1 (7840)_damaging,0,0.0001505360573829186,506.2,224.21685931258605,0.0,damaging,ALMS1
LRRIQ1 (84125)_damaging,0,0.00013469813174777864,507.2,118.30764979493085,0.0,damaging,LRRIQ1
ACACB (32)_damaging,0,0.00013863190306837757,507.8,175.03056875871712,0.0,damaging,ACACB
SLCO1B3 (28234)_damaging,0,0.00015747316706086358,509.3333333333333,281.0717583346526,0.0,damaging,SLCO1B3
CACNA1E (777)_damaging,0,0.00013615192510919632,509.4,128.94882705941922,0.0,damaging,CACNA1E
DCC (1630)_damaging,0,0.00016054417900619522,511.4,261.3537832134825,0.0,damaging,DCC
SSUH2 (51066)_damaging,0,0.00014436460546528461,511.6666666666667,165.09795072420897,0.0,damaging,SSUH2
ZNF106 (64397)_damaging,0,0.00016407853971612155,513.4,463.621397262896,0.0,damaging,ZNF106
PCNX3 (399909)_damaging,0,0.00014850788330216745,515.4,236.07477628920884,0.0,damaging,PCNX3
MAP1A (4130)_damaging,0,0.0001513031277294485,515.8,294.9791518056827,0.0,damaging,MAP1A
POLQ (10721)_damaging,0,0.0001385151994628575,517.0,194.47750512591423,0.0,damaging,POLQ
USP6 (9098)_damaging,0,0.00014366049863208524,517.0,249.11744218340073,0.0,damaging,USP6
SMARCA4 (6597)_hotspot,0,0.0001412290203328084,517.4,182.8532198239889,0.0,hotspot,SMARCA4
SUZ12 (23512)_damaging,0,0.00013485105034078255,517.5,9.192388155425117,0.0,damaging,SUZ12
MEGF6 (1953)_damaging,0,0.00013383407666140313,517.8,143.1754168843241,0.0,damaging,MEGF6
DNAH3 (55567)_damaging,0,0.0001472289373614536,519.6,292.1571494932137,0.0,damaging,DNAH3
BRCA2 (675)_hotspot,0,0.00010835987817066429,520.0,,0.0,hotspot,BRCA2
LZTR1 (8216)_damaging,0,0.00013275913294924063,522.4,126.35980373520687,0.0,damaging,LZTR1
SMARCB1 (6598)_damaging,0,0.00013703440689848256,523.3333333333334,98.33276835995888,0.0,damaging,SMARCB1
MYO15B (80022)_damaging,0,0.00013885127451023066,524.4,176.2691124389069,0.0,damaging,MYO15B
PTPRQ (374462)_damaging,0,0.00015037946555457668,524.4,322.8796989592254,0.0,damaging,PTPRQ
BIRC6 (57448)_damaging,0,0.00014100928262697178,525.0,220.099977283052,0.0,damaging,BIRC6
OTOG (340990)_damaging,0,0.00014577254078292093,527.0,260.96455698044514,0.0,damaging,OTOG
RECQL4 (9401)_damaging,0,0.00013420533473129412,527.0,,0.0,damaging,RECQL4
INPPL1 (3636)_damaging,0,0.00018887653950112562,527.8,351.74593103545635,0.0,damaging,INPPL1
NBEAL1 (65065)_damaging,0,0.00013737659272312756,528.8,249.54999499098372,0.0,damaging,NBEAL1
FAT4 (79633)_damaging,0,0.0001365189370688874,530.4,202.75921680653633,0.0,damaging,FAT4
NACA (4666)_damaging,0,0.0001380663274728943,531.5,131.5053864549535,0.0,damaging,NACA
FLG2 (388698)_damaging,0,0.00013759013788223505,532.75,151.2181095856798,0.0,damaging,FLG2
DIAPH2 (1730)_damaging,0,0.0001334844399116684,533.2,196.55711638096446,0.0,damaging,DIAPH2
MTMR3 (8897)_damaging,0,0.0001339954657378178,533.3333333333334,286.82108244223144,0.0,damaging,MTMR3
RYR1 (6261)_damaging,0,0.00014184285436019082,535.0,238.61999078032,0.0,damaging,RYR1
GUCY2F (2986)_damaging,0,0.00012384517607276016,539.6666666666666,120.93110986563107,0.0,damaging,GUCY2F
C2CD6 (151254)_damaging,0,0.00013943709914683428,540.0,225.95796069180656,0.0,damaging,C2CD6
CEP290 (80184)_damaging,0,0.00014053809249282232,541.6,310.13351963307673,0.0,damaging,CEP290
SPTBN1 (6711)_damaging,0,0.0001374854454389184,542.25,196.70006778510947,0.0,damaging,SPTBN1
H3-4 (8290)_damaging,0,0.000140227345017036,542.4,212.19637131675933,0.0,damaging,H3-4
CHD1L (9557)_damaging,0,0.00013215093588699042,543.0,,0.0,damaging,CHD1L
CYP7A1 (1581)_damaging,0,0.00012777041773274388,543.3333333333334,163.46355353207437,0.0,damaging,CYP7A1
MYO10 (4651)_damaging,0,0.00011772151764342752,545.0,32.526911934581186,0.0,damaging,MYO10
NRXN3 (9369)_damaging,0,0.0001325422743761621,545.0,215.90159795610592,0.0,damaging,NRXN3
ELP1 (8518)_damaging,0,0.00013576937925853264,545.25,155.79767863054528,0.0,damaging,ELP1
RHOA (387)_hotspot,0,0.00013498721911983264,545.8,209.48675375784504,0.0,hotspot,RHOA
KMT2A (4297)_damaging,0,0.00015881347394168727,547.2,400.78011427714324,0.0,damaging,KMT2A
FANCG (2189)_damaging,0,0.0001400496379531115,547.4,245.85422510097317,0.0,damaging,FANCG
MT-ND4 (4538)_damaging,0,0.0001547023383061628,547.6,458.4106237861422,0.0,damaging,MT-ND4
BRWD1 (54014)_damaging,0,0.00013465931354821118,549.0,222.54550096553288,0.0,damaging,BRWD1
AFDN (4301)_damaging,0,0.00012779783521665335,549.8,170.44705922954495,0.0,damaging,AFDN
RPL5 (6125)_damaging,0,0.00012741162271960647,550.25,201.03627367550698,0.0,damaging,RPL5
FLT4 (2324)_damaging,0,0.00012961694605716814,552.0,177.0070620060115,0.0,damaging,FLT4
MUC17 (140453)_damaging,0,0.00012822969340139457,552.6,157.37312349953532,0.0,damaging,MUC17
ARFGEF1 (10565)_damaging,0,0.00014755357208330673,554.2,325.0972162292381,0.0,damaging,ARFGEF1
SEMA5A (9037)_damaging,0,0.0001322722584227657,554.25,161.7948804299238,0.0,damaging,SEMA5A
CHD8 (57680)_damaging,0,0.00013220270972917432,554.8,234.04315841314397,0.0,damaging,CHD8
PLD1 (5337)_damaging,0,0.00013425307657847946,555.0,151.32085117392117,0.0,damaging,PLD1
CMYA5 (202333)_damaging,0,0.0001276486173629389,556.4,182.11205341766922,0.0,damaging,CMYA5
MYH15 (22989)_damaging,0,0.0001335380290503179,556.6,205.8246826792161,0.0,damaging,MYH15
NUMA1 (4926)_damaging,0,0.00011989528869574516,556.6666666666666,80.9032343811626,0.0,damaging,NUMA1
NUP98 (4928)_damaging,0,0.00014085350100094134,556.8,240.3064709906914,0.0,damaging,NUP98
GLB1L2 (89944)_damaging,0,0.00013510736658093716,557.75,215.10055787933234,0.0,damaging,GLB1L2
MYH6 (4624)_damaging,0,0.000129211117002249,558.0,,0.0,damaging,MYH6
ABCC9 (10060)_damaging,0,0.00012562610652470035,559.2,127.46254351769387,0.0,damaging,ABCC9
IGFN1 (91156)_damaging,0,0.0001420069811694485,559.4,352.4021850102522,0.0,damaging,IGFN1
LAMA3 (3909)_damaging,0,0.00012951804657597476,559.4,188.4815640851911,0.0,damaging,LAMA3
GPR155 (151556)_damaging,0,0.00013823542191148728,560.0,282.68356867706336,0.0,damaging,GPR155
UNC79 (57578)_damaging,0,0.0001350171742648929,560.0,265.84299877935473,0.0,damaging,UNC79
KDM6B (23135)_damaging,0,0.00013676313172561797,560.4,242.30311595190022,0.0,damaging,KDM6B
COL6A3 (1293)_damaging,0,0.00012887316088615634,562.0,216.83519087085472,0.0,damaging,COL6A3
SCLT1 (132320)_damaging,0,0.0001297455292582714,562.3333333333334,105.50987315570679,0.0,damaging,SCLT1
DOCK7 (85440)_damaging,0,0.00012574988059387669,562.4,176.5128890477973,0.0,damaging,DOCK7
COL20A1 (57642)_damaging,0,0.00012835983685321762,562.5,253.30021713374035,0.0,damaging,COL20A1
LY75 (4065)_damaging,0,0.0001306586626116415,562.8,281.1177689154494,0.0,damaging,LY75
CFAP251 (144406)_damaging,0,0.00013505112784057463,563.0,370.5239533417509,0.0,damaging,CFAP251
PAPPA2 (60676)_damaging,0,0.00012794119020884213,564.0,198.23975383358405,0.0,damaging,PAPPA2
NCOR2 (9612)_damaging,0,0.00013093468344467203,565.0,280.38812385691375,0.0,damaging,NCOR2
BRD3 (8019)_damaging,0,0.00012757835069659537,565.6,136.5532863024541,0.0,damaging,BRD3
EVPL (2125)_damaging,0,0.0001380946406215583,566.5,233.39594398075272,0.0,damaging,EVPL
GAB2 (9846)_damaging,0,0.00012944421071275222,567.0,,0.0,damaging,GAB2
KIF7 (374654)_damaging,0,0.00014650616831656188,567.2,356.4066497696136,0.0,damaging,KIF7
CEP128 (145508)_damaging,0,0.00013043005015785802,568.75,243.94859431172515,0.0,damaging,CEP128
ITGA2B (3674)_damaging,0,0.00012879900802660753,570.4,178.5253483402287,0.0,damaging,ITGA2B
NYAP2 (57624)_damaging,0,0.0001274297731930043,570.6666666666666,37.81974792794542,0.0,damaging,NYAP2
CNTN5 (53942)_damaging,0,0.00013069260079110463,571.0,281.4178388091274,0.0,damaging,CNTN5
LAMA1 (284217)_damaging,0,0.0001241303335173251,571.0,149.83824611893988,0.0,damaging,LAMA1
LAMC1 (3915)_damaging,0,0.00012506408813961,572.0,,0.0,damaging,LAMC1
USP31 (57478)_damaging,0,0.0001266047847618181,573.0,,0.0,damaging,USP31
CDH18 (1016)_damaging,0,0.00012376545935174538,574.0,103.73764986734565,0.0,damaging,CDH18
CDK12 (51755)_damaging,0,0.0001249874318594391,574.0,,0.0,damaging,CDK12
CSMD2 (114784)_damaging,0,0.00013290058620900273,574.2,263.28064873818585,0.0,damaging,CSMD2
LRBA (987)_damaging,0,0.0001323236491290457,574.25,405.2812809230975,0.0,damaging,LRBA
ELF3 (1999)_damaging,0,0.00013821630634503629,574.5,269.4076836320746,0.0,damaging,ELF3
MDN1 (23195)_damaging,0,0.00012725617586477718,575.2,221.34746440833695,0.0,damaging,MDN1
ATF7IP (55729)_damaging,0,0.0001238808671205291,575.4,159.6442920996551,0.0,damaging,ATF7IP
UBR2 (23304)_damaging,0,0.0001273334648465293,576.0,,0.0,damaging,UBR2
KIAA1549 (57670)_damaging,0,0.00012421092749684943,576.4,117.13368430985172,0.0,damaging,KIAA1549
DUOX2 (50506)_damaging,0,0.00012459377340645554,577.0,193.22180691284993,0.0,damaging,DUOX2
PTPRZ1 (5803)_damaging,0,0.00012855276507517304,577.2,223.70784519099908,0.0,damaging,PTPRZ1
EP300 (2033)_hotspot,0,0.00012596348468134184,578.0,,0.0,hotspot,EP300
NSD1 (64324)_damaging,0,0.00012398816860251588,578.4,205.04097151545105,0.0,damaging,NSD1
TNRC6B (23112)_damaging,0,0.0001277916093435595,579.0,256.0790893454598,0.0,damaging,TNRC6B
CFAP54 (144535)_damaging,0,0.00015539409077765676,579.8,313.3523575784934,0.0,damaging,CFAP54
DHX29 (54505)_damaging,0,0.00013390446589299382,580.3333333333334,314.1358517159946,0.0,damaging,DHX29
DNAH1 (25981)_damaging,0,0.00012547162537985103,580.4,163.33952369221603,0.0,damaging,DNAH1
DENND2C (163259)_damaging,0,0.00011367850561779262,580.5,146.37110370561533,0.0,damaging,DENND2C
CC2D2B (387707)_damaging,0,0.00013913872736208289,581.6666666666666,312.37210716280885,0.0,damaging,CC2D2B
COL3A1 (1281)_damaging,0,0.00013626226103443601,581.8,287.2432766837198,0.0,damaging,COL3A1
CSDE1 (7812)_damaging,0,0.00012384915558708162,582.0,,0.0,damaging,CSDE1
CROCC2 (728763)_damaging,0,0.00012594047662769408,582.5,144.95689014324225,0.0,damaging,CROCC2
DIP2B (57609)_damaging,0,0.00011971469386880692,583.0,159.08488300275422,0.0,damaging,DIP2B
SVEP1 (79987)_damaging,0,0.00012322164366422998,584.0,216.20245141995963,0.0,damaging,SVEP1
MIA2 (4253)_damaging,0,0.00012118513623172839,584.5,171.15587437576698,0.0,damaging,MIA2
CACNA1C (775)_damaging,0,0.00012788183293499007,584.8,242.43493972610466,0.0,damaging,CACNA1C
TRPM2 (7226)_damaging,0,0.0001246256446582344,585.5,154.8563850798539,0.0,damaging,TRPM2
CORIN (10699)_damaging,0,0.00012839140998795493,585.8,294.44303353959657,0.0,damaging,CORIN
CR2 (1380)_damaging,0,0.0001396727757980325,586.4,290.1427235000044,0.0,damaging,CR2
DNAH12 (201625)_damaging,0,0.00012971265418259997,586.4,302.5182639114538,0.0,damaging,DNAH12
GPR179 (440435)_damaging,0,0.00012230134928053137,586.4,153.68571826946055,0.0,damaging,GPR179
STK11 (6794)_hotspot,0,0.00012096481388626711,587.2,119.2317071923404,0.0,hotspot,STK11
MSH6 (2956)_damaging,0,0.0001269779454211693,587.8,260.7358816887312,0.0,damaging,MSH6
WAPL (23063)_damaging,0,0.00012774849953394251,588.3333333333334,159.84471631346884,0.0,damaging,WAPL
TRRAP (8295)_damaging,0,0.00013085789445444238,588.6,327.96539451594583,0.0,damaging,TRRAP
EGFR (1956)_hotspot,0,0.00012242040666625724,589.25,182.0446373832528,0.0,hotspot,EGFR
ITPR3 (3710)_damaging,0,0.00011932421833382527,589.75,137.70106511328567,0.0,damaging,ITPR3
FN1 (2335)_damaging,0,0.00012728034954556238,590.2,256.9605028015006,0.0,damaging,FN1
SPATA16 (83893)_damaging,0,0.0001239910488711254,590.6666666666666,63.57148207595395,0.0,damaging,SPATA16
TSPOAP1 (9256)_damaging,0,0.0001301815206280725,590.6666666666666,397.6233561215102,0.0,damaging,TSPOAP1
NECTIN3 (25945)_damaging,0,0.0001242751347618878,592.0,24.041630560342615,0.0,damaging,NECTIN3
CAMSAP2 (23271)_damaging,0,0.00012517857622585743,592.4,328.30214741911146,0.0,damaging,CAMSAP2
MYOM2 (9172)_damaging,0,0.00010880203171202731,592.5,48.79036790187178,0.0,damaging,MYOM2
AMER1 (139285)_damaging,0,0.00012305544761896425,592.8,236.83580810342002,0.0,damaging,AMER1
NOTCH4 (4855)_damaging,0,0.00012989685685613797,592.8,330.53547464682214,0.0,damaging,NOTCH4
PTPN23 (25930)_damaging,0,0.0001307052400025388,594.2,320.2908053628764,0.0,damaging,PTPN23
ANKRD11 (29123)_damaging,0,0.0001365320351485532,595.4,257.89106227242536,0.0,damaging,ANKRD11
AKAP9 (10142)_damaging,0,0.00012188475621917616,596.6,195.1148379800983,0.0,damaging,AKAP9
STAT2 (6773)_damaging,0,0.0001361307504794803,598.0,362.4886205110445,0.0,damaging,STAT2
GUCY2C (2984)_damaging,0,0.00011798199793841953,599.75,157.16949449559223,0.0,damaging,GUCY2C
CACNA2D3 (55799)_damaging,0,0.0001233462741228014,600.0,,0.0,damaging,CACNA2D3
TUT7 (79670)_damaging,0,0.00012331959629755237,601.0,,0.0,damaging,TUT7
ERBB2 (2064)_hotspot,0,0.00012132436318443768,602.0,252.40575799031737,0.0,hotspot,ERBB2
UBR5 (51366)_damaging,0,0.00012137531500032556,602.0,184.73900508555306,0.0,damaging,UBR5
KDR (3791)_damaging,0,0.00011852746365993835,602.2,128.69615378868167,0.0,damaging,KDR
PNISR (25957)_damaging,0,0.00012385488233969885,603.0,324.9994871790826,0.0,damaging,PNISR
NIPBL (25836)_damaging,0,0.00012738524729997728,603.2,278.3176243071933,0.0,damaging,NIPBL
MROH2B (133558)_damaging,0,0.00012165895129358493,603.8,242.18629193247085,0.0,damaging,MROH2B
CTNNA1 (1495)_damaging,0,0.00012141487591081877,604.4,187.83583257728012,0.0,damaging,CTNNA1
PCDH17 (27253)_damaging,0,0.00012769418352585142,604.6666666666666,167.78657077767974,0.0,damaging,PCDH17
SIPA1L2 (57568)_damaging,0,0.0001199370826995273,606.5,303.2650106205242,0.0,damaging,SIPA1L2
BTBD8 (284697)_damaging,0,0.000122201164692388,606.6,171.3689003290854,0.0,damaging,BTBD8
NFIA (4774)_damaging,0,0.000119073421783978,606.6,145.28007433918802,0.0,damaging,NFIA
SLC45A1 (50651)_damaging,0,0.0001258810682432169,606.6,333.479084801431,0.0,damaging,SLC45A1
LOXL2 (4017)_damaging,0,0.00012150591661505488,607.0,,0.0,damaging,LOXL2
UTP20 (27340)_damaging,0,0.0001385755809894974,607.2,421.85269941058806,0.0,damaging,UTP20
NSD3 (54904)_damaging,0,0.00013049729770178077,608.75,248.23023586984726,0.0,damaging,NSD3
ERBB4 (2066)_damaging,0,0.00011876703818702716,608.8,187.62915551693987,0.0,damaging,ERBB4
FRY (10129)_damaging,0,0.00013813734497272986,610.8,467.4159817550102,0.0,damaging,FRY
HERC2 (8924)_damaging,0,0.00011894400574269442,611.2,230.28178390832394,0.0,damaging,HERC2
LAMB2 (3913)_damaging,0,0.0001107260457755656,612.0,84.1486779456457,0.0,damaging,LAMB2
AXDND1 (126859)_damaging,0,0.00011994959958320393,612.6,217.86532537326815,0.0,damaging,AXDND1
MYO15A (51168)_damaging,0,0.00013149786605104702,613.0,314.441568498823,0.0,damaging,MYO15A
TENM4 (26011)_damaging,0,0.00012631826364748554,613.2,324.12605572523785,0.0,damaging,TENM4
SLC4A10 (57282)_damaging,0,0.0001213469499096645,614.4,237.97857046381299,0.0,damaging,SLC4A10
ATXN7 (6314)_damaging,0,0.0001298529991991156,614.8,268.3769736769531,0.0,damaging,ATXN7
ADGRL3 (23284)_damaging,0,0.0001178463872070669,615.0,158.17711591756884,0.0,damaging,ADGRL3
TLR4 (7099)_damaging,0,0.00012135240834694835,615.0,,0.0,damaging,TLR4
ASCC3 (10973)_damaging,0,0.0001362565498773875,615.2,471.7994277232646,0.0,damaging,ASCC3
COL24A1 (255631)_damaging,0,0.00012039418015558339,615.6,236.2462698118216,0.0,damaging,COL24A1
KEAP1 (9817)_damaging,0,0.00012419537849853358,615.6,316.34601309325836,0.0,damaging,KEAP1
RNF213 (57674)_damaging,0,0.0001194036709878974,616.0,,0.0,damaging,RNF213
NID2 (22795)_damaging,0,0.00012797039128018169,616.8,318.39236799898333,0.0,damaging,NID2
SETX (23064)_damaging,0,0.00012045010170693958,616.8,226.96739853996652,0.0,damaging,SETX
RBM10 (8241)_damaging,0,0.00012154648988123296,617.2,241.61063718305118,0.0,damaging,RBM10
CUL9 (23113)_damaging,0,0.00012056114168624779,618.5,30.405591591021544,0.0,damaging,CUL9
C10orf71 (118461)_damaging,0,0.00013115717392641815,619.0,275.65800066991227,0.0,damaging,C10orf71
BCL9L (283149)_damaging,0,0.00012368470552674113,620.0,295.9248215341187,0.0,damaging,BCL9L
PRRC2B (84726)_damaging,0,0.00011966722556590254,620.6,211.0528369863812,0.0,damaging,PRRC2B
MXRA5 (25878)_damaging,0,0.0001214840002355794,621.0,225.37857040987723,0.0,damaging,MXRA5
FNDC1 (84624)_damaging,0,0.00012303118498053594,622.6,267.6925475242073,0.0,damaging,FNDC1
DGKZ (8525)_damaging,0,0.00012018205827670614,623.0,,0.0,damaging,DGKZ
RAD17 (5884)_damaging,0,0.00011873981794542263,623.6,223.70359854056886,0.0,damaging,RAD17
LAMA2 (3908)_damaging,0,0.00012048306015885682,623.8,239.25446704293736,0.0,damaging,LAMA2
CYLC1 (1538)_damaging,0,0.0001204913771756043,624.0,156.97770542341354,0.0,damaging,CYLC1
NR2C2 (7182)_damaging,0,0.00011806914663501511,624.0,,0.0,damaging,NR2C2
ERRFI1 (54206)_damaging,0,0.0001332012047380877,624.25,395.8563502080016,0.0,damaging,ERRFI1
DNAH2 (146754)_damaging,0,0.0001256596212534479,625.0,346.2217497500699,0.0,damaging,DNAH2
RIMBP2 (23504)_damaging,0,0.00012202675426831209,625.0,120.91594876883143,0.0,damaging,RIMBP2
STK31 (56164)_damaging,0,0.00012640763880489221,625.5,295.95326207584424,0.0,damaging,STK31
ZNF608 (57507)_damaging,0,0.00012816435945334852,626.5,308.5087789134479,0.0,damaging,ZNF608
ROCK1 (6093)_damaging,0,0.00011534345474143793,626.6,126.1915211097798,0.0,damaging,ROCK1
CHD6 (84181)_damaging,0,0.00012097204731596199,627.0,310.16232309335487,0.0,damaging,CHD6
TRPM1 (4308)_damaging,0,0.0001159795562302427,628.8,211.21718680069574,0.0,damaging,TRPM1
TBC1D32 (221322)_damaging,0,0.00011315959488149654,629.4,101.721679105292,0.0,damaging,TBC1D32
TEX2 (55852)_damaging,0,0.0001159815729916603,631.0,,0.0,damaging,TEX2
ERICH3 (127254)_damaging,0,0.00013897946381683892,631.2,323.4543244416435,0.0,damaging,ERICH3
ROCK2 (9475)_damaging,0,0.00011679856922530945,632.2,193.37450710990836,0.0,damaging,ROCK2
MTSS2 (92154)_damaging,0,0.0001176681581056884,632.6666666666666,127.31588013022306,0.0,damaging,MTSS2
ADNP (23394)_damaging,0,0.00011298504003858007,635.0,264.9320667642934,0.0,damaging,ADNP
CNNM2 (54805)_damaging,0,0.00011644650122250705,635.4,213.18841431935274,0.0,damaging,CNNM2
THSD7A (221981)_damaging,0,0.00011518940897983827,636.6,235.8957396817501,0.0,damaging,THSD7A
FAM47B (170062)_damaging,0,0.00011614410792598327,637.0,,0.0,damaging,FAM47B
USP13 (8975)_damaging,0,0.00011531647585156858,637.0,246.2854035463734,0.0,damaging,USP13
JCAD (57608)_damaging,0,0.00012498709162982096,638.4,274.45454997139325,0.0,damaging,JCAD
RAPGEF6 (51735)_damaging,0,0.00011774578319901315,640.5,120.91525958289962,0.0,damaging,RAPGEF6
P2RX2 (22953)_damaging,0,0.0001158035663747121,641.0,,0.0,damaging,P2RX2
COL27A1 (85301)_damaging,0,0.00011248955555511425,641.6,117.16356088818742,0.0,damaging,COL27A1
CRLF1 (9244)_damaging,0,0.0001188499418495352,642.0,141.4213562373095,0.0,damaging,CRLF1
HIF1A (3091)_damaging,0,0.0001142951544982026,642.25,236.64371954480433,0.0,damaging,HIF1A
GRIA4 (2893)_damaging,0,0.00011643954208059032,642.5,10.606601717798213,0.0,damaging,GRIA4
LHCGR (3973)_damaging,0,0.0001172900984387453,643.0,,0.0,damaging,LHCGR
TEP1 (7011)_damaging,0,0.00011520393170935648,643.5,255.77268553672158,0.0,damaging,TEP1
RELN (5649)_damaging,0,0.0001139192483592754,643.8,216.42365859581992,0.0,damaging,RELN
EPHB4 (2050)_damaging,0,0.0001156134537371822,644.0,,0.0,damaging,EPHB4
SSC5D (284297)_damaging,0,0.0001228520544387641,644.5,282.68062072475595,0.0,damaging,SSC5D
ARFGEF3 (57221)_damaging,0,0.00012311478721268982,645.4,350.6091841352705,0.0,damaging,ARFGEF3
TOGARAM1 (23116)_damaging,0,0.00012843418612422104,647.0,340.1127264109161,0.0,damaging,TOGARAM1
TRPC4 (7223)_damaging,0,0.00011711942513280029,647.0,,0.0,damaging,TRPC4
TEX15 (56154)_damaging,0,0.00011261540387242021,647.2,142.86602115268695,0.0,damaging,TEX15
ITSN2 (50618)_damaging,0,0.00011194107882678129,647.6,190.9379480354809,0.0,damaging,ITSN2
FBN2 (2201)_damaging,0,0.00011643905913303648,648.6,291.56440111920386,0.0,damaging,FBN2
SMC3 (9126)_damaging,0,0.00014187344165431714,650.2,461.20299218456944,0.0,damaging,SMC3
ZFP36L2 (678)_damaging,0,0.00011551974736051201,650.8,261.73115978041284,0.0,damaging,ZFP36L2
ARHGAP30 (257106)_damaging,0,0.00010796340611961272,651.5,297.6919548795365,0.0,damaging,ARHGAP30
ABL2 (27)_damaging,0,0.00011478899827594472,651.8,214.54300268244594,0.0,damaging,ABL2
IBTK (25998)_damaging,0,0.00011346279712798286,652.0,,0.0,damaging,IBTK
USP28 (57646)_damaging,0,0.00011943038695177611,652.2,295.79587556286174,0.0,damaging,USP28
ZNF208 (7757)_damaging,0,0.00011330082611177366,652.3333333333334,335.7697623868673,0.0,damaging,ZNF208
ANKRD31 (256006)_damaging,0,0.00012775456602723368,652.8,467.9457233483388,0.0,damaging,ANKRD31
CDH23 (64072)_damaging,0,0.00011723037794956551,652.8,263.27874961720704,0.0,damaging,CDH23
CENPJ (55835)_damaging,0,0.00012400905678780895,655.75,326.9641927387972,0.0,damaging,CENPJ
PLXDC2 (84898)_damaging,0,0.00010113548445777704,656.0,82.02438661763951,0.0,damaging,PLXDC2
RFX7 (64864)_damaging,0,0.00011173608708449005,656.6,287.1494384462557,0.0,damaging,RFX7
INF2 (64423)_damaging,0,0.00011215439455577313,656.8,250.24627869361015,0.0,damaging,INF2
FASN (2194)_damaging,0,0.00011868681705518066,657.6,280.3342647626223,0.0,damaging,FASN
PREX2 (80243)_damaging,0,0.00011812726693121787,657.8,320.01671831327815,0.0,damaging,PREX2
DVL1 (1855)_damaging,0,0.00011222727533284437,659.0,,0.0,damaging,DVL1
CDH10 (1008)_damaging,0,0.00011506102549417577,659.4,272.3229700190566,0.0,damaging,CDH10
MYO16 (23026)_damaging,0,0.00011220449301574972,659.4,209.34015381670093,0.0,damaging,MYO16
ARHGAP24 (83478)_damaging,0,0.00011556431206069282,662.5,28.991378028648448,0.0,damaging,ARHGAP24
IPO7 (10527)_damaging,0,0.00010707631079681403,663.0,287.8350221915325,0.0,damaging,IPO7
ADGRL4 (64123)_damaging,0,0.00011241125961557584,663.6,238.90855991362054,0.0,damaging,ADGRL4
EXOSC10 (5394)_damaging,0,0.00010424887100128302,664.0,110.43550153822818,0.0,damaging,EXOSC10
PI4KA (5297)_damaging,0,0.00011363957313882432,664.0,,0.0,damaging,PI4KA
HEATR1 (55127)_damaging,0,0.00011489489646210202,665.0,,0.0,damaging,HEATR1
NOS1 (4842)_damaging,0,0.00011500479032826099,665.3333333333334,169.77730511859744,0.0,damaging,NOS1
IQGAP3 (128239)_damaging,0,0.00011097834121925163,665.4,223.30091804558262,0.0,damaging,IQGAP3
LTBP1 (4052)_damaging,0,0.00012168887360135703,666.0,368.35218654615494,0.0,damaging,LTBP1
SZT2 (23334)_damaging,0,0.00011302690169478602,666.2,247.49787877878873,0.0,damaging,SZT2
CFAP65 (255101)_damaging,0,0.0001172719182417006,666.4,361.2510207598035,0.0,damaging,CFAP65
ROBO3 (64221)_damaging,0,0.0001173968219068294,666.75,214.5233087568808,0.0,damaging,ROBO3
ANKRD30A (91074)_damaging,0,0.00010759005943286571,667.2,79.99499984374022,0.0,damaging,ANKRD30A
COL15A1 (1306)_damaging,0,0.00010792712955168229,667.6666666666666,211.94653413852592,0.0,damaging,COL15A1
KIF5B (3799)_damaging,0,0.00011098715294622543,668.25,318.7657185666824,0.0,damaging,KIF5B
KDM5A (5927)_damaging,0,0.00011199416178651416,669.0,224.56068222197757,0.0,damaging,KDM5A
MYCBP2 (23077)_damaging,0,0.00011724479962379021,669.0,407.1025669287778,0.0,damaging,MYCBP2
NFKBIZ (64332)_damaging,0,0.00012222607483111019,669.5,335.87572106361006,0.0,damaging,NFKBIZ
DSP (1832)_damaging,0,0.00011243874786075235,670.2,251.75921035783378,0.0,damaging,DSP
NBAS (51594)_damaging,0,0.00011978071892520695,670.4,389.58349554363826,0.0,damaging,NBAS
ADAMTS13 (11093)_damaging,0,0.00011660467305113918,670.6,356.19839977181255,0.0,damaging,ADAMTS13
GOLGA4 (2803)_damaging,0,0.00011108140004277083,671.6,204.35704049530568,0.0,damaging,GOLGA4
AEBP1 (165)_damaging,0,0.00011403214387405633,672.6,299.9113202264963,0.0,damaging,AEBP1
RGS22 (26166)_damaging,0,0.00011185168230491483,672.6,224.68266510792506,0.0,damaging,RGS22
PDCD11 (22984)_damaging,0,0.0001249505920223687,675.0,421.40242049613335,0.0,damaging,PDCD11
GIGYF2 (26058)_damaging,0,0.00013732867903798755,676.5,618.7184335382291,0.0,damaging,GIGYF2
COL4A4 (1286)_damaging,0,0.00011736911594096337,676.6,452.4961878292457,0.0,damaging,COL4A4
CFAP44 (55779)_damaging,0,0.00011118608654754044,677.0,,0.0,damaging,CFAP44
SRCAP (10847)_damaging,0,0.00010874453554028139,677.0,217.15777674308603,0.0,damaging,SRCAP
TNRC6C (57690)_damaging,0,0.0001163567709010115,678.6,369.2225616074944,0.0,damaging,TNRC6C
MEN1 (4221)_damaging,0,0.00011178765701504682,679.3333333333334,173.5002401535322,0.0,damaging,MEN1
BRSK2 (9024)_damaging,0,0.00010734720907315512,679.4,208.10526182679766,0.0,damaging,BRSK2
ADAMTS5 (11096)_damaging,0,0.00011329564783381211,680.0,,0.0,damaging,ADAMTS5
KIF26A (26153)_damaging,0,0.0001132530943574303,680.6,292.9254171286609,0.0,damaging,KIF26A
MLLT10 (8028)_damaging,0,0.00011055736448850633,681.0,55.154328932550705,0.0,damaging,MLLT10
PASD1 (139135)_damaging,0,0.00011071691882713264,681.0,,0.0,damaging,PASD1
FSTL5 (56884)_damaging,0,0.00011720882378289722,685.4,434.3636725141733,0.0,damaging,FSTL5
SLX4 (84464)_damaging,0,0.00011517323312986416,686.0,285.12570327255077,0.0,damaging,SLX4
WDFY4 (57705)_damaging,0,0.0001097621751469089,686.2,270.7890322742042,0.0,damaging,WDFY4
PIK3C2B (5287)_damaging,0,0.0001067321966289972,686.4,151.8693517468222,0.0,damaging,PIK3C2B
CUX2 (23316)_damaging,0,0.00010758902831506979,686.8,163.8542034859039,0.0,damaging,CUX2
ZBTB20 (26137)_damaging,0,0.00012187127917212483,687.0,334.6923960893047,0.0,damaging,ZBTB20
DCHS2 (54798)_damaging,0,0.0001133428468588014,688.0,255.18130809289303,0.0,damaging,DCHS2
KNOP1 (400506)_damaging,0,0.00011176673238595496,688.8,365.8089665385473,0.0,damaging,KNOP1
AK9 (221264)_damaging,0,0.00011230512488210112,689.2,318.6654986031591,0.0,damaging,AK9
DYNC1H1 (1778)_damaging,0,0.00011297038100112821,690.4,296.4579228153634,0.0,damaging,DYNC1H1
PARP10 (84875)_damaging,0,0.00010159856016803079,691.0,74.0,0.0,damaging,PARP10
ARID4B (51742)_damaging,0,0.00010987980416497869,692.0,278.92920248693935,0.0,damaging,ARID4B
PTPRS (5802)_damaging,0,0.0001265902379768145,695.4,478.0285556324015,0.0,damaging,PTPRS
ANKAR (150709)_damaging,0,0.0001118640452940459,696.0,214.28019040499288,0.0,damaging,ANKAR
RGS7 (6000)_damaging,0,0.00012244222473583387,697.3333333333334,459.02650613372356,0.0,damaging,RGS7
CEP350 (9857)_damaging,0,0.00010461977332368976,697.6,179.71310469745939,0.0,damaging,CEP350
ESRP1 (54845)_damaging,0,0.00011997085053296226,698.2,440.0223857941775,0.0,damaging,ESRP1
ZMYM6 (9204)_damaging,0,0.00011510192964875587,698.6666666666666,292.18544339739674,0.0,damaging,ZMYM6
PTPRC (5788)_damaging,0,0.0001082414123870707,698.8,259.2984766634775,0.0,damaging,PTPRC
ITSN1 (6453)_damaging,0,0.00010947293325779283,699.6,275.1904794864822,0.0,damaging,ITSN1
PMS2 (5395)_damaging,0,0.00010358260606188655,699.6,170.82242241579414,0.0,damaging,PMS2
ADGRG4 (139378)_damaging,0,0.00010961270767178325,700.4,368.27611923664017,0.0,damaging,ADGRG4
CD109 (135228)_damaging,0,0.00010958015826154924,701.0,106.06601717798213,0.0,damaging,CD109
USP34 (9736)_damaging,0,0.00011677887443575338,701.4,316.3910554993614,0.0,damaging,USP34
NOLC1 (9221)_damaging,0,0.00010680529481894483,703.0,,0.0,damaging,NOLC1
ADAMTSL2 (9719)_damaging,0,0.00010730637212631936,704.2,301.20043160659645,0.0,damaging,ADAMTSL2
NRP2 (8828)_damaging,0,9.233840862571052e-05,704.5,94.04520189781083,0.0,damaging,NRP2
MMUT (4594)_damaging,0,0.00011820666021460544,705.0,359.1517785003995,0.0,damaging,MMUT
PLXNB1 (5364)_damaging,0,0.0001267767820538078,705.2,453.5214438149535,0.0,damaging,PLXNB1
OR4P4 (81300)_damaging,0,0.00010075743837917898,705.75,131.42646866847892,0.0,damaging,OR4P4
FER1L6 (654463)_damaging,0,0.00011205678968345659,706.0,255.91111738257874,0.0,damaging,FER1L6
SPEG (10290)_damaging,0,0.00010837258575084545,706.8,323.0753782014346,0.0,damaging,SPEG
NOS3 (4846)_damaging,0,0.0001053009055381675,707.0,184.0815036879045,0.0,damaging,NOS3
TBCK (93627)_damaging,0,0.00010648569719780777,707.0,,0.0,damaging,TBCK
IGSF10 (285313)_damaging,0,0.00010781071904017733,707.2,254.9209681450312,0.0,damaging,IGSF10
UNC13B (10497)_damaging,0,0.0001088009113795663,707.2,314.7057355689597,0.0,damaging,UNC13B
FXR2 (9513)_damaging,0,0.00011767051562435051,707.5,507.82050634714096,0.0,damaging,FXR2
ZZEF1 (23140)_damaging,0,0.00010741670276300994,707.6,272.11909157572904,0.0,damaging,ZZEF1
ARHGEF28 (64283)_damaging,0,0.00010317198140746794,708.0,157.09073811017632,0.0,damaging,ARHGEF28
PLEKHH3 (79990)_damaging,0,7.913896720634038e-05,709.0,,0.0,damaging,PLEKHH3
EPS8L3 (79574)_damaging,0,0.00011112972450350413,709.3333333333334,255.75443951832654,0.0,damaging,EPS8L3
CNTN1 (1272)_damaging,0,0.00010482387398423754,710.2,229.71221125573624,0.0,damaging,CNTN1
TCF20 (6942)_damaging,0,0.00010715977757243889,710.6,249.37381578666194,0.0,damaging,TCF20
DTX1 (1840)_damaging,0,0.00010045154893898817,712.0,103.01779781507013,0.0,damaging,DTX1
KNL1 (57082)_damaging,0,9.256974979196712e-05,716.0,148.49242404917499,0.0,damaging,KNL1
PTCH2 (8643)_damaging,0,0.00010981500953881981,716.0,328.09754647055803,0.0,damaging,PTCH2
STARD9 (57519)_damaging,0,0.00010552580848477704,717.8,264.55661019902715,0.0,damaging,STARD9
CEP162 (22832)_damaging,0,0.00012028265218376076,718.2,421.16706898806797,0.0,damaging,CEP162
NRG3 (10718)_damaging,0,0.0001069013338576972,718.3333333333334,61.04370019365909,0.0,damaging,NRG3
RERE (473)_damaging,0,0.00011551408752675453,718.6,438.4858036470508,0.0,damaging,RERE
CHEK2 (11200)_damaging,0,0.00010142614357158572,720.75,240.11299423396477,0.0,damaging,CHEK2
PKDREJ (10343)_damaging,0,0.00010193831779916948,720.8,232.65682882735248,0.0,damaging,PKDREJ
PTPN13 (5783)_damaging,0,0.00010141511581759841,721.0,190.09602836461366,0.0,damaging,PTPN13
PRUNE2 (158471)_damaging,0,0.00010933822786330684,721.6,301.1632447693443,0.0,damaging,PRUNE2
EPB41L3 (23136)_damaging,0,0.00010359473638154961,721.8,284.39620250629224,0.0,damaging,EPB41L3
GRAMD1B (57476)_damaging,0,0.00010865092367291108,722.0,,0.0,damaging,GRAMD1B
NLRC5 (84166)_damaging,0,0.00010162406981302515,722.0,214.62525480474102,0.0,damaging,NLRC5
PLXNA3 (55558)_damaging,0,0.00010650704253072905,722.6,312.8734568479723,0.0,damaging,PLXNA3
CPS1 (1373)_damaging,0,0.00010485919504611119,723.4,250.96872315091375,0.0,damaging,CPS1
CENPF (1063)_damaging,0,0.00010246093118085786,723.6,262.16559652250334,0.0,damaging,CENPF
TGM6 (343641)_damaging,0,9.662894428342356e-05,723.6666666666666,163.85766180845292,0.0,damaging,TGM6
SYNJ1 (8867)_damaging,0,0.00010498127903020585,724.0,,0.0,damaging,SYNJ1
MLH3 (27030)_damaging,0,0.00011167742534663179,724.2,337.7220750854169,0.0,damaging,MLH3
PLXNA1 (5361)_damaging,0,0.0001037528120609153,725.0,,0.0,damaging,PLXNA1
NAA15 (80155)_damaging,0,0.00010869228539187105,727.0,367.6955262170047,0.0,damaging,NAA15
PCNX1 (22990)_damaging,0,0.00010408777898404534,727.2,253.87339364336708,0.0,damaging,PCNX1
MRC1 (4360)_damaging,0,0.00010666280950706903,728.6,313.8037603343848,0.0,damaging,MRC1
PLCH1 (23007)_damaging,0,0.00010178673207069374,729.6666666666666,402.5746307622145,0.0,damaging,PLCH1
CNTNAP4 (85445)_damaging,0,0.00010932709905891127,729.8,290.5136829824027,0.0,damaging,CNTNAP4
ZSWIM5 (57643)_damaging,0,0.00010504187117581451,730.0,601.0407640085654,0.0,damaging,ZSWIM5
PAPPA (5069)_damaging,0,0.00010636496324493896,731.5,159.0990257669732,0.0,damaging,PAPPA
MSH2 (4436)_damaging,0,0.00010337527380508178,733.4,273.2879433857264,0.0,damaging,MSH2
ADAMTS19 (171019)_damaging,0,0.00010512775274183242,734.3333333333334,107.59801732993658,0.0,damaging,ADAMTS19
A2M (2)_damaging,0,0.00010296052877151304,734.6,256.5858530784579,0.0,damaging,A2M
TICAM1 (148022)_damaging,0,0.00011089166919733144,736.0,516.6939777727883,0.0,damaging,TICAM1
CARD6 (84674)_damaging,0,0.00010216113006066544,737.0,,0.0,damaging,CARD6
SHANK2 (22941)_damaging,0,0.00010687645556475143,737.8,326.10381782493744,0.0,damaging,SHANK2
HNF1A (6927)_damaging,0,0.00010345067565046256,738.0,272.3848380508724,0.0,damaging,HNF1A
GREB1 (9687)_damaging,0,9.814243558624025e-05,738.8,150.544677753815,0.0,damaging,GREB1
WDR97 (340390)_damaging,0,0.00010442935747063024,739.0,156.97770542341354,0.0,damaging,WDR97
SEMA3E (9723)_damaging,0,0.00011987584770875806,739.5,412.0635064323621,0.0,damaging,SEMA3E
SBF1 (6305)_damaging,0,9.796398589457724e-05,740.0,68.14323150541072,0.0,damaging,SBF1
CCDC73 (493860)_damaging,0,0.00010273193295553412,740.4,341.42685893174837,0.0,damaging,CCDC73
IFT172 (26160)_damaging,0,0.00011017399491033889,740.5,349.16710421611407,0.0,damaging,IFT172
INO80D (54891)_damaging,0,0.00010436462348127758,741.0,306.83138692122094,0.0,damaging,INO80D
C7 (730)_damaging,0,0.00010356680855864967,741.2,332.74344471379146,0.0,damaging,C7
CALCR (799)_damaging,0,9.786215312605575e-05,742.0,146.10954794263105,0.0,damaging,CALCR
ZNF236 (7776)_damaging,0,9.795342517724315e-05,742.0,122.62748468430722,0.0,damaging,ZNF236
MRE11 (4361)_damaging,0,0.00010585121380446522,742.5,270.82189719444773,0.0,damaging,MRE11
TDRD15 (100129278)_damaging,0,0.0001063533548754897,742.8,292.41015714232634,0.0,damaging,TDRD15
CR1 (1378)_damaging,0,0.00011041473521884318,743.0,349.69129242805,0.0,damaging,CR1
MAP3K12 (7786)_damaging,0,0.0001039811588710885,744.4,291.5455367519798,0.0,damaging,MAP3K12
CAD (790)_damaging,0,9.752508068209103e-05,745.6,138.415317071486,0.0,damaging,CAD
CARD11 (84433)_damaging,0,0.00010725598188953507,745.8,350.21165029164865,0.0,damaging,CARD11
FES (2242)_damaging,0,0.00010917850017468957,746.0,372.06383860837644,0.0,damaging,FES
FBN1 (2200)_damaging,0,9.965369321781005e-05,746.4,226.32675493630884,0.0,damaging,FBN1
ITGAV (3685)_damaging,0,0.00010518795035606235,747.0,,0.0,damaging,ITGAV
ARAP2 (116984)_damaging,0,8.774306330991646e-05,748.5,119.50104602052653,0.0,damaging,ARAP2
ADGRB3 (577)_damaging,0,9.768930414289696e-05,748.8,211.0028435827347,0.0,damaging,ADGRB3
IKZF1 (10320)_damaging,0,0.00010019988525660082,749.0,,0.0,damaging,IKZF1
RASA1 (5921)_damaging,0,0.00010066525585286671,749.0,267.2031062693695,0.0,damaging,RASA1
ZMYM2 (7750)_damaging,0,0.00010009765381968057,750.0,,0.0,damaging,ZMYM2
WDR75 (84128)_damaging,0,0.00010009704409606016,751.0,,0.0,damaging,WDR75
NAV2 (89797)_damaging,0,9.828614341594003e-05,751.6,185.60926701002836,0.0,damaging,NAV2
ADCY8 (114)_damaging,0,0.00010657709612138789,752.0,290.16547003391014,0.0,damaging,ADCY8
MED23 (9439)_damaging,0,9.693787681087317e-05,752.2,156.5110219760896,0.0,damaging,MED23
SCN3A (6328)_damaging,0,0.00011025475800802648,753.8,487.3132462800493,0.0,damaging,SCN3A
FLNB (2317)_damaging,0,0.00010005048701974108,754.6,306.9035679166992,0.0,damaging,FLNB
REV1 (51455)_damaging,0,0.00010160754239850295,755.0,,0.0,damaging,REV1
RUNX1 (861)_damaging,0,0.00010237392618149172,755.5,211.4249275747777,0.0,damaging,RUNX1
ATRNL1 (26033)_damaging,0,9.58495964018768e-05,756.0,219.48690165930176,0.0,damaging,ATRNL1
ITGA1 (3672)_damaging,0,9.011142507789249e-05,756.0,254.55844122715712,0.0,damaging,ITGA1
SCN1A (6323)_damaging,0,9.669161065538613e-05,757.0,184.29867064089203,0.0,damaging,SCN1A
CFAP91 (89876)_damaging,0,9.411550405002123e-05,757.75,97.02018690286403,0.0,damaging,CFAP91
TCHH (7062)_damaging,0,9.872379647633018e-05,759.0,,0.0,damaging,TCHH
GRID2 (2895)_damaging,0,9.485463953098684e-05,759.3333333333334,216.61101849475097,0.0,damaging,GRID2
ARHGAP5 (394)_damaging,0,0.00010190671656309855,759.5,170.41273426595797,0.0,damaging,ARHGAP5
SAMD9 (54809)_damaging,0,9.709715171409866e-05,760.2,183.8755013589358,0.0,damaging,SAMD9
TERT (7015)_damaging,0,9.372995787509117e-05,760.25,188.833921740772,0.0,damaging,TERT
HUWE1 (10075)_damaging,0,9.672038221348383e-05,760.6,131.66738396429088,0.0,damaging,HUWE1
FRYL (285527)_damaging,0,9.47366763357252e-05,761.4,200.04574476854037,0.0,damaging,FRYL
AP3D1 (8943)_damaging,0,0.00010297577967110511,761.5,311.5183247686509,0.0,damaging,AP3D1
KIF15 (56992)_damaging,0,9.447054153514936e-05,761.5,178.83418763387124,0.0,damaging,KIF15
SAMHD1 (25939)_damaging,0,9.509738931266628e-05,761.5,163.4920997071928,0.0,damaging,SAMHD1
GBP1 (2633)_damaging,0,0.00010066495245643131,762.0,,0.0,damaging,GBP1
NLRP3 (114548)_damaging,0,9.571810116235831e-05,762.25,272.16829964809153,0.0,damaging,NLRP3
CAMSAP1 (157922)_damaging,0,9.791162241371785e-05,762.75,271.1732226210152,0.0,damaging,CAMSAP1
CSF2RB (1439)_damaging,0,9.905186552119268e-05,763.2,240.2783802176134,0.0,damaging,CSF2RB
KDM2B (84678)_damaging,0,9.674186029302718e-05,763.6,164.22027889392956,0.0,damaging,KDM2B
ALPK2 (115701)_damaging,0,9.65379741949072e-05,765.8,244.17862314297705,0.0,damaging,ALPK2
BRWD3 (254065)_damaging,0,0.00011056340618022996,766.0,322.44999612342997,0.0,damaging,BRWD3
MYT1L (23040)_damaging,0,0.00010225161054488205,766.3333333333334,246.37843520351643,0.0,damaging,MYT1L
SCN9A (6335)_damaging,0,9.824391945719945e-05,766.6,274.48369714793625,0.0,damaging,SCN9A
ZNF609 (23060)_damaging,0,9.802898466682037e-05,766.8,336.27473886689734,0.0,damaging,ZNF609
ADAMTSL3 (57188)_damaging,0,9.731565521335522e-05,767.6,248.09232152567722,0.0,damaging,ADAMTSL3
SLIT1 (6585)_damaging,0,9.646581474236668e-05,768.25,293.1431675251304,0.0,damaging,SLIT1
CNTNAP2 (26047)_damaging,0,9.401425875548473e-05,770.4,102.7608875010332,0.0,damaging,CNTNAP2
RBM6 (10180)_damaging,0,0.00010472102927574279,770.4,354.56000902527063,0.0,damaging,RBM6
HFM1 (164045)_damaging,0,9.31598190857581e-05,771.75,130.9564176866996,0.0,damaging,HFM1
CPAMD8 (27151)_damaging,0,0.000112037386061056,771.8,434.543093375099,0.0,damaging,CPAMD8
FBXL13 (222235)_damaging,0,0.00010089361436919352,772.0,178.23205847059802,0.0,damaging,FBXL13
BAZ2B (29994)_damaging,0,9.832378762953886e-05,772.2,319.83620808157417,0.0,damaging,BAZ2B
ARHGAP35 (2909)_damaging,0,0.00010320860415384114,772.4,297.8939408581517,0.0,damaging,ARHGAP35
HIP1R (9026)_damaging,0,0.00010103840596965385,773.5,309.00566337852126,0.0,damaging,HIP1R
SKOR2 (652991)_damaging,0,9.618081511830764e-05,773.6,210.37181370136068,0.0,damaging,SKOR2
ETV6 (2120)_damaging,0,9.912778982318418e-05,774.0,,0.0,damaging,ETV6
GAPVD1 (26130)_damaging,0,9.725759809393792e-05,775.0,,0.0,damaging,GAPVD1
DNAH8 (1769)_damaging,0,9.572775405436941e-05,775.8,223.11140714898465,0.0,damaging,DNAH8
ENTREP2 (23359)_damaging,0,9.81761543540004e-05,776.0,130.10764773832474,0.0,damaging,ENTREP2
CUX1 (1523)_damaging,0,9.576428768761266e-05,776.2,254.47534261692232,0.0,damaging,CUX1
CORO7 (79585)_damaging,0,8.444993708257197e-05,776.5,36.062445840513924,0.0,damaging,CORO7
DIAPH3 (81624)_damaging,0,0.00010040327805274779,776.5,92.63098833543772,0.0,damaging,DIAPH3
ARSK (153642)_damaging,0,9.437650364340249e-05,777.2,120.60762828279145,0.0,damaging,ARSK
ABI3BP (25890)_damaging,0,9.379938920753422e-05,777.75,210.46515942866492,0.0,damaging,ABI3BP
F5 (2153)_damaging,0,9.413230330011721e-05,778.0,285.6842662801016,0.0,damaging,F5
GAK (2580)_damaging,0,9.774684665342365e-05,778.0,,0.0,damaging,GAK
TNRC18 (84629)_damaging,0,0.00010603071345946683,778.4,400.0003749998242,0.0,damaging,TNRC18
WWC2 (80014)_damaging,0,8.938281262672015e-05,778.6666666666666,72.70717525343242,0.0,damaging,WWC2
CCDC18 (343099)_damaging,0,9.895974359430715e-05,779.0,,0.0,damaging,CCDC18
MYO18B (84700)_damaging,0,9.397542680033079e-05,779.2,150.92448442847171,0.0,damaging,MYO18B
NRXN2 (9379)_damaging,0,0.00010480910356468305,780.5,244.73182601914831,0.0,damaging,NRXN2
PLEKHA6 (22874)_damaging,0,9.448104326219262e-05,781.0,213.4150885012585,0.0,damaging,PLEKHA6
DDX60 (55601)_damaging,0,0.0001033777854686688,781.25,286.5093075858677,0.0,damaging,DDX60
UBAP2L (9898)_damaging,0,9.043213648640115e-05,781.3333333333334,201.7531495004064,0.0,damaging,UBAP2L
ADGRA2 (25960)_damaging,0,9.407155904413287e-05,782.0,202.94950110803427,0.0,damaging,ADGRA2
MUC12 (10071)_damaging,0,9.308294542411905e-05,782.0,160.66528353484875,0.0,damaging,MUC12
SAGE1 (55511)_damaging,0,9.892265540900394e-05,782.5,123.74368670764582,0.0,damaging,SAGE1
DTX4 (23220)_damaging,0,9.370371895068801e-05,782.75,222.7485503132774,0.0,damaging,DTX4
EPB41L5 (57669)_damaging,0,9.80119374144352e-05,783.0,138.144851514633,0.0,damaging,EPB41L5
MYH13 (8735)_damaging,0,9.873220634971545e-05,784.0,320.5643461147855,0.0,damaging,MYH13
CCDC178 (374864)_damaging,0,0.00010392267260703485,784.2,318.50463104953434,0.0,damaging,CCDC178
IGF2R (3482)_damaging,0,9.291624578373531e-05,786.5,275.1248201574454,0.0,damaging,IGF2R
KIF4A (24137)_damaging,0,0.00010552431485339287,789.3333333333334,483.6789568849707,0.0,damaging,KIF4A
DNA2 (1763)_damaging,0,8.424308695529049e-05,789.5,224.15284963613556,0.0,damaging,DNA2
TASOR2 (54906)_damaging,0,9.930642757435337e-05,790.0,,0.0,damaging,TASOR2
ZNF668 (79759)_damaging,0,9.752237336719039e-05,790.0,65.05382386916237,0.0,damaging,ZNF668
SCAF8 (22828)_damaging,0,9.92566649945788e-05,790.2,361.9015059377344,0.0,damaging,SCAF8
PITRM1 (10531)_damaging,0,8.763477185655222e-05,790.3333333333334,306.6990924886041,0.0,damaging,PITRM1
CTNNA3 (29119)_damaging,0,0.0001021092396863087,793.0,404.4490079107625,0.0,damaging,CTNNA3
COL4A6 (1288)_damaging,0,9.47286458054862e-05,793.8,336.3238023096195,0.0,damaging,COL4A6
SORL1 (6653)_damaging,0,9.16670624371189e-05,794.2,262.9870719255986,0.0,damaging,SORL1
FLNC (2318)_damaging,0,9.486024059140622e-05,794.6,272.9272796918622,0.0,damaging,FLNC
SFSWAP (6433)_damaging,0,9.59769680432717e-05,795.0,91.09884741312592,0.0,damaging,SFSWAP
DOCK8 (81704)_damaging,0,9.160779435777761e-05,795.6,156.9308765030005,0.0,damaging,DOCK8
ITGA4 (3676)_damaging,0,9.785175665675385e-05,796.0,142.255638435412,0.0,damaging,ITGA4
MYH7B (57644)_damaging,0,9.262910742210953e-05,796.0,201.64696873496513,0.0,damaging,MYH7B
CFAP61 (26074)_damaging,0,9.92278937135274e-05,796.5,255.77659522846625,0.0,damaging,CFAP61
USP26 (83844)_damaging,0,9.272671436138231e-05,797.0,214.74752617899932,0.0,damaging,USP26
DMBT1 (1755)_damaging,0,9.107989290361636e-05,798.0,135.96690773861116,0.0,damaging,DMBT1
MSH4 (4438)_damaging,0,8.283069393962445e-05,798.0,128.69343417595164,0.0,damaging,MSH4
COL9A1 (1297)_damaging,0,9.597323031839981e-05,799.2,420.9616372070025,0.0,damaging,COL9A1
DNHD1 (144132)_damaging,0,9.463244915689553e-05,799.75,349.59631481658,0.0,damaging,DNHD1
BPTF (2186)_damaging,0,9.159019085448671e-05,800.2,238.67802580044943,0.0,damaging,BPTF
ANKRD26 (22852)_damaging,0,9.424274179564297e-05,800.4,282.74069392289465,0.0,damaging,ANKRD26
CRACDL (343990)_damaging,0,9.349792182111482e-05,801.4,279.1402873108789,0.0,damaging,CRACDL
GLI3 (2737)_damaging,0,9.748486432675178e-05,801.5,286.87918479155417,0.0,damaging,GLI3
ADGRG6 (57211)_damaging,0,9.672472494451673e-05,802.5,284.9640328181787,0.0,damaging,ADGRG6
ERBB3 (2065)_damaging,0,9.422417086201865e-05,803.0,,0.0,damaging,ERBB3
MPL (4352)_damaging,0,9.346334538567226e-05,804.0,,0.0,damaging,MPL
LUZP1 (7798)_damaging,0,0.00010143919836760913,804.3333333333334,338.2917872685255,0.0,damaging,LUZP1
CNTNAP5 (129684)_damaging,0,9.27837275296792e-05,805.6,226.99955947093818,0.0,damaging,CNTNAP5
POLE (5426)_damaging,0,9.20576352840467e-05,805.6,207.93580740218843,0.0,damaging,POLE
SERHL2 (253190)_damaging,0,9.62931330958926e-05,807.0,,0.0,damaging,SERHL2
LRIG3 (121227)_damaging,0,6.452145816195731e-05,808.0,,0.0,damaging,LRIG3
TTC21B (79809)_damaging,0,0.00010513759912152165,808.0,352.5421960560182,0.0,damaging,TTC21B
NRK (203447)_damaging,0,9.213196073515028e-05,808.6,224.5680297816232,0.0,damaging,NRK
CACNA1S (779)_damaging,0,9.027927613935785e-05,808.8,168.88368778541047,0.0,damaging,CACNA1S
FMR1 (2332)_damaging,0,8.615985725852376e-05,809.0,106.65833300778706,0.0,damaging,FMR1
TP53BP1 (7158)_damaging,0,8.945577416906871e-05,811.2,167.68333250505253,0.0,damaging,TP53BP1
EML6 (400954)_damaging,0,9.003649872984021e-05,811.6,141.86190468198288,0.0,damaging,EML6
EPHA7 (2045)_damaging,0,8.940430252976094e-05,811.6,143.20020949705344,0.0,damaging,EPHA7
CEP126 (57562)_damaging,0,9.007809270750443e-05,811.8,175.4913103261811,0.0,damaging,CEP126
TG (7038)_damaging,0,0.00010193868820786229,812.25,294.2690095813693,0.0,damaging,TG
DEPDC5 (9681)_damaging,0,9.111875588276438e-05,812.4,221.4854397020265,0.0,damaging,DEPDC5
PALB2 (79728)_damaging,0,9.276314990506841e-05,812.8,305.07654777121104,0.0,damaging,PALB2
BLM (641)_damaging,0,9.582366471847184e-05,813.2,305.90145472030696,0.0,damaging,BLM
NCOR1 (9611)_damaging,0,9.299242174565798e-05,814.6,362.2109882375188,0.0,damaging,NCOR1
CCDC171 (203238)_damaging,0,9.85492865393034e-05,815.0,405.87929240107826,0.0,damaging,CCDC171
ALDH1L2 (160428)_damaging,0,0.00010871490472886228,815.4,347.5274089910032,0.0,damaging,ALDH1L2
KLF3 (51274)_damaging,0,9.678467777473368e-05,816.0,,0.0,damaging,KLF3
ARHGAP17 (55114)_damaging,0,8.85454424806773e-05,817.25,240.2892354365186,0.0,damaging,ARHGAP17
TECTA (7007)_damaging,0,9.957075849843482e-05,817.4,336.27191378406854,0.0,damaging,TECTA
ABCA9 (10350)_damaging,0,9.925427965820257e-05,817.8,347.9277223792321,0.0,damaging,ABCA9
USP43 (124739)_damaging,0,9.545026026079926e-05,818.0,,0.0,damaging,USP43
B2M (567)_damaging,0,9.157590703812121e-05,818.8,281.8469442800471,0.0,damaging,B2M
SVIL (6840)_damaging,0,9.058090233639967e-05,819.2,302.78655848633707,0.0,damaging,SVIL
NALCN (259232)_damaging,0,8.873837387479002e-05,819.6,123.6640610686872,0.0,damaging,NALCN
CRYBG3 (131544)_damaging,0,9.135881941728784e-05,820.0,343.37079083696096,0.0,damaging,CRYBG3
MCM3AP (8888)_damaging,0,9.176619836425565e-05,820.0,,0.0,damaging,MCM3AP
SRCIN1 (80725)_damaging,0,8.980751268395951e-05,820.5,327.5571197007732,0.0,damaging,SRCIN1
DDC (1644)_damaging,0,8.301130788380525e-05,821.0,292.74220741123065,0.0,damaging,DDC
MAP4K4 (9448)_damaging,0,9.481503656659877e-05,821.0,,0.0,damaging,MAP4K4
RXFP2 (122042)_damaging,0,9.238008549139549e-05,821.0,,0.0,damaging,RXFP2
C2CD3 (26005)_damaging,0,8.754096628708601e-05,823.0,159.3549497191725,0.0,damaging,C2CD3
CDK13 (8621)_damaging,0,9.282045557629386e-05,823.6,289.2910299335256,0.0,damaging,CDK13
NLRP4 (147945)_damaging,0,9.114108589620965e-05,824.0,368.15553778260625,0.0,damaging,NLRP4
EGF (1950)_damaging,0,9.591130300754604e-05,824.5,365.57420587344507,0.0,damaging,EGF
PLCB4 (5332)_damaging,0,9.397602785891543e-05,825.8,307.90128288138067,0.0,damaging,PLCB4
VWDE (221806)_damaging,0,9.028452780046243e-05,825.8,324.8710513419132,0.0,damaging,VWDE
CDH22 (64405)_damaging,0,9.36822444024683e-05,826.0,,0.0,damaging,CDH22
MAP4K1 (11184)_damaging,0,9.612941761532543e-05,826.0,,0.0,damaging,MAP4K1
GPRC6A (222545)_damaging,0,9.077093894705063e-05,827.0,,0.0,damaging,GPRC6A
MEGF8 (1954)_damaging,0,9.226670197857081e-05,827.2,349.2688076539329,0.0,damaging,MEGF8
SMCHD1 (23347)_damaging,0,9.07927688930863e-05,828.4,351.4965149187115,0.0,damaging,SMCHD1
CDH15 (1013)_damaging,0,9.509327875556738e-05,828.5,247.8137741665436,0.0,damaging,CDH15
ZNF569 (148266)_damaging,0,9.530549895047632e-05,829.0,,0.0,damaging,ZNF569
CDH12 (1010)_damaging,0,8.212318313840692e-05,830.3333333333334,94.10809387790901,0.0,damaging,CDH12
DNAH17 (8632)_damaging,0,8.79386548415402e-05,832.0,261.3541658363226,0.0,damaging,DNAH17
NYNRIN (57523)_damaging,0,9.178888776883919e-05,832.6,400.82639633636904,0.0,damaging,NYNRIN
AOX1 (316)_damaging,0,9.142739578555018e-05,833.0,103.23759005323593,0.0,damaging,AOX1
MYLK (4638)_damaging,0,8.991250755329041e-05,833.0,,0.0,damaging,MYLK
UMODL1 (89766)_damaging,0,9.309539303444898e-05,833.0,,0.0,damaging,UMODL1
STAB1 (23166)_damaging,0,8.807853913276146e-05,834.2,212.77617347814112,0.0,damaging,STAB1
COL28A1 (340267)_damaging,0,0.00010213973293679716,834.75,507.9136245465365,0.0,damaging,COL28A1
ZNF316 (100131017)_damaging,0,8.984557580645305e-05,835.0,,0.0,damaging,ZNF316
NCOA6 (23054)_damaging,0,8.973399029089112e-05,835.8,292.71778217252194,0.0,damaging,NCOA6
TPO (7173)_damaging,0,9.466959201376632e-05,836.3333333333334,245.91936347781427,0.0,damaging,TPO
MAP2 (4133)_damaging,0,8.981790677603583e-05,836.6,235.13464227969473,0.0,damaging,MAP2
CD93 (22918)_damaging,0,9.424355266003156e-05,837.0,203.5755388056237,0.0,damaging,CD93
ZC3H4 (23211)_damaging,0,9.162824322058694e-05,837.0,32.526911934581186,0.0,damaging,ZC3H4
ARHGEF26 (26084)_damaging,0,9.268140106259636e-05,838.0,371.9132963474148,0.0,damaging,ARHGEF26
KIF5A (3798)_damaging,0,9.596528555525416e-05,838.0,434.16356364854016,0.0,damaging,KIF5A
MROH2A (339766)_damaging,0,9.199985115057287e-05,838.3333333333334,141.21024514295462,0.0,damaging,MROH2A
COL11A2 (1302)_damaging,0,8.581409348584954e-05,839.6,252.45752117930653,0.0,damaging,COL11A2
ADCY10 (55811)_damaging,0,9.400371153531079e-05,840.5,306.1772362537751,0.0,damaging,ADCY10
KIF1A (547)_damaging,0,8.645800820338973e-05,841.4,212.69649738535895,0.0,damaging,KIF1A
NRIP1 (8204)_damaging,0,9.601436082268119e-05,842.4,351.8015065345798,0.0,damaging,NRIP1
WDR17 (116966)_damaging,0,8.342539080365924e-05,844.0,207.72578077840987,0.0,damaging,WDR17
ATP2B4 (493)_damaging,0,9.740749252606759e-05,846.5,381.53068902339515,0.0,damaging,ATP2B4
HELZ2 (85441)_damaging,0,8.501878348335571e-05,846.8,162.5106150379107,0.0,damaging,HELZ2
ZNF804B (219578)_damaging,0,8.617438123863051e-05,846.8,253.78869163144364,0.0,damaging,ZNF804B
CDH8 (1006)_damaging,0,8.31365552593415e-05,849.25,73.32746188616287,0.0,damaging,CDH8
HDAC9 (9734)_damaging,0,9.161363812058094e-05,849.5,9.192388155425117,0.0,damaging,HDAC9
RNF111 (54778)_damaging,0,8.161160689084453e-05,850.0,175.8379936191266,0.0,damaging,RNF111
SETDB1 (9869)_damaging,0,9.18089026290321e-05,850.0,,0.0,damaging,SETDB1
ANK1 (286)_damaging,0,8.529706590453261e-05,850.2,324.69554970772236,0.0,damaging,ANK1
CNTN4 (152330)_damaging,0,8.856921041271553e-05,850.4,276.6564656753932,0.0,damaging,CNTN4
CACNA1A (773)_damaging,0,9.157571983487644e-05,850.6,321.65711557495507,0.0,damaging,CACNA1A
MYO7A (4647)_damaging,0,8.695790305191076e-05,850.8,269.4952689751714,0.0,damaging,MYO7A
CACNA1D (776)_damaging,0,9.090632904797067e-05,851.0,255.9726547895302,0.0,damaging,CACNA1D
ROBO2 (6092)_damaging,0,8.7595668579176e-05,852.0,321.05762722601685,0.0,damaging,ROBO2
BSN (8927)_damaging,0,8.714928561234294e-05,852.8,369.68121402094533,0.0,damaging,BSN
TTK (7272)_damaging,0,8.400504079211412e-05,853.0,245.1054194967273,0.0,damaging,TTK
PDZD2 (23037)_damaging,0,8.637199135570967e-05,853.2,289.8218418270093,0.0,damaging,PDZD2
MRC2 (9902)_damaging,0,9.207933245210595e-05,853.25,193.7547848871523,0.0,damaging,MRC2
ATP10D (57205)_damaging,0,9.091541372573726e-05,854.0,,0.0,damaging,ATP10D
ABCA8 (10351)_damaging,0,8.73233704840012e-05,855.6,298.9469852666188,0.0,damaging,ABCA8
CNTN6 (27255)_damaging,0,8.303639264917731e-05,856.0,64.84211594326638,0.0,damaging,CNTN6
DOCK11 (139818)_damaging,0,8.337351289310944e-05,856.5,243.87496796514398,0.0,damaging,DOCK11
GRM7 (2917)_damaging,0,9.060956692777256e-05,857.0,361.3052725881536,0.0,damaging,GRM7
PKD1L2 (114780)_damaging,0,8.417778435290725e-05,857.25,257.030964412202,0.0,damaging,PKD1L2
CNTLN (54875)_damaging,0,9.398277016334486e-05,857.75,258.74746375568594,0.0,damaging,CNTLN
MYO3B (140469)_damaging,0,8.753086567614998e-05,858.0,,0.0,damaging,MYO3B
SYCP1 (6847)_damaging,0,9.708655418637872e-05,858.8,390.64971521812225,0.0,damaging,SYCP1
AFF2 (2334)_damaging,0,8.570842929953503e-05,859.0,357.137928537421,0.0,damaging,AFF2
FREM1 (158326)_damaging,0,0.00011218404192944782,859.0,504.8319852518592,0.0,damaging,FREM1
PHF3 (23469)_damaging,0,8.866045029201053e-05,859.0,295.23126528198196,0.0,damaging,PHF3
HCN1 (348980)_damaging,0,8.680030421019944e-05,859.6,308.0329527826528,0.0,damaging,HCN1
SOX9 (6662)_damaging,0,8.43543710195289e-05,860.0,259.05340504742776,0.0,damaging,SOX9
A2ML1 (144568)_damaging,0,9.250260937054514e-05,860.6666666666666,296.7462440088052,0.0,damaging,A2ML1
ANKS1B (56899)_damaging,0,9.184309768067703e-05,861.25,352.6862392174287,0.0,damaging,ANKS1B
ICE1 (23379)_damaging,0,8.388564220192937e-05,861.4,222.83581399766064,0.0,damaging,ICE1
CCDC88A (55704)_damaging,0,8.23454726193278e-05,862.6,150.75576274225804,0.0,damaging,CCDC88A
MAGEC1 (9947)_damaging,0,8.896812736258797e-05,863.0,82.02438661763951,0.0,damaging,MAGEC1
PLEC (5339)_damaging,0,8.688569327647942e-05,864.8,356.1807125603519,0.0,damaging,PLEC
TACC2 (10579)_damaging,0,8.199334081479071e-05,865.6,299.2161426126605,0.0,damaging,TACC2
SCN4A (6329)_damaging,0,8.509632056779196e-05,866.2,408.80154109298564,0.0,damaging,SCN4A
SHPRH (257218)_damaging,0,8.638271041944978e-05,866.2,391.78973952874264,0.0,damaging,SHPRH
IQGAP1 (8826)_damaging,0,8.351214051379833e-05,867.2,205.19186143704627,0.0,damaging,IQGAP1
PXDN (7837)_damaging,0,9.152683319126116e-05,868.0,278.5617824947756,0.0,damaging,PXDN
COL6A1 (1291)_damaging,0,7.765613992627268e-05,868.6666666666666,143.2701411087926,0.0,damaging,COL6A1
LBP (3929)_damaging,0,5.7353644031509666e-05,869.0,,0.0,damaging,LBP
DPP10 (57628)_damaging,0,8.37904545440507e-05,869.6,219.08057878324132,0.0,damaging,DPP10
FKBP15 (23307)_damaging,0,8.06156785219225e-05,869.75,251.7834717900813,0.0,damaging,FKBP15
COL4A2 (1284)_damaging,0,8.142195730058321e-05,869.8,134.40870507522942,0.0,damaging,COL4A2
CIITA (4261)_damaging,0,8.58667193560429e-05,870.0,,0.0,damaging,CIITA
GRM8 (2918)_damaging,0,8.591963145042267e-05,870.0,309.44466387385,0.0,damaging,GRM8
TJP2 (9414)_damaging,0,8.846751032824161e-05,870.0,107.48023074035522,0.0,damaging,TJP2
OTOF (9381)_damaging,0,8.100149507914633e-05,870.4,160.86422846611984,0.0,damaging,OTOF
PPP1R3A (5506)_damaging,0,8.447089094465289e-05,870.4,296.7815695086203,0.0,damaging,PPP1R3A
SORCS1 (114815)_damaging,0,7.959562376977068e-05,870.6,271.63909880575,0.0,damaging,SORCS1
RPTOR (57521)_damaging,0,8.115344351390965e-05,870.75,259.9709919715403,0.0,damaging,RPTOR
TNRC6A (27327)_damaging,0,9.513554686854114e-05,871.6,475.4621961838817,0.0,damaging,TNRC6A
MUC5B (727897)_damaging,0,8.214466655748071e-05,872.4,267.7317687537286,0.0,damaging,MUC5B
ARHGEF1 (9138)_damaging,0,8.47211680309904e-05,873.0,406.2253069418497,0.0,damaging,ARHGEF1
CREBBP (1387)_hotspot,0,8.191939228533979e-05,873.6,195.7327259300294,0.0,hotspot,CREBBP
MAST2 (23139)_damaging,0,8.250788035936108e-05,873.8,270.4703310901216,0.0,damaging,MAST2
DNM2 (1785)_damaging,0,8.232808155736643e-05,874.5,334.2100138136698,0.0,damaging,DNM2
NKTR (4820)_damaging,0,5.616277960164832e-05,875.0,,0.0,damaging,NKTR
MAGI2 (9863)_damaging,0,8.222855493463488e-05,875.8,141.5722430422009,0.0,damaging,MAGI2
MARF1 (9665)_damaging,0,8.841767524761104e-05,876.0,,0.0,damaging,MARF1
ADAMTS9 (56999)_damaging,0,7.61343389741924e-05,877.6666666666666,79.12226825194874,0.0,damaging,ADAMTS9
ANO5 (203859)_damaging,0,5.56417264433869e-05,878.0,,0.0,damaging,ANO5
VWA5B1 (127731)_damaging,0,8.987019233840854e-05,878.0,138.59292911256333,0.0,damaging,VWA5B1
DAZAP1 (26528)_damaging,0,7.92128919161728e-05,878.3333333333334,205.66072384714914,0.0,damaging,DAZAP1
KIF20B (9585)_damaging,0,8.254163531222066e-05,878.4,251.0424266931787,0.0,damaging,KIF20B
CACNA1F (778)_damaging,0,7.138574018506711e-05,883.5,157.6848122046001,0.0,damaging,CACNA1F
RIN1 (9610)_damaging,0,8.653676172185146e-05,883.5,373.8497915830189,0.0,damaging,RIN1
HEATR5B (54497)_damaging,0,7.918089138051261e-05,883.75,184.66975027509693,0.0,damaging,HEATR5B
INTS2 (57508)_damaging,0,8.706277126674891e-05,884.0,,0.0,damaging,INTS2
AKAP13 (11214)_damaging,0,9.660099343167909e-05,884.2,418.31531169681085,0.0,damaging,AKAP13
SNHG14 (104472715)_damaging,0,9.285554989844791e-05,886.0,483.6610383315985,0.0,damaging,SNHG14
ANK2 (287)_damaging,0,8.026724564515139e-05,886.4,124.210708073016,0.0,damaging,ANK2
SAMD9L (219285)_damaging,0,7.859619363396907e-05,888.4,365.9450778463894,0.0,damaging,SAMD9L
SLC26A3 (1811)_damaging,0,8.424893854938549e-05,889.0,,0.0,damaging,SLC26A3
TLE4 (7091)_damaging,0,8.859667356735318e-05,890.3333333333334,309.08305248481895,0.0,damaging,TLE4
SLITRK4 (139065)_damaging,0,8.406896926115336e-05,891.0,,0.0,damaging,SLITRK4
ALK (238)_damaging,0,7.939386460708954e-05,892.4,233.6349716973039,0.0,damaging,ALK
NAA25 (80018)_damaging,0,8.596031910794273e-05,892.5,118.08683245815344,0.0,damaging,NAA25
SLC5A7 (60482)_damaging,0,8.453135834229291e-05,893.5,173.24116139070415,0.0,damaging,SLC5A7
ANKRD12 (23253)_damaging,0,8.697489883728376e-05,893.75,283.1187913226531,0.0,damaging,ANKRD12
ATP8A1 (10396)_damaging,0,8.856583765010995e-05,894.0,405.87929240107826,0.0,damaging,ATP8A1
SMARCA2 (6595)_damaging,0,7.901827373729152e-05,894.75,284.9530663109278,0.0,damaging,SMARCA2
RAPGEF5 (9771)_damaging,0,8.351482395211438e-05,895.0,,0.0,damaging,RAPGEF5
CPEB2 (132864)_damaging,0,8.410360638519034e-05,896.3333333333334,456.58989622344177,0.0,damaging,CPEB2
DOP1B (9980)_damaging,0,8.33548455537914e-05,897.0,362.93456710542193,0.0,damaging,DOP1B
EGFR (1956)_damaging,0,8.696486397072789e-05,897.0,277.07941099980707,0.0,damaging,EGFR
UTRN (7402)_damaging,0,8.016952652365569e-05,898.0,323.3133155315444,0.0,damaging,UTRN
CRAMP1 (57585)_damaging,0,7.998538367770278e-05,898.25,328.4817346520199,0.0,damaging,CRAMP1
AP3B2 (8120)_damaging,0,6.944527710276619e-05,899.0,15.556349186104045,0.0,damaging,AP3B2
COL2A1 (1280)_damaging,0,8.016243849173677e-05,899.4,299.9288248901729,0.0,damaging,COL2A1
PCSK5 (5125)_damaging,0,7.973429703053807e-05,899.6,273.0179481279573,0.0,damaging,PCSK5
BRSK1 (84446)_damaging,0,8.615829397088145e-05,900.2,445.0637033054931,0.0,damaging,BRSK1
COL11A1 (1301)_damaging,0,7.913726934148295e-05,900.6,200.20939038916234,0.0,damaging,COL11A1
WDR87 (83889)_damaging,0,7.87296001278228e-05,901.2,131.44656709096665,0.0,damaging,WDR87
SH3PXD2A (9644)_damaging,0,8.344297742027053e-05,902.5,176.06958851545033,0.0,damaging,SH3PXD2A
PTCH1 (5727)_damaging,0,7.817905255985466e-05,903.2,264.94848555898557,0.0,damaging,PTCH1
PPM1D (8493)_damaging,0,9.330062270988775e-05,903.5,400.98337455144775,0.0,damaging,PPM1D
SPHKAP (80309)_damaging,0,8.143259810952255e-05,903.6,319.80431516788514,0.0,damaging,SPHKAP
OR4K5 (79317)_damaging,0,8.22111018482149e-05,904.0,,0.0,damaging,OR4K5
SLITRK2 (84631)_damaging,0,8.082135808234312e-05,905.8,276.41671440055865,0.0,damaging,SLITRK2
IQUB (154865)_damaging,0,8.402767392695031e-05,906.3333333333334,200.023331972381,0.0,damaging,IQUB
EXPH5 (23086)_damaging,0,7.781354030012354e-05,906.4,242.73813050281163,0.0,damaging,EXPH5
MAP9 (79884)_damaging,0,8.062075442578169e-05,907.2,298.30135769050736,0.0,damaging,MAP9
TOP2A (7153)_damaging,0,8.456549179385506e-05,907.2,391.9843109105261,0.0,damaging,TOP2A
CHD9 (80205)_damaging,0,8.503086232508046e-05,908.0,190.76687343456672,0.0,damaging,CHD9
PLCE1 (51196)_damaging,0,8.557161134775857e-05,908.0,314.4508440652264,0.0,damaging,PLCE1
PLXNB2 (23654)_damaging,0,8.390300293335027e-05,908.0,346.811908676735,0.0,damaging,PLXNB2
PTPRG (5793)_damaging,0,7.564592664282383e-05,908.5,188.44362552232963,0.0,damaging,PTPRG
MAP7D1 (55700)_damaging,0,8.300972398895267e-05,909.8,462.9267760672308,0.0,damaging,MAP7D1
ZIM3 (114026)_damaging,0,8.401088372747715e-05,910.0,118.08753815143523,0.0,damaging,ZIM3
UNC80 (285175)_damaging,0,7.867134174405408e-05,910.4,235.93388904521538,0.0,damaging,UNC80
C5 (727)_damaging,0,7.780871863500262e-05,911.0,201.86753082157617,0.0,damaging,C5
FANCA (2175)_damaging,0,8.790412263469541e-05,911.0,510.04705665261906,0.0,damaging,FANCA
HDAC5 (10014)_damaging,0,8.214992359329787e-05,911.0,,0.0,damaging,HDAC5
TNS1 (7145)_damaging,0,8.39403533161025e-05,911.5,170.63313472671908,0.0,damaging,TNS1
SULF1 (23213)_damaging,0,7.983523458070826e-05,912.2,336.02633825341724,0.0,damaging,SULF1
MYH9 (4627)_damaging,0,8.068644843849456e-05,912.4,341.6354782513081,0.0,damaging,MYH9
ZFC3H1 (196441)_damaging,0,8.310288156448219e-05,912.4,423.4280340270351,0.0,damaging,ZFC3H1
CTTNBP2 (83992)_damaging,0,7.641833825528566e-05,912.8,163.3667652859663,0.0,damaging,CTTNBP2
MME (4311)_damaging,0,7.630807233611927e-05,913.25,277.8901161730418,0.0,damaging,MME
MTA1 (9112)_damaging,0,7.691174689440045e-05,914.0,236.35425389303518,0.0,damaging,MTA1
PIK3C2G (5288)_damaging,0,8.734094769866985e-05,914.0,438.4062043356595,0.0,damaging,PIK3C2G
ADAMTS3 (9508)_damaging,0,8.837744472654002e-05,914.8,385.8765346584319,0.0,damaging,ADAMTS3
DPP6 (1804)_damaging,0,7.499161264605205e-05,915.75,252.5752363158352,0.0,damaging,DPP6
MYH14 (79784)_damaging,0,8.307952713668108e-05,916.0,69.29646455628166,0.0,damaging,MYH14
RNF17 (56163)_damaging,0,8.726589195283768e-05,916.25,379.2346459207896,0.0,damaging,RNF17
TENM3 (55714)_damaging,0,7.950453880900168e-05,916.8,367.8242786984024,0.0,damaging,TENM3
DNMT1 (1786)_damaging,0,8.192213065140089e-05,917.6666666666666,92.00724609145375,0.0,damaging,DNMT1
PER1 (5187)_damaging,0,8.012778948726908e-05,918.0,286.09613768801563,0.0,damaging,PER1
RFX5 (5993)_damaging,0,8.395451250952657e-05,918.0,,0.0,damaging,RFX5
AFF4 (27125)_damaging,0,7.30801733538973e-05,918.3333333333334,277.9232507965703,0.0,damaging,AFF4
LCOR (84458)_damaging,0,8.758738463670149e-05,919.2,393.76858686289336,0.0,damaging,LCOR
ZNF638 (27332)_damaging,0,7.589614420738696e-05,920.25,177.2481781758748,0.0,damaging,ZNF638
MED13 (9969)_damaging,0,7.884576382448385e-05,920.6,253.0983998369014,0.0,damaging,MED13
PLXNA2 (5362)_damaging,0,7.930570354362761e-05,920.6,372.87839840891826,0.0,damaging,PLXNA2
ODAD2 (55130)_damaging,0,7.262700482500442e-05,921.0,60.802960454241045,0.0,damaging,ODAD2
ZNF429 (353088)_damaging,0,8.292911474469441e-05,921.0,193.74725804511402,0.0,damaging,ZNF429
MECOM (2122)_damaging,0,7.93097876539693e-05,921.8,382.3188459911439,0.0,damaging,MECOM
MCF2 (4168)_damaging,0,8.261859045878431e-05,922.0,280.0142853498728,0.0,damaging,MCF2
SLC4A8 (9498)_damaging,0,8.024428525603993e-05,922.0,,0.0,damaging,SLC4A8
REXO1 (57455)_damaging,0,8.075685538899778e-05,922.5,43.1335136523794,0.0,damaging,REXO1
ZNF536 (9745)_damaging,0,7.601622703443793e-05,923.2,267.9555933359108,0.0,damaging,ZNF536
MAP7D3 (79649)_damaging,0,7.520679061560078e-05,923.5,374.622031742217,0.0,damaging,MAP7D3
ANKRD36C (400986)_damaging,0,8.244198468439052e-05,925.0,111.72287142747452,0.0,damaging,ANKRD36C
KDM5C (8242)_damaging,0,7.371960905144994e-05,925.5,122.94307625889309,0.0,damaging,KDM5C
SHROOM3 (57619)_damaging,0,8.415502546900978e-05,925.5,276.90491749575943,0.0,damaging,SHROOM3
CCDC141 (285025)_damaging,0,7.686315338389518e-05,925.6,169.37178041220446,0.0,damaging,CCDC141
ZNF831 (128611)_damaging,0,7.836330426991972e-05,925.8,388.4864218991444,0.0,damaging,ZNF831
CIT (11113)_damaging,0,7.736138959340916e-05,926.4,371.25974734678687,0.0,damaging,CIT
EIF5B (9669)_damaging,0,7.781561157300255e-05,926.6,256.5010721225157,0.0,damaging,EIF5B
GABRA6 (2559)_damaging,0,8.096710528080991e-05,927.5,67.17514421272202,0.0,damaging,GABRA6
MCTP1 (79772)_damaging,0,8.35602809735734e-05,930.0,456.7909806465097,0.0,damaging,MCTP1
RB1CC1 (9821)_damaging,0,7.55782767627074e-05,930.0,282.00443258927686,0.0,damaging,RB1CC1
TNNI3K (51086)_damaging,0,8.273580700900114e-05,930.0,,0.0,damaging,TNNI3K
CHD2 (1106)_damaging,0,7.62991956931777e-05,930.4,306.158129077116,0.0,damaging,CHD2
IGSF9 (57549)_damaging,0,7.968127610608068e-05,931.0,2.8284271247461903,0.0,damaging,IGSF9
CHD5 (26038)_damaging,0,7.557681383631877e-05,931.6,136.7051571814319,0.0,damaging,CHD5
BAHCC1 (57597)_damaging,0,9.399064695011781e-05,932.4,472.01144053931574,0.0,damaging,BAHCC1
EPHA3 (2042)_damaging,0,7.56344102184505e-05,932.4,248.2927707364836,0.0,damaging,EPHA3
NARF (26502)_damaging,0,8.267682166361741e-05,933.6666666666666,306.31737354145184,0.0,damaging,NARF
WDR90 (197335)_damaging,0,8.121597398797088e-05,933.6666666666666,130.35464446399035,0.0,damaging,WDR90
GALC (2581)_damaging,0,6.871061056808311e-05,934.0,229.65408770583642,0.0,damaging,GALC
ZEB2 (9839)_damaging,0,6.317779196581115e-05,934.0,255.9726547895302,0.0,damaging,ZEB2
EXD3 (54932)_damaging,0,7.225303718014874e-05,935.0,251.3463745511361,0.0,damaging,EXD3
HECW1 (23072)_damaging,0,7.300431077063585e-05,936.25,161.46284402301353,0.0,damaging,HECW1
MARK4 (57787)_damaging,0,7.301565734057201e-05,936.3333333333334,356.8954095156357,0.0,damaging,MARK4
FHOD3 (80206)_damaging,0,7.55026393992423e-05,938.6,274.09359715250554,0.0,damaging,FHOD3
GBA2 (57704)_damaging,0,4.955016780263384e-05,939.0,,0.0,damaging,GBA2
AHNAK (79026)_damaging,0,7.405770097996617e-05,939.2,146.73343177340328,0.0,damaging,AHNAK
AFF1 (4299)_damaging,0,7.437336617751916e-05,940.4,149.2826178762953,0.0,damaging,AFF1
ANKHD1 (54882)_damaging,0,6.456620443833951e-05,940.5,60.10407640085654,0.0,damaging,ANKHD1
RXFP1 (59350)_damaging,0,7.57768243991579e-05,941.4,272.3872243700133,0.0,damaging,RXFP1
CDH11 (1009)_damaging,0,8.013882295114783e-05,942.0,71.63099887618489,0.0,damaging,CDH11
DSCAML1 (57453)_damaging,0,7.268741450609957e-05,942.0,273.04212129266796,0.0,damaging,DSCAML1
PCDH7 (5099)_damaging,0,7.618017920630944e-05,942.0,271.37335904616725,0.0,damaging,PCDH7
PHKA1 (5255)_damaging,0,8.179210741089724e-05,942.0,,0.0,damaging,PHKA1
TANC1 (85461)_damaging,0,7.847136935168929e-05,942.0,,0.0,damaging,TANC1
GLI1 (2735)_damaging,0,7.64282163061898e-05,942.6,269.3497726006094,0.0,damaging,GLI1
SALL3 (27164)_damaging,0,7.606034282078254e-05,943.8,291.74509421753777,0.0,damaging,SALL3
LAMC3 (10319)_damaging,0,7.826156244608256e-05,944.0,,0.0,damaging,LAMC3
WDR33 (55339)_damaging,0,7.113878027280486e-05,944.6666666666666,248.3673354797956,0.0,damaging,WDR33
ZFHX2 (85446)_damaging,0,8.150754561458901e-05,945.0,,0.0,damaging,ZFHX2
AFF3 (3899)_damaging,0,7.782856778827813e-05,948.0,,0.0,damaging,AFF3
WNK3 (65267)_damaging,0,7.221858315920111e-05,948.75,113.8460217428201,0.0,damaging,WNK3
ADAM28 (10863)_damaging,0,7.780130716256063e-05,949.0,,0.0,damaging,ADAM28
EPHA5 (2044)_damaging,0,7.8981907404246e-05,949.0,417.0389670042837,0.0,damaging,EPHA5
MGAM2 (93432)_damaging,0,7.24685157932384e-05,949.0,164.80442955212095,0.0,damaging,MGAM2
ZNF318 (24149)_damaging,0,7.893045369785257e-05,949.5,98.91915891272023,0.0,damaging,ZNF318
ABCC5 (10057)_damaging,0,7.778706549929023e-05,950.0,,0.0,damaging,ABCC5
ASXL3 (80816)_damaging,0,7.89570797990821e-05,950.0,341.13780206831376,0.0,damaging,ASXL3
LRGUK (136332)_damaging,0,7.877256997919916e-05,950.0,200.8183258569795,0.0,damaging,LRGUK
PRPF40B (25766)_damaging,0,6.919382298294515e-05,950.3333333333334,301.9674375381116,0.0,damaging,PRPF40B
MTCL3 (387104)_damaging,0,7.773765851696869e-05,951.0,,0.0,damaging,MTCL3
SBF2 (81846)_damaging,0,7.705466103734339e-05,952.0,408.9914424532621,0.0,damaging,SBF2
PRDM9 (56979)_damaging,0,7.275895560913766e-05,953.8,304.6394590331331,0.0,damaging,PRDM9
TRIB3 (57761)_damaging,0,4.748235687910946e-05,956.0,,0.0,damaging,TRIB3
COL5A3 (50509)_damaging,0,7.67980721459389e-05,956.2,415.2874907819883,0.0,damaging,COL5A3
CADPS2 (93664)_damaging,0,8.043528458525029e-05,956.25,299.85149101958234,0.0,damaging,CADPS2
FAM193A (8603)_damaging,0,7.438060798137332e-05,956.4,265.3927278581687,0.0,damaging,FAM193A
WIZ (58525)_damaging,0,7.932035865205294e-05,956.75,200.95832901375348,0.0,damaging,WIZ
NCAPD2 (9918)_damaging,0,4.700782864564914e-05,957.0,,0.0,damaging,NCAPD2
PLCB3 (5331)_damaging,0,7.847686653827364e-05,957.6666666666666,301.12179152849984,0.0,damaging,PLCB3
TRPM6 (140803)_damaging,0,7.66362459476219e-05,958.6,423.1652159618037,0.0,damaging,TRPM6
MDC1 (9656)_damaging,0,7.183294109141556e-05,958.8,227.7865228673549,0.0,damaging,MDC1
CCDC40 (55036)_damaging,0,4.676360874637734e-05,959.0,,0.0,damaging,CCDC40
SCN7A (6332)_damaging,0,7.242604674484999e-05,959.0,245.87395144667116,0.0,damaging,SCN7A
DNAJC13 (23317)_damaging,0,6.989031605855926e-05,959.25,270.5480548811985,0.0,damaging,DNAJC13
NUGGC (389643)_damaging,0,7.072287177820977e-05,959.8,173.93878233447538,0.0,damaging,NUGGC
PAF1 (54623)_damaging,0,7.916701798683721e-05,960.0,,0.0,damaging,PAF1
TTC14 (151613)_damaging,0,6.792020875738857e-05,960.3333333333334,121.33150181767854,0.0,damaging,TTC14
MEI1 (150365)_damaging,0,7.079775984633415e-05,960.5,117.65061269142065,0.0,damaging,MEI1
KIF21A (55605)_damaging,0,7.358386212137733e-05,960.6,232.13315144545814,0.0,damaging,KIF21A
ATG9B (285973)_damaging,0,7.921761763560912e-05,960.6666666666666,359.4194392813685,0.0,damaging,ATG9B
POLD1 (5424)_damaging,0,7.399859302864273e-05,961.2,376.0953336589009,0.0,damaging,POLD1
SDK2 (54549)_damaging,0,7.172499262524923e-05,961.2,239.18862849224251,0.0,damaging,SDK2
KNTC1 (9735)_damaging,0,7.396630667210853e-05,961.6,297.62610772578404,0.0,damaging,KNTC1
CLASP2 (23122)_damaging,0,7.170124523444097e-05,961.8,238.18207321290996,0.0,damaging,CLASP2
ARID4A (5926)_damaging,0,7.23107026957145e-05,962.8,199.71654913902353,0.0,damaging,ARID4A
NFATC1 (4772)_damaging,0,7.650485525653714e-05,963.0,,0.0,damaging,NFATC1
HIPK3 (10114)_damaging,0,7.644155927950675e-05,964.0,,0.0,damaging,HIPK3
INSRR (3645)_damaging,0,7.378443105480255e-05,964.2,307.5657653250764,0.0,damaging,INSRR
CLASP1 (23332)_damaging,0,6.953038420674417e-05,964.3333333333334,257.84943927286974,0.0,damaging,CLASP1
TAF1L (138474)_damaging,0,6.909540592023426e-05,964.75,159.37665031825293,0.0,damaging,TAF1L
LRRK1 (79705)_damaging,0,7.057684411987832e-05,965.0,266.06484172096094,0.0,damaging,LRRK1
DLG5 (9231)_damaging,0,6.624843285271663e-05,966.5,345.77521600022175,0.0,damaging,DLG5
PLEKHG6 (55200)_damaging,0,7.84911318143034e-05,967.25,283.8536888375183,0.0,damaging,PLEKHG6
ACACA (31)_damaging,0,7.042005631283195e-05,969.5,316.0089661175244,0.0,damaging,ACACA
MYH8 (4626)_damaging,0,7.323112058275714e-05,970.4,275.43474726330373,0.0,damaging,MYH8
TPR (7175)_damaging,0,7.159405290783326e-05,970.4,347.64392702879195,0.0,damaging,TPR
CAMSAP3 (57662)_damaging,0,7.233384537023023e-05,970.6,362.54213548220844,0.0,damaging,CAMSAP3
ROR2 (4920)_damaging,0,7.298743094474207e-05,970.6,298.5218584961577,0.0,damaging,ROR2
DEUP1 (159989)_damaging,0,7.832837443125382e-05,971.0,155.83003561573102,0.0,damaging,DEUP1
ZNF91 (7644)_damaging,0,6.712197070395463e-05,971.6666666666666,151.67838782546886,0.0,damaging,ZNF91
NFASC (23114)_damaging,0,6.940239044640032e-05,972.0,204.44803740804164,0.0,damaging,NFASC
PDZD8 (118987)_damaging,0,7.630206607951483e-05,972.0,8.48528137423857,0.0,damaging,PDZD8
COL16A1 (1307)_damaging,0,7.111809478956604e-05,973.0,199.41790290743708,0.0,damaging,COL16A1
NR3C1 (2908)_damaging,0,7.781924800022124e-05,973.0,188.60717554395077,0.0,damaging,NR3C1
MARCO (8685)_damaging,0,7.089168792747693e-05,973.2,204.64530290236326,0.0,damaging,MARCO
MORC1 (27136)_damaging,0,8.026257845085935e-05,973.75,329.6415983053919,0.0,damaging,MORC1
ABCC8 (6833)_damaging,0,7.152341569258956e-05,974.0,180.50900254557942,0.0,damaging,ABCC8
COL6A5 (256076)_damaging,0,6.782296632335398e-05,974.0,169.78957565174608,0.0,damaging,COL6A5
LRP4 (4038)_damaging,0,7.059120260242299e-05,974.4,121.39522231125902,0.0,damaging,LRP4
TMEM132D (121256)_damaging,0,7.048535192645843e-05,976.2,244.77785847580253,0.0,damaging,TMEM132D
JARID2 (3720)_damaging,0,9.811830074047672e-05,976.4,479.08903139186975,0.0,damaging,JARID2
CASKIN2 (57513)_damaging,0,8.443060046751775e-05,978.6666666666666,574.0821660122647,0.0,damaging,CASKIN2
BLTP3B (23074)_damaging,0,7.263137688069874e-05,979.2,330.4855518778393,0.0,damaging,BLTP3B
GABBR1 (2550)_damaging,0,7.630835279192175e-05,979.3333333333334,154.4484811622741,0.0,damaging,GABBR1
PRX (57716)_damaging,0,7.038854617089512e-05,979.6,152.31316423736985,0.0,damaging,PRX
SHOC1 (158401)_damaging,0,7.631155716658523e-05,980.0,,0.0,damaging,SHOC1
ABCA7 (10347)_damaging,0,7.073473418991044e-05,980.6,304.01858495822256,0.0,damaging,ABCA7
SETD1B (23067)_damaging,0,7.07885247296272e-05,980.6,215.80268765703545,0.0,damaging,SETD1B
PTPRD (5789)_damaging,0,6.994459119434742e-05,981.0,206.1710454937841,0.0,damaging,PTPRD
RIMS1 (22999)_damaging,0,7.11834993227297e-05,981.0,291.3485884640597,0.0,damaging,RIMS1
ZNF735 (730291)_damaging,0,7.526133771063583e-05,981.0,,0.0,damaging,ZNF735
GCC2 (9648)_damaging,0,7.617787017697418e-05,982.0,,0.0,damaging,GCC2
RCBTB2 (1102)_damaging,0,7.77959709192534e-05,982.0,,0.0,damaging,RCBTB2
ZC3H18 (124245)_damaging,0,6.77169867435052e-05,982.6,209.66711711663325,0.0,damaging,ZC3H18
SARDH (1757)_damaging,0,7.367326230787328e-05,984.0,,0.0,damaging,SARDH
KCNQ3 (3786)_damaging,0,6.430902857936798e-05,985.0,231.53257510193535,0.0,damaging,KCNQ3
TBC1D4 (9882)_damaging,0,4.3191151123702664e-05,985.0,,0.0,damaging,TBC1D4
ARHGEF12 (23365)_damaging,0,6.952729487109808e-05,985.2,300.5182190816391,0.0,damaging,ARHGEF12
GPR158 (57512)_damaging,0,6.706002331120136e-05,985.25,80.23870637042948,0.0,damaging,GPR158
CELSR3 (1951)_damaging,0,6.936728113855412e-05,985.4,120.48983359603416,0.0,damaging,CELSR3
ZSWIM6 (57688)_damaging,0,7.653813077486188e-05,985.5,82.73149339882606,0.0,damaging,ZSWIM6
ASAP1 (50807)_damaging,0,7.532046507367922e-05,985.75,130.4310162499702,0.0,damaging,ASAP1
NDST4 (64579)_damaging,0,7.74291136320119e-05,986.0,,0.0,damaging,NDST4
TRIP11 (9321)_damaging,0,7.396443869964635e-05,986.2,375.32545876878646,0.0,damaging,TRIP11
NOBOX (135935)_damaging,0,7.0329079000817e-05,986.6,368.62352068200966,0.0,damaging,NOBOX
EPRS1 (2058)_damaging,0,7.303377491474906e-05,987.0,,0.0,damaging,EPRS1
TTF2 (8458)_damaging,0,7.652329703873887e-05,987.0,5.656854249492381,0.0,damaging,TTF2
TRPA1 (8989)_damaging,0,6.877329351466745e-05,989.6,194.6363275444746,0.0,damaging,TRPA1
PEAK1 (79834)_damaging,0,7.326560640863226e-05,991.25,454.93103873004753,0.0,damaging,PEAK1
TDRD6 (221400)_damaging,0,6.827081807216732e-05,993.4,265.7532690297525,0.0,damaging,TDRD6
KIFC2 (90990)_damaging,0,6.0379414667210385e-05,995.5,603.162084352125,0.0,damaging,KIFC2
ITGB4 (3691)_damaging,0,6.956865626561667e-05,996.4,328.45821652076233,0.0,damaging,ITGB4
ATM (472)_hotspot,0,6.893407002751473e-05,998.0,309.00377559721386,0.0,hotspot,ATM
B4GALNT4 (338707)_damaging,0,6.984409553301615e-05,998.2,273.00860792290047,0.0,damaging,B4GALNT4
KCNT2 (343450)_damaging,0,6.879385319764843e-05,998.75,261.6172458637491,0.0,damaging,KCNT2
RBBP6 (5930)_damaging,0,6.864517806620058e-05,999.5,295.6546408677981,0.0,damaging,RBBP6
SEC14L5 (9717)_damaging,0,5.7623450500494806e-05,999.5,109.60155108391487,0.0,damaging,SEC14L5
EML5 (161436)_damaging,0,6.645082350724296e-05,999.6,357.2573302257072,0.0,damaging,EML5
DGKB (1607)_damaging,0,6.459796758150474e-05,1000.0,178.2918954972435,0.0,damaging,DGKB
SYCP2 (10388)_damaging,0,6.860048323988891e-05,1001.4,194.5425403350126,0.0,damaging,SYCP2
ANKFN1 (162282)_damaging,0,7.43524038705705e-05,1002.0,110.30865786510141,0.0,damaging,ANKFN1
ATP1A4 (480)_damaging,0,7.205644563521448e-05,1002.0,,0.0,damaging,ATP1A4
SLIT2 (9353)_damaging,0,6.641956242605835e-05,1002.75,248.71854910051775,0.0,damaging,SLIT2
GTF3C1 (2975)_damaging,0,6.951692794480627e-05,1002.8,351.00669509284296,0.0,damaging,GTF3C1
NOL11 (25926)_damaging,0,6.625119928724727e-05,1004.5,201.23700786220542,0.0,damaging,NOL11
PIK3CG (5294)_damaging,0,6.729810012507027e-05,1004.6,284.8109899564973,0.0,damaging,PIK3CG
TSHZ2 (128553)_damaging,0,7.196275879914404e-05,1005.0,,0.0,damaging,TSHZ2
RGL1 (23179)_damaging,0,6.684703363683001e-05,1005.6,262.39817072533106,0.0,damaging,RGL1
GRIN2B (2904)_damaging,0,6.335741665410263e-05,1006.0,160.18426889054993,0.0,damaging,GRIN2B
USP16 (10600)_damaging,0,6.251759589970153e-05,1006.5,257.80936109200275,0.0,damaging,USP16
PTPRB (5787)_damaging,0,6.792619525386756e-05,1007.4,265.78431104939204,0.0,damaging,PTPRB
PROX1 (5629)_damaging,0,7.298294291980108e-05,1007.6666666666666,286.37097152702705,0.0,damaging,PROX1
SYNCRIP (10492)_damaging,0,7.28902491993716e-05,1007.6666666666666,239.8214613693556,0.0,damaging,SYNCRIP
TLN2 (83660)_damaging,0,6.758945706370213e-05,1008.0,253.46498772019777,0.0,damaging,TLN2
FAM131B (9715)_damaging,0,3.8346519315469386e-05,1012.0,,0.0,damaging,FAM131B
MED12L (116931)_damaging,0,7.66412760247418e-05,1012.2,403.63560298863626,0.0,damaging,MED12L
SKIC3 (9652)_damaging,0,7.550811523046472e-05,1014.0,397.41539980227236,0.0,damaging,SKIC3
PTPRN2 (5799)_damaging,0,6.73359067370562e-05,1015.6,285.35644376814065,0.0,damaging,PTPRN2
TSHZ3 (57616)_damaging,0,6.773670755597638e-05,1015.8,274.75570967679636,0.0,damaging,TSHZ3
ARHGEF17 (9828)_damaging,0,7.398242557886184e-05,1016.0,306.8626185553833,0.0,damaging,ARHGEF17
KTN1 (3895)_damaging,0,6.505509251412548e-05,1016.0,147.25148556126692,0.0,damaging,KTN1
HNRNPUL1 (11100)_damaging,0,7.46891005459862e-05,1016.3333333333334,273.4526162488363,0.0,damaging,HNRNPUL1
ABCA6 (23460)_damaging,0,6.633434260484375e-05,1016.4,157.75550703541222,0.0,damaging,ABCA6
KCNH8 (131096)_damaging,0,7.22563749189378e-05,1017.6666666666666,77.00216447174282,0.0,damaging,KCNH8
MXRA8 (54587)_damaging,0,6.643145590041811e-05,1018.0,277.84618046681874,0.0,damaging,MXRA8
RAD51AP2 (729475)_damaging,0,6.611241112606113e-05,1018.4,302.23136832565876,0.0,damaging,RAD51AP2
ARID5B (84159)_damaging,0,6.597400522546118e-05,1018.6,231.32941879492975,0.0,damaging,ARID5B
FREM2 (341640)_damaging,0,6.659645583358706e-05,1018.6,252.8582606916373,0.0,damaging,FREM2
KDM4B (23030)_damaging,0,6.544944475246208e-05,1018.6,264.7306177985463,0.0,damaging,KDM4B
GOLGA2 (2801)_damaging,0,7.183829049636729e-05,1019.0,228.67589874463522,0.0,damaging,GOLGA2
PATJ (10207)_damaging,0,6.171891000682983e-05,1019.0,286.2318407631595,0.0,damaging,PATJ
UNC5D (137970)_damaging,0,6.498681963145685e-05,1020.0,239.1930879714824,0.0,damaging,UNC5D
WDFY3 (23001)_damaging,0,6.589429720806085e-05,1020.4,186.97138818546543,0.0,damaging,WDFY3
CDH6 (1004)_damaging,0,7.239143889193776e-05,1021.0,303.46553895513955,0.0,damaging,CDH6
KCNQ1 (3784)_damaging,0,6.244788150779328e-05,1021.75,143.00903234877626,0.0,damaging,KCNQ1
KCNH2 (3757)_damaging,0,7.14037466239168e-05,1022.0,114.79547029391011,0.0,damaging,KCNH2
POT1 (25913)_damaging,0,5.528917909495081e-05,1022.6666666666666,180.5777764104247,0.0,damaging,POT1
LAMA4 (3910)_damaging,0,7.226431240945868e-05,1023.0,299.8132752230961,0.0,damaging,LAMA4
TDRD5 (163589)_damaging,0,6.5874107306284e-05,1023.8,183.56388533695835,0.0,damaging,TDRD5
CFTR (1080)_damaging,0,6.652573103027226e-05,1024.0,307.0488560473724,0.0,damaging,CFTR
HIVEP2 (3097)_damaging,0,6.623525821723093e-05,1024.2,269.3514432855336,0.0,damaging,HIVEP2
DMTN (2039)_damaging,0,7.141357834681354e-05,1026.3333333333333,303.5940271700571,0.0,damaging,DMTN
AGBL1 (123624)_damaging,0,6.532118228078019e-05,1026.6,119.48347166030958,0.0,damaging,AGBL1
FMN1 (342184)_damaging,0,6.286097314506876e-05,1026.6,265.49444438631855,0.0,damaging,FMN1
ADAMTS2 (9509)_damaging,0,7.215024288805593e-05,1027.6666666666667,300.85932482363467,0.0,damaging,ADAMTS2
SORCS3 (22986)_damaging,0,6.521118958480209e-05,1027.8,234.34952528221598,0.0,damaging,SORCS3
MAP3K4 (4216)_damaging,0,6.630147163995219e-05,1028.25,387.9797030773646,0.0,damaging,MAP3K4
MN1 (4330)_damaging,0,7.071539440148623e-05,1028.75,341.9633264937436,0.0,damaging,MN1
CENPE (1062)_damaging,0,6.547653402320543e-05,1028.8,273.0031135353588,0.0,damaging,CENPE
ARMC3 (219681)_damaging,0,6.26566778493383e-05,1029.2,389.5711744983194,0.0,damaging,ARMC3
NRXN1 (9378)_damaging,0,6.374487328681308e-05,1029.2,140.86411892316653,0.0,damaging,NRXN1
KIF5C (3800)_damaging,0,6.411758631379691e-05,1030.6666666666667,388.4692179997449,0.0,damaging,KIF5C
ANO6 (196527)_damaging,0,7.166804957629312e-05,1031.5,310.41987694089437,0.0,damaging,ANO6
FSTL4 (23105)_damaging,0,7.0137424703882e-05,1031.6666666666667,152.6837690566137,0.0,damaging,FSTL4
MMS22L (253714)_damaging,0,6.533124762075385e-05,1031.8,253.7335216324402,0.0,damaging,MMS22L
DSEL (92126)_damaging,0,6.223853427630706e-05,1032.0,83.48253310323861,0.0,damaging,DSEL
ZNF687 (57592)_damaging,0,7.374246079615133e-05,1032.2,433.8671455641692,0.0,damaging,ZNF687
VARS2 (57176)_damaging,0,6.0159127447041674e-05,1034.0,284.19711469330576,0.0,damaging,VARS2
AGO1 (26523)_damaging,0,6.382927696565367e-05,1034.2,282.75643228757855,0.0,damaging,AGO1
TPTE (7179)_damaging,0,6.12365562672257e-05,1034.4,258.6180581475315,0.0,damaging,TPTE
NDUFV3 (4731)_damaging,0,6.957049971119739e-05,1034.5,456.08387386532314,0.0,damaging,NDUFV3
BRIP1 (83990)_damaging,0,5.3435595555559356e-05,1035.0,8.48528137423857,0.0,damaging,BRIP1
PTPRU (10076)_damaging,0,6.427472245443821e-05,1035.0,355.2829858014594,0.0,damaging,PTPRU
SPG11 (80208)_damaging,0,6.244243227219908e-05,1035.6,423.4693613474297,0.0,damaging,SPG11
B3GNT5 (84002)_damaging,0,6.922747243263093e-05,1036.5,569.2209588551708,0.0,damaging,B3GNT5
PRR12 (57479)_damaging,0,6.262744928859448e-05,1037.4,227.03590024487318,0.0,damaging,PRR12
LPA (4018)_damaging,0,6.0956183407802126e-05,1038.8,219.31301830944736,0.0,damaging,LPA
CLSPN (63967)_damaging,0,6.245233640214172e-05,1039.3333333333333,435.26122424738617,0.0,damaging,CLSPN
DOCK9 (23348)_damaging,0,6.8818256932847e-05,1041.3333333333333,166.22976067279086,0.0,damaging,DOCK9
KCNB2 (9312)_damaging,0,6.631435780743683e-05,1041.4,423.7951155924287,0.0,damaging,KCNB2
GRIA2 (2891)_damaging,0,7.039026479763709e-05,1041.6666666666667,94.11340676722595,0.0,damaging,GRIA2
CAPN12 (147968)_damaging,0,6.293521059507737e-05,1042.0,216.2236496469955,0.0,damaging,CAPN12
INPP4B (8821)_damaging,0,7.146047025270594e-05,1042.0,,0.0,damaging,INPP4B
SCAF1 (58506)_damaging,0,6.162147940428028e-05,1042.25,422.92660907853343,0.0,damaging,SCAF1
MMRN1 (22915)_damaging,0,5.975608490495126e-05,1043.75,235.2124925820622,0.0,damaging,MMRN1
PAN2 (9924)_damaging,0,6.37276808144266e-05,1044.0,338.7831164624353,0.0,damaging,PAN2
TRPM7 (54822)_damaging,0,6.256272513248118e-05,1044.0,423.68384439343447,0.0,damaging,TRPM7
DDX27 (55661)_damaging,0,6.221023974175146e-05,1044.4,166.30634383570577,0.0,damaging,DDX27
BRD4 (23476)_damaging,0,6.910907566907927e-05,1044.5,330.2188668141177,0.0,damaging,BRD4
CEP170B (283638)_damaging,0,6.962954371553602e-05,1044.5,342.94678887547553,0.0,damaging,CEP170B
TMC1 (117531)_damaging,0,5.973448107032904e-05,1044.5,185.49483371062743,0.0,damaging,TMC1
UNC5C (8633)_damaging,0,7.19955100339482e-05,1044.5,414.47838705212763,0.0,damaging,UNC5C
LTBP4 (8425)_damaging,0,3.404377775586294e-05,1045.0,,0.0,damaging,LTBP4
ABCB4 (5244)_damaging,0,5.954596066964325e-05,1045.5,177.9990636679493,0.0,damaging,ABCB4
PPIG (9360)_damaging,0,6.328913032813061e-05,1045.8,361.73705920184625,0.0,damaging,PPIG
R3HDM2 (22864)_damaging,0,6.926033234684247e-05,1047.0,87.06893820416096,0.0,damaging,R3HDM2
HECTD4 (283450)_damaging,0,6.604651854328704e-05,1048.4,331.6433325125051,0.0,damaging,HECTD4
CECR2 (27443)_damaging,0,6.250374449083147e-05,1049.0,268.60131545967283,0.0,damaging,CECR2
XPO7 (23039)_damaging,0,6.74051660595094e-05,1049.0,,0.0,damaging,XPO7
TCF3 (6929)_damaging,0,6.767640779877522e-05,1049.6666666666667,200.36300390374802,0.0,damaging,TCF3
ABCA10 (10349)_damaging,0,6.201276454242293e-05,1049.8,330.74189332468904,0.0,damaging,ABCA10
AGGF1 (55109)_damaging,0,7.035882718062461e-05,1050.0,147.07821048680188,0.0,damaging,AGGF1
COL18A1 (80781)_damaging,0,6.539367478519307e-05,1050.0,373.3865289482201,0.0,damaging,COL18A1
BLTP2 (9703)_damaging,0,3.359321951927452e-05,1051.0,,0.0,damaging,BLTP2
CACNA1B (774)_damaging,0,6.850382226141779e-05,1051.3333333333333,222.26410716382736,0.0,damaging,CACNA1B
AUTS2 (26053)_damaging,0,6.893409557586745e-05,1052.3333333333333,70.46512139586036,0.0,damaging,AUTS2
GREB1L (80000)_damaging,0,7.039376482488954e-05,1053.0,,0.0,damaging,GREB1L
KIF26B (55083)_damaging,0,6.180517024517956e-05,1053.6,158.41338327300508,0.0,damaging,KIF26B
MUCL3 (135656)_damaging,0,6.954674683156775e-05,1054.0,120.78493283518438,0.0,damaging,MUCL3
UGGT1 (56886)_damaging,0,6.751085492309306e-05,1054.0,286.82747427678544,0.0,damaging,UGGT1
ITGA2 (3673)_damaging,0,6.834474606528615e-05,1055.0,,0.0,damaging,ITGA2
PTPN21 (11099)_damaging,0,6.794450214756573e-05,1055.5,144.67549896233294,0.0,damaging,PTPN21
VPS13D (55187)_damaging,0,6.236245769612938e-05,1057.0,197.61452375774408,0.0,damaging,VPS13D
ADAMTS12 (81792)_damaging,0,6.164881304838437e-05,1057.2,281.6978878160076,0.0,damaging,ADAMTS12
ELOA (6924)_damaging,0,5.9069730599592475e-05,1057.6,291.3336575131682,0.0,damaging,ELOA
AHCTF1 (25909)_damaging,0,6.74092391750266e-05,1057.6666666666667,127.05248259413638,0.0,damaging,AHCTF1
CTNND1 (1500)_damaging,0,6.100737633305883e-05,1057.8,44.245903765207466,0.0,damaging,CTNND1
BLTP3A (54887)_damaging,0,5.6955599258194146e-05,1058.0,214.50174824462388,0.0,damaging,BLTP3A
HECW2 (57520)_damaging,0,6.161458198809932e-05,1058.0,158.52917712522196,0.0,damaging,HECW2
SHANK1 (50944)_damaging,0,6.015567604167781e-05,1058.2,293.80214430803596,0.0,damaging,SHANK1
MIPOL1 (145282)_damaging,0,6.573782928059413e-05,1063.0,,0.0,damaging,MIPOL1
ASH1L (55870)_damaging,0,5.9421696964006276e-05,1063.4,201.13875807511587,0.0,damaging,ASH1L
FYB2 (199920)_damaging,0,6.705935906592539e-05,1063.5,174.15414628043357,0.0,damaging,FYB2
NOTCH2 (4853)_damaging,0,6.0404448065231056e-05,1063.6,230.11149471506198,0.0,damaging,NOTCH2
ATXN1 (6310)_damaging,0,5.9327852044365e-05,1064.0,243.43787708571568,0.0,damaging,ATXN1
CDAN1 (146059)_damaging,0,6.916258875951652e-05,1064.0,,0.0,damaging,CDAN1
EPHA2 (1969)_damaging,0,6.657074779563146e-05,1064.75,347.3541660419041,0.0,damaging,EPHA2
MAN2B1 (4125)_damaging,0,6.698773729000257e-05,1065.0,39.59797974644666,0.0,damaging,MAN2B1
PTK7 (5754)_damaging,0,6.910620595375939e-05,1066.0,,0.0,damaging,PTK7
SLC4A11 (83959)_damaging,0,6.501823840121922e-05,1067.0,392.2796621459407,0.0,damaging,SLC4A11
SLC44A5 (204962)_damaging,0,6.387606115033025e-05,1067.5,326.30915811032133,0.0,damaging,SLC44A5
MYO1A (4640)_damaging,0,6.756748230102732e-05,1068.75,273.2024585052875,0.0,damaging,MYO1A
CRB1 (23418)_damaging,0,6.569202600028121e-05,1069.0,253.59219230883272,0.0,damaging,CRB1
LTN1 (26046)_damaging,0,6.059037995366887e-05,1071.6,307.09575054044626,0.0,damaging,LTN1
SMC1B (27127)_damaging,0,6.089653684600019e-05,1071.8,335.85517712252107,0.0,damaging,SMC1B
GABRG2 (2566)_damaging,0,5.6639310506385914e-05,1073.5,363.3992294983576,0.0,damaging,GABRG2
UBE3C (9690)_damaging,0,5.5450331632434126e-05,1073.6666666666667,97.70533932868427,0.0,damaging,UBE3C
RALGAPA1 (253959)_damaging,0,5.744317639060734e-05,1073.8,93.11927834771919,0.0,damaging,RALGAPA1
SLC26A5 (375611)_damaging,0,6.82971465466078e-05,1076.0,,0.0,damaging,SLC26A5
WWC3 (55841)_damaging,0,5.899651177909451e-05,1076.75,422.14087301121015,0.0,damaging,WWC3
EYA1 (2138)_damaging,0,6.808947588642657e-05,1077.0,,0.0,damaging,EYA1
KCNH7 (90134)_damaging,0,5.8803185209653006e-05,1077.0,71.89228053136164,0.0,damaging,KCNH7
BOD1L1 (259282)_damaging,0,6.543185793136867e-05,1078.0,70.35623639735144,0.0,damaging,BOD1L1
PCDHB4 (56131)_damaging,0,2.9506677312828736e-05,1078.0,,0.0,damaging,PCDHB4
ABCB1 (5243)_damaging,0,6.633090694142875e-05,1078.25,242.75004291108445,0.0,damaging,ABCB1
ERICH6B (220081)_damaging,0,6.785710020580424e-05,1079.0,,0.0,damaging,ERICH6B
SYTL2 (54843)_damaging,0,5.564781954977528e-05,1080.0,166.60282110456595,0.0,damaging,SYTL2
ZMIZ1 (57178)_damaging,0,5.717060501059903e-05,1080.25,293.9233176640919,0.0,damaging,ZMIZ1
STXBP5 (134957)_damaging,0,6.702228032987013e-05,1080.6666666666667,290.00919525651824,0.0,damaging,STXBP5
FLCN (201163)_damaging,0,5.768314572871242e-05,1080.75,201.96101108877426,0.0,damaging,FLCN
ERN2 (10595)_damaging,0,6.383144336799518e-05,1081.0,239.00209204105306,0.0,damaging,ERN2
CWF19L2 (143884)_damaging,0,6.751448516954782e-05,1082.0,,0.0,damaging,CWF19L2
NOL8 (55035)_damaging,0,6.638757006127871e-05,1082.0,230.31717261203084,0.0,damaging,NOL8
TNIK (23043)_damaging,0,6.493590727769282e-05,1082.3333333333333,289.93849922584155,0.0,damaging,TNIK
COL1A2 (1278)_damaging,0,5.8456081984936076e-05,1083.0,198.10729416152247,0.0,damaging,COL1A2
VCAN (1462)_damaging,0,5.6011714980248654e-05,1083.6,136.03970008787877,0.0,damaging,VCAN
TIE1 (7075)_damaging,0,6.459946747089963e-05,1083.75,272.6443042989651,0.0,damaging,TIE1
KMT2E (55904)_damaging,0,6.15276470598176e-05,1083.8,368.81797678529716,0.0,damaging,KMT2E
SMG1 (23049)_damaging,0,6.473288207038612e-05,1084.0,65.05382386916237,0.0,damaging,SMG1
PHACTR1 (221692)_damaging,0,5.5240352510895365e-05,1084.3333333333333,262.93028226762567,0.0,damaging,PHACTR1
OTOGL (283310)_damaging,0,5.567226644728084e-05,1084.6,246.24236028758335,0.0,damaging,OTOGL
PLOD3 (8985)_damaging,0,6.0936063697998035e-05,1085.0,322.5809975804527,0.0,damaging,PLOD3
ZMYM4 (9202)_damaging,0,5.764720169443881e-05,1085.4,240.75983884360778,0.0,damaging,ZMYM4
MYO5B (4645)_damaging,0,6.61800660892452e-05,1087.6666666666667,340.06077888126606,0.0,damaging,MYO5B
PSD3 (23362)_damaging,0,6.452158594976813e-05,1089.6666666666667,122.91596044994863,0.0,damaging,PSD3
TCERG1 (10915)_damaging,0,5.3633960049930436e-05,1089.75,204.68573472521234,0.0,damaging,TCERG1
IL1RAPL1 (11141)_damaging,0,6.265452588165868e-05,1090.0,,0.0,damaging,IL1RAPL1
FOLH1 (2346)_damaging,0,5.577815355172425e-05,1090.8,178.9893851601262,0.0,damaging,FOLH1
CHD4 (1108)_damaging,0,6.445450628713303e-05,1091.0,214.6547615746426,0.0,damaging,CHD4
IQGAP2 (10788)_damaging,0,6.473721423239882e-05,1091.0,558.6143571373725,0.0,damaging,IQGAP2
PTPN14 (5784)_damaging,0,6.0127672630793046e-05,1091.0,284.4934094139968,0.0,damaging,PTPN14
TARBP1 (6894)_damaging,0,6.472540695003093e-05,1091.0,,0.0,damaging,TARBP1
CNOT1 (23019)_damaging,0,4.552119420610217e-05,1091.5,19.091883092036785,0.0,damaging,CNOT1
FAM83B (222584)_damaging,0,5.630827421924069e-05,1091.75,284.13421124531976,0.0,damaging,FAM83B
CFAP74 (85452)_damaging,0,6.454729981069086e-05,1093.0,,0.0,damaging,CFAP74
WDTC1 (23038)_damaging,0,5.6037798466189894e-05,1093.2,239.13427190597338,0.0,damaging,WDTC1
KIAA1549L (25758)_damaging,0,5.296521916826773e-05,1095.0,207.28724032125083,0.0,damaging,KIAA1549L
DHX38 (9785)_damaging,0,5.670202115844215e-05,1097.6,252.1394455455155,0.0,damaging,DHX38
LAMB4 (22798)_damaging,0,5.745478572488022e-05,1098.8,283.9114298509308,0.0,damaging,LAMB4
MEGF11 (84465)_damaging,0,6.168313416161923e-05,1100.0,,0.0,damaging,MEGF11
RALGAPA2 (57186)_damaging,0,5.318193963957084e-05,1100.5,93.70343287912847,0.0,damaging,RALGAPA2
SLC6A19 (340024)_damaging,0,6.411882103994569e-05,1100.5,3.5355339059327378,0.0,damaging,SLC6A19
SIPA1L1 (26037)_damaging,0,6.407291674517822e-05,1100.6666666666667,274.3471037451158,0.0,damaging,SIPA1L1
MYO5C (55930)_damaging,0,5.650492263420344e-05,1101.8,134.29705879132277,0.0,damaging,MYO5C
ARAP3 (64411)_damaging,0,6.005491960178084e-05,1102.0,489.31789258109086,0.0,damaging,ARAP3
TCF7L2 (6934)_damaging,0,6.341732221831265e-05,1103.0,422.3233358458895,0.0,damaging,TCF7L2
NPAT (4863)_damaging,0,5.510086855452128e-05,1103.8,253.3193636499192,0.0,damaging,NPAT
C6 (729)_damaging,0,5.3751242118812535e-05,1104.2,208.97894630799533,0.0,damaging,C6
AGRN (375790)_damaging,0,5.2297409806428576e-05,1104.5,228.03143058213124,0.0,damaging,AGRN
GGNBP2 (79893)_damaging,0,2.640019533737696e-05,1106.0,,0.0,damaging,GGNBP2
SETD1A (9739)_damaging,0,5.6074326651261757e-05,1106.2,125.19065460328896,0.0,damaging,SETD1A
ASXL2 (55252)_damaging,0,6.26007032677752e-05,1106.25,240.4223713939006,0.0,damaging,ASXL2
KDM5B (10765)_damaging,0,6.340989818668879e-05,1106.25,375.36060439706955,0.0,damaging,KDM5B
EFCAB5 (374786)_damaging,0,5.472525090124463e-05,1108.2,198.28943491774842,0.0,damaging,EFCAB5
DACH2 (117154)_damaging,0,6.242758697287675e-05,1109.0,,0.0,damaging,DACH2
DPP4 (1803)_damaging,0,6.240894265902694e-05,1110.0,,0.0,damaging,DPP4
MICAL2 (9645)_damaging,0,6.280218088673735e-05,1110.5,43.1335136523794,0.0,damaging,MICAL2
VWA5B2 (90113)_damaging,0,5.058635190016003e-05,1112.0,128.16005617976296,0.0,damaging,VWA5B2
PLEKHA5 (54477)_damaging,0,6.162926259823725e-05,1113.0,,0.0,damaging,PLEKHA5
TEAD2 (8463)_damaging,0,4.349908344963171e-05,1113.0,434.16356364854016,0.0,damaging,TEAD2
AXL (558)_damaging,0,4.989833453499096e-05,1114.0,308.60438536525476,0.0,damaging,AXL
TRPS1 (7227)_damaging,0,5.5696717029170796e-05,1115.8,202.79842208459115,0.0,damaging,TRPS1
PCDH10 (57575)_damaging,0,5.371574866614231e-05,1117.0,231.35146422705,0.0,damaging,PCDH10
ZGRF1 (55345)_damaging,0,6.0679710404381174e-05,1117.5,193.04015126392747,0.0,damaging,ZGRF1
ALOX12B (242)_damaging,0,2.514531771579645e-05,1118.0,,0.0,damaging,ALOX12B
CASP8AP2 (9994)_damaging,0,5.514496828220646e-05,1118.4,251.83784465405512,0.0,damaging,CASP8AP2
HELZ (9931)_damaging,0,6.107791452311813e-05,1118.5,55.86143571373726,0.0,damaging,HELZ
PRR14 (78994)_damaging,0,6.170747000356872e-05,1119.0,97.58073580374356,0.0,damaging,PRR14
ARHGAP33 (115703)_damaging,0,4.469153651030678e-05,1119.5,276.4787514439401,0.0,damaging,ARHGAP33
SPATA31D1 (389763)_damaging,0,5.6774820727758266e-05,1119.6666666666667,381.0516150514696,0.0,damaging,SPATA31D1
CARMIL3 (90668)_damaging,0,5.0155924011018344e-05,1120.75,281.9732552329505,0.0,damaging,CARMIL3
ANO3 (63982)_damaging,0,6.150372588957807e-05,1121.0,469.51890270786754,0.0,damaging,ANO3
NOP58 (51602)_damaging,0,5.9688074943953185e-05,1121.0,,0.0,damaging,NOP58
RHOA (387)_damaging,0,5.28328815357248e-05,1121.4,176.151355373724,0.0,damaging,RHOA
ARHGAP20 (57569)_damaging,0,6.0610023036147816e-05,1122.0,,0.0,damaging,ARHGAP20
NPAS3 (64067)_damaging,0,5.331357530402221e-05,1123.2,139.66996813918158,0.0,damaging,NPAS3
MYPN (84665)_damaging,0,5.609171837958295e-05,1123.6666666666667,289.3187400313594,0.0,damaging,MYPN
DOCK2 (1794)_damaging,0,5.2514069789067014e-05,1124.2,325.6765266334066,0.0,damaging,DOCK2
TBX4 (9496)_damaging,0,5.8836340339391805e-05,1124.3333333333333,294.5884134404022,0.0,damaging,TBX4
NLRP9 (338321)_damaging,0,5.9666620038008656e-05,1124.5,234.05234457274722,0.0,damaging,NLRP9
SLC4A3 (6508)_damaging,0,5.072085167623553e-05,1124.8,187.04732021603516,0.0,damaging,SLC4A3
CCDC9B (388115)_damaging,0,6.132983145621457e-05,1125.0,287.31341771661135,0.0,damaging,CCDC9B
SAFB (6294)_damaging,0,6.051179471212322e-05,1126.75,94.97850634046982,0.0,damaging,SAFB
EPS8 (2059)_damaging,0,6.06547917663572e-05,1127.0,129.6263862028098,0.0,damaging,EPS8
ZC3H12B (340554)_damaging,0,5.891880755419182e-05,1127.0,253.63950796356627,0.0,damaging,ZC3H12B
ADAMTS16 (170690)_damaging,0,5.4091380972201724e-05,1129.6,247.8917102284786,0.0,damaging,ADAMTS16
HCFC2 (29915)_damaging,0,5.0441804201668265e-05,1131.6666666666667,253.3482451751607,0.0,damaging,HCFC2
CNTRL (11064)_damaging,0,5.448371521969587e-05,1132.0,301.0232549156294,0.0,damaging,CNTRL
BEND4 (389206)_damaging,0,5.2494426482467766e-05,1133.0,359.0731123322937,0.0,damaging,BEND4
KCNH5 (27133)_damaging,0,5.831440202199648e-05,1133.25,259.0152826893939,0.0,damaging,KCNH5
CARMIL2 (146206)_damaging,0,5.9365986367474763e-05,1135.0,,0.0,damaging,CARMIL2
OR51E2 (81285)_damaging,0,5.566521745985666e-05,1135.0,369.10973977937783,0.0,damaging,OR51E2
C2orf42 (54980)_damaging,0,5.9199233732632384e-05,1135.3333333333333,289.9402237243624,0.0,damaging,C2orf42
TMEM94 (9772)_damaging,0,5.348611412271234e-05,1136.0,211.1326597189549,0.0,damaging,TMEM94
DNAI3 (126820)_damaging,0,6.182452991951298e-05,1138.0,,0.0,damaging,DNAI3
FUBP3 (8939)_damaging,0,6.09459742767007e-05,1138.6666666666667,335.26308077886137,0.0,damaging,FUBP3
KIAA0825 (285600)_damaging,0,4.456053379854651e-05,1138.6666666666667,142.6195405031629,0.0,damaging,KIAA0825
CLCN3 (1182)_damaging,0,5.870999053270127e-05,1139.5,24.748737341529164,0.0,damaging,CLCN3
LIMCH1 (22998)_damaging,0,4.896948189229142e-05,1139.8,238.97426639703284,0.0,damaging,LIMCH1
MRPS10 (55173)_damaging,0,6.172714513287553e-05,1140.0,,0.0,damaging,MRPS10
TICRR (90381)_damaging,0,5.262591128832104e-05,1142.2,160.92140938980123,0.0,damaging,TICRR
E2F7 (144455)_damaging,0,4.7399461894931535e-05,1142.75,172.57534586377045,0.0,damaging,E2F7
INTS1 (26173)_damaging,0,5.460835956810362e-05,1143.0,322.44069222106566,0.0,damaging,INTS1
GSE1 (23199)_damaging,0,4.7241147045690034e-05,1143.3333333333333,121.72236168154693,0.0,damaging,GSE1
TJP1 (7082)_damaging,0,6.143584134323671e-05,1144.0,,0.0,damaging,TJP1
GPR161 (23432)_damaging,0,4.822303138044996e-05,1144.3333333333333,520.1656787345099,0.0,damaging,GPR161
PIGO (84720)_damaging,0,5.170877549226151e-05,1144.8,175.49843304143775,0.0,damaging,PIGO
GCN1 (10985)_damaging,0,5.9631848630250204e-05,1145.5,79.90306627407988,0.0,damaging,GCN1
EFR3A (23167)_damaging,0,5.133675885200504e-05,1146.0,170.4244700739891,0.0,damaging,EFR3A
HAND2 (9464)_damaging,0,5.847101283492098e-05,1148.0,,0.0,damaging,HAND2
HECA (51696)_damaging,0,5.801101500170137e-05,1148.3333333333333,6.658328118479417,0.0,damaging,HECA
CELSR1 (9620)_damaging,0,5.713029665564097e-05,1148.6666666666667,105.07774899251189,0.0,damaging,CELSR1
HTT (3064)_damaging,0,5.680930108787219e-05,1148.75,183.73599719887952,0.0,damaging,HTT
VWF (7450)_damaging,0,5.0770688294734776e-05,1148.8,143.24698949716185,0.0,damaging,VWF
HIVEP1 (3096)_damaging,0,5.11146606482887e-05,1149.0,203.0455613895561,0.0,damaging,HIVEP1
KCNQ2 (3785)_damaging,0,5.7896782430390426e-05,1149.5,174.65537495307723,0.0,damaging,KCNQ2
CFH (3075)_damaging,0,5.7359174876809164e-05,1150.0,108.89444430272832,0.0,damaging,CFH
SLC16A12 (387700)_damaging,0,5.757430060410015e-05,1150.5,60.10407640085654,0.0,damaging,SLC16A12
LOXL4 (84171)_damaging,0,5.954693201626282e-05,1151.0,91.92388155425118,0.0,damaging,LOXL4
MAP1B (4131)_damaging,0,4.843820012788915e-05,1151.2,189.49854880710828,0.0,damaging,MAP1B
ARHGEF4 (50649)_damaging,0,5.18034512424664e-05,1152.4,214.87042607115572,0.0,damaging,ARHGEF4
ANKRD36 (375248)_damaging,0,5.82307519050836e-05,1153.0,347.8965363437814,0.0,damaging,ANKRD36
DZIP3 (9666)_damaging,0,4.9754191790356415e-05,1154.0,299.1128549561185,0.0,damaging,DZIP3
ITGA8 (8516)_damaging,0,5.75983801837628e-05,1154.0,196.5722937411747,0.0,damaging,ITGA8
CEP250 (11190)_damaging,0,4.415073497371789e-05,1155.6666666666667,153.66955890264452,0.0,damaging,CEP250
SIN3B (23309)_damaging,0,5.655585197596625e-05,1158.75,144.20442665420043,0.0,damaging,SIN3B
AP1M1 (8907)_damaging,0,5.754230233462343e-05,1159.0,,0.0,damaging,AP1M1
CDH7 (1005)_damaging,0,5.773188874252388e-05,1159.5,211.81831837685803,0.0,damaging,CDH7
FHDC1 (85462)_damaging,0,4.70955410103039e-05,1159.6,271.15917834364376,0.0,damaging,FHDC1
THBS2 (7058)_damaging,0,5.559710783315862e-05,1160.0,,0.0,damaging,THBS2
FRMD4A (55691)_damaging,0,4.6394661385314507e-05,1160.25,402.83526409687624,0.0,damaging,FRMD4A
ZDHHC8 (29801)_damaging,0,4.977400586272914e-05,1160.6,198.79964788701207,0.0,damaging,ZDHHC8
CDKL3 (51265)_damaging,0,5.448915113506002e-05,1161.0,,0.0,damaging,CDKL3
AKAP12 (9590)_damaging,0,5.606941817126815e-05,1162.5,190.21172413918129,0.0,damaging,AKAP12
ZNF521 (25925)_damaging,0,4.519824583880544e-05,1162.6666666666667,247.20099784048878,0.0,damaging,ZNF521
LEPR (3953)_damaging,0,4.510951818989486e-05,1163.0,176.39538920655872,0.0,damaging,LEPR
SLC3A2 (6520)_damaging,0,4.6754589162684236e-05,1163.0,229.42645880543074,0.0,damaging,SLC3A2
HDAC4 (9759)_damaging,0,5.025170754182727e-05,1163.2,156.68184323654097,0.0,damaging,HDAC4
SSH2 (85464)_damaging,0,5.956328624098396e-05,1164.0,,0.0,damaging,SSH2
XRN1 (54464)_damaging,0,4.766581072358485e-05,1164.25,320.5072802085261,0.0,damaging,XRN1
ADAMTS6 (11174)_damaging,0,5.502796844069301e-05,1165.0,,0.0,damaging,ADAMTS6
RTTN (25914)_damaging,0,4.7811606203702755e-05,1165.6,142.51420981782834,0.0,damaging,RTTN
UBR1 (197131)_damaging,0,5.542893700743066e-05,1166.3333333333333,181.7039717048951,0.0,damaging,UBR1
ANKIB1 (54467)_damaging,0,4.8995494876229074e-05,1166.6,143.4757819285192,0.0,damaging,ANKIB1
RTCB (51493)_damaging,0,5.587800096965754e-05,1167.75,265.5728085980691,0.0,damaging,RTCB
TNXB (7148)_damaging,0,4.740281501442703e-05,1168.0,173.8936456573385,0.0,damaging,TNXB
MAGI3 (260425)_damaging,0,5.9212706255381504e-05,1169.0,,0.0,damaging,MAGI3
TRIO (7204)_damaging,0,4.792395085826132e-05,1169.0,342.061397997494,0.0,damaging,TRIO
MDGA2 (161357)_damaging,0,4.8279185947563746e-05,1169.25,218.64945308263026,0.0,damaging,MDGA2
KLHL1 (57626)_damaging,0,4.563589247393761e-05,1169.75,247.13609610900636,0.0,damaging,KLHL1
ARHGAP23 (57636)_damaging,0,5.700537224359534e-05,1170.0,76.36753236814714,0.0,damaging,ARHGAP23
MIS18BP1 (55320)_damaging,0,5.910794414829013e-05,1170.0,,0.0,damaging,MIS18BP1
PLEKHA7 (144100)_damaging,0,4.869511645815828e-05,1170.2,181.90024738850687,0.0,damaging,PLEKHA7
SLC12A1 (6557)_damaging,0,3.646863554916584e-05,1170.5,85.55992052357225,0.0,damaging,SLC12A1
KLHDC7B (113730)_damaging,0,5.893494738747244e-05,1172.0,,0.0,damaging,KLHDC7B
ABCA4 (24)_damaging,0,5.5873006777449673e-05,1172.3333333333333,43.0155010819743,0.0,damaging,ABCA4
TRPM4 (54795)_damaging,0,4.351430415915095e-05,1172.6666666666667,256.98508387323443,0.0,damaging,TRPM4
MED15 (51586)_damaging,0,5.6195271322620316e-05,1173.3333333333333,200.29062218020425,0.0,damaging,MED15
VPS9D1 (9605)_damaging,0,4.851025074905161e-05,1173.4,171.94853881321586,0.0,damaging,VPS9D1
PROM2 (150696)_damaging,0,5.629366084686636e-05,1174.5,12.020815280171307,0.0,damaging,PROM2
ERBB3 (2065)_hotspot,0,4.355370817229213e-05,1175.0,346.639582275308,0.0,hotspot,ERBB3
SBNO1 (55206)_damaging,0,4.789062160748897e-05,1175.2,218.49530887412664,0.0,damaging,SBNO1
HCN4 (10021)_damaging,0,4.525880150230832e-05,1176.4,206.41535795574902,0.0,damaging,HCN4
RFC1 (5981)_damaging,0,5.5692935095068734e-05,1178.0,,0.0,damaging,RFC1
VWA3B (200403)_damaging,0,4.664245455964809e-05,1178.0,149.4456422917711,0.0,damaging,VWA3B
AHDC1 (27245)_damaging,0,4.441827414654715e-05,1180.3333333333333,304.8841309962414,0.0,damaging,AHDC1
ESF1 (51575)_damaging,0,5.5662463645245674e-05,1180.3333333333333,118.98879499067691,0.0,damaging,ESF1
REV3L (5980)_damaging,0,4.6842418463351654e-05,1180.75,362.3721613663684,0.0,damaging,REV3L
GON4L (54856)_damaging,0,4.44916795468236e-05,1181.0,311.01446911679204,0.0,damaging,GON4L
WNK1 (65125)_damaging,0,4.320081473407526e-05,1181.25,304.46168341298164,0.0,damaging,WNK1
DOCK4 (9732)_damaging,0,3.569491677036698e-05,1181.5,167.58430714121175,0.0,damaging,DOCK4
SHROOM2 (357)_damaging,0,5.660493457639871e-05,1182.0,7.0710678118654755,0.0,damaging,SHROOM2
FOXK2 (3607)_damaging,0,5.7708150568012245e-05,1183.0,,0.0,damaging,FOXK2
TEX10 (54881)_damaging,0,5.26807904499862e-05,1184.0,,0.0,damaging,TEX10
ZNF518A (9849)_damaging,0,4.6118387028055784e-05,1186.0,168.16658407662325,0.0,damaging,ZNF518A
ABCG2 (9429)_damaging,0,5.474321888124649e-05,1187.0,,0.0,damaging,ABCG2
CEPT1 (10390)_damaging,0,5.351522272752152e-05,1187.0,9.899494936611665,0.0,damaging,CEPT1
PHF21A (51317)_damaging,0,5.5683406253906345e-05,1188.5,225.56706319850866,0.0,damaging,PHF21A
ITGAD (3681)_damaging,0,4.2878312255143466e-05,1188.6666666666667,206.37425550037324,0.0,damaging,ITGAD
SPOCD1 (90853)_damaging,0,5.70041834736432e-05,1189.0,,0.0,damaging,SPOCD1
TASOR (23272)_damaging,0,5.23359855589119e-05,1189.0,,0.0,damaging,TASOR
EGFLAM (133584)_damaging,0,5.435150881929573e-05,1189.3333333333333,119.22387903995293,0.0,damaging,EGFLAM
MYO9B (4650)_damaging,0,5.699248567455708e-05,1190.0,,0.0,damaging,MYO9B
CASKIN1 (57524)_damaging,0,4.402979296198301e-05,1190.5,129.30712792933474,0.0,damaging,CASKIN1
PDZRN4 (29951)_damaging,0,5.401785038957832e-05,1190.6666666666667,200.55506309573272,0.0,damaging,PDZRN4
BBS9 (27241)_damaging,0,5.2299409542906426e-05,1191.0,,0.0,damaging,BBS9
BRINP3 (339479)_damaging,0,5.1486922502787655e-05,1192.75,262.3475747934408,0.0,damaging,BRINP3
ADAMTSL4 (54507)_damaging,0,5.221924233839631e-05,1194.0,161.74465472878336,0.0,damaging,ADAMTSL4
TTC28 (23331)_damaging,0,5.1909752180472395e-05,1194.0,,0.0,damaging,TTC28
BAG6 (7917)_damaging,0,5.163755105698389e-05,1194.5,236.86071856684046,0.0,damaging,BAG6
GOLGA3 (2802)_damaging,0,5.424387077957185e-05,1194.5,219.9102089490163,0.0,damaging,GOLGA3
RTL1 (388015)_damaging,0,4.426624776385339e-05,1194.6,192.1829857193399,0.0,damaging,RTL1
UGT2B28 (54490)_damaging,0,5.623037476261432e-05,1195.0,,0.0,damaging,UGT2B28
ZNRF3 (84133)_damaging,0,5.152049834721658e-05,1196.0,,0.0,damaging,ZNRF3
DENND1A (57706)_damaging,0,4.880227909878405e-05,1196.8,389.0458841833441,0.0,damaging,DENND1A
TUT4 (23318)_damaging,0,3.778041345015912e-05,1197.3333333333333,142.1982184604763,0.0,damaging,TUT4
KIF6 (221458)_damaging,0,5.328706819499823e-05,1198.0,,0.0,damaging,KIF6
ZNF99 (7652)_damaging,0,4.921750805674234e-05,1198.5,372.64527368531054,0.0,damaging,ZNF99
FAM135B (51059)_damaging,0,5.099300278362873e-05,1199.0,74.95331880577403,0.0,damaging,FAM135B
CDC42BPB (9578)_damaging,0,5.118751857793519e-05,1200.0,,0.0,damaging,CDC42BPB
PARD3 (56288)_damaging,0,5.301646886609753e-05,1201.0,,0.0,damaging,PARD3
TRIP12 (9320)_damaging,0,5.276955624542676e-05,1202.3333333333333,130.75677165383573,0.0,damaging,TRIP12
DPYD (1806)_damaging,0,5.0891627951618294e-05,1203.0,,0.0,damaging,DPYD
MYO3A (53904)_damaging,0,4.109296141479768e-05,1203.0,177.2794404323299,0.0,damaging,MYO3A
RRBP1 (6238)_damaging,0,4.2213549442243477e-05,1203.0,127.06166481935719,0.0,damaging,RRBP1
CPSF1 (29894)_damaging,0,5.1116511442684884e-05,1205.5,179.6190413068726,0.0,damaging,CPSF1
FHAD1 (114827)_damaging,0,5.157454141743398e-05,1207.3333333333333,121.82090679901107,0.0,damaging,FHAD1
SLITRK5 (26050)_damaging,0,5.2148694531360025e-05,1209.75,74.6519702798705,0.0,damaging,SLITRK5
CCDC7 (79741)_damaging,0,4.153043303432018e-05,1211.5,173.44451562387323,0.0,damaging,CCDC7
RBL2 (5934)_damaging,0,5.0131413812477494e-05,1211.75,154.56686794609854,0.0,damaging,RBL2
SLC12A7 (10723)_damaging,0,4.262445156451967e-05,1212.0,349.7977987352122,0.0,damaging,SLC12A7
OVCH1 (341350)_damaging,0,4.168883329321038e-05,1212.5,101.17147160472989,0.0,damaging,OVCH1
SLITRK1 (114798)_damaging,0,4.980958699269758e-05,1213.0,,0.0,damaging,SLITRK1
FIGNL1 (63979)_damaging,0,5.2316237385353425e-05,1213.3333333333333,92.22436409828659,0.0,damaging,FIGNL1
PDE6C (5146)_damaging,0,4.969624611618979e-05,1214.0,,0.0,damaging,PDE6C
TMPRSS6 (164656)_damaging,0,5.421383658673808e-05,1214.0,,0.0,damaging,TMPRSS6
CHL1 (10752)_damaging,0,3.8232518922378506e-05,1215.3333333333333,113.6060444401324,0.0,damaging,CHL1
ATP10A (57194)_damaging,0,5.179064503808121e-05,1216.0,,0.0,damaging,ATP10A
CCDC15 (80071)_damaging,0,4.9600751836324595e-05,1216.0,161.52708751166165,0.0,damaging,CCDC15
NOX5 (79400)_damaging,0,4.68331305628364e-05,1216.0,289.3630937075425,0.0,damaging,NOX5
WDR81 (124997)_damaging,0,3.794666944886214e-05,1216.3333333333333,333.0770681589072,0.0,damaging,WDR81
DMXL2 (23312)_damaging,0,4.3149327494318566e-05,1217.0,199.1268439964838,0.0,damaging,DMXL2
DCDC1 (341019)_damaging,0,4.2483164184632076e-05,1219.4,182.91883445943995,0.0,damaging,DCDC1
ZFPM2 (23414)_damaging,0,3.9298578401009605e-05,1220.0,307.1270095579352,0.0,damaging,ZFPM2
CKAP5 (9793)_damaging,0,5.3765922616209815e-05,1221.0,,0.0,damaging,CKAP5
ARHGAP29 (9411)_damaging,0,4.7894422262015385e-05,1222.0,,0.0,damaging,ARHGAP29
CCDC187 (399693)_damaging,0,5.0955801444879804e-05,1222.0,,0.0,damaging,CCDC187
ATN1 (1822)_damaging,0,4.979378660790522e-05,1223.0,221.50846484954022,0.0,damaging,ATN1
DACH1 (1602)_damaging,0,3.907410511232295e-05,1224.0,250.26252882389988,0.0,damaging,DACH1
GPATCH8 (23131)_damaging,0,4.098062709933072e-05,1224.5,330.2188668141177,0.0,damaging,GPATCH8
ST18 (9705)_damaging,0,4.0163611992008165e-05,1225.0,96.19771307052991,0.0,damaging,ST18
SMC2 (10592)_damaging,0,5.042339835976656e-05,1225.25,107.30757972606904,0.0,damaging,SMC2
CPD (1362)_damaging,0,2.716430966134166e-05,1225.5,26.16295090390226,0.0,damaging,CPD
SMARCAD1 (56916)_damaging,0,4.204566256995002e-05,1226.4,86.12955358063805,0.0,damaging,SMARCAD1
POLN (353497)_damaging,0,4.981417439887394e-05,1227.3333333333333,91.08969938106793,0.0,damaging,POLN
MYO18A (399687)_damaging,0,4.178815193897223e-05,1229.75,163.75260812172326,0.0,damaging,MYO18A
RALGAPB (57148)_damaging,0,4.727972223624187e-05,1229.75,259.52312035732,0.0,damaging,RALGAPB
KIAA1755 (85449)_damaging,0,4.78260111329768e-05,1231.6666666666667,307.1763879814549,0.0,damaging,KIAA1755
CADPS (8618)_damaging,0,3.368793133666736e-18,1232.0,,0.0,damaging,CADPS
TYK2 (7297)_damaging,0,4.789265898187629e-05,1232.0,121.62236636408618,0.0,damaging,TYK2
FIGN (55137)_damaging,0,4.090593668013745e-05,1232.2,89.46060585531488,0.0,damaging,FIGN
ATG2A (23130)_damaging,0,4.874874420729568e-05,1232.5,83.88285482345802,0.0,damaging,ATG2A
MTCL2 (140710)_damaging,0,3.841425968632934e-19,1233.0,,0.0,damaging,MTCL2
CAMTA1 (23261)_damaging,0,4.234078732757196e-05,1233.6666666666667,255.94595783745706,0.0,damaging,CAMTA1
NAV1 (89796)_damaging,0,4.184432937037685e-05,1234.6,129.89726709981238,0.0,damaging,NAV1
MMP12 (4321)_damaging,0,4.910898925234879e-05,1234.6666666666667,76.84616667949898,0.0,damaging,MMP12
IQSEC1 (9922)_damaging,0,4.7520319328195125e-05,1235.0,,0.0,damaging,IQSEC1
RIF1 (55183)_damaging,0,4.020454527930331e-05,1235.8,99.42685753859466,0.0,damaging,RIF1
RHBDF2 (79651)_damaging,0,4.613901041204659e-05,1236.0,,0.0,damaging,RHBDF2
HIVEP3 (59269)_damaging,0,4.805376182933494e-05,1237.3333333333333,225.5001847744993,0.0,damaging,HIVEP3
CACNA1H (8912)_damaging,0,4.536782383068959e-05,1238.0,209.87853630135695,0.0,damaging,CACNA1H
CARD14 (79092)_damaging,0,4.997621172649088e-05,1238.0,117.37972567696688,0.0,damaging,CARD14
RICTOR (253260)_damaging,0,5.166594851436597e-05,1238.0,,0.0,damaging,RICTOR
IQSEC2 (23096)_damaging,0,3.943235027568559e-05,1239.0,266.5595618243698,0.0,damaging,IQSEC2
PHLDB2 (90102)_damaging,0,5.055831440364288e-05,1239.0,63.63961030678928,0.0,damaging,PHLDB2
PAN3 (255967)_damaging,0,5.101000755963276e-05,1239.5,99.7020561473032,0.0,damaging,PAN3
LARP4B (23185)_damaging,0,3.9785363146147904e-05,1240.4,227.71429467646516,0.0,damaging,LARP4B
PCNX2 (80003)_damaging,0,4.0743646265341493e-05,1241.6,130.2393949617396,0.0,damaging,PCNX2
PLEKHM1 (9842)_damaging,0,0.0,1242.0,,0.0,damaging,PLEKHM1
SDK1 (221935)_damaging,0,4.484147499244571e-05,1242.6666666666667,308.57143959435604,0.0,damaging,SDK1
MAST4 (375449)_damaging,0,4.814139895644986e-05,1243.0,,0.0,damaging,MAST4
PIK3R3 (8503)_damaging,0,4.1694179343840456e-05,1243.0,401.1072175865201,0.0,damaging,PIK3R3
ZNF90 (7643)_damaging,0,4.4069385043518995e-05,1243.0,332.34018715767735,0.0,damaging,ZNF90
MAST1 (22983)_damaging,0,4.6736809047230544e-05,1244.6666666666667,121.35210477504428,0.0,damaging,MAST1
KANSL1L (151050)_damaging,0,4.6437682961146495e-05,1245.3333333333333,245.7078210666753,0.0,damaging,KANSL1L
JMJD1C (221037)_damaging,0,4.088419598993454e-05,1246.4,150.71595801374187,0.0,damaging,JMJD1C
ZNF711 (7552)_damaging,0,3.8472353911255046e-05,1246.4,195.25701011743473,0.0,damaging,ZNF711
PLCL1 (5334)_damaging,0,3.969779422919737e-05,1248.0,134.67553601155632,0.0,damaging,PLCL1
WSCD1 (23302)_damaging,0,5.0843943437189165e-05,1250.0,,0.0,damaging,WSCD1
HECTD1 (25831)_damaging,0,4.725612083038746e-05,1253.3333333333333,77.03462424996525,0.0,damaging,HECTD1
VPS13A (23230)_damaging,0,3.936470861802562e-05,1253.6,135.40420968345114,0.0,damaging,VPS13A
PCDH19 (57526)_damaging,0,3.866314755998391e-05,1253.75,163.94994154720922,0.0,damaging,PCDH19
TOP2B (7155)_damaging,0,4.4992531383282915e-05,1255.0,,0.0,damaging,TOP2B
BTAF1 (9044)_damaging,0,4.3125649584556844e-05,1255.5,176.06958851545033,0.0,damaging,BTAF1
HPS3 (84343)_damaging,0,3.804285543371732e-05,1256.0,120.26359936960696,0.0,damaging,HPS3
PDE3A (5139)_damaging,0,4.483816055127515e-05,1256.0,,0.0,damaging,PDE3A
IGSF9B (22997)_damaging,0,3.867685218100457e-05,1258.4,150.03599568103647,0.0,damaging,IGSF9B
PLXNC1 (10154)_damaging,0,3.86382733936437e-05,1259.0,79.88742078700501,0.0,damaging,PLXNC1
NOTCH3 (4854)_damaging,0,3.8536913587473866e-05,1260.0,102.64258375547647,0.0,damaging,NOTCH3
NUP210 (23225)_damaging,0,4.5123162249952956e-05,1260.5,217.08178182427008,0.0,damaging,NUP210
ABCA1 (19)_damaging,0,4.9597966438423544e-05,1261.0,,0.0,damaging,ABCA1
ABCA5 (23461)_damaging,0,3.801162835604341e-05,1261.2,210.41910559642628,0.0,damaging,ABCA5
PIK3C2A (5286)_damaging,0,3.363839110806241e-05,1262.3333333333333,192.52618869476777,0.0,damaging,PIK3C2A
ATXN2L (11273)_damaging,0,3.6961560376406465e-05,1263.8,249.0516010789732,0.0,damaging,ATXN2L
ZC3H13 (23091)_damaging,0,3.3784258200546475e-05,1264.6,151.87429012179777,0.0,damaging,ZC3H13
KCND2 (3751)_damaging,0,4.37393422607166e-05,1265.5,19.091883092036785,0.0,damaging,KCND2
NWD1 (284434)_damaging,0,2.6399627419970646e-05,1265.5,218.4959953866432,0.0,damaging,NWD1
BDP1 (55814)_damaging,0,3.7038304121718985e-05,1266.8,128.38691522113925,0.0,damaging,BDP1
CHRM3 (1131)_damaging,0,3.455179153074237e-05,1267.0,199.0251240421671,0.0,damaging,CHRM3
CYC1 (1537)_damaging,0,4.468336308967518e-05,1267.0,25.45584412271571,0.0,damaging,CYC1
AP3B1 (8546)_damaging,0,3.815579436287879e-05,1267.6,180.79214584710255,0.0,damaging,AP3B1
CHD3 (1107)_damaging,0,3.679488103074314e-05,1267.8,80.10742787032922,0.0,damaging,CHD3
MYOF (26509)_damaging,0,4.272679504711652e-05,1268.25,150.79428592180363,0.0,damaging,MYOF
GEMIN5 (25929)_damaging,0,4.328277178503707e-05,1269.0,,0.0,damaging,GEMIN5
WDR72 (256764)_damaging,0,4.221491391056597e-05,1269.0,171.1198410471445,0.0,damaging,WDR72
CRACD (57482)_damaging,0,4.236510400667107e-05,1269.6666666666667,148.80972190463004,0.0,damaging,CRACD
AMER3 (205147)_damaging,0,4.5218448292970535e-05,1270.0,,0.0,damaging,AMER3
MTCL1 (23255)_damaging,0,4.192648442603969e-05,1270.5,201.90839507063592,0.0,damaging,MTCL1
OR4A15 (81328)_damaging,0,4.449181117588833e-05,1271.0,289.9137802864845,0.0,damaging,OR4A15
DOCK5 (80005)_damaging,0,3.6855229859602766e-05,1271.6,79.90807218297789,0.0,damaging,DOCK5
SPTBN4 (57731)_damaging,0,2.2007443799011437e-05,1274.5,99.7020561473032,0.0,damaging,SPTBN4
PLXNA4 (91584)_damaging,0,3.518388643792502e-05,1275.0,286.0620562045935,0.0,damaging,PLXNA4
ADGRB1 (575)_damaging,0,2.68253588851362e-05,1276.0,93.74433316206373,0.0,damaging,ADGRB1
RANBP2 (5903)_damaging,0,4.7905167126705686e-05,1276.0,,0.0,damaging,RANBP2
ZNF462 (58499)_damaging,0,4.228471218323415e-05,1276.0,,0.0,damaging,ZNF462
TRIM24 (8805)_damaging,0,3.5980884547464244e-05,1276.8,138.07316900831964,0.0,damaging,TRIM24
COL5A1 (1289)_damaging,0,3.6095854757070786e-05,1277.0,173.19930715796758,0.0,damaging,COL5A1
CHD1 (1105)_damaging,0,4.535663185595318e-05,1278.0,25.45584412271571,0.0,damaging,CHD1
CNGB1 (1258)_damaging,0,4.4781597368073204e-05,1278.0,120.04998958767135,0.0,damaging,CNGB1
PRAG1 (157285)_damaging,0,4.785361910709307e-05,1278.0,,0.0,damaging,PRAG1
SLCO5A1 (81796)_damaging,0,3.591144208713151e-05,1278.0,247.89648377229287,0.0,damaging,SLCO5A1
EMILIN1 (11117)_damaging,0,2.9684916294970704e-05,1278.3333333333333,346.41352937397426,0.0,damaging,EMILIN1
NHSL1 (57224)_damaging,0,4.2865911898504824e-05,1278.5,13.435028842544403,0.0,damaging,NHSL1
SHC1 (6464)_damaging,0,3.242274902235355e-05,1278.75,157.27338193943268,0.0,damaging,SHC1
CEP120 (153241)_damaging,0,4.759675084597522e-05,1279.0,,0.0,damaging,CEP120
GABRG1 (2565)_damaging,0,3.963662052776511e-05,1279.5,147.78531726798843,0.0,damaging,GABRG1
PRRC2C (23215)_damaging,0,4.4941579934687094e-05,1280.0,14.142135623730951,0.0,damaging,PRRC2C
MIDEAS (91748)_damaging,0,3.2778490638957675e-05,1283.4,89.58403875691246,0.0,damaging,MIDEAS
SAFB2 (9667)_damaging,0,4.101428139484018e-05,1283.5,106.91273700234849,0.0,damaging,SAFB2
CENPC (1060)_damaging,0,3.513132078409368e-05,1283.8,201.695810566308,0.0,damaging,CENPC
ZNF469 (84627)_damaging,0,3.626727967665741e-05,1286.0,109.01376059929315,0.0,damaging,ZNF469
TOP3A (7156)_damaging,0,3.1022120049366995e-05,1286.25,108.04127297781466,0.0,damaging,TOP3A
SLCO6A1 (133482)_damaging,0,4.071816013256589e-05,1287.0,188.39055178007203,0.0,damaging,SLCO6A1
GOLGB1 (2804)_damaging,0,2.851146608831004e-05,1287.6666666666667,90.52255704150949,0.0,damaging,GOLGB1
AKAP6 (9472)_damaging,0,3.2888948754321465e-05,1288.4,225.04843923031325,0.0,damaging,AKAP6
MBD4 (8930)_damaging,0,3.954094519615659e-05,1289.25,209.5493179818695,0.0,damaging,MBD4
GALNT13 (114805)_damaging,0,4.103476248760873e-05,1290.0,256.8423641068583,0.0,damaging,GALNT13
DAB2IP (153090)_damaging,0,4.1446004685668414e-05,1291.0,,0.0,damaging,DAB2IP
TOPAZ1 (375337)_damaging,0,4.1739777837576895e-05,1291.0,140.22125373851142,0.0,damaging,TOPAZ1
ADGRD2 (347088)_damaging,0,4.2845118858002176e-05,1292.0,,0.0,damaging,ADGRD2
FNIP1 (96459)_damaging,0,2.8940432185430236e-05,1293.5,124.42534575666915,0.0,damaging,FNIP1
NIN (51199)_damaging,0,3.2847296856034335e-05,1294.8,195.85632489148776,0.0,damaging,NIN
SH2B1 (25970)_damaging,0,4.0125931258547435e-05,1295.0,52.32590180780452,0.0,damaging,SH2B1
INO80 (54617)_damaging,0,3.825847705928355e-05,1297.0,278.4169535067863,0.0,damaging,INO80
ACVR1B (91)_damaging,0,4.016441715940013e-05,1298.0,,0.0,damaging,ACVR1B
NEXMIF (340533)_damaging,0,3.826625356929659e-05,1298.0,216.3068807658847,0.0,damaging,NEXMIF
SPECC1 (92521)_damaging,0,3.863737781429589e-05,1300.3333333333333,100.6694260107473,0.0,damaging,SPECC1
TAF1C (9013)_damaging,0,4.160704698723509e-05,1303.0,104.96030995889191,0.0,damaging,TAF1C
MYRF (745)_damaging,0,3.6959237823041076e-05,1303.6666666666667,97.14079129456037,0.0,damaging,MYRF
WNK2 (65268)_damaging,0,3.2930670605488916e-05,1305.0,82.56815366713731,0.0,damaging,WNK2
SECISBP2 (79048)_damaging,0,4.040140344233594e-05,1305.5,58.68986283848344,0.0,damaging,SECISBP2
MORC4 (79710)_damaging,0,3.819568734603302e-05,1306.0,117.37972567696688,0.0,damaging,MORC4
ZBTB7C (201501)_damaging,0,3.2151896798288405e-05,1306.2,153.8885960687146,0.0,damaging,ZBTB7C
HERC5 (51191)_damaging,0,4.1742663984079295e-05,1307.0,,0.0,damaging,HERC5
PCSK1 (5122)_damaging,0,4.5754002806594844e-05,1307.0,,0.0,damaging,PCSK1
SPTB (6710)_damaging,0,4.5531337285124175e-05,1309.0,,0.0,damaging,SPTB
MLH1 (4292)_damaging,0,2.8934698912530902e-05,1309.2,157.02770456196575,0.0,damaging,MLH1
JAKMIP1 (152789)_damaging,0,2.820289867720516e-05,1309.3333333333333,127.00524923534986,0.0,damaging,JAKMIP1
IRS2 (8660)_damaging,0,3.8458323759482436e-05,1310.0,,0.0,damaging,IRS2
WDR55 (54853)_damaging,0,3.376293738685341e-05,1310.75,359.728948886056,0.0,damaging,WDR55
STAT5B (6777)_damaging,0,3.07587812612781e-05,1311.0,137.61903938045785,0.0,damaging,STAT5B
OC90 (729330)_damaging,0,3.778911656795447e-05,1311.5,114.31097935019194,0.0,damaging,OC90
SLIT3 (6586)_damaging,0,2.44190529729502e-05,1312.6666666666667,210.19356158867794,0.0,damaging,SLIT3
SMC5 (23137)_damaging,0,4.5047900900295375e-05,1313.0,,0.0,damaging,SMC5
CSTF3 (1479)_damaging,0,3.890208660625028e-05,1314.3333333333333,48.397658345557716,0.0,damaging,CSTF3
MAP2K7 (5609)_damaging,0,4.046638085134478e-05,1314.5,27.577164466275352,0.0,damaging,MAP2K7
HDAC2 (3066)_damaging,0,2.9233902675569955e-05,1316.25,110.9996246239899,0.0,damaging,HDAC2
SMARCA1 (6594)_damaging,0,2.6437041026030457e-05,1317.0,54.48547206977897,0.0,damaging,SMARCA1
PCDHB6 (56130)_damaging,0,1.938956287852038e-05,1318.0,291.3279938488576,0.0,damaging,PCDHB6
ZC3H14 (79882)_damaging,0,3.795706497557579e-05,1318.0,60.81118318204309,0.0,damaging,ZC3H14
NES (10763)_damaging,0,3.867431127179028e-05,1318.5,84.27929757656975,0.0,damaging,NES
SEC16A (9919)_damaging,0,3.937593453042437e-05,1319.6666666666667,11.239810200058267,0.0,damaging,SEC16A
ATAD2B (54454)_damaging,0,2.8443412979556743e-05,1320.6,281.3544028445263,0.0,damaging,ATAD2B
SGO2 (151246)_damaging,0,2.8140169718022735e-05,1321.0,279.20333092568933,0.0,damaging,SGO2
PPP2R3B (28227)_damaging,0,4.433472230817852e-05,1322.0,,0.0,damaging,PPP2R3B
AGBL2 (79841)_damaging,0,3.1666228735308226e-05,1322.5,167.58430714121175,0.0,damaging,AGBL2
TNS2 (23371)_damaging,0,3.696345362170514e-05,1323.0,,0.0,damaging,TNS2
LRRIQ3 (127255)_damaging,0,3.688429344640151e-05,1324.0,,0.0,damaging,LRRIQ3
RUSC2 (9853)_damaging,0,3.7979332182716714e-05,1324.25,161.19217309369174,0.0,damaging,RUSC2
PALM2AKAP2 (445815)_damaging,0,2.874264566810283e-05,1325.4,207.0526503090458,0.0,damaging,PALM2AKAP2
FBXO38 (81545)_damaging,0,4.3067031797620756e-05,1327.0,,0.0,damaging,FBXO38
SALL1 (6299)_damaging,0,2.6233800852891657e-05,1328.0,167.9484047755937,0.0,damaging,SALL1
CNTN3 (5067)_damaging,0,3.8972990446433574e-05,1331.0,,0.0,damaging,CNTN3
EPHB6 (2051)_damaging,0,2.889500406645284e-05,1331.4,167.5493957016855,0.0,damaging,EPHB6
NHS (4810)_damaging,0,2.654118824674031e-05,1331.5,227.34775125344873,0.0,damaging,NHS
NUP205 (23165)_damaging,0,2.790238509646924e-05,1332.4,135.6919304896205,0.0,damaging,NUP205
COL4A1 (1282)_damaging,0,3.585753144944616e-05,1333.75,84.4092214551625,0.0,damaging,COL4A1
KLHL41 (10324)_damaging,0,3.434234153449802e-05,1335.5,221.32442251138937,0.0,damaging,KLHL41
NYAP1 (222950)_damaging,0,3.125972993473061e-05,1336.0,217.78888860545663,0.0,damaging,NYAP1
PRR14L (253143)_damaging,0,3.735450018201646e-05,1336.6666666666667,167.82828526006378,0.0,damaging,PRR14L
AOC1 (26)_damaging,0,3.850582548383166e-05,1337.0,,0.0,damaging,AOC1
PARP14 (54625)_damaging,0,3.508333512858136e-05,1337.0,,0.0,damaging,PARP14
SCNN1B (6338)_damaging,0,3.3672472419112814e-05,1337.3333333333333,144.58330931796152,0.0,damaging,SCNN1B
KIAA1217 (56243)_damaging,0,3.638796046988743e-05,1338.0,234.75945135393377,0.0,damaging,KIAA1217
PFAS (5198)_damaging,0,3.747777599415864e-05,1338.3333333333333,39.80368492154132,0.0,damaging,PFAS
PTPN12 (5782)_damaging,0,3.747072822318368e-05,1339.6666666666667,130.51564401761706,0.0,damaging,PTPN12
SORBS2 (8470)_damaging,0,3.3773137071730766e-05,1341.0,251.0398374760468,0.0,damaging,SORBS2
ABCA2 (20)_damaging,0,2.3470605279398943e-05,1341.3333333333333,169.17545133184464,0.0,damaging,ABCA2
WDR64 (128025)_damaging,0,3.688267830415856e-05,1343.0,63.02380502635492,0.0,damaging,WDR64
WDR5 (11091)_damaging,0,3.488317264034046e-05,1343.5,111.82873810728022,0.0,damaging,WDR5
AP4E1 (23431)_damaging,0,3.0328437180602034e-05,1351.0,137.04378862246912,0.0,damaging,AP4E1
DLC1 (10395)_damaging,0,3.733121027559819e-05,1351.6666666666667,41.198705481280996,0.0,damaging,DLC1
QSER1 (79832)_damaging,0,3.439365859098797e-05,1352.25,119.12563396123718,0.0,damaging,QSER1
KCNH4 (23415)_damaging,0,3.022410109622573e-05,1353.75,230.34376483855607,0.0,damaging,KCNH4
PWWP2A (114825)_damaging,0,3.3242630368510894e-05,1354.0,,0.0,damaging,PWWP2A
DISP1 (84976)_damaging,0,3.160923381114612e-05,1355.0,,0.0,damaging,DISP1
RAPGEF2 (9693)_damaging,0,2.3516822096297683e-05,1355.4,147.97905257163936,0.0,damaging,RAPGEF2
ITGAM (3684)_damaging,0,3.263581283951122e-05,1358.0,,0.0,damaging,ITGAM
DGKI (9162)_damaging,0,3.063610095995321e-05,1360.0,,0.0,damaging,DGKI
PCCA (5095)_damaging,0,3.912832327868346e-05,1360.0,,0.0,damaging,PCCA
RBM44 (375316)_damaging,0,3.422159197893077e-05,1360.0,38.18376618407357,0.0,damaging,RBM44
HPS5 (11234)_damaging,0,3.2175490100699935e-05,1360.5,167.58430714121175,0.0,damaging,HPS5
EIF4G3 (8672)_damaging,0,3.5554843214888435e-05,1362.0,96.16652224137046,0.0,damaging,EIF4G3
ANKRD13B (124930)_damaging,0,3.1420849615803174e-05,1363.0,,0.0,damaging,ANKRD13B
TNK2 (10188)_damaging,0,1.777502699363871e-05,1364.25,173.81287831074735,0.0,damaging,TNK2
ORC4 (5000)_damaging,0,3.3619118668148466e-05,1364.3333333333333,53.144457221175294,0.0,damaging,ORC4
ITGAL (3683)_damaging,0,3.396868506059341e-05,1366.0,50.86255990411808,0.0,damaging,ITGAL
ICE2 (79664)_damaging,0,2.0422602429511124e-05,1368.4,189.27968723558268,0.0,damaging,ICE2
JAK1 (3716)_damaging,0,2.938369773659955e-05,1369.3333333333333,111.03753119253571,0.0,damaging,JAK1
MYOCD (93649)_damaging,0,3.30387625699075e-05,1370.0,91.23961128077359,0.0,damaging,MYOCD
HDAC7 (51564)_damaging,0,3.137686461454275e-05,1374.3333333333333,44.286943147313025,0.0,damaging,HDAC7
CCDC88C (440193)_damaging,0,3.0910052110773e-05,1374.5,102.5304832720494,0.0,damaging,CCDC88C
DAXX (1616)_damaging,0,2.7570571127811167e-05,1375.0,,0.0,damaging,DAXX
TIMD4 (91937)_damaging,0,3.056777136933805e-05,1375.0,,0.0,damaging,TIMD4
STAT6 (6778)_damaging,0,2.8681443803660084e-05,1377.6666666666667,112.54480589229047,0.0,damaging,STAT6
SYNRG (11276)_damaging,0,3.407504273160772e-05,1379.0,,0.0,damaging,SYNRG
HOXB3 (3213)_damaging,0,2.7735066116652756e-05,1383.0,187.92551716038992,0.0,damaging,HOXB3
RSU1P2 (100133308)_damaging,0,2.8456344011694267e-05,1384.25,138.23500521455,0.0,damaging,RSU1P2
CD58 (965)_damaging,0,2.5591282946795184e-05,1388.0,142.8355697996826,0.0,damaging,CD58
ATAD5 (79915)_damaging,0,2.9174884022569288e-05,1388.5,113.87859032027636,0.0,damaging,ATAD5
GNAS (2778)_damaging,0,2.117247039176586e-05,1388.5,156.27059864222701,0.0,damaging,GNAS
TMEM131 (23505)_damaging,0,2.9255789567427353e-05,1390.0,56.57443474456167,0.0,damaging,TMEM131
ZC3H7B (23264)_damaging,0,2.711249587588733e-05,1390.0,172.94796905427944,0.0,damaging,ZC3H7B
FLNA (2316)_damaging,0,2.8668954701007866e-05,1391.0,,0.0,damaging,FLNA
SMC4 (10051)_damaging,0,2.909566679642595e-05,1393.6666666666667,134.87895808217576,0.0,damaging,SMC4
LOXL3 (84695)_damaging,0,2.7000792888767574e-05,1394.5,62.80923498976879,0.0,damaging,LOXL3
WNT1 (7471)_damaging,0,1.7253972437879633e-05,1394.8,88.41493086577627,0.0,damaging,WNT1
SLFN5 (162394)_damaging,0,2.283800286081511e-05,1395.0,,0.0,damaging,SLFN5
KCNB1 (3745)_damaging,0,2.6238301909598696e-05,1396.0,99.54898291795854,0.0,damaging,KCNB1
TTF1 (7270)_damaging,0,2.04403776296557e-06,1396.5,221.32442251138937,0.0,damaging,TTF1
PHF2 (5253)_damaging,0,2.642974308050032e-05,1398.3333333333333,177.21832109952211,0.0,damaging,PHF2
IRS1 (3667)_damaging,0,1.5907358418044147e-05,1399.4,98.82965142101835,0.0,damaging,IRS1
MVK (4598)_damaging,0,1.2156749914590092e-05,1399.75,118.99964985942889,0.0,damaging,MVK
PSD (5662)_damaging,0,2.6434917235762317e-05,1400.6666666666667,77.42308010750625,0.0,damaging,PSD
SCN10A (6336)_damaging,0,2.8600141771284274e-05,1402.0,102.3132444994293,0.0,damaging,SCN10A
CILP (8483)_damaging,0,2.9426470187187347e-05,1402.5,122.32947314527271,0.0,damaging,CILP
ERCC6 (2074)_damaging,0,2.570153349597168e-05,1404.0,,0.0,damaging,ERCC6
GRIN3A (116443)_damaging,0,2.008699950235349e-05,1405.0,,0.0,damaging,GRIN3A
TFE3 (7030)_damaging,0,1.2645939429241255e-05,1405.25,133.67466725848496,0.0,damaging,TFE3
AK5 (26289)_damaging,0,2.890663531210771e-05,1406.0,137.17871555019022,0.0,damaging,AK5
SHROOM4 (57477)_damaging,0,3.371499415323443e-05,1407.0,,0.0,damaging,SHROOM4
FEZF2 (55079)_damaging,0,3.3628662184101135e-05,1409.0,,0.0,damaging,FEZF2
GRM1 (2911)_damaging,0,2.8479411064948485e-05,1410.0,62.385895841928885,0.0,damaging,GRM1
ACIN1 (22985)_damaging,0,2.5995644107835608e-05,1410.75,89.99398128023152,0.0,damaging,ACIN1
SAP130 (79595)_damaging,0,1.8862895798537697e-05,1411.0,,0.0,damaging,SAP130
HYOU1 (10525)_damaging,0,2.5892565322578384e-05,1412.5,54.44722215136416,0.0,damaging,HYOU1
ARHGEF40 (55701)_damaging,0,2.8381819048825166e-05,1412.6666666666667,39.62743157628735,0.0,damaging,ARHGEF40
ADAMTSL1 (92949)_damaging,0,2.8122027294822133e-05,1413.0,,0.0,damaging,ADAMTSL1
MTIF2 (4528)_damaging,0,3.285815032530319e-05,1414.0,,0.0,damaging,MTIF2
SIPA1L3 (23094)_damaging,0,2.3447828512450626e-05,1414.3333333333333,97.76672917374978,0.0,damaging,SIPA1L3
DOCK10 (55619)_damaging,0,2.782227302217444e-05,1415.0,45.254833995939045,0.0,damaging,DOCK10
FRRS1 (391059)_damaging,0,2.7375872081986782e-05,1415.0,,0.0,damaging,FRRS1
USH1C (10083)_damaging,0,2.4975668207177525e-05,1416.3333333333333,51.96473162957095,0.0,damaging,USH1C
CHD7 (55636)_damaging,0,2.340317788462137e-05,1416.75,43.21554504265026,0.0,damaging,CHD7
CACNA1G (8913)_damaging,0,1.723148900326152e-05,1418.0,,0.0,damaging,CACNA1G
SPAG6 (9576)_damaging,0,3.0190777636621028e-05,1418.0,12.727922061357855,0.0,damaging,SPAG6
DOT1L (84444)_damaging,0,2.3343331657239768e-05,1418.5,40.43513323831146,0.0,damaging,DOT1L
NFRKB (4798)_damaging,0,2.6598232637248043e-05,1419.6666666666667,73.59574263049004,0.0,damaging,NFRKB
SALL4 (57167)_damaging,0,1.6802803969544336e-05,1420.0,,0.0,damaging,SALL4
CAMTA2 (23125)_damaging,0,2.6684116016571764e-05,1421.0,,0.0,damaging,CAMTA2
ZNF407 (55628)_damaging,0,3.0017867437857527e-05,1421.0,33.94112549695428,0.0,damaging,ZNF407
AXIN2 (8313)_damaging,0,1.012056187816054e-05,1421.25,147.90171285913715,0.0,damaging,AXIN2
NKAPD1 (55216)_damaging,0,1.0875125171014058e-05,1423.0,118.72868229707596,0.0,damaging,NKAPD1
POSTN (10631)_damaging,0,2.545608477011109e-05,1424.5,156.27059864222701,0.0,damaging,POSTN
DOCK1 (1793)_damaging,0,2.373732398971391e-05,1424.75,33.018933962198105,0.0,damaging,DOCK1
RSF1 (51773)_damaging,0,2.4089869429251222e-05,1425.0,55.256975426938936,0.0,damaging,RSF1
GRIN2D (2906)_damaging,0,2.5409887700276835e-05,1426.0,,0.0,damaging,GRIN2D
BCL11A (53335)_damaging,0,1.5238062088871515e-05,1427.0,,0.0,damaging,BCL11A
ADAM23 (8745)_damaging,0,9.856318075033275e-06,1429.25,127.13346005936701,0.0,damaging,ADAM23
HOXD11 (3237)_damaging,0,2.0472896146897652e-05,1430.0,,0.0,damaging,HOXD11
CLUH (23277)_damaging,0,2.5572093817620985e-05,1431.3333333333333,56.367839530474605,0.0,damaging,CLUH
BMPR2 (659)_damaging,0,2.2316298415245224e-05,1432.75,13.913422775626902,0.0,damaging,BMPR2
OSBPL1A (114876)_damaging,0,2.226578149262387e-05,1433.25,100.49336628189279,0.0,damaging,OSBPL1A
KSR1 (8844)_damaging,0,2.1927724273728183e-05,1436.5,34.60732099811638,0.0,damaging,KSR1
LRRC17 (10234)_damaging,0,1.1532403613407653e-05,1438.0,,0.0,damaging,LRRC17
SOWAHA (134548)_damaging,0,1.9549267807589478e-05,1438.0,,0.0,damaging,SOWAHA
SYNPO2L (79933)_damaging,0,2.3277826213975624e-05,1438.0,,0.0,damaging,SYNPO2L
EGR2 (1959)_damaging,0,2.5572144403835245e-05,1439.5,96.87362902255701,0.0,damaging,EGR2
FBRS (64319)_damaging,0,2.0998040060436696e-05,1439.5,23.33452377915607,0.0,damaging,FBRS
ZMYM1 (79830)_damaging,0,1.710885882886227e-05,1442.25,91.87446144966876,0.0,damaging,ZMYM1
ESCO1 (114799)_damaging,0,2.2918167993232606e-05,1442.6666666666667,86.07167555783572,0.0,damaging,ESCO1
ERMP1 (79956)_damaging,0,2.1436105250022347e-05,1443.0,52.32590180780452,0.0,damaging,ERMP1
BACH2 (60468)_damaging,0,1.8924256886934654e-05,1444.0,,0.0,damaging,BACH2
MFRP (83552)_damaging,0,2.248257779641971e-05,1444.6666666666667,75.71877794400363,0.0,damaging,MFRP
SLF2 (55719)_damaging,0,2.152640759590216e-05,1445.0,93.74433316206373,0.0,damaging,SLF2
MYO1B (4430)_damaging,0,1.8730278417950392e-05,1446.0,,0.0,damaging,MYO1B
EFNB3 (1949)_damaging,0,1.726494366401929e-05,1446.3333333333333,45.23641600893396,0.0,damaging,EFNB3
SPATA31G1 (138724)_damaging,0,1.642568964292623e-05,1446.5,91.32177542441161,0.0,damaging,SPATA31G1
OTUD7B (56957)_damaging,0,2.8292267051046122e-05,1447.0,,0.0,damaging,OTUD7B
FRMPD4 (9758)_damaging,0,1.9804529818557186e-05,1448.5,31.81980515339464,0.0,damaging,FRMPD4
USF3 (205717)_damaging,0,2.768788524094033e-05,1451.0,,0.0,damaging,USF3
PEX6 (5190)_damaging,0,7.081257000367533e-06,1452.0,,0.0,damaging,PEX6
FOXN3 (1112)_damaging,0,1.8796800966793668e-05,1454.6666666666667,41.428653530296295,0.0,damaging,FOXN3
EML3 (256364)_damaging,0,5.448505220779589e-06,1456.0,,0.0,damaging,EML3
RGL2 (5863)_damaging,0,2.7171023757249184e-05,1457.0,,0.0,damaging,RGL2
DENND4B (9909)_damaging,0,1.9535697812367418e-05,1460.0,,0.0,damaging,DENND4B
NLGN3 (54413)_damaging,0,1.5832441517563717e-05,1461.0,,0.0,damaging,NLGN3
FILIP1L (11259)_damaging,0,1.0390943464142003e-05,1462.5,44.54772721475249,0.0,damaging,FILIP1L
RASAL2 (9462)_damaging,0,1.5088011775569877e-05,1465.0,,0.0,damaging,RASAL2
STAMBPL1 (57559)_damaging,0,9.37800986972871e-06,1465.5,44.54772721475249,0.0,damaging,STAMBPL1
ZNF716 (441234)_damaging,0,1.4977088078207045e-05,1467.0,,0.0,damaging,ZNF716
SPRED1 (161742)_damaging,0,1.918249049899114e-05,1472.0,25.45584412271571,0.0,damaging,SPRED1
TRPC5 (7224)_damaging,0,2.4314591138808718e-05,1472.0,,0.0,damaging,TRPC5
GIGYF1 (64599)_damaging,0,1.5279312971184942e-05,1472.75,52.219887654672974,0.0,damaging,GIGYF1
GPC2 (221914)_damaging,0,6.939976292853927e-06,1475.0,42.42640687119285,0.0,damaging,GPC2
PPP1R10 (5514)_damaging,0,1.3955214472714644e-05,1475.0,,0.0,damaging,PPP1R10
AKAP7 (9465)_damaging,0,1.3010271636478358e-05,1477.0,65.04357513749277,0.0,damaging,AKAP7
WNT16 (51384)_damaging,0,1.1204870187432072e-05,1480.6666666666667,20.599352740640473,0.0,damaging,WNT16
KSR2 (283455)_damaging,0,9.807358937405837e-06,1487.0,,0.0,damaging,KSR2
PAX2 (5076)_damaging,0,1.1125547943513919e-05,1488.0,,0.0,damaging,PAX2
SLC9C2 (284525)_damaging,0,8.429126424933732e-06,1495.0,,0.0,damaging,SLC9C2
SCN8A (6334)_damaging,0,2.0065939706843818e-05,1499.0,,0.0,damaging,SCN8A
USP8 (9101)_damaging,0,1.0332266579515375e-05,1505.6666666666667,35.949038002891456,0.0,damaging,USP8
MPRIP (23164)_damaging,0,1.2584378168564088e-06,1506.25,36.98986347636336,0.0,damaging,MPRIP
ADAR (103)_damaging,0,1.6485100414563172e-05,1507.0,,0.0,damaging,ADAR
TAF4 (6874)_damaging,0,1.5904856330077773e-05,1511.0,,0.0,damaging,TAF4
BRD10 (158358)_damaging,0,1.1902283527195186e-05,1527.0,,0.0,damaging,BRD10
MAP2K4 (6416)_damaging,0,9.380699288124126e-06,1542.0,,0.0,damaging,MAP2K4
VILL (50853)_damaging,0,4.642166344294683e-06,1552.0,,0.0,damaging,VILL
CTNND2 (1501)_damaging,0,6.743509213076841e-20,1555.0,,0.0,damaging,CTNND2
SOBP (55084)_damaging,0,2.0530338443330778e-20,1556.0,,0.0,damaging,SOBP
