feature,n_folds_selected,mean_importance,mean_rank,rank_std,selection_freq,kind,gene
SIG:T[C>A]C,5,0.01956420305821817,2.0,1.4142135623730951,1.0,damaging,SIG:T[C>A]C
SIG:T[C>G]A,5,0.018565477879329502,2.2,0.8366600265340756,1.0,damaging,SIG:T[C>G]A
SIG:T[C>T]A,5,0.016986542972739025,4.4,1.816590212458495,1.0,damaging,SIG:T[C>T]A
SIG:T[C>G]C,5,0.01634084410454406,4.8,1.0954451150103324,1.0,damaging,SIG:T[C>G]C
SIG:T[C>A]A,5,0.015830120049454794,6.8,3.271085446759225,1.0,damaging,SIG:T[C>A]A
SIG:T[C>G]T,5,0.014949640206645524,8.4,4.33589667773576,1.0,damaging,SIG:T[C>G]T
SIG:C[C>G]T,5,0.014642944622702108,8.6,0.8944271909999159,1.0,damaging,SIG:C[C>G]T
TP53 (7157)_damaging,5,0.016771452736456464,8.6,11.631852818876277,1.0,damaging,TP53
SIG:C[T>C]G,5,0.014030595213771715,9.4,2.701851217221259,1.0,damaging,SIG:C[T>C]G
SIG:C[T>A]T,5,0.013981348454788083,11.8,6.760177512462229,1.0,damaging,SIG:C[T>A]T
SIG:A[C>T]T,5,0.013685209255881108,12.0,6.4031242374328485,1.0,damaging,SIG:A[C>T]T
SIG:G[C>T]C,5,0.012464938961987393,13.0,6.2048368229954285,1.0,damaging,SIG:G[C>T]C
SIG:T[C>T]C,5,0.011860118024918638,16.4,3.361547262794322,1.0,damaging,SIG:T[C>T]C
SIG:T[C>T]T,5,0.011895287739303043,16.4,3.577708763999663,1.0,damaging,SIG:T[C>T]T
SIG:A[C>A]A,5,0.01175282717458383,17.0,5.1478150704935,1.0,damaging,SIG:A[C>A]A
SIG:G[C>T]A,5,0.01148834857497855,19.2,6.685805860178712,1.0,damaging,SIG:G[C>T]A
SIG:A[T>C]G,5,0.011365314354417474,19.4,5.594640292279745,1.0,damaging,SIG:A[T>C]G
SIG:G[T>C]G,5,0.011000034068878818,21.2,3.7013511046643495,1.0,damaging,SIG:G[T>C]G
SIG:C[C>T]A,5,0.010908949256856457,21.4,6.580273550544841,1.0,damaging,SIG:C[C>T]A
SIG:G[C>A]A,4,0.010785406937762277,21.2,10.963576058932597,0.8,damaging,SIG:G[C>A]A
SIG:C[C>T]G,4,0.010523333117309276,23.4,8.142481194328914,0.8,damaging,SIG:C[C>T]G
SIG:A[C>G]C,4,0.010993147745440107,24.6,16.831518053936787,0.8,damaging,SIG:A[C>G]C
SIG:C[T>A]C,4,0.010723835551535643,25.2,7.463243262818116,0.8,damaging,SIG:C[T>A]C
SIG:C[C>A]A,4,0.009980322020315357,27.4,10.382677881933928,0.8,damaging,SIG:C[C>A]A
SIG:A[C>T]A,4,0.009549624256133519,33.4,12.177848742696716,0.8,damaging,SIG:A[C>T]A
SIG:G[C>T]T,3,0.011669818691231123,21.6,12.381437719424994,0.6,damaging,SIG:G[C>T]T
SIG:G[T>A]G,3,0.012346007052066964,22.2,14.923136399564267,0.6,damaging,SIG:G[T>A]G
SIG:A[C>T]G,3,0.010078982814268948,27.0,4.847679857416329,0.6,damaging,SIG:A[C>T]G
SIG:T[C>G]G,3,0.010253455505444379,27.8,6.3796551630946325,0.6,damaging,SIG:T[C>G]G
SIG:G[C>T]G,3,0.009618498623354866,29.2,6.180614856144977,0.6,damaging,SIG:G[C>T]G
SIG:C[C>A]T,3,0.009296506349653042,32.2,12.316655390161731,0.6,damaging,SIG:C[C>A]T
SIG:A[C>A]T,3,0.009317724305185432,32.6,14.587666023048376,0.6,damaging,SIG:A[C>A]T
SIG:C[C>T]C,3,0.009535774079109858,34.0,15.98436736314578,0.6,damaging,SIG:C[C>T]C
SIG:A[C>A]C,2,0.008791116115611652,38.0,12.509996003196804,0.4,damaging,SIG:A[C>A]C
SIG:A[C>A]G,1,0.00880415593691276,37.4,10.064790112068906,0.2,damaging,SIG:A[C>A]G
SIG:C[T>C]C,1,0.008483793169108625,41.4,11.371015785759864,0.2,damaging,SIG:C[T>C]C
SIG:G[T>C]A,1,0.008851441796712052,43.6,13.501851724856113,0.2,damaging,SIG:G[T>C]A
SIG:A[C>G]T,1,0.008020375127223558,50.0,15.588457268119896,0.2,damaging,SIG:A[C>G]T
SIG:T[T>A]T,1,0.007737014762231605,54.2,19.99249859322241,0.2,damaging,SIG:T[T>A]T
SIG:A[C>T]C,0,0.009069135420630306,34.0,2.73861278752583,0.0,damaging,SIG:A[C>T]C
SIG:T[C>A]T,0,0.00907557074087625,34.4,5.079370039680118,0.0,damaging,SIG:T[C>A]T
SIG:G[T>C]C,0,0.008495333599758247,41.6,4.774934554525329,0.0,damaging,SIG:G[T>C]C
SIG:G[T>G]G,0,0.008581855000817387,43.0,7.483314773547883,0.0,damaging,SIG:G[T>G]G
SIG:A[T>C]C,0,0.008677811310237676,43.4,8.049844718999243,0.0,damaging,SIG:A[T>C]C
SIG:T[C>A]G,0,0.008230112522357395,43.8,5.35723809439155,0.0,damaging,SIG:T[C>A]G
SIG:G[C>A]T,0,0.008079795152569628,45.8,9.148770409186143,0.0,damaging,SIG:G[C>A]T
SIG:A[T>C]T,0,0.008119553963084763,46.2,7.8549347546621915,0.0,damaging,SIG:A[T>C]T
SIG:C[C>T]T,0,0.007958123068289228,46.6,9.91463564635635,0.0,damaging,SIG:C[C>T]T
SIG:T[T>A]C,0,0.00784190465080258,49.6,11.148990985734988,0.0,damaging,SIG:T[T>A]C
SIG:C[T>G]T,0,0.007951352662760217,49.8,13.292855223765887,0.0,damaging,SIG:C[T>G]T
SIG:T[C>T]G,0,0.00792729589878295,49.8,9.959919678390985,0.0,damaging,SIG:T[C>T]G
SIG:G[T>G]A,0,0.007804238851148375,52.2,11.734564329364769,0.0,damaging,SIG:G[T>G]A
SIG:C[C>G]G,0,0.007602456330572152,53.6,6.949820141557621,0.0,damaging,SIG:C[C>G]G
SIG:C[T>C]T,0,0.007472669062415412,54.2,6.016643582596529,0.0,damaging,SIG:C[T>C]T
SIG:A[T>C]A,0,0.007577868842920682,54.6,14.170391667134682,0.0,damaging,SIG:A[T>C]A
SIG:G[T>C]T,0,0.00790227657552713,56.0,15.953056133543816,0.0,damaging,SIG:G[T>C]T
SIG:T[T>C]G,0,0.007539734171030032,56.2,11.819475453673908,0.0,damaging,SIG:T[T>C]G
SIG:A[C>G]A,0,0.007372370955366326,58.4,10.876580344942981,0.0,damaging,SIG:A[C>G]A
SIG:C[T>A]G,0,0.007545292585728711,59.4,15.388307249337076,0.0,damaging,SIG:C[T>A]G
SIG:G[C>G]C,0,0.007335022018036955,59.4,8.961026726887942,0.0,damaging,SIG:G[C>G]C
SIG:G[T>G]T,0,0.007336345342355345,59.6,14.859340496805368,0.0,damaging,SIG:G[T>G]T
SIG:A[T>G]G,0,0.0072124436824236625,60.4,5.504543577809154,0.0,damaging,SIG:A[T>G]G
SIG:G[C>A]C,0,0.0071327224871380445,61.6,10.89954127475097,0.0,damaging,SIG:G[C>A]C
SIG:T[T>C]T,0,0.0071868100092770115,62.6,13.202272531651511,0.0,damaging,SIG:T[T>C]T
SIG:T[T>G]G,0,0.006970347356102208,64.6,8.203657720797473,0.0,damaging,SIG:T[T>G]G
SIG:C[C>G]A,0,0.006954041018169203,65.8,7.949842765740716,0.0,damaging,SIG:C[C>G]A
SIG:C[C>A]C,0,0.006846138728216542,66.0,14.543039572248986,0.0,damaging,SIG:C[C>A]C
TP53 (7157)_hotspot,0,0.006864864945935678,66.4,22.864820139244483,0.0,hotspot,TP53
SIG:A[T>A]C,0,0.006887845081837355,66.8,15.990622251807464,0.0,damaging,SIG:A[T>A]C
SIG:G[C>G]T,0,0.006851159139745428,68.2,6.1806148561449765,0.0,damaging,SIG:G[C>G]T
SIG:C[T>G]G,0,0.006672797646126878,68.4,10.667708282475669,0.0,damaging,SIG:C[T>G]G
SIG:G[C>A]G,0,0.006782291321062843,68.8,9.602083107326242,0.0,damaging,SIG:G[C>A]G
SIG:T[T>G]C,0,0.006651116006470609,69.6,14.959946523968593,0.0,damaging,SIG:T[T>G]C
SIG:C[T>C]A,0,0.00656799516536756,70.6,12.157302332343304,0.0,damaging,SIG:C[T>C]A
SIG:A[C>G]G,0,0.006561555168400702,73.0,13.038404810405298,0.0,damaging,SIG:A[C>G]G
SIG:G[C>G]A,0,0.0065178077331432644,73.4,4.33589667773576,0.0,damaging,SIG:G[C>G]A
SIG:A[T>A]G,0,0.00645809030204985,74.2,5.805170109479996,0.0,damaging,SIG:A[T>A]G
SIG:C[C>G]C,0,0.006401480463831592,75.8,8.5848704125339,0.0,damaging,SIG:C[C>G]C
SIG:G[T>G]C,0,0.006364861060248343,76.4,5.412947441089744,0.0,damaging,SIG:G[T>G]C
SIG:C[T>A]A,0,0.0062166299730276615,77.6,11.238327277669038,0.0,damaging,SIG:C[T>A]A
SIG:T[T>G]T,0,0.0060756236004950205,78.8,11.861703081766969,0.0,damaging,SIG:T[T>G]T
SIG:T[T>C]C,0,0.005915976505277824,79.6,5.319774431308154,0.0,damaging,SIG:T[T>C]C
SIG:A[T>A]A,0,0.005925018633728836,82.2,8.700574693662482,0.0,damaging,SIG:A[T>A]A
SIG:G[T>A]T,0,0.005948590260446715,82.4,3.2093613071762426,0.0,damaging,SIG:G[T>A]T
SIG:A[T>A]T,0,0.005572960309393706,85.4,6.387487769068523,0.0,damaging,SIG:A[T>A]T
SIG:C[C>A]G,0,0.005477504878225467,85.6,7.092249290598857,0.0,damaging,SIG:C[C>A]G
SIG:C[T>G]C,0,0.005616871796073492,85.8,5.118593556827891,0.0,damaging,SIG:C[T>G]C
SIG:A[T>G]T,0,0.0054007128336919065,86.0,9.746794344808963,0.0,damaging,SIG:A[T>G]T
SIG:T[T>A]G,0,0.005472535730670263,86.2,3.7013511046643495,0.0,damaging,SIG:T[T>A]G
SIG:G[C>G]G,0,0.005383011263680773,87.8,2.8635642126552687,0.0,damaging,SIG:G[C>G]G
SIG:T[T>A]A,0,0.005144293325810824,87.8,11.670475568716128,0.0,damaging,SIG:T[T>A]A
SIG:T[T>C]A,0,0.005270525051478824,88.8,4.969909455915671,0.0,damaging,SIG:T[T>C]A
SIG:G[T>A]C,0,0.005350094988701622,89.0,3.7416573867739413,0.0,damaging,SIG:G[T>A]C
SIG:G[T>A]A,0,0.004756257329755939,91.6,6.655824516917495,0.0,damaging,SIG:G[T>A]A
SIG:A[T>G]C,0,0.004528827640362236,94.4,0.8944271909999157,0.0,damaging,SIG:A[T>G]C
SIG:T[T>G]A,0,0.004299416867468695,95.2,2.1679483388678786,0.0,damaging,SIG:T[T>G]A
SIG:A[T>G]A,0,0.004201017249048246,96.0,1.5811388300841909,0.0,damaging,SIG:A[T>G]A
SIG:C[T>G]A,0,0.003575543992234095,97.2,0.8366600265340762,0.0,damaging,SIG:C[T>G]A
TERT (7015)_hotspot,0,0.0025316009728969637,99.0,0.0,0.0,hotspot,TERT
BRAF (673)_hotspot,0,0.0016503321406865737,100.2,0.44721359549995715,0.0,hotspot,BRAF
RB1 (5925)_damaging,0,0.0013465403988308208,101.4,1.1401754250991403,0.0,damaging,RB1
KRAS (3845)_hotspot,0,0.0008766875968839293,104.6,3.0495901363953806,0.0,hotspot,KRAS
CREBBP (1387)_damaging,0,0.0009137623353799,107.6,5.594640292279747,0.0,damaging,CREBBP
KMT2D (8085)_damaging,0,0.0007550953938840725,108.6,5.683308895353128,0.0,damaging,KMT2D
PIK3CA (5290)_hotspot,0,0.0007453223679604456,109.4,7.956129712366433,0.0,hotspot,PIK3CA
CDKN2A (1029)_damaging,0,0.0006651828934004436,111.4,7.797435475847172,0.0,damaging,CDKN2A
NRAS (4893)_hotspot,0,0.000709387763093211,111.8,7.9498427657407165,0.0,hotspot,NRAS
ID3 (3399)_damaging,0,0.0007594549628038268,112.0,8.215838362577493,0.0,damaging,ID3
TYRO3 (7301)_damaging,0,0.0006674376183707615,112.4,10.922453936730518,0.0,damaging,TYRO3
PTEN (5728)_damaging,0,0.0006799483504233691,112.8,10.401922899156675,0.0,damaging,PTEN
PDS5B (23047)_damaging,0,0.000725613594987414,114.0,11.895377253370318,0.0,damaging,PDS5B
TTN (7273)_damaging,0,0.0006557764694479259,114.8,10.52140675005011,0.0,damaging,TTN
SMAD4 (4089)_damaging,0,0.0006104090018475153,117.0,7.842193570679061,0.0,damaging,SMAD4
LINC02900 (340073)_damaging,0,0.0005479141328020269,121.0,15.116216457830975,0.0,damaging,LINC02900
KMT2B (9757)_damaging,0,0.0005434046470556011,121.8,9.311283477587825,0.0,damaging,KMT2B
SLK (9748)_damaging,0,0.00048451404019774077,124.6,9.396807968666808,0.0,damaging,SLK
CDKN2A (1029)_hotspot,0,0.0004935332093042867,125.4,12.95376393176902,0.0,hotspot,CDKN2A
SPATA22 (84690)_damaging,0,0.000475266075866856,126.2,8.07465169527454,0.0,damaging,SPATA22
APC (324)_damaging,0,0.00046082132398949543,126.8,8.228000972289685,0.0,damaging,APC
LINC02138 (400558)_damaging,0,0.0004356513641819021,130.8,12.132600710482478,0.0,damaging,LINC02138
HLA-A (3105)_damaging,0,0.0004579269207015263,132.4,18.635986692418513,0.0,damaging,HLA-A
RB1 (5925)_hotspot,0,0.00043432712170792307,133.0,16.703293088490067,0.0,hotspot,RB1
SMARCA4 (6597)_damaging,0,0.0004389319547560114,134.2,18.185158784019457,0.0,damaging,SMARCA4
ARID1A (8289)_damaging,0,0.00047326247610713246,136.0,31.016124838541646,0.0,damaging,ARID1A
FBXW7 (55294)_damaging,0,0.0004174074073057905,137.4,22.052210773525633,0.0,damaging,FBXW7
NF1 (4763)_damaging,0,0.0004594259401498893,138.8,31.554714386284658,0.0,damaging,NF1
BCOR (54880)_damaging,0,0.0004000630818778634,140.2,22.631835983852476,0.0,damaging,BCOR
MUC16 (94025)_damaging,0,0.0004572078751646252,140.6,31.05318019140713,0.0,damaging,MUC16
MUC19 (283463)_damaging,0,0.0004503886938877587,141.4,35.8510808763139,0.0,damaging,MUC19
SPANXN4 (441525)_damaging,0,0.00042451145562255425,142.8,30.359512512555266,0.0,damaging,SPANXN4
SMAD4 (4089)_hotspot,0,0.00040729634392116306,145.6,24.409014728169595,0.0,hotspot,SMAD4
PTEN (5728)_hotspot,0,0.00035057016934970833,150.2,13.935566009315876,0.0,hotspot,PTEN
CCDST (112268240)_damaging,0,0.0003304911072381215,155.6,20.329781110479278,0.0,damaging,CCDST
BAP1 (8314)_damaging,0,0.00035481293173331873,161.0,50.34381789256751,0.0,damaging,BAP1
JAKMIP3 (282973)_damaging,0,0.00036694603970533255,161.4,57.96809467284568,0.0,damaging,JAKMIP3
KMT2C (58508)_damaging,0,0.0003256621514060497,162.2,33.43949760388155,0.0,damaging,KMT2C
GRIA1 (2890)_damaging,0,0.00033744922658260123,163.5,6.363961030678928,0.0,damaging,GRIA1
RAD50 (10111)_damaging,0,0.000382236649898089,164.4,62.00645127726631,0.0,damaging,RAD50
SDHA (6389)_damaging,0,0.00035443485852850804,165.2,50.53414687119987,0.0,damaging,SDHA
PITX1 (5307)_damaging,0,0.00041041714957599986,166.0,85.08525136590947,0.0,damaging,PITX1
MED12 (9968)_damaging,0,0.0003110788076557187,166.6,29.61925049693189,0.0,damaging,MED12
SLFN11 (91607)_damaging,0,0.00032012892473791155,166.8,33.59613072959445,0.0,damaging,SLFN11
SPAG8 (26206)_damaging,0,0.0003013327009066638,166.8,23.857912733514645,0.0,damaging,SPAG8
XIRP2 (129446)_damaging,0,0.00029438267368012215,167.8,23.54145280138845,0.0,damaging,XIRP2
LRP1B (53353)_damaging,0,0.0002983023946664413,168.2,21.158922467838476,0.0,damaging,LRP1B
PBRM1 (55193)_damaging,0,0.00032686060679436237,169.6,45.407047911089755,0.0,damaging,PBRM1
VHL (7428)_damaging,0,0.00031557803971534934,172.0,37.98025802966588,0.0,damaging,VHL
CTNNB1 (1499)_hotspot,0,0.0002768915202139303,173.4,29.407482041140483,0.0,hotspot,CTNNB1
GNA13 (10672)_damaging,0,0.00031930641274904755,175.2,36.45133742402328,0.0,damaging,GNA13
CSMD3 (114788)_damaging,0,0.0002784335485419834,176.0,33.7564808592365,0.0,damaging,CSMD3
RYR2 (6262)_damaging,0,0.00026928213681034737,176.6,39.27212752067298,0.0,damaging,RYR2
NOTCH1 (4851)_damaging,0,0.00029167615598615557,178.4,45.54997255762072,0.0,damaging,NOTCH1
STAG2 (10735)_damaging,0,0.00028927768690602165,179.0,36.345563690772494,0.0,damaging,STAG2
SYNE1 (23345)_damaging,0,0.00027577196262570854,180.0,33.823069050575526,0.0,damaging,SYNE1
SYNE2 (23224)_damaging,0,0.00027060921353580264,180.2,28.612934138252935,0.0,damaging,SYNE2
NSD2 (7468)_damaging,0,0.0002778259655337856,182.6,33.94554462665167,0.0,damaging,NSD2
LARS2 (23395)_damaging,0,0.00027860697368656696,183.0,,0.0,damaging,LARS2
MGA (23269)_damaging,0,0.00026617193628288244,184.8,38.55774889694677,0.0,damaging,MGA
CFAP54 (144535)_damaging,0,0.00025042303945207664,185.2,21.08791122894821,0.0,damaging,CFAP54
FAT1 (2195)_damaging,0,0.00028757471538280515,185.2,48.95610278606744,0.0,damaging,FAT1
STK11 (6794)_damaging,0,0.00027149230684095875,186.0,45.14421336118285,0.0,damaging,STK11
THBS2 (7058)_damaging,0,0.00028585640539307905,188.0,,0.0,damaging,THBS2
NFE2L2 (4780)_hotspot,0,0.0002966961263693436,188.8,59.9974999479145,0.0,hotspot,NFE2L2
EP300 (2033)_damaging,0,0.0003031290196650857,190.0,67.41290677607664,0.0,damaging,EP300
NHSL1 (57224)_damaging,0,0.00011059675677431582,190.0,,0.0,damaging,NHSL1
HLA-B (3106)_damaging,0,0.000291537764140755,192.6,62.0830089476984,0.0,damaging,HLA-B
TRMT9B (57604)_damaging,0,0.00026509898814991824,195.0,52.68301434048739,0.0,damaging,TRMT9B
KDM6A (7403)_damaging,0,0.0002628512788695814,197.4,50.629043048432194,0.0,damaging,KDM6A
BRCA2 (675)_damaging,0,0.0002446061675055321,197.6,32.30789377226562,0.0,damaging,BRCA2
FBXO38 (81545)_damaging,0,0.0002599595199845566,198.0,,0.0,damaging,FBXO38
MSH3 (4437)_damaging,0,0.0004928405432581492,198.0,156.36975410865105,0.0,damaging,MSH3
MACF1 (23499)_damaging,0,0.0002775912401388118,198.4,58.828564490390214,0.0,damaging,MACF1
RPL22 (6146)_damaging,0,0.00038764731795193493,198.6,102.24138105483513,0.0,damaging,RPL22
DNAH7 (56171)_damaging,0,0.00024041947748250787,198.8,38.173289090671766,0.0,damaging,DNAH7
RECQL (5965)_damaging,0,0.0002451793408303511,205.0,55.73598478541489,0.0,damaging,RECQL
MT-ND5 (4540)_damaging,0,0.0002531951494777849,205.4,72.27931931057458,0.0,damaging,MT-ND5
OBSCN (84033)_damaging,0,0.00023328789541226174,205.4,37.35371467471475,0.0,damaging,OBSCN
EP400 (57634)_damaging,0,0.00023699086393885136,206.0,39.43982758583004,0.0,damaging,EP400
ASXL1 (171023)_damaging,0,0.0004920394541141853,210.0,168.86681142249356,0.0,damaging,ASXL1
FBXW7 (55294)_hotspot,0,0.000266313399112835,210.6,76.5003267966876,0.0,hotspot,FBXW7
UBR5 (51366)_damaging,0,0.0002223695022354795,217.2,64.65833279632254,0.0,damaging,UBR5
USH2A (7399)_damaging,0,0.0002628118219250847,217.8,84.42570698549109,0.0,damaging,USH2A
NF2 (4771)_damaging,0,0.00025610643120466527,222.2,105.28390190337743,0.0,damaging,NF2
MUC4 (4585)_damaging,0,0.00022426080988645114,222.4,56.029456538503034,0.0,damaging,MUC4
SIN3A (25942)_damaging,0,0.00036097103926264134,223.6,154.69583058376202,0.0,damaging,SIN3A
SUZ12 (23512)_damaging,0,0.0002683546227047281,225.33333333333334,90.64950818031686,0.0,damaging,SUZ12
NEB (4703)_damaging,0,0.0003442774244824994,226.2,196.6931620570476,0.0,damaging,NEB
AK5 (26289)_damaging,0,0.00022773946718283348,227.0,,0.0,damaging,AK5
GLG1 (2734)_damaging,0,0.00023366144833758914,232.0,,0.0,damaging,GLG1
TGFBR2 (7048)_damaging,0,0.00024484205149109096,233.4,86.43089725323925,0.0,damaging,TGFBR2
ZFHX4 (79776)_damaging,0,0.0001993496916575049,234.4,47.42678568066784,0.0,damaging,ZFHX4
DMTN (2039)_damaging,0,7.407068036555555e-05,236.0,,0.0,damaging,DMTN
TJP3 (27134)_damaging,0,0.00020646460988401038,236.0,,0.0,damaging,TJP3
NUP214 (8021)_damaging,0,0.00020445450971368312,237.2,72.02568986132655,0.0,damaging,NUP214
PIK3R1 (5295)_damaging,0,0.00029397163087168624,239.8,185.1531798268666,0.0,damaging,PIK3R1
FCGBP (8857)_damaging,0,0.00029746704720736187,244.6,184.7059825777173,0.0,damaging,FCGBP
FSIP2 (401024)_damaging,0,0.00023053954799690505,245.0,119.9687459299296,0.0,damaging,FSIP2
BLTP1 (84162)_damaging,0,0.00020823338494126153,247.6,84.29294157875854,0.0,damaging,BLTP1
ATR (545)_damaging,0,0.00029195852173081007,248.6,227.29122288377084,0.0,damaging,ATR
STAB2 (55576)_damaging,0,0.0002844367844862587,249.2,141.42029557316022,0.0,damaging,STAB2
COL7A1 (1294)_damaging,0,0.00022396936604542316,249.4,85.69305689494337,0.0,damaging,COL7A1
KIF7 (374654)_damaging,0,0.0002124733028909808,253.8,132.08217139341704,0.0,damaging,KIF7
APC (324)_hotspot,0,0.00025309568015661793,254.0,177.57955963454802,0.0,hotspot,APC
SETD2 (29072)_damaging,0,0.00020336284639445174,254.8,82.30856577537965,0.0,damaging,SETD2
RELN (5649)_damaging,0,0.00020350551018501537,257.0,109.84762173119634,0.0,damaging,RELN
PSD3 (23362)_damaging,0,0.00020146187416101032,261.0,,0.0,damaging,PSD3
RAB40A (142684)_damaging,0,0.00019604436139251035,261.4,69.96642051727385,0.0,damaging,RAB40A
PAF1 (54623)_damaging,0,0.00021738005962379007,264.0,,0.0,damaging,PAF1
TNFAIP3 (7128)_damaging,0,0.00022608853951560588,264.3333333333333,92.41392391481563,0.0,damaging,TNFAIP3
ACVR2A (92)_damaging,0,0.0002706097639038166,266.4,136.2765570448564,0.0,damaging,ACVR2A
TERT (7015)_damaging,0,0.00020683991172065582,270.3333333333333,44.07191093353376,0.0,damaging,TERT
ZMYM3 (9203)_damaging,0,0.00026229718614363283,271.4,138.7940920932876,0.0,damaging,ZMYM3
ATXN2 (6311)_damaging,0,0.0001831808393441049,272.0,,0.0,damaging,ATXN2
CIC (23152)_damaging,0,0.00021336241425856813,273.4,167.24323603661824,0.0,damaging,CIC
CSMD1 (64478)_damaging,0,0.00025517826752829883,274.2,154.773059671249,0.0,damaging,CSMD1
PI4KA (5297)_damaging,0,0.00019312194938454186,275.0,,0.0,damaging,PI4KA
ECT2L (345930)_damaging,0,0.00024396672935600235,275.2,177.67020008994191,0.0,damaging,ECT2L
ARID1B (57492)_damaging,0,0.00019844759231115702,276.0,153.91880976670785,0.0,damaging,ARID1B
MYO5B (4645)_damaging,0,0.000204385927643572,276.5,43.1335136523794,0.0,damaging,MYO5B
MGAM (8972)_damaging,0,0.0001803333776350027,280.4,102.12884019707656,0.0,damaging,MGAM
ARID2 (196528)_damaging,0,0.0002070821077424127,284.2,156.66748226738056,0.0,damaging,ARID2
ACAP3 (116983)_damaging,0,0.0002045285544944778,287.0,,0.0,damaging,ACAP3
KEL (3792)_damaging,0,0.00019947566298628397,287.8,162.33822716784854,0.0,damaging,KEL
NASP (4678)_damaging,0,0.00020436983594237308,288.0,,0.0,damaging,NASP
GAK (2580)_damaging,0,0.00020301790432868764,289.0,,0.0,damaging,GAK
ATM (472)_damaging,0,0.00017759240184080015,289.4,112.46688401480678,0.0,damaging,ATM
KALRN (8997)_damaging,0,0.00018950421084584253,290.2,98.61389354446968,0.0,damaging,KALRN
DDX3X (1654)_damaging,0,0.00021338379848326317,290.6,199.99449992437292,0.0,damaging,DDX3X
CCDC40 (55036)_damaging,0,0.0001694473746205459,295.0,,0.0,damaging,CCDC40
COL5A2 (1290)_damaging,0,0.00018272326697667452,298.2,139.66101818331413,0.0,damaging,COL5A2
CHD5 (26038)_damaging,0,0.00021316113303126858,298.4,185.91207599292738,0.0,damaging,CHD5
RCBTB2 (1102)_damaging,0,0.00018024857959309518,300.0,,0.0,damaging,RCBTB2
PPP2R1A (5518)_damaging,0,0.00016568770553325823,304.0,,0.0,damaging,PPP2R1A
FLG (2312)_damaging,0,0.0001873545532181747,305.0,108.63470900223372,0.0,damaging,FLG
SPTBN5 (51332)_damaging,0,0.00019302990846202902,307.8,134.37149995441743,0.0,damaging,SPTBN5
ITGAV (3685)_damaging,0,0.00016334095738035858,309.0,,0.0,damaging,ITGAV
ASAP1 (50807)_damaging,0,0.00019673188655083685,310.0,113.93419153177855,0.0,damaging,ASAP1
MT-ND4 (4538)_damaging,0,0.00018507351427565015,314.0,153.51058595419406,0.0,damaging,MT-ND4
DYNC2H1 (79659)_damaging,0,0.00015706536859805699,316.2,80.82821289624063,0.0,damaging,DYNC2H1
MKI67 (4288)_damaging,0,0.00018919489961589648,319.4,242.09667490488175,0.0,damaging,MKI67
ADGRV1 (84059)_damaging,0,0.00019200223028337376,320.4,138.39183501926695,0.0,damaging,ADGRV1
ATG2B (55102)_damaging,0,0.00016468588593236824,321.2,111.39434456021544,0.0,damaging,ATG2B
LIFR (3977)_damaging,0,0.00017029524540694964,322.0,,0.0,damaging,LIFR
NF1 (4763)_hotspot,0,0.0002028392707507827,322.4,164.0466397095655,0.0,hotspot,NF1
LRRC7 (57554)_damaging,0,0.00026011931443333837,324.8,191.62515492492105,0.0,damaging,LRRC7
APOB (338)_damaging,0,0.00019756636472651324,325.2,186.66065466509002,0.0,damaging,APOB
BCORL1 (63035)_damaging,0,0.00015526534339873038,325.6,102.8897468166775,0.0,damaging,BCORL1
MLH3 (27030)_damaging,0,0.0001660539966156543,327.0,140.26225436659715,0.0,damaging,MLH3
SVEP1 (79987)_damaging,0,0.00020201430844835007,327.4,174.96656823519172,0.0,damaging,SVEP1
TP53BP1 (7158)_damaging,0,0.0001600616464413715,328.4,155.1106056979986,0.0,damaging,TP53BP1
VPS13C (54832)_damaging,0,0.00020077935639858311,329.6,190.47388272411524,0.0,damaging,VPS13C
THSD7B (80731)_damaging,0,0.0001933619937213691,331.8,203.11006868198336,0.0,damaging,THSD7B
CTCF (10664)_damaging,0,0.00016911465060404025,333.2,165.89665457748086,0.0,damaging,CTCF
EGFR (1956)_hotspot,0,0.00015953075614413086,336.0,131.66814345163374,0.0,hotspot,EGFR
NCKAP5L (57701)_damaging,0,0.00014821365627015648,336.0,83.94343333459742,0.0,damaging,NCKAP5L
BRCA1 (672)_damaging,0,0.00015989346339167522,337.8,138.12928726378053,0.0,damaging,BRCA1
DST (667)_damaging,0,0.0001567387562782812,338.2,100.46740765044156,0.0,damaging,DST
DNAH6 (1768)_damaging,0,0.00015982818824215086,338.6,112.14856218427413,0.0,damaging,DNAH6
PRKDC (5591)_damaging,0,0.00017858466037506325,338.6,172.80856460256823,0.0,damaging,PRKDC
CFAP44 (55779)_damaging,0,0.0001845103236056412,339.0,,0.0,damaging,CFAP44
DNAH2 (146754)_damaging,0,0.0001756863473604484,339.6,179.04273232946375,0.0,damaging,DNAH2
FRAS1 (80144)_damaging,0,0.00014625450671124202,340.2,53.9370002873723,0.0,damaging,FRAS1
PCLO (27445)_damaging,0,0.0001596222497049326,340.6,119.85324359398874,0.0,damaging,PCLO
FBN3 (84467)_damaging,0,0.00016537282581670763,341.4,152.1292213876085,0.0,damaging,FBN3
MTOR (2475)_hotspot,0,0.00020186894984171988,347.0,323.93517870092467,0.0,hotspot,MTOR
CDH1 (999)_damaging,0,0.00016591700443940193,347.2,177.3815097466475,0.0,damaging,CDH1
DGKH (160851)_damaging,0,0.00015576383232415454,347.6,124.90516402455104,0.0,damaging,DGKH
QKI (9444)_damaging,0,0.00016137085686354974,349.6,151.7919628965908,0.0,damaging,QKI
PTPRT (11122)_damaging,0,0.0001545265384594649,349.8,132.18434097880126,0.0,damaging,PTPRT
GLI3 (2737)_damaging,0,0.00017450423931281872,350.8,163.49067251681365,0.0,damaging,GLI3
KMT2A (4297)_damaging,0,0.00017211137191567625,351.0,141.38069175103084,0.0,damaging,KMT2A
FBN2 (2201)_damaging,0,0.0001744801192448112,351.4,192.76228884302034,0.0,damaging,FBN2
CCND3 (896)_damaging,0,0.000145623106975236,351.8,105.63948125582594,0.0,damaging,CCND3
TMEM260 (54916)_damaging,0,0.0001788906123715518,352.0,,0.0,damaging,TMEM260
ATRX (546)_damaging,0,0.00016583321262081738,356.0,158.73247934811576,0.0,damaging,ATRX
DNAH9 (1770)_damaging,0,0.00014879309242678312,356.4,83.91245437954964,0.0,damaging,DNAH9
UNC79 (57578)_damaging,0,0.00016385264179592085,356.8,174.2561333210398,0.0,damaging,UNC79
GPS2 (2874)_damaging,0,0.00017608136934481937,360.0,,0.0,damaging,GPS2
GALC (2581)_damaging,0,9.155883772093942e-05,360.5,38.890872965260115,0.0,damaging,GALC
STK11 (6794)_hotspot,0,0.00014562254433749038,361.2,151.01390664438821,0.0,hotspot,STK11
FCRL5 (83416)_damaging,0,0.0001437756951863338,362.25,120.8894122741938,0.0,damaging,FCRL5
PCDH15 (65217)_damaging,0,0.00015256214966235783,362.6,188.5770399598,0.0,damaging,PCDH15
CENPF (1063)_damaging,0,0.00015633724496084495,362.8,201.6065475127234,0.0,damaging,CENPF
GRIN2A (2903)_damaging,0,0.00015483046246543786,363.6,150.4420154079305,0.0,damaging,GRIN2A
HMCN1 (83872)_damaging,0,0.00014115917438984352,364.0,100.99504938362078,0.0,damaging,HMCN1
RNF43 (54894)_damaging,0,0.00014493636507484142,365.0,109.57189420649804,0.0,damaging,RNF43
DNAH11 (8701)_damaging,0,0.00014708710133811011,366.2,162.4736901778254,0.0,damaging,DNAH11
LAMA5 (3911)_damaging,0,0.00016913910338835211,367.0,275.68188188562556,0.0,damaging,LAMA5
PDZD8 (118987)_damaging,0,0.00016424917535943449,367.0,66.46803743153546,0.0,damaging,PDZD8
PAPPA (5069)_damaging,0,0.00015791827217567067,368.5,7.7781745930520225,0.0,damaging,PAPPA
FMN2 (56776)_damaging,0,0.00014257767704594601,370.4,132.9089914189405,0.0,damaging,FMN2
TPTE (7179)_hotspot,0,0.00017155390799400652,372.0,,0.0,hotspot,TPTE
DNAH3 (55567)_damaging,0,0.0001387595426481786,372.2,108.32682031703875,0.0,damaging,DNAH3
ATF7IP (55729)_damaging,0,0.00015988496998622958,373.2,135.73945631245175,0.0,damaging,ATF7IP
CUX2 (23316)_damaging,0,0.00013457327473565523,374.25,61.700216099027294,0.0,damaging,CUX2
DUOX2 (50506)_damaging,0,0.00013868690828130448,374.6666666666667,175.1466052578049,0.0,damaging,DUOX2
DSCAM (1826)_damaging,0,0.00013693705886525998,374.8,114.74406302724337,0.0,damaging,DSCAM
COL22A1 (169044)_damaging,0,0.00014145862281645088,377.8,115.00304343798906,0.0,damaging,COL22A1
MYRF (745)_damaging,0,0.00012666396410441745,378.0,313.9554108468271,0.0,damaging,MYRF
ZDBF2 (57683)_damaging,0,0.00015106480879181799,378.0,148.0253356692698,0.0,damaging,ZDBF2
RYR3 (6263)_damaging,0,0.00015468925385842873,378.2,144.8678708340811,0.0,damaging,RYR3
ABCA9 (10350)_damaging,0,0.0001489731579957799,379.4,146.93127645263277,0.0,damaging,ABCA9
AKAP9 (10142)_damaging,0,0.00016364821324576302,381.0,172.78454792023504,0.0,damaging,AKAP9
DNAH14 (127602)_damaging,0,0.0001510905957421191,382.4,241.61601768094764,0.0,damaging,DNAH14
WDR87 (83889)_damaging,0,0.00015016337803025465,382.4,161.08786422322447,0.0,damaging,WDR87
SPTA1 (6708)_damaging,0,0.00015881088609493292,382.6,285.68566642378124,0.0,damaging,SPTA1
POLQ (10721)_damaging,0,0.00018786692301849727,382.8,209.05071155104926,0.0,damaging,POLQ
EYS (346007)_damaging,0,0.00015667125444414934,383.6,164.59738758558717,0.0,damaging,EYS
PKD1 (5310)_damaging,0,0.00014152426154347982,385.4,136.58440613774326,0.0,damaging,PKD1
ITPR3 (3710)_damaging,0,0.00012492346210207607,386.0,175.98011251274957,0.0,damaging,ITPR3
PKP3 (11187)_damaging,0,0.00015295655546718455,386.4,177.11945121866202,0.0,damaging,PKP3
BCL11A (53335)_damaging,0,0.00014629024674184807,387.0,,0.0,damaging,BCL11A
SMC2 (10592)_damaging,0,0.0001298663132735646,387.0,163.91461191730284,0.0,damaging,SMC2
TBC1D32 (221322)_damaging,0,0.00015131781929185963,387.0,174.65251214912428,0.0,damaging,TBC1D32
VHL (7428)_hotspot,0,0.00013984616849553854,387.75,148.4281532144986,0.0,hotspot,VHL
CCNB3 (85417)_damaging,0,0.00015003919855487133,388.2,153.8658506621921,0.0,damaging,CCNB3
CDH10 (1008)_damaging,0,0.00014430982844836337,390.6,139.8205993407266,0.0,damaging,CDH10
FIGN (55137)_damaging,0,0.00014065677382696655,391.25,143.37683448405,0.0,damaging,FIGN
LINC02714 (729305)_damaging,0,0.00013644552866369522,391.6,113.57068283672508,0.0,damaging,LINC02714
PEG3 (5178)_damaging,0,0.00013462314863400864,392.2,101.96911297054613,0.0,damaging,PEG3
DIAPH2 (1730)_damaging,0,0.00013347532295942126,394.6,103.35037493884576,0.0,damaging,DIAPH2
MAPRE3 (22924)_damaging,0,0.00013491017727215794,396.0,,0.0,damaging,MAPRE3
ZFHX3 (463)_damaging,0,0.00015372287711759664,396.2,212.45046481474216,0.0,damaging,ZFHX3
PXDN (7837)_damaging,0,0.00012035304095973746,398.25,101.22705501330495,0.0,damaging,PXDN
ATP8A2 (51761)_damaging,0,0.00014787174810386336,401.0,199.11177765265418,0.0,damaging,ATP8A2
FAT4 (79633)_damaging,0,0.00014996106979418657,402.6,184.08503469864138,0.0,damaging,FAT4
ANKRD30A (91074)_damaging,0,0.0001352763988121321,405.0,135.93196827825307,0.0,damaging,ANKRD30A
ALMS1 (7840)_damaging,0,0.00014276654796700902,405.2,159.00691808849072,0.0,damaging,ALMS1
ALPK2 (115701)_damaging,0,0.00013944270823307487,405.5,165.53448784669214,0.0,damaging,ALPK2
C2orf81 (388963)_hotspot,0,0.00017612079146231709,406.4,310.42680296649644,0.0,hotspot,C2orf81
LRBA (987)_damaging,0,0.0001355492374768148,406.8,144.27300509797388,0.0,damaging,LRBA
PKHD1 (5314)_damaging,0,0.0001442964630948256,407.0,156.08811613957033,0.0,damaging,PKHD1
NAA25 (80018)_damaging,0,0.00012986707131051235,408.0,,0.0,damaging,NAA25
TBCK (93627)_damaging,0,0.0001652539618230077,408.0,,0.0,damaging,TBCK
MYH1 (4619)_damaging,0,0.00013081570410962315,409.4,128.59743387797442,0.0,damaging,MYH1
ZNF729 (100287226)_damaging,0,0.0001379956140020996,409.4,164.4849537191776,0.0,damaging,ZNF729
EEA1 (8411)_damaging,0,0.00011440457245918123,409.5,225.56706319850866,0.0,damaging,EEA1
FAM135B (51059)_damaging,0,0.0001389379619122398,410.0,,0.0,damaging,FAM135B
USP9X (8239)_damaging,0,0.00012660809361504977,410.4,84.96352158426579,0.0,damaging,USP9X
GPR155 (151556)_damaging,0,0.00011597152364197985,412.0,146.482080815368,0.0,damaging,GPR155
PDCD11 (22984)_damaging,0,0.0001250371440950649,412.5,196.51378238349255,0.0,damaging,PDCD11
POLR2B (5431)_damaging,0,0.00012885135292049448,412.8,105.40967697512407,0.0,damaging,POLR2B
PIK3R1 (5295)_hotspot,0,0.0001390881936669133,413.0,188.54309852126647,0.0,hotspot,PIK3R1
MPL (4352)_damaging,0,0.0001016703493983166,413.5,219.9102089490163,0.0,damaging,MPL
ROBO1 (6091)_damaging,0,0.00012526273773447316,415.6,101.70938993033043,0.0,damaging,ROBO1
AHR (196)_damaging,0,0.00013837575036318117,416.4,149.67230872810106,0.0,damaging,AHR
ELP1 (8518)_damaging,0,0.00012742988079591066,416.6,113.59269342699821,0.0,damaging,ELP1
ROCK2 (9475)_damaging,0,0.00012195223658150916,417.25,138.21330133770292,0.0,damaging,ROCK2
PAPPA2 (60676)_damaging,0,0.00017172662250974777,417.4,318.3901694462315,0.0,damaging,PAPPA2
TRIOBP (11078)_damaging,0,0.00012781077909349264,417.8,110.7144976956496,0.0,damaging,TRIOBP
CFAP91 (89876)_damaging,0,0.00018091975700823638,418.2,263.041251517704,0.0,damaging,CFAP91
PPFIA2 (8499)_damaging,0,0.00014907536176058772,418.6,178.5519532237046,0.0,damaging,PPFIA2
USP28 (57646)_damaging,0,0.00014771872252594817,418.6,190.4082456197735,0.0,damaging,USP28
ZNF292 (23036)_damaging,0,0.00012785855066310524,418.6,102.7049171169521,0.0,damaging,ZNF292
IGF2R (3482)_damaging,0,9.753119465449245e-05,420.0,210.71782079359116,0.0,damaging,IGF2R
PKHD1L1 (93035)_damaging,0,0.00013728314135868402,420.2,185.52546994954628,0.0,damaging,PKHD1L1
ROS1 (6098)_damaging,0,0.00012458799413397371,420.4,88.31930706249909,0.0,damaging,ROS1
MEGF11 (84465)_damaging,0,2.4163844678654843e-05,421.0,,0.0,damaging,MEGF11
DNAH5 (1767)_damaging,0,0.0001259684952903012,421.2,108.39372675574911,0.0,damaging,DNAH5
PTPN13 (5783)_damaging,0,0.00013010677373780137,423.4,148.7222242975138,0.0,damaging,PTPN13
MUC5B (727897)_damaging,0,0.00013991815050478065,424.6,208.2385651122289,0.0,damaging,MUC5B
MSH2 (4436)_damaging,0,0.00012375860766399024,424.8,82.58147492022651,0.0,damaging,MSH2
MUC3A (4584)_damaging,0,0.0001601003773671367,425.0,,0.0,damaging,MUC3A
IGSF10 (285313)_damaging,0,0.00012625150063493373,425.8,120.5537224643022,0.0,damaging,IGSF10
COL9A1 (1297)_damaging,0,0.0001467343905846822,426.0,257.7683068183519,0.0,damaging,COL9A1
FAT3 (120114)_damaging,0,0.00014538006977076362,426.2,319.2635275129309,0.0,damaging,FAT3
COL21A1 (81578)_damaging,0,0.00015971926421276796,427.0,,0.0,damaging,COL21A1
POLRMT (5442)_damaging,0,0.0001343112119056039,427.0,,0.0,damaging,POLRMT
SACS (26278)_damaging,0,0.00015492350251033286,427.2,289.97275734109917,0.0,damaging,SACS
MMP3 (4314)_damaging,0,0.00013635841523687838,428.2,179.5249286310957,0.0,damaging,MMP3
CUX1 (1523)_damaging,0,0.00012748326709333216,429.0,170.41273426595797,0.0,damaging,CUX1
APC2 (10297)_damaging,0,0.00013408782500328083,430.0,,0.0,damaging,APC2
MAP2K7 (5609)_damaging,0,0.0001579878038951042,430.0,94.75230867899737,0.0,damaging,MAP2K7
CFAP46 (54777)_damaging,0,0.00014034374858816354,430.2,183.2012554542135,0.0,damaging,CFAP46
FN1 (2335)_damaging,0,0.00013134040803686712,430.2,161.6468372718749,0.0,damaging,FN1
DLEC1 (9940)_damaging,0,0.00015896734338698295,431.0,,0.0,damaging,DLEC1
SPAG17 (200162)_damaging,0,0.00016283458489544167,431.2,290.4792591563122,0.0,damaging,SPAG17
RPL5 (6125)_damaging,0,0.00012538568460318227,432.0,129.99230746471116,0.0,damaging,RPL5
COL1A1 (1277)_damaging,0,0.00013760451191689025,432.6,202.83318268961813,0.0,damaging,COL1A1
CEP128 (145508)_damaging,0,0.00015929702960358662,434.3333333333333,160.63727255320705,0.0,damaging,CEP128
CACNA1E (777)_damaging,0,0.00013340214323644516,435.2,198.96658010831868,0.0,damaging,CACNA1E
CDH23 (64072)_damaging,0,0.00012285905800975367,436.2,104.4231775038473,0.0,damaging,CDH23
TRANK1 (9881)_damaging,0,0.00012146077642384212,436.8,87.22786252110045,0.0,damaging,TRANK1
RPGR (6103)_damaging,0,0.000153036120919713,438.3333333333333,148.91048765393705,0.0,damaging,RPGR
SPEN (23013)_damaging,0,0.00015272506472501022,438.6,365.6785473609301,0.0,damaging,SPEN
CASP8 (841)_damaging,0,0.0001298837069260327,439.0,206.01941656067274,0.0,damaging,CASP8
ZZEF1 (23140)_damaging,0,0.00011690667815736312,439.0,95.8410141849511,0.0,damaging,ZZEF1
SMARCA4 (6597)_hotspot,0,0.00013584216588346593,439.6,159.48291444540382,0.0,hotspot,SMARCA4
PDE1C (5137)_damaging,0,0.0001542505877196325,440.0,,0.0,damaging,PDE1C
HERC1 (8925)_damaging,0,0.00011831613541966409,440.2,76.08679254640715,0.0,damaging,HERC1
BCL9 (607)_damaging,0,0.00011995657671354336,441.0,123.36125809993995,0.0,damaging,BCL9
TYK2 (7297)_damaging,0,2.075285310824972e-05,441.0,,0.0,damaging,TYK2
MDGA2 (161357)_damaging,0,0.00012675434395979326,442.0,153.28078809818274,0.0,damaging,MDGA2
BIRC6 (57448)_damaging,0,0.00011734327205266569,442.6,75.77466595109476,0.0,damaging,BIRC6
LAMA1 (284217)_damaging,0,0.00012267183005099675,444.8,117.69536949260153,0.0,damaging,LAMA1
PTPRZ1 (5803)_damaging,0,0.00012980556587645643,447.0,180.84109046342314,0.0,damaging,PTPRZ1
LRRK2 (120892)_damaging,0,0.00012869047006367943,447.6,202.1640423022848,0.0,damaging,LRRK2
RIMS2 (9699)_damaging,0,0.00013739171253635945,447.6,177.75770025515067,0.0,damaging,RIMS2
CACNA1I (8911)_damaging,0,0.00012078033846357399,448.8,114.88124302948677,0.0,damaging,CACNA1I
ZFP36L2 (678)_damaging,0,0.00012368676504221872,449.2,163.90759591916415,0.0,damaging,ZFP36L2
ADGRA2 (25960)_damaging,0,0.00012882799614948086,450.0,233.27344469527603,0.0,damaging,ADGRA2
ABCC9 (10060)_damaging,0,0.00012487339468732125,451.4,162.02407228557118,0.0,damaging,ABCC9
MORC4 (79710)_damaging,0,7.609008778048137e-05,451.5,166.17009357883867,0.0,damaging,MORC4
UNKL (64718)_damaging,0,0.00012020848393554599,451.6,136.71430064188604,0.0,damaging,UNKL
UNC80 (285175)_damaging,0,0.00012573876964657327,451.8,170.9874264383203,0.0,damaging,UNC80
SLCO1B3 (28234)_damaging,0,0.00014658710884772502,452.3333333333333,89.2038863129479,0.0,damaging,SLCO1B3
MUTYH (4595)_damaging,0,0.00012499321457774094,453.4,182.22870245929977,0.0,damaging,MUTYH
DNAH1 (25981)_damaging,0,0.00013176249305624173,453.8,171.9816850714052,0.0,damaging,DNAH1
SEMA5A (9037)_damaging,0,0.00011748226066917803,454.0,144.3629684741439,0.0,damaging,SEMA5A
PRRC2A (7916)_damaging,0,0.00012814928467427583,455.8,178.37236333019754,0.0,damaging,PRRC2A
CMYA5 (202333)_damaging,0,0.0001285231387097832,456.0,192.63047526287215,0.0,damaging,CMYA5
RASA1 (5921)_damaging,0,0.00013012335435251917,456.0,229.870615782009,0.0,damaging,RASA1
CEP170B (283638)_damaging,0,9.161200501410675e-05,458.0,304.05591591021545,0.0,damaging,CEP170B
RAC1 (5879)_hotspot,0,0.00012543636253087485,458.2,187.02860743747198,0.0,hotspot,RAC1
ANKRD36 (375248)_damaging,0,0.0001274629821781396,458.5,173.24116139070415,0.0,damaging,ANKRD36
WRN (7486)_damaging,0,0.00012280492354272232,458.6,215.92429228782945,0.0,damaging,WRN
SCAF4 (57466)_damaging,0,0.0002187051352648929,459.4,561.4608623938092,0.0,damaging,SCAF4
ANO3 (63982)_damaging,0,8.906612126237158e-05,461.0,152.73506473629428,0.0,damaging,ANO3
DPP4 (1803)_damaging,0,0.00011477984325114725,461.0,,0.0,damaging,DPP4
TDRD15 (100129278)_damaging,0,0.00011573922783382704,461.0,100.05498488331304,0.0,damaging,TDRD15
TNKS1BP1 (85456)_damaging,0,0.00015250154021830703,461.0,,0.0,damaging,TNKS1BP1
IQUB (154865)_damaging,0,0.0001327760916108883,461.6666666666667,53.200877185750734,0.0,damaging,IQUB
ADNP (23394)_damaging,0,0.0001533007650907336,463.0,151.32085117392117,0.0,damaging,ADNP
RP1L1 (94137)_damaging,0,0.00012044693113661198,463.0,222.39829136034297,0.0,damaging,RP1L1
CPLANE1 (65250)_damaging,0,0.00011999525854674282,463.2,206.46961035464759,0.0,damaging,CPLANE1
NPHS1 (4868)_damaging,0,7.768746121168784e-05,463.5,149.19953083036154,0.0,damaging,NPHS1
KANSL1 (284058)_damaging,0,0.0001226087827676805,463.8,188.8735026413181,0.0,damaging,KANSL1
CFAP65 (255101)_damaging,0,0.00012360260523754774,465.4,243.40357433694354,0.0,damaging,CFAP65
DOCK7 (85440)_damaging,0,0.00012309461424480386,469.2,165.4016323982324,0.0,damaging,DOCK7
CC2D2B (387707)_damaging,0,0.000124792136923974,470.0,236.58190970570848,0.0,damaging,CC2D2B
NAV2 (89797)_damaging,0,0.0001384122979885926,471.2,214.38913218724497,0.0,damaging,NAV2
SETBP1 (26040)_damaging,0,0.0001499802977233023,471.4,206.45411112399773,0.0,damaging,SETBP1
ATP9B (374868)_damaging,0,0.00012814486413742366,472.4,233.18404748181212,0.0,damaging,ATP9B
ZNF518A (9849)_damaging,0,0.00014672249223047994,473.0,260.89748944748396,0.0,damaging,ZNF518A
RFX7 (64864)_damaging,0,0.00011291325217510946,473.4,139.37108738902774,0.0,damaging,RFX7
FBXL13 (222235)_damaging,0,0.00013570286820343267,473.5,78.48885271170677,0.0,damaging,FBXL13
NUP98 (4928)_damaging,0,0.00011185775360123367,475.2,147.15875780938083,0.0,damaging,NUP98
RYR1 (6261)_damaging,0,0.00011770568426182351,476.0,218.7795694300544,0.0,damaging,RYR1
FASTKD5 (60493)_damaging,0,0.00012190636568538321,476.25,167.6988868975184,0.0,damaging,FASTKD5
DHX29 (54505)_damaging,0,0.0001568928313193279,476.6666666666667,367.21837281559505,0.0,damaging,DHX29
HERC2 (8924)_damaging,0,0.00011593728544752255,478.2,148.1813078630365,0.0,damaging,HERC2
MYH6 (4624)_damaging,0,8.396155972179907e-05,479.0,127.27922061357856,0.0,damaging,MYH6
SCN3A (6328)_damaging,0,0.00012203509996711304,480.8,155.9317158245878,0.0,damaging,SCN3A
CACNA1C (775)_damaging,0,0.00018272871317871284,482.0,377.32413121877056,0.0,damaging,CACNA1C
SPEF2 (79925)_damaging,0,0.00012545294458882832,482.4,283.18333284287763,0.0,damaging,SPEF2
GRIN3A (116443)_damaging,0,1.4843244783127771e-05,483.0,,0.0,damaging,GRIN3A
ARID3B (10620)_damaging,0,0.000113610649227664,487.0,146.80372384014424,0.0,damaging,ARID3B
DYSF (8291)_damaging,0,0.0001135033899686491,487.2,122.26896580899016,0.0,damaging,DYSF
PPRC1 (23082)_damaging,0,0.00011281199752919739,487.6,132.69626972903194,0.0,damaging,PPRC1
TMEM245 (23731)_damaging,0,0.00010950408277524593,488.0,87.49857141690943,0.0,damaging,TMEM245
ITSN1 (6453)_damaging,0,0.00011138930865137356,488.8,188.6801526393277,0.0,damaging,ITSN1
COL14A1 (7373)_damaging,0,0.00011170436183536514,489.2,148.95704078693294,0.0,damaging,COL14A1
MSH6 (2956)_damaging,0,0.00012075121322573603,491.2,244.8779287726846,0.0,damaging,MSH6
YLPM1 (56252)_damaging,0,0.0001120539371748577,492.8,171.53629353579962,0.0,damaging,YLPM1
EPYC (1833)_damaging,0,0.00013566285767311988,493.0,127.27922061357856,0.0,damaging,EPYC
SIPA1L3 (23094)_damaging,0,9.53664609299602e-05,493.3333333333333,111.73331344470786,0.0,damaging,SIPA1L3
NCOR2 (9612)_damaging,0,0.00011108724101981762,493.4,179.35662797900724,0.0,damaging,NCOR2
AJUBA (84962)_damaging,0,0.00011061221448631302,493.6,151.67498145706168,0.0,damaging,AJUBA
INPPL1 (3636)_damaging,0,0.00011203478899015455,495.0,152.74161188098023,0.0,damaging,INPPL1
ARFGEF1 (10565)_damaging,0,0.00010942916535883903,495.2,120.7070834706895,0.0,damaging,ARFGEF1
SCN11A (11280)_damaging,0,0.00011305062997404203,495.2,135.70261603963277,0.0,damaging,SCN11A
STK31 (56164)_damaging,0,0.00013548246686700705,496.0,345.8619666861333,0.0,damaging,STK31
COL27A1 (85301)_damaging,0,0.00010682748631560713,496.4,102.2071426075497,0.0,damaging,COL27A1
FLT4 (2324)_damaging,0,0.000109158624783057,497.8,130.22365376535862,0.0,damaging,FLT4
OTOF (9381)_damaging,0,0.00014469003601119785,498.4,356.06010728527286,0.0,damaging,OTOF
CFAP251 (144406)_damaging,0,0.00012114549930043333,499.0,,0.0,damaging,CFAP251
NBEA (26960)_damaging,0,0.00011099674916190865,499.4,224.45779113231958,0.0,damaging,NBEA
ADAMTS20 (80070)_damaging,0,0.00012115859145924707,500.0,253.2271707380549,0.0,damaging,ADAMTS20
CHD2 (1106)_damaging,0,0.00011281942122976631,500.6,184.73981704007397,0.0,damaging,CHD2
BICRA (29998)_damaging,0,0.00012148211915589868,500.8,214.2036414256303,0.0,damaging,BICRA
MET (4233)_damaging,0,0.0001436892444999124,501.0,,0.0,damaging,MET
TLR4 (7099)_damaging,0,6.0867881797120584e-05,501.0,96.16652224137046,0.0,damaging,TLR4
PRRC2B (84726)_damaging,0,0.00010763310964282697,501.4,107.84386862497098,0.0,damaging,PRRC2B
ASPM (259266)_damaging,0,0.00010643817744740288,501.8,113.6604592635451,0.0,damaging,ASPM
COL6A5 (256076)_damaging,0,0.00011478400087492434,502.0,185.33618103327802,0.0,damaging,COL6A5
DMD (1756)_damaging,0,0.00011270745651953225,504.8,179.46921741624664,0.0,damaging,DMD
PRAG1 (157285)_damaging,0,0.00013878590242138154,505.0,,0.0,damaging,PRAG1
CASP8AP2 (9994)_damaging,0,0.00011695106587842488,505.8,301.7510563361792,0.0,damaging,CASP8AP2
LMTK3 (114783)_damaging,0,0.00013499403359763993,506.0,437.8903972457035,0.0,damaging,LMTK3
MAP1A (4130)_damaging,0,0.00011217791045981956,506.2,186.1523569552639,0.0,damaging,MAP1A
TET2 (54790)_damaging,0,0.0001259510278973637,508.0,345.58428783728,0.0,damaging,TET2
VCAN (1462)_damaging,0,0.0001254595947593979,509.4,311.0953230120955,0.0,damaging,VCAN
SARDH (1757)_damaging,0,7.687561979017556e-05,509.5,84.14570696119915,0.0,damaging,SARDH
PHF20L1 (51105)_damaging,0,0.00011740095538196711,509.6,231.52926380913493,0.0,damaging,PHF20L1
ADAMTS19 (171019)_damaging,0,8.969099462587513e-05,510.0,51.29327441292864,0.0,damaging,ADAMTS19
WWP1 (11059)_damaging,0,0.00010459863154852501,510.8,99.23305900757066,0.0,damaging,WWP1
NFIA (4774)_damaging,0,0.00011947154546343068,511.0,297.88924116187883,0.0,damaging,NFIA
PZP (5858)_damaging,0,0.00013910964758144544,511.0,376.1808075912433,0.0,damaging,PZP
ABCA13 (154664)_damaging,0,0.0001347791382581559,511.2,379.4472295326453,0.0,damaging,ABCA13
CFAP47 (286464)_damaging,0,0.000110893799843895,511.4,243.2987875021164,0.0,damaging,CFAP47
CACNA1D (776)_damaging,0,0.00013638035787575246,514.5,252.43712088359746,0.0,damaging,CACNA1D
AHNAK2 (113146)_damaging,0,0.00011700651609515946,516.0,254.60950492862594,0.0,damaging,AHNAK2
CD93 (22918)_damaging,0,6.174694013515679e-05,518.5,318.90515831513295,0.0,damaging,CD93
MYC (4609)_hotspot,0,5.682145476971654e-05,518.5,71.4177848998413,0.0,hotspot,MYC
CPS1 (1373)_damaging,0,0.0001091837668916722,518.6,221.7742095014657,0.0,damaging,CPS1
PTPRS (5802)_damaging,0,0.0001536198044387242,519.2,429.4551198903094,0.0,damaging,PTPRS
SAFB (6294)_damaging,0,0.00010800496036612566,519.75,190.51049839838223,0.0,damaging,SAFB
ST18 (9705)_damaging,0,8.472429556641433e-05,520.0,84.870489570875,0.0,damaging,ST18
SIPA1L2 (57568)_damaging,0,0.00013238208967028854,521.3333333333334,123.67834625888774,0.0,damaging,SIPA1L2
SLITRK2 (84631)_damaging,0,0.00010230213032357387,522.0,215.26108178984268,0.0,damaging,SLITRK2
PLEKHA6 (22874)_damaging,0,0.00011553471832402451,522.4,328.6674611214198,0.0,damaging,PLEKHA6
DGKI (9162)_damaging,0,0.00012309723568359072,522.5,307.59144981614816,0.0,damaging,DGKI
PHF3 (23469)_damaging,0,0.00011838218076227702,522.6,333.860449888872,0.0,damaging,PHF3
UCK1 (83549)_damaging,0,0.00011218161577654399,523.2,260.9381152687357,0.0,damaging,UCK1
GRM8 (2918)_damaging,0,0.00011842001517672275,523.4,350.74463645222005,0.0,damaging,GRM8
SCN7A (6332)_damaging,0,9.97711052714908e-05,523.8,35.653891793182964,0.0,damaging,SCN7A
LRRIQ1 (84125)_damaging,0,0.0001012614863121074,524.2,95.0142094636376,0.0,damaging,LRRIQ1
KDR (3791)_damaging,0,0.00011910583751260954,524.6,319.0686446518993,0.0,damaging,KDR
GBP1 (2633)_damaging,0,0.00013607426495449048,528.0,,0.0,damaging,GBP1
MTMR3 (8897)_damaging,0,0.00012729925101812056,530.0,159.80613254815975,0.0,damaging,MTMR3
ZC3H12B (340554)_damaging,0,6.963584125198022e-05,534.0,74.95331880577403,0.0,damaging,ZC3H12B
SETD1B (23067)_damaging,0,0.0001110353566897548,534.2,271.15438406929735,0.0,damaging,SETD1B
PCF11 (51585)_damaging,0,0.00010117989779276357,534.25,225.4024179107225,0.0,damaging,PCF11
DTX1 (1840)_damaging,0,0.000117888479841524,535.0,386.4384383917659,0.0,damaging,DTX1
THADA (63892)_damaging,0,0.00011475454177785026,535.0,316.5225110477926,0.0,damaging,THADA
LZTR1 (8216)_damaging,0,0.00010196839732764004,535.6,169.75364502713924,0.0,damaging,LZTR1
TJP2 (9414)_damaging,0,6.949183694820649e-05,536.0,46.66904755831214,0.0,damaging,TJP2
ANK2 (287)_damaging,0,9.933017376461922e-05,536.2,83.57451764742649,0.0,damaging,ANK2
LTBP1 (4052)_damaging,0,0.00012284998641731018,536.25,385.9631890910496,0.0,damaging,LTBP1
ARSK (153642)_damaging,0,0.00010322805739376106,536.4,153.52784763683755,0.0,damaging,ARSK
ALOX12B (242)_damaging,0,0.00011257686252376555,537.0,,0.0,damaging,ALOX12B
CLASP1 (23332)_damaging,0,8.930649893927091e-05,537.0,171.25711664044798,0.0,damaging,CLASP1
CYP7A1 (1581)_damaging,0,5.371409715846852e-06,537.0,,0.0,damaging,CYP7A1
FAM47B (170062)_damaging,0,0.00013452938003882033,537.0,,0.0,damaging,FAM47B
RASA2 (5922)_damaging,0,0.00012685464524294374,537.75,181.33647362476933,0.0,damaging,RASA2
COL11A1 (1301)_damaging,0,9.698874376233766e-05,538.6,82.4790882587823,0.0,damaging,COL11A1
RP1 (6101)_damaging,0,9.97525398769349e-05,539.2,151.84762098893745,0.0,damaging,RP1
AFDN (4301)_damaging,0,0.00011989829457844025,539.4,341.74010592846724,0.0,damaging,AFDN
FAAH (2166)_damaging,0,0.00010175388270966227,539.4,159.59887217646622,0.0,damaging,FAAH
B2M (567)_damaging,0,0.00011180175473783332,540.4,338.82857022394086,0.0,damaging,B2M
RECQL4 (9401)_damaging,0,0.0001340742351145219,541.0,,0.0,damaging,RECQL4
SAMD9 (54809)_damaging,0,9.734060746982512e-05,543.4,89.30173570541616,0.0,damaging,SAMD9
CEP126 (57562)_damaging,0,9.808096749400467e-05,544.5,310.71262177989064,0.0,damaging,CEP126
PIK3C2B (5287)_damaging,0,9.599735817836802e-05,546.2,94.9089036919087,0.0,damaging,PIK3C2B
ADAMTS3 (9508)_damaging,0,9.750579115707392e-05,546.4,158.2428513393259,0.0,damaging,ADAMTS3
UBR4 (23352)_damaging,0,0.00010664397747855605,546.8,178.46764412632334,0.0,damaging,UBR4
SLIT2 (9353)_damaging,0,0.00011469527671719945,548.4,304.0539425825622,0.0,damaging,SLIT2
MYO1A (4640)_damaging,0,0.00010264202518769039,550.0,277.3385416177612,0.0,damaging,MYO1A
CDH18 (1016)_damaging,0,0.00011516854866764938,551.25,397.03431841592743,0.0,damaging,CDH18
SLC25A13 (10165)_damaging,0,8.374370924475836e-05,551.3333333333334,104.62472620434106,0.0,damaging,SLC25A13
CHD4 (1108)_damaging,0,0.00011157615776959317,551.6,263.74002350799924,0.0,damaging,CHD4
ADGRG4 (139378)_damaging,0,0.0001038198452965357,553.0,224.63859864235263,0.0,damaging,ADGRG4
KCNN2 (3781)_damaging,0,9.750305296747145e-05,553.0,,0.0,damaging,KCNN2
ELF3 (1999)_damaging,0,0.00014137353263151797,553.3333333333334,363.65551464721847,0.0,damaging,ELF3
CCDC141 (285025)_damaging,0,9.990993461989745e-05,554.0,165.93974810153233,0.0,damaging,CCDC141
MALRD1 (340895)_damaging,0,0.00011053181989948917,554.2,301.74774232792527,0.0,damaging,MALRD1
ARID4A (5926)_damaging,0,0.0001030463457657351,555.2,181.7627574614778,0.0,damaging,ARID4A
ASH1L (55870)_damaging,0,0.0001201536915577141,555.4,329.70107673466885,0.0,damaging,ASH1L
SSUH2 (51066)_damaging,0,0.00014646820381713683,556.0,473.20502955906966,0.0,damaging,SSUH2
FANCM (57697)_damaging,0,9.62585163084024e-05,556.2,138.68561569247188,0.0,damaging,FANCM
BRSK1 (84446)_damaging,0,0.00011950752678505055,557.2,371.13771029093766,0.0,damaging,BRSK1
MPDZ (8777)_damaging,0,9.948854660159975e-05,557.25,343.17184713590166,0.0,damaging,MPDZ
LTK (4058)_damaging,0,7.649844561042533e-05,557.3333333333334,13.868429375143162,0.0,damaging,LTK
FASN (2194)_damaging,0,0.0001288276288681434,557.4,445.4776088649125,0.0,damaging,FASN
SPTAN1 (6709)_damaging,0,0.00010180256035086988,557.8,255.06410958815826,0.0,damaging,SPTAN1
OTOG (340990)_damaging,0,9.360898779904281e-05,558.2,40.67800388416323,0.0,damaging,OTOG
AP4E1 (23431)_damaging,0,7.715666954322321e-05,558.3333333333334,98.43441132720476,0.0,damaging,AP4E1
CBLN2 (147381)_damaging,0,8.021130328495238e-05,558.3333333333334,34.268547289509286,0.0,damaging,CBLN2
DNAH17 (8632)_damaging,0,0.00010702514422681415,558.6,304.0769639416968,0.0,damaging,DNAH17
PMS2 (5395)_damaging,0,0.0001192141260248938,558.8,232.3944921894665,0.0,damaging,PMS2
SPATA31H1 (84226)_damaging,0,0.00010539924392289619,560.2,290.15289073176575,0.0,damaging,SPATA31H1
NEK10 (152110)_damaging,0,0.00011230535144999995,560.5,27.577164466275352,0.0,damaging,NEK10
RXFP1 (59350)_damaging,0,8.157027846606667e-05,560.6666666666666,73.85345850624283,0.0,damaging,RXFP1
SI (6476)_damaging,0,0.0001000593818894787,562.2,256.7074210068731,0.0,damaging,SI
PTPRC (5788)_damaging,0,0.0001196919405256338,562.4,435.2341898334734,0.0,damaging,PTPRC
USP6 (9098)_damaging,0,9.897049579143401e-05,562.4,204.47811618850562,0.0,damaging,USP6
LTN1 (26046)_damaging,0,9.805397637871146e-05,562.6,189.37608085500133,0.0,damaging,LTN1
LRP2 (4036)_damaging,0,9.582935531312368e-05,562.8,172.1661987731622,0.0,damaging,LRP2
COL3A1 (1281)_damaging,0,9.66898746718704e-05,563.4,146.7218456808665,0.0,damaging,COL3A1
DNAH10 (196385)_damaging,0,0.00010337780342492464,564.2,292.4554666953586,0.0,damaging,DNAH10
COL19A1 (1310)_damaging,0,0.00011521162894932724,564.8,346.3519885896427,0.0,damaging,COL19A1
ERN2 (10595)_damaging,0,6.542542185070036e-05,565.5,4.949747468305833,0.0,damaging,ERN2
EP300 (2033)_hotspot,0,6.461057933398246e-05,566.0,4.242640687119285,0.0,hotspot,EP300
ERRFI1 (54206)_damaging,0,9.539691880761532e-05,566.0,201.52584615047934,0.0,damaging,ERRFI1
TENM4 (26011)_damaging,0,9.703968072283656e-05,566.0,188.30958552341409,0.0,damaging,TENM4
CR2 (1380)_damaging,0,0.00010570022239463531,568.6,347.0162820387539,0.0,damaging,CR2
AGBL2 (79841)_damaging,0,0.0,569.0,,0.0,damaging,AGBL2
ANKRD53 (79998)_damaging,0,0.0,569.0,,0.0,damaging,ANKRD53
ASTN1 (460)_damaging,0,0.0,569.0,,0.0,damaging,ASTN1
CACNA2D3 (55799)_damaging,0,0.0,569.0,,0.0,damaging,CACNA2D3
CARD14 (79092)_damaging,0,0.0,569.0,,0.0,damaging,CARD14
CCDC18 (343099)_damaging,0,0.0,569.0,,0.0,damaging,CCDC18
CDK12 (51755)_damaging,0,0.0,569.0,,0.0,damaging,CDK12
DNAJC6 (9829)_damaging,0,0.0,569.0,,0.0,damaging,DNAJC6
ENTREP2 (23359)_damaging,0,0.0,569.0,,0.0,damaging,ENTREP2
FEZF2 (55079)_damaging,0,0.0,569.0,,0.0,damaging,FEZF2
FGD6 (55785)_damaging,0,0.0,569.0,,0.0,damaging,FGD6
GABRA2 (2555)_damaging,0,0.0,569.0,,0.0,damaging,GABRA2
GABRA6 (2559)_damaging,0,0.0,569.0,,0.0,damaging,GABRA6
GABRG1 (2565)_damaging,0,0.0,569.0,,0.0,damaging,GABRG1
GNPTAB (79158)_damaging,0,0.0,569.0,,0.0,damaging,GNPTAB
HECTD1 (25831)_damaging,0,0.0,569.0,,0.0,damaging,HECTD1
HOXD11 (3237)_damaging,0,0.0,569.0,,0.0,damaging,HOXD11
IRS2 (8660)_damaging,0,0.0,569.0,,0.0,damaging,IRS2
LAMB2 (3913)_damaging,0,0.0,569.0,,0.0,damaging,LAMB2
LBP (3929)_damaging,0,0.0,569.0,,0.0,damaging,LBP
MAST4 (375449)_damaging,0,0.0,569.0,,0.0,damaging,MAST4
MRE11 (4361)_damaging,0,0.0,569.0,,0.0,damaging,MRE11
MRPS10 (55173)_damaging,0,0.0,569.0,,0.0,damaging,MRPS10
MTCL2 (140710)_damaging,0,0.0,569.0,,0.0,damaging,MTCL2
NCAPD2 (9918)_damaging,0,0.0,569.0,,0.0,damaging,NCAPD2
NLRP1 (22861)_damaging,0,0.0,569.0,,0.0,damaging,NLRP1
NR2C2 (7182)_damaging,0,0.0,569.0,,0.0,damaging,NR2C2
NTRK3 (4916)_damaging,0,0.0,569.0,,0.0,damaging,NTRK3
PPARGC1A (10891)_damaging,0,0.0,569.0,,0.0,damaging,PPARGC1A
SAGE1 (55511)_damaging,0,0.0,569.0,,0.0,damaging,SAGE1
SETX (23064)_damaging,0,9.760972851026353e-05,569.0,217.57527433051763,0.0,damaging,SETX
SLC28A3 (64078)_damaging,0,0.0,569.0,,0.0,damaging,SLC28A3
TASOR2 (54906)_damaging,0,0.0,569.0,,0.0,damaging,TASOR2
TMPRSS6 (164656)_damaging,0,0.0,569.0,,0.0,damaging,TMPRSS6
TRPM8 (79054)_damaging,0,0.0,569.0,,0.0,damaging,TRPM8
VILL (50853)_damaging,0,0.0,569.0,,0.0,damaging,VILL
ZNF569 (148266)_damaging,0,0.0,569.0,,0.0,damaging,ZNF569
ZNF668 (79759)_damaging,0,0.0,569.0,,0.0,damaging,ZNF668
AEBP1 (165)_damaging,0,0.00010038806372802186,569.8,220.77522505933496,0.0,damaging,AEBP1
RFC1 (5981)_damaging,0,5.292805256462521e-05,570.0,1.4142135623730951,0.0,damaging,RFC1
DNMT3A (1788)_damaging,0,9.69434668453359e-05,570.6,205.69710741767858,0.0,damaging,DNMT3A
ADGRL2 (23266)_damaging,0,0.00010006753640914056,571.6,213.2951007407343,0.0,damaging,ADGRL2
OBSL1 (23363)_damaging,0,8.55930863862672e-05,571.6666666666666,17.156145643277043,0.0,damaging,OBSL1
CSMD2 (114784)_damaging,0,0.0001036441470319237,572.8,243.68463226063312,0.0,damaging,CSMD2
WDR7 (23335)_damaging,0,0.00012851337255910845,573.0,,0.0,damaging,WDR7
RUNX1 (861)_damaging,0,9.427911155100397e-05,573.25,145.6122133155961,0.0,damaging,RUNX1
ROBO2 (6092)_damaging,0,0.00010373947312927601,573.4,260.64976501044464,0.0,damaging,ROBO2
NLRP8 (126205)_damaging,0,9.48028662686899e-05,574.0,,0.0,damaging,NLRP8
NRIP1 (8204)_damaging,0,0.00011461090291524831,574.4,372.6134726496078,0.0,damaging,NRIP1
MAP1B (4131)_damaging,0,8.572977329363277e-05,575.0,229.0589443789524,0.0,damaging,MAP1B
MMRN1 (22915)_damaging,0,6.391182782065403e-05,575.0,8.48528137423857,0.0,damaging,MMRN1
CPSF1 (29894)_damaging,0,8.234656486482973e-05,575.75,100.4236857851108,0.0,damaging,CPSF1
PTCH1 (5727)_damaging,0,9.31937746059257e-05,575.8,114.32716212694164,0.0,damaging,PTCH1
CLSPN (63967)_damaging,0,6.716643947359686e-05,577.0,110.21796586763884,0.0,damaging,CLSPN
AK9 (221264)_damaging,0,9.656649954405634e-05,577.8,208.41353123058013,0.0,damaging,AK9
TSC2 (7249)_damaging,0,0.00011663468778677218,578.4,389.7419659210437,0.0,damaging,TSC2
TRIB3 (57761)_damaging,0,0.0001053422676794828,579.0,,0.0,damaging,TRIB3
NRXN3 (9369)_damaging,0,9.677813789762077e-05,579.6,239.61698604230878,0.0,damaging,NRXN3
NOS1 (4842)_damaging,0,0.00012108822837285374,580.5,216.59562938034244,0.0,damaging,NOS1
HSPG2 (3339)_damaging,0,0.00010117384721727214,580.8,291.03126979759406,0.0,damaging,HSPG2
RALGAPA1 (253959)_damaging,0,9.482570640633387e-05,580.8,196.25035031815867,0.0,damaging,RALGAPA1
MEN1 (4221)_damaging,0,0.00010979721450890937,581.0,111.72287142747452,0.0,damaging,MEN1
ZAN (7455)_damaging,0,9.728813978583417e-05,581.8,242.32148068217148,0.0,damaging,ZAN
ABCA12 (26154)_damaging,0,9.18530237364009e-05,582.4,172.7289784604772,0.0,damaging,ABCA12
COL20A1 (57642)_damaging,0,0.00010013037065339459,583.4,268.03413961657947,0.0,damaging,COL20A1
VPS13B (157680)_damaging,0,9.463480131952388e-05,583.4,178.00505610796566,0.0,damaging,VPS13B
TCHH (7062)_damaging,0,5.132040637068295e-05,583.5,20.506096654409877,0.0,damaging,TCHH
ANKRD26 (22852)_damaging,0,0.00010312554967668935,584.6,291.86692172975,0.0,damaging,ANKRD26
CELSR3 (1951)_damaging,0,9.596014032314656e-05,584.6,197.65955580239475,0.0,damaging,CELSR3
DOCK3 (1795)_damaging,0,9.901657615796745e-05,584.6,295.070838952276,0.0,damaging,DOCK3
ERICH3 (127254)_damaging,0,0.00010704708745889061,584.6,351.6685939915591,0.0,damaging,ERICH3
CDC42BPA (8476)_damaging,0,0.00012753445176721083,584.8,421.05011578195774,0.0,damaging,CDC42BPA
XPO7 (23039)_damaging,0,6.27028726752451e-05,586.0,24.041630560342615,0.0,damaging,XPO7
ANKIB1 (54467)_damaging,0,9.543022810115899e-05,587.0,289.8758354882311,0.0,damaging,ANKIB1
SDCCAG8 (10806)_damaging,0,5.087210098872251e-05,587.0,25.45584412271571,0.0,damaging,SDCCAG8
ACACB (32)_damaging,0,0.00010354958228799506,588.4,345.5688064626204,0.0,damaging,ACACB
MEGF6 (1953)_damaging,0,9.364254431460422e-05,588.6,179.26879259926974,0.0,damaging,MEGF6
COL25A1 (84570)_damaging,0,0.00011491169134422258,589.0,153.33405796930222,0.0,damaging,COL25A1
CTNND1 (1500)_damaging,0,9.424808326213714e-05,589.75,273.76069233304236,0.0,damaging,CTNND1
TNR (7143)_damaging,0,9.522313109107955e-05,589.8,228.82569785756144,0.0,damaging,TNR
NAV3 (89795)_damaging,0,0.0001020599679183057,590.2,388.46003655459845,0.0,damaging,NAV3
MECOM (2122)_damaging,0,0.00011769569605129594,591.0,354.22450508117026,0.0,damaging,MECOM
NBAS (51594)_damaging,0,0.00010508155501008033,591.0,335.2081442924679,0.0,damaging,NBAS
DLG2 (1740)_damaging,0,0.0001277373286657343,591.6666666666666,329.5183353522734,0.0,damaging,DLG2
MYH2 (4620)_damaging,0,9.971163568959188e-05,592.0,329.8628502878128,0.0,damaging,MYH2
TENM1 (10178)_damaging,0,9.152877592962399e-05,592.0,137.6281221262573,0.0,damaging,TENM1
PPP6R2 (9701)_damaging,0,9.453970414041932e-05,592.8,194.04174808530252,0.0,damaging,PPP6R2
PLXDC2 (84898)_damaging,0,0.00011517457623734195,593.5,256.6797615707168,0.0,damaging,PLXDC2
FBN1 (2200)_damaging,0,9.454638281655413e-05,594.6,212.68121684812695,0.0,damaging,FBN1
DSP (1832)_damaging,0,0.00010112424201357329,595.2,375.8991886131174,0.0,damaging,DSP
MLLT10 (8028)_damaging,0,0.00010272094875516253,596.0,,0.0,damaging,MLLT10
TNNI3K (51086)_damaging,0,0.00011363403917551298,596.0,246.07315985291854,0.0,damaging,TNNI3K
ASCC3 (10973)_damaging,0,8.941180834686353e-05,596.25,143.54412794213027,0.0,damaging,ASCC3
FHOD3 (80206)_damaging,0,9.96360124754357e-05,596.5,329.6154324866076,0.0,damaging,FHOD3
SRCAP (10847)_damaging,0,9.179493036154804e-05,596.6,185.06836574628306,0.0,damaging,SRCAP
SCLT1 (132320)_damaging,0,6.0545137042636486e-05,597.0,39.59797974644666,0.0,damaging,SCLT1
TTC21B (79809)_damaging,0,8.641585763279287e-05,598.0,210.00317457917947,0.0,damaging,TTC21B
LYST (1130)_damaging,0,9.769517504947527e-05,598.4,325.09275599434693,0.0,damaging,LYST
CNTN1 (1272)_damaging,0,9.136786705997066e-05,598.6,185.75198518454656,0.0,damaging,CNTN1
PITRM1 (10531)_damaging,0,0.00011000642724808814,599.0,239.7582115382078,0.0,damaging,PITRM1
RIPOR3 (140876)_damaging,0,0.0001218862220912816,599.0,,0.0,damaging,RIPOR3
ATP13A5 (344905)_damaging,0,7.376919909519787e-05,599.3333333333334,304.6347539814414,0.0,damaging,ATP13A5
MDN1 (23195)_damaging,0,9.471734933916213e-05,599.4,275.78125389518414,0.0,damaging,MDN1
KNL1 (57082)_damaging,0,4.8486727506276666e-05,599.5,43.1335136523794,0.0,damaging,KNL1
TEX15 (56154)_damaging,0,9.949234901080997e-05,600.2,277.37736028738897,0.0,damaging,TEX15
FAT2 (2196)_damaging,0,0.00010915628340001551,600.6,364.16315024999443,0.0,damaging,FAT2
MBD6 (114785)_damaging,0,0.00010943885953498688,601.0,283.30195904723286,0.0,damaging,MBD6
SETDB1 (9869)_damaging,0,7.2859629965999e-05,601.3333333333334,28.74601421646717,0.0,damaging,SETDB1
BRD4 (23476)_damaging,0,6.56417134054256e-05,601.5,545.1793282948281,0.0,damaging,BRD4
CEP350 (9857)_damaging,0,9.189586150981515e-05,601.6,219.105682263149,0.0,damaging,CEP350
NLRC5 (84166)_damaging,0,9.084365804451476e-05,602.6,207.74094444764614,0.0,damaging,NLRC5
SKOR2 (652991)_damaging,0,8.82472638676659e-05,603.0,154.77295198666553,0.0,damaging,SKOR2
STAT2 (6773)_damaging,0,9.18619136004057e-05,603.0,217.13475078853685,0.0,damaging,STAT2
ARHGAP23 (57636)_damaging,0,0.00011206058247621562,603.5,245.36605307173198,0.0,damaging,ARHGAP23
KDM5C (8242)_damaging,0,0.00010289554352293447,604.6,303.2116422566917,0.0,damaging,KDM5C
WAPL (23063)_damaging,0,8.756631627127696e-05,605.0,147.15298162116866,0.0,damaging,WAPL
DIS3 (22894)_damaging,0,0.0001299279453578684,605.75,435.28486840994907,0.0,damaging,DIS3
SLC45A1 (50651)_damaging,0,9.21007199312551e-05,605.8,229.45413485051864,0.0,damaging,SLC45A1
CUBN (8029)_damaging,0,9.524538568086294e-05,606.0,304.8811243747307,0.0,damaging,CUBN
ARHGEF28 (64283)_damaging,0,0.00010800824934095609,606.4,289.78060666649174,0.0,damaging,ARHGEF28
ROBO3 (64221)_damaging,0,0.00010689099158091638,606.4,456.6073805798588,0.0,damaging,ROBO3
P2RX2 (22953)_damaging,0,0.0001212010696395129,607.0,,0.0,damaging,P2RX2
RBL2 (5934)_damaging,0,7.58602811053679e-05,607.3333333333334,172.72039061249637,0.0,damaging,RBL2
DAZAP1 (26528)_damaging,0,8.637255671173486e-05,607.6666666666666,343.6354657676261,0.0,damaging,DAZAP1
KCNG2 (26251)_damaging,0,8.616228604267581e-05,608.0,53.96295025292816,0.0,damaging,KCNG2
ROBO4 (54538)_damaging,0,5.890878406798743e-05,608.0,55.154328932550705,0.0,damaging,ROBO4
GPATCH8 (23131)_damaging,0,7.324665370519753e-05,608.3333333333334,99.04207859962015,0.0,damaging,GPATCH8
EPB41L3 (23136)_damaging,0,9.339282939034357e-05,608.4,287.80166782004585,0.0,damaging,EPB41L3
HMCN2 (256158)_damaging,0,9.282398403084955e-05,608.6,248.1507606274863,0.0,damaging,HMCN2
MUC5AC (4586)_damaging,0,9.137632283190438e-05,609.0,172.42824594595862,0.0,damaging,MUC5AC
SLC27A6 (28965)_damaging,0,4.722621397131221e-05,609.0,56.568542494923804,0.0,damaging,SLC27A6
BRINP3 (339479)_damaging,0,0.00011430938607791335,609.3333333333334,170.7112571956909,0.0,damaging,BRINP3
EZH2 (2146)_hotspot,0,0.000144522142530653,611.0,371.4242856895602,0.0,hotspot,EZH2
BLTP3B (23074)_damaging,0,8.203055132049118e-05,611.25,55.01136246267673,0.0,damaging,BLTP3B
NBN (4683)_damaging,0,8.367626841240096e-05,611.5,153.25251493314337,0.0,damaging,NBN
CCDC178 (374864)_damaging,0,0.00011309224598444728,611.75,429.2686610193357,0.0,damaging,CCDC178
CREBBP (1387)_hotspot,0,9.223024495703628e-05,612.0,269.831428858834,0.0,hotspot,CREBBP
DDX27 (55661)_damaging,0,0.00011031538865839086,612.2,491.5497940188766,0.0,damaging,DDX27
REV1 (51455)_damaging,0,7.390414504294866e-05,612.6666666666666,274.2432010703881,0.0,damaging,REV1
PXDNL (137902)_damaging,0,8.556673866417545e-05,612.8,48.4427497155147,0.0,damaging,PXDNL
UNC13C (440279)_damaging,0,0.0001008355313236117,612.8,315.6551916252923,0.0,damaging,UNC13C
TOP2A (7153)_damaging,0,0.00010023374538911775,613.2,394.95784585193394,0.0,damaging,TOP2A
MMUT (4594)_damaging,0,9.527760491881423e-05,614.2,296.5783201786672,0.0,damaging,MMUT
UNC13B (10497)_damaging,0,8.82240357467813e-05,614.8,164.99757573976655,0.0,damaging,UNC13B
SPTBN4 (57731)_damaging,0,6.904600365412071e-05,616.0,135.7460864997588,0.0,damaging,SPTBN4
ITSN2 (50618)_damaging,0,8.569488094560163e-05,616.8,118.20829074138582,0.0,damaging,ITSN2
F8 (2157)_damaging,0,0.0001041647664393816,617.2,415.3458799603049,0.0,damaging,F8
IQGAP3 (128239)_damaging,0,8.350379314487443e-05,617.5,74.8799038460921,0.0,damaging,IQGAP3
CTNNA1 (1495)_damaging,0,9.23814435465388e-05,617.6,247.04716148946136,0.0,damaging,CTNNA1
SBF1 (6305)_damaging,0,0.0001007791400918049,618.0,328.8130167739714,0.0,damaging,SBF1
GEMIN5 (25929)_damaging,0,4.587729268333329e-05,618.5,70.0035713374682,0.0,damaging,GEMIN5
FMN1 (342184)_damaging,0,8.521226222134156e-05,620.0,119.9611048076278,0.0,damaging,FMN1
HRAS (3265)_hotspot,0,9.566339779432203e-05,620.0,331.4981146251061,0.0,hotspot,HRAS
HIPK3 (10114)_damaging,0,6.849539115196767e-05,621.0,147.0646116507979,0.0,damaging,HIPK3
ITGA4 (3676)_damaging,0,0.00011583553122007824,621.0,261.627597932634,0.0,damaging,ITGA4
KCNH5 (27133)_damaging,0,7.634094156446801e-05,621.0,120.15822901491184,0.0,damaging,KCNH5
TOGARAM1 (23116)_damaging,0,8.347068773396416e-05,622.0,89.17024914921642,0.0,damaging,TOGARAM1
HECA (51696)_damaging,0,8.110395632080252e-05,623.0,371.51715976519847,0.0,damaging,HECA
PLCH1 (23007)_damaging,0,5.6148379715821325e-05,623.0,110.30865786510141,0.0,damaging,PLCH1
MYCBP2 (23077)_damaging,0,9.634740359348592e-05,623.8,355.4654694903571,0.0,damaging,MYCBP2
ITGA2B (3674)_damaging,0,8.48711640435061e-05,624.4,123.43135744210221,0.0,damaging,ITGA2B
CD36 (948)_damaging,0,8.49218890329326e-05,624.5,139.17973990491578,0.0,damaging,CD36
ABCA8 (10351)_damaging,0,9.464994725711713e-05,625.4,279.5653769693236,0.0,damaging,ABCA8
NSD1 (64324)_damaging,0,8.3774821273856e-05,626.2,126.62424728305396,0.0,damaging,NSD1
PIK3C2A (5286)_damaging,0,5.931727755601374e-05,627.0,129.1665591397402,0.0,damaging,PIK3C2A
BCL9L (283149)_damaging,0,9.086582256693825e-05,627.4,288.8439024802151,0.0,damaging,BCL9L
RERE (473)_damaging,0,9.400884479930118e-05,627.4,264.0024621097311,0.0,damaging,RERE
MAP3K4 (4216)_damaging,0,8.528526395611766e-05,629.0,288.9648190812623,0.0,damaging,MAP3K4
PDZD2 (23037)_damaging,0,8.934490010871997e-05,629.0,250.4146561206033,0.0,damaging,PDZD2
SORL1 (6653)_damaging,0,9.914940506429478e-05,629.2,356.9687661406807,0.0,damaging,SORL1
RAD17 (5884)_damaging,0,9.236707576362825e-05,629.8,299.62092717298634,0.0,damaging,RAD17
PPIG (9360)_damaging,0,0.00011338055207876041,630.0,484.6338824308511,0.0,damaging,PPIG
XPOT (11260)_damaging,0,0.00010415626626104698,630.0,103.23759005323593,0.0,damaging,XPOT
ADGRL4 (64123)_damaging,0,8.51483877749535e-05,630.2,184.65968699204493,0.0,damaging,ADGRL4
FREM2 (341640)_damaging,0,8.611389377357046e-05,630.8,217.93278780394655,0.0,damaging,FREM2
IGFN1 (91156)_damaging,0,8.450076462286873e-05,631.0,209.61393083476108,0.0,damaging,IGFN1
MAP3K15 (389840)_damaging,0,7.350166153699403e-05,631.25,114.18807585149452,0.0,damaging,MAP3K15
INF2 (64423)_damaging,0,9.216860057544349e-05,631.6,296.9920874366858,0.0,damaging,INF2
PTPRM (5797)_damaging,0,6.502975747915544e-05,631.6666666666666,54.85739087245523,0.0,damaging,PTPRM
MROH2A (339766)_damaging,0,8.232369381124677e-05,632.0,380.4326484412188,0.0,damaging,MROH2A
HELZ2 (85441)_damaging,0,9.29451727305574e-05,632.6,343.8943151609227,0.0,damaging,HELZ2
ABCB5 (340273)_damaging,0,8.839244113715205e-05,632.8,218.36368745741586,0.0,damaging,ABCB5
NCOA6 (23054)_damaging,0,0.0001042255627251687,633.0,392.1179669436227,0.0,damaging,NCOA6
MYO16 (23026)_damaging,0,9.203064885799991e-05,633.6,275.6996554223454,0.0,damaging,MYO16
COL5A3 (50509)_damaging,0,8.863270120621812e-05,633.8,259.1432036538871,0.0,damaging,COL5A3
CEP290 (80184)_damaging,0,8.543081350787183e-05,635.2,190.38434809616047,0.0,damaging,CEP290
MAP2 (4133)_damaging,0,8.45754758622126e-05,635.8,178.24617807964356,0.0,damaging,MAP2
RBBP6 (5930)_damaging,0,0.00011054746325233668,636.0,235.40744819709224,0.0,damaging,RBBP6
COL4A5 (1287)_damaging,0,8.991535970543613e-05,636.5,282.20855172490195,0.0,damaging,COL4A5
DCC (1630)_damaging,0,9.017029398673255e-05,637.0,310.59781068127313,0.0,damaging,DCC
SFSWAP (6433)_damaging,0,8.27071321540304e-05,637.25,136.5,0.0,damaging,SFSWAP
ADAR (103)_damaging,0,9.570405896855322e-05,639.0,,0.0,damaging,ADAR
TAL1 (6886)_damaging,0,9.735497554140646e-05,639.4,316.666701754384,0.0,damaging,TAL1
ANKS1B (56899)_damaging,0,8.202144448642663e-05,641.0,125.0306629058115,0.0,damaging,ANKS1B
KDM5A (5927)_damaging,0,8.72909713997973e-05,641.0,318.24126068126367,0.0,damaging,KDM5A
ANKRD11 (29123)_damaging,0,9.527278668383414e-05,641.2,373.01300245433805,0.0,damaging,ANKRD11
GPR158 (57512)_damaging,0,9.289317985888146e-05,641.25,432.4244635386239,0.0,damaging,GPR158
MORC1 (27136)_damaging,0,9.46120894426561e-05,641.8,405.7076533663125,0.0,damaging,MORC1
EGF (1950)_damaging,0,8.439552556548777e-05,642.0,,0.0,damaging,EGF
ABCA4 (24)_damaging,0,5.477539118454194e-05,642.5,103.94469683442249,0.0,damaging,ABCA4
ZNF318 (24149)_damaging,0,8.339167114297796e-05,642.6,180.68148770695908,0.0,damaging,ZNF318
ANKRD30B (374860)_damaging,0,8.176137211542652e-05,642.8,148.42573900776105,0.0,damaging,ANKRD30B
BRWD1 (54014)_damaging,0,8.503951339994717e-05,643.2,187.92338864547966,0.0,damaging,BRWD1
MYH7B (57644)_damaging,0,0.00010653773974390148,643.8,522.24869554648,0.0,damaging,MYH7B
TOPBP1 (11073)_damaging,0,9.069234055163875e-05,644.0,357.56467946373004,0.0,damaging,TOPBP1
ADAMTS13 (11093)_damaging,0,8.474922875495829e-05,645.0,444.4873451516927,0.0,damaging,ADAMTS13
TNRC6B (23112)_damaging,0,8.637475904742391e-05,645.2,311.0172020966043,0.0,damaging,TNRC6B
SHOC1 (158401)_damaging,0,5.316846170124426e-05,645.5,108.18733752154178,0.0,damaging,SHOC1
ARHGAP24 (83478)_damaging,0,0.00011782678348918966,646.0,,0.0,damaging,ARHGAP24
PCNX2 (80003)_damaging,0,8.971085612125575e-05,646.0,425.5390698866557,0.0,damaging,PCNX2
MRC1 (4360)_damaging,0,8.703185669464003e-05,646.2,292.9525558857611,0.0,damaging,MRC1
COL4A4 (1286)_damaging,0,8.233333222662765e-05,646.4,144.97689471084695,0.0,damaging,COL4A4
EPG5 (57724)_damaging,0,5.641174464504989e-05,647.0,134.72564715005083,0.0,damaging,EPG5
SMARCAD1 (56916)_damaging,0,8.929784444462429e-05,647.0,302.04966479041155,0.0,damaging,SMARCAD1
MYH15 (22989)_damaging,0,8.846634657272426e-05,647.2,289.1905945911796,0.0,damaging,MYH15
COL6A3 (1293)_damaging,0,8.634098134775033e-05,648.6,304.02351882708024,0.0,damaging,COL6A3
DNAH12 (201625)_damaging,0,8.237211359372986e-05,649.2,175.10768115648153,0.0,damaging,DNAH12
NOTCH4 (4855)_damaging,0,9.896835207601887e-05,650.0,397.52484199103833,0.0,damaging,NOTCH4
MYLK (4638)_damaging,0,4.179348647194853e-05,650.5,115.25840533340725,0.0,damaging,MYLK
HLA-C (3107)_damaging,0,8.614096962696754e-05,650.8,280.40542077499146,0.0,damaging,HLA-C
MROH1 (727957)_damaging,0,5.2326056741420515e-05,651.0,115.96551211459379,0.0,damaging,MROH1
MUC12 (10071)_damaging,0,0.00010478206642839818,651.6666666666666,307.8706438316803,0.0,damaging,MUC12
KIAA0825 (285600)_damaging,0,0.00011641389707360329,652.3333333333334,314.5255686479771,0.0,damaging,KIAA0825
NLRP4 (147945)_damaging,0,8.803676880482419e-05,653.6,346.58808404213784,0.0,damaging,NLRP4
COL12A1 (1303)_damaging,0,8.769657478497001e-05,654.6,357.23143758633563,0.0,damaging,COL12A1
GREB1 (9687)_damaging,0,8.470004935800623e-05,655.6,228.61714721341443,0.0,damaging,GREB1
PRPF40B (25766)_damaging,0,6.369110633087303e-05,655.6666666666666,203.6573920419618,0.0,damaging,PRPF40B
PPM1D (8493)_damaging,0,7.859964359099023e-05,656.75,193.6153833419924,0.0,damaging,PPM1D
CDH8 (1006)_damaging,0,8.536461906764394e-05,657.0,277.2976739895234,0.0,damaging,CDH8
TACC2 (10579)_damaging,0,8.186804603580738e-05,658.4,182.2863132547257,0.0,damaging,TACC2
AFF4 (27125)_damaging,0,4.05869556341685e-05,658.5,126.572113832392,0.0,damaging,AFF4
FANCG (2189)_damaging,0,7.526498781376135e-05,659.0,112.12790315825346,0.0,damaging,FANCG
PTPRQ (374462)_damaging,0,8.506820540414553e-05,659.2,266.33662909934117,0.0,damaging,PTPRQ
CCDC73 (493860)_damaging,0,9.09491768001875e-05,660.0,334.8731102970198,0.0,damaging,CCDC73
RB1CC1 (9821)_damaging,0,9.899184236067006e-05,660.8,347.376164985452,0.0,damaging,RB1CC1
DIDO1 (11083)_damaging,0,8.83255466166004e-05,661.4,313.2655423119498,0.0,damaging,DIDO1
DNAH8 (1769)_damaging,0,8.374354456886186e-05,661.8,258.22219114553263,0.0,damaging,DNAH8
ANK3 (288)_damaging,0,8.664844433356002e-05,662.0,333.60380693271475,0.0,damaging,ANK3
FSTL5 (56884)_damaging,0,0.00010681201369434204,662.0,256.6904750862408,0.0,damaging,FSTL5
MGAM2 (93432)_damaging,0,6.995220866420421e-05,662.75,113.85480519796548,0.0,damaging,MGAM2
SOX9 (6662)_damaging,0,7.988042933568307e-05,663.8,181.7710097897902,0.0,damaging,SOX9
CNTN4 (152330)_damaging,0,9.209231813833569e-05,664.0,436.97768821760224,0.0,damaging,CNTN4
IPO7 (10527)_damaging,0,7.708904949538307e-05,664.75,68.6652507944642,0.0,damaging,IPO7
GREB1L (80000)_damaging,0,5.0642562441589275e-05,665.5,136.47160876900367,0.0,damaging,GREB1L
LAMA3 (3909)_damaging,0,8.121819619074833e-05,665.6,218.5847661663548,0.0,damaging,LAMA3
GPR179 (440435)_damaging,0,8.189818651969732e-05,665.8,236.53900312633434,0.0,damaging,GPR179
KCNH7 (90134)_damaging,0,8.245406733929116e-05,666.2,201.11116329035542,0.0,damaging,KCNH7
COL28A1 (340267)_damaging,0,8.315476245892463e-05,666.4,287.36614275171667,0.0,damaging,COL28A1
NCOR1 (9611)_damaging,0,7.94648314990707e-05,668.0,157.13370103195558,0.0,damaging,NCOR1
FES (2242)_damaging,0,7.825630486811707e-05,668.25,335.3101797838334,0.0,damaging,FES
CTNNA2 (1496)_damaging,0,8.442711981513073e-05,668.4,350.3031544248496,0.0,damaging,CTNNA2
PDZRN4 (29951)_damaging,0,6.974167860639954e-05,668.6666666666666,351.26960206276505,0.0,damaging,PDZRN4
ZNF429 (353088)_damaging,0,6.528781312832467e-05,668.6666666666666,141.00472805311648,0.0,damaging,ZNF429
SORCS1 (114815)_damaging,0,8.163879320785243e-05,669.25,470.1640671084935,0.0,damaging,SORCS1
ATM (472)_hotspot,0,8.543709653789954e-05,669.4,333.1648240736107,0.0,hotspot,ATM
MYO9A (4649)_damaging,0,8.523360369609454e-05,669.4,247.43948755200734,0.0,damaging,MYO9A
CCDC15 (80071)_damaging,0,8.12889433746918e-05,670.5,269.11397833136306,0.0,damaging,CCDC15
PREX2 (80243)_damaging,0,9.248162797177927e-05,671.2,384.83399018278,0.0,damaging,PREX2
RGS22 (26166)_damaging,0,7.947411655848169e-05,671.2,207.5119273680431,0.0,damaging,RGS22
KTN1 (3895)_damaging,0,8.715266671030778e-05,672.4,354.818686091925,0.0,damaging,KTN1
SCN2A (6326)_damaging,0,7.835010673171473e-05,672.8,211.68656074488996,0.0,damaging,SCN2A
ZNF831 (128611)_damaging,0,7.857820095855113e-05,672.8,165.73683959820158,0.0,damaging,ZNF831
EXOSC10 (5394)_damaging,0,8.400450325895723e-05,673.0,359.9620350351779,0.0,damaging,EXOSC10
COL15A1 (1306)_damaging,0,7.856987992596296e-05,675.8,183.34857512399708,0.0,damaging,COL15A1
TCF12 (6938)_damaging,0,3.1507863578127995e-05,678.5,154.8563850798539,0.0,damaging,TCF12
ABCC11 (85320)_damaging,0,3.8050718992624725e-05,679.0,155.56349186104046,0.0,damaging,ABCC11
HIP1R (9026)_damaging,0,5.897009622090366e-05,679.0,110.0,0.0,damaging,HIP1R
SPATA16 (83893)_damaging,0,6.885973225452585e-05,679.0,185.5855597830823,0.0,damaging,SPATA16
ERMP1 (79956)_damaging,0,8.045115018723407e-05,680.3333333333334,539.3295220302086,0.0,damaging,ERMP1
NRG3 (10718)_damaging,0,4.989863913209902e-05,680.5,157.6848122046001,0.0,damaging,NRG3
ADAMTSL3 (57188)_damaging,0,8.090284753262448e-05,684.8,249.95839653830393,0.0,damaging,ADAMTSL3
GRID2 (2895)_damaging,0,5.8312235800791e-05,685.0,111.33732527773424,0.0,damaging,GRID2
PRX (57716)_damaging,0,8.386413397211154e-05,685.25,465.32596102087405,0.0,damaging,PRX
CLASP2 (23122)_damaging,0,7.979922758149247e-05,686.8,322.9275460532904,0.0,damaging,CLASP2
MYH14 (79784)_damaging,0,7.111065783974225e-05,687.6666666666666,211.62781795721787,0.0,damaging,MYH14
AXDND1 (126859)_damaging,0,8.346112334381465e-05,688.0,311.0426015837702,0.0,damaging,AXDND1
CHEK2 (11200)_damaging,0,0.00011021608237437642,688.0,370.49021579523526,0.0,damaging,CHEK2
SLC23A3 (151295)_damaging,0,0.00011317268115451712,688.0,,0.0,damaging,SLC23A3
ZNF469 (84627)_damaging,0,9.261682553131115e-05,688.0,378.6125988394998,0.0,damaging,ZNF469
A2ML1 (144568)_damaging,0,7.480748031015264e-05,689.4,155.72186744320786,0.0,damaging,A2ML1
TRPM2 (7226)_damaging,0,6.364873157577634e-05,689.6666666666666,340.4355053946831,0.0,damaging,TRPM2
ADAMTS18 (170692)_damaging,0,0.00011297962055831216,690.0,,0.0,damaging,ADAMTS18
DLG5 (9231)_damaging,0,0.0001300120986315964,691.0,435.09654101130246,0.0,damaging,DLG5
PCNX1 (22990)_damaging,0,8.347356073350346e-05,691.6,405.4858813818306,0.0,damaging,PCNX1
KCND2 (3751)_damaging,0,0.00010944213140022923,692.0,,0.0,damaging,KCND2
KCP (375616)_damaging,0,0.00010742665613892439,692.3333333333334,208.72070652748693,0.0,damaging,KCP
KIF5A (3798)_damaging,0,8.748406753084815e-05,694.0,,0.0,damaging,KIF5A
LRP1 (4035)_damaging,0,8.326398959653166e-05,694.4,359.18143047769047,0.0,damaging,LRP1
DYNC1H1 (1778)_damaging,0,7.701558954738843e-05,694.8,267.67554987334944,0.0,damaging,DYNC1H1
DNAJC13 (23317)_damaging,0,7.391863735807066e-05,695.8,82.1535148365546,0.0,damaging,DNAJC13
RHBDF2 (79651)_damaging,0,8.726337861068097e-05,696.0,,0.0,damaging,RHBDF2
RIMBP2 (23504)_damaging,0,7.433365774868819e-05,696.6,186.84565823160034,0.0,damaging,RIMBP2
CCDC168 (643677)_damaging,0,9.381984549050015e-05,697.0,381.2682782503679,0.0,damaging,CCDC168
ZEB1 (6935)_damaging,0,0.00010885989222247289,697.0,,0.0,damaging,ZEB1
TAF1L (138474)_damaging,0,5.321510627902469e-05,697.6666666666666,293.01422036026395,0.0,damaging,TAF1L
GRM7 (2917)_damaging,0,7.589873020809725e-05,698.8,193.20895424384454,0.0,damaging,GRM7
ATG2A (23130)_damaging,0,3.537020334299145e-05,699.0,183.84776310850236,0.0,damaging,ATG2A
MAP3K12 (7786)_damaging,0,7.626890285282231e-05,699.8,222.88719119769982,0.0,damaging,MAP3K12
PLD1 (5337)_damaging,0,0.00011157797046642702,700.0,,0.0,damaging,PLD1
LARP1 (23367)_damaging,0,9.830648365364889e-05,700.2,478.2653029438786,0.0,damaging,LARP1
FIRRM (55732)_damaging,0,6.795839395321107e-05,700.6666666666666,114.27306477614633,0.0,damaging,FIRRM
DNM2 (1785)_damaging,0,6.877729203983086e-05,700.75,318.81904480964334,0.0,damaging,DNM2
SAMHD1 (25939)_damaging,0,7.309564440887608e-05,701.8,82.58147492022653,0.0,damaging,SAMHD1
MAP3K21 (84451)_damaging,0,6.00351292417183e-05,703.3333333333334,184.7331408636072,0.0,damaging,MAP3K21
EPHA3 (2042)_damaging,0,7.600428791056441e-05,704.0,241.81191037663964,0.0,damaging,EPHA3
ZNF331 (55422)_damaging,0,8.640039615888097e-05,704.0,,0.0,damaging,ZNF331
DACH1 (1602)_damaging,0,7.222740222764237e-05,704.5,223.50615204060938,0.0,damaging,DACH1
FAM83B (222584)_damaging,0,7.262112603706518e-05,705.5,313.30975088560524,0.0,damaging,FAM83B
NLRP7 (199713)_damaging,0,9.548583749170478e-05,706.0,281.4284989122459,0.0,damaging,NLRP7
WDFY4 (57705)_damaging,0,7.538300927311809e-05,707.2,248.5853978012385,0.0,damaging,WDFY4
ERBB4 (2066)_damaging,0,7.91796884168263e-05,707.8,375.0969208084759,0.0,damaging,ERBB4
MAST1 (22983)_damaging,0,3.4170580245080635e-05,708.0,196.5756851698602,0.0,damaging,MAST1
EML5 (161436)_damaging,0,8.301480785938425e-05,709.4,443.3286591232288,0.0,damaging,EML5
VWA5B2 (90113)_damaging,0,0.00010766507841563818,710.0,,0.0,damaging,VWA5B2
ATP8A1 (10396)_damaging,0,6.142347777681686e-05,710.3333333333334,254.382258291205,0.0,damaging,ATP8A1
NYNRIN (57523)_damaging,0,7.282748965272598e-05,711.2,179.4120954673904,0.0,damaging,NYNRIN
ERF (2077)_damaging,0,7.934071918921755e-05,712.4,343.9561018502216,0.0,damaging,ERF
SHROOM3 (57619)_damaging,0,7.53773666700531e-05,712.4,286.76697857319624,0.0,damaging,SHROOM3
ATXN7 (6314)_damaging,0,7.43125418102972e-05,712.6,221.17255706800515,0.0,damaging,ATXN7
CDK13 (8621)_damaging,0,7.24531060962844e-05,713.2,175.99772725805295,0.0,damaging,CDK13
PLXNA4 (91584)_damaging,0,7.386697483822928e-05,713.2,261.65473433515393,0.0,damaging,PLXNA4
TNIK (23043)_damaging,0,6.83357058015945e-05,714.0,271.309786038027,0.0,damaging,TNIK
DOCK8 (81704)_damaging,0,7.206413965936303e-05,714.4,131.13085067976948,0.0,damaging,DOCK8
BPTF (2186)_damaging,0,7.162654483597868e-05,715.0,151.4645172969564,0.0,damaging,BPTF
ITGA8 (8516)_damaging,0,6.654938074528377e-05,715.0,215.0883539385617,0.0,damaging,ITGA8
TLE4 (7091)_damaging,0,6.427554307963125e-05,715.0,246.25325716965992,0.0,damaging,TLE4
TRRAP (8295)_damaging,0,7.574113224696635e-05,715.6,356.3892534855674,0.0,damaging,TRRAP
SEL1L2 (80343)_damaging,0,6.585547134397153e-05,717.3333333333334,130.0858690762887,0.0,damaging,SEL1L2
LOXHD1 (125336)_damaging,0,7.377863602479449e-05,717.6,259.4124129643761,0.0,damaging,LOXHD1
KIF20B (9585)_damaging,0,7.780955228269046e-05,717.8,334.22926263270244,0.0,damaging,KIF20B
POLR1A (25885)_damaging,0,4.445535928851438e-05,718.0,210.71782079359116,0.0,damaging,POLR1A
DMBT1 (1755)_damaging,0,7.819829850204236e-05,718.8,350.1374016011428,0.0,damaging,DMBT1
MBD4 (8930)_damaging,0,4.7926675670339945e-05,719.5,413.6574669941303,0.0,damaging,MBD4
ABCA5 (23461)_damaging,0,9.454889318137123e-05,720.25,145.91864171516949,0.0,damaging,ABCA5
REXO1 (57455)_damaging,0,4.567582177998838e-05,720.5,214.2533546995239,0.0,damaging,REXO1
DENND4C (55667)_damaging,0,7.101666886407957e-05,720.6,158.40864875378492,0.0,damaging,DENND4C
EXPH5 (23086)_damaging,0,7.052532618472159e-05,720.6,118.83097239356412,0.0,damaging,EXPH5
PIK3C2G (5288)_damaging,0,9.85509449347693e-05,720.6666666666666,433.6465534664531,0.0,damaging,PIK3C2G
CORIN (10699)_damaging,0,7.331332676776096e-05,721.2,254.21486974604773,0.0,damaging,CORIN
PCDH17 (27253)_damaging,0,4.5454769378264205e-05,722.0,216.37467504308356,0.0,damaging,PCDH17
SPATA31D1 (389763)_damaging,0,0.00011320409412114687,722.0,509.6479176843559,0.0,damaging,SPATA31D1
MROH2B (133558)_damaging,0,7.13938142978504e-05,722.5,440.44258044229406,0.0,damaging,MROH2B
LRRK1 (79705)_damaging,0,7.226177046259095e-05,722.8,228.28315750400859,0.0,damaging,LRRK1
IL1RAPL1 (11141)_damaging,0,0.00010903866743588433,723.0,,0.0,damaging,IL1RAPL1
SLC16A12 (387700)_damaging,0,4.349949827592243e-05,723.0,217.78888860545663,0.0,damaging,SLC16A12
RNF17 (56163)_damaging,0,5.786963311467702e-05,723.3333333333334,182.6590631020901,0.0,damaging,RNF17
MYO3A (53904)_damaging,0,6.694686038532926e-05,724.0,150.5788829816452,0.0,damaging,MYO3A
ZNF608 (57507)_damaging,0,6.320386360835304e-05,724.0,218.38650751973364,0.0,damaging,ZNF608
RBM10 (8241)_damaging,0,7.34387995861745e-05,724.2,269.5268075720855,0.0,damaging,RBM10
VWDE (221806)_damaging,0,7.772903939250475e-05,724.8,299.0471534724917,0.0,damaging,VWDE
MXRA5 (25878)_damaging,0,7.446911888718777e-05,725.8,290.43536286065444,0.0,damaging,MXRA5
TNRC6A (27327)_damaging,0,7.381567962272002e-05,725.8,365.38705505258395,0.0,damaging,TNRC6A
ZNF236 (7776)_damaging,0,7.226768334585697e-05,726.0,230.64149669996507,0.0,damaging,ZNF236
ZNF99 (7652)_damaging,0,0.00010876232437133489,726.0,,0.0,damaging,ZNF99
NOS3 (4846)_damaging,0,7.363210378645873e-05,726.8,279.7100284222931,0.0,damaging,NOS3
ANKRD36C (400986)_damaging,0,5.724630235090782e-05,727.3333333333334,143.26316111734144,0.0,damaging,ANKRD36C
UTRN (7402)_damaging,0,8.447295876817289e-05,727.6,366.2496416380499,0.0,damaging,UTRN
CSF2RB (1439)_damaging,0,6.923434492868516e-05,728.0,290.85047704963455,0.0,damaging,CSF2RB
NECTIN3 (25945)_damaging,0,8.998176025684033e-05,728.3333333333334,198.2481609834839,0.0,damaging,NECTIN3
KNOP1 (400506)_damaging,0,7.347683430376914e-05,728.4,332.4842853429317,0.0,damaging,KNOP1
ANO6 (196527)_damaging,0,9.428827507298581e-05,728.5,161.92745289171938,0.0,damaging,ANO6
NLRP3 (114548)_damaging,0,6.7692517540238e-05,728.5,219.58369702689677,0.0,damaging,NLRP3
CCND3 (896)_hotspot,0,0.000105505343448065,729.0,,0.0,hotspot,CCND3
ERICH6B (220081)_damaging,0,0.00010809908622680309,729.0,,0.0,damaging,ERICH6B
MYO10 (4651)_damaging,0,4.45932483447775e-05,729.5,226.98127676088177,0.0,damaging,MYO10
TRDN (10345)_damaging,0,7.671883744106256e-05,729.6,312.9541499964492,0.0,damaging,TRDN
CDH7 (1005)_damaging,0,6.94108216768842e-05,731.0,257.26380753356403,0.0,damaging,CDH7
IFT172 (26160)_damaging,0,7.981149374103213e-05,731.5,402.84777935757984,0.0,damaging,IFT172
LAMA2 (3908)_damaging,0,7.029385464012522e-05,731.8,218.93195289861185,0.0,damaging,LAMA2
FRMPD4 (9758)_damaging,0,9.669221692584456e-05,732.0,261.6295090390226,0.0,damaging,FRMPD4
RSF1 (51773)_damaging,0,6.250908472248153e-05,732.75,238.02293306878366,0.0,damaging,RSF1
ITPR2 (3709)_damaging,0,7.595033448061633e-05,734.6,395.40776421309687,0.0,damaging,ITPR2
INSRR (3645)_damaging,0,6.98488462231229e-05,735.0,187.43665596675586,0.0,damaging,INSRR
AHNAK (79026)_damaging,0,7.360714715988549e-05,736.0,266.13624330406407,0.0,damaging,AHNAK
ARFGEF3 (57221)_damaging,0,7.093042412885882e-05,736.0,263.1514139552867,0.0,damaging,ARFGEF3
MAN2B1 (4125)_damaging,0,8.29920681037291e-05,736.0,,0.0,damaging,MAN2B1
PLEKHH3 (79990)_damaging,0,0.00010441677228832759,736.0,,0.0,damaging,PLEKHH3
TSC1 (7248)_damaging,0,9.664990440399226e-05,736.0,535.1099575476677,0.0,damaging,TSC1
JARID2 (3720)_damaging,0,7.613807496876338e-05,736.6,337.8014209561588,0.0,damaging,JARID2
USP34 (9736)_damaging,0,7.22354807359902e-05,738.6,306.01519570112856,0.0,damaging,USP34
IQGAP2 (10788)_damaging,0,5.6430171050782994e-05,738.6666666666666,271.66584866952513,0.0,damaging,IQGAP2
A2M (2)_damaging,0,7.357775530807268e-05,739.2,304.75924924438306,0.0,damaging,A2M
NUGGC (389643)_damaging,0,7.096469947625996e-05,739.2,262.3693960811741,0.0,damaging,NUGGC
CRLF1 (9244)_damaging,0,9.425266266183932e-05,739.3333333333334,82.37313477908519,0.0,damaging,CRLF1
GAB2 (9846)_damaging,0,5.1667093171445885e-05,739.3333333333334,164.36646048793935,0.0,damaging,GAB2
ADGRD2 (347088)_damaging,0,6.208368118379903e-05,739.6666666666666,382.69352402847545,0.0,damaging,ADGRD2
ADAMTS2 (9509)_damaging,0,9.563882971038449e-05,740.3333333333334,360.08378654603894,0.0,damaging,ADAMTS2
H3-4 (8290)_damaging,0,7.024401945620131e-05,740.4,247.39300717684,0.0,damaging,H3-4
RHOA (387)_hotspot,0,7.062222056011035e-05,740.4,253.5494034700141,0.0,hotspot,RHOA
SORCS3 (22986)_damaging,0,7.147524903274214e-05,741.0,276.7191717246928,0.0,damaging,SORCS3
HTT (3064)_damaging,0,6.888197584312109e-05,741.4,192.02161336682911,0.0,damaging,HTT
NCKAP5 (344148)_damaging,0,7.041770073764788e-05,741.4,274.0926850537971,0.0,damaging,NCKAP5
SBF2 (81846)_damaging,0,7.273684238245805e-05,741.75,390.1361941681392,0.0,damaging,SBF2
COL1A2 (1278)_damaging,0,7.05858805581193e-05,742.0,232.04094466279005,0.0,damaging,COL1A2
PTPN21 (11099)_damaging,0,7.29714836752002e-05,742.0,367.76441734712,0.0,damaging,PTPN21
PKDREJ (10343)_damaging,0,6.954261837939858e-05,742.8,286.2266584369807,0.0,damaging,PKDREJ
ZBTB7A (51341)_damaging,0,7.160921156900922e-05,742.8,267.42045546292826,0.0,damaging,ZBTB7A
NALCN (259232)_damaging,0,7.554884831709287e-05,743.4,331.5355184591841,0.0,damaging,NALCN
E2F7 (144455)_damaging,0,7.844991417138382e-05,743.6,351.5854092535696,0.0,damaging,E2F7
AXL (558)_damaging,0,6.141960298503059e-05,743.75,253.54470348770187,0.0,damaging,AXL
ACADVL (37)_damaging,0,8.140758265859805e-05,744.0,,0.0,damaging,ACADVL
AGO1 (26523)_damaging,0,6.884650362776429e-05,744.0,179.60651435847197,0.0,damaging,AGO1
ATAD5 (79915)_damaging,0,7.72514264057855e-05,744.0,367.90623805529583,0.0,damaging,ATAD5
GOLGA4 (2803)_damaging,0,6.992044342257392e-05,744.0,270.4958410031474,0.0,damaging,GOLGA4
ROCK1 (6093)_damaging,0,7.244820216685035e-05,744.4,307.329302215067,0.0,damaging,ROCK1
RIF1 (55183)_damaging,0,7.042790195188735e-05,744.6,248.5825818515851,0.0,damaging,RIF1
SHROOM4 (57477)_damaging,0,4.096230971968841e-05,745.0,248.90158697766472,0.0,damaging,SHROOM4
GUCY2F (2986)_damaging,0,8.567565628040626e-05,745.3333333333334,151.58276067328148,0.0,damaging,GUCY2F
TMEM132D (121256)_damaging,0,8.180205751699918e-05,745.8,383.7873108897688,0.0,damaging,TMEM132D
BCHE (590)_damaging,0,0.00010577654927619026,746.0,,0.0,damaging,BCHE
CDH15 (1013)_damaging,0,6.0070191059229384e-05,746.0,219.09967290406132,0.0,damaging,CDH15
FKBP15 (23307)_damaging,0,6.201462968145683e-05,746.0,298.3901249483077,0.0,damaging,FKBP15
COL4A2 (1284)_damaging,0,7.46243420438225e-05,746.4,345.4219159231215,0.0,damaging,COL4A2
TMEM94 (9772)_damaging,0,8.521176984634502e-05,746.8,455.1392094733215,0.0,damaging,TMEM94
KMT2E (55904)_damaging,0,7.098805395513977e-05,747.0,290.6690558005788,0.0,damaging,KMT2E
STAB1 (23166)_damaging,0,7.365545003166173e-05,747.0,379.9611822278692,0.0,damaging,STAB1
UNC93B7 (100887746)_damaging,0,6.924971173305512e-05,747.2,214.51619985446322,0.0,damaging,UNC93B7
PCDH10 (57575)_damaging,0,6.69728984251149e-05,748.4,133.4402488007273,0.0,damaging,PCDH10
ADGRG6 (57211)_damaging,0,4.0478883690917934e-05,748.5,253.85133444597056,0.0,damaging,ADGRG6
PARD3B (117583)_damaging,0,8.9768236822979e-05,748.5,120.48374717501665,0.0,damaging,PARD3B
SIPA1L1 (26037)_damaging,0,8.115174019262241e-05,749.0,,0.0,damaging,SIPA1L1
MYH4 (4622)_damaging,0,8.69915922169307e-05,750.0,182.43354954612926,0.0,damaging,MYH4
SYCP2 (10388)_damaging,0,7.721439548983235e-05,750.2,407.76427013655814,0.0,damaging,SYCP2
ITGB4 (3691)_damaging,0,6.961684718860066e-05,750.8,273.64338106374873,0.0,damaging,ITGB4
KDM6B (23135)_damaging,0,7.183300847513631e-05,750.8,291.93783584866145,0.0,damaging,KDM6B
DTX4 (23220)_damaging,0,5.410738939614286e-05,751.0,157.77198737418502,0.0,damaging,DTX4
ROR2 (4920)_damaging,0,6.862736296107511e-05,751.2,216.060639636191,0.0,damaging,ROR2
MYO3B (140469)_damaging,0,9.623059615175568e-05,752.6666666666666,270.54451266535295,0.0,damaging,MYO3B
NPAT (4863)_damaging,0,6.950699656580288e-05,752.8,335.30090963193044,0.0,damaging,NPAT
ERBB2 (2064)_hotspot,0,7.021319252451204e-05,753.0,288.704000665041,0.0,hotspot,ERBB2
USP16 (10600)_damaging,0,6.062278638333351e-05,753.0,312.4281250677239,0.0,damaging,USP16
FRY (10129)_damaging,0,7.159046350934807e-05,753.25,457.5721254622051,0.0,damaging,FRY
CACNA1S (779)_damaging,0,0.00010260027429196913,753.3333333333334,340.7261852768779,0.0,damaging,CACNA1S
SCN9A (6335)_damaging,0,6.791773708772763e-05,754.4,203.83400108912156,0.0,damaging,SCN9A
SPECC1 (92521)_damaging,0,7.228186482401827e-05,755.0,470.8895836605435,0.0,damaging,SPECC1
LARP4B (23185)_damaging,0,0.00012568550596325388,755.25,681.4065722215091,0.0,damaging,LARP4B
ABCA7 (10347)_damaging,0,6.767979917080755e-05,755.6,213.7634206313138,0.0,damaging,ABCA7
ASPH (444)_damaging,0,0.00010253337770324606,756.0,,0.0,damaging,ASPH
TECTA (7007)_damaging,0,6.600820570942524e-05,756.8,139.0312914418909,0.0,damaging,TECTA
ARHGAP35 (2909)_damaging,0,7.470880539048922e-05,757.6,443.4617232636882,0.0,damaging,ARHGAP35
KIF26A (26153)_damaging,0,6.720915989772436e-05,759.8,294.34452602350194,0.0,damaging,KIF26A
DCHS2 (54798)_damaging,0,6.875690636835625e-05,760.2,338.7989079085114,0.0,damaging,DCHS2
FNDC1 (84624)_damaging,0,6.829541643484315e-05,760.4,302.5306596032872,0.0,damaging,FNDC1
TIAM1 (7074)_damaging,0,6.679449594035944e-05,761.0,,0.0,damaging,TIAM1
AUTS2 (26053)_damaging,0,9.120847023958048e-05,761.6666666666666,366.5028421899799,0.0,damaging,AUTS2
MED23 (9439)_damaging,0,6.993731389101487e-05,761.8,303.8465073026182,0.0,damaging,MED23
NUMA1 (4926)_damaging,0,6.562745883206987e-05,762.4,120.4960580268085,0.0,damaging,NUMA1
C2orf42 (54980)_damaging,0,8.461941972967666e-05,762.6666666666666,138.33775093347924,0.0,damaging,C2orf42
FXR2 (9513)_damaging,0,0.00015389856303992382,763.3333333333334,572.8187613314819,0.0,damaging,FXR2
PASK (23178)_damaging,0,4.9527848679623995e-05,763.3333333333334,235.33876292131166,0.0,damaging,PASK
AOX1 (316)_damaging,0,0.00010479569327734656,764.0,323.85490578343877,0.0,damaging,AOX1
C2CD5 (9847)_damaging,0,7.577575365545403e-05,764.0,302.64170234784234,0.0,damaging,C2CD5
GIGYF1 (64599)_damaging,0,5.724764732110038e-05,764.0,390.8644266238615,0.0,damaging,GIGYF1
SALL3 (27164)_damaging,0,7.604452089459323e-05,764.0,458.93027792901177,0.0,damaging,SALL3
MYO18B (84700)_damaging,0,6.88215939928059e-05,764.2,346.19098775098115,0.0,damaging,MYO18B
CNTNAP4 (85445)_damaging,0,6.836014806253888e-05,764.4,260.1524553026552,0.0,damaging,CNTNAP4
SPG11 (80208)_damaging,0,6.649118940503728e-05,764.6,242.60729585072252,0.0,damaging,SPG11
TRIP11 (9321)_damaging,0,6.612295906856675e-05,764.8,190.58252805543324,0.0,damaging,TRIP11
TPTE (7179)_damaging,0,6.690710504376306e-05,765.4,227.48912061898696,0.0,damaging,TPTE
NLRP9 (338321)_damaging,0,8.870168369961869e-05,765.75,160.6370131694436,0.0,damaging,NLRP9
DACH2 (117154)_damaging,0,0.00010289294547236592,766.0,,0.0,damaging,DACH2
RAPGEF5 (9771)_damaging,0,0.00010075291556496987,766.0,,0.0,damaging,RAPGEF5
ZSWIM5 (57643)_damaging,0,2.7183792298576868e-05,766.0,278.6000717874997,0.0,damaging,ZSWIM5
ADGRB3 (577)_damaging,0,6.517676428723836e-05,766.4,188.19750264017853,0.0,damaging,ADGRB3
FLG2 (388698)_damaging,0,6.649343465159067e-05,766.8,239.06003430100984,0.0,damaging,FLG2
MCM3AP (8888)_damaging,0,0.00010282237021148911,767.0,,0.0,damaging,MCM3AP
CAD (790)_damaging,0,6.967992732144309e-05,768.0,288.30192507161655,0.0,damaging,CAD
CRACDL (343990)_damaging,0,6.538560823998382e-05,768.5,219.04261381445087,0.0,damaging,CRACDL
CHD9 (80205)_damaging,0,7.415215046670584e-05,768.6,360.61794187200394,0.0,damaging,CHD9
COL4A6 (1288)_damaging,0,6.57570785353371e-05,769.0,217.97706301351985,0.0,damaging,COL4A6
WDR33 (55339)_damaging,0,5.2666299088796285e-05,769.6666666666666,380.0583288566813,0.0,damaging,WDR33
MAST2 (23139)_damaging,0,6.904928520401127e-05,770.8,297.5385689284668,0.0,damaging,MAST2
FRYL (285527)_damaging,0,6.800536951720352e-05,771.0,263.05132579023433,0.0,damaging,FRYL
MAP7D1 (55700)_damaging,0,7.024632974893694e-05,771.8,373.3318898781619,0.0,damaging,MAP7D1
CACNA1A (773)_damaging,0,6.651950094759427e-05,772.0,248.08970151943026,0.0,damaging,CACNA1A
HIVEP1 (3096)_damaging,0,6.914692551753877e-05,772.0,391.193686043116,0.0,damaging,HIVEP1
SLC4A3 (6508)_damaging,0,6.622584038922419e-05,772.0,235.75729044930932,0.0,damaging,SLC4A3
SLX4 (84464)_damaging,0,6.618824315156515e-05,772.2,219.9504489652158,0.0,damaging,SLX4
ZNF91 (7644)_damaging,0,5.6882421260258625e-05,772.75,273.4146728566946,0.0,damaging,ZNF91
CAMSAP2 (23271)_damaging,0,6.846906413563257e-05,774.6,345.772034728085,0.0,damaging,CAMSAP2
CEP120 (153241)_damaging,0,6.472121139157546e-05,775.0,,0.0,damaging,CEP120
GRIN2B (2904)_damaging,0,5.392561969617943e-05,775.0,308.75718615118905,0.0,damaging,GRIN2B
ZNF609 (23060)_damaging,0,6.73542075042606e-05,775.0,279.71860860514806,0.0,damaging,ZNF609
EPHA7 (2045)_damaging,0,7.096891557259914e-05,775.8,373.5461149577118,0.0,damaging,EPHA7
HFM1 (164045)_damaging,0,5.494087735446546e-05,776.25,156.07129780968697,0.0,damaging,HFM1
KDM4B (23030)_damaging,0,6.415140499147502e-05,777.2,173.78204740421262,0.0,damaging,KDM4B
GLB1L2 (89944)_damaging,0,0.00010786225983352783,777.3333333333334,433.00153964314416,0.0,damaging,GLB1L2
WNK1 (65125)_damaging,0,6.34411068118427e-05,777.5,200.85235041359775,0.0,damaging,WNK1
ICE2 (79664)_damaging,0,6.370545299132235e-05,778.25,202.16556746060064,0.0,damaging,ICE2
ZNF804B (219578)_damaging,0,6.418826323295565e-05,778.4,197.01091340329347,0.0,damaging,ZNF804B
ERBB3 (2065)_hotspot,0,0.00011520172292467548,779.0,488.2919208833994,0.0,hotspot,ERBB3
KIAA1755 (85449)_damaging,0,9.59749713920091e-05,780.0,578.4133470105959,0.0,damaging,KIAA1755
MMP12 (4321)_damaging,0,3.7522849005721484e-05,780.0,298.3990616607231,0.0,damaging,MMP12
MARCO (8685)_damaging,0,6.594086214790248e-05,780.4,285.7197928040688,0.0,damaging,MARCO
SPHK1 (8877)_damaging,0,4.9911012704660454e-05,780.6666666666666,208.0969325418646,0.0,damaging,SPHK1
CNTN6 (27255)_damaging,0,7.170001662727776e-05,781.2,384.5161895161243,0.0,damaging,CNTN6
SCNN1B (6338)_damaging,0,5.476723425053861e-05,781.75,189.37858907490045,0.0,damaging,SCNN1B
DDX60 (55601)_damaging,0,8.612975803498176e-05,782.75,168.73524626862442,0.0,damaging,DDX60
MLH1 (4292)_damaging,0,6.48254827863774e-05,782.8,219.9345357146076,0.0,damaging,MLH1
GUCY2C (2984)_damaging,0,6.117170606329293e-05,783.0,227.2736969676283,0.0,damaging,GUCY2C
UBE3C (9690)_damaging,0,4.9640236831914986e-05,783.3333333333334,211.07897416212097,0.0,damaging,UBE3C
CNTN5 (53942)_damaging,0,6.370040199909558e-05,783.6,212.83044894939258,0.0,damaging,CNTN5
PYHIN1 (149628)_damaging,0,7.666053737913384e-05,784.0,,0.0,damaging,PYHIN1
C7 (730)_damaging,0,6.283595964454892e-05,784.6,133.03871616939182,0.0,damaging,C7
ADAMTS16 (170690)_damaging,0,6.480426721234613e-05,784.8,370.0104052590954,0.0,damaging,ADAMTS16
ADGRL3 (23284)_damaging,0,6.569044779377407e-05,785.0,340.307948775811,0.0,damaging,ADGRL3
NIPBL (25836)_damaging,0,7.740133858876237e-05,785.4,371.0300526911533,0.0,damaging,NIPBL
TFE3 (7030)_damaging,0,6.0961306786510456e-05,785.5,248.24786001091732,0.0,damaging,TFE3
HPS5 (11234)_damaging,0,6.148930334828567e-05,786.0,557.1507874893474,0.0,damaging,HPS5
STARD9 (57519)_damaging,0,6.591162949660359e-05,786.0,298.0234890071586,0.0,damaging,STARD9
PTPRB (5787)_damaging,0,7.067145892707118e-05,786.2,382.59469416080515,0.0,damaging,PTPRB
SHANK2 (22941)_damaging,0,8.068609632123611e-05,786.75,501.58905822728366,0.0,damaging,SHANK2
ZNF208 (7757)_damaging,0,6.485031953289388e-05,786.8,251.961703439233,0.0,damaging,ZNF208
ABI3BP (25890)_damaging,0,6.368053130603362e-05,787.0,227.55109316371124,0.0,damaging,ABI3BP
NBEAL1 (65065)_damaging,0,7.017965288783035e-05,787.0,401.4878578487773,0.0,damaging,NBEAL1
NAA15 (80155)_damaging,0,9.416240330718604e-05,787.3333333333334,273.234941640584,0.0,damaging,NAA15
ARID5B (84159)_damaging,0,6.637586705874308e-05,787.6,341.6179152210844,0.0,damaging,ARID5B
ANKRD18B (441459)_damaging,0,7.616997052436374e-05,788.0,,0.0,damaging,ANKRD18B
DOP1B (9980)_damaging,0,6.576226569693362e-05,788.4,370.82650930050835,0.0,damaging,DOP1B
NACA (4666)_damaging,0,6.286849664210457e-05,790.2,197.68839116144377,0.0,damaging,NACA
CDH12 (1010)_damaging,0,4.592250493749486e-05,790.6666666666666,210.14836029180273,0.0,damaging,CDH12
SLCO5A1 (81796)_damaging,0,2.5280756232899213e-05,791.5,314.66251762801363,0.0,damaging,SLCO5A1
C2CD3 (26005)_damaging,0,5.402124045435301e-05,791.75,219.24624664214133,0.0,damaging,C2CD3
PLCE1 (51196)_damaging,0,6.36315730821639e-05,791.8,235.77892187386047,0.0,damaging,PLCE1
ADCY10 (55811)_damaging,0,6.392503817054567e-05,792.3333333333334,545.4432448324329,0.0,damaging,ADCY10
CORO7 (79585)_damaging,0,6.248729571661263e-05,792.5,217.06143523589506,0.0,damaging,CORO7
KDM5B (10765)_damaging,0,6.176224281861117e-05,793.25,190.83042210297603,0.0,damaging,KDM5B
TLN2 (83660)_damaging,0,6.494407226448378e-05,794.4,272.48816488060544,0.0,damaging,TLN2
KIF1A (547)_damaging,0,6.540235943822465e-05,794.8,295.57858515122507,0.0,damaging,KIF1A
CUL9 (23113)_damaging,0,3.7248618630609135e-05,795.0,319.6122650963195,0.0,damaging,CUL9
KIF5B (3799)_damaging,0,6.336322130891917e-05,795.0,279.45035337247293,0.0,damaging,KIF5B
CNTNAP5 (129684)_damaging,0,6.363302262548866e-05,795.8,270.2881795417625,0.0,damaging,CNTNAP5
C2CD6 (151254)_damaging,0,8.693911627568669e-05,796.0,91.92388155425118,0.0,damaging,C2CD6
LRP4 (4038)_damaging,0,6.204988223192166e-05,796.0,256.63073341541406,0.0,damaging,LRP4
HCN1 (348980)_damaging,0,6.302007369792155e-05,796.4,242.44030193018654,0.0,damaging,HCN1
TOP3A (7156)_damaging,0,5.359661078779656e-05,798.0,496.3174387425854,0.0,damaging,TOP3A
EFR3A (23167)_damaging,0,6.385297115985207e-05,798.6,325.5208134666661,0.0,damaging,EFR3A
ZBTB20 (26137)_damaging,0,6.380775153061127e-05,799.2,262.53037919448485,0.0,damaging,ZBTB20
TNRC18 (84629)_damaging,0,6.392336759187902e-05,799.4,305.07998951094777,0.0,damaging,TNRC18
TEP1 (7011)_damaging,0,6.960079872443167e-05,800.4,440.21846849036217,0.0,damaging,TEP1
TRIP12 (9320)_damaging,0,1.8365339429955762e-05,800.5,327.3904396893715,0.0,damaging,TRIP12
NAV1 (89796)_damaging,0,5.170483598150233e-05,801.0,158.79336678001806,0.0,damaging,NAV1
PIGO (84720)_damaging,0,6.562989276533965e-05,801.2,308.3921205219096,0.0,damaging,PIGO
SH3PXD2A (9644)_damaging,0,2.4288096240943985e-05,801.5,328.8046532517446,0.0,damaging,SH3PXD2A
MAP2K4 (6416)_damaging,0,9.766858445707364e-05,802.5,55.86143571373726,0.0,damaging,MAP2K4
ACACA (31)_damaging,0,6.145118813611382e-05,803.75,257.8971048047393,0.0,damaging,ACACA
NRK (203447)_damaging,0,6.422915944709397e-05,804.4,285.3196453103081,0.0,damaging,NRK
CHD8 (57680)_damaging,0,6.760975737240117e-05,805.0,352.2186820712382,0.0,damaging,CHD8
PTPN12 (5782)_damaging,0,6.129825585996782e-05,805.0,531.4583709002992,0.0,damaging,PTPN12
RALGAPB (57148)_damaging,0,6.268190237672549e-05,805.0,256.4517498478028,0.0,damaging,RALGAPB
TGM6 (343641)_damaging,0,5.587439847708498e-05,806.0,251.58895047279003,0.0,damaging,TGM6
POLD1 (5424)_damaging,0,6.085658594913539e-05,806.4,200.27306359068862,0.0,damaging,POLD1
SRCIN1 (80725)_damaging,0,6.366954510900415e-05,806.6666666666666,433.93125415592425,0.0,damaging,SRCIN1
ATP10D (57205)_damaging,0,7.257393217019207e-05,807.0,,0.0,damaging,ATP10D
PTPN14 (5784)_damaging,0,6.039072796972759e-05,807.25,203.08844542875073,0.0,damaging,PTPN14
BLM (641)_damaging,0,6.274476480209163e-05,808.8,303.55839635892136,0.0,damaging,BLM
KEAP1 (9817)_damaging,0,6.087526172702117e-05,808.8,304.9298279932614,0.0,damaging,KEAP1
FYB2 (199920)_damaging,0,5.762124904094224e-05,809.0,232.13358223230003,0.0,damaging,FYB2
MYO18A (399687)_damaging,0,6.385331697104215e-05,809.4,299.9913332081445,0.0,damaging,MYO18A
MRC2 (9902)_damaging,0,5.3774435064838455e-05,809.5,296.43717715563275,0.0,damaging,MRC2
MARK4 (57787)_damaging,0,9.747260367767492e-05,810.0,,0.0,damaging,MARK4
MEI1 (150365)_damaging,0,6.246090255329871e-05,810.8,333.0941308399174,0.0,damaging,MEI1
GAPVD1 (26130)_damaging,0,9.739477646037361e-05,811.0,,0.0,damaging,GAPVD1
SIN3B (23309)_damaging,0,4.93710492837291e-05,811.0,305.2982148654001,0.0,damaging,SIN3B
SMARCA1 (6594)_damaging,0,3.425424106590436e-05,811.0,342.239682094289,0.0,damaging,SMARCA1
SCN1A (6323)_damaging,0,6.0866777389200975e-05,811.8,201.2553104889409,0.0,damaging,SCN1A
DPP10 (57628)_damaging,0,5.9276357405070335e-05,812.0,295.3066203118379,0.0,damaging,DPP10
KIF6 (221458)_damaging,0,1.6956244584509426e-05,812.0,343.6538956566621,0.0,damaging,KIF6
HECW2 (57520)_damaging,0,5.959961436784259e-05,813.0,203.67294043801368,0.0,damaging,HECW2
PCDH7 (5099)_damaging,0,5.767714331353307e-05,813.25,265.97289962199784,0.0,damaging,PCDH7
TNRC6C (57690)_damaging,0,6.169049432223621e-05,813.4,313.919257134697,0.0,damaging,TNRC6C
TRPM1 (4308)_damaging,0,6.185243262716028e-05,813.4,280.62840198383344,0.0,damaging,TRPM1
NRP2 (8828)_damaging,0,3.419021477955002e-05,813.5,345.77521600022175,0.0,damaging,NRP2
DPP6 (1804)_damaging,0,5.094154949615119e-05,814.5,239.62540210364455,0.0,damaging,DPP6
KCNH2 (3757)_damaging,0,5.24135717748089e-05,814.75,282.92563805117885,0.0,damaging,KCNH2
TG (7038)_damaging,0,6.76959868990641e-05,814.75,499.3071032273959,0.0,damaging,TG
SPEG (10290)_damaging,0,7.187424058690884e-05,815.6,454.29483818331016,0.0,damaging,SPEG
UBR1 (197131)_damaging,0,3.468721959076641e-05,815.6666666666666,237.15466120937478,0.0,damaging,UBR1
ABL2 (27)_damaging,0,6.069631775170829e-05,816.8,247.49181804657704,0.0,damaging,ABL2
KLHDC7B (113730)_damaging,0,4.811879129314311e-05,817.3333333333334,361.4447860093341,0.0,damaging,KLHDC7B
PARD3 (56288)_damaging,0,3.50394880929342e-05,818.0,352.13917703090067,0.0,damaging,PARD3
VWF (7450)_damaging,0,6.25229076114569e-05,818.8,303.75927969364164,0.0,damaging,VWF
RGS7 (6000)_damaging,0,8.286003816080987e-05,819.25,205.8014820160438,0.0,damaging,RGS7
SZT2 (23334)_damaging,0,6.166465441431641e-05,821.4,346.2012420543866,0.0,damaging,SZT2
CNTN3 (5067)_damaging,0,2.2233347258792555e-05,821.5,357.0889244992065,0.0,damaging,CNTN3
SMARCA2 (6595)_damaging,0,5.622915635070825e-05,822.25,231.45535926682135,0.0,damaging,SMARCA2
ZMYM2 (7750)_damaging,0,3.299721977127796e-05,822.5,358.5031380615796,0.0,damaging,ZMYM2
DMXL2 (23312)_damaging,0,5.8487263119680135e-05,824.0,403.86713986986695,0.0,damaging,DMXL2
PRDM9 (56979)_damaging,0,6.709459508227837e-05,824.0,509.0756328876879,0.0,damaging,PRDM9
SAMD9L (219285)_damaging,0,6.699019603511927e-05,824.6,430.846608435067,0.0,damaging,SAMD9L
CDH6 (1004)_damaging,0,5.874595341434634e-05,824.8,223.7894099371103,0.0,damaging,CDH6
WDFY3 (23001)_damaging,0,6.509393316882838e-05,826.6,353.40953580796315,0.0,damaging,WDFY3
CAMSAP1 (157922)_damaging,0,4.783264780057265e-05,827.0,174.48400117680322,0.0,damaging,CAMSAP1
OR4P4 (81300)_damaging,0,6.018361072701329e-05,827.4,276.2069876016898,0.0,damaging,OR4P4
GABRG2 (2566)_damaging,0,5.358812657082977e-05,828.0,263.0912389267267,0.0,damaging,GABRG2
NSD3 (54904)_damaging,0,5.423779602471945e-05,828.0,263.6152499382386,0.0,damaging,NSD3
PTPRD (5789)_damaging,0,6.15287157393833e-05,828.2,293.5535726234651,0.0,damaging,PTPRD
ALDH1L2 (160428)_damaging,0,5.291348473638934e-05,828.6666666666666,226.1024841379089,0.0,damaging,ALDH1L2
PCSK1 (5122)_damaging,0,6.522082879920318e-05,829.0,200.8183258569795,0.0,damaging,PCSK1
CACNA1H (8912)_damaging,0,5.812658736492607e-05,829.25,310.9870040157091,0.0,damaging,CACNA1H
HEATR5B (54497)_damaging,0,7.394043756855553e-05,829.3333333333334,89.58422480176591,0.0,damaging,HEATR5B
CDH11 (1009)_damaging,0,5.5404636897463466e-05,829.5,231.35758758539419,0.0,damaging,CDH11
CRACD (57482)_damaging,0,8.919053998506654e-05,829.6666666666666,478.4039436849714,0.0,damaging,CRACD
TENM3 (55714)_damaging,0,6.089433839764841e-05,830.6,343.2598141350077,0.0,damaging,TENM3
KIAA1549 (57670)_damaging,0,5.7600854698323784e-05,831.2,398.49930991157316,0.0,damaging,KIAA1549
AP3D1 (8943)_damaging,0,5.690631798649757e-05,832.3333333333334,531.8687181375996,0.0,damaging,AP3D1
COL24A1 (255631)_damaging,0,5.727905354976208e-05,832.6,185.58771511067215,0.0,damaging,COL24A1
GCN1 (10985)_damaging,0,9.430151724732452e-05,833.0,,0.0,damaging,GCN1
GRM1 (2911)_damaging,0,8.795794021041233e-05,833.0,200.08248299139032,0.0,damaging,GRM1
VPS13D (55187)_damaging,0,5.795959173359874e-05,833.6,214.6667184264948,0.0,damaging,VPS13D
DOCK4 (9732)_damaging,0,4.6739858847454995e-05,833.6666666666666,487.27439224048425,0.0,damaging,DOCK4
SSC5D (284297)_damaging,0,6.337551354268212e-05,833.75,367.78288432171496,0.0,damaging,SSC5D
PLXNB2 (23654)_damaging,0,5.919816443949943e-05,833.8,247.0803513029719,0.0,damaging,PLXNB2
ADAMTSL4 (54507)_damaging,0,6.865660202087366e-05,834.0,426.3848027310542,0.0,damaging,ADAMTSL4
TTC14 (151613)_damaging,0,4.5325699830730696e-05,834.0,309.3945700880996,0.0,damaging,TTC14
MAN1A2 (10905)_damaging,0,2.102461231176576e-05,834.5,375.47370081005676,0.0,damaging,MAN1A2
TTC6 (319089)_damaging,0,5.424494740076146e-05,836.0,235.19495459441018,0.0,damaging,TTC6
ZNF536 (9745)_damaging,0,5.882392628624838e-05,836.25,302.46143004797597,0.0,damaging,ZNF536
DZIP3 (9666)_damaging,0,5.838914234435456e-05,836.75,365.9894124151681,0.0,damaging,DZIP3
ANK1 (286)_damaging,0,5.883655045026233e-05,837.2,354.97774578133766,0.0,damaging,ANK1
ZC3H18 (124245)_damaging,0,5.7971284375542494e-05,837.2,319.8354264305316,0.0,damaging,ZC3H18
CPD (1362)_damaging,0,6.617991383074297e-05,837.6666666666666,620.6724847561178,0.0,damaging,CPD
SETD1A (9739)_damaging,0,5.8944972667967176e-05,838.0,281.54218156432614,0.0,damaging,SETD1A
TTK (7272)_damaging,0,4.08904236010287e-05,838.0,234.94893062110327,0.0,damaging,TTK
COL11A2 (1302)_damaging,0,6.490002093946105e-05,838.8,456.1301349395806,0.0,damaging,COL11A2
WIZ (58525)_damaging,0,7.157617584883997e-05,839.6,388.5502541499619,0.0,damaging,WIZ
DVL1 (1855)_damaging,0,9.474727149520837e-05,840.0,,0.0,damaging,DVL1
MAP4K4 (9448)_damaging,0,3.2998476170551135e-05,840.5,383.9589821842953,0.0,damaging,MAP4K4
SVIL (6840)_damaging,0,7.74191759090032e-05,840.6,496.6983994337006,0.0,damaging,SVIL
KCNT2 (343450)_damaging,0,5.378365732031775e-05,840.75,417.5678587567135,0.0,damaging,KCNT2
CCNQ (92002)_damaging,0,6.904853920973625e-05,841.0,,0.0,damaging,CCNQ
JHY (79864)_damaging,0,9.31995375408079e-05,841.0,,0.0,damaging,JHY
PEAK1 (79834)_damaging,0,5.69666866112645e-05,841.0,202.75231194736102,0.0,damaging,PEAK1
POLE (5426)_damaging,0,5.928702357877495e-05,842.2,391.8809768284243,0.0,damaging,POLE
ZNF106 (64397)_damaging,0,8.262964789051664e-05,842.2,582.8410589517523,0.0,damaging,ZNF106
CIT (11113)_damaging,0,4.821946575846881e-05,842.25,333.0449168906,0.0,damaging,CIT
SALL1 (6299)_damaging,0,5.842946318565061e-05,842.6,289.4810874651399,0.0,damaging,SALL1
KCNQ3 (3786)_damaging,0,5.665940970161385e-05,843.0,351.4000569151917,0.0,damaging,KCNQ3
LOXL4 (84171)_damaging,0,3.279283808008829e-05,843.0,387.49451609022805,0.0,damaging,LOXL4
ZNF43 (7594)_damaging,0,9.444668324458992e-05,843.0,,0.0,damaging,ZNF43
SULF1 (23213)_damaging,0,5.6159483472418345e-05,843.2,178.16902087624547,0.0,damaging,SULF1
CSTF3 (1479)_damaging,0,8.497920427466903e-05,843.6666666666666,112.50925887825113,0.0,damaging,CSTF3
PIEZO2 (63895)_damaging,0,5.964607641646328e-05,844.6,339.26729874834683,0.0,damaging,PIEZO2
COL2A1 (1280)_damaging,0,6.004829088611947e-05,845.2,424.26901843052366,0.0,damaging,COL2A1
NCAM1 (4684)_damaging,0,6.060492820142474e-05,845.4,339.8121539909954,0.0,damaging,NCAM1
ESCO1 (114799)_damaging,0,1.968796585319363e-05,847.0,393.1513703397204,0.0,damaging,ESCO1
GGNBP2 (79893)_damaging,0,9.412573337603744e-05,847.0,,0.0,damaging,GGNBP2
RGL1 (23179)_damaging,0,6.894244896886636e-05,847.4,492.4086717351757,0.0,damaging,RGL1
PLXNA2 (5362)_damaging,0,5.717896849467405e-05,847.6,286.73559248896885,0.0,damaging,PLXNA2
NOTCH2 (4853)_damaging,0,5.5543509719752795e-05,848.2,177.3406326818533,0.0,damaging,NOTCH2
ANKAR (150709)_damaging,0,4.680960950998938e-05,848.25,258.6598474187029,0.0,damaging,ANKAR
PLXNA1 (5361)_damaging,0,9.193321712077332e-05,849.0,,0.0,damaging,PLXNA1
TIE1 (7075)_damaging,0,5.818904697578221e-05,849.8,317.50622041150626,0.0,damaging,TIE1
TSPOAP1 (9256)_damaging,0,8.561827077642638e-05,850.6666666666666,243.88590228492777,0.0,damaging,TSPOAP1
AXIN1 (8312)_damaging,0,5.7673485633332025e-05,851.0,424.9776464709644,0.0,damaging,AXIN1
FNIP1 (96459)_damaging,0,5.134291840859658e-05,851.0,288.7195871429578,0.0,damaging,FNIP1
NUP210 (23225)_damaging,0,3.195681545414424e-05,851.0,398.8082245892128,0.0,damaging,NUP210
KIF27 (55582)_damaging,0,7.793034123853944e-05,851.75,203.66373429422006,0.0,damaging,KIF27
UMODL1 (89766)_damaging,0,8.179034741006219e-05,852.5,260.92240225783604,0.0,damaging,UMODL1
PHLDB2 (90102)_damaging,0,5.108536673020142e-05,853.0,482.40750408757117,0.0,damaging,PHLDB2
MDC1 (9656)_damaging,0,5.565645536506125e-05,853.4,217.60353857416933,0.0,damaging,MDC1
RHOA (387)_damaging,0,5.611104447035988e-05,855.0,239.89372647070203,0.0,damaging,RHOA
GOLGA2 (2801)_damaging,0,5.2727909556139084e-05,855.25,386.41115839651076,0.0,damaging,GOLGA2
SPOCD1 (90853)_damaging,0,5.444171610924997e-05,856.0,,0.0,damaging,SPOCD1
CRYBG3 (131544)_damaging,0,5.5628003674763825e-05,856.2,267.8249428264664,0.0,damaging,CRYBG3
ANKRD12 (23253)_damaging,0,5.716659768348485e-05,856.6,343.7474363540767,0.0,damaging,ANKRD12
MEGF8 (1954)_damaging,0,8.114664117751763e-05,856.6,516.0143408859874,0.0,damaging,MEGF8
AKAP13 (11214)_damaging,0,5.8477491722934515e-05,857.8,334.32573936207785,0.0,damaging,AKAP13
THSD7A (221981)_damaging,0,5.805232427916644e-05,858.4,337.8968777600645,0.0,damaging,THSD7A
CARD11 (84433)_damaging,0,5.4822215419416535e-05,858.8,237.36827926241534,0.0,damaging,CARD11
SHROOM2 (357)_damaging,0,9.059563530262997e-05,859.0,,0.0,damaging,SHROOM2
GRIA2 (2891)_damaging,0,5.47607409408313e-05,860.5,343.2098483435462,0.0,damaging,GRIA2
IRS1 (3667)_damaging,0,6.702947121131237e-05,860.75,639.7616092472779,0.0,damaging,IRS1
ANKRD13B (124930)_damaging,0,6.703567589234495e-05,861.0,,0.0,damaging,ANKRD13B
R3HDM2 (22864)_damaging,0,4.264563688719785e-05,861.0,272.3031399011036,0.0,damaging,R3HDM2
CARD6 (84674)_damaging,0,8.95662471309406e-05,862.0,,0.0,damaging,CARD6
DISP1 (84976)_damaging,0,9.199408168361978e-05,862.0,,0.0,damaging,DISP1
SP8 (221833)_damaging,0,2.8968204386716432e-05,862.0,414.36457377531684,0.0,damaging,SP8
ZIM3 (114026)_damaging,0,5.4158029170081395e-05,862.25,326.9876399295036,0.0,damaging,ZIM3
ATRNL1 (26033)_damaging,0,5.3654296467971536e-05,862.6,169.67115252747004,0.0,damaging,ATRNL1
NCOA3 (8202)_damaging,0,4.899767429779299e-05,863.0,460.18800505880205,0.0,damaging,NCOA3
CROCC2 (728763)_damaging,0,1.1418976133725778e-05,863.5,416.4858941188765,0.0,damaging,CROCC2
RALGAPA2 (57186)_damaging,0,5.471273743958162e-05,864.0,373.6897108564805,0.0,damaging,RALGAPA2
TPO (7173)_damaging,0,7.62571405450287e-05,864.75,176.82453638187962,0.0,damaging,TPO
ETV6 (2120)_damaging,0,8.918348435093587e-05,865.0,,0.0,damaging,ETV6
INTS1 (26173)_damaging,0,9.192986636521376e-05,865.0,,0.0,damaging,INTS1
WWC2 (80014)_damaging,0,8.421345778031261e-05,866.0,276.9350104266342,0.0,damaging,WWC2
ZMYM6 (9204)_damaging,0,4.216133836598906e-05,866.0,333.63602922945836,0.0,damaging,ZMYM6
KDM2B (84678)_damaging,0,5.4238282807974174e-05,866.4,281.12061468344865,0.0,damaging,KDM2B
CADPS2 (93664)_damaging,0,4.467171980145981e-05,866.5,207.59816954877036,0.0,damaging,CADPS2
NYAP1 (222950)_damaging,0,2.8628401574525854e-05,867.0,421.4356415871823,0.0,damaging,NYAP1
EVPL (2125)_damaging,0,2.9601632862085765e-05,867.6666666666666,312.8535333559993,0.0,damaging,EVPL
CNNM2 (54805)_damaging,0,4.655964127298473e-05,867.75,345.8143769905082,0.0,damaging,CNNM2
DDC (1644)_damaging,0,9.154311148981223e-05,868.0,,0.0,damaging,DDC
FHDC1 (85462)_damaging,0,6.024399060610968e-05,868.6,514.4145215679666,0.0,damaging,FHDC1
HELZ (9931)_damaging,0,4.1788957249150464e-05,869.0,366.8528315278485,0.0,damaging,HELZ
PLA2R1 (22925)_damaging,0,5.440665980169316e-05,869.0,253.61190823776397,0.0,damaging,PLA2R1
ITGA1 (3672)_damaging,0,4.9158553502921515e-05,869.6666666666666,283.4507599801654,0.0,damaging,ITGA1
DSEL (92126)_damaging,0,5.049433631989044e-05,870.25,221.38258739114963,0.0,damaging,DSEL
SLCO1C1 (53919)_damaging,0,2.829327544050185e-05,870.5,426.38538905548813,0.0,damaging,SLCO1C1
CENPJ (55835)_damaging,0,3.040540420083157e-05,871.5,427.79960261786124,0.0,damaging,CENPJ
CCDC88A (55704)_damaging,0,5.31458228876794e-05,871.8,234.0912215355373,0.0,damaging,CCDC88A
ARAP2 (116984)_damaging,0,9.038684852269796e-05,872.0,196.5756851698602,0.0,damaging,ARAP2
BCAS3 (54828)_damaging,0,5.2574106867046e-05,872.0,,0.0,damaging,BCAS3
EPS8 (2059)_damaging,0,4.8626334207701524e-05,872.6666666666666,275.0278773748824,0.0,damaging,EPS8
UNC5C (8633)_damaging,0,4.2800447033752304e-05,873.0,418.2547070864834,0.0,damaging,UNC5C
PLEKHG6 (55200)_damaging,0,4.4001136341263936e-05,873.5,343.3331715209975,0.0,damaging,PLEKHG6
PER1 (5187)_damaging,0,5.473883957534515e-05,873.8,317.66129761115064,0.0,damaging,PER1
INO80D (54891)_damaging,0,5.560210750859767e-05,875.75,413.36212937326513,0.0,damaging,INO80D
PLXNA3 (55558)_damaging,0,5.2289189410344234e-05,876.5,218.6298241320246,0.0,damaging,PLXNA3
ABCA10 (10349)_damaging,0,5.4376934287791564e-05,876.6,303.19185345256227,0.0,damaging,ABCA10
CDC42BPB (9578)_damaging,0,2.9904820510948827e-05,877.5,436.2848839920998,0.0,damaging,CDC42BPB
C5 (727)_damaging,0,4.427023498177767e-05,878.25,408.8205596591248,0.0,damaging,C5
EXD3 (54932)_damaging,0,3.929221194322939e-05,878.3333333333334,270.8603576260899,0.0,damaging,EXD3
HDAC4 (9759)_damaging,0,5.466735731420452e-05,878.6,295.37907847374703,0.0,damaging,HDAC4
PCNT (5116)_damaging,0,5.518637710401535e-05,878.6,359.79966648122394,0.0,damaging,PCNT
ICE1 (23379)_damaging,0,5.3185143152245815e-05,878.8,285.259005116403,0.0,damaging,ICE1
MIPOL1 (145282)_damaging,0,7.704111134624514e-05,881.0,69.29646455628166,0.0,damaging,MIPOL1
CEP250 (11190)_damaging,0,5.368309585224507e-05,881.25,413.16854914187263,0.0,damaging,CEP250
FUBP1 (8880)_damaging,0,9.023275875994851e-05,882.0,,0.0,damaging,FUBP1
ADCY8 (114)_damaging,0,3.968084570625075e-05,882.3333333333334,327.8556592974008,0.0,damaging,ADCY8
MAP9 (79884)_damaging,0,5.3154301990519356e-05,882.6,287.1868729590543,0.0,damaging,MAP9
BTAF1 (9044)_damaging,0,7.620640592754754e-05,883.5,142.12846301849606,0.0,damaging,BTAF1
LAMB4 (22798)_damaging,0,5.2117941121876064e-05,884.2,261.8543488277405,0.0,damaging,LAMB4
EIF4G3 (8672)_damaging,0,6.345380093446277e-05,886.0,,0.0,damaging,EIF4G3
MYH13 (8735)_damaging,0,5.19216922484177e-05,886.4,221.1284694470615,0.0,damaging,MYH13
LRGUK (136332)_damaging,0,1.5034966064706976e-05,887.5,450.4270196158308,0.0,damaging,LRGUK
PKD1L2 (114780)_damaging,0,4.805079301780173e-05,888.3333333333334,367.4837864904155,0.0,damaging,PKD1L2
ARHGEF12 (23365)_damaging,0,5.197400251517192e-05,888.4,355.0940720428884,0.0,damaging,ARHGEF12
SHC1 (6464)_damaging,0,4.835647867896059e-05,888.6666666666666,347.7877705344645,0.0,damaging,SHC1
FILIP1L (11259)_damaging,0,2.874528072354145e-05,889.5,453.255446740577,0.0,damaging,FILIP1L
CFAP61 (26074)_damaging,0,2.7038054625230328e-05,889.6666666666666,286.63798306109635,0.0,damaging,CFAP61
PTPRU (10076)_damaging,0,8.142975002063625e-05,890.3333333333334,285.463366009254,0.0,damaging,PTPRU
PTCH2 (8643)_damaging,0,2.8585600234316045e-05,891.0,455.3767670841366,0.0,damaging,PTCH2
AMER1 (139285)_damaging,0,5.674718699011954e-05,891.4,397.2251250865181,0.0,damaging,AMER1
TCF3 (6929)_damaging,0,5.242399484936927e-05,891.5,296.97643004117344,0.0,damaging,TCF3
EML6 (400954)_damaging,0,5.662672608327589e-05,891.6,359.69890186098706,0.0,damaging,EML6
PKD1L1 (168507)_damaging,0,5.1285223642410195e-05,892.0,273.9625886868497,0.0,damaging,PKD1L1
TEAD2 (8463)_damaging,0,8.516685535444587e-05,892.0,,0.0,damaging,TEAD2
CARMIL3 (90668)_damaging,0,5.053868391432403e-05,892.6,199.34467637737407,0.0,damaging,CARMIL3
FLCN (201163)_damaging,0,5.2718141760682246e-05,893.2,360.96634192123787,0.0,damaging,FLCN
BAZ2B (29994)_damaging,0,5.051998923128575e-05,893.6,196.62604100169438,0.0,damaging,BAZ2B
POLN (353497)_damaging,0,2.5719266394153307e-05,896.5,463.1549416771886,0.0,damaging,POLN
SKIC3 (9652)_damaging,0,4.0952564690238034e-05,897.0,221.7611327532397,0.0,damaging,SKIC3
HUWE1 (10075)_damaging,0,5.2517030890807936e-05,897.2,305.2821645625568,0.0,damaging,HUWE1
PARP10 (84875)_damaging,0,5.099267196370171e-05,897.75,246.05199315049927,0.0,damaging,PARP10
B4GALNT4 (338707)_damaging,0,5.137063901771042e-05,897.8,297.58729811603183,0.0,damaging,B4GALNT4
PLEKHA5 (54477)_damaging,0,2.7899393907669874e-05,898.0,465.2762620207483,0.0,damaging,PLEKHA5
FOXN3 (1112)_damaging,0,6.188291446904205e-05,899.0,,0.0,damaging,FOXN3
RPTOR (57521)_damaging,0,5.0389974258034655e-05,900.2,302.4040343646229,0.0,damaging,RPTOR
PRR12 (57479)_damaging,0,5.067413488607312e-05,900.4,326.9943424587037,0.0,damaging,PRR12
TNS1 (7145)_damaging,0,4.8121182688264414e-05,900.75,360.30854833045527,0.0,damaging,TNS1
PLEKHA7 (144100)_damaging,0,4.8200655939616824e-05,900.8,264.42428027698213,0.0,damaging,PLEKHA7
CFTR (1080)_damaging,0,4.931151784163114e-05,902.2,245.52128217325682,0.0,damaging,CFTR
PIK3CG (5294)_damaging,0,5.341323520086201e-05,902.2,361.263338854083,0.0,damaging,PIK3CG
RTL1 (388015)_damaging,0,4.957304355740501e-05,902.6,275.0768983393553,0.0,damaging,RTL1
HIVEP2 (3097)_damaging,0,5.143083005052945e-05,903.0,360.1610750761387,0.0,damaging,HIVEP2
NKTR (4820)_damaging,0,3.8604101454526575e-05,903.6666666666666,344.9207638477761,0.0,damaging,NKTR
RAD51AP2 (729475)_damaging,0,4.908886106223905e-05,904.8,253.58962912548296,0.0,damaging,RAD51AP2
NYAP2 (57624)_damaging,0,6.690375611192733e-05,905.3333333333334,160.2040365700357,0.0,damaging,NYAP2
SLITRK5 (26050)_damaging,0,4.028691842888819e-05,905.5,246.6488732321043,0.0,damaging,SLITRK5
BSN (8927)_damaging,0,5.0005588854321295e-05,905.8,284.9117407198236,0.0,damaging,BSN
EIF5B (9669)_damaging,0,5.001897154052774e-05,906.0,229.64102420952577,0.0,damaging,EIF5B
EPB41 (2035)_damaging,0,4.909882546713257e-05,906.0,,0.0,damaging,EPB41
EPB41L5 (57669)_damaging,0,7.529702567682656e-05,906.0,258.7334535772288,0.0,damaging,EPB41L5
MTCL3 (387104)_damaging,0,8.36429324784852e-05,906.0,,0.0,damaging,MTCL3
JAK1 (3716)_damaging,0,4.878302818391344e-05,906.25,504.19465487051724,0.0,damaging,JAK1
DOCK11 (139818)_damaging,0,3.6370938595019556e-05,906.3333333333334,318.1530030242263,0.0,damaging,DOCK11
CEP152 (22995)_damaging,0,7.591486931619094e-05,907.0,295.0457591628797,0.0,damaging,CEP152
JCAD (57608)_damaging,0,7.920365835361181e-05,907.0,203.2510762579131,0.0,damaging,JCAD
ADGB (79747)_damaging,0,5.02710763779026e-05,907.4,349.4399805402925,0.0,damaging,ADGB
KCNH8 (131096)_damaging,0,6.786627286410152e-05,907.5,221.32442251138937,0.0,damaging,KCNH8
TICRR (90381)_damaging,0,5.004041212514792e-05,907.6,309.6228350751927,0.0,damaging,TICRR
DENND2C (163259)_damaging,0,7.683456669652124e-05,908.0,447.9430767407841,0.0,damaging,DENND2C
SLIT1 (6585)_damaging,0,3.953749095347355e-05,908.25,388.7350211476536,0.0,damaging,SLIT1
BRD3 (8019)_damaging,0,5.004294521339486e-05,910.4,340.18862414842744,0.0,damaging,BRD3
FLNB (2317)_damaging,0,4.912447901991943e-05,910.6,262.1150510749049,0.0,damaging,FLNB
RLF (6018)_damaging,0,8.656948727933539e-05,911.0,,0.0,damaging,RLF
AOC1 (26)_damaging,0,3.6991775884487144e-05,911.6666666666666,321.6229676707392,0.0,damaging,AOC1
FRMD4A (55691)_damaging,0,4.464656451748946e-05,912.3333333333334,300.7213549672409,0.0,damaging,FRMD4A
CNTNAP2 (26047)_damaging,0,5.1822378311720796e-05,912.8,351.2167421977489,0.0,damaging,CNTNAP2
CHL1 (10752)_damaging,0,7.801013271810587e-05,913.0,213.31666601557413,0.0,damaging,CHL1
TTC28 (23331)_damaging,0,2.3847298005140452e-05,913.0,486.4894654563447,0.0,damaging,TTC28
COL6A6 (131873)_damaging,0,8.477191143709017e-05,913.5,51.61879502661797,0.0,damaging,COL6A6
WDR64 (128025)_damaging,0,2.6043867264473054e-05,914.0,487.9036790187178,0.0,damaging,WDR64
BRSK2 (9024)_damaging,0,4.858988280938517e-05,915.0,317.58988229056246,0.0,damaging,BRSK2
PLOD3 (8985)_damaging,0,4.88900625384523e-05,916.0,277.24718213175765,0.0,damaging,PLOD3
BMPR2 (659)_damaging,0,5.6379226788004036e-05,916.8,500.2341451760366,0.0,damaging,BMPR2
GALNT13 (114805)_damaging,0,7.272782388617927e-05,917.0,24.041630560342615,0.0,damaging,GALNT13
TSHZ3 (57616)_damaging,0,4.812744091784964e-05,917.2,290.65993876005683,0.0,damaging,TSHZ3
EGR2 (1959)_damaging,0,2.583185031703818e-05,917.5,529.622979108724,0.0,damaging,EGR2
HNRNPUL1 (11100)_damaging,0,1.1279326386970548e-05,918.0,493.5605332682102,0.0,damaging,HNRNPUL1
OPHN1 (4983)_damaging,0,4.93904287927714e-05,918.0,325.7007829281348,0.0,damaging,OPHN1
DNMT1 (1786)_damaging,0,4.8706737861844735e-05,919.0,331.3527827960204,0.0,damaging,DNMT1
MYO15A (51168)_damaging,0,4.840424588512665e-05,919.0,244.3982405828651,0.0,damaging,MYO15A
ZBBX (79740)_damaging,0,7.703705901308424e-05,919.0,452.3671075575677,0.0,damaging,ZBBX
CENPE (1062)_damaging,0,3.4703928672249184e-05,919.3333333333334,366.4428104538733,0.0,damaging,CENPE
MCTP1 (79772)_damaging,0,3.547919642112312e-05,919.3333333333334,419.69552455718815,0.0,damaging,MCTP1
F5 (2153)_damaging,0,4.8818430732849534e-05,920.0,324.5589314747015,0.0,damaging,F5
UGGT1 (56886)_damaging,0,3.955828231969014e-05,920.25,246.64600138660265,0.0,damaging,UGGT1
NOL11 (25926)_damaging,0,8.471069494930017e-05,920.5,136.47160876900367,0.0,damaging,NOL11
MYH7 (4625)_damaging,0,4.9662269888641126e-05,920.8,354.76428794341746,0.0,damaging,MYH7
PASD1 (139135)_damaging,0,1.0889200142448647e-05,921.0,497.80317395532944,0.0,damaging,PASD1
PNISR (25957)_damaging,0,4.769653555215876e-05,921.0,292.04908263281135,0.0,damaging,PNISR
RAPGEF6 (51735)_damaging,0,3.897999955021949e-05,921.5,244.25328384008813,0.0,damaging,RAPGEF6
KIAA1549L (25758)_damaging,0,2.3493114600088723e-05,922.6666666666666,310.25849437740357,0.0,damaging,KIAA1549L
ZFPM2 (23414)_damaging,0,1.0739829870463064e-05,923.0,500.63160108007565,0.0,damaging,ZFPM2
ASXL2 (55252)_damaging,0,4.7772918630341144e-05,923.2,215.2154734214062,0.0,damaging,ASXL2
KIF21A (55605)_damaging,0,5.235466826648135e-05,923.6,490.9157768904968,0.0,damaging,KIF21A
BRWD3 (254065)_damaging,0,5.233788611243435e-05,923.8,430.7333281741732,0.0,damaging,BRWD3
CR1 (1378)_damaging,0,4.3275003770896926e-05,924.3333333333334,352.0473453007895,0.0,damaging,CR1
USP26 (83844)_damaging,0,4.795219267177481e-05,925.0,329.8908910533906,0.0,damaging,USP26
MMS22L (253714)_damaging,0,4.772172847775979e-05,925.2,347.85729832792066,0.0,damaging,MMS22L
MCF2 (4168)_damaging,0,2.4138991826579804e-05,926.0,504.8742417671949,0.0,damaging,MCF2
CYLC1 (1538)_damaging,0,4.5610756307208225e-05,926.5,352.70053397559053,0.0,damaging,CYLC1
TCF7L2 (6934)_damaging,0,4.8280940747189735e-05,926.6,280.3191038798462,0.0,damaging,TCF7L2
MTIF2 (4528)_damaging,0,2.2222331210570172e-05,927.0,506.288455329568,0.0,damaging,MTIF2
UNC5D (137970)_damaging,0,4.7066896078874506e-05,927.25,262.8134636327954,0.0,damaging,UNC5D
TAF3 (83860)_damaging,0,3.062339265897715e-05,927.3333333333334,350.76250274699163,0.0,damaging,TAF3
UBAP2L (9898)_damaging,0,3.7717084598335286e-05,927.5,296.4439238709406,0.0,damaging,UBAP2L
CD109 (135228)_damaging,0,1.0026655813885548e-05,928.0,507.70266889194113,0.0,damaging,CD109
VWA3B (200403)_damaging,0,4.636561483359693e-05,928.0,402.2130447080668,0.0,damaging,VWA3B
EMILIN1 (11117)_damaging,0,4.040933948586056e-05,928.3333333333334,444.2176643643669,0.0,damaging,EMILIN1
RXFP2 (122042)_damaging,0,2.4045816427555133e-05,928.5,508.4097756731277,0.0,damaging,RXFP2
LOXL2 (4017)_damaging,0,2.153107414535811e-05,931.5,512.652416360247,0.0,damaging,LOXL2
SCN10A (6336)_damaging,0,4.690504070051311e-05,932.0,316.3489634354231,0.0,damaging,SCN10A
MED13 (9969)_damaging,0,4.713684056100386e-05,933.0,243.91699407790347,0.0,damaging,MED13
ARHGAP29 (9411)_damaging,0,0.0,934.5,516.8950570473662,0.0,damaging,ARHGAP29
MYO5C (55930)_damaging,0,4.644773272239343e-05,934.8,219.15565244820863,0.0,damaging,MYO5C
ZMYM4 (9202)_damaging,0,4.670117853569341e-05,935.2,238.26812627793925,0.0,damaging,ZMYM4
TMC1 (117531)_damaging,0,3.88716592179005e-05,935.25,367.2895088800296,0.0,damaging,TMC1
IQGAP1 (8826)_damaging,0,4.6365765632683135e-05,936.0,242.86107139679675,0.0,damaging,IQGAP1
SECISBP2 (79048)_damaging,0,2.319071156721782e-05,936.0,519.0163773909259,0.0,damaging,SECISBP2
NDUFV3 (4731)_damaging,0,3.3762642813686e-05,936.3333333333334,330.0080807091446,0.0,damaging,NDUFV3
PRR14L (253143)_damaging,0,7.150978782280737e-05,936.3333333333334,236.61220030533786,0.0,damaging,PRR14L
AGBL1 (123624)_damaging,0,3.696934299061765e-05,936.5,245.89225282631418,0.0,damaging,AGBL1
DSCAML1 (57453)_damaging,0,4.620702371140297e-05,936.8,272.24749769281624,0.0,damaging,DSCAML1
MAP7D3 (79649)_damaging,0,4.633292774556932e-05,937.0,298.064869896918,0.0,damaging,MAP7D3
SMC3 (9126)_damaging,0,4.919733640457778e-05,937.2,400.9971321593211,0.0,damaging,SMC3
ARID4B (51742)_damaging,0,4.9695490242946096e-05,938.0,388.6997555954982,0.0,damaging,ARID4B
GON4L (54856)_damaging,0,4.186699370476251e-05,938.6666666666666,369.0018066803106,0.0,damaging,GON4L
KNTC1 (9735)_damaging,0,4.6963908496889084e-05,940.5,414.26279903784103,0.0,damaging,KNTC1
C6 (729)_damaging,0,4.72160623942905e-05,940.8,373.13563217682656,0.0,damaging,C6
MUC17 (140453)_damaging,0,4.818163595287163e-05,940.8,336.1356868884945,0.0,damaging,MUC17
CENPC (1060)_damaging,0,5.163038926765969e-05,942.4,508.7330341151437,0.0,damaging,CENPC
PLEC (5339)_damaging,0,4.813517115076394e-05,942.4,469.08133623072234,0.0,damaging,PLEC
CHD6 (84181)_damaging,0,4.4954830206224205e-05,942.75,300.2980463916918,0.0,damaging,CHD6
ALK (238)_damaging,0,3.948445567265556e-05,943.0,386.23222720706946,0.0,damaging,ALK
PCCA (5095)_damaging,0,1.999608743140643e-05,943.0,528.9158723275375,0.0,damaging,PCCA
MTA1 (9112)_damaging,0,4.239408149148691e-05,944.0,299.4094186895262,0.0,damaging,MTA1
SSH2 (85464)_damaging,0,2.2334095308634177e-05,944.0,530.3300858899106,0.0,damaging,SSH2
SYCP1 (6847)_damaging,0,4.7911145377342694e-05,944.0,385.3420558413006,0.0,damaging,SYCP1
TNK2 (10188)_damaging,0,4.3530597440125216e-05,945.75,495.52354468111133,0.0,damaging,TNK2
HIF1A (3091)_damaging,0,4.632147863265244e-05,945.8,344.54346605326884,0.0,damaging,HIF1A
PRRC2C (23215)_damaging,0,1.8590097140804386e-05,946.3333333333334,420.7259598994734,0.0,damaging,PRRC2C
ZEB2 (9839)_damaging,0,6.166462383759853e-05,947.0,261.2068146124829,0.0,damaging,ZEB2
CAPN12 (147968)_damaging,0,4.3803670110099674e-05,947.75,331.7543016551054,0.0,damaging,CAPN12
AGRN (375790)_damaging,0,3.139828734486229e-05,948.0,542.7163163200457,0.0,damaging,AGRN
TNXB (7148)_damaging,0,4.4544014292321306e-05,948.4,261.2667219528733,0.0,damaging,TNXB
SMCHD1 (23347)_damaging,0,4.723686284011879e-05,948.6,367.19858387526494,0.0,damaging,SMCHD1
USF3 (205717)_damaging,0,7.874616030417462e-05,949.0,,0.0,damaging,USF3
FER1L6 (654463)_damaging,0,4.6014726099212166e-05,949.6,250.55897509368927,0.0,damaging,FER1L6
CCDC186 (55088)_damaging,0,5.557099892577006e-05,950.0,,0.0,damaging,CCDC186
NEXMIF (340533)_damaging,0,4.133810639674804e-05,950.5,329.91766649675895,0.0,damaging,NEXMIF
C10orf71 (118461)_damaging,0,3.6601065481486374e-05,950.75,319.8170049679452,0.0,damaging,C10orf71
BAG6 (7917)_damaging,0,2.941052798797763e-05,951.3333333333334,429.4605142889545,0.0,damaging,BAG6
WDR5 (11091)_damaging,0,4.36785730833511e-05,951.8,330.2812437908032,0.0,damaging,WDR5
ATG9B (285973)_damaging,0,4.0311349080903006e-05,952.0,398.84708849382366,0.0,damaging,ATG9B
SYNCRIP (10492)_damaging,0,6.890798245868329e-06,952.0,541.6437943888955,0.0,damaging,SYNCRIP
KSR1 (8844)_damaging,0,4.774220861919469e-05,952.6,415.04794903721665,0.0,damaging,KSR1
KLHL41 (10324)_damaging,0,5.529055039084793e-05,953.0,,0.0,damaging,KLHL41
EPS8L3 (79574)_damaging,0,3.472326758140026e-05,954.5,314.0344991663602,0.0,damaging,EPS8L3
DOCK9 (23348)_damaging,0,4.156593598177446e-05,954.75,305.3177306784961,0.0,damaging,DOCK9
NOBOX (135935)_damaging,0,4.434003908112289e-05,954.8,220.49535142492235,0.0,damaging,NOBOX
PLCB4 (5332)_damaging,0,4.5588842428109684e-05,954.8,299.75189740850686,0.0,damaging,PLCB4
DGKB (1607)_damaging,0,7.303041815966268e-05,955.0,229.63231479911533,0.0,damaging,DGKB
KIFC2 (90990)_damaging,0,6.718790147060719e-05,956.0,381.8376618407357,0.0,damaging,KIFC2
PTPRN2 (5799)_damaging,0,4.299272094722992e-05,956.0,451.7521444332058,0.0,damaging,PTPRN2
SPHKAP (80309)_damaging,0,4.51829340056256e-05,956.0,305.6157718443209,0.0,damaging,SPHKAP
SCN4A (6329)_damaging,0,4.40553364544013e-05,956.4,274.1109264513183,0.0,damaging,SCN4A
EGFR (1956)_damaging,0,3.253883370083007e-05,957.3333333333334,337.68673846234077,0.0,damaging,EGFR
ACIN1 (22985)_damaging,0,3.292986062414097e-05,957.75,385.46541133198104,0.0,damaging,ACIN1
WDR17 (116966)_damaging,0,4.32027818987527e-05,957.75,321.60780981396164,0.0,damaging,WDR17
DOCK5 (80005)_damaging,0,3.4359886558407444e-05,959.5,297.08079709062315,0.0,damaging,DOCK5
AP1M1 (8907)_damaging,0,5.456833894275288e-05,960.0,,0.0,damaging,AP1M1
CTNNA3 (29119)_damaging,0,3.308473754152941e-05,960.3333333333334,353.0684541747299,0.0,damaging,CTNNA3
ARAP3 (64411)_damaging,0,8.121400751641616e-05,960.5,176.06958851545033,0.0,damaging,ARAP3
CAMSAP3 (57662)_damaging,0,4.23129138971745e-05,960.75,421.1748449278518,0.0,damaging,CAMSAP3
DOT1L (84444)_damaging,0,3.122642157300767e-05,961.0,362.8112456911996,0.0,damaging,DOT1L
PALB2 (79728)_damaging,0,4.15118629703494e-05,961.4,307.7406375505192,0.0,damaging,PALB2
KIF15 (56992)_damaging,0,6.555926957867706e-05,961.75,189.69690737243627,0.0,damaging,KIF15
DCHS1 (8642)_damaging,0,4.354609565513211e-05,961.8,253.44269569273447,0.0,damaging,DCHS1
NSRP1 (84081)_damaging,0,8.097888123923432e-05,962.0,,0.0,damaging,NSRP1
MYO7A (4647)_damaging,0,4.343110320697629e-05,962.2,291.291434820868,0.0,damaging,MYO7A
SCAF8 (22828)_damaging,0,4.312179169720336e-05,962.2,317.13908620666734,0.0,damaging,SCAF8
EPPK1 (83481)_damaging,0,2.7672423749294184e-05,962.6666666666666,418.9538558520895,0.0,damaging,EPPK1
ULK1 (8408)_damaging,0,1.656973492492043e-05,963.0,661.8519471906085,0.0,damaging,ULK1
ANKRD31 (256006)_damaging,0,4.160485571908156e-05,963.2,363.6243941211866,0.0,damaging,ANKRD31
ZFC3H1 (196441)_damaging,0,4.4643051981266364e-05,963.4,307.39111893481896,0.0,damaging,ZFC3H1
NOLC1 (9221)_damaging,0,6.130909532655593e-05,963.5,44.54772721475249,0.0,damaging,NOLC1
VARS2 (57176)_damaging,0,3.38333205369644e-05,964.0,359.1387846872942,0.0,damaging,VARS2
TPR (7175)_damaging,0,4.373392055852356e-05,964.4,394.7186339660189,0.0,damaging,TPR
CCDC88C (440193)_damaging,0,1.9863068032361577e-05,964.5,559.3214639185591,0.0,damaging,CCDC88C
FMR1 (2332)_damaging,0,6.97718292009854e-05,964.6666666666666,272.0153181961143,0.0,damaging,FMR1
ABCB4 (5244)_damaging,0,4.402592392437804e-05,965.4,291.1379398154765,0.0,damaging,ABCB4
AXIN2 (8313)_damaging,0,4.1562738748337534e-05,965.8,271.6297111878596,0.0,damaging,AXIN2
KANSL1L (151050)_damaging,0,6.109702283984505e-05,966.3333333333334,424.11358541472515,0.0,damaging,KANSL1L
SPTBN1 (6711)_damaging,0,3.476574810196267e-05,967.5,274.67495942173787,0.0,damaging,SPTBN1
CTC1 (80169)_damaging,0,8.046243411006834e-05,968.0,,0.0,damaging,CTC1
UTP20 (27340)_damaging,0,4.243903409401971e-05,968.8,260.0407660348662,0.0,damaging,UTP20
ITGAL (3683)_damaging,0,3.2985235150393606e-05,969.0,279.9476141471234,0.0,damaging,ITGAL
TDRD6 (221400)_damaging,0,3.2995427614552456e-05,969.5,296.22232641491877,0.0,damaging,TDRD6
CFAP74 (85452)_damaging,0,4.201739495256265e-05,970.0,,0.0,damaging,CFAP74
EPRS1 (2058)_damaging,0,7.668546626041785e-05,970.0,,0.0,damaging,EPRS1
NOTCH3 (4854)_damaging,0,4.495032070645728e-05,970.0,444.3517750611558,0.0,damaging,NOTCH3
ARHGAP5 (394)_damaging,0,1.6184588153167014e-05,970.5,567.8067452927977,0.0,damaging,ARHGAP5
CPED1 (79974)_damaging,0,7.944944812972662e-05,971.0,,0.0,damaging,CPED1
WDR75 (84128)_damaging,0,7.656268263355902e-05,971.0,,0.0,damaging,WDR75
ASXL3 (80816)_damaging,0,4.262358877276825e-05,972.0,319.4276130831522,0.0,damaging,ASXL3
CALCR (799)_damaging,0,4.2393343751191085e-05,972.5,295.50239705739557,0.0,damaging,CALCR
PTPRG (5793)_damaging,0,6.912017983568664e-05,973.75,474.7738935535525,0.0,damaging,PTPRG
DGKZ (8525)_damaging,0,5.2974032685696636e-05,974.0,,0.0,damaging,DGKZ
ABCA6 (23460)_damaging,0,4.201659688613482e-05,974.2,281.7883957866257,0.0,damaging,ABCA6
ADAMTS12 (81792)_damaging,0,4.718057129522115e-05,975.2,454.8243617046035,0.0,damaging,ADAMTS12
CEP162 (22832)_damaging,0,4.246178531577914e-05,975.25,419.5452895695529,0.0,damaging,CEP162
OC90 (729330)_damaging,0,2.6105974429691014e-05,976.0,355.7934794231058,0.0,damaging,OC90
ARHGEF4 (50649)_damaging,0,4.3448958101062315e-05,976.8,321.97857071550584,0.0,damaging,ARHGEF4
AP3B1 (8546)_damaging,0,4.4504678427332344e-05,977.2,413.0516916803513,0.0,damaging,AP3B1
NR3C1 (2908)_damaging,0,6.140506789243921e-05,977.3333333333334,310.46792641645504,0.0,damaging,NR3C1
ATN1 (1822)_damaging,0,4.172487578540677e-05,978.0,382.48071846826474,0.0,damaging,ATN1
MXRA8 (54587)_damaging,0,4.017242368478737e-05,978.8,312.87409608339266,0.0,damaging,MXRA8
NKAPD1 (55216)_damaging,0,2.4519209407525578e-05,980.0,472.99365746276135,0.0,damaging,NKAPD1
WDR97 (340390)_damaging,0,6.907083485583637e-05,980.6666666666666,36.19852667351716,0.0,damaging,WDR97
MYH9 (4627)_damaging,0,4.1966359256746074e-05,984.0,375.03933127073486,0.0,damaging,MYH9
RIN1 (9610)_damaging,0,4.070436377423559e-05,984.2,338.6822995079607,0.0,damaging,RIN1
SLC4A10 (57282)_damaging,0,4.088733766856961e-05,984.6,328.19399750757174,0.0,damaging,SLC4A10
OVCH1 (341350)_damaging,0,4.0979384021190066e-05,985.8,254.20011801728182,0.0,damaging,OVCH1
REV3L (5980)_damaging,0,4.28679990762408e-05,986.4,402.1589238099784,0.0,damaging,REV3L
GSE1 (23199)_damaging,0,4.3503606994599346e-05,986.75,458.4243848953355,0.0,damaging,GSE1
ABCC8 (6833)_damaging,0,3.999232291343139e-05,987.0,342.35872998946587,0.0,damaging,ABCC8
FIGNL1 (63979)_damaging,0,6.471542533433873e-05,987.0,562.8569978244918,0.0,damaging,FIGNL1
HDAC2 (3066)_damaging,0,3.784998137967597e-05,987.0,333.1506165885534,0.0,damaging,HDAC2
PRR14 (78994)_damaging,0,1.3040779135191603e-05,987.0,591.1412690719537,0.0,damaging,PRR14
HIVEP3 (59269)_damaging,0,4.058778446343001e-05,987.6666666666666,570.827761529985,0.0,damaging,HIVEP3
BOD1L1 (259282)_damaging,0,4.0929511275138614e-05,988.2,267.44849971536576,0.0,damaging,BOD1L1
MYO15B (80022)_damaging,0,4.089059120988277e-05,988.2,293.25364447863217,0.0,damaging,MYO15B
PATJ (10207)_damaging,0,3.9894443236832296e-05,988.25,332.2573049109179,0.0,damaging,PATJ
ZNF638 (27332)_damaging,0,4.0072315249095246e-05,988.4,375.76428781883993,0.0,damaging,ZNF638
SHANK1 (50944)_damaging,0,4.062923116524811e-05,988.8,318.8200119189509,0.0,damaging,SHANK1
VPS13A (23230)_damaging,0,4.180709183399116e-05,988.8,303.8506211940334,0.0,damaging,VPS13A
MYH8 (4626)_damaging,0,4.459525947398875e-05,989.4,471.43801289246926,0.0,damaging,MYH8
NARF (26502)_damaging,0,2.6890492495004222e-05,992.3333333333334,404.53594813481453,0.0,damaging,NARF
ADAMTSL2 (9719)_damaging,0,4.23927145901729e-05,992.8,372.6837801675839,0.0,damaging,ADAMTSL2
NRXN1 (9378)_damaging,0,4.242733109984425e-05,993.0,323.2808376628593,0.0,damaging,NRXN1
DPYD (1806)_damaging,0,2.8624541081041506e-05,994.6666666666666,408.71302075335615,0.0,damaging,DPYD
RTTN (25914)_damaging,0,4.01118776310719e-05,994.8,324.36815503375175,0.0,damaging,RTTN
FBRS (64319)_damaging,0,4.582356028203738e-05,995.25,470.3412768051159,0.0,damaging,FBRS
CCDC9B (388115)_damaging,0,7.655480993097132e-05,995.5,191.6259377015544,0.0,damaging,CCDC9B
HNF1A (6927)_damaging,0,4.012705809496974e-05,997.4,265.219343185975,0.0,damaging,HNF1A
EFNB3 (1949)_damaging,0,5.525166199446453e-05,997.6666666666666,734.0124885404426,0.0,damaging,EFNB3
MME (4311)_damaging,0,6.224972429562794e-05,997.75,266.1971387274226,0.0,damaging,MME
UBR2 (23304)_damaging,0,3.994678213152168e-05,998.0,,0.0,damaging,UBR2
LPA (4018)_damaging,0,4.016560506603411e-05,998.4,309.6260647942934,0.0,damaging,LPA
MAGI3 (260425)_damaging,0,6.440274196053934e-05,999.5,26.16295090390226,0.0,damaging,MAGI3
MFRP (83552)_damaging,0,3.626560029160271e-05,1000.6666666666666,374.0432238837289,0.0,damaging,MFRP
CECR2 (27443)_damaging,0,3.830382988847244e-05,1000.75,334.9053348833568,0.0,damaging,CECR2
KIAA2012 (100652824)_damaging,0,7.392051395659064e-05,1001.0,,0.0,damaging,KIAA2012
USP13 (8975)_damaging,0,3.994467163076166e-05,1001.2,359.0928849197656,0.0,damaging,USP13
JAKMIP1 (152789)_damaging,0,6.940290336781912e-05,1001.3333333333334,332.14504863588337,0.0,damaging,JAKMIP1
EFCAB7 (84455)_damaging,0,5.522845848415157e-05,1002.0,228.91264709491261,0.0,damaging,EFCAB7
ARHGAP17 (55114)_damaging,0,3.97008010270112e-05,1002.5,470.6481346682112,0.0,damaging,ARHGAP17
PHRF1 (57661)_damaging,0,6.814662160952815e-05,1003.0,193.7498387096103,0.0,damaging,PHRF1
HDAC7 (51564)_damaging,0,2.4773459775280173e-05,1003.3333333333334,415.9210662293187,0.0,damaging,HDAC7
MIA2 (4253)_damaging,0,6.392760378235011e-05,1003.5,372.594954340501,0.0,damaging,MIA2
GTF3C1 (2975)_damaging,0,3.866880516016596e-05,1003.6,261.3059509463954,0.0,damaging,GTF3C1
NOL8 (55035)_damaging,0,3.934306625524601e-05,1003.6,372.09783659677464,0.0,damaging,NOL8
RUSC2 (9853)_damaging,0,3.9304245582541535e-05,1005.2,352.3765031894153,0.0,damaging,RUSC2
CPEB2 (132864)_damaging,0,2.952684001301723e-05,1005.75,310.9012436985953,0.0,damaging,CPEB2
B3GNT5 (84002)_damaging,0,7.323764230158283e-05,1006.0,,0.0,damaging,B3GNT5
ZNF142 (7701)_damaging,0,8.46832150487001e-06,1006.0,618.0113267570425,0.0,damaging,ZNF142
SMC1B (27127)_damaging,0,3.908069638479789e-05,1006.6,345.7156345900486,0.0,damaging,SMC1B
WWC3 (55841)_damaging,0,3.785987271742944e-05,1007.25,358.57530589821715,0.0,damaging,WWC3
DNHD1 (144132)_damaging,0,3.853338409384142e-05,1007.5,315.9963079953098,0.0,damaging,DNHD1
LAMA4 (3910)_damaging,0,7.5808863803267504e-06,1008.0,620.8397538817887,0.0,damaging,LAMA4
FAM193A (8603)_damaging,0,4.008436405867373e-05,1008.2,368.26444302973374,0.0,damaging,FAM193A
SMARCB1 (6598)_damaging,0,6.254176570351072e-05,1008.6666666666666,198.35406054158142,0.0,damaging,SMARCB1
ZNF90 (7643)_damaging,0,1.3834213791863307e-05,1009.5,622.9610742253484,0.0,damaging,ZNF90
ARHGEF26 (26084)_damaging,0,2.9447266091579358e-05,1010.0,417.36155389142715,0.0,damaging,ARHGEF26
CILP (8483)_damaging,0,3.48691459613863e-05,1010.0,387.32544455535066,0.0,damaging,CILP
MYO1B (4430)_damaging,0,7.55305382293478e-05,1010.0,,0.0,damaging,MYO1B
ZMIZ1 (57178)_damaging,0,3.0278153828689624e-05,1011.0,308.54389206939965,0.0,damaging,ZMIZ1
NIN (51199)_damaging,0,3.924706534868618e-05,1011.2,335.52153433125574,0.0,damaging,NIN
CLCN3 (1182)_damaging,0,7.531421817896114e-05,1012.0,,0.0,damaging,CLCN3
SEMA3E (9723)_damaging,0,5.8227081145543826e-05,1012.75,343.55045723542077,0.0,damaging,SEMA3E
DHX38 (9785)_damaging,0,2.9146858081090952e-05,1013.0,368.47523661706225,0.0,damaging,DHX38
NID2 (22795)_damaging,0,3.758789738418164e-05,1013.0,364.1242919663559,0.0,damaging,NID2
ZFHX2 (85446)_damaging,0,1.3145256165865156e-05,1013.5,628.6179284748407,0.0,damaging,ZFHX2
KCNQ1 (3784)_damaging,0,3.7504249992032614e-05,1014.6,349.98899982713743,0.0,damaging,KCNQ1
ZNF521 (25925)_damaging,0,2.8884399314107116e-05,1015.0,345.32400244794263,0.0,damaging,ZNF521
ABCB1 (5243)_damaging,0,6.61638518761136e-05,1015.3333333333334,278.70115416577187,0.0,damaging,ABCB1
CHRM3 (1131)_damaging,0,3.627708912241332e-05,1017.2,483.5335562295548,0.0,damaging,CHRM3
ABCG2 (9429)_damaging,0,5.7283280157224636e-05,1018.0,478.0041840821061,0.0,damaging,ABCG2
CHD1 (1105)_damaging,0,1.259348147711774e-05,1018.0,634.9818895055197,0.0,damaging,CHD1
PFAS (5198)_damaging,0,3.398175318992594e-05,1018.0,393.99619287500735,0.0,damaging,PFAS
CELSR1 (9620)_damaging,0,1.3010119082755613e-05,1019.5,717.7133829043457,0.0,damaging,CELSR1
CNTRL (11064)_damaging,0,3.356079558798591e-05,1019.75,344.09046775521114,0.0,damaging,CNTRL
DMXL1 (1657)_damaging,0,3.595591800844726e-05,1020.0,447.1409173851125,0.0,damaging,DMXL1
BAHCC1 (57597)_damaging,0,3.4440541124563116e-05,1021.2,377.35023519271857,0.0,damaging,BAHCC1
CNGB1 (1258)_damaging,0,2.166352967933042e-05,1021.6666666666666,400.30155299890276,0.0,damaging,CNGB1
MAGI2 (9863)_damaging,0,5.7269935264893706e-05,1021.75,281.4976317247921,0.0,damaging,MAGI2
PPP1R3A (5506)_damaging,0,3.795344869637153e-05,1023.0,265.86462720715593,0.0,damaging,PPP1R3A
PRUNE2 (158471)_damaging,0,3.772337689888335e-05,1023.4,273.496435077315,0.0,damaging,PRUNE2
ARHGAP33 (115703)_damaging,0,6.389010991440506e-05,1023.5,347.18942956259485,0.0,damaging,ARHGAP33
ATXN2L (11273)_damaging,0,3.546826684621192e-05,1024.8,398.0630603308978,0.0,damaging,ATXN2L
HDAC9 (9734)_damaging,0,5.3939422905721584e-05,1025.5,348.6036431249679,0.0,damaging,HDAC9
FREM1 (158326)_damaging,0,3.699528257000309e-05,1025.75,333.83566316377886,0.0,damaging,FREM1
RIMS1 (22999)_damaging,0,3.69892648626029e-05,1025.8,271.5174027571714,0.0,damaging,RIMS1
HLA-DRB5 (3127)_damaging,0,7.153829037079804e-05,1027.0,,0.0,damaging,HLA-DRB5
IRF8 (3394)_damaging,0,5.776023824552048e-05,1027.25,260.94874975749553,0.0,damaging,IRF8
FHAD1 (114827)_damaging,0,3.6232714232575414e-05,1028.0,331.3376927949289,0.0,damaging,FHAD1
TTF1 (7270)_damaging,0,1.1396494196010196e-05,1028.5,649.8311319104372,0.0,damaging,TTF1
STAMBPL1 (57559)_damaging,0,1.1302112885990228e-05,1029.5,651.2453454728103,0.0,damaging,STAMBPL1
MUCL3 (135656)_damaging,0,3.6243269080030655e-05,1030.25,352.89127220717717,0.0,damaging,MUCL3
SCAF1 (58506)_damaging,0,3.640508400716403e-05,1030.5,340.20435035431274,0.0,damaging,SCAF1
SAFB2 (9667)_damaging,0,3.6185583937318265e-05,1030.8,275.3619436305605,0.0,damaging,SAFB2
EFCAB5 (374786)_damaging,0,3.7173109027799035e-05,1031.8,396.50876408977393,0.0,damaging,EFCAB5
BEND4 (389206)_damaging,0,2.780701304320377e-05,1032.0,329.14231977469365,0.0,damaging,BEND4
CRAMP1 (57585)_damaging,0,3.546436782071624e-05,1032.0,323.66186058910307,0.0,damaging,CRAMP1
EGFLAM (133584)_damaging,0,2.3111730481718238e-05,1033.6666666666667,403.06988641342747,0.0,damaging,EGFLAM
TAF1C (9013)_damaging,0,6.0372167441744576e-05,1034.5,126.572113832392,0.0,damaging,TAF1C
PTPN23 (25930)_damaging,0,3.6098479419724134e-05,1035.0,324.8589437484111,0.0,damaging,PTPN23
AFF1 (4299)_damaging,0,3.609399102576051e-05,1036.0,339.6005005885592,0.0,damaging,AFF1
IGSF9B (22997)_damaging,0,3.5277938511956905e-05,1036.25,344.98828482524834,0.0,damaging,IGSF9B
PLCL1 (5334)_damaging,0,3.594602827658962e-05,1038.6,288.3796109297604,0.0,damaging,PLCL1
CPAMD8 (27151)_damaging,0,3.5622734096241076e-05,1039.4,472.6688058249667,0.0,damaging,CPAMD8
GOLGB1 (2804)_damaging,0,3.084190796017654e-05,1039.5,397.363393717472,0.0,damaging,GOLGB1
ABCA2 (20)_damaging,0,1.6416529711857386e-05,1040.0,430.1313752796929,0.0,damaging,ABCA2
PCNX3 (399909)_damaging,0,3.53300266258326e-05,1040.0,310.3280522286053,0.0,damaging,PCNX3
CTTNBP2 (83992)_damaging,0,3.6663395585801134e-05,1040.8,362.03273332669795,0.0,damaging,CTTNBP2
FOXK2 (3607)_damaging,0,6.971269920119431e-05,1041.0,,0.0,damaging,FOXK2
GRIA4 (2893)_damaging,0,7.216307063073171e-05,1041.0,,0.0,damaging,GRIA4
EPHA2 (1969)_damaging,0,3.583639176883012e-05,1041.4,401.04401254725144,0.0,damaging,EPHA2
GLI1 (2735)_damaging,0,3.488025651505897e-05,1042.5,380.7733359012069,0.0,damaging,GLI1
DLC1 (10395)_damaging,0,1.873254868319141e-05,1044.0,444.1565039487771,0.0,damaging,DLC1
AHCTF1 (25909)_damaging,0,2.798425900490703e-05,1044.3333333333333,487.9552575117245,0.0,damaging,AHCTF1
AKAP6 (9472)_damaging,0,3.494447617793816e-05,1045.2,358.72440675259327,0.0,damaging,AKAP6
BRIP1 (83990)_damaging,0,2.1688122790968904e-05,1046.0,413.65323641910504,0.0,damaging,BRIP1
SDK2 (54549)_damaging,0,3.422333422918377e-05,1046.8,409.4187343051122,0.0,damaging,SDK2
NPAS3 (64067)_damaging,0,3.334212617872552e-05,1047.75,386.64658712231426,0.0,damaging,NPAS3
STAT6 (6778)_damaging,0,3.42690812684032e-05,1049.8,389.4261162274559,0.0,damaging,STAT6
FLNC (2318)_damaging,0,3.4642873899148485e-05,1050.0,271.0055349988262,0.0,damaging,FLNC
SALL4 (57167)_damaging,0,7.506586782501661e-06,1050.0,680.2367235014588,0.0,damaging,SALL4
WNK2 (65268)_damaging,0,3.5784240876759844e-05,1051.6,362.61729136928926,0.0,damaging,WNK2
ZNF711 (7552)_damaging,0,2.9126074234565332e-05,1052.5,350.8983708521125,0.0,damaging,ZNF711
KIF5C (3800)_damaging,0,2.2028435889245867e-05,1053.3333333333333,419.7312632308122,0.0,damaging,KIF5C
PCDHB4 (56131)_damaging,0,5.862924526065971e-05,1053.5,111.01576464628796,0.0,damaging,PCDHB4
SBNO1 (55206)_damaging,0,2.1934712691055203e-05,1053.75,424.94656526830914,0.0,damaging,SBNO1
GOLGA3 (2802)_damaging,0,5.2875992402523844e-05,1055.0,86.2670273047588,0.0,damaging,GOLGA3
DCDC1 (341019)_damaging,0,3.5766458812662867e-05,1055.4,373.63725724290396,0.0,damaging,DCDC1
TRPM7 (54822)_damaging,0,2.638762744711414e-05,1055.75,460.667902796219,0.0,damaging,TRPM7
ADAMTS9 (56999)_damaging,0,5.304645514975134e-05,1056.0,72.12489168102785,0.0,damaging,ADAMTS9
MED12L (116931)_damaging,0,3.344296831698057e-05,1057.2,289.43945826372743,0.0,damaging,MED12L
SLC12A7 (10723)_damaging,0,4.306948922994567e-05,1057.8,474.60583645800233,0.0,damaging,SLC12A7
TBC1D4 (9882)_damaging,0,5.221624717850381e-05,1058.5,37.476659402887016,0.0,damaging,TBC1D4
SLC26A3 (1811)_damaging,0,7.065600376885884e-05,1059.0,,0.0,damaging,SLC26A3
CAMTA1 (23261)_damaging,0,5.097415958722639e-05,1060.0,241.95660767997225,0.0,damaging,CAMTA1
ADAM22 (53616)_damaging,0,5.845905632270405e-05,1060.5,23.33452377915607,0.0,damaging,ADAM22
MTSS2 (92154)_damaging,0,2.7941272222651185e-05,1062.3333333333333,453.13831589629825,0.0,damaging,MTSS2
RASAL2 (9462)_damaging,0,4.028805189377098e-06,1062.5,697.9143930311224,0.0,damaging,RASAL2
TDRD5 (163589)_damaging,0,3.297807558025968e-05,1062.6,290.3494446352533,0.0,damaging,TDRD5
PROX1 (5629)_damaging,0,1.6434400617079043e-05,1064.3333333333333,431.7607362108478,0.0,damaging,PROX1
HPS3 (84343)_damaging,0,2.134965443053871e-05,1065.0,360.84807514151066,0.0,damaging,HPS3
BTBD8 (284697)_damaging,0,3.25593989301682e-05,1065.2,305.8213530805198,0.0,damaging,BTBD8
COL16A1 (1307)_damaging,0,3.0575562929571485e-05,1065.2,377.08845116232345,0.0,damaging,COL16A1
CHD3 (1107)_damaging,0,3.212241518846224e-05,1065.4,322.9253783771105,0.0,damaging,CHD3
ARHGEF40 (55701)_damaging,0,3.206119414900202e-05,1065.5,440.3790034352985,0.0,damaging,ARHGEF40
SOBP (55084)_damaging,0,7.628072003910451e-07,1065.5,702.1570337182417,0.0,damaging,SOBP
MYOF (26509)_damaging,0,5.333037044760731e-05,1066.25,309.2209296495522,0.0,damaging,MYOF
LY75 (4065)_damaging,0,3.091540901571811e-05,1068.0,391.6203518715543,0.0,damaging,LY75
CLUH (23277)_damaging,0,4.8162147225537545e-05,1068.3333333333333,132.0656402450438,0.0,damaging,CLUH
DOCK10 (55619)_damaging,0,3.2604737145055616e-05,1069.25,348.47704372024276,0.0,damaging,DOCK10
TRIM24 (8805)_damaging,0,3.194536982157273e-05,1069.4,308.358233228821,0.0,damaging,TRIM24
ZBTB7C (201501)_damaging,0,3.0054493722039588e-05,1069.8,376.2309131371318,0.0,damaging,ZBTB7C
SGO2 (151246)_damaging,0,5.8416548803206877e-05,1070.25,432.95756143067877,0.0,damaging,SGO2
ESRP1 (54845)_damaging,0,3.185146808930548e-05,1070.8,338.87711637111175,0.0,damaging,ESRP1
TXNDC11 (51061)_damaging,0,3.2524086202913327e-05,1071.0,,0.0,damaging,TXNDC11
ITGAD (3681)_damaging,0,6.007530246071016e-05,1071.3333333333333,264.68534778739325,0.0,damaging,ITGAD
PHACTR1 (221692)_damaging,0,2.699987501482217e-05,1072.3333333333333,454.304229931148,0.0,damaging,PHACTR1
QSER1 (79832)_damaging,0,3.463226290825299e-05,1073.0,532.6455982483412,0.0,damaging,QSER1
RSU1P2 (100133308)_damaging,0,2.671152396761971e-05,1074.0,457.8525963669967,0.0,damaging,RSU1P2
HOXB3 (3213)_damaging,0,3.250656791301789e-05,1074.3333333333333,689.5508199787259,0.0,damaging,HOXB3
WDTC1 (23038)_damaging,0,3.023286412798938e-05,1074.4,325.688962048148,0.0,damaging,WDTC1
ZDHHC8 (29801)_damaging,0,2.207617470687685e-05,1075.75,393.5872414937591,0.0,damaging,ZDHHC8
TRPS1 (7227)_damaging,0,2.2266800555917862e-05,1076.75,359.47774618187424,0.0,damaging,TRPS1
CRB1 (23418)_damaging,0,5.069280431152064e-05,1078.5,67.17514421272202,0.0,damaging,CRB1
MTCL1 (23255)_damaging,0,2.870327893491144e-05,1078.8,337.17161802263246,0.0,damaging,MTCL1
MYPN (84665)_damaging,0,2.5586229517737835e-05,1079.0,477.70178982289775,0.0,damaging,MYPN
DOCK2 (1794)_damaging,0,3.0123935357814134e-05,1079.2,326.3237656071038,0.0,damaging,DOCK2
SHPRH (257218)_damaging,0,3.0885573747526804e-05,1079.8,376.49727754659796,0.0,damaging,SHPRH
CNTLN (54875)_damaging,0,2.7115981378217386e-05,1080.2,402.04813144696993,0.0,damaging,CNTLN
USH1C (10083)_damaging,0,5.687472927746381e-05,1081.0,322.44069222106566,0.0,damaging,USH1C
PCSK5 (5125)_damaging,0,3.0438421823056833e-05,1081.4,315.35107420143663,0.0,damaging,PCSK5
PLXNB1 (5364)_damaging,0,3.0526900540757625e-05,1081.6,354.0780987296447,0.0,damaging,PLXNB1
VWA5B1 (127731)_damaging,0,5.2690750959847704e-05,1082.5,471.6402230514272,0.0,damaging,VWA5B1
ARHGEF1 (9138)_damaging,0,4.755693583471636e-05,1083.0,145.43383375267257,0.0,damaging,ARHGEF1
ZNF687 (57592)_damaging,0,2.753761167814374e-05,1083.0,463.25514927881085,0.0,damaging,ZNF687
KIF4A (24137)_damaging,0,1.6965504600804952e-05,1083.3333333333333,451.7790758029121,0.0,damaging,KIF4A
ORC4 (5000)_damaging,0,4.6210113241720315e-05,1084.3333333333333,445.1789902200387,0.0,damaging,ORC4
DENND1A (57706)_damaging,0,3.144096735453966e-05,1085.2,395.7242726950168,0.0,damaging,DENND1A
ZC3H13 (23091)_damaging,0,2.9612850703416823e-05,1086.2,333.9965568684803,0.0,damaging,ZC3H13
SYTL2 (54843)_damaging,0,2.858833412574378e-05,1086.6,331.6018697172861,0.0,damaging,SYTL2
CHD7 (55636)_damaging,0,2.100771610502924e-05,1086.6666666666667,465.2787694848469,0.0,damaging,CHD7
INO80 (54617)_damaging,0,3.057348688891904e-05,1088.0,307.2726802044074,0.0,damaging,INO80
WNT16 (51384)_damaging,0,4.540100079315074e-05,1088.3333333333333,372.67993417050684,0.0,damaging,WNT16
MIDEAS (91748)_damaging,0,2.8883965395656853e-05,1088.6,348.59331605755153,0.0,damaging,MIDEAS
TRPA1 (8989)_damaging,0,1.804769704932687e-05,1088.6666666666667,454.7860302750441,0.0,damaging,TRPA1
DEPDC5 (9681)_damaging,0,2.8421745587735304e-05,1089.6,339.60683149783665,0.0,damaging,DEPDC5
MED15 (51586)_damaging,0,5.9737074338382625e-05,1090.0,294.0,0.0,damaging,MED15
MN1 (4330)_damaging,0,2.4417782486775025e-05,1090.0,480.2509760531466,0.0,damaging,MN1
POT1 (25913)_damaging,0,6.485680756708572e-05,1090.0,,0.0,damaging,POT1
DENND4A (10260)_damaging,0,6.81888331917185e-05,1091.0,,0.0,damaging,DENND4A
KCNB1 (3745)_damaging,0,2.3937943695324994e-05,1091.25,488.9167447872218,0.0,damaging,KCNB1
BDP1 (55814)_damaging,0,3.210584115819028e-05,1091.8,434.4941886838074,0.0,damaging,BDP1
RAPGEF2 (9693)_damaging,0,5.1655840205911145e-05,1093.0,212.12103463196036,0.0,damaging,RAPGEF2
CASKIN2 (57513)_damaging,0,4.953059602528654e-05,1093.75,282.33830180594816,0.0,damaging,CASKIN2
ADAM28 (10863)_damaging,0,6.458942754433849e-05,1094.0,,0.0,damaging,ADAM28
C2orf78 (388960)_damaging,0,6.807293015529722e-05,1095.0,,0.0,damaging,C2orf78
GPAM (57678)_damaging,0,6.572249809600188e-05,1095.0,67.88225099390856,0.0,damaging,GPAM
PLXNC1 (10154)_damaging,0,2.801238040479402e-05,1095.2,356.8020459582596,0.0,damaging,PLXNC1
FSTL4 (23105)_damaging,0,1.6868055548530885e-05,1095.3333333333333,456.97519991060057,0.0,damaging,FSTL4
CAMTA2 (23125)_damaging,0,5.4536549428521025e-05,1098.5,400.92954493277244,0.0,damaging,CAMTA2
ZNF722 (100419780)_damaging,0,6.734012901201281e-05,1099.0,,0.0,damaging,ZNF722
EPHA5 (2044)_damaging,0,3.290501287378053e-05,1099.4,505.4466341761512,0.0,damaging,EPHA5
TRPM6 (140803)_damaging,0,2.7979211590482773e-05,1100.0,317.86553760985163,0.0,damaging,TRPM6
JMJD1C (221037)_damaging,0,2.7225887011635093e-05,1100.2,411.7301300609418,0.0,damaging,JMJD1C
SORBS2 (8470)_damaging,0,2.6757933539602566e-05,1101.8,357.6628300508735,0.0,damaging,SORBS2
RBM6 (10180)_damaging,0,2.8290716728211362e-05,1102.6,338.35085340515985,0.0,damaging,RBM6
COL18A1 (80781)_damaging,0,2.8132974392205046e-05,1102.8,311.7261618793007,0.0,damaging,COL18A1
PIEZO1 (9780)_damaging,0,4.174232700978082e-05,1105.0,,0.0,damaging,PIEZO1
AFF2 (2334)_damaging,0,2.6778025544260968e-05,1108.2,336.2264118120407,0.0,damaging,AFF2
TRIO (7204)_damaging,0,2.854070284714404e-05,1108.2,341.007624548191,0.0,damaging,TRIO
ATXN1 (6310)_damaging,0,2.4831149694806396e-05,1108.75,362.6976472674359,0.0,damaging,ATXN1
EPHA6 (285220)_damaging,0,4.846914566261466e-05,1110.0,316.54488886517606,0.0,damaging,EPHA6
OCA2 (4948)_damaging,0,6.646115121391112e-05,1110.0,,0.0,damaging,OCA2
SNAPC4 (6621)_damaging,0,4.064090675182965e-05,1110.0,,0.0,damaging,SNAPC4
NFASC (23114)_damaging,0,2.6735360850012764e-05,1110.8,389.88100748818226,0.0,damaging,NFASC
ARMC3 (219681)_damaging,0,4.781389156341102e-05,1111.25,334.8724881702487,0.0,damaging,ARMC3
WDR55 (54853)_damaging,0,2.8506571391338908e-05,1111.5,573.3698631773386,0.0,damaging,WDR55
CEPT1 (10390)_damaging,0,4.69509599220304e-05,1113.5,211.4249275747777,0.0,damaging,CEPT1
MYO9B (4650)_damaging,0,4.037880023403051e-05,1115.0,,0.0,damaging,MYO9B
ODAD2 (55130)_damaging,0,2.684853869413786e-05,1115.2,327.3128472883397,0.0,damaging,ODAD2
NES (10763)_damaging,0,2.6054312187543955e-05,1115.8,352.25658262124784,0.0,damaging,NES
TASOR (23272)_damaging,0,6.29157519038585e-05,1116.0,,0.0,damaging,TASOR
EPHB6 (2051)_damaging,0,2.6841520315972117e-05,1116.4,324.7857755505928,0.0,damaging,EPHB6
TCF20 (6942)_damaging,0,2.695763127616259e-05,1120.4,310.7801473710957,0.0,damaging,TCF20
MICAL2 (9645)_damaging,0,3.952818561699794e-05,1124.0,,0.0,damaging,MICAL2
BLTP3A (54887)_damaging,0,5.055478677157768e-05,1124.5,6.363961030678928,0.0,damaging,BLTP3A
PAN2 (9924)_damaging,0,1.206400486181011e-05,1124.6666666666667,498.86504521096015,0.0,damaging,PAN2
ARHGEF17 (9828)_damaging,0,2.554647356025657e-05,1125.0,415.0092368449968,0.0,damaging,ARHGEF17
SPRED1 (161742)_damaging,0,4.9734822080645164e-05,1125.0,336.5828278447966,0.0,damaging,SPRED1
FOXP2 (93986)_damaging,0,5.049941554269775e-05,1125.5,9.192388155425117,0.0,damaging,FOXP2
HAND2 (9464)_damaging,0,9.15236955209362e-06,1127.6666666666667,507.737464969184,0.0,damaging,HAND2
ANKHD1 (54882)_damaging,0,6.138563839868627e-05,1128.0,,0.0,damaging,ANKHD1
MYOCD (93649)_damaging,0,2.511272342978173e-05,1128.25,378.73770607110134,0.0,damaging,MYOCD
KIF26B (55083)_damaging,0,2.528216026278808e-05,1129.2,348.7372936753395,0.0,damaging,KIF26B
RRBP1 (6238)_damaging,0,1.4887428413714255e-05,1130.5,377.4391783232543,0.0,damaging,RRBP1
TJP1 (7082)_damaging,0,4.701265089079994e-05,1131.5,301.9345955666558,0.0,damaging,TJP1
LUZP1 (7798)_damaging,0,2.4947914532471816e-05,1131.8,319.06848794577,0.0,damaging,LUZP1
COL6A1 (1291)_damaging,0,6.314434797024559e-05,1132.0,159.80613254815975,0.0,damaging,COL6A1
IQSEC2 (23096)_damaging,0,2.2312132059422587e-05,1132.0,353.08922385142256,0.0,damaging,IQSEC2
RTCB (51493)_damaging,0,4.212323857717491e-05,1132.3333333333333,242.98216669816188,0.0,damaging,RTCB
AFF3 (3899)_damaging,0,3.766127433464567e-05,1135.0,,0.0,damaging,AFF3
FUBP3 (8939)_damaging,0,1.9648131907851835e-05,1135.3333333333333,495.7885974216565,0.0,damaging,FUBP3
CNOT1 (23019)_damaging,0,3.9807489596019725e-05,1136.6666666666667,171.082825945018,0.0,damaging,CNOT1
PALM2AKAP2 (445815)_damaging,0,2.0503014520520223e-05,1137.25,381.59085855577484,0.0,damaging,PALM2AKAP2
SLCO6A1 (133482)_damaging,0,2.3134967676234633e-05,1137.25,392.144849938557,0.0,damaging,SLCO6A1
SLC44A5 (204962)_damaging,0,2.4235964094931114e-05,1137.4,336.1313731266393,0.0,damaging,SLC44A5
KIAA1217 (56243)_damaging,0,3.673664503476494e-05,1137.5,439.11331111684603,0.0,damaging,KIAA1217
COL5A1 (1289)_damaging,0,2.5243868318917398e-05,1137.8,369.0497256468294,0.0,damaging,COL5A1
ESF1 (51575)_damaging,0,4.6659289221398026e-05,1138.25,214.9331291355523,0.0,damaging,ESF1
RUBCNL (80183)_damaging,0,4.987632473036067e-05,1139.0,207.88939366884497,0.0,damaging,RUBCNL
SYT4 (6860)_damaging,0,6.096040329579654e-05,1139.5,245.36605307173198,0.0,damaging,SYT4
ZC3H4 (23211)_damaging,0,6.354174581615504e-05,1140.0,,0.0,damaging,ZC3H4
NUP205 (23165)_damaging,0,2.3064093394685812e-05,1140.8,344.42444744820307,0.0,damaging,NUP205
HCN4 (10021)_damaging,0,2.1837763035259513e-05,1142.2,383.4882006007486,0.0,damaging,HCN4
KCNB2 (9312)_damaging,0,2.4256106663216385e-05,1142.6,332.44743945472044,0.0,damaging,KCNB2
TBXT (6862)_damaging,0,6.310467987428725e-05,1143.0,,0.0,damaging,TBXT
ELOA (6924)_damaging,0,2.3510324794485147e-05,1143.2,373.11017139713573,0.0,damaging,ELOA
WDR72 (256764)_damaging,0,1.7091479321934763e-05,1145.0,510.3880876352817,0.0,damaging,WDR72
ABCE1 (6059)_damaging,0,3.688146609389328e-05,1147.0,,0.0,damaging,ABCE1
STAT5B (6777)_damaging,0,2.5782631628453098e-05,1147.4,483.67271992536445,0.0,damaging,STAT5B
MVK (4598)_damaging,0,1.3820095846903004e-05,1147.6666666666667,516.7371994866766,0.0,damaging,MVK
EZH2 (2146)_damaging,0,2.4067807275481572e-05,1148.0,,0.0,damaging,EZH2
SLC3A2 (6520)_damaging,0,4.6669971958036635e-05,1148.5,338.22132792990254,0.0,damaging,SLC3A2
HECTD4 (283450)_damaging,0,1.9843432211570193e-05,1148.75,389.49229774156,0.0,damaging,HECTD4
SPAG9 (9043)_damaging,0,4.154167691874372e-05,1149.0,28.284271247461902,0.0,damaging,SPAG9
CASKIN1 (57524)_damaging,0,1.6055606614082514e-05,1149.3333333333333,502.5896271644823,0.0,damaging,CASKIN1
WDR81 (124997)_damaging,0,5.199289124851471e-05,1149.6666666666667,352.298642253037,0.0,damaging,WDR81
ZNF407 (55628)_damaging,0,2.3560585437115234e-05,1151.0,,0.0,damaging,ZNF407
CACNA1B (774)_damaging,0,2.167127829404369e-05,1152.4,361.29461662194745,0.0,damaging,CACNA1B
GPRC6A (222545)_damaging,0,2.327068341828667e-05,1153.0,,0.0,damaging,GPRC6A
ERBB3 (2065)_damaging,0,4.7273885278057756e-05,1154.5,53.033008588991066,0.0,damaging,ERBB3
KCNH4 (23415)_damaging,0,1.6558882754347837e-05,1155.25,422.0200429679456,0.0,damaging,KCNH4
SMC4 (10051)_damaging,0,1.845696598472714e-05,1155.5,412.2082806866774,0.0,damaging,SMC4
TRPC5 (7224)_damaging,0,3.510263697487779e-05,1156.0,,0.0,damaging,TRPC5
LOXL3 (84695)_damaging,0,1.5331876194280375e-05,1157.6666666666667,516.3964884982597,0.0,damaging,LOXL3
NDST4 (64579)_damaging,0,5.871615879755818e-05,1159.0,288.4995667241114,0.0,damaging,NDST4
AKAP7 (9465)_damaging,0,1.8673868590785352e-05,1161.6,435.50579789481566,0.0,damaging,AKAP7
CARMIL2 (146206)_damaging,0,3.44202857901162e-05,1162.0,,0.0,damaging,CARMIL2
NAA35 (60560)_damaging,0,6.170299388010631e-05,1162.0,,0.0,damaging,NAA35
TBX4 (9496)_damaging,0,4.132143317443696e-05,1162.0,272.94321753800733,0.0,damaging,TBX4
WNT1 (7471)_damaging,0,1.8648581055871927e-05,1162.2,409.6238518445917,0.0,damaging,WNT1
URI1 (8725)_damaging,0,4.3678180705943655e-05,1163.0,277.18585822512665,0.0,damaging,URI1
LIMCH1 (22998)_damaging,0,4.3783869260327765e-05,1164.25,91.3067175330855,0.0,damaging,LIMCH1
MYT1L (23040)_damaging,0,4.5734465772590594e-05,1167.0,446.89148570989806,0.0,damaging,MYT1L
ADAM23 (8745)_damaging,0,1.567747863753812e-05,1167.25,403.41159708995315,0.0,damaging,ADAM23
GABBR1 (2550)_damaging,0,4.5718199246019e-05,1167.6666666666667,242.28977141706446,0.0,damaging,GABBR1
TAF4 (6874)_damaging,0,4.563542199810658e-05,1168.0,147.07821048680188,0.0,damaging,TAF4
WNK3 (65267)_damaging,0,4.216382108543068e-05,1168.75,175.5132948430593,0.0,damaging,WNK3
FOLH1 (2346)_damaging,0,1.96629990258932e-05,1168.8,367.3223380084582,0.0,damaging,FOLH1
KLHL1 (57626)_damaging,0,1.7142808856195143e-05,1168.8,382.88732023925786,0.0,damaging,KLHL1
EIF2AK4 (440275)_damaging,0,6.132745910517647e-05,1170.0,,0.0,damaging,EIF2AK4
HCFC2 (29915)_damaging,0,5.8432121246935085e-05,1170.0,90.50966799187809,0.0,damaging,HCFC2
USP19 (10869)_damaging,0,3.40272514770951e-05,1170.0,,0.0,damaging,USP19
XRN1 (54464)_damaging,0,4.583306651715981e-05,1170.3333333333333,271.68057224125045,0.0,damaging,XRN1
LCOR (84458)_damaging,0,4.3067859122582536e-05,1170.5,96.41749495466749,0.0,damaging,LCOR
GPC2 (221914)_damaging,0,1.1813254225573212e-05,1170.6666666666667,528.0268301263993,0.0,damaging,GPC2
VPS9D1 (9605)_damaging,0,1.9879495701443713e-05,1171.6,343.80852229111485,0.0,damaging,VPS9D1
OTOGL (283310)_damaging,0,4.613623800999542e-05,1172.75,516.8354831729984,0.0,damaging,OTOGL
ZGRF1 (55345)_damaging,0,5.895432801811962e-05,1174.5,102.5304832720494,0.0,damaging,ZGRF1
ERCC6 (2074)_damaging,0,5.492494900658872e-05,1176.5,293.4493141924172,0.0,damaging,ERCC6
PHF2 (5253)_damaging,0,8.923432226460455e-06,1178.3333333333333,533.8785754582528,0.0,damaging,PHF2
PAX2 (5076)_damaging,0,3.480372370056241e-06,1178.6666666666667,532.2840720267077,0.0,damaging,PAX2
NFRKB (4798)_damaging,0,7.208374826729977e-06,1180.0,529.24568963762,0.0,damaging,NFRKB
CCDC7 (79741)_damaging,0,3.800762644335499e-05,1180.5,17.67766952966369,0.0,damaging,CCDC7
ATAD2B (54454)_damaging,0,1.8727487833673582e-05,1183.75,410.42366322293526,0.0,damaging,ATAD2B
SPATA31G1 (138724)_damaging,0,1.7560483637747368e-05,1184.0,413.82927236562983,0.0,damaging,SPATA31G1
NRXN2 (9379)_damaging,0,1.753490348202032e-05,1184.8,377.09044008036057,0.0,damaging,NRXN2
WDR90 (197335)_damaging,0,4.7209430066432704e-05,1186.3333333333333,268.6751446139619,0.0,damaging,WDR90
PTBP2 (58155)_damaging,0,3.2080386534222894e-05,1187.0,,0.0,damaging,PTBP2
RBM44 (375316)_damaging,0,1.7207130099098425e-05,1188.5,413.7910100521759,0.0,damaging,RBM44
ENPP3 (5169)_damaging,0,5.943283937183845e-05,1192.0,,0.0,damaging,ENPP3
HDAC5 (10014)_damaging,0,5.912859345010993e-05,1195.0,,0.0,damaging,HDAC5
CCDC171 (203238)_damaging,0,2.4130138060575167e-05,1196.0,131.52186130069785,0.0,damaging,CCDC171
NPHP3 (27031)_damaging,0,3.129879625989204e-05,1197.0,,0.0,damaging,NPHP3
PLCB3 (5331)_damaging,0,1.0070245593128052e-05,1197.75,435.73491559280245,0.0,damaging,PLCB3
ITGAM (3684)_damaging,0,3.1180362728377475e-05,1200.0,,0.0,damaging,ITGAM
PCDH19 (57526)_damaging,0,1.5506375243513413e-05,1200.0,360.05346825159177,0.0,damaging,PCDH19
ZMYM1 (79830)_damaging,0,1.1808831511464043e-05,1200.0,388.2029108597719,0.0,damaging,ZMYM1
EPHB4 (2050)_damaging,0,5.348105606568751e-05,1202.0,,0.0,damaging,EPHB4
TICAM1 (148022)_damaging,0,1.314973604415759e-05,1202.0,379.89472225868053,0.0,damaging,TICAM1
GCC2 (9648)_damaging,0,5.829514995283698e-05,1203.0,,0.0,damaging,GCC2
SYNGAP1 (8831)_damaging,0,1.7630853199959158e-05,1206.0,,0.0,damaging,SYNGAP1
PROM2 (150696)_damaging,0,3.514552038042237e-05,1206.6666666666667,40.67349669420286,0.0,damaging,PROM2
OR51E2 (81285)_damaging,0,3.168106906190324e-05,1208.3333333333333,365.7681414958571,0.0,damaging,OR51E2
DIP2B (57609)_damaging,0,3.879156557698251e-05,1209.0,133.53401564145867,0.0,damaging,DIP2B
PARP14 (54625)_damaging,0,5.7826066495250466e-05,1209.0,,0.0,damaging,PARP14
AP3B2 (8120)_damaging,0,5.469182684482619e-05,1212.5,24.748737341529164,0.0,damaging,AP3B2
HERC5 (51191)_damaging,0,2.919640802826467e-05,1214.0,,0.0,damaging,HERC5
SYNJ1 (8867)_damaging,0,1.8446480058310557e-05,1219.5,267.9934700697015,0.0,damaging,SYNJ1
OTUD7B (56957)_damaging,0,5.178535029558058e-05,1220.0,,0.0,damaging,OTUD7B
MUC6 (4588)_damaging,0,5.615201232686754e-05,1222.0,,0.0,damaging,MUC6
LEPR (3953)_damaging,0,3.6596053313828714e-05,1223.0,173.10690338631792,0.0,damaging,LEPR
NHS (4810)_damaging,0,3.6690134404931245e-05,1223.75,98.55074834824947,0.0,damaging,NHS
ATP2B4 (493)_damaging,0,1.0969167722763405e-05,1225.6,373.5917557976889,0.0,damaging,ATP2B4
ZC3H7B (23264)_damaging,0,1.0415113086209213e-05,1226.4,376.1306953706384,0.0,damaging,ZC3H7B
DEUP1 (159989)_damaging,0,2.101629478408132e-05,1229.5,55.86143571373726,0.0,damaging,DEUP1
COL17A1 (1308)_damaging,0,5.549290241643504e-05,1232.0,,0.0,damaging,COL17A1
TUT7 (79670)_damaging,0,5.0278697014526475e-05,1232.0,,0.0,damaging,TUT7
PHKA1 (5255)_damaging,0,3.8473336973668745e-05,1233.0,69.29646455628166,0.0,damaging,PHKA1
MAP4K1 (11184)_damaging,0,1.4351359944847657e-05,1235.0,,0.0,damaging,MAP4K1
DIAPH3 (81624)_damaging,0,3.457627055488445e-05,1237.0,4.242640687119285,0.0,damaging,DIAPH3
COL4A1 (1282)_damaging,0,6.328002960700527e-06,1241.0,453.01066948435846,0.0,damaging,COL4A1
ZNF735 (730291)_damaging,0,1.1883494802583978e-05,1245.0,,0.0,damaging,ZNF735
MIS18BP1 (55320)_damaging,0,4.8775718399355066e-05,1246.0,,0.0,damaging,MIS18BP1
SCN5A (6331)_damaging,0,3.8034081375150164e-05,1246.3333333333333,36.01851375797362,0.0,damaging,SCN5A
SMG1 (23049)_damaging,0,3.765201551628484e-05,1248.3333333333333,61.20729803980348,0.0,damaging,SMG1
HEATR1 (55127)_damaging,0,2.5567266030478375e-05,1250.0,,0.0,damaging,HEATR1
RANBP2 (5903)_damaging,0,4.8019514076077275e-05,1251.0,,0.0,damaging,RANBP2
NOX5 (79400)_damaging,0,2.941251568434888e-05,1252.6666666666667,101.51026220699724,0.0,damaging,NOX5
TMEM131 (23505)_damaging,0,4.135272691524898e-05,1257.3333333333333,92.86728882299369,0.0,damaging,TMEM131
HECW1 (23072)_damaging,0,3.177192068047071e-05,1260.75,128.40138888137724,0.0,damaging,HECW1
PSD (5662)_damaging,0,2.4832827307595693e-05,1261.6666666666667,153.8841555629862,0.0,damaging,PSD
SLC9C2 (284525)_damaging,0,9.528916595996703e-06,1266.0,,0.0,damaging,SLC9C2
OR4A15 (81328)_damaging,0,8.44308689103466e-06,1274.0,,0.0,damaging,OR4A15
SLC5A7 (60482)_damaging,0,4.942515619026172e-05,1274.0,,0.0,damaging,SLC5A7
LAMC3 (10319)_damaging,0,4.500091783303215e-05,1276.0,,0.0,damaging,LAMC3
TRPM4 (54795)_damaging,0,3.8008940943642046e-05,1276.0,100.7323185477233,0.0,damaging,TRPM4
ZSWIM6 (57688)_damaging,0,4.481248606830652e-05,1280.0,,0.0,damaging,ZSWIM6
SLF2 (55719)_damaging,0,4.337438025592319e-05,1281.0,186.67619023324855,0.0,damaging,SLF2
NOP58 (51602)_damaging,0,7.635737591424492e-06,1282.0,,0.0,damaging,NOP58
GRIN2D (2906)_damaging,0,3.3069642218447745e-05,1283.0,202.08166665979377,0.0,damaging,GRIN2D
PIK3R3 (8503)_damaging,0,2.966960668674556e-05,1283.3333333333333,326.12931995350147,0.0,damaging,PIK3R3
GIGYF2 (26058)_damaging,0,2.2016420023822442e-05,1283.6666666666667,120.5833045381214,0.0,damaging,GIGYF2
ADAMTS5 (11096)_damaging,0,4.6003125003543784e-05,1288.5,118.08683245815344,0.0,damaging,ADAMTS5
CFH (3075)_damaging,0,3.0892846713332126e-05,1288.5,180.31222920256963,0.0,damaging,CFH
MYRFL (196446)_damaging,0,2.2395686847044074e-06,1291.0,,0.0,damaging,MYRFL
ADGRB1 (575)_damaging,0,2.6824932365556573e-05,1294.0,36.76955262170047,0.0,damaging,ADGRB1
CYC1 (1537)_damaging,0,3.1753990299636266e-05,1297.3333333333333,150.28750225262687,0.0,damaging,CYC1
ZNRF3 (84133)_damaging,0,3.3303903705574745e-05,1299.0,134.35028842544403,0.0,damaging,ZNRF3
CACNA1F (778)_damaging,0,2.4687495379297034e-05,1303.0,298.3990616607231,0.0,damaging,CACNA1F
CDKL3 (51265)_damaging,0,4.157679048076427e-05,1309.0,,0.0,damaging,CDKL3
ADAMTSL1 (92949)_damaging,0,4.063009049791402e-05,1312.0,,0.0,damaging,ADAMTSL1
SLIT3 (6586)_damaging,0,1.8963766930081146e-05,1317.0,25.45584412271571,0.0,damaging,SLIT3
SEC14L5 (9717)_damaging,0,2.76249698714642e-05,1319.0,45.254833995939045,0.0,damaging,SEC14L5
DNA2 (1763)_damaging,0,2.7106867263291548e-05,1321.0,185.32943640986986,0.0,damaging,DNA2
FANCA (2175)_damaging,0,2.159955915083391e-05,1323.5,223.8042299272588,0.0,damaging,FANCA
ZBTB21 (49854)_damaging,0,3.1483166572376935e-05,1325.3333333333333,205.134914954362,0.0,damaging,ZBTB21
SPAG6 (9576)_damaging,0,2.1896502195120492e-05,1328.0,176.7766952966369,0.0,damaging,SPAG6
HYOU1 (10525)_damaging,0,2.6493999010993764e-05,1331.0,59.39696961966999,0.0,damaging,HYOU1
SLC4A11 (83959)_damaging,0,1.429374559833144e-05,1331.0,,0.0,damaging,SLC4A11
SLC6A19 (340024)_damaging,0,4.299846942154397e-05,1332.0,,0.0,damaging,SLC6A19
NWD1 (284434)_damaging,0,4.2998215286151e-05,1333.0,,0.0,damaging,NWD1
RNF111 (54778)_damaging,0,4.2796165603568315e-05,1336.0,,0.0,damaging,RNF111
WWOX (51741)_damaging,0,3.736619336531889e-05,1338.0,,0.0,damaging,WWOX
ADARB2 (105)_damaging,0,1.2866532965301216e-05,1341.0,,0.0,damaging,ADARB2
TCERG1 (10915)_damaging,0,2.5139098479430493e-05,1343.3333333333333,219.62088546705507,0.0,damaging,TCERG1
FBLN2 (2199)_damaging,0,1.2189989345943926e-05,1344.0,,0.0,damaging,FBLN2
ANO5 (203859)_damaging,0,2.671685629720933e-05,1345.5,40.30508652763321,0.0,damaging,ANO5
SDK1 (221935)_damaging,0,1.6747885541209176e-05,1346.6666666666667,113.23132664299808,0.0,damaging,SDK1
CDH16 (1014)_damaging,0,4.0988076719863746e-05,1352.0,,0.0,damaging,CDH16
PHF14 (9678)_damaging,0,3.509734974668716e-05,1354.0,,0.0,damaging,PHF14
PHF21A (51317)_damaging,0,3.348954610994098e-05,1366.0,,0.0,damaging,PHF21A
G2E3 (55632)_damaging,0,9.404173495185996e-06,1367.0,,0.0,damaging,G2E3
MRTFA (57591)_damaging,0,9.304603821304625e-06,1370.0,,0.0,damaging,MRTFA
GPR161 (23432)_damaging,0,6.102134712955939e-07,1384.0,128.69343417595164,0.0,damaging,GPR161
DOCK1 (1793)_damaging,0,1.0607592840235807e-05,1385.6666666666667,90.88637595004728,0.0,damaging,DOCK1
OSBPL1A (114876)_damaging,0,1.2275099564527047e-05,1387.0,123.03657992645927,0.0,damaging,OSBPL1A
TOPAZ1 (375337)_damaging,0,2.4545625497385295e-05,1389.6666666666667,99.61090971039938,0.0,damaging,TOPAZ1
ANKFN1 (162282)_damaging,0,3.6480418306919725e-05,1391.0,,0.0,damaging,ANKFN1
CACNA1G (8913)_damaging,0,1.8814604286446355e-05,1398.0,25.45584412271571,0.0,damaging,CACNA1G
IGSF9 (57549)_damaging,0,3.5582144704343925e-05,1399.0,,0.0,damaging,IGSF9
PIWIL1 (9271)_damaging,0,3.541023892727863e-05,1401.0,,0.0,damaging,PIWIL1
GBA2 (57704)_damaging,0,2.6147698397223048e-05,1404.0,,0.0,damaging,GBA2
STXBP5 (134957)_damaging,0,1.8652163667472086e-05,1407.3333333333333,151.06400409539435,0.0,damaging,STXBP5
DENND4B (9909)_damaging,0,8.245622287791725e-06,1413.0,159.80613254815975,0.0,damaging,DENND4B
BRD10 (158358)_damaging,0,0.0,1416.0,,0.0,damaging,BRD10
CTNND2 (1501)_damaging,0,0.0,1416.0,,0.0,damaging,CTNND2
PDE3A (5139)_damaging,0,3.3338990353257e-05,1416.0,,0.0,damaging,PDE3A
PPP1R10 (5514)_damaging,0,0.0,1416.0,,0.0,damaging,PPP1R10
TNS2 (23371)_damaging,0,0.0,1416.0,,0.0,damaging,TNS2
ABCC5 (10057)_damaging,0,3.310148800579051e-05,1417.0,,0.0,damaging,ABCC5
SEC16A (9919)_damaging,0,2.3061865442137962e-05,1418.0,,0.0,damaging,SEC16A
ARHGAP30 (257106)_damaging,0,2.2973430798737654e-05,1421.0,,0.0,damaging,ARHGAP30
CD58 (965)_damaging,0,1.6585633510330852e-05,1424.0,77.78174593052023,0.0,damaging,CD58
TIMD4 (91937)_damaging,0,2.1342911585452434e-05,1426.0,,0.0,damaging,TIMD4
ERC2 (26059)_damaging,0,2.110060145829759e-05,1427.0,,0.0,damaging,ERC2
AHDC1 (27245)_damaging,0,2.6608533251139043e-05,1429.5,41.71930009000631,0.0,damaging,AHDC1
USP8 (9101)_damaging,0,0.0,1432.5,187.3832970144351,0.0,damaging,USP8
POSTN (10631)_damaging,0,1.975636327363109e-05,1435.0,,0.0,damaging,POSTN
TUBGCP2 (10844)_damaging,0,1.736306053588718e-05,1441.0,,0.0,damaging,TUBGCP2
ABCA1 (19)_damaging,0,1.3171793363888538e-05,1452.0,,0.0,damaging,ABCA1
PCDHB6 (56130)_damaging,0,2.6990550097151347e-05,1453.0,,0.0,damaging,PCDHB6
NFKBIZ (64332)_damaging,0,1.2461826072135405e-05,1455.0,,0.0,damaging,NFKBIZ
AMER3 (205147)_damaging,0,2.6010741610507545e-05,1461.0,,0.0,damaging,AMER3
CHERP (10523)_damaging,0,8.725282845153429e-06,1461.0,,0.0,damaging,CHERP
UGT2B4 (7363)_damaging,0,2.5613970470384816e-05,1463.0,,0.0,damaging,UGT2B4
TUT4 (23318)_damaging,0,7.14082329619658e-06,1467.0,,0.0,damaging,TUT4
ZC3H14 (79882)_damaging,0,2.4946740600179414e-05,1469.0,,0.0,damaging,ZC3H14
TEX10 (54881)_damaging,0,2.4785563791111243e-05,1471.0,,0.0,damaging,TEX10
PHLDB1 (23187)_damaging,0,2.4685294179957177e-05,1473.0,,0.0,damaging,PHLDB1
CHSY3 (337876)_damaging,0,1.8992368506314795e-05,1477.0,63.63961030678928,0.0,damaging,CHSY3
SEC31B (25956)_damaging,0,2.265956192197734e-05,1489.0,,0.0,damaging,SEC31B
PDE6C (5146)_damaging,0,2.0346665659559078e-05,1506.0,,0.0,damaging,PDE6C
DNAI3 (126820)_damaging,0,1.9911360295009234e-05,1510.0,,0.0,damaging,DNAI3
MPRIP (23164)_damaging,0,6.3307174822630705e-06,1511.5,67.17514421272202,0.0,damaging,MPRIP
GNAS (2778)_damaging,0,1.9216612421343974e-05,1513.0,,0.0,damaging,GNAS
PAN3 (255967)_damaging,0,1.6008815122802253e-05,1529.0,,0.0,damaging,PAN3
EML3 (256364)_damaging,0,1.3835841116305231e-05,1535.0,,0.0,damaging,EML3
STRA6 (64220)_damaging,0,1.2583757874055083e-05,1540.0,,0.0,damaging,STRA6
MPHOSPH9 (10198)_damaging,0,1.1785811156260145e-05,1545.0,,0.0,damaging,MPHOSPH9
