feature,n_folds_selected,mean_importance,mean_rank,rank_std,selection_freq,kind,gene
TP53 (7157)_damaging,5,0.650133839582838,1.0,0.0,1.0,damaging,TP53
BRAF (673)_hotspot,5,0.24613981044880048,2.2,0.447213595499958,1.0,hotspot,BRAF
ID3 (3399)_damaging,5,0.18643196954915847,4.6,2.3021728866442674,1.0,damaging,ID3
SIG:C[T>C]G,5,0.17618817682985907,4.6,1.9493588689617927,1.0,damaging,SIG:C[T>C]G
SIG:G[C>T]C,5,0.1572368653767183,5.8,2.2803508501982757,1.0,damaging,SIG:G[C>T]C
SIG:T[C>A]C,5,0.1707106110068429,6.0,3.0,1.0,damaging,SIG:T[C>A]C
TERT (7015)_hotspot,5,0.14847139590358144,8.2,3.7013511046643495,1.0,hotspot,TERT
CREBBP (1387)_damaging,5,0.12386557665168363,10.6,6.024948132556827,1.0,damaging,CREBBP
SIG:C[C>T]G,5,0.09780482632227579,15.0,5.291502622129181,1.0,damaging,SIG:C[C>T]G
SIG:A[C>T]T,5,0.10067906888396812,16.4,7.76530746332687,1.0,damaging,SIG:A[C>T]T
SIG:G[T>C]G,4,0.10883067558534061,14.2,11.366617790706258,0.8,damaging,SIG:G[T>C]G
LRP1B (53353)_damaging,4,0.0717324027179978,28.4,17.271363582531635,0.8,damaging,LRP1B
DIDO1 (11083)_damaging,4,0.06475691319599897,30.0,10.677078252031313,0.8,damaging,DIDO1
SIG:C[T>A]T,4,0.07873102735905704,33.2,40.31376935986016,0.8,damaging,SIG:C[T>A]T
SIG:C[C>A]A,3,0.07894803052565397,26.8,18.143869488066763,0.6,damaging,SIG:C[C>A]A
SIG:C[C>G]T,3,0.07638500401926338,29.4,25.744902408049636,0.6,damaging,SIG:C[C>G]T
NF2 (4771)_damaging,3,0.07730034067760536,31.6,18.487833837418595,0.6,damaging,NF2
SIN3A (25942)_damaging,3,0.05745029869922601,38.6,19.692638218379983,0.6,damaging,SIN3A
BCOR (54880)_damaging,3,0.061537942329214654,41.6,33.1858403539823,0.6,damaging,BCOR
SIG:A[C>A]A,3,0.06290227820401254,41.8,39.34717270656178,0.6,damaging,SIG:A[C>A]A
SEMA3E (9723)_damaging,3,0.06151453884371964,42.6,36.28084894265844,0.6,damaging,SEMA3E
GPATCH8 (23131)_damaging,2,0.08766029394552911,21.0,13.856406460551018,0.4,damaging,GPATCH8
CCND3 (896)_damaging,2,0.0681490101734974,31.8,16.48332490731163,0.4,damaging,CCND3
GNA13 (10672)_damaging,2,0.06872679996457272,32.6,17.88295277631745,0.4,damaging,GNA13
SIG:C[T>C]C,2,0.06341490634821709,37.4,18.796276226955168,0.4,damaging,SIG:C[T>C]C
STAB2 (55576)_damaging,2,0.054486767718431285,45.4,24.84552273549502,0.4,damaging,STAB2
EZH2 (2146)_hotspot,2,0.047047580276720825,50.0,38.118237105091836,0.4,hotspot,EZH2
TGFBR2 (7048)_damaging,2,0.05712983808538894,51.2,37.98947222586805,0.4,damaging,TGFBR2
SIG:T[C>G]A,2,0.06546900476648895,52.0,45.403744338985966,0.4,damaging,SIG:T[C>G]A
FREM2 (341640)_damaging,2,0.05070340961451895,52.6,45.533504148044656,0.4,damaging,FREM2
SIG:T[T>C]G,2,0.04566639725273687,65.6,50.62410493035902,0.4,damaging,SIG:T[T>C]G
DGKH (160851)_damaging,2,0.03701058593814375,79.8,58.04481027619954,0.4,damaging,DGKH
SIG:G[C>T]T,2,0.029304410828016055,91.8,59.28490533010911,0.4,damaging,SIG:G[C>T]T
PITRM1 (10531)_damaging,1,0.05965257821154815,36.25,11.87083260208258,0.2,damaging,PITRM1
SIG:G[T>G]G,1,0.05632277923974194,39.8,12.755391017134675,0.2,damaging,SIG:G[T>G]G
MTOR (2475)_hotspot,1,0.05270379407867941,45.6,17.770762504743573,0.2,hotspot,MTOR
STK31 (56164)_damaging,1,0.0542486980717682,49.5,39.619019001821165,0.2,damaging,STK31
FAT2 (2196)_damaging,1,0.04731503848699199,61.2,34.061708706405206,0.2,damaging,FAT2
NRAS (4893)_hotspot,1,0.04335108398563793,62.2,49.20060975231913,0.2,hotspot,NRAS
SIG:A[T>C]T,1,0.040266629472270846,66.8,49.65581536940059,0.2,damaging,SIG:A[T>C]T
MUC12 (10071)_damaging,1,0.039758648382552775,67.0,36.39597047293377,0.2,damaging,MUC12
SIG:G[T>G]A,1,0.037637601556311566,72.8,51.04115986142948,0.2,damaging,SIG:G[T>G]A
ADCY10 (55811)_damaging,1,0.03892852446096635,77.66666666666667,52.54839039716948,0.2,damaging,ADCY10
RB1 (5925)_hotspot,1,0.04182469777162613,79.4,63.86156903803727,0.2,hotspot,RB1
SIG:A[T>A]A,1,0.03623419480868301,81.2,62.19083533769264,0.2,damaging,SIG:A[T>A]A
SIG:A[C>G]C,1,0.03723240151687645,84.8,61.734917186305516,0.2,damaging,SIG:A[C>G]C
NPAT (4863)_damaging,1,0.032704971977172134,85.0,64.73407139984322,0.2,damaging,NPAT
ARAP2 (116984)_damaging,1,0.03290363819984331,85.5,85.55992052357225,0.2,damaging,ARAP2
SIG:A[C>A]G,1,0.035149871710264055,88.4,64.21292704744116,0.2,damaging,SIG:A[C>A]G
MUC5B (727897)_damaging,1,0.029937987223875268,92.2,61.48739708265426,0.2,damaging,MUC5B
AEBP1 (165)_damaging,1,0.03049014236182048,92.8,57.87659285065077,0.2,damaging,AEBP1
SLK (9748)_damaging,1,0.02644430076080645,94.6,55.5409758646713,0.2,damaging,SLK
MEGF6 (1953)_damaging,1,0.029763043392560952,95.6,58.65407061747718,0.2,damaging,MEGF6
ITGB4 (3691)_damaging,1,0.03201264222086257,97.2,66.26990267082033,0.2,damaging,ITGB4
MDGA2 (161357)_damaging,1,0.02802838732095857,97.8,53.56958092051869,0.2,damaging,MDGA2
FHOD3 (80206)_damaging,1,0.02252773205826659,98.0,51.812160734715555,0.2,damaging,FHOD3
ABL2 (27)_damaging,1,0.03483221496748649,98.4,71.3463383783639,0.2,damaging,ABL2
PITX1 (5307)_damaging,1,0.022822135658325426,104.0,51.57518783291051,0.2,damaging,PITX1
SCNN1B (6338)_damaging,1,0.022914118579019184,104.0,64.32728814430156,0.2,damaging,SCNN1B
SIG:G[C>T]G,1,0.026160833743647915,104.6,54.47292905655065,0.2,damaging,SIG:G[C>T]G
DNAH5 (1767)_damaging,1,0.024864303181400055,105.2,65.68637606079362,0.2,damaging,DNAH5
NF1 (4763)_hotspot,1,0.02193052922021687,105.2,59.208952025855005,0.2,hotspot,NF1
PTPRC (5788)_damaging,1,0.023831735827999675,108.6,62.79171919927022,0.2,damaging,PTPRC
ARFGEF1 (10565)_damaging,1,0.02033610181041881,111.2,61.43858722334035,0.2,damaging,ARFGEF1
SIG:C[C>G]A,1,0.017554194785259915,113.4,57.37856742721972,0.2,damaging,SIG:C[C>G]A
CDH7 (1005)_damaging,1,0.015488367047637574,121.0,57.61076288333631,0.2,damaging,CDH7
DNM2 (1785)_damaging,1,0.02064276533329078,121.25,65.34714989959394,0.2,damaging,DNM2
UNC80 (285175)_damaging,1,0.015243959432070107,124.4,58.96015603778538,0.2,damaging,UNC80
SIG:A[C>A]C,1,0.01540012062678681,124.8,54.25587525789257,0.2,damaging,SIG:A[C>A]C
TTC6 (319089)_damaging,1,0.014678695564605956,124.8,58.074951571223885,0.2,damaging,TTC6
KDM6A (7403)_damaging,1,0.01384632583825276,125.8,58.02327119354785,0.2,damaging,KDM6A
RGS22 (26166)_damaging,1,0.01262822965212767,125.8,55.86322582880441,0.2,damaging,RGS22
WDR7 (23335)_damaging,0,0.05215903495444539,39.0,,0.0,damaging,WDR7
CC2D2A (57545)_damaging,0,0.04934984347954215,46.0,,0.0,damaging,CC2D2A
PPP2R1A (5518)_damaging,0,0.04734632372930064,47.0,,0.0,damaging,PPP2R1A
KIAA1217 (56243)_damaging,0,0.047035100934499655,49.0,,0.0,damaging,KIAA1217
MPL (4352)_damaging,0,0.04081450118762616,53.0,,0.0,damaging,MPL
MYO3B (140469)_damaging,0,0.04022291916045582,55.0,,0.0,damaging,MYO3B
FOXO1 (2308)_damaging,0,0.03956389818616802,57.0,,0.0,damaging,FOXO1
RNF17 (56163)_damaging,0,0.04028322951460636,61.333333333333336,24.13158373031769,0.0,damaging,RNF17
FBXO11 (80204)_damaging,0,0.03876202384218247,64.0,8.48528137423857,0.0,damaging,FBXO11
TNFAIP3 (7128)_damaging,0,0.032302422696948246,66.66666666666667,18.876793513023696,0.0,damaging,TNFAIP3
HNRNPUL1 (11100)_damaging,0,0.03473333964467559,67.25,28.616720054308576,0.0,damaging,HNRNPUL1
APC (324)_damaging,0,0.033078823623273176,69.6,19.806564568344506,0.0,damaging,APC
MIA2 (4253)_damaging,0,0.031124394261090566,70.75,7.973915809270458,0.0,damaging,MIA2
NYNRIN (57523)_damaging,0,0.03414327255219331,72.0,32.48076353782343,0.0,damaging,NYNRIN
MT-ND4 (4538)_damaging,0,0.03195945370067389,78.0,43.87482193696061,0.0,damaging,MT-ND4
MAP2K1 (5604)_hotspot,0,0.022647036061136744,79.0,,0.0,hotspot,MAP2K1
CCNQ (92002)_damaging,0,0.022585225805998727,80.0,,0.0,damaging,CCNQ
TAL1 (6886)_damaging,0,0.029704376051408743,84.2,50.4846511327948,0.0,damaging,TAL1
SPAG8 (26206)_damaging,0,0.026860760475046836,85.0,39.67366884975475,0.0,damaging,SPAG8
C2orf81 (388963)_hotspot,0,0.028148105177324988,85.8,34.390405638782454,0.0,hotspot,C2orf81
PRMT8 (56341)_damaging,0,0.025722883592566463,86.0,,0.0,damaging,PRMT8
GOLGA4 (2803)_damaging,0,0.0273995652049277,86.8,44.007953826552765,0.0,damaging,GOLGA4
THBS2 (7058)_damaging,0,0.0186366066249389,87.0,,0.0,damaging,THBS2
FES (2242)_damaging,0,0.02620313605159318,87.4,50.77203954934251,0.0,damaging,FES
TBCK (93627)_damaging,0,0.017980510378491393,90.0,,0.0,damaging,TBCK
HLA-A (3105)_damaging,0,0.026231156383390408,91.4,49.25748674059609,0.0,damaging,HLA-A
KRAS (3845)_hotspot,0,0.02144814641606576,93.0,33.391615714128,0.0,hotspot,KRAS
PARD3B (117583)_damaging,0,0.020905859407510625,93.0,18.520259177452136,0.0,damaging,PARD3B
GLG1 (2734)_damaging,0,0.021392908139167468,95.0,33.71943060017473,0.0,damaging,GLG1
ASXL1 (171023)_damaging,0,0.024386698316537662,95.6,56.85332004377581,0.0,damaging,ASXL1
SALL1 (6299)_damaging,0,0.02279565067909046,95.6,46.55963917385959,0.0,damaging,SALL1
GRIA4 (2893)_damaging,0,0.01913451523690841,97.0,,0.0,damaging,GRIA4
PTPRB (5787)_damaging,0,0.02147417915101088,97.75,40.30198506277327,0.0,damaging,PTPRB
CEP128 (145508)_damaging,0,0.020674857499341427,98.75,42.31134599608006,0.0,damaging,CEP128
CIT (11113)_damaging,0,0.019099256522954744,98.75,38.421998906876254,0.0,damaging,CIT
SCN7A (6332)_damaging,0,0.02254033978497124,99.2,53.47148772944325,0.0,damaging,SCN7A
RAD50 (10111)_damaging,0,0.021202938038722398,99.8,52.41850818174817,0.0,damaging,RAD50
SHOC1 (158401)_damaging,0,0.02172157499265854,100.5,54.44722215136416,0.0,damaging,SHOC1
FAT1 (2195)_damaging,0,0.01878752924507354,100.6,43.91810560577494,0.0,damaging,FAT1
CEP170B (283638)_damaging,0,0.013701444392839338,102.0,,0.0,damaging,CEP170B
RHBDF2 (79651)_damaging,0,0.01980161308888781,102.0,,0.0,damaging,RHBDF2
SMARCA2 (6595)_damaging,0,0.018010638788101316,102.0,33.77375707064091,0.0,damaging,SMARCA2
FLT4 (2324)_damaging,0,0.01762110581210331,102.4,41.3073843277446,0.0,damaging,FLT4
PTPRT (11122)_damaging,0,0.019327780467766793,102.4,50.00299991000541,0.0,damaging,PTPRT
SIG:G[T>G]C,0,0.02197863303445515,102.4,53.22875162917124,0.0,damaging,SIG:G[T>G]C
QKI (9444)_damaging,0,0.020129708489453835,103.6,48.70626243102626,0.0,damaging,QKI
CACNA1D (776)_damaging,0,0.019059686443525455,105.0,49.7058011369565,0.0,damaging,CACNA1D
SLC4A10 (57282)_damaging,0,0.018502493541530114,106.2,49.38825771375216,0.0,damaging,SLC4A10
HIPK3 (10114)_damaging,0,0.018778988710596693,106.5,55.86143571373726,0.0,damaging,HIPK3
CIITA (4261)_damaging,0,0.01791193036964091,107.0,,0.0,damaging,CIITA
MROH2B (133558)_damaging,0,0.022590280535352284,107.2,58.76818867380549,0.0,damaging,MROH2B
CMYA5 (202333)_damaging,0,0.020208710744503845,107.8,61.09582637136517,0.0,damaging,CMYA5
SMAD4 (4089)_hotspot,0,0.017704787779227436,108.4,53.24753515422099,0.0,hotspot,SMAD4
HPS3 (84343)_damaging,0,0.016380412148489055,108.5,27.910571473905723,0.0,damaging,HPS3
TERT (7015)_damaging,0,0.01685380514474812,108.75,36.98085090061251,0.0,damaging,TERT
GRM8 (2918)_damaging,0,0.017493814350402294,108.8,52.68491245128912,0.0,damaging,GRM8
NOBOX (135935)_damaging,0,0.018869201581717805,109.2,51.89123240008855,0.0,damaging,NOBOX
DNAH9 (1770)_damaging,0,0.01610931771151139,109.4,45.81266200517058,0.0,damaging,DNAH9
ADAM22 (53616)_damaging,0,0.01522518769154823,109.5,57.27564927611035,0.0,damaging,ADAM22
TTN (7273)_damaging,0,0.015996670196281877,109.6,44.76382468020354,0.0,damaging,TTN
KALRN (8997)_damaging,0,0.01808874940136341,109.8,51.46066458956783,0.0,damaging,KALRN
LRBA (987)_damaging,0,0.014615376580063894,110.5,25.877918514955304,0.0,damaging,LRBA
MYH7B (57644)_damaging,0,0.019368579498559947,110.8,58.772442521984736,0.0,damaging,MYH7B
ADGRL2 (23266)_damaging,0,0.015874889528264248,111.6,49.58124645468285,0.0,damaging,ADGRL2
GABRA6 (2559)_damaging,0,0.011452509350220689,112.0,46.66904755831214,0.0,damaging,GABRA6
NBAS (51594)_damaging,0,0.012787903590271443,112.2,33.32716609614445,0.0,damaging,NBAS
SIG:A[T>G]A,0,0.015575433719867054,112.8,46.4133601455443,0.0,damaging,SIG:A[T>G]A
SIG:A[T>G]C,0,0.01836478269506305,112.8,56.433146288329525,0.0,damaging,SIG:A[T>G]C
KMT2D (8085)_damaging,0,0.011694983094908093,114.6,22.81008548866049,0.0,damaging,KMT2D
PKHD1 (5314)_damaging,0,0.012404919855039928,114.8,32.96513309543888,0.0,damaging,PKHD1
NR3C1 (2908)_damaging,0,0.010111941068792693,116.5,41.71930009000631,0.0,damaging,NR3C1
GTF3C1 (2975)_damaging,0,0.01389354098476111,117.0,35.46124645299429,0.0,damaging,GTF3C1
NF1 (4763)_damaging,0,0.014503439854745222,117.2,49.48434095751907,0.0,damaging,NF1
ATP13A5 (344905)_damaging,0,0.011160864564327517,117.33333333333333,12.34233905438241,0.0,damaging,ATP13A5
BSN (8927)_damaging,0,0.010767869154063248,117.4,29.03101789465881,0.0,damaging,BSN
HLA-B (3106)_damaging,0,0.0149558703974808,117.6,48.93669379923413,0.0,damaging,HLA-B
ATRX (546)_damaging,0,0.012786371616269946,117.8,38.03550972446669,0.0,damaging,ATRX
SYTL2 (54843)_damaging,0,0.011160951907557951,117.8,28.682747427678542,0.0,damaging,SYTL2
CD109 (135228)_damaging,0,0.012666112325635763,118.0,45.254833995939045,0.0,damaging,CD109
SIG:T[C>T]T,0,0.011313691882104553,118.6,30.336446726668566,0.0,damaging,SIG:T[C>T]T
ADGRG6 (57211)_damaging,0,0.007371700194451681,119.0,,0.0,damaging,ADGRG6
SIG:A[T>G]G,0,0.010688985324359416,119.4,31.996874847397205,0.0,damaging,SIG:A[T>G]G
THSD7B (80731)_damaging,0,0.011916803941342854,119.4,35.96943146617694,0.0,damaging,THSD7B
MYC (4609)_hotspot,0,0.011248101443029991,120.0,,0.0,hotspot,MYC
SIG:A[C>T]G,0,0.013203828629024018,121.0,43.56604182158393,0.0,damaging,SIG:A[C>T]G
FCGBP (8857)_damaging,0,0.012348096137147688,121.2,49.38319552236368,0.0,damaging,FCGBP
CYC1 (1537)_damaging,0,0.01095198327280563,121.5,14.849242404917497,0.0,damaging,CYC1
DIAPH2 (1730)_damaging,0,0.01087258662622056,121.8,44.25720280361153,0.0,damaging,DIAPH2
TOPBP1 (11073)_damaging,0,0.011122418623486986,122.2,34.888393485513205,0.0,damaging,TOPBP1
SIG:T[T>G]C,0,0.012097684545023257,122.4,42.29420764123617,0.0,damaging,SIG:T[T>G]C
CD93 (22918)_damaging,0,0.008222922968454305,123.0,27.184554438136374,0.0,damaging,CD93
SIG:C[C>A]T,0,0.0092631657983218,123.0,33.67491648096547,0.0,damaging,SIG:C[C>A]T
SIG:C[T>G]A,0,0.012447384133654942,123.0,44.35087372307337,0.0,damaging,SIG:C[T>G]A
ROBO2 (6092)_damaging,0,0.00987508410433707,123.6,30.40230254437976,0.0,damaging,ROBO2
NFIA (4774)_damaging,0,0.011963331601847139,123.75,57.24435925632032,0.0,damaging,NFIA
TMEM245 (23731)_damaging,0,0.009708401097649595,124.0,26.143832924802744,0.0,damaging,TMEM245
SIG:C[C>T]A,0,0.009224442740979364,124.6,35.104130811059825,0.0,damaging,SIG:C[C>T]A
GPR155 (151556)_damaging,0,0.008693718647795997,125.0,35.510561809129406,0.0,damaging,GPR155
SCN2A (6326)_damaging,0,0.008550891354174856,125.0,29.33428028774526,0.0,damaging,SCN2A
PLXNC1 (10154)_damaging,0,0.010414377320378589,125.75,44.070965498840614,0.0,damaging,PLXNC1
BAP1 (8314)_damaging,0,0.010648878240519155,126.0,50.84781214565677,0.0,damaging,BAP1
MAP3K4 (4216)_damaging,0,0.008360947727557638,126.0,39.3361580906592,0.0,damaging,MAP3K4
SCN4A (6329)_damaging,0,0.008279833764488282,126.4,28.37780823108085,0.0,damaging,SCN4A
ZAN (7455)_damaging,0,0.00789883413304161,126.8,22.971721746530015,0.0,damaging,ZAN
WWC2 (80014)_damaging,0,0.007357077607108493,127.75,31.351501824739863,0.0,damaging,WWC2
MYO9A (4649)_damaging,0,0.012615681164466397,127.8,53.597574571989725,0.0,damaging,MYO9A
OVCH1 (341350)_damaging,0,0.007815670216500602,127.8,26.696441710460217,0.0,damaging,OVCH1
ALPK2 (115701)_damaging,0,0.01268443583535665,128.2,53.237205035576395,0.0,damaging,ALPK2
NSD2 (7468)_damaging,0,0.011957969967822448,128.2,52.71337591162228,0.0,damaging,NSD2
PIK3C2B (5287)_damaging,0,0.011018342567792135,128.2,52.71337591162228,0.0,damaging,PIK3C2B
CRYBG3 (131544)_damaging,0,0.012555975576785065,128.4,52.79488611598665,0.0,damaging,CRYBG3
KCNQ1 (3784)_damaging,0,0.009189967859385638,128.5,47.892240150849766,0.0,damaging,KCNQ1
ABCB4 (5244)_damaging,0,0.006705463029498843,128.6,33.17077026540083,0.0,damaging,ABCB4
DNAH8 (1769)_damaging,0,0.008624447812045967,128.6,36.8822450509727,0.0,damaging,DNAH8
ASXL3 (80816)_damaging,0,0.008469463973128333,128.8,40.183329876952705,0.0,damaging,ASXL3
SIG:T[C>T]A,0,0.007439837844786787,128.8,33.11646116359657,0.0,damaging,SIG:T[C>T]A
SIG:C[T>A]G,0,0.009043877225923796,129.0,48.80061475022625,0.0,damaging,SIG:C[T>A]G
ZFP36L2 (678)_damaging,0,0.0119246592488472,129.0,51.468436929831086,0.0,damaging,ZFP36L2
COL7A1 (1294)_damaging,0,0.008859821440695057,129.2,48.36010752676218,0.0,damaging,COL7A1
TRIB3 (57761)_damaging,0,0.005426190862449982,129.5,4.949747468305833,0.0,damaging,TRIB3
BACH2 (60468)_damaging,0,0.00890590738045503,130.0,,0.0,damaging,BACH2
NFE2L2 (4780)_hotspot,0,0.009962777662273877,130.2,48.29803308624483,0.0,hotspot,NFE2L2
CNTN4 (152330)_damaging,0,0.00951191991845916,130.4,47.85707889121525,0.0,damaging,CNTN4
CSMD1 (64478)_damaging,0,0.010343929168198302,130.4,48.37664725877559,0.0,damaging,CSMD1
FREM1 (158326)_damaging,0,0.0062257910047578595,130.5,33.71943060017473,0.0,damaging,FREM1
IPO7 (10527)_damaging,0,0.009678043451635324,130.5,43.97347685442518,0.0,damaging,IPO7
LRP4 (4038)_damaging,0,0.007377286084661938,130.6,36.16351752802816,0.0,damaging,LRP4
VWA3B (200403)_damaging,0,0.009080294210941841,130.66666666666666,43.31666346030512,0.0,damaging,VWA3B
COL9A1 (1297)_damaging,0,0.007703087007143998,130.8,44.840829608739405,0.0,damaging,COL9A1
KMT2C (58508)_damaging,0,0.0066352950997827535,131.0,35.270384177096794,0.0,damaging,KMT2C
PLXDC2 (84898)_damaging,0,0.006686592141259714,131.0,25.98076211353316,0.0,damaging,PLXDC2
CACNA1H (8912)_damaging,0,0.0065795001448125025,131.2,34.82384240717845,0.0,damaging,CACNA1H
MME (4311)_damaging,0,0.00834180859504173,131.6,45.21393590476281,0.0,damaging,MME
SLCO1B3 (28234)_damaging,0,0.006858823628290759,131.66666666666666,27.537852736430512,0.0,damaging,SLCO1B3
GEMIN5 (25929)_damaging,0,0.004820726306831917,132.0,18.384776310850235,0.0,damaging,GEMIN5
TENM4 (26011)_damaging,0,0.007326370063730703,132.4,41.33158598457117,0.0,damaging,TENM4
OPHN1 (4983)_damaging,0,0.006151696454704985,132.5,28.005951748393286,0.0,damaging,OPHN1
DNMT1 (1786)_damaging,0,0.006064845416239829,132.75,39.584298233853616,0.0,damaging,DNMT1
ATP8A2 (51761)_damaging,0,0.005428933259103428,132.8,31.25219992256545,0.0,damaging,ATP8A2
CCDC178 (374864)_damaging,0,0.007005098373031484,133.25,39.20352875273687,0.0,damaging,CCDC178
TNR (7143)_damaging,0,0.005287535407679612,133.6,29.466930617219028,0.0,damaging,TNR
CEP350 (9857)_damaging,0,0.005236908055048446,133.8,29.020682280056754,0.0,damaging,CEP350
KIF5A (3798)_damaging,0,0.0049353985438753065,134.0,,0.0,damaging,KIF5A
SBF2 (81846)_damaging,0,0.007004983835822465,134.0,29.108990592827727,0.0,damaging,SBF2
SIG:G[T>A]C,0,0.005412150355114573,134.2,34.90988398720339,0.0,damaging,SIG:G[T>A]C
ASCC3 (10973)_damaging,0,0.0065856562630656505,134.4,39.57650818351715,0.0,damaging,ASCC3
CACNA1A (773)_damaging,0,0.0064083520637310265,134.4,39.06788962818442,0.0,damaging,CACNA1A
SIG:T[T>A]C,0,0.00605949689208189,134.6,33.11042132018256,0.0,damaging,SIG:T[T>A]C
GON4L (54856)_damaging,0,0.006002682344416236,134.75,38.70723446592381,0.0,damaging,GON4L
ADAMTS12 (81792)_damaging,0,0.006476253130744738,134.8,38.700129198750744,0.0,damaging,ADAMTS12
NLRC5 (84166)_damaging,0,0.0062266376256491975,134.8,33.72980877502866,0.0,damaging,NLRC5
MYCBP2 (23077)_damaging,0,0.004886015324369798,135.0,26.343879744638983,0.0,damaging,MYCBP2
SIG:A[T>C]A,0,0.00631174570706438,135.0,38.262252939417984,0.0,damaging,SIG:A[T>C]A
AXDND1 (126859)_damaging,0,0.005668545375036464,135.2,37.31889601796924,0.0,damaging,AXDND1
CTNNA1 (1495)_damaging,0,0.007396277266050552,135.2,37.31889601796924,0.0,damaging,CTNNA1
MTA1 (9112)_damaging,0,0.0051581693752871475,135.33333333333334,9.50438495292217,0.0,damaging,MTA1
CFAP54 (144535)_damaging,0,0.0072193010405114,135.4,36.8822450509727,0.0,damaging,CFAP54
SIPA1L2 (57568)_damaging,0,0.004314163633057373,135.5,23.101226518664905,0.0,damaging,SIPA1L2
ARID1A (8289)_damaging,0,0.004672460728217813,135.6,25.005999280172748,0.0,damaging,ARID1A
DOP1B (9980)_damaging,0,0.007077488561680384,135.6,36.44585024388922,0.0,damaging,DOP1B
FBXW7 (55294)_hotspot,0,0.0054868411552874245,135.6,36.44585024388922,0.0,hotspot,FBXW7
KDM6B (23135)_damaging,0,0.005204861591094369,135.8,11.755849607748477,0.0,damaging,KDM6B
CUL9 (23113)_damaging,0,0.004572965409258902,136.0,19.79898987322333,0.0,damaging,CUL9
MAP1B (4131)_damaging,0,0.005041281034316594,136.0,36.26752449965855,0.0,damaging,MAP1B
NUP214 (8021)_damaging,0,0.004432056621003046,136.0,15.540270267920056,0.0,damaging,NUP214
AHR (196)_damaging,0,0.004931801622020778,136.2,35.138298194420294,0.0,damaging,AHR
SIG:A[T>C]G,0,0.004283543867895344,136.8,31.10787681600916,0.0,damaging,SIG:A[T>C]G
SPEG (10290)_damaging,0,0.0042871596571740465,136.8,22.331591971912793,0.0,damaging,SPEG
FMN2 (56776)_damaging,0,0.005574174267890056,137.2,32.96513309543889,0.0,damaging,FMN2
NUGGC (389643)_damaging,0,0.0051501011079007255,137.6,24.2755020545405,0.0,damaging,NUGGC
SPTAN1 (6709)_damaging,0,0.004798130986827863,137.6,32.592944021674384,0.0,damaging,SPTAN1
ZNF236 (7776)_damaging,0,0.004153955025137469,137.6,32.09828655863113,0.0,damaging,ZNF236
PTPRG (5793)_damaging,0,0.002315747182525032,137.66666666666666,13.576941236277536,0.0,damaging,PTPRG
FASTKD5 (60493)_damaging,0,0.003968664155891728,138.0,29.180472922829747,0.0,damaging,FASTKD5
SIG:C[C>G]G,0,0.004423862125497194,138.2,26.836542251191755,0.0,damaging,SIG:C[C>G]G
FKBP15 (23307)_damaging,0,0.004369484176406943,138.25,31.89958202442993,0.0,damaging,FKBP15
MSH3 (4437)_damaging,0,0.004795416539609083,138.4,24.643457549621562,0.0,damaging,MSH3
VHL (7428)_hotspot,0,0.0039187600527315165,138.4,28.32490070591599,0.0,hotspot,VHL
DHX38 (9785)_damaging,0,0.0037277286093790165,138.8,27.471803726730435,0.0,damaging,DHX38
ZZEF1 (23140)_damaging,0,0.0036682963749473984,138.8,29.50762613291689,0.0,damaging,ZZEF1
SIG:T[T>G]T,0,0.004276688159765535,139.0,29.563490998188964,0.0,damaging,SIG:T[T>G]T
SIG:T[C>T]G,0,0.003493909388858864,139.2,12.397580409095966,0.0,damaging,SIG:T[C>T]G
LRRK2 (120892)_damaging,0,0.0035458697554514077,139.4,28.218788067526923,0.0,damaging,LRRK2
NSD1 (64324)_damaging,0,0.004139338437229205,139.4,26.197328108034224,0.0,damaging,NSD1
ITGA2 (3673)_damaging,0,0.0035816499373859056,139.5,7.7781745930520225,0.0,damaging,ITGA2
SIG:C[T>C]T,0,0.0041496509688462874,139.6,25.967287112827172,0.0,damaging,SIG:C[T>C]T
RNF43 (54894)_damaging,0,0.004070323008835507,139.8,27.842413688471765,0.0,damaging,RNF43
EIF5B (9669)_damaging,0,0.0041778372177839985,140.0,26.93510720231126,0.0,damaging,EIF5B
IQUB (154865)_damaging,0,0.00712184936018249,140.0,35.35533905932738,0.0,damaging,IQUB
ABCC9 (10060)_damaging,0,0.002773564740170365,140.2,15.319921670818035,0.0,damaging,ABCC9
ARID5B (84159)_damaging,0,0.0030726896559178213,140.2,14.77159436215333,0.0,damaging,ARID5B
DSP (1832)_damaging,0,0.0030690038011120567,140.2,24.50918195289267,0.0,damaging,DSP
SIG:A[T>C]C,0,0.003188626967188711,140.2,26.508489206290125,0.0,damaging,SIG:A[T>C]C
SETBP1 (26040)_damaging,0,0.0036521464172739318,140.4,20.0074985942771,0.0,damaging,SETBP1
SBNO1 (55206)_damaging,0,0.0029889052903298336,140.6,23.67065694060898,0.0,damaging,SBNO1
MRC2 (9902)_damaging,0,0.003338156534287304,140.75,13.301002468485853,0.0,damaging,MRC2
HUWE1 (10075)_damaging,0,0.003023492051604078,140.8,13.442470011125186,0.0,damaging,HUWE1
PLCE1 (51196)_damaging,0,0.0031189648186462932,140.8,25.23291501194422,0.0,damaging,PLCE1
CDKN2A (1029)_damaging,0,0.003212447808239044,141.0,19.013153341831543,0.0,damaging,CDKN2A
EXD3 (54932)_damaging,0,0.0024800842677216843,141.0,7.810249675906654,0.0,damaging,EXD3
SIG:G[C>A]T,0,0.0028619161085950305,141.0,12.999999999999998,0.0,damaging,SIG:G[C>A]T
TLE4 (7091)_damaging,0,0.0024813354144978747,141.0,9.345230512584122,0.0,damaging,TLE4
CNTNAP5 (129684)_damaging,0,0.0030196428771316203,141.2,24.386471659508267,0.0,damaging,CNTNAP5
SIG:G[C>G]C,0,0.0027565780663693917,141.2,12.557866060760487,0.0,damaging,SIG:G[C>G]C
SIG:G[T>A]G,0,0.0029479481838527955,141.2,22.420972325035322,0.0,damaging,SIG:G[T>A]G
ANKRD30B (374860)_damaging,0,0.0030144626923854444,141.4,23.964557162609953,0.0,damaging,ANKRD30B
NLRP9 (338321)_damaging,0,0.0026806301977423405,141.4,12.116104984688766,0.0,damaging,NLRP9
LZTR1 (8216)_damaging,0,0.0035238819714053585,141.6,24.006249186409775,0.0,damaging,LZTR1
SIG:T[C>A]A,0,0.003516050656118711,141.8,23.583892808440257,0.0,damaging,SIG:T[C>A]A
COL6A1 (1291)_damaging,0,0.0038284129980325488,142.0,25.238858928247925,0.0,damaging,COL6A1
SIG:G[T>C]T,0,0.0028481284612065375,142.0,20.77257807784099,0.0,damaging,SIG:G[T>C]T
FASN (2194)_damaging,0,0.0033883113484165913,142.2,22.742031571519725,0.0,damaging,FASN
TGM6 (343641)_damaging,0,0.005312952913702714,142.33333333333334,27.319101986217138,0.0,damaging,TGM6
OTOF (9381)_damaging,0,0.0024686001891751114,142.4,9.91463564635635,0.0,damaging,OTOF
NRG3 (10718)_damaging,0,0.0022996489430548903,142.5,21.110818711425352,0.0,damaging,NRG3
CPLANE1 (65250)_damaging,0,0.002541844554548159,142.6,19.552493447128423,0.0,damaging,CPLANE1
DNAH1 (25981)_damaging,0,0.002004484370411126,142.6,8.473488065725947,0.0,damaging,DNAH1
MECOM (2122)_damaging,0,0.0020038845747214055,142.6,18.76965636339675,0.0,damaging,MECOM
ABCA13 (154664)_damaging,0,0.003292083620527289,142.8,21.487205495363977,0.0,damaging,ABCA13
MT-ND5 (4540)_damaging,0,0.002434817731744869,142.8,19.14941252362589,0.0,damaging,MT-ND5
ABCA12 (26154)_damaging,0,0.002008729705912051,143.0,20.627651344736268,0.0,damaging,ABCA12
CHFR (55743)_damaging,0,0.0021829113131145335,143.0,,0.0,damaging,CHFR
PXDNL (137902)_damaging,0,0.0023315880651174053,143.0,15.297058540778355,0.0,damaging,PXDNL
SPTBN5 (51332)_damaging,0,0.002871317360978746,143.0,20.627651344736268,0.0,damaging,SPTBN5
SMAD4 (4089)_damaging,0,0.0028328923846270156,143.2,20.216330032921405,0.0,damaging,SMAD4
PCSK5 (5125)_damaging,0,0.002809153266376984,143.4,19.806564568344506,0.0,damaging,PCSK5
CUBN (8029)_damaging,0,0.002160944315271327,143.8,17.166828478201793,0.0,damaging,CUBN
CAMTA2 (23125)_damaging,0,0.0011396150284046491,144.0,,0.0,damaging,CAMTA2
RXFP1 (59350)_damaging,0,0.0024285056083430036,144.0,15.87450786638754,0.0,damaging,RXFP1
SPATA22 (84690)_damaging,0,0.0014850000867824662,144.0,6.44204936336256,0.0,damaging,SPATA22
ST18 (9705)_damaging,0,0.0024006934974589176,144.0,18.457157599876172,0.0,damaging,ST18
FYB2 (199920)_damaging,0,0.0006833087483703872,144.25,2.872281323269012,0.0,damaging,FYB2
SLC45A1 (50651)_damaging,0,0.0015259229302694577,144.6,17.38677658451963,0.0,damaging,SLC45A1
NRXN3 (9369)_damaging,0,0.002447714227895254,144.8,16.991174179555692,0.0,damaging,NRXN3
SALL3 (27164)_damaging,0,0.002623352590313999,144.8,17.398275776639476,0.0,damaging,SALL3
ACVR1B (91)_damaging,0,0.0,145.0,,0.0,damaging,ACVR1B
ADCY2 (108)_damaging,0,0.0,145.0,,0.0,damaging,ADCY2
AFF3 (3899)_damaging,0,0.0,145.0,,0.0,damaging,AFF3
APC2 (10297)_damaging,0,0.0,145.0,,0.0,damaging,APC2
ATP10D (57205)_damaging,0,0.0,145.0,,0.0,damaging,ATP10D
ATP2B1 (490)_damaging,0,0.0,145.0,,0.0,damaging,ATP2B1
B3GNT5 (84002)_damaging,0,0.0,145.0,,0.0,damaging,B3GNT5
C2orf78 (388960)_damaging,0,0.0,145.0,,0.0,damaging,C2orf78
CFAP251 (144406)_damaging,0,0.0,145.0,,0.0,damaging,CFAP251
COL19A1 (1310)_damaging,0,0.002588801852315578,145.0,17.0,0.0,damaging,COL19A1
COL8A2 (1296)_damaging,0,0.0,145.0,,0.0,damaging,COL8A2
CPD (1362)_damaging,0,0.0,145.0,,0.0,damaging,CPD
CRACD (57482)_damaging,0,0.00219723882418376,145.0,16.753109164172084,0.0,damaging,CRACD
EIF4G3 (8672)_damaging,0,0.0,145.0,,0.0,damaging,EIF4G3
ESCO1 (114799)_damaging,0,0.0,145.0,,0.0,damaging,ESCO1
FAM135B (51059)_damaging,0,0.0,145.0,,0.0,damaging,FAM135B
FMR1 (2332)_damaging,0,0.0,145.0,,0.0,damaging,FMR1
FOXP2 (93986)_damaging,0,0.0,145.0,,0.0,damaging,FOXP2
HOXD11 (3237)_damaging,0,0.0,145.0,,0.0,damaging,HOXD11
HYOU1 (10525)_damaging,0,0.0,145.0,,0.0,damaging,HYOU1
ITGAV (3685)_damaging,0,0.0,145.0,,0.0,damaging,ITGAV
KIAA2012 (100652824)_damaging,0,0.0,145.0,,0.0,damaging,KIAA2012
KIF3A (11127)_damaging,0,0.0,145.0,,0.0,damaging,KIF3A
KIF4A (24137)_damaging,0,0.0,145.0,,0.0,damaging,KIF4A
KLF3 (51274)_damaging,0,0.0,145.0,,0.0,damaging,KLF3
KLHL14 (57565)_damaging,0,0.0,145.0,,0.0,damaging,KLHL14
L3MBTL1 (26013)_damaging,0,0.0,145.0,,0.0,damaging,L3MBTL1
LOXL2 (4017)_damaging,0,0.0,145.0,,0.0,damaging,LOXL2
LRFN2 (57497)_damaging,0,0.0,145.0,,0.0,damaging,LRFN2
MED1 (5469)_damaging,0,0.0,145.0,,0.0,damaging,MED1
MORC4 (79710)_damaging,0,0.0,145.0,,0.0,damaging,MORC4
MPHOSPH9 (10198)_damaging,0,0.0,145.0,,0.0,damaging,MPHOSPH9
MUC3A (4584)_damaging,0,0.0,145.0,,0.0,damaging,MUC3A
MYLK (4638)_damaging,0,0.0,145.0,,0.0,damaging,MYLK
MYO9B (4650)_damaging,0,0.0,145.0,,0.0,damaging,MYO9B
MYOM2 (9172)_damaging,0,0.0,145.0,,0.0,damaging,MYOM2
NLGN3 (54413)_damaging,0,0.0,145.0,,0.0,damaging,NLGN3
P2RX2 (22953)_damaging,0,0.0,145.0,,0.0,damaging,P2RX2
PCDHB2 (56133)_damaging,0,0.0,145.0,,0.0,damaging,PCDHB2
PHKA1 (5255)_damaging,0,0.0,145.0,,0.0,damaging,PHKA1
PSME4 (23198)_damaging,0,0.0,145.0,,0.0,damaging,PSME4
RANBP2 (5903)_damaging,0,0.0,145.0,,0.0,damaging,RANBP2
SEC14L5 (9717)_damaging,0,0.0,145.0,,0.0,damaging,SEC14L5
SHROOM2 (357)_damaging,0,0.0,145.0,,0.0,damaging,SHROOM2
SLC12A1 (6557)_damaging,0,0.0,145.0,,0.0,damaging,SLC12A1
SNAPC4 (6621)_damaging,0,0.0,145.0,,0.0,damaging,SNAPC4
SNX19 (399979)_damaging,0,0.0,145.0,,0.0,damaging,SNX19
STXBP5L (9515)_damaging,0,0.0,145.0,,0.0,damaging,STXBP5L
SYNPO2L (79933)_damaging,0,0.0,145.0,,0.0,damaging,SYNPO2L
TAF1 (6872)_damaging,0,0.0,145.0,,0.0,damaging,TAF1
TANC1 (85461)_damaging,0,0.0,145.0,,0.0,damaging,TANC1
TBC1D4 (9882)_damaging,0,0.0,145.0,,0.0,damaging,TBC1D4
TNNI3K (51086)_damaging,0,0.0,145.0,,0.0,damaging,TNNI3K
UGGT2 (55757)_damaging,0,0.0,145.0,,0.0,damaging,UGGT2
USP14 (9097)_damaging,0,0.0,145.0,,0.0,damaging,USP14
USP43 (124739)_damaging,0,0.0,145.0,,0.0,damaging,USP43
VILL (50853)_damaging,0,0.0,145.0,,0.0,damaging,VILL
YTHDC2 (64848)_damaging,0,0.0,145.0,,0.0,damaging,YTHDC2
ZC3H14 (79882)_damaging,0,0.0,145.0,,0.0,damaging,ZC3H14
ZNF716 (441234)_damaging,0,0.0,145.0,,0.0,damaging,ZNF716
SIG:G[T>A]T,0,0.0011811355989377653,145.2,3.9623225512317903,0.0,damaging,SIG:G[T>A]T
SIG:T[C>A]G,0,0.0014131047133357669,145.2,16.208022704821214,0.0,damaging,SIG:T[C>A]G
ABCB5 (340273)_damaging,0,0.001175987987841852,145.4,3.5777087639996643,0.0,damaging,ABCB5
DNAH3 (55567)_damaging,0,0.0015932397817931994,145.4,14.15273825095342,0.0,damaging,DNAH3
AHCTF1 (25909)_damaging,0,0.0,145.5,0.7071067811865476,0.0,damaging,AHCTF1
AK5 (26289)_damaging,0,0.0,145.5,0.7071067811865476,0.0,damaging,AK5
ALOX12B (242)_damaging,0,0.0,145.5,0.7071067811865476,0.0,damaging,ALOX12B
ANKFN1 (162282)_damaging,0,0.0,145.5,0.7071067811865476,0.0,damaging,ANKFN1
ANKRD36C (400986)_damaging,0,0.0,145.5,0.7071067811865476,0.0,damaging,ANKRD36C
ARHGAP5 (394)_damaging,0,0.0,145.5,0.7071067811865476,0.0,damaging,ARHGAP5
ATP10A (57194)_damaging,0,0.0,145.5,0.7071067811865476,0.0,damaging,ATP10A
C2CD6 (151254)_damaging,0,0.0,145.5,0.7071067811865476,0.0,damaging,C2CD6
CCDC18 (343099)_damaging,0,0.0,145.5,0.7071067811865476,0.0,damaging,CCDC18
CCDC40 (55036)_damaging,0,0.0,145.5,0.7071067811865476,0.0,damaging,CCDC40
CEP126 (57562)_damaging,0,0.001453431576781627,145.5,3.696845502136472,0.0,damaging,CEP126
CFAP74 (85452)_damaging,0,0.0,145.5,0.7071067811865476,0.0,damaging,CFAP74
CLCN3 (1182)_damaging,0,0.0,145.5,0.7071067811865476,0.0,damaging,CLCN3
CYLC1 (1538)_damaging,0,0.0,145.5,0.7071067811865476,0.0,damaging,CYLC1
DENND2C (163259)_damaging,0,0.0,145.5,0.7071067811865476,0.0,damaging,DENND2C
DGKB (1607)_damaging,0,0.0,145.5,0.7071067811865476,0.0,damaging,DGKB
DHX29 (54505)_damaging,0,0.0,145.5,0.7071067811865476,0.0,damaging,DHX29
GCC2 (9648)_damaging,0,0.0,145.5,0.7071067811865476,0.0,damaging,GCC2
HLA-DRB5 (3127)_damaging,0,0.0,145.5,0.7071067811865476,0.0,damaging,HLA-DRB5
IQGAP2 (10788)_damaging,0,0.0,145.5,0.7071067811865476,0.0,damaging,IQGAP2
KIAA0825 (285600)_damaging,0,0.0,145.5,0.7071067811865476,0.0,damaging,KIAA0825
NHSL1 (57224)_damaging,0,0.0,145.5,0.7071067811865476,0.0,damaging,NHSL1
NOS1 (4842)_damaging,0,0.0,145.5,0.7071067811865476,0.0,damaging,NOS1
NUP210 (23225)_damaging,0,0.0,145.5,0.7071067811865476,0.0,damaging,NUP210
OR4A15 (81328)_damaging,0,0.0,145.5,0.7071067811865476,0.0,damaging,OR4A15
PCCA (5095)_damaging,0,0.0,145.5,0.7071067811865476,0.0,damaging,PCCA
PLEKHA5 (54477)_damaging,0,0.0,145.5,0.7071067811865476,0.0,damaging,PLEKHA5
RTCB (51493)_damaging,0,0.0,145.5,0.7071067811865476,0.0,damaging,RTCB
SDCCAG8 (10806)_damaging,0,0.0,145.5,0.7071067811865476,0.0,damaging,SDCCAG8
SH3PXD2A (9644)_damaging,0,0.0,145.5,0.7071067811865476,0.0,damaging,SH3PXD2A
SLCO5A1 (81796)_damaging,0,0.0,145.5,0.7071067811865476,0.0,damaging,SLCO5A1
SLITRK4 (139065)_damaging,0,0.0,145.5,0.7071067811865476,0.0,damaging,SLITRK4
SYNCRIP (10492)_damaging,0,0.0037260764676038016,145.5,27.577164466275352,0.0,damaging,SYNCRIP
TCHH (7062)_damaging,0,0.0,145.5,0.7071067811865476,0.0,damaging,TCHH
TRPM7 (54822)_damaging,0,0.0,145.5,0.7071067811865476,0.0,damaging,TRPM7
TTF1 (7270)_damaging,0,0.0,145.5,0.7071067811865476,0.0,damaging,TTF1
USP7 (7874)_damaging,0,0.0,145.5,0.7071067811865476,0.0,damaging,USP7
VIT (5212)_damaging,0,0.0,145.5,0.7071067811865476,0.0,damaging,VIT
WDR97 (340390)_damaging,0,0.0,145.5,0.7071067811865476,0.0,damaging,WDR97
ZNF43 (7594)_damaging,0,0.0,145.5,0.7071067811865476,0.0,damaging,ZNF43
ZNF668 (79759)_damaging,0,0.0005679502763061729,145.5,4.949747468305833,0.0,damaging,ZNF668
ZNF90 (7643)_damaging,0,0.0,145.5,0.7071067811865476,0.0,damaging,ZNF90
ZNRF3 (84133)_damaging,0,0.0,145.5,0.7071067811865476,0.0,damaging,ZNRF3
MED23 (9439)_damaging,0,0.0015486756202030471,145.6,13.794926603646717,0.0,damaging,MED23
CBLN2 (147381)_damaging,0,0.0,145.66666666666666,0.5773502691896278,0.0,damaging,CBLN2
CCDC7 (79741)_damaging,0,0.0,145.66666666666666,0.5773502691896278,0.0,damaging,CCDC7
CLASP1 (23332)_damaging,0,0.0,145.66666666666666,0.5773502691896278,0.0,damaging,CLASP1
DMTN (2039)_damaging,0,0.0,145.66666666666666,0.5773502691896278,0.0,damaging,DMTN
DNA2 (1763)_damaging,0,0.0,145.66666666666666,0.5773502691896278,0.0,damaging,DNA2
GIGYF2 (26058)_damaging,0,0.0,145.66666666666666,0.5773502691896278,0.0,damaging,GIGYF2
KIAA1755 (85449)_damaging,0,0.0,145.66666666666666,0.5773502691896278,0.0,damaging,KIAA1755
MBD4 (8930)_damaging,0,0.0,145.66666666666666,0.5773502691896278,0.0,damaging,MBD4
PFAS (5198)_damaging,0,0.0,145.66666666666666,0.5773502691896278,0.0,damaging,PFAS
PIK3C2A (5286)_damaging,0,0.0,145.66666666666666,0.5773502691896278,0.0,damaging,PIK3C2A
RAPGEF5 (9771)_damaging,0,0.0,145.66666666666666,0.5773502691896278,0.0,damaging,RAPGEF5
SLC4A11 (83959)_damaging,0,0.0,145.66666666666666,0.5773502691896278,0.0,damaging,SLC4A11
SSUH2 (51066)_damaging,0,0.0,145.66666666666666,0.5773502691896278,0.0,damaging,SSUH2
TPO (7173)_damaging,0,0.0,145.66666666666666,0.5773502691896278,0.0,damaging,TPO
TSPOAP1 (9256)_damaging,0,0.0,145.66666666666666,0.5773502691896278,0.0,damaging,TSPOAP1
WAPL (23063)_damaging,0,0.0,145.66666666666666,0.5773502691896278,0.0,damaging,WAPL
EML6 (400954)_damaging,0,0.0016834097899205466,145.8,15.056560032092323,0.0,damaging,EML6
PTPRZ1 (5803)_damaging,0,0.001389068101946367,145.8,15.056560032092326,0.0,damaging,PTPRZ1
ABCC5 (10057)_damaging,0,0.0,146.0,,0.0,damaging,ABCC5
ABCG2 (9429)_damaging,0,0.0,146.0,,0.0,damaging,ABCG2
ADAM28 (10863)_damaging,0,0.0,146.0,,0.0,damaging,ADAM28
ADARB2 (105)_damaging,0,0.0,146.0,,0.0,damaging,ADARB2
AGGF1 (55109)_damaging,0,0.0,146.0,,0.0,damaging,AGGF1
ALS2 (57679)_damaging,0,0.0,146.0,,0.0,damaging,ALS2
ANKHD1 (54882)_damaging,0,0.0,146.0,,0.0,damaging,ANKHD1
ANO5 (203859)_damaging,0,0.0,146.0,,0.0,damaging,ANO5
AOC1 (26)_damaging,0,0.0,146.0,,0.0,damaging,AOC1
AOPEP (84909)_damaging,0,0.0,146.0,,0.0,damaging,AOPEP
AP3B2 (8120)_damaging,0,0.0,146.0,0.0,0.0,damaging,AP3B2
ARHGAP24 (83478)_damaging,0,0.0,146.0,,0.0,damaging,ARHGAP24
ARHGAP39 (80728)_damaging,0,0.0,146.0,,0.0,damaging,ARHGAP39
BBS9 (27241)_damaging,0,0.0,146.0,,0.0,damaging,BBS9
BCL11A (53335)_damaging,0,0.0,146.0,0.0,0.0,damaging,BCL11A
BLTP3A (54887)_damaging,0,0.0,146.0,,0.0,damaging,BLTP3A
C8orf34 (116328)_damaging,0,0.0,146.0,,0.0,damaging,C8orf34
CACNA1G (8913)_damaging,0,0.0,146.0,,0.0,damaging,CACNA1G
CACNA2D3 (55799)_damaging,0,0.0,146.0,,0.0,damaging,CACNA2D3
CCDC112 (153733)_damaging,0,0.0,146.0,,0.0,damaging,CCDC112
CCDC186 (55088)_damaging,0,0.0,146.0,,0.0,damaging,CCDC186
CCDC88B (283234)_damaging,0,0.0,146.0,,0.0,damaging,CCDC88B
CDC14A (8556)_damaging,0,0.0,146.0,,0.0,damaging,CDC14A
CDH22 (64405)_damaging,0,0.0,146.0,,0.0,damaging,CDH22
CDON (50937)_damaging,0,0.0,146.0,,0.0,damaging,CDON
CEP120 (153241)_damaging,0,0.0,146.0,,0.0,damaging,CEP120
CKAP5 (9793)_damaging,0,0.0,146.0,,0.0,damaging,CKAP5
COL17A1 (1308)_damaging,0,0.0,146.0,,0.0,damaging,COL17A1
CRLF1 (9244)_damaging,0,0.0,146.0,,0.0,damaging,CRLF1
CTC1 (80169)_damaging,0,0.0,146.0,,0.0,damaging,CTC1
CWF19L2 (143884)_damaging,0,0.0,146.0,,0.0,damaging,CWF19L2
DAB2IP (153090)_damaging,0,0.0,146.0,,0.0,damaging,DAB2IP
DENND4B (9909)_damaging,0,0.0,146.0,,0.0,damaging,DENND4B
DIAPH3 (81624)_damaging,0,0.0,146.0,,0.0,damaging,DIAPH3
DOCK1 (1793)_damaging,0,0.0,146.0,0.0,0.0,damaging,DOCK1
EFCAB7 (84455)_damaging,0,0.0,146.0,0.0,0.0,damaging,EFCAB7
ENTREP2 (23359)_damaging,0,0.0,146.0,,0.0,damaging,ENTREP2
EPHB4 (2050)_damaging,0,0.0,146.0,,0.0,damaging,EPHB4
EPS8 (2059)_damaging,0,0.0,146.0,0.0,0.0,damaging,EPS8
FBXO38 (81545)_damaging,0,0.0,146.0,,0.0,damaging,FBXO38
FIGNL1 (63979)_damaging,0,0.0,146.0,0.0,0.0,damaging,FIGNL1
FILIP1L (11259)_damaging,0,0.0,146.0,,0.0,damaging,FILIP1L
GAK (2580)_damaging,0,0.0,146.0,,0.0,damaging,GAK
GPC2 (221914)_damaging,0,0.0,146.0,,0.0,damaging,GPC2
GRIN3A (116443)_damaging,0,0.0,146.0,,0.0,damaging,GRIN3A
HDAC7 (51564)_damaging,0,0.0,146.0,0.0,0.0,damaging,HDAC7
HECTD1 (25831)_damaging,0,0.0,146.0,,0.0,damaging,HECTD1
IGSF9 (57549)_damaging,0,0.0,146.0,,0.0,damaging,IGSF9
IKZF1 (10320)_damaging,0,0.0,146.0,,0.0,damaging,IKZF1
IQSEC1 (9922)_damaging,0,0.0,146.0,,0.0,damaging,IQSEC1
IRS2 (8660)_damaging,0,0.0,146.0,,0.0,damaging,IRS2
ITGA1 (3672)_damaging,0,0.0,146.0,,0.0,damaging,ITGA1
JHY (79864)_damaging,0,0.0,146.0,,0.0,damaging,JHY
KANSL1L (151050)_damaging,0,0.0,146.0,,0.0,damaging,KANSL1L
KCNQ2 (3785)_damaging,0,0.0,146.0,,0.0,damaging,KCNQ2
KIF14 (9928)_damaging,0,0.0,146.0,,0.0,damaging,KIF14
LARS2 (23395)_damaging,0,0.0,146.0,,0.0,damaging,LARS2
LBP (3929)_damaging,0,0.0,146.0,,0.0,damaging,LBP
LIFR (3977)_damaging,0,0.0,146.0,,0.0,damaging,LIFR
MCF2 (4168)_damaging,0,0.0,146.0,,0.0,damaging,MCF2
MCM3AP (8888)_damaging,0,0.0,146.0,,0.0,damaging,MCM3AP
MEGF11 (84465)_damaging,0,0.0,146.0,,0.0,damaging,MEGF11
MLLT10 (8028)_damaging,0,0.0,146.0,,0.0,damaging,MLLT10
MRE11 (4361)_damaging,0,0.0,146.0,0.0,0.0,damaging,MRE11
MTCL2 (140710)_damaging,0,0.0,146.0,,0.0,damaging,MTCL2
MUC22 (100507679)_damaging,0,0.0,146.0,,0.0,damaging,MUC22
MUC6 (4588)_damaging,0,0.0,146.0,,0.0,damaging,MUC6
MYO1B (4430)_damaging,0,0.0,146.0,0.0,0.0,damaging,MYO1B
MYRFL (196446)_damaging,0,0.0,146.0,,0.0,damaging,MYRFL
NECTIN3 (25945)_damaging,0,0.0,146.0,0.0,0.0,damaging,NECTIN3
NLRP8 (126205)_damaging,0,0.0,146.0,,0.0,damaging,NLRP8
NOP58 (51602)_damaging,0,0.0,146.0,,0.0,damaging,NOP58
NPHS1 (4868)_damaging,0,0.0,146.0,,0.0,damaging,NPHS1
OR51E2 (81285)_damaging,0,0.0,146.0,,0.0,damaging,OR51E2
PAF1 (54623)_damaging,0,0.0,146.0,,0.0,damaging,PAF1
PASK (23178)_damaging,0,0.0,146.0,,0.0,damaging,PASK
PAX2 (5076)_damaging,0,0.0,146.0,,0.0,damaging,PAX2
PAX6 (5080)_damaging,0,0.0,146.0,,0.0,damaging,PAX6
PCDH17 (27253)_damaging,0,0.0,146.0,,0.0,damaging,PCDH17
PCDHB6 (56130)_damaging,0,0.0,146.0,,0.0,damaging,PCDHB6
PCSK1 (5122)_damaging,0,0.0,146.0,0.0,0.0,damaging,PCSK1
PHF21A (51317)_damaging,0,0.0,146.0,,0.0,damaging,PHF21A
PHLDB1 (23187)_damaging,0,0.0,146.0,,0.0,damaging,PHLDB1
PIWIL1 (9271)_damaging,0,0.0,146.0,,0.0,damaging,PIWIL1
PLEKHM1 (9842)_damaging,0,0.0,146.0,,0.0,damaging,PLEKHM1
POT1 (25913)_damaging,0,0.0,146.0,0.0,0.0,damaging,POT1
PPP1R10 (5514)_damaging,0,0.0,146.0,,0.0,damaging,PPP1R10
PPP2R3B (28227)_damaging,0,0.0,146.0,,0.0,damaging,PPP2R3B
PRAG1 (157285)_damaging,0,0.0,146.0,,0.0,damaging,PRAG1
PSD3 (23362)_damaging,0,0.0,146.0,,0.0,damaging,PSD3
RASAL2 (9462)_damaging,0,0.0,146.0,,0.0,damaging,RASAL2
RCBTB2 (1102)_damaging,0,0.0,146.0,0.0,0.0,damaging,RCBTB2
RESF1 (55196)_damaging,0,0.0,146.0,,0.0,damaging,RESF1
RFC1 (5981)_damaging,0,0.0,146.0,0.0,0.0,damaging,RFC1
RLF (6018)_damaging,0,0.0,146.0,,0.0,damaging,RLF
ROBO4 (54538)_damaging,0,0.0,146.0,,0.0,damaging,ROBO4
RPGRIP1 (57096)_damaging,0,0.0,146.0,,0.0,damaging,RPGRIP1
SAP130 (79595)_damaging,0,0.0,146.0,,0.0,damaging,SAP130
SARDH (1757)_damaging,0,0.0,146.0,,0.0,damaging,SARDH
SCLT1 (132320)_damaging,0,0.0,146.0,0.0,0.0,damaging,SCLT1
SGO1 (151648)_damaging,0,0.0,146.0,,0.0,damaging,SGO1
SPAG6 (9576)_damaging,0,0.0,146.0,,0.0,damaging,SPAG6
SPATA31D1 (389763)_damaging,0,0.0,146.0,0.0,0.0,damaging,SPATA31D1
SPHK1 (8877)_damaging,0,0.0,146.0,0.0,0.0,damaging,SPHK1
TOP2B (7155)_damaging,0,0.0,146.0,,0.0,damaging,TOP2B
TRAPPC8 (22878)_damaging,0,0.0,146.0,,0.0,damaging,TRAPPC8
TTC28 (23331)_damaging,0,0.0,146.0,,0.0,damaging,TTC28
TTLL6 (284076)_damaging,0,0.0,146.0,,0.0,damaging,TTLL6
TUBGCP2 (10844)_damaging,0,0.0,146.0,,0.0,damaging,TUBGCP2
TUT4 (23318)_damaging,0,0.0,146.0,0.0,0.0,damaging,TUT4
UBR2 (23304)_damaging,0,0.0,146.0,,0.0,damaging,UBR2
UGT2B4 (7363)_damaging,0,0.0,146.0,,0.0,damaging,UGT2B4
USP19 (10869)_damaging,0,0.0,146.0,,0.0,damaging,USP19
WDR75 (84128)_damaging,0,0.0,146.0,,0.0,damaging,WDR75
XPO4 (64328)_damaging,0,0.0,146.0,,0.0,damaging,XPO4
XPOT (11260)_damaging,0,0.0,146.0,0.0,0.0,damaging,XPOT
ZNF429 (353088)_damaging,0,0.0,146.0,,0.0,damaging,ZNF429
ZNF99 (7652)_damaging,0,0.0,146.0,,0.0,damaging,ZNF99
ZSWIM6 (57688)_damaging,0,0.0,146.0,0.0,0.0,damaging,ZSWIM6
ARID1B (57492)_damaging,0,0.0015568010289673802,146.2,13.16054710108968,0.0,damaging,ARID1B
ATM (472)_damaging,0,0.0013203312250329477,146.2,12.755391017134674,0.0,damaging,ATM
JCAD (57608)_damaging,0,0.00025486407743866176,146.25,2.8722813232690143,0.0,damaging,JCAD
ABCA10 (10349)_damaging,0,0.0010306061196189245,146.4,2.0736441353327697,0.0,damaging,ABCA10
BAG6 (7917)_damaging,0,0.0015254153311222386,146.5,14.341083176199302,0.0,damaging,BAG6
TP53 (7157)_hotspot,0,0.0009868915122034916,146.6,1.9493588689617949,0.0,hotspot,TP53
ACACA (31)_damaging,0,0.0,146.75,2.217355782608348,0.0,damaging,ACACA
ADCY8 (114)_damaging,0,0.0,146.75,2.217355782608348,0.0,damaging,ADCY8
AFF1 (4299)_damaging,0,0.0,146.75,2.217355782608348,0.0,damaging,AFF1
AKAP13 (11214)_damaging,0,0.0,146.75,2.217355782608348,0.0,damaging,AKAP13
AXIN2 (8313)_damaging,0,0.0,146.75,2.217355782608348,0.0,damaging,AXIN2
CDH8 (1006)_damaging,0,0.0,146.75,2.217355782608348,0.0,damaging,CDH8
CNNM2 (54805)_damaging,0,0.0,146.75,2.217355782608348,0.0,damaging,CNNM2
COL20A1 (57642)_damaging,0,0.0,146.75,2.217355782608348,0.0,damaging,COL20A1
COL25A1 (84570)_damaging,0,0.0,146.75,2.217355782608348,0.0,damaging,COL25A1
CORIN (10699)_damaging,0,0.0,146.75,2.217355782608348,0.0,damaging,CORIN
DCHS1 (8642)_damaging,0,0.0,146.75,2.217355782608348,0.0,damaging,DCHS1
DPP6 (1804)_damaging,0,0.0,146.75,2.217355782608348,0.0,damaging,DPP6
F5 (2153)_damaging,0,0.0,146.75,2.217355782608348,0.0,damaging,F5
FANCA (2175)_damaging,0,0.0,146.75,2.217355782608348,0.0,damaging,FANCA
FNIP1 (96459)_damaging,0,0.0,146.75,2.217355782608348,0.0,damaging,FNIP1
ITGAD (3681)_damaging,0,0.0,146.75,2.217355782608348,0.0,damaging,ITGAD
KCNB1 (3745)_damaging,0,0.0,146.75,2.217355782608348,0.0,damaging,KCNB1
KCNH4 (23415)_damaging,0,0.0,146.75,2.217355782608348,0.0,damaging,KCNH4
KDM5C (8242)_damaging,0,0.0,146.75,2.217355782608348,0.0,damaging,KDM5C
KLHL1 (57626)_damaging,0,0.0,146.75,2.217355782608348,0.0,damaging,KLHL1
MAP7D3 (79649)_damaging,0,0.0,146.75,2.217355782608348,0.0,damaging,MAP7D3
NES (10763)_damaging,0,0.0,146.75,2.217355782608348,0.0,damaging,NES
OSBPL1A (114876)_damaging,0,0.0,146.75,2.217355782608348,0.0,damaging,OSBPL1A
PCDH19 (57526)_damaging,0,0.0,146.75,2.217355782608348,0.0,damaging,PCDH19
PDCD11 (22984)_damaging,0,0.0,146.75,2.217355782608348,0.0,damaging,PDCD11
PEAK1 (79834)_damaging,0,0.0,146.75,2.217355782608348,0.0,damaging,PEAK1
PIGO (84720)_damaging,0,0.0,146.75,2.217355782608348,0.0,damaging,PIGO
PNISR (25957)_damaging,0,0.0,146.75,2.217355782608348,0.0,damaging,PNISR
PTPN21 (11099)_damaging,0,0.0,146.75,2.217355782608348,0.0,damaging,PTPN21
RBL2 (5934)_damaging,0,0.0,146.75,2.217355782608348,0.0,damaging,RBL2
RBM10 (8241)_damaging,0,0.0,146.75,2.217355782608348,0.0,damaging,RBM10
RPGR (6103)_damaging,0,0.0,146.75,2.217355782608348,0.0,damaging,RPGR
RRBP1 (6238)_damaging,0,0.0,146.75,2.217355782608348,0.0,damaging,RRBP1
SCAF1 (58506)_damaging,0,0.0,146.75,2.217355782608348,0.0,damaging,SCAF1
SGO2 (151246)_damaging,0,0.0,146.75,2.217355782608348,0.0,damaging,SGO2
SKIC3 (9652)_damaging,0,0.0,146.75,2.217355782608348,0.0,damaging,SKIC3
SLC3A2 (6520)_damaging,0,0.0,146.75,2.217355782608348,0.0,damaging,SLC3A2
SLC44A5 (204962)_damaging,0,0.0,146.75,2.217355782608348,0.0,damaging,SLC44A5
TCERG1 (10915)_damaging,0,0.0,146.75,2.217355782608348,0.0,damaging,TCERG1
TG (7038)_damaging,0,0.0,146.75,2.217355782608348,0.0,damaging,TG
TSHZ3 (57616)_damaging,0,0.0,146.75,2.217355782608348,0.0,damaging,TSHZ3
TTK (7272)_damaging,0,0.0,146.75,2.217355782608348,0.0,damaging,TTK
CCNB3 (85417)_damaging,0,0.0014381215063217615,146.8,13.553597308463905,0.0,damaging,CCNB3
SIG:C[C>G]C,0,0.0010735644461146966,146.8,11.777096416349831,0.0,damaging,SIG:C[C>G]C
ANO3 (63982)_damaging,0,0.0,147.0,2.6457513110645907,0.0,damaging,ANO3
AP3D1 (8943)_damaging,0,0.0,147.0,2.6457513110645907,0.0,damaging,AP3D1
BTAF1 (9044)_damaging,0,0.0,147.0,2.6457513110645907,0.0,damaging,BTAF1
CDH11 (1009)_damaging,0,0.0,147.0,2.6457513110645907,0.0,damaging,CDH11
CHEK2 (11200)_damaging,0,0.0,147.0,2.6457513110645907,0.0,damaging,CHEK2
CORO7 (79585)_damaging,0,0.0,147.0,2.6457513110645907,0.0,damaging,CORO7
CR1 (1378)_damaging,0,0.0,147.0,2.6457513110645907,0.0,damaging,CR1
DOCK10 (55619)_damaging,0,0.0,147.0,2.6457513110645907,0.0,damaging,DOCK10
DTX4 (23220)_damaging,0,0.0,147.0,2.6457513110645907,0.0,damaging,DTX4
DUOX2 (50506)_damaging,0,0.0,147.0,2.6457513110645907,0.0,damaging,DUOX2
EPB41L5 (57669)_damaging,0,0.0,147.0,2.6457513110645907,0.0,damaging,EPB41L5
FHAD1 (114827)_damaging,0,0.0,147.0,2.6457513110645907,0.0,damaging,FHAD1
FLCN (201163)_damaging,0,0.0,147.0,2.6457513110645907,0.0,damaging,FLCN
GRIA1 (2890)_damaging,0,0.0,147.0,2.6457513110645907,0.0,damaging,GRIA1
HOXB3 (3213)_damaging,0,0.0,147.0,2.6457513110645907,0.0,damaging,HOXB3
IGF2R (3482)_damaging,0,0.0,147.0,2.6457513110645907,0.0,damaging,IGF2R
LAMC3 (10319)_damaging,0,0.0,147.0,2.6457513110645907,0.0,damaging,LAMC3
LTBP1 (4052)_damaging,0,0.0,147.0,2.6457513110645907,0.0,damaging,LTBP1
MAP3K15 (389840)_damaging,0,0.0,147.0,2.6457513110645907,0.0,damaging,MAP3K15
MED15 (51586)_damaging,0,0.0,147.0,2.6457513110645907,0.0,damaging,MED15
MTSS2 (92154)_damaging,0,0.0,147.0,2.6457513110645907,0.0,damaging,MTSS2
MVK (4598)_damaging,0,0.0,147.0,2.6457513110645907,0.0,damaging,MVK
MYO3A (53904)_damaging,0,0.0,147.0,2.6457513110645907,0.0,damaging,MYO3A
MYO5B (4645)_damaging,0,0.0,147.0,2.6457513110645907,0.0,damaging,MYO5B
NAA15 (80155)_damaging,0,0.0,147.0,2.6457513110645907,0.0,damaging,NAA15
NDUFV3 (4731)_damaging,0,0.0,147.0,2.6457513110645907,0.0,damaging,NDUFV3
NLRP7 (199713)_damaging,0,0.0,147.0,2.6457513110645907,0.0,damaging,NLRP7
NRP2 (8828)_damaging,0,0.0,147.0,2.6457513110645907,0.0,damaging,NRP2
PALM2AKAP2 (445815)_damaging,0,0.0,147.0,2.6457513110645907,0.0,damaging,PALM2AKAP2
PAN2 (9924)_damaging,0,0.0,147.0,2.6457513110645907,0.0,damaging,PAN2
PLCB4 (5332)_damaging,0,0.0014087518108400314,147.0,13.19090595827292,0.0,damaging,PLCB4
PROX1 (5629)_damaging,0,0.0,147.0,2.6457513110645907,0.0,damaging,PROX1
PSD (5662)_damaging,0,0.0,147.0,2.6457513110645907,0.0,damaging,PSD
PTPRM (5797)_damaging,0,0.0,147.0,2.6457513110645907,0.0,damaging,PTPRM
SIPA1L3 (23094)_damaging,0,0.0,147.0,2.6457513110645907,0.0,damaging,SIPA1L3
SLC16A12 (387700)_damaging,0,0.0,147.0,2.6457513110645907,0.0,damaging,SLC16A12
SLIT2 (9353)_damaging,0,0.0,147.0,2.6457513110645907,0.0,damaging,SLIT2
TEAD2 (8463)_damaging,0,0.0,147.0,2.6457513110645907,0.0,damaging,TEAD2
TRIP12 (9320)_damaging,0,0.0,147.0,2.6457513110645907,0.0,damaging,TRIP12
TSC1 (7248)_damaging,0,0.0,147.0,2.6457513110645907,0.0,damaging,TSC1
USH1C (10083)_damaging,0,0.0,147.0,2.6457513110645907,0.0,damaging,USH1C
USP8 (9101)_damaging,0,0.0,147.0,2.6457513110645907,0.0,damaging,USP8
WDR90 (197335)_damaging,0,0.0,147.0,2.6457513110645907,0.0,damaging,WDR90
WNT16 (51384)_damaging,0,0.0,147.0,2.6457513110645907,0.0,damaging,WNT16
ZFPM2 (23414)_damaging,0,0.0,147.0,2.6457513110645907,0.0,damaging,ZFPM2
ZMYM1 (79830)_damaging,0,0.0,147.0,2.6457513110645907,0.0,damaging,ZMYM1
ZMYM6 (9204)_damaging,0,0.0,147.0,2.6457513110645907,0.0,damaging,ZMYM6
ZNF521 (25925)_damaging,0,0.0,147.0,2.6457513110645907,0.0,damaging,ZNF521
ZNF608 (57507)_damaging,0,0.0,147.0,2.6457513110645907,0.0,damaging,ZNF608
SIG:C[T>A]A,0,0.0012249283737179937,147.2,12.517987058628874,0.0,damaging,SIG:C[T>A]A
SIG:T[T>C]T,0,0.0010039315056682768,147.2,11.1669154201149,0.0,damaging,SIG:T[T>C]T
RASA2 (5922)_damaging,0,0.0011298821284787997,147.25,2.2173557826083434,0.0,damaging,RASA2
AHDC1 (27245)_damaging,0,0.0,147.33333333333334,2.309401076758499,0.0,damaging,AHDC1
ATM (472)_hotspot,0,0.0,147.33333333333334,2.309401076758499,0.0,hotspot,ATM
CHL1 (10752)_damaging,0,0.0,147.33333333333334,2.309401076758499,0.0,damaging,CHL1
CPEB2 (132864)_damaging,0,0.0,147.33333333333334,2.309401076758499,0.0,damaging,CPEB2
ELF3 (1999)_damaging,0,0.0,147.33333333333334,2.309401076758499,0.0,damaging,ELF3
ERMP1 (79956)_damaging,0,0.0,147.33333333333334,2.309401076758499,0.0,damaging,ERMP1
FUBP3 (8939)_damaging,0,0.0,147.33333333333334,2.309401076758499,0.0,damaging,FUBP3
GIGYF1 (64599)_damaging,0,0.0,147.33333333333334,2.309401076758499,0.0,damaging,GIGYF1
GOLGB1 (2804)_damaging,0,0.0,147.33333333333334,2.309401076758499,0.0,damaging,GOLGB1
GPR161 (23432)_damaging,0,0.0,147.33333333333334,2.309401076758499,0.0,damaging,GPR161
HCFC2 (29915)_damaging,0,0.0,147.33333333333334,2.309401076758499,0.0,damaging,HCFC2
LTK (4058)_damaging,0,0.0,147.33333333333334,2.309401076758499,0.0,damaging,LTK
MAP3K21 (84451)_damaging,0,0.0,147.33333333333334,2.309401076758499,0.0,damaging,MAP3K21
MFRP (83552)_damaging,0,0.0,147.33333333333334,2.309401076758499,0.0,damaging,MFRP
MMP12 (4321)_damaging,0,0.0,147.33333333333334,2.309401076758499,0.0,damaging,MMP12
NFRKB (4798)_damaging,0,0.0,147.33333333333334,2.309401076758499,0.0,damaging,NFRKB
PCDHB4 (56131)_damaging,0,0.0,147.33333333333334,2.309401076758499,0.0,damaging,PCDHB4
PIK3C2G (5288)_damaging,0,0.0,147.33333333333334,2.309401076758499,0.0,damaging,PIK3C2G
SLIT3 (6586)_damaging,0,0.0,147.33333333333334,2.309401076758499,0.0,damaging,SLIT3
SMC2 (10592)_damaging,0,0.0,147.33333333333334,2.309401076758499,0.0,damaging,SMC2
SPTBN4 (57731)_damaging,0,0.0,147.33333333333334,2.309401076758499,0.0,damaging,SPTBN4
TAF1C (9013)_damaging,0,0.0,147.33333333333334,2.309401076758499,0.0,damaging,TAF1C
VARS2 (57176)_damaging,0,0.0,147.33333333333334,2.309401076758499,0.0,damaging,VARS2
SIG:A[T>A]C,0,0.000843734660065773,147.4,10.876580344942983,0.0,damaging,SIG:A[T>A]C
TICAM1 (148022)_damaging,0,0.0008817197779236258,147.4,2.4083189157584584,0.0,damaging,TICAM1
ACADVL (37)_damaging,0,0.0,147.5,3.5355339059327378,0.0,damaging,ACADVL
ADAMTS18 (170692)_damaging,0,0.0,147.5,3.5355339059327378,0.0,damaging,ADAMTS18
ADAR (103)_damaging,0,0.0,147.5,3.5355339059327378,0.0,damaging,ADAR
AP1M1 (8907)_damaging,0,0.0,147.5,3.5355339059327378,0.0,damaging,AP1M1
ARHGAP23 (57636)_damaging,0,0.0,147.5,3.5355339059327378,0.0,damaging,ARHGAP23
ATG2A (23130)_damaging,0,0.0,147.5,3.5355339059327378,0.0,damaging,ATG2A
ATG9B (285973)_damaging,0,0.0,147.5,3.5355339059327378,0.0,damaging,ATG9B
CEP152 (22995)_damaging,0,0.0,147.5,3.5355339059327378,0.0,damaging,CEP152
CTNND2 (1501)_damaging,0,0.0,147.5,3.5355339059327378,0.0,damaging,CTNND2
DNAI3 (126820)_damaging,0,0.0,147.5,3.5355339059327378,0.0,damaging,DNAI3
GALNT13 (114805)_damaging,0,0.0,147.5,3.5355339059327378,0.0,damaging,GALNT13
GRIN2D (2906)_damaging,0,0.0,147.5,3.5355339059327378,0.0,damaging,GRIN2D
HEATR5B (54497)_damaging,0,0.0,147.5,3.5355339059327378,0.0,damaging,HEATR5B
MAN2B1 (4125)_damaging,0,0.0,147.5,3.5355339059327378,0.0,damaging,MAN2B1
MIS18BP1 (55320)_damaging,0,0.0,147.5,3.5355339059327378,0.0,damaging,MIS18BP1
RBM44 (375316)_damaging,0,0.0,147.5,3.5355339059327378,0.0,damaging,RBM44
SECISBP2 (79048)_damaging,0,0.0,147.5,3.5355339059327378,0.0,damaging,SECISBP2
SLC28A3 (64078)_damaging,0,0.0,147.5,3.5355339059327378,0.0,damaging,SLC28A3
SMARCA1 (6594)_damaging,0,0.0,147.5,3.5355339059327378,0.0,damaging,SMARCA1
TEX10 (54881)_damaging,0,0.0,147.5,3.5355339059327378,0.0,damaging,TEX10
TJP3 (27134)_damaging,0,0.0,147.5,3.5355339059327378,0.0,damaging,TJP3
TNS2 (23371)_damaging,0,0.0,147.5,3.5355339059327378,0.0,damaging,TNS2
TOPAZ1 (375337)_damaging,0,0.0,147.5,3.5355339059327378,0.0,damaging,TOPAZ1
ADGRA2 (25960)_damaging,0,0.0011633726232516556,147.6,11.844830095868831,0.0,damaging,ADGRA2
PIK3R1 (5295)_damaging,0,0.0009548940861549917,147.8,11.7983049630021,0.0,damaging,PIK3R1
TRIOBP (11078)_damaging,0,0.000748554052331514,147.8,10.329569206893385,0.0,damaging,TRIOBP
VPS13B (157680)_damaging,0,0.0007186518086320633,147.8,3.0331501776206173,0.0,damaging,VPS13B
ABCA1 (19)_damaging,0,0.0,148.0,2.8284271247461903,0.0,damaging,ABCA1
ANKRD36 (375248)_damaging,0,0.0,148.0,2.8284271247461903,0.0,damaging,ANKRD36
ATP8A1 (10396)_damaging,0,0.0,148.0,2.8284271247461903,0.0,damaging,ATP8A1
ATP8B1 (5205)_damaging,0,0.0,148.0,2.8284271247461903,0.0,damaging,ATP8B1
C2CD5 (9847)_damaging,0,0.0,148.0,2.8284271247461903,0.0,damaging,C2CD5
CACNA1F (778)_damaging,0,0.0,148.0,2.8284271247461903,0.0,damaging,CACNA1F
CCDC171 (203238)_damaging,0,0.0,148.0,2.8284271247461903,0.0,damaging,CCDC171
CDH12 (1010)_damaging,0,0.0,148.0,2.8284271247461903,0.0,damaging,CDH12
CHSY3 (337876)_damaging,0,0.0,148.0,2.8284271247461903,0.0,damaging,CHSY3
CILP (8483)_damaging,0,0.0,148.0,2.8284271247461903,0.0,damaging,CILP
DDC (1644)_damaging,0,0.0,148.0,2.8284271247461903,0.0,damaging,DDC
FBRS (64319)_damaging,0,0.0,148.0,2.8284271247461903,0.0,damaging,FBRS
FOXN3 (1112)_damaging,0,0.0,148.0,2.8284271247461903,0.0,damaging,FOXN3
GALC (2581)_damaging,0,0.0,148.0,2.8284271247461903,0.0,damaging,GALC
GCN1 (10985)_damaging,0,0.0,148.0,2.8284271247461903,0.0,damaging,GCN1
HAND2 (9464)_damaging,0,0.0,148.0,2.8284271247461903,0.0,damaging,HAND2
HIP1R (9026)_damaging,0,0.0,148.0,2.8284271247461903,0.0,damaging,HIP1R
HPS5 (11234)_damaging,0,0.0,148.0,2.8284271247461903,0.0,damaging,HPS5
LYST (1130)_damaging,0,0.0010839832602207323,148.0,11.20267825120404,0.0,damaging,LYST
MAP2K7 (5609)_damaging,0,0.0,148.0,2.8284271247461903,0.0,damaging,MAP2K7
MTCL3 (387104)_damaging,0,0.0,148.0,2.8284271247461903,0.0,damaging,MTCL3
MTMR3 (8897)_damaging,0,0.0,148.0,2.8284271247461903,0.0,damaging,MTMR3
MYO10 (4651)_damaging,0,0.0,148.0,2.8284271247461903,0.0,damaging,MYO10
NAA25 (80018)_damaging,0,0.0,148.0,2.8284271247461903,0.0,damaging,NAA25
NOLC1 (9221)_damaging,0,0.0,148.0,2.8284271247461903,0.0,damaging,NOLC1
PYHIN1 (149628)_damaging,0,0.0,148.0,2.8284271247461903,0.0,damaging,PYHIN1
RNF31 (55072)_damaging,0,0.0,148.0,2.8284271247461903,0.0,damaging,RNF31
RUNX1 (861)_damaging,0,0.0,148.0,2.8284271247461903,0.0,damaging,RUNX1
SALL4 (57167)_damaging,0,0.0,148.0,2.8284271247461903,0.0,damaging,SALL4
SDK1 (221935)_damaging,0,0.0,148.0,2.8284271247461903,0.0,damaging,SDK1
SEC16A (9919)_damaging,0,0.0,148.0,2.8284271247461903,0.0,damaging,SEC16A
SETDB1 (9869)_damaging,0,0.0,148.0,2.8284271247461903,0.0,damaging,SETDB1
SLC23A3 (151295)_damaging,0,0.0,148.0,2.8284271247461903,0.0,damaging,SLC23A3
SLC26A5 (375611)_damaging,0,0.0,148.0,2.8284271247461903,0.0,damaging,SLC26A5
SPECC1 (92521)_damaging,0,0.0,148.0,2.8284271247461903,0.0,damaging,SPECC1
STARD9 (57519)_damaging,0,0.0006973793280568974,148.0,10.074720839804943,0.0,damaging,STARD9
TCF3 (6929)_damaging,0,0.0,148.0,2.8284271247461903,0.0,damaging,TCF3
TNIK (23043)_damaging,0,0.0,148.0,2.8284271247461903,0.0,damaging,TNIK
UGT2B28 (54490)_damaging,0,0.0,148.0,2.8284271247461903,0.0,damaging,UGT2B28
ZFHX2 (85446)_damaging,0,0.0,148.0,2.8284271247461903,0.0,damaging,ZFHX2
ZMYM2 (7750)_damaging,0,0.0,148.0,2.8284271247461903,0.0,damaging,ZMYM2
ZNF722 (100419780)_damaging,0,0.0,148.0,2.8284271247461903,0.0,damaging,ZNF722
EGFR (1956)_hotspot,0,0.0008670113824929432,148.2,11.144505372604026,0.0,hotspot,EGFR
MYH2 (4620)_damaging,0,0.0006291374452151976,148.2,3.768288736283357,0.0,damaging,MYH2
IGSF10 (285313)_damaging,0,0.0007272420416150291,148.6,10.310189135025603,0.0,damaging,IGSF10
PIK3CG (5294)_damaging,0,0.0006081635599129042,148.6,4.560701700396552,0.0,damaging,PIK3CG
SETD1B (23067)_damaging,0,0.0009661138239596675,148.6,10.310189135025603,0.0,damaging,SETD1B
COL1A2 (1278)_damaging,0,0.0007307970945190005,148.8,10.232301793829189,0.0,damaging,COL1A2
UBR4 (23352)_damaging,0,0.0004466415380349955,148.8,9.203260291874832,0.0,damaging,UBR4
CTTNBP2 (83992)_damaging,0,0.0007243079985522475,149.0,9.9498743710662,0.0,damaging,CTTNBP2
ASH1L (55870)_damaging,0,0.0003206847248809439,149.2,9.5236547606473,0.0,damaging,ASH1L
PHF20L1 (51105)_damaging,0,0.0006137464429957267,149.2,9.5236547606473,0.0,damaging,PHF20L1
COL4A5 (1287)_damaging,0,0.0004224911735120053,149.4,9.423375191511798,0.0,damaging,COL4A5
SIG:G[T>G]T,0,0.0006048854500924044,149.4,9.289779329994873,0.0,damaging,SIG:G[T>G]T
ABCA9 (10350)_damaging,0,0.000524244482879583,149.6,9.071934744033381,0.0,damaging,ABCA9
DMXL2 (23312)_damaging,0,0.00024400600299703703,149.6,9.071934744033378,0.0,damaging,DMXL2
AGO1 (26523)_damaging,0,0.0002332300337517899,149.8,8.87130204648675,0.0,damaging,AGO1
PLEC (5339)_damaging,0,0.00011355029683329165,149.8,7.085195833567341,0.0,damaging,PLEC
ABCA2 (20)_damaging,0,0.0008231403475688257,150.0,13.45362404707371,0.0,damaging,ABCA2
ADAM18 (8749)_damaging,0,0.0,150.0,,0.0,damaging,ADAM18
ADGRD2 (347088)_damaging,0,0.0,150.0,,0.0,damaging,ADGRD2
ADNP (23394)_damaging,0,0.0,150.0,,0.0,damaging,ADNP
ANKRD13B (124930)_damaging,0,0.0,150.0,,0.0,damaging,ANKRD13B
ARAP3 (64411)_damaging,0,0.0,150.0,,0.0,damaging,ARAP3
ARHGAP33 (115703)_damaging,0,0.0,150.0,,0.0,damaging,ARHGAP33
ARHGEF11 (9826)_damaging,0,0.0,150.0,,0.0,damaging,ARHGEF11
BRD10 (158358)_damaging,0,0.0,150.0,,0.0,damaging,BRD10
CCDC187 (399693)_damaging,0,0.0,150.0,,0.0,damaging,CCDC187
CCDC88C (440193)_damaging,0,0.0,150.0,,0.0,damaging,CCDC88C
CHD1L (9557)_damaging,0,0.0,150.0,,0.0,damaging,CHD1L
CHERP (10523)_damaging,0,0.0,150.0,,0.0,damaging,CHERP
CPXM2 (119587)_damaging,0,0.0,150.0,,0.0,damaging,CPXM2
DVL1 (1855)_damaging,0,0.0,150.0,,0.0,damaging,DVL1
EGF (1950)_damaging,0,0.0,150.0,,0.0,damaging,EGF
ETV6 (2120)_damaging,0,0.0,150.0,,0.0,damaging,ETV6
FUBP1 (8880)_damaging,0,0.0,150.0,,0.0,damaging,FUBP1
FXR1 (8087)_damaging,0,0.0,150.0,,0.0,damaging,FXR1
GBP1 (2633)_damaging,0,0.0,150.0,,0.0,damaging,GBP1
GNAS (2778)_damaging,0,0.0,150.0,,0.0,damaging,GNAS
ITGAM (3684)_damaging,0,0.0,150.0,,0.0,damaging,ITGAM
KCNA4 (3739)_damaging,0,0.0,150.0,,0.0,damaging,KCNA4
KLHDC7B (113730)_damaging,0,0.0,150.0,,0.0,damaging,KLHDC7B
LHCGR (3973)_damaging,0,0.0,150.0,,0.0,damaging,LHCGR
LRRIQ3 (127255)_damaging,0,0.0,150.0,,0.0,damaging,LRRIQ3
NAA35 (60560)_damaging,0,0.0,150.0,,0.0,damaging,NAA35
NDST4 (64579)_damaging,0,0.0,150.0,,0.0,damaging,NDST4
NKTR (4820)_damaging,0,0.0,150.0,,0.0,damaging,NKTR
PAPPA (5069)_damaging,0,0.0,150.0,,0.0,damaging,PAPPA
PDE6C (5146)_damaging,0,0.0,150.0,,0.0,damaging,PDE6C
PI4KA (5297)_damaging,0,0.0,150.0,,0.0,damaging,PI4KA
PTH2R (5746)_damaging,0,0.0,150.0,,0.0,damaging,PTH2R
PTK7 (5754)_damaging,0,0.0,150.0,,0.0,damaging,PTK7
PTPRN (5798)_damaging,0,0.0,150.0,,0.0,damaging,PTPRN
REXO1 (57455)_damaging,0,0.0,150.0,,0.0,damaging,REXO1
RNF111 (54778)_damaging,0,0.0,150.0,,0.0,damaging,RNF111
SEC31B (25956)_damaging,0,0.0,150.0,,0.0,damaging,SEC31B
SLC9C2 (284525)_damaging,0,0.0,150.0,,0.0,damaging,SLC9C2
SPAG9 (9043)_damaging,0,0.0,150.0,,0.0,damaging,SPAG9
SPOCD1 (90853)_damaging,0,0.0,150.0,,0.0,damaging,SPOCD1
SSH2 (85464)_damaging,0,0.0,150.0,,0.0,damaging,SSH2
TEX11 (56159)_damaging,0,0.0,150.0,,0.0,damaging,TEX11
TEX14 (56155)_damaging,0,0.0,150.0,,0.0,damaging,TEX14
TMC8 (147138)_damaging,0,0.0,150.0,,0.0,damaging,TMC8
ULK1 (8408)_damaging,0,0.0,150.0,,0.0,damaging,ULK1
VWA5B2 (90113)_damaging,0,0.0,150.0,,0.0,damaging,VWA5B2
WWOX (51741)_damaging,0,0.0,150.0,,0.0,damaging,WWOX
XPO7 (23039)_damaging,0,0.0,150.0,,0.0,damaging,XPO7
ZBED4 (9889)_damaging,0,0.0,150.0,,0.0,damaging,ZBED4
ZNF331 (55422)_damaging,0,0.0,150.0,,0.0,damaging,ZNF331
ZNF735 (730291)_damaging,0,0.0,150.0,,0.0,damaging,ZNF735
ZSWIM5 (57643)_damaging,0,0.0,150.0,,0.0,damaging,ZSWIM5
NUP98 (4928)_damaging,0,0.0001023902913080788,150.2,8.526429498916883,0.0,damaging,NUP98
FXR2 (9513)_damaging,0,9.678163830841222e-05,150.25,9.844626283748237,0.0,damaging,FXR2
A2M (2)_damaging,0,0.0,150.4,8.384509526501834,0.0,damaging,A2M
ABCA5 (23461)_damaging,0,0.0,150.4,8.384509526501834,0.0,damaging,ABCA5
ABCA6 (23460)_damaging,0,0.0,150.4,8.384509526501834,0.0,damaging,ABCA6
ABCA7 (10347)_damaging,0,0.0,150.4,8.384509526501834,0.0,damaging,ABCA7
ABCA8 (10351)_damaging,0,0.0,150.4,8.384509526501834,0.0,damaging,ABCA8
ABCC8 (6833)_damaging,0,0.0,150.4,8.384509526501834,0.0,damaging,ABCC8
ABI3BP (25890)_damaging,0,0.0,150.4,8.384509526501834,0.0,damaging,ABI3BP
ACACB (32)_damaging,0,0.0,150.4,8.384509526501834,0.0,damaging,ACACB
ACIN1 (22985)_damaging,0,0.0,150.4,8.384509526501834,0.0,damaging,ACIN1
ACVR2A (92)_damaging,0,0.0,150.4,8.384509526501834,0.0,damaging,ACVR2A
ADAMTS16 (170690)_damaging,0,0.0,150.4,8.384509526501834,0.0,damaging,ADAMTS16
ADAMTS20 (80070)_damaging,0,0.0,150.4,8.384509526501834,0.0,damaging,ADAMTS20
ADAMTSL2 (9719)_damaging,0,0.0,150.4,8.384509526501834,0.0,damaging,ADAMTSL2
ADAMTSL3 (57188)_damaging,0,0.0,150.4,8.384509526501834,0.0,damaging,ADAMTSL3
ADGRB3 (577)_damaging,0,0.0,150.4,8.384509526501834,0.0,damaging,ADGRB3
ADGRG4 (139378)_damaging,0,0.0,150.4,8.384509526501834,0.0,damaging,ADGRG4
ADGRL3 (23284)_damaging,0,0.0,150.4,8.384509526501834,0.0,damaging,ADGRL3
ADGRL4 (64123)_damaging,0,0.0,150.4,8.384509526501834,0.0,damaging,ADGRL4
ADGRV1 (84059)_damaging,0,0.0,150.4,8.384509526501834,0.0,damaging,ADGRV1
AFDN (4301)_damaging,0,0.0,150.4,8.384509526501834,0.0,damaging,AFDN
AFF2 (2334)_damaging,0,0.0,150.4,8.384509526501834,0.0,damaging,AFF2
AHNAK (79026)_damaging,0,0.0,150.4,8.384509526501834,0.0,damaging,AHNAK
AHNAK2 (113146)_damaging,0,0.0,150.4,8.384509526501834,0.0,damaging,AHNAK2
AJUBA (84962)_damaging,0,0.0,150.4,8.384509526501834,0.0,damaging,AJUBA
AK9 (221264)_damaging,0,0.0,150.4,8.384509526501834,0.0,damaging,AK9
AKAP6 (9472)_damaging,0,0.0,150.4,8.384509526501834,0.0,damaging,AKAP6
AKAP9 (10142)_damaging,0,0.0,150.4,8.384509526501834,0.0,damaging,AKAP9
ALK (238)_damaging,0,0.0,150.4,8.384509526501834,0.0,damaging,ALK
ALMS1 (7840)_damaging,0,0.0,150.4,8.384509526501834,0.0,damaging,ALMS1
AMER1 (139285)_damaging,0,0.0,150.4,8.384509526501834,0.0,damaging,AMER1
ANK1 (286)_damaging,0,0.0,150.4,8.384509526501834,0.0,damaging,ANK1
ANK2 (287)_damaging,0,0.0,150.4,8.384509526501834,0.0,damaging,ANK2
ANK3 (288)_damaging,0,0.0,150.4,8.384509526501834,0.0,damaging,ANK3
ANKAR (150709)_damaging,0,0.0,150.4,8.384509526501834,0.0,damaging,ANKAR
ANKIB1 (54467)_damaging,0,0.0,150.4,8.384509526501834,0.0,damaging,ANKIB1
ANKRD11 (29123)_damaging,0,0.0,150.4,8.384509526501834,0.0,damaging,ANKRD11
ANKRD12 (23253)_damaging,0,0.0,150.4,8.384509526501834,0.0,damaging,ANKRD12
ANKRD26 (22852)_damaging,0,0.0,150.4,8.384509526501834,0.0,damaging,ANKRD26
ANKRD30A (91074)_damaging,0,0.0,150.4,8.384509526501834,0.0,damaging,ANKRD30A
ANKRD31 (256006)_damaging,0,0.0,150.4,8.384509526501834,0.0,damaging,ANKRD31
AP3B1 (8546)_damaging,0,0.0,150.4,8.384509526501834,0.0,damaging,AP3B1
APC (324)_hotspot,0,0.0,150.4,8.384509526501834,0.0,hotspot,APC
APOB (338)_damaging,0,0.0,150.4,8.384509526501834,0.0,damaging,APOB
ARHGAP35 (2909)_damaging,0,0.0,150.4,8.384509526501834,0.0,damaging,ARHGAP35
ARHGEF12 (23365)_damaging,0,0.0,150.4,8.384509526501834,0.0,damaging,ARHGEF12
ARHGEF17 (9828)_damaging,0,0.0,150.4,8.384509526501834,0.0,damaging,ARHGEF17
ARHGEF28 (64283)_damaging,0,0.0,150.4,8.384509526501834,0.0,damaging,ARHGEF28
ARID2 (196528)_damaging,0,0.0,150.4,8.384509526501834,0.0,damaging,ARID2
ARID4A (5926)_damaging,0,0.0,150.4,8.384509526501834,0.0,damaging,ARID4A
ARID4B (51742)_damaging,0,0.0,150.4,8.384509526501834,0.0,damaging,ARID4B
ARSK (153642)_damaging,0,0.0,150.4,8.384509526501834,0.0,damaging,ARSK
ASPM (259266)_damaging,0,0.0,150.4,8.384509526501834,0.0,damaging,ASPM
ASXL2 (55252)_damaging,0,0.0,150.4,8.384509526501834,0.0,damaging,ASXL2
ATAD2B (54454)_damaging,0,0.0,150.4,8.384509526501834,0.0,damaging,ATAD2B
ATAD5 (79915)_damaging,0,0.0,150.4,8.384509526501834,0.0,damaging,ATAD5
ATF7IP (55729)_damaging,0,0.0,150.4,8.384509526501834,0.0,damaging,ATF7IP
ATG2B (55102)_damaging,0,0.0,150.4,8.384509526501834,0.0,damaging,ATG2B
ATP2B4 (493)_damaging,0,0.0,150.4,8.384509526501834,0.0,damaging,ATP2B4
ATP9B (374868)_damaging,0,0.0,150.4,8.384509526501834,0.0,damaging,ATP9B
ATR (545)_damaging,0,0.0,150.4,8.384509526501834,0.0,damaging,ATR
ATRNL1 (26033)_damaging,0,0.0,150.4,8.384509526501834,0.0,damaging,ATRNL1
ATXN1 (6310)_damaging,0,0.0,150.4,8.384509526501834,0.0,damaging,ATXN1
ATXN2L (11273)_damaging,0,0.0,150.4,8.384509526501834,0.0,damaging,ATXN2L
ATXN7 (6314)_damaging,0,0.0,150.4,8.384509526501834,0.0,damaging,ATXN7
B2M (567)_damaging,0,0.0,150.4,8.384509526501834,0.0,damaging,B2M
B4GALNT4 (338707)_damaging,0,0.0,150.4,8.384509526501834,0.0,damaging,B4GALNT4
BAHCC1 (57597)_damaging,0,0.0,150.4,8.384509526501834,0.0,damaging,BAHCC1
BAZ2B (29994)_damaging,0,0.0,150.4,8.384509526501834,0.0,damaging,BAZ2B
BCL9 (607)_damaging,0,0.0,150.4,8.384509526501834,0.0,damaging,BCL9
BCL9L (283149)_damaging,0,0.0,150.4,8.384509526501834,0.0,damaging,BCL9L
BCORL1 (63035)_damaging,0,0.0,150.4,8.384509526501834,0.0,damaging,BCORL1
BDP1 (55814)_damaging,0,0.0,150.4,8.384509526501834,0.0,damaging,BDP1
BICRA (29998)_damaging,0,0.0,150.4,8.384509526501834,0.0,damaging,BICRA
BIRC6 (57448)_damaging,0,0.0,150.4,8.384509526501834,0.0,damaging,BIRC6
BLM (641)_damaging,0,0.0,150.4,8.384509526501834,0.0,damaging,BLM
BLTP1 (84162)_damaging,0,0.0,150.4,8.384509526501834,0.0,damaging,BLTP1
BLTP3B (23074)_damaging,0,0.0,150.4,8.384509526501834,0.0,damaging,BLTP3B
BMPR2 (659)_damaging,0,0.0,150.4,8.384509526501834,0.0,damaging,BMPR2
BPTF (2186)_damaging,0,0.0,150.4,8.384509526501834,0.0,damaging,BPTF
BRCA1 (672)_damaging,0,0.0,150.4,8.384509526501834,0.0,damaging,BRCA1
BRCA2 (675)_damaging,0,0.0,150.4,8.384509526501834,0.0,damaging,BRCA2
BRD3 (8019)_damaging,0,0.0,150.4,8.384509526501834,0.0,damaging,BRD3
BRSK1 (84446)_damaging,0,0.0,150.4,8.384509526501834,0.0,damaging,BRSK1
BRSK2 (9024)_damaging,0,0.0,150.4,8.384509526501834,0.0,damaging,BRSK2
BRWD1 (54014)_damaging,0,0.0,150.4,8.384509526501834,0.0,damaging,BRWD1
BRWD3 (254065)_damaging,0,0.0,150.4,8.384509526501834,0.0,damaging,BRWD3
BTBD8 (284697)_damaging,0,0.0,150.4,8.384509526501834,0.0,damaging,BTBD8
C2CD3 (26005)_damaging,0,0.0,150.4,8.384509526501834,0.0,damaging,C2CD3
C6 (729)_damaging,0,0.0,150.4,8.384509526501834,0.0,damaging,C6
C7 (730)_damaging,0,0.0,150.4,8.384509526501834,0.0,damaging,C7
CACNA1C (775)_damaging,0,0.0,150.4,8.384509526501834,0.0,damaging,CACNA1C
CACNA1E (777)_damaging,0,0.0,150.4,8.384509526501834,0.0,damaging,CACNA1E
CACNA1I (8911)_damaging,0,0.0,150.4,8.384509526501834,0.0,damaging,CACNA1I
CALCR (799)_damaging,0,0.0,150.4,8.384509526501834,0.0,damaging,CALCR
CAMSAP2 (23271)_damaging,0,0.0,150.4,8.384509526501834,0.0,damaging,CAMSAP2
CAMSAP3 (57662)_damaging,0,0.0,150.4,8.384509526501834,0.0,damaging,CAMSAP3
CARD11 (84433)_damaging,0,0.0,150.4,8.384509526501834,0.0,damaging,CARD11
CASKIN2 (57513)_damaging,0,0.0,150.4,8.384509526501834,0.0,damaging,CASKIN2
CASP8 (841)_damaging,0,0.0,150.4,8.384509526501834,0.0,damaging,CASP8
CASP8AP2 (9994)_damaging,0,0.0,150.4,8.384509526501834,0.0,damaging,CASP8AP2
CCDC141 (285025)_damaging,0,0.0,150.4,8.384509526501834,0.0,damaging,CCDC141
CCDC168 (643677)_damaging,0,0.0,150.4,8.384509526501834,0.0,damaging,CCDC168
CCDC73 (493860)_damaging,0,0.0,150.4,8.384509526501834,0.0,damaging,CCDC73
CCDC88A (55704)_damaging,0,0.0,150.4,8.384509526501834,0.0,damaging,CCDC88A
CCDST (112268240)_damaging,0,0.0,150.4,8.384509526501834,0.0,damaging,CCDST
CD36 (948)_damaging,0,0.0,150.4,8.384509526501834,0.0,damaging,CD36
CDC42BPA (8476)_damaging,0,0.0,150.4,8.384509526501834,0.0,damaging,CDC42BPA
CDH1 (999)_damaging,0,0.0,150.4,8.384509526501834,0.0,damaging,CDH1
CDH10 (1008)_damaging,0,0.0,150.4,8.384509526501834,0.0,damaging,CDH10
CDH23 (64072)_damaging,0,0.0,150.4,8.384509526501834,0.0,damaging,CDH23
CDH6 (1004)_damaging,0,0.0,150.4,8.384509526501834,0.0,damaging,CDH6
CDK13 (8621)_damaging,0,0.0,150.4,8.384509526501834,0.0,damaging,CDK13
CDKN2A (1029)_hotspot,0,0.0,150.4,8.384509526501834,0.0,hotspot,CDKN2A
CELSR3 (1951)_damaging,0,0.0,150.4,8.384509526501834,0.0,damaging,CELSR3
CENPC (1060)_damaging,0,0.0,150.4,8.384509526501834,0.0,damaging,CENPC
CENPF (1063)_damaging,0,0.0,150.4,8.384509526501834,0.0,damaging,CENPF
CEP290 (80184)_damaging,0,0.0,150.4,8.384509526501834,0.0,damaging,CEP290
CFAP46 (54777)_damaging,0,0.0,150.4,8.384509526501834,0.0,damaging,CFAP46
CFAP47 (286464)_damaging,0,0.0,150.4,8.384509526501834,0.0,damaging,CFAP47
CFAP65 (255101)_damaging,0,0.0,150.4,8.384509526501834,0.0,damaging,CFAP65
CHD2 (1106)_damaging,0,0.0,150.4,8.384509526501834,0.0,damaging,CHD2
CHD3 (1107)_damaging,0,0.0,150.4,8.384509526501834,0.0,damaging,CHD3
CHD5 (26038)_damaging,0,0.0,150.4,8.384509526501834,0.0,damaging,CHD5
CHD8 (57680)_damaging,0,0.0,150.4,8.384509526501834,0.0,damaging,CHD8
CHD9 (80205)_damaging,0,0.0,150.4,8.384509526501834,0.0,damaging,CHD9
CHRM3 (1131)_damaging,0,0.0,150.4,8.384509526501834,0.0,damaging,CHRM3
CIC (23152)_damaging,0,0.0,150.4,8.384509526501834,0.0,damaging,CIC
CLASP2 (23122)_damaging,0,0.0,150.4,8.384509526501834,0.0,damaging,CLASP2
CNTLN (54875)_damaging,0,0.0,150.4,8.384509526501834,0.0,damaging,CNTLN
CNTN1 (1272)_damaging,0,0.0,150.4,8.384509526501834,0.0,damaging,CNTN1
CNTN5 (53942)_damaging,0,0.0,150.4,8.384509526501834,0.0,damaging,CNTN5
CNTN6 (27255)_damaging,0,0.0,150.4,8.384509526501834,0.0,damaging,CNTN6
CNTNAP2 (26047)_damaging,0,0.0,150.4,8.384509526501834,0.0,damaging,CNTNAP2
CNTNAP4 (85445)_damaging,0,0.0,150.4,8.384509526501834,0.0,damaging,CNTNAP4
CNTRL (11064)_damaging,0,0.0,150.4,8.384509526501834,0.0,damaging,CNTRL
COL11A1 (1301)_damaging,0,0.0,150.4,8.384509526501834,0.0,damaging,COL11A1
COL11A2 (1302)_damaging,0,0.0,150.4,8.384509526501834,0.0,damaging,COL11A2
COL12A1 (1303)_damaging,0,0.0,150.4,8.384509526501834,0.0,damaging,COL12A1
COL14A1 (7373)_damaging,0,0.0,150.4,8.384509526501834,0.0,damaging,COL14A1
COL15A1 (1306)_damaging,0,0.0,150.4,8.384509526501834,0.0,damaging,COL15A1
COL16A1 (1307)_damaging,0,0.0,150.4,8.384509526501834,0.0,damaging,COL16A1
COL18A1 (80781)_damaging,0,0.0,150.4,8.384509526501834,0.0,damaging,COL18A1
COL1A1 (1277)_damaging,0,0.0,150.4,8.384509526501834,0.0,damaging,COL1A1
COL22A1 (169044)_damaging,0,0.0,150.4,8.384509526501834,0.0,damaging,COL22A1
COL24A1 (255631)_damaging,0,0.0,150.4,8.384509526501834,0.0,damaging,COL24A1
COL27A1 (85301)_damaging,0,0.0,150.4,8.384509526501834,0.0,damaging,COL27A1
COL28A1 (340267)_damaging,0,0.0,150.4,8.384509526501834,0.0,damaging,COL28A1
COL2A1 (1280)_damaging,0,0.0,150.4,8.384509526501834,0.0,damaging,COL2A1
COL3A1 (1281)_damaging,0,0.0,150.4,8.384509526501834,0.0,damaging,COL3A1
COL4A1 (1282)_damaging,0,0.0,150.4,8.384509526501834,0.0,damaging,COL4A1
COL4A2 (1284)_damaging,0,0.0,150.4,8.384509526501834,0.0,damaging,COL4A2
COL4A4 (1286)_damaging,0,0.0,150.4,8.384509526501834,0.0,damaging,COL4A4
COL4A6 (1288)_damaging,0,0.0,150.4,8.384509526501834,0.0,damaging,COL4A6
COL5A1 (1289)_damaging,0,0.0,150.4,8.384509526501834,0.0,damaging,COL5A1
COL5A2 (1290)_damaging,0,0.0,150.4,8.384509526501834,0.0,damaging,COL5A2
COL5A3 (50509)_damaging,0,0.0,150.4,8.384509526501834,0.0,damaging,COL5A3
COL6A3 (1293)_damaging,0,0.0,150.4,8.384509526501834,0.0,damaging,COL6A3
COL6A5 (256076)_damaging,0,0.0,150.4,8.384509526501834,0.0,damaging,COL6A5
CPAMD8 (27151)_damaging,0,0.0,150.4,8.384509526501834,0.0,damaging,CPAMD8
CPS1 (1373)_damaging,0,0.0,150.4,8.384509526501834,0.0,damaging,CPS1
CPSF1 (29894)_damaging,0,0.0,150.4,8.384509526501834,0.0,damaging,CPSF1
CR2 (1380)_damaging,0,0.0,150.4,8.384509526501834,0.0,damaging,CR2
CRAMP1 (57585)_damaging,0,0.0,150.4,8.384509526501834,0.0,damaging,CRAMP1
CSMD2 (114784)_damaging,0,0.0,150.4,8.384509526501834,0.0,damaging,CSMD2
CSMD3 (114788)_damaging,0,0.0,150.4,8.384509526501834,0.0,damaging,CSMD3
CTCF (10664)_damaging,0,0.0,150.4,8.384509526501834,0.0,damaging,CTCF
CTNNA2 (1496)_damaging,0,0.0,150.4,8.384509526501834,0.0,damaging,CTNNA2
CTNNB1 (1499)_hotspot,0,0.0,150.4,8.384509526501834,0.0,hotspot,CTNNB1
CTNND1 (1500)_damaging,0,0.0,150.4,8.384509526501834,0.0,damaging,CTNND1
CUX1 (1523)_damaging,0,0.0,150.4,8.384509526501834,0.0,damaging,CUX1
CUX2 (23316)_damaging,0,0.0,150.4,8.384509526501834,0.0,damaging,CUX2
DCC (1630)_damaging,0,0.0,150.4,8.384509526501834,0.0,damaging,DCC
DCHS2 (54798)_damaging,0,0.0,150.4,8.384509526501834,0.0,damaging,DCHS2
DDX27 (55661)_damaging,0,0.0,150.4,8.384509526501834,0.0,damaging,DDX27
DDX3X (1654)_damaging,0,0.0,150.4,8.384509526501834,0.0,damaging,DDX3X
DENND1A (57706)_damaging,0,0.0,150.4,8.384509526501834,0.0,damaging,DENND1A
DENND4C (55667)_damaging,0,0.0,150.4,8.384509526501834,0.0,damaging,DENND4C
DEPDC5 (9681)_damaging,0,0.0,150.4,8.384509526501834,0.0,damaging,DEPDC5
DIS3 (22894)_damaging,0,0.0,150.4,8.384509526501834,0.0,damaging,DIS3
DLG2 (1740)_damaging,0,0.0,150.4,8.384509526501834,0.0,damaging,DLG2
DMBT1 (1755)_damaging,0,0.0,150.4,8.384509526501834,0.0,damaging,DMBT1
DMD (1756)_damaging,0,0.0,150.4,8.384509526501834,0.0,damaging,DMD
DMXL1 (1657)_damaging,0,0.0,150.4,8.384509526501834,0.0,damaging,DMXL1
DNAH10 (196385)_damaging,0,0.0,150.4,8.384509526501834,0.0,damaging,DNAH10
DNAH11 (8701)_damaging,0,0.0,150.4,8.384509526501834,0.0,damaging,DNAH11
DNAH12 (201625)_damaging,0,0.0,150.4,8.384509526501834,0.0,damaging,DNAH12
DNAH14 (127602)_damaging,0,0.0,150.4,8.384509526501834,0.0,damaging,DNAH14
DNAH17 (8632)_damaging,0,0.0,150.4,8.384509526501834,0.0,damaging,DNAH17
DNAH2 (146754)_damaging,0,0.0,150.4,8.384509526501834,0.0,damaging,DNAH2
DNAH6 (1768)_damaging,0,0.0,150.4,8.384509526501834,0.0,damaging,DNAH6
DNAH7 (56171)_damaging,0,0.0,150.4,8.384509526501834,0.0,damaging,DNAH7
DNMT3A (1788)_damaging,0,0.0,150.4,8.384509526501834,0.0,damaging,DNMT3A
DOCK2 (1794)_damaging,0,0.0,150.4,8.384509526501834,0.0,damaging,DOCK2
DOCK3 (1795)_damaging,0,0.0,150.4,8.384509526501834,0.0,damaging,DOCK3
DOCK5 (80005)_damaging,0,0.0,150.4,8.384509526501834,0.0,damaging,DOCK5
DOCK7 (85440)_damaging,0,0.0,150.4,8.384509526501834,0.0,damaging,DOCK7
DOCK8 (81704)_damaging,0,0.0,150.4,8.384509526501834,0.0,damaging,DOCK8
DPP10 (57628)_damaging,0,0.0,150.4,8.384509526501834,0.0,damaging,DPP10
DSCAM (1826)_damaging,0,0.0,150.4,8.384509526501834,0.0,damaging,DSCAM
DSCAML1 (57453)_damaging,0,0.0,150.4,8.384509526501834,0.0,damaging,DSCAML1
DST (667)_damaging,0,0.0,150.4,8.384509526501834,0.0,damaging,DST
DTX1 (1840)_damaging,0,0.0,150.4,8.384509526501834,0.0,damaging,DTX1
DYNC1H1 (1778)_damaging,0,0.0,150.4,8.384509526501834,0.0,damaging,DYNC1H1
DYNC2H1 (79659)_damaging,0,0.0,150.4,8.384509526501834,0.0,damaging,DYNC2H1
DYSF (8291)_damaging,0,0.0,150.4,8.384509526501834,0.0,damaging,DYSF
DZIP3 (9666)_damaging,0,0.0,150.4,8.384509526501834,0.0,damaging,DZIP3
E2F7 (144455)_damaging,0,0.0,150.4,8.384509526501834,0.0,damaging,E2F7
ECT2L (345930)_damaging,0,0.0,150.4,8.384509526501834,0.0,damaging,ECT2L
EFCAB5 (374786)_damaging,0,0.0,150.4,8.384509526501834,0.0,damaging,EFCAB5
EFR3A (23167)_damaging,0,0.0,150.4,8.384509526501834,0.0,damaging,EFR3A
ELOA (6924)_damaging,0,0.0,150.4,8.384509526501834,0.0,damaging,ELOA
EML5 (161436)_damaging,0,0.0,150.4,8.384509526501834,0.0,damaging,EML5
EP300 (2033)_damaging,0,0.0,150.4,8.384509526501834,0.0,damaging,EP300
EP400 (57634)_damaging,0,0.0,150.4,8.384509526501834,0.0,damaging,EP400
EPHA2 (1969)_damaging,0,0.0,150.4,8.384509526501834,0.0,damaging,EPHA2
EPHA3 (2042)_damaging,0,0.0,150.4,8.384509526501834,0.0,damaging,EPHA3
EPHA5 (2044)_damaging,0,0.0,150.4,8.384509526501834,0.0,damaging,EPHA5
EPHA7 (2045)_damaging,0,0.0,150.4,8.384509526501834,0.0,damaging,EPHA7
EPHB6 (2051)_damaging,0,0.0,150.4,8.384509526501834,0.0,damaging,EPHB6
ERBB4 (2066)_damaging,0,0.0,150.4,8.384509526501834,0.0,damaging,ERBB4
ERF (2077)_damaging,0,0.0,150.4,8.384509526501834,0.0,damaging,ERF
ERICH3 (127254)_damaging,0,0.0,150.4,8.384509526501834,0.0,damaging,ERICH3
ERRFI1 (54206)_damaging,0,0.0,150.4,8.384509526501834,0.0,damaging,ERRFI1
ESRP1 (54845)_damaging,0,0.0,150.4,8.384509526501834,0.0,damaging,ESRP1
EXPH5 (23086)_damaging,0,0.0,150.4,8.384509526501834,0.0,damaging,EXPH5
EYS (346007)_damaging,0,0.0,150.4,8.384509526501834,0.0,damaging,EYS
F8 (2157)_damaging,0,0.0,150.4,8.384509526501834,0.0,damaging,F8
FAAH (2166)_damaging,0,0.0,150.4,8.384509526501834,0.0,damaging,FAAH
FAM193A (8603)_damaging,0,0.0,150.4,8.384509526501834,0.0,damaging,FAM193A
FANCM (57697)_damaging,0,0.0,150.4,8.384509526501834,0.0,damaging,FANCM
FAT3 (120114)_damaging,0,0.0,150.4,8.384509526501834,0.0,damaging,FAT3
FAT4 (79633)_damaging,0,0.0,150.4,8.384509526501834,0.0,damaging,FAT4
FBN1 (2200)_damaging,0,0.0,150.4,8.384509526501834,0.0,damaging,FBN1
FBN2 (2201)_damaging,0,0.0,150.4,8.384509526501834,0.0,damaging,FBN2
FBN3 (84467)_damaging,0,0.0,150.4,8.384509526501834,0.0,damaging,FBN3
FBXW7 (55294)_damaging,0,0.0,150.4,8.384509526501834,0.0,damaging,FBXW7
FER1L6 (654463)_damaging,0,0.0,150.4,8.384509526501834,0.0,damaging,FER1L6
FLG (2312)_damaging,0,0.0,150.4,8.384509526501834,0.0,damaging,FLG
FLG2 (388698)_damaging,0,0.0,150.4,8.384509526501834,0.0,damaging,FLG2
FLNB (2317)_damaging,0,0.0,150.4,8.384509526501834,0.0,damaging,FLNB
FLNC (2318)_damaging,0,0.0,150.4,8.384509526501834,0.0,damaging,FLNC
FMN1 (342184)_damaging,0,0.0,150.4,8.384509526501834,0.0,damaging,FMN1
FN1 (2335)_damaging,0,0.0,150.4,8.384509526501834,0.0,damaging,FN1
FNDC1 (84624)_damaging,0,0.0,150.4,8.384509526501834,0.0,damaging,FNDC1
FOLH1 (2346)_damaging,0,0.0,150.4,8.384509526501834,0.0,damaging,FOLH1
FRAS1 (80144)_damaging,0,0.0,150.4,8.384509526501834,0.0,damaging,FRAS1
FRY (10129)_damaging,0,0.0,150.4,8.384509526501834,0.0,damaging,FRY
FRYL (285527)_damaging,0,0.0,150.4,8.384509526501834,0.0,damaging,FRYL
FSIP2 (401024)_damaging,0,0.0,150.4,8.384509526501834,0.0,damaging,FSIP2
FSTL5 (56884)_damaging,0,0.0,150.4,8.384509526501834,0.0,damaging,FSTL5
GLI1 (2735)_damaging,0,0.0,150.4,8.384509526501834,0.0,damaging,GLI1
GLI3 (2737)_damaging,0,0.0,150.4,8.384509526501834,0.0,damaging,GLI3
GOLGA2 (2801)_damaging,0,0.0,150.4,8.384509526501834,0.0,damaging,GOLGA2
GPR179 (440435)_damaging,0,0.0,150.4,8.384509526501834,0.0,damaging,GPR179
GREB1 (9687)_damaging,0,0.0,150.4,8.384509526501834,0.0,damaging,GREB1
GRID2 (2895)_damaging,0,0.0,150.4,8.384509526501834,0.0,damaging,GRID2
GRIN2A (2903)_damaging,0,0.0,150.4,8.384509526501834,0.0,damaging,GRIN2A
GRM7 (2917)_damaging,0,0.0,150.4,8.384509526501834,0.0,damaging,GRM7
H3-4 (8290)_damaging,0,0.0,150.4,8.384509526501834,0.0,damaging,H3-4
HCN1 (348980)_damaging,0,0.0,150.4,8.384509526501834,0.0,damaging,HCN1
HDAC4 (9759)_damaging,0,0.0,150.4,8.384509526501834,0.0,damaging,HDAC4
HECW1 (23072)_damaging,0,0.0,150.4,8.384509526501834,0.0,damaging,HECW1
HELZ2 (85441)_damaging,0,0.0,150.4,8.384509526501834,0.0,damaging,HELZ2
HERC1 (8925)_damaging,0,0.0,150.4,8.384509526501834,0.0,damaging,HERC1
HERC2 (8924)_damaging,0,0.0,150.4,8.384509526501834,0.0,damaging,HERC2
HIF1A (3091)_damaging,0,0.0,150.4,8.384509526501834,0.0,damaging,HIF1A
HIVEP1 (3096)_damaging,0,0.0,150.4,8.384509526501834,0.0,damaging,HIVEP1
HIVEP2 (3097)_damaging,0,0.0,150.4,8.384509526501834,0.0,damaging,HIVEP2
HLA-C (3107)_damaging,0,0.0,150.4,8.384509526501834,0.0,damaging,HLA-C
HMCN1 (83872)_damaging,0,0.0,150.4,8.384509526501834,0.0,damaging,HMCN1
HMCN2 (256158)_damaging,0,0.0,150.4,8.384509526501834,0.0,damaging,HMCN2
HNF1A (6927)_damaging,0,0.0,150.4,8.384509526501834,0.0,damaging,HNF1A
HRAS (3265)_hotspot,0,0.0,150.4,8.384509526501834,0.0,hotspot,HRAS
HSPG2 (3339)_damaging,0,0.0,150.4,8.384509526501834,0.0,damaging,HSPG2
ICE1 (23379)_damaging,0,0.0,150.4,8.384509526501834,0.0,damaging,ICE1
ICE2 (79664)_damaging,0,0.0,150.4,8.384509526501834,0.0,damaging,ICE2
IGFN1 (91156)_damaging,0,0.0,150.4,8.384509526501834,0.0,damaging,IGFN1
INF2 (64423)_damaging,0,0.0,150.4,8.384509526501834,0.0,damaging,INF2
INO80D (54891)_damaging,0,0.0,150.4,8.384509526501834,0.0,damaging,INO80D
INPPL1 (3636)_damaging,0,0.0,150.4,8.384509526501834,0.0,damaging,INPPL1
INSRR (3645)_damaging,0,0.0,150.4,8.384509526501834,0.0,damaging,INSRR
IQGAP1 (8826)_damaging,0,0.0,150.4,8.384509526501834,0.0,damaging,IQGAP1
IQGAP3 (128239)_damaging,0,0.0,150.4,8.384509526501834,0.0,damaging,IQGAP3
IQSEC2 (23096)_damaging,0,0.0,150.4,8.384509526501834,0.0,damaging,IQSEC2
ITPR2 (3709)_damaging,0,0.0,150.4,8.384509526501834,0.0,damaging,ITPR2
ITSN1 (6453)_damaging,0,0.0,150.4,8.384509526501834,0.0,damaging,ITSN1
ITSN2 (50618)_damaging,0,0.0,150.4,8.384509526501834,0.0,damaging,ITSN2
JAK1 (3716)_damaging,0,0.0,150.4,8.384509526501834,0.0,damaging,JAK1
JAKMIP3 (282973)_damaging,0,0.0,150.4,8.384509526501834,0.0,damaging,JAKMIP3
JARID2 (3720)_damaging,0,0.0,150.4,8.384509526501834,0.0,damaging,JARID2
JMJD1C (221037)_damaging,0,0.0,150.4,8.384509526501834,0.0,damaging,JMJD1C
KANSL1 (284058)_damaging,0,0.0,150.4,8.384509526501834,0.0,damaging,KANSL1
KCNB2 (9312)_damaging,0,0.0,150.4,8.384509526501834,0.0,damaging,KCNB2
KCNG2 (26251)_damaging,0,0.0,150.4,8.384509526501834,0.0,damaging,KCNG2
KCNH5 (27133)_damaging,0,0.0,150.4,8.384509526501834,0.0,damaging,KCNH5
KCNH7 (90134)_damaging,0,0.0,150.4,8.384509526501834,0.0,damaging,KCNH7
KCNQ3 (3786)_damaging,0,0.0,150.4,8.384509526501834,0.0,damaging,KCNQ3
KDM2B (84678)_damaging,0,0.0,150.4,8.384509526501834,0.0,damaging,KDM2B
KDM4B (23030)_damaging,0,0.0,150.4,8.384509526501834,0.0,damaging,KDM4B
KDM5A (5927)_damaging,0,0.0,150.4,8.384509526501834,0.0,damaging,KDM5A
KDR (3791)_damaging,0,0.0,150.4,8.384509526501834,0.0,damaging,KDR
KEAP1 (9817)_damaging,0,0.0,150.4,8.384509526501834,0.0,damaging,KEAP1
KEL (3792)_damaging,0,0.0,150.4,8.384509526501834,0.0,damaging,KEL
KIAA1549 (57670)_damaging,0,0.0,150.4,8.384509526501834,0.0,damaging,KIAA1549
KIF1A (547)_damaging,0,0.0,150.4,8.384509526501834,0.0,damaging,KIF1A
KIF20B (9585)_damaging,0,0.0,150.4,8.384509526501834,0.0,damaging,KIF20B
KIF21A (55605)_damaging,0,0.0,150.4,8.384509526501834,0.0,damaging,KIF21A
KIF26A (26153)_damaging,0,0.0,150.4,8.384509526501834,0.0,damaging,KIF26A
KIF26B (55083)_damaging,0,0.0,150.4,8.384509526501834,0.0,damaging,KIF26B
KIF27 (55582)_damaging,0,0.0,150.4,8.384509526501834,0.0,damaging,KIF27
KIF5B (3799)_damaging,0,0.0,150.4,8.384509526501834,0.0,damaging,KIF5B
KIF7 (374654)_damaging,0,0.0,150.4,8.384509526501834,0.0,damaging,KIF7
KMT2A (4297)_damaging,0,0.0,150.4,8.384509526501834,0.0,damaging,KMT2A
KMT2B (9757)_damaging,0,0.0,150.4,8.384509526501834,0.0,damaging,KMT2B
KMT2E (55904)_damaging,0,0.0,150.4,8.384509526501834,0.0,damaging,KMT2E
KNOP1 (400506)_damaging,0,0.0,150.4,8.384509526501834,0.0,damaging,KNOP1
KSR1 (8844)_damaging,0,0.0,150.4,8.384509526501834,0.0,damaging,KSR1
KTN1 (3895)_damaging,0,0.0,150.4,8.384509526501834,0.0,damaging,KTN1
LAMA1 (284217)_damaging,0,0.0,150.4,8.384509526501834,0.0,damaging,LAMA1
LAMA2 (3908)_damaging,0,0.0,150.4,8.384509526501834,0.0,damaging,LAMA2
LAMA5 (3911)_damaging,0,0.0,150.4,8.384509526501834,0.0,damaging,LAMA5
LAMB4 (22798)_damaging,0,0.0,150.4,8.384509526501834,0.0,damaging,LAMB4
LARP1 (23367)_damaging,0,0.0,150.4,8.384509526501834,0.0,damaging,LARP1
LARP4B (23185)_damaging,0,0.0,150.4,8.384509526501834,0.0,damaging,LARP4B
LEPR (3953)_damaging,0,0.0,150.4,8.384509526501834,0.0,damaging,LEPR
LIMCH1 (22998)_damaging,0,0.0,150.4,8.384509526501834,0.0,damaging,LIMCH1
LINC02138 (400558)_damaging,0,0.0,150.4,8.384509526501834,0.0,damaging,LINC02138
LINC02714 (729305)_damaging,0,0.0,150.4,8.384509526501834,0.0,damaging,LINC02714
LINC02900 (340073)_damaging,0,0.0,150.4,8.384509526501834,0.0,damaging,LINC02900
LMTK3 (114783)_damaging,0,0.0,150.4,8.384509526501834,0.0,damaging,LMTK3
LOXHD1 (125336)_damaging,0,0.0,150.4,8.384509526501834,0.0,damaging,LOXHD1
LRP1 (4035)_damaging,0,0.0,150.4,8.384509526501834,0.0,damaging,LRP1
LRP2 (4036)_damaging,0,0.0,150.4,8.384509526501834,0.0,damaging,LRP2
LRRC7 (57554)_damaging,0,0.0,150.4,8.384509526501834,0.0,damaging,LRRC7
LRRIQ1 (84125)_damaging,0,0.0,150.4,8.384509526501834,0.0,damaging,LRRIQ1
LRRK1 (79705)_damaging,0,0.0,150.4,8.384509526501834,0.0,damaging,LRRK1
LTN1 (26046)_damaging,0,0.0,150.4,8.384509526501834,0.0,damaging,LTN1
LUZP1 (7798)_damaging,0,0.0,150.4,8.384509526501834,0.0,damaging,LUZP1
LY75 (4065)_damaging,0,0.0,150.4,8.384509526501834,0.0,damaging,LY75
MACF1 (23499)_damaging,0,0.0,150.4,8.384509526501834,0.0,damaging,MACF1
MAGI2 (9863)_damaging,0,0.0,150.4,8.384509526501834,0.0,damaging,MAGI2
MALRD1 (340895)_damaging,0,0.0,150.4,8.384509526501834,0.0,damaging,MALRD1
MAP1A (4130)_damaging,0,0.0,150.4,8.384509526501834,0.0,damaging,MAP1A
MAP2 (4133)_damaging,0,0.0,150.4,8.384509526501834,0.0,damaging,MAP2
MAP7D1 (55700)_damaging,0,0.0,150.4,8.384509526501834,0.0,damaging,MAP7D1
MAP9 (79884)_damaging,0,0.0,150.4,8.384509526501834,0.0,damaging,MAP9
MARCO (8685)_damaging,0,0.0,150.4,8.384509526501834,0.0,damaging,MARCO
MAST2 (23139)_damaging,0,0.0,150.4,8.384509526501834,0.0,damaging,MAST2
MBD6 (114785)_damaging,0,0.0,150.4,8.384509526501834,0.0,damaging,MBD6
MDC1 (9656)_damaging,0,0.0,150.4,8.384509526501834,0.0,damaging,MDC1
MDN1 (23195)_damaging,0,0.0,150.4,8.384509526501834,0.0,damaging,MDN1
MED12 (9968)_damaging,0,0.0,150.4,8.384509526501834,0.0,damaging,MED12
MED12L (116931)_damaging,0,0.0,150.4,8.384509526501834,0.0,damaging,MED12L
MED13 (9969)_damaging,0,0.0,150.4,8.384509526501834,0.0,damaging,MED13
MEGF8 (1954)_damaging,0,0.0,150.4,8.384509526501834,0.0,damaging,MEGF8
MGA (23269)_damaging,0,0.0,150.4,8.384509526501834,0.0,damaging,MGA
MGAM (8972)_damaging,0,0.0,150.4,8.384509526501834,0.0,damaging,MGAM
MIDEAS (91748)_damaging,0,0.0,150.4,8.384509526501834,0.0,damaging,MIDEAS
MKI67 (4288)_damaging,0,0.0,150.4,8.384509526501834,0.0,damaging,MKI67
MLH1 (4292)_damaging,0,0.0,150.4,8.384509526501834,0.0,damaging,MLH1
MLH3 (27030)_damaging,0,0.0,150.4,8.384509526501834,0.0,damaging,MLH3
MMP3 (4314)_damaging,0,0.0,150.4,8.384509526501834,0.0,damaging,MMP3
MMS22L (253714)_damaging,0,0.0,150.4,8.384509526501834,0.0,damaging,MMS22L
MRC1 (4360)_damaging,0,0.0,150.4,8.384509526501834,0.0,damaging,MRC1
MROH2A (339766)_damaging,0,0.0,150.4,8.384509526501834,0.0,damaging,MROH2A
MSH2 (4436)_damaging,0,0.0,150.4,8.384509526501834,0.0,damaging,MSH2
MSH6 (2956)_damaging,0,0.0,150.4,8.384509526501834,0.0,damaging,MSH6
MUC16 (94025)_damaging,0,0.0,150.4,8.384509526501834,0.0,damaging,MUC16
MUC17 (140453)_damaging,0,0.0,150.4,8.384509526501834,0.0,damaging,MUC17
MUC19 (283463)_damaging,0,0.0,150.4,8.384509526501834,0.0,damaging,MUC19
MUC4 (4585)_damaging,0,0.0,150.4,8.384509526501834,0.0,damaging,MUC4
MUC5AC (4586)_damaging,0,0.0,150.4,8.384509526501834,0.0,damaging,MUC5AC
MUTYH (4595)_damaging,0,0.0,150.4,8.384509526501834,0.0,damaging,MUTYH
MXRA5 (25878)_damaging,0,0.0,150.4,8.384509526501834,0.0,damaging,MXRA5
MXRA8 (54587)_damaging,0,0.0,150.4,8.384509526501834,0.0,damaging,MXRA8
MYH1 (4619)_damaging,0,0.0,150.4,8.384509526501834,0.0,damaging,MYH1
MYH13 (8735)_damaging,0,0.0,150.4,8.384509526501834,0.0,damaging,MYH13
MYH15 (22989)_damaging,0,0.0,150.4,8.384509526501834,0.0,damaging,MYH15
MYH8 (4626)_damaging,0,0.0,150.4,8.384509526501834,0.0,damaging,MYH8
MYH9 (4627)_damaging,0,0.0,150.4,8.384509526501834,0.0,damaging,MYH9
MYO15A (51168)_damaging,0,0.0,150.4,8.384509526501834,0.0,damaging,MYO15A
MYO15B (80022)_damaging,0,0.0,150.4,8.384509526501834,0.0,damaging,MYO15B
MYO16 (23026)_damaging,0,0.0,150.4,8.384509526501834,0.0,damaging,MYO16
MYO18B (84700)_damaging,0,0.0,150.4,8.384509526501834,0.0,damaging,MYO18B
MYO1A (4640)_damaging,0,0.0,150.4,8.384509526501834,0.0,damaging,MYO1A
MYO7A (4647)_damaging,0,0.0,150.4,8.384509526501834,0.0,damaging,MYO7A
MYOF (26509)_damaging,0,0.0,150.4,8.384509526501834,0.0,damaging,MYOF
NALCN (259232)_damaging,0,0.0,150.4,8.384509526501834,0.0,damaging,NALCN
NAV2 (89797)_damaging,0,0.0,150.4,8.384509526501834,0.0,damaging,NAV2
NAV3 (89795)_damaging,0,0.0,150.4,8.384509526501834,0.0,damaging,NAV3
NBEA (26960)_damaging,0,0.0,150.4,8.384509526501834,0.0,damaging,NBEA
NBEAL1 (65065)_damaging,0,0.0,150.4,8.384509526501834,0.0,damaging,NBEAL1
NCAM1 (4684)_damaging,0,0.0,150.4,8.384509526501834,0.0,damaging,NCAM1
NCKAP5 (344148)_damaging,0,0.0,150.4,8.384509526501834,0.0,damaging,NCKAP5
NCKAP5L (57701)_damaging,0,0.0,150.4,8.384509526501834,0.0,damaging,NCKAP5L
NCOA6 (23054)_damaging,0,0.0,150.4,8.384509526501834,0.0,damaging,NCOA6
NCOR1 (9611)_damaging,0,0.0,150.4,8.384509526501834,0.0,damaging,NCOR1
NCOR2 (9612)_damaging,0,0.0,150.4,8.384509526501834,0.0,damaging,NCOR2
NEB (4703)_damaging,0,0.0,150.4,8.384509526501834,0.0,damaging,NEB
NFASC (23114)_damaging,0,0.0,150.4,8.384509526501834,0.0,damaging,NFASC
NHS (4810)_damaging,0,0.0,150.4,8.384509526501834,0.0,damaging,NHS
NIPBL (25836)_damaging,0,0.0,150.4,8.384509526501834,0.0,damaging,NIPBL
NLRP3 (114548)_damaging,0,0.0,150.4,8.384509526501834,0.0,damaging,NLRP3
NLRP4 (147945)_damaging,0,0.0,150.4,8.384509526501834,0.0,damaging,NLRP4
NOL8 (55035)_damaging,0,0.0,150.4,8.384509526501834,0.0,damaging,NOL8
NOS3 (4846)_damaging,0,0.0,150.4,8.384509526501834,0.0,damaging,NOS3
NOTCH1 (4851)_damaging,0,0.0,150.4,8.384509526501834,0.0,damaging,NOTCH1
NOTCH3 (4854)_damaging,0,0.0,150.4,8.384509526501834,0.0,damaging,NOTCH3
NOTCH4 (4855)_damaging,0,0.0,150.4,8.384509526501834,0.0,damaging,NOTCH4
NPAS3 (64067)_damaging,0,0.0,150.4,8.384509526501834,0.0,damaging,NPAS3
NRIP1 (8204)_damaging,0,0.0,150.4,8.384509526501834,0.0,damaging,NRIP1
NRK (203447)_damaging,0,0.0,150.4,8.384509526501834,0.0,damaging,NRK
NRXN1 (9378)_damaging,0,0.0,150.4,8.384509526501834,0.0,damaging,NRXN1
NUP205 (23165)_damaging,0,0.0,150.4,8.384509526501834,0.0,damaging,NUP205
OBSCN (84033)_damaging,0,0.0,150.4,8.384509526501834,0.0,damaging,OBSCN
OR4P4 (81300)_damaging,0,0.0,150.4,8.384509526501834,0.0,damaging,OR4P4
OTOG (340990)_damaging,0,0.0,150.4,8.384509526501834,0.0,damaging,OTOG
PALB2 (79728)_damaging,0,0.0,150.4,8.384509526501834,0.0,damaging,PALB2
PAPPA2 (60676)_damaging,0,0.0,150.4,8.384509526501834,0.0,damaging,PAPPA2
PBRM1 (55193)_damaging,0,0.0,150.4,8.384509526501834,0.0,damaging,PBRM1
PCDH15 (65217)_damaging,0,0.0,150.4,8.384509526501834,0.0,damaging,PCDH15
PCF11 (51585)_damaging,0,0.0,150.4,8.384509526501834,0.0,damaging,PCF11
PCLO (27445)_damaging,0,0.0,150.4,8.384509526501834,0.0,damaging,PCLO
PCNT (5116)_damaging,0,0.0,150.4,8.384509526501834,0.0,damaging,PCNT
PCNX1 (22990)_damaging,0,0.0,150.4,8.384509526501834,0.0,damaging,PCNX1
PCNX2 (80003)_damaging,0,0.0,150.4,8.384509526501834,0.0,damaging,PCNX2
PCNX3 (399909)_damaging,0,0.0,150.4,8.384509526501834,0.0,damaging,PCNX3
PDS5B (23047)_damaging,0,0.0,150.4,8.384509526501834,0.0,damaging,PDS5B
PDZD2 (23037)_damaging,0,0.0,150.4,8.384509526501834,0.0,damaging,PDZD2
PEG3 (5178)_damaging,0,0.0,150.4,8.384509526501834,0.0,damaging,PEG3
PER1 (5187)_damaging,0,0.0,150.4,8.384509526501834,0.0,damaging,PER1
PHF3 (23469)_damaging,0,0.0,150.4,8.384509526501834,0.0,damaging,PHF3
PIEZO2 (63895)_damaging,0,0.0,150.4,8.384509526501834,0.0,damaging,PIEZO2
PIK3CA (5290)_hotspot,0,0.0,150.4,8.384509526501834,0.0,hotspot,PIK3CA
PIK3R1 (5295)_hotspot,0,0.0,150.4,8.384509526501834,0.0,hotspot,PIK3R1
PKD1 (5310)_damaging,0,0.0,150.4,8.384509526501834,0.0,damaging,PKD1
PKD1L1 (168507)_damaging,0,0.0,150.4,8.384509526501834,0.0,damaging,PKD1L1
PKDREJ (10343)_damaging,0,0.0,150.4,8.384509526501834,0.0,damaging,PKDREJ
PKHD1L1 (93035)_damaging,0,0.0,150.4,8.384509526501834,0.0,damaging,PKHD1L1
PKP3 (11187)_damaging,0,0.0,150.4,8.384509526501834,0.0,damaging,PKP3
PLA2R1 (22925)_damaging,0,0.0,150.4,8.384509526501834,0.0,damaging,PLA2R1
PLCL1 (5334)_damaging,0,0.0,150.4,8.384509526501834,0.0,damaging,PLCL1
PLEKHA6 (22874)_damaging,0,0.0,150.4,8.384509526501834,0.0,damaging,PLEKHA6
PLOD3 (8985)_damaging,0,0.0,150.4,8.384509526501834,0.0,damaging,PLOD3
PLXNA3 (55558)_damaging,0,0.0,150.4,8.384509526501834,0.0,damaging,PLXNA3
PLXNA4 (91584)_damaging,0,0.0,150.4,8.384509526501834,0.0,damaging,PLXNA4
PLXNB1 (5364)_damaging,0,0.0,150.4,8.384509526501834,0.0,damaging,PLXNB1
PLXNB2 (23654)_damaging,0,0.0,150.4,8.384509526501834,0.0,damaging,PLXNB2
PMS2 (5395)_damaging,0,0.0,150.4,8.384509526501834,0.0,damaging,PMS2
POLD1 (5424)_damaging,0,0.0,150.4,8.384509526501834,0.0,damaging,POLD1
POLE (5426)_damaging,0,0.0,150.4,8.384509526501834,0.0,damaging,POLE
POLQ (10721)_damaging,0,0.0,150.4,8.384509526501834,0.0,damaging,POLQ
POLR2B (5431)_damaging,0,0.0,150.4,8.384509526501834,0.0,damaging,POLR2B
PPFIA2 (8499)_damaging,0,0.0,150.4,8.384509526501834,0.0,damaging,PPFIA2
PPIG (9360)_damaging,0,0.0,150.4,8.384509526501834,0.0,damaging,PPIG
PPP1R3A (5506)_damaging,0,0.0,150.4,8.384509526501834,0.0,damaging,PPP1R3A
PPP6R2 (9701)_damaging,0,0.0,150.4,8.384509526501834,0.0,damaging,PPP6R2
PPRC1 (23082)_damaging,0,0.0,150.4,8.384509526501834,0.0,damaging,PPRC1
PRDM9 (56979)_damaging,0,0.0,150.4,8.384509526501834,0.0,damaging,PRDM9
PREX2 (80243)_damaging,0,0.0,150.4,8.384509526501834,0.0,damaging,PREX2
PRKDC (5591)_damaging,0,0.0,150.4,8.384509526501834,0.0,damaging,PRKDC
PRR12 (57479)_damaging,0,0.0,150.4,8.384509526501834,0.0,damaging,PRR12
PRRC2A (7916)_damaging,0,0.0,150.4,8.384509526501834,0.0,damaging,PRRC2A
PRRC2B (84726)_damaging,0,0.0,150.4,8.384509526501834,0.0,damaging,PRRC2B
PRUNE2 (158471)_damaging,0,0.0,150.4,8.384509526501834,0.0,damaging,PRUNE2
PRX (57716)_damaging,0,0.0,150.4,8.384509526501834,0.0,damaging,PRX
PTCH1 (5727)_damaging,0,0.0,150.4,8.384509526501834,0.0,damaging,PTCH1
PTEN (5728)_damaging,0,0.0,150.4,8.384509526501834,0.0,damaging,PTEN
PTEN (5728)_hotspot,0,0.0,150.4,8.384509526501834,0.0,hotspot,PTEN
PTPN13 (5783)_damaging,0,0.0,150.4,8.384509526501834,0.0,damaging,PTPN13
PTPN14 (5784)_damaging,0,0.0,150.4,8.384509526501834,0.0,damaging,PTPN14
PTPN23 (25930)_damaging,0,0.0,150.4,8.384509526501834,0.0,damaging,PTPN23
PTPRD (5789)_damaging,0,0.0,150.4,8.384509526501834,0.0,damaging,PTPRD
PTPRN2 (5799)_damaging,0,0.0,150.4,8.384509526501834,0.0,damaging,PTPRN2
PTPRQ (374462)_damaging,0,0.0,150.4,8.384509526501834,0.0,damaging,PTPRQ
PTPRS (5802)_damaging,0,0.0,150.4,8.384509526501834,0.0,damaging,PTPRS
QSER1 (79832)_damaging,0,0.0,150.4,8.384509526501834,0.0,damaging,QSER1
RAB40A (142684)_damaging,0,0.0,150.4,8.384509526501834,0.0,damaging,RAB40A
RAC1 (5879)_hotspot,0,0.0,150.4,8.384509526501834,0.0,hotspot,RAC1
RAD17 (5884)_damaging,0,0.0,150.4,8.384509526501834,0.0,damaging,RAD17
RAD51AP2 (729475)_damaging,0,0.0,150.4,8.384509526501834,0.0,damaging,RAD51AP2
RAPGEF2 (9693)_damaging,0,0.0,150.4,8.384509526501834,0.0,damaging,RAPGEF2
RASA1 (5921)_damaging,0,0.0,150.4,8.384509526501834,0.0,damaging,RASA1
RB1 (5925)_damaging,0,0.0,150.4,8.384509526501834,0.0,damaging,RB1
RB1CC1 (9821)_damaging,0,0.0,150.4,8.384509526501834,0.0,damaging,RB1CC1
RBBP6 (5930)_damaging,0,0.0,150.4,8.384509526501834,0.0,damaging,RBBP6
RBM6 (10180)_damaging,0,0.0,150.4,8.384509526501834,0.0,damaging,RBM6
RECQL (5965)_damaging,0,0.0,150.4,8.384509526501834,0.0,damaging,RECQL
RELN (5649)_damaging,0,0.0,150.4,8.384509526501834,0.0,damaging,RELN
RERE (473)_damaging,0,0.0,150.4,8.384509526501834,0.0,damaging,RERE
REV3L (5980)_damaging,0,0.0,150.4,8.384509526501834,0.0,damaging,REV3L
RFX7 (64864)_damaging,0,0.0,150.4,8.384509526501834,0.0,damaging,RFX7
RGL1 (23179)_damaging,0,0.0,150.4,8.384509526501834,0.0,damaging,RGL1
RHOA (387)_hotspot,0,0.0,150.4,8.384509526501834,0.0,hotspot,RHOA
RIF1 (55183)_damaging,0,0.0,150.4,8.384509526501834,0.0,damaging,RIF1
RIMBP2 (23504)_damaging,0,0.0,150.4,8.384509526501834,0.0,damaging,RIMBP2
RIMS1 (22999)_damaging,0,0.0,150.4,8.384509526501834,0.0,damaging,RIMS1
RIMS2 (9699)_damaging,0,0.0,150.4,8.384509526501834,0.0,damaging,RIMS2
RIN1 (9610)_damaging,0,0.0,150.4,8.384509526501834,0.0,damaging,RIN1
ROBO1 (6091)_damaging,0,0.0,150.4,8.384509526501834,0.0,damaging,ROBO1
ROBO3 (64221)_damaging,0,0.0,150.4,8.384509526501834,0.0,damaging,ROBO3
ROCK1 (6093)_damaging,0,0.0,150.4,8.384509526501834,0.0,damaging,ROCK1
ROR2 (4920)_damaging,0,0.0,150.4,8.384509526501834,0.0,damaging,ROR2
ROS1 (6098)_damaging,0,0.0,150.4,8.384509526501834,0.0,damaging,ROS1
RP1 (6101)_damaging,0,0.0,150.4,8.384509526501834,0.0,damaging,RP1
RP1L1 (94137)_damaging,0,0.0,150.4,8.384509526501834,0.0,damaging,RP1L1
RPL22 (6146)_damaging,0,0.0,150.4,8.384509526501834,0.0,damaging,RPL22
RTL1 (388015)_damaging,0,0.0,150.4,8.384509526501834,0.0,damaging,RTL1
RTTN (25914)_damaging,0,0.0,150.4,8.384509526501834,0.0,damaging,RTTN
RYR1 (6261)_damaging,0,0.0,150.4,8.384509526501834,0.0,damaging,RYR1
RYR2 (6262)_damaging,0,0.0,150.4,8.384509526501834,0.0,damaging,RYR2
RYR3 (6263)_damaging,0,0.0,150.4,8.384509526501834,0.0,damaging,RYR3
SACS (26278)_damaging,0,0.0,150.4,8.384509526501834,0.0,damaging,SACS
SAFB (6294)_damaging,0,0.0,150.4,8.384509526501834,0.0,damaging,SAFB
SAMD9 (54809)_damaging,0,0.0,150.4,8.384509526501834,0.0,damaging,SAMD9
SAMD9L (219285)_damaging,0,0.0,150.4,8.384509526501834,0.0,damaging,SAMD9L
SBF1 (6305)_damaging,0,0.0,150.4,8.384509526501834,0.0,damaging,SBF1
SCAF4 (57466)_damaging,0,0.0,150.4,8.384509526501834,0.0,damaging,SCAF4
SCAF8 (22828)_damaging,0,0.0,150.4,8.384509526501834,0.0,damaging,SCAF8
SCN11A (11280)_damaging,0,0.0,150.4,8.384509526501834,0.0,damaging,SCN11A
SCN1A (6323)_damaging,0,0.0,150.4,8.384509526501834,0.0,damaging,SCN1A
SCN3A (6328)_damaging,0,0.0,150.4,8.384509526501834,0.0,damaging,SCN3A
SCN9A (6335)_damaging,0,0.0,150.4,8.384509526501834,0.0,damaging,SCN9A
SDHA (6389)_damaging,0,0.0,150.4,8.384509526501834,0.0,damaging,SDHA
SDK2 (54549)_damaging,0,0.0,150.4,8.384509526501834,0.0,damaging,SDK2
SETD1A (9739)_damaging,0,0.0,150.4,8.384509526501834,0.0,damaging,SETD1A
SETD2 (29072)_damaging,0,0.0,150.4,8.384509526501834,0.0,damaging,SETD2
SETX (23064)_damaging,0,0.0,150.4,8.384509526501834,0.0,damaging,SETX
SHANK1 (50944)_damaging,0,0.0,150.4,8.384509526501834,0.0,damaging,SHANK1
SHANK2 (22941)_damaging,0,0.0,150.4,8.384509526501834,0.0,damaging,SHANK2
SHPRH (257218)_damaging,0,0.0,150.4,8.384509526501834,0.0,damaging,SHPRH
SHROOM3 (57619)_damaging,0,0.0,150.4,8.384509526501834,0.0,damaging,SHROOM3
SI (6476)_damaging,0,0.0,150.4,8.384509526501834,0.0,damaging,SI
SIG:A[C>A]T,0,0.0,150.4,8.384509526501834,0.0,damaging,SIG:A[C>A]T
SIG:A[C>G]A,0,0.0,150.4,8.384509526501834,0.0,damaging,SIG:A[C>G]A
SIG:A[C>G]G,0,0.0,150.4,8.384509526501834,0.0,damaging,SIG:A[C>G]G
SIG:A[C>G]T,0,0.0,150.4,8.384509526501834,0.0,damaging,SIG:A[C>G]T
SIG:A[C>T]A,0,0.0,150.4,8.384509526501834,0.0,damaging,SIG:A[C>T]A
SIG:A[C>T]C,0,0.0,150.4,8.384509526501834,0.0,damaging,SIG:A[C>T]C
SIG:A[T>A]G,0,0.0,150.4,8.384509526501834,0.0,damaging,SIG:A[T>A]G
SIG:A[T>A]T,0,0.0,150.4,8.384509526501834,0.0,damaging,SIG:A[T>A]T
SIG:A[T>G]T,0,0.0,150.4,8.384509526501834,0.0,damaging,SIG:A[T>G]T
SIG:C[C>A]C,0,0.0,150.4,8.384509526501834,0.0,damaging,SIG:C[C>A]C
SIG:C[C>A]G,0,0.0,150.4,8.384509526501834,0.0,damaging,SIG:C[C>A]G
SIG:C[C>T]C,0,0.0,150.4,8.384509526501834,0.0,damaging,SIG:C[C>T]C
SIG:C[C>T]T,0,0.0,150.4,8.384509526501834,0.0,damaging,SIG:C[C>T]T
SIG:C[T>A]C,0,0.0,150.4,8.384509526501834,0.0,damaging,SIG:C[T>A]C
SIG:C[T>C]A,0,0.0,150.4,8.384509526501834,0.0,damaging,SIG:C[T>C]A
SIG:C[T>G]C,0,0.0,150.4,8.384509526501834,0.0,damaging,SIG:C[T>G]C
SIG:C[T>G]G,0,0.0,150.4,8.384509526501834,0.0,damaging,SIG:C[T>G]G
SIG:C[T>G]T,0,0.0,150.4,8.384509526501834,0.0,damaging,SIG:C[T>G]T
SIG:G[C>A]A,0,0.0,150.4,8.384509526501834,0.0,damaging,SIG:G[C>A]A
SIG:G[C>A]C,0,0.0,150.4,8.384509526501834,0.0,damaging,SIG:G[C>A]C
SIG:G[C>A]G,0,0.0,150.4,8.384509526501834,0.0,damaging,SIG:G[C>A]G
SIG:G[C>G]A,0,0.0,150.4,8.384509526501834,0.0,damaging,SIG:G[C>G]A
SIG:G[C>G]G,0,0.0,150.4,8.384509526501834,0.0,damaging,SIG:G[C>G]G
SIG:G[C>G]T,0,0.0,150.4,8.384509526501834,0.0,damaging,SIG:G[C>G]T
SIG:G[C>T]A,0,0.0,150.4,8.384509526501834,0.0,damaging,SIG:G[C>T]A
SIG:G[T>A]A,0,0.0,150.4,8.384509526501834,0.0,damaging,SIG:G[T>A]A
SIG:G[T>C]A,0,0.0,150.4,8.384509526501834,0.0,damaging,SIG:G[T>C]A
SIG:G[T>C]C,0,0.0,150.4,8.384509526501834,0.0,damaging,SIG:G[T>C]C
SIG:T[C>A]T,0,0.0,150.4,8.384509526501834,0.0,damaging,SIG:T[C>A]T
SIG:T[C>G]C,0,0.0,150.4,8.384509526501834,0.0,damaging,SIG:T[C>G]C
SIG:T[C>G]G,0,0.0,150.4,8.384509526501834,0.0,damaging,SIG:T[C>G]G
SIG:T[C>G]T,0,0.0,150.4,8.384509526501834,0.0,damaging,SIG:T[C>G]T
SIG:T[C>T]C,0,0.0,150.4,8.384509526501834,0.0,damaging,SIG:T[C>T]C
SIG:T[T>A]A,0,0.0,150.4,8.384509526501834,0.0,damaging,SIG:T[T>A]A
SIG:T[T>A]G,0,0.0,150.4,8.384509526501834,0.0,damaging,SIG:T[T>A]G
SIG:T[T>A]T,0,0.0,150.4,8.384509526501834,0.0,damaging,SIG:T[T>A]T
SIG:T[T>C]A,0,0.0,150.4,8.384509526501834,0.0,damaging,SIG:T[T>C]A
SIG:T[T>C]C,0,0.0,150.4,8.384509526501834,0.0,damaging,SIG:T[T>C]C
SIG:T[T>G]A,0,0.0,150.4,8.384509526501834,0.0,damaging,SIG:T[T>G]A
SIG:T[T>G]G,0,0.0,150.4,8.384509526501834,0.0,damaging,SIG:T[T>G]G
SKOR2 (652991)_damaging,0,0.0,150.4,8.384509526501834,0.0,damaging,SKOR2
SLC12A7 (10723)_damaging,0,0.0,150.4,8.384509526501834,0.0,damaging,SLC12A7
SLC4A3 (6508)_damaging,0,0.0,150.4,8.384509526501834,0.0,damaging,SLC4A3
SLFN11 (91607)_damaging,0,0.0,150.4,8.384509526501834,0.0,damaging,SLFN11
SLITRK2 (84631)_damaging,0,0.0,150.4,8.384509526501834,0.0,damaging,SLITRK2
SLX4 (84464)_damaging,0,0.0,150.4,8.384509526501834,0.0,damaging,SLX4
SMARCA4 (6597)_damaging,0,0.0,150.4,8.384509526501834,0.0,damaging,SMARCA4
SMARCA4 (6597)_hotspot,0,0.0,150.4,8.384509526501834,0.0,hotspot,SMARCA4
SMARCAD1 (56916)_damaging,0,0.0,150.4,8.384509526501834,0.0,damaging,SMARCAD1
SMC1B (27127)_damaging,0,0.0,150.4,8.384509526501834,0.0,damaging,SMC1B
SMC3 (9126)_damaging,0,0.0,150.4,8.384509526501834,0.0,damaging,SMC3
SMCHD1 (23347)_damaging,0,0.0,150.4,8.384509526501834,0.0,damaging,SMCHD1
SORCS3 (22986)_damaging,0,0.0,150.4,8.384509526501834,0.0,damaging,SORCS3
SORL1 (6653)_damaging,0,0.0,150.4,8.384509526501834,0.0,damaging,SORL1
SOX9 (6662)_damaging,0,0.0,150.4,8.384509526501834,0.0,damaging,SOX9
SPAG17 (200162)_damaging,0,0.0,150.4,8.384509526501834,0.0,damaging,SPAG17
SPANXN4 (441525)_damaging,0,0.0,150.4,8.384509526501834,0.0,damaging,SPANXN4
SPATA31H1 (84226)_damaging,0,0.0,150.4,8.384509526501834,0.0,damaging,SPATA31H1
SPEF2 (79925)_damaging,0,0.0,150.4,8.384509526501834,0.0,damaging,SPEF2
SPEN (23013)_damaging,0,0.0,150.4,8.384509526501834,0.0,damaging,SPEN
SPG11 (80208)_damaging,0,0.0,150.4,8.384509526501834,0.0,damaging,SPG11
SPHKAP (80309)_damaging,0,0.0,150.4,8.384509526501834,0.0,damaging,SPHKAP
SPTA1 (6708)_damaging,0,0.0,150.4,8.384509526501834,0.0,damaging,SPTA1
SRCAP (10847)_damaging,0,0.0,150.4,8.384509526501834,0.0,damaging,SRCAP
SRCIN1 (80725)_damaging,0,0.0,150.4,8.384509526501834,0.0,damaging,SRCIN1
STAB1 (23166)_damaging,0,0.0,150.4,8.384509526501834,0.0,damaging,STAB1
STAG2 (10735)_damaging,0,0.0,150.4,8.384509526501834,0.0,damaging,STAG2
STAT2 (6773)_damaging,0,0.0,150.4,8.384509526501834,0.0,damaging,STAT2
STK11 (6794)_damaging,0,0.0,150.4,8.384509526501834,0.0,damaging,STK11
STK11 (6794)_hotspot,0,0.0,150.4,8.384509526501834,0.0,hotspot,STK11
SULF1 (23213)_damaging,0,0.0,150.4,8.384509526501834,0.0,damaging,SULF1
SVEP1 (79987)_damaging,0,0.0,150.4,8.384509526501834,0.0,damaging,SVEP1
SVIL (6840)_damaging,0,0.0,150.4,8.384509526501834,0.0,damaging,SVIL
SYCP1 (6847)_damaging,0,0.0,150.4,8.384509526501834,0.0,damaging,SYCP1
SYCP2 (10388)_damaging,0,0.0,150.4,8.384509526501834,0.0,damaging,SYCP2
SYNE1 (23345)_damaging,0,0.0,150.4,8.384509526501834,0.0,damaging,SYNE1
SYNE2 (23224)_damaging,0,0.0,150.4,8.384509526501834,0.0,damaging,SYNE2
SZT2 (23334)_damaging,0,0.0,150.4,8.384509526501834,0.0,damaging,SZT2
TACC2 (10579)_damaging,0,0.0,150.4,8.384509526501834,0.0,damaging,TACC2
TBC1D32 (221322)_damaging,0,0.0,150.4,8.384509526501834,0.0,damaging,TBC1D32
TCF20 (6942)_damaging,0,0.0,150.4,8.384509526501834,0.0,damaging,TCF20
TCF7L2 (6934)_damaging,0,0.0,150.4,8.384509526501834,0.0,damaging,TCF7L2
TDRD15 (100129278)_damaging,0,0.0,150.4,8.384509526501834,0.0,damaging,TDRD15
TDRD5 (163589)_damaging,0,0.0,150.4,8.384509526501834,0.0,damaging,TDRD5
TDRD6 (221400)_damaging,0,0.0,150.4,8.384509526501834,0.0,damaging,TDRD6
TECTA (7007)_damaging,0,0.0,150.4,8.384509526501834,0.0,damaging,TECTA
TENM1 (10178)_damaging,0,0.0,150.4,8.384509526501834,0.0,damaging,TENM1
TENM3 (55714)_damaging,0,0.0,150.4,8.384509526501834,0.0,damaging,TENM3
TEP1 (7011)_damaging,0,0.0,150.4,8.384509526501834,0.0,damaging,TEP1
TET2 (54790)_damaging,0,0.0,150.4,8.384509526501834,0.0,damaging,TET2
TEX15 (56154)_damaging,0,0.0,150.4,8.384509526501834,0.0,damaging,TEX15
THADA (63892)_damaging,0,0.0,150.4,8.384509526501834,0.0,damaging,THADA
THSD7A (221981)_damaging,0,0.0,150.4,8.384509526501834,0.0,damaging,THSD7A
TICRR (90381)_damaging,0,0.0,150.4,8.384509526501834,0.0,damaging,TICRR
TIE1 (7075)_damaging,0,0.0,150.4,8.384509526501834,0.0,damaging,TIE1
TLN2 (83660)_damaging,0,0.0,150.4,8.384509526501834,0.0,damaging,TLN2
TMEM132D (121256)_damaging,0,0.0,150.4,8.384509526501834,0.0,damaging,TMEM132D
TMEM94 (9772)_damaging,0,0.0,150.4,8.384509526501834,0.0,damaging,TMEM94
TNK2 (10188)_damaging,0,0.0,150.4,8.384509526501834,0.0,damaging,TNK2
TNRC18 (84629)_damaging,0,0.0,150.4,8.384509526501834,0.0,damaging,TNRC18
TNRC6A (27327)_damaging,0,0.0,150.4,8.384509526501834,0.0,damaging,TNRC6A
TNRC6B (23112)_damaging,0,0.0,150.4,8.384509526501834,0.0,damaging,TNRC6B
TNRC6C (57690)_damaging,0,0.0,150.4,8.384509526501834,0.0,damaging,TNRC6C
TNXB (7148)_damaging,0,0.0,150.4,8.384509526501834,0.0,damaging,TNXB
TOGARAM1 (23116)_damaging,0,0.0,150.4,8.384509526501834,0.0,damaging,TOGARAM1
TOP2A (7153)_damaging,0,0.0,150.4,8.384509526501834,0.0,damaging,TOP2A
TP53BP1 (7158)_damaging,0,0.0,150.4,8.384509526501834,0.0,damaging,TP53BP1
TPR (7175)_damaging,0,0.0,150.4,8.384509526501834,0.0,damaging,TPR
TPTE (7179)_damaging,0,0.0,150.4,8.384509526501834,0.0,damaging,TPTE
TRANK1 (9881)_damaging,0,0.0,150.4,8.384509526501834,0.0,damaging,TRANK1
TRIO (7204)_damaging,0,0.0,150.4,8.384509526501834,0.0,damaging,TRIO
TRIP11 (9321)_damaging,0,0.0,150.4,8.384509526501834,0.0,damaging,TRIP11
TRMT9B (57604)_damaging,0,0.0,150.4,8.384509526501834,0.0,damaging,TRMT9B
TRPM1 (4308)_damaging,0,0.0,150.4,8.384509526501834,0.0,damaging,TRPM1
TRPM6 (140803)_damaging,0,0.0,150.4,8.384509526501834,0.0,damaging,TRPM6
TRPS1 (7227)_damaging,0,0.0,150.4,8.384509526501834,0.0,damaging,TRPS1
TRRAP (8295)_damaging,0,0.0,150.4,8.384509526501834,0.0,damaging,TRRAP
TSC2 (7249)_damaging,0,0.0,150.4,8.384509526501834,0.0,damaging,TSC2
TTC21B (79809)_damaging,0,0.0,150.4,8.384509526501834,0.0,damaging,TTC21B
TYRO3 (7301)_damaging,0,0.0,150.4,8.384509526501834,0.0,damaging,TYRO3
UBAP2L (9898)_damaging,0,0.0,150.4,8.384509526501834,0.0,damaging,UBAP2L
UBR5 (51366)_damaging,0,0.0,150.4,8.384509526501834,0.0,damaging,UBR5
UCK1 (83549)_damaging,0,0.0,150.4,8.384509526501834,0.0,damaging,UCK1
UNC13B (10497)_damaging,0,0.0,150.4,8.384509526501834,0.0,damaging,UNC13B
UNC13C (440279)_damaging,0,0.0,150.4,8.384509526501834,0.0,damaging,UNC13C
UNC79 (57578)_damaging,0,0.0,150.4,8.384509526501834,0.0,damaging,UNC79
UNKL (64718)_damaging,0,0.0,150.4,8.384509526501834,0.0,damaging,UNKL
USH2A (7399)_damaging,0,0.0,150.4,8.384509526501834,0.0,damaging,USH2A
USP13 (8975)_damaging,0,0.0,150.4,8.384509526501834,0.0,damaging,USP13
USP26 (83844)_damaging,0,0.0,150.4,8.384509526501834,0.0,damaging,USP26
USP28 (57646)_damaging,0,0.0,150.4,8.384509526501834,0.0,damaging,USP28
USP34 (9736)_damaging,0,0.0,150.4,8.384509526501834,0.0,damaging,USP34
USP6 (9098)_damaging,0,0.0,150.4,8.384509526501834,0.0,damaging,USP6
USP9X (8239)_damaging,0,0.0,150.4,8.384509526501834,0.0,damaging,USP9X
UTP20 (27340)_damaging,0,0.0,150.4,8.384509526501834,0.0,damaging,UTP20
UTRN (7402)_damaging,0,0.0,150.4,8.384509526501834,0.0,damaging,UTRN
VCAN (1462)_damaging,0,0.0,150.4,8.384509526501834,0.0,damaging,VCAN
VHL (7428)_damaging,0,0.0,150.4,8.384509526501834,0.0,damaging,VHL
VPS13A (23230)_damaging,0,0.0,150.4,8.384509526501834,0.0,damaging,VPS13A
VPS13C (54832)_damaging,0,0.0,150.4,8.384509526501834,0.0,damaging,VPS13C
VPS13D (55187)_damaging,0,0.0,150.4,8.384509526501834,0.0,damaging,VPS13D
VPS9D1 (9605)_damaging,0,0.0,150.4,8.384509526501834,0.0,damaging,VPS9D1
VWDE (221806)_damaging,0,0.0,150.4,8.384509526501834,0.0,damaging,VWDE
VWF (7450)_damaging,0,0.0,150.4,8.384509526501834,0.0,damaging,VWF
WDFY3 (23001)_damaging,0,0.0,150.4,8.384509526501834,0.0,damaging,WDFY3
WDFY4 (57705)_damaging,0,0.0,150.4,8.384509526501834,0.0,damaging,WDFY4
WDR17 (116966)_damaging,0,0.0,150.4,8.384509526501834,0.0,damaging,WDR17
WDR87 (83889)_damaging,0,0.0,150.4,8.384509526501834,0.0,damaging,WDR87
WDTC1 (23038)_damaging,0,0.0,150.4,8.384509526501834,0.0,damaging,WDTC1
WIZ (58525)_damaging,0,0.0,150.4,8.384509526501834,0.0,damaging,WIZ
WNK2 (65268)_damaging,0,0.0,150.4,8.384509526501834,0.0,damaging,WNK2
WNT1 (7471)_damaging,0,0.0,150.4,8.384509526501834,0.0,damaging,WNT1
WRN (7486)_damaging,0,0.0,150.4,8.384509526501834,0.0,damaging,WRN
WWP1 (11059)_damaging,0,0.0,150.4,8.384509526501834,0.0,damaging,WWP1
XIRP2 (129446)_damaging,0,0.0,150.4,8.384509526501834,0.0,damaging,XIRP2
XRN1 (54464)_damaging,0,0.0,150.4,8.384509526501834,0.0,damaging,XRN1
YLPM1 (56252)_damaging,0,0.0,150.4,8.384509526501834,0.0,damaging,YLPM1
ZBTB20 (26137)_damaging,0,0.0,150.4,8.384509526501834,0.0,damaging,ZBTB20
ZBTB7A (51341)_damaging,0,0.0,150.4,8.384509526501834,0.0,damaging,ZBTB7A
ZBTB7C (201501)_damaging,0,0.0,150.4,8.384509526501834,0.0,damaging,ZBTB7C
ZC3H13 (23091)_damaging,0,0.0,150.4,8.384509526501834,0.0,damaging,ZC3H13
ZC3H18 (124245)_damaging,0,0.0,150.4,8.384509526501834,0.0,damaging,ZC3H18
ZC3H7B (23264)_damaging,0,0.0,150.4,8.384509526501834,0.0,damaging,ZC3H7B
ZDBF2 (57683)_damaging,0,0.0,150.4,8.384509526501834,0.0,damaging,ZDBF2
ZFC3H1 (196441)_damaging,0,0.0,150.4,8.384509526501834,0.0,damaging,ZFC3H1
ZFHX3 (463)_damaging,0,0.0,150.4,8.384509526501834,0.0,damaging,ZFHX3
ZFHX4 (79776)_damaging,0,0.0,150.4,8.384509526501834,0.0,damaging,ZFHX4
ZMYM3 (9203)_damaging,0,0.0,150.4,8.384509526501834,0.0,damaging,ZMYM3
ZMYM4 (9202)_damaging,0,0.0,150.4,8.384509526501834,0.0,damaging,ZMYM4
ZNF106 (64397)_damaging,0,0.0,150.4,8.384509526501834,0.0,damaging,ZNF106
ZNF292 (23036)_damaging,0,0.0,150.4,8.384509526501834,0.0,damaging,ZNF292
ZNF318 (24149)_damaging,0,0.0,150.4,8.384509526501834,0.0,damaging,ZNF318
ZNF469 (84627)_damaging,0,0.0,150.4,8.384509526501834,0.0,damaging,ZNF469
ZNF518A (9849)_damaging,0,0.0,150.4,8.384509526501834,0.0,damaging,ZNF518A
ZNF609 (23060)_damaging,0,0.0,150.4,8.384509526501834,0.0,damaging,ZNF609
ZNF638 (27332)_damaging,0,0.0,150.4,8.384509526501834,0.0,damaging,ZNF638
ZNF729 (100287226)_damaging,0,0.0,150.4,8.384509526501834,0.0,damaging,ZNF729
ZNF804B (219578)_damaging,0,0.0,150.4,8.384509526501834,0.0,damaging,ZNF804B
ZNF831 (128611)_damaging,0,0.0,150.4,8.384509526501834,0.0,damaging,ZNF831
ADAMTS13 (11093)_damaging,0,0.0,150.5,9.678154093971983,0.0,damaging,ADAMTS13
ADAMTS3 (9508)_damaging,0,0.0,150.5,9.678154093971983,0.0,damaging,ADAMTS3
AGBL1 (123624)_damaging,0,0.0,150.5,9.678154093971983,0.0,damaging,AGBL1
ARMC3 (219681)_damaging,0,0.0,150.5,9.678154093971983,0.0,damaging,ARMC3
BEND4 (389206)_damaging,0,0.0,150.5,9.678154093971983,0.0,damaging,BEND4
CAMSAP1 (157922)_damaging,0,0.0,150.5,9.678154093971983,0.0,damaging,CAMSAP1
CARMIL3 (90668)_damaging,0,0.0,150.5,9.678154093971983,0.0,damaging,CARMIL3
CASKIN1 (57524)_damaging,0,0.0,150.5,9.678154093971983,0.0,damaging,CASKIN1
CFAP91 (89876)_damaging,0,0.0,150.5,9.678154093971983,0.0,damaging,CFAP91
CHD4 (1108)_damaging,0,0.0,150.5,9.678154093971983,0.0,damaging,CHD4
CLSPN (63967)_damaging,0,0.0,150.5,9.678154093971983,0.0,damaging,CLSPN
DACH1 (1602)_damaging,0,0.0,150.5,9.678154093971983,0.0,damaging,DACH1
DCDC1 (341019)_damaging,0,0.0,150.5,9.678154093971983,0.0,damaging,DCDC1
DDX60 (55601)_damaging,0,0.0,150.5,9.678154093971983,0.0,damaging,DDX60
DNAJC13 (23317)_damaging,0,0.0,150.5,9.678154093971983,0.0,damaging,DNAJC13
EGFLAM (133584)_damaging,0,0.0,150.5,9.678154093971983,0.0,damaging,EGFLAM
EPPK1 (83481)_damaging,0,0.0,150.5,9.678154093971983,0.0,damaging,EPPK1
FCRL5 (83416)_damaging,0,0.0,150.5,9.678154093971983,0.0,damaging,FCRL5
GABRG2 (2566)_damaging,0,0.0,150.5,9.678154093971983,0.0,damaging,GABRG2
HDAC2 (3066)_damaging,0,0.0,150.5,9.678154093971983,0.0,damaging,HDAC2
HECTD4 (283450)_damaging,0,0.0,150.5,9.678154093971983,0.0,damaging,HECTD4
HFM1 (164045)_damaging,0,0.0,150.5,9.678154093971983,0.0,damaging,HFM1
KIF15 (56992)_damaging,0,0.0,150.5,9.678154093971983,0.0,damaging,KIF15
MMUT (4594)_damaging,0,0.0,150.5,9.678154093971983,0.0,damaging,MMUT
MUCL3 (135656)_damaging,0,0.0,150.5,9.678154093971983,0.0,damaging,MUCL3
MYPN (84665)_damaging,0,0.0,150.5,9.678154093971983,0.0,damaging,MYPN
NAV1 (89796)_damaging,0,0.0,150.5,9.678154093971983,0.0,damaging,NAV1
NEXMIF (340533)_damaging,0,0.0,150.5,9.678154093971983,0.0,damaging,NEXMIF
PCDH7 (5099)_damaging,0,0.0,150.5,9.678154093971983,0.0,damaging,PCDH7
PHACTR1 (221692)_damaging,0,0.0,150.5,9.678154093971983,0.0,damaging,PHACTR1
PRR14L (253143)_damaging,0,0.0,150.5,9.678154093971983,0.0,damaging,PRR14L
RALGAPA1 (253959)_damaging,0,0.0,150.5,9.678154093971983,0.0,damaging,RALGAPA1
RALGAPA2 (57186)_damaging,0,0.0,150.5,9.678154093971983,0.0,damaging,RALGAPA2
ROCK2 (9475)_damaging,0,0.0,150.5,9.678154093971983,0.0,damaging,ROCK2
SPATA16 (83893)_damaging,0,0.0,150.5,9.678154093971983,0.0,damaging,SPATA16
SPTBN1 (6711)_damaging,0,0.0,150.5,9.678154093971983,0.0,damaging,SPTBN1
UGGT1 (56886)_damaging,0,0.0,150.5,9.678154093971983,0.0,damaging,UGGT1
UNC93B7 (100887746)_damaging,0,0.0,150.5,9.678154093971983,0.0,damaging,UNC93B7
WDR5 (11091)_damaging,0,0.0,150.5,9.678154093971983,0.0,damaging,WDR5
MORC1 (27136)_damaging,0,4.332133922145159e-05,150.75,9.535023160258536,0.0,damaging,MORC1
A2ML1 (144568)_damaging,0,0.0,151.5,9.255628917943215,0.0,damaging,A2ML1
ABCB1 (5243)_damaging,0,0.0,151.5,9.255628917943215,0.0,damaging,ABCB1
ADAMTSL4 (54507)_damaging,0,0.0,151.5,9.255628917943215,0.0,damaging,ADAMTSL4
AGRN (375790)_damaging,0,0.0,151.5,9.255628917943215,0.0,damaging,AGRN
AKAP7 (9465)_damaging,0,0.0,151.5,9.255628917943215,0.0,damaging,AKAP7
ANKS1B (56899)_damaging,0,0.0,151.5,9.255628917943215,0.0,damaging,ANKS1B
ARHGEF26 (26084)_damaging,0,0.0,151.5,9.255628917943215,0.0,damaging,ARHGEF26
ARHGEF4 (50649)_damaging,0,0.0,151.5,9.255628917943215,0.0,damaging,ARHGEF4
ARHGEF40 (55701)_damaging,0,0.0,151.5,9.255628917943215,0.0,damaging,ARHGEF40
ARID3B (10620)_damaging,0,0.0,151.5,9.255628917943215,0.0,damaging,ARID3B
ATN1 (1822)_damaging,0,0.0,151.5,9.255628917943215,0.0,damaging,ATN1
AXIN1 (8312)_damaging,0,0.0,151.5,9.255628917943215,0.0,damaging,AXIN1
BOD1L1 (259282)_damaging,0,0.0,151.5,9.255628917943215,0.0,damaging,BOD1L1
C5 (727)_damaging,0,0.0,151.5,9.255628917943215,0.0,damaging,C5
CACNA1B (774)_damaging,0,0.0,151.5,9.255628917943215,0.0,damaging,CACNA1B
CAD (790)_damaging,0,0.0,151.5,9.255628917943215,0.0,damaging,CAD
CADPS2 (93664)_damaging,0,0.0,151.5,9.255628917943215,0.0,damaging,CADPS2
CDH15 (1013)_damaging,0,0.0,151.5,9.255628917943215,0.0,damaging,CDH15
CDH18 (1016)_damaging,0,0.0,151.5,9.255628917943215,0.0,damaging,CDH18
CECR2 (27443)_damaging,0,0.0,151.5,9.255628917943215,0.0,damaging,CECR2
CENPE (1062)_damaging,0,0.0,151.5,9.255628917943215,0.0,damaging,CENPE
CEP162 (22832)_damaging,0,0.0,151.5,9.255628917943215,0.0,damaging,CEP162
CFTR (1080)_damaging,0,0.0,151.5,9.255628917943215,0.0,damaging,CFTR
CHD6 (84181)_damaging,0,0.0,151.5,9.255628917943215,0.0,damaging,CHD6
CHD7 (55636)_damaging,0,0.0,151.5,9.255628917943215,0.0,damaging,CHD7
CLUH (23277)_damaging,0,0.0,151.5,9.255628917943215,0.0,damaging,CLUH
CRACDL (343990)_damaging,0,0.0,151.5,9.255628917943215,0.0,damaging,CRACDL
DAZAP1 (26528)_damaging,0,0.0,151.5,9.255628917943215,0.0,damaging,DAZAP1
DIP2B (57609)_damaging,0,0.0,151.5,9.255628917943215,0.0,damaging,DIP2B
DLC1 (10395)_damaging,0,0.0,151.5,9.255628917943215,0.0,damaging,DLC1
DNHD1 (144132)_damaging,0,0.0,151.5,9.255628917943215,0.0,damaging,DNHD1
DOCK11 (139818)_damaging,0,0.0,151.5,9.255628917943215,0.0,damaging,DOCK11
DOCK9 (23348)_damaging,0,0.0,151.5,9.255628917943215,0.0,damaging,DOCK9
DOT1L (84444)_damaging,0,0.0,151.5,9.255628917943215,0.0,damaging,DOT1L
DSEL (92126)_damaging,0,0.0,151.5,9.255628917943215,0.0,damaging,DSEL
ELP1 (8518)_damaging,0,0.0,151.5,9.255628917943215,0.0,damaging,ELP1
EPB41L3 (23136)_damaging,0,0.0,151.5,9.255628917943215,0.0,damaging,EPB41L3
EPS8L3 (79574)_damaging,0,0.0,151.5,9.255628917943215,0.0,damaging,EPS8L3
ESF1 (51575)_damaging,0,0.0,151.5,9.255628917943215,0.0,damaging,ESF1
FANCG (2189)_damaging,0,0.0,151.5,9.255628917943215,0.0,damaging,FANCG
FHDC1 (85462)_damaging,0,0.0,151.5,9.255628917943215,0.0,damaging,FHDC1
FIGN (55137)_damaging,0,0.0,151.5,9.255628917943215,0.0,damaging,FIGN
FRMD4A (55691)_damaging,0,0.0,151.5,9.255628917943215,0.0,damaging,FRMD4A
GRIA2 (2891)_damaging,0,0.0,151.5,9.255628917943215,0.0,damaging,GRIA2
GUCY2C (2984)_damaging,0,0.0,151.5,9.255628917943215,0.0,damaging,GUCY2C
HCN4 (10021)_damaging,0,0.0,151.5,9.255628917943215,0.0,damaging,HCN4
HIVEP3 (59269)_damaging,0,0.0,151.5,9.255628917943215,0.0,damaging,HIVEP3
IFT172 (26160)_damaging,0,0.0,151.5,9.255628917943215,0.0,damaging,IFT172
IGSF9B (22997)_damaging,0,0.0,151.5,9.255628917943215,0.0,damaging,IGSF9B
INO80 (54617)_damaging,0,0.0,151.5,9.255628917943215,0.0,damaging,INO80
ITGA2B (3674)_damaging,0,0.0,151.5,9.255628917943215,0.0,damaging,ITGA2B
ITGA8 (8516)_damaging,0,0.0,151.5,9.255628917943215,0.0,damaging,ITGA8
ITPR3 (3710)_damaging,0,0.0,151.5,9.255628917943215,0.0,damaging,ITPR3
JAKMIP1 (152789)_damaging,0,0.0,151.5,9.255628917943215,0.0,damaging,JAKMIP1
KCNT2 (343450)_damaging,0,0.0,151.5,9.255628917943215,0.0,damaging,KCNT2
KCP (375616)_damaging,0,0.0,151.5,9.255628917943215,0.0,damaging,KCP
KDM5B (10765)_damaging,0,0.0,151.5,9.255628917943215,0.0,damaging,KDM5B
KIF5C (3800)_damaging,0,0.0,151.5,9.255628917943215,0.0,damaging,KIF5C
KNTC1 (9735)_damaging,0,0.0,151.5,9.255628917943215,0.0,damaging,KNTC1
LAMA3 (3909)_damaging,0,0.0,151.5,9.255628917943215,0.0,damaging,LAMA3
LCOR (84458)_damaging,0,0.0,151.5,9.255628917943215,0.0,damaging,LCOR
LPA (4018)_damaging,0,0.0,151.5,9.255628917943215,0.0,damaging,LPA
MAP3K12 (7786)_damaging,0,0.0,151.5,9.255628917943215,0.0,damaging,MAP3K12
MCTP1 (79772)_damaging,0,0.0,151.5,9.255628917943215,0.0,damaging,MCTP1
MEI1 (150365)_damaging,0,0.0,151.5,9.255628917943215,0.0,damaging,MEI1
MGAM2 (93432)_damaging,0,0.0,151.5,9.255628917943215,0.0,damaging,MGAM2
MPDZ (8777)_damaging,0,0.0,151.5,9.255628917943215,0.0,damaging,MPDZ
MTCL1 (23255)_damaging,0,0.0,151.5,9.255628917943215,0.0,damaging,MTCL1
MYH4 (4622)_damaging,0,0.0,151.5,9.255628917943215,0.0,damaging,MYH4
MYO5C (55930)_damaging,0,0.0,151.5,9.255628917943215,0.0,damaging,MYO5C
NACA (4666)_damaging,0,0.0,151.5,9.255628917943215,0.0,damaging,NACA
NID2 (22795)_damaging,0,0.0,151.5,9.255628917943215,0.0,damaging,NID2
NIN (51199)_damaging,0,0.0,151.5,9.255628917943215,0.0,damaging,NIN
NOTCH2 (4853)_damaging,0,0.0,151.5,9.255628917943215,0.0,damaging,NOTCH2
NRXN2 (9379)_damaging,0,0.0,151.5,9.255628917943215,0.0,damaging,NRXN2
NSD3 (54904)_damaging,0,0.0,151.5,9.255628917943215,0.0,damaging,NSD3
NUMA1 (4926)_damaging,0,0.0,151.5,9.255628917943215,0.0,damaging,NUMA1
OC90 (729330)_damaging,0,0.0,151.5,9.255628917943215,0.0,damaging,OC90
ORC4 (5000)_damaging,0,0.0,151.5,9.255628917943215,0.0,damaging,ORC4
PCDH10 (57575)_damaging,0,0.0,151.5,9.255628917943215,0.0,damaging,PCDH10
PDZRN4 (29951)_damaging,0,0.0,151.5,9.255628917943215,0.0,damaging,PDZRN4
PLEKHG6 (55200)_damaging,0,0.0,151.5,9.255628917943215,0.0,damaging,PLEKHG6
PPM1D (8493)_damaging,0,0.0,151.5,9.255628917943215,0.0,damaging,PPM1D
PTPRU (10076)_damaging,0,0.0,151.5,9.255628917943215,0.0,damaging,PTPRU
PXDN (7837)_damaging,0,0.0,151.5,9.255628917943215,0.0,damaging,PXDN
R3HDM2 (22864)_damaging,0,0.0,151.5,9.255628917943215,0.0,damaging,R3HDM2
RALGAPB (57148)_damaging,0,0.0,151.5,9.255628917943215,0.0,damaging,RALGAPB
RHOA (387)_damaging,0,0.0,151.5,9.255628917943215,0.0,damaging,RHOA
RSF1 (51773)_damaging,0,0.0,151.5,9.255628917943215,0.0,damaging,RSF1
RSU1P2 (100133308)_damaging,0,0.0,151.5,9.255628917943215,0.0,damaging,RSU1P2
RUSC2 (9853)_damaging,0,0.0,151.5,9.255628917943215,0.0,damaging,RUSC2
SAMHD1 (25939)_damaging,0,0.0,151.5,9.255628917943215,0.0,damaging,SAMHD1
SHC1 (6464)_damaging,0,0.0,151.5,9.255628917943215,0.0,damaging,SHC1
SLIT1 (6585)_damaging,0,0.0,151.5,9.255628917943215,0.0,damaging,SLIT1
SMARCB1 (6598)_damaging,0,0.0,151.5,9.255628917943215,0.0,damaging,SMARCB1
SMC4 (10051)_damaging,0,0.0,151.5,9.255628917943215,0.0,damaging,SMC4
SPATA31G1 (138724)_damaging,0,0.0,151.5,9.255628917943215,0.0,damaging,SPATA31G1
SSC5D (284297)_damaging,0,0.0,151.5,9.255628917943215,0.0,damaging,SSC5D
STAT5B (6777)_damaging,0,0.0,151.5,9.255628917943215,0.0,damaging,STAT5B
STAT6 (6778)_damaging,0,0.0,151.5,9.255628917943215,0.0,damaging,STAT6
TBX4 (9496)_damaging,0,0.0,151.5,9.255628917943215,0.0,damaging,TBX4
TFE3 (7030)_damaging,0,0.0,151.5,9.255628917943215,0.0,damaging,TFE3
TMC1 (117531)_damaging,0,0.0,151.5,9.255628917943215,0.0,damaging,TMC1
TMEM131 (23505)_damaging,0,0.0,151.5,9.255628917943215,0.0,damaging,TMEM131
TRDN (10345)_damaging,0,0.0,151.5,9.255628917943215,0.0,damaging,TRDN
TRIM24 (8805)_damaging,0,0.0,151.5,9.255628917943215,0.0,damaging,TRIM24
TRPA1 (8989)_damaging,0,0.0,151.5,9.255628917943215,0.0,damaging,TRPA1
UNC5C (8633)_damaging,0,0.0,151.5,9.255628917943215,0.0,damaging,UNC5C
UNC5D (137970)_damaging,0,0.0,151.5,9.255628917943215,0.0,damaging,UNC5D
WNK1 (65125)_damaging,0,0.0,151.5,9.255628917943215,0.0,damaging,WNK1
WWC3 (55841)_damaging,0,0.0,151.5,9.255628917943215,0.0,damaging,WWC3
ZEB2 (9839)_damaging,0,0.0,151.5,9.255628917943215,0.0,damaging,ZEB2
ZIM3 (114026)_damaging,0,0.0,151.5,9.255628917943215,0.0,damaging,ZIM3
ZMIZ1 (57178)_damaging,0,0.0,151.5,9.255628917943215,0.0,damaging,ZMIZ1
ZNF208 (7757)_damaging,0,0.0,151.5,9.255628917943215,0.0,damaging,ZNF208
ZNF687 (57592)_damaging,0,0.0,151.5,9.255628917943215,0.0,damaging,ZNF687
ZNF711 (7552)_damaging,0,0.0,151.5,9.255628917943215,0.0,damaging,ZNF711
ZNF91 (7644)_damaging,0,0.0,151.5,9.255628917943215,0.0,damaging,ZNF91
ADGB (79747)_damaging,0,0.0,151.75,9.03234926989282,0.0,damaging,ADGB
ARFGEF3 (57221)_damaging,0,0.0,151.75,9.03234926989282,0.0,damaging,ARFGEF3
ARHGAP17 (55114)_damaging,0,0.0,151.75,9.03234926989282,0.0,damaging,ARHGAP17
CEP250 (11190)_damaging,0,0.0,151.75,9.03234926989282,0.0,damaging,CEP250
CSF2RB (1439)_damaging,0,0.0,151.75,9.03234926989282,0.0,damaging,CSF2RB
EPG5 (57724)_damaging,0,0.0,151.75,9.03234926989282,0.0,damaging,EPG5
ERBB2 (2064)_hotspot,0,0.0,151.75,9.03234926989282,0.0,hotspot,ERBB2
ERBB3 (2065)_hotspot,0,0.0,151.75,9.03234926989282,0.0,hotspot,ERBB3
EXOSC10 (5394)_damaging,0,0.0,151.75,9.03234926989282,0.0,damaging,EXOSC10
GPR158 (57512)_damaging,0,0.0,151.75,9.03234926989282,0.0,damaging,GPR158
HECW2 (57520)_damaging,0,0.0,151.75,9.03234926989282,0.0,damaging,HECW2
HTT (3064)_damaging,0,0.0,151.75,9.03234926989282,0.0,damaging,HTT
IRF8 (3394)_damaging,0,0.0,151.75,9.03234926989282,0.0,damaging,IRF8
IRS1 (3667)_damaging,0,0.0,151.75,9.03234926989282,0.0,damaging,IRS1
LOXL3 (84695)_damaging,0,0.0,151.75,9.03234926989282,0.0,damaging,LOXL3
MN1 (4330)_damaging,0,0.0,151.75,9.03234926989282,0.0,damaging,MN1
MYH7 (4625)_damaging,0,0.0,151.75,9.03234926989282,0.0,damaging,MYH7
MYO18A (399687)_damaging,0,0.0,151.75,9.03234926989282,0.0,damaging,MYO18A
MYOCD (93649)_damaging,0,0.0,151.75,9.03234926989282,0.0,damaging,MYOCD
NKAPD1 (55216)_damaging,0,0.0,151.75,9.03234926989282,0.0,damaging,NKAPD1
ODAD2 (55130)_damaging,0,0.0,151.75,9.03234926989282,0.0,damaging,ODAD2
PKD1L2 (114780)_damaging,0,0.0,151.75,9.03234926989282,0.0,damaging,PKD1L2
PLEKHA7 (144100)_damaging,0,0.0,151.75,9.03234926989282,0.0,damaging,PLEKHA7
PLXNA2 (5362)_damaging,0,0.0,151.75,9.03234926989282,0.0,damaging,PLXNA2
RGS7 (6000)_damaging,0,0.0,151.75,9.03234926989282,0.0,damaging,RGS7
RPTOR (57521)_damaging,0,0.0,151.75,9.03234926989282,0.0,damaging,RPTOR
SAFB2 (9667)_damaging,0,0.0,151.75,9.03234926989282,0.0,damaging,SAFB2
SORBS2 (8470)_damaging,0,0.0,151.75,9.03234926989282,0.0,damaging,SORBS2
TRPM4 (54795)_damaging,0,0.0,151.75,9.03234926989282,0.0,damaging,TRPM4
USP16 (10600)_damaging,0,0.0,151.75,9.03234926989282,0.0,damaging,USP16
WDR55 (54853)_damaging,0,0.0,151.75,9.03234926989282,0.0,damaging,WDR55
WDR72 (256764)_damaging,0,0.0,151.75,9.03234926989282,0.0,damaging,WDR72
ZDHHC8 (29801)_damaging,0,0.0,151.75,9.03234926989282,0.0,damaging,ZDHHC8
AMER3 (205147)_damaging,0,0.0,152.0,11.269427669584644,0.0,damaging,AMER3
BRINP3 (339479)_damaging,0,0.0,152.0,11.269427669584644,0.0,damaging,BRINP3
C10orf71 (118461)_damaging,0,0.0,152.0,11.269427669584644,0.0,damaging,C10orf71
CAMTA1 (23261)_damaging,0,0.0,152.0,11.269427669584644,0.0,damaging,CAMTA1
CCDC15 (80071)_damaging,0,0.0,152.0,11.269427669584644,0.0,damaging,CCDC15
CENPJ (55835)_damaging,0,0.0,152.0,11.269427669584644,0.0,damaging,CENPJ
CNGB1 (1258)_damaging,0,0.0,152.0,11.269427669584644,0.0,damaging,CNGB1
CNOT1 (23019)_damaging,0,0.0,152.0,11.269427669584644,0.0,damaging,CNOT1
CNTN3 (5067)_damaging,0,0.0,152.0,11.269427669584644,0.0,damaging,CNTN3
COL6A6 (131873)_damaging,0,0.0,152.0,11.269427669584644,0.0,damaging,COL6A6
CREBBP (1387)_hotspot,0,0.0,152.0,11.269427669584644,0.0,hotspot,CREBBP
CTNNA3 (29119)_damaging,0,0.0,152.0,11.269427669584644,0.0,damaging,CTNNA3
DEUP1 (159989)_damaging,0,0.0,152.0,11.269427669584644,0.0,damaging,DEUP1
DLG5 (9231)_damaging,0,0.0,152.0,11.269427669584644,0.0,damaging,DLG5
EMILIN1 (11117)_damaging,0,0.0,152.0,11.269427669584644,0.0,damaging,EMILIN1
EPRS1 (2058)_damaging,0,0.0,152.0,11.269427669584644,0.0,damaging,EPRS1
FIRRM (55732)_damaging,0,0.0,152.0,11.269427669584644,0.0,damaging,FIRRM
FSTL4 (23105)_damaging,0,0.0,152.0,11.269427669584644,0.0,damaging,FSTL4
GRIN2B (2904)_damaging,0,0.0,152.0,11.269427669584644,0.0,damaging,GRIN2B
HDAC9 (9734)_damaging,0,0.0,152.0,11.269427669584644,0.0,damaging,HDAC9
KIAA1549L (25758)_damaging,0,0.0,152.0,11.269427669584644,0.0,damaging,KIAA1549L
KIFC2 (90990)_damaging,0,0.0,152.0,11.269427669584644,0.0,damaging,KIFC2
KLHL41 (10324)_damaging,0,0.0,152.0,11.269427669584644,0.0,damaging,KLHL41
KNL1 (57082)_damaging,0,0.0,152.0,11.269427669584644,0.0,damaging,KNL1
NBN (4683)_damaging,0,0.0,152.0,11.269427669584644,0.0,damaging,NBN
OBSL1 (23363)_damaging,0,0.0,152.0,11.269427669584644,0.0,damaging,OBSL1
OTOGL (283310)_damaging,0,0.0,152.0,11.269427669584644,0.0,damaging,OTOGL
PIK3R3 (8503)_damaging,0,0.0,152.0,11.269427669584644,0.0,damaging,PIK3R3
PLCH1 (23007)_damaging,0,0.0,152.0,11.269427669584644,0.0,damaging,PLCH1
PTCH2 (8643)_damaging,0,0.0,152.0,11.269427669584644,0.0,damaging,PTCH2
REV1 (51455)_damaging,0,0.0,152.0,11.269427669584644,0.0,damaging,REV1
RPL5 (6125)_damaging,0,0.0,152.0,11.269427669584644,0.0,damaging,RPL5
SEL1L2 (80343)_damaging,0,0.0,152.0,11.269427669584644,0.0,damaging,SEL1L2
SIN3B (23309)_damaging,0,0.0,152.0,11.269427669584644,0.0,damaging,SIN3B
SMG1 (23049)_damaging,0,0.0,152.0,11.269427669584644,0.0,damaging,SMG1
STXBP5 (134957)_damaging,0,0.0,152.0,11.269427669584644,0.0,damaging,STXBP5
TAF3 (83860)_damaging,0,0.0,152.0,11.269427669584644,0.0,damaging,TAF3
TOP3A (7156)_damaging,0,0.0,152.0,11.269427669584644,0.0,damaging,TOP3A
UBE3C (9690)_damaging,0,0.0,152.0,11.269427669584644,0.0,damaging,UBE3C
WDR33 (55339)_damaging,0,0.0,152.0,11.269427669584644,0.0,damaging,WDR33
WDR64 (128025)_damaging,0,0.0,152.0,11.269427669584644,0.0,damaging,WDR64
WNK3 (65267)_damaging,0,0.0,152.0,11.269427669584644,0.0,damaging,WNK3
ZBBX (79740)_damaging,0,0.0,152.0,11.269427669584644,0.0,damaging,ZBBX
AP4E1 (23431)_damaging,0,0.0,152.33333333333334,10.969655114602892,0.0,damaging,AP4E1
CACNA1S (779)_damaging,0,0.0,152.33333333333334,10.969655114602892,0.0,damaging,CACNA1S
CC2D2B (387707)_damaging,0,0.0,152.33333333333334,10.969655114602892,0.0,damaging,CC2D2B
FAM83B (222584)_damaging,0,0.0,152.33333333333334,10.969655114602892,0.0,damaging,FAM83B
GABBR1 (2550)_damaging,0,0.0,152.33333333333334,10.969655114602892,0.0,damaging,GABBR1
GLB1L2 (89944)_damaging,0,0.0,152.33333333333334,10.969655114602892,0.0,damaging,GLB1L2
ITGA4 (3676)_damaging,0,0.0,152.33333333333334,10.969655114602892,0.0,damaging,ITGA4
PARP10 (84875)_damaging,0,0.0,152.33333333333334,10.969655114602892,0.0,damaging,PARP10
SEMA5A (9037)_damaging,0,0.0,152.33333333333334,10.969655114602892,0.0,damaging,SEMA5A
SFSWAP (6433)_damaging,0,0.0,152.33333333333334,10.969655114602892,0.0,damaging,SFSWAP
ADAMTS19 (171019)_damaging,0,0.0,153.33333333333334,10.408329997330664,0.0,damaging,ADAMTS19
ALDH1L2 (160428)_damaging,0,0.0,153.33333333333334,10.408329997330664,0.0,damaging,ALDH1L2
ARHGAP30 (257106)_damaging,0,0.0,153.33333333333334,10.408329997330664,0.0,damaging,ARHGAP30
C2orf42 (54980)_damaging,0,0.0,153.33333333333334,10.408329997330664,0.0,damaging,C2orf42
CAPN12 (147968)_damaging,0,0.0,153.33333333333334,10.408329997330664,0.0,damaging,CAPN12
CHD1 (1105)_damaging,0,0.0,153.33333333333334,10.408329997330664,0.0,damaging,CHD1
CROCC2 (728763)_damaging,0,0.0,153.33333333333334,10.408329997330664,0.0,damaging,CROCC2
EFNB3 (1949)_damaging,0,0.0,153.33333333333334,10.408329997330664,0.0,damaging,EFNB3
EVPL (2125)_damaging,0,0.0,153.33333333333334,10.408329997330664,0.0,damaging,EVPL
GOLGA3 (2802)_damaging,0,0.0,153.33333333333334,10.408329997330664,0.0,damaging,GOLGA3
ITGAL (3683)_damaging,0,0.0,153.33333333333334,10.408329997330664,0.0,damaging,ITGAL
MAST1 (22983)_damaging,0,0.0,153.33333333333334,10.408329997330664,0.0,damaging,MAST1
MMRN1 (22915)_damaging,0,0.0,153.33333333333334,10.408329997330664,0.0,damaging,MMRN1
PATJ (10207)_damaging,0,0.0,153.33333333333334,10.408329997330664,0.0,damaging,PATJ
PLCB3 (5331)_damaging,0,0.0,153.33333333333334,10.408329997330664,0.0,damaging,PLCB3
POSTN (10631)_damaging,0,0.0,153.33333333333334,10.408329997330664,0.0,damaging,POSTN
PRPF40B (25766)_damaging,0,0.0,153.33333333333334,10.408329997330664,0.0,damaging,PRPF40B
SCN10A (6336)_damaging,0,0.0,153.33333333333334,10.408329997330664,0.0,damaging,SCN10A
SLCO6A1 (133482)_damaging,0,0.0,153.33333333333334,10.408329997330664,0.0,damaging,SLCO6A1
SLF2 (55719)_damaging,0,0.0,153.33333333333334,10.408329997330664,0.0,damaging,SLF2
TAF1L (138474)_damaging,0,0.0,153.33333333333334,10.408329997330664,0.0,damaging,TAF1L
TNS1 (7145)_damaging,0,0.0,153.33333333333334,10.408329997330664,0.0,damaging,TNS1
UMODL1 (89766)_damaging,0,0.0,153.33333333333334,10.408329997330664,0.0,damaging,UMODL1
ZBTB21 (49854)_damaging,0,0.0,153.33333333333334,10.408329997330664,0.0,damaging,ZBTB21
ZC3H12B (340554)_damaging,0,0.0,153.33333333333334,10.408329997330664,0.0,damaging,ZC3H12B
ZNF536 (9745)_damaging,0,0.0,153.33333333333334,10.408329997330664,0.0,damaging,ZNF536
ADAM23 (8745)_damaging,0,0.0,153.66666666666666,10.016652800877813,0.0,damaging,ADAM23
ADAMTS2 (9509)_damaging,0,0.0,153.66666666666666,10.016652800877813,0.0,damaging,ADAMTS2
ADAMTS9 (56999)_damaging,0,0.0,153.66666666666666,10.016652800877813,0.0,damaging,ADAMTS9
ADGRB1 (575)_damaging,0,0.0,153.66666666666666,10.016652800877813,0.0,damaging,ADGRB1
AFF4 (27125)_damaging,0,0.0,153.66666666666666,10.016652800877813,0.0,damaging,AFF4
ARHGEF1 (9138)_damaging,0,0.0,153.66666666666666,10.016652800877813,0.0,damaging,ARHGEF1
AUTS2 (26053)_damaging,0,0.0,153.66666666666666,10.016652800877813,0.0,damaging,AUTS2
AXL (558)_damaging,0,0.0,153.66666666666666,10.016652800877813,0.0,damaging,AXL
CSTF3 (1479)_damaging,0,0.0,153.66666666666666,10.016652800877813,0.0,damaging,CSTF3
DOCK4 (9732)_damaging,0,0.0,153.66666666666666,10.016652800877813,0.0,damaging,DOCK4
EGR2 (1959)_damaging,0,0.0,153.66666666666666,10.016652800877813,0.0,damaging,EGR2
FBXL13 (222235)_damaging,0,0.0,153.66666666666666,10.016652800877813,0.0,damaging,FBXL13
GPRC6A (222545)_damaging,0,0.0,153.66666666666666,10.016652800877813,0.0,damaging,GPRC6A
GRM1 (2911)_damaging,0,0.0,153.66666666666666,10.016652800877813,0.0,damaging,GRM1
GSE1 (23199)_damaging,0,0.0,153.66666666666666,10.016652800877813,0.0,damaging,GSE1
KCNH2 (3757)_damaging,0,0.0,153.66666666666666,10.016652800877813,0.0,damaging,KCNH2
MPRIP (23164)_damaging,0,0.0,153.66666666666666,10.016652800877813,0.0,damaging,MPRIP
MYT1L (23040)_damaging,0,0.0,153.66666666666666,10.016652800877813,0.0,damaging,MYT1L
NARF (26502)_damaging,0,0.0,153.66666666666666,10.016652800877813,0.0,damaging,NARF
NCOA3 (8202)_damaging,0,0.0,153.66666666666666,10.016652800877813,0.0,damaging,NCOA3
NOL11 (25926)_damaging,0,0.0,153.66666666666666,10.016652800877813,0.0,damaging,NOL11
PHF2 (5253)_damaging,0,0.0,153.66666666666666,10.016652800877813,0.0,damaging,PHF2
PHRF1 (57661)_damaging,0,0.0,153.66666666666666,10.016652800877813,0.0,damaging,PHRF1
PTPN12 (5782)_damaging,0,0.0,153.66666666666666,10.016652800877813,0.0,damaging,PTPN12
SORCS1 (114815)_damaging,0,0.0,153.66666666666666,10.016652800877813,0.0,damaging,SORCS1
SUZ12 (23512)_damaging,0,0.0,153.66666666666666,10.016652800877813,0.0,damaging,SUZ12
UBR1 (197131)_damaging,0,0.0,153.66666666666666,10.016652800877813,0.0,damaging,UBR1
WDR81 (124997)_damaging,0,0.0,153.66666666666666,10.016652800877813,0.0,damaging,WDR81
SLC26A3 (1811)_damaging,0,0.000660542736468372,154.5,6.363961030678928,0.0,damaging,SLC26A3
ABCC1 (4363)_damaging,0,0.0,155.0,14.142135623730951,0.0,damaging,ABCC1
ANO6 (196527)_damaging,0,0.0,155.0,14.142135623730951,0.0,damaging,ANO6
CEPT1 (10390)_damaging,0,0.0,155.0,14.142135623730951,0.0,damaging,CEPT1
CFAP44 (55779)_damaging,0,0.0,155.0,14.142135623730951,0.0,damaging,CFAP44
CFAP61 (26074)_damaging,0,0.0,155.0,14.142135623730951,0.0,damaging,CFAP61
CFH (3075)_damaging,0,0.0,155.0,14.142135623730951,0.0,damaging,CFH
CLTC (1213)_damaging,0,0.0,155.0,14.142135623730951,0.0,damaging,CLTC
EGFR (1956)_damaging,0,0.0,155.0,14.142135623730951,0.0,damaging,EGFR
EML3 (256364)_damaging,0,0.0,155.0,14.142135623730951,0.0,damaging,EML3
EPHA6 (285220)_damaging,0,0.0,155.0,14.142135623730951,0.0,damaging,EPHA6
FAM47B (170062)_damaging,0,0.0,155.0,14.142135623730951,0.0,damaging,FAM47B
FOXK2 (3607)_damaging,0,0.0,155.0,14.142135623730951,0.0,damaging,FOXK2
GAB2 (9846)_damaging,0,0.0,155.0,14.142135623730951,0.0,damaging,GAB2
GUCY2F (2986)_damaging,0,0.0,155.0,14.142135623730951,0.0,damaging,GUCY2F
HECA (51696)_damaging,0,0.0,155.0,14.142135623730951,0.0,damaging,HECA
LATS1 (9113)_damaging,0,0.0,155.0,14.142135623730951,0.0,damaging,LATS1
LOXL4 (84171)_damaging,0,0.0,155.0,14.142135623730951,0.0,damaging,LOXL4
MARK4 (57787)_damaging,0,0.0,155.0,14.142135623730951,0.0,damaging,MARK4
MYRF (745)_damaging,0,0.0,155.0,14.142135623730951,0.0,damaging,MYRF
NFAT5 (10725)_damaging,0,0.0,155.0,14.142135623730951,0.0,damaging,NFAT5
NWD1 (284434)_damaging,0,0.0,155.0,14.142135623730951,0.0,damaging,NWD1
NYAP2 (57624)_damaging,0,0.0,155.0,14.142135623730951,0.0,damaging,NYAP2
OTUD7B (56957)_damaging,0,0.0,155.0,14.142135623730951,0.0,damaging,OTUD7B
PAN3 (255967)_damaging,0,0.0,155.0,14.142135623730951,0.0,damaging,PAN3
PLEKHH3 (79990)_damaging,0,0.0,155.0,14.142135623730951,0.0,damaging,PLEKHH3
POLN (353497)_damaging,0,0.0,155.0,14.142135623730951,0.0,damaging,POLN
PROM2 (150696)_damaging,0,0.0,155.0,14.142135623730951,0.0,damaging,PROM2
SCN5A (6331)_damaging,0,0.0,155.0,14.142135623730951,0.0,damaging,SCN5A
URI1 (8725)_damaging,0,0.0,155.0,14.142135623730951,0.0,damaging,URI1
ZC3H4 (23211)_damaging,0,0.0,155.0,14.142135623730951,0.0,damaging,ZC3H4
ADAMTSL1 (92949)_damaging,0,0.0,155.5,13.435028842544403,0.0,damaging,ADAMTSL1
AOX1 (316)_damaging,0,0.0,155.5,13.435028842544403,0.0,damaging,AOX1
ASPH (444)_damaging,0,0.0,155.5,13.435028842544403,0.0,damaging,ASPH
BRD4 (23476)_damaging,0,0.0,155.5,13.435028842544403,0.0,damaging,BRD4
BRIP1 (83990)_damaging,0,0.0,155.5,13.435028842544403,0.0,damaging,BRIP1
CCDC9B (388115)_damaging,0,0.0,155.5,13.435028842544403,0.0,damaging,CCDC9B
CD58 (965)_damaging,0,0.0,155.5,13.435028842544403,0.0,damaging,CD58
CELSR1 (9620)_damaging,0,0.0,155.5,13.435028842544403,0.0,damaging,CELSR1
CFAP210 (129881)_damaging,0,0.0,155.5,13.435028842544403,0.0,damaging,CFAP210
EEA1 (8411)_damaging,0,0.0,155.5,13.435028842544403,0.0,damaging,EEA1
ERN2 (10595)_damaging,0,0.0,155.5,13.435028842544403,0.0,damaging,ERN2
FRMPD4 (9758)_damaging,0,0.0,155.5,13.435028842544403,0.0,damaging,FRMPD4
GPS2 (2874)_damaging,0,0.0,155.5,13.435028842544403,0.0,damaging,GPS2
GREB1L (80000)_damaging,0,0.0,155.5,13.435028842544403,0.0,damaging,GREB1L
HDAC5 (10014)_damaging,0,0.0,155.5,13.435028842544403,0.0,damaging,HDAC5
LRGUK (136332)_damaging,0,0.0,155.5,13.435028842544403,0.0,damaging,LRGUK
MAGI3 (260425)_damaging,0,0.0,155.5,13.435028842544403,0.0,damaging,MAGI3
MAP2K4 (6416)_damaging,0,0.0,155.5,13.435028842544403,0.0,damaging,MAP2K4
MICAL2 (9645)_damaging,0,0.0,155.5,13.435028842544403,0.0,damaging,MICAL2
MYH14 (79784)_damaging,0,0.0,155.5,13.435028842544403,0.0,damaging,MYH14
NOX5 (79400)_damaging,0,0.0,155.5,13.435028842544403,0.0,damaging,NOX5
NTRK3 (4916)_damaging,0,0.0,155.5,13.435028842544403,0.0,damaging,NTRK3
PDZD8 (118987)_damaging,0,0.0,155.5,13.435028842544403,0.0,damaging,PDZD8
POLR1A (25885)_damaging,0,0.0,155.5,13.435028842544403,0.0,damaging,POLR1A
PRRC2C (23215)_damaging,0,0.0,155.5,13.435028842544403,0.0,damaging,PRRC2C
PZP (5858)_damaging,0,0.0,155.5,13.435028842544403,0.0,damaging,PZP
SLC25A13 (10165)_damaging,0,0.0,155.5,13.435028842544403,0.0,damaging,SLC25A13
SLITRK5 (26050)_damaging,0,0.0,155.5,13.435028842544403,0.0,damaging,SLITRK5
SPRED1 (161742)_damaging,0,0.0,155.5,13.435028842544403,0.0,damaging,SPRED1
STAMBPL1 (57559)_damaging,0,0.0,155.5,13.435028842544403,0.0,damaging,STAMBPL1
TRIP10 (9322)_damaging,0,0.0,155.5,13.435028842544403,0.0,damaging,TRIP10
TRPM2 (7226)_damaging,0,0.0,155.5,13.435028842544403,0.0,damaging,TRPM2
TTC14 (151613)_damaging,0,0.0,155.5,13.435028842544403,0.0,damaging,TTC14
ABCA4 (24)_damaging,0,0.0,157.5,10.606601717798213,0.0,damaging,ABCA4
ASAP1 (50807)_damaging,0,0.0,157.5,10.606601717798213,0.0,damaging,ASAP1
CDKL3 (51265)_damaging,0,0.0,157.5,10.606601717798213,0.0,damaging,CDKL3
CRB1 (23418)_damaging,0,0.0,157.5,10.606601717798213,0.0,damaging,CRB1
DPYD (1806)_damaging,0,0.0,157.5,10.606601717798213,0.0,damaging,DPYD
KCNH8 (131096)_damaging,0,0.0,157.5,10.606601717798213,0.0,damaging,KCNH8
MAP4K4 (9448)_damaging,0,0.0,157.5,10.606601717798213,0.0,damaging,MAP4K4
MEN1 (4221)_damaging,0,0.0,157.5,10.606601717798213,0.0,damaging,MEN1
MTIF2 (4528)_damaging,0,0.0,157.5,10.606601717798213,0.0,damaging,MTIF2
MYH6 (4624)_damaging,0,0.0,157.5,10.606601717798213,0.0,damaging,MYH6
PRR14 (78994)_damaging,0,0.0,157.5,10.606601717798213,0.0,damaging,PRR14
RAPGEF6 (51735)_damaging,0,0.0,157.5,10.606601717798213,0.0,damaging,RAPGEF6
RXFP2 (122042)_damaging,0,0.0,157.5,10.606601717798213,0.0,damaging,RXFP2
SIPA1L1 (26037)_damaging,0,0.0,157.5,10.606601717798213,0.0,damaging,SIPA1L1
SOBP (55084)_damaging,0,0.0,157.5,10.606601717798213,0.0,damaging,SOBP
TAF4 (6874)_damaging,0,0.0,157.5,10.606601717798213,0.0,damaging,TAF4
TJP2 (9414)_damaging,0,0.0,157.5,10.606601717798213,0.0,damaging,TJP2
VWA5B1 (127731)_damaging,0,0.0,157.5,10.606601717798213,0.0,damaging,VWA5B1
ACAP3 (116983)_damaging,0,0.0,165.0,,0.0,damaging,ACAP3
ADAMTS5 (11096)_damaging,0,0.0,165.0,,0.0,damaging,ADAMTS5
ADAMTS6 (11174)_damaging,0,0.0,165.0,,0.0,damaging,ADAMTS6
CDH16 (1014)_damaging,0,0.0,165.0,,0.0,damaging,CDH16
CDK12 (51755)_damaging,0,0.0,165.0,,0.0,damaging,CDK12
CYP7A1 (1581)_damaging,0,0.0,165.0,,0.0,damaging,CYP7A1
DACH2 (117154)_damaging,0,0.0,165.0,,0.0,damaging,DACH2
DENND4A (10260)_damaging,0,0.0,165.0,,0.0,damaging,DENND4A
DGKZ (8525)_damaging,0,0.0,165.0,,0.0,damaging,DGKZ
ERCC6 (2074)_damaging,0,0.0,165.0,,0.0,damaging,ERCC6
ERICH6B (220081)_damaging,0,0.0,165.0,,0.0,damaging,ERICH6B
GOLGA6L2 (283685)_damaging,0,0.0,165.0,,0.0,damaging,GOLGA6L2
GRAMD1B (57476)_damaging,0,0.0,165.0,,0.0,damaging,GRAMD1B
HELZ (9931)_damaging,0,0.0,165.0,,0.0,damaging,HELZ
INTS1 (26173)_damaging,0,0.0,165.0,,0.0,damaging,INTS1
KIF6 (221458)_damaging,0,0.0,165.0,,0.0,damaging,KIF6
LAMA4 (3910)_damaging,0,0.0,165.0,,0.0,damaging,LAMA4
MAGEC1 (9947)_damaging,0,0.0,165.0,,0.0,damaging,MAGEC1
MAN2B2 (23324)_damaging,0,0.0,165.0,,0.0,damaging,MAN2B2
MROH1 (727957)_damaging,0,0.0,165.0,,0.0,damaging,MROH1
MRPS10 (55173)_damaging,0,0.0,165.0,,0.0,damaging,MRPS10
MTUS2 (23281)_damaging,0,0.0,165.0,,0.0,damaging,MTUS2
NFATC1 (4772)_damaging,0,0.0,165.0,,0.0,damaging,NFATC1
PARD3 (56288)_damaging,0,0.0,165.0,,0.0,damaging,PARD3
PARP14 (54625)_damaging,0,0.0,165.0,,0.0,damaging,PARP14
PHLDB2 (90102)_damaging,0,0.0,165.0,,0.0,damaging,PHLDB2
PRKN (5071)_damaging,0,0.0,165.0,,0.0,damaging,PRKN
RECQL4 (9401)_damaging,0,0.0,165.0,,0.0,damaging,RECQL4
RICTOR (253260)_damaging,0,0.0,165.0,,0.0,damaging,RICTOR
SCN8A (6334)_damaging,0,0.0,165.0,,0.0,damaging,SCN8A
SH2B1 (25970)_damaging,0,0.0,165.0,,0.0,damaging,SH2B1
SHROOM4 (57477)_damaging,0,0.0,165.0,,0.0,damaging,SHROOM4
SLC5A7 (60482)_damaging,0,0.0,165.0,,0.0,damaging,SLC5A7
SLCO1C1 (53919)_damaging,0,0.0,165.0,,0.0,damaging,SLCO1C1
SNHG14 (104472715)_damaging,0,0.0,165.0,,0.0,damaging,SNHG14
TDRD1 (56165)_damaging,0,0.0,165.0,,0.0,damaging,TDRD1
TTF2 (8458)_damaging,0,0.0,165.0,,0.0,damaging,TTF2
ZGRF1 (55345)_damaging,0,0.0,165.0,,0.0,damaging,ZGRF1
ZNF142 (7701)_damaging,0,0.0,165.0,,0.0,damaging,ZNF142
ZNF316 (100131017)_damaging,0,0.0,165.0,,0.0,damaging,ZNF316
ZNF407 (55628)_damaging,0,0.0,165.0,,0.0,damaging,ZNF407
ZNF569 (148266)_damaging,0,0.0,165.0,,0.0,damaging,ZNF569
ZNF677 (342926)_damaging,0,0.0,165.0,,0.0,damaging,ZNF677
