feature,n_folds_selected,mean_importance,mean_rank,rank_std,selection_freq,kind,gene
TP53 (7157)_damaging,5,0.02581905315312466,1.0,0.0,1.0,damaging,TP53
SIG:T[C>G]A,5,0.02003434981511959,2.4,0.8944271909999159,1.0,damaging,SIG:T[C>G]A
SIG:T[C>T]A,5,0.017922644080157753,3.4,0.5477225575051661,1.0,damaging,SIG:T[C>T]A
SIG:T[C>A]C,5,0.017748255670351175,3.8,1.9235384061671346,1.0,damaging,SIG:T[C>A]C
SIG:C[T>C]G,5,0.014971459842700572,6.8,1.3038404810405297,1.0,damaging,SIG:C[T>C]G
SIG:G[C>T]C,5,0.014026892252946292,8.2,2.588435821108957,1.0,damaging,SIG:G[C>T]C
SIG:C[C>G]T,5,0.015586530331539922,8.4,5.319774431308154,1.0,damaging,SIG:C[C>G]T
SIG:T[C>T]T,5,0.01316836126214994,10.6,3.4351128074635335,1.0,damaging,SIG:T[C>T]T
SIG:T[C>G]C,5,0.01266510230085332,10.8,2.387467277262665,1.0,damaging,SIG:T[C>G]C
SIG:T[C>T]C,5,0.012389556322892289,13.6,8.96102672688794,1.0,damaging,SIG:T[C>T]C
SIG:C[T>A]T,5,0.012545593308758127,13.8,6.572670690061994,1.0,damaging,SIG:C[T>A]T
SIG:G[T>C]G,5,0.012364268970521512,13.8,7.5960516059331775,1.0,damaging,SIG:G[T>C]G
SIG:T[C>A]A,5,0.012441317531498724,14.2,7.918333157931662,1.0,damaging,SIG:T[C>A]A
SIG:T[C>G]T,5,0.011627488675620396,14.8,4.658325879540847,1.0,damaging,SIG:T[C>G]T
SIG:C[C>A]A,5,0.011664948488510534,15.0,4.69041575982343,1.0,damaging,SIG:C[C>A]A
SIG:A[C>T]A,5,0.010781285666860822,20.6,5.594640292279746,1.0,damaging,SIG:A[C>T]A
SIG:A[C>T]G,5,0.010448434467086804,21.2,5.263078946776307,1.0,damaging,SIG:A[C>T]G
SIG:C[T>C]C,5,0.010386444837277317,22.0,6.519202405202649,1.0,damaging,SIG:C[T>C]C
SIG:G[T>C]A,5,0.010003646260176953,24.0,3.8078865529319543,1.0,damaging,SIG:G[T>C]A
SIG:G[C>T]G,5,0.009688773985579727,26.4,4.03732584763727,1.0,damaging,SIG:G[C>T]G
TP53 (7157)_hotspot,4,0.013620336622718865,18.2,22.49888886145269,0.8,hotspot,TP53
SIG:G[C>T]T,4,0.011017998863644452,19.0,6.782329983125268,0.8,damaging,SIG:G[C>T]T
SIG:T[C>A]T,4,0.010122437858098741,23.8,7.362064927722384,0.8,damaging,SIG:T[C>A]T
SIG:A[C>A]A,4,0.009953141543696097,25.8,9.23038460737146,0.8,damaging,SIG:A[C>A]A
SIG:A[C>T]T,3,0.009825850931581273,25.8,8.34865258589672,0.6,damaging,SIG:A[C>T]T
SIG:C[C>T]G,3,0.009705910663162117,27.4,11.23832727766904,0.6,damaging,SIG:C[C>T]G
SIG:G[C>T]A,3,0.00962396385608627,30.6,12.856904759700134,0.6,damaging,SIG:G[C>T]A
SIG:A[C>A]G,3,0.009742036472954187,31.6,18.420097719610503,0.6,damaging,SIG:A[C>A]G
SIG:G[T>G]G,3,0.009094937963855633,33.2,13.00769003320728,0.6,damaging,SIG:G[T>G]G
SIG:C[C>T]A,3,0.0090359950682085,34.6,11.013627921806693,0.6,damaging,SIG:C[C>T]A
SIG:C[C>A]T,2,0.009438066254043706,31.6,10.114346246792227,0.4,damaging,SIG:C[C>A]T
SIG:G[T>A]G,2,0.0091470402947329,32.6,9.016651263079881,0.4,damaging,SIG:G[T>A]G
SIG:A[C>G]C,2,0.009343706106256114,35.2,14.584238067173752,0.4,damaging,SIG:A[C>G]C
SIG:T[C>A]G,2,0.009151795003706584,35.8,16.88786546606764,0.4,damaging,SIG:T[C>A]G
SIG:C[C>T]T,1,0.008800580903033752,33.8,5.585696017507577,0.2,damaging,SIG:C[C>T]T
SIG:G[T>C]C,1,0.008688314999857956,35.6,6.06630035524124,0.2,damaging,SIG:G[T>C]C
SIG:A[T>C]G,1,0.008634891998062066,36.4,12.421755109484328,0.2,damaging,SIG:A[T>C]G
SIG:T[T>C]G,1,0.008628252372478865,37.4,10.9453186340097,0.2,damaging,SIG:T[T>C]G
SIG:A[T>C]C,1,0.008475654347832784,39.4,9.939818911831342,0.2,damaging,SIG:A[T>C]C
SIG:A[C>A]C,1,0.008070559237828095,44.2,10.66302021005306,0.2,damaging,SIG:A[C>A]C
SIG:G[T>C]T,1,0.008265006338452363,44.2,14.855975228843107,0.2,damaging,SIG:G[T>C]T
SIG:A[C>G]A,1,0.00814445308744823,45.6,13.049904214207858,0.2,damaging,SIG:A[C>G]A
SIG:A[T>C]T,0,0.008347991103261928,39.8,10.134100848126588,0.0,damaging,SIG:A[T>C]T
SIG:A[T>C]A,0,0.008015150959841866,45.8,5.890670590009257,0.0,damaging,SIG:A[T>C]A
SIG:T[T>A]T,0,0.008041624162191544,46.2,12.93058390019569,0.0,damaging,SIG:T[T>A]T
SIG:G[C>A]T,0,0.007831121381423473,46.6,7.765307463326871,0.0,damaging,SIG:G[C>A]T
SIG:C[C>T]C,0,0.007985507374952901,47.0,6.59545297913646,0.0,damaging,SIG:C[C>T]C
SIG:G[C>A]A,0,0.007818598367883407,47.4,9.710818709048171,0.0,damaging,SIG:G[C>A]A
SIG:C[T>A]C,0,0.00792861273258129,48.0,6.782329983125267,0.0,damaging,SIG:C[T>A]C
SIG:C[T>A]G,0,0.007924719835537804,49.0,14.7648230602334,0.0,damaging,SIG:C[T>A]G
SIG:A[C>T]C,0,0.007708840888638666,49.8,11.819475453673906,0.0,damaging,SIG:A[C>T]C
SIG:A[C>A]T,0,0.007581237605050442,51.2,13.026895255585652,0.0,damaging,SIG:A[C>A]T
SIG:T[T>A]C,0,0.007640045630936931,51.4,12.817956155331473,0.0,damaging,SIG:T[T>A]C
SIG:G[C>A]C,0,0.007473859307093435,52.2,12.437845472588892,0.0,damaging,SIG:G[C>A]C
SIG:T[C>G]G,0,0.007607281327116064,53.4,19.308029417835474,0.0,damaging,SIG:T[C>G]G
SIG:T[C>T]G,0,0.007232052553099113,54.8,12.949903474543738,0.0,damaging,SIG:T[C>T]G
SIG:G[T>G]C,0,0.007290937779224795,56.0,9.565563234854494,0.0,damaging,SIG:G[T>G]C
SIG:G[T>G]T,0,0.007217894987981742,57.0,8.573214099741124,0.0,damaging,SIG:G[T>G]T
SIG:C[T>C]T,0,0.007161780076925776,57.2,7.429670248402685,0.0,damaging,SIG:C[T>C]T
SIG:G[C>G]A,0,0.007165465790763291,57.8,21.135278564523343,0.0,damaging,SIG:G[C>G]A
SIG:G[C>G]T,0,0.00699899854023632,59.6,12.218837915284743,0.0,damaging,SIG:G[C>G]T
SIG:C[C>G]G,0,0.007003034645352452,60.6,11.92895636675732,0.0,damaging,SIG:C[C>G]G
SIG:A[T>A]A,0,0.00698505280903539,60.8,8.5848704125339,0.0,damaging,SIG:A[T>A]A
SIG:A[C>G]G,0,0.006849939548048694,64.2,18.566098136118963,0.0,damaging,SIG:A[C>G]G
SIG:G[T>G]A,0,0.006721927377620174,65.6,17.501428513124292,0.0,damaging,SIG:G[T>G]A
SIG:G[C>A]G,0,0.006640996378412452,66.0,7.483314773547882,0.0,damaging,SIG:G[C>A]G
SIG:T[T>C]T,0,0.006628656644664809,66.2,10.61602562167217,0.0,damaging,SIG:T[T>C]T
SIG:A[T>G]G,0,0.006660146390762576,66.8,9.038805230781332,0.0,damaging,SIG:A[T>G]G
SIG:G[C>G]C,0,0.006500660586410599,68.2,7.563068160475617,0.0,damaging,SIG:G[C>G]C
SIG:A[C>G]T,0,0.006552084342392008,68.4,7.4363969770312845,0.0,damaging,SIG:A[C>G]T
SIG:C[C>G]C,0,0.006448967831264521,68.6,10.212737145349427,0.0,damaging,SIG:C[C>G]C
SIG:T[T>G]G,0,0.006437899475191909,70.0,5.70087712549569,0.0,damaging,SIG:T[T>G]G
SIG:C[T>G]G,0,0.006367879297023868,70.8,6.140032573203501,0.0,damaging,SIG:C[T>G]G
SIG:C[C>A]C,0,0.006231984304864061,71.6,10.737783756436894,0.0,damaging,SIG:C[C>A]C
SIG:A[T>A]G,0,0.006154688440674042,74.2,8.5848704125339,0.0,damaging,SIG:A[T>A]G
SIG:C[C>G]A,0,0.006130529702060851,74.2,6.220932405998317,0.0,damaging,SIG:C[C>G]A
SIG:C[T>G]T,0,0.006015233649060396,74.4,11.104053313993047,0.0,damaging,SIG:C[T>G]T
SIG:T[T>C]C,0,0.005897941624622371,75.8,9.148770409186145,0.0,damaging,SIG:T[T>C]C
SIG:T[T>G]C,0,0.0059071416950242555,76.8,11.077003204838393,0.0,damaging,SIG:T[T>G]C
SIG:T[T>G]T,0,0.005729393717675355,78.4,6.8044103344816,0.0,damaging,SIG:T[T>G]T
SIG:C[T>A]A,0,0.005694676025688522,79.0,11.510864433221338,0.0,damaging,SIG:C[T>A]A
SIG:C[C>A]G,0,0.0057602915354473,79.2,2.3874672772626653,0.0,damaging,SIG:C[C>A]G
SIG:A[T>A]C,0,0.005798685039348836,79.6,7.0569115057509375,0.0,damaging,SIG:A[T>A]C
SIG:G[T>A]T,0,0.00549446561138601,81.4,7.368853370776217,0.0,damaging,SIG:G[T>A]T
SIG:G[T>A]C,0,0.005224502780281545,85.0,2.9999999999999987,0.0,damaging,SIG:G[T>A]C
SIG:G[C>G]G,0,0.005199548806548937,86.2,5.06951674225463,0.0,damaging,SIG:G[C>G]G
SIG:G[T>A]A,0,0.005057417312475667,86.4,7.436396977031284,0.0,damaging,SIG:G[T>A]A
SIG:C[T>C]A,0,0.0049900674113859,86.6,3.507135583350035,0.0,damaging,SIG:C[T>C]A
SIG:T[T>C]A,0,0.004944130511610633,87.6,3.7815340802378064,0.0,damaging,SIG:T[T>C]A
SIG:A[T>A]T,0,0.004845208727669452,88.8,5.449770637375484,0.0,damaging,SIG:A[T>A]T
TERT (7015)_hotspot,0,0.004217814140027981,90.0,11.683321445547923,0.0,hotspot,TERT
SIG:T[T>A]G,0,0.004587591745194941,90.8,5.761944116355175,0.0,damaging,SIG:T[T>A]G
SIG:A[T>G]T,0,0.0044398118101400715,91.8,4.086563348340508,0.0,damaging,SIG:A[T>G]T
SIG:C[T>G]C,0,0.0044773788848891955,91.8,2.280350850198275,0.0,damaging,SIG:C[T>G]C
SIG:A[T>G]C,0,0.004292425391906014,93.2,3.96232255123179,0.0,damaging,SIG:A[T>G]C
SIG:T[T>G]A,0,0.004076354370051801,94.0,5.700877125495689,0.0,damaging,SIG:T[T>G]A
SIG:A[T>G]A,0,0.004137315332890883,94.6,2.509980079602226,0.0,damaging,SIG:A[T>G]A
SIG:T[T>A]A,0,0.003860015060419554,96.8,0.836660026534074,0.0,damaging,SIG:T[T>A]A
BRAF (673)_hotspot,0,0.0029944473822828537,99.4,0.5477225575051667,0.0,hotspot,BRAF
SIG:C[T>G]A,0,0.0030124578316182643,99.4,0.8944271909999157,0.0,damaging,SIG:C[T>G]A
KRAS (3845)_hotspot,0,0.0012932099094697706,102.2,0.8366600265340762,0.0,hotspot,KRAS
CREBBP (1387)_damaging,0,0.0012654299167959451,103.2,2.1679483388678786,0.0,damaging,CREBBP
KMT2D (8085)_damaging,0,0.0010644478975181894,104.6,1.8165902124584947,0.0,damaging,KMT2D
ID3 (3399)_damaging,0,0.0013295709832692956,105.4,7.700649323271383,0.0,damaging,ID3
CDKN2A (1029)_damaging,0,0.0009582858936221499,107.2,4.4944410108488455,0.0,damaging,CDKN2A
GNA13 (10672)_damaging,0,0.000973038812156275,108.6,6.693280212272604,0.0,damaging,GNA13
TTN (7273)_damaging,0,0.0008332937061917899,108.6,2.0736441353327724,0.0,damaging,TTN
PTEN (5728)_damaging,0,0.0007568462679468649,111.0,6.244997998398399,0.0,damaging,PTEN
RB1 (5925)_damaging,0,0.0007249924657593394,113.6,7.668115805072324,0.0,damaging,RB1
NRAS (4893)_hotspot,0,0.0007495035535176794,113.8,10.183319694480772,0.0,hotspot,NRAS
BCOR (54880)_damaging,0,0.0007237141205051727,115.2,9.364827814754523,0.0,damaging,BCOR
NF1 (4763)_damaging,0,0.0006776230619795285,115.6,7.021395872616784,0.0,damaging,NF1
SPATA22 (84690)_damaging,0,0.0007034604636704646,117.4,10.163660757817532,0.0,damaging,SPATA22
HLA-A (3105)_damaging,0,0.0006692817011345355,117.6,10.163660757817528,0.0,damaging,HLA-A
ARID1A (8289)_damaging,0,0.0006586059191617322,118.8,8.98331787259028,0.0,damaging,ARID1A
APC (324)_damaging,0,0.0006092363510417828,120.6,10.358571330062848,0.0,damaging,APC
SMAD4 (4089)_damaging,0,0.0007134583159508181,120.8,19.5627196473292,0.0,damaging,SMAD4
PDS5B (23047)_damaging,0,0.0006341229222624335,121.2,12.194260945215174,0.0,damaging,PDS5B
SLK (9748)_damaging,0,0.0006098440025773435,123.0,12.589678312014174,0.0,damaging,SLK
PITX1 (5307)_damaging,0,0.0005735728897603146,123.6,11.282730166054668,0.0,damaging,PITX1
PIK3CA (5290)_hotspot,0,0.0005592187446315576,125.0,8.45576726264388,0.0,hotspot,PIK3CA
CDKN2A (1029)_hotspot,0,0.0005105520977425959,128.0,7.905694150420946,0.0,hotspot,CDKN2A
MUC16 (94025)_damaging,0,0.0005087105871293622,131.8,14.822280526288793,0.0,damaging,MUC16
MSH3 (4437)_damaging,0,0.0005001875332265676,132.4,15.306861206661543,0.0,damaging,MSH3
LINC02900 (340073)_damaging,0,0.000486363522865857,133.4,14.587666023048376,0.0,damaging,LINC02900
SDHA (6389)_damaging,0,0.0005178203497996797,133.4,23.754999473794985,0.0,damaging,SDHA
LINC02138 (400558)_damaging,0,0.00046456044969328113,133.8,9.284395510748125,0.0,damaging,LINC02138
NF2 (4771)_damaging,0,0.0005255239535983699,134.0,22.102036105300343,0.0,damaging,NF2
MTOR (2475)_hotspot,0,0.0004929424298588013,139.2,30.32655601943617,0.0,hotspot,MTOR
SPANXN4 (441525)_damaging,0,0.00046521686970624665,139.2,23.177575369309018,0.0,damaging,SPANXN4
LRP1B (53353)_damaging,0,0.00047098005013528977,141.6,25.579288496750646,0.0,damaging,LRP1B
TYRO3 (7301)_damaging,0,0.0004619613088782135,144.8,39.124161332864375,0.0,damaging,TYRO3
VHL (7428)_damaging,0,0.0004123603957510333,145.8,19.613770672667705,0.0,damaging,VHL
EP300 (2033)_damaging,0,0.000400147549804737,148.0,22.20360331117452,0.0,damaging,EP300
ASXL1 (171023)_damaging,0,0.0004364792235345952,148.2,31.523007470734765,0.0,damaging,ASXL1
KMT2B (9757)_damaging,0,0.0004201685821763533,148.2,26.808580715882737,0.0,damaging,KMT2B
TGFBR2 (7048)_damaging,0,0.0003861048013262486,149.0,16.47725705328408,0.0,damaging,TGFBR2
THBS2 (7058)_damaging,0,0.0003597641835210706,149.0,,0.0,damaging,THBS2
MUC19 (283463)_damaging,0,0.00038177009978899003,149.2,13.179529581893275,0.0,damaging,MUC19
RAD50 (10111)_damaging,0,0.00040404280661985974,156.6,28.307242889409064,0.0,damaging,RAD50
SIN3A (25942)_damaging,0,0.0004146961023707691,156.6,35.80921669067895,0.0,damaging,SIN3A
FBXW7 (55294)_damaging,0,0.000350962077182854,157.0,13.693063937629153,0.0,damaging,FBXW7
CCDST (112268240)_damaging,0,0.000346215636935397,161.8,22.554378732299412,0.0,damaging,CCDST
CCNQ (92002)_damaging,0,0.00034252134332893395,162.0,,0.0,damaging,CCNQ
NOTCH1 (4851)_damaging,0,0.0003404674654559405,162.6,22.086194783167155,0.0,damaging,NOTCH1
STK11 (6794)_damaging,0,0.00034327301690074654,163.0,25.0499500997507,0.0,damaging,STK11
FCGBP (8857)_damaging,0,0.00046005059321424876,165.0,79.88429132188631,0.0,damaging,FCGBP
RB1 (5925)_hotspot,0,0.0003696333406719701,166.8,40.36334971233185,0.0,hotspot,RB1
JAKMIP3 (282973)_damaging,0,0.00039721036390342313,168.2,64.81280737632031,0.0,damaging,JAKMIP3
BAP1 (8314)_damaging,0,0.00034856289208465513,171.2,39.04740708420983,0.0,damaging,BAP1
FAT1 (2195)_damaging,0,0.000352932035306013,174.6,45.18074811244276,0.0,damaging,FAT1
TNFAIP3 (7128)_damaging,0,0.00037487504429023483,176.33333333333334,54.51910979953115,0.0,damaging,TNFAIP3
EP400 (57634)_damaging,0,0.00035783309023907424,176.4,55.37418170952957,0.0,damaging,EP400
STAG2 (10735)_damaging,0,0.00033527952797818934,177.0,42.67317658670374,0.0,damaging,STAG2
SMARCA4 (6597)_damaging,0,0.00030500195928909386,180.2,36.23120202256613,0.0,damaging,SMARCA4
RPL22 (6146)_damaging,0,0.000333195805206299,186.4,61.84900969296113,0.0,damaging,RPL22
PTEN (5728)_hotspot,0,0.0003016166262562686,187.8,32.41450292693072,0.0,hotspot,PTEN
NUP214 (8021)_damaging,0,0.00034969769383886646,188.4,95.0068418588893,0.0,damaging,NUP214
KIF4A (24137)_damaging,0,0.0002786298964356571,193.0,,0.0,damaging,KIF4A
PBRM1 (55193)_damaging,0,0.00030749845970397206,194.0,60.39453617671055,0.0,damaging,PBRM1
PIK3R1 (5295)_damaging,0,0.00029379358974089884,195.0,58.10765870347901,0.0,damaging,PIK3R1
DNAH7 (56171)_damaging,0,0.00029589221941659895,195.2,38.73886936914912,0.0,damaging,DNAH7
HLA-B (3106)_damaging,0,0.00033040251298378873,198.6,75.20837719296966,0.0,damaging,HLA-B
ENTREP2 (23359)_damaging,0,0.00028031662086033793,199.0,,0.0,damaging,ENTREP2
ZMYM3 (9203)_damaging,0,0.00026841204826068716,199.8,25.133642792082483,0.0,damaging,ZMYM3
FLG (2312)_damaging,0,0.0002677926847223521,201.2,29.371755139929927,0.0,damaging,FLG
PKP3 (11187)_damaging,0,0.0002940084159427511,203.4,61.17842757050887,0.0,damaging,PKP3
DDX3X (1654)_damaging,0,0.00027641227823013925,205.4,51.82952826333653,0.0,damaging,DDX3X
KCNQ2 (3785)_damaging,0,0.00024818993323444334,206.0,,0.0,damaging,KCNQ2
PIK3C2B (5287)_damaging,0,0.0002736762975700718,206.0,49.839743177508446,0.0,damaging,PIK3C2B
PCLO (27445)_damaging,0,0.0002669189648542181,206.4,36.10124651587532,0.0,damaging,PCLO
DNAH1 (25981)_damaging,0,0.00028642634697772823,207.0,67.49074010558782,0.0,damaging,DNAH1
CTNNB1 (1499)_hotspot,0,0.00027224633696072817,207.6,48.29389195333091,0.0,hotspot,CTNNB1
CTCF (10664)_damaging,0,0.0003358298306142952,217.2,121.53476868781213,0.0,damaging,CTCF
TBCK (93627)_damaging,0,0.00023328660919157024,218.0,,0.0,damaging,TBCK
CSMD3 (114788)_damaging,0,0.0002964845033435373,218.2,101.16916526293969,0.0,damaging,CSMD3
COL5A2 (1290)_damaging,0,0.00026189495157791633,220.0,70.35623639735144,0.0,damaging,COL5A2
PZP (5858)_damaging,0,0.00024575313814663967,222.0,1.4142135623730951,0.0,damaging,PZP
DNAH5 (1767)_damaging,0,0.00033339451766108765,224.2,92.42672773608292,0.0,damaging,DNAH5
APOB (338)_damaging,0,0.00024971456517102657,225.0,56.03124128555426,0.0,damaging,APOB
KEL (3792)_damaging,0,0.00025275285506143883,226.2,73.59823367445716,0.0,damaging,KEL
KMT2C (58508)_damaging,0,0.0002706451291758105,226.2,95.8837838218747,0.0,damaging,KMT2C
GRIN2A (2903)_damaging,0,0.0002547806546948075,226.8,55.84532209594641,0.0,damaging,GRIN2A
MYC (4609)_hotspot,0,0.00025543759618891927,227.0,,0.0,hotspot,MYC
CHEK2 (11200)_damaging,0,0.00023549954105134982,227.66666666666666,40.771722226726375,0.0,damaging,CHEK2
SMARCA4 (6597)_hotspot,0,0.00027902089304994757,228.0,68.36300168951038,0.0,hotspot,SMARCA4
BLTP1 (84162)_damaging,0,0.0002456703282119906,228.8,51.134137325274196,0.0,damaging,BLTP1
QKI (9444)_damaging,0,0.00025140754003459694,228.8,66.76975363141608,0.0,damaging,QKI
ECT2L (345930)_damaging,0,0.0002356867392381579,230.4,30.53358806298402,0.0,damaging,ECT2L
FREM2 (341640)_damaging,0,0.0002733060959763645,231.0,79.7370679169983,0.0,damaging,FREM2
THSD7B (80731)_damaging,0,0.0002634785192979813,233.2,114.08637078985377,0.0,damaging,THSD7B
MLH3 (27030)_damaging,0,0.00024320240580763772,233.4,64.2207131695063,0.0,damaging,MLH3
PMS2 (5395)_damaging,0,0.0003093706338577009,233.6,96.84678621410211,0.0,damaging,PMS2
EZH2 (2146)_hotspot,0,0.0003915006975381817,235.33333333333334,189.53979353511318,0.0,hotspot,EZH2
EEA1 (8411)_damaging,0,0.0002345116449776412,237.0,2.8284271247461903,0.0,damaging,EEA1
ARFGEF1 (10565)_damaging,0,0.00034786659206119966,238.4,151.75901950131333,0.0,damaging,ARFGEF1
MUC4 (4585)_damaging,0,0.000258504177628918,238.8,113.9921049897755,0.0,damaging,MUC4
SPAG8 (26206)_damaging,0,0.00026571871090206244,239.2,116.07626803098039,0.0,damaging,SPAG8
ITGAV (3685)_damaging,0,0.0002353638069280749,240.0,,0.0,damaging,ITGAV
HMCN1 (83872)_damaging,0,0.0002311618133403825,242.0,51.16639522186413,0.0,damaging,HMCN1
TRIB3 (57761)_damaging,0,0.00022311878658653846,244.0,7.0710678118654755,0.0,damaging,TRIB3
CSMD1 (64478)_damaging,0,0.00029392321963675895,246.6,115.46774441375392,0.0,damaging,CSMD1
FSIP2 (401024)_damaging,0,0.0002493373196121136,248.0,122.74159849048733,0.0,damaging,FSIP2
SMAD4 (4089)_hotspot,0,0.00026297982153099025,248.2,104.50215308786704,0.0,hotspot,SMAD4
ZFHX3 (463)_damaging,0,0.0002657135238487241,248.8,121.69921938944391,0.0,damaging,ZFHX3
TRMT9B (57604)_damaging,0,0.0002666186843700738,249.6,144.42575947524043,0.0,damaging,TRMT9B
FOXO1 (2308)_damaging,0,0.00020993590742114125,250.0,,0.0,damaging,FOXO1
KDM6A (7403)_damaging,0,0.00028645660047898575,250.4,189.65837708891218,0.0,damaging,KDM6A
SPEN (23013)_damaging,0,0.0002732421361185738,254.2,165.66441983721188,0.0,damaging,SPEN
NSD2 (7468)_damaging,0,0.0002452624871981043,255.4,133.9731316346677,0.0,damaging,NSD2
PI4KA (5297)_damaging,0,0.0001994269770112282,256.0,,0.0,damaging,PI4KA
BRCA2 (675)_damaging,0,0.00022805911772338992,261.4,87.40308919025688,0.0,damaging,BRCA2
ABCA13 (154664)_damaging,0,0.00022291325201781578,261.8,91.83790067287035,0.0,damaging,ABCA13
CCND3 (896)_damaging,0,0.0003152175398975286,266.2,247.6483393847009,0.0,damaging,CCND3
NEB (4703)_damaging,0,0.00023804096761729596,266.4,122.8222292583879,0.0,damaging,NEB
HERC2 (8924)_damaging,0,0.00021306859825248928,267.2,70.42513755755114,0.0,damaging,HERC2
SARDH (1757)_damaging,0,0.00022430456750476035,270.0,,0.0,damaging,SARDH
SYNCRIP (10492)_damaging,0,0.0002506308925034172,272.5,159.0990257669732,0.0,damaging,SYNCRIP
FBXO11 (80204)_damaging,0,0.0002196482781515961,275.5,98.2878425849301,0.0,damaging,FBXO11
MED12 (9968)_damaging,0,0.0002221451352571889,277.2,72.89170048777844,0.0,damaging,MED12
MAP3K4 (4216)_damaging,0,0.0002199998692324808,280.25,118.8062147644923,0.0,damaging,MAP3K4
RNF43 (54894)_damaging,0,0.00021656136650200132,282.2,108.65863978533875,0.0,damaging,RNF43
ARID2 (196528)_damaging,0,0.00021321410161902728,285.0,95.75228456804568,0.0,damaging,ARID2
OBSCN (84033)_damaging,0,0.00022245509904138505,285.8,105.71518339387205,0.0,damaging,OBSCN
PASK (23178)_damaging,0,0.00019162638024141073,286.0,,0.0,damaging,PASK
SYNE1 (23345)_damaging,0,0.0002506469103550504,286.4,189.8362452220334,0.0,damaging,SYNE1
NF1 (4763)_hotspot,0,0.00020747947611729213,288.2,99.6604234387954,0.0,hotspot,NF1
GAK (2580)_damaging,0,0.0002118740314632072,290.0,,0.0,damaging,GAK
GPATCH8 (23131)_damaging,0,0.00021640521155253222,290.3333333333333,109.87417045572329,0.0,damaging,GPATCH8
SNAPC4 (6621)_damaging,0,0.00019525690394318752,292.0,,0.0,damaging,SNAPC4
RYR2 (6262)_damaging,0,0.0001972223519340434,293.0,57.0569890548038,0.0,damaging,RYR2
FBN2 (2201)_damaging,0,0.0002003949050290974,297.8,87.59680359465179,0.0,damaging,FBN2
DGKH (160851)_damaging,0,0.00029664544342231254,298.2,289.8511687055962,0.0,damaging,DGKH
SMC2 (10592)_damaging,0,0.0001945755607680817,301.6666666666667,84.35836255720788,0.0,damaging,SMC2
USH2A (7399)_damaging,0,0.00019001771216565968,304.6,53.303846015086,0.0,damaging,USH2A
ATM (472)_damaging,0,0.00020074646305273973,305.8,103.47076881902444,0.0,damaging,ATM
ATRX (546)_damaging,0,0.00021287343220879047,305.8,104.14269057403887,0.0,damaging,ATRX
TERT (7015)_damaging,0,0.0002121767344187447,306.0,139.15698569122094,0.0,damaging,TERT
FLCN (201163)_damaging,0,0.0002080529468973518,307.0,144.08677940741129,0.0,damaging,FLCN
PKHD1 (5314)_damaging,0,0.00019907407461970087,310.0,123.65880478154396,0.0,damaging,PKHD1
WDR87 (83889)_damaging,0,0.0001866827927733359,313.0,52.3975190252363,0.0,damaging,WDR87
GLG1 (2734)_damaging,0,0.00020258831356965317,313.3333333333333,147.3849834051398,0.0,damaging,GLG1
ATR (545)_damaging,0,0.00027651274823057307,315.2,192.16581381713033,0.0,damaging,ATR
VPS13C (54832)_damaging,0,0.00025113257431044723,315.4,243.0901067505628,0.0,damaging,VPS13C
CACNA1D (776)_damaging,0,0.0001968931700728729,315.5,106.46595700034824,0.0,damaging,CACNA1D
NAA15 (80155)_damaging,0,0.00020165490962515084,315.6666666666667,110.82117727823203,0.0,damaging,NAA15
MT-ND4 (4538)_damaging,0,0.00020868001772358908,316.8,168.93253091101192,0.0,damaging,MT-ND4
ADGRA2 (25960)_damaging,0,0.00018709044272087003,317.8,79.30132407469625,0.0,damaging,ADGRA2
BBS9 (27241)_damaging,0,0.00017881377343407085,318.0,,0.0,damaging,BBS9
TOGARAM1 (23116)_damaging,0,0.0002074278928489601,318.4,170.45468606054806,0.0,damaging,TOGARAM1
CMYA5 (202333)_damaging,0,0.00021656235415763383,318.6,155.47443519755907,0.0,damaging,CMYA5
BACH2 (60468)_damaging,0,0.00017550627705243785,321.0,,0.0,damaging,BACH2
TET2 (54790)_damaging,0,0.00019796151951242055,321.4,126.5871241477584,0.0,damaging,TET2
DHX29 (54505)_damaging,0,0.00018830684902310956,322.0,82.02438661763951,0.0,damaging,DHX29
SEMA3E (9723)_damaging,0,0.00021554495641293788,324.2,207.74190718292735,0.0,damaging,SEMA3E
CASP8 (841)_damaging,0,0.00020178424630810514,325.2,163.1784299470981,0.0,damaging,CASP8
MEGF6 (1953)_damaging,0,0.00019843184994141,327.6,132.04279609278197,0.0,damaging,MEGF6
SPAG9 (9043)_damaging,0,0.00016598480663181366,329.0,,0.0,damaging,SPAG9
HECA (51696)_damaging,0,0.00017637942327452266,330.5,55.86143571373726,0.0,damaging,HECA
MED1 (5469)_damaging,0,0.00017964803703854614,332.0,,0.0,damaging,MED1
FHOD3 (80206)_damaging,0,0.00020469420918205593,332.6,236.52758824289398,0.0,damaging,FHOD3
C2orf81 (388963)_hotspot,0,0.00019807162759094668,333.0,164.24372134118246,0.0,hotspot,C2orf81
DST (667)_damaging,0,0.000189129507838345,334.0,103.15279928339318,0.0,damaging,DST
SETD2 (29072)_damaging,0,0.00017969449520714056,336.6,74.08643600551993,0.0,damaging,SETD2
PTPRC (5788)_damaging,0,0.00019794974507712638,338.6,168.24179029004657,0.0,damaging,PTPRC
TMEM245 (23731)_damaging,0,0.00018653178388714658,340.8,123.73641339557244,0.0,damaging,TMEM245
MACF1 (23499)_damaging,0,0.00020544796383197057,343.4,192.31822586536097,0.0,damaging,MACF1
CFAP54 (144535)_damaging,0,0.0001788994320619223,344.0,109.87947943087462,0.0,damaging,CFAP54
B2M (567)_damaging,0,0.00018955950099447684,344.2,142.01302757141684,0.0,damaging,B2M
PLEKHM1 (9842)_damaging,0,0.00016728752192560594,345.0,,0.0,damaging,PLEKHM1
SSUH2 (51066)_damaging,0,0.00018314740017367245,345.0,72.64296249465602,0.0,damaging,SSUH2
CR2 (1380)_damaging,0,0.00021583278137447286,345.6,293.74189350516554,0.0,damaging,CR2
TSPOAP1 (9256)_damaging,0,0.00018304174692795774,346.6666666666667,93.607335894861,0.0,damaging,TSPOAP1
ROBO4 (54538)_damaging,0,0.00016644148247202663,350.0,,0.0,damaging,ROBO4
COL7A1 (1294)_damaging,0,0.0001949600154113786,350.8,199.42968685729815,0.0,damaging,COL7A1
XIRP2 (129446)_damaging,0,0.00017262791034015042,352.6,82.72121855968999,0.0,damaging,XIRP2
DACH2 (117154)_damaging,0,0.00016392790505999813,357.0,,0.0,damaging,DACH2
SKOR2 (652991)_damaging,0,0.00019195363404470592,358.8,167.92021915183412,0.0,damaging,SKOR2
USP9X (8239)_damaging,0,0.0001784684195058388,358.8,153.39556708066894,0.0,damaging,USP9X
PTPRN (5798)_damaging,0,0.00015519443720202897,359.0,,0.0,damaging,PTPRN
MSH2 (4436)_damaging,0,0.00022135042317413946,359.6,240.82213353427463,0.0,damaging,MSH2
FBXW7 (55294)_hotspot,0,0.00021580891950879894,359.8,248.51800739584243,0.0,hotspot,FBXW7
ADAM28 (10863)_damaging,0,0.00016301449562445845,360.0,,0.0,damaging,ADAM28
COL9A1 (1297)_damaging,0,0.00025257666086111883,360.4,323.5958899615383,0.0,damaging,COL9A1
DOCK7 (85440)_damaging,0,0.00020199084858336762,363.6,247.2120547222566,0.0,damaging,DOCK7
C2orf42 (54980)_damaging,0,0.0001673225430201688,364.3333333333333,146.1243762461737,0.0,damaging,C2orf42
FASN (2194)_damaging,0,0.00019309065858444564,364.4,219.78125488767236,0.0,damaging,FASN
DIAPH2 (1730)_damaging,0,0.00018709855412484807,366.2,160.81106927074393,0.0,damaging,DIAPH2
PTPRT (11122)_damaging,0,0.00020486629555796138,367.2,235.40858098208741,0.0,damaging,PTPRT
DNAH10 (196385)_damaging,0,0.00016877429805829935,368.6,122.64093933104068,0.0,damaging,DNAH10
SEC31B (25956)_damaging,0,0.00015268291068747333,369.0,,0.0,damaging,SEC31B
ADGRL2 (23266)_damaging,0,0.00023121511330277163,371.2,227.74920416984995,0.0,damaging,ADGRL2
MYH7B (57644)_damaging,0,0.00019352030028125115,371.4,145.42626997898282,0.0,damaging,MYH7B
URI1 (8725)_damaging,0,0.00017867157102507264,371.5,180.31222920256963,0.0,damaging,URI1
HMCN2 (256158)_damaging,0,0.00018868156788551723,375.4,224.4254887484931,0.0,damaging,HMCN2
GRIA1 (2890)_damaging,0,0.00017684486051615782,376.0,180.97237358226806,0.0,damaging,GRIA1
MUC12 (10071)_damaging,0,0.00017732075070090437,376.0,164.0060974476254,0.0,damaging,MUC12
SCNN1B (6338)_damaging,0,0.0001747867551843595,377.0,184.54267799075637,0.0,damaging,SCNN1B
SHROOM4 (57477)_damaging,0,0.00015523073139479235,377.0,,0.0,damaging,SHROOM4
ABCA8 (10351)_damaging,0,0.0001964577259487676,377.6,226.3919168168334,0.0,damaging,ABCA8
RNF17 (56163)_damaging,0,0.00019546438589330845,377.6666666666667,219.31104243364797,0.0,damaging,RNF17
LRRK2 (120892)_damaging,0,0.00017507169114631174,378.2,174.8047482192632,0.0,damaging,LRRK2
CDH16 (1014)_damaging,0,0.0001550016168644077,379.0,,0.0,damaging,CDH16
KIAA1755 (85449)_damaging,0,0.00017020447513800075,379.0,102.45486811274513,0.0,damaging,KIAA1755
COL14A1 (7373)_damaging,0,0.0001840851116714361,379.8,207.67691253483136,0.0,damaging,COL14A1
FBXL13 (222235)_damaging,0,0.00017118320611295785,382.0,237.0,0.0,damaging,FBXL13
SLC9C2 (284525)_damaging,0,0.0001460655485147736,384.0,,0.0,damaging,SLC9C2
TOPBP1 (11073)_damaging,0,0.00017633056676522895,385.6,173.54336633821532,0.0,damaging,TOPBP1
MGAM (8972)_damaging,0,0.0001623942457320278,386.6,97.62837702225721,0.0,damaging,MGAM
C5 (727)_damaging,0,0.00015760705570585988,387.25,104.36913656185274,0.0,damaging,C5
BRCA1 (672)_damaging,0,0.0001924203021081547,387.8,281.9462714773863,0.0,damaging,BRCA1
ITGB4 (3691)_damaging,0,0.00019009499396602507,388.4,218.32269694193502,0.0,damaging,ITGB4
PRMT8 (56341)_damaging,0,0.00017449191474935543,389.0,,0.0,damaging,PRMT8
HLA-DRB5 (3127)_damaging,0,0.0001539249967407693,389.5,67.17514421272202,0.0,damaging,HLA-DRB5
CAMTA2 (23125)_damaging,0,0.0001436097960374426,390.0,,0.0,damaging,CAMTA2
APC (324)_hotspot,0,0.000160120338875883,392.4,104.62695637358473,0.0,hotspot,APC
SLC4A3 (6508)_damaging,0,0.00019467975334337256,393.2,235.00787220857092,0.0,damaging,SLC4A3
RP1 (6101)_damaging,0,0.0001636267651146177,393.4,131.73951571187743,0.0,damaging,RP1
CDH7 (1005)_damaging,0,0.00017561284311541086,394.0,240.34974516316842,0.0,damaging,CDH7
SPTA1 (6708)_damaging,0,0.0001611842835908286,394.2,101.0257392944986,0.0,damaging,SPTA1
RP1L1 (94137)_damaging,0,0.00015710170329212418,395.8,81.08452380078458,0.0,damaging,RP1L1
IRF8 (3394)_damaging,0,0.00015815023844923464,396.0,91.16285793384642,0.0,damaging,IRF8
TRIOBP (11078)_damaging,0,0.00016574026525821085,396.8,143.8773783469799,0.0,damaging,TRIOBP
DNAH3 (55567)_damaging,0,0.00018520725035250785,397.2,253.2246038598935,0.0,damaging,DNAH3
ITGA2 (3673)_damaging,0,0.0001555365524938955,398.0,91.92388155425118,0.0,damaging,ITGA2
KCNA4 (3739)_damaging,0,0.00013995863447636864,399.0,,0.0,damaging,KCNA4
FBN3 (84467)_damaging,0,0.00017669368650448782,400.8,231.4782927187774,0.0,damaging,FBN3
TAL1 (6886)_damaging,0,0.00020845741210205978,401.0,272.1506935504666,0.0,damaging,TAL1
UBR2 (23304)_damaging,0,0.00014849412673672034,401.0,,0.0,damaging,UBR2
LAMA5 (3911)_damaging,0,0.00016392857942052727,402.2,143.4841454656228,0.0,damaging,LAMA5
BICRA (29998)_damaging,0,0.00015905244969783224,403.4,152.7327731693496,0.0,damaging,BICRA
HIPK3 (10114)_damaging,0,0.00015991004826216407,404.0,28.284271247461902,0.0,damaging,HIPK3
PRKDC (5591)_damaging,0,0.00024951067080659884,404.0,447.74713846098444,0.0,damaging,PRKDC
CSMD2 (114784)_damaging,0,0.00015851311996592494,404.2,125.3941784932618,0.0,damaging,CSMD2
ADAMTS3 (9508)_damaging,0,0.00016830125701665428,404.25,224.50148477608485,0.0,damaging,ADAMTS3
LZTR1 (8216)_damaging,0,0.00017458753503091646,404.8,183.66872352145316,0.0,damaging,LZTR1
RAB40A (142684)_damaging,0,0.0001663604626304076,406.6,148.6583330997627,0.0,damaging,RAB40A
SMARCB1 (6598)_damaging,0,0.0001528285688584563,407.0,64.97691897897283,0.0,damaging,SMARCB1
AFF3 (3899)_damaging,0,0.00014767509104499495,408.0,,0.0,damaging,AFF3
SEMA5A (9037)_damaging,0,0.00016727174379644596,409.0,209.98095151703643,0.0,damaging,SEMA5A
SPATA31H1 (84226)_damaging,0,0.00019046126300565762,409.2,268.04701080220985,0.0,damaging,SPATA31H1
UNKL (64718)_damaging,0,0.0001829007774976355,411.4,255.89411872882113,0.0,damaging,UNKL
AKAP9 (10142)_damaging,0,0.0001831731934493117,412.4,331.56944973866337,0.0,damaging,AKAP9
KIF7 (374654)_damaging,0,0.00018344233263634642,417.0,233.21342156917126,0.0,damaging,KIF7
ZNF518A (9849)_damaging,0,0.00019361197124876257,419.4,192.2050987877273,0.0,damaging,ZNF518A
NCKAP5L (57701)_damaging,0,0.00015546339090522407,419.8,142.11861243341775,0.0,damaging,NCKAP5L
ANKHD1 (54882)_damaging,0,0.00016768516356184055,420.0,,0.0,damaging,ANKHD1
ZNF292 (23036)_damaging,0,0.0001564238946768234,420.8,141.7734107652066,0.0,damaging,ZNF292
NAV3 (89795)_damaging,0,0.00015722372392395467,421.2,157.690202612591,0.0,damaging,NAV3
RYR3 (6263)_damaging,0,0.00017493206305875685,423.4,254.35074208659194,0.0,damaging,RYR3
WIZ (58525)_damaging,0,0.00015967499640540976,423.4,196.8026930710045,0.0,damaging,WIZ
KDM6B (23135)_damaging,0,0.00015794324936524546,425.2,219.74007372347901,0.0,damaging,KDM6B
PER1 (5187)_damaging,0,0.00016630663569539554,426.0,240.88897857726909,0.0,damaging,PER1
TANC1 (85461)_damaging,0,0.0001422189241758674,426.0,,0.0,damaging,TANC1
DIS3 (22894)_damaging,0,0.00016370685129081893,428.0,200.08123350279507,0.0,damaging,DIS3
AHNAK2 (113146)_damaging,0,0.0001557366995371886,429.2,147.49135567890073,0.0,damaging,AHNAK2
CHD2 (1106)_damaging,0,0.00015739457296182893,429.8,143.6130216937169,0.0,damaging,CHD2
DNAH11 (8701)_damaging,0,0.0001764365352478862,430.0,347.0943675717023,0.0,damaging,DNAH11
MDGA2 (161357)_damaging,0,0.00016984983238595592,430.0,258.3873061897585,0.0,damaging,MDGA2
CACNA1I (8911)_damaging,0,0.00019548604251409495,431.6,308.77062684134967,0.0,damaging,CACNA1I
PIK3R1 (5295)_hotspot,0,0.00017149413858003697,433.4,284.77236523230266,0.0,hotspot,PIK3R1
BRINP3 (339479)_damaging,0,0.00014438608735432384,434.6666666666667,112.171000411574,0.0,damaging,BRINP3
GLB1L2 (89944)_damaging,0,0.00014747935177245917,434.6666666666667,16.04161255402128,0.0,damaging,GLB1L2
WWP1 (11059)_damaging,0,0.00016516848979694176,435.0,275.5113427792039,0.0,damaging,WWP1
NLRC5 (84166)_damaging,0,0.00019243824651742162,436.4,276.3499592907515,0.0,damaging,NLRC5
RECQL (5965)_damaging,0,0.00018117127120241734,436.6,311.73674791400515,0.0,damaging,RECQL
SETBP1 (26040)_damaging,0,0.0001710009606696367,436.6,314.9504722968359,0.0,damaging,SETBP1
ADGRV1 (84059)_damaging,0,0.00015269295148098865,437.2,195.01589678792857,0.0,damaging,ADGRV1
TP53BP1 (7158)_damaging,0,0.0001664750186064731,437.2,317.2974944748225,0.0,damaging,TP53BP1
FMN1 (342184)_damaging,0,0.00016293336542952684,438.6,223.6432426879918,0.0,damaging,FMN1
USP28 (57646)_damaging,0,0.00018822842863573533,439.0,347.41185932549854,0.0,damaging,USP28
SZT2 (23334)_damaging,0,0.00014893313719709767,439.4,146.41140665945397,0.0,damaging,SZT2
FMN2 (56776)_damaging,0,0.0001816494033765369,440.2,296.55303067073856,0.0,damaging,FMN2
BIRC6 (57448)_damaging,0,0.00014296347030953353,446.8,113.75060439399871,0.0,damaging,BIRC6
PIEZO2 (63895)_damaging,0,0.00014371922862147486,446.8,97.65090885393745,0.0,damaging,PIEZO2
KCNQ1 (3784)_damaging,0,0.0001559399502320653,449.0,277.83568285349287,0.0,damaging,KCNQ1
NCOR2 (9612)_damaging,0,0.00018454152800975602,450.8,314.69858595170075,0.0,damaging,NCOR2
CUBN (8029)_damaging,0,0.00015731591264629265,453.4,225.1317392106231,0.0,damaging,CUBN
UTRN (7402)_damaging,0,0.00015623847006765784,454.2,182.98005355775803,0.0,damaging,UTRN
NR3C1 (2908)_damaging,0,0.00016132231521640431,454.5,282.13560569343247,0.0,damaging,NR3C1
PLEKHH3 (79990)_damaging,0,0.0001445092804387725,456.0,176.7766952966369,0.0,damaging,PLEKHH3
PTCH1 (5727)_damaging,0,0.00014638669918544454,457.0,189.7261183917491,0.0,damaging,PTCH1
MGA (23269)_damaging,0,0.00017495581570755176,457.4,278.507271000238,0.0,damaging,MGA
MKI67 (4288)_damaging,0,0.0001772916038287242,457.4,377.82840020305514,0.0,damaging,MKI67
CENPF (1063)_damaging,0,0.0001642847573541808,457.8,245.40721260794274,0.0,damaging,CENPF
SALL3 (27164)_damaging,0,0.00015084423974767516,458.6,245.52046757857073,0.0,damaging,SALL3
ATP10A (57194)_damaging,0,0.00017093326281970205,463.5,307.59144981614816,0.0,damaging,ATP10A
DOP1B (9980)_damaging,0,0.00016318402391230828,463.8,257.71728696383565,0.0,damaging,DOP1B
CDC14A (8556)_damaging,0,0.00013535852378248044,465.0,,0.0,damaging,CDC14A
ABCA12 (26154)_damaging,0,0.00014319047156372426,466.8,157.4411000977826,0.0,damaging,ABCA12
ATG2B (55102)_damaging,0,0.00016983933035208921,467.2,311.93861575636964,0.0,damaging,ATG2B
SLC26A3 (1811)_damaging,0,0.0001259093891398583,469.0,7.0710678118654755,0.0,damaging,SLC26A3
FKBP15 (23307)_damaging,0,0.00015547220714552933,469.5,286.6234463542716,0.0,damaging,FKBP15
TBC1D32 (221322)_damaging,0,0.0001611409599999126,469.6,256.1333636994603,0.0,damaging,TBC1D32
MPL (4352)_damaging,0,0.00013449550080551486,470.0,,0.0,damaging,MPL
VILL (50853)_damaging,0,0.0001339460926669211,470.0,,0.0,damaging,VILL
DGKZ (8525)_damaging,0,0.00012987389801921188,471.0,,0.0,damaging,DGKZ
GABRA6 (2559)_damaging,0,0.00013376856312299345,471.5,47.37615433949868,0.0,damaging,GABRA6
STAB2 (55576)_damaging,0,0.00015530595142850416,471.6,240.68298651961257,0.0,damaging,STAB2
CHFR (55743)_damaging,0,0.00012059030530867915,472.0,,0.0,damaging,CHFR
DNAH9 (1770)_damaging,0,0.00015498167841524092,472.6,199.53646283323758,0.0,damaging,DNAH9
TACC2 (10579)_damaging,0,0.00013771958893906845,472.8,125.38221564480347,0.0,damaging,TACC2
KDM5C (8242)_damaging,0,0.00014192565367638713,473.25,180.79707777874435,0.0,damaging,KDM5C
EYS (346007)_damaging,0,0.0001551996641645185,473.8,279.19115315496657,0.0,damaging,EYS
CPLANE1 (65250)_damaging,0,0.00016571091783379956,474.8,282.606970897747,0.0,damaging,CPLANE1
FBXO38 (81545)_damaging,0,0.00015121521929008203,475.0,,0.0,damaging,FBXO38
COL4A5 (1287)_damaging,0,0.00013790909380249203,475.6,121.4014003214131,0.0,damaging,COL4A5
DENND2C (163259)_damaging,0,0.00013302142640801793,476.0,0.0,0.0,damaging,DENND2C
CCDC9B (388115)_damaging,0,0.00013080763351688623,476.5,0.7071067811865476,0.0,damaging,CCDC9B
TEP1 (7011)_damaging,0,0.00013577629951300212,478.2,125.6451352022831,0.0,damaging,TEP1
DSCAM (1826)_damaging,0,0.0001424806431113549,479.2,180.16436939639314,0.0,damaging,DSCAM
PRKN (5071)_damaging,0,0.00012856159411448587,480.0,,0.0,damaging,PRKN
PCNX2 (80003)_damaging,0,0.00013210551528493184,480.4,55.25667380507082,0.0,damaging,PCNX2
ERICH3 (127254)_damaging,0,0.00014975542967710383,480.8,176.9892652111986,0.0,damaging,ERICH3
PRX (57716)_damaging,0,0.00016178384070961123,481.6,262.93402214243787,0.0,damaging,PRX
TTC6 (319089)_damaging,0,0.00016378343321224296,482.0,282.6720714892081,0.0,damaging,TTC6
SLC25A13 (10165)_damaging,0,0.0001418866862843855,483.0,86.2670273047588,0.0,damaging,SLC25A13
COL1A1 (1277)_damaging,0,0.00015221601266073807,483.4,246.96821657857112,0.0,damaging,COL1A1
SI (6476)_damaging,0,0.00016003102061226492,483.4,321.5684997010746,0.0,damaging,SI
STK11 (6794)_hotspot,0,0.0001351027250904558,483.4,141.678509308928,0.0,hotspot,STK11
PPRC1 (23082)_damaging,0,0.0001524790031137112,483.6,296.70069093279847,0.0,damaging,PPRC1
DMTN (2039)_damaging,0,0.00015251196817142086,485.0,279.72665228755017,0.0,damaging,DMTN
CIT (11113)_damaging,0,0.00013451497926821285,487.5,144.00347218036097,0.0,damaging,CIT
LINC02714 (729305)_damaging,0,0.00014477086140835975,488.8,231.91097429832854,0.0,damaging,LINC02714
PPP2R1A (5518)_damaging,0,0.00013037310419923383,489.0,,0.0,damaging,PPP2R1A
COL4A6 (1288)_damaging,0,0.00014901477262768974,489.6,238.39840603493977,0.0,damaging,COL4A6
LYST (1130)_damaging,0,0.0001585501551067182,490.4,306.5555414602711,0.0,damaging,LYST
PEG3 (5178)_damaging,0,0.0001583187050702077,490.4,296.721755184887,0.0,damaging,PEG3
GOLGA4 (2803)_damaging,0,0.00019893852169617065,490.6,378.43995560722703,0.0,damaging,GOLGA4
MROH2B (133558)_damaging,0,0.00016412643566138667,492.0,449.1057781859414,0.0,damaging,MROH2B
SLC45A1 (50651)_damaging,0,0.00015970635524869075,492.0,375.75723545927895,0.0,damaging,SLC45A1
SPOCD1 (90853)_damaging,0,0.00011513781433578021,492.0,,0.0,damaging,SPOCD1
ELF3 (1999)_damaging,0,0.0001570265746066903,492.6666666666667,287.01451763514217,0.0,damaging,ELF3
GPR155 (151556)_damaging,0,0.00013595363889575156,492.6666666666667,59.70203793283219,0.0,damaging,GPR155
NBEA (26960)_damaging,0,0.00014264751407772703,494.4,236.50856221287214,0.0,damaging,NBEA
GPR179 (440435)_damaging,0,0.00014585099490987806,495.0,229.0392979381486,0.0,damaging,GPR179
POLE (5426)_damaging,0,0.00013718127238161398,496.0,183.7158131462831,0.0,damaging,POLE
MAP3K21 (84451)_damaging,0,0.00014163219853890235,496.6666666666667,211.10502915215764,0.0,damaging,MAP3K21
ARHGAP24 (83478)_damaging,0,0.00014482164827109506,497.0,,0.0,damaging,ARHGAP24
FAT3 (120114)_damaging,0,0.000158514715487228,500.0,333.2026410459557,0.0,damaging,FAT3
CDH10 (1008)_damaging,0,0.00013830053075499312,502.6,201.38222364449152,0.0,damaging,CDH10
TCF3 (6929)_damaging,0,0.00013520722220052207,504.0,200.8183258569795,0.0,damaging,TCF3
ATP13A5 (344905)_damaging,0,0.00015273195787175126,505.0,293.10237119477557,0.0,damaging,ATP13A5
ATP8A2 (51761)_damaging,0,0.0001529454483802473,505.4,378.9515800204559,0.0,damaging,ATP8A2
VHL (7428)_hotspot,0,0.0001455904574867233,505.8,233.95341416615403,0.0,hotspot,VHL
MAST2 (23139)_damaging,0,0.00014245432249238753,506.0,290.1439298003665,0.0,damaging,MAST2
ZZEF1 (23140)_damaging,0,0.00013357012403673264,506.0,145.31861546271352,0.0,damaging,ZZEF1
ITPR2 (3709)_damaging,0,0.0001461960394524879,506.2,207.71061600216777,0.0,damaging,ITPR2
FYB2 (199920)_damaging,0,0.0001494685915634779,506.5,292.0610666738493,0.0,damaging,FYB2
FAAH (2166)_damaging,0,0.00013268475981131938,507.4,138.8985241102295,0.0,damaging,FAAH
SYNE2 (23224)_damaging,0,0.00019646588471010883,507.8,452.8263464066551,0.0,damaging,SYNE2
SPTBN5 (51332)_damaging,0,0.00014132632740550467,508.0,265.82419002039677,0.0,damaging,SPTBN5
MARCO (8685)_damaging,0,0.0001295802461595174,509.2,115.67497568618721,0.0,damaging,MARCO
CFAP47 (286464)_damaging,0,0.00013018738390914694,509.8,122.34255187791368,0.0,damaging,CFAP47
FCRL5 (83416)_damaging,0,0.0001648667907425371,510.25,332.1730221837208,0.0,damaging,FCRL5
GRAMD1B (57476)_damaging,0,0.00012356757327489478,511.0,,0.0,damaging,GRAMD1B
FLG2 (388698)_damaging,0,0.0001303636796143105,514.0,157.6293119949459,0.0,damaging,FLG2
COL11A1 (1301)_damaging,0,0.0001272177216181338,514.2,106.98224151699198,0.0,damaging,COL11A1
DYNC2H1 (79659)_damaging,0,0.00013007509425141045,514.4,164.41046195421995,0.0,damaging,DYNC2H1
FAT4 (79633)_damaging,0,0.00015637277532188354,515.0,282.8992753613908,0.0,damaging,FAT4
MSH6 (2956)_damaging,0,0.00014828280720040107,515.8,322.63710264010246,0.0,damaging,MSH6
CACNA1C (775)_damaging,0,0.00015237402718491593,517.4,291.3456709820827,0.0,damaging,CACNA1C
ANK3 (288)_damaging,0,0.00012766649312824694,517.8,162.45984119160033,0.0,damaging,ANK3
ADGRG4 (139378)_damaging,0,0.00013413764415314938,519.2,250.52085741510626,0.0,damaging,ADGRG4
CEP290 (80184)_damaging,0,0.00013124633297606437,521.8,175.5212237878941,0.0,damaging,CEP290
ZNF831 (128611)_damaging,0,0.00013593123450779317,522.0,213.77090541044169,0.0,damaging,ZNF831
NFIA (4774)_damaging,0,0.0001295872916718078,522.25,214.14383795321626,0.0,damaging,NFIA
LMTK3 (114783)_damaging,0,0.00013390688814837604,522.4,188.8830325889544,0.0,damaging,LMTK3
DTX4 (23220)_damaging,0,0.00012469660163916954,522.6666666666666,58.04595880277395,0.0,damaging,DTX4
DAB2IP (153090)_damaging,0,0.00012485332250081757,523.0,,0.0,damaging,DAB2IP
SPAG17 (200162)_damaging,0,0.00013283388788857194,523.0,193.7679023987203,0.0,damaging,SPAG17
MYLK (4638)_damaging,0,0.0001223786946957244,527.0,,0.0,damaging,MYLK
ANKRD30A (91074)_damaging,0,0.00012595081078439554,527.6,140.1224464530933,0.0,damaging,ANKRD30A
CCNB3 (85417)_damaging,0,0.0001258512790436566,529.2,155.29391488400313,0.0,damaging,CCNB3
MAP9 (79884)_damaging,0,0.00017045380756435194,529.8,395.2274028961049,0.0,damaging,MAP9
BCORL1 (63035)_damaging,0,0.00012732983036195717,530.0,173.4718997417161,0.0,damaging,BCORL1
SORCS1 (114815)_damaging,0,0.00014226706961053095,530.6666666666666,427.5351837373543,0.0,damaging,SORCS1
MT-ND5 (4540)_damaging,0,0.00014413425434651558,532.0,257.2916632928475,0.0,damaging,MT-ND5
TSC2 (7249)_damaging,0,0.0001427433131841163,533.8,300.3443024263986,0.0,damaging,TSC2
GPRC6A (222545)_damaging,0,0.00012180858997621257,534.0,168.59122159827896,0.0,damaging,GPRC6A
UCK1 (83549)_damaging,0,0.0001288929992488966,534.4,197.17580987534956,0.0,damaging,UCK1
PTPRG (5793)_damaging,0,0.00013637564829423898,534.6666666666666,212.58958895800455,0.0,damaging,PTPRG
UNC79 (57578)_damaging,0,0.00012391614101516977,535.4,120.27385418286055,0.0,damaging,UNC79
DNAH6 (1768)_damaging,0,0.0001275128179874554,536.8,174.77900331561568,0.0,damaging,DNAH6
LCOR (84458)_damaging,0,0.00012555323043540352,537.25,224.17608406488563,0.0,damaging,LCOR
FIRRM (55732)_damaging,0,0.00012841751085570282,537.3333333333334,151.7904256971873,0.0,damaging,FIRRM
EPHA6 (285220)_damaging,0,0.00012126068062984062,537.5,125.15790027001891,0.0,damaging,EPHA6
HUWE1 (10075)_damaging,0,0.00012478201511074635,537.8,168.8896089165938,0.0,damaging,HUWE1
CUX1 (1523)_damaging,0,0.00012439443644988567,538.0,148.25147554071765,0.0,damaging,CUX1
MIA2 (4253)_damaging,0,0.0001565737030875058,538.0,359.28447410559414,0.0,damaging,MIA2
MBD6 (114785)_damaging,0,0.0001366490718775624,539.0,313.81523226255285,0.0,damaging,MBD6
PLOD3 (8985)_damaging,0,0.0001261630899740589,539.0,183.26483568868306,0.0,damaging,PLOD3
AEBP1 (165)_damaging,0,0.00012976633309253345,540.0,211.0627868668468,0.0,damaging,AEBP1
ACVR2A (92)_damaging,0,0.0001414958343514498,540.4,288.5919264289977,0.0,damaging,ACVR2A
LARP1 (23367)_damaging,0,0.0001379124004001684,541.6,283.59619179389557,0.0,damaging,LARP1
ZNF407 (55628)_damaging,0,0.00011812900794729365,542.0,,0.0,damaging,ZNF407
MYH15 (22989)_damaging,0,0.00014019277136140116,543.8,369.6291384617831,0.0,damaging,MYH15
CREBBP (1387)_hotspot,0,0.0001235173694773897,544.0,226.0597266210857,0.0,hotspot,CREBBP
FES (2242)_damaging,0,0.00013137652341170428,544.4,238.84785952568217,0.0,damaging,FES
SIPA1L1 (26037)_damaging,0,0.00011148721623706226,545.5,99.7020561473032,0.0,damaging,SIPA1L1
NYNRIN (57523)_damaging,0,0.0001321038874011301,547.4,227.86904133734362,0.0,damaging,NYNRIN
HDAC7 (51564)_damaging,0,0.00012710967582726273,548.5,43.1335136523794,0.0,damaging,HDAC7
CIITA (4261)_damaging,0,0.00011543043402764612,550.0,,0.0,damaging,CIITA
PKHD1L1 (93035)_damaging,0,0.00014000789123904908,550.2,340.8206273100265,0.0,damaging,PKHD1L1
CACNA1E (777)_damaging,0,0.00013581441224516915,553.4,345.6310171266462,0.0,damaging,CACNA1E
CFAP44 (55779)_damaging,0,0.00012896470055420804,554.0,342.239682094289,0.0,damaging,CFAP44
MPDZ (8777)_damaging,0,0.00014017338242246945,554.0,378.5974115072632,0.0,damaging,MPDZ
CEP350 (9857)_damaging,0,0.00012942591059690567,555.0,278.5964823898536,0.0,damaging,CEP350
SLCO1B3 (28234)_damaging,0,0.0001231820224096746,555.0,279.8553197636236,0.0,damaging,SLCO1B3
ZNF142 (7701)_damaging,0,0.00011310599906373153,555.0,,0.0,damaging,ZNF142
MAP3K15 (389840)_damaging,0,0.00012891998115618312,555.3333333333334,258.6393885960399,0.0,damaging,MAP3K15
CEP120 (153241)_damaging,0,0.00011585082715210904,557.0,,0.0,damaging,CEP120
OTOF (9381)_damaging,0,0.00013857380996062945,557.2,310.0478995252185,0.0,damaging,OTOF
KALRN (8997)_damaging,0,0.00012826497975874433,559.0,267.27233302382797,0.0,damaging,KALRN
PLXNB2 (23654)_damaging,0,0.00011654249288498074,559.4,33.298648621227855,0.0,damaging,PLXNB2
GRM7 (2917)_damaging,0,0.0001388227500520425,559.6,350.3795085332474,0.0,damaging,GRM7
ZGRF1 (55345)_damaging,0,0.00011253439596756065,560.0,,0.0,damaging,ZGRF1
LHCGR (3973)_damaging,0,0.00010327058090404204,561.0,,0.0,damaging,LHCGR
NPHS1 (4868)_damaging,0,0.00013018057744802647,561.0,,0.0,damaging,NPHS1
ATF7IP (55729)_damaging,0,0.0001515538562880733,561.4,484.22443143649826,0.0,damaging,ATF7IP
NAV2 (89797)_damaging,0,0.00011762505628672435,561.4,114.89038253918385,0.0,damaging,NAV2
ADGRB3 (577)_damaging,0,0.0001432504205704899,562.0,375.21926922800753,0.0,damaging,ADGRB3
NDST4 (64579)_damaging,0,0.00010310692733595457,562.0,,0.0,damaging,NDST4
DNM2 (1785)_damaging,0,0.0001309211706731499,562.25,295.33751878147825,0.0,damaging,DNM2
TENM4 (26011)_damaging,0,0.00012362613975902586,562.4,201.41325676330246,0.0,damaging,TENM4
ZBTB20 (26137)_damaging,0,0.00011961464149173912,562.4,171.42432732841624,0.0,damaging,ZBTB20
PRR14 (78994)_damaging,0,0.00010675726892483986,562.5,92.63098833543772,0.0,damaging,PRR14
ARHGEF28 (64283)_damaging,0,0.0001551238002610888,563.0,414.3048394600285,0.0,damaging,ARHGEF28
PPP6R2 (9701)_damaging,0,0.0001305239274378199,563.4,281.44235644266485,0.0,damaging,PPP6R2
ZFHX4 (79776)_damaging,0,0.00012714617865588522,563.6,246.85886656144237,0.0,damaging,ZFHX4
GRIA4 (2893)_damaging,0,0.00012988300050885415,565.0,,0.0,damaging,GRIA4
IGFN1 (91156)_damaging,0,0.0001193023965984207,566.0,201.70399103636993,0.0,damaging,IGFN1
MAP1A (4130)_damaging,0,0.00011967499270477894,566.8,213.26204538079438,0.0,damaging,MAP1A
CIC (23152)_damaging,0,0.00013000091489629643,567.6,238.01113419333979,0.0,damaging,CIC
NYAP2 (57624)_damaging,0,0.0001136865808918155,568.0,42.42640687119285,0.0,damaging,NYAP2
CRYBG3 (131544)_damaging,0,0.00011669817859971137,568.8,129.28147585791243,0.0,damaging,CRYBG3
NFE2L2 (4780)_hotspot,0,0.00012763370429433042,570.4,316.8221898794338,0.0,hotspot,NFE2L2
RERE (473)_damaging,0,0.00015096560056203665,570.8,448.1330159673576,0.0,damaging,RERE
ABCA1 (19)_damaging,0,0.00013603747428583162,571.0,458.2051942088828,0.0,damaging,ABCA1
CC2D2A (57545)_damaging,0,0.0001113328483541794,571.0,,0.0,damaging,CC2D2A
CORIN (10699)_damaging,0,0.0001346536730784677,572.75,326.4070822352562,0.0,damaging,CORIN
TAF1L (138474)_damaging,0,0.00011050054530677774,574.3333333333334,143.0536030071712,0.0,damaging,TAF1L
NCOA3 (8202)_damaging,0,0.00011115514651806737,575.0,170.69563556224864,0.0,damaging,NCOA3
MALRD1 (340895)_damaging,0,0.00014505054779696117,575.6,509.1456569587921,0.0,damaging,MALRD1
DNAH17 (8632)_damaging,0,0.0001387733174081043,575.8,363.9604374104416,0.0,damaging,DNAH17
SLITRK2 (84631)_damaging,0,0.0001431391889709995,575.8,365.18105098704126,0.0,damaging,SLITRK2
ARID1B (57492)_damaging,0,0.00013817325193822655,576.0,411.85737822697797,0.0,damaging,ARID1B
TPR (7175)_damaging,0,0.00011762107816295714,576.2,160.23326745716696,0.0,damaging,TPR
DOCK3 (1795)_damaging,0,0.00012837747632898978,577.0,306.76375274794117,0.0,damaging,DOCK3
TEAD2 (8463)_damaging,0,0.00012535552918031478,577.3333333333334,369.97612535585773,0.0,damaging,TEAD2
YLPM1 (56252)_damaging,0,0.0001270697078219037,577.6,301.2885659961227,0.0,damaging,YLPM1
NCKAP5 (344148)_damaging,0,0.00014923096823757332,577.8,390.874276462394,0.0,damaging,NCKAP5
SLC5A7 (60482)_damaging,0,0.00010980595176468224,578.0,,0.0,damaging,SLC5A7
SALL1 (6299)_damaging,0,0.00011804646414512248,578.8,219.78330236849206,0.0,damaging,SALL1
MYH7 (4625)_damaging,0,0.00011826172475910752,579.5,267.1946855758924,0.0,damaging,MYH7
TTF2 (8458)_damaging,0,0.00010916057210187295,580.0,,0.0,damaging,TTF2
CD36 (948)_damaging,0,0.00011601745551720167,580.8,119.7443109295803,0.0,damaging,CD36
SCN3A (6328)_damaging,0,0.00013429819622033082,582.0,456.15622323936344,0.0,damaging,SCN3A
KMT2A (4297)_damaging,0,0.0001281338873804255,582.8,381.1111386459336,0.0,damaging,KMT2A
OTOG (340990)_damaging,0,0.00012536276851921141,583.4,282.3380951979382,0.0,damaging,OTOG
UTP20 (27340)_damaging,0,0.00013043747273605078,586.0,417.38651152139545,0.0,damaging,UTP20
ASXL3 (80816)_damaging,0,0.00011874507402625663,586.2,214.2829904588789,0.0,damaging,ASXL3
ADAM18 (8749)_damaging,0,9.900725319086741e-05,587.0,,0.0,damaging,ADAM18
AHR (196)_damaging,0,0.00012244369416007338,588.0,260.1153590236455,0.0,damaging,AHR
ZMYM2 (7750)_damaging,0,0.00011096771598452426,589.0,96.16652224137046,0.0,damaging,ZMYM2
NSD1 (64324)_damaging,0,0.0001259598202869583,589.4,391.08029866000663,0.0,damaging,NSD1
FSTL5 (56884)_damaging,0,0.00011226554962750696,590.2,143.0409032409961,0.0,damaging,FSTL5
MAP7D3 (79649)_damaging,0,0.00011519536040593151,591.5,204.39585775320072,0.0,damaging,MAP7D3
JARID2 (3720)_damaging,0,0.0001147003323794759,591.6,204.78842740740993,0.0,damaging,JARID2
FRAS1 (80144)_damaging,0,0.0001519665106133558,591.8,398.01469822105815,0.0,damaging,FRAS1
SAFB (6294)_damaging,0,0.00015161682729558954,593.2,302.5577630800439,0.0,damaging,SAFB
CALCR (799)_damaging,0,0.00012331166056311774,593.8,291.30259181819855,0.0,damaging,CALCR
INF2 (64423)_damaging,0,0.00014437387694254015,594.2,484.8713231363554,0.0,damaging,INF2
ARHGEF1 (9138)_damaging,0,0.00013726131646617996,595.0,505.3088164677121,0.0,damaging,ARHGEF1
RAC1 (5879)_hotspot,0,0.00011770081484791111,595.4,215.44906590653858,0.0,hotspot,RAC1
MORC1 (27136)_damaging,0,0.00011288362996399561,595.75,193.38799514619998,0.0,damaging,MORC1
FN1 (2335)_damaging,0,0.00012414022729283515,596.0,308.57657072435035,0.0,damaging,FN1
FANCG (2189)_damaging,0,0.00012066866036989572,597.75,371.1220598850644,0.0,damaging,FANCG
CDK12 (51755)_damaging,0,0.00010617298059509506,598.0,,0.0,damaging,CDK12
CELSR3 (1951)_damaging,0,0.00017242522200977182,598.0,397.2625076696768,0.0,damaging,CELSR3
TRPM2 (7226)_damaging,0,0.00011661946918486388,598.5,156.27059864222701,0.0,damaging,TRPM2
MYH1 (4619)_damaging,0,0.00011415200475084945,600.2,198.86854954969627,0.0,damaging,MYH1
LRRC7 (57554)_damaging,0,0.00011726718372475565,603.0,303.72438163571917,0.0,damaging,LRRC7
DNAJC13 (23317)_damaging,0,0.00011794145420528711,604.0,221.08670998803464,0.0,damaging,DNAJC13
ZNF729 (100287226)_damaging,0,0.0001219702671298442,604.2,304.5294731220609,0.0,damaging,ZNF729
MUTYH (4595)_damaging,0,0.0001273651445856292,604.4,285.7880333393965,0.0,damaging,MUTYH
CCDC178 (374864)_damaging,0,0.0001347176211392068,606.0,287.538982864353,0.0,damaging,CCDC178
EGFR (1956)_hotspot,0,0.00011605362790315801,606.2,233.0744516243683,0.0,hotspot,EGFR
PCDH15 (65217)_damaging,0,0.00011534828809781276,606.4,225.43801808923,0.0,damaging,PCDH15
AXDND1 (126859)_damaging,0,0.00011544701627295912,606.6,257.7562802338674,0.0,damaging,AXDND1
NOLC1 (9221)_damaging,0,0.00010480841075298253,608.5,142.12846301849606,0.0,damaging,NOLC1
MLLT10 (8028)_damaging,0,0.00012239552160172473,609.0,,0.0,damaging,MLLT10
UBR4 (23352)_damaging,0,0.0001183450829802086,610.2,256.498927873003,0.0,damaging,UBR4
POLQ (10721)_damaging,0,0.00011283251103852128,610.4,240.57285798693087,0.0,damaging,POLQ
RPL5 (6125)_damaging,0,0.00011122500338016117,610.6666666666666,52.93706955747864,0.0,damaging,RPL5
SIPA1L2 (57568)_damaging,0,0.00011344991379048655,611.5,218.4086384128003,0.0,damaging,SIPA1L2
LARP4B (23185)_damaging,0,0.000125801465798303,612.2,437.0213953572525,0.0,damaging,LARP4B
TRIP11 (9321)_damaging,0,0.00011237725154312076,612.4,226.58839334793828,0.0,damaging,TRIP11
RAD17 (5884)_damaging,0,0.00011376980516220586,613.0,187.34860554591808,0.0,damaging,RAD17
GRM8 (2918)_damaging,0,0.00012173815919669691,614.0,283.9278077258372,0.0,damaging,GRM8
RHBDF2 (79651)_damaging,0,0.00010342973988371249,614.0,,0.0,damaging,RHBDF2
SLFN11 (91607)_damaging,0,0.00012158567479475624,614.0,295.59431658947705,0.0,damaging,SLFN11
EPB41L3 (23136)_damaging,0,0.00011393016933320412,614.75,255.75557993261197,0.0,damaging,EPB41L3
DNAH14 (127602)_damaging,0,0.00011584745097316345,614.8,232.43321621489474,0.0,damaging,DNAH14
CFAP46 (54777)_damaging,0,0.00012309554417386934,616.4,408.67016039833396,0.0,damaging,CFAP46
PLEKHG6 (55200)_damaging,0,0.00010618589230164354,616.5,101.13192703922272,0.0,damaging,PLEKHG6
SETX (23064)_damaging,0,0.00011735477323762392,616.6,303.71088225481816,0.0,damaging,SETX
INO80D (54891)_damaging,0,0.0001273677982639427,617.2,335.6854182117537,0.0,damaging,INO80D
SOX9 (6662)_damaging,0,0.00011634095794614321,617.6,253.7780526365509,0.0,damaging,SOX9
PTPN13 (5783)_damaging,0,0.00011185856203996901,617.8,227.33609480238727,0.0,damaging,PTPN13
ZDBF2 (57683)_damaging,0,0.00011053766632494154,618.0,206.61074512231934,0.0,damaging,ZDBF2
ANO6 (196527)_damaging,0,0.00012394469334515816,620.0,435.57777721091327,0.0,damaging,ANO6
ADAMTS19 (171019)_damaging,0,0.00010219257424583105,621.3333333333334,111.32984026456397,0.0,damaging,ADAMTS19
CDH8 (1006)_damaging,0,0.00013764470264206272,621.75,401.4634686576933,0.0,damaging,CDH8
ALMS1 (7840)_damaging,0,0.0001103942791725995,622.0,188.35339126227592,0.0,damaging,ALMS1
CC2D2B (387707)_damaging,0,0.00012284641382938254,622.6666666666666,340.2386417403722,0.0,damaging,CC2D2B
CDH23 (64072)_damaging,0,0.000115939633717164,622.8,297.285552962131,0.0,damaging,CDH23
RALGAPA1 (253959)_damaging,0,0.00011169172626261333,623.0,184.14668066516975,0.0,damaging,RALGAPA1
RIMS2 (9699)_damaging,0,0.00010785147560723209,623.0,159.68719422671313,0.0,damaging,RIMS2
TOP2A (7153)_damaging,0,0.00012842061715684312,623.2,261.24547842977114,0.0,damaging,TOP2A
ATP8B1 (5205)_damaging,0,0.00010339082266562597,625.0,213.54624791833734,0.0,damaging,ATP8B1
PAF1 (54623)_damaging,0,0.00012000885284637548,625.0,,0.0,damaging,PAF1
ARHGEF12 (23365)_damaging,0,0.00011745794612418271,625.2,360.6607824535404,0.0,damaging,ARHGEF12
DNAH8 (1769)_damaging,0,0.00012542449512689934,625.2,319.7525605839615,0.0,damaging,DNAH8
PITRM1 (10531)_damaging,0,0.00011306003329551843,625.5,259.32540690542965,0.0,damaging,PITRM1
PRAG1 (157285)_damaging,0,0.00010421567740510215,626.0,,0.0,damaging,PRAG1
MROH2A (339766)_damaging,0,0.0001047032946137654,626.4,84.22469946518063,0.0,damaging,MROH2A
CHD4 (1108)_damaging,0,0.00012381726303356018,626.5,438.62550465440717,0.0,damaging,CHD4
AOPEP (84909)_damaging,0,0.00010402980786690766,627.0,,0.0,damaging,AOPEP
FXR2 (9513)_damaging,0,0.00012450732358877878,627.0,322.47067050095166,0.0,damaging,FXR2
INSRR (3645)_damaging,0,0.00012599183502772586,627.0,354.46367938055374,0.0,damaging,INSRR
USP6 (9098)_damaging,0,0.00011075915785426825,627.4,197.85929343854437,0.0,damaging,USP6
ERN2 (10595)_damaging,0,0.00010197070602558351,628.0,19.79898987322333,0.0,damaging,ERN2
PARP10 (84875)_damaging,0,0.00011346941373242922,628.0,203.84062401788316,0.0,damaging,PARP10
REXO1 (57455)_damaging,0,9.268755676693174e-05,628.0,,0.0,damaging,REXO1
RALGAPB (57148)_damaging,0,0.00010559836915905683,628.25,260.0748289755598,0.0,damaging,RALGAPB
PCF11 (51585)_damaging,0,0.0001053863573039553,629.4,113.50242288162839,0.0,damaging,PCF11
HERC1 (8925)_damaging,0,0.0001224650212410606,629.8,394.3845838772099,0.0,damaging,HERC1
MYO15A (51168)_damaging,0,0.00011819431838896806,630.4,319.9731238713652,0.0,damaging,MYO15A
FAT2 (2196)_damaging,0,0.00011449907393271687,631.2,329.96393742347055,0.0,damaging,FAT2
PLXDC2 (84898)_damaging,0,0.00010941463951622,633.0,122.29472596968358,0.0,damaging,PLXDC2
FLT4 (2324)_damaging,0,0.00016222572803976438,634.0,529.9863205781825,0.0,damaging,FLT4
ELP1 (8518)_damaging,0,0.00011046160958764264,634.5,243.19059740595785,0.0,damaging,ELP1
RASA2 (5922)_damaging,0,0.00010985668983770116,636.0,340.5006118447758,0.0,damaging,RASA2
BRWD1 (54014)_damaging,0,0.00012143341752404876,637.4,332.7443463080928,0.0,damaging,BRWD1
HRAS (3265)_hotspot,0,0.000105560674261339,637.8,227.6053602180757,0.0,hotspot,HRAS
FOLH1 (2346)_damaging,0,0.00011164564369373748,638.8,271.18019839213923,0.0,damaging,FOLH1
THADA (63892)_damaging,0,0.00010923310095294508,638.8,206.89780085829815,0.0,damaging,THADA
ZFP36L2 (678)_damaging,0,0.00010898972297456645,639.2,218.84743544305013,0.0,damaging,ZFP36L2
TNS2 (23371)_damaging,0,9.691331724369858e-05,640.0,43.840620433565945,0.0,damaging,TNS2
PPIG (9360)_damaging,0,0.00012188069477276008,640.2,412.26472078022874,0.0,damaging,PPIG
ARFGEF3 (57221)_damaging,0,0.00010761899841463669,640.25,193.14998489947305,0.0,damaging,ARFGEF3
NBN (4683)_damaging,0,0.00011648799053979565,641.0,441.0793579391355,0.0,damaging,NBN
COL27A1 (85301)_damaging,0,0.00010731575901387013,641.6,170.8458369407929,0.0,damaging,COL27A1
TLE4 (7091)_damaging,0,0.00011474828013409956,641.75,311.000937833527,0.0,damaging,TLE4
ZNF99 (7652)_damaging,0,0.00011727674601678698,642.0,,0.0,damaging,ZNF99
AK5 (26289)_damaging,0,0.00011398292918311694,642.5,226.98127676088177,0.0,damaging,AK5
TG (7038)_damaging,0,0.00011627799913709332,642.5,323.77615724447656,0.0,damaging,TG
ATM (472)_hotspot,0,0.0001085715010350901,642.6666666666666,292.92376710218196,0.0,hotspot,ATM
PTPRB (5787)_damaging,0,0.00011581222941708271,643.75,259.1992476840934,0.0,damaging,PTPRB
COL8A2 (1296)_damaging,0,0.00010170806786221073,644.0,,0.0,damaging,COL8A2
ZNF687 (57592)_damaging,0,0.00011899710202256406,644.0,407.4530647816997,0.0,damaging,ZNF687
PLCE1 (51196)_damaging,0,0.00012792762404849933,644.2,411.6111028628844,0.0,damaging,PLCE1
CCDC168 (643677)_damaging,0,0.00011241322359898934,644.6,258.89824255873197,0.0,damaging,CCDC168
COL6A3 (1293)_damaging,0,0.00010550481691908137,645.2,225.42448846565006,0.0,damaging,COL6A3
PTPRQ (374462)_damaging,0,0.00010297465237788192,645.6,115.2271669355799,0.0,damaging,PTPRQ
PRRC2A (7916)_damaging,0,0.00011089325258532934,645.8,271.83671569528644,0.0,damaging,PRRC2A
DNMT3A (1788)_damaging,0,0.00010990256187284959,647.2,258.5289152106588,0.0,damaging,DNMT3A
CDH1 (999)_damaging,0,0.00011001748156624997,647.4,291.84807691674104,0.0,damaging,CDH1
ZAN (7455)_damaging,0,0.0001258722006902028,648.2,426.0906006942655,0.0,damaging,ZAN
CFAP91 (89876)_damaging,0,0.00011194959997643265,648.5,310.3465804548199,0.0,damaging,CFAP91
SVEP1 (79987)_damaging,0,0.00010736514328185354,649.2,203.73193171420135,0.0,damaging,SVEP1
FBN1 (2200)_damaging,0,0.00010641006825746146,650.0,238.45754339085187,0.0,damaging,FBN1
MTA1 (9112)_damaging,0,0.0001041449173225851,650.3333333333334,250.68173713562248,0.0,damaging,MTA1
DOCK9 (23348)_damaging,0,0.00011496644296087119,651.0,366.4141554761952,0.0,damaging,DOCK9
SRCIN1 (80725)_damaging,0,0.00011847508484372602,651.2,379.1216163713169,0.0,damaging,SRCIN1
ARID3B (10620)_damaging,0,0.00011820896294405009,652.25,459.0260522744506,0.0,damaging,ARID3B
ASH1L (55870)_damaging,0,0.00013026147116583023,652.6,464.42577447854893,0.0,damaging,ASH1L
KIF26A (26153)_damaging,0,0.00012034718857153928,653.2,364.38880334060764,0.0,damaging,KIF26A
RGS22 (26166)_damaging,0,0.00012514519000671791,653.2,401.5316923979974,0.0,damaging,RGS22
SCN11A (11280)_damaging,0,0.00012116634447979758,655.0,419.67070424321975,0.0,damaging,SCN11A
TNRC6B (23112)_damaging,0,0.00010365259978929886,655.2,183.1930675544247,0.0,damaging,TNRC6B
CNNM2 (54805)_damaging,0,0.00010705708380546436,655.75,288.6432342298476,0.0,damaging,CNNM2
MMP3 (4314)_damaging,0,0.00010284259960283825,656.0,168.9556154734136,0.0,damaging,MMP3
WDR7 (23335)_damaging,0,9.834586330634452e-05,657.0,,0.0,damaging,WDR7
LRRIQ1 (84125)_damaging,0,0.00012349361277287884,657.2,411.9158894725961,0.0,damaging,LRRIQ1
KCNG2 (26251)_damaging,0,0.00011057711342410653,658.0,297.99077166919113,0.0,damaging,KCNG2
IQGAP1 (8826)_damaging,0,0.00010540689337616946,658.8,212.1596097281478,0.0,damaging,IQGAP1
KIF1A (547)_damaging,0,0.00010824069031795866,659.2,285.5349365664384,0.0,damaging,KIF1A
NUGGC (389643)_damaging,0,0.00011836502437253927,660.0,336.8760899796838,0.0,damaging,NUGGC
BRSK2 (9024)_damaging,0,0.00010937274914413542,660.6,305.85666577663466,0.0,damaging,BRSK2
AP3D1 (8943)_damaging,0,0.00010778551024364872,660.6666666666666,277.54339000115516,0.0,damaging,AP3D1
CCDC88B (283234)_damaging,0,0.00011379372047708802,661.0,,0.0,damaging,CCDC88B
H3-4 (8290)_damaging,0,0.00010153085597100343,661.0,121.4495780149112,0.0,damaging,H3-4
MYOM2 (9172)_damaging,0,9.903841803904005e-05,662.0,,0.0,damaging,MYOM2
SMCHD1 (23347)_damaging,0,0.00010895033084952267,662.4,324.3929715638118,0.0,damaging,SMCHD1
MTIF2 (4528)_damaging,0,9.216011094085366e-05,662.5,120.91525958289962,0.0,damaging,MTIF2
VPS13B (157680)_damaging,0,0.00010266631689005167,662.8,197.63021024124828,0.0,damaging,VPS13B
UNC13C (440279)_damaging,0,0.00010651938221208326,663.2,274.9958181500221,0.0,damaging,UNC13C
SETD1B (23067)_damaging,0,0.00010684706045256109,664.2,257.8346369284003,0.0,damaging,SETD1B
DNAH12 (201625)_damaging,0,0.00012488494149471375,664.4,479.9325994345456,0.0,damaging,DNAH12
WRN (7486)_damaging,0,0.00012059751528814876,665.0,336.24321554493855,0.0,damaging,WRN
CR1 (1378)_damaging,0,0.00010196491744749837,665.3333333333334,318.5911695784008,0.0,damaging,CR1
ANK2 (287)_damaging,0,9.940431516848299e-05,665.4,103.10092143138198,0.0,damaging,ANK2
DDX60 (55601)_damaging,0,0.00010446274701120385,665.75,195.5818243089066,0.0,damaging,DDX60
ITGA8 (8516)_damaging,0,0.00010315234660820967,665.75,305.3504816873009,0.0,damaging,ITGA8
CAMSAP2 (23271)_damaging,0,0.00011183544655101133,665.8,431.1759501641992,0.0,damaging,CAMSAP2
NPAT (4863)_damaging,0,0.00010724362825368215,666.4,287.37571226532,0.0,damaging,NPAT
LTBP1 (4052)_damaging,0,0.00010275476958079178,667.3333333333334,285.3705193837186,0.0,damaging,LTBP1
PLEKHA6 (22874)_damaging,0,0.00010868769769210836,667.4,305.1430811930692,0.0,damaging,PLEKHA6
CPAMD8 (27151)_damaging,0,0.0001003638884304085,667.6,151.49851484420566,0.0,damaging,CPAMD8
PDZD2 (23037)_damaging,0,0.00010887475480391799,667.8,265.3068035313079,0.0,damaging,PDZD2
RFX7 (64864)_damaging,0,0.00011599241854573844,669.0,374.304020817303,0.0,damaging,RFX7
TSC1 (7248)_damaging,0,0.0001228639668200946,669.0,587.5338288132863,0.0,damaging,TSC1
UGGT1 (56886)_damaging,0,0.00010467111662285475,669.25,242.22217762486846,0.0,damaging,UGGT1
ANKRD26 (22852)_damaging,0,0.00010075168704193041,669.6,189.02989181608288,0.0,damaging,ANKRD26
PAN2 (9924)_damaging,0,9.914076544188521e-05,670.0,49.78955713801841,0.0,damaging,PAN2
CEP126 (57562)_damaging,0,9.839946446618036e-05,671.25,223.84425389095875,0.0,damaging,CEP126
CPS1 (1373)_damaging,0,9.843291707468092e-05,671.4,81.96523653354511,0.0,damaging,CPS1
COL5A3 (50509)_damaging,0,0.0001291917429880356,672.0,419.8458050284652,0.0,damaging,COL5A3
LARS2 (23395)_damaging,0,9.676027107300625e-05,672.0,,0.0,damaging,LARS2
SCN7A (6332)_damaging,0,0.00011576594762228048,672.2,372.7857293405958,0.0,damaging,SCN7A
MRC1 (4360)_damaging,0,0.00010119237259394664,672.8,201.27270058306465,0.0,damaging,MRC1
ADAMTS16 (170690)_damaging,0,0.0001030417911159094,673.8,248.13443936704957,0.0,damaging,ADAMTS16
CWF19L2 (143884)_damaging,0,0.00011194215753593656,674.0,,0.0,damaging,CWF19L2
SBF1 (6305)_damaging,0,0.00012117989442878151,674.6,421.77636254299506,0.0,damaging,SBF1
MEI1 (150365)_damaging,0,0.00010546795729776272,674.75,387.3847140333065,0.0,damaging,MEI1
B3GNT5 (84002)_damaging,0,9.782442857058324e-05,675.0,,0.0,damaging,B3GNT5
MYO10 (4651)_damaging,0,9.151125867132321e-05,675.0,46.66904755831214,0.0,damaging,MYO10
SHOC1 (158401)_damaging,0,0.00015458472378303278,675.0,692.9646455628166,0.0,damaging,SHOC1
AGGF1 (55109)_damaging,0,0.00011147408597716112,676.0,,0.0,damaging,AGGF1
CLTC (1213)_damaging,0,9.636729650532762e-05,676.0,131.52186130069785,0.0,damaging,CLTC
ABL2 (27)_damaging,0,0.00011115806988021343,676.2,345.4760483738345,0.0,damaging,ABL2
LRP2 (4036)_damaging,0,0.00012041246942806359,676.6,396.98022620780495,0.0,damaging,LRP2
MUC6 (4588)_damaging,0,9.60222267424917e-05,677.0,,0.0,damaging,MUC6
ITSN1 (6453)_damaging,0,0.00011639455705084664,677.6,357.4189418595494,0.0,damaging,ITSN1
DLC1 (10395)_damaging,0,9.408650865492336e-05,679.25,175.94009397140456,0.0,damaging,DLC1
PRDM9 (56979)_damaging,0,0.0001100134040156656,680.4,369.81252006929134,0.0,damaging,PRDM9
KDM5A (5927)_damaging,0,0.00010010813301469844,680.8,244.67774725135916,0.0,damaging,KDM5A
PRRC2B (84726)_damaging,0,0.00012437698869517411,681.2,371.9431408159048,0.0,damaging,PRRC2B
EPPK1 (83481)_damaging,0,0.00010032021941628342,681.25,162.85857873218305,0.0,damaging,EPPK1
CDK13 (8621)_damaging,0,9.71091228059344e-05,681.4,166.87959731495042,0.0,damaging,CDK13
ARHGAP39 (80728)_damaging,0,0.00011033231889983707,682.0,,0.0,damaging,ARHGAP39
ST18 (9705)_damaging,0,0.00010101402498957586,682.0,254.74169924324,0.0,damaging,ST18
CACNA1H (8912)_damaging,0,0.00011331854477467343,682.2,456.85632314766093,0.0,damaging,CACNA1H
RUNX1 (861)_damaging,0,9.93146387369805e-05,684.5,392.44426355853386,0.0,damaging,RUNX1
DHX38 (9785)_damaging,0,9.71162869407054e-05,684.6,116.22521241107714,0.0,damaging,DHX38
CUX2 (23316)_damaging,0,0.0001158921763948521,686.8,486.16118726200267,0.0,damaging,CUX2
DMXL1 (1657)_damaging,0,0.00010010270797317006,686.8,287.74328836655775,0.0,damaging,DMXL1
ZFC3H1 (196441)_damaging,0,0.00010926739659072712,687.2,407.0739490559424,0.0,damaging,ZFC3H1
AK9 (221264)_damaging,0,0.00010760278837702449,687.6,363.75307558837216,0.0,damaging,AK9
BSN (8927)_damaging,0,0.00012796685971532676,688.0,540.7961723237323,0.0,damaging,BSN
SCN2A (6326)_damaging,0,0.00010139908167842372,688.2,250.65753529467253,0.0,damaging,SCN2A
CTNNA3 (29119)_damaging,0,0.00011131367855955851,689.0,379.66695932092904,0.0,damaging,CTNNA3
ITPR3 (3710)_damaging,0,9.411024056752328e-05,689.5,154.4981121783262,0.0,damaging,ITPR3
CNTNAP2 (26047)_damaging,0,0.00010693425614723223,689.6,374.14676264802824,0.0,damaging,CNTNAP2
ADGRG6 (57211)_damaging,0,9.388859918773459e-05,690.0,,0.0,damaging,ADGRG6
RELN (5649)_damaging,0,0.0001374423749586657,690.4,589.6293751162674,0.0,damaging,RELN
HELZ (9931)_damaging,0,9.131114377396513e-05,691.0,,0.0,damaging,HELZ
STAB1 (23166)_damaging,0,0.0001081506883754754,691.4,419.466089213419,0.0,damaging,STAB1
HDAC2 (3066)_damaging,0,0.0001126168331799588,691.5,361.0184667483553,0.0,damaging,HDAC2
COL4A2 (1284)_damaging,0,0.00010802885604949453,693.0,324.665212180178,0.0,damaging,COL4A2
LAMA2 (3908)_damaging,0,0.00010048953931413936,693.6,317.14003216245027,0.0,damaging,LAMA2
MAN2B2 (23324)_damaging,0,9.072423977184025e-05,695.0,,0.0,damaging,MAN2B2
HSPG2 (3339)_damaging,0,9.972608806370371e-05,696.2,277.5143239546384,0.0,damaging,HSPG2
ATP8A1 (10396)_damaging,0,9.456795334455439e-05,698.0,69.29646455628166,0.0,damaging,ATP8A1
CFAP65 (255101)_damaging,0,9.984002962863503e-05,699.2,245.2828978954709,0.0,damaging,CFAP65
IPO7 (10527)_damaging,0,0.00010463611177263126,699.5,287.47463656236994,0.0,damaging,IPO7
SLC3A2 (6520)_damaging,0,0.00010676014940773636,699.5,495.95329081140966,0.0,damaging,SLC3A2
CACNA2D3 (55799)_damaging,0,9.234653099560712e-05,702.0,,0.0,damaging,CACNA2D3
FAM135B (51059)_damaging,0,9.396416905835943e-05,702.0,,0.0,damaging,FAM135B
CFAP210 (129881)_damaging,0,9.673570987627812e-05,704.5,84.14570696119915,0.0,damaging,CFAP210
ACAP3 (116983)_damaging,0,9.008871573257283e-05,706.0,,0.0,damaging,ACAP3
CD109 (135228)_damaging,0,8.587710315565789e-05,706.0,106.06601717798213,0.0,damaging,CD109
COL1A2 (1278)_damaging,0,0.00011460393261494564,706.0,409.65107103485036,0.0,damaging,COL1A2
KIAA2012 (100652824)_damaging,0,9.363608517195483e-05,706.0,,0.0,damaging,KIAA2012
LIFR (3977)_damaging,0,9.218003762981161e-05,706.0,,0.0,damaging,LIFR
MYH9 (4627)_damaging,0,9.608363943741888e-05,706.4,210.31119799002622,0.0,damaging,MYH9
NRP2 (8828)_damaging,0,9.575395715065561e-05,706.6666666666666,251.47829594884192,0.0,damaging,NRP2
KNOP1 (400506)_damaging,0,0.00012087468601375503,706.8,425.2307608816653,0.0,damaging,KNOP1
PAPPA2 (60676)_damaging,0,9.370108849466144e-05,708.0,141.27101613565324,0.0,damaging,PAPPA2
AJUBA (84962)_damaging,0,9.762465951666495e-05,708.2,215.427946190832,0.0,damaging,AJUBA
ABCA5 (23461)_damaging,0,9.41633516630332e-05,709.2,136.09628944243852,0.0,damaging,ABCA5
EGFR (1956)_damaging,0,9.584161945042769e-05,709.5,323.1477990022522,0.0,damaging,EGFR
CNTN5 (53942)_damaging,0,0.00010960551503441193,710.4,392.05586336643404,0.0,damaging,CNTN5
ASAP1 (50807)_damaging,0,8.508483880187027e-05,710.5,57.27564927611035,0.0,damaging,ASAP1
PPM1D (8493)_damaging,0,9.40860595854062e-05,710.75,230.91033613360258,0.0,damaging,PPM1D
COL2A1 (1280)_damaging,0,9.92681419134481e-05,710.8,271.3295044774895,0.0,damaging,COL2A1
NPAS3 (64067)_damaging,0,9.930238276836505e-05,711.0,246.8774999873419,0.0,damaging,NPAS3
PCNX1 (22990)_damaging,0,9.879800527934552e-05,712.0,321.89439261969136,0.0,damaging,PCNX1
SPATA31D1 (389763)_damaging,0,0.00010940704897506632,712.0,466.6904755831214,0.0,damaging,SPATA31D1
FRYL (285527)_damaging,0,0.00010842636476249244,713.2,455.0820805085606,0.0,damaging,FRYL
IKZF1 (10320)_damaging,0,0.00010515154620836209,714.0,,0.0,damaging,IKZF1
BLTP3A (54887)_damaging,0,9.067873765652564e-05,715.0,,0.0,damaging,BLTP3A
CASKIN2 (57513)_damaging,0,9.916907012210478e-05,715.0,359.80341854962967,0.0,damaging,CASKIN2
DDC (1644)_damaging,0,9.519469452849558e-05,715.5,140.71424945612296,0.0,damaging,DDC
ALPK2 (115701)_damaging,0,0.00010042234423840313,718.8,311.4060050801847,0.0,damaging,ALPK2
CD93 (22918)_damaging,0,0.00011164318254460266,721.6666666666666,549.5037154863771,0.0,damaging,CD93
HECW2 (57520)_damaging,0,0.00010273090841531998,724.5,343.967537227958,0.0,damaging,HECW2
NOTCH4 (4855)_damaging,0,0.00010451109045637452,726.4,391.6341404933947,0.0,damaging,NOTCH4
ADAMTSL3 (57188)_damaging,0,8.940946388923738e-05,726.6,146.86490390831977,0.0,damaging,ADAMTSL3
ATXN7 (6314)_damaging,0,9.043795945579734e-05,728.4,89.47793023980832,0.0,damaging,ATXN7
MYCBP2 (23077)_damaging,0,9.477552485394516e-05,728.6,262.4953332918511,0.0,damaging,MYCBP2
TDRD15 (100129278)_damaging,0,0.00010233996175444001,728.6,351.33858313598296,0.0,damaging,TDRD15
ROCK1 (6093)_damaging,0,0.00010063204382904321,728.8,386.27800869322084,0.0,damaging,ROCK1
UBE3C (9690)_damaging,0,9.648082613967232e-05,729.3333333333334,411.61916055175726,0.0,damaging,UBE3C
DSP (1832)_damaging,0,0.00010254451749861025,729.8,336.9387184637586,0.0,damaging,DSP
SAMD9L (219285)_damaging,0,0.00010056374039996883,729.8,390.2296759601966,0.0,damaging,SAMD9L
PAPPA (5069)_damaging,0,7.953678962755364e-05,730.0,,0.0,damaging,PAPPA
SMARCA1 (6594)_damaging,0,8.634356513799372e-05,730.0,318.1980515339464,0.0,damaging,SMARCA1
ASCC3 (10973)_damaging,0,0.00010061628770620366,730.6,373.2288841984232,0.0,damaging,ASCC3
SCAF4 (57466)_damaging,0,0.00010261998835494413,732.6,394.08539683677697,0.0,damaging,SCAF4
ZNF609 (23060)_damaging,0,0.00010890341724851705,733.0,327.6186807860626,0.0,damaging,ZNF609
NES (10763)_damaging,0,0.00010081481371984625,734.25,385.0847309359331,0.0,damaging,NES
ITGAL (3683)_damaging,0,8.653142351433198e-05,734.3333333333334,160.2882819588922,0.0,damaging,ITGAL
MAP2 (4133)_damaging,0,9.708578983081747e-05,735.6,287.69741048539174,0.0,damaging,MAP2
PCDH10 (57575)_damaging,0,8.593107691950575e-05,735.75,170.20649223810472,0.0,damaging,PCDH10
PHF3 (23469)_damaging,0,0.00011239742164771472,736.0,363.61036838902163,0.0,damaging,PHF3
SHANK2 (22941)_damaging,0,8.832688440108337e-05,736.0,48.46648326421054,0.0,damaging,SHANK2
ZC3H12B (340554)_damaging,0,8.954018802824453e-05,737.3333333333334,266.93881945744295,0.0,damaging,ZC3H12B
RPGR (6103)_damaging,0,9.76251292468379e-05,737.75,405.9034162622105,0.0,damaging,RPGR
ADAMTS20 (80070)_damaging,0,9.413959042888196e-05,738.8,289.4247743369596,0.0,damaging,ADAMTS20
PDCD11 (22984)_damaging,0,9.35112705892268e-05,739.25,319.27039219654137,0.0,damaging,PDCD11
DTX1 (1840)_damaging,0,9.643878027291734e-05,739.8,381.4160458082486,0.0,damaging,DTX1
ANKS1B (56899)_damaging,0,0.00012795205416037822,740.25,459.5442488669254,0.0,damaging,ANKS1B
UNC80 (285175)_damaging,0,0.00011053953297202996,740.6,399.46126220198124,0.0,damaging,UNC80
POT1 (25913)_damaging,0,9.495073583007057e-05,742.5,38.890872965260115,0.0,damaging,POT1
HDAC4 (9759)_damaging,0,9.54518817273449e-05,744.0,374.42489233489806,0.0,damaging,HDAC4
RYR1 (6261)_damaging,0,0.00010787321423210942,744.0,467.90757634387586,0.0,damaging,RYR1
NCOR1 (9611)_damaging,0,9.314543021007806e-05,745.0,232.5317182665625,0.0,damaging,NCOR1
ZSWIM6 (57688)_damaging,0,9.648796894861196e-05,745.0,159.80613254815975,0.0,damaging,ZSWIM6
CBLN2 (147381)_damaging,0,0.00010050000880686517,745.3333333333334,326.1937052325402,0.0,damaging,CBLN2
ARID5B (84159)_damaging,0,9.027743665578521e-05,745.4,261.9881676717481,0.0,damaging,ARID5B
RSF1 (51773)_damaging,0,0.00011114738328449886,745.5,464.2481376735219,0.0,damaging,RSF1
MYH4 (4622)_damaging,0,8.769707405884715e-05,746.5,282.74664748970355,0.0,damaging,MYH4
ROBO2 (6092)_damaging,0,0.00010031968773255108,746.6,410.9912407825743,0.0,damaging,ROBO2
ROS1 (6098)_damaging,0,9.918680160051345e-05,746.8,390.7316214487893,0.0,damaging,ROS1
GTF3C1 (2975)_damaging,0,9.649468885053487e-05,747.4,316.11358718030453,0.0,damaging,GTF3C1
KCNH7 (90134)_damaging,0,9.707501714504903e-05,747.6,353.4979490746729,0.0,damaging,KCNH7
DMD (1756)_damaging,0,9.291936165574648e-05,748.6,318.09401126082207,0.0,damaging,DMD
ZBTB7A (51341)_damaging,0,9.018251121127694e-05,748.8,202.649204291554,0.0,damaging,ZBTB7A
NLRP7 (199713)_damaging,0,9.156997443463608e-05,749.0,333.38866207476224,0.0,damaging,NLRP7
EXOSC10 (5394)_damaging,0,9.580787336512473e-05,749.75,423.7415682543626,0.0,damaging,EXOSC10
BRD3 (8019)_damaging,0,9.478401708657904e-05,749.8,328.9121463248203,0.0,damaging,BRD3
KCNQ3 (3786)_damaging,0,9.111026897363488e-05,750.0,239.42326536909482,0.0,damaging,KCNQ3
DIDO1 (11083)_damaging,0,0.00010085490349717326,750.4,369.1805791208416,0.0,damaging,DIDO1
STAT2 (6773)_damaging,0,0.00011418664011305153,750.4,539.6075425714507,0.0,damaging,STAT2
ARHGAP23 (57636)_damaging,0,8.231592019374531e-05,750.5,53.033008588991066,0.0,damaging,ARHGAP23
LRRK1 (79705)_damaging,0,8.655882458206193e-05,750.6,78.58943949412033,0.0,damaging,LRRK1
DLG2 (1740)_damaging,0,9.603666565464242e-05,750.8,297.55537299803547,0.0,damaging,DLG2
STK31 (56164)_damaging,0,9.129474499550783e-05,751.0,373.2086101186127,0.0,damaging,STK31
SAMD9 (54809)_damaging,0,9.360601753750115e-05,751.4,298.9026597405918,0.0,damaging,SAMD9
ROR2 (4920)_damaging,0,8.956420726835624e-05,752.0,204.94877408757534,0.0,damaging,ROR2
FAM193A (8603)_damaging,0,8.953977585645002e-05,752.2,301.24026955239566,0.0,damaging,FAM193A
CCDC40 (55036)_damaging,0,8.602600048018187e-05,752.5,116.67261889578035,0.0,damaging,CCDC40
SLIT1 (6585)_damaging,0,8.790870736015667e-05,753.0,336.02777662965104,0.0,damaging,SLIT1
CLASP1 (23332)_damaging,0,0.00011152935845626316,753.6666666666666,477.0967756475968,0.0,damaging,CLASP1
COL22A1 (169044)_damaging,0,8.541707392371303e-05,753.8,93.61997650074476,0.0,damaging,COL22A1
ZNF677 (342926)_damaging,0,8.363014525289554e-05,754.0,,0.0,damaging,ZNF677
IGSF10 (285313)_damaging,0,9.892570803968306e-05,754.2,393.9793141777878,0.0,damaging,IGSF10
C2CD5 (9847)_damaging,0,9.059823547425459e-05,754.5,400.92954493277244,0.0,damaging,C2CD5
KTN1 (3895)_damaging,0,9.037751052023982e-05,754.8,206.04902329300182,0.0,damaging,KTN1
NOL8 (55035)_damaging,0,0.00010470655818520612,755.0,441.8851660782471,0.0,damaging,NOL8
SMARCAD1 (56916)_damaging,0,0.00010373283304689629,755.4,433.80617791820345,0.0,damaging,SMARCAD1
HPS5 (11234)_damaging,0,9.824195446366008e-05,755.5,512.652416360247,0.0,damaging,HPS5
NACA (4666)_damaging,0,9.252757930561516e-05,756.0,489.3430970869689,0.0,damaging,NACA
NFATC1 (4772)_damaging,0,8.332774571780962e-05,756.0,,0.0,damaging,NFATC1
ZNF429 (353088)_damaging,0,9.720628531572351e-05,757.0,,0.0,damaging,ZNF429
ADAMTS13 (11093)_damaging,0,9.656745464754207e-05,757.25,320.44695348840503,0.0,damaging,ADAMTS13
FANCA (2175)_damaging,0,9.098724517039352e-05,757.25,242.18088969473484,0.0,damaging,FANCA
CCDC141 (285025)_damaging,0,9.203889109582299e-05,757.8,255.3912684490212,0.0,damaging,CCDC141
ALDH1L2 (160428)_damaging,0,8.107945288146315e-05,758.6666666666666,98.60189315288694,0.0,damaging,ALDH1L2
VWA3B (200403)_damaging,0,0.00010148861393945785,758.6666666666666,494.73663027244436,0.0,damaging,VWA3B
SACS (26278)_damaging,0,9.862446966657729e-05,759.6,347.67412903464646,0.0,damaging,SACS
CARD11 (84433)_damaging,0,9.339364968911692e-05,760.4,338.6211747661389,0.0,damaging,CARD11
STAT5B (6777)_damaging,0,9.461895269639516e-05,760.5,442.55960050596576,0.0,damaging,STAT5B
ANKAR (150709)_damaging,0,8.606874096549029e-05,760.8,93.49438485812932,0.0,damaging,ANKAR
DYSF (8291)_damaging,0,0.00010312040979400413,763.4,419.738966501801,0.0,damaging,DYSF
DNMT1 (1786)_damaging,0,9.618765207940289e-05,763.5,429.8577284016965,0.0,damaging,DNMT1
JAKMIP1 (152789)_damaging,0,8.619422265043216e-05,764.25,259.6630829876798,0.0,damaging,JAKMIP1
ASPM (259266)_damaging,0,9.260653335751008e-05,764.8,400.8325086616603,0.0,damaging,ASPM
VARS2 (57176)_damaging,0,8.922937902077655e-05,765.3333333333334,159.5284718579518,0.0,damaging,VARS2
SPHK1 (8877)_damaging,0,9.556580321207592e-05,765.5,275.064537881567,0.0,damaging,SPHK1
CACNA1A (773)_damaging,0,9.284164425225521e-05,765.6,370.8966163232013,0.0,damaging,CACNA1A
WWC2 (80014)_damaging,0,8.79303907722183e-05,766.0,396.8685760634957,0.0,damaging,WWC2
SLCO6A1 (133482)_damaging,0,8.589662583626395e-05,766.3333333333334,399.15452312773976,0.0,damaging,SLCO6A1
KCNH5 (27133)_damaging,0,9.345042831320039e-05,766.8,287.08483066856735,0.0,damaging,KCNH5
KLHL14 (57565)_damaging,0,8.254665520846671e-05,767.0,,0.0,damaging,KLHL14
ANKIB1 (54467)_damaging,0,9.750724088790016e-05,767.2,358.24181777118093,0.0,damaging,ANKIB1
SPEF2 (79925)_damaging,0,9.318082882993003e-05,767.6,346.2070189929719,0.0,damaging,SPEF2
DOCK10 (55619)_damaging,0,8.147971007019798e-05,768.0,159.7466744567786,0.0,damaging,DOCK10
TENM1 (10178)_damaging,0,9.735891845875528e-05,768.6,371.8753823527446,0.0,damaging,TENM1
NALCN (259232)_damaging,0,9.202562400594173e-05,769.6,340.44500290061535,0.0,damaging,NALCN
DSEL (92126)_damaging,0,8.7839316911368e-05,770.5,327.89480020274794,0.0,damaging,DSEL
GPS2 (2874)_damaging,0,8.466111674011845e-05,770.5,303.3488091290289,0.0,damaging,GPS2
LTN1 (26046)_damaging,0,0.00011089748912630908,771.2,496.8361903082343,0.0,damaging,LTN1
WDR97 (340390)_damaging,0,9.280074748568208e-05,771.5,214.2533546995239,0.0,damaging,WDR97
GRID2 (2895)_damaging,0,8.640316887169218e-05,772.0,266.81547931107747,0.0,damaging,GRID2
USP14 (9097)_damaging,0,8.19437300562489e-05,772.0,,0.0,damaging,USP14
EPS8L3 (79574)_damaging,0,9.47852086316912e-05,773.5,350.3679018783922,0.0,damaging,EPS8L3
SULF1 (23213)_damaging,0,8.526338287552186e-05,774.0,161.51315735877373,0.0,damaging,SULF1
NRXN3 (9369)_damaging,0,9.075054445876332e-05,774.2,370.6645383631944,0.0,damaging,NRXN3
UNC13B (10497)_damaging,0,9.163066854569386e-05,774.8,350.52774497891033,0.0,damaging,UNC13B
BLTP3B (23074)_damaging,0,8.361141091767767e-05,775.2,195.1171443005458,0.0,damaging,BLTP3B
COL19A1 (1310)_damaging,0,9.303969094896628e-05,775.2,430.1461379577876,0.0,damaging,COL19A1
MYH2 (4620)_damaging,0,8.83576379979489e-05,775.2,258.73963747365804,0.0,damaging,MYH2
MMUT (4594)_damaging,0,8.69286377415117e-05,775.25,234.3009105118174,0.0,damaging,MMUT
EML6 (400954)_damaging,0,9.416492912371162e-05,777.0,327.7079492474969,0.0,damaging,EML6
GEMIN5 (25929)_damaging,0,0.00010969156100150301,777.5,712.0565286548533,0.0,damaging,GEMIN5
BCL9 (607)_damaging,0,0.00010748415656993324,779.6,512.660023797448,0.0,damaging,BCL9
EML5 (161436)_damaging,0,8.99561984636522e-05,780.0,350.933042046485,0.0,damaging,EML5
MUC5B (727897)_damaging,0,9.068434091543164e-05,781.4,286.75826056105166,0.0,damaging,MUC5B
IQGAP3 (128239)_damaging,0,8.729395719852982e-05,781.8,277.8987225591366,0.0,damaging,IQGAP3
TMC8 (147138)_damaging,0,7.258697401813424e-05,782.0,,0.0,damaging,TMC8
ANKRD30B (374860)_damaging,0,8.903873024408713e-05,784.8,320.1323163943309,0.0,damaging,ANKRD30B
BMPR2 (659)_damaging,0,8.595023094282208e-05,785.2,278.89729292339854,0.0,damaging,BMPR2
ABCA9 (10350)_damaging,0,9.099901042799096e-05,785.6,356.2608594836093,0.0,damaging,ABCA9
EFCAB7 (84455)_damaging,0,8.652229400727196e-05,786.0,123.03657992645927,0.0,damaging,EFCAB7
KCNB2 (9312)_damaging,0,9.659172608449168e-05,787.8,448.8604460185816,0.0,damaging,KCNB2
CCDC186 (55088)_damaging,0,9.269325456072577e-05,788.0,,0.0,damaging,CCDC186
CHRM3 (1131)_damaging,0,9.426036117518482e-05,788.0,386.43369418310306,0.0,damaging,CHRM3
ZNF638 (27332)_damaging,0,8.652079570043079e-05,788.6,314.648692989499,0.0,damaging,ZNF638
NLRP4 (147945)_damaging,0,9.780970211546215e-05,789.0,353.4557963876105,0.0,damaging,NLRP4
OSBPL1A (114876)_damaging,0,8.652626290075782e-05,789.0,271.7192178211422,0.0,damaging,OSBPL1A
EPS8 (2059)_damaging,0,8.660263594440922e-05,791.0,162.63455967290594,0.0,damaging,EPS8
DIAPH3 (81624)_damaging,0,9.205035492627366e-05,793.0,,0.0,damaging,DIAPH3
HEATR5B (54497)_damaging,0,8.920578369904553e-05,793.5,523.9661248592317,0.0,damaging,HEATR5B
PKD1L1 (168507)_damaging,0,8.3503039073169e-05,794.0,178.52870917586336,0.0,damaging,PKD1L1
TMC1 (117531)_damaging,0,7.749997121781252e-05,795.0,128.34848395416805,0.0,damaging,TMC1
ZC3H18 (124245)_damaging,0,8.346556901966835e-05,795.8,192.98885978211283,0.0,damaging,ZC3H18
PHF21A (51317)_damaging,0,8.115023030895895e-05,796.0,,0.0,damaging,PHF21A
HIP1R (9026)_damaging,0,7.729243388456683e-05,796.5,77.07463914933368,0.0,damaging,HIP1R
BPTF (2186)_damaging,0,9.840251287308796e-05,796.8,454.96505360302126,0.0,damaging,BPTF
LRP4 (4038)_damaging,0,9.565236172957536e-05,797.0,367.63364916721105,0.0,damaging,LRP4
MUC22 (100507679)_damaging,0,9.083120809608894e-05,799.0,,0.0,damaging,MUC22
EXD3 (54932)_damaging,0,8.581367425510406e-05,800.3333333333334,350.2146960556243,0.0,damaging,EXD3
LRGUK (136332)_damaging,0,8.595930054214169e-05,800.5,177.48380207782344,0.0,damaging,LRGUK
NBEAL1 (65065)_damaging,0,8.380068923609692e-05,800.6,308.4401076384198,0.0,damaging,NBEAL1
PCSK5 (5125)_damaging,0,8.516927204173792e-05,800.6,228.5832452302662,0.0,damaging,PCSK5
RNF111 (54778)_damaging,0,7.027273129210128e-05,801.0,,0.0,damaging,RNF111
KIAA1217 (56243)_damaging,0,8.071966928422949e-05,802.0,,0.0,damaging,KIAA1217
PHLDB2 (90102)_damaging,0,7.665475213038537e-05,803.0,,0.0,damaging,PHLDB2
ELOA (6924)_damaging,0,8.011171474819744e-05,803.2,160.50451707039278,0.0,damaging,ELOA
SH2B1 (25970)_damaging,0,7.659707209061101e-05,804.0,,0.0,damaging,SH2B1
SMC1B (27127)_damaging,0,7.887060609459057e-05,805.2,292.18778208542534,0.0,damaging,SMC1B
MED13 (9969)_damaging,0,8.83697476226322e-05,805.4,444.3065383268628,0.0,damaging,MED13
CTNNA2 (1496)_damaging,0,9.87227893668766e-05,805.6,407.54791129387473,0.0,damaging,CTNNA2
PCNT (5116)_damaging,0,8.909606932371714e-05,806.2,322.8268885951107,0.0,damaging,PCNT
WDR64 (128025)_damaging,0,8.679958948105417e-05,806.6666666666666,355.60418070283333,0.0,damaging,WDR64
TEX15 (56154)_damaging,0,8.193376013897659e-05,806.8,233.88929004980113,0.0,damaging,TEX15
OR4P4 (81300)_damaging,0,8.306566782057195e-05,807.0,341.6921128735634,0.0,damaging,OR4P4
SCN1A (6323)_damaging,0,8.669458011776059e-05,807.8,336.95652538569425,0.0,damaging,SCN1A
COL6A1 (1291)_damaging,0,8.1179862421669e-05,808.3333333333334,510.6234751099222,0.0,damaging,COL6A1
CCDC15 (80071)_damaging,0,8.62257517359046e-05,808.6666666666666,460.7736248238752,0.0,damaging,CCDC15
PTPRS (5802)_damaging,0,8.201057808592469e-05,809.2,233.75243314241672,0.0,damaging,PTPRS
BLM (641)_damaging,0,0.0001148438592280002,809.4,527.1862099865663,0.0,damaging,BLM
GCN1 (10985)_damaging,0,7.604945863433311e-05,810.0,299.8132752230961,0.0,damaging,GCN1
HIF1A (3091)_damaging,0,8.281038972342965e-05,810.0,294.6005770530669,0.0,damaging,HIF1A
TPO (7173)_damaging,0,8.892942329817707e-05,810.3333333333334,354.0301305444684,0.0,damaging,TPO
MYO9A (4649)_damaging,0,8.312583018761889e-05,811.4,290.72891153099994,0.0,damaging,MYO9A
BAZ2B (29994)_damaging,0,8.534831195957377e-05,812.4,268.1199358496119,0.0,damaging,BAZ2B
ATG9B (285973)_damaging,0,7.751174285319379e-05,812.5,440.5275246792191,0.0,damaging,ATG9B
ARHGAP35 (2909)_damaging,0,8.19688795949908e-05,812.6,254.26423263998416,0.0,damaging,ARHGAP35
ANKRD13B (124930)_damaging,0,6.922891881460625e-05,813.0,,0.0,damaging,ANKRD13B
PTPRM (5797)_damaging,0,8.264307676888013e-05,813.0,318.678521397348,0.0,damaging,PTPRM
RIF1 (55183)_damaging,0,8.777885883091483e-05,813.6,365.60470456491663,0.0,damaging,RIF1
SCAF1 (58506)_damaging,0,7.948614293202497e-05,813.75,208.53516889643979,0.0,damaging,SCAF1
RXFP1 (59350)_damaging,0,7.507774058209459e-05,815.5,198.14556938439648,0.0,damaging,RXFP1
YTHDC2 (64848)_damaging,0,7.672266961898034e-05,817.0,,0.0,damaging,YTHDC2
ANKRD12 (23253)_damaging,0,8.095837397388629e-05,817.2,320.46481866189305,0.0,damaging,ANKRD12
SCN4A (6329)_damaging,0,9.585920135864839e-05,817.4,410.2990372886585,0.0,damaging,SCN4A
PREX2 (80243)_damaging,0,9.016762521131121e-05,817.6,369.8625420341995,0.0,damaging,PREX2
NSD3 (54904)_damaging,0,8.052369116206325e-05,819.25,350.6350191676049,0.0,damaging,NSD3
STARD9 (57519)_damaging,0,7.751622064718755e-05,821.0,151.19689150243795,0.0,damaging,STARD9
DAZAP1 (26528)_damaging,0,7.76471778209856e-05,821.25,384.79897349135433,0.0,damaging,DAZAP1
SLC28A3 (64078)_damaging,0,7.277591783377897e-05,821.5,147.78531726798843,0.0,damaging,SLC28A3
AXL (558)_damaging,0,7.275905729909899e-05,823.6666666666666,130.4849927514016,0.0,damaging,AXL
CSF2RB (1439)_damaging,0,8.814656512498989e-05,823.75,383.09561469690567,0.0,damaging,CSF2RB
TRANK1 (9881)_damaging,0,8.69642983561072e-05,824.4,385.7088280037158,0.0,damaging,TRANK1
CRAMP1 (57585)_damaging,0,8.855478391982576e-05,826.0,404.4477716590858,0.0,damaging,CRAMP1
AHNAK (79026)_damaging,0,9.318423218107431e-05,826.2,428.3003618957145,0.0,damaging,AHNAK
LRRIQ3 (127255)_damaging,0,6.809292095333724e-05,827.0,,0.0,damaging,LRRIQ3
USP26 (83844)_damaging,0,8.281173896691995e-05,827.0,264.7281624610423,0.0,damaging,USP26
KCNT2 (343450)_damaging,0,7.344843844838672e-05,827.5,63.358766823016154,0.0,damaging,KCNT2
ABCC9 (10060)_damaging,0,7.990204412333616e-05,827.8,295.44999576916564,0.0,damaging,ABCC9
CEP170B (283638)_damaging,0,7.762423413121377e-05,829.0,,0.0,damaging,CEP170B
TRPM1 (4308)_damaging,0,7.851749228186801e-05,829.2,250.7841701543381,0.0,damaging,TRPM1
EGFLAM (133584)_damaging,0,8.18286502058757e-05,829.25,258.50902627696905,0.0,damaging,EGFLAM
TOP3A (7156)_damaging,0,9.864390659252917e-05,830.3333333333334,576.1157291146748,0.0,damaging,TOP3A
CHD8 (57680)_damaging,0,7.759587632292296e-05,830.8,118.05803657523703,0.0,damaging,CHD8
ESCO1 (114799)_damaging,0,7.563818845672857e-05,831.0,,0.0,damaging,ESCO1
BTAF1 (9044)_damaging,0,7.60044514436068e-05,831.3333333333334,75.56674753708364,0.0,damaging,BTAF1
POLR2B (5431)_damaging,0,7.960174599534429e-05,831.8,398.23322312433953,0.0,damaging,POLR2B
PLXNA2 (5362)_damaging,0,7.75650079667289e-05,832.25,93.85227754295578,0.0,damaging,PLXNA2
PTPN12 (5782)_damaging,0,8.728866516391158e-05,833.0,428.938223990355,0.0,damaging,PTPN12
IGF2R (3482)_damaging,0,8.976977650759428e-05,833.6666666666666,451.953906204309,0.0,damaging,IGF2R
PNISR (25957)_damaging,0,8.233862287810185e-05,835.0,308.27368792465353,0.0,damaging,PNISR
FIGN (55137)_damaging,0,8.429325183893644e-05,836.0,353.10810431556695,0.0,damaging,FIGN
PLEKHA7 (144100)_damaging,0,8.861194457019288e-05,836.5,432.0412788920367,0.0,damaging,PLEKHA7
INPPL1 (3636)_damaging,0,8.400310179147472e-05,837.2,332.840352120953,0.0,damaging,INPPL1
EPHA7 (2045)_damaging,0,7.932416357003322e-05,837.4,322.8564696579581,0.0,damaging,EPHA7
USP34 (9736)_damaging,0,7.662518787794841e-05,837.4,165.24466708490172,0.0,damaging,USP34
KIF15 (56992)_damaging,0,8.23949222950125e-05,837.75,340.5734135248963,0.0,damaging,KIF15
NIPBL (25836)_damaging,0,8.874242995114855e-05,838.6,421.9055581525325,0.0,damaging,NIPBL
MTCL1 (23255)_damaging,0,8.193555187037926e-05,840.0,367.9157512257392,0.0,damaging,MTCL1
PIK3CG (5294)_damaging,0,8.196647563848169e-05,840.0,292.4525602555054,0.0,damaging,PIK3CG
HELZ2 (85441)_damaging,0,7.81187158964196e-05,840.8,311.5897944413456,0.0,damaging,HELZ2
AFDN (4301)_damaging,0,7.745946774130225e-05,841.0,240.61587645041215,0.0,damaging,AFDN
INTS1 (26173)_damaging,0,7.048939244216502e-05,841.0,,0.0,damaging,INTS1
WDR33 (55339)_damaging,0,8.151744677907074e-05,841.3333333333334,326.009713556718,0.0,damaging,WDR33
MYO3A (53904)_damaging,0,7.688289661089123e-05,841.6666666666666,522.5632338132232,0.0,damaging,MYO3A
PSD (5662)_damaging,0,7.595490101596001e-05,842.0,308.1363334629657,0.0,damaging,PSD
XPOT (11260)_damaging,0,8.229594189756687e-05,842.0,318.1980515339464,0.0,damaging,XPOT
LATS1 (9113)_damaging,0,7.307215923823082e-05,843.0,94.75230867899737,0.0,damaging,LATS1
ITGA4 (3676)_damaging,0,7.68708559271761e-05,843.3333333333334,97.2899446671306,0.0,damaging,ITGA4
GCC2 (9648)_damaging,0,7.421827142966141e-05,843.5,50.204581464244875,0.0,damaging,GCC2
WDR90 (197335)_damaging,0,7.84898963914798e-05,844.0,229.6867431960321,0.0,damaging,WDR90
ARID4A (5926)_damaging,0,8.200833685372778e-05,844.6,422.0216819074584,0.0,damaging,ARID4A
PHF20L1 (51105)_damaging,0,8.750143078749606e-05,844.6,393.77569757413926,0.0,damaging,PHF20L1
HOXB3 (3213)_damaging,0,7.25886130943259e-05,844.6666666666666,79.40612906654836,0.0,damaging,HOXB3
NUP98 (4928)_damaging,0,7.740438692788407e-05,846.0,219.26582040983953,0.0,damaging,NUP98
KIF5A (3798)_damaging,0,8.369066379307951e-05,847.0,,0.0,damaging,KIF5A
SGO1 (151648)_damaging,0,7.516446938996165e-05,847.0,,0.0,damaging,SGO1
MXRA5 (25878)_damaging,0,8.784580416657291e-05,847.4,480.19870886956784,0.0,damaging,MXRA5
PEAK1 (79834)_damaging,0,8.008677112434713e-05,847.75,325.9922033832507,0.0,damaging,PEAK1
PPFIA2 (8499)_damaging,0,7.725183764004943e-05,848.6,266.38186875236084,0.0,damaging,PPFIA2
RGS7 (6000)_damaging,0,7.772589674231626e-05,849.75,205.02743718829439,0.0,damaging,RGS7
SHANK1 (50944)_damaging,0,7.711838054541659e-05,850.2,263.1068224124947,0.0,damaging,SHANK1
JHY (79864)_damaging,0,7.438318382758717e-05,853.0,,0.0,damaging,JHY
EPHA3 (2042)_damaging,0,7.616283489791443e-05,853.2,204.24299253585176,0.0,damaging,EPHA3
BTBD8 (284697)_damaging,0,8.479245160241829e-05,853.6,366.4836967724485,0.0,damaging,BTBD8
PDZD8 (118987)_damaging,0,7.480553839537184e-05,854.0,412.95036021294374,0.0,damaging,PDZD8
KDR (3791)_damaging,0,7.796797189189842e-05,854.4,331.8678954041804,0.0,damaging,KDR
PHF2 (5253)_damaging,0,7.388113249277738e-05,855.0,377.8610855856951,0.0,damaging,PHF2
TNR (7143)_damaging,0,7.646595221256446e-05,855.0,363.3063445633726,0.0,damaging,TNR
ADAMTS5 (11096)_damaging,0,6.849277544371219e-05,856.0,,0.0,damaging,ADAMTS5
CAD (790)_damaging,0,7.373929431030043e-05,856.25,132.4043680044834,0.0,damaging,CAD
CADPS2 (93664)_damaging,0,8.032122605524622e-05,856.5,338.5552638295064,0.0,damaging,CADPS2
ERF (2077)_damaging,0,7.896290102696161e-05,857.4,392.0839195886513,0.0,damaging,ERF
SORL1 (6653)_damaging,0,8.263475708731962e-05,857.4,395.1870443220526,0.0,damaging,SORL1
KDM2B (84678)_damaging,0,8.092207502510274e-05,857.6,334.4029007051225,0.0,damaging,KDM2B
UNC93B7 (100887746)_damaging,0,8.445896105117883e-05,857.75,444.5569892226043,0.0,damaging,UNC93B7
MRC2 (9902)_damaging,0,7.182423668126337e-05,860.25,170.99390827356004,0.0,damaging,MRC2
TRPM7 (54822)_damaging,0,7.810649375956117e-05,862.0,106.06601717798213,0.0,damaging,TRPM7
USP16 (10600)_damaging,0,7.427593287188643e-05,862.0,278.60007178749976,0.0,damaging,USP16
ANKRD31 (256006)_damaging,0,7.639666107814143e-05,862.2,283.2714246089782,0.0,damaging,ANKRD31
GNAS (2778)_damaging,0,6.476974686198112e-05,863.0,,0.0,damaging,GNAS
MUC3A (4584)_damaging,0,7.177112102609675e-05,863.0,,0.0,damaging,MUC3A
ZNF668 (79759)_damaging,0,8.310794424963604e-05,863.0,667.5088014401009,0.0,damaging,ZNF668
ROBO1 (6091)_damaging,0,7.22803475204606e-05,864.0,186.62529303392935,0.0,damaging,ROBO1
TRPM6 (140803)_damaging,0,7.461937493046165e-05,864.6,335.6825881692406,0.0,damaging,TRPM6
LPA (4018)_damaging,0,7.171639288369583e-05,864.75,376.8964269751926,0.0,damaging,LPA
UGGT2 (55757)_damaging,0,7.140104613160443e-05,866.0,,0.0,damaging,UGGT2
FLNB (2317)_damaging,0,7.374087326508482e-05,866.8,265.9618393679815,0.0,damaging,FLNB
HLA-C (3107)_damaging,0,7.851284458247173e-05,866.8,356.85669392628745,0.0,damaging,HLA-C
F8 (2157)_damaging,0,7.659871439987589e-05,867.4,278.36989779787615,0.0,damaging,F8
KANSL1 (284058)_damaging,0,7.896968499029988e-05,867.4,295.8391454828113,0.0,damaging,KANSL1
SCAF8 (22828)_damaging,0,7.07155618913765e-05,867.8,134.96184646039785,0.0,damaging,SCAF8
KIAA1549 (57670)_damaging,0,7.534681386915284e-05,869.2,257.4989320366203,0.0,damaging,KIAA1549
DENND4C (55667)_damaging,0,7.435886941740102e-05,870.0,253.9035249853771,0.0,damaging,DENND4C
GRIN2D (2906)_damaging,0,6.67628747778216e-05,870.5,89.80256121069154,0.0,damaging,GRIN2D
NDUFV3 (4731)_damaging,0,7.37101430085963e-05,870.6666666666666,347.21223096736287,0.0,damaging,NDUFV3
TTC14 (151613)_damaging,0,7.270726937413867e-05,871.5,429.21381618023435,0.0,damaging,TTC14
VWDE (221806)_damaging,0,7.474209947424543e-05,871.8,270.0568458676802,0.0,damaging,VWDE
ADAM22 (53616)_damaging,0,6.741473764813196e-05,872.0,8.48528137423857,0.0,damaging,ADAM22
C2CD6 (151254)_damaging,0,7.359812257579204e-05,872.0,332.34018715767735,0.0,damaging,C2CD6
SDK2 (54549)_damaging,0,7.561814815211957e-05,872.0,383.14944864895733,0.0,damaging,SDK2
FASTKD5 (60493)_damaging,0,8.056721068981126e-05,872.6,344.3171503134864,0.0,damaging,FASTKD5
LAMB4 (22798)_damaging,0,7.453287008397458e-05,872.6,275.2322655503893,0.0,damaging,LAMB4
ERBB4 (2066)_damaging,0,7.573610659942965e-05,873.6,269.84402902417537,0.0,damaging,ERBB4
SYCP2 (10388)_damaging,0,7.786654729826045e-05,874.0,306.4685954547382,0.0,damaging,SYCP2
WDR5 (11091)_damaging,0,7.581909722044472e-05,874.75,427.2582162268308,0.0,damaging,WDR5
MAP3K12 (7786)_damaging,0,7.072044545262021e-05,875.0,290.46284903007245,0.0,damaging,MAP3K12
SLC26A5 (375611)_damaging,0,7.038735548823802e-05,875.0,312.54119728445403,0.0,damaging,SLC26A5
PRUNE2 (158471)_damaging,0,7.527608966170792e-05,876.2,277.18351321822877,0.0,damaging,PRUNE2
HIVEP1 (3096)_damaging,0,7.278346543274593e-05,876.4,206.29420738353272,0.0,damaging,HIVEP1
F5 (2153)_damaging,0,7.336768771179614e-05,877.5,370.5585873605774,0.0,damaging,F5
ESRP1 (54845)_damaging,0,8.070810673977864e-05,877.8,378.6155041727689,0.0,damaging,ESRP1
KDM5B (10765)_damaging,0,7.016465505987462e-05,878.25,126.42092390106946,0.0,damaging,KDM5B
ORC4 (5000)_damaging,0,7.130636738664794e-05,878.25,329.1477631702819,0.0,damaging,ORC4
RBM10 (8241)_damaging,0,8.271446919845536e-05,878.75,416.05638640293296,0.0,damaging,RBM10
ADAMTS12 (81792)_damaging,0,7.216751148881041e-05,879.0,223.62692145625044,0.0,damaging,ADAMTS12
IGSF9B (22997)_damaging,0,8.436417741629287e-05,879.0,486.94079037736543,0.0,damaging,IGSF9B
NRK (203447)_damaging,0,7.225884622042233e-05,880.4,281.3917198497497,0.0,damaging,NRK
CEPT1 (10390)_damaging,0,6.895064856098242e-05,880.5,142.12846301849606,0.0,damaging,CEPT1
KIF5C (3800)_damaging,0,7.002195403310058e-05,880.5,321.01972940407677,0.0,damaging,KIF5C
CTC1 (80169)_damaging,0,7.019350262788153e-05,881.0,,0.0,damaging,CTC1
HYOU1 (10525)_damaging,0,6.987480965829556e-05,881.0,,0.0,damaging,HYOU1
LAMA3 (3909)_damaging,0,7.689064244599284e-05,881.0,491.94240855341326,0.0,damaging,LAMA3
MYO15B (80022)_damaging,0,7.230291026453028e-05,881.0,243.0041151914922,0.0,damaging,MYO15B
WDFY4 (57705)_damaging,0,7.567457854302022e-05,881.0,329.6172022210006,0.0,damaging,WDFY4
CDH12 (1010)_damaging,0,7.109419847395829e-05,881.5,57.27564927611035,0.0,damaging,CDH12
CASP8AP2 (9994)_damaging,0,7.06139630398579e-05,882.8,256.09900429326154,0.0,damaging,CASP8AP2
TCERG1 (10915)_damaging,0,7.370516703922219e-05,883.0,247.8265522497539,0.0,damaging,TCERG1
COL11A2 (1302)_damaging,0,7.428586287867725e-05,883.8,295.79587556286174,0.0,damaging,COL11A2
PLA2R1 (22925)_damaging,0,7.801778591406722e-05,884.0,346.44047107692256,0.0,damaging,PLA2R1
SBF2 (81846)_damaging,0,7.641035025593497e-05,884.0,391.76183241011796,0.0,damaging,SBF2
AGBL1 (123624)_damaging,0,9.53052607067843e-05,884.5,503.06957769278796,0.0,damaging,AGBL1
R3HDM2 (22864)_damaging,0,6.938690190869675e-05,884.5,192.18480689169994,0.0,damaging,R3HDM2
FREM1 (158326)_damaging,0,7.750972207186567e-05,885.75,339.3183117172822,0.0,damaging,FREM1
DOCK11 (139818)_damaging,0,7.096262578704072e-05,887.0,205.36633933859108,0.0,damaging,DOCK11
ABCB4 (5244)_damaging,0,8.457523566210753e-05,887.8,436.170494187766,0.0,damaging,ABCB4
FER1L6 (654463)_damaging,0,7.229195392912313e-05,888.0,299.48706149014185,0.0,damaging,FER1L6
PIK3C2G (5288)_damaging,0,7.684359416105877e-05,888.0,456.51615524535384,0.0,damaging,PIK3C2G
UMODL1 (89766)_damaging,0,7.759776484777342e-05,888.3333333333334,531.5659256699336,0.0,damaging,UMODL1
ATN1 (1822)_damaging,0,6.805774770576735e-05,889.5,268.1262140609655,0.0,damaging,ATN1
ZNF569 (148266)_damaging,0,6.465699708248533e-05,890.0,,0.0,damaging,ZNF569
SHPRH (257218)_damaging,0,7.257699733071673e-05,890.8,403.3375757352642,0.0,damaging,SHPRH
MEN1 (4221)_damaging,0,6.917563183557713e-05,891.0,420.0214280248092,0.0,damaging,MEN1
PXDNL (137902)_damaging,0,7.236874092494845e-05,891.0,318.61340210355246,0.0,damaging,PXDNL
TMEM132D (121256)_damaging,0,7.825148447215637e-05,891.0,392.51751553274664,0.0,damaging,TMEM132D
NRIP1 (8204)_damaging,0,7.218090126636406e-05,891.8,247.92680371432212,0.0,damaging,NRIP1
COL6A5 (256076)_damaging,0,7.212892107475298e-05,892.2,247.4059417233143,0.0,damaging,COL6A5
KIF5B (3799)_damaging,0,7.038615557980983e-05,892.2,290.24679154126756,0.0,damaging,KIF5B
CCDC112 (153733)_damaging,0,6.834371736916032e-05,893.0,,0.0,damaging,CCDC112
SMG1 (23049)_damaging,0,7.053554460510465e-05,893.0,33.28663395418648,0.0,damaging,SMG1
RTCB (51493)_damaging,0,6.945907936799749e-05,893.5,105.35891039679558,0.0,damaging,RTCB
LOXL2 (4017)_damaging,0,6.83240240192172e-05,894.0,,0.0,damaging,LOXL2
EIF5B (9669)_damaging,0,7.036399407261322e-05,895.4,304.475450570321,0.0,damaging,EIF5B
ROCK2 (9475)_damaging,0,7.382628509353711e-05,895.5,290.770814674834,0.0,damaging,ROCK2
PKD1L2 (114780)_damaging,0,6.787837025737405e-05,895.75,307.20283744349325,0.0,damaging,PKD1L2
COL12A1 (1303)_damaging,0,8.337668100109086e-05,895.8,415.3163854220057,0.0,damaging,COL12A1
APC2 (10297)_damaging,0,6.825662333508403e-05,896.0,,0.0,damaging,APC2
UBAP2L (9898)_damaging,0,6.82056210429322e-05,896.0,182.5705343148231,0.0,damaging,UBAP2L
CNTLN (54875)_damaging,0,7.107252233385168e-05,896.6,232.42052405069566,0.0,damaging,CNTLN
ABCA6 (23460)_damaging,0,6.977737373207498e-05,896.8,265.2879567564272,0.0,damaging,ABCA6
ABCC8 (6833)_damaging,0,6.668558577687892e-05,897.2,264.04298892415227,0.0,damaging,ABCC8
SPTAN1 (6709)_damaging,0,8.222502819604113e-05,898.8,485.19089026897444,0.0,damaging,SPTAN1
ETV6 (2120)_damaging,0,6.149564934049738e-05,899.0,,0.0,damaging,ETV6
ANKRD11 (29123)_damaging,0,7.025969291552921e-05,899.2,228.46378268775996,0.0,damaging,ANKRD11
NCOA6 (23054)_damaging,0,6.907598547579366e-05,899.8,326.4080268620856,0.0,damaging,NCOA6
JCAD (57608)_damaging,0,7.368789834837415e-05,900.0,335.6019467563719,0.0,damaging,JCAD
PARP14 (54625)_damaging,0,6.366835986434689e-05,900.0,,0.0,damaging,PARP14
KANSL1L (151050)_damaging,0,6.768333843841501e-05,901.0,,0.0,damaging,KANSL1L
DNAH2 (146754)_damaging,0,7.338349162983813e-05,901.6,376.0323124413645,0.0,damaging,DNAH2
CHD9 (80205)_damaging,0,6.77454253305964e-05,901.8,118.25269552953114,0.0,damaging,CHD9
ROBO3 (64221)_damaging,0,6.83185817351831e-05,902.0,194.9910254345056,0.0,damaging,ROBO3
CNTN6 (27255)_damaging,0,7.485085780737504e-05,902.2,337.39472432152814,0.0,damaging,CNTN6
KEAP1 (9817)_damaging,0,7.139782679626338e-05,902.6,325.0989080264651,0.0,damaging,KEAP1
MYRF (745)_damaging,0,6.805215641170502e-05,903.0,336.5828278447966,0.0,damaging,MYRF
EPG5 (57724)_damaging,0,6.812389940043223e-05,903.25,235.56510069759202,0.0,damaging,EPG5
RPGRIP1 (57096)_damaging,0,6.738569460920806e-05,905.0,,0.0,damaging,RPGRIP1
ZNF735 (730291)_damaging,0,6.111779779592943e-05,905.0,,0.0,damaging,ZNF735
ZBBX (79740)_damaging,0,6.966841932109907e-05,905.3333333333334,334.68243654744316,0.0,damaging,ZBBX
PROM2 (150696)_damaging,0,7.01769857397001e-05,905.5,424.9711754931151,0.0,damaging,PROM2
HIVEP3 (59269)_damaging,0,7.768247940045375e-05,907.75,484.2137097054013,0.0,damaging,HIVEP3
L3MBTL1 (26013)_damaging,0,6.654922998546203e-05,908.0,,0.0,damaging,L3MBTL1
SPHKAP (80309)_damaging,0,6.850494758549009e-05,908.4,239.7004380471592,0.0,damaging,SPHKAP
MRE11 (4361)_damaging,0,7.193023734257212e-05,909.0,28.284271247461902,0.0,damaging,MRE11
SRCAP (10847)_damaging,0,7.806500140072777e-05,909.6,393.5191227882071,0.0,damaging,SRCAP
THSD7A (221981)_damaging,0,7.626718128470671e-05,909.8,409.9118197856705,0.0,damaging,THSD7A
ADGRL3 (23284)_damaging,0,6.91618287201948e-05,910.8,184.71112581542025,0.0,damaging,ADGRL3
ZFHX2 (85446)_damaging,0,6.842643923337928e-05,911.0,280.0142853498728,0.0,damaging,ZFHX2
MED23 (9439)_damaging,0,7.343055366982527e-05,911.8,406.4980934764639,0.0,damaging,MED23
ARHGAP33 (115703)_damaging,0,6.061325007442618e-05,912.0,,0.0,damaging,ARHGAP33
MTMR3 (8897)_damaging,0,7.512761037316743e-05,912.0,643.4671708797582,0.0,damaging,MTMR3
ERMP1 (79956)_damaging,0,6.894604336932647e-05,912.6666666666666,496.17570812498803,0.0,damaging,ERMP1
TMEM94 (9772)_damaging,0,7.35946377937598e-05,913.6,405.77925033200006,0.0,damaging,TMEM94
PCDH17 (27253)_damaging,0,6.62347528700048e-05,914.0,,0.0,damaging,PCDH17
ADGB (79747)_damaging,0,6.916628173973344e-05,915.25,272.6809796569366,0.0,damaging,ADGB
A2ML1 (144568)_damaging,0,6.451672588086055e-05,915.5,374.3122582372459,0.0,damaging,A2ML1
DNHD1 (144132)_damaging,0,6.820712235769434e-05,917.0,251.37355999919058,0.0,damaging,DNHD1
TEX10 (54881)_damaging,0,6.361839317021074e-05,917.0,66.46803743153546,0.0,damaging,TEX10
AHDC1 (27245)_damaging,0,6.922942566350311e-05,918.6666666666666,311.82099565829964,0.0,damaging,AHDC1
EPB41L5 (57669)_damaging,0,6.659392847812195e-05,919.6666666666666,284.46851026666087,0.0,damaging,EPB41L5
ADCY8 (114)_damaging,0,7.062290321554103e-05,920.25,259.2121074847135,0.0,damaging,ADCY8
PRR12 (57479)_damaging,0,7.045157564444497e-05,920.6,363.8101153074224,0.0,damaging,PRR12
ABCB5 (340273)_damaging,0,6.84460557094366e-05,920.8,348.24301859477384,0.0,damaging,ABCB5
ANKRD36C (400986)_damaging,0,7.162369872256867e-05,921.0,487.9036790187178,0.0,damaging,ANKRD36C
WNT16 (51384)_damaging,0,6.412984544329564e-05,921.3333333333334,259.5078675750185,0.0,damaging,WNT16
ATP9B (374868)_damaging,0,6.919563634765957e-05,922.0,266.6627083039546,0.0,damaging,ATP9B
BRWD3 (254065)_damaging,0,7.010806051448292e-05,922.0,314.8102603156384,0.0,damaging,BRWD3
USP19 (10869)_damaging,0,6.520903058945525e-05,923.0,,0.0,damaging,USP19
SAMHD1 (25939)_damaging,0,6.300733015678395e-05,923.75,383.7806448133274,0.0,damaging,SAMHD1
PDZRN4 (29951)_damaging,0,6.411210975224244e-05,924.25,331.2676410396886,0.0,damaging,PDZRN4
EVPL (2125)_damaging,0,6.273460326538594e-05,926.3333333333334,267.5001557631945,0.0,damaging,EVPL
AP1M1 (8907)_damaging,0,6.225756324331294e-05,926.5,195.86857838867365,0.0,damaging,AP1M1
GPR161 (23432)_damaging,0,6.752399531195972e-05,926.6666666666666,281.0343988435105,0.0,damaging,GPR161
ZMYM4 (9202)_damaging,0,6.519815730708268e-05,927.0,264.8980936133743,0.0,damaging,ZMYM4
SLX4 (84464)_damaging,0,6.611536879631025e-05,927.8,172.32730485909656,0.0,damaging,SLX4
CEP128 (145508)_damaging,0,6.528706312826124e-05,928.0,227.4510936443261,0.0,damaging,CEP128
ANK1 (286)_damaging,0,6.613462187087283e-05,928.2,245.4072126079427,0.0,damaging,ANK1
ARID4B (51742)_damaging,0,8.601014138569329e-05,928.2,488.1933018794912,0.0,damaging,ARID4B
BRD4 (23476)_damaging,0,6.849572974430948e-05,928.5,201.52543263816605,0.0,damaging,BRD4
EPHA5 (2044)_damaging,0,6.919544033506129e-05,928.6,282.7353886587245,0.0,damaging,EPHA5
AGO1 (26523)_damaging,0,7.012036193651116e-05,928.8,418.6271610872854,0.0,damaging,AGO1
PLCB4 (5332)_damaging,0,6.578665459129382e-05,929.0,249.806925444432,0.0,damaging,PLCB4
TTC21B (79809)_damaging,0,7.109161955234247e-05,929.4,405.3101281734765,0.0,damaging,TTC21B
PCNX3 (399909)_damaging,0,6.800208161515374e-05,929.8,340.57554228100406,0.0,damaging,PCNX3
CCDC18 (343099)_damaging,0,7.903753327827447e-05,930.0,524.6732316404183,0.0,damaging,CCDC18
PTPRU (10076)_damaging,0,6.0386316752362445e-05,931.0,322.2493858282226,0.0,damaging,PTPRU
SETD1A (9739)_damaging,0,6.50681248833786e-05,931.4,166.3920070195681,0.0,damaging,SETD1A
LAMA1 (284217)_damaging,0,7.12769431511918e-05,931.6,343.3151613313924,0.0,damaging,LAMA1
CKAP5 (9793)_damaging,0,7.43878235470239e-05,932.0,,0.0,damaging,CKAP5
IFT172 (26160)_damaging,0,6.427659624725295e-05,932.5,127.88145552294385,0.0,damaging,IFT172
MME (4311)_damaging,0,6.916034398506588e-05,933.0,360.3699488026159,0.0,damaging,MME
ASPH (444)_damaging,0,6.158954114840222e-05,933.5,86.97413408594535,0.0,damaging,ASPH
GREB1 (9687)_damaging,0,6.756246345420268e-05,934.0,263.93938698117796,0.0,damaging,GREB1
PTPRD (5789)_damaging,0,7.083523951440344e-05,934.6,414.70748727265584,0.0,damaging,PTPRD
TDRD6 (221400)_damaging,0,6.91498046414213e-05,935.8,410.46400573010055,0.0,damaging,TDRD6
RICTOR (253260)_damaging,0,5.939941012540799e-05,936.0,,0.0,damaging,RICTOR
ARHGAP17 (55114)_damaging,0,6.681052134593949e-05,937.0,276.6405610173606,0.0,damaging,ARHGAP17
BAG6 (7917)_damaging,0,8.327352113644422e-05,937.25,567.1897830532563,0.0,damaging,BAG6
ANKFN1 (162282)_damaging,0,6.927204509423712e-05,939.0,497.80317395532944,0.0,damaging,ANKFN1
HOXD11 (3237)_damaging,0,6.306733240842352e-05,940.0,,0.0,damaging,HOXD11
AP3B1 (8546)_damaging,0,6.344080274345876e-05,940.2,387.1810945797845,0.0,damaging,AP3B1
ERCC6 (2074)_damaging,0,5.837479892606929e-05,941.0,,0.0,damaging,ERCC6
PSD3 (23362)_damaging,0,7.256418037540037e-05,942.0,,0.0,damaging,PSD3
ZNF608 (57507)_damaging,0,6.613001444846822e-05,942.6666666666666,177.53966692920582,0.0,damaging,ZNF608
KCP (375616)_damaging,0,6.268852172414247e-05,943.0,340.1979815734754,0.0,damaging,KCP
SDCCAG8 (10806)_damaging,0,6.797461936946968e-05,943.0,86.2670273047588,0.0,damaging,SDCCAG8
TNS1 (7145)_damaging,0,6.444989708882504e-05,943.6666666666666,347.8524591451573,0.0,damaging,TNS1
LY75 (4065)_damaging,0,6.401558486523066e-05,944.4,294.07703072494456,0.0,damaging,LY75
ARAP2 (116984)_damaging,0,6.221073298693997e-05,945.5,364.15999231107196,0.0,damaging,ARAP2
PLCH1 (23007)_damaging,0,8.015012570894142e-05,945.6666666666666,583.0345901688281,0.0,damaging,PLCH1
ITSN2 (50618)_damaging,0,7.693842507358386e-05,946.0,404.91665809151397,0.0,damaging,ITSN2
NBAS (51594)_damaging,0,6.257289604521997e-05,946.4,167.0038921702126,0.0,damaging,NBAS
CHD6 (84181)_damaging,0,6.246676592701943e-05,946.5,332.5863296449009,0.0,damaging,CHD6
SVIL (6840)_damaging,0,7.39921220423421e-05,947.0,507.50172413500235,0.0,damaging,SVIL
ZNF711 (7552)_damaging,0,6.564852506221397e-05,947.0,459.42717957619067,0.0,damaging,ZNF711
ICE1 (23379)_damaging,0,6.406671570923033e-05,947.2,315.64331135001106,0.0,damaging,ICE1
FAM83B (222584)_damaging,0,7.070269657352079e-05,947.3333333333334,420.1015750188677,0.0,damaging,FAM83B
ZBTB21 (49854)_damaging,0,6.001484553935975e-05,947.6666666666666,193.99570441979722,0.0,damaging,ZBTB21
TEX14 (56155)_damaging,0,5.750963134896525e-05,948.0,,0.0,damaging,TEX14
ADAMTSL4 (54507)_damaging,0,6.194936509542384e-05,948.25,189.61078555820606,0.0,damaging,ADAMTSL4
MAP1B (4131)_damaging,0,6.355299730817245e-05,948.25,252.352101899971,0.0,damaging,MAP1B
ERRFI1 (54206)_damaging,0,6.288642705389888e-05,948.6,182.1902851416617,0.0,damaging,ERRFI1
LOXHD1 (125336)_damaging,0,6.511393021697342e-05,949.6,224.17359344936236,0.0,damaging,LOXHD1
AFF4 (27125)_damaging,0,6.213511664509364e-05,950.0,285.8513599757748,0.0,damaging,AFF4
BCL11A (53335)_damaging,0,6.156456352300698e-05,950.0,596.7981233214462,0.0,damaging,BCL11A
TRPA1 (8989)_damaging,0,6.563408544162035e-05,950.0,349.80661324032553,0.0,damaging,TRPA1
MEGF8 (1954)_damaging,0,6.327205494703557e-05,950.2,278.15139762366823,0.0,damaging,MEGF8
COL15A1 (1306)_damaging,0,6.418446765258289e-05,951.0,298.6193228845046,0.0,damaging,COL15A1
CEP250 (11190)_damaging,0,7.20638933866232e-05,951.25,419.824864278745,0.0,damaging,CEP250
ARMC3 (219681)_damaging,0,6.585721237706445e-05,951.75,277.77613888405415,0.0,damaging,ARMC3
UBR5 (51366)_damaging,0,6.368886720869834e-05,951.8,292.2528015263498,0.0,damaging,UBR5
POLD1 (5424)_damaging,0,6.285157663672208e-05,952.6,297.0089224248996,0.0,damaging,POLD1
MUC5AC (4586)_damaging,0,6.62434071999932e-05,952.8,291.58823707413165,0.0,damaging,MUC5AC
EGF (1950)_damaging,0,5.7325368293089525e-05,953.0,,0.0,damaging,EGF
SCN5A (6331)_damaging,0,6.039416785831986e-05,953.0,306.8843430349616,0.0,damaging,SCN5A
CAMSAP1 (157922)_damaging,0,6.709633833626106e-05,954.0,424.12340971310067,0.0,damaging,CAMSAP1
ITGA1 (3672)_damaging,0,6.242249509900143e-05,954.0,,0.0,damaging,ITGA1
TRIP10 (9322)_damaging,0,6.0880946100532146e-05,954.5,364.15999231107196,0.0,damaging,TRIP10
DDX27 (55661)_damaging,0,7.282425123507577e-05,954.8,527.6691198089954,0.0,damaging,DDX27
NHS (4810)_damaging,0,6.358640519640254e-05,954.8,312.67347185202647,0.0,damaging,NHS
SLC16A12 (387700)_damaging,0,6.0133427554468204e-05,955.3333333333334,236.75796361122332,0.0,damaging,SLC16A12
AOX1 (316)_damaging,0,5.971335429713849e-05,955.5,26.16295090390226,0.0,damaging,AOX1
WNK3 (65267)_damaging,0,6.78241282868328e-05,955.6666666666666,407.6092900478758,0.0,damaging,WNK3
SORCS3 (22986)_damaging,0,6.288754120126499e-05,955.8,243.1207518909071,0.0,damaging,SORCS3
NOL11 (25926)_damaging,0,5.977773532049324e-05,956.0,250.93226177596216,0.0,damaging,NOL11
ADGRL4 (64123)_damaging,0,6.510917328785183e-05,958.0,305.68202433247524,0.0,damaging,ADGRL4
MAP2K7 (5609)_damaging,0,6.236609702168667e-05,958.0,353.5533905932738,0.0,damaging,MAP2K7
ADAMTSL2 (9719)_damaging,0,7.04209411115121e-05,958.6,427.1923454370408,0.0,damaging,ADAMTSL2
TNRC6A (27327)_damaging,0,6.27015221758906e-05,958.6,226.69759592902614,0.0,damaging,TNRC6A
GOLGA3 (2802)_damaging,0,5.773585680277827e-05,960.3333333333334,246.8731118071252,0.0,damaging,GOLGA3
MYO16 (23026)_damaging,0,6.567430970431339e-05,960.8,331.2366223713797,0.0,damaging,MYO16
NOTCH3 (4854)_damaging,0,6.396206982224191e-05,960.8,309.5128430291706,0.0,damaging,NOTCH3
KCNH4 (23415)_damaging,0,6.32296175401136e-05,961.0,361.2745954718285,0.0,damaging,KCNH4
RPTOR (57521)_damaging,0,6.2833844738048e-05,961.5,376.7656212200542,0.0,damaging,RPTOR
TNXB (7148)_damaging,0,6.187104423654175e-05,961.8,215.9518464843494,0.0,damaging,TNXB
COL20A1 (57642)_damaging,0,6.26918285101079e-05,962.5,135.15053335694483,0.0,damaging,COL20A1
RECQL4 (9401)_damaging,0,5.5978861125469405e-05,963.0,,0.0,damaging,RECQL4
CENPE (1062)_damaging,0,5.928178485125513e-05,963.25,334.6882878141988,0.0,damaging,CENPE
NCAM1 (4684)_damaging,0,6.284039546859457e-05,965.0,298.4216815179487,0.0,damaging,NCAM1
PTPN21 (11099)_damaging,0,6.155357031207109e-05,965.25,290.7649394270224,0.0,damaging,PTPN21
JAK1 (3716)_damaging,0,6.084862891486667e-05,966.0,307.1367773484641,0.0,damaging,JAK1
HAND2 (9464)_damaging,0,5.831902306292541e-05,966.5,436.2848839920998,0.0,damaging,HAND2
NOBOX (135935)_damaging,0,6.133531520985923e-05,966.6,171.00233916528745,0.0,damaging,NOBOX
B4GALNT4 (338707)_damaging,0,6.690891370084139e-05,967.0,378.83835603064273,0.0,damaging,B4GALNT4
CHD3 (1107)_damaging,0,6.799137539723431e-05,967.4,368.86555816448896,0.0,damaging,CHD3
MDC1 (9656)_damaging,0,6.406106262507533e-05,967.8,288.6307329443627,0.0,damaging,MDC1
CD58 (965)_damaging,0,6.17301720803422e-05,968.0,445.47727214752496,0.0,damaging,CD58
CEP162 (22832)_damaging,0,6.380536658024111e-05,969.0,502.29274332803175,0.0,damaging,CEP162
KLHL41 (10324)_damaging,0,5.813246481051805e-05,970.0,38.43175770115127,0.0,damaging,KLHL41
SIPA1L3 (23094)_damaging,0,5.806795300134792e-05,971.3333333333334,119.06860767361536,0.0,damaging,SIPA1L3
TENM3 (55714)_damaging,0,6.081042401923257e-05,972.2,162.97607186332598,0.0,damaging,TENM3
LRP1 (4035)_damaging,0,6.103305803812745e-05,972.4,264.3497682995013,0.0,damaging,LRP1
DOCK2 (1794)_damaging,0,6.36631258164989e-05,974.2,374.5713550179725,0.0,damaging,DOCK2
TRDN (10345)_damaging,0,5.954852179492779e-05,974.25,308.68254998730765,0.0,damaging,TRDN
RAD51AP2 (729475)_damaging,0,6.145735524682317e-05,974.4,306.7797255360921,0.0,damaging,RAD51AP2
TAF4 (6874)_damaging,0,5.453189410711811e-05,974.5,409.414826307011,0.0,damaging,TAF4
LOXL4 (84171)_damaging,0,5.962111353884732e-05,976.5,396.6869042456532,0.0,damaging,LOXL4
A2M (2)_damaging,0,5.948133106976792e-05,977.0,63.28111882702454,0.0,damaging,A2M
HCN4 (10021)_damaging,0,5.699159035001461e-05,977.25,286.9394535437746,0.0,damaging,HCN4
ARHGAP30 (257106)_damaging,0,5.6513150500353613e-05,977.3333333333334,284.1062008005692,0.0,damaging,ARHGAP30
MDN1 (23195)_damaging,0,7.018829329045526e-05,977.4,414.90034948165567,0.0,damaging,MDN1
ZNF208 (7757)_damaging,0,6.500192687423392e-05,978.0,517.0860663371234,0.0,damaging,ZNF208
CLSPN (63967)_damaging,0,6.009373716110824e-05,978.25,77.14218474133763,0.0,damaging,CLSPN
TRRAP (8295)_damaging,0,6.392355781490206e-05,978.6,493.11185343692557,0.0,damaging,TRRAP
PLXNA3 (55558)_damaging,0,6.70852150108791e-05,978.8,432.1720722119836,0.0,damaging,PLXNA3
TCF7L2 (6934)_damaging,0,6.022704158958868e-05,978.8,315.13362245244474,0.0,damaging,TCF7L2
IGSF9 (57549)_damaging,0,5.966598711585245e-05,979.0,,0.0,damaging,IGSF9
POLR1A (25885)_damaging,0,6.060669705756844e-05,979.0,183.84776310850236,0.0,damaging,POLR1A
MICAL2 (9645)_damaging,0,6.15919931733267e-05,980.0,38.18376618407357,0.0,damaging,MICAL2
FSTL4 (23105)_damaging,0,5.7272623268217876e-05,981.0,59.632206063502295,0.0,damaging,FSTL4
SH3PXD2A (9644)_damaging,0,7.086662329491521e-05,981.0,486.4894654563447,0.0,damaging,SH3PXD2A
TFE3 (7030)_damaging,0,5.5694069352657005e-05,981.25,359.3590358773057,0.0,damaging,TFE3
ACACB (32)_damaging,0,6.017458821903174e-05,981.4,187.17184617350978,0.0,damaging,ACACB
DCHS2 (54798)_damaging,0,6.239619753312688e-05,981.4,315.59198342163256,0.0,damaging,DCHS2
CHSY3 (337876)_damaging,0,5.7864752057417454e-05,981.5,255.26554800834364,0.0,damaging,CHSY3
DOCK8 (81704)_damaging,0,5.924562930094085e-05,981.6,179.6824977564593,0.0,damaging,DOCK8
SBNO1 (55206)_damaging,0,6.368985133037648e-05,981.6,397.7113274725778,0.0,damaging,SBNO1
MEGF11 (84465)_damaging,0,6.8383775808263e-05,982.0,,0.0,damaging,MEGF11
GUCY2F (2986)_damaging,0,5.51956456102061e-05,983.0,176.7766952966369,0.0,damaging,GUCY2F
MROH1 (727957)_damaging,0,5.362662142489584e-05,983.0,,0.0,damaging,MROH1
HECW1 (23072)_damaging,0,5.770116323159859e-05,983.2,158.41622391661787,0.0,damaging,HECW1
IQUB (154865)_damaging,0,5.5753343207275255e-05,983.5,47.37615433949868,0.0,damaging,IQUB
RB1CC1 (9821)_damaging,0,5.764594223073124e-05,984.0,179.606514358472,0.0,damaging,RB1CC1
PKD1 (5310)_damaging,0,6.053405473442511e-05,985.2,221.12711276548612,0.0,damaging,PKD1
INO80 (54617)_damaging,0,5.954508290793635e-05,985.25,334.2747123749168,0.0,damaging,INO80
IRS1 (3667)_damaging,0,6.030428850376589e-05,985.25,338.03981520919496,0.0,damaging,IRS1
PYHIN1 (149628)_damaging,0,5.690787271375215e-05,985.5,529.622979108724,0.0,damaging,PYHIN1
RSU1P2 (100133308)_damaging,0,5.5630118854548336e-05,985.5,210.492280143477,0.0,damaging,RSU1P2
SORBS2 (8470)_damaging,0,5.937364286850311e-05,985.75,361.465881285265,0.0,damaging,SORBS2
KIF26B (55083)_damaging,0,5.717991821992262e-05,986.2,278.92507954646175,0.0,damaging,KIF26B
ABI3BP (25890)_damaging,0,6.0591027609920036e-05,986.8,350.78013056614253,0.0,damaging,ABI3BP
REV3L (5980)_damaging,0,5.992126794698449e-05,987.4,265.0232065310508,0.0,damaging,REV3L
CDH15 (1013)_damaging,0,5.837145842268447e-05,987.5,294.70946144748507,0.0,damaging,CDH15
SPAG6 (9576)_damaging,0,5.919925579239296e-05,988.0,,0.0,damaging,SPAG6
CUL9 (23113)_damaging,0,5.5258607501464165e-05,990.0,114.5512985522207,0.0,damaging,CUL9
KIF3A (11127)_damaging,0,5.687839975933205e-05,990.0,,0.0,damaging,KIF3A
ZMIZ1 (57178)_damaging,0,5.700818660295013e-05,990.75,273.91163416936735,0.0,damaging,ZMIZ1
SLIT2 (9353)_damaging,0,5.785227693381684e-05,991.0,435.4870836201689,0.0,damaging,SLIT2
RTTN (25914)_damaging,0,6.189858962438745e-05,991.6,396.1007447607237,0.0,damaging,RTTN
LAMC3 (10319)_damaging,0,6.000654578500127e-05,991.6666666666666,357.78391989206744,0.0,damaging,LAMC3
MYT1L (23040)_damaging,0,5.686752710702892e-05,992.3333333333334,314.2233812645605,0.0,damaging,MYT1L
ANKRD36 (375248)_damaging,0,5.961255508625191e-05,993.0,544.4722215136416,0.0,damaging,ANKRD36
TRIO (7204)_damaging,0,6.219742220258534e-05,993.4,384.71197018028954,0.0,damaging,TRIO
ZNF106 (64397)_damaging,0,5.5333653654274025e-05,993.6,329.8534523087488,0.0,damaging,ZNF106
HCN1 (348980)_damaging,0,6.106316686178728e-05,994.0,315.49801901121344,0.0,damaging,HCN1
WDTC1 (23038)_damaging,0,5.819091639537974e-05,994.8,285.8595809134268,0.0,damaging,WDTC1
SAFB2 (9667)_damaging,0,5.771243056456897e-05,996.5,329.6963249213838,0.0,damaging,SAFB2
CNOT1 (23019)_damaging,0,5.859712501461102e-05,996.6666666666666,426.38753890484804,0.0,damaging,CNOT1
KCNH2 (3757)_damaging,0,5.39413160669351e-05,997.0,146.3249807790864,0.0,damaging,KCNH2
MYH14 (79784)_damaging,0,5.699511629981034e-05,997.0,363.4528855298854,0.0,damaging,MYH14
TTLL6 (284076)_damaging,0,5.824388224428601e-05,997.0,,0.0,damaging,TTLL6
ARSK (153642)_damaging,0,5.965243218023347e-05,997.4,287.87549392054893,0.0,damaging,ARSK
PTPRZ1 (5803)_damaging,0,5.728589201876241e-05,997.4,297.20413859837146,0.0,damaging,PTPRZ1
WDR72 (256764)_damaging,0,5.77933003768103e-05,997.75,382.77702386637577,0.0,damaging,WDR72
GRIN2B (2904)_damaging,0,6.001663916139116e-05,998.6666666666666,345.8443773336981,0.0,damaging,GRIN2B
GOLGA2 (2801)_damaging,0,6.107936921480038e-05,999.2,372.44153903666546,0.0,damaging,GOLGA2
MED15 (51586)_damaging,0,5.8037089953528465e-05,1000.0,309.94999596709147,0.0,damaging,MED15
CTNNA1 (1495)_damaging,0,6.297544273872684e-05,1000.4,338.86988653464033,0.0,damaging,CTNNA1
FOXN3 (1112)_damaging,0,5.5896486655335565e-05,1000.5,300.5203820042827,0.0,damaging,FOXN3
RBL2 (5934)_damaging,0,5.783881434409222e-05,1000.5,178.18623216548843,0.0,damaging,RBL2
DUOX2 (50506)_damaging,0,5.836701794514882e-05,1000.6666666666666,162.7708000021298,0.0,damaging,DUOX2
MYO18B (84700)_damaging,0,5.7999466101953825e-05,1000.8,324.70709878288767,0.0,damaging,MYO18B
XRN1 (54464)_damaging,0,6.0463786212607754e-05,1001.8,341.1681403648353,0.0,damaging,XRN1
TECTA (7007)_damaging,0,5.875047282169363e-05,1002.2,257.7395972682506,0.0,damaging,TECTA
SSC5D (284297)_damaging,0,5.6458606075471555e-05,1003.5,217.35454906672646,0.0,damaging,SSC5D
ANO3 (63982)_damaging,0,6.179876910040921e-05,1004.0,434.5583965360697,0.0,damaging,ANO3
EMILIN1 (11117)_damaging,0,5.615631911533251e-05,1004.3333333333334,390.0747791556554,0.0,damaging,EMILIN1
CNTN4 (152330)_damaging,0,5.945177861018411e-05,1004.4,332.76162639342897,0.0,damaging,CNTN4
CORO7 (79585)_damaging,0,5.701813897311033e-05,1005.3333333333334,269.0526590341254,0.0,damaging,CORO7
CCDC171 (203238)_damaging,0,5.8559848042764125e-05,1006.0,89.09545442950498,0.0,damaging,CCDC171
TNRC18 (84629)_damaging,0,5.6527706301988714e-05,1006.2,266.9067252805744,0.0,damaging,TNRC18
PCDH19 (57526)_damaging,0,5.764702440589909e-05,1006.5,287.89870903959724,0.0,damaging,PCDH19
AP4E1 (23431)_damaging,0,6.362180055394515e-05,1006.6666666666666,460.1046982300152,0.0,damaging,AP4E1
C6 (729)_damaging,0,6.217957090721117e-05,1008.0,353.96044976804967,0.0,damaging,C6
PLXNC1 (10154)_damaging,0,5.87785507964481e-05,1008.0,413.6778134410079,0.0,damaging,PLXNC1
ULK1 (8408)_damaging,0,5.074187053280582e-05,1008.0,,0.0,damaging,ULK1
MYH6 (4624)_damaging,0,5.2509988262652304e-05,1009.0,277.18585822512665,0.0,damaging,MYH6
ZEB2 (9839)_damaging,0,5.382140814632756e-05,1009.0,317.73469016355983,0.0,damaging,ZEB2
PIGO (84720)_damaging,0,5.8388651219235164e-05,1009.5,181.86166904179305,0.0,damaging,PIGO
FANCM (57697)_damaging,0,5.869203558002238e-05,1009.8,346.4595214451466,0.0,damaging,FANCM
DVL1 (1855)_damaging,0,5.025981959086376e-05,1010.0,,0.0,damaging,DVL1
LBP (3929)_damaging,0,6.54520707437084e-05,1010.0,,0.0,damaging,LBP
CHD5 (26038)_damaging,0,5.616360088321582e-05,1011.4,188.48686956920898,0.0,damaging,CHD5
CACNA1S (779)_damaging,0,5.8215061482170325e-05,1011.6666666666666,401.975538227556,0.0,damaging,CACNA1S
TRIP12 (9320)_damaging,0,5.494022370228834e-05,1011.6666666666666,212.07152881359,0.0,damaging,TRIP12
HNRNPUL1 (11100)_damaging,0,5.504266395551145e-05,1011.75,246.20232194951643,0.0,damaging,HNRNPUL1
ZC3H4 (23211)_damaging,0,5.202056683650153e-05,1012.0,2.8284271247461903,0.0,damaging,ZC3H4
SLIT3 (6586)_damaging,0,5.855430303425036e-05,1012.6666666666666,220.7630705832235,0.0,damaging,SLIT3
MCTP1 (79772)_damaging,0,5.4746460365024186e-05,1012.75,207.21546756938778,0.0,damaging,MCTP1
RCBTB2 (1102)_damaging,0,6.061753730103597e-05,1013.0,106.06601717798213,0.0,damaging,RCBTB2
TICRR (90381)_damaging,0,5.748679121919354e-05,1013.4,298.8198453918347,0.0,damaging,TICRR
LUZP1 (7798)_damaging,0,5.45067556502823e-05,1014.4,149.83424174733892,0.0,damaging,LUZP1
UGT2B28 (54490)_damaging,0,5.7357429679177465e-05,1015.0,24.041630560342615,0.0,damaging,UGT2B28
HTT (3064)_damaging,0,5.702253271304869e-05,1015.25,363.26149901505755,0.0,damaging,HTT
ADAMTS9 (56999)_damaging,0,5.821802386374388e-05,1015.3333333333334,307.8673956971302,0.0,damaging,ADAMTS9
RHOA (387)_hotspot,0,5.611179133685551e-05,1015.4,210.92368288079936,0.0,hotspot,RHOA
TNNI3K (51086)_damaging,0,5.400232319954968e-05,1016.0,,0.0,damaging,TNNI3K
NOS3 (4846)_damaging,0,5.712024320688828e-05,1016.4,242.05639838682225,0.0,damaging,NOS3
RASA1 (5921)_damaging,0,5.6982277248941705e-05,1017.2,258.48249457168276,0.0,damaging,RASA1
CCDC187 (399693)_damaging,0,4.924231845770678e-05,1019.0,,0.0,damaging,CCDC187
SMC3 (9126)_damaging,0,6.508759071787718e-05,1019.6,480.8973903027547,0.0,damaging,SMC3
MECOM (2122)_damaging,0,6.0118747110065046e-05,1020.6,346.1600785763719,0.0,damaging,MECOM
MPHOSPH9 (10198)_damaging,0,5.366375812930759e-05,1021.0,,0.0,damaging,MPHOSPH9
ATXN1 (6310)_damaging,0,5.554129089227662e-05,1021.4,239.92040346748334,0.0,damaging,ATXN1
COL28A1 (340267)_damaging,0,5.821833511258894e-05,1021.4,289.1267887968875,0.0,damaging,COL28A1
HIVEP2 (3097)_damaging,0,5.7906407004628714e-05,1022.0,326.97629883525195,0.0,damaging,HIVEP2
KIF21A (55605)_damaging,0,5.518710276214851e-05,1024.0,424.32593604445157,0.0,damaging,KIF21A
EPRS1 (2058)_damaging,0,5.3868973309068094e-05,1025.0,163.16556009158305,0.0,damaging,EPRS1
TDRD1 (56165)_damaging,0,4.813524133770791e-05,1025.0,,0.0,damaging,TDRD1
TNIK (23043)_damaging,0,5.656957093113651e-05,1025.0,120.20815280171308,0.0,damaging,TNIK
GPR158 (57512)_damaging,0,5.792773937870522e-05,1026.0,364.8935917953799,0.0,damaging,GPR158
MCF2 (4168)_damaging,0,6.435129250086773e-05,1026.0,,0.0,damaging,MCF2
ZNF90 (7643)_damaging,0,5.4721279205609174e-05,1026.5,229.80970388562795,0.0,damaging,ZNF90
ADAMTS18 (170692)_damaging,0,5.11428462198197e-05,1028.5,112.42997820866105,0.0,damaging,ADAMTS18
NOX5 (79400)_damaging,0,5.08273706324644e-05,1028.5,178.89801564019652,0.0,damaging,NOX5
MAGI3 (260425)_damaging,0,5.2060117883015374e-05,1029.5,255.26554800834364,0.0,damaging,MAGI3
SPEG (10290)_damaging,0,5.357318205439739e-05,1030.6,292.25126175946616,0.0,damaging,SPEG
ZNF804B (219578)_damaging,0,5.437827328412298e-05,1031.4,269.81901341454795,0.0,damaging,ZNF804B
COL24A1 (255631)_damaging,0,5.437392536831419e-05,1032.2,239.24610759634103,0.0,damaging,COL24A1
FRY (10129)_damaging,0,5.4202436803252775e-05,1032.4,266.71857828055397,0.0,damaging,FRY
DZIP3 (9666)_damaging,0,5.4257004366895326e-05,1033.2,394.18485511242056,0.0,damaging,DZIP3
RBBP6 (5930)_damaging,0,4.872982654220892e-05,1033.2,229.60879774085313,0.0,damaging,RBBP6
MUC17 (140453)_damaging,0,5.577287817377232e-05,1033.6,347.34608102006854,0.0,damaging,MUC17
TSHZ3 (57616)_damaging,0,5.650347552594022e-05,1033.75,343.30003883872,0.0,damaging,TSHZ3
CFTR (1080)_damaging,0,4.9792590885532364e-05,1034.0,134.35525048666065,0.0,damaging,CFTR
RGL1 (23179)_damaging,0,5.287809266422718e-05,1034.0,56.20942981386664,0.0,damaging,RGL1
DMBT1 (1755)_damaging,0,5.372296536203724e-05,1035.0,167.594749321093,0.0,damaging,DMBT1
HCFC2 (29915)_damaging,0,5.6463314650376444e-05,1035.0,343.15594122789133,0.0,damaging,HCFC2
FNDC1 (84624)_damaging,0,5.2977017805536204e-05,1035.4,261.67307847770667,0.0,damaging,FNDC1
VIT (5212)_damaging,0,5.407938035061711e-05,1036.0,316.7838379715733,0.0,damaging,VIT
RAPGEF5 (9771)_damaging,0,5.781452443704422e-05,1036.3333333333333,270.000617283245,0.0,damaging,RAPGEF5
ERBB3 (2065)_hotspot,0,6.298390857812528e-05,1036.75,495.994203595163,0.0,hotspot,ERBB3
CFAP74 (85452)_damaging,0,5.694196279352979e-05,1037.0,38.18376618407357,0.0,damaging,CFAP74
HDAC5 (10014)_damaging,0,5.168968305872899e-05,1037.5,427.79960261786124,0.0,damaging,HDAC5
ITGA2B (3674)_damaging,0,5.306853639192269e-05,1037.75,205.77394554866916,0.0,damaging,ITGA2B
RAPGEF6 (51735)_damaging,0,4.8660019653207255e-05,1038.0,229.1025971044414,0.0,damaging,RAPGEF6
ZC3H7B (23264)_damaging,0,5.2392685035508796e-05,1038.8,165.89966847465368,0.0,damaging,ZC3H7B
SPTBN4 (57731)_damaging,0,5.639879414860693e-05,1039.0,242.616982093175,0.0,damaging,SPTBN4
NWD1 (284434)_damaging,0,5.001429962141736e-05,1039.5,208.59650045003153,0.0,damaging,NWD1
SUZ12 (23512)_damaging,0,5.2644713661493724e-05,1040.0,157.66737138672667,0.0,damaging,SUZ12
PRR14L (253143)_damaging,0,5.764366339852755e-05,1040.75,318.05489568102337,0.0,damaging,PRR14L
ZBED4 (9889)_damaging,0,4.69468627119308e-05,1041.0,,0.0,damaging,ZBED4
ZBTB7C (201501)_damaging,0,5.333932623526837e-05,1041.4,259.2340641196677,0.0,damaging,ZBTB7C
FMR1 (2332)_damaging,0,5.128050918338675e-05,1043.0,,0.0,damaging,FMR1
ALOX12B (242)_damaging,0,5.7222319328951453e-05,1043.5,135.0573952066306,0.0,damaging,ALOX12B
PATJ (10207)_damaging,0,5.692531295780577e-05,1044.3333333333333,502.0401710354794,0.0,damaging,PATJ
GAB2 (9846)_damaging,0,4.8525064179353374e-05,1045.5,28.991378028648448,0.0,damaging,GAB2
MTUS2 (23281)_damaging,0,4.545428633704685e-05,1046.0,,0.0,damaging,MTUS2
CRACDL (343990)_damaging,0,5.042670359944948e-05,1046.5,262.3490041909822,0.0,damaging,CRACDL
ODAD2 (55130)_damaging,0,5.8236329849545304e-05,1047.0,439.1355143916283,0.0,damaging,ODAD2
SLC4A10 (57282)_damaging,0,5.15047814967557e-05,1047.0,186.0550993657524,0.0,damaging,SLC4A10
TNRC6C (57690)_damaging,0,5.301353508214495e-05,1047.2,256.7385829983487,0.0,damaging,TNRC6C
CCDC73 (493860)_damaging,0,5.370140348529449e-05,1048.2,309.10952751411594,0.0,damaging,CCDC73
WWOX (51741)_damaging,0,4.643714280457505e-05,1049.0,,0.0,damaging,WWOX
NAV1 (89796)_damaging,0,5.134685211132145e-05,1051.25,375.96752962634065,0.0,damaging,NAV1
PIK3R3 (8503)_damaging,0,6.38628427920993e-05,1052.3333333333333,644.7063931227402,0.0,damaging,PIK3R3
USP13 (8975)_damaging,0,5.200552346633678e-05,1052.6,231.91011189682956,0.0,damaging,USP13
MYO18A (399687)_damaging,0,5.145485434442721e-05,1052.75,298.05634254840703,0.0,damaging,MYO18A
NHSL1 (57224)_damaging,0,5.2660221368565054e-05,1053.0,417.19300090006305,0.0,damaging,NHSL1
RIMBP2 (23504)_damaging,0,5.5616710860012975e-05,1053.6,315.78283677236163,0.0,damaging,RIMBP2
CRLF1 (9244)_damaging,0,5.169238051375795e-05,1054.0,,0.0,damaging,CRLF1
KNL1 (57082)_damaging,0,5.31763787214046e-05,1054.0,412.98062908567516,0.0,damaging,KNL1
USP7 (7874)_damaging,0,5.12255027983916e-05,1054.5,201.52543263816605,0.0,damaging,USP7
SHC1 (6464)_damaging,0,4.9945742749131206e-05,1054.75,474.4381765133718,0.0,damaging,SHC1
DOCK1 (1793)_damaging,0,5.4699045482894075e-05,1055.5,232.63813101037414,0.0,damaging,DOCK1
WDR17 (116966)_damaging,0,6.118212559707405e-05,1057.2,446.41482950278436,0.0,damaging,WDR17
WNK1 (65125)_damaging,0,4.755664737124459e-05,1057.5,251.3543315719862,0.0,damaging,WNK1
PRPF40B (25766)_damaging,0,4.8103783191935815e-05,1058.0,249.2047351075015,0.0,damaging,PRPF40B
PTPN23 (25930)_damaging,0,5.3814303666766656e-05,1058.0,430.93677030395077,0.0,damaging,PTPN23
ALK (238)_damaging,0,5.11241084793278e-05,1059.0,119.57633545145961,0.0,damaging,ALK
ANO5 (203859)_damaging,0,5.1284218894896043e-05,1059.0,,0.0,damaging,ANO5
WDFY3 (23001)_damaging,0,5.087111178763677e-05,1060.6,315.50007923929275,0.0,damaging,WDFY3
VCAN (1462)_damaging,0,5.354449173029684e-05,1061.0,323.0727472257603,0.0,damaging,VCAN
CFH (3075)_damaging,0,4.817642703461147e-05,1061.5,324.5620125646253,0.0,damaging,CFH
AXIN1 (8312)_damaging,0,4.785181258958028e-05,1062.0,163.6235516869948,0.0,damaging,AXIN1
KIAA1549L (25758)_damaging,0,5.5382227635351215e-05,1062.6666666666667,471.41736638920435,0.0,damaging,KIAA1549L
SIN3B (23309)_damaging,0,5.099672007633662e-05,1062.6666666666667,139.1054755692001,0.0,damaging,SIN3B
NUMA1 (4926)_damaging,0,5.082722677238599e-05,1063.0,157.54576054806003,0.0,damaging,NUMA1
AMER1 (139285)_damaging,0,5.1549194137869874e-05,1063.4,214.4091882359522,0.0,damaging,AMER1
MTCL3 (387104)_damaging,0,4.755083392879752e-05,1063.5,286.37824638055173,0.0,damaging,MTCL3
NRG3 (10718)_damaging,0,5.1324016368302396e-05,1064.0,196.21926510921398,0.0,damaging,NRG3
CAMTA1 (23261)_damaging,0,4.885649393312978e-05,1064.6666666666667,270.92864989390347,0.0,damaging,CAMTA1
TPTE (7179)_damaging,0,5.07825142534697e-05,1065.8,169.87554267757324,0.0,damaging,TPTE
COL25A1 (84570)_damaging,0,5.027124007235007e-05,1066.0,138.6338102099677,0.0,damaging,COL25A1
SLF2 (55719)_damaging,0,4.708100775949748e-05,1067.0,158.32877186411824,0.0,damaging,SLF2
HFM1 (164045)_damaging,0,5.1572684236734844e-05,1067.5,220.9683235217211,0.0,damaging,HFM1
ITGAD (3681)_damaging,0,5.0024487485316146e-05,1069.25,232.76937799747913,0.0,damaging,ITGAD
MAGI2 (9863)_damaging,0,4.927345636964644e-05,1070.2,183.42355355842392,0.0,damaging,MAGI2
EFR3A (23167)_damaging,0,5.0762674934565796e-05,1072.2,270.22620154233744,0.0,damaging,EFR3A
MAST1 (22983)_damaging,0,4.528325289748658e-05,1072.3333333333333,230.02681003164247,0.0,damaging,MAST1
PSME4 (23198)_damaging,0,4.871197860862244e-05,1073.0,,0.0,damaging,PSME4
SCN9A (6335)_damaging,0,4.963937750196521e-05,1073.8,227.23270011158164,0.0,damaging,SCN9A
COL4A4 (1286)_damaging,0,4.8499096981134994e-05,1074.2,224.57114685551215,0.0,damaging,COL4A4
SHROOM3 (57619)_damaging,0,4.815622293906582e-05,1074.2,281.7866213999522,0.0,damaging,SHROOM3
DPYD (1806)_damaging,0,4.605625664058981e-05,1074.5,376.8879143724298,0.0,damaging,DPYD
RALGAPA2 (57186)_damaging,0,5.0477884112699214e-05,1075.5,330.46684150355134,0.0,damaging,RALGAPA2
CLUH (23277)_damaging,0,4.462240817009623e-05,1075.75,325.03063958135806,0.0,damaging,CLUH
PKDREJ (10343)_damaging,0,4.913027435834759e-05,1076.0,148.37789592793126,0.0,damaging,PKDREJ
TAF3 (83860)_damaging,0,5.073035655417115e-05,1076.0,182.50205478295305,0.0,damaging,TAF3
MYO3B (140469)_damaging,0,4.933428843312519e-05,1077.0,,0.0,damaging,MYO3B
DCHS1 (8642)_damaging,0,4.968923617383543e-05,1077.5,290.9530317193252,0.0,damaging,DCHS1
MLH1 (4292)_damaging,0,4.835400744040671e-05,1077.6,241.85078044116378,0.0,damaging,MLH1
PLXNA4 (91584)_damaging,0,4.5175315163062545e-05,1077.8,254.67960263829528,0.0,damaging,PLXNA4
PCDH7 (5099)_damaging,0,5.044651834221029e-05,1078.25,258.00694435098706,0.0,damaging,PCDH7
GOLGB1 (2804)_damaging,0,5.006162499845673e-05,1078.6666666666667,85.7340850148489,0.0,damaging,GOLGB1
KNTC1 (9735)_damaging,0,4.5306928403740675e-05,1079.25,338.9448086832624,0.0,damaging,KNTC1
DSCAML1 (57453)_damaging,0,4.977636084704108e-05,1079.4,188.09253042053533,0.0,damaging,DSCAML1
KIF20B (9585)_damaging,0,5.0449080686776716e-05,1081.0,306.39435373387676,0.0,damaging,KIF20B
MARK4 (57787)_damaging,0,4.5425692175424704e-05,1081.0,89.09545442950498,0.0,damaging,MARK4
WAPL (23063)_damaging,0,5.384637396809516e-05,1082.6666666666667,416.36802631005827,0.0,damaging,WAPL
FHDC1 (85462)_damaging,0,5.2049384372959096e-05,1082.75,479.96553695725555,0.0,damaging,FHDC1
CENPJ (55835)_damaging,0,4.8963004178183094e-05,1083.0,291.9743139387436,0.0,damaging,CENPJ
CHD1L (9557)_damaging,0,4.2305980582518906e-05,1083.0,,0.0,damaging,CHD1L
EPHA2 (1969)_damaging,0,4.918030261523121e-05,1083.0,240.5317026921815,0.0,damaging,EPHA2
FOXK2 (3607)_damaging,0,4.401380097237655e-05,1083.0,39.59797974644666,0.0,damaging,FOXK2
MAP4K4 (9448)_damaging,0,4.050859681602001e-05,1083.0,403.0508652763321,0.0,damaging,MAP4K4
RUSC2 (9853)_damaging,0,4.694724541015877e-05,1083.0,291.0990667567773,0.0,damaging,RUSC2
DGKB (1607)_damaging,0,5.2687447147030576e-05,1083.5,45.96194077712559,0.0,damaging,DGKB
MGAM2 (93432)_damaging,0,4.8406385288684526e-05,1083.5,186.1012269348772,0.0,damaging,MGAM2
PARD3B (117583)_damaging,0,4.46095129490752e-05,1083.6666666666667,119.50871655797052,0.0,damaging,PARD3B
GLI3 (2737)_damaging,0,4.7430739916898976e-05,1084.2,350.7031508270207,0.0,damaging,GLI3
NOTCH2 (4853)_damaging,0,4.5552743519516836e-05,1084.25,160.35039756732755,0.0,damaging,NOTCH2
POSTN (10631)_damaging,0,4.3513383295362885e-05,1084.3333333333333,274.0827125765748,0.0,damaging,POSTN
PAN3 (255967)_damaging,0,4.708932617645424e-05,1084.5,270.82189719444773,0.0,damaging,PAN3
MFRP (83552)_damaging,0,5.367346453562129e-05,1085.3333333333333,340.9418327711244,0.0,damaging,MFRP
SKIC3 (9652)_damaging,0,4.968335068083988e-05,1086.25,110.7651419295198,0.0,damaging,SKIC3
SMARCA2 (6595)_damaging,0,4.626089458277598e-05,1086.5,236.50299504798383,0.0,damaging,SMARCA2
PTH2R (5746)_damaging,0,4.21712083053783e-05,1087.0,,0.0,damaging,PTH2R
GALNT13 (114805)_damaging,0,4.495849016825849e-05,1088.5,82.73149339882606,0.0,damaging,GALNT13
ZNF318 (24149)_damaging,0,4.868999187556857e-05,1089.8,367.2018518471823,0.0,damaging,ZNF318
CCDC88A (55704)_damaging,0,4.7718268853629266e-05,1090.0,242.39740097616556,0.0,damaging,CCDC88A
MMRN1 (22915)_damaging,0,4.456619282791825e-05,1090.0,473.9841769510877,0.0,damaging,MMRN1
TCHH (7062)_damaging,0,5.299585722127793e-05,1090.5,266.5792565073284,0.0,damaging,TCHH
ZNRF3 (84133)_damaging,0,4.833853335637018e-05,1091.0,166.87720036002523,0.0,damaging,ZNRF3
PHACTR1 (221692)_damaging,0,4.751005581807216e-05,1092.5,282.32546230665537,0.0,damaging,PHACTR1
DOCK5 (80005)_damaging,0,4.688450810780469e-05,1092.6,281.41481837316246,0.0,damaging,DOCK5
CNTNAP5 (129684)_damaging,0,4.709407553281023e-05,1093.0,148.61191069359143,0.0,damaging,CNTNAP5
SLC12A7 (10723)_damaging,0,4.680845018404422e-05,1093.4,233.83926103201745,0.0,damaging,SLC12A7
TLN2 (83660)_damaging,0,4.580792902415999e-05,1094.4,230.022390214518,0.0,damaging,TLN2
MCM3AP (8888)_damaging,0,4.704099361324484e-05,1097.0,,0.0,damaging,MCM3AP
PDE6C (5146)_damaging,0,4.156923289502652e-05,1097.0,,0.0,damaging,PDE6C
RTL1 (388015)_damaging,0,4.3398069433733455e-05,1097.2,303.79878209104135,0.0,damaging,RTL1
CROCC2 (728763)_damaging,0,4.165998708740259e-05,1097.3333333333333,285.58419657490384,0.0,damaging,CROCC2
CNGB1 (1258)_damaging,0,4.4032098995451107e-05,1098.0,187.92551716038992,0.0,damaging,CNGB1
MAGEC1 (9947)_damaging,0,3.8913842000437016e-05,1098.0,,0.0,damaging,MAGEC1
ESF1 (51575)_damaging,0,4.432949880843827e-05,1098.25,399.76440978823183,0.0,damaging,ESF1
NOS1 (4842)_damaging,0,4.7154467556973806e-05,1099.0,251.7300141024109,0.0,damaging,NOS1
SPTBN1 (6711)_damaging,0,4.7120603577310266e-05,1099.25,115.28912929384684,0.0,damaging,SPTBN1
COL16A1 (1307)_damaging,0,4.6319145361147735e-05,1099.6,84.03154169715083,0.0,damaging,COL16A1
COL18A1 (80781)_damaging,0,4.444717284214605e-05,1099.8,233.910666708468,0.0,damaging,COL18A1
ABCC1 (4363)_damaging,0,4.355483926265587e-05,1100.0,178.19090885900997,0.0,damaging,ABCC1
TTF1 (7270)_damaging,0,4.6572584901025604e-05,1100.0,328.09754647055803,0.0,damaging,TTF1
WDR55 (54853)_damaging,0,4.562622735355986e-05,1101.75,164.48581499124276,0.0,damaging,WDR55
TGM6 (343641)_damaging,0,4.2533426492663486e-05,1102.0,184.81341942618778,0.0,damaging,TGM6
EXPH5 (23086)_damaging,0,4.62539444086485e-05,1102.2,200.84123082674034,0.0,damaging,EXPH5
ATAD5 (79915)_damaging,0,4.5999938972260125e-05,1102.4,385.2587442226328,0.0,damaging,ATAD5
HNF1A (6927)_damaging,0,4.554800318523843e-05,1102.4,200.94850086527143,0.0,damaging,HNF1A
ACACA (31)_damaging,0,4.978046683058272e-05,1102.5,244.58059339748664,0.0,damaging,ACACA
REV1 (51455)_damaging,0,4.423144841464775e-05,1102.6666666666667,300.84602927965216,0.0,damaging,REV1
EPHB4 (2050)_damaging,0,5.5485861454063026e-05,1103.0,,0.0,damaging,EPHB4
ITGAM (3684)_damaging,0,4.1005733911026764e-05,1103.0,,0.0,damaging,ITGAM
ABCA10 (10349)_damaging,0,4.5864438132917404e-05,1103.2,301.05348362043577,0.0,damaging,ABCA10
HDAC9 (9734)_damaging,0,4.5002446241726066e-05,1104.3333333333333,220.1302644647785,0.0,damaging,HDAC9
SLITRK4 (139065)_damaging,0,5.1686095923229943e-05,1104.5,218.4959953866432,0.0,damaging,SLITRK4
CTNND1 (1500)_damaging,0,4.5322272274494574e-05,1105.0,300.85046119293224,0.0,damaging,CTNND1
TNK2 (10188)_damaging,0,4.592680674279625e-05,1106.2,281.64108365080546,0.0,damaging,TNK2
RXFP2 (122042)_damaging,0,3.7819567537104584e-05,1107.0,401.636651713959,0.0,damaging,RXFP2
CDKL3 (51265)_damaging,0,3.935414155253683e-05,1108.0,24.041630560342615,0.0,damaging,CDKL3
ATXN2L (11273)_damaging,0,4.5670668535086165e-05,1108.8,129.63487185167426,0.0,damaging,ATXN2L
USP43 (124739)_damaging,0,4.474155312880839e-05,1111.0,,0.0,damaging,USP43
ZNF536 (9745)_damaging,0,4.183675754567454e-05,1111.6666666666667,335.10048244270456,0.0,damaging,ZNF536
CARMIL3 (90668)_damaging,0,4.665959855578038e-05,1112.0,196.2056743997652,0.0,damaging,CARMIL3
CFAP61 (26074)_damaging,0,4.180060815577447e-05,1112.5,101.1162697096763,0.0,damaging,CFAP61
JMJD1C (221037)_damaging,0,4.8762320864001233e-05,1113.0,413.4531412385205,0.0,damaging,JMJD1C
SLC23A3 (151295)_damaging,0,4.793726233444691e-05,1113.0,330.92597359530424,0.0,damaging,SLC23A3
ATRNL1 (26033)_damaging,0,4.4882024193202924e-05,1113.4,203.10662224555847,0.0,damaging,ATRNL1
AKAP6 (9472)_damaging,0,4.499138214449683e-05,1114.6,318.9448228142291,0.0,damaging,AKAP6
MYOCD (93649)_damaging,0,4.660188034735136e-05,1115.0,325.29883696892205,0.0,damaging,MYOCD
FHAD1 (114827)_damaging,0,4.346631767335152e-05,1116.0,208.9114645011135,0.0,damaging,FHAD1
CTTNBP2 (83992)_damaging,0,4.2727421916166934e-05,1116.2,157.27587227543836,0.0,damaging,CTTNBP2
ABCB1 (5243)_damaging,0,4.301016445770077e-05,1117.0,215.90429978735176,0.0,damaging,ABCB1
KIAA0825 (285600)_damaging,0,4.5543916116623636e-05,1117.0,165.46298679765212,0.0,damaging,KIAA0825
CNTNAP4 (85445)_damaging,0,4.4092745186062024e-05,1118.8,186.12012250157153,0.0,damaging,CNTNAP4
VPS13D (55187)_damaging,0,4.057802298057919e-05,1118.8,282.3945821010028,0.0,damaging,VPS13D
WWC3 (55841)_damaging,0,4.100515170092698e-05,1119.25,239.249346916559,0.0,damaging,WWC3
DMXL2 (23312)_damaging,0,4.381515791816321e-05,1120.0,145.04826782833365,0.0,damaging,DMXL2
AGRN (375790)_damaging,0,4.4046913546666474e-05,1120.5,302.43291267100324,0.0,damaging,AGRN
RAPGEF2 (9693)_damaging,0,4.360521499853659e-05,1122.0,224.26769718352213,0.0,damaging,RAPGEF2
GRIA2 (2891)_damaging,0,4.585168277419163e-05,1122.5,398.04899195953254,0.0,damaging,GRIA2
CDH6 (1004)_damaging,0,4.30746809858797e-05,1123.0,221.92453672363496,0.0,damaging,CDH6
CPSF1 (29894)_damaging,0,4.41650370591325e-05,1123.0,371.556859713288,0.0,damaging,CPSF1
MN1 (4330)_damaging,0,4.219195458884355e-05,1123.25,222.0020645549646,0.0,damaging,MN1
CACNA1B (774)_damaging,0,4.423448483441804e-05,1123.5,304.1419624670909,0.0,damaging,CACNA1B
SPG11 (80208)_damaging,0,4.1684751296326816e-05,1124.0,353.2187707356448,0.0,damaging,SPG11
CRACD (57482)_damaging,0,4.1685019015117644e-05,1124.5,365.2309771455136,0.0,damaging,CRACD
BAHCC1 (57597)_damaging,0,4.2581362330989774e-05,1125.0,238.8053600738476,0.0,damaging,BAHCC1
SNHG14 (104472715)_damaging,0,3.7133763239952534e-05,1126.0,,0.0,damaging,SNHG14
PCCA (5095)_damaging,0,4.702019847490512e-05,1126.5,71.4177848998413,0.0,damaging,PCCA
DEPDC5 (9681)_damaging,0,4.3344507240476236e-05,1127.2,231.73843013190543,0.0,damaging,DEPDC5
DPP10 (57628)_damaging,0,4.4194028945321526e-05,1127.2,280.6041696055139,0.0,damaging,DPP10
STXBP5 (134957)_damaging,0,4.212082572183306e-05,1127.3333333333333,160.0541575009326,0.0,damaging,STXBP5
GBP1 (2633)_damaging,0,3.896763250619272e-05,1128.0,,0.0,damaging,GBP1
TCF20 (6942)_damaging,0,4.342877000573196e-05,1128.0,203.77193133500995,0.0,damaging,TCF20
LTK (4058)_damaging,0,4.4652867827230195e-05,1128.3333333333333,258.3685997433383,0.0,damaging,LTK
NRXN1 (9378)_damaging,0,4.287228740842136e-05,1129.0,245.17340801971164,0.0,damaging,NRXN1
C2CD3 (26005)_damaging,0,4.12297537907883e-05,1129.6,228.72428817246322,0.0,damaging,C2CD3
UNC5C (8633)_damaging,0,4.3784738151583354e-05,1129.75,209.90692381783566,0.0,damaging,UNC5C
CLASP2 (23122)_damaging,0,4.452141112520924e-05,1130.2,305.68562282187884,0.0,damaging,CLASP2
AP3B2 (8120)_damaging,0,4.695872774772488e-05,1130.5,48.79036790187178,0.0,damaging,AP3B2
MIDEAS (91748)_damaging,0,4.392362679922275e-05,1131.0,278.74988789235414,0.0,damaging,MIDEAS
ZNF469 (84627)_damaging,0,4.0507156226052504e-05,1132.2,285.5848385331406,0.0,damaging,ZNF469
SYCP1 (6847)_damaging,0,4.138144943027896e-05,1132.4,225.1916961168862,0.0,damaging,SYCP1
ZNF43 (7594)_damaging,0,4.735008957261941e-05,1133.0,66.46803743153546,0.0,damaging,ZNF43
BRIP1 (83990)_damaging,0,4.006438692837715e-05,1134.5,0.7071067811865476,0.0,damaging,BRIP1
CDC42BPA (8476)_damaging,0,4.193807661063348e-05,1134.6,214.09180273891852,0.0,damaging,CDC42BPA
FOXP2 (93986)_damaging,0,4.2389689245106454e-05,1135.0,,0.0,damaging,FOXP2
NRXN2 (9379)_damaging,0,3.963445980642016e-05,1135.0,225.07184038287272,0.0,damaging,NRXN2
GON4L (54856)_damaging,0,4.032472509538235e-05,1135.25,132.9420299729673,0.0,damaging,GON4L
SGO2 (151246)_damaging,0,4.651652585442211e-05,1135.75,408.31472746726473,0.0,damaging,SGO2
FLNC (2318)_damaging,0,4.127108235843787e-05,1135.8,115.23975008650443,0.0,damaging,FLNC
ABCG2 (9429)_damaging,0,5.128890916507208e-05,1136.0,,0.0,damaging,ABCG2
SLC12A1 (6557)_damaging,0,4.238620016983295e-05,1136.0,,0.0,damaging,SLC12A1
ARAP3 (64411)_damaging,0,3.779706367238346e-05,1138.0,,0.0,damaging,ARAP3
AFF2 (2334)_damaging,0,4.034260334696605e-05,1139.6,212.55422837478437,0.0,damaging,AFF2
PLEC (5339)_damaging,0,4.134618746022805e-05,1141.0,156.4720422311922,0.0,damaging,PLEC
ARHGEF4 (50649)_damaging,0,4.0872012769787504e-05,1141.5,178.2890910852372,0.0,damaging,ARHGEF4
OVCH1 (341350)_damaging,0,4.2246582054924334e-05,1143.6,260.9977011393012,0.0,damaging,OVCH1
CEP152 (22995)_damaging,0,3.957951384038118e-05,1144.0,196.5756851698602,0.0,damaging,CEP152
EFCAB5 (374786)_damaging,0,4.1064313680510696e-05,1144.2,97.7225664828754,0.0,damaging,EFCAB5
DCC (1630)_damaging,0,4.1657720606653014e-05,1144.8,150.70733227019846,0.0,damaging,DCC
ADAMTSL1 (92949)_damaging,0,3.812828929320579e-05,1145.0,278.6000717874997,0.0,damaging,ADAMTSL1
MAP2K4 (6416)_damaging,0,3.954573656836811e-05,1145.0,298.3990616607231,0.0,damaging,MAP2K4
PFAS (5198)_damaging,0,4.353058667395222e-05,1145.0,147.0136048126159,0.0,damaging,PFAS
PTPRN2 (5799)_damaging,0,3.998332938698099e-05,1145.2,151.23061859292912,0.0,damaging,PTPRN2
NKTR (4820)_damaging,0,3.7282972967267796e-05,1146.0,,0.0,damaging,NKTR
C7 (730)_damaging,0,4.0426037270903996e-05,1146.4,122.3470473693583,0.0,damaging,C7
CENPC (1060)_damaging,0,4.1735637231329965e-05,1146.8,298.12195491107326,0.0,damaging,CENPC
CFAP251 (144406)_damaging,0,4.1585043440261285e-05,1147.0,,0.0,damaging,CFAP251
COL17A1 (1308)_damaging,0,4.329444531871804e-05,1147.0,,0.0,damaging,COL17A1
TICAM1 (148022)_damaging,0,3.9797367623224273e-05,1147.6,152.5050818825392,0.0,damaging,TICAM1
AOC1 (26)_damaging,0,4.862702761156577e-05,1148.0,,0.0,damaging,AOC1
CPD (1362)_damaging,0,4.138977746332351e-05,1148.0,,0.0,damaging,CPD
C2orf78 (388960)_damaging,0,4.1223971382518416e-05,1149.0,,0.0,damaging,C2orf78
KMT2E (55904)_damaging,0,4.227657575081571e-05,1149.8,288.817762611651,0.0,damaging,KMT2E
SNX19 (399979)_damaging,0,4.090251132187055e-05,1150.0,,0.0,damaging,SNX19
MVK (4598)_damaging,0,3.9842611481512596e-05,1150.3333333333333,48.952357791360065,0.0,damaging,MVK
PLCL1 (5334)_damaging,0,3.9728041426030185e-05,1150.8,181.47782233650483,0.0,damaging,PLCL1
GOLGA6L2 (283685)_damaging,0,3.4359091366926185e-05,1151.0,,0.0,damaging,GOLGA6L2
SYNPO2L (79933)_damaging,0,4.0799242186177065e-05,1151.0,,0.0,damaging,SYNPO2L
UBR1 (197131)_damaging,0,3.882335596648984e-05,1151.0,215.58293067866018,0.0,damaging,UBR1
SETDB1 (9869)_damaging,0,4.327429728940787e-05,1151.5,79.90306627407988,0.0,damaging,SETDB1
PPP1R3A (5506)_damaging,0,4.028039474476212e-05,1151.6,173.4136672814458,0.0,damaging,PPP1R3A
RNF31 (55072)_damaging,0,3.9033414950210386e-05,1152.0,147.07821048680188,0.0,damaging,RNF31
WNK2 (65268)_damaging,0,4.371236208464769e-05,1153.2,414.0902075635211,0.0,damaging,WNK2
NIN (51199)_damaging,0,3.783217953931313e-05,1153.25,182.76829593778018,0.0,damaging,NIN
ADGRB1 (575)_damaging,0,3.7868069688005025e-05,1153.3333333333333,151.99451744498327,0.0,damaging,ADGRB1
MYO1A (4640)_damaging,0,3.72222051909198e-05,1153.4,247.27879003262697,0.0,damaging,MYO1A
GREB1L (80000)_damaging,0,4.258025345252519e-05,1153.5,81.31727983645297,0.0,damaging,GREB1L
DEUP1 (159989)_damaging,0,3.956094994530085e-05,1153.6666666666667,268.00248755064445,0.0,damaging,DEUP1
OTOGL (283310)_damaging,0,3.874491141735763e-05,1153.6666666666667,405.6184578311659,0.0,damaging,OTOGL
ALS2 (57679)_damaging,0,4.266490982666165e-05,1154.0,,0.0,damaging,ALS2
GSE1 (23199)_damaging,0,3.7884426361993994e-05,1154.0,229.8173187555716,0.0,damaging,GSE1
EPHB6 (2051)_damaging,0,3.71407933175561e-05,1155.6,276.553430642254,0.0,damaging,EPHB6
TBC1D4 (9882)_damaging,0,4.0373081018324266e-05,1156.0,,0.0,damaging,TBC1D4
TTK (7272)_damaging,0,3.83285065702184e-05,1156.75,269.0964820778351,0.0,damaging,TTK
LRBA (987)_damaging,0,4.040483040512932e-05,1157.0,194.18204517067653,0.0,damaging,LRBA
ZDHHC8 (29801)_damaging,0,4.0289239642056355e-05,1157.25,293.027160288371,0.0,damaging,ZDHHC8
TRPM4 (54795)_damaging,0,3.9854382557044e-05,1157.5,163.7487913441399,0.0,damaging,TRPM4
ABCA7 (10347)_damaging,0,3.95464434624269e-05,1159.2,129.20410210206177,0.0,damaging,ABCA7
FRMD4A (55691)_damaging,0,3.824266116425188e-05,1160.0,224.45935044011867,0.0,damaging,FRMD4A
MYO1B (4430)_damaging,0,3.943034588996274e-05,1160.0,250.31580054003783,0.0,damaging,MYO1B
PTPN14 (5784)_damaging,0,3.90494284389289e-05,1161.2,124.27268404601233,0.0,damaging,PTPN14
MBD4 (8930)_damaging,0,4.197383103385288e-05,1162.6666666666667,299.28971471357534,0.0,damaging,MBD4
FIGNL1 (63979)_damaging,0,4.333156202319287e-05,1163.0,405.87929240107826,0.0,damaging,FIGNL1
BOD1L1 (259282)_damaging,0,3.7215042153939494e-05,1163.25,188.42748384104343,0.0,damaging,BOD1L1
MYPN (84665)_damaging,0,3.9585889264716966e-05,1164.75,305.30462929124843,0.0,damaging,MYPN
HPS3 (84343)_damaging,0,3.956088079132025e-05,1165.0,241.75745421117145,0.0,damaging,HPS3
PLCB3 (5331)_damaging,0,3.546403203766582e-05,1165.6666666666667,170.3652938052036,0.0,damaging,PLCB3
COL3A1 (1281)_damaging,0,3.8831483089254595e-05,1166.2,139.07983318943118,0.0,damaging,COL3A1
PLXNB1 (5364)_damaging,0,4.004432133169003e-05,1166.8,238.5114253028563,0.0,damaging,PLXNB1
SDK1 (221935)_damaging,0,3.7949188300350734e-05,1167.5,16.263455967290593,0.0,damaging,SDK1
SMC4 (10051)_damaging,0,3.725003649274276e-05,1168.5,218.4101645986285,0.0,damaging,SMC4
ACVR1B (91)_damaging,0,3.882444057243955e-05,1170.0,,0.0,damaging,ACVR1B
DOT1L (84444)_damaging,0,3.743102788896417e-05,1170.25,271.1351139192414,0.0,damaging,DOT1L
NID2 (22795)_damaging,0,3.8498006874808424e-05,1170.5,312.488399784696,0.0,damaging,NID2
SPRED1 (161742)_damaging,0,4.083060287334844e-05,1172.0,65.05382386916237,0.0,damaging,SPRED1
SPATA16 (83893)_damaging,0,3.910630874717943e-05,1173.25,82.10308560990063,0.0,damaging,SPATA16
CNTN1 (1272)_damaging,0,3.7576178151486084e-05,1175.6,84.28107735429109,0.0,damaging,CNTN1
CCDC7 (79741)_damaging,0,4.0300643131727355e-05,1175.6666666666667,226.3411878853103,0.0,damaging,CCDC7
IQSEC2 (23096)_damaging,0,3.637744738534829e-05,1177.6,198.09795556744143,0.0,damaging,IQSEC2
DOCK4 (9732)_damaging,0,3.803795182731244e-05,1179.3333333333333,159.50026123280597,0.0,damaging,DOCK4
GUCY2C (2984)_damaging,0,3.572238247144342e-05,1180.0,107.21318326897426,0.0,damaging,GUCY2C
SPECC1 (92521)_damaging,0,3.6279266820689095e-05,1180.5,159.0990257669732,0.0,damaging,SPECC1
HECTD4 (283450)_damaging,0,3.816021558660591e-05,1181.0,83.90868052035299,0.0,damaging,HECTD4
UNC5D (137970)_damaging,0,3.540678557277349e-05,1181.25,90.06062772747404,0.0,damaging,UNC5D
AHCTF1 (25909)_damaging,0,4.356170588853649e-05,1181.5,225.56706319850866,0.0,damaging,AHCTF1
PLEKHA5 (54477)_damaging,0,3.519224729592097e-05,1182.5,427.79960261786124,0.0,damaging,PLEKHA5
STAT6 (6778)_damaging,0,3.5676119395108304e-05,1184.0,396.61988519656114,0.0,damaging,STAT6
ERBB2 (2064)_hotspot,0,3.737059595470791e-05,1184.75,103.81514019319786,0.0,hotspot,ERBB2
ARHGEF26 (26084)_damaging,0,3.469941954846821e-05,1185.25,238.7975083622105,0.0,damaging,ARHGEF26
PROX1 (5629)_damaging,0,3.6004430555897395e-05,1185.3333333333333,184.52461443756857,0.0,damaging,PROX1
SFSWAP (6433)_damaging,0,3.8367707422945364e-05,1187.6666666666667,140.53587916732633,0.0,damaging,SFSWAP
MYO5C (55930)_damaging,0,3.2675899769844055e-05,1190.0,246.5914299673315,0.0,damaging,MYO5C
AKAP13 (11214)_damaging,0,3.6341728194213984e-05,1191.25,184.6715552902865,0.0,damaging,AKAP13
FUBP3 (8939)_damaging,0,3.2512566617044635e-05,1192.0,350.5096289690199,0.0,damaging,FUBP3
ZC3H13 (23091)_damaging,0,3.623573431540761e-05,1192.0,179.25400971805342,0.0,damaging,ZC3H13
MYOF (26509)_damaging,0,3.6148834137335484e-05,1192.6,238.69708837771773,0.0,damaging,MYOF
COL6A6 (131873)_damaging,0,3.526899308709163e-05,1192.6666666666667,128.0013020767107,0.0,damaging,COL6A6
SLC44A5 (204962)_damaging,0,3.6012990880430516e-05,1192.75,180.86712433902042,0.0,damaging,SLC44A5
MYH13 (8735)_damaging,0,3.582769773488862e-05,1195.0,134.62354920295334,0.0,damaging,MYH13
TTC28 (23331)_damaging,0,3.844200316330612e-05,1195.0,,0.0,damaging,TTC28
VPS9D1 (9605)_damaging,0,3.5683195701122635e-05,1196.0,174.4233355947535,0.0,damaging,VPS9D1
QSER1 (79832)_damaging,0,3.460288323611036e-05,1197.0,298.59922973778754,0.0,damaging,QSER1
NFAT5 (10725)_damaging,0,3.26954426398621e-05,1198.5,234.05234457274722,0.0,damaging,NFAT5
ADAM23 (8745)_damaging,0,3.3108756514511255e-05,1199.0,89.37001734362593,0.0,damaging,ADAM23
MAP7D1 (55700)_damaging,0,3.704952761448573e-05,1199.2,452.81585661281787,0.0,damaging,MAP7D1
SCN8A (6334)_damaging,0,3.0399576162219695e-05,1200.0,,0.0,damaging,SCN8A
RIN1 (9610)_damaging,0,3.6360383786267154e-05,1200.2,265.6636971812295,0.0,damaging,RIN1
PIK3C2A (5286)_damaging,0,3.83828249909502e-05,1200.3333333333333,193.7248908460999,0.0,damaging,PIK3C2A
CTNND2 (1501)_damaging,0,3.35557046847289e-05,1200.5,24.748737341529164,0.0,damaging,CTNND2
DIP2B (57609)_damaging,0,3.2341304504875986e-05,1200.5,335.65508089902846,0.0,damaging,DIP2B
CPXM2 (119587)_damaging,0,3.1134620813897127e-05,1201.0,,0.0,damaging,CPXM2
PALB2 (79728)_damaging,0,3.112315167240605e-05,1201.0,179.93887851156572,0.0,damaging,PALB2
RESF1 (55196)_damaging,0,3.78617712636418e-05,1203.0,,0.0,damaging,RESF1
EML3 (256364)_damaging,0,3.284278861087701e-05,1204.0,21.213203435596427,0.0,damaging,EML3
FRMPD4 (9758)_damaging,0,3.215452838517142e-05,1204.0,210.71782079359116,0.0,damaging,FRMPD4
NLRP8 (126205)_damaging,0,3.785386232877589e-05,1204.0,,0.0,damaging,NLRP8
RRBP1 (6238)_damaging,0,3.373684517390763e-05,1204.25,386.75778380445473,0.0,damaging,RRBP1
TMEM131 (23505)_damaging,0,3.1652023719381596e-05,1204.75,169.96739883479614,0.0,damaging,TMEM131
MORC4 (79710)_damaging,0,3.5597300447012475e-05,1205.0,,0.0,damaging,MORC4
TRPS1 (7227)_damaging,0,3.4449433232727655e-05,1207.2,163.30094917054217,0.0,damaging,TRPS1
NARF (26502)_damaging,0,3.321255385942727e-05,1207.3333333333333,78.50053078376818,0.0,damaging,NARF
TDRD5 (163589)_damaging,0,3.298931715859044e-05,1207.4,266.0456727706729,0.0,damaging,TDRD5
ZNF91 (7644)_damaging,0,3.0313210658255253e-05,1207.75,206.24318170548088,0.0,damaging,ZNF91
ZNF722 (100419780)_damaging,0,3.5431337754316824e-05,1209.0,28.284271247461902,0.0,damaging,ZNF722
PHRF1 (57661)_damaging,0,3.114608266484114e-05,1210.0,133.04510513355987,0.0,damaging,PHRF1
ICE2 (79664)_damaging,0,3.3058068457645376e-05,1211.4,220.0620367078338,0.0,damaging,ICE2
MED12L (116931)_damaging,0,3.178793712098751e-05,1212.4,144.50363317231853,0.0,damaging,MED12L
KIF27 (55582)_damaging,0,3.3993006408304474e-05,1212.6,173.53760399406235,0.0,damaging,KIF27
VPS13A (23230)_damaging,0,3.309857104339514e-05,1213.2,196.79354664215998,0.0,damaging,VPS13A
ZMYM1 (79830)_damaging,0,3.187961423936104e-05,1213.3333333333333,306.70072274667586,0.0,damaging,ZMYM1
EFNB3 (1949)_damaging,0,2.6632956973096946e-05,1214.0,422.6499733822303,0.0,damaging,EFNB3
MXRA8 (54587)_damaging,0,3.189864380500022e-05,1214.4,200.69703535428718,0.0,damaging,MXRA8
EGR2 (1959)_damaging,0,3.4348735522296434e-05,1215.0,167.59176590751707,0.0,damaging,EGR2
NEXMIF (340533)_damaging,0,3.304840775275448e-05,1215.0,135.47939572741927,0.0,damaging,NEXMIF
CAMSAP3 (57662)_damaging,0,3.142996110418574e-05,1215.4,302.12629809402557,0.0,damaging,CAMSAP3
ABCA4 (24)_damaging,0,2.5376681427215035e-05,1217.0,296.98484809834997,0.0,damaging,ABCA4
RFC1 (5981)_damaging,0,3.536710631880121e-05,1217.0,357.79603128039304,0.0,damaging,RFC1
ZMYM6 (9204)_damaging,0,3.1401387184558706e-05,1218.3333333333333,118.62686598462143,0.0,damaging,ZMYM6
FBRS (64319)_damaging,0,3.170453238121695e-05,1218.5,194.45436482630058,0.0,damaging,FBRS
LEPR (3953)_damaging,0,3.204592858040027e-05,1218.6,168.5772819806987,0.0,damaging,LEPR
NLRP3 (114548)_damaging,0,3.280695291593513e-05,1218.6,207.64224040401797,0.0,damaging,NLRP3
PARD3 (56288)_damaging,0,2.834101441480047e-05,1219.0,,0.0,damaging,PARD3
DYNC1H1 (1778)_damaging,0,3.340759796020391e-05,1219.6,164.22636816297194,0.0,damaging,DYNC1H1
RHOA (387)_damaging,0,3.1317443286153287e-05,1220.25,216.08389574422245,0.0,damaging,RHOA
MYO5B (4645)_damaging,0,3.1301947348781464e-05,1222.0,235.69471780249975,0.0,damaging,MYO5B
CPEB2 (132864)_damaging,0,2.8025883582626418e-05,1223.0,185.04864225386794,0.0,damaging,CPEB2
SEL1L2 (80343)_damaging,0,3.114745863839487e-05,1223.3333333333333,157.50026455004235,0.0,damaging,SEL1L2
VWF (7450)_damaging,0,3.173086195518744e-05,1223.8,119.28830621649382,0.0,damaging,VWF
P2RX2 (22953)_damaging,0,3.390736941711235e-05,1224.0,,0.0,damaging,P2RX2
OBSL1 (23363)_damaging,0,3.1456892951189457e-05,1224.3333333333333,113.80831838373386,0.0,damaging,OBSL1
ADCY10 (55811)_damaging,0,3.290053907305064e-05,1224.6666666666667,228.07966444497706,0.0,damaging,ADCY10
ZNF236 (7776)_damaging,0,3.26962662743696e-05,1224.8,200.20039960000082,0.0,damaging,ZNF236
LRFN2 (57497)_damaging,0,3.363922491790803e-05,1225.0,,0.0,damaging,LRFN2
MRPS10 (55173)_damaging,0,2.8093992784881058e-05,1225.0,,0.0,damaging,MRPS10
OTUD7B (56957)_damaging,0,2.6167744441477716e-05,1225.5,273.6503243191939,0.0,damaging,OTUD7B
ADCY2 (108)_damaging,0,3.3584110747814466e-05,1226.0,,0.0,damaging,ADCY2
CYLC1 (1538)_damaging,0,3.242924252688119e-05,1227.0,193.74725804511402,0.0,damaging,CYLC1
OR51E2 (81285)_damaging,0,3.458375977286194e-05,1228.0,,0.0,damaging,OR51E2
AUTS2 (26053)_damaging,0,2.8750841508082093e-05,1229.0,274.61063344306245,0.0,damaging,AUTS2
RBM6 (10180)_damaging,0,3.0395214069782235e-05,1229.2,204.84799242365057,0.0,damaging,RBM6
ADAR (103)_damaging,0,2.9452914857055233e-05,1230.0,236.17366491630688,0.0,damaging,ADAR
MUCL3 (135656)_damaging,0,3.295690470782348e-05,1231.25,50.04248195283683,0.0,damaging,MUCL3
NTRK3 (4916)_damaging,0,2.855984873381503e-05,1231.5,215.667568261897,0.0,damaging,NTRK3
TUT4 (23318)_damaging,0,3.6552981300423425e-05,1232.0,98.99494936611666,0.0,damaging,TUT4
SCLT1 (132320)_damaging,0,3.6303713474182086e-05,1232.5,6.363961030678928,0.0,damaging,SCLT1
ARHGAP5 (394)_damaging,0,3.544961912802195e-05,1233.0,22.627416997969522,0.0,damaging,ARHGAP5
PPP1R10 (5514)_damaging,0,3.40969795004376e-05,1233.0,,0.0,damaging,PPP1R10
KCNB1 (3745)_damaging,0,3.14213371728406e-05,1233.25,209.35834510873136,0.0,damaging,KCNB1
DENND1A (57706)_damaging,0,2.9541140711014723e-05,1233.4,140.3114393055677,0.0,damaging,DENND1A
ARHGEF17 (9828)_damaging,0,3.027975210067456e-05,1233.6,137.16887402031116,0.0,damaging,ARHGEF17
CDH22 (64405)_damaging,0,3.3805782724584914e-05,1234.0,,0.0,damaging,CDH22
ATAD2B (54454)_damaging,0,2.724364196584197e-05,1234.4,350.8600860742071,0.0,damaging,ATAD2B
C10orf71 (118461)_damaging,0,3.1083182760685336e-05,1234.6666666666667,209.38083325207523,0.0,damaging,C10orf71
DPP6 (1804)_damaging,0,3.2664272348332794e-05,1234.75,134.30903419601628,0.0,damaging,DPP6
GABRG2 (2566)_damaging,0,3.1689886959453604e-05,1235.0,102.04574137774361,0.0,damaging,GABRG2
RIMS1 (22999)_damaging,0,2.9628345822723578e-05,1237.6,212.4648206174377,0.0,damaging,RIMS1
OPHN1 (4983)_damaging,0,3.33333099579598e-05,1238.25,87.14881907786626,0.0,damaging,OPHN1
RANBP2 (5903)_damaging,0,3.2594701969827345e-05,1239.0,,0.0,damaging,RANBP2
BEND4 (389206)_damaging,0,2.955144323107419e-05,1239.25,246.07095860069853,0.0,damaging,BEND4
OR4A15 (81328)_damaging,0,2.975038906505901e-05,1239.5,292.03510063004416,0.0,damaging,OR4A15
FUBP1 (8880)_damaging,0,2.7538066388083825e-05,1240.0,,0.0,damaging,FUBP1
ACIN1 (22985)_damaging,0,3.0411883840572877e-05,1240.2,143.1492228410619,0.0,damaging,ACIN1
CDH11 (1009)_damaging,0,3.0820455701725114e-05,1240.3333333333333,208.4522327377026,0.0,damaging,CDH11
PALM2AKAP2 (445815)_damaging,0,2.6215964290283073e-05,1241.0,382.8668175749891,0.0,damaging,PALM2AKAP2
GLI1 (2735)_damaging,0,3.0114192885381915e-05,1242.0,128.91470048058906,0.0,damaging,GLI1
PTK7 (5754)_damaging,0,2.720095122012055e-05,1242.0,,0.0,damaging,PTK7
ASXL2 (55252)_damaging,0,2.8597614537951252e-05,1242.4,131.53250548818724,0.0,damaging,ASXL2
IQGAP2 (10788)_damaging,0,3.0937209918890164e-05,1242.5,236.88077169749343,0.0,damaging,IQGAP2
CRB1 (23418)_damaging,0,2.517585807278212e-05,1243.5,103.94469683442249,0.0,damaging,CRB1
SLCO5A1 (81796)_damaging,0,3.550217505350342e-05,1244.5,130.8147545195113,0.0,damaging,SLCO5A1
SLC4A11 (83959)_damaging,0,2.7015375487977335e-05,1245.3333333333333,148.66517189084112,0.0,damaging,SLC4A11
BDP1 (55814)_damaging,0,2.8588776330206376e-05,1246.8,186.52265277976292,0.0,damaging,BDP1
CHL1 (10752)_damaging,0,3.2209983659316526e-05,1247.3333333333333,200.17575610780978,0.0,damaging,CHL1
CECR2 (27443)_damaging,0,2.7899569141149938e-05,1249.0,200.86645646631325,0.0,damaging,CECR2
SCN10A (6336)_damaging,0,2.6701811036207107e-05,1250.0,142.93704908105525,0.0,damaging,SCN10A
DLG5 (9231)_damaging,0,3.0222525565218685e-05,1251.0,252.92884374859267,0.0,damaging,DLG5
CDH18 (1016)_damaging,0,2.9631701352478574e-05,1251.5,77.60798927945497,0.0,damaging,CDH18
GIGYF2 (26058)_damaging,0,3.335854295181835e-05,1252.6666666666667,144.59022558020075,0.0,damaging,GIGYF2
CDON (50937)_damaging,0,3.129066523837586e-05,1254.0,,0.0,damaging,CDON
ACADVL (37)_damaging,0,2.824379537182661e-05,1254.5,126.572113832392,0.0,damaging,ACADVL
SEC14L5 (9717)_damaging,0,3.1706107991561654e-05,1255.0,,0.0,damaging,SEC14L5
PXDN (7837)_damaging,0,2.5309168939120534e-05,1256.0,277.6232459047093,0.0,damaging,PXDN
HECTD1 (25831)_damaging,0,3.088342756787649e-05,1259.0,,0.0,damaging,HECTD1
NFASC (23114)_damaging,0,2.7604545967074232e-05,1259.2,173.27204044507585,0.0,damaging,NFASC
COL4A1 (1282)_damaging,0,2.3165964432911336e-05,1259.4,216.9223363326147,0.0,damaging,COL4A1
IQSEC1 (9922)_damaging,0,3.516084780085822e-05,1260.0,,0.0,damaging,IQSEC1
KLHDC7B (113730)_damaging,0,2.5136934191356994e-05,1260.0,,0.0,damaging,KLHDC7B
PCDHB2 (56133)_damaging,0,3.106684242622343e-05,1261.0,,0.0,damaging,PCDHB2
ZIM3 (114026)_damaging,0,2.66752435041488e-05,1262.0,61.37317546507323,0.0,damaging,ZIM3
VWA5B1 (127731)_damaging,0,2.3875384321522246e-05,1264.0,56.568542494923804,0.0,damaging,VWA5B1
BRSK1 (84446)_damaging,0,2.682958918117987e-05,1265.4,184.5421361098868,0.0,damaging,BRSK1
CHD1 (1105)_damaging,0,2.536531889547066e-05,1266.0,135.11476603243628,0.0,damaging,CHD1
TAF1C (9013)_damaging,0,2.7210669789512013e-05,1266.3333333333333,180.56670051073465,0.0,damaging,TAF1C
DNA2 (1763)_damaging,0,2.4636157984067637e-05,1267.0,102.01470482239313,0.0,damaging,DNA2
KIFC2 (90990)_damaging,0,2.7227915885726024e-05,1267.6666666666667,72.27954989714128,0.0,damaging,KIFC2
PCDHB4 (56131)_damaging,0,2.786561509298447e-05,1268.0,46.130250378683186,0.0,damaging,PCDHB4
MAP2K1 (5604)_hotspot,0,2.4393346624455414e-05,1269.0,,0.0,hotspot,MAP2K1
MTSS2 (92154)_damaging,0,2.637302308162442e-05,1269.0,154.79341071247185,0.0,damaging,MTSS2
TBX4 (9496)_damaging,0,2.4372681703466913e-05,1269.0,180.50484758033508,0.0,damaging,TBX4
TIE1 (7075)_damaging,0,2.7833673131965335e-05,1272.8,372.83937560295317,0.0,damaging,TIE1
ZNF716 (441234)_damaging,0,2.980757926198071e-05,1274.0,,0.0,damaging,ZNF716
E2F7 (144455)_damaging,0,2.665852752964417e-05,1274.2,143.80959634182972,0.0,damaging,E2F7
SOBP (55084)_damaging,0,2.1458071496234304e-05,1275.5,180.31222920256963,0.0,damaging,SOBP
FNIP1 (96459)_damaging,0,2.8850533204020287e-05,1278.25,44.87296884911153,0.0,damaging,FNIP1
KIF6 (221458)_damaging,0,2.2119016638321562e-05,1280.0,,0.0,damaging,KIF6
CNTRL (11064)_damaging,0,2.4179334993866275e-05,1280.2,208.91672982315228,0.0,damaging,CNTRL
ADAMTS6 (11174)_damaging,0,2.21134927451366e-05,1281.0,,0.0,damaging,ADAMTS6
UGT2B4 (7363)_damaging,0,2.8203906917168067e-05,1281.0,,0.0,damaging,UGT2B4
ZSWIM5 (57643)_damaging,0,2.3505709911201743e-05,1281.0,,0.0,damaging,ZSWIM5
NUP205 (23165)_damaging,0,2.5983247746430008e-05,1282.4,187.9555798586464,0.0,damaging,NUP205
SLCO1C1 (53919)_damaging,0,2.175850848430773e-05,1283.0,,0.0,damaging,SLCO1C1
SLITRK5 (26050)_damaging,0,2.4794677439245285e-05,1283.0,21.213203435596427,0.0,damaging,SLITRK5
SPATA31G1 (138724)_damaging,0,2.118359595098516e-05,1283.5,211.6057655169159,0.0,damaging,SPATA31G1
TOP2B (7155)_damaging,0,2.7572806096143824e-05,1285.0,,0.0,damaging,TOP2B
POLN (353497)_damaging,0,2.5117741960750533e-05,1285.5,27.577164466275352,0.0,damaging,POLN
MMS22L (253714)_damaging,0,2.446517285693855e-05,1285.6,112.95264494468465,0.0,damaging,MMS22L
DCDC1 (341019)_damaging,0,2.7131472198763277e-05,1288.0,73.95043385042895,0.0,damaging,DCDC1
FAM47B (170062)_damaging,0,1.9611656941488952e-05,1288.0,272.94321753800733,0.0,damaging,FAM47B
KSR1 (8844)_damaging,0,2.5878502551927727e-05,1289.0,48.9591666595746,0.0,damaging,KSR1
MYRFL (196446)_damaging,0,2.7387482038635862e-05,1290.0,,0.0,damaging,MYRFL
ADAMTS2 (9509)_damaging,0,2.3846739514159712e-05,1290.3333333333333,145.87780274371198,0.0,damaging,ADAMTS2
CCDC88C (440193)_damaging,0,2.2237319075017825e-05,1291.0,,0.0,damaging,CCDC88C
GRM1 (2911)_damaging,0,2.1823598997265767e-05,1292.0,139.28029293478673,0.0,damaging,GRM1
MYH8 (4626)_damaging,0,2.4103523713211367e-05,1292.6,204.67852842933965,0.0,damaging,MYH8
MYO9B (4650)_damaging,0,2.7443444032654857e-05,1293.0,,0.0,damaging,MYO9B
TJP3 (27134)_damaging,0,2.1233881241583024e-05,1293.0,227.6883835420683,0.0,damaging,TJP3
ARHGEF40 (55701)_damaging,0,2.0042005375269276e-05,1294.0,181.76174881787784,0.0,damaging,ARHGEF40
KCNH8 (131096)_damaging,0,2.060055236038448e-05,1295.0,127.27922061357856,0.0,damaging,KCNH8
BCL9L (283149)_damaging,0,2.3462479004471755e-05,1296.4,117.52148739698625,0.0,damaging,BCL9L
KIF14 (9928)_damaging,0,2.7995345689947186e-05,1297.0,,0.0,damaging,KIF14
KDM4B (23030)_damaging,0,2.26159351900056e-05,1300.0,139.39332839128278,0.0,damaging,KDM4B
PRRC2C (23215)_damaging,0,2.327852351567673e-05,1300.0,9.899494936611665,0.0,damaging,PRRC2C
WNT1 (7471)_damaging,0,2.0092853183880482e-05,1303.8,255.68867788777823,0.0,damaging,WNT1
TAF1 (6872)_damaging,0,2.6556549482151892e-05,1304.0,,0.0,damaging,TAF1
TOPAZ1 (375337)_damaging,0,2.1039503179688196e-05,1304.5,167.58430714121175,0.0,damaging,TOPAZ1
ARHGEF11 (9826)_damaging,0,2.057096718377066e-05,1305.0,,0.0,damaging,ARHGEF11
RLF (6018)_damaging,0,2.4993498321594624e-05,1307.0,,0.0,damaging,RLF
ABCA2 (20)_damaging,0,2.378820869465418e-05,1307.6666666666667,36.82843104631712,0.0,damaging,ABCA2
LOXL3 (84695)_damaging,0,2.0905846162612712e-05,1308.75,78.93615563648046,0.0,damaging,LOXL3
SYTL2 (54843)_damaging,0,2.2015913727160346e-05,1308.8,149.81221579030196,0.0,damaging,SYTL2
AFF1 (4299)_damaging,0,2.3012838952858555e-05,1311.0,155.69842645319184,0.0,damaging,AFF1
CELSR1 (9620)_damaging,0,2.050289382599968e-05,1312.0,135.7645019878171,0.0,damaging,CELSR1
CHD7 (55636)_damaging,0,1.868346157770275e-05,1313.75,194.15522140802702,0.0,damaging,CHD7
PCSK1 (5122)_damaging,0,2.5039246390034754e-05,1317.0,38.18376618407357,0.0,damaging,PCSK1
SEC16A (9919)_damaging,0,1.712514346950574e-05,1317.5,214.2533546995239,0.0,damaging,SEC16A
PAX6 (5080)_damaging,0,2.3896762348228442e-05,1318.0,,0.0,damaging,PAX6
CILP (8483)_damaging,0,1.2415633340569011e-05,1319.0,73.53910524340094,0.0,damaging,CILP
PHKA1 (5255)_damaging,0,2.4008782381705945e-05,1319.0,,0.0,damaging,PHKA1
SSH2 (85464)_damaging,0,1.9198732543266397e-05,1319.0,,0.0,damaging,SSH2
LIMCH1 (22998)_damaging,0,1.9885353004320314e-05,1320.6,146.79339222185715,0.0,damaging,LIMCH1
GALC (2581)_damaging,0,2.102970112129039e-05,1322.0,90.50966799187809,0.0,damaging,GALC
ATG2A (23130)_damaging,0,2.0005637908353062e-05,1324.0,125.86500705120545,0.0,damaging,ATG2A
CSTF3 (1479)_damaging,0,1.77079538781826e-05,1325.3333333333333,116.46601793370169,0.0,damaging,CSTF3
ATP2B4 (493)_damaging,0,1.783103153957508e-05,1325.4,172.12582606918696,0.0,damaging,ATP2B4
ABCC5 (10057)_damaging,0,2.278669626313202e-05,1326.0,,0.0,damaging,ABCC5
ZNF316 (100131017)_damaging,0,1.5506441297502366e-05,1326.0,,0.0,damaging,ZNF316
AXIN2 (8313)_damaging,0,1.7395064511577607e-05,1326.75,217.23777295857184,0.0,damaging,AXIN2
SAP130 (79595)_damaging,0,2.2289340604859935e-05,1327.0,,0.0,damaging,SAP130
CASKIN1 (57524)_damaging,0,1.9809223812333714e-05,1327.5,134.0360647984962,0.0,damaging,CASKIN1
CYC1 (1537)_damaging,0,2.2627759593466812e-05,1329.0,43.840620433565945,0.0,damaging,CYC1
NECTIN3 (25945)_damaging,0,2.4023952556217447e-05,1329.0,117.37972567696688,0.0,damaging,NECTIN3
MYO7A (4647)_damaging,0,1.9575554538864773e-05,1330.4,67.38916826909205,0.0,damaging,MYO7A
NFRKB (4798)_damaging,0,2.1915304184592926e-05,1332.6666666666667,85.58231904624537,0.0,damaging,NFRKB
XPO7 (23039)_damaging,0,1.7982940713733522e-05,1333.0,,0.0,damaging,XPO7
MAN2B1 (4125)_damaging,0,1.8939505150220993e-05,1340.0,100.40916292848975,0.0,damaging,MAN2B1
TRIM24 (8805)_damaging,0,1.7320542452865575e-05,1340.75,86.75396244552752,0.0,damaging,TRIM24
C8orf34 (116328)_damaging,0,1.864262367969156e-05,1341.0,,0.0,damaging,C8orf34
TEX11 (56159)_damaging,0,1.6630169351756117e-05,1342.0,,0.0,damaging,TEX11
CAPN12 (147968)_damaging,0,1.7178094387697054e-05,1344.0,39.96248240537617,0.0,damaging,CAPN12
CHERP (10523)_damaging,0,1.6210664136113758e-05,1345.0,,0.0,damaging,CHERP
ADGRD2 (347088)_damaging,0,1.5831718433709233e-05,1348.0,,0.0,damaging,ADGRD2
NLRP9 (338321)_damaging,0,1.6389576776628908e-05,1351.8,118.48502015022828,0.0,damaging,NLRP9
CACNA1F (778)_damaging,0,1.4202446634356043e-05,1352.0,166.87720036002523,0.0,damaging,CACNA1F
RBM44 (375316)_damaging,0,1.4805318530273092e-05,1352.0,188.09040379562165,0.0,damaging,RBM44
WDR75 (84128)_damaging,0,2.060361853399316e-05,1352.0,,0.0,damaging,WDR75
PPP2R3B (28227)_damaging,0,2.050241767805044e-05,1353.0,,0.0,damaging,PPP2R3B
KLHL1 (57626)_damaging,0,1.6327328082430216e-05,1355.5,80.15609770940699,0.0,damaging,KLHL1
OC90 (729330)_damaging,0,1.5878185135296717e-05,1355.75,99.3222868578179,0.0,damaging,OC90
ADARB2 (105)_damaging,0,1.2762633647481337e-05,1359.0,,0.0,damaging,ADARB2
MMP12 (4321)_damaging,0,1.5273116622921966e-05,1359.3333333333333,67.5746500792519,0.0,damaging,MMP12
GIGYF1 (64599)_damaging,0,1.7546762138664154e-05,1361.6666666666667,72.28646715211175,0.0,damaging,GIGYF1
GABBR1 (2550)_damaging,0,1.5254321512225209e-05,1362.6666666666667,63.532144095200636,0.0,damaging,GABBR1
COL5A1 (1289)_damaging,0,1.564782307557924e-05,1363.0,84.43044474595642,0.0,damaging,COL5A1
CACNA1G (8913)_damaging,0,8.5697876509963e-06,1365.0,,0.0,damaging,CACNA1G
ERICH6B (220081)_damaging,0,1.0597194621869143e-05,1367.0,,0.0,damaging,ERICH6B
PCDHB6 (56130)_damaging,0,1.7396683817223733e-05,1367.0,,0.0,damaging,PCDHB6
ATP10D (57205)_damaging,0,1.7129414823380403e-05,1370.0,,0.0,damaging,ATP10D
DACH1 (1602)_damaging,0,1.3540070895167658e-05,1374.75,21.360009363293834,0.0,damaging,DACH1
GRIN3A (116443)_damaging,0,1.643601202394451e-05,1376.0,,0.0,damaging,GRIN3A
MPRIP (23164)_damaging,0,1.1713137900010048e-05,1378.6666666666667,94.23552055002045,0.0,damaging,MPRIP
NKAPD1 (55216)_damaging,0,1.2229135528597564e-05,1378.75,41.12886253391079,0.0,damaging,NKAPD1
CYP7A1 (1581)_damaging,0,8.813611815880348e-06,1379.0,,0.0,damaging,CYP7A1
AKAP7 (9465)_damaging,0,1.2128786021599697e-05,1380.0,27.772888458590934,0.0,damaging,AKAP7
NAA35 (60560)_damaging,0,1.1663877245103992e-05,1380.0,,0.0,damaging,NAA35
SHROOM2 (357)_damaging,0,1.5401571808372353e-05,1382.0,,0.0,damaging,SHROOM2
AMER3 (205147)_damaging,0,1.1856651473751576e-05,1382.6666666666667,76.57893531078457,0.0,damaging,AMER3
DENND4A (10260)_damaging,0,8.114770367885535e-06,1385.0,,0.0,damaging,DENND4A
VWA5B2 (90113)_damaging,0,1.0970998696589469e-05,1388.0,,0.0,damaging,VWA5B2
PIWIL1 (9271)_damaging,0,1.3342111864680258e-05,1399.0,,0.0,damaging,PIWIL1
SECISBP2 (79048)_damaging,0,1.1012946193416116e-05,1399.5,48.79036790187178,0.0,damaging,SECISBP2
WDR81 (124997)_damaging,0,8.216488249813034e-06,1399.6666666666667,75.23518680333916,0.0,damaging,WDR81
ZNF521 (25925)_damaging,0,1.1179704341372123e-05,1402.6666666666667,69.50059951779795,0.0,damaging,ZNF521
CNTN3 (5067)_damaging,0,7.646470024718026e-06,1407.6666666666667,49.44019956809779,0.0,damaging,CNTN3
STXBP5L (9515)_damaging,0,1.2461044927510197e-05,1409.0,,0.0,damaging,STXBP5L
ZFPM2 (23414)_damaging,0,8.407826892233348e-06,1409.3333333333333,87.96211305632292,0.0,damaging,ZFPM2
USP8 (9101)_damaging,0,8.455998540502201e-06,1415.0,95.66085928947116,0.0,damaging,USP8
TJP2 (9414)_damaging,0,4.515501651408936e-06,1415.5,54.44722215136416,0.0,damaging,TJP2
RASAL2 (9462)_damaging,0,1.0612855075751091e-05,1420.0,,0.0,damaging,RASAL2
MTCL2 (140710)_damaging,0,1.0595923378425245e-05,1421.0,,0.0,damaging,MTCL2
USH1C (10083)_damaging,0,3.2971930442669227e-06,1425.3333333333333,58.07179464536405,0.0,damaging,USH1C
NUP210 (23225)_damaging,0,9.04165496193678e-06,1427.5,40.30508652763321,0.0,damaging,NUP210
MIS18BP1 (55320)_damaging,0,6.360988439062473e-06,1429.0,0.0,0.0,damaging,MIS18BP1
LAMA4 (3910)_damaging,0,0.0,1430.0,,0.0,damaging,LAMA4
FXR1 (8087)_damaging,0,1.3569007270692393e-06,1433.0,,0.0,damaging,FXR1
PAX2 (5076)_damaging,0,9.304031120794345e-06,1433.0,,0.0,damaging,PAX2
PTCH2 (8643)_damaging,0,4.850637468593181e-06,1434.6666666666667,48.169838419215566,0.0,damaging,PTCH2
STAMBPL1 (57559)_damaging,0,1.6014130599121328e-06,1435.0,45.254833995939045,0.0,damaging,STAMBPL1
ZNF331 (55422)_damaging,0,1.0395337164612781e-07,1441.0,,0.0,damaging,ZNF331
DNAI3 (126820)_damaging,0,3.6579068394692627e-06,1443.5,0.7071067811865476,0.0,damaging,DNAI3
PHLDB1 (23187)_damaging,0,7.211544610669718e-06,1447.0,,0.0,damaging,PHLDB1
KLF3 (51274)_damaging,0,6.9793804867049374e-06,1449.0,,0.0,damaging,KLF3
NAA25 (80018)_damaging,0,3.504592818599338e-06,1451.0,4.242640687119285,0.0,damaging,NAA25
ADNP (23394)_damaging,0,0.0,1454.0,,0.0,damaging,ADNP
BRD10 (158358)_damaging,0,0.0,1454.0,,0.0,damaging,BRD10
TUBGCP2 (10844)_damaging,0,4.869838705635197e-06,1454.0,,0.0,damaging,TUBGCP2
DENND4B (9909)_damaging,0,4.554765847277937e-06,1459.0,,0.0,damaging,DENND4B
SALL4 (57167)_damaging,0,0.0,1462.0,11.313708498984761,0.0,damaging,SALL4
NLGN3 (54413)_damaging,0,1.3657164581943116e-06,1464.0,,0.0,damaging,NLGN3
ZC3H14 (79882)_damaging,0,1.9175338681703237e-07,1467.0,,0.0,damaging,ZC3H14
FILIP1L (11259)_damaging,0,0.0,1470.0,,0.0,damaging,FILIP1L
GPC2 (221914)_damaging,0,0.0,1470.0,,0.0,damaging,GPC2
IRS2 (8660)_damaging,0,0.0,1470.0,,0.0,damaging,IRS2
NOP58 (51602)_damaging,0,0.0,1470.0,,0.0,damaging,NOP58
TRAPPC8 (22878)_damaging,0,0.0,1470.0,,0.0,damaging,TRAPPC8
XPO4 (64328)_damaging,0,0.0,1470.0,,0.0,damaging,XPO4
CLCN3 (1182)_damaging,0,4.837819543312589e-19,1470.5,0.7071067811865476,0.0,damaging,CLCN3
ATP2B1 (490)_damaging,0,1.088251177932207e-19,1479.0,,0.0,damaging,ATP2B1
EIF4G3 (8672)_damaging,0,8.326780239865027e-20,1480.0,,0.0,damaging,EIF4G3
