fold,feature,importance
0,MTOR (2475)_hotspot,0.006825439322199657
0,NRAS (4893)_hotspot,0.0034570664297573976
0,PTEN (5728)_hotspot,0.0013147889462170573
0,HRAS (3265)_hotspot,8.438884391435924e-05
0,KRAS (3845)_hotspot,0.015975590291196388
0,RB1 (5925)_hotspot,0.0035974367888314583
0,CREBBP (1387)_hotspot,0.002152811170727438
0,TP53 (7157)_hotspot,0.08864478540138943
0,NF1 (4763)_hotspot,0.00033163026852257296
0,SMAD4 (4089)_hotspot,0.00158357211456307
0,STK11 (6794)_hotspot,0.00032771606258822717
0,SMARCA4 (6597)_hotspot,0.0005177488201422364
0,C2orf81 (388963)_hotspot,0.003743287119413173
0,NFE2L2 (4780)_hotspot,0.0038400605991798283
0,VHL (7428)_hotspot,0.0001494355076431059
0,CTNNB1 (1499)_hotspot,0.0009869036338977395
0,RHOA (387)_hotspot,0.0010546623145109635
0,PIK3CA (5290)_hotspot,0.0043911970790841744
0,FBXW7 (55294)_hotspot,0.0012175901216385948
0,TERT (7015)_hotspot,0.03298481694296729
0,PIK3R1 (5295)_hotspot,0.0005432757463159297
0,APC (324)_hotspot,0.0009495305568965909
0,RAC1 (5879)_hotspot,0.000312218302563941
0,EGFR (1956)_hotspot,0.0029597644385056117
0,BRAF (673)_hotspot,0.024609800276155513
0,CDKN2A (1029)_hotspot,0.002347589166249922
0,AGRN (375790)_damaging,4.683570999057091e-05
0,MXRA8 (54587)_damaging,0.0
0,CFAP74 (85452)_damaging,8.406261391376495e-05
0,MEGF6 (1953)_damaging,0.0011065821203018818
0,CHD5 (26038)_damaging,0.0006347481232096234
0,RPL22 (6146)_damaging,0.0029781620550131255
0,CAMTA1 (23261)_damaging,3.9934860727855364e-05
0,ERRFI1 (54206)_damaging,9.790658697749678e-05
0,SLC45A1 (50651)_damaging,0.00032452556802086823
0,RERE (473)_damaging,0.001400047679478514
0,VPS13D (55187)_damaging,0.00045464323762710334
0,FHAD1 (114827)_damaging,0.0
0,SPEN (23013)_damaging,0.0009073001537664045
0,EPHA2 (1969)_damaging,0.0
0,UBR4 (23352)_damaging,7.349404813411315e-05
0,EIF4G3 (8672)_damaging,1.9722056958786475e-05
0,HSPG2 (3339)_damaging,0.000407769799334413
0,LUZP1 (7798)_damaging,6.902136129071902e-05
0,ID3 (3399)_damaging,0.023092889046543982
0,ELOA (6924)_damaging,0.00021222144934472477
0,ARID1A (8289)_damaging,0.0030749704859763284
0,WDTC1 (23038)_damaging,0.00032269592322975394
0,PTPRU (10076)_damaging,0.0
0,COL16A1 (1307)_damaging,0.0
0,CSMD2 (114784)_damaging,0.0003879803467044611
0,ZMYM6 (9204)_damaging,2.68548140329555e-05
0,ZMYM1 (79830)_damaging,0.0
0,ZMYM4 (9202)_damaging,8.578426810828091e-05
0,CLSPN (63967)_damaging,0.0
0,AGO1 (26523)_damaging,3.928485555807139e-05
0,COL8A2 (1296)_damaging,0.0
0,MAP7D1 (55700)_damaging,3.278718081807299e-05
0,MACF1 (23499)_damaging,0.002396100788369861
0,HIVEP3 (59269)_damaging,0.0
0,TIE1 (7075)_damaging,5.726339609936965e-05
0,SZT2 (23334)_damaging,0.0004069166428593074
0,PTCH2 (8643)_damaging,6.337703824003393e-05
0,MUTYH (4595)_damaging,0.000435377012657837
0,MAST2 (23139)_damaging,0.00013333975057256868
0,PIK3R3 (8503)_damaging,0.0003840164883972955
0,FAAH (2166)_damaging,0.0
0,TAL1 (6886)_damaging,0.0011731776874792617
0,FYB2 (199920)_damaging,0.00026389253626759056
0,NFIA (4774)_damaging,0.00018621605383597673
0,PATJ (10207)_damaging,0.0
0,DOCK7 (85440)_damaging,0.00011268312117378362
0,JAK1 (3716)_damaging,2.9753926340871314e-05
0,LEPR (3953)_damaging,0.0002826607552936684
0,LRRC7 (57554)_damaging,0.0003403252605600411
0,TNNI3K (51086)_damaging,0.00020378295739342355
0,ERICH3 (127254)_damaging,0.00019993243164723846
0,SLC44A5 (204962)_damaging,0.0
0,AK5 (26289)_damaging,0.0
0,ADGRL4 (64123)_damaging,0.00028637353094367713
0,ADGRL2 (23266)_damaging,0.000199868834860375
0,DNAI3 (126820)_damaging,0.0
0,COL24A1 (255631)_damaging,6.669206786420882e-05
0,HFM1 (164045)_damaging,4.347638161960439e-05
0,BTBD8 (284697)_damaging,0.00018407428709605168
0,RPL5 (6125)_damaging,0.0002689310911713295
0,CCDC18 (343099)_damaging,6.143144578463284e-05
0,COL11A1 (1301)_damaging,0.0014971342660831182
0,EPS8L3 (79574)_damaging,0.00026679144553414864
0,CEPT1 (10390)_damaging,0.0
0,DENND2C (163259)_damaging,7.894055683487025e-05
0,SYCP1 (6847)_damaging,0.0003517699077932796
0,SPAG17 (200162)_damaging,0.00025624111369800575
0,NOTCH2 (4853)_damaging,9.185657734431233e-05
0,BCL9 (607)_damaging,0.0003777504517675414
0,OTUD7B (56957)_damaging,2.414451341161191e-05
0,ADAMTSL4 (54507)_damaging,0.0
0,ZNF687 (57592)_damaging,4.796013242678617e-07
0,TCHH (7062)_damaging,0.0
0,FLG (2312)_damaging,0.0007694262735305683
0,CCDST (112268240)_damaging,0.0024602283611689178
0,FLG2 (388698)_damaging,9.90960381501386e-05
0,UBAP2L (9898)_damaging,0.0
0,ADAR (103)_damaging,0.0
0,SHC1 (6464)_damaging,0.00015474727429999664
0,ASH1L (55870)_damaging,0.0003175231047407607
0,IQGAP3 (128239)_damaging,0.0002506953262087339
0,NES (10763)_damaging,0.0
0,INSRR (3645)_damaging,0.0
0,FCRL5 (83416)_damaging,0.00024248936217791058
0,SPTA1 (6708)_damaging,0.0015391523988987279
0,ARHGAP30 (257106)_damaging,0.0
0,ADCY10 (55811)_damaging,0.0
0,F5 (2153)_damaging,9.461706646186782e-05
0,FIRRM (55732)_damaging,0.0005721442513591288
0,TNR (7143)_damaging,0.00043905802188726683
0,PAPPA2 (60676)_damaging,0.0007550341056599949
0,ABL2 (27)_damaging,0.0007759124850136535
0,AXDND1 (126859)_damaging,0.00021360973869559706
0,TDRD5 (163589)_damaging,0.0001590684762459902
0,CEP350 (9857)_damaging,0.0006282403538221041
0,CACNA1E (777)_damaging,0.0010759683315392401
0,RGL1 (23179)_damaging,0.0
0,HMCN1 (83872)_damaging,0.000845238805557366
0,TPR (7175)_damaging,0.00015263721300228848
0,BRINP3 (339479)_damaging,0.00015544364497023554
0,KCNT2 (343450)_damaging,0.0001140538813171418
0,CFH (3075)_damaging,0.0
0,ASPM (259266)_damaging,9.202192945317423e-05
0,PTPRC (5788)_damaging,0.0010464191000251425
0,CAMSAP2 (23271)_damaging,2.2068307342379566e-05
0,IGFN1 (91156)_damaging,0.0017486168766181085
0,NAV1 (89796)_damaging,6.610336578194815e-05
0,KDM5B (10765)_damaging,0.0
0,ATP2B4 (493)_damaging,0.0
0,PLEKHA6 (22874)_damaging,0.00015214869724155007
0,PIK3C2B (5287)_damaging,0.0001508170894249919
0,NFASC (23114)_damaging,0.00012346716150871004
0,CR2 (1380)_damaging,1.4792351351675229e-05
0,CR1 (1378)_damaging,9.416202562674396e-05
0,PROX1 (5629)_damaging,0.0
0,PTPN14 (5784)_damaging,4.0936706886330926e-05
0,CENPF (1063)_damaging,0.00044325321649442965
0,USH2A (7399)_damaging,0.003744834797435964
0,EPRS1 (2058)_damaging,4.079182705673162e-05
0,DNAH14 (127602)_damaging,0.0005130707871826969
0,CDC42BPA (8476)_damaging,0.0001856571457905123
0,OBSCN (84033)_damaging,0.0012248389190526062
0,H3-4 (8290)_damaging,2.5843990335975335e-05
0,SIPA1L2 (57568)_damaging,0.00015970080257759637
0,PCNX2 (80003)_damaging,9.589327163785827e-05
0,ARID4B (51742)_damaging,0.00011548199875105694
0,LYST (1130)_damaging,0.00011695395443106476
0,RYR2 (6262)_damaging,0.004271158336547974
0,CHRM3 (1131)_damaging,8.168787521451479e-05
0,FMN2 (56776)_damaging,0.00046572770945350574
0,WDR64 (128025)_damaging,0.00021551480783647015
0,SDCCAG8 (10806)_damaging,4.850770475213456e-05
0,KIF26B (55083)_damaging,0.0002175479153149753
0,AHCTF1 (25909)_damaging,3.324791336994807e-05
0,NLRP3 (114548)_damaging,0.00036945623307194027
0,LARP4B (23185)_damaging,0.0007494903475587774
0,PITRM1 (10531)_damaging,0.0015646387164977489
0,TAF3 (83860)_damaging,0.00017726220913578323
0,FRMD4A (55691)_damaging,0.0
0,ITGA8 (8516)_damaging,0.0
0,CUBN (8029)_damaging,0.0012108853063854852
0,MRC1 (4360)_damaging,0.00011195166829953313
0,MALRD1 (340895)_damaging,0.0
0,ARMC3 (219681)_damaging,0.0002667935133129547
0,MYO3A (53904)_damaging,0.0
0,ANKRD26 (22852)_damaging,0.0
0,SVIL (6840)_damaging,0.0
0,JCAD (57608)_damaging,4.8145900250243656e-05
0,KIF5B (3799)_damaging,0.0
0,CCDC7 (79741)_damaging,0.00011855989601545369
0,ANKRD30A (91074)_damaging,0.0005054211251085004
0,RSU1P2 (100133308)_damaging,0.0
0,WDFY4 (57705)_damaging,0.00015182351488511126
0,C10orf71 (118461)_damaging,0.00042560131731533775
0,PCDH15 (65217)_damaging,0.00031766302972921706
0,ANK3 (288)_damaging,0.0007141594705454559
0,ARID5B (84159)_damaging,9.411799359538055e-07
0,JMJD1C (221037)_damaging,0.00016363632243658578
0,CTNNA3 (29119)_damaging,0.00015603703749999536
0,MYPN (84665)_damaging,0.0
0,DNA2 (1763)_damaging,0.00019657658854714338
0,CDH23 (64072)_damaging,0.000772339680760279
0,SYNPO2L (79933)_damaging,2.579026875380348e-05
0,DLG5 (9231)_damaging,5.242571765102718e-05
0,ZMIZ1 (57178)_damaging,0.0
0,NRG3 (10718)_damaging,0.0004092019916174125
0,WAPL (23063)_damaging,0.0
0,PTEN (5728)_damaging,0.0023555640842178654
0,SLC16A12 (387700)_damaging,0.0
0,KIF20B (9585)_damaging,9.625133731265575e-05
0,BTAF1 (9044)_damaging,5.5835409341460816e-05
0,MYOF (26509)_damaging,0.0
0,PLCE1 (51196)_damaging,0.000757653201549632
0,ZNF518A (9849)_damaging,0.000786250680382861
0,LCOR (84458)_damaging,4.986819704172811e-05
0,SLIT1 (6585)_damaging,4.569815200087919e-05
0,LOXL4 (84171)_damaging,5.1848952344900256e-05
0,SLF2 (55719)_damaging,0.00016037399646703354
0,PPRC1 (23082)_damaging,0.0009757256242529464
0,PSD (5662)_damaging,6.268383212457034e-05
0,CNNM2 (54805)_damaging,0.00016012294414236304
0,PDCD11 (22984)_damaging,0.000139587161823787
0,SH3PXD2A (9644)_damaging,5.36452269641734e-05
0,SLK (9748)_damaging,0.003124072298654874
0,SORCS3 (22986)_damaging,4.61170207186173e-05
0,SMC3 (9126)_damaging,2.728051964715233e-05
0,TCF7L2 (6934)_damaging,0.00012912288706280368
0,ATRNL1 (26033)_damaging,0.0003583792043612406
0,TACC2 (10579)_damaging,0.00018617783721799647
0,DMBT1 (1755)_damaging,0.0
0,MKI67 (4288)_damaging,0.00020741393560247935
0,JAKMIP3 (282973)_damaging,0.0011871018513361187
0,CFAP46 (54777)_damaging,0.0017280164602669398
0,B4GALNT4 (338707)_damaging,1.407130356920505e-05
0,PKP3 (11187)_damaging,0.00039544912448277107
0,MUC5AC (4586)_damaging,0.0005390773941734603
0,MUC5B (727897)_damaging,0.0007324378243248464
0,BRSK2 (9024)_damaging,0.0002586219842480926
0,KCNQ1 (3784)_damaging,0.00027606322758511514
0,NUP98 (4928)_damaging,0.00025593819045032027
0,DNHD1 (144132)_damaging,3.0645476109949834e-05
0,DCHS1 (8642)_damaging,1.9983427704681342e-05
0,IPO7 (10527)_damaging,0.00020931703039435526
0,SBF2 (81846)_damaging,0.0009206470661211092
0,PIK3C2A (5286)_damaging,0.0
0,ABCC8 (6833)_damaging,0.00018536745849868238
0,USH1C (10083)_damaging,0.0
0,OTOG (340990)_damaging,0.0003054275380033346
0,NAV2 (89797)_damaging,0.0001085060447698028
0,ANO3 (63982)_damaging,0.00013831232720167203
0,DCDC1 (341019)_damaging,0.000256999613964401
0,CCDC73 (493860)_damaging,0.00010478977508449671
0,QSER1 (79832)_damaging,0.00028376269347304555
0,KIAA1549L (25758)_damaging,9.606400015333272e-05
0,LRP4 (4038)_damaging,0.0
0,FOLH1 (2346)_damaging,0.0
0,OR4A15 (81328)_damaging,0.0
0,OR4P4 (81300)_damaging,0.0
0,CTNND1 (1500)_damaging,0.00026498878433236546
0,DTX4 (23220)_damaging,0.0
0,MYRF (745)_damaging,0.00013026181945990188
0,AHNAK (79026)_damaging,0.00035845876114163255
0,EML3 (256364)_damaging,0.00018693389408720994
0,SLC3A2 (6520)_damaging,1.155828690062579e-06
0,PLCB3 (5331)_damaging,0.0
0,NRXN2 (9379)_damaging,3.808338752612447e-05
0,ATG2A (23130)_damaging,9.403646160275407e-05
0,PCNX3 (399909)_damaging,3.676213633018209e-05
0,RIN1 (9610)_damaging,0.0
0,SHANK2 (22941)_damaging,0.00011306816667294249
0,NUMA1 (4926)_damaging,0.0
0,INPPL1 (3636)_damaging,0.00018481576121163508
0,ARHGEF17 (9828)_damaging,0.0
0,C2CD3 (26005)_damaging,0.0002490450410792968
0,MYO7A (4647)_damaging,0.00042396390002678635
0,RSF1 (51773)_damaging,0.0007278585123409395
0,GAB2 (9846)_damaging,0.0
0,TENM4 (26011)_damaging,0.0020318804563722453
0,PCF11 (51585)_damaging,0.0002007483089459344
0,DLG2 (1740)_damaging,0.0003046116448378196
0,SYTL2 (54843)_damaging,0.0001876559200776784
0,FAT3 (120114)_damaging,0.00131201555460416
0,DEUP1 (159989)_damaging,0.0
0,CNTN5 (53942)_damaging,0.0002178030084211716
0,CEP126 (57562)_damaging,0.0023155711438783318
0,MMP3 (4314)_damaging,0.0019312432719442952
0,DYNC2H1 (79659)_damaging,0.0010030511851807217
0,NPAT (4863)_damaging,5.965600272568931e-05
0,ATM (472)_damaging,0.0010287409496728761
0,EXPH5 (23086)_damaging,0.0001753012601729366
0,NCAM1 (4684)_damaging,0.0
0,USP28 (57646)_damaging,0.0002080600474552862
0,DSCAML1 (57453)_damaging,7.506901743168183e-05
0,KMT2A (4297)_damaging,0.00022780886105035246
0,BCL9L (283149)_damaging,0.0003121397415647116
0,HYOU1 (10525)_damaging,0.0
0,ARHGEF12 (23365)_damaging,0.00022232916857224387
0,TECTA (7007)_damaging,3.344317635402723e-05
0,SORL1 (6653)_damaging,0.00013928686637209353
0,ROBO3 (64221)_damaging,9.021810882955349e-05
0,CCDC15 (80071)_damaging,6.436468984817324e-05
0,SNX19 (399979)_damaging,3.417909269643938e-05
0,IGSF9B (22997)_damaging,0.0002101770530457066
0,LINC02714 (729305)_damaging,0.00023925629040114836
0,KDM5A (5927)_damaging,8.639168118154556e-05
0,WNK1 (65125)_damaging,0.00034370081667648176
0,CACNA1C (775)_damaging,0.0002868045052934589
0,VWF (7450)_damaging,3.5975798620732554e-05
0,PLEKHG6 (55200)_damaging,4.939590002361896e-05
0,CHD4 (1108)_damaging,0.0
0,ATN1 (1822)_damaging,3.170562712089447e-05
0,A2ML1 (144568)_damaging,5.027217174963202e-05
0,A2M (2)_damaging,0.00023660830965591923
0,GRIN2B (2904)_damaging,0.0
0,ATF7IP (55729)_damaging,8.553806434825563e-05
0,GUCY2C (2984)_damaging,4.6878686021044e-05
0,PLEKHA5 (54477)_damaging,0.0
0,SLCO1B3 (28234)_damaging,7.134012105651486e-05
0,RECQL (5965)_damaging,0.0003720509972908307
0,ABCC9 (10060)_damaging,0.0014522182928150718
0,ITPR2 (3709)_damaging,0.0006413212793634375
0,OVCH1 (341350)_damaging,0.0003718515934742554
0,KIF21A (55605)_damaging,3.073592766278471e-05
0,LRRK2 (120892)_damaging,0.0013907976347194745
0,MUC19 (283463)_damaging,0.0038373247807598557
0,CNTN1 (1272)_damaging,0.00012275361241040924
0,PDZRN4 (29951)_damaging,8.89864642219659e-05
0,ADAMTS20 (80070)_damaging,0.0004889260361539193
0,ANO6 (196527)_damaging,0.0
0,ARID2 (196528)_damaging,0.0012416059468286725
0,COL2A1 (1280)_damaging,3.9221811306516126e-05
0,WNT1 (7471)_damaging,0.0
0,KMT2D (8085)_damaging,0.006462696391217705
0,PRPF40B (25766)_damaging,8.467714049008204e-05
0,NCKAP5L (57701)_damaging,0.0001963740171602601
0,DIP2B (57609)_damaging,0.0
0,ACVR1B (91)_damaging,0.0
0,TNS2 (23371)_damaging,0.000110017496236649
0,MAP3K12 (7786)_damaging,7.403810607946171e-05
0,PAN2 (9924)_damaging,0.0004458891211653766
0,STAT2 (6773)_damaging,0.0
0,NACA (4666)_damaging,5.18747553648329e-05
0,MYO1A (4640)_damaging,9.213761090798973e-05
0,STAT6 (6778)_damaging,0.0
0,LRP1 (4035)_damaging,0.00017059029270716073
0,R3HDM2 (22864)_damaging,0.0
0,GLI1 (2735)_damaging,0.0
0,MBD6 (114785)_damaging,0.0010482583673474225
0,PTPRB (5787)_damaging,0.0011622164427440198
0,ZFC3H1 (196441)_damaging,4.1137076732348004e-05
0,E2F7 (144455)_damaging,0.00011948598190182439
0,NAV3 (89795)_damaging,0.0009157341872705054
0,OTOGL (283310)_damaging,4.729055792839779e-05
0,PTPRQ (374462)_damaging,0.0
0,PPFIA2 (8499)_damaging,0.0005523331163325981
0,LRRIQ1 (84125)_damaging,0.0002824171437725904
0,CEP290 (80184)_damaging,0.0005336475988249114
0,ATP2B1 (490)_damaging,0.00019794982247943577
0,PLXNC1 (10154)_damaging,8.234522772562166e-05
0,CFAP54 (144535)_damaging,0.0006471786670151291
0,ANKS1B (56899)_damaging,0.0
0,BLTP3B (23074)_damaging,0.0005110608971217571
0,UTP20 (27340)_damaging,0.0002115069223615399
0,STAB2 (55576)_damaging,0.002780126035269291
0,ALDH1L2 (160428)_damaging,0.0001619673341755781
0,ACACB (32)_damaging,0.00032107215999101126
0,MVK (4598)_damaging,5.2815522447084084e-05
0,CUX2 (23316)_damaging,0.0005682785127060175
0,HECTD4 (283450)_damaging,0.0
0,DTX1 (1840)_damaging,0.0
0,NOS1 (4842)_damaging,6.717042645454413e-05
0,HNF1A (6927)_damaging,4.89733222409055e-05
0,KDM2B (84678)_damaging,1.5324461217688134e-05
0,SETD1B (23067)_damaging,0.00030069758629154477
0,CFAP251 (144406)_damaging,0.0
0,KNTC1 (9735)_damaging,0.0
0,MPHOSPH9 (10198)_damaging,0.00015139442596176972
0,SBNO1 (55206)_damaging,0.0
0,DNAH10 (196385)_damaging,0.00025777230074734253
0,NCOR2 (9612)_damaging,0.00012030152553629926
0,TMEM132D (121256)_damaging,0.0
0,RIMBP2 (23504)_damaging,3.219632102457309e-05
0,EP400 (57634)_damaging,0.0008642581247636555
0,P2RX2 (22953)_damaging,5.0646689582945524e-05
0,POLE (5426)_damaging,0.00020944234493772859
0,GOLGA3 (2802)_damaging,0.0
0,SACS (26278)_damaging,0.000290716768358462
0,RNF17 (56163)_damaging,0.0006061701508911198
0,CENPJ (55835)_damaging,0.0
0,ATP8A2 (51761)_damaging,0.00032494953146377457
0,PAN3 (255967)_damaging,3.615988057688406e-05
0,FRY (10129)_damaging,0.0
0,BRCA2 (675)_damaging,0.0005074949305516641
0,PDS5B (23047)_damaging,0.0031464198487075805
0,NBEA (26960)_damaging,0.0008849661400242316
0,POSTN (10631)_damaging,6.45408502309148e-05
0,FREM2 (341640)_damaging,0.0006842092885954121
0,DGKH (160851)_damaging,0.002884417613599166
0,ZC3H13 (23091)_damaging,0.000231841680445804
0,RB1 (5925)_damaging,0.0071751594584745105
0,KLHL1 (57626)_damaging,0.00023912193600464246
0,DACH1 (1602)_damaging,0.0001689421783712894
0,DIS3 (22894)_damaging,9.335447218673311e-05
0,TBC1D4 (9882)_damaging,6.555239302911793e-05
0,MYCBP2 (23077)_damaging,0.0003985506561372821
0,UGGT2 (55757)_damaging,0.00019701905196277492
0,DOCK9 (23348)_damaging,4.2776751751119266e-05
0,PCCA (5095)_damaging,3.117266123801811e-05
0,NALCN (259232)_damaging,0.00041715594313423044
0,CCDC168 (643677)_damaging,0.00033263473069487256
0,MYO16 (23026)_damaging,0.0001580155109975132
0,COL4A1 (1282)_damaging,0.0
0,COL4A2 (1284)_damaging,4.650111524119768e-05
0,TEP1 (7011)_damaging,3.239452779234544e-05
0,ARHGEF40 (55701)_damaging,0.0
0,CHD8 (57680)_damaging,0.00023240779064772683
0,AJUBA (84962)_damaging,0.0005140193572243768
0,ACIN1 (22985)_damaging,4.573191599889696e-05
0,CARMIL3 (90668)_damaging,0.0
0,NYNRIN (57523)_damaging,0.00029105691975598767
0,ARHGAP5 (394)_damaging,0.0
0,AKAP6 (9472)_damaging,0.0004179065132534922
0,NPAS3 (64067)_damaging,0.0004719829508127411
0,RALGAPA1 (253959)_damaging,0.00016664303658176963
0,TTC6 (319089)_damaging,0.0001225058815874234
0,MIA2 (4253)_damaging,0.001316473802184107
0,TOGARAM1 (23116)_damaging,8.534714744551968e-05
0,FANCM (57697)_damaging,0.00030240451199029607
0,MIS18BP1 (55320)_damaging,0.0002170946136484088
0,MDGA2 (161357)_damaging,0.0015442497237709782
0,NIN (51199)_damaging,0.0
0,NID2 (22795)_damaging,0.0
0,KTN1 (3895)_damaging,0.00024425221954892795
0,ARID4A (5926)_damaging,0.00019632253119409484
0,HIF1A (3091)_damaging,4.363601500839759e-05
0,KCNH5 (27133)_damaging,0.0
0,SYNE2 (23224)_damaging,0.0015290968072007693
0,PCNX1 (22990)_damaging,0.00022729508394949772
0,MIDEAS (91748)_damaging,0.0
0,YLPM1 (56252)_damaging,0.00017030737279813274
0,MLH3 (27030)_damaging,0.0001510300383974052
0,NRXN3 (9369)_damaging,0.00026612414764331843
0,CEP128 (145508)_damaging,0.0005786585772641448
0,PTPN21 (11099)_damaging,6.681216031163843e-05
0,ZC3H14 (79882)_damaging,0.0
0,EML5 (161436)_damaging,8.595785433463048e-05
0,TRIP11 (9321)_damaging,6.584909398295369e-05
0,UNC79 (57578)_damaging,0.00033461082951283857
0,ATG2B (55102)_damaging,0.0002275171043143757
0,RTL1 (388015)_damaging,0.0
0,DYNC1H1 (1778)_damaging,0.00026517340040635895
0,KIF26A (26153)_damaging,0.0005850678689146966
0,INF2 (64423)_damaging,0.00020485028649073328
0,AHNAK2 (113146)_damaging,0.0011199156065299326
0,MTA1 (9112)_damaging,3.661697058881851e-05
0,ATP10A (57194)_damaging,0.0
0,HERC2 (8924)_damaging,0.00023963765266996702
0,TRPM1 (4308)_damaging,0.00028415568180398243
0,FMN1 (342184)_damaging,0.0001676108851556935
0,RYR3 (6263)_damaging,0.001610695294908024
0,KNL1 (57082)_damaging,0.0
0,INO80 (54617)_damaging,6.594725488184042e-05
0,TYRO3 (7301)_damaging,0.0018102118672851354
0,MGA (23269)_damaging,0.0013988747290027003
0,SPTBN5 (51332)_damaging,0.0010319020175033873
0,ZNF106 (64397)_damaging,0.00044621347693568934
0,STARD9 (57519)_damaging,0.0003836720921863529
0,TP53BP1 (7158)_damaging,0.00035490763243858805
0,MAP1A (4130)_damaging,6.14767905972376e-05
0,SPG11 (80208)_damaging,0.0
0,B2M (567)_damaging,0.000472575592864845
0,DUOX2 (50506)_damaging,5.3555920413605695e-05
0,SLC12A1 (6557)_damaging,0.0
0,FBN1 (2200)_damaging,0.00012086007792109355
0,CEP152 (22995)_damaging,8.92446381145161e-05
0,USP8 (9101)_damaging,0.0
0,TRPM7 (54822)_damaging,9.634436484450179e-05
0,DMXL2 (23312)_damaging,0.0002103981985083328
0,MYO5C (55930)_damaging,6.425185102315622e-05
0,UNC13C (440279)_damaging,8.983876007952425e-05
0,RFX7 (64864)_damaging,0.0004584355476159567
0,ICE2 (79664)_damaging,0.00016420743167932408
0,VPS13C (54832)_damaging,0.0007317773960516941
0,TLN2 (83660)_damaging,4.447395576523569e-06
0,HERC1 (8925)_damaging,0.0006697078768619407
0,ZNF609 (23060)_damaging,0.0005395636249294329
0,MYO9A (4649)_damaging,5.3254050458413966e-05
0,HCN4 (10021)_damaging,6.575493192266391e-05
0,ARID3B (10620)_damaging,0.0001726448905694542
0,SIN3A (25942)_damaging,0.0030198175066396514
0,PEAK1 (79834)_damaging,0.00014785983271500586
0,ADAMTSL3 (57188)_damaging,0.0006961715295058803
0,AKAP13 (11214)_damaging,0.0001323565752810947
0,AGBL1 (123624)_damaging,6.760620394142912e-05
0,TICRR (90381)_damaging,5.050985620128488e-05
0,KIF7 (374654)_damaging,0.00025524120642593696
0,IQGAP1 (8826)_damaging,0.00021026680125660823
0,BLM (641)_damaging,0.0008936181680094058
0,FES (2242)_damaging,4.414313003275771e-05
0,CHD2 (1106)_damaging,5.591386538338189e-05
0,LRRK1 (79705)_damaging,0.0
0,AXIN1 (8312)_damaging,6.457240755079581e-05
0,WDR90 (197335)_damaging,0.0
0,CACNA1H (8912)_damaging,9.072877660920003e-05
0,UNKL (64718)_damaging,0.0003423323202286083
0,CRAMP1 (57585)_damaging,0.00010893800388867234
0,TSC2 (7249)_damaging,0.00019286188062449838
0,PKD1 (5310)_damaging,0.000265987721986808
0,CASKIN1 (57524)_damaging,0.0
0,SLX4 (84464)_damaging,0.00016581188895934654
0,CREBBP (1387)_damaging,0.01209840734574795
0,CORO7 (79585)_damaging,0.0
0,SEC14L5 (9717)_damaging,0.0
0,USP7 (7874)_damaging,1.8275123029315404e-05
0,GRIN2A (2903)_damaging,0.00048332264454414435
0,ABCC1 (4363)_damaging,0.0
0,SMG1 (23049)_damaging,0.000389203338234795
0,KNOP1 (400506)_damaging,0.0004098333761987966
0,DNAH3 (55567)_damaging,0.000628697985162232
0,PALB2 (79728)_damaging,1.5301193273961195e-05
0,RBBP6 (5930)_damaging,4.194643815957434e-05
0,TNRC6A (27327)_damaging,0.0
0,GTF3C1 (2975)_damaging,3.057097518912638e-05
0,ATXN2L (11273)_damaging,0.0003029758924691322
0,ITGAL (3683)_damaging,6.415715136498449e-05
0,SRCAP (10847)_damaging,0.00017696230859550323
0,SETD1A (9739)_damaging,1.532518941481059e-05
0,ZNF668 (79759)_damaging,0.0
0,ITGAD (3681)_damaging,2.8449116561750203e-05
0,SALL1 (6299)_damaging,0.0004336613568735314
0,CHD9 (80205)_damaging,0.0001663211901872887
0,RBL2 (5934)_damaging,0.0
0,NLRC5 (84166)_damaging,0.000772001717664468
0,CNGB1 (1258)_damaging,6.463092430375396e-05
0,CNOT1 (23019)_damaging,0.0
0,CDH8 (1006)_damaging,0.0002965028116761756
0,CDH11 (1009)_damaging,9.22140619860691e-05
0,CTCF (10664)_damaging,0.0008763375230910039
0,CDH1 (999)_damaging,0.0008383237704883866
0,NFAT5 (10725)_damaging,0.0
0,MTSS2 (92154)_damaging,4.928046361808164e-05
0,DHX38 (9785)_damaging,5.35833596555635e-05
0,ZFHX3 (463)_damaging,0.00035034902028120387
0,CNTNAP4 (85445)_damaging,0.0006575084756395912
0,ADAMTS18 (170692)_damaging,9.543787920787012e-05
0,ZNF469 (84627)_damaging,0.0
0,ZC3H18 (124245)_damaging,0.00012229552253629656
0,LINC02138 (400558)_damaging,0.0011709751074937312
0,CDH15 (1013)_damaging,0.0004994599383796893
0,ANKRD11 (29123)_damaging,0.00015757260699593325
0,VPS9D1 (9605)_damaging,0.00011084603272174329
0,FANCA (2175)_damaging,7.593049428314326e-05
0,CLUH (23277)_damaging,0.0
0,SPATA22 (84690)_damaging,0.004135499531755626
0,ZZEF1 (23140)_damaging,2.3017731806167815e-05
0,USP6 (9098)_damaging,7.2011003252924735e-06
0,ACADVL (37)_damaging,3.433458121880003e-05
0,FXR2 (9513)_damaging,0.000392098584754503
0,TP53 (7157)_damaging,0.17881017107184816
0,EFNB3 (1949)_damaging,6.737516817210959e-05
0,DNAH2 (146754)_damaging,2.877851903584732e-06
0,KDM6B (23135)_damaging,0.0010594718884803604
0,CHD3 (1107)_damaging,0.0
0,ALOX12B (242)_damaging,4.184295974424149e-05
0,PER1 (5187)_damaging,0.0
0,PFAS (5198)_damaging,4.4812816214275764e-05
0,USP43 (124739)_damaging,0.00022512793466550945
0,MYH13 (8735)_damaging,3.676315334391949e-05
0,MYH8 (4626)_damaging,0.00039239122674544107
0,MYH4 (4622)_damaging,0.00020694806861522433
0,MYH1 (4619)_damaging,0.003044292359554393
0,MYH2 (4620)_damaging,0.0006915855555007103
0,DNAH9 (1770)_damaging,0.0010995366852486659
0,NCOR1 (9611)_damaging,0.00021731741702189352
0,FLCN (201163)_damaging,0.0
0,MYO15A (51168)_damaging,0.00011507286180198753
0,TOP3A (7156)_damaging,0.0002773696150329004
0,KSR1 (8844)_damaging,0.0
0,EFCAB5 (374786)_damaging,7.325588765568919e-05
0,CPD (1362)_damaging,0.0
0,ATAD5 (79915)_damaging,0.0
0,NF1 (4763)_damaging,0.005166018437740078
0,SLFN11 (91607)_damaging,0.000524489097086005
0,ACACA (31)_damaging,0.00015254644535801478
0,GPR179 (440435)_damaging,0.00012093835432284148
0,ARHGAP23 (57636)_damaging,4.268039448869917e-05
0,SRCIN1 (80725)_damaging,0.00014130822869982585
0,MED1 (5469)_damaging,0.0
0,TOP2A (7153)_damaging,0.0
0,KCNH4 (23415)_damaging,0.00011139883428173203
0,STAT5B (6777)_damaging,0.0
0,PLEKHH3 (79990)_damaging,0.00026771704823631143
0,BRCA1 (672)_damaging,0.0010296125067973593
0,ITGA2B (3674)_damaging,0.00103630183029673
0,GPATCH8 (23131)_damaging,0.0006911388099980223
0,KANSL1 (284058)_damaging,5.798329221807649e-05
0,HOXB3 (3213)_damaging,0.0
0,COL1A1 (1277)_damaging,2.6837221593905047e-05
0,ANKFN1 (162282)_damaging,8.666595565259971e-05
0,TSPOAP1 (9256)_damaging,5.0237149658284524e-05
0,RNF43 (54894)_damaging,0.0009935134911527822
0,CLTC (1213)_damaging,2.6202434879891424e-06
0,PPM1D (8493)_damaging,0.0
0,TBX4 (9496)_damaging,0.0
0,MED13 (9969)_damaging,0.0
0,SCN4A (6329)_damaging,0.0002552729994516654
0,GNA13 (10672)_damaging,0.005885620797438956
0,AXIN2 (8313)_damaging,5.801811024090352e-05
0,BPTF (2186)_damaging,0.0001027910077127076
0,ABCA8 (10351)_damaging,0.000324975477867434
0,ABCA9 (10350)_damaging,0.0003958528558888788
0,ABCA6 (23460)_damaging,6.851615265149175e-05
0,ABCA10 (10349)_damaging,5.686626483877169e-05
0,ABCA5 (23461)_damaging,0.000534044882115544
0,SOX9 (6662)_damaging,1.8131998339658196e-05
0,SDK2 (54549)_damaging,2.9067489395587052e-05
0,TMEM94 (9772)_damaging,0.0001274073810627076
0,CASKIN2 (57513)_damaging,0.0
0,MYO15B (80022)_damaging,3.522331383432365e-05
0,ITGB4 (3691)_damaging,0.001931032812906102
0,EVPL (2125)_damaging,0.00012150757639215467
0,TNRC6C (57690)_damaging,0.0003022919476235821
0,DNAH17 (8632)_damaging,0.0003097149308840203
0,CCDC40 (55036)_damaging,6.696065036954043e-05
0,BAHCC1 (57597)_damaging,0.0
0,FASN (2194)_damaging,0.0013780099291606357
0,FOXK2 (3607)_damaging,4.852474352211036e-05
0,USP14 (9097)_damaging,9.115499671844797e-05
0,SMCHD1 (23347)_damaging,4.813413093909243e-05
0,EPB41L3 (23136)_damaging,3.124995529077337e-05
0,LAMA1 (284217)_damaging,0.0002936852744014363
0,PTPRM (5797)_damaging,7.245322249116544e-05
0,MTCL1 (23255)_damaging,7.310322755235446e-05
0,ANKRD12 (23253)_damaging,4.8580374722584565e-05
0,PIEZO2 (63895)_damaging,0.0007171152304974543
0,ANKRD30B (374860)_damaging,0.0003556591781849323
0,ROCK1 (6093)_damaging,0.00017148425967242163
0,ESCO1 (114799)_damaging,0.0005080369686201229
0,LAMA3 (3909)_damaging,7.841895406712867e-05
0,OSBPL1A (114876)_damaging,0.0003782158031548654
0,ZNF521 (25925)_damaging,0.0001850008377043938
0,KLHL14 (57565)_damaging,2.7997545646974404e-05
0,CCDC178 (374864)_damaging,0.0005573339312551175
0,ASXL3 (80816)_damaging,7.78752314363226e-05
0,FHOD3 (80206)_damaging,0.00019949040244923366
0,SETBP1 (26040)_damaging,0.0003713737346170215
0,LOXHD1 (125336)_damaging,8.198675882757529e-06
0,SKOR2 (652991)_damaging,0.00047991082868185285
0,ZBTB7C (201501)_damaging,3.6209773222414817e-06
0,MYO5B (4645)_damaging,0.0003329909255948288
0,SMAD4 (4089)_damaging,0.0022526358535420836
0,DCC (1630)_damaging,0.0001209806684492328
0,ALPK2 (115701)_damaging,0.0004072607944650008
0,CDH7 (1005)_damaging,0.00013304244252721156
0,DSEL (92126)_damaging,0.0
0,RTTN (25914)_damaging,0.0
0,CBLN2 (147381)_damaging,0.0005859277636692425
0,ZNF236 (7776)_damaging,7.615450886093287e-05
0,SALL3 (27164)_damaging,0.00015348654009967504
0,ATP9B (374868)_damaging,0.00025009560906658166
0,KCNG2 (26251)_damaging,9.10038075749184e-05
0,ABCA7 (10347)_damaging,6.922436521129094e-05
0,STK11 (6794)_damaging,0.002588810427444253
0,DAZAP1 (26528)_damaging,0.0
0,APC2 (10297)_damaging,0.0001530749950327162
0,AP3D1 (8943)_damaging,8.316791041452725e-05
0,DOT1L (84444)_damaging,0.0
0,TJP3 (27134)_damaging,0.0
0,ZBTB7A (51341)_damaging,2.0445196251432817e-05
0,TICAM1 (148022)_damaging,0.0
0,KDM4B (23030)_damaging,0.0
0,PTPRS (5802)_damaging,0.0002008395587731706
0,SAFB (6294)_damaging,0.0
0,CAMSAP3 (57662)_damaging,0.0003672348877446576
0,FBN3 (84467)_damaging,6.734303856018908e-05
0,MUC16 (94025)_damaging,0.005989610143081658
0,COL5A3 (50509)_damaging,0.00044115456280765234
0,DNMT1 (1786)_damaging,0.00016527827443991067
0,KEAP1 (9817)_damaging,0.0005837928262098374
0,DNM2 (1785)_damaging,0.00037054760550054276
0,SMARCA4 (6597)_damaging,0.001719322891842013
0,MAN2B1 (4125)_damaging,0.0
0,MAST1 (22983)_damaging,0.0001121656966869809
0,CACNA1A (773)_damaging,4.433953944109793e-05
0,NOTCH3 (4854)_damaging,2.1386739029608108e-05
0,WIZ (58525)_damaging,5.4667182678337054e-05
0,AP1M1 (8907)_damaging,0.00024642080075620686
0,NWD1 (284434)_damaging,0.00013369887553617247
0,SIN3B (23309)_damaging,4.7343117205500104e-05
0,CPAMD8 (27151)_damaging,0.00021442230826172772
0,MYO9B (4650)_damaging,0.0006695431345265863
0,ZNF90 (7643)_damaging,0.0
0,ZNF43 (7594)_damaging,0.0
0,ZNF208 (7757)_damaging,0.00023700677580872109
0,ZNF729 (100287226)_damaging,0.0009501413679321251
0,ZNF91 (7644)_damaging,0.00047062281389571365
0,URI1 (8725)_damaging,0.0
0,ZNF536 (9745)_damaging,0.00046975557318270717
0,TSHZ3 (57616)_damaging,3.7145584652565463e-06
0,KMT2B (9757)_damaging,0.0009100004774388175
0,WDR87 (83889)_damaging,0.00040819005340801917
0,SIPA1L3 (23094)_damaging,0.0009896168888886834
0,RYR1 (6261)_damaging,0.0010120820846526725
0,CAPN12 (147968)_damaging,0.00012301773398618802
0,FCGBP (8857)_damaging,0.0013884634947485459
0,PRX (57716)_damaging,0.0006347245474767335
0,HNRNPUL1 (11100)_damaging,0.0003166079137999101
0,ERF (2077)_damaging,6.00736625530507e-05
0,CIC (23152)_damaging,0.0011304535732348268
0,MEGF8 (1954)_damaging,0.00014941022743133014
0,MARK4 (57787)_damaging,2.817085147299138e-05
0,ARHGAP35 (2909)_damaging,0.0005955692412021769
0,ZC3H4 (23211)_damaging,0.0
0,BICRA (29998)_damaging,0.000512990968451007
0,GRIN2D (2906)_damaging,0.0004111193088265512
0,LMTK3 (114783)_damaging,0.00020981233198617702
0,TEAD2 (8463)_damaging,2.100321684785477e-05
0,PRR12 (57479)_damaging,0.00013741712457845555
0,SCAF1 (58506)_damaging,0.0
0,POLD1 (5424)_damaging,0.0
0,SHANK1 (50944)_damaging,0.0
0,NLRP7 (199713)_damaging,0.00011138070410012778
0,BRSK1 (84446)_damaging,3.1836167756971195e-05
0,SSC5D (284297)_damaging,5.8202489464871794e-05
0,NLRP9 (338321)_damaging,0.0001155097971661311
0,NLRP4 (147945)_damaging,0.0006636020594739406
0,PEG3 (5178)_damaging,0.00023695718951756572
0,ZIM3 (114026)_damaging,1.2894327028113625e-05
0,TPO (7173)_damaging,6.293503369798092e-05
0,PXDN (7837)_damaging,0.00034096649869207776
0,ROCK2 (9475)_damaging,0.0004256812662563162
0,GREB1 (9687)_damaging,0.0
0,NBAS (51594)_damaging,0.0001782551537450936
0,RAD51AP2 (729475)_damaging,3.988812151334011e-05
0,APOB (338)_damaging,0.000768873102738493
0,TDRD15 (100129278)_damaging,0.0003403338900555595
0,ATAD2B (54454)_damaging,0.0
0,ITSN2 (50618)_damaging,1.937787166657604e-05
0,DNMT3A (1788)_damaging,0.000696846963099853
0,ASXL2 (55252)_damaging,0.0002818742503686425
0,OTOF (9381)_damaging,0.00012826122007133058
0,EMILIN1 (11117)_damaging,6.960407989839341e-05
0,CAD (790)_damaging,0.0006574731599826546
0,IFT172 (26160)_damaging,4.625730025526068e-06
0,SPATA31H1 (84226)_damaging,0.00019499730542299305
0,ALK (238)_damaging,6.702415983659038e-05
0,BIRC6 (57448)_damaging,0.00021431844641940566
0,LTBP1 (4052)_damaging,0.00015433412520112657
0,VIT (5212)_damaging,0.00011109655655826784
0,HEATR5B (54497)_damaging,2.3944477645014215e-05
0,ZFP36L2 (678)_damaging,0.000520712279191522
0,THADA (63892)_damaging,9.194688597547765e-05
0,MSH2 (4436)_damaging,0.0003580965264145248
0,MSH6 (2956)_damaging,0.0004681040620895063
0,NRXN1 (9378)_damaging,4.965524584628009e-07
0,PSME4 (23198)_damaging,7.229647177275503e-05
0,SPTBN1 (6711)_damaging,7.772803444921171e-05
0,EML6 (400954)_damaging,0.0
0,CCDC88A (55704)_damaging,0.0002424217175932326
0,USP34 (9736)_damaging,0.000303160243269781
0,C2orf42 (54980)_damaging,0.0008587279109898049
0,ZNF638 (27332)_damaging,0.00015621393196506867
0,DYSF (8291)_damaging,0.0005737751340886661
0,ALMS1 (7840)_damaging,0.0004956300164898738
0,C2orf78 (388960)_damaging,5.821153882448178e-05
0,CTNNA2 (1496)_damaging,0.000693943613589282
0,DNAH6 (1768)_damaging,0.0003117714626172945
0,PROM2 (150696)_damaging,0.0001077460373537009
0,ANKRD36C (400986)_damaging,0.0
0,TMEM131 (23505)_damaging,0.0001803677728677525
0,VWA3B (200403)_damaging,0.0002369477290880067
0,CRACDL (343990)_damaging,4.438437604820137e-05
0,EIF5B (9669)_damaging,0.00021465248017178928
0,REV1 (51455)_damaging,5.656164282987499e-05
0,AFF3 (3899)_damaging,8.317879807085446e-05
0,GCC2 (9648)_damaging,0.0
0,RANBP2 (5903)_damaging,9.981877694494334e-05
0,DPP10 (57628)_damaging,0.00032263814781640347
0,MARCO (8685)_damaging,1.1446446044670578e-05
0,EPB41L5 (57669)_damaging,0.00010530890912080262
0,CLASP1 (23332)_damaging,0.00024628396879361215
0,CNTNAP5 (129684)_damaging,0.0007575698573443751
0,WDR33 (55339)_damaging,0.0
0,UGGT1 (56886)_damaging,2.1463616058824184e-05
0,AMER3 (205147)_damaging,2.4559034656123325e-05
0,ARHGEF4 (50649)_damaging,0.0
0,NCKAP5 (344148)_damaging,0.00032943903343834357
0,THSD7B (80731)_damaging,0.0030712456127837307
0,LRP1B (53353)_damaging,0.010943312144069803
0,ZEB2 (9839)_damaging,0.00011342160197864042
0,ACVR2A (92)_damaging,0.0006556842881181676
0,ORC4 (5000)_damaging,0.0
0,KIF5C (3800)_damaging,0.0
0,RIF1 (55183)_damaging,0.00048468455980777873
0,NEB (4703)_damaging,0.0009312439888251327
0,GALNT13 (114805)_damaging,0.00010099264782077413
0,TANC1 (85461)_damaging,3.6678455484873875e-05
0,BAZ2B (29994)_damaging,6.94269563824286e-05
0,LY75 (4065)_damaging,0.0
0,PLA2R1 (22925)_damaging,7.569421734532197e-05
0,SLC4A10 (57282)_damaging,0.0005658514693031722
0,KCNH7 (90134)_damaging,0.00010913066064033922
0,FIGN (55137)_damaging,9.455665644954245e-05
0,SCN3A (6328)_damaging,5.5808165274437966e-05
0,SCN2A (6326)_damaging,0.0008013969368018714
0,TTC21B (79809)_damaging,0.0
0,SCN1A (6323)_damaging,0.00032018567070677203
0,SCN9A (6335)_damaging,0.00037373241115059165
0,SCN7A (6332)_damaging,0.0006217437556028908
0,XIRP2 (129446)_damaging,0.0014851979933248197
0,LRP2 (4036)_damaging,0.000650962038735897
0,KLHL41 (10324)_damaging,0.00011963767082420849
0,PPIG (9360)_damaging,0.0002463259799164784
0,GPR155 (151556)_damaging,0.0005739293004969871
0,HOXD11 (3237)_damaging,0.0
0,TTN (7273)_damaging,0.011026710354190422
0,CCDC141 (285025)_damaging,4.1657050771530925e-05
0,FSIP2 (401024)_damaging,0.0016568402684756806
0,ITGAV (3685)_damaging,6.853079457124377e-05
0,COL3A1 (1281)_damaging,3.691255777093536e-05
0,COL5A2 (1290)_damaging,0.0016767959065482469
0,ANKAR (150709)_damaging,0.0
0,DNAH7 (56171)_damaging,0.001611797561446785
0,PLCL1 (5334)_damaging,5.296115043933458e-05
0,SGO2 (151246)_damaging,0.0
0,CASP8 (841)_damaging,0.00030738364326717975
0,C2CD6 (151254)_damaging,0.0
0,KIAA2012 (100652824)_damaging,0.0
0,BMPR2 (659)_damaging,0.0001352580390022201
0,NBEAL1 (65065)_damaging,0.0005621716815417571
0,PARD3B (117583)_damaging,0.00017181993599943928
0,NRP2 (8828)_damaging,0.0
0,INO80D (54891)_damaging,0.00038313538244386986
0,ZDBF2 (57683)_damaging,0.0003372352606235583
0,MAP2 (4133)_damaging,0.0001946338712117665
0,UNC80 (285175)_damaging,0.0011205044015569125
0,CPS1 (1373)_damaging,0.00022396414582438943
0,ERBB4 (2066)_damaging,6.516626237588779e-05
0,ABCA12 (26154)_damaging,0.0016589528102414414
0,FN1 (2335)_damaging,0.0008845395445042986
0,TNS1 (7145)_damaging,0.00022551521768508784
0,CFAP65 (255101)_damaging,0.00012802412918061422
0,SPEG (10290)_damaging,0.0006316400000938434
0,OBSL1 (23363)_damaging,0.0001255843499199184
0,SLC4A3 (6508)_damaging,0.0006119736129296231
0,DOCK10 (55619)_damaging,2.6960068205221615e-05
0,NYAP2 (57624)_damaging,7.886851307868513e-05
0,COL4A4 (1286)_damaging,0.0003966687114235389
0,SPHKAP (80309)_damaging,0.00014112117096076932
0,TRIP12 (9320)_damaging,7.461106434224546e-05
0,GIGYF2 (26058)_damaging,0.0
0,MROH2A (339766)_damaging,9.298717887471633e-05
0,COL6A3 (1293)_damaging,0.0014893467886534114
0,RBM44 (375316)_damaging,0.0
0,HDAC4 (9759)_damaging,0.00019859310412863763
0,KIF1A (547)_damaging,0.0001399414056396355
0,CROCC2 (728763)_damaging,0.00018076552822269223
0,TRIB3 (57761)_damaging,0.0001437107090469379
0,TGM6 (343641)_damaging,0.00019724216309482227
0,FASTKD5 (60493)_damaging,0.000292607462943529
0,SLC4A11 (83959)_damaging,0.0
0,PLCB4 (5332)_damaging,0.00042090670673872323
0,ESF1 (51575)_damaging,0.0
0,SEL1L2 (80343)_damaging,0.0
0,RRBP1 (6238)_damaging,5.0859245925482305e-05
0,CFAP61 (26074)_damaging,0.00023777180673234603
0,RALGAPA2 (57186)_damaging,0.0002579139844333971
0,ASXL1 (171023)_damaging,0.004844947485023297
0,NCOA6 (23054)_damaging,0.00024980307926539535
0,MYH7B (57644)_damaging,0.00021314174976846796
0,SAMHD1 (25939)_damaging,1.630387184018823e-05
0,KIAA1755 (85449)_damaging,0.0
0,RALGAPB (57148)_damaging,1.7956422752919293e-05
0,CHD6 (84181)_damaging,2.9311467251030108e-05
0,PTPRT (11122)_damaging,0.0012951372956750244
0,L3MBTL1 (26013)_damaging,4.5334623635750866e-05
0,DDX27 (55661)_damaging,0.0003849591404312305
0,KCNB1 (3745)_damaging,0.0001313185720179368
0,ZNF831 (128611)_damaging,6.961819837785054e-06
0,SYCP2 (10388)_damaging,0.0001844533267243893
0,LAMA5 (3911)_damaging,0.0004327369408771949
0,DIDO1 (11083)_damaging,0.00024463929357113474
0,COL20A1 (57642)_damaging,0.0003262768727583432
0,HELZ2 (85441)_damaging,0.0003759129232323737
0,TPTE (7179)_damaging,0.00014994360940111986
0,NRIP1 (8204)_damaging,1.3914013521385327e-05
0,LTN1 (26046)_damaging,0.0001505328398683814
0,SCAF4 (57466)_damaging,0.0006422219552017541
0,ITSN1 (6453)_damaging,0.00032035032371661266
0,DOP1B (9980)_damaging,0.00017004077221699653
0,BRWD1 (54014)_damaging,0.0003146702851944506
0,DSCAM (1826)_damaging,0.0002456563112296712
0,ZBTB21 (49854)_damaging,0.0
0,UMODL1 (89766)_damaging,7.535818441438541e-05
0,NDUFV3 (4731)_damaging,8.628322463752284e-05
0,COL18A1 (80781)_damaging,0.00018857168721577624
0,PCNT (5116)_damaging,0.00027660459801008325
0,CECR2 (27443)_damaging,1.6016064470959482e-05
0,MED15 (51586)_damaging,0.00017616896745734092
0,LZTR1 (8216)_damaging,0.0005892868398398239
0,SMARCB1 (6598)_damaging,0.001209530645198833
0,MYO18B (84700)_damaging,0.00024669621180932726
0,CHEK2 (11200)_damaging,0.0007015616787829098
0,ZNRF3 (84133)_damaging,5.778879499049959e-05
0,NF2 (4771)_damaging,0.0041623901564965754
0,PRR14L (253143)_damaging,0.00023220910644570749
0,DEPDC5 (9681)_damaging,4.390871910066054e-05
0,RTCB (51493)_damaging,6.194576118916608e-05
0,MYH9 (4627)_damaging,0.00044310451576052407
0,TRIOBP (11078)_damaging,0.0011170400327789264
0,CACNA1I (8911)_damaging,4.9273512193677984e-06
0,TNRC6B (23112)_damaging,1.4328979888925408e-05
0,EP300 (2033)_damaging,0.0011455365816644616
0,ZC3H7B (23264)_damaging,0.0
0,MEI1 (150365)_damaging,0.00033352417689838063
0,TCF20 (6942)_damaging,0.00010497935685265566
0,SMC1B (27127)_damaging,6.803605090431558e-05
0,PKDREJ (10343)_damaging,0.0
0,PLXNB2 (23654)_damaging,0.00014996624876135043
0,PPP6R2 (9701)_damaging,4.7574918675437144e-05
0,SBF1 (6305)_damaging,0.00017259140915620765
0,CNTN6 (27255)_damaging,8.112143773415082e-05
0,CNTN4 (152330)_damaging,0.00018338562720762107
0,GRM7 (2917)_damaging,0.00022321372688977837
0,SSUH2 (51066)_damaging,0.0
0,VHL (7428)_damaging,0.0013855863493692062
0,NUP210 (23225)_damaging,0.0002010054661292078
0,TGFBR2 (7048)_damaging,0.0029992199141183626
0,CLASP2 (23122)_damaging,0.00019352383766681766
0,TRANK1 (9881)_damaging,0.0003807975346919259
0,MLH1 (4292)_damaging,0.000539322202756976
0,GOLGA4 (2803)_damaging,0.0009967015539664994
0,VILL (50853)_damaging,0.00024481900132273767
0,SCN5A (6331)_damaging,0.0
0,SCN10A (6336)_damaging,0.0
0,SCN11A (11280)_damaging,8.85884734305737e-05
0,TOPAZ1 (375337)_damaging,0.0
0,KIF15 (56992)_damaging,0.0
0,SETD2 (29072)_damaging,0.0008902452754892282
0,PTPN23 (25930)_damaging,0.00010607626093157044
0,PLXNB1 (5364)_damaging,5.4701945808225234e-05
0,COL7A1 (1294)_damaging,0.0006449449446319106
0,CELSR3 (1951)_damaging,0.00015670306785293338
0,RHOA (387)_damaging,0.00046381761439058777
0,BSN (8927)_damaging,0.0004970058754254218
0,RBM6 (10180)_damaging,8.070719861769975e-06
0,DOCK3 (1795)_damaging,0.0006485559651014754
0,DNAH1 (25981)_damaging,0.00018998336390856757
0,BAP1 (8314)_damaging,0.0025554892691709236
0,STAB1 (23166)_damaging,4.8829431658428636e-05
0,PBRM1 (55193)_damaging,0.0010126332176050063
0,CACNA1D (776)_damaging,2.787587436164676e-05
0,DNAH12 (201625)_damaging,0.0005195742044518274
0,FLNB (2317)_damaging,0.0
0,PTPRG (5793)_damaging,0.00021776987503791434
0,ATXN7 (6314)_damaging,2.392809696968184e-05
0,CNTN3 (5067)_damaging,0.00017859717782495982
0,ROBO2 (6092)_damaging,0.0005110917449330075
0,ROBO1 (6091)_damaging,4.493104647161067e-05
0,EPHA3 (2042)_damaging,0.0004993552453609231
0,EPHA6 (285220)_damaging,7.554382827210398e-05
0,CRYBG3 (131544)_damaging,0.0020118843397040403
0,ABI3BP (25890)_damaging,0.0001127277490937685
0,MYH15 (22989)_damaging,0.00031911622119187334
0,DZIP3 (9666)_damaging,0.0
0,MORC1 (27136)_damaging,0.00010560353851056836
0,CFAP44 (55779)_damaging,0.0
0,ZBTB20 (26137)_damaging,0.0003324562579996189
0,CFAP91 (89876)_damaging,3.6911319850994126e-05
0,STXBP5L (9515)_damaging,0.0
0,POLQ (10721)_damaging,0.00020865454833208136
0,MYLK (4638)_damaging,0.0
0,KALRN (8997)_damaging,0.0012954165308321235
0,MBD4 (8930)_damaging,0.0
0,COL6A5 (256076)_damaging,3.670195164578681e-05
0,COL6A6 (131873)_damaging,0.0
0,DNAJC13 (23317)_damaging,0.0
0,TOPBP1 (11073)_damaging,0.00032915296723464815
0,RASA2 (5922)_damaging,4.8464787086653146e-05
0,XRN1 (54464)_damaging,0.0
0,ATR (545)_damaging,0.0019513179327078527
0,HPS3 (84343)_damaging,0.00012474289206429882
0,MED12L (116931)_damaging,0.00011329584272385335
0,IGSF10 (285313)_damaging,0.0
0,ARHGEF26 (26084)_damaging,0.0
0,MME (4311)_damaging,0.00012296161358223097
0,PLCH1 (23007)_damaging,3.4634578307697615e-05
0,SMC4 (10051)_damaging,3.4870625763599334e-05
0,SI (6476)_damaging,0.0004216892872319709
0,ZBBX (79740)_damaging,4.0182028338214576e-05
0,MECOM (2122)_damaging,0.00017034090746750123
0,SPATA16 (83893)_damaging,9.500522103859935e-05
0,USP13 (8975)_damaging,3.5705329915481996e-05
0,B3GNT5 (84002)_damaging,0.0
0,MUC4 (4585)_damaging,0.00207330942494247
0,TNK2 (10188)_damaging,0.0
0,NSD2 (7468)_damaging,0.0011971811157587438
0,POLN (353497)_damaging,8.595273375697104e-05
0,FAM193A (8603)_damaging,0.00038268617880244223
0,JAKMIP1 (152789)_damaging,0.0
0,UNC93B7 (100887746)_damaging,0.00016901262613567314
0,BOD1L1 (259282)_damaging,5.0798730620497124e-05
0,SLIT2 (9353)_damaging,6.503021522765907e-05
0,PCDH7 (5099)_damaging,0.0003281571490103677
0,KLF3 (51274)_damaging,0.0
0,LIMCH1 (22998)_damaging,2.192634261237471e-05
0,BEND4 (389206)_damaging,8.800600081356247e-05
0,ATP10D (57205)_damaging,0.0
0,CORIN (10699)_damaging,0.00015408066682494827
0,FRYL (285527)_damaging,7.857556396058818e-05
0,KDR (3791)_damaging,0.0003961574729430288
0,CRACD (57482)_damaging,0.0001872324244587012
0,POLR2B (5431)_damaging,0.0
0,ADGRL3 (23284)_damaging,0.0002423497101990993
0,EPHA5 (2044)_damaging,0.00021171289205625313
0,CENPC (1060)_damaging,0.0
0,ADAMTS3 (9508)_damaging,0.0001961192630857977
0,SHROOM3 (57619)_damaging,6.265681989597275e-05
0,FRAS1 (80144)_damaging,0.0002798232497180547
0,WDFY3 (23001)_damaging,0.000504499973503758
0,PTPN13 (5783)_damaging,0.00018590292899625953
0,AFF1 (4299)_damaging,0.00010973882449103633
0,MMRN1 (22915)_damaging,0.00019122942510889636
0,GRID2 (2895)_damaging,3.4500784798361936e-05
0,SMARCAD1 (56916)_damaging,0.0002306312176064246
0,UNC5C (8633)_damaging,5.689435699136982e-05
0,CENPE (1062)_damaging,0.0
0,TET2 (54790)_damaging,0.0015585310974147123
0,COL25A1 (84570)_damaging,0.0
0,ANK2 (287)_damaging,0.00024983769688315685
0,BLTP1 (84162)_damaging,0.0014234796152422327
0,FAT4 (79633)_damaging,0.0006027314366995624
0,PCDH10 (57575)_damaging,0.0
0,NAA15 (80155)_damaging,9.274463571338003e-05
0,LRBA (987)_damaging,0.0
0,FBXW7 (55294)_damaging,0.0018589143192526234
0,FHDC1 (85462)_damaging,0.0006591688922416099
0,DCHS2 (54798)_damaging,0.00036752621648581443
0,MAP9 (79884)_damaging,0.000415862072443198
0,GRIA2 (2891)_damaging,0.0001045543292219018
0,RXFP1 (59350)_damaging,9.460675572646036e-05
0,RAPGEF2 (9693)_damaging,0.0
0,FSTL5 (56884)_damaging,2.2865706669918585e-05
0,DDX60 (55601)_damaging,8.774937316740812e-05
0,CLCN3 (1182)_damaging,6.205820375592806e-05
0,WDR17 (116966)_damaging,5.728300522673256e-05
0,TENM3 (55714)_damaging,9.518897061990609e-05
0,WWC2 (80014)_damaging,0.00038473819878959907
0,FAT1 (2195)_damaging,0.0052983298742323515
0,SDHA (6389)_damaging,0.0008288706102786497
0,SLC12A7 (10723)_damaging,0.0
0,TERT (7015)_damaging,0.002151548153384942
0,ADAMTS16 (170690)_damaging,5.56783973161253e-05
0,ICE1 (23379)_damaging,0.0002530852890441837
0,ADCY2 (108)_damaging,0.0
0,CTNND2 (1501)_damaging,0.0
0,DNAH5 (1767)_damaging,0.0010008439860297207
0,TRIO (7204)_damaging,0.0002369818928401987
0,CDH18 (1016)_damaging,0.000984423432847333
0,PRDM9 (56979)_damaging,6.575789342177133e-05
0,CDH10 (1008)_damaging,0.0005662467052967438
0,CDH6 (1004)_damaging,8.253302125929069e-05
0,PDZD2 (23037)_damaging,0.00011039227163936707
0,ADAMTS12 (81792)_damaging,0.0009639981472683179
0,SPEF2 (79925)_damaging,0.0006049554146532726
0,NIPBL (25836)_damaging,0.0003697555888472841
0,CPLANE1 (65250)_damaging,0.00013051123705100012
0,EGFLAM (133584)_damaging,0.0
0,C7 (730)_damaging,0.0009395146420231602
0,MROH2B (133558)_damaging,0.0004990992261540115
0,C6 (729)_damaging,0.0
0,HCN1 (348980)_damaging,0.0001361459820232853
0,ITGA2 (3673)_damaging,0.0
0,DHX29 (54505)_damaging,0.00023825334450922173
0,PIK3R1 (5295)_damaging,0.0008691932519462468
0,RAD17 (5884)_damaging,0.00041658867917459007
0,BDP1 (55814)_damaging,5.483104282708147e-05
0,ARHGEF28 (64283)_damaging,0.000868947920500974
0,ANKRD31 (256006)_damaging,0.00024031201745677028
0,IQGAP2 (10788)_damaging,3.6561988924662325e-05
0,AP3B1 (8546)_damaging,0.0
0,CMYA5 (202333)_damaging,0.000814288678996166
0,MSH3 (4437)_damaging,0.0036655401734449413
0,VCAN (1462)_damaging,0.0002736841684048228
0,RASA1 (5921)_damaging,0.0003203660843150559
0,ADGRV1 (84059)_damaging,0.0012456331315176539
0,KIAA0825 (285600)_damaging,0.00019041056685928332
0,MCTP1 (79772)_damaging,0.0002794528787688466
0,SKIC3 (9652)_damaging,0.0
0,ARSK (153642)_damaging,0.00027632091818189454
0,CHD1 (1105)_damaging,0.0
0,SLCO6A1 (133482)_damaging,0.0
0,APC (324)_damaging,0.010189534352592075
0,YTHDC2 (64848)_damaging,0.0
0,DMXL1 (1657)_damaging,6.536382703735816e-05
0,ZNF608 (57507)_damaging,3.522614854541085e-05
0,FBN2 (2201)_damaging,0.000746433126131087
0,ADAMTS19 (171019)_damaging,0.0
0,FNIP1 (96459)_damaging,0.00011131774824172238
0,RAD50 (10111)_damaging,0.0019508685556226043
0,KIF3A (11127)_damaging,0.0
0,FSTL4 (23105)_damaging,0.0
0,PITX1 (5307)_damaging,0.00551272226429642
0,LINC02900 (340073)_damaging,0.0015771832308126995
0,CTNNA1 (1495)_damaging,0.0011068370080161536
0,PCDHB2 (56133)_damaging,0.0
0,TCERG1 (10915)_damaging,0.0003017436408018355
0,FAT2 (2196)_damaging,0.0016128660671235278
0,GRIA1 (2890)_damaging,4.5049531827566546e-05
0,LARP1 (23367)_damaging,0.00017811866109996075
0,GEMIN5 (25929)_damaging,1.6803263956545814e-05
0,GABRA6 (2559)_damaging,0.00017722160437679257
0,GABRG2 (2566)_damaging,0.00038807118831382827
0,DOCK2 (1794)_damaging,0.0002662126279814833
0,NSD1 (64324)_damaging,0.0008058032029657421
0,FLT4 (2324)_damaging,0.0018770975119213119
0,DSP (1832)_damaging,0.00028888212480241153
0,HIVEP1 (3096)_damaging,0.0
0,PHACTR1 (221692)_damaging,0.0
0,JARID2 (3720)_damaging,0.00011176049581430194
0,ATXN1 (6310)_damaging,0.0
0,HLA-A (3105)_damaging,0.004209951628066847
0,MDC1 (9656)_damaging,0.0005172805894271288
0,MUCL3 (135656)_damaging,5.4838764767964396e-05
0,HLA-C (3107)_damaging,5.644994534733307e-05
0,HLA-B (3106)_damaging,0.0015802877199536072
0,PRRC2A (7916)_damaging,0.0001316417432545472
0,BAG6 (7917)_damaging,0.0003244868241944689
0,TNXB (7148)_damaging,0.00031373813220841586
0,NOTCH4 (4855)_damaging,0.00011413373601439467
0,HLA-DRB5 (3127)_damaging,5.216032460072072e-05
0,COL11A2 (1302)_damaging,0.00024019316091506877
0,ITPR3 (3710)_damaging,0.0
0,DNAH8 (1769)_damaging,0.004300312577772541
0,LRFN2 (57497)_damaging,0.00013753033397832714
0,CCND3 (896)_damaging,0.008992624938065623
0,CUL9 (23113)_damaging,7.299876179381002e-05
0,ZNF318 (24149)_damaging,0.0003772633649591169
0,TDRD6 (221400)_damaging,0.0
0,MMUT (4594)_damaging,0.0
0,PKHD1 (5314)_damaging,0.001426408512084433
0,DST (667)_damaging,0.00082122640501355
0,PHF3 (23469)_damaging,0.00042385339381728783
0,EYS (346007)_damaging,0.0006300570239383231
0,ADGRB3 (577)_damaging,0.0006868507467306876
0,COL19A1 (1310)_damaging,5.612194828525359e-05
0,COL9A1 (1297)_damaging,0.0006324913074263524
0,RIMS1 (22999)_damaging,0.00017311430004495363
0,COL12A1 (1303)_damaging,5.173657598357267e-05
0,TTK (7272)_damaging,7.25629215087964e-05
0,CEP162 (22832)_damaging,0.00011265564826935768
0,SYNCRIP (10492)_damaging,0.0009124695639470291
0,ZNF292 (23036)_damaging,0.0007434630062326097
0,MDN1 (23195)_damaging,0.0004482689150502669
0,CASP8AP2 (9994)_damaging,0.0
0,EPHA7 (2045)_damaging,0.00026337381060566523
0,MMS22L (253714)_damaging,0.0002054869155702146
0,PNISR (25957)_damaging,0.0
0,ASCC3 (10973)_damaging,0.0003650835480473269
0,AK9 (221264)_damaging,0.00011484218953663423
0,REV3L (5980)_damaging,0.0
0,HDAC2 (3066)_damaging,0.0003487792760227821
0,ROS1 (6098)_damaging,0.00024980481511024304
0,TBC1D32 (221322)_damaging,0.0002689238778793931
0,TRDN (10345)_damaging,0.00018583092418916582
0,LAMA2 (3908)_damaging,0.0004066881299951769
0,AKAP7 (9465)_damaging,0.0
0,MED23 (9439)_damaging,2.0353374984173947e-05
0,NHSL1 (57224)_damaging,0.0002255130866490213
0,ECT2L (345930)_damaging,0.00038653764312713467
0,HECA (51696)_damaging,0.0
0,HIVEP2 (3097)_damaging,4.462626054223351e-05
0,UTRN (7402)_damaging,0.00010324594374058541
0,SHPRH (257218)_damaging,6.686934958277253e-05
0,STXBP5 (134957)_damaging,0.0
0,LATS1 (9113)_damaging,6.158064443720643e-05
0,SYNE1 (23345)_damaging,0.0014113411725305376
0,SCAF8 (22828)_damaging,7.291674920177387e-05
0,ARID1B (57492)_damaging,0.000807854662524535
0,FNDC1 (84624)_damaging,0.0001311782180219997
0,IGF2R (3482)_damaging,0.0
0,LPA (4018)_damaging,8.318289884054409e-05
0,MAP3K4 (4216)_damaging,0.0007394450821070803
0,QKI (9444)_damaging,0.0006747885909266556
0,AFDN (4301)_damaging,9.198727322333667e-05
0,CARD11 (84433)_damaging,0.0002899785100126753
0,TNRC18 (84629)_damaging,0.00010934586011359198
0,PMS2 (5395)_damaging,0.0012894743517395469
0,COL28A1 (340267)_damaging,0.00018750830628758275
0,THSD7A (221981)_damaging,0.0001359051306504682
0,VWDE (221806)_damaging,0.0006424324285950667
0,DGKB (1607)_damaging,9.60984403036903e-05
0,AHR (196)_damaging,0.0006883412808048089
0,HDAC9 (9734)_damaging,2.0071816464228713e-05
0,ABCB5 (340273)_damaging,0.0018518464033820366
0,DNAH11 (8701)_damaging,0.0007622379800104115
0,RAPGEF5 (9771)_damaging,7.05611844475928e-05
0,CDK13 (8621)_damaging,0.0
0,GLI3 (2737)_damaging,0.0
0,HECW1 (23072)_damaging,0.0
0,AEBP1 (165)_damaging,0.00018743843730201483
0,PKD1L1 (168507)_damaging,0.00029587330817315767
0,ABCA13 (154664)_damaging,0.0036287330790489188
0,EGFR (1956)_damaging,3.403217291156786e-05
0,ZNF716 (441234)_damaging,7.722182565525352e-05
0,MAGI2 (9863)_damaging,0.0
0,CD36 (948)_damaging,0.00017185838561545064
0,PCLO (27445)_damaging,0.001166716513881554
0,SEMA3E (9723)_damaging,0.0011912636755723603
0,ABCB4 (5244)_damaging,0.00012997075514255323
0,ABCB1 (5243)_damaging,0.0
0,ADAM22 (53616)_damaging,0.0008308389515114104
0,ZNF804B (219578)_damaging,0.0005425502033351787
0,AKAP9 (10142)_damaging,0.003052526990436449
0,ANKIB1 (54467)_damaging,0.00011984289854994236
0,SAMD9 (54809)_damaging,0.00010439113390308354
0,SAMD9L (219285)_damaging,0.0004999640313036507
0,CALCR (799)_damaging,0.0002146696538012279
0,COL1A2 (1278)_damaging,0.0003544099012478872
0,TRRAP (8295)_damaging,1.9202645233749117e-05
0,ZAN (7455)_damaging,0.0002751118508161098
0,MUC3A (4584)_damaging,0.00022059155686076533
0,MUC12 (10071)_damaging,6.561652206059545e-05
0,MUC17 (140453)_damaging,0.00036846916794804573
0,PLOD3 (8985)_damaging,1.9817128632584836e-05
0,CUX1 (1523)_damaging,0.00014297924693564492
0,RELN (5649)_damaging,0.0007784475399892533
0,KMT2E (55904)_damaging,0.0
0,PIK3CG (5294)_damaging,0.00022674298765879353
0,LAMB4 (22798)_damaging,0.000264045690901535
0,PPP1R3A (5506)_damaging,4.8559465360106976e-05
0,FOXP2 (93986)_damaging,0.0002217741578924104
0,CFTR (1080)_damaging,0.00025778290596235187
0,CTTNBP2 (83992)_damaging,0.00018543414432487912
0,WNT16 (51384)_damaging,7.859635015950546e-06
0,PTPRZ1 (5803)_damaging,0.0005409001241025094
0,CADPS2 (93664)_damaging,2.8832362030150234e-05
0,IQUB (154865)_damaging,0.00033263957934127165
0,GRM8 (2918)_damaging,0.0007445263132844477
0,FLNC (2318)_damaging,0.00011516775810645156
0,KCP (375616)_damaging,5.44155897941843e-05
0,PLXNA4 (91584)_damaging,0.0005670793403742
0,NUP205 (23165)_damaging,0.0
0,TRIM24 (8805)_damaging,0.0
0,KIAA1549 (57670)_damaging,0.00013840086210741123
0,MGAM (8972)_damaging,0.0006774769217647818
0,MGAM2 (93432)_damaging,0.0001211044217470657
0,EPHB6 (2051)_damaging,9.000837914857787e-05
0,KEL (3792)_damaging,0.00041617280241125964
0,NOBOX (135935)_damaging,0.0
0,CNTNAP2 (26047)_damaging,0.0003642459832645261
0,NOS3 (4846)_damaging,2.9372281649889517e-05
0,ATG9B (285973)_damaging,0.00010185680099913972
0,KMT2C (58508)_damaging,0.0013476240350550515
0,DPP6 (1804)_damaging,0.0008793041708136854
0,UBE3C (9690)_damaging,0.00017487739262227317
0,PTPRN2 (5799)_damaging,0.00022269560642275118
0,MYOM2 (9172)_damaging,0.00016883774413747416
0,CSMD1 (64478)_damaging,0.008099952481797495
0,RP1L1 (94137)_damaging,0.0002472197238607631
0,TRMT9B (57604)_damaging,0.0005907666071430878
0,DLC1 (10395)_damaging,0.000248725371520071
0,DMTN (2039)_damaging,0.0
0,LOXL2 (4017)_damaging,0.00018662895980986073
0,DOCK5 (80005)_damaging,0.0
0,NUGGC (389643)_damaging,0.0005565996703778609
0,TEX15 (56154)_damaging,0.00020480819845056008
0,WRN (7486)_damaging,0.0006994261573444934
0,UNC5D (137970)_damaging,0.0004500856354385403
0,ADGRA2 (25960)_damaging,0.00013135398603057166
0,NSD3 (54904)_damaging,0.00023686598058140373
0,ANK1 (286)_damaging,4.719213706103714e-05
0,PRKDC (5591)_damaging,0.0011582716957015608
0,PXDNL (137902)_damaging,0.0004897862034609616
0,ST18 (9705)_damaging,0.00023297907388371836
0,RB1CC1 (9821)_damaging,4.563077541913804e-05
0,RP1 (6101)_damaging,0.0005184032275048167
0,CHD7 (55636)_damaging,3.8156329482245454e-05
0,ARFGEF1 (10565)_damaging,0.0003894589029361491
0,PREX2 (80243)_damaging,9.383169341425264e-05
0,SULF1 (23213)_damaging,0.0
0,SLCO5A1 (81796)_damaging,0.0
0,TRPA1 (8989)_damaging,2.2369350683638055e-05
0,KCNB2 (9312)_damaging,0.00039043857115904693
0,ZFHX4 (79776)_damaging,0.0008364323843983976
0,WWP1 (11059)_damaging,0.001867683626364993
0,NBN (4683)_damaging,3.9346718066458676e-05
0,ESRP1 (54845)_damaging,0.0003021658046972877
0,VPS13B (157680)_damaging,0.00024674951100790704
0,RGS22 (26166)_damaging,0.00012385333273394356
0,UBR5 (51366)_damaging,0.00024178753883255725
0,RIMS2 (9699)_damaging,0.0002662115856176016
0,ZFPM2 (23414)_damaging,0.00010928394250739501
0,PKHD1L1 (93035)_damaging,0.0008239144793613729
0,CSMD3 (114788)_damaging,0.0025328721700013266
0,TRPS1 (7227)_damaging,0.0
0,COL14A1 (7373)_damaging,0.0004368769783922117
0,FER1L6 (654463)_damaging,6.481828092744881e-05
0,ADCY8 (114)_damaging,5.1677629337999784e-05
0,EFR3A (23167)_damaging,3.956190404517089e-05
0,OC90 (729330)_damaging,0.00023010803695932967
0,KCNQ3 (3786)_damaging,5.171054582181974e-05
0,PHF20L1 (51105)_damaging,9.115098100518112e-05
0,TG (7038)_damaging,0.0
0,FAM135B (51059)_damaging,0.0003178837996612572
0,COL22A1 (169044)_damaging,0.00017944351598021634
0,EPPK1 (83481)_damaging,0.0
0,PLEC (5339)_damaging,0.0006539406421222694
0,CYC1 (1537)_damaging,0.0001060694559619691
0,WDR97 (340390)_damaging,4.1677089477199814e-05
0,CPSF1 (29894)_damaging,0.0
0,KIFC2 (90990)_damaging,0.0
0,DOCK8 (81704)_damaging,6.901540848102386e-05
0,PTPRD (5789)_damaging,0.0002308236814947284
0,MPDZ (8777)_damaging,2.7953345877973457e-05
0,FREM1 (158326)_damaging,0.0011770163986643798
0,CNTLN (54875)_damaging,0.0
0,DENND4C (55667)_damaging,0.00010611832776639808
0,CDKN2A (1029)_damaging,0.007747772257943027
0,TAF1L (138474)_damaging,0.00012463309737959305
0,SPATA31G1 (138724)_damaging,0.0
0,FANCG (2189)_damaging,0.00019850603279595574
0,PIGO (84720)_damaging,0.0
0,UNC13B (10497)_damaging,0.00011438396432289361
0,RUSC2 (9853)_damaging,0.0
0,SPAG8 (26206)_damaging,0.00419658144417794
0,TMC1 (117531)_damaging,6.613885430643967e-05
0,TRPM6 (140803)_damaging,0.0
0,PCSK5 (5125)_damaging,0.0003383446574020655
0,PRUNE2 (158471)_damaging,0.0001606761623892413
0,VPS13A (23230)_damaging,0.0
0,TLE4 (7091)_damaging,5.386358164463762e-05
0,KIF27 (55582)_damaging,0.0007985645006895979
0,SLC28A3 (64078)_damaging,0.0
0,SECISBP2 (79048)_damaging,7.007151519025069e-05
0,ROR2 (4920)_damaging,3.6560469651929396e-05
0,NOL8 (55035)_damaging,0.0
0,WNK2 (65268)_damaging,8.61764193161966e-05
0,PTCH1 (5727)_damaging,0.0006028818971166623
0,COL15A1 (1306)_damaging,0.00014659799952068182
0,TEX10 (54881)_damaging,0.0
0,ELP1 (8518)_damaging,8.460687795064035e-05
0,TMEM245 (23731)_damaging,0.002583345566332149
0,PALM2AKAP2 (445815)_damaging,6.322988343990072e-05
0,SVEP1 (79987)_damaging,5.218711684591811e-05
0,COL27A1 (85301)_damaging,0.0001295433278220953
0,C5 (727)_damaging,9.609733564859399e-05
0,CNTRL (11064)_damaging,0.0
0,DENND1A (57706)_damaging,4.158522802818151e-05
0,GOLGA2 (2801)_damaging,1.840263096399438e-05
0,SPTAN1 (6709)_damaging,0.0005577127799218103
0,HMCN2 (256158)_damaging,0.0011829014051765268
0,LAMC3 (10319)_damaging,7.128541847578071e-05
0,NUP214 (8021)_damaging,0.0015058518975601292
0,PRRC2B (84726)_damaging,0.00012318193815656037
0,UCK1 (83549)_damaging,0.0005886376617119019
0,SETX (23064)_damaging,0.0
0,TTF1 (7270)_damaging,3.409679426894005e-05
0,TSC1 (7248)_damaging,9.482767391464907e-05
0,ADAMTS13 (11093)_damaging,0.00015185714216340548
0,ADAMTSL2 (9719)_damaging,7.489849917054486e-05
0,BRD3 (8019)_damaging,8.367444642627484e-05
0,WDR5 (11091)_damaging,0.0
0,COL5A1 (1289)_damaging,3.543917337139327e-05
0,CAMSAP1 (157922)_damaging,0.0
0,SNAPC4 (6621)_damaging,0.00015881986264483467
0,NOTCH1 (4851)_damaging,0.0017539816186568887
0,ABCA2 (20)_damaging,5.893327312486245e-05
0,EXD3 (54932)_damaging,0.0003388097153847981
0,CACNA1B (774)_damaging,7.00141304228434e-05
0,MXRA5 (25878)_damaging,0.00012053341022381605
0,SHROOM2 (357)_damaging,0.0
0,WWC3 (55841)_damaging,0.0004962616176888528
0,NHS (4810)_damaging,0.00016741603835742234
0,MAP3K15 (389840)_damaging,3.620487275242109e-05
0,DMD (1756)_damaging,0.0012025770493817344
0,FAM47B (170062)_damaging,0.00016607750554244297
0,CFAP47 (286464)_damaging,0.0011290499768680862
0,RPGR (6103)_damaging,5.799987381106856e-05
0,BCOR (54880)_damaging,0.008078384251397591
0,USP9X (8239)_damaging,9.050299355027212e-05
0,DDX3X (1654)_damaging,0.0035366442401867236
0,KDM6A (7403)_damaging,0.0006177428534120479
0,RBM10 (8241)_damaging,0.0002588458539382178
0,TFE3 (7030)_damaging,7.072995158367141e-06
0,CCNB3 (85417)_damaging,0.0008780720001493353
0,KDM5C (8242)_damaging,8.419000793370569e-05
0,IQSEC2 (23096)_damaging,1.022359491638978e-05
0,HUWE1 (10075)_damaging,0.0007027693314878746
0,WNK3 (65267)_damaging,2.6943425104809938e-05
0,AMER1 (139285)_damaging,0.0002794890829054561
0,ZC3H12B (340554)_damaging,6.844640867045483e-05
0,OPHN1 (4983)_damaging,4.1690737280336814e-05
0,KIF4A (24137)_damaging,0.00023470227397561977
0,MED12 (9968)_damaging,0.0011095962530673347
0,NLGN3 (54413)_damaging,2.3930948952455585e-07
0,ZMYM3 (9203)_damaging,0.00015345524556723467
0,TAF1 (6872)_damaging,0.0
0,PHKA1 (5255)_damaging,0.0
0,NEXMIF (340533)_damaging,0.00012491167756940015
0,ATRX (546)_damaging,0.0020455619077967757
0,BRWD3 (254065)_damaging,8.257645270662116e-05
0,CYLC1 (1538)_damaging,9.566439961333889e-05
0,ZNF711 (7552)_damaging,0.0
0,DIAPH2 (1730)_damaging,0.00023594611316753037
0,PCDH19 (57526)_damaging,0.0
0,RAB40A (142684)_damaging,0.001378386579521971
0,NRK (203447)_damaging,0.0002303973605890186
0,MORC4 (79710)_damaging,1.4212672245042454e-05
0,COL4A6 (1288)_damaging,0.0004784609672550138
0,COL4A5 (1287)_damaging,0.0004762862516274967
0,GUCY2F (2986)_damaging,0.0003251856593892879
0,DOCK11 (139818)_damaging,0.0
0,STAG2 (10735)_damaging,0.0011775877475595099
0,TENM1 (10178)_damaging,0.0008161825271247358
0,SMARCA1 (6594)_damaging,5.4982246435467996e-05
0,BCORL1 (63035)_damaging,0.0007693770702327055
0,USP26 (83844)_damaging,2.973066246453202e-05
0,MAP7D3 (79649)_damaging,0.00014510387457926998
0,ADGRG4 (139378)_damaging,0.0002256104306802659
0,SPANXN4 (441525)_damaging,0.0010683532547550397
0,SLITRK4 (139065)_damaging,0.00024197823391824492
0,SLITRK2 (84631)_damaging,4.067379249317224e-06
0,FMR1 (2332)_damaging,0.0
0,AFF2 (2334)_damaging,0.000181055912113147
0,PLXNA3 (55558)_damaging,0.00022503311013120374
0,F8 (2157)_damaging,0.00021455211683519136
0,MT-ND4 (4538)_damaging,0.0007908612764302038
0,MT-ND5 (4540)_damaging,0.0005139759197910877
1,MTOR (2475)_hotspot,0.004450687670830989
1,NRAS (4893)_hotspot,0.008157150695789638
1,PTEN (5728)_hotspot,0.0013810180228143278
1,HRAS (3265)_hotspot,0.0001141520077790847
1,KRAS (3845)_hotspot,0.011085019940241898
1,ERBB3 (2065)_hotspot,0.00014108345649275152
1,RB1 (5925)_hotspot,0.0022713294718958252
1,CREBBP (1387)_hotspot,0.00129290671831294
1,TP53 (7157)_hotspot,0.11147389455520156
1,NF1 (4763)_hotspot,0.0006264031330315806
1,ERBB2 (2064)_hotspot,0.00012885342244946008
1,SMAD4 (4089)_hotspot,0.003997205856849906
1,STK11 (6794)_hotspot,0.00028748969849847107
1,SMARCA4 (6597)_hotspot,7.691191996677458e-05
1,C2orf81 (388963)_hotspot,0.002035446161631357
1,NFE2L2 (4780)_hotspot,0.004364655135710828
1,VHL (7428)_hotspot,0.0006012578284296721
1,CTNNB1 (1499)_hotspot,0.001363810209642162
1,RHOA (387)_hotspot,0.00017104317031394392
1,PIK3CA (5290)_hotspot,0.004386921922595676
1,FBXW7 (55294)_hotspot,0.0017125956643367613
1,TERT (7015)_hotspot,0.031947581107605504
1,PIK3R1 (5295)_hotspot,0.000481883296523175
1,APC (324)_hotspot,0.0008675183124757512
1,RAC1 (5879)_hotspot,0.00018196415143485699
1,EGFR (1956)_hotspot,0.0005129451246768437
1,BRAF (673)_hotspot,0.035017737115657026
1,EZH2 (2146)_hotspot,0.0032936913966666683
1,CDKN2A (1029)_hotspot,0.001836097981030368
1,AGRN (375790)_damaging,9.717113638715084e-05
1,ACAP3 (116983)_damaging,2.9733199015680656e-05
1,MXRA8 (54587)_damaging,0.0
1,MEGF6 (1953)_damaging,0.0013850552590033152
1,CHD5 (26038)_damaging,0.00012613936575787222
1,RPL22 (6146)_damaging,0.004074008233385127
1,CAMTA1 (23261)_damaging,0.0
1,ERRFI1 (54206)_damaging,1.0286759983925722e-07
1,SLC45A1 (50651)_damaging,0.000330455781937724
1,RERE (473)_damaging,0.0002965517230018219
1,EXOSC10 (5394)_damaging,4.241678140570261e-05
1,VPS13D (55187)_damaging,4.9162850913447384e-05
1,SPEN (23013)_damaging,0.0011416263145157372
1,EPHA2 (1969)_damaging,0.0
1,UBR4 (23352)_damaging,0.00024274434888214497
1,VWA5B1 (127731)_damaging,2.6731755320111915e-05
1,HSPG2 (3339)_damaging,0.0002506761969424182
1,LUZP1 (7798)_damaging,0.00010059165710793855
1,ID3 (3399)_damaging,0.010048650899599379
1,ELOA (6924)_damaging,0.00036694435289022926
1,ARID1A (8289)_damaging,0.006708984050358177
1,WDTC1 (23038)_damaging,0.0008544395273628174
1,PTPRU (10076)_damaging,7.445530767350561e-05
1,COL16A1 (1307)_damaging,0.0
1,CSMD2 (114784)_damaging,0.0002710789526979093
1,ZMYM4 (9202)_damaging,0.0
1,CLSPN (63967)_damaging,2.022763259557426e-06
1,AGO1 (26523)_damaging,3.5660518389299356e-05
1,MAP7D1 (55700)_damaging,4.979822742915603e-05
1,MACF1 (23499)_damaging,0.0019987870589807904
1,HIVEP3 (59269)_damaging,3.761303637242721e-05
1,TIE1 (7075)_damaging,2.380937608142365e-05
1,SZT2 (23334)_damaging,0.00018973770917489097
1,PTCH2 (8643)_damaging,0.0
1,MUTYH (4595)_damaging,0.0005205709184544507
1,MAST2 (23139)_damaging,0.00013880647953013869
1,PIK3R3 (8503)_damaging,0.00015156726937281067
1,FAAH (2166)_damaging,0.00015928170599003214
1,TAL1 (6886)_damaging,0.0
1,NFIA (4774)_damaging,0.00034013063436668365
1,PATJ (10207)_damaging,4.630494796726283e-05
1,DOCK7 (85440)_damaging,8.594141372339712e-05
1,JAK1 (3716)_damaging,1.7383518062807533e-05
1,LEPR (3953)_damaging,0.0001676067311209711
1,LRRC7 (57554)_damaging,0.0011680115271784045
1,ERICH3 (127254)_damaging,0.001913866009235171
1,ADGRL4 (64123)_damaging,0.00024361136004845505
1,ADGRL2 (23266)_damaging,0.0011354519347602447
1,COL24A1 (255631)_damaging,2.5293564755559958e-05
1,HFM1 (164045)_damaging,0.0
1,BTBD8 (284697)_damaging,5.67093128318423e-05
1,RPL5 (6125)_damaging,0.00019267864842191683
1,ABCA4 (24)_damaging,7.082228184252221e-05
1,DPYD (1806)_damaging,0.0
1,COL11A1 (1301)_damaging,0.001313625071940586
1,EPS8L3 (79574)_damaging,0.00017074596424436595
1,CEPT1 (10390)_damaging,0.0
1,MAGI3 (260425)_damaging,2.900252505841799e-05
1,SYCP1 (6847)_damaging,0.000611007715772086
1,CD58 (965)_damaging,4.9506702978533054e-05
1,TTF2 (8458)_damaging,0.00010992435739630603
1,SPAG17 (200162)_damaging,0.00014077753405574673
1,NOTCH2 (4853)_damaging,5.178426395922938e-05
1,BCL9 (607)_damaging,0.00038748286194495993
1,OTUD7B (56957)_damaging,0.0
1,ADAMTSL4 (54507)_damaging,0.0
1,ZNF687 (57592)_damaging,6.986478178857354e-05
1,FLG (2312)_damaging,0.00075623037246968
1,CCDST (112268240)_damaging,0.0019293869466228313
1,FLG2 (388698)_damaging,5.7401884213906326e-05
1,UBAP2L (9898)_damaging,0.0
1,SHC1 (6464)_damaging,9.080000161862022e-05
1,ASH1L (55870)_damaging,0.0006392966432951034
1,GON4L (54856)_damaging,0.0
1,IQGAP3 (128239)_damaging,8.521361537650451e-05
1,INSRR (3645)_damaging,7.753423723882211e-05
1,FCRL5 (83416)_damaging,0.00026204320591470906
1,SPTA1 (6708)_damaging,0.0012194285259267959
1,ARHGAP30 (257106)_damaging,5.141670858358923e-05
1,FIRRM (55732)_damaging,0.00019000406982482566
1,PRRC2C (23215)_damaging,8.617927320510584e-07
1,TNR (7143)_damaging,0.0026388958758602724
1,PAPPA2 (60676)_damaging,0.0006857953296934786
1,ABL2 (27)_damaging,0.00025099351947203936
1,AXDND1 (126859)_damaging,5.76717846654934e-05
1,TDRD5 (163589)_damaging,0.00022768363543913448
1,CEP350 (9857)_damaging,0.0006076232479246527
1,CACNA1E (777)_damaging,0.0011117011841134767
1,RGL1 (23179)_damaging,0.00010361844555741171
1,HMCN1 (83872)_damaging,0.0035148660001900114
1,TPR (7175)_damaging,5.250830539710477e-05
1,BRINP3 (339479)_damaging,2.7861208595116183e-05
1,KCNT2 (343450)_damaging,1.8205524727908313e-05
1,CFH (3075)_damaging,0.0
1,ASPM (259266)_damaging,0.00021327520630641777
1,CRB1 (23418)_damaging,0.0
1,PTPRC (5788)_damaging,0.00012667911938407601
1,CAMSAP2 (23271)_damaging,0.00019754035315316023
1,CACNA1S (779)_damaging,0.0005365628093334549
1,IGFN1 (91156)_damaging,0.0032273618761907022
1,NAV1 (89796)_damaging,0.0
1,KDM5B (10765)_damaging,0.00014731867910859392
1,ATP2B4 (493)_damaging,0.0
1,PLEKHA6 (22874)_damaging,2.684675894611657e-05
1,PIK3C2B (5287)_damaging,8.743410623880985e-05
1,NFASC (23114)_damaging,5.6356089319544166e-05
1,CR2 (1380)_damaging,0.0004904895481040965
1,PLXNA2 (5362)_damaging,0.0
1,PTPN14 (5784)_damaging,0.0
1,CENPF (1063)_damaging,0.0005800511344536937
1,USH2A (7399)_damaging,0.0022543335175277198
1,EPRS1 (2058)_damaging,2.870485286265623e-05
1,DNAH14 (127602)_damaging,0.00037973284781621494
1,CDC42BPA (8476)_damaging,0.00028936072365694866
1,OBSCN (84033)_damaging,0.0013144305040755342
1,H3-4 (8290)_damaging,6.290798928815751e-05
1,PCNX2 (80003)_damaging,1.3031308260408745e-05
1,ARID4B (51742)_damaging,0.00024819234313499194
1,LYST (1130)_damaging,8.17549897451617e-05
1,RYR2 (6262)_damaging,0.002021513713497859
1,CHRM3 (1131)_damaging,0.0
1,FMN2 (56776)_damaging,0.0005454696450929671
1,RGS7 (6000)_damaging,0.00014873723949503998
1,WDR64 (128025)_damaging,1.0979549797184013e-05
1,KIF26B (55083)_damaging,0.00014103904154252623
1,NLRP3 (114548)_damaging,0.0013864435426495182
1,LARP4B (23185)_damaging,0.00033173249565869855
1,PITRM1 (10531)_damaging,0.002280207119595105
1,TAF3 (83860)_damaging,0.0001350955012373558
1,FRMD4A (55691)_damaging,0.0
1,ITGA8 (8516)_damaging,0.0
1,CUBN (8029)_damaging,0.0017747754679989637
1,MRC1 (4360)_damaging,4.053493530611713e-06
1,MALRD1 (340895)_damaging,0.000389731728372322
1,PLXDC2 (84898)_damaging,0.001061311268848682
1,ARMC3 (219681)_damaging,0.0
1,GPR158 (57512)_damaging,0.0
1,ANKRD26 (22852)_damaging,0.0002834622566888283
1,ODAD2 (55130)_damaging,7.784576285835008e-07
1,SVIL (6840)_damaging,0.0007672188114611478
1,KIF5B (3799)_damaging,0.00023826552348070676
1,PARD3 (56288)_damaging,3.224443325407936e-05
1,ANKRD30A (91074)_damaging,0.0002051619084551502
1,RSU1P2 (100133308)_damaging,0.0
1,WDFY4 (57705)_damaging,0.0001323680891173348
1,C10orf71 (118461)_damaging,0.00025458949987576236
1,ERCC6 (2074)_damaging,0.0
1,PCDH15 (65217)_damaging,0.00029548216526646264
1,ANK3 (288)_damaging,0.0007056282764142313
1,ARID5B (84159)_damaging,2.787339586061317e-05
1,EGR2 (1959)_damaging,4.6891276980366284e-05
1,JMJD1C (221037)_damaging,1.3060554884540655e-06
1,CTNNA3 (29119)_damaging,0.00011500961157897634
1,MYPN (84665)_damaging,0.0
1,CDH23 (64072)_damaging,0.0003567436717936575
1,DLG5 (9231)_damaging,0.00028438519934611086
1,ZMIZ1 (57178)_damaging,1.2120972326499339e-05
1,NRG3 (10718)_damaging,0.0003972049820234324
1,PTEN (5728)_damaging,0.0021302504042190118
1,STAMBPL1 (57559)_damaging,0.0002460367438364602
1,KIF20B (9585)_damaging,0.0
1,MYOF (26509)_damaging,0.0003937934160988913
1,PLCE1 (51196)_damaging,9.05216408512608e-05
1,CC2D2B (387707)_damaging,0.0
1,ZNF518A (9849)_damaging,0.00040339700405531956
1,LCOR (84458)_damaging,0.0001781385556830773
1,SLIT1 (6585)_damaging,2.2918839232764876e-05
1,LOXL4 (84171)_damaging,5.547511918157995e-05
1,SLF2 (55719)_damaging,0.00015942314678032315
1,PPRC1 (23082)_damaging,0.0007347291947398393
1,SLK (9748)_damaging,0.002344551827494781
1,SORCS3 (22986)_damaging,0.0
1,SORCS1 (114815)_damaging,9.82146717492458e-05
1,SMC3 (9126)_damaging,7.399717830554581e-05
1,TCF7L2 (6934)_damaging,5.869438866547573e-05
1,TDRD1 (56165)_damaging,0.0
1,ATRNL1 (26033)_damaging,0.0001231248790484136
1,PDZD8 (118987)_damaging,0.0
1,TACC2 (10579)_damaging,0.0002962085845806961
1,DMBT1 (1755)_damaging,5.177398928085504e-05
1,MKI67 (4288)_damaging,0.0011677484827469953
1,JAKMIP3 (282973)_damaging,0.0011629704954766904
1,CFAP46 (54777)_damaging,0.0011260611728734489
1,B4GALNT4 (338707)_damaging,0.0
1,PKP3 (11187)_damaging,6.889007344339905e-05
1,PHRF1 (57661)_damaging,0.0
1,MUC5AC (4586)_damaging,0.0005315685757574882
1,MUC5B (727897)_damaging,0.0
1,BRSK2 (9024)_damaging,0.0
1,KCNQ1 (3784)_damaging,0.0
1,NUP98 (4928)_damaging,0.00032324544878624184
1,DNHD1 (144132)_damaging,0.0
1,IPO7 (10527)_damaging,0.0003047709930820069
1,SBF2 (81846)_damaging,0.0004184395777483477
1,MICAL2 (9645)_damaging,6.434347932215498e-06
1,PLEKHA7 (144100)_damaging,9.608434126087913e-05
1,ABCC8 (6833)_damaging,1.782327080381751e-05
1,OTOG (340990)_damaging,0.00013403576575537503
1,NAV2 (89797)_damaging,0.0
1,DCDC1 (341019)_damaging,4.8657058620506824e-05
1,CCDC73 (493860)_damaging,0.0001359905818561781
1,QSER1 (79832)_damaging,0.00017212128298321468
1,CSTF3 (1479)_damaging,6.0899028170499314e-05
1,KIAA1549L (25758)_damaging,0.0
1,DGKZ (8525)_damaging,5.6334854178111936e-05
1,LRP4 (4038)_damaging,0.000579973223723003
1,FOLH1 (2346)_damaging,0.0
1,OR4P4 (81300)_damaging,0.0
1,CTNND1 (1500)_damaging,0.0003424532157887837
1,MYRF (745)_damaging,0.00017615216426373752
1,AHNAK (79026)_damaging,7.626904540432888e-05
1,EML3 (256364)_damaging,2.2403027069201476e-05
1,PLCB3 (5331)_damaging,0.0
1,NRXN2 (9379)_damaging,0.0
1,MEN1 (4221)_damaging,0.0
1,PCNX3 (399909)_damaging,0.0
1,RIN1 (9610)_damaging,0.0
1,SHANK2 (22941)_damaging,4.274164538992863e-05
1,NUMA1 (4926)_damaging,0.0
1,INPPL1 (3636)_damaging,0.00015949344507270444
1,ARHGEF17 (9828)_damaging,5.3379942507811765e-05
1,C2CD3 (26005)_damaging,0.0002444522352890922
1,MYO7A (4647)_damaging,0.0005339502894437826
1,RSF1 (51773)_damaging,0.0001227075993023577
1,GAB2 (9846)_damaging,0.0
1,TENM4 (26011)_damaging,0.0010268917549293242
1,PCF11 (51585)_damaging,5.386791295453328e-05
1,DLG2 (1740)_damaging,0.0
1,SYTL2 (54843)_damaging,0.0002465385299126727
1,FAT3 (120114)_damaging,0.0004129853683934727
1,DEUP1 (159989)_damaging,4.215105451834377e-05
1,CNTN5 (53942)_damaging,5.8307739330066904e-05
1,CEP126 (57562)_damaging,0.0011837647221413893
1,MMP3 (4314)_damaging,0.0003141819352845396
1,DYNC2H1 (79659)_damaging,0.001237568147332115
1,NPAT (4863)_damaging,8.492909968408934e-05
1,ATM (472)_damaging,0.0014627542988822034
1,EXPH5 (23086)_damaging,0.00034892620133699384
1,NKAPD1 (55216)_damaging,1.662899200039022e-05
1,NCAM1 (4684)_damaging,0.0
1,USP28 (57646)_damaging,6.020340440716016e-05
1,DSCAML1 (57453)_damaging,0.0
1,KMT2A (4297)_damaging,0.00038061305347820995
1,BCL9L (283149)_damaging,0.00013190800038379247
1,ARHGEF12 (23365)_damaging,0.00018124607563333725
1,TECTA (7007)_damaging,3.90316807415446e-05
1,SORL1 (6653)_damaging,0.0002425413497443147
1,GRAMD1B (57476)_damaging,0.00010905807945880821
1,ROBO3 (64221)_damaging,4.341709642020961e-05
1,CCDC15 (80071)_damaging,0.0005214399062742319
1,IGSF9B (22997)_damaging,0.00010453795304417218
1,GLB1L2 (89944)_damaging,0.0
1,LINC02714 (729305)_damaging,6.230988690871946e-05
1,KDM5A (5927)_damaging,0.000326246632420421
1,WNK1 (65125)_damaging,0.00015651239423813393
1,CACNA1C (775)_damaging,0.0008605044042702227
1,VWF (7450)_damaging,0.00015449296088241462
1,PLEKHG6 (55200)_damaging,4.9023013207270274e-05
1,CHD4 (1108)_damaging,0.0
1,ATN1 (1822)_damaging,0.0
1,A2ML1 (144568)_damaging,1.9692237015825173e-05
1,A2M (2)_damaging,0.0
1,PZP (5858)_damaging,4.609347794666865e-05
1,GRIN2B (2904)_damaging,5.0515038018611534e-05
1,ATF7IP (55729)_damaging,0.000425493732091907
1,GUCY2C (2984)_damaging,0.00012842582506578416
1,SLCO1C1 (53919)_damaging,0.0
1,SLCO1B3 (28234)_damaging,0.0
1,RECQL (5965)_damaging,0.00035983461078125924
1,ABCC9 (10060)_damaging,0.0015440938124470166
1,ITPR2 (3709)_damaging,0.00045771826393689537
1,OVCH1 (341350)_damaging,0.00031676373249307587
1,KIF21A (55605)_damaging,0.00013852747670997103
1,LRRK2 (120892)_damaging,0.0022047999438944677
1,MUC19 (283463)_damaging,0.0022857856665514033
1,CNTN1 (1272)_damaging,3.905120179506604e-06
1,PDZRN4 (29951)_damaging,0.0
1,ADAMTS20 (80070)_damaging,0.0010497005054500306
1,ANO6 (196527)_damaging,0.0
1,ARID2 (196528)_damaging,0.0006399890776402672
1,COL2A1 (1280)_damaging,2.829532129452375e-05
1,WNT1 (7471)_damaging,6.794592205808475e-05
1,KMT2D (8085)_damaging,0.007690126793091137
1,PRPF40B (25766)_damaging,0.0
1,NCKAP5L (57701)_damaging,0.00021012348791574223
1,DIP2B (57609)_damaging,0.0
1,SCN8A (6334)_damaging,6.275584062503551e-05
1,MAP3K12 (7786)_damaging,9.242665995092281e-05
1,STAT2 (6773)_damaging,0.0
1,NACA (4666)_damaging,2.730086293476803e-05
1,MYO1A (4640)_damaging,1.6107469943388383e-05
1,STAT6 (6778)_damaging,0.0
1,LRP1 (4035)_damaging,0.0004368358178296057
1,R3HDM2 (22864)_damaging,2.3822557259850606e-05
1,GLI1 (2735)_damaging,0.0
1,MBD6 (114785)_damaging,0.0005206728843975689
1,PTPRB (5787)_damaging,0.00042089838732810704
1,ZFC3H1 (196441)_damaging,7.031603004515336e-05
1,E2F7 (144455)_damaging,2.991204611924934e-05
1,NAV3 (89795)_damaging,0.0015009587615133566
1,OTOGL (283310)_damaging,0.00010384222629897783
1,PTPRQ (374462)_damaging,0.0003355830105904361
1,PPFIA2 (8499)_damaging,0.00023512412339322957
1,LRRIQ1 (84125)_damaging,0.00014821225907014185
1,CEP290 (80184)_damaging,0.0006403345868026266
1,EEA1 (8411)_damaging,6.0294741569673794e-05
1,PLXNC1 (10154)_damaging,0.0
1,CFAP54 (144535)_damaging,0.001402314294884142
1,ANKS1B (56899)_damaging,5.54127279832944e-05
1,BLTP3B (23074)_damaging,4.33543156014861e-05
1,UTP20 (27340)_damaging,0.000246787009200072
1,STAB2 (55576)_damaging,0.002361234069561909
1,ALDH1L2 (160428)_damaging,0.0
1,ACACB (32)_damaging,0.0003912012766724203
1,CUX2 (23316)_damaging,0.0005061360601091358
1,HECTD4 (283450)_damaging,3.418536137664461e-05
1,DTX1 (1840)_damaging,1.6253524741631344e-05
1,CIT (11113)_damaging,0.0005132812618603782
1,HNF1A (6927)_damaging,8.086470505183648e-05
1,KDM2B (84678)_damaging,3.0864473667348164e-05
1,SETD1B (23067)_damaging,0.0004308931501530893
1,KNTC1 (9735)_damaging,0.0
1,SBNO1 (55206)_damaging,0.00011433789021791968
1,DNAH10 (196385)_damaging,0.0009749741140846448
1,NCOR2 (9612)_damaging,0.00018013955659935282
1,TMEM132D (121256)_damaging,3.510960005387215e-05
1,RIMBP2 (23504)_damaging,8.924564741170391e-05
1,SFSWAP (6433)_damaging,0.0
1,EP400 (57634)_damaging,0.0014722601634518109
1,POLE (5426)_damaging,0.0
1,GOLGA3 (2802)_damaging,0.0
1,SACS (26278)_damaging,0.0004244793825163489
1,CENPJ (55835)_damaging,5.377568465024945e-05
1,ATP8A2 (51761)_damaging,0.0024370371536982286
1,PAN3 (255967)_damaging,0.0
1,MTUS2 (23281)_damaging,0.0
1,RXFP2 (122042)_damaging,0.0
1,FRY (10129)_damaging,5.851677217687016e-06
1,BRCA2 (675)_damaging,0.0008909366968500632
1,PDS5B (23047)_damaging,0.002513413341818665
1,NBEA (26960)_damaging,0.0013260342673993108
1,POSTN (10631)_damaging,0.0
1,FREM2 (341640)_damaging,0.0011507913315536957
1,DGKH (160851)_damaging,0.007673251613845309
1,ERICH6B (220081)_damaging,0.0001009754568869147
1,ZC3H13 (23091)_damaging,8.455222038885135e-05
1,RB1 (5925)_damaging,0.009301130957121739
1,DACH1 (1602)_damaging,0.0
1,DIS3 (22894)_damaging,0.00029642527464490324
1,MYCBP2 (23077)_damaging,0.0025306107280034804
1,SLITRK5 (26050)_damaging,4.1091200386571685e-05
1,DOCK9 (23348)_damaging,0.0001311133683282405
1,NALCN (259232)_damaging,0.0002537687681061054
1,CCDC168 (643677)_damaging,0.00042745283031539135
1,MYO16 (23026)_damaging,0.00034875673047754285
1,COL4A1 (1282)_damaging,0.00028668962299920666
1,COL4A2 (1284)_damaging,0.0003050965524978652
1,TEP1 (7011)_damaging,0.00012958912151615946
1,ARHGEF40 (55701)_damaging,0.0
1,CHD8 (57680)_damaging,0.0
1,AJUBA (84962)_damaging,0.0014359472701694865
1,ACIN1 (22985)_damaging,7.35176323148319e-05
1,MYH6 (4624)_damaging,7.565810246757787e-05
1,MYH7 (4625)_damaging,0.0
1,CARMIL3 (90668)_damaging,0.00033561142619684597
1,NYNRIN (57523)_damaging,2.163336325943957e-05
1,AKAP6 (9472)_damaging,0.00020183580552999165
1,NPAS3 (64067)_damaging,0.0
1,RALGAPA1 (253959)_damaging,2.1211716911189746e-05
1,TTC6 (319089)_damaging,0.0001425989243986217
1,TOGARAM1 (23116)_damaging,0.00013604737299857767
1,FANCM (57697)_damaging,0.00031583456455863023
1,MDGA2 (161357)_damaging,0.00036153039256398646
1,NIN (51199)_damaging,5.690393138231e-05
1,NID2 (22795)_damaging,0.0
1,KTN1 (3895)_damaging,4.774102867949037e-05
1,ARID4A (5926)_damaging,0.0
1,HIF1A (3091)_damaging,0.0
1,KCNH5 (27133)_damaging,0.0
1,SYNE2 (23224)_damaging,0.0011096369446335235
1,PCNX1 (22990)_damaging,2.4501057543162934e-05
1,SIPA1L1 (26037)_damaging,0.0
1,MIDEAS (91748)_damaging,1.0513065550095488e-06
1,YLPM1 (56252)_damaging,0.0003631899850395871
1,MLH3 (27030)_damaging,0.00018334489525730945
1,NRXN3 (9369)_damaging,0.00031392849112146993
1,EML5 (161436)_damaging,0.00010415999008920663
1,TRIP11 (9321)_damaging,6.603299568007374e-05
1,UNC79 (57578)_damaging,0.0010978938792319246
1,ATG2B (55102)_damaging,0.00018102719083809115
1,RTL1 (388015)_damaging,0.0
1,DYNC1H1 (1778)_damaging,0.0003303690859727058
1,KIF26A (26153)_damaging,0.0006490559144305599
1,INF2 (64423)_damaging,0.0
1,AHNAK2 (113146)_damaging,0.0013826544648017861
1,MTA1 (9112)_damaging,0.0001383240279095699
1,GOLGA6L2 (283685)_damaging,6.24152917652001e-05
1,SNHG14 (104472715)_damaging,0.00010158881864906488
1,HERC2 (8924)_damaging,9.954409911680495e-05
1,TRPM1 (4308)_damaging,0.0003658033911156975
1,FMN1 (342184)_damaging,0.0001702489808457507
1,RYR3 (6263)_damaging,0.001964712074947026
1,SPRED1 (161742)_damaging,0.0
1,CCDC9B (388115)_damaging,0.00019610814342639314
1,KNL1 (57082)_damaging,1.1686685242822516e-05
1,INO80 (54617)_damaging,0.00017278815888320163
1,TYRO3 (7301)_damaging,0.0012191207684936482
1,MGA (23269)_damaging,0.0009053970214725197
1,SPTBN5 (51332)_damaging,0.000997617550978949
1,ZNF106 (64397)_damaging,0.00031189930476832915
1,STARD9 (57519)_damaging,0.000503120780087833
1,UBR1 (197131)_damaging,0.0
1,TP53BP1 (7158)_damaging,0.0006037603131644943
1,MAP1A (4130)_damaging,0.0004593799522793181
1,SPG11 (80208)_damaging,0.00012972081730453153
1,B2M (567)_damaging,5.7701412792426016e-05
1,FBN1 (2200)_damaging,0.00042009475060414387
1,AP4E1 (23431)_damaging,0.0
1,DMXL2 (23312)_damaging,0.00014575643897026702
1,MYO5C (55930)_damaging,0.0
1,WDR72 (256764)_damaging,0.0005669622998931441
1,UNC13C (440279)_damaging,0.0002549564156686074
1,RFX7 (64864)_damaging,0.00010967120976605732
1,ICE2 (79664)_damaging,0.0
1,VPS13C (54832)_damaging,0.00013989843573377296
1,TLN2 (83660)_damaging,3.9757404185493836e-05
1,HERC1 (8925)_damaging,0.0003271894769341193
1,ZNF609 (23060)_damaging,0.0003519393845891097
1,DENND4A (10260)_damaging,0.0
1,NOX5 (79400)_damaging,1.1860348579277811e-05
1,MYO9A (4649)_damaging,0.0009644047109558789
1,HCN4 (10021)_damaging,6.123953135627345e-05
1,ARID3B (10620)_damaging,0.00011184374214039222
1,SIN3A (25942)_damaging,0.0038554046515746
1,ADAMTSL3 (57188)_damaging,3.778166814098314e-05
1,AGBL1 (123624)_damaging,0.00011383855465884796
1,NTRK3 (4916)_damaging,0.0
1,TICRR (90381)_damaging,0.0
1,KIF7 (374654)_damaging,0.000176676370731574
1,IQGAP1 (8826)_damaging,1.2945248083468603e-05
1,BLM (641)_damaging,0.00022684943184136534
1,FES (2242)_damaging,0.0003614790377520102
1,CHD2 (1106)_damaging,9.091216962566204e-06
1,LRRK1 (79705)_damaging,0.00022156586773116737
1,AXIN1 (8312)_damaging,7.560961956543291e-05
1,CACNA1H (8912)_damaging,0.0001741738603958733
1,UNKL (64718)_damaging,0.0003142011127585312
1,CRAMP1 (57585)_damaging,0.0006327779244578308
1,TSC2 (7249)_damaging,0.00029002888015543276
1,PKD1 (5310)_damaging,0.00017929777883802419
1,CASKIN1 (57524)_damaging,0.0
1,SLX4 (84464)_damaging,0.00022655982258657376
1,CREBBP (1387)_damaging,0.012312865149825703
1,GRIN2A (2903)_damaging,0.0005013416398039439
1,CIITA (4261)_damaging,2.7927257449069477e-05
1,ABCC1 (4363)_damaging,0.0
1,SMG1 (23049)_damaging,7.269715581504804e-05
1,KNOP1 (400506)_damaging,0.0005784114681057262
1,DNAH3 (55567)_damaging,0.0007648595835472752
1,SCNN1B (6338)_damaging,0.00012987701797982794
1,PALB2 (79728)_damaging,6.54468236910785e-05
1,ERN2 (10595)_damaging,0.0
1,RBBP6 (5930)_damaging,0.0
1,TNRC6A (27327)_damaging,0.0
1,ARHGAP17 (55114)_damaging,0.0
1,GTF3C1 (2975)_damaging,0.0003307970378115778
1,ATXN2L (11273)_damaging,6.372329085167478e-05
1,SH2B1 (25970)_damaging,0.00038390641212474486
1,ITGAL (3683)_damaging,9.377710327816401e-05
1,PRR14 (78994)_damaging,0.0
1,SRCAP (10847)_damaging,7.80997305326741e-05
1,SETD1A (9739)_damaging,0.0
1,SALL1 (6299)_damaging,3.185706105753703e-05
1,CHD9 (80205)_damaging,4.250057141526014e-05
1,NLRC5 (84166)_damaging,0.0007568789570379602
1,CNGB1 (1258)_damaging,5.3556079048204614e-05
1,CNOT1 (23019)_damaging,0.0
1,CDH16 (1014)_damaging,0.0
1,CTCF (10664)_damaging,0.0003341240933693136
1,CDH1 (999)_damaging,0.0007757641623920841
1,NFAT5 (10725)_damaging,0.0
1,DHX38 (9785)_damaging,3.471146849174642e-05
1,ZFHX3 (463)_damaging,0.0020059119307534166
1,GLG1 (2734)_damaging,4.146359770368592e-05
1,CNTNAP4 (85445)_damaging,0.0004773480663876391
1,PKD1L2 (114780)_damaging,0.0002113767032860094
1,GSE1 (23199)_damaging,0.0001477393437281187
1,IRF8 (3394)_damaging,0.0007420673034828681
1,ZNF469 (84627)_damaging,0.00020853444020575595
1,ZC3H18 (124245)_damaging,7.029731678498066e-05
1,LINC02138 (400558)_damaging,0.0014391858328997957
1,CDH15 (1013)_damaging,0.0001548283990496621
1,ANKRD11 (29123)_damaging,8.560959968238314e-05
1,VPS9D1 (9605)_damaging,3.965258112109511e-05
1,WDR81 (124997)_damaging,0.0
1,CLUH (23277)_damaging,0.0
1,SPATA22 (84690)_damaging,0.004293831187221674
1,ZZEF1 (23140)_damaging,7.469546544322245e-05
1,USP6 (9098)_damaging,0.00012951700481586494
1,GPS2 (2874)_damaging,0.00017676006118479522
1,FXR2 (9513)_damaging,4.46734860575783e-05
1,TP53 (7157)_damaging,0.16314546178776176
1,EFNB3 (1949)_damaging,6.328237078313666e-05
1,DNAH2 (146754)_damaging,0.0001146161816324182
1,KDM6B (23135)_damaging,0.0009935245148597219
1,CHD3 (1107)_damaging,3.277712381954757e-05
1,PER1 (5187)_damaging,6.179526665995585e-05
1,MYH13 (8735)_damaging,3.073192113808828e-05
1,MYH8 (4626)_damaging,0.0006823017785990409
1,MYH4 (4622)_damaging,0.0
1,MYH1 (4619)_damaging,0.0029339660227884457
1,MYH2 (4620)_damaging,0.0022644659946029033
1,DNAH9 (1770)_damaging,0.005978181117981222
1,MAP2K4 (6416)_damaging,0.0
1,MYOCD (93649)_damaging,0.00019611294190113694
1,NCOR1 (9611)_damaging,0.0003180950763199089
1,MPRIP (23164)_damaging,0.0
1,MYO15A (51168)_damaging,0.00014355903931972431
1,TOP3A (7156)_damaging,0.0003061557635997131
1,KSR1 (8844)_damaging,0.0
1,MYO18A (399687)_damaging,0.0
1,EFCAB5 (374786)_damaging,0.0
1,ATAD5 (79915)_damaging,9.611578377277728e-05
1,NF1 (4763)_damaging,0.006619882517482943
1,SUZ12 (23512)_damaging,0.0008367976885247992
1,SLFN11 (91607)_damaging,0.00043223570448400704
1,GPR179 (440435)_damaging,0.000105187095667636
1,SRCIN1 (80725)_damaging,0.0
1,CDK12 (51755)_damaging,0.00011868684337287485
1,TOP2A (7153)_damaging,0.0007878840073881786
1,STAT5B (6777)_damaging,0.00016178757650703548
1,PLEKHH3 (79990)_damaging,0.0002445105589222565
1,BRCA1 (672)_damaging,0.0005462843356290631
1,HDAC5 (10014)_damaging,0.000454605251497835
1,ITGA2B (3674)_damaging,0.0018354609853059969
1,KANSL1 (284058)_damaging,0.00039285329888594646
1,COL1A1 (1277)_damaging,6.992521458242279e-06
1,RNF43 (54894)_damaging,0.0006819213759155216
1,CLTC (1213)_damaging,2.4662525916828878e-06
1,PPM1D (8493)_damaging,0.0001315738678462307
1,TBX4 (9496)_damaging,0.0
1,BRIP1 (83990)_damaging,0.0
1,MED13 (9969)_damaging,0.0
1,MRC2 (9902)_damaging,0.0004996070290406089
1,SCN4A (6329)_damaging,0.0005140901514407305
1,GNA13 (10672)_damaging,0.006387773788622544
1,HELZ (9931)_damaging,0.0
1,NOL11 (25926)_damaging,6.756713734432322e-06
1,BPTF (2186)_damaging,3.9590521931903914e-06
1,ABCA8 (10351)_damaging,0.0006330692307966221
1,ABCA9 (10350)_damaging,0.00027099836669318937
1,ABCA6 (23460)_damaging,0.0
1,ABCA10 (10349)_damaging,0.00025147419482620195
1,ABCA5 (23461)_damaging,0.0003227327627943849
1,SOX9 (6662)_damaging,0.0
1,SDK2 (54549)_damaging,7.245039038968557e-05
1,TMEM94 (9772)_damaging,4.5752310311807085e-05
1,CASKIN2 (57513)_damaging,0.000651823127591202
1,MYO15B (80022)_damaging,6.405574892847582e-05
1,ITGB4 (3691)_damaging,0.0014142815943776537
1,EVPL (2125)_damaging,0.0
1,RHBDF2 (79651)_damaging,0.0008748379179440394
1,TNRC6C (57690)_damaging,0.00015991336900720597
1,DNAH17 (8632)_damaging,0.0003493363659421893
1,RPTOR (57521)_damaging,5.637013783648358e-05
1,BAHCC1 (57597)_damaging,3.067830847873433e-05
1,FASN (2194)_damaging,0.000979079016813639
1,NARF (26502)_damaging,6.845252525745243e-05
1,FOXK2 (3607)_damaging,0.0
1,SMCHD1 (23347)_damaging,0.00022989945566219874
1,EPB41L3 (23136)_damaging,0.00013203525945120506
1,LAMA1 (284217)_damaging,0.00029303141986429884
1,MTCL1 (23255)_damaging,0.0007351507957476976
1,ANKRD12 (23253)_damaging,0.00010707760193402612
1,PIEZO2 (63895)_damaging,0.0006177828103815508
1,ANKRD30B (374860)_damaging,0.0006599850644696843
1,ROCK1 (6093)_damaging,0.00017880229207408618
1,GREB1L (80000)_damaging,0.0
1,LAMA3 (3909)_damaging,0.0002036539495509624
1,CCDC178 (374864)_damaging,0.00012908463149148642
1,ASXL3 (80816)_damaging,3.4920034028460176e-05
1,FHOD3 (80206)_damaging,0.0027719250402822733
1,SETBP1 (26040)_damaging,0.00017599558056303653
1,EPG5 (57724)_damaging,5.398962110724482e-05
1,LOXHD1 (125336)_damaging,3.880060013143976e-05
1,SKOR2 (652991)_damaging,0.00021820943611722377
1,ZBTB7C (201501)_damaging,0.0
1,SMAD4 (4089)_damaging,0.004271507614607775
1,DCC (1630)_damaging,4.300900686940392e-05
1,ALPK2 (115701)_damaging,0.0003258066009248727
1,CDH7 (1005)_damaging,0.001496765863494773
1,DSEL (92126)_damaging,0.0
1,RTTN (25914)_damaging,0.00026836150936732875
1,ZNF407 (55628)_damaging,0.0001596810037797559
1,ZNF236 (7776)_damaging,0.00014404809750762966
1,SALL3 (27164)_damaging,0.0
1,ATP9B (374868)_damaging,6.0356999056117026e-05
1,NFATC1 (4772)_damaging,0.0
1,KCNG2 (26251)_damaging,6.96384025829719e-05
1,ABCA7 (10347)_damaging,0.0
1,STK11 (6794)_damaging,0.0032324274241649765
1,DAZAP1 (26528)_damaging,0.00018247988568975457
1,DOT1L (84444)_damaging,0.00011076686006240369
1,ZBTB7A (51341)_damaging,8.985971577061489e-05
1,TICAM1 (148022)_damaging,2.066894855687952e-05
1,KDM4B (23030)_damaging,0.00029244269178087815
1,PTPRS (5802)_damaging,0.0
1,SAFB2 (9667)_damaging,0.00020366710927826248
1,SAFB (6294)_damaging,0.0
1,TRIP10 (9322)_damaging,0.00028487890479253546
1,CAMSAP3 (57662)_damaging,0.00013352210714016622
1,FBN3 (84467)_damaging,0.00018616078421543951
1,MUC16 (94025)_damaging,0.0036377735017092167
1,COL5A3 (50509)_damaging,0.0
1,DNMT1 (1786)_damaging,0.00031639350009021245
1,KEAP1 (9817)_damaging,0.0013438981467808273
1,DNM2 (1785)_damaging,0.0
1,SMARCA4 (6597)_damaging,0.0017001079780588398
1,MAST1 (22983)_damaging,0.0
1,CACNA1A (773)_damaging,0.00023016586758821303
1,NOTCH3 (4854)_damaging,8.493208853056091e-05
1,BRD4 (23476)_damaging,6.482499708743302e-05
1,WIZ (58525)_damaging,0.0
1,NWD1 (284434)_damaging,0.0
1,SIN3B (23309)_damaging,4.107252001913001e-05
1,CPAMD8 (27151)_damaging,0.00035902251965020537
1,ZNF208 (7757)_damaging,0.00047073361540718304
1,ZNF729 (100287226)_damaging,0.0005103008915219537
1,ZNF91 (7644)_damaging,0.0004311543494959582
1,URI1 (8725)_damaging,7.824344910142859e-05
1,ZNF536 (9745)_damaging,0.0009051717916089824
1,KMT2B (9757)_damaging,0.0018119504406818238
1,ZNF569 (148266)_damaging,4.805696206310785e-06
1,WDR87 (83889)_damaging,0.0009255769409917757
1,RYR1 (6261)_damaging,0.0004594394799158653
1,CAPN12 (147968)_damaging,0.0003188068408127203
1,FCGBP (8857)_damaging,0.0012535959186824844
1,PRX (57716)_damaging,0.0008243234695423972
1,AXL (558)_damaging,3.785606513832086e-05
1,ARHGEF1 (9138)_damaging,0.00013841910142242813
1,ERF (2077)_damaging,4.394360847260955e-06
1,CIC (23152)_damaging,0.0008631395965992119
1,MEGF8 (1954)_damaging,6.54124487257715e-05
1,MARK4 (57787)_damaging,0.0
1,ARHGAP35 (2909)_damaging,0.00029879325500776474
1,ZC3H4 (23211)_damaging,0.0
1,BICRA (29998)_damaging,0.000508737594699843
1,LMTK3 (114783)_damaging,8.061175436996151e-05
1,TRPM4 (54795)_damaging,5.429489796705504e-05
1,PRR12 (57479)_damaging,0.0
1,MYH14 (79784)_damaging,0.0
1,POLD1 (5424)_damaging,4.607657719191741e-05
1,SHANK1 (50944)_damaging,0.00011751051841169152
1,ZNF677 (342926)_damaging,0.0
1,BRSK1 (84446)_damaging,0.00026740178568898643
1,SSC5D (284297)_damaging,0.0
1,NLRP9 (338321)_damaging,0.00022751305866657902
1,NLRP4 (147945)_damaging,0.0004868636306281367
1,PEG3 (5178)_damaging,0.0003179366521908937
1,ZIM3 (114026)_damaging,0.0
1,PXDN (7837)_damaging,8.755176144614251e-05
1,MYT1L (23040)_damaging,2.2335243107210983e-05
1,ROCK2 (9475)_damaging,0.00014572213275548874
1,GREB1 (9687)_damaging,0.00030358367341841626
1,NBAS (51594)_damaging,0.0010691943205497678
1,RAD51AP2 (729475)_damaging,0.0
1,APOB (338)_damaging,0.00047704600505043865
1,TDRD15 (100129278)_damaging,0.0003995749637773237
1,ATAD2B (54454)_damaging,0.0
1,ITSN2 (50618)_damaging,0.00013742089344123603
1,DNMT3A (1788)_damaging,0.000524686677312292
1,ASXL2 (55252)_damaging,0.00018764887136004478
1,OTOF (9381)_damaging,0.00031883919573952394
1,EMILIN1 (11117)_damaging,0.0
1,CAD (790)_damaging,0.00014147615936387642
1,IFT172 (26160)_damaging,4.5466452257820794e-05
1,SPATA31H1 (84226)_damaging,0.00015787829942806776
1,ALK (238)_damaging,0.000406862579767994
1,BIRC6 (57448)_damaging,0.0003827052817923981
1,ZFP36L2 (678)_damaging,0.0005967248909503121
1,THADA (63892)_damaging,0.0
1,MSH2 (4436)_damaging,0.0004889916348809216
1,MSH6 (2956)_damaging,0.0005638631245396468
1,FBXO11 (80204)_damaging,0.001181351228289577
1,NRXN1 (9378)_damaging,0.00012630329549020235
1,SPTBN1 (6711)_damaging,4.986230254944e-05
1,EML6 (400954)_damaging,0.00012208976166761153
1,MTIF2 (4528)_damaging,0.0
1,CCDC88A (55704)_damaging,0.00043418965097766145
1,USP34 (9736)_damaging,7.514939840228043e-05
1,C2orf42 (54980)_damaging,0.000550054980126639
1,ZNF638 (27332)_damaging,4.726468741399424e-05
1,DYSF (8291)_damaging,0.00098102864701032
1,ALMS1 (7840)_damaging,0.0001319217754609215
1,LOXL3 (84695)_damaging,0.0
1,CTNNA2 (1496)_damaging,0.00019654907983718828
1,DNAH6 (1768)_damaging,0.0011151820768417863
1,POLR1A (25885)_damaging,1.0197773421895348e-05
1,PROM2 (150696)_damaging,8.554941045323863e-06
1,TMEM131 (23505)_damaging,0.0
1,VWA3B (200403)_damaging,0.0004982578187980187
1,CRACDL (343990)_damaging,3.960581681664937e-05
1,EIF5B (9669)_damaging,0.0
1,REV1 (51455)_damaging,8.777382248685633e-05
1,MAP4K4 (9448)_damaging,0.0
1,SLC5A7 (60482)_damaging,1.5971392173443337e-05
1,DPP10 (57628)_damaging,0.0002552665980825889
1,MARCO (8685)_damaging,0.00018662277782808466
1,CNTNAP5 (129684)_damaging,8.403416462932928e-05
1,WDR33 (55339)_damaging,0.0
1,UGGT1 (56886)_damaging,0.00010266677409643426
1,AMER3 (205147)_damaging,9.810453648655724e-06
1,ARHGEF4 (50649)_damaging,0.00039783893717160515
1,NCKAP5 (344148)_damaging,0.00025725520642514186
1,THSD7B (80731)_damaging,0.002695515795742012
1,LRP1B (53353)_damaging,0.009843846836587473
1,ZEB2 (9839)_damaging,8.161013636297209e-05
1,ACVR2A (92)_damaging,0.0006050791095319248
1,ORC4 (5000)_damaging,0.00011425924080715867
1,KIF5C (3800)_damaging,0.0
1,RIF1 (55183)_damaging,0.00011048725817021282
1,NEB (4703)_damaging,0.001086512636185063
1,BAZ2B (29994)_damaging,0.0
1,LY75 (4065)_damaging,2.1256611111234385e-05
1,PLA2R1 (22925)_damaging,0.0
1,SLC4A10 (57282)_damaging,0.0001989383998916143
1,KCNH7 (90134)_damaging,0.0006905559570266044
1,FIGN (55137)_damaging,1.533985844727113e-05
1,SCN3A (6328)_damaging,8.86954815303248e-05
1,SCN2A (6326)_damaging,0.0031646894351353423
1,TTC21B (79809)_damaging,0.0
1,SCN1A (6323)_damaging,0.0
1,SCN9A (6335)_damaging,0.0001604455947792671
1,SCN7A (6332)_damaging,6.12835688452284e-05
1,XIRP2 (129446)_damaging,0.002971639214311649
1,LRP2 (4036)_damaging,0.00036637879729395145
1,KLHL41 (10324)_damaging,0.0
1,PPIG (9360)_damaging,0.000243002075715846
1,CFAP210 (129881)_damaging,0.0001198533124371591
1,TTN (7273)_damaging,0.008993008379500263
1,CCDC141 (285025)_damaging,4.844930571380644e-05
1,ITGA4 (3676)_damaging,4.8296457124701535e-05
1,FSIP2 (401024)_damaging,0.00277787584774498
1,COL3A1 (1281)_damaging,0.00010358572084482295
1,COL5A2 (1290)_damaging,0.0011202932760290259
1,ANKAR (150709)_damaging,9.717304459626606e-05
1,DNAH7 (56171)_damaging,0.001119275900912476
1,HECW2 (57520)_damaging,2.5370495043060675e-05
1,PLCL1 (5334)_damaging,0.0
1,AOX1 (316)_damaging,2.0939971050858653e-05
1,CASP8 (841)_damaging,4.2429472961960926e-05
1,BMPR2 (659)_damaging,0.0002971768194736526
1,NBEAL1 (65065)_damaging,0.0003172010142719287
1,PARD3B (117583)_damaging,0.00011942491546347834
1,INO80D (54891)_damaging,0.00069424401924082
1,ZDBF2 (57683)_damaging,0.00018857731410463712
1,ADAM23 (8745)_damaging,6.490516449853417e-05
1,MAP2 (4133)_damaging,0.00014870356214605605
1,UNC80 (285175)_damaging,0.0006226698469924129
1,CPS1 (1373)_damaging,0.000337686242176596
1,ERBB4 (2066)_damaging,0.0
1,ABCA12 (26154)_damaging,0.0009440288112835402
1,FN1 (2335)_damaging,0.001001916669215248
1,TNS1 (7145)_damaging,0.00014730011353538886
1,ZNF142 (7701)_damaging,7.403658612548786e-05
1,CFAP65 (255101)_damaging,6.881027006499615e-05
1,SPEG (10290)_damaging,0.0003866890380192955
1,OBSL1 (23363)_damaging,3.3423090867979314e-05
1,SLC4A3 (6508)_damaging,9.359233986187301e-05
1,NYAP2 (57624)_damaging,0.0
1,IRS1 (3667)_damaging,0.0
1,COL4A4 (1286)_damaging,0.0004784409749402169
1,SPHKAP (80309)_damaging,0.0
1,MROH2A (339766)_damaging,0.00011322315127361676
1,COL6A3 (1293)_damaging,0.00024524846203808075
1,HDAC4 (9759)_damaging,0.0002819597342149756
1,KIF1A (547)_damaging,0.00029575614417208995
1,CROCC2 (728763)_damaging,8.668639825007151e-05
1,TGM6 (343641)_damaging,0.00034540096213226974
1,FASTKD5 (60493)_damaging,0.00018638577731794621
1,PLCB4 (5332)_damaging,0.00017458129330800369
1,ESF1 (51575)_damaging,3.5138440993766625e-05
1,SEL1L2 (80343)_damaging,3.4697215471744576e-05
1,CFAP61 (26074)_damaging,0.00031341097089757964
1,RALGAPA2 (57186)_damaging,4.8805240908403426e-05
1,ASXL1 (171023)_damaging,0.002349275020248276
1,NCOA6 (23054)_damaging,0.0001942978455638683
1,MYH7B (57644)_damaging,0.0006587429119152394
1,CEP250 (11190)_damaging,2.2337951501674722e-05
1,SAMHD1 (25939)_damaging,0.00024033161106725099
1,RALGAPB (57148)_damaging,0.0
1,CHD6 (84181)_damaging,0.0
1,PTPRT (11122)_damaging,0.0013251211331738028
1,NCOA3 (8202)_damaging,0.0
1,DDX27 (55661)_damaging,0.0004426364266645478
1,ZNF831 (128611)_damaging,2.7606280856744782e-05
1,SYCP2 (10388)_damaging,7.846634062228807e-05
1,TAF4 (6874)_damaging,0.0
1,LAMA5 (3911)_damaging,0.0008549790932914189
1,DIDO1 (11083)_damaging,0.0018398706080994056
1,HELZ2 (85441)_damaging,0.0001640953888090358
1,TPTE (7179)_damaging,8.113573875212424e-05
1,NRIP1 (8204)_damaging,0.0
1,ADAMTS5 (11096)_damaging,0.0
1,LTN1 (26046)_damaging,0.00011218760135122056
1,USP16 (10600)_damaging,5.0874776552912375e-05
1,SCAF4 (57466)_damaging,0.00035180647729230873
1,ITSN1 (6453)_damaging,0.00015586408487289205
1,DOP1B (9980)_damaging,0.00011918974452061046
1,BRWD1 (54014)_damaging,7.72876006104314e-05
1,DSCAM (1826)_damaging,0.00023504116797306643
1,ZBTB21 (49854)_damaging,0.0
1,UMODL1 (89766)_damaging,3.6369461253626924e-05
1,TRPM2 (7226)_damaging,0.0003464942372341808
1,COL18A1 (80781)_damaging,0.00015372469623694185
1,COL6A1 (1291)_damaging,0.0
1,PCNT (5116)_damaging,0.0
1,CECR2 (27443)_damaging,0.0
1,ZDHHC8 (29801)_damaging,0.0
1,LZTR1 (8216)_damaging,0.00011257024453101967
1,SMARCB1 (6598)_damaging,0.000772002495797822
1,MYO18B (84700)_damaging,0.0005789190225875731
1,MN1 (4330)_damaging,0.0
1,NF2 (4771)_damaging,0.0029054367556508084
1,PRR14L (253143)_damaging,0.0005164731197459353
1,DEPDC5 (9681)_damaging,0.00019342135224566004
1,MYH9 (4627)_damaging,0.0005765781740200845
1,CSF2RB (1439)_damaging,0.0
1,TRIOBP (11078)_damaging,0.0003637786317066977
1,CACNA1I (8911)_damaging,0.0002442811940204557
1,TNRC6B (23112)_damaging,1.5038733900887316e-05
1,EP300 (2033)_damaging,0.00233580975037208
1,ZC3H7B (23264)_damaging,0.0
1,MEI1 (150365)_damaging,5.5150216375712194e-05
1,TCF20 (6942)_damaging,0.0006053648033968847
1,SMC1B (27127)_damaging,2.8671837322262396e-05
1,PKDREJ (10343)_damaging,2.1542980360232835e-05
1,CELSR1 (9620)_damaging,9.191279676490773e-07
1,PLXNB2 (23654)_damaging,0.00045808899997002854
1,PPP6R2 (9701)_damaging,2.0717920853941763e-05
1,SBF1 (6305)_damaging,9.743447563311817e-06
1,CNTN6 (27255)_damaging,0.00026012898366729593
1,CNTN4 (152330)_damaging,0.00044480292124250047
1,GRM7 (2917)_damaging,5.614809908567423e-05
1,VHL (7428)_damaging,0.000723861009855524
1,KCNH8 (131096)_damaging,8.128001028284423e-05
1,TGFBR2 (7048)_damaging,0.005201560952670264
1,CLASP2 (23122)_damaging,0.0
1,TRANK1 (9881)_damaging,0.00028422684914887925
1,MLH1 (4292)_damaging,5.034841203279789e-05
1,GOLGA4 (2803)_damaging,0.0013415857835591403
1,SCN5A (6331)_damaging,7.919059158353129e-05
1,SCN10A (6336)_damaging,1.4699906948780837e-06
1,SCN11A (11280)_damaging,0.00018450618783668295
1,KIF15 (56992)_damaging,0.0
1,SETD2 (29072)_damaging,0.0008722664167159591
1,PTPN23 (25930)_damaging,0.00027160075644714075
1,PLXNB1 (5364)_damaging,0.00020639740639988234
1,COL7A1 (1294)_damaging,0.0007725416055840098
1,CELSR3 (1951)_damaging,0.0003712827666603
1,RHOA (387)_damaging,2.2154505376687864e-05
1,BSN (8927)_damaging,0.0003625166993996358
1,RBM6 (10180)_damaging,8.76215156472939e-05
1,DOCK3 (1795)_damaging,0.0003544054138643174
1,DNAH1 (25981)_damaging,0.0009479787643863837
1,BAP1 (8314)_damaging,0.0014959600763524469
1,STAB1 (23166)_damaging,0.00015731662241159005
1,PBRM1 (55193)_damaging,0.0012895541480620195
1,CACNA1D (776)_damaging,0.0001746621098668228
1,DNAH12 (201625)_damaging,0.00041073198956350645
1,FLNB (2317)_damaging,1.3825560848082659e-05
1,ATXN7 (6314)_damaging,0.0001142100562529168
1,ADAMTS9 (56999)_damaging,0.0001640740753349142
1,CNTN3 (5067)_damaging,5.94313285915153e-05
1,ROBO2 (6092)_damaging,0.0007338436859098348
1,ROBO1 (6091)_damaging,0.0006094783736784391
1,EPHA3 (2042)_damaging,0.00022986210006766894
1,EPHA6 (285220)_damaging,4.8172112431197184e-05
1,CRYBG3 (131544)_damaging,0.0001249756276820697
1,ABI3BP (25890)_damaging,0.00013667968142530657
1,MYH15 (22989)_damaging,0.0004113493609121814
1,DZIP3 (9666)_damaging,4.2841772983964745e-05
1,MORC1 (27136)_damaging,0.0
1,PHLDB2 (90102)_damaging,0.0
1,CFAP44 (55779)_damaging,7.070631299852174e-05
1,ZBTB20 (26137)_damaging,0.00026632103124549217
1,CFAP91 (89876)_damaging,2.5897884936824455e-05
1,POLQ (10721)_damaging,0.0
1,PARP14 (54625)_damaging,4.230587002361189e-05
1,KALRN (8997)_damaging,0.0022886866233555723
1,COL6A5 (256076)_damaging,0.00026003712892560025
1,COL6A6 (131873)_damaging,0.0
1,DNAJC13 (23317)_damaging,0.00015556182327961394
1,TOPBP1 (11073)_damaging,0.0007675959014455062
1,RASA2 (5922)_damaging,0.00011137459113644425
1,XRN1 (54464)_damaging,0.0
1,ATR (545)_damaging,0.0012177947115792564
1,HPS3 (84343)_damaging,0.00012151768415229975
1,MED12L (116931)_damaging,0.0008516188785935632
1,IGSF10 (285313)_damaging,1.9044469287843207e-05
1,ARHGEF26 (26084)_damaging,6.211085374905557e-05
1,MME (4311)_damaging,0.0
1,PLCH1 (23007)_damaging,1.6271129770050748e-05
1,SMC4 (10051)_damaging,0.0
1,SI (6476)_damaging,0.0005050346266958238
1,ZBBX (79740)_damaging,6.648243704986435e-05
1,MECOM (2122)_damaging,0.0008049488246961436
1,SPATA16 (83893)_damaging,0.0
1,USP13 (8975)_damaging,2.249715827726776e-05
1,TTC14 (151613)_damaging,0.0
1,ATP13A5 (344905)_damaging,0.0009965985712643672
1,MUC4 (4585)_damaging,0.0010034008223705768
1,TNK2 (10188)_damaging,9.944752671378199e-05
1,NSD2 (7468)_damaging,0.00143639150369818
1,POLN (353497)_damaging,8.323888698222331e-05
1,FAM193A (8603)_damaging,6.987277776139081e-05
1,HTT (3064)_damaging,0.0
1,JAKMIP1 (152789)_damaging,8.87361978713998e-05
1,MAN2B2 (23324)_damaging,0.0
1,UNC93B7 (100887746)_damaging,0.0001978006984390544
1,BOD1L1 (259282)_damaging,0.0
1,CC2D2A (57545)_damaging,0.0003534586534801993
1,PCDH7 (5099)_damaging,8.115994281331601e-05
1,ARAP2 (116984)_damaging,0.0003304414607485074
1,LIMCH1 (22998)_damaging,3.1050034216962016e-05
1,BEND4 (389206)_damaging,0.00018324289649702927
1,FRYL (285527)_damaging,0.00024135037939985863
1,KDR (3791)_damaging,0.0008870736538726786
1,CRACD (57482)_damaging,0.00010689178226536075
1,POLR2B (5431)_damaging,0.0
1,ADGRL3 (23284)_damaging,5.894444167174387e-05
1,EPHA5 (2044)_damaging,0.00013641641708404305
1,CENPC (1060)_damaging,0.0
1,ADAMTS3 (9508)_damaging,0.00013519368463783636
1,SHROOM3 (57619)_damaging,2.177497435336267e-05
1,FRAS1 (80144)_damaging,0.0005160203736926033
1,WDFY3 (23001)_damaging,0.0010027286038269514
1,PTPN13 (5783)_damaging,0.00036725256906977653
1,MMRN1 (22915)_damaging,8.250330073542614e-05
1,GRID2 (2895)_damaging,5.635737192243192e-05
1,SMARCAD1 (56916)_damaging,8.169443372322866e-05
1,UNC5C (8633)_damaging,0.0
1,CENPE (1062)_damaging,3.312678044997359e-05
1,TET2 (54790)_damaging,0.0025797695488288977
1,ZGRF1 (55345)_damaging,5.080636726031469e-05
1,ANK2 (287)_damaging,0.00027919211100720976
1,BLTP1 (84162)_damaging,0.0021453217383568526
1,FAT4 (79633)_damaging,0.0003495808926982508
1,PCDH10 (57575)_damaging,5.069274174639726e-05
1,LRBA (987)_damaging,0.0006846102436388666
1,FBXW7 (55294)_damaging,0.002844860115808753
1,FHDC1 (85462)_damaging,0.0002458013003108135
1,DCHS2 (54798)_damaging,0.00038009030495098794
1,MAP9 (79884)_damaging,0.0001589064958214337
1,GRIA2 (2891)_damaging,0.0
1,RXFP1 (59350)_damaging,0.00030052215302596284
1,RAPGEF2 (9693)_damaging,2.784486966922018e-05
1,FSTL5 (56884)_damaging,5.607506220800792e-05
1,DDX60 (55601)_damaging,0.00010603291440890617
1,WDR17 (116966)_damaging,0.0
1,TENM3 (55714)_damaging,0.0
1,SORBS2 (8470)_damaging,0.0
1,FAT1 (2195)_damaging,0.0071485332762331955
1,SDHA (6389)_damaging,0.0009899228303005196
1,SLC12A7 (10723)_damaging,0.0
1,TERT (7015)_damaging,0.002447271073395305
1,ADAMTS16 (170690)_damaging,0.00012753712173315898
1,ICE1 (23379)_damaging,3.5785904583355333e-06
1,SEMA5A (9037)_damaging,0.0
1,DNAH5 (1767)_damaging,0.0009953639229352456
1,TRIO (7204)_damaging,0.0003859302099926648
1,CDH18 (1016)_damaging,0.00017198130971820137
1,PRDM9 (56979)_damaging,0.0
1,CDH10 (1008)_damaging,0.0006494555696335128
1,CDH6 (1004)_damaging,0.000137473979573025
1,PDZD2 (23037)_damaging,0.0
1,ADAMTS12 (81792)_damaging,0.0007289143359265978
1,SPEF2 (79925)_damaging,0.0006599425859580648
1,NIPBL (25836)_damaging,2.618050760699258e-06
1,CPLANE1 (65250)_damaging,0.0004813643140645073
1,EGFLAM (133584)_damaging,8.392677990194794e-05
1,RICTOR (253260)_damaging,0.0
1,C7 (730)_damaging,0.0003973789921308658
1,MROH2B (133558)_damaging,0.00035476327281863044
1,C6 (729)_damaging,0.0
1,HCN1 (348980)_damaging,0.00026370519956735747
1,ITGA2 (3673)_damaging,6.638878131238182e-05
1,ADAMTS6 (11174)_damaging,0.00011050490792397927
1,PIK3R1 (5295)_damaging,0.0005690214218907948
1,RAD17 (5884)_damaging,0.0002427246774591789
1,BDP1 (55814)_damaging,0.000275364772290061
1,MAP1B (4131)_damaging,0.0003584252825849603
1,ARHGEF28 (64283)_damaging,0.00054014967373082
1,ANKRD31 (256006)_damaging,0.00016231853485336367
1,AP3B1 (8546)_damaging,3.3212538842556505e-05
1,CMYA5 (202333)_damaging,0.0009939292838225772
1,MSH3 (4437)_damaging,0.0035623459822661675
1,VCAN (1462)_damaging,7.754971501356719e-05
1,RASA1 (5921)_damaging,0.0002678039398570017
1,ADGRV1 (84059)_damaging,0.0004116395404224055
1,MCTP1 (79772)_damaging,0.00048653001807951786
1,ARSK (153642)_damaging,0.0009262626382402653
1,CHD1 (1105)_damaging,3.7968605828817613e-05
1,SLCO6A1 (133482)_damaging,0.0
1,APC (324)_damaging,0.008532243242731125
1,DMXL1 (1657)_damaging,0.00011839250042032452
1,FBN2 (2201)_damaging,0.0006629717671865471
1,ADAMTS19 (171019)_damaging,1.0593055258645289e-05
1,RAPGEF6 (51735)_damaging,0.00032999679290895235
1,RAD50 (10111)_damaging,0.002765119035636764
1,AFF4 (27125)_damaging,0.0
1,FSTL4 (23105)_damaging,0.0
1,CDKL3 (51265)_damaging,0.0
1,PITX1 (5307)_damaging,0.002617674883107154
1,LINC02900 (340073)_damaging,0.0018893393588822506
1,CTNNA1 (1495)_damaging,0.001552584869349252
1,WDR55 (54853)_damaging,0.00028750049211327217
1,FAT2 (2196)_damaging,0.002854402729072985
1,LARP1 (23367)_damaging,5.534591146956963e-05
1,GABRG2 (2566)_damaging,0.00013849163816022253
1,DOCK2 (1794)_damaging,0.00046951162126624904
1,NSD1 (64324)_damaging,0.0005918364140415737
1,ADAMTS2 (9509)_damaging,6.956219703301068e-05
1,FLT4 (2324)_damaging,0.0013454986756173475
1,DSP (1832)_damaging,0.0001250401827884623
1,HIVEP1 (3096)_damaging,4.767644355654136e-05
1,PHACTR1 (221692)_damaging,0.0
1,JARID2 (3720)_damaging,0.00011680460011602456
1,ATXN1 (6310)_damaging,4.9248169414855754e-05
1,GABBR1 (2550)_damaging,0.0006596615156498448
1,HLA-A (3105)_damaging,0.0015585731103220286
1,MDC1 (9656)_damaging,0.00012037741435527721
1,MUCL3 (135656)_damaging,0.0
1,HLA-C (3107)_damaging,0.00021624494807602726
1,HLA-B (3106)_damaging,0.0006470348282200558
1,PRRC2A (7916)_damaging,0.00034926883748585054
1,BAG6 (7917)_damaging,0.00012621460456466844
1,TNXB (7148)_damaging,0.00017125445214343646
1,NOTCH4 (4855)_damaging,0.0004467000679737166
1,COL11A2 (1302)_damaging,7.185776060736702e-05
1,ITPR3 (3710)_damaging,4.747562394791979e-05
1,DNAH8 (1769)_damaging,0.0034465506789469985
1,KIF6 (221458)_damaging,0.0
1,CCND3 (896)_damaging,0.002725056008056811
1,MRPS10 (55173)_damaging,0.0
1,ZNF318 (24149)_damaging,0.0003693843960855
1,TDRD6 (221400)_damaging,3.8595648918857694e-05
1,MMUT (4594)_damaging,0.0
1,PKHD1 (5314)_damaging,0.0009032115952256963
1,FAM83B (222584)_damaging,3.72160453910675e-05
1,DST (667)_damaging,0.0004042252359615707
1,PHF3 (23469)_damaging,0.00016908566370192298
1,EYS (346007)_damaging,0.001143115563716189
1,ADGRB3 (577)_damaging,0.00014614862956249092
1,COL19A1 (1310)_damaging,0.0
1,COL9A1 (1297)_damaging,0.0003292482417614381
1,RIMS1 (22999)_damaging,3.896418103270507e-05
1,CD109 (135228)_damaging,0.00020627929123169717
1,COL12A1 (1303)_damaging,4.60861526418709e-05
1,CEP162 (22832)_damaging,0.0002218379796830703
1,SYNCRIP (10492)_damaging,0.000888106336877048
1,ZNF292 (23036)_damaging,0.0006800036889604211
1,MDN1 (23195)_damaging,0.000688767306606576
1,CASP8AP2 (9994)_damaging,0.0
1,BACH2 (60468)_damaging,7.37281877008944e-05
1,EPHA7 (2045)_damaging,0.0002739936806334692
1,MMS22L (253714)_damaging,7.758539878704547e-05
1,ASCC3 (10973)_damaging,0.00013615385451056644
1,SOBP (55084)_damaging,5.8605337436109096e-05
1,AK9 (221264)_damaging,0.0003039819810911149
1,REV3L (5980)_damaging,0.0
1,LAMA4 (3910)_damaging,0.0
1,HDAC2 (3066)_damaging,0.00036803956208859704
1,GPRC6A (222545)_damaging,0.0001828439132570107
1,ROS1 (6098)_damaging,0.0005084293199431289
1,TBC1D32 (221322)_damaging,0.00025433971665758746
1,TRDN (10345)_damaging,0.00034323435442923736
1,LAMA2 (3908)_damaging,0.0005314281434723207
1,AKAP7 (9465)_damaging,0.0
1,MED23 (9439)_damaging,5.301674608841352e-05
1,TNFAIP3 (7128)_damaging,0.002152604527143538
1,ARFGEF3 (57221)_damaging,0.00013578913529581726
1,ECT2L (345930)_damaging,0.0009385201483249295
1,HECA (51696)_damaging,0.0001130459597775091
1,HIVEP2 (3097)_damaging,0.0
1,UTRN (7402)_damaging,0.0006508910688366614
1,SHPRH (257218)_damaging,0.0
1,GRM1 (2911)_damaging,6.587913338403355e-06
1,ADGB (79747)_damaging,0.00010026380113463266
1,STXBP5 (134957)_damaging,3.7965784699411806e-05
1,LATS1 (9113)_damaging,0.0
1,SYNE1 (23345)_damaging,0.0011340107183177126
1,SCAF8 (22828)_damaging,1.9543564401701088e-05
1,ARID1B (57492)_damaging,0.0009140930639764175
1,FNDC1 (84624)_damaging,0.0
1,LPA (4018)_damaging,3.525402744889514e-05
1,MAP3K4 (4216)_damaging,0.0011192333916654857
1,PRKN (5071)_damaging,0.00020407936582424052
1,QKI (9444)_damaging,0.0005365583426536909
1,AFDN (4301)_damaging,0.0003476180388793811
1,INTS1 (26173)_damaging,2.5194639451982948e-05
1,CARD11 (84433)_damaging,3.113833151448321e-05
1,TNRC18 (84629)_damaging,0.0
1,PMS2 (5395)_damaging,0.0033280744861008036
1,ZNF316 (100131017)_damaging,0.00012636140857594022
1,COL28A1 (340267)_damaging,0.0
1,THSD7A (221981)_damaging,0.00019374057111846824
1,VWDE (221806)_damaging,0.0
1,AHR (196)_damaging,0.000300894492281429
1,HDAC9 (9734)_damaging,0.00018404088480848758
1,ABCB5 (340273)_damaging,0.00139240705017751
1,DNAH11 (8701)_damaging,0.0010446957703227904
1,STK31 (56164)_damaging,0.0007455019436290126
1,CDK13 (8621)_damaging,0.0
1,GLI3 (2737)_damaging,5.456001508796205e-05
1,HECW1 (23072)_damaging,0.0
1,AEBP1 (165)_damaging,0.0008448425443135872
1,PKD1L1 (168507)_damaging,0.00021887241248203613
1,ABCA13 (154664)_damaging,0.001523451386424187
1,EGFR (1956)_damaging,0.0
1,AUTS2 (26053)_damaging,6.956508531444299e-05
1,PTPN12 (5782)_damaging,0.0
1,MAGI2 (9863)_damaging,0.00013015515262790317
1,CD36 (948)_damaging,0.000166083916699039
1,PCLO (27445)_damaging,0.002330529320242027
1,SEMA3E (9723)_damaging,0.0012344388303656842
1,ABCB4 (5244)_damaging,0.00017559726567195893
1,ABCB1 (5243)_damaging,4.094067236475815e-05
1,ZNF804B (219578)_damaging,1.5149072568980896e-05
1,AKAP9 (10142)_damaging,0.0014160466204333527
1,ANKIB1 (54467)_damaging,9.689576648051781e-05
1,SAMD9 (54809)_damaging,0.0002877573120419135
1,SAMD9L (219285)_damaging,9.857914284259946e-05
1,CALCR (799)_damaging,0.0
1,COL1A2 (1278)_damaging,0.00014515051289518678
1,SLC25A13 (10165)_damaging,0.0
1,TRRAP (8295)_damaging,0.00012416165342226805
1,ZAN (7455)_damaging,0.0001860617766417647
1,MUC12 (10071)_damaging,0.00010849336190788115
1,MUC17 (140453)_damaging,0.00029087823910943977
1,PLOD3 (8985)_damaging,0.0001620011747253471
1,CUX1 (1523)_damaging,0.0002410471229142756
1,FBXL13 (222235)_damaging,4.976352723873407e-05
1,RELN (5649)_damaging,0.00018807906231630556
1,KMT2E (55904)_damaging,0.0
1,PIK3CG (5294)_damaging,0.000490731885696039
1,SLC26A3 (1811)_damaging,0.0004981017201966081
1,LAMB4 (22798)_damaging,0.00011501216484626442
1,DOCK4 (9732)_damaging,4.8585969979892966e-05
1,PPP1R3A (5506)_damaging,0.0002720100107569011
1,CFTR (1080)_damaging,0.0
1,CTTNBP2 (83992)_damaging,1.9089296299442694e-05
1,PTPRZ1 (5803)_damaging,0.000186366870905329
1,CADPS2 (93664)_damaging,0.0
1,IQUB (154865)_damaging,0.00034239731275000773
1,GRM8 (2918)_damaging,0.00031073007703655455
1,FLNC (2318)_damaging,2.7429268083986635e-05
1,KCP (375616)_damaging,0.0
1,PLXNA4 (91584)_damaging,0.0002968126913547311
1,LRGUK (136332)_damaging,9.54868644531264e-05
1,NUP205 (23165)_damaging,0.0
1,TRIM24 (8805)_damaging,0.0
1,KIAA1549 (57670)_damaging,7.814150184486995e-05
1,MGAM (8972)_damaging,0.0008247671091376854
1,MGAM2 (93432)_damaging,2.3460003762705455e-05
1,EPHB6 (2051)_damaging,9.88652178717558e-05
1,KEL (3792)_damaging,0.00040517995845466294
1,NOBOX (135935)_damaging,0.00021906142042343085
1,CNTNAP2 (26047)_damaging,0.0009717234118597458
1,KCNH2 (3757)_damaging,0.0
1,NOS3 (4846)_damaging,4.5352268869961196e-05
1,KMT2C (58508)_damaging,0.0011878407581713327
1,UBE3C (9690)_damaging,3.601350734068915e-05
1,PTPRN2 (5799)_damaging,0.0006659255958409794
1,CSMD1 (64478)_damaging,0.003099982622801031
1,RP1L1 (94137)_damaging,0.00013635523453160153
1,TRMT9B (57604)_damaging,0.0016371782044622652
1,DLC1 (10395)_damaging,0.0003132010725475068
1,DOCK5 (80005)_damaging,6.620975123257882e-05
1,NUGGC (389643)_damaging,0.00014272739127082338
1,TEX15 (56154)_damaging,0.0
1,WRN (7486)_damaging,0.0013589127756326853
1,UNC5D (137970)_damaging,0.0008857473473865618
1,ADGRA2 (25960)_damaging,0.00019272707048954003
1,NSD3 (54904)_damaging,0.00013192735127677885
1,ANK1 (286)_damaging,0.00011861371001116465
1,PRKDC (5591)_damaging,0.0005929716032441617
1,PXDNL (137902)_damaging,0.0011474882727015364
1,ST18 (9705)_damaging,0.0004055421566861729
1,RB1CC1 (9821)_damaging,1.91300928287794e-05
1,RP1 (6101)_damaging,0.0003845065217489728
1,CYP7A1 (1581)_damaging,2.1830553435053298e-05
1,CHD7 (55636)_damaging,7.167970772913639e-05
1,ASPH (444)_damaging,5.3727669156915875e-05
1,ARFGEF1 (10565)_damaging,0.0
1,PREX2 (80243)_damaging,0.00017508587272125278
1,SULF1 (23213)_damaging,0.00018157043677852292
1,TRPA1 (8989)_damaging,0.0
1,KCNB2 (9312)_damaging,0.00021770290340552434
1,ZFHX4 (79776)_damaging,0.0019240682999127582
1,WWP1 (11059)_damaging,0.00048245075511863363
1,NBN (4683)_damaging,0.0001650232557214323
1,ESRP1 (54845)_damaging,0.00038915975260986894
1,VPS13B (157680)_damaging,0.0006588376411387546
1,RGS22 (26166)_damaging,0.00027363707675717795
1,UBR5 (51366)_damaging,0.0002697083396162425
1,RIMS2 (9699)_damaging,0.00015376067782205341
1,PKHD1L1 (93035)_damaging,0.0005513376777792976
1,CSMD3 (114788)_damaging,0.000854076416949867
1,TRPS1 (7227)_damaging,1.9858053069314248e-05
1,COL14A1 (7373)_damaging,0.0024591787749267025
1,FER1L6 (654463)_damaging,0.00015390290426847117
1,ASAP1 (50807)_damaging,0.00031026188534910587
1,EFR3A (23167)_damaging,6.8955856409228976e-06
1,OC90 (729330)_damaging,6.410824527050818e-05
1,KCNQ3 (3786)_damaging,4.757710244731837e-05
1,PHF20L1 (51105)_damaging,0.00016729340473656357
1,COL22A1 (169044)_damaging,6.512147157641903e-05
1,ADGRB1 (575)_damaging,0.0
1,EPPK1 (83481)_damaging,1.5929959895064943e-05
1,PLEC (5339)_damaging,0.0019394070852669562
1,PARP10 (84875)_damaging,1.5671560081641577e-05
1,MROH1 (727957)_damaging,0.0
1,CPSF1 (29894)_damaging,5.33355933969761e-05
1,KIFC2 (90990)_damaging,0.0
1,RECQL4 (9401)_damaging,0.0
1,DOCK8 (81704)_damaging,0.00026247968397332105
1,SMARCA2 (6595)_damaging,0.0002393375116947688
1,PTPRD (5789)_damaging,7.262490666245131e-05
1,MPDZ (8777)_damaging,3.193794305868157e-05
1,CNTLN (54875)_damaging,0.0
1,ADAMTSL1 (92949)_damaging,0.0
1,DENND4C (55667)_damaging,0.00013452130030916907
1,CDKN2A (1029)_damaging,0.00792852627928429
1,TAF1L (138474)_damaging,9.402302306047252e-05
1,SPATA31G1 (138724)_damaging,0.0
1,FANCG (2189)_damaging,0.0001283057369510295
1,UNC13B (10497)_damaging,0.00017055067786857174
1,RUSC2 (9853)_damaging,3.595695543346994e-06
1,SPAG8 (26206)_damaging,0.002866321707518605
1,TJP2 (9414)_damaging,0.0
1,TMC1 (117531)_damaging,0.0
1,TRPM6 (140803)_damaging,3.778817118783742e-05
1,PCSK5 (5125)_damaging,0.00033953769108350693
1,PRUNE2 (158471)_damaging,4.023935941676003e-05
1,VPS13A (23230)_damaging,5.4031451549933856e-05
1,TLE4 (7091)_damaging,0.0008970860039667333
1,KIF27 (55582)_damaging,0.00027042980133909337
1,ROR2 (4920)_damaging,5.4169278496993956e-05
1,NOL8 (55035)_damaging,7.199247306897962e-05
1,WNK2 (65268)_damaging,7.161875518487034e-05
1,PHF2 (5253)_damaging,2.307308281852309e-05
1,PTCH1 (5727)_damaging,0.00026107956461860713
1,COL15A1 (1306)_damaging,0.0005003458656420858
1,ELP1 (8518)_damaging,0.00024351238568248685
1,TMEM245 (23731)_damaging,0.0018350835453722306
1,SVEP1 (79987)_damaging,3.652589879446648e-05
1,SHOC1 (158401)_damaging,0.000526892061481822
1,FKBP15 (23307)_damaging,0.0001611864292725766
1,COL27A1 (85301)_damaging,2.2221025794788664e-05
1,C5 (727)_damaging,0.0
1,CNTRL (11064)_damaging,0.0
1,DENND1A (57706)_damaging,3.725748802686039e-05
1,GOLGA2 (2801)_damaging,0.0
1,SPTAN1 (6709)_damaging,0.0001328616977800194
1,HMCN2 (256158)_damaging,0.00046576862910793803
1,NUP214 (8021)_damaging,0.0014486145883464148
1,PRRC2B (84726)_damaging,0.0006325023697799414
1,UCK1 (83549)_damaging,0.00034444121008313607
1,SETX (23064)_damaging,0.0003950109219931052
1,ADAMTS13 (11093)_damaging,8.334131434043676e-05
1,ADAMTSL2 (9719)_damaging,0.00015187663363818465
1,BRD3 (8019)_damaging,3.1146181570168056e-05
1,WDR5 (11091)_damaging,0.0002031907762508251
1,COL5A1 (1289)_damaging,0.0
1,CAMSAP1 (157922)_damaging,5.770614528120593e-05
1,NOTCH1 (4851)_damaging,0.0019269434557378053
1,ABCA2 (20)_damaging,3.856255892251349e-05
1,EXD3 (54932)_damaging,0.000343697980305299
1,CACNA1B (774)_damaging,0.00026096789380452743
1,MXRA5 (25878)_damaging,0.0004616248096752009
1,WWC3 (55841)_damaging,0.0
1,FRMPD4 (9758)_damaging,0.0
1,NHS (4810)_damaging,0.00012382505471177484
1,DMD (1756)_damaging,0.0016349404537566983
1,FAM47B (170062)_damaging,9.600165871735871e-05
1,CFAP47 (286464)_damaging,0.0009596449836146161
1,BCOR (54880)_damaging,0.009128691421362694
1,USP9X (8239)_damaging,0.00030361726030836704
1,DDX3X (1654)_damaging,0.002612725053895495
1,KDM6A (7403)_damaging,0.0013610561904808262
1,TFE3 (7030)_damaging,4.696997437056199e-05
1,CCNB3 (85417)_damaging,0.00028884000010553977
1,SHROOM4 (57477)_damaging,1.5907800007814852e-05
1,IQSEC2 (23096)_damaging,0.0
1,HUWE1 (10075)_damaging,0.001156791193684227
1,WNK3 (65267)_damaging,5.831235435017222e-05
1,AMER1 (139285)_damaging,0.00014315192241828956
1,ZC3H12B (340554)_damaging,0.0
1,OPHN1 (4983)_damaging,0.0001092768816778075
1,MED12 (9968)_damaging,0.0006708606025573605
1,ZMYM3 (9203)_damaging,0.0003878364964228067
1,NEXMIF (340533)_damaging,0.0
1,ATRX (546)_damaging,0.0014910430310096526
1,BRWD3 (254065)_damaging,0.00021330402136689847
1,ZNF711 (7552)_damaging,0.0
1,DACH2 (117154)_damaging,0.00014904006678826098
1,DIAPH2 (1730)_damaging,0.0002537139402123275
1,RAB40A (142684)_damaging,0.0008420053396337582
1,NRK (203447)_damaging,6.226769956374833e-06
1,COL4A6 (1288)_damaging,3.888972111816308e-05
1,COL4A5 (1287)_damaging,0.0001707715234970997
1,GUCY2F (2986)_damaging,8.017531221073906e-05
1,DOCK11 (139818)_damaging,4.895103420964018e-05
1,STAG2 (10735)_damaging,0.0008467273410077179
1,TENM1 (10178)_damaging,0.0012356644644401795
1,BCORL1 (63035)_damaging,0.0011901998252677674
1,USP26 (83844)_damaging,0.0001954674943547914
1,ADGRG4 (139378)_damaging,0.00010466018780092617
1,MAGEC1 (9947)_damaging,0.0
1,SPANXN4 (441525)_damaging,0.0015823133914705373
1,SLITRK2 (84631)_damaging,0.0
1,AFF2 (2334)_damaging,2.7692272305064224e-05
1,PLXNA3 (55558)_damaging,4.258385969386954e-05
1,F8 (2157)_damaging,0.00014277552675661336
1,MT-ND4 (4538)_damaging,0.0006676448502797287
1,MT-ND5 (4540)_damaging,0.000428198609734524
2,MTOR (2475)_hotspot,0.006646314060512627
2,NRAS (4893)_hotspot,0.0018502906233916355
2,PTEN (5728)_hotspot,0.0006481369582917682
2,HRAS (3265)_hotspot,0.00011132214432611858
2,ATM (472)_hotspot,0.00012591002589434019
2,KRAS (3845)_hotspot,0.005582397526470271
2,ERBB3 (2065)_hotspot,0.00024755379717327213
2,RB1 (5925)_hotspot,0.007605196736726857
2,CREBBP (1387)_hotspot,0.0008223495114110154
2,TP53 (7157)_hotspot,0.06150166180217886
2,NF1 (4763)_hotspot,0.0002466084710561012
2,ERBB2 (2064)_hotspot,0.00011806329273945947
2,SMAD4 (4089)_hotspot,0.0010993308885690674
2,STK11 (6794)_hotspot,0.0005945156037357991
2,SMARCA4 (6597)_hotspot,0.00010208464411893409
2,C2orf81 (388963)_hotspot,0.0004432710310333468
2,NFE2L2 (4780)_hotspot,0.00043399800451556517
2,VHL (7428)_hotspot,8.314092946846784e-05
2,CTNNB1 (1499)_hotspot,0.0017792923469222997
2,RHOA (387)_hotspot,0.00018970576349796575
2,PIK3CA (5290)_hotspot,0.001381685421014296
2,FBXW7 (55294)_hotspot,0.001052293895056933
2,TERT (7015)_hotspot,0.03317989887882691
2,PIK3R1 (5295)_hotspot,0.00015080910368783578
2,APC (324)_hotspot,0.00127121991347308
2,RAC1 (5879)_hotspot,0.0003394193566270855
2,EGFR (1956)_hotspot,0.0005483188685250347
2,BRAF (673)_hotspot,0.020465195142869624
2,EZH2 (2146)_hotspot,0.001159317615027285
2,CDKN2A (1029)_hotspot,0.0019936946578434016
2,MXRA8 (54587)_damaging,0.00012326583198253447
2,MEGF6 (1953)_damaging,0.0005130455778819712
2,CHD5 (26038)_damaging,0.000996992436263028
2,RPL22 (6146)_damaging,0.00850516980502864
2,ERRFI1 (54206)_damaging,0.0
2,SLC45A1 (50651)_damaging,0.0022168588548474094
2,RERE (473)_damaging,0.0004094843062217989
2,EXOSC10 (5394)_damaging,0.00046567000485231414
2,VPS13D (55187)_damaging,0.0007249740890484759
2,FHAD1 (114827)_damaging,0.00011988031425036203
2,SPEN (23013)_damaging,0.0007882274478072323
2,EPHA2 (1969)_damaging,0.00020696291780523696
2,UBR4 (23352)_damaging,0.00023352295750604616
2,HSPG2 (3339)_damaging,0.0003901263902509616
2,LUZP1 (7798)_damaging,7.7753117988865e-05
2,ID3 (3399)_damaging,0.013489485215410674
2,ELOA (6924)_damaging,0.0010072023600608043
2,ARID1A (8289)_damaging,0.0016989498270978602
2,WDTC1 (23038)_damaging,0.0013565631959626026
2,AHDC1 (27245)_damaging,0.00025249061047455526
2,PTPRU (10076)_damaging,0.00020341755294341142
2,COL16A1 (1307)_damaging,0.0
2,CSMD2 (114784)_damaging,0.0004461782950067326
2,ZMYM1 (79830)_damaging,2.1242818704774118e-05
2,ZMYM4 (9202)_damaging,9.77721611290833e-05
2,CLSPN (63967)_damaging,3.523436147062022e-05
2,AGO1 (26523)_damaging,0.00020354206047581714
2,MAP7D1 (55700)_damaging,7.043780168757292e-05
2,MACF1 (23499)_damaging,0.00047617115280614833
2,RLF (6018)_damaging,0.00019005623812401242
2,TIE1 (7075)_damaging,0.0001142886062462937
2,MPL (4352)_damaging,0.0006309493544952057
2,SZT2 (23334)_damaging,0.0005889164570592334
2,PTCH2 (8643)_damaging,0.0002369265330556659
2,MUTYH (4595)_damaging,0.0001234987879928866
2,MAST2 (23139)_damaging,0.0012534010481017703
2,PIK3R3 (8503)_damaging,0.0004624884621386257
2,FAAH (2166)_damaging,0.0002338931685676858
2,TAL1 (6886)_damaging,0.0007546475242474497
2,TUT4 (23318)_damaging,0.0002533834820775363
2,FYB2 (199920)_damaging,0.00019734381456254586
2,NFIA (4774)_damaging,0.00020189067080549143
2,DOCK7 (85440)_damaging,0.0005706161466699042
2,EFCAB7 (84455)_damaging,0.00023525897606278422
2,JAK1 (3716)_damaging,0.0008127538878591381
2,LEPR (3953)_damaging,0.0006861204516233013
2,LRRC7 (57554)_damaging,0.0002571923696062705
2,ERICH3 (127254)_damaging,0.0006539853777515654
2,SLC44A5 (204962)_damaging,2.550869451618303e-05
2,ADGRL4 (64123)_damaging,0.00029774395448462404
2,ADGRL2 (23266)_damaging,0.0022715748806723004
2,COL24A1 (255631)_damaging,0.00014823621706266488
2,HFM1 (164045)_damaging,2.3866705831566058e-05
2,BTBD8 (284697)_damaging,0.0004313676120412202
2,CDC14A (8556)_damaging,0.0007676071789513071
2,COL11A1 (1301)_damaging,0.00030616099815000366
2,EPS8L3 (79574)_damaging,3.4531535665955256e-05
2,MAGI3 (260425)_damaging,0.00021536009199685577
2,DENND2C (163259)_damaging,0.0002479852165253318
2,SYCP1 (6847)_damaging,0.0005683614110841824
2,CD58 (965)_damaging,0.0003096411817540374
2,SPAG17 (200162)_damaging,0.00029509755376936887
2,BCL9 (607)_damaging,0.00022741672038774317
2,ZNF687 (57592)_damaging,0.0004774170324969141
2,FLG (2312)_damaging,0.0007141499329976778
2,CCDST (112268240)_damaging,0.0005366083532301083
2,FLG2 (388698)_damaging,0.000147259682231349
2,DENND4B (9909)_damaging,8.563830191193309e-05
2,UBAP2L (9898)_damaging,0.00020552296924401182
2,SHC1 (6464)_damaging,0.0001406877732861195
2,ASH1L (55870)_damaging,0.0015552462810735895
2,GON4L (54856)_damaging,0.00027721405814723656
2,IQGAP3 (128239)_damaging,0.00044074928699875423
2,NES (10763)_damaging,2.8857206898957743e-05
2,INSRR (3645)_damaging,0.00046289974088215404
2,FCRL5 (83416)_damaging,0.00019140469257862135
2,SPTA1 (6708)_damaging,0.0006990556687939563
2,PYHIN1 (149628)_damaging,9.647972730199064e-05
2,IGSF9 (57549)_damaging,0.00016115339582258427
2,GPR161 (23432)_damaging,0.0004150944065738196
2,F5 (2153)_damaging,6.449998817267263e-05
2,TNR (7143)_damaging,0.0003108631729373503
2,PAPPA2 (60676)_damaging,0.0007774540189934425
2,RASAL2 (9462)_damaging,0.000178119976795999
2,ABL2 (27)_damaging,0.00044985101821857587
2,AXDND1 (126859)_damaging,0.001768329219447506
2,TDRD5 (163589)_damaging,0.00014487498291234277
2,CEP350 (9857)_damaging,0.00021537081452683817
2,CACNA1E (777)_damaging,0.0006257320028767655
2,RGL1 (23179)_damaging,0.0004254460445581888
2,HMCN1 (83872)_damaging,0.001483702498583627
2,TPR (7175)_damaging,0.0001267200145621205
2,BRINP3 (339479)_damaging,0.00036599929568067405
2,KCNT2 (343450)_damaging,0.00016244324776462125
2,ASPM (259266)_damaging,0.0004554926845811926
2,PTPRC (5788)_damaging,5.4343158292211564e-05
2,CAMSAP2 (23271)_damaging,0.00027645309385598236
2,CACNA1S (779)_damaging,0.001423954001922821
2,IGFN1 (91156)_damaging,0.001675347851037818
2,NAV1 (89796)_damaging,3.4834604127697824e-05
2,ELF3 (1999)_damaging,0.0002855718893205348
2,ATP2B4 (493)_damaging,0.00017741004128383832
2,PLEKHA6 (22874)_damaging,0.00023031475854061285
2,PIK3C2B (5287)_damaging,0.0017152289485124728
2,NFASC (23114)_damaging,0.00010182006660631473
2,CR2 (1380)_damaging,0.0016622524210286448
2,CR1 (1378)_damaging,0.00042367614310409113
2,PLXNA2 (5362)_damaging,0.00010569807229325908
2,PROX1 (5629)_damaging,0.00047859738885904635
2,PTPN14 (5784)_damaging,0.00019451758821231453
2,CENPF (1063)_damaging,0.0002937392499502728
2,USH2A (7399)_damaging,0.0005191944715885454
2,EPRS1 (2058)_damaging,0.00019044042637139018
2,DNAH14 (127602)_damaging,0.0003927559853159721
2,CDC42BPA (8476)_damaging,0.0009831320639987417
2,OBSCN (84033)_damaging,0.00047707985261127785
2,H3-4 (8290)_damaging,0.0001421230605205811
2,SIPA1L2 (57568)_damaging,0.0005364212866292963
2,PCNX2 (80003)_damaging,0.0002930833648840434
2,MAP3K21 (84451)_damaging,0.00013437600849991119
2,ARID4B (51742)_damaging,0.00015261298784169947
2,LYST (1130)_damaging,0.00041349475049023206
2,RYR2 (6262)_damaging,0.003399040505539812
2,CHRM3 (1131)_damaging,0.00017031892890746552
2,FMN2 (56776)_damaging,0.0002379590702372132
2,RGS7 (6000)_damaging,6.308876688644316e-05
2,KIF26B (55083)_damaging,0.00026705700369490735
2,NLRP3 (114548)_damaging,0.000764284096209765
2,LARP4B (23185)_damaging,0.0012155638156558083
2,PITRM1 (10531)_damaging,0.0018369656431488214
2,ITGA8 (8516)_damaging,3.6212392271598354e-05
2,CUBN (8029)_damaging,0.0007649899096097394
2,MRC1 (4360)_damaging,0.0004658252808404606
2,MALRD1 (340895)_damaging,0.00048127122944624696
2,PLXDC2 (84898)_damaging,0.0002302733343116326
2,SPAG6 (9576)_damaging,0.00037082693521704626
2,ARMC3 (219681)_damaging,0.0005214475220547948
2,KIAA1217 (56243)_damaging,0.00119528009595124
2,GPR158 (57512)_damaging,0.00016795436890077706
2,MYO3A (53904)_damaging,0.00021412088868219767
2,ANKRD26 (22852)_damaging,0.0007266877833689145
2,ODAD2 (55130)_damaging,0.0001414669416876565
2,SVIL (6840)_damaging,0.0007338752841035939
2,JCAD (57608)_damaging,0.0002687725579940954
2,KIF5B (3799)_damaging,2.9947869706225355e-05
2,CCDC7 (79741)_damaging,0.00020094932016597255
2,ANKRD30A (91074)_damaging,0.0002579975196268063
2,RSU1P2 (100133308)_damaging,9.75227110952962e-05
2,WDFY4 (57705)_damaging,0.00013263981399628353
2,PCDH15 (65217)_damaging,0.0009600102710305126
2,ANK3 (288)_damaging,0.00044057986340995044
2,ARID5B (84159)_damaging,0.0003387541166213208
2,JMJD1C (221037)_damaging,0.0003132537014648329
2,MYPN (84665)_damaging,7.603182329271004e-05
2,DNA2 (1763)_damaging,0.00024223585176957465
2,CDH23 (64072)_damaging,0.0002607308752291615
2,ZMIZ1 (57178)_damaging,0.0003143071676204967
2,NRG3 (10718)_damaging,0.001281722336476406
2,WAPL (23063)_damaging,9.408317861642478e-05
2,PTEN (5728)_damaging,0.0011448290293420516
2,STAMBPL1 (57559)_damaging,0.000692517498316278
2,SLC16A12 (387700)_damaging,0.0001630930935520191
2,KIF20B (9585)_damaging,0.0002912362567310151
2,MYOF (26509)_damaging,0.00038767294940669734
2,PLCE1 (51196)_damaging,0.0008215805535467138
2,CC2D2B (387707)_damaging,0.000226700201950797
2,ZNF518A (9849)_damaging,0.0018794200975710987
2,SLIT1 (6585)_damaging,0.00014361058024259975
2,PAX2 (5076)_damaging,7.965209282999605e-05
2,PPRC1 (23082)_damaging,0.0006112512242040153
2,NOLC1 (9221)_damaging,0.002025391630772293
2,PSD (5662)_damaging,0.0007324023564428675
2,CNNM2 (54805)_damaging,7.624196891302814e-05
2,PDCD11 (22984)_damaging,0.0004722231494953636
2,SLK (9748)_damaging,0.00038261300536445564
2,COL17A1 (1308)_damaging,0.00010009384022775992
2,SORCS3 (22986)_damaging,7.931391005572727e-06
2,SORCS1 (114815)_damaging,0.00038002784167479194
2,SMC3 (9126)_damaging,0.00039663065631843686
2,TCF7L2 (6934)_damaging,0.0002243639161014836
2,ATRNL1 (26033)_damaging,0.00031222778837301665
2,PDZD8 (118987)_damaging,0.000223461999296027
2,TACC2 (10579)_damaging,0.0005032155464485676
2,DMBT1 (1755)_damaging,5.287638065313076e-05
2,DOCK1 (1793)_damaging,0.0001586711560458928
2,MKI67 (4288)_damaging,0.00021901900817845372
2,JAKMIP3 (282973)_damaging,0.0011516120671596563
2,CFAP46 (54777)_damaging,0.00032688587328012515
2,TUBGCP2 (10844)_damaging,0.0001969688782198506
2,B4GALNT4 (338707)_damaging,0.0001426653043733012
2,PKP3 (11187)_damaging,0.00014086883771658823
2,PHRF1 (57661)_damaging,0.00021516656242278882
2,MUC6 (4588)_damaging,0.00024690751253937985
2,MUC5AC (4586)_damaging,0.0008017121565233023
2,MUC5B (727897)_damaging,0.0005224840586657573
2,BRSK2 (9024)_damaging,0.0003435566275650599
2,NUP98 (4928)_damaging,0.0002419731812602968
2,OR51E2 (81285)_damaging,0.000753869424764012
2,DCHS1 (8642)_damaging,0.000249618560198491
2,IPO7 (10527)_damaging,2.621229311765612e-05
2,PLEKHA7 (144100)_damaging,0.0004747822346746854
2,PIK3C2A (5286)_damaging,7.113534634836243e-05
2,ABCC8 (6833)_damaging,0.00036949601603518243
2,OTOG (340990)_damaging,0.0001822469205281859
2,NAV2 (89797)_damaging,0.0005709464824121687
2,ANO5 (203859)_damaging,0.00023928556542697027
2,DCDC1 (341019)_damaging,0.0006313550420032469
2,PAX6 (5080)_damaging,4.158348507549486e-05
2,CCDC73 (493860)_damaging,0.0006509609596409613
2,QSER1 (79832)_damaging,0.00043262384795333806
2,CSTF3 (1479)_damaging,0.00022208161999073158
2,HIPK3 (10114)_damaging,0.0003852269341464273
2,KIAA1549L (25758)_damaging,0.00021024742069096912
2,PHF21A (51317)_damaging,7.740332659859999e-05
2,LRP4 (4038)_damaging,0.0004372582848200129
2,FOLH1 (2346)_damaging,0.000338699373134087
2,OR4A15 (81328)_damaging,0.00036284759542946346
2,OR4P4 (81300)_damaging,0.0001987578584344191
2,CTNND1 (1500)_damaging,0.00013840588513518902
2,AHNAK (79026)_damaging,0.00014427313072568355
2,SLC3A2 (6520)_damaging,0.00046326181285422
2,NRXN2 (9379)_damaging,6.684325529277879e-05
2,PCNX3 (399909)_damaging,0.000677740738589138
2,RIN1 (9610)_damaging,0.00021175944325910924
2,SHANK2 (22941)_damaging,0.00010174677652994057
2,INPPL1 (3636)_damaging,0.0004785171694369547
2,ARHGEF17 (9828)_damaging,2.233128958523744e-06
2,C2CD3 (26005)_damaging,0.00022677420362665382
2,MYO7A (4647)_damaging,0.00013333564850620384
2,TENM4 (26011)_damaging,0.001350118720718261
2,PCF11 (51585)_damaging,0.00032187911262137486
2,DLG2 (1740)_damaging,0.00017468134992744272
2,SYTL2 (54843)_damaging,0.00032045272139530616
2,FAT3 (120114)_damaging,0.0005482424059496502
2,DEUP1 (159989)_damaging,0.00010577639770144404
2,MRE11 (4361)_damaging,6.369344725637503e-05
2,CNTN5 (53942)_damaging,0.00022013555769753807
2,CEP126 (57562)_damaging,0.000907113304354026
2,MMP3 (4314)_damaging,0.00045331534234401374
2,MMP12 (4321)_damaging,0.00033450806166858166
2,DYNC2H1 (79659)_damaging,0.0005820576866692135
2,NPAT (4863)_damaging,0.000997132693194873
2,ATM (472)_damaging,0.0005543599304405995
2,EXPH5 (23086)_damaging,5.471357104360816e-05
2,NKAPD1 (55216)_damaging,0.00019120366115896526
2,NCAM1 (4684)_damaging,0.00019353953304672127
2,USP28 (57646)_damaging,0.00028166257218076426
2,DSCAML1 (57453)_damaging,0.00026732060936482464
2,KMT2A (4297)_damaging,0.0007507398342469108
2,PHLDB1 (23187)_damaging,0.00022591449827632688
2,BCL9L (283149)_damaging,0.00032291449832182574
2,MFRP (83552)_damaging,6.870755730101352e-05
2,ARHGEF12 (23365)_damaging,7.650523440731725e-05
2,TECTA (7007)_damaging,0.00013792035917494037
2,SORL1 (6653)_damaging,0.0004509260569640526
2,JHY (79864)_damaging,0.0001839525981408305
2,ROBO3 (64221)_damaging,0.00011630078650827505
2,ROBO4 (54538)_damaging,0.0002509122621933763
2,CCDC15 (80071)_damaging,0.001061931358939987
2,CDON (50937)_damaging,0.00021606996957785742
2,NFRKB (4798)_damaging,0.00014657794329141834
2,IGSF9B (22997)_damaging,0.0006575605828880747
2,GLB1L2 (89944)_damaging,0.00031450965304236365
2,LINC02714 (729305)_damaging,0.00019044296223355562
2,KDM5A (5927)_damaging,0.0010394253482646206
2,WNK1 (65125)_damaging,0.00027938974618116916
2,CACNA1C (775)_damaging,0.0011475130572352757
2,VWF (7450)_damaging,0.00021236936097313104
2,CHD4 (1108)_damaging,0.0002311924049942088
2,ATN1 (1822)_damaging,7.331623132101891e-05
2,A2ML1 (144568)_damaging,4.7777568265497416e-05
2,A2M (2)_damaging,0.00036129933369122833
2,ATF7IP (55729)_damaging,0.0007107100353944809
2,GUCY2C (2984)_damaging,0.00021728709057190136
2,EPS8 (2059)_damaging,0.0006946038218155371
2,PIK3C2G (5288)_damaging,6.399126604232443e-05
2,PLEKHA5 (54477)_damaging,0.00026084757175109843
2,RECQL (5965)_damaging,0.0006364308519311322
2,ABCC9 (10060)_damaging,0.0035944714884792606
2,C2CD5 (9847)_damaging,0.00017642722749264866
2,ITPR2 (3709)_damaging,0.0009192392777032225
2,OVCH1 (341350)_damaging,6.420426257969893e-05
2,RESF1 (55196)_damaging,9.03968761662724e-05
2,KIF21A (55605)_damaging,0.00027424154970468763
2,LRRK2 (120892)_damaging,0.0019045752936141444
2,MUC19 (283463)_damaging,0.0021894568134320463
2,CNTN1 (1272)_damaging,0.0002808051838218522
2,PDZRN4 (29951)_damaging,0.00021822129505556103
2,ADAMTS20 (80070)_damaging,0.0004438273712869712
2,ARID2 (196528)_damaging,0.0006886840996838021
2,HDAC7 (51564)_damaging,0.0008293293133882577
2,COL2A1 (1280)_damaging,0.0010013188186559084
2,WNT1 (7471)_damaging,0.0002506263532386223
2,KMT2D (8085)_damaging,0.006125226644235506
2,NCKAP5L (57701)_damaging,0.0004280023220445208
2,DIP2B (57609)_damaging,8.003227875812107e-05
2,MAP3K12 (7786)_damaging,7.315064965884013e-05
2,STAT2 (6773)_damaging,0.00016645689233435733
2,NACA (4666)_damaging,0.00012966358410415577
2,MYO1A (4640)_damaging,0.00023939560783071457
2,STAT6 (6778)_damaging,7.1809236230703e-05
2,LRP1 (4035)_damaging,0.00013332476676860685
2,GLI1 (2735)_damaging,3.3595079051422776e-05
2,MBD6 (114785)_damaging,0.0014984011528742969
2,XPOT (11260)_damaging,0.00015082781374015542
2,MYRFL (196446)_damaging,0.00014612564417982343
2,ZFC3H1 (196441)_damaging,5.290604829666926e-05
2,E2F7 (144455)_damaging,9.354798206558409e-05
2,NAV3 (89795)_damaging,0.0005207388263848535
2,OTOGL (283310)_damaging,0.00015544158563812621
2,PTPRQ (374462)_damaging,0.00013897767016868612
2,PPFIA2 (8499)_damaging,0.0006781328299523607
2,LRRIQ1 (84125)_damaging,0.00015276958693464816
2,CEP290 (80184)_damaging,0.0003671520979776605
2,PLXNC1 (10154)_damaging,0.0004607119787513828
2,CFAP54 (144535)_damaging,0.0003085142105542817
2,BLTP3B (23074)_damaging,0.0
2,UTP20 (27340)_damaging,0.0005689176814221233
2,STAB2 (55576)_damaging,0.0036310851152414796
2,HCFC2 (29915)_damaging,0.00025156612193532777
2,ACACB (32)_damaging,0.00013820984841177218
2,MVK (4598)_damaging,0.0004055194254053166
2,CUX2 (23316)_damaging,0.0012675948453633357
2,NAA25 (80018)_damaging,6.921126675684259e-05
2,HECTD4 (283450)_damaging,1.0620888019817914e-05
2,DTX1 (1840)_damaging,5.5966300480183405e-05
2,NOS1 (4842)_damaging,0.00021001241456182937
2,CIT (11113)_damaging,0.0013485709135112164
2,GCN1 (10985)_damaging,0.0003497406616378064
2,HNF1A (6927)_damaging,0.00027477559666797447
2,KDM2B (84678)_damaging,7.046942608758761e-05
2,SETD1B (23067)_damaging,0.0013720672908604313
2,KNTC1 (9735)_damaging,0.0001204816615703756
2,HIP1R (9026)_damaging,7.470355119968417e-05
2,SBNO1 (55206)_damaging,0.0001873092875136149
2,DNAH10 (196385)_damaging,0.0004527636081448786
2,NCOR2 (9612)_damaging,0.0004967788061763751
2,TMEM132D (121256)_damaging,0.00014657854264538025
2,PIWIL1 (9271)_damaging,0.0003058737089914912
2,RIMBP2 (23504)_damaging,0.000148687685034383
2,SFSWAP (6433)_damaging,0.0002369123196550995
2,EP400 (57634)_damaging,0.00010182838385621381
2,POLE (5426)_damaging,0.0005578063890828397
2,XPO4 (64328)_damaging,0.0002228043535428286
2,SACS (26278)_damaging,0.0006289651948062645
2,CENPJ (55835)_damaging,0.0
2,ATP8A2 (51761)_damaging,0.0008995282120794291
2,FRY (10129)_damaging,0.0003305567491802479
2,BRCA2 (675)_damaging,0.0003525322090204801
2,PDS5B (23047)_damaging,0.00869286776512845
2,NBEA (26960)_damaging,0.0003720015981514344
2,FREM2 (341640)_damaging,0.0009588424802862184
2,FOXO1 (2308)_damaging,0.003028183147025121
2,DGKH (160851)_damaging,0.000210912957800344
2,ZC3H13 (23091)_damaging,0.00010725192738990826
2,RB1 (5925)_damaging,0.010356445692721173
2,RCBTB2 (1102)_damaging,0.00021087062016521618
2,PCDH17 (27253)_damaging,0.00046396109574493345
2,KLHL1 (57626)_damaging,0.0002005849054858926
2,DACH1 (1602)_damaging,3.621091873673584e-05
2,DIS3 (22894)_damaging,3.690829744608001e-05
2,MYCBP2 (23077)_damaging,0.0006085840032684521
2,SLITRK5 (26050)_damaging,0.00021559318297982615
2,NALCN (259232)_damaging,0.00012332348156340664
2,CCDC168 (643677)_damaging,0.0001553782051990694
2,MYO16 (23026)_damaging,0.00015169190996764553
2,IRS2 (8660)_damaging,0.00019221334565278737
2,COL4A1 (1282)_damaging,9.203606726840998e-05
2,COL4A2 (1284)_damaging,0.000134562533884943
2,TEP1 (7011)_damaging,0.00020936021361325752
2,ARHGEF40 (55701)_damaging,0.00030044172673511304
2,RPGRIP1 (57096)_damaging,0.0004338076462640388
2,CHD8 (57680)_damaging,0.00035474476105693784
2,AJUBA (84962)_damaging,0.0005606059220243912
2,ACIN1 (22985)_damaging,0.00030809322467784583
2,MYH7 (4625)_damaging,0.0003990766034927881
2,CARMIL3 (90668)_damaging,0.00048563855957069587
2,RNF31 (55072)_damaging,0.0002087553281269585
2,NYNRIN (57523)_damaging,0.0009348448436099235
2,HECTD1 (25831)_damaging,3.813073900893752e-07
2,AKAP6 (9472)_damaging,0.0003098925886429917
2,NPAS3 (64067)_damaging,0.0001535465852637317
2,RALGAPA1 (253959)_damaging,0.00022601196439510623
2,TTC6 (319089)_damaging,0.00043950742232879965
2,MIA2 (4253)_damaging,0.000940199196303068
2,TOGARAM1 (23116)_damaging,7.227944576564794e-05
2,FANCM (57697)_damaging,0.00013617841091352414
2,MDGA2 (161357)_damaging,0.00023263273105639403
2,NIN (51199)_damaging,0.00020115617252804607
2,NID2 (22795)_damaging,4.0746128743936016e-05
2,KTN1 (3895)_damaging,0.00013381457873733798
2,ARID4A (5926)_damaging,0.0010797461531233386
2,HIF1A (3091)_damaging,0.00028507271645164913
2,KCNH5 (27133)_damaging,0.00019988429005183257
2,SYNE2 (23224)_damaging,0.0004126848823182978
2,PCNX1 (22990)_damaging,0.00010210636696411701
2,MIDEAS (91748)_damaging,2.3764919576241137e-07
2,YLPM1 (56252)_damaging,9.21585106851886e-05
2,MLH3 (27030)_damaging,0.0002382928317764928
2,NRXN3 (9369)_damaging,0.0008858030166512907
2,CEP128 (145508)_damaging,0.000747071567719683
2,GALC (2581)_damaging,0.000512400661048015
2,PTPN21 (11099)_damaging,4.0657557306927204e-05
2,EML5 (161436)_damaging,0.0002797931461124451
2,FOXN3 (1112)_damaging,0.00016975091792783152
2,TRIP11 (9321)_damaging,0.000506895018553572
2,UNC79 (57578)_damaging,0.0007136666094786172
2,ATG2B (55102)_damaging,0.0003312774976639052
2,RTL1 (388015)_damaging,5.525849819523067e-05
2,DYNC1H1 (1778)_damaging,0.0002693679629559782
2,KIF26A (26153)_damaging,0.0006967626742281135
2,INF2 (64423)_damaging,0.0002040561328317907
2,CEP170B (283638)_damaging,0.0006043186830027797
2,AHNAK2 (113146)_damaging,0.0003995943988009118
2,MTA1 (9112)_damaging,0.00019018937396964814
2,HERC2 (8924)_damaging,0.0007688963464400141
2,TRPM1 (4308)_damaging,0.00013270521166982115
2,FMN1 (342184)_damaging,0.00029813689106097675
2,RYR3 (6263)_damaging,0.002876741286684891
2,CCDC9B (388115)_damaging,0.00033645929644075324
2,KNL1 (57082)_damaging,0.00024101938142564986
2,LTK (4058)_damaging,0.0004633747966300712
2,TYRO3 (7301)_damaging,0.0008168720753318235
2,MGA (23269)_damaging,0.0008067988367858364
2,SPTBN5 (51332)_damaging,0.00036453202609644677
2,ZNF106 (64397)_damaging,0.0006279723956915636
2,STARD9 (57519)_damaging,0.0001695346803656612
2,UBR1 (197131)_damaging,6.733821736389148e-05
2,TP53BP1 (7158)_damaging,0.0005736179306444938
2,MAP1A (4130)_damaging,0.00020478477930220535
2,SPG11 (80208)_damaging,0.0008161608961887954
2,B2M (567)_damaging,0.0004804477495804149
2,FBN1 (2200)_damaging,0.00023426681093833816
2,USP8 (9101)_damaging,3.741152256175601e-05
2,AP4E1 (23431)_damaging,4.093323218926017e-05
2,DMXL2 (23312)_damaging,0.0008080413861539166
2,MYO5C (55930)_damaging,0.0002850538044461115
2,WDR72 (256764)_damaging,0.0006957180596545481
2,UNC13C (440279)_damaging,8.377671784694174e-05
2,RFX7 (64864)_damaging,0.001296783212784086
2,ICE2 (79664)_damaging,0.0003685609928437339
2,VPS13C (54832)_damaging,0.0007213353830383066
2,TLN2 (83660)_damaging,8.416793407278704e-05
2,HERC1 (8925)_damaging,0.0001424576404198316
2,ZNF609 (23060)_damaging,0.0006008870759271631
2,NOX5 (79400)_damaging,0.0003900213855365528
2,MYO9A (4649)_damaging,0.0004961122065374103
2,HCN4 (10021)_damaging,4.693903356212165e-05
2,SIN3A (25942)_damaging,0.004087828671585585
2,PEAK1 (79834)_damaging,0.00017016271749707612
2,AP3B2 (8120)_damaging,0.0006100640331691012
2,ADAMTSL3 (57188)_damaging,0.00023517300547749628
2,AKAP13 (11214)_damaging,0.0007200902304077236
2,AGBL1 (123624)_damaging,0.00040758559104619405
2,NTRK3 (4916)_damaging,0.00012450726555710765
2,TICRR (90381)_damaging,0.000414232460236288
2,KIF7 (374654)_damaging,0.0022957491832052905
2,IQGAP1 (8826)_damaging,0.0003588832298792037
2,BLM (641)_damaging,0.0016746476765216304
2,FES (2242)_damaging,0.0003600151108617203
2,CHD2 (1106)_damaging,0.0005255654981068725
2,LRRK1 (79705)_damaging,0.0005002303143296054
2,AXIN1 (8312)_damaging,0.000320128932230744
2,CACNA1H (8912)_damaging,0.0001245844565308781
2,UNKL (64718)_damaging,0.00023318653691029587
2,CRAMP1 (57585)_damaging,0.0003148626598188745
2,TSC2 (7249)_damaging,0.0008085347439879398
2,PKD1 (5310)_damaging,0.0003458318000403984
2,CASKIN1 (57524)_damaging,3.335951649060744e-05
2,SLX4 (84464)_damaging,0.00019996102641204282
2,CREBBP (1387)_damaging,0.006249406502159412
2,CORO7 (79585)_damaging,0.00012049859313048824
2,USP7 (7874)_damaging,0.00045332808483649874
2,GRIN2A (2903)_damaging,0.0006226182598672016
2,KNOP1 (400506)_damaging,0.0020850650208475816
2,DNAH3 (55567)_damaging,0.0007144999286381618
2,SCNN1B (6338)_damaging,0.0007580809450655368
2,PALB2 (79728)_damaging,0.0001401106369678658
2,ERN2 (10595)_damaging,0.0004576353749720258
2,RBBP6 (5930)_damaging,0.00020393430051190146
2,TNRC6A (27327)_damaging,0.00038200653274765545
2,ARHGAP17 (55114)_damaging,0.0002753787218967433
2,GTF3C1 (2975)_damaging,0.0004198794134302145
2,ATXN2L (11273)_damaging,0.0007631239389967027
2,FBRS (64319)_damaging,0.0002566751319606608
2,SRCAP (10847)_damaging,0.00012332355733836093
2,SETD1A (9739)_damaging,3.272717460433045e-05
2,ITGAD (3681)_damaging,0.00020212421865895277
2,SALL1 (6299)_damaging,0.00017201748435280984
2,CHD9 (80205)_damaging,0.000271828914141205
2,RBL2 (5934)_damaging,0.00015937872325426256
2,NLRC5 (84166)_damaging,0.00154955276665935
2,CNGB1 (1258)_damaging,1.5579379736041631e-06
2,CNOT1 (23019)_damaging,4.948208463910543e-05
2,CDH8 (1006)_damaging,0.0002654832927036589
2,CTCF (10664)_damaging,0.004198380901018651
2,CDH1 (999)_damaging,9.285817998745132e-05
2,MTSS2 (92154)_damaging,0.000152742321979489
2,DHX38 (9785)_damaging,0.00011145664626031787
2,ZFHX3 (463)_damaging,0.00035726184947088615
2,GLG1 (2734)_damaging,0.0004168011424536497
2,CNTNAP4 (85445)_damaging,0.0002967529654782393
2,PKD1L2 (114780)_damaging,0.0001278124229301516
2,TAF1C (9013)_damaging,7.967454798460741e-05
2,IRF8 (3394)_damaging,0.0012611986447743921
2,ZNF469 (84627)_damaging,0.0003298592415344576
2,ZC3H18 (124245)_damaging,0.0001366013352828685
2,LINC02138 (400558)_damaging,0.0003191707746278636
2,CDH15 (1013)_damaging,0.0005512699173078815
2,ANKRD11 (29123)_damaging,0.00020383710402112687
2,VPS9D1 (9605)_damaging,8.008300815036477e-05
2,FANCA (2175)_damaging,0.0002270234896434609
2,WDR81 (124997)_damaging,0.00012581047751646153
2,SPATA22 (84690)_damaging,0.0005975350165184567
2,ZZEF1 (23140)_damaging,0.00013328366829536993
2,USP6 (9098)_damaging,0.0002744040369642561
2,GPS2 (2874)_damaging,0.00021747202959624954
2,FXR2 (9513)_damaging,0.002312840900020259
2,TP53 (7157)_damaging,0.09469116046066833
2,DNAH2 (146754)_damaging,3.4601438741374736e-05
2,KDM6B (23135)_damaging,0.0007857982250664382
2,CHD3 (1107)_damaging,9.57336391943368e-06
2,PER1 (5187)_damaging,0.00018925725501495432
2,CTC1 (80169)_damaging,0.00021826977102090375
2,PFAS (5198)_damaging,0.0002530556098587012
2,MYH13 (8735)_damaging,0.0005231223563464407
2,MYH8 (4626)_damaging,0.0005240088258436663
2,MYH4 (4622)_damaging,0.0001544863676387084
2,MYH1 (4619)_damaging,0.00133054726792999
2,MYH2 (4620)_damaging,0.000338205175331632
2,DNAH9 (1770)_damaging,0.0033136629119757395
2,MAP2K4 (6416)_damaging,4.364605640203611e-05
2,MYOCD (93649)_damaging,0.0002159217018998329
2,NCOR1 (9611)_damaging,0.00013340402425237127
2,MPRIP (23164)_damaging,0.0003128163332011822
2,MYO15A (51168)_damaging,0.0004176232195121818
2,TOP3A (7156)_damaging,0.0014081486104344113
2,KSR1 (8844)_damaging,0.000276374421822153
2,MYO18A (399687)_damaging,0.0005962106034546437
2,EFCAB5 (374786)_damaging,0.0002522506547473751
2,ATAD5 (79915)_damaging,0.0003085203572629275
2,NF1 (4763)_damaging,0.0021134111636316034
2,SLFN11 (91607)_damaging,0.0005178453701164416
2,ACACA (31)_damaging,0.0002470337816575737
2,GPR179 (440435)_damaging,0.0007987453709498175
2,SRCIN1 (80725)_damaging,0.00047110921630108104
2,TOP2A (7153)_damaging,0.0008168992721989474
2,KCNH4 (23415)_damaging,0.000645712063957554
2,STAT5B (6777)_damaging,0.0007468974406298061
2,BRCA1 (672)_damaging,0.00020752452166827588
2,HDAC5 (10014)_damaging,0.00030951904314612964
2,GPATCH8 (23131)_damaging,0.0025736306443597734
2,PLEKHM1 (9842)_damaging,0.0007524996412302142
2,KANSL1 (284058)_damaging,0.0001761442545238542
2,HOXB3 (3213)_damaging,0.00012933220800251751
2,TTLL6 (284076)_damaging,0.00014178279972316312
2,COL1A1 (1277)_damaging,0.0004723075804783779
2,ANKFN1 (162282)_damaging,0.00027319982278200384
2,TSPOAP1 (9256)_damaging,0.0001772245693011027
2,RNF43 (54894)_damaging,0.0019127034154933125
2,PPM1D (8493)_damaging,0.00023064515350587787
2,TBX4 (9496)_damaging,0.00044885122678125263
2,BRIP1 (83990)_damaging,3.10058947224373e-05
2,MED13 (9969)_damaging,0.00021416384096735244
2,MRC2 (9902)_damaging,0.0005108329319984964
2,SCN4A (6329)_damaging,0.00033665330894757495
2,GNA13 (10672)_damaging,0.00856397034219923
2,AXIN2 (8313)_damaging,7.627365731060919e-05
2,NOL11 (25926)_damaging,0.0001922241769668785
2,BPTF (2186)_damaging,0.00023013234226832027
2,ABCA8 (10351)_damaging,8.672143791584958e-05
2,ABCA9 (10350)_damaging,0.0013456317731295401
2,ABCA6 (23460)_damaging,0.000220671738412407
2,ABCA10 (10349)_damaging,0.0004511936334885142
2,ABCA5 (23461)_damaging,0.00022963358540789897
2,SOX9 (6662)_damaging,0.00012872667025563405
2,SDK2 (54549)_damaging,8.265753346710586e-05
2,TMEM94 (9772)_damaging,0.00037467185625807874
2,CASKIN2 (57513)_damaging,9.223106130540546e-05
2,MYO15B (80022)_damaging,2.3221567619544305e-06
2,ITGB4 (3691)_damaging,0.0012469566748352448
2,SPHK1 (8877)_damaging,0.00019782692010742202
2,TNRC6C (57690)_damaging,0.00044107655482043264
2,DNAH17 (8632)_damaging,0.0006379662094362722
2,CCDC40 (55036)_damaging,0.0003460169411882844
2,RPTOR (57521)_damaging,5.309047866228922e-05
2,BAHCC1 (57597)_damaging,0.0001869621812676016
2,FASN (2194)_damaging,0.00020063729033660636
2,SMCHD1 (23347)_damaging,0.00029246696054396605
2,EPB41L3 (23136)_damaging,0.0003569052651715309
2,LAMA1 (284217)_damaging,0.00010320666197450114
2,MTCL1 (23255)_damaging,0.0006797465132105772
2,ANKRD12 (23253)_damaging,0.0008323974303463082
2,PIEZO2 (63895)_damaging,0.0006469736788081612
2,ANKRD30B (374860)_damaging,0.0002902374701641117
2,ROCK1 (6093)_damaging,0.000241174505293655
2,LAMA3 (3909)_damaging,0.000546898076245176
2,OSBPL1A (114876)_damaging,0.0007319153797239817
2,ZNF521 (25925)_damaging,0.00017252856231146567
2,TRAPPC8 (22878)_damaging,6.389989310008961e-18
2,CCDC178 (374864)_damaging,0.0003949158640023349
2,ASXL3 (80816)_damaging,0.0001368569779880255
2,FHOD3 (80206)_damaging,0.0036130825607929803
2,SETBP1 (26040)_damaging,0.000723488454497567
2,EPG5 (57724)_damaging,0.0001276791222108896
2,LOXHD1 (125336)_damaging,5.50105169150838e-07
2,SKOR2 (652991)_damaging,0.0006081185650213848
2,ZBTB7C (201501)_damaging,1.8381873288863853e-05
2,MYO5B (4645)_damaging,0.00043393943718602
2,SMAD4 (4089)_damaging,0.0032545475147418854
2,DCC (1630)_damaging,0.00027670553266893015
2,WDR7 (23335)_damaging,0.0017657248330841641
2,ATP8B1 (5205)_damaging,0.00034786352896878307
2,ALPK2 (115701)_damaging,0.0005008211720109278
2,CDH7 (1005)_damaging,0.0003495452771916909
2,RTTN (25914)_damaging,0.00023077151049482038
2,CBLN2 (147381)_damaging,0.00022814081174630176
2,ZNF236 (7776)_damaging,0.0007439615104378195
2,SALL3 (27164)_damaging,0.0004512520805827668
2,ATP9B (374868)_damaging,6.797281672680616e-05
2,KCNG2 (26251)_damaging,0.0002507489497272266
2,ABCA7 (10347)_damaging,0.00012250165725900879
2,STK11 (6794)_damaging,0.0006074795154005003
2,DAZAP1 (26528)_damaging,0.0007784786584948639
2,ZBTB7A (51341)_damaging,2.3250201898658883e-05
2,TICAM1 (148022)_damaging,2.8696918655570198e-05
2,KDM4B (23030)_damaging,0.0007098888370803893
2,PTPRS (5802)_damaging,0.0009927850612710786
2,SAFB2 (9667)_damaging,0.00010359333417009654
2,SAFB (6294)_damaging,0.00012053244716088795
2,TRIP10 (9322)_damaging,0.0017019259134575086
2,CAMSAP3 (57662)_damaging,0.00021891175605289126
2,FBN3 (84467)_damaging,0.00010051691542323701
2,MUC16 (94025)_damaging,0.0015954519741290844
2,COL5A3 (50509)_damaging,0.00042993353154228037
2,KEAP1 (9817)_damaging,0.0014864942259441645
2,SMARCA4 (6597)_damaging,0.0014677577684311888
2,CACNA1A (773)_damaging,0.0009701421305909738
2,NOTCH3 (4854)_damaging,0.00018755658149271747
2,WIZ (58525)_damaging,0.0007089482762121301
2,CPAMD8 (27151)_damaging,0.0003581750208649576
2,CRLF1 (9244)_damaging,0.0005998816162960803
2,ZNF90 (7643)_damaging,0.0001932493490597508
2,ZNF729 (100287226)_damaging,0.0011528947952260443
2,ZNF91 (7644)_damaging,0.00034079449125790095
2,TSHZ3 (57616)_damaging,0.0002921315849324532
2,KMT2B (9757)_damaging,0.0012645033752177797
2,WDR87 (83889)_damaging,0.0002551038327213733
2,SIPA1L3 (23094)_damaging,0.0011397340501980737
2,RYR1 (6261)_damaging,3.1476715680348624e-05
2,FCGBP (8857)_damaging,0.0003324444979831635
2,PRX (57716)_damaging,0.002600800270441257
2,SPTBN4 (57731)_damaging,0.0003893986052446633
2,AXL (558)_damaging,0.00031530455158041
2,HNRNPUL1 (11100)_damaging,0.0007015989319132777
2,ARHGEF1 (9138)_damaging,0.00028401956366275985
2,ERF (2077)_damaging,2.9175495222969218e-05
2,CIC (23152)_damaging,0.0009187792515287967
2,MEGF8 (1954)_damaging,0.000253274824073454
2,ARHGAP35 (2909)_damaging,0.0010313544637982487
2,BICRA (29998)_damaging,0.00017722913984320203
2,LMTK3 (114783)_damaging,0.0005213466231346496
2,TRPM4 (54795)_damaging,0.0002296295147443092
2,TEAD2 (8463)_damaging,0.000573637725971134
2,PRR12 (57479)_damaging,4.61976283919787e-05
2,SCAF1 (58506)_damaging,0.0005089371928464554
2,MYH14 (79784)_damaging,9.037873306073465e-05
2,POLD1 (5424)_damaging,6.559595365347307e-05
2,SHANK1 (50944)_damaging,0.00029434217971040775
2,PPP2R1A (5518)_damaging,0.0008755165240516251
2,NLRP7 (199713)_damaging,5.43259855919757e-05
2,BRSK1 (84446)_damaging,0.0006365701564825055
2,NLRP9 (338321)_damaging,0.0005902427344272274
2,NLRP4 (147945)_damaging,0.00029739146032519516
2,NLRP8 (126205)_damaging,0.00030969296754897885
2,PEG3 (5178)_damaging,0.0005179061264458755
2,TPO (7173)_damaging,0.00010546063728960935
2,PXDN (7837)_damaging,0.00038865435244629084
2,ROCK2 (9475)_damaging,0.00014018543560120355
2,GREB1 (9687)_damaging,0.00033618373432170044
2,NBAS (51594)_damaging,0.00026658060016668446
2,RAD51AP2 (729475)_damaging,2.365351112665524e-05
2,APOB (338)_damaging,0.00023926503642609595
2,TDRD15 (100129278)_damaging,0.0005301314014168737
2,ATAD2B (54454)_damaging,0.000145348195196656
2,ITSN2 (50618)_damaging,0.00026139176296047565
2,DNMT3A (1788)_damaging,0.0005417669219484513
2,ASXL2 (55252)_damaging,0.0003549535341737479
2,OTOF (9381)_damaging,0.00022573195269130907
2,EMILIN1 (11117)_damaging,2.272523187250925e-05
2,SPATA31H1 (84226)_damaging,0.0012942609683900977
2,ALK (238)_damaging,0.00024140570204023558
2,BIRC6 (57448)_damaging,0.00021839858066335894
2,LTBP1 (4052)_damaging,5.901098851715993e-06
2,VIT (5212)_damaging,0.000641429167697168
2,ZFP36L2 (678)_damaging,0.00011403764412227344
2,THADA (63892)_damaging,0.0004916741948881918
2,MSH2 (4436)_damaging,0.0018193396694488636
2,MSH6 (2956)_damaging,0.0010311214061374785
2,NRXN1 (9378)_damaging,0.00045692240155825384
2,SPTBN1 (6711)_damaging,0.00019318943133890995
2,EML6 (400954)_damaging,0.00012898911590790218
2,CCDC88A (55704)_damaging,0.00013177857551827942
2,BCL11A (53335)_damaging,0.00040338360109918594
2,USP34 (9736)_damaging,0.00046778064418882663
2,ZNF638 (27332)_damaging,0.0006669113252132658
2,DYSF (8291)_damaging,0.0006264466666952301
2,ALMS1 (7840)_damaging,0.0003217173235218199
2,LOXL3 (84695)_damaging,0.00012666515502310653
2,CTNNA2 (1496)_damaging,0.000567188707103021
2,DNAH6 (1768)_damaging,0.0009660767578894263
2,ANKRD36C (400986)_damaging,0.00029683452015138767
2,ANKRD36 (375248)_damaging,0.0003319503561188385
2,TMEM131 (23505)_damaging,0.00014851756500326745
2,CRACDL (343990)_damaging,0.0
2,EIF5B (9669)_damaging,4.6067377672399306e-05
2,REV1 (51455)_damaging,0.00012418825322067523
2,GCC2 (9648)_damaging,0.0005271905409458753
2,DPP10 (57628)_damaging,0.0003878024912426617
2,MARCO (8685)_damaging,5.0797800613394355e-05
2,EPB41L5 (57669)_damaging,0.0003403427293411778
2,CLASP1 (23332)_damaging,1.5103735256185237e-05
2,CNTNAP5 (129684)_damaging,0.0023242424632749434
2,UGGT1 (56886)_damaging,0.000580769817343979
2,AMER3 (205147)_damaging,1.8892096589482345e-05
2,NCKAP5 (344148)_damaging,0.00022260033689846086
2,THSD7B (80731)_damaging,0.0027643613788343865
2,LRP1B (53353)_damaging,0.012813371081776619
2,ZEB2 (9839)_damaging,0.00045787624647158546
2,ACVR2A (92)_damaging,0.001357477203155813
2,ORC4 (5000)_damaging,0.00024207952022069662
2,KIF5C (3800)_damaging,6.286412606897357e-05
2,RIF1 (55183)_damaging,0.0007767346578057027
2,NEB (4703)_damaging,0.00022839936342324463
2,BAZ2B (29994)_damaging,0.00024323749904527365
2,LY75 (4065)_damaging,0.00047437555542675436
2,PLA2R1 (22925)_damaging,0.0004981382430003634
2,SLC4A10 (57282)_damaging,0.0006446823793342738
2,KCNH7 (90134)_damaging,0.00029655949521233024
2,SCN3A (6328)_damaging,0.0006971872715669091
2,SCN2A (6326)_damaging,0.0014646923181195518
2,TTC21B (79809)_damaging,2.3275045844750898e-05
2,SCN1A (6323)_damaging,0.00041988977963520026
2,SCN9A (6335)_damaging,0.00013337635686878614
2,SCN7A (6332)_damaging,0.0003043031338019101
2,XIRP2 (129446)_damaging,0.0009606513878800175
2,LRP2 (4036)_damaging,0.000586014401057601
2,KLHL41 (10324)_damaging,0.0010365670643862957
2,PPIG (9360)_damaging,0.0006964725301421854
2,MYO3B (140469)_damaging,0.0005119533266360887
2,GPR155 (151556)_damaging,0.00015767247255470346
2,TTN (7273)_damaging,0.007034561178826558
2,CCDC141 (285025)_damaging,0.0001684389556929308
2,ITGA4 (3676)_damaging,0.00016170287322966233
2,FSIP2 (401024)_damaging,0.0017370104111947785
2,COL3A1 (1281)_damaging,9.953690713606081e-05
2,COL5A2 (1290)_damaging,0.00031181500117916593
2,WDR75 (84128)_damaging,0.0005864242385444167
2,ANKAR (150709)_damaging,6.88748959089387e-05
2,MYO1B (4430)_damaging,0.0002976007150527599
2,DNAH7 (56171)_damaging,0.0006418374408870334
2,HECW2 (57520)_damaging,0.0003120478008462269
2,PLCL1 (5334)_damaging,9.192882763888571e-05
2,SGO2 (151246)_damaging,0.0004073974311000777
2,AOX1 (316)_damaging,0.00026749644962546814
2,CASP8 (841)_damaging,0.0008690569667688441
2,C2CD6 (151254)_damaging,0.00012528489219258224
2,ALS2 (57679)_damaging,0.0003260877712845642
2,NOP58 (51602)_damaging,0.0005103772587474173
2,BMPR2 (659)_damaging,6.208449821070519e-05
2,NBEAL1 (65065)_damaging,0.00012121814300608476
2,INO80D (54891)_damaging,0.00043751130371273017
2,ZDBF2 (57683)_damaging,0.0004450387645909866
2,ADAM23 (8745)_damaging,9.035283860158293e-05
2,MAP2 (4133)_damaging,0.0004677483816771984
2,UNC80 (285175)_damaging,0.0009737948645675842
2,KANSL1L (151050)_damaging,2.4178039894026137e-05
2,CPS1 (1373)_damaging,0.00015808956348983282
2,ERBB4 (2066)_damaging,0.00045766693094671963
2,ABCA12 (26154)_damaging,0.0017191491062309313
2,FN1 (2335)_damaging,4.709889469923588e-05
2,CFAP65 (255101)_damaging,0.00018388588197899418
2,SPEG (10290)_damaging,0.0004916773746839744
2,OBSL1 (23363)_damaging,0.0004512374644896222
2,SLC4A3 (6508)_damaging,0.001613677458605828
2,DOCK10 (55619)_damaging,7.936106234458073e-05
2,IRS1 (3667)_damaging,0.00023613262015638497
2,COL4A4 (1286)_damaging,0.0006038425838853496
2,SPHKAP (80309)_damaging,0.00012406743656506676
2,TRIP12 (9320)_damaging,4.154632460825183e-05
2,GIGYF2 (26058)_damaging,3.8375714367091697e-05
2,MROH2A (339766)_damaging,3.368505404460352e-05
2,COL6A3 (1293)_damaging,0.0007836758762094855
2,HDAC4 (9759)_damaging,0.0002773770095080256
2,KIF1A (547)_damaging,0.00043895056722167004
2,PASK (23178)_damaging,0.0001466554970081536
2,TRIB3 (57761)_damaging,0.0002757428322889945
2,FASTKD5 (60493)_damaging,8.070859627525556e-05
2,SLC4A11 (83959)_damaging,0.00016604316037837532
2,PLCB4 (5332)_damaging,0.0006032889059407888
2,ESF1 (51575)_damaging,0.0002468422574638309
2,SEL1L2 (80343)_damaging,0.00014679325989560776
2,RRBP1 (6238)_damaging,0.0001496671506914543
2,RALGAPA2 (57186)_damaging,0.0002648369308427285
2,CD93 (22918)_damaging,0.00042034412012996615
2,ASXL1 (171023)_damaging,0.000775721164206052
2,NCOA6 (23054)_damaging,0.0005819406437204018
2,MYH7B (57644)_damaging,0.0018572758576365805
2,CEP250 (11190)_damaging,0.00016492281667356056
2,MTCL2 (140710)_damaging,0.0
2,SAMHD1 (25939)_damaging,0.0001757369030421101
2,KIAA1755 (85449)_damaging,0.0004196550387702394
2,RALGAPB (57148)_damaging,0.00011651771063376561
2,CHD6 (84181)_damaging,0.00025810298420127117
2,PTPRT (11122)_damaging,0.0021720649594897294
2,CDH22 (64405)_damaging,0.00017774811223232573
2,NCOA3 (8202)_damaging,0.000265411311005052
2,DDX27 (55661)_damaging,0.0014505799081551865
2,KCNB1 (3745)_damaging,0.0002981508075261129
2,SALL4 (57167)_damaging,0.00011009720607452013
2,ZNF831 (128611)_damaging,0.0010357346083601092
2,SYCP2 (10388)_damaging,0.0002523705597747293
2,LAMA5 (3911)_damaging,0.0001852035480656278
2,DIDO1 (11083)_damaging,0.0010213615515766632
2,COL20A1 (57642)_damaging,0.0004414778384144166
2,KCNQ2 (3785)_damaging,0.0005452084059673637
2,HELZ2 (85441)_damaging,0.00020531486444921843
2,TPTE (7179)_damaging,0.00040859767706437545
2,NRIP1 (8204)_damaging,0.001062080431086118
2,LTN1 (26046)_damaging,0.0004075573894504969
2,USP16 (10600)_damaging,0.00010208487987783993
2,SCAF4 (57466)_damaging,0.0007768192472800592
2,ITSN1 (6453)_damaging,0.0004544957150132727
2,RUNX1 (861)_damaging,8.906112782277476e-05
2,DOP1B (9980)_damaging,0.00010039802815943543
2,BRWD1 (54014)_damaging,0.000607333429426949
2,DSCAM (1826)_damaging,0.0007564682754455064
2,NDUFV3 (4731)_damaging,0.00042345915064780787
2,COL18A1 (80781)_damaging,5.194709228907085e-05
2,COL6A1 (1291)_damaging,8.171508420923896e-05
2,MCM3AP (8888)_damaging,0.00023835058107766647
2,PCNT (5116)_damaging,0.0001937876260197591
2,ZDHHC8 (29801)_damaging,0.00020880678739822834
2,LZTR1 (8216)_damaging,0.0001799194162784092
2,MYO18B (84700)_damaging,0.00027105062170184815
2,MN1 (4330)_damaging,0.0001609596930164081
2,TTC28 (23331)_damaging,0.00021966801653407826
2,CHEK2 (11200)_damaging,0.0005689614705411016
2,ZNRF3 (84133)_damaging,0.00014415033533109607
2,NF2 (4771)_damaging,0.0008241962357750627
2,MTMR3 (8897)_damaging,0.00021190542769312587
2,PRR14L (253143)_damaging,0.00030758186844807715
2,DEPDC5 (9681)_damaging,0.0001444174604812114
2,RTCB (51493)_damaging,0.00027168782557082
2,MYH9 (4627)_damaging,0.0005087551638818339
2,CSF2RB (1439)_damaging,8.606610916403485e-05
2,TRIOBP (11078)_damaging,0.00026038865509196664
2,CACNA1I (8911)_damaging,0.0009450129568984171
2,TNRC6B (23112)_damaging,0.0003182999173621853
2,EP300 (2033)_damaging,0.0006279767142435299
2,ZC3H7B (23264)_damaging,4.128643693110729e-05
2,MEI1 (150365)_damaging,0.00039719115344685285
2,TCF20 (6942)_damaging,0.00030378479044845444
2,SMC1B (27127)_damaging,0.00010118187521893912
2,PKDREJ (10343)_damaging,6.178778946108769e-05
2,CELSR1 (9620)_damaging,0.0002212979212271568
2,PLXNB2 (23654)_damaging,0.0005434711206149936
2,PPP6R2 (9701)_damaging,0.0002062839143135043
2,SBF1 (6305)_damaging,0.00040712433062663997
2,CHL1 (10752)_damaging,0.000133405180152341
2,CNTN6 (27255)_damaging,0.0003262321177830817
2,CNTN4 (152330)_damaging,0.0007107982541088604
2,GRM7 (2917)_damaging,0.00016309237790062677
2,SSUH2 (51066)_damaging,0.0005253924822880103
2,VHL (7428)_damaging,0.0003221643998595106
2,NUP210 (23225)_damaging,0.0003729771506655107
2,SGO1 (151648)_damaging,0.0002671503282962669
2,TOP2B (7155)_damaging,0.0011824426049983942
2,TGFBR2 (7048)_damaging,0.0019080023762588411
2,CLASP2 (23122)_damaging,0.0003259056819027696
2,TRANK1 (9881)_damaging,0.0005892113532598767
2,MLH1 (4292)_damaging,0.0008790769870390224
2,GOLGA4 (2803)_damaging,0.0026473478153778815
2,SCN11A (11280)_damaging,0.00012056453759053507
2,KIF15 (56992)_damaging,0.00017493653134511783
2,LARS2 (23395)_damaging,0.00030308109170938577
2,SETD2 (29072)_damaging,0.00010730694984286936
2,PTPN23 (25930)_damaging,0.001055194359999697
2,PLXNB1 (5364)_damaging,0.00027873167321057485
2,COL7A1 (1294)_damaging,0.0002959754590786866
2,CELSR3 (1951)_damaging,0.0008566458763182953
2,USP19 (10869)_damaging,4.2723287479897734e-05
2,BSN (8927)_damaging,0.0010858222526205878
2,RBM6 (10180)_damaging,0.00015001443013710686
2,DOCK3 (1795)_damaging,0.000854517754237335
2,DNAH1 (25981)_damaging,0.0004678562440600901
2,BAP1 (8314)_damaging,0.00039182399707962277
2,STAB1 (23166)_damaging,0.00020998618534409503
2,PBRM1 (55193)_damaging,9.634782749914054e-05
2,CACNA2D3 (55799)_damaging,0.00045658452393915026
2,DNAH12 (201625)_damaging,0.00044595687570163323
2,FLNB (2317)_damaging,7.88321004875896e-05
2,PTPRG (5793)_damaging,0.001258531865022543
2,ATXN7 (6314)_damaging,0.0003368898004388903
2,ROBO2 (6092)_damaging,0.0007794894334403569
2,ROBO1 (6091)_damaging,0.00032482548521723027
2,EPHA3 (2042)_damaging,0.0005185246779014647
2,CRYBG3 (131544)_damaging,0.0009875436879347521
2,FILIP1L (11259)_damaging,6.319922954043747e-05
2,ABI3BP (25890)_damaging,0.0003514718600439962
2,MYH15 (22989)_damaging,0.00030502541110013446
2,DZIP3 (9666)_damaging,0.00021473986666199586
2,MORC1 (27136)_damaging,0.0005132244280773416
2,NECTIN3 (25945)_damaging,0.00018630381638494087
2,ZBTB20 (26137)_damaging,0.00046394419719195503
2,CFAP91 (89876)_damaging,0.00023896014225142077
2,POLQ (10721)_damaging,0.0007718860733032026
2,GOLGB1 (2804)_damaging,0.0002568969227361721
2,KALRN (8997)_damaging,0.001744379731156303
2,MBD4 (8930)_damaging,0.0009806708136397455
2,COL6A5 (256076)_damaging,0.0005119043211515274
2,COL6A6 (131873)_damaging,0.0006043437474334012
2,DNAJC13 (23317)_damaging,0.00028510302954375924
2,TOPBP1 (11073)_damaging,0.0003818264044459038
2,RASA2 (5922)_damaging,0.00010002434413088965
2,XRN1 (54464)_damaging,0.0003641953062589575
2,ATR (545)_damaging,0.002734770411504856
2,MED12L (116931)_damaging,7.415091362825687e-05
2,IGSF10 (285313)_damaging,0.0003523042099735296
2,ARHGEF26 (26084)_damaging,0.00030869308881364987
2,MME (4311)_damaging,0.0009966857842597448
2,PLCH1 (23007)_damaging,0.0002694149408372446
2,SI (6476)_damaging,0.00018209811804749537
2,ZBBX (79740)_damaging,4.770943061531807e-05
2,MECOM (2122)_damaging,0.00016167213074486317
2,SPATA16 (83893)_damaging,7.272854364680681e-05
2,USP13 (8975)_damaging,5.6145820485698784e-05
2,TTC14 (151613)_damaging,0.00024838781670057087
2,ABCC5 (10057)_damaging,0.0007030778552992008
2,ATP13A5 (344905)_damaging,0.0006835683827600862
2,MUC4 (4585)_damaging,0.000942027445522385
2,TNK2 (10188)_damaging,0.00010851567319600594
2,NSD2 (7468)_damaging,0.0005238641739183724
2,FAM193A (8603)_damaging,0.002278384105073364
2,HTT (3064)_damaging,9.841244930947326e-05
2,JAKMIP1 (152789)_damaging,0.00010341314254017067
2,UNC93B7 (100887746)_damaging,0.00022224973509132976
2,BOD1L1 (259282)_damaging,0.00016260881843720634
2,CPEB2 (132864)_damaging,0.0006231899643593337
2,SLIT2 (9353)_damaging,0.00039908838631442747
2,PCDH7 (5099)_damaging,6.400759446796856e-05
2,ARAP2 (116984)_damaging,0.00038331777363309486
2,RFC1 (5981)_damaging,1.1112884369778492e-05
2,LIMCH1 (22998)_damaging,6.857801675149697e-06
2,BEND4 (389206)_damaging,0.0001478873687141814
2,CORIN (10699)_damaging,0.00019205248199716393
2,FRYL (285527)_damaging,0.0001226541413183431
2,KDR (3791)_damaging,0.002476465859125101
2,CRACD (57482)_damaging,0.0003185534050136347
2,POLR2B (5431)_damaging,0.0005279844166928663
2,ADGRL3 (23284)_damaging,0.00023983480218011405
2,EPHA5 (2044)_damaging,0.0005485852663241311
2,CENPC (1060)_damaging,0.00043439624307272827
2,UGT2B4 (7363)_damaging,0.0004102369582839903
2,ADAMTS3 (9508)_damaging,0.0005686358077780681
2,SHROOM3 (57619)_damaging,0.00028126694439857097
2,FRAS1 (80144)_damaging,0.00024818349132540085
2,WDFY3 (23001)_damaging,0.00019747124726390286
2,PTPN13 (5783)_damaging,0.0004635407375587273
2,AFF1 (4299)_damaging,3.3451313319287794e-05
2,GRID2 (2895)_damaging,0.00024251304867212384
2,SMARCAD1 (56916)_damaging,0.00025006240536912434
2,TET2 (54790)_damaging,0.0006475006400884965
2,TBCK (93627)_damaging,0.0010329242496065292
2,COL25A1 (84570)_damaging,0.00037412442033071136
2,ANK2 (287)_damaging,0.001244522827834926
2,BLTP1 (84162)_damaging,0.0011872867629303878
2,FAT4 (79633)_damaging,0.00013210720169189904
2,SCLT1 (132320)_damaging,5.6343428264052835e-05
2,PCDH10 (57575)_damaging,0.00020613469970548584
2,FBXW7 (55294)_damaging,0.0012732636685470788
2,FHDC1 (85462)_damaging,0.00047527865022356074
2,DCHS2 (54798)_damaging,0.0003247028529029584
2,MAP9 (79884)_damaging,0.0009230412310653424
2,GRIA2 (2891)_damaging,0.0009045714459730631
2,RXFP1 (59350)_damaging,0.0006364594686598591
2,RAPGEF2 (9693)_damaging,7.258596155813343e-05
2,FSTL5 (56884)_damaging,0.00011432158412739107
2,DDX60 (55601)_damaging,0.00011135954106783572
2,CLCN3 (1182)_damaging,0.00016433457207644424
2,HAND2 (9464)_damaging,0.001135673822393182
2,WDR17 (116966)_damaging,0.00026920401535531966
2,TENM3 (55714)_damaging,0.00031892433719046023
2,WWC2 (80014)_damaging,0.0006786598090363808
2,SORBS2 (8470)_damaging,3.926417932266003e-05
2,FAT1 (2195)_damaging,0.003639726036801261
2,SDHA (6389)_damaging,0.00034807727067190575
2,SLC12A7 (10723)_damaging,9.855982305857745e-05
2,TERT (7015)_damaging,0.0017568670035101352
2,ADAMTS16 (170690)_damaging,0.00024414748311646334
2,ICE1 (23379)_damaging,0.00012950488739214532
2,SEMA5A (9037)_damaging,0.00028789404042119235
2,DNAH5 (1767)_damaging,0.00094909204946353
2,TRIO (7204)_damaging,0.001657533315078981
2,MYO10 (4651)_damaging,0.0003803666597134045
2,PRDM9 (56979)_damaging,2.699336433266353e-05
2,CDH10 (1008)_damaging,0.00110308405272336
2,CDH6 (1004)_damaging,9.884227124183813e-20
2,PDZD2 (23037)_damaging,0.00023886052478434177
2,ADAMTS12 (81792)_damaging,0.0010119603172149185
2,SPEF2 (79925)_damaging,0.00046515786772120127
2,NIPBL (25836)_damaging,4.857851560481967e-05
2,CPLANE1 (65250)_damaging,0.0009039524444061889
2,EGFLAM (133584)_damaging,0.0003253902419789999
2,LIFR (3977)_damaging,0.0009255079083767555
2,C7 (730)_damaging,0.000986572122957326
2,MROH2B (133558)_damaging,0.00026249219407837676
2,C6 (729)_damaging,0.00015494101998501583
2,HCN1 (348980)_damaging,0.0008904503688832074
2,ITGA1 (3672)_damaging,0.00014766510807790565
2,DHX29 (54505)_damaging,0.000506476852049055
2,ZSWIM6 (57688)_damaging,0.00025887945957993395
2,PIK3R1 (5295)_damaging,0.0005506009761580381
2,RAD17 (5884)_damaging,0.00014014863336325872
2,BDP1 (55814)_damaging,0.00038442988830906675
2,MAP1B (4131)_damaging,0.0008716762579340308
2,ARHGEF28 (64283)_damaging,0.0009598068428959247
2,ANKRD31 (256006)_damaging,0.0008369524380557629
2,IQGAP2 (10788)_damaging,2.986432767457763e-05
2,AP3B1 (8546)_damaging,0.00038116036505897395
2,CMYA5 (202333)_damaging,0.00028029108065772226
2,MSH3 (4437)_damaging,0.004473454053660605
2,VCAN (1462)_damaging,0.0007592480435426734
2,RASA1 (5921)_damaging,0.00019270038672383071
2,ADGRV1 (84059)_damaging,0.00023177783388218077
2,KIAA0825 (285600)_damaging,0.0003478547955993237
2,SKIC3 (9652)_damaging,0.0001541338052830727
2,ARSK (153642)_damaging,0.0001446560182825526
2,PCSK1 (5122)_damaging,0.00031191417426731997
2,APC (324)_damaging,0.004013496199147655
2,CCDC112 (153733)_damaging,0.0002529358977183178
2,DMXL1 (1657)_damaging,0.0001292047420298595
2,CEP120 (153241)_damaging,0.000951882835098968
2,FBN2 (2201)_damaging,0.00024926270848545643
2,CHSY3 (337876)_damaging,0.00017257437832294878
2,FNIP1 (96459)_damaging,9.64597794390434e-05
2,RAD50 (10111)_damaging,0.0039334961947290635
2,FSTL4 (23105)_damaging,0.00024977430444072764
2,PITX1 (5307)_damaging,0.0031159674793073936
2,LINC02900 (340073)_damaging,0.00047595559141641104
2,CTNNA1 (1495)_damaging,0.0014321010429043043
2,WDR55 (54853)_damaging,0.0004729929895731819
2,PCDHB4 (56131)_damaging,4.1202132035475966e-05
2,PCDHB6 (56130)_damaging,0.00010258475412631968
2,TCERG1 (10915)_damaging,0.000539985975572531
2,FAT2 (2196)_damaging,0.00027369743857173995
2,LARP1 (23367)_damaging,0.00040014949373288523
2,GABRA6 (2559)_damaging,0.00017904373219477496
2,GABRG2 (2566)_damaging,0.0011422665659231261
2,SLIT3 (6586)_damaging,0.0001424264004100465
2,DOCK2 (1794)_damaging,0.0004625101136186531
2,NSD1 (64324)_damaging,0.00040659023737750087
2,FLT4 (2324)_damaging,0.0018653943430667907
2,DSP (1832)_damaging,0.0007820798206296332
2,HIVEP1 (3096)_damaging,0.00010068099437360106
2,PHACTR1 (221692)_damaging,0.00016124122831750627
2,JARID2 (3720)_damaging,0.0005716223462403683
2,ATXN1 (6310)_damaging,9.48508484085817e-06
2,GABBR1 (2550)_damaging,0.0012174248373850408
2,HLA-A (3105)_damaging,0.0012230706281647098
2,PPP1R10 (5514)_damaging,0.00010370606497321087
2,MDC1 (9656)_damaging,8.424439833932808e-05
2,VARS2 (57176)_damaging,0.0003416464550662161
2,MUCL3 (135656)_damaging,8.736170030019086e-05
2,HLA-C (3107)_damaging,0.00039647528139518566
2,HLA-B (3106)_damaging,0.0005689442496802789
2,PRRC2A (7916)_damaging,0.0005643478584180549
2,BAG6 (7917)_damaging,0.0010412305883289712
2,TNXB (7148)_damaging,0.0005230024369868102
2,NOTCH4 (4855)_damaging,0.0002992279078479084
2,HLA-DRB5 (3127)_damaging,0.00023013731773167593
2,COL11A2 (1302)_damaging,0.0004914049975821324
2,ITPR3 (3710)_damaging,0.00014727823243505884
2,BLTP3A (54887)_damaging,0.00020627134710239777
2,DNAH8 (1769)_damaging,0.0016390262119017347
2,CCND3 (896)_damaging,0.004570896208014797
2,UBR2 (23304)_damaging,0.00024147122582593867
2,ZNF318 (24149)_damaging,0.00016359551249893562
2,TDRD6 (221400)_damaging,3.879824597015522e-06
2,MMUT (4594)_damaging,0.0002662485731469634
2,PKHD1 (5314)_damaging,0.0008764529046002942
2,FAM83B (222584)_damaging,0.00044983851339778987
2,DST (667)_damaging,0.0002952330032284561
2,PHF3 (23469)_damaging,0.0004969938524432505
2,EYS (346007)_damaging,0.000815250126520753
2,ADGRB3 (577)_damaging,0.00015750910643402195
2,COL19A1 (1310)_damaging,0.00026405463643381836
2,COL9A1 (1297)_damaging,0.000741676888546792
2,RIMS1 (22999)_damaging,5.603457436868926e-05
2,COL12A1 (1303)_damaging,0.00028478579085315094
2,TTK (7272)_damaging,0.0004852320174126506
2,ZNF292 (23036)_damaging,0.0005246612370071166
2,MDN1 (23195)_damaging,0.0004321082116855617
2,CASP8AP2 (9994)_damaging,0.0006747659734927503
2,EPHA7 (2045)_damaging,0.0005821429858953033
2,MMS22L (253714)_damaging,0.00013379537115186673
2,PNISR (25957)_damaging,0.00031633636623690876
2,ASCC3 (10973)_damaging,0.0003553859458192768
2,AK9 (221264)_damaging,0.0006988232024310954
2,REV3L (5980)_damaging,0.0006072121709794595
2,HDAC2 (3066)_damaging,0.00039893846924722495
2,GPRC6A (222545)_damaging,0.0003650548662045356
2,ROS1 (6098)_damaging,0.0002967873611867652
2,TBC1D32 (221322)_damaging,8.723740868307171e-05
2,TRDN (10345)_damaging,0.0003099305821867184
2,MTCL3 (387104)_damaging,0.00028850157112330694
2,LAMA2 (3908)_damaging,0.00017381518202084606
2,AKAP7 (9465)_damaging,0.0001467520374056093
2,MED23 (9439)_damaging,0.00032399277415621607
2,TNFAIP3 (7128)_damaging,0.0044804883509095075
2,ARFGEF3 (57221)_damaging,0.00014427474016420882
2,NHSL1 (57224)_damaging,0.0002802766892602739
2,ECT2L (345930)_damaging,0.0004496154301723599
2,ADGRG6 (57211)_damaging,0.0005338635754272356
2,HIVEP2 (3097)_damaging,0.00039280338011788736
2,UTRN (7402)_damaging,0.0007768989477362649
2,SHPRH (257218)_damaging,0.0006392969634489076
2,GRM1 (2911)_damaging,0.00014657175882320383
2,ADGB (79747)_damaging,0.00015735992142469437
2,SYNE1 (23345)_damaging,0.0005594323241633537
2,SCAF8 (22828)_damaging,9.10196378059065e-05
2,ARID1B (57492)_damaging,0.0003726342171476568
2,FNDC1 (84624)_damaging,0.00020252650522146226
2,IGF2R (3482)_damaging,0.0001412926018744707
2,LPA (4018)_damaging,0.00037480335170282636
2,MAP3K4 (4216)_damaging,0.002616865584403159
2,QKI (9444)_damaging,0.0016320318969200408
2,AFDN (4301)_damaging,0.0004520553104876358
2,THBS2 (7058)_damaging,0.0007237890983392461
2,CARD11 (84433)_damaging,0.00026316212647635765
2,SDK1 (221935)_damaging,0.00026724734461170953
2,TNRC18 (84629)_damaging,0.000215007579763362
2,PMS2 (5395)_damaging,0.001070663819336473
2,COL28A1 (340267)_damaging,0.00022923633793041804
2,THSD7A (221981)_damaging,0.0005742653454946898
2,VWDE (221806)_damaging,0.0004904089405109987
2,AHR (196)_damaging,0.0006295868747312447
2,HDAC9 (9734)_damaging,5.082770552768463e-05
2,ABCB5 (340273)_damaging,0.0020265214659937465
2,DNAH11 (8701)_damaging,0.0006066720510534707
2,RAPGEF5 (9771)_damaging,0.00011069985055532866
2,STK31 (56164)_damaging,0.0010286941797548917
2,BBS9 (27241)_damaging,0.0010075560264489387
2,CDK13 (8621)_damaging,0.00026591352448579556
2,GLI3 (2737)_damaging,0.00032251604425475255
2,HECW1 (23072)_damaging,5.940771845922663e-05
2,AEBP1 (165)_damaging,0.0007139037680880547
2,PKD1L1 (168507)_damaging,0.000770467813021606
2,ABCA13 (154664)_damaging,0.0006239502337776841
2,FIGNL1 (63979)_damaging,1.3131567618972438e-05
2,PTPN12 (5782)_damaging,0.00018261675523725075
2,MAGI2 (9863)_damaging,0.00030018219542652936
2,CD36 (948)_damaging,0.0004630873985550375
2,PCLO (27445)_damaging,0.0008646842820511732
2,SEMA3E (9723)_damaging,0.0015847549129843503
2,ABCB4 (5244)_damaging,0.0006870476714779302
2,ABCB1 (5243)_damaging,0.0002881009319965742
2,ZNF804B (219578)_damaging,6.755315432802109e-05
2,AKAP9 (10142)_damaging,0.0012173411052123699
2,ANKIB1 (54467)_damaging,0.0005200530312541848
2,SAMD9 (54809)_damaging,0.00010557898280229164
2,SAMD9L (219285)_damaging,0.0013149538525243796
2,CALCR (799)_damaging,0.0005717005737042275
2,COL1A2 (1278)_damaging,0.001782608040816186
2,TRRAP (8295)_damaging,7.478542052558265e-05
2,GPC2 (221914)_damaging,0.00035401525517619545
2,GIGYF1 (64599)_damaging,0.0009074690885666587
2,ZAN (7455)_damaging,9.227175628660928e-05
2,MUC17 (140453)_damaging,0.0003293031354803115
2,PLOD3 (8985)_damaging,0.00027532142210644683
2,CUX1 (1523)_damaging,0.00024646245459664865
2,FBXL13 (222235)_damaging,0.00048741274894747
2,SLC26A5 (375611)_damaging,0.00022889245048578706
2,RELN (5649)_damaging,0.00043189798429739597
2,KMT2E (55904)_damaging,0.00018138503920757726
2,PIK3CG (5294)_damaging,0.0002562481640658386
2,LAMB4 (22798)_damaging,0.0001831287412930912
2,PPP1R3A (5506)_damaging,0.0006224591298525807
2,CFTR (1080)_damaging,0.0001223209777019733
2,CTTNBP2 (83992)_damaging,0.00012738182365566318
2,WNT16 (51384)_damaging,0.000751014443999221
2,PTPRZ1 (5803)_damaging,0.0010877144876864074
2,POT1 (25913)_damaging,0.0017782320197631271
2,GRM8 (2918)_damaging,0.001443687501818971
2,FLNC (2318)_damaging,0.0001777809386690848
2,KCP (375616)_damaging,0.00023958233843153265
2,PLXNA4 (91584)_damaging,0.00040586312802445786
2,NUP205 (23165)_damaging,3.985790949913673e-05
2,KIAA1549 (57670)_damaging,0.0001703981552552766
2,MGAM (8972)_damaging,0.0005038485461620885
2,EPHB6 (2051)_damaging,0.00015935090964931927
2,KEL (3792)_damaging,0.0002368883266900752
2,NOBOX (135935)_damaging,0.00029951908482058344
2,CNTNAP2 (26047)_damaging,0.0031111472064888368
2,KCNH2 (3757)_damaging,0.00027053121427768464
2,NOS3 (4846)_damaging,0.0004255798340872722
2,KMT2C (58508)_damaging,0.00034017532202247256
2,DPP6 (1804)_damaging,0.0004569583558848026
2,UBE3C (9690)_damaging,0.0004640705595332426
2,PTPRN2 (5799)_damaging,0.0004293325753832191
2,CSMD1 (64478)_damaging,0.0022854181348029487
2,PRAG1 (157285)_damaging,0.00011633119690469446
2,RP1L1 (94137)_damaging,0.0002609936384424888
2,TRMT9B (57604)_damaging,0.0009688336614494275
2,DLC1 (10395)_damaging,0.0003695579356739696
2,DMTN (2039)_damaging,0.00011957594397969475
2,ADAM28 (10863)_damaging,0.0002983377828982419
2,DOCK5 (80005)_damaging,0.0003604892593540132
2,NUGGC (389643)_damaging,0.00044726278557191815
2,TEX15 (56154)_damaging,0.0001602900294535315
2,WRN (7486)_damaging,0.0003843285036109972
2,UNC5D (137970)_damaging,0.0010897615619005494
2,ADGRA2 (25960)_damaging,0.0005231347741979058
2,NSD3 (54904)_damaging,0.00011966057028606531
2,ANK1 (286)_damaging,0.0007768635880685468
2,PRKDC (5591)_damaging,0.00018466567710605943
2,PXDNL (137902)_damaging,0.0002157216215031886
2,RB1CC1 (9821)_damaging,0.0009139015591099271
2,RP1 (6101)_damaging,0.00045105562398064326
2,CHD7 (55636)_damaging,9.743280080695177e-05
2,ASPH (444)_damaging,0.0003317640286830626
2,ARFGEF1 (10565)_damaging,0.0008721554407074467
2,PREX2 (80243)_damaging,0.000288653190717645
2,SULF1 (23213)_damaging,0.00010016027543256988
2,KCNB2 (9312)_damaging,0.0022990666193372714
2,ZFHX4 (79776)_damaging,0.00028875617972295823
2,WWP1 (11059)_damaging,0.00013184090951421046
2,NBN (4683)_damaging,0.0004398202495082695
2,ESRP1 (54845)_damaging,0.0006931396517177989
2,VPS13B (157680)_damaging,0.00032224589021123126
2,RGS22 (26166)_damaging,0.00014407460752169306
2,UBR5 (51366)_damaging,0.0006044446020526098
2,RIMS2 (9699)_damaging,0.0007809120090615898
2,ZFPM2 (23414)_damaging,0.00011064160811720025
2,PKHD1L1 (93035)_damaging,0.00012091955664865096
2,CSMD3 (114788)_damaging,0.0006915213457839868
2,TRPS1 (7227)_damaging,0.00014161551170811804
2,COL14A1 (7373)_damaging,0.000779301818868422
2,FER1L6 (654463)_damaging,0.00017517532280122996
2,ADCY8 (114)_damaging,0.00017539603906564812
2,EFR3A (23167)_damaging,0.00030215936647778045
2,OC90 (729330)_damaging,0.00021522622938542255
2,KCNQ3 (3786)_damaging,3.923740623451969e-05
2,PHF20L1 (51105)_damaging,0.0006007613841034491
2,TG (7038)_damaging,0.0001402186040099772
2,COL22A1 (169044)_damaging,0.00019612972595299782
2,ADGRB1 (575)_damaging,4.91618932158165e-05
2,EPPK1 (83481)_damaging,1.0837836567549361e-05
2,PLEC (5339)_damaging,0.00019287853819076602
2,PARP10 (84875)_damaging,0.00017407552244759006
2,CYC1 (1537)_damaging,6.74290271719797e-05
2,CPSF1 (29894)_damaging,0.000256436367404668
2,KIFC2 (90990)_damaging,0.0003175230001474009
2,DOCK8 (81704)_damaging,0.0003829815596356767
2,SMARCA2 (6595)_damaging,0.0005908608894463375
2,ERMP1 (79956)_damaging,0.000820554376527022
2,PTPRD (5789)_damaging,0.00026115866925328977
2,MPDZ (8777)_damaging,0.0006598147362339729
2,FREM1 (158326)_damaging,0.001196113045783715
2,CNTLN (54875)_damaging,2.2796094408337492e-17
2,DENND4C (55667)_damaging,0.00020961109763927813
2,CDKN2A (1029)_damaging,0.007514451305959151
2,SPATA31G1 (138724)_damaging,3.303911888460939e-05
2,FANCG (2189)_damaging,0.00018016649883604807
2,PIGO (84720)_damaging,5.640991466270574e-05
2,UNC13B (10497)_damaging,0.0006001798896132948
2,RUSC2 (9853)_damaging,8.801910072837193e-05
2,SPAG8 (26206)_damaging,0.0008987847733964587
2,TMC1 (117531)_damaging,7.469045815616164e-05
2,TRPM6 (140803)_damaging,0.00019909302773761834
2,PCSK5 (5125)_damaging,0.00018668322214137424
2,PRUNE2 (158471)_damaging,0.0004533290558734417
2,VPS13A (23230)_damaging,0.000116577362949672
2,TLE4 (7091)_damaging,0.00042335761075139354
2,SPATA31D1 (389763)_damaging,0.00046825240908002463
2,KIF27 (55582)_damaging,0.00047264735937708465
2,ROR2 (4920)_damaging,0.0003669218111161096
2,NOL8 (55035)_damaging,0.00030567597091854065
2,WNK2 (65268)_damaging,0.0006120863168268871
2,AOPEP (84909)_damaging,0.00013036317000254463
2,PTCH1 (5727)_damaging,0.0002552801329543557
2,COL15A1 (1306)_damaging,0.00022367875274408104
2,GRIN3A (116443)_damaging,3.92598962188077e-05
2,SMC2 (10592)_damaging,0.00036612173175754254
2,ABCA1 (19)_damaging,5.9191227759217854e-05
2,TMEM245 (23731)_damaging,0.0006347787183860828
2,PALM2AKAP2 (445815)_damaging,1.9262332217962673e-06
2,SVEP1 (79987)_damaging,0.00042160287139741894
2,SHOC1 (158401)_damaging,0.000292966415560439
2,FKBP15 (23307)_damaging,0.0012491982142887226
2,COL27A1 (85301)_damaging,0.00011403017275709982
2,C5 (727)_damaging,0.0001302043486126102
2,CNTRL (11064)_damaging,4.0570937159183074e-05
2,DAB2IP (153090)_damaging,3.611230704707744e-05
2,DENND1A (57706)_damaging,0.00038606943521132743
2,GOLGA2 (2801)_damaging,0.0002579403938937923
2,SPTAN1 (6709)_damaging,0.00036745019649890126
2,HMCN2 (256158)_damaging,0.00016733684668477025
2,FUBP3 (8939)_damaging,0.00030183618941195854
2,NUP214 (8021)_damaging,0.0024260946961303276
2,PRRC2B (84726)_damaging,0.0002052709452064328
2,UCK1 (83549)_damaging,0.0004118665263057912
2,SETX (23064)_damaging,0.00037805791428281656
2,TTF1 (7270)_damaging,0.00028793818485556424
2,TSC1 (7248)_damaging,0.001000052654528984
2,ADAMTS13 (11093)_damaging,0.00019133046762269707
2,ADAMTSL2 (9719)_damaging,0.0003836914544283813
2,BRD3 (8019)_damaging,0.00017736076585708453
2,WDR5 (11091)_damaging,0.00036252840020912694
2,COL5A1 (1289)_damaging,0.00028490923525174334
2,CAMSAP1 (157922)_damaging,0.00018925492825809797
2,SEC16A (9919)_damaging,0.00018088917441265052
2,NOTCH1 (4851)_damaging,0.0008404399086019422
2,EXD3 (54932)_damaging,0.0005388378014931364
2,PPP2R3B (28227)_damaging,0.00020950239015609707
2,MXRA5 (25878)_damaging,0.00034050717797315155
2,WWC3 (55841)_damaging,3.5666570149430855e-05
2,FRMPD4 (9758)_damaging,4.3384348655506636e-05
2,NHS (4810)_damaging,0.0005903811385933399
2,DMD (1756)_damaging,0.0002378727175420138
2,CFAP47 (286464)_damaging,0.0011177084829247365
2,RPGR (6103)_damaging,3.346667719506935e-05
2,BCOR (54880)_damaging,0.0055210830919550985
2,USP9X (8239)_damaging,0.0006399368452898122
2,DDX3X (1654)_damaging,0.00030601331689117015
2,KDM6A (7403)_damaging,0.0008166869720278412
2,RBM10 (8241)_damaging,0.0002554685288871171
2,TFE3 (7030)_damaging,0.00041141470512448357
2,CACNA1F (778)_damaging,7.97968793334655e-05
2,CCNB3 (85417)_damaging,0.00033033856314388396
2,KDM5C (8242)_damaging,0.0003685127259672906
2,IQSEC2 (23096)_damaging,0.00028730864422494705
2,HUWE1 (10075)_damaging,0.002038312402762392
2,WNK3 (65267)_damaging,0.0004063386842358884
2,AMER1 (139285)_damaging,0.00020499823365186694
2,OPHN1 (4983)_damaging,0.00026845529722837285
2,MED12 (9968)_damaging,0.0005167378803788758
2,ZMYM3 (9203)_damaging,0.0009373468723557621
2,NEXMIF (340533)_damaging,0.00020991957158849548
2,ATRX (546)_damaging,0.0005140678879365016
2,BRWD3 (254065)_damaging,0.0001395300186427751
2,CYLC1 (1538)_damaging,0.0
2,ZNF711 (7552)_damaging,0.00013284059086002213
2,DIAPH2 (1730)_damaging,0.00013504838700637142
2,PCDH19 (57526)_damaging,5.869015239509791e-05
2,RAB40A (142684)_damaging,0.00039257097497001555
2,NRK (203447)_damaging,0.0003703643441459035
2,COL4A6 (1288)_damaging,0.0005561918789892647
2,COL4A5 (1287)_damaging,5.8464463983938314e-05
2,STAG2 (10735)_damaging,0.0012040492877253678
2,TENM1 (10178)_damaging,0.0007707093930234728
2,BCORL1 (63035)_damaging,0.0008152443881968333
2,USP26 (83844)_damaging,7.536845487588541e-06
2,MAP7D3 (79649)_damaging,8.691886613778936e-05
2,ADGRG4 (139378)_damaging,0.00031557351568637786
2,SPANXN4 (441525)_damaging,0.0008853545501227089
2,SLITRK2 (84631)_damaging,0.00023985807453392023
2,AFF2 (2334)_damaging,4.0109903988446557e-05
2,PLXNA3 (55558)_damaging,0.0007224294163925936
2,F8 (2157)_damaging,0.00015279415570708944
2,MT-ND4 (4538)_damaging,0.002145093067398684
2,MT-ND5 (4540)_damaging,0.0003421031504586102
3,MTOR (2475)_hotspot,0.002997129365270187
3,NRAS (4893)_hotspot,0.0017472206680970413
3,PTEN (5728)_hotspot,0.0018535351198080124
3,HRAS (3265)_hotspot,0.0003653669587502795
3,ATM (472)_hotspot,0.0
3,KRAS (3845)_hotspot,0.008788633489975129
3,ERBB3 (2065)_hotspot,8.67202575892291e-05
3,RB1 (5925)_hotspot,0.0026393740042582655
3,TP53 (7157)_hotspot,0.09559747275067484
3,NF1 (4763)_hotspot,0.00028917991752234627
3,ERBB2 (2064)_hotspot,0.00019530996995164435
3,SMAD4 (4089)_hotspot,0.0037817834810423487
3,STK11 (6794)_hotspot,0.0018163759101016681
3,SMARCA4 (6597)_hotspot,0.0
3,C2orf81 (388963)_hotspot,0.0017910152156292848
3,NFE2L2 (4780)_hotspot,0.004065070687105495
3,VHL (7428)_hotspot,0.0007965352353616396
3,CTNNB1 (1499)_hotspot,0.000974057409849666
3,RHOA (387)_hotspot,0.00043354681614748167
3,PIK3CA (5290)_hotspot,0.003397690323653409
3,FBXW7 (55294)_hotspot,0.0011956630859100994
3,TERT (7015)_hotspot,0.02884233681792587
3,PIK3R1 (5295)_hotspot,0.0004043314394824631
3,APC (324)_hotspot,0.001081731692468641
3,RAC1 (5879)_hotspot,0.00020648787452184976
3,EGFR (1956)_hotspot,0.0008460171499655029
3,BRAF (673)_hotspot,0.03026720361007692
3,MYC (4609)_hotspot,0.0017507423760847983
3,CDKN2A (1029)_hotspot,0.002342613123977793
3,AGRN (375790)_damaging,0.0003167021455099512
3,MXRA8 (54587)_damaging,1.2962855882121803e-06
3,CFAP74 (85452)_damaging,0.0
3,MEGF6 (1953)_damaging,0.00018470385050538613
3,CHD5 (26038)_damaging,0.0005463155991807726
3,RPL22 (6146)_damaging,0.004268465796892294
3,CAMTA1 (23261)_damaging,0.0
3,ERRFI1 (54206)_damaging,5.0284894874412326e-05
3,SLC45A1 (50651)_damaging,0.0008280950534649441
3,RERE (473)_damaging,0.000356975311834717
3,EXOSC10 (5394)_damaging,0.0
3,VPS13D (55187)_damaging,0.0004407212883229732
3,SPEN (23013)_damaging,0.0009584876132025142
3,EPHA2 (1969)_damaging,0.0
3,UBR4 (23352)_damaging,0.00014992811651650507
3,HSPG2 (3339)_damaging,0.00016437658749247935
3,LUZP1 (7798)_damaging,5.409496126704241e-05
3,ID3 (3399)_damaging,0.019829744084578375
3,ELOA (6924)_damaging,0.0
3,ARID1A (8289)_damaging,0.0025567257274202128
3,WDTC1 (23038)_damaging,0.00013032543607399813
3,AHDC1 (27245)_damaging,0.0
3,COL16A1 (1307)_damaging,5.010520181495692e-05
3,CSMD2 (114784)_damaging,0.0003536629286010106
3,ZMYM6 (9204)_damaging,8.640328063312277e-05
3,ZMYM4 (9202)_damaging,0.0
3,CLSPN (63967)_damaging,5.196245585960432e-05
3,AGO1 (26523)_damaging,0.0
3,MAP7D1 (55700)_damaging,5.63986274034858e-05
3,MACF1 (23499)_damaging,0.000987961471556534
3,HIVEP3 (59269)_damaging,4.074152748164857e-05
3,TIE1 (7075)_damaging,2.3706055531707728e-05
3,SZT2 (23334)_damaging,9.445435258152138e-05
3,MUTYH (4595)_damaging,7.937774676988941e-05
3,MAST2 (23139)_damaging,0.0006103662907984159
3,FAAH (2166)_damaging,0.00015921487362546697
3,TAL1 (6886)_damaging,0.0005282805203894466
3,TUT4 (23318)_damaging,4.5352126578510005e-05
3,FYB2 (199920)_damaging,0.0
3,DOCK7 (85440)_damaging,6.506556340532183e-05
3,EFCAB7 (84455)_damaging,5.039466960721213e-05
3,JAK1 (3716)_damaging,0.0
3,LEPR (3953)_damaging,0.0007248266091551764
3,LRRC7 (57554)_damaging,0.000355141847373744
3,ERICH3 (127254)_damaging,0.00020265093297672397
3,SLC44A5 (204962)_damaging,1.884739035488281e-06
3,AK5 (26289)_damaging,5.076954977244127e-05
3,ADGRL4 (64123)_damaging,0.00013536323147931252
3,ADGRL2 (23266)_damaging,0.0005466581339673755
3,COL24A1 (255631)_damaging,0.00016166985667557404
3,HFM1 (164045)_damaging,0.00017479348555155433
3,BTBD8 (284697)_damaging,1.221952264171094e-05
3,RPL5 (6125)_damaging,0.0003645289103645606
3,CCDC18 (343099)_damaging,0.00025308880886981423
3,COL11A1 (1301)_damaging,0.0009800707046409144
3,SYCP1 (6847)_damaging,0.0003079609702024346
3,SPAG17 (200162)_damaging,0.0005120547317032949
3,NOTCH2 (4853)_damaging,0.00017159458280139366
3,BCL9 (607)_damaging,0.0004357598761393283
3,ADAMTSL4 (54507)_damaging,4.6930633543834276e-05
3,SETDB1 (9869)_damaging,0.0
3,TCHH (7062)_damaging,0.0
3,FLG (2312)_damaging,0.0006914326077652223
3,CCDST (112268240)_damaging,0.001453174046269047
3,FLG2 (388698)_damaging,0.0
3,UBAP2L (9898)_damaging,0.0
3,ASH1L (55870)_damaging,7.926877605316674e-05
3,GON4L (54856)_damaging,4.226398003487662e-05
3,IQGAP3 (128239)_damaging,8.665529068453303e-05
3,NES (10763)_damaging,0.0
3,INSRR (3645)_damaging,2.8548581090458404e-05
3,FCRL5 (83416)_damaging,0.000252245441493017
3,SPTA1 (6708)_damaging,0.0017891971447638654
3,ADCY10 (55811)_damaging,3.365041524228397e-05
3,GPR161 (23432)_damaging,2.4676906560694216e-05
3,F5 (2153)_damaging,3.1356337696626436e-05
3,FIRRM (55732)_damaging,0.000243089576725151
3,PRRC2C (23215)_damaging,0.0
3,TNR (7143)_damaging,0.0023159129739170263
3,PAPPA2 (60676)_damaging,0.0005462132564613099
3,ABL2 (27)_damaging,8.364284178076054e-05
3,AXDND1 (126859)_damaging,0.00021940159493463886
3,TDRD5 (163589)_damaging,0.00017069267557824947
3,CEP350 (9857)_damaging,0.0003693922383741447
3,CACNA1E (777)_damaging,0.0010915584571949035
3,RGL1 (23179)_damaging,0.0001267166632950128
3,HMCN1 (83872)_damaging,0.0021765460956817335
3,TPR (7175)_damaging,0.000102580456516814
3,ASPM (259266)_damaging,7.965971174064132e-05
3,PTPRC (5788)_damaging,0.0005004024410314436
3,KIF14 (9928)_damaging,7.289974822037531e-05
3,CAMSAP2 (23271)_damaging,6.808479958289599e-06
3,CACNA1S (779)_damaging,0.0017188647929999774
3,IGFN1 (91156)_damaging,0.002377069559954121
3,NAV1 (89796)_damaging,0.0
3,ELF3 (1999)_damaging,0.00012860400862969536
3,KDM5B (10765)_damaging,0.0
3,ATP2B4 (493)_damaging,0.0
3,PLEKHA6 (22874)_damaging,0.00012577655036444366
3,PIK3C2B (5287)_damaging,2.7253451794173675e-05
3,NFASC (23114)_damaging,3.724606552303071e-05
3,CR2 (1380)_damaging,0.00025258880345118394
3,PLXNA2 (5362)_damaging,0.0
3,PTPN14 (5784)_damaging,0.0
3,CENPF (1063)_damaging,0.00017450364290689225
3,USH2A (7399)_damaging,0.0010540804741938669
3,DNAH14 (127602)_damaging,0.0016500444999247342
3,CDC42BPA (8476)_damaging,0.0004273255753145821
3,OBSCN (84033)_damaging,0.000801194017943938
3,H3-4 (8290)_damaging,0.00014434624239698096
3,SIPA1L2 (57568)_damaging,0.0003901047802816327
3,PCNX2 (80003)_damaging,0.0
3,MAP3K21 (84451)_damaging,4.6993716781938486e-05
3,ARID4B (51742)_damaging,0.00019588849198193893
3,LYST (1130)_damaging,0.00014736911088994954
3,RYR2 (6262)_damaging,0.004947662489060614
3,CHRM3 (1131)_damaging,0.0001019728623586747
3,FMN2 (56776)_damaging,0.000506350825614414
3,RGS7 (6000)_damaging,0.00012542314536211576
3,WDR64 (128025)_damaging,0.00010904061619119164
3,SDCCAG8 (10806)_damaging,0.00015718669386368173
3,KIF26B (55083)_damaging,6.483528310067341e-05
3,AHCTF1 (25909)_damaging,0.0
3,NLRP3 (114548)_damaging,0.00034864336924527855
3,LARP4B (23185)_damaging,0.00011082263986346918
3,ADARB2 (105)_damaging,0.0
3,PITRM1 (10531)_damaging,0.0015345253312128496
3,TAF3 (83860)_damaging,0.0
3,FRMD4A (55691)_damaging,0.0
3,CUBN (8029)_damaging,0.0016702039142420392
3,MRC1 (4360)_damaging,2.013306321469469e-06
3,MALRD1 (340895)_damaging,6.461488185186473e-05
3,PLXDC2 (84898)_damaging,0.0006856123181080852
3,MLLT10 (8028)_damaging,7.038453999875145e-05
3,ARMC3 (219681)_damaging,0.0001564384504861379
3,GPR158 (57512)_damaging,0.0
3,ANKRD26 (22852)_damaging,0.0002614519468103006
3,ODAD2 (55130)_damaging,0.00038527247736606506
3,SVIL (6840)_damaging,0.0
3,JCAD (57608)_damaging,0.00013698167734305352
3,KIF5B (3799)_damaging,0.00010318769739230302
3,CCDC7 (79741)_damaging,0.0
3,ANKRD30A (91074)_damaging,0.0006802342372553966
3,WDFY4 (57705)_damaging,0.0003451843969983472
3,C10orf71 (118461)_damaging,6.354000119692567e-05
3,PCDH15 (65217)_damaging,0.0014663676814153637
3,ANK3 (288)_damaging,0.0003789054044698408
3,ARID5B (84159)_damaging,5.3733632634274084e-05
3,EGR2 (1959)_damaging,0.0
3,JMJD1C (221037)_damaging,0.0001450766453732208
3,CTNNA3 (29119)_damaging,0.00018519150918477604
3,MYPN (84665)_damaging,0.0
3,DNA2 (1763)_damaging,0.0001393231033301345
3,CDH23 (64072)_damaging,0.0006390446377219269
3,DLG5 (9231)_damaging,0.00016065553671550526
3,NRG3 (10718)_damaging,0.0009999791704606244
3,WAPL (23063)_damaging,6.448334713291448e-05
3,PTEN (5728)_damaging,0.0026688436934451283
3,KIF20B (9585)_damaging,0.0
3,BTAF1 (9044)_damaging,0.0
3,MYOF (26509)_damaging,0.00047008847979450953
3,PLCE1 (51196)_damaging,0.00035950174144791904
3,CC2D2B (387707)_damaging,0.0
3,ZNF518A (9849)_damaging,0.0005428045805240152
3,LCOR (84458)_damaging,0.00011504411792356863
3,PPRC1 (23082)_damaging,0.0009206126349445717
3,CNNM2 (54805)_damaging,4.379669712233841e-05
3,PDCD11 (22984)_damaging,0.0
3,SH3PXD2A (9644)_damaging,0.0
3,SLK (9748)_damaging,0.0042102322155346955
3,SORCS3 (22986)_damaging,0.0
3,SMC3 (9126)_damaging,0.00012168333718501559
3,TCF7L2 (6934)_damaging,5.255024907628643e-05
3,CCDC186 (55088)_damaging,7.590135913589964e-05
3,ATRNL1 (26033)_damaging,0.00011947621418924149
3,TACC2 (10579)_damaging,0.0005749977396781638
3,DMBT1 (1755)_damaging,0.00018728319978438335
3,DOCK1 (1793)_damaging,0.0
3,MKI67 (4288)_damaging,0.0002644773327515606
3,JAKMIP3 (282973)_damaging,0.001575227884999429
3,CFAP46 (54777)_damaging,0.0010246822665878408
3,B4GALNT4 (338707)_damaging,6.845659676226613e-05
3,PKP3 (11187)_damaging,0.00015948791891186328
3,MUC5AC (4586)_damaging,0.0010172921968854061
3,MUC5B (727897)_damaging,0.0010640540987266415
3,BRSK2 (9024)_damaging,9.17277118313928e-05
3,KCNQ1 (3784)_damaging,0.0001131988865325866
3,NUP98 (4928)_damaging,0.0009251970564892132
3,DNHD1 (144132)_damaging,0.0
3,DCHS1 (8642)_damaging,0.00011634536008751189
3,IPO7 (10527)_damaging,0.0007271664240074096
3,SBF2 (81846)_damaging,0.0010777240875945668
3,MICAL2 (9645)_damaging,0.0
3,PLEKHA7 (144100)_damaging,7.707891417580897e-05
3,PIK3C2A (5286)_damaging,0.0
3,ABCC8 (6833)_damaging,0.0
3,USH1C (10083)_damaging,0.0
3,OTOG (340990)_damaging,0.00043080774220695644
3,HPS5 (11234)_damaging,0.0
3,NAV2 (89797)_damaging,0.0
3,ANO3 (63982)_damaging,0.0002703041114779442
3,DCDC1 (341019)_damaging,7.131140465945221e-05
3,CCDC73 (493860)_damaging,9.72540963456142e-06
3,QSER1 (79832)_damaging,0.00019863406225339522
3,HIPK3 (10114)_damaging,5.549835846830104e-05
3,CKAP5 (9793)_damaging,0.0
3,LRP4 (4038)_damaging,5.027897321557575e-05
3,FOLH1 (2346)_damaging,0.0
3,OR4P4 (81300)_damaging,2.2201105160314975e-05
3,CTNND1 (1500)_damaging,2.2619169390816665e-05
3,DTX4 (23220)_damaging,0.00019131098217922368
3,AHNAK (79026)_damaging,0.00018434812772210262
3,SLC3A2 (6520)_damaging,0.00034903650288326384
3,CCDC88B (283234)_damaging,9.716613596290509e-05
3,PCNX3 (399909)_damaging,0.0
3,RIN1 (9610)_damaging,3.8854618710285456e-05
3,SHANK2 (22941)_damaging,0.0
3,NUMA1 (4926)_damaging,3.98592118748407e-05
3,INPPL1 (3636)_damaging,3.365706849062034e-05
3,ARHGEF17 (9828)_damaging,4.9258952200757765e-05
3,C2CD3 (26005)_damaging,5.468369600613709e-05
3,MYO7A (4647)_damaging,0.00010181645073854115
3,RSF1 (51773)_damaging,0.0001874590632228153
3,TENM4 (26011)_damaging,0.0011580621871968273
3,PCF11 (51585)_damaging,1.1510909142609337e-05
3,DLG2 (1740)_damaging,0.00013362166592489094
3,SYTL2 (54843)_damaging,0.0004945056606788847
3,FAT3 (120114)_damaging,0.001945539424532536
3,MRE11 (4361)_damaging,0.0
3,CNTN5 (53942)_damaging,4.5027249881179036e-05
3,MMP3 (4314)_damaging,0.0007413469239405961
3,MMP12 (4321)_damaging,0.0
3,DYNC2H1 (79659)_damaging,0.0023530838372312983
3,GRIA4 (2893)_damaging,0.00011852979113963307
3,CWF19L2 (143884)_damaging,0.00014188212081378744
3,NPAT (4863)_damaging,0.00041575425536420803
3,ATM (472)_damaging,0.0017208348581807384
3,EXPH5 (23086)_damaging,0.0
3,NKAPD1 (55216)_damaging,0.0
3,NCAM1 (4684)_damaging,0.0
3,USP28 (57646)_damaging,0.00015253088907561213
3,DSCAML1 (57453)_damaging,0.0
3,KMT2A (4297)_damaging,0.0003871879502867269
3,BCL9L (283149)_damaging,6.39112538679448e-05
3,MFRP (83552)_damaging,0.0
3,ARHGEF12 (23365)_damaging,0.000614797864686355
3,TECTA (7007)_damaging,0.0
3,SORL1 (6653)_damaging,4.199032969029245e-05
3,ROBO3 (64221)_damaging,0.0001513414208801561
3,NFRKB (4798)_damaging,5.809216301600656e-05
3,GLB1L2 (89944)_damaging,0.0001504544064084392
3,LINC02714 (729305)_damaging,0.0003207929314591043
3,KDM5A (5927)_damaging,0.0002476763029505525
3,CACNA1C (775)_damaging,0.0005302212592836319
3,PRMT8 (56341)_damaging,0.000782562741079674
3,VWF (7450)_damaging,0.0006230219189176337
3,PLEKHG6 (55200)_damaging,1.7730124798691558e-05
3,CHD4 (1108)_damaging,6.007207712933166e-05
3,A2M (2)_damaging,0.0002598054937400784
3,PZP (5858)_damaging,0.000289309217171557
3,GRIN2B (2904)_damaging,2.957585674915819e-05
3,ATF7IP (55729)_damaging,0.0005898662495955409
3,EPS8 (2059)_damaging,0.0007162956576016144
3,PIK3C2G (5288)_damaging,0.0
3,RECQL (5965)_damaging,0.0012229575912661357
3,ABCC9 (10060)_damaging,0.001083593401642676
3,ITPR2 (3709)_damaging,0.0006564717118028862
3,OVCH1 (341350)_damaging,0.0004386484164272356
3,KIF21A (55605)_damaging,0.00013495384785527475
3,LRRK2 (120892)_damaging,0.0007273953819679196
3,MUC19 (283463)_damaging,0.0024098207406417944
3,CNTN1 (1272)_damaging,8.285285047362223e-05
3,ADAMTS20 (80070)_damaging,0.0016411674431308643
3,ARID2 (196528)_damaging,0.0016158856095698417
3,HDAC7 (51564)_damaging,0.0006740949631700245
3,COL2A1 (1280)_damaging,8.65244636998799e-05
3,WNT1 (7471)_damaging,0.0
3,KMT2D (8085)_damaging,0.006936953223797706
3,NCKAP5L (57701)_damaging,0.00020638691585482554
3,PAN2 (9924)_damaging,0.00031547074183786944
3,STAT2 (6773)_damaging,0.0
3,MYO1A (4640)_damaging,3.740333357088974e-05
3,LRP1 (4035)_damaging,0.0004929086027435401
3,R3HDM2 (22864)_damaging,6.266442530360023e-05
3,GLI1 (2735)_damaging,0.00014713969368574604
3,MBD6 (114785)_damaging,0.00016923026407276008
3,KIF5A (3798)_damaging,0.001372651303836908
3,XPOT (11260)_damaging,0.00010601319143895433
3,PTPRB (5787)_damaging,0.0007911028431767926
3,ZFC3H1 (196441)_damaging,0.00022437841012394794
3,E2F7 (144455)_damaging,0.0
3,NAV3 (89795)_damaging,0.0006568904957723461
3,PTPRQ (374462)_damaging,8.632342593912572e-05
3,PPFIA2 (8499)_damaging,0.0006578089134551483
3,LRRIQ1 (84125)_damaging,8.929956356666327e-05
3,CEP290 (80184)_damaging,0.0006193958967236593
3,EEA1 (8411)_damaging,4.710926651231282e-05
3,CFAP54 (144535)_damaging,0.0016268685298741511
3,ANKS1B (56899)_damaging,6.31271006688817e-05
3,BLTP3B (23074)_damaging,0.0004520931975389785
3,UTP20 (27340)_damaging,7.104683155977476e-05
3,STAB2 (55576)_damaging,0.006044950503510047
3,HCFC2 (29915)_damaging,5.979298021580606e-05
3,ACACB (32)_damaging,2.011655272762926e-05
3,CUX2 (23316)_damaging,0.0001976769488341737
3,HECTD4 (283450)_damaging,6.420338280779507e-05
3,DTX1 (1840)_damaging,0.0
3,CIT (11113)_damaging,0.0008297667322144522
3,HNF1A (6927)_damaging,0.00014019295275648897
3,KDM2B (84678)_damaging,0.00019381234786778324
3,SETD1B (23067)_damaging,0.0
3,SBNO1 (55206)_damaging,5.8221300039577504e-05
3,DNAH10 (196385)_damaging,0.0005018062882998393
3,NCOR2 (9612)_damaging,2.1836127597985626e-05
3,TMEM132D (121256)_damaging,2.225167858932779e-05
3,RIMBP2 (23504)_damaging,0.0003094694477735692
3,SFSWAP (6433)_damaging,9.681852836128839e-05
3,EP400 (57634)_damaging,0.0010250094462222698
3,POLE (5426)_damaging,0.0001301092648495254
3,ZMYM2 (7750)_damaging,3.307299809827283e-05
3,SACS (26278)_damaging,0.00016827021917726958
3,RNF17 (56163)_damaging,0.0005233183316231437
3,ATP8A2 (51761)_damaging,0.00021792102417006476
3,FRY (10129)_damaging,1.5177671318276653e-05
3,BRCA2 (675)_damaging,0.0008482828189166371
3,PDS5B (23047)_damaging,0.006736875052895559
3,NBEA (26960)_damaging,0.001317340510309803
3,FREM2 (341640)_damaging,0.0005462189672525656
3,DGKH (160851)_damaging,0.003640377298399203
3,ZC3H13 (23091)_damaging,0.00020451649122996715
3,RB1 (5925)_damaging,0.005262079517404358
3,RCBTB2 (1102)_damaging,0.0
3,DIAPH3 (81624)_damaging,0.0
3,KLHL1 (57626)_damaging,0.00025686651572010466
3,DACH1 (1602)_damaging,0.00016457999603452792
3,DIS3 (22894)_damaging,0.00025835509953972725
3,MYCBP2 (23077)_damaging,0.0007904817560315017
3,DOCK9 (23348)_damaging,4.3767715315551546e-05
3,PCCA (5095)_damaging,0.00014782688847693668
3,NALCN (259232)_damaging,0.00018776439888036926
3,CCDC168 (643677)_damaging,0.00062185188672793
3,MYO16 (23026)_damaging,0.00014544243055357776
3,COL4A1 (1282)_damaging,0.0
3,COL4A2 (1284)_damaging,0.00029502994849893574
3,TEP1 (7011)_damaging,0.0
3,CHD8 (57680)_damaging,0.0003406963357254928
3,AJUBA (84962)_damaging,0.001452472637794505
3,ACIN1 (22985)_damaging,0.00016480697829386205
3,MYH7 (4625)_damaging,0.00010872586886248589
3,ZFHX2 (85446)_damaging,0.0
3,CARMIL3 (90668)_damaging,0.00016629558292854087
3,NYNRIN (57523)_damaging,0.00020486009328933292
3,ARHGAP5 (394)_damaging,6.745916004610666e-05
3,AKAP6 (9472)_damaging,5.500803315563607e-05
3,NPAS3 (64067)_damaging,0.0
3,RALGAPA1 (253959)_damaging,0.0
3,TTC6 (319089)_damaging,0.00012694870732848435
3,MIA2 (4253)_damaging,0.0006369127856931982
3,TOGARAM1 (23116)_damaging,0.00012792663038042952
3,FANCM (57697)_damaging,0.00016029375945395572
3,MDGA2 (161357)_damaging,0.00041144610859341116
3,KTN1 (3895)_damaging,0.0001701645490469334
3,ARID4A (5926)_damaging,0.00024482039238721894
3,HIF1A (3091)_damaging,0.0002435826684113211
3,KCNH5 (27133)_damaging,0.000279111532685622
3,SYNE2 (23224)_damaging,0.0009152018621328493
3,PCNX1 (22990)_damaging,0.00039146049392119333
3,MIDEAS (91748)_damaging,0.0
3,YLPM1 (56252)_damaging,9.200360330800842e-05
3,MLH3 (27030)_damaging,8.322664549361513e-05
3,NRXN3 (9369)_damaging,0.00024367198708851896
3,CEP128 (145508)_damaging,0.0004890662527777496
3,PTPN21 (11099)_damaging,0.0
3,EML5 (161436)_damaging,6.368772810536782e-05
3,TRIP11 (9321)_damaging,0.0001419098461382121
3,UNC79 (57578)_damaging,0.0011409069303121172
3,ATG2B (55102)_damaging,5.9888793847586604e-05
3,RTL1 (388015)_damaging,0.0
3,DYNC1H1 (1778)_damaging,0.00011800874785792899
3,KIF26A (26153)_damaging,1.8408790671001362e-05
3,INF2 (64423)_damaging,0.00013232762536121806
3,AHNAK2 (113146)_damaging,0.000746461558620764
3,ATP10A (57194)_damaging,0.00027260734749090575
3,HERC2 (8924)_damaging,0.00014417041722251288
3,ENTREP2 (23359)_damaging,1.4081232050369601e-05
3,TRPM1 (4308)_damaging,0.0001428114761319396
3,FMN1 (342184)_damaging,7.044422356834304e-06
3,RYR3 (6263)_damaging,0.001268392420082823
3,SPRED1 (161742)_damaging,0.0
3,INO80 (54617)_damaging,9.218106102540943e-05
3,LTK (4058)_damaging,0.0001316286222741598
3,TYRO3 (7301)_damaging,0.0018480994777018576
3,MGA (23269)_damaging,0.002884272431664884
3,SPTBN5 (51332)_damaging,0.0010438802471269893
3,ZNF106 (64397)_damaging,0.00013256587364942458
3,STARD9 (57519)_damaging,0.00019414841182093328
3,TP53BP1 (7158)_damaging,0.0005093379668071212
3,MAP1A (4130)_damaging,0.00011422251377174789
3,SPG11 (80208)_damaging,2.4326432836844048e-05
3,B2M (567)_damaging,9.374353966336953e-05
3,DUOX2 (50506)_damaging,3.382547677197253e-05
3,FBN1 (2200)_damaging,8.783695161203481e-05
3,TRPM7 (54822)_damaging,0.00010241300890396834
3,AP4E1 (23431)_damaging,6.467702477027468e-05
3,DMXL2 (23312)_damaging,0.00010187749870415672
3,WDR72 (256764)_damaging,8.74522753992779e-05
3,UNC13C (440279)_damaging,0.00029616198563802446
3,RFX7 (64864)_damaging,0.0008015658547630946
3,ICE2 (79664)_damaging,0.0
3,VPS13C (54832)_damaging,0.0005213352140181081
3,TLN2 (83660)_damaging,0.0
3,HERC1 (8925)_damaging,0.0018374087382395307
3,ZNF609 (23060)_damaging,3.9328867478640374e-08
3,CILP (8483)_damaging,0.000355999359360267
3,MEGF11 (84465)_damaging,0.0
3,MYO9A (4649)_damaging,0.001642519500698286
3,ARID3B (10620)_damaging,6.843804874828141e-05
3,SIN3A (25942)_damaging,0.003675134664428216
3,PEAK1 (79834)_damaging,4.581099213788575e-05
3,AP3B2 (8120)_damaging,0.0005412721714641174
3,ADAMTSL3 (57188)_damaging,9.769276637064073e-05
3,AKAP13 (11214)_damaging,2.1362264604955605e-05
3,AGBL1 (123624)_damaging,4.761833827250191e-05
3,TICRR (90381)_damaging,0.0
3,KIF7 (374654)_damaging,0.00020457556909387088
3,IQGAP1 (8826)_damaging,4.817575048595057e-06
3,BLM (641)_damaging,0.0002448797394582366
3,FES (2242)_damaging,0.0
3,CHD2 (1106)_damaging,6.967964436577795e-05
3,LRRK1 (79705)_damaging,0.00021335756817507072
3,WDR90 (197335)_damaging,2.8400432750214094e-05
3,CACNA1H (8912)_damaging,1.2826607370200303e-05
3,UNKL (64718)_damaging,7.397502557432882e-05
3,CRAMP1 (57585)_damaging,5.812659698601291e-05
3,TSC2 (7249)_damaging,0.00017897775957462686
3,PKD1 (5310)_damaging,0.00019825690648504792
3,CASKIN1 (57524)_damaging,0.0002637912178804214
3,SLX4 (84464)_damaging,0.00017858846200353548
3,CREBBP (1387)_damaging,0.008664796677972887
3,GRIN2A (2903)_damaging,0.001160617394782696
3,SMG1 (23049)_damaging,0.00010930612087042722
3,KNOP1 (400506)_damaging,0.00010359245957246016
3,DNAH3 (55567)_damaging,0.0006480194935720906
3,SCNN1B (6338)_damaging,0.00045956468122285973
3,PALB2 (79728)_damaging,9.821963384538539e-05
3,RBBP6 (5930)_damaging,0.0
3,TNRC6A (27327)_damaging,8.17973333611166e-06
3,ARHGAP17 (55114)_damaging,0.000198917608210492
3,GTF3C1 (2975)_damaging,0.0002516345671604696
3,ATXN2L (11273)_damaging,0.0005265934449881994
3,SRCAP (10847)_damaging,7.049678990889968e-05
3,SETD1A (9739)_damaging,4.2845834641043054e-05
3,ITGAD (3681)_damaging,6.089357539461745e-05
3,SALL1 (6299)_damaging,0.00016532700371737658
3,CHD9 (80205)_damaging,0.0
3,RBL2 (5934)_damaging,0.0
3,NLRC5 (84166)_damaging,5.416504026105838e-05
3,CDH8 (1006)_damaging,0.00025833540522521645
3,CDH11 (1009)_damaging,0.00023268361846783515
3,CTCF (10664)_damaging,0.0025738641240292347
3,CDH1 (999)_damaging,0.0006341493711546036
3,DHX38 (9785)_damaging,0.0007290320391335739
3,ZFHX3 (463)_damaging,0.0015897350798381353
3,GLG1 (2734)_damaging,0.0003252889321390754
3,CNTNAP4 (85445)_damaging,0.0004350734104227013
3,PKD1L2 (114780)_damaging,5.2253483112276064e-05
3,TAF1C (9013)_damaging,3.0041579295616487e-05
3,GSE1 (23199)_damaging,0.0003499184283824772
3,IRF8 (3394)_damaging,0.000466625327171866
3,ZNF469 (84627)_damaging,0.00035471858443158187
3,ZC3H18 (124245)_damaging,0.0
3,LINC02138 (400558)_damaging,0.0012869335793286969
3,ANKRD11 (29123)_damaging,0.000514431203095332
3,VPS9D1 (9605)_damaging,0.0
3,FANCA (2175)_damaging,6.626136053242232e-05
3,CLUH (23277)_damaging,7.204749686070245e-05
3,SPATA22 (84690)_damaging,0.0028063624267357684
3,ZZEF1 (23140)_damaging,3.6837650082605124e-05
3,USP6 (9098)_damaging,0.00015544512339436817
3,FXR2 (9513)_damaging,0.00014064660287399223
3,TP53 (7157)_damaging,0.162407421040871
3,DNAH2 (146754)_damaging,1.22490541556813e-05
3,KDM6B (23135)_damaging,0.0016449457923474956
3,CHD3 (1107)_damaging,0.0
3,ALOX12B (242)_damaging,2.6138205390822852e-05
3,PER1 (5187)_damaging,0.00019441683133130272
3,PFAS (5198)_damaging,7.21823790404452e-05
3,MYH13 (8735)_damaging,0.00018260897653671736
3,MYH8 (4626)_damaging,0.00019032482857868146
3,MYH1 (4619)_damaging,0.0010298646478602241
3,MYH2 (4620)_damaging,0.00032559728926761974
3,DNAH9 (1770)_damaging,0.001572682760342541
3,MYOCD (93649)_damaging,0.00015214111277310884
3,NCOR1 (9611)_damaging,0.00032210609554361226
3,FLCN (201163)_damaging,1.3372678454145766e-05
3,MYO15A (51168)_damaging,0.000412528978318872
3,SPECC1 (92521)_damaging,0.0002544465294816743
3,KSR1 (8844)_damaging,0.00036334113239915576
3,MYO18A (399687)_damaging,3.0231932680163552e-05
3,EFCAB5 (374786)_damaging,0.0001234479243246097
3,ATAD5 (79915)_damaging,1.8365864724640465e-06
3,NF1 (4763)_damaging,0.0056101856290254595
3,SUZ12 (23512)_damaging,0.0001682155715434327
3,SLFN11 (91607)_damaging,0.0002652636851195296
3,ACACA (31)_damaging,0.0001056152575218369
3,GPR179 (440435)_damaging,5.351063382696107e-05
3,SRCIN1 (80725)_damaging,0.0
3,TOP2A (7153)_damaging,0.00015694754222159296
3,KCNH4 (23415)_damaging,0.00016649546800016823
3,BRCA1 (672)_damaging,0.0006625530060239062
3,ITGA2B (3674)_damaging,0.0010144298079668376
3,GPATCH8 (23131)_damaging,0.00017524802057912955
3,KANSL1 (284058)_damaging,0.0004816457674506704
3,COL1A1 (1277)_damaging,0.00011374331056068326
3,CACNA1G (8913)_damaging,0.0001929909297219331
3,TSPOAP1 (9256)_damaging,0.0
3,RNF43 (54894)_damaging,0.0005607313953869108
3,MED13 (9969)_damaging,0.0
3,MRC2 (9902)_damaging,0.00025334019449618983
3,SCN4A (6329)_damaging,0.00017001207541019527
3,GNA13 (10672)_damaging,0.008908173247657528
3,AXIN2 (8313)_damaging,1.1612367768259583e-05
3,BPTF (2186)_damaging,5.081369941391845e-05
3,ABCA8 (10351)_damaging,0.00036787368694655086
3,ABCA9 (10350)_damaging,0.0015057707699065778
3,ABCA6 (23460)_damaging,3.9063121706586285e-05
3,ABCA10 (10349)_damaging,0.00020947706109156924
3,ABCA5 (23461)_damaging,0.0003355878032012747
3,SOX9 (6662)_damaging,0.0
3,SDK2 (54549)_damaging,0.0
3,TMEM94 (9772)_damaging,0.0
3,CASKIN2 (57513)_damaging,0.00015679898576099934
3,MYO15B (80022)_damaging,7.905403694093624e-05
3,ITGB4 (3691)_damaging,0.001236844791254833
3,SPHK1 (8877)_damaging,0.00011807383502257096
3,TNRC6C (57690)_damaging,0.00018523198544574787
3,DNAH17 (8632)_damaging,0.00033194638850645185
3,RPTOR (57521)_damaging,0.00016897949029783918
3,BAHCC1 (57597)_damaging,0.00013627488665627052
3,FASN (2194)_damaging,0.0004379611888494132
3,NARF (26502)_damaging,0.0
3,SMCHD1 (23347)_damaging,6.952700227618255e-05
3,LAMA1 (284217)_damaging,0.00013428080097009832
3,PTPRM (5797)_damaging,8.807384893679502e-05
3,ANKRD12 (23253)_damaging,0.0
3,PIEZO2 (63895)_damaging,0.0006338640736853851
3,ANKRD30B (374860)_damaging,0.0003057617854338264
3,ROCK1 (6093)_damaging,0.00028395463133288115
3,GREB1L (80000)_damaging,0.0
3,OSBPL1A (114876)_damaging,0.0005285899369389509
3,CCDC178 (374864)_damaging,0.0
3,ASXL3 (80816)_damaging,4.768869486095421e-05
3,FHOD3 (80206)_damaging,0.0003355903267514433
3,SETBP1 (26040)_damaging,0.0019501279684094957
3,EPG5 (57724)_damaging,7.322967054662819e-05
3,LOXHD1 (125336)_damaging,0.00016445035270989334
3,SKOR2 (652991)_damaging,0.00013044898332709187
3,ZBTB7C (201501)_damaging,0.0
3,SMAD4 (4089)_damaging,0.0076771934492265315
3,DCC (1630)_damaging,5.26688792564356e-05
3,ALPK2 (115701)_damaging,0.0006000579285689095
3,CDH7 (1005)_damaging,0.0002704630137768794
3,DSEL (92126)_damaging,0.0
3,RTTN (25914)_damaging,0.0
3,CBLN2 (147381)_damaging,0.0002891801694652153
3,ZNF236 (7776)_damaging,0.0007594957514046461
3,SALL3 (27164)_damaging,0.00019002725638839866
3,ATP9B (374868)_damaging,0.0001286011775659056
3,KCNG2 (26251)_damaging,0.00020713857475384033
3,ABCA7 (10347)_damaging,6.925642207308402e-05
3,STK11 (6794)_damaging,0.0064075647234179195
3,TCF3 (6929)_damaging,0.00022152889494369638
3,AP3D1 (8943)_damaging,4.121151315034119e-05
3,DOT1L (84444)_damaging,0.00013545589416863772
3,ZBTB7A (51341)_damaging,0.0
3,TICAM1 (148022)_damaging,0.0
3,KDM4B (23030)_damaging,0.00022045556632406372
3,PTPRS (5802)_damaging,8.88675704771579e-05
3,SAFB2 (9667)_damaging,0.0
3,SAFB (6294)_damaging,4.2686505157811836e-07
3,CAMSAP3 (57662)_damaging,0.00031362249220002716
3,MAP2K7 (5609)_damaging,0.00011112512612041895
3,FBN3 (84467)_damaging,1.6446916193900706e-05
3,MUC16 (94025)_damaging,0.0016953009861667852
3,COL5A3 (50509)_damaging,0.00015703318012678203
3,DNMT1 (1786)_damaging,0.00020529384567498048
3,KEAP1 (9817)_damaging,0.0019696282814405013
3,DNM2 (1785)_damaging,0.00012497938607502034
3,SMARCA4 (6597)_damaging,0.0012444575454332318
3,CACNA1A (773)_damaging,0.0004902526084127534
3,NOTCH3 (4854)_damaging,0.0004361437704483102
3,BRD4 (23476)_damaging,0.0
3,WIZ (58525)_damaging,8.20349100148587e-05
3,SIN3B (23309)_damaging,0.00011419353607452405
3,CPAMD8 (27151)_damaging,0.0
3,ZNF429 (353088)_damaging,0.0
3,ZNF43 (7594)_damaging,3.333610337141557e-05
3,ZNF208 (7757)_damaging,5.272808303934578e-05
3,ZNF729 (100287226)_damaging,0.0008277608593264449
3,ZNF99 (7652)_damaging,0.00013276038864818012
3,TSHZ3 (57616)_damaging,0.0001299793677102926
3,KMT2B (9757)_damaging,0.0016988214862394516
3,NPHS1 (4868)_damaging,3.08678423356697e-05
3,WDR87 (83889)_damaging,0.001136364827811887
3,RYR1 (6261)_damaging,0.0005340549304400224
3,PAF1 (54623)_damaging,4.695230635178668e-05
3,FCGBP (8857)_damaging,0.0008683458500018171
3,PRX (57716)_damaging,0.0001928439324613027
3,SPTBN4 (57731)_damaging,0.00011524402636224226
3,HNRNPUL1 (11100)_damaging,0.00012738377793445262
3,ERF (2077)_damaging,4.059122541693658e-05
3,CIC (23152)_damaging,0.00041291584858094274
3,MEGF8 (1954)_damaging,2.8347955088967083e-05
3,ARHGAP35 (2909)_damaging,0.00035830670406941667
3,BICRA (29998)_damaging,0.0003707249466141177
3,LMTK3 (114783)_damaging,0.00017644762528438407
3,TRPM4 (54795)_damaging,0.0
3,PRR12 (57479)_damaging,0.0
3,SCAF1 (58506)_damaging,0.0
3,POLD1 (5424)_damaging,0.0
3,SHANK1 (50944)_damaging,0.0
3,BRSK1 (84446)_damaging,0.00030451100628629444
3,SSC5D (284297)_damaging,4.980531663901579e-05
3,NLRP9 (338321)_damaging,0.00022764800326262623
3,NLRP4 (147945)_damaging,0.0004781683121593824
3,PEG3 (5178)_damaging,0.00012045803442608895
3,ZIM3 (114026)_damaging,8.554944271620556e-05
3,TPO (7173)_damaging,5.739981021793346e-05
3,MYT1L (23040)_damaging,0.00011427237083809365
3,ROCK2 (9475)_damaging,6.02453036022487e-06
3,GREB1 (9687)_damaging,0.0003920331109509066
3,NBAS (51594)_damaging,0.0006512717656134863
3,RAD51AP2 (729475)_damaging,2.8608829476216586e-05
3,APOB (338)_damaging,0.0006104136632029392
3,TDRD15 (100129278)_damaging,0.00027029144095354406
3,ATAD2B (54454)_damaging,0.0
3,ITSN2 (50618)_damaging,0.00029728871814854756
3,DNMT3A (1788)_damaging,0.0008567275937065346
3,ASXL2 (55252)_damaging,0.00012307225041215675
3,OTOF (9381)_damaging,5.247668717761982e-05
3,CAD (790)_damaging,0.0003542994484223768
3,IFT172 (26160)_damaging,0.00011332948076104024
3,SPATA31H1 (84226)_damaging,0.0006181042489663207
3,ALK (238)_damaging,0.00032703852812479035
3,BIRC6 (57448)_damaging,0.0005265941645506408
3,ZFP36L2 (678)_damaging,0.0002800415053427719
3,THADA (63892)_damaging,5.238338613343994e-05
3,MSH2 (4436)_damaging,0.000683080606338513
3,MSH6 (2956)_damaging,0.000511277461910343
3,FBXO11 (80204)_damaging,0.001992740941478766
3,NRXN1 (9378)_damaging,0.0006273311742999773
3,SPTBN1 (6711)_damaging,0.0001130375856651649
3,EML6 (400954)_damaging,0.0006068878964555747
3,CCDC88A (55704)_damaging,0.0003393493951401765
3,BCL11A (53335)_damaging,0.0
3,USP34 (9736)_damaging,0.00016032884166525895
3,ZNF638 (27332)_damaging,0.00023608371631456403
3,DYSF (8291)_damaging,0.0006054847278782105
3,ALMS1 (7840)_damaging,0.0004639711428636314
3,LOXL3 (84695)_damaging,0.0
3,CTNNA2 (1496)_damaging,0.00046914109383975434
3,DNAH6 (1768)_damaging,0.0002982197159473603
3,POLR1A (25885)_damaging,0.0
3,VWA3B (200403)_damaging,0.00014489060954555268
3,EIF5B (9669)_damaging,0.00012901349280503
3,DPP10 (57628)_damaging,9.974436214647836e-05
3,MARCO (8685)_damaging,8.926826094407036e-05
3,CLASP1 (23332)_damaging,0.00010477120044284761
3,CNTNAP5 (129684)_damaging,0.0001612753499367937
3,WDR33 (55339)_damaging,0.0
3,SAP130 (79595)_damaging,0.0
3,UGGT1 (56886)_damaging,3.667178865177235e-05
3,ARHGEF4 (50649)_damaging,0.0001679851773941195
3,NCKAP5 (344148)_damaging,0.0001738211644625648
3,THSD7B (80731)_damaging,0.001118436356736496
3,LRP1B (53353)_damaging,0.009560629997041423
3,ACVR2A (92)_damaging,0.0002433240761250812
3,RIF1 (55183)_damaging,0.0
3,NEB (4703)_damaging,0.0017724804435006426
3,BAZ2B (29994)_damaging,0.00010090818490455391
3,LY75 (4065)_damaging,7.167655555766744e-05
3,PLA2R1 (22925)_damaging,0.0
3,SLC4A10 (57282)_damaging,0.00011876700428621149
3,KCNH7 (90134)_damaging,0.0003799597712670992
3,FIGN (55137)_damaging,0.00018053367418495025
3,SCN3A (6328)_damaging,0.00015019628660700938
3,SCN2A (6326)_damaging,0.00462155688247964
3,TTC21B (79809)_damaging,0.0
3,SCN1A (6323)_damaging,2.986925943621611e-05
3,SCN9A (6335)_damaging,0.00023181069177597474
3,SCN7A (6332)_damaging,0.0009568825297838014
3,XIRP2 (129446)_damaging,0.0033396200074600787
3,LRP2 (4036)_damaging,0.0005121693729596847
3,PPIG (9360)_damaging,9.439144331464191e-05
3,CFAP210 (129881)_damaging,0.0001907988559377133
3,GPR155 (151556)_damaging,0.0002677478328218755
3,TTN (7273)_damaging,0.01898133081665864
3,CCDC141 (285025)_damaging,5.34844847116782e-05
3,ITGA4 (3676)_damaging,7.509402492751003e-05
3,FSIP2 (401024)_damaging,0.004294635430679695
3,COL3A1 (1281)_damaging,0.00025381561235741874
3,COL5A2 (1290)_damaging,0.001239093004250345
3,ANKAR (150709)_damaging,0.0
3,MYO1B (4430)_damaging,0.0001608543501039917
3,DNAH7 (56171)_damaging,0.0017535350273653516
3,HECW2 (57520)_damaging,0.0
3,PLCL1 (5334)_damaging,0.0
3,SGO2 (151246)_damaging,0.0
3,CASP8 (841)_damaging,0.0002351585665530268
3,BMPR2 (659)_damaging,0.0001259874589451762
3,NBEAL1 (65065)_damaging,0.00026815256974578816
3,NRP2 (8828)_damaging,0.0
3,INO80D (54891)_damaging,0.00033906453448143923
3,ZDBF2 (57683)_damaging,0.0005060920624232012
3,MAP2 (4133)_damaging,0.00011290134024269388
3,UNC80 (285175)_damaging,0.0010533935077271489
3,CPS1 (1373)_damaging,0.00025135877390866255
3,ERBB4 (2066)_damaging,4.5964229352948026e-05
3,ABCA12 (26154)_damaging,0.0012475933959791396
3,FN1 (2335)_damaging,0.0003849552656418832
3,CFAP65 (255101)_damaging,0.0001945061026749444
3,SLC23A3 (151295)_damaging,0.00023920379966429735
3,SPEG (10290)_damaging,0.00031752979836803253
3,SLC4A3 (6508)_damaging,0.00025592507029555594
3,IRS1 (3667)_damaging,9.97669244565697e-06
3,COL4A4 (1286)_damaging,0.0007168200276519282
3,SPHKAP (80309)_damaging,2.4031239550992955e-05
3,GIGYF2 (26058)_damaging,9.124413622300649e-05
3,MROH2A (339766)_damaging,0.0
3,COL6A3 (1293)_damaging,0.0003465059758491481
3,HDAC4 (9759)_damaging,8.416169452326104e-05
3,KIF1A (547)_damaging,0.00014057506381342022
3,FASTKD5 (60493)_damaging,4.1398648928241674e-05
3,SLC4A11 (83959)_damaging,0.0
3,PLCB4 (5332)_damaging,0.00030509571244873235
3,RRBP1 (6238)_damaging,0.0
3,RALGAPA2 (57186)_damaging,9.506234322109336e-05
3,CD93 (22918)_damaging,0.00022359420856970114
3,ASXL1 (171023)_damaging,0.004609489746754342
3,NCOA6 (23054)_damaging,8.852826389884943e-06
3,MYH7B (57644)_damaging,0.0006471598725680705
3,CEP250 (11190)_damaging,0.0
3,KIAA1755 (85449)_damaging,0.00017397515342824544
3,LBP (3929)_damaging,0.0001948509261412955
3,PTPRT (11122)_damaging,0.0021429088620463018
3,DDX27 (55661)_damaging,3.443717050755857e-05
3,KCNB1 (3745)_damaging,0.0
3,ZNF831 (128611)_damaging,0.0002671608391451897
3,SYCP2 (10388)_damaging,0.0001248179610988969
3,LAMA5 (3911)_damaging,0.0006933500980552682
3,DIDO1 (11083)_damaging,0.0016533039053666584
3,COL20A1 (57642)_damaging,0.0005808993032505312
3,HELZ2 (85441)_damaging,0.00023579549493934874
3,TPTE (7179)_damaging,0.0001398601146793041
3,NRIP1 (8204)_damaging,0.00020116833599665148
3,LTN1 (26046)_damaging,0.00020742496867731124
3,USP16 (10600)_damaging,1.2899836426250424e-06
3,SCAF4 (57466)_damaging,0.0008268218609182543
3,ITSN1 (6453)_damaging,0.0001614764483233059
3,DOP1B (9980)_damaging,0.000306610952800221
3,BRWD1 (54014)_damaging,0.00033148942150449
3,DSCAM (1826)_damaging,0.0009839282830235473
3,TRPM2 (7226)_damaging,0.000250056606654089
3,COL18A1 (80781)_damaging,0.0
3,PCNT (5116)_damaging,0.00010277316129048328
3,CECR2 (27443)_damaging,3.787215307554146e-05
3,ZDHHC8 (29801)_damaging,0.0
3,MED15 (51586)_damaging,1.3997423277946108e-05
3,LZTR1 (8216)_damaging,0.0001748077646425179
3,SMARCB1 (6598)_damaging,0.0020294786944695816
3,MYO18B (84700)_damaging,9.593225413037541e-05
3,MN1 (4330)_damaging,5.839094275862883e-05
3,NF2 (4771)_damaging,0.002875508824077825
3,PRR14L (253143)_damaging,6.471249306889848e-05
3,DEPDC5 (9681)_damaging,0.0
3,MYH9 (4627)_damaging,0.0006106729512685094
3,CSF2RB (1439)_damaging,0.00014325116701210779
3,TRIOBP (11078)_damaging,0.0003036439130654851
3,CACNA1I (8911)_damaging,0.0005182918528904192
3,TNRC6B (23112)_damaging,4.080605139973411e-05
3,EP300 (2033)_damaging,0.002200111467827707
3,ZC3H7B (23264)_damaging,0.0
3,TCF20 (6942)_damaging,0.00027640301448761536
3,SMC1B (27127)_damaging,0.0
3,PKDREJ (10343)_damaging,2.430275476934498e-05
3,PLXNB2 (23654)_damaging,0.00044792787878732566
3,PPP6R2 (9701)_damaging,2.614988319026974e-05
3,SBF1 (6305)_damaging,0.0
3,CHL1 (10752)_damaging,0.00028813947945827395
3,CNTN6 (27255)_damaging,6.964222144668458e-05
3,CNTN4 (152330)_damaging,0.00030206319200706464
3,GRM7 (2917)_damaging,0.00017519675920355936
3,SSUH2 (51066)_damaging,0.0
3,VHL (7428)_damaging,0.0013204737465651259
3,IQSEC1 (9922)_damaging,7.754508442086309e-05
3,TGFBR2 (7048)_damaging,0.00445701677382377
3,CLASP2 (23122)_damaging,3.814384811731271e-05
3,TRANK1 (9881)_damaging,0.000779683715415124
3,MLH1 (4292)_damaging,4.263394878344957e-05
3,GOLGA4 (2803)_damaging,0.0013560760428954343
3,SCN11A (11280)_damaging,0.00019694539569390103
3,KIF15 (56992)_damaging,0.0
3,SETD2 (29072)_damaging,0.00046132892021040007
3,PTPN23 (25930)_damaging,0.00013647594171606857
3,PLXNB1 (5364)_damaging,0.00014675043852016564
3,COL7A1 (1294)_damaging,0.0020239387704944546
3,CELSR3 (1951)_damaging,0.00018870241238542226
3,RHOA (387)_damaging,0.000310963552040165
3,BSN (8927)_damaging,0.00034057215576161604
3,RBM6 (10180)_damaging,0.0
3,DOCK3 (1795)_damaging,0.0005844372477236471
3,DNAH1 (25981)_damaging,0.0006245501741448722
3,BAP1 (8314)_damaging,0.0026576321372846867
3,STAB1 (23166)_damaging,2.760838085942886e-05
3,PBRM1 (55193)_damaging,0.0008216223002943417
3,CACNA1D (776)_damaging,4.858075788052297e-05
3,DNAH12 (201625)_damaging,0.0005753856324955257
3,FLNB (2317)_damaging,0.00011991133465663426
3,PTPRG (5793)_damaging,0.0004902555973382649
3,ATXN7 (6314)_damaging,0.0001704032532504785
3,ADAMTS9 (56999)_damaging,0.0
3,CNTN3 (5067)_damaging,9.024581648989669e-05
3,ROBO2 (6092)_damaging,0.0004476416321447404
3,ROBO1 (6091)_damaging,0.00014155842791801218
3,EPHA3 (2042)_damaging,0.00043740756712195303
3,CRYBG3 (131544)_damaging,0.000996858465174821
3,ABI3BP (25890)_damaging,0.0
3,MYH15 (22989)_damaging,9.434217633107805e-05
3,DZIP3 (9666)_damaging,0.0
3,NECTIN3 (25945)_damaging,0.0
3,ZBTB20 (26137)_damaging,0.0005370210760233859
3,CFAP91 (89876)_damaging,0.00021964435313856671
3,POLQ (10721)_damaging,0.00033085833484907453
3,GOLGB1 (2804)_damaging,0.0
3,KALRN (8997)_damaging,0.0036715789967437223
3,MBD4 (8930)_damaging,0.0
3,COL6A5 (256076)_damaging,0.00030627434970896853
3,DNAJC13 (23317)_damaging,6.153886647882072e-05
3,TOPBP1 (11073)_damaging,0.0006812721579470959
3,XRN1 (54464)_damaging,0.0
3,ATR (545)_damaging,0.0013574776030274196
3,HPS3 (84343)_damaging,0.0003036623610370043
3,MED12L (116931)_damaging,0.0007385051016020931
3,IGSF10 (285313)_damaging,6.089966179029928e-05
3,MME (4311)_damaging,0.0
3,SMC4 (10051)_damaging,3.1258260373536165e-05
3,SI (6476)_damaging,0.0003157477553819313
3,MECOM (2122)_damaging,6.17357397793024e-05
3,TNIK (23043)_damaging,0.0
3,SPATA16 (83893)_damaging,0.0
3,USP13 (8975)_damaging,8.014467249481527e-05
3,ATP13A5 (344905)_damaging,0.0010983040981784864
3,MUC4 (4585)_damaging,0.0007491310806555471
3,TNK2 (10188)_damaging,0.0
3,GAK (2580)_damaging,0.00012466742557311577
3,NSD2 (7468)_damaging,0.0025707221877839933
3,FAM193A (8603)_damaging,3.7125493012064714e-05
3,HTT (3064)_damaging,3.2555822461272253e-05
3,UNC93B7 (100887746)_damaging,0.00023196107000433163
3,CPEB2 (132864)_damaging,0.0002603634727171816
3,PCDH7 (5099)_damaging,0.00014222339657486797
3,RFC1 (5981)_damaging,0.0
3,LIMCH1 (22998)_damaging,0.0002533928762866046
3,BEND4 (389206)_damaging,0.0003717644054285442
3,ATP8A1 (10396)_damaging,0.0
3,CORIN (10699)_damaging,0.0001595023900956546
3,FRYL (285527)_damaging,6.680462273431148e-08
3,KDR (3791)_damaging,0.000604621359966104
3,POLR2B (5431)_damaging,0.0
3,ADGRL3 (23284)_damaging,4.3901303217346046e-05
3,EPHA5 (2044)_damaging,0.0
3,CENPC (1060)_damaging,9.670391436904173e-05
3,UGT2B28 (54490)_damaging,3.069456347470703e-05
3,ADAMTS3 (9508)_damaging,4.949465208053851e-05
3,SHROOM3 (57619)_damaging,0.0
3,FRAS1 (80144)_damaging,0.0004309721434830903
3,WDFY3 (23001)_damaging,0.0017631589794920364
3,ARHGAP24 (83478)_damaging,0.0
3,PTPN13 (5783)_damaging,0.00016470725413520577
3,AFF1 (4299)_damaging,9.184901966839931e-05
3,ABCG2 (9429)_damaging,2.3068105938981603e-05
3,GRID2 (2895)_damaging,4.059402933043645e-05
3,SMARCAD1 (56916)_damaging,0.0005420046185673701
3,UNC5C (8633)_damaging,4.884803661924648e-05
3,CENPE (1062)_damaging,0.0
3,TET2 (54790)_damaging,0.0010161201198328417
3,COL25A1 (84570)_damaging,9.368790817564254e-05
3,ANK2 (287)_damaging,0.00046680401125631605
3,BLTP1 (84162)_damaging,0.0015311899261538267
3,FAT4 (79633)_damaging,4.9179500074650666e-05
3,SCLT1 (132320)_damaging,0.0
3,NAA15 (80155)_damaging,0.00017313440884517465
3,LRBA (987)_damaging,0.001982646607336466
3,FBXW7 (55294)_damaging,0.0012462863328192638
3,DCHS2 (54798)_damaging,0.0006001231242780768
3,MAP9 (79884)_damaging,0.00026937401679163125
3,RAPGEF2 (9693)_damaging,0.0
3,FSTL5 (56884)_damaging,0.0001833669980667011
3,DDX60 (55601)_damaging,0.0
3,WDR17 (116966)_damaging,9.427605936642844e-05
3,TENM3 (55714)_damaging,0.00021087195854476863
3,WWC2 (80014)_damaging,0.00010480846701636379
3,SORBS2 (8470)_damaging,2.005518885902655e-06
3,FAT1 (2195)_damaging,0.007294527702932551
3,SDHA (6389)_damaging,0.0030198286269811536
3,SLC12A7 (10723)_damaging,4.5266467461077805e-05
3,TERT (7015)_damaging,0.0016861161260834073
3,ADAMTS16 (170690)_damaging,0.0001622480724984774
3,ICE1 (23379)_damaging,0.0
3,SEMA5A (9037)_damaging,0.0
3,DNAH5 (1767)_damaging,0.0041362838759536865
3,TRIO (7204)_damaging,0.0004281600751653961
3,CDH18 (1016)_damaging,0.0011159979607997062
3,CDH12 (1010)_damaging,9.61353761441179e-06
3,PRDM9 (56979)_damaging,0.0
3,CDH10 (1008)_damaging,0.000453837905468508
3,CDH6 (1004)_damaging,0.0
3,PDZD2 (23037)_damaging,9.095820906429984e-05
3,ADAMTS12 (81792)_damaging,0.0011936257681301747
3,SPEF2 (79925)_damaging,0.000891913238162621
3,NIPBL (25836)_damaging,8.459675462011912e-05
3,CPLANE1 (65250)_damaging,0.0005364573223611554
3,EGFLAM (133584)_damaging,0.0
3,C7 (730)_damaging,0.00039696034213006676
3,MROH2B (133558)_damaging,0.0007491309358137548
3,C6 (729)_damaging,0.0006164873893515292
3,HCN1 (348980)_damaging,0.0001485118175563169
3,ZSWIM6 (57688)_damaging,5.651721592032808e-05
3,PIK3R1 (5295)_damaging,0.0005893369117553398
3,RAD17 (5884)_damaging,0.00047213913468903954
3,BDP1 (55814)_damaging,4.589968418269416e-05
3,MAP1B (4131)_damaging,0.0001431717690694173
3,ARHGEF28 (64283)_damaging,0.001490549653418105
3,ANKRD31 (256006)_damaging,0.0
3,AGGF1 (55109)_damaging,6.177714134031296e-05
3,AP3B1 (8546)_damaging,0.0
3,CMYA5 (202333)_damaging,0.002042833176768769
3,MSH3 (4437)_damaging,0.0029883795757041083
3,VCAN (1462)_damaging,0.00011242146475594685
3,RASA1 (5921)_damaging,0.00039703755969875093
3,ADGRV1 (84059)_damaging,0.0007433281376598335
3,MCTP1 (79772)_damaging,0.00013594272618826177
3,SKIC3 (9652)_damaging,0.0
3,ARSK (153642)_damaging,6.142195832562013e-05
3,PCSK1 (5122)_damaging,0.0
3,APC (324)_damaging,0.012217286824970195
3,DMXL1 (1657)_damaging,0.00016946572270927395
3,ZNF608 (57507)_damaging,8.610229244156801e-05
3,FBN2 (2201)_damaging,0.0004424921400616848
3,FNIP1 (96459)_damaging,0.0006384253113907973
3,RAD50 (10111)_damaging,0.002381878123499921
3,AFF4 (27125)_damaging,4.993109357079653e-05
3,PITX1 (5307)_damaging,0.008461286044469368
3,LINC02900 (340073)_damaging,0.0013062669422468263
3,CTNNA1 (1495)_damaging,0.0036671633196560965
3,ANKHD1 (54882)_damaging,7.592761966634087e-05
3,WDR55 (54853)_damaging,0.0002420567437203841
3,PCDHB4 (56131)_damaging,0.00037348420713590195
3,NR3C1 (2908)_damaging,0.0006827078194223611
3,TCERG1 (10915)_damaging,0.0002585107317524438
3,FBXO38 (81545)_damaging,5.241598086041975e-05
3,FAT2 (2196)_damaging,0.0020385559485824947
3,GRIA1 (2890)_damaging,0.0001435165911264427
3,LARP1 (23367)_damaging,0.0
3,GABRG2 (2566)_damaging,0.0003970614708097391
3,SLIT3 (6586)_damaging,0.0
3,DOCK2 (1794)_damaging,0.0
3,NSD1 (64324)_damaging,0.0010387988241875815
3,ADAMTS2 (9509)_damaging,0.00011732143895371017
3,FLT4 (2324)_damaging,0.0006008133983650592
3,DSP (1832)_damaging,0.0002988404174591746
3,HIVEP1 (3096)_damaging,8.000191741080494e-05
3,PHACTR1 (221692)_damaging,4.918276947822953e-05
3,JARID2 (3720)_damaging,6.667199965586255e-05
3,ATXN1 (6310)_damaging,0.0
3,GABBR1 (2550)_damaging,0.0006949143938679609
3,HLA-A (3105)_damaging,0.002003475401620607
3,MDC1 (9656)_damaging,0.0008082211730494361
3,VARS2 (57176)_damaging,7.49557750513836e-05
3,MUCL3 (135656)_damaging,8.498317720756971e-05
3,MUC22 (100507679)_damaging,0.0001058512911350849
3,HLA-C (3107)_damaging,5.2121811659406906e-05
3,HLA-B (3106)_damaging,0.0015461304828850411
3,PRRC2A (7916)_damaging,0.00036165475544454323
3,TNXB (7148)_damaging,0.0
3,NOTCH4 (4855)_damaging,0.00021611418218168727
3,COL11A2 (1302)_damaging,4.730951910074638e-05
3,DNAH8 (1769)_damaging,0.002416544719136996
3,CCND3 (896)_damaging,0.0049928779874092635
3,ZNF318 (24149)_damaging,0.00010425563418697505
3,TDRD6 (221400)_damaging,0.0001214270396582769
3,MMUT (4594)_damaging,0.0
3,PKHD1 (5314)_damaging,0.00041363999000984747
3,FAM83B (222584)_damaging,3.9447328917295036e-05
3,DST (667)_damaging,0.0005016239986358558
3,PHF3 (23469)_damaging,0.0005726595123391714
3,EYS (346007)_damaging,0.0008627738981534573
3,ADGRB3 (577)_damaging,0.00021551986088412257
3,COL19A1 (1310)_damaging,0.0
3,COL9A1 (1297)_damaging,7.451420583167293e-05
3,RIMS1 (22999)_damaging,0.0
3,COL12A1 (1303)_damaging,0.000122716948556034
3,TTK (7272)_damaging,7.591813171599816e-05
3,CEP162 (22832)_damaging,0.00016787578770314165
3,ZNF292 (23036)_damaging,0.0006553642698539901
3,MDN1 (23195)_damaging,0.0002722197932293297
3,CASP8AP2 (9994)_damaging,0.0
3,EPHA7 (2045)_damaging,0.001187307520199534
3,MMS22L (253714)_damaging,0.00022065524281644712
3,PNISR (25957)_damaging,0.0
3,ASCC3 (10973)_damaging,0.00037888043753206836
3,AK9 (221264)_damaging,0.0001361893768668446
3,REV3L (5980)_damaging,5.437307149127001e-05
3,HDAC2 (3066)_damaging,0.0005280984451697866
3,ROS1 (6098)_damaging,0.0012686374417795047
3,TBC1D32 (221322)_damaging,0.0004029954401653485
3,LAMA2 (3908)_damaging,0.00018740307618394904
3,MED23 (9439)_damaging,2.133858367411611e-05
3,ARFGEF3 (57221)_damaging,0.0001123635607385125
3,ECT2L (345930)_damaging,0.0020658705948149625
3,HIVEP2 (3097)_damaging,0.0003187298909993452
3,UTRN (7402)_damaging,0.00041445534296508395
3,SHPRH (257218)_damaging,0.0
3,ADGB (79747)_damaging,0.00023331926581070906
3,STXBP5 (134957)_damaging,0.0
3,SYNE1 (23345)_damaging,0.002291262433858115
3,SCAF8 (22828)_damaging,7.656022539781071e-05
3,ARID1B (57492)_damaging,0.0009766290781430481
3,FNDC1 (84624)_damaging,3.632277844651826e-05
3,MAP3K4 (4216)_damaging,0.001337551662171806
3,QKI (9444)_damaging,0.0006046811619281088
3,AFDN (4301)_damaging,9.708176929820504e-05
3,CARD11 (84433)_damaging,0.0
3,TNRC18 (84629)_damaging,9.797134919822127e-05
3,PMS2 (5395)_damaging,0.00134535261404192
3,COL28A1 (340267)_damaging,8.236559620530976e-05
3,THSD7A (221981)_damaging,0.00012223851673315718
3,VWDE (221806)_damaging,0.00039235294341955775
3,DGKB (1607)_damaging,6.28879894071687e-05
3,AHR (196)_damaging,0.00026108763471276094
3,ABCB5 (340273)_damaging,0.0020485027069123488
3,DNAH11 (8701)_damaging,0.0005092077472175621
3,RAPGEF5 (9771)_damaging,0.0
3,STK31 (56164)_damaging,0.0006162343247833605
3,CDK13 (8621)_damaging,8.891762724278353e-05
3,GLI3 (2737)_damaging,0.0003087132927876126
3,HECW1 (23072)_damaging,5.736458517048485e-05
3,AEBP1 (165)_damaging,5.1661895891021103e-05
3,PKD1L1 (168507)_damaging,0.0003845251198013297
3,ABCA13 (154664)_damaging,0.003047417801010251
3,IKZF1 (10320)_damaging,0.0
3,FIGNL1 (63979)_damaging,0.0
3,DDC (1644)_damaging,0.0
3,ZNF722 (100419780)_damaging,4.551776382071624e-05
3,AUTS2 (26053)_damaging,0.0
3,MAGI2 (9863)_damaging,4.4272081601843906e-05
3,CD36 (948)_damaging,0.00013052911734358114
3,PCLO (27445)_damaging,0.002320143152766321
3,SEMA3E (9723)_damaging,0.0010229658493374812
3,ABCB4 (5244)_damaging,5.6281348153211154e-05
3,ZNF804B (219578)_damaging,3.6918207433135726e-05
3,AKAP9 (10142)_damaging,0.0017925070701930296
3,ANKIB1 (54467)_damaging,0.0
3,SAMD9 (54809)_damaging,0.0002331475539052147
3,SAMD9L (219285)_damaging,0.00034180892039520534
3,CALCR (799)_damaging,6.570920246389117e-05
3,COL1A2 (1278)_damaging,0.00035975458327306954
3,SLC25A13 (10165)_damaging,0.0
3,TRRAP (8295)_damaging,0.0001601318024560583
3,GIGYF1 (64599)_damaging,3.614663050383049e-05
3,ZAN (7455)_damaging,0.0003135343458881922
3,EPHB4 (2050)_damaging,0.0
3,MUC12 (10071)_damaging,5.690296945878872e-05
3,MUC17 (140453)_damaging,0.0005872121968883996
3,PLOD3 (8985)_damaging,0.0
3,CUX1 (1523)_damaging,0.00021078219030837782
3,RELN (5649)_damaging,0.0004768291278282263
3,KMT2E (55904)_damaging,0.0
3,PIK3CG (5294)_damaging,0.00023946160521292438
3,LAMB4 (22798)_damaging,0.0001400395304178388
3,DOCK4 (9732)_damaging,3.948851007762198e-05
3,PPP1R3A (5506)_damaging,0.00021659775150271497
3,CTTNBP2 (83992)_damaging,0.00015974638624606426
3,PTPRZ1 (5803)_damaging,0.0002814463811343471
3,CADPS2 (93664)_damaging,0.0
3,POT1 (25913)_damaging,0.00036706316987090027
3,GRM8 (2918)_damaging,0.00016663393077655868
3,FLNC (2318)_damaging,0.00010078525648441707
3,PLXNA4 (91584)_damaging,0.0011646905542002076
3,LRGUK (136332)_damaging,0.00021245774395147046
3,NUP205 (23165)_damaging,0.0
3,TRIM24 (8805)_damaging,0.00014731153767924476
3,KIAA1549 (57670)_damaging,0.0
3,MGAM (8972)_damaging,0.0007847886039810639
3,MGAM2 (93432)_damaging,0.0
3,EPHB6 (2051)_damaging,4.763107671639467e-05
3,KEL (3792)_damaging,0.0006599316728299091
3,NOBOX (135935)_damaging,0.0
3,CNTNAP2 (26047)_damaging,0.00016973552646181697
3,AOC1 (26)_damaging,0.00013439524211365363
3,NOS3 (4846)_damaging,0.00014943795206517966
3,KMT2C (58508)_damaging,0.0018404609714627606
3,DPP6 (1804)_damaging,0.00014211622923443001
3,PTPRN2 (5799)_damaging,0.0005325996081692637
3,CSMD1 (64478)_damaging,0.0025334879247629373
3,RP1L1 (94137)_damaging,3.297742353356981e-05
3,TRMT9B (57604)_damaging,0.0016638185851746653
3,PSD3 (23362)_damaging,0.0
3,DMTN (2039)_damaging,0.0
3,DOCK5 (80005)_damaging,9.673874709202886e-05
3,NUGGC (389643)_damaging,0.0003219935804501607
3,TEX15 (56154)_damaging,0.00016694533043467641
3,WRN (7486)_damaging,0.0003651595572982797
3,ADGRA2 (25960)_damaging,0.0003232883119311359
3,ANK1 (286)_damaging,8.767635362820924e-05
3,PRKDC (5591)_damaging,0.000496741580442613
3,PXDNL (137902)_damaging,0.00020128111841393617
3,ST18 (9705)_damaging,0.00044288377079170383
3,RB1CC1 (9821)_damaging,0.00010640707145426113
3,RP1 (6101)_damaging,0.0009639452711902314
3,ARFGEF1 (10565)_damaging,0.0005016409956240084
3,PREX2 (80243)_damaging,2.0110571844954224e-05
3,C8orf34 (116328)_damaging,0.0009107146168644965
3,SULF1 (23213)_damaging,0.0003291696385566417
3,SLCO5A1 (81796)_damaging,0.0
3,TRPA1 (8989)_damaging,0.0
3,KCNB2 (9312)_damaging,0.000510510884429325
3,ZFHX4 (79776)_damaging,0.0016681944881058416
3,WWP1 (11059)_damaging,0.0002777387875229894
3,ESRP1 (54845)_damaging,0.00021468425925413198
3,VPS13B (157680)_damaging,0.0002949133033391793
3,RGS22 (26166)_damaging,0.0004890500866032369
3,UBR5 (51366)_damaging,7.172057827922951e-05
3,RIMS2 (9699)_damaging,0.00026182898392598645
3,PKHD1L1 (93035)_damaging,0.0004873768731467504
3,CSMD3 (114788)_damaging,0.0013809791812110276
3,TRPS1 (7227)_damaging,9.701727124502766e-05
3,COL14A1 (7373)_damaging,0.0007423309554301597
3,FER1L6 (654463)_damaging,0.00030738070588866995
3,ADCY8 (114)_damaging,0.0001898407551041307
3,EFR3A (23167)_damaging,8.625471835634024e-05
3,KCNQ3 (3786)_damaging,3.957042911952198e-05
3,PHF20L1 (51105)_damaging,0.00010398561303885418
3,TG (7038)_damaging,0.0
3,COL22A1 (169044)_damaging,0.0005118608664477224
3,EPPK1 (83481)_damaging,0.0
3,PLEC (5339)_damaging,0.0006050347137338121
3,PARP10 (84875)_damaging,0.0
3,WDR97 (340390)_damaging,0.0
3,CPSF1 (29894)_damaging,0.0
3,ARHGAP39 (80728)_damaging,7.028307032010012e-05
3,DOCK8 (81704)_damaging,0.00027025297277545943
3,SMARCA2 (6595)_damaging,0.0004215014103357927
3,ERMP1 (79956)_damaging,0.0010193669169391852
3,PTPRD (5789)_damaging,0.00019479793078748555
3,FREM1 (158326)_damaging,0.0002178594052214977
3,CCDC171 (203238)_damaging,0.0002914822207405766
3,CNTLN (54875)_damaging,4.212655089669514e-07
3,ADAMTSL1 (92949)_damaging,0.0
3,DENND4C (55667)_damaging,9.645196408284959e-05
3,CDKN2A (1029)_damaging,0.0042878608324958935
3,PIGO (84720)_damaging,4.3323131121983766e-05
3,UNC13B (10497)_damaging,0.0005907705187809658
3,SPAG8 (26206)_damaging,0.0035623779129341946
3,TRPM6 (140803)_damaging,5.4306565154146346e-05
3,PCSK5 (5125)_damaging,0.0007924963669152883
3,PRUNE2 (158471)_damaging,6.360478711302496e-05
3,VPS13A (23230)_damaging,0.00014835910918822127
3,TLE4 (7091)_damaging,0.00046007754616124896
3,SPATA31D1 (389763)_damaging,0.0001523943713518329
3,KIF27 (55582)_damaging,0.00019798210840134834
3,ROR2 (4920)_damaging,9.669966880686954e-05
3,NOL8 (55035)_damaging,0.0
3,WNK2 (65268)_damaging,0.0001473571707328015
3,PHF2 (5253)_damaging,0.0
3,PTCH1 (5727)_damaging,0.00010034891392651938
3,COL15A1 (1306)_damaging,4.367435060384581e-05
3,SMC2 (10592)_damaging,3.456421823838889e-05
3,ELP1 (8518)_damaging,0.0001039243065255642
3,TMEM245 (23731)_damaging,0.0012906024935672746
3,SVEP1 (79987)_damaging,4.5481924577805366e-07
3,FKBP15 (23307)_damaging,0.00046408314888668923
3,COL27A1 (85301)_damaging,0.0005651584426051673
3,CNTRL (11064)_damaging,8.9370096953932e-05
3,DENND1A (57706)_damaging,0.0
3,GOLGA2 (2801)_damaging,3.62035775759085e-05
3,SPTAN1 (6709)_damaging,0.0005975917554326436
3,HMCN2 (256158)_damaging,0.0002667125432954118
3,FUBP3 (8939)_damaging,0.0
3,LAMC3 (10319)_damaging,8.022320338003218e-05
3,NUP214 (8021)_damaging,0.0006351716673669159
3,PRRC2B (84726)_damaging,0.0008077768898350315
3,UCK1 (83549)_damaging,0.00022354341421084088
3,SETX (23064)_damaging,0.00036079799758349947
3,ADAMTS13 (11093)_damaging,4.824385196791323e-05
3,ADAMTSL2 (9719)_damaging,0.00020185584658309242
3,SARDH (1757)_damaging,0.0
3,BRD3 (8019)_damaging,8.075297800788338e-05
3,WDR5 (11091)_damaging,0.00035616630429116355
3,COL5A1 (1289)_damaging,0.0
3,CAMSAP1 (157922)_damaging,7.68908523538178e-05
3,NOTCH1 (4851)_damaging,0.0015574075364956689
3,ABCA2 (20)_damaging,8.527353809650409e-05
3,CACNA1B (774)_damaging,0.0005385079112693538
3,MXRA5 (25878)_damaging,6.408383329269104e-07
3,NHS (4810)_damaging,0.00011230507131310568
3,MAP3K15 (389840)_damaging,0.0
3,DMD (1756)_damaging,0.0007847928908292892
3,CFAP47 (286464)_damaging,0.0009263243803305568
3,RPGR (6103)_damaging,7.195282416443236e-05
3,BCOR (54880)_damaging,0.011947365274924468
3,USP9X (8239)_damaging,0.00029113169818327083
3,DDX3X (1654)_damaging,0.0035861921042458986
3,KDM6A (7403)_damaging,0.0005575779462080989
3,RBM10 (8241)_damaging,0.0003117230844550442
3,CCNB3 (85417)_damaging,0.00044504125769031686
3,KDM5C (8242)_damaging,2.6895275011659676e-06
3,IQSEC2 (23096)_damaging,8.040272557116146e-05
3,HUWE1 (10075)_damaging,0.00024301878176920277
3,AMER1 (139285)_damaging,0.00035752473958956284
3,OPHN1 (4983)_damaging,0.00025475459347279743
3,MED12 (9968)_damaging,0.0005105370070140582
3,ZMYM3 (9203)_damaging,0.0006359111372624791
3,NEXMIF (340533)_damaging,0.0001016365255737764
3,ATRX (546)_damaging,0.0011111223906293114
3,BRWD3 (254065)_damaging,0.0002502493974572661
3,DIAPH2 (1730)_damaging,0.00012172180143359034
3,PCDH19 (57526)_damaging,0.0
3,RAB40A (142684)_damaging,0.0004893868126978106
3,NRK (203447)_damaging,7.39546187474534e-05
3,COL4A6 (1288)_damaging,0.00033429731968217114
3,COL4A5 (1287)_damaging,0.0002526517116423544
3,DOCK11 (139818)_damaging,0.0
3,STAG2 (10735)_damaging,0.0015612925057109164
3,TENM1 (10178)_damaging,9.572618975061749e-05
3,BCORL1 (63035)_damaging,0.0007911810774107668
3,USP26 (83844)_damaging,1.0014205117847587e-08
3,MAP7D3 (79649)_damaging,7.937055068608772e-05
3,ADGRG4 (139378)_damaging,0.00010824307823709588
3,MCF2 (4168)_damaging,0.0
3,SPANXN4 (441525)_damaging,0.0015236286884525276
3,SLITRK4 (139065)_damaging,0.00018775775696650704
3,SLITRK2 (84631)_damaging,6.368208382704108e-05
3,AFF2 (2334)_damaging,9.369516811436155e-05
3,PLXNA3 (55558)_damaging,0.0004540328993657227
3,F8 (2157)_damaging,0.0002711202290304213
3,MT-ND4 (4538)_damaging,0.001876355505346433
3,MT-ND5 (4540)_damaging,0.00013678888292364844
4,MTOR (2475)_hotspot,0.0027286404508783976
4,NRAS (4893)_hotspot,0.007316127067694599
4,PTEN (5728)_hotspot,0.0019510332546374511
4,HRAS (3265)_hotspot,0.0002145865945747636
4,ATM (472)_hotspot,0.0
4,KRAS (3845)_hotspot,0.01649964340559069
4,ERBB3 (2065)_hotspot,0.0
4,RB1 (5925)_hotspot,0.006459215435272397
4,MAP2K1 (5604)_hotspot,0.00021690089725479841
4,TP53 (7157)_hotspot,0.11348068437415278
4,NF1 (4763)_hotspot,0.00010199028829418826
4,ERBB2 (2064)_hotspot,0.00019061220245585844
4,SMAD4 (4089)_hotspot,0.005044953344393723
4,STK11 (6794)_hotspot,0.00045542649516436864
4,SMARCA4 (6597)_hotspot,0.0002195151776071041
4,C2orf81 (388963)_hotspot,0.0008392985036140148
4,NFE2L2 (4780)_hotspot,0.0031272179618752507
4,VHL (7428)_hotspot,0.0008364326294229286
4,CTNNB1 (1499)_hotspot,0.0017146274788680065
4,RHOA (387)_hotspot,0.00036917831675579364
4,PIK3CA (5290)_hotspot,0.005426104331955735
4,FBXW7 (55294)_hotspot,0.0009265164794610995
4,TERT (7015)_hotspot,0.034331442487907274
4,PIK3R1 (5295)_hotspot,0.0003671497179133539
4,APC (324)_hotspot,0.0004875092011587838
4,RAC1 (5879)_hotspot,0.00034861584116898774
4,EGFR (1956)_hotspot,0.00021761074160485974
4,BRAF (673)_hotspot,0.02842827008699059
4,EZH2 (2146)_hotspot,0.003019919400451348
4,CDKN2A (1029)_hotspot,0.0024224108354750644
4,AGRN (375790)_damaging,0.00030570006703901096
4,DVL1 (1855)_damaging,0.0
4,MXRA8 (54587)_damaging,0.0
4,MEGF6 (1953)_damaging,9.605843335888244e-05
4,CHD5 (26038)_damaging,0.00024086907868112127
4,RPL22 (6146)_damaging,0.003645069310726518
4,ERRFI1 (54206)_damaging,4.2630063943101814e-05
4,SLC45A1 (50651)_damaging,0.001146034409471795
4,RERE (473)_damaging,0.00017209914402049518
4,EXOSC10 (5394)_damaging,8.264880776546138e-05
4,VPS13D (55187)_damaging,0.0002865213949378177
4,FHAD1 (114827)_damaging,5.7735797171375774e-05
4,SPEN (23013)_damaging,0.0008958675732125281
4,EPHA2 (1969)_damaging,0.0
4,UBR4 (23352)_damaging,0.00019281242311158738
4,VWA5B1 (127731)_damaging,4.7684907883199086e-05
4,HSPG2 (3339)_damaging,0.00025176435843546325
4,LUZP1 (7798)_damaging,0.00013068396343986235
4,ID3 (3399)_damaging,0.015449222565712802
4,ELOA (6924)_damaging,0.0005802087348464081
4,ARID1A (8289)_damaging,0.00451033914062706
4,WDTC1 (23038)_damaging,0.00013313461296828068
4,AHDC1 (27245)_damaging,0.00013026473752758227
4,PTPRU (10076)_damaging,0.0
4,COL16A1 (1307)_damaging,0.0
4,SPOCD1 (90853)_damaging,0.0
4,CSMD2 (114784)_damaging,0.00023657200134437605
4,ZMYM6 (9204)_damaging,0.0
4,ZMYM1 (79830)_damaging,0.0
4,ZMYM4 (9202)_damaging,0.0
4,AGO1 (26523)_damaging,9.013439852251553e-05
4,MAP7D1 (55700)_damaging,6.989837271854666e-05
4,MACF1 (23499)_damaging,0.001229120539027731
4,HIVEP3 (59269)_damaging,7.554181118655651e-05
4,TIE1 (7075)_damaging,0.0
4,SZT2 (23334)_damaging,0.00011256421667685279
4,ZSWIM5 (57643)_damaging,3.991752143234079e-06
4,MUTYH (4595)_damaging,0.0004129743383035622
4,MAST2 (23139)_damaging,0.0013117693002621636
4,FAAH (2166)_damaging,0.0003520392998190278
4,TAL1 (6886)_damaging,0.0006285554820800294
4,FYB2 (199920)_damaging,9.769797420439003e-05
4,NFIA (4774)_damaging,0.0004509646750392952
4,PATJ (10207)_damaging,5.85512668885655e-05
4,DOCK7 (85440)_damaging,8.010110798736326e-05
4,JAK1 (3716)_damaging,0.00015331565590161303
4,LEPR (3953)_damaging,0.0005220979297557548
4,LRRC7 (57554)_damaging,0.0007901478489977489
4,LRRIQ3 (127255)_damaging,0.0
4,ERICH3 (127254)_damaging,0.000746756152016118
4,SLC44A5 (204962)_damaging,7.409354118102366e-05
4,FUBP1 (8880)_damaging,0.0
4,ADGRL4 (64123)_damaging,0.0002224825524563912
4,ADGRL2 (23266)_damaging,0.00021002859256966016
4,DNAI3 (126820)_damaging,4.079900737548938e-05
4,COL24A1 (255631)_damaging,4.773571729160816e-05
4,GBP1 (2633)_damaging,0.00022145457911983965
4,BTBD8 (284697)_damaging,1.1852302120607524e-05
4,ABCA4 (24)_damaging,0.00037524566097296887
4,DPYD (1806)_damaging,8.463510134182536e-05
4,COL11A1 (1301)_damaging,0.0013752184814098288
4,EPS8L3 (79574)_damaging,0.0
4,SYCP1 (6847)_damaging,0.0006179824368077545
4,SPAG17 (200162)_damaging,9.674088654206845e-05
4,NOTCH2 (4853)_damaging,8.884108582098346e-05
4,CHD1L (9557)_damaging,5.0010479232044006e-05
4,BCL9 (607)_damaging,0.00027460742241068863
4,ADAMTSL4 (54507)_damaging,7.526477835687906e-05
4,SETDB1 (9869)_damaging,0.0
4,ZNF687 (57592)_damaging,0.0
4,FLG (2312)_damaging,0.0004940605206199042
4,CCDST (112268240)_damaging,0.003139195917810672
4,FLG2 (388698)_damaging,0.0003289522347467655
4,UBAP2L (9898)_damaging,0.0
4,ADAR (103)_damaging,0.0
4,SHC1 (6464)_damaging,0.00017337679875158
4,ASH1L (55870)_damaging,0.00015764878160730867
4,GON4L (54856)_damaging,0.0
4,IQGAP3 (128239)_damaging,9.661391555670404e-05
4,NES (10763)_damaging,0.0
4,INSRR (3645)_damaging,3.568337149080894e-05
4,ARHGEF11 (9826)_damaging,6.446468396488707e-06
4,SPTA1 (6708)_damaging,0.0023687584328061467
4,PYHIN1 (149628)_damaging,3.4502641504205804e-05
4,ARHGAP30 (257106)_damaging,0.0
4,ADCY10 (55811)_damaging,5.587759908536922e-05
4,GPR161 (23432)_damaging,4.2983681806405955e-05
4,F5 (2153)_damaging,2.1809632703714627e-05
4,SLC9C2 (284525)_damaging,0.00011522935717667984
4,TNR (7143)_damaging,0.0005468292058765788
4,PAPPA2 (60676)_damaging,0.00029396335717787555
4,ABL2 (27)_damaging,0.0006296579539114674
4,AXDND1 (126859)_damaging,0.0
4,TDRD5 (163589)_damaging,0.0
4,CEP350 (9857)_damaging,0.0007969893983172493
4,CACNA1E (777)_damaging,0.0009341288546350923
4,RGL1 (23179)_damaging,0.00013762804494435763
4,HMCN1 (83872)_damaging,0.003458406716021419
4,TPR (7175)_damaging,5.543917749085017e-05
4,KCNT2 (343450)_damaging,4.9144061563676346e-05
4,ASPM (259266)_damaging,0.000122318367543262
4,CRB1 (23418)_damaging,4.469663606969946e-05
4,PTPRC (5788)_damaging,0.0001953157927019759
4,CAMSAP2 (23271)_damaging,9.898319450762386e-05
4,IGFN1 (91156)_damaging,0.0020401076244731036
4,ELF3 (1999)_damaging,0.00016768812439774998
4,KDM5B (10765)_damaging,0.0
4,ATP2B4 (493)_damaging,0.0
4,PLEKHA6 (22874)_damaging,7.608349345524178e-08
4,PIK3C2B (5287)_damaging,5.3515240169780194e-05
4,NFASC (23114)_damaging,0.0
4,CR2 (1380)_damaging,0.00011698122180092672
4,CR1 (1378)_damaging,0.0
4,PLXNA2 (5362)_damaging,0.00021991179375519844
4,PROX1 (5629)_damaging,7.794429133814076e-05
4,PTPN14 (5784)_damaging,3.990123221304564e-05
4,CENPF (1063)_damaging,0.0003220716983130482
4,USH2A (7399)_damaging,0.0017599181176313969
4,DNAH14 (127602)_damaging,0.0005326111059697411
4,CDC42BPA (8476)_damaging,0.00022887576398167116
4,OBSCN (84033)_damaging,0.0009729590396652245
4,H3-4 (8290)_damaging,9.605001841798582e-05
4,SIPA1L2 (57568)_damaging,5.751470792501266e-05
4,PCNX2 (80003)_damaging,0.0
4,MAP3K21 (84451)_damaging,0.00031718173739750925
4,ARID4B (51742)_damaging,0.00017892098273455947
4,LYST (1130)_damaging,8.910012795059258e-05
4,RYR2 (6262)_damaging,0.004443092300409929
4,CHRM3 (1131)_damaging,0.0
4,FMN2 (56776)_damaging,0.0005017189265996059
4,RGS7 (6000)_damaging,0.0001910643127591794
4,KIF26B (55083)_damaging,6.220319742158689e-05
4,NLRP3 (114548)_damaging,0.0007691864956701472
4,LARP4B (23185)_damaging,0.0015997285945772838
4,FRMD4A (55691)_damaging,0.0
4,ITGA8 (8516)_damaging,0.0
4,CUBN (8029)_damaging,0.0014443930544082197
4,MRC1 (4360)_damaging,0.00014523415184581232
4,MALRD1 (340895)_damaging,0.0
4,GPR158 (57512)_damaging,0.0
4,MYO3A (53904)_damaging,2.1924667391289844e-06
4,ANKRD26 (22852)_damaging,5.345463198418414e-05
4,ODAD2 (55130)_damaging,0.0
4,SVIL (6840)_damaging,0.00023297797065061085
4,JCAD (57608)_damaging,0.00015034139504437996
4,KIF5B (3799)_damaging,7.930549317150111e-05
4,ANKRD30A (91074)_damaging,0.0002847957322264157
4,RSU1P2 (100133308)_damaging,1.676652322063997e-05
4,WDFY4 (57705)_damaging,6.668947021796207e-05
4,PCDH15 (65217)_damaging,0.0008160289484080422
4,ANK3 (288)_damaging,0.00034677201588182544
4,ARID5B (84159)_damaging,1.4648262481380093e-06
4,EGR2 (1959)_damaging,0.0001468121911147895
4,JMJD1C (221037)_damaging,0.0
4,CDH23 (64072)_damaging,0.00016112214271171547
4,ZMIZ1 (57178)_damaging,0.0
4,PTEN (5728)_damaging,0.004498328613481184
4,SLC16A12 (387700)_damaging,0.0
4,KIF20B (9585)_damaging,5.145913555142536e-05
4,BTAF1 (9044)_damaging,0.00012054072948669077
4,MYOF (26509)_damaging,0.0002943814337615359
4,PDE6C (5146)_damaging,0.0
4,PLCE1 (51196)_damaging,0.0002577422582733227
4,ZNF518A (9849)_damaging,0.00031052534687169383
4,LCOR (84458)_damaging,0.0002492485513927659
4,SLIT1 (6585)_damaging,2.3868507229345978e-05
4,SEC31B (25956)_damaging,0.0
4,SLF2 (55719)_damaging,0.0
4,PPRC1 (23082)_damaging,0.0002443000296963978
4,NOLC1 (9221)_damaging,0.0006919976984218677
4,PSD (5662)_damaging,0.0
4,CNNM2 (54805)_damaging,2.6193762520840596e-05
4,PDCD11 (22984)_damaging,3.3341160126123053e-06
4,SLK (9748)_damaging,0.001979058339321572
4,SORCS3 (22986)_damaging,3.126437859534818e-05
4,SORCS1 (114815)_damaging,0.00015323706202750612
4,SMC3 (9126)_damaging,8.346983668900414e-05
4,TCF7L2 (6934)_damaging,8.646096300134274e-06
4,ATRNL1 (26033)_damaging,0.0002920229431723161
4,TACC2 (10579)_damaging,0.00017856134949597335
4,DMBT1 (1755)_damaging,0.0
4,CPXM2 (119587)_damaging,0.00013323213091802065
4,MKI67 (4288)_damaging,0.00041245363543550414
4,JAKMIP3 (282973)_damaging,0.000979139205041833
4,CFAP46 (54777)_damaging,0.0014291190862762769
4,B4GALNT4 (338707)_damaging,0.0
4,PKP3 (11187)_damaging,0.0001743233543524383
4,PHRF1 (57661)_damaging,0.0
4,MUC5AC (4586)_damaging,0.0006353102865661889
4,MUC5B (727897)_damaging,0.0005045966406670869
4,BRSK2 (9024)_damaging,5.450759528915007e-05
4,KCNQ1 (3784)_damaging,0.00012297615593368378
4,NUP98 (4928)_damaging,4.305034901697311e-05
4,DNHD1 (144132)_damaging,0.0
4,DCHS1 (8642)_damaging,4.9451478976747274e-05
4,SBF2 (81846)_damaging,0.000558464439257415
4,PLEKHA7 (144100)_damaging,6.764291605251619e-05
4,ABCC8 (6833)_damaging,0.00018671094778893927
4,USH1C (10083)_damaging,0.0
4,OTOG (340990)_damaging,9.592475076105808e-05
4,HPS5 (11234)_damaging,0.0
4,NAV2 (89797)_damaging,0.0
4,ANO3 (63982)_damaging,0.00016500170395893486
4,KCNA4 (3739)_damaging,8.096272492802294e-05
4,CCDC73 (493860)_damaging,4.702283618244712e-05
4,QSER1 (79832)_damaging,0.00036093788982996815
4,CSTF3 (1479)_damaging,0.0
4,LRP4 (4038)_damaging,0.00042221608100047233
4,FOLH1 (2346)_damaging,7.530403257568616e-05
4,OR4P4 (81300)_damaging,0.0
4,CTNND1 (1500)_damaging,0.00011475007985551933
4,DTX4 (23220)_damaging,4.988089240170634e-05
4,AHNAK (79026)_damaging,0.000476830699023345
4,SLC3A2 (6520)_damaging,3.9706781574877045e-05
4,PLCB3 (5331)_damaging,5.345024093080922e-05
4,NRXN2 (9379)_damaging,3.244073290723878e-05
4,MEN1 (4221)_damaging,0.0
4,ATG2A (23130)_damaging,5.63357840486748e-05
4,PCNX3 (399909)_damaging,3.4955692583076996e-05
4,RIN1 (9610)_damaging,0.0
4,SHANK2 (22941)_damaging,0.0001068240276462259
4,NUMA1 (4926)_damaging,2.6243577845016464e-05
4,INPPL1 (3636)_damaging,6.0886502460726854e-05
4,ARHGEF17 (9828)_damaging,0.0
4,C2CD3 (26005)_damaging,0.00014435955549345353
4,MYO7A (4647)_damaging,0.00036844769733568273
4,RSF1 (51773)_damaging,0.0004430644935948174
4,TENM4 (26011)_damaging,0.003637989383974529
4,PCF11 (51585)_damaging,0.0
4,DLG2 (1740)_damaging,0.0
4,SYTL2 (54843)_damaging,0.00016402301274068086
4,FAT3 (120114)_damaging,0.0007385509947949865
4,CNTN5 (53942)_damaging,5.096273464184333e-05
4,CEP126 (57562)_damaging,0.0011121183243682868
4,MMP3 (4314)_damaging,0.0014560177652652821
4,MMP12 (4321)_damaging,0.0
4,DYNC2H1 (79659)_damaging,0.0012833126823961875
4,NPAT (4863)_damaging,0.00041995978502477134
4,ATM (472)_damaging,0.002151117120263409
4,EXPH5 (23086)_damaging,3.728461538662699e-05
4,NKAPD1 (55216)_damaging,5.313091898256517e-07
4,NCAM1 (4684)_damaging,4.910145910680716e-05
4,USP28 (57646)_damaging,0.0001886512036199281
4,DSCAML1 (57453)_damaging,0.00015282506485089656
4,KMT2A (4297)_damaging,0.0003215725931822276
4,BCL9L (283149)_damaging,0.00025430739604666096
4,MFRP (83552)_damaging,4.915988999328966e-05
4,ARHGEF12 (23365)_damaging,4.6285962200949324e-05
4,TECTA (7007)_damaging,0.0
4,SORL1 (6653)_damaging,6.448286084892988e-05
4,ROBO3 (64221)_damaging,0.00014387790561411768
4,NFRKB (4798)_damaging,5.840326028778423e-05
4,IGSF9B (22997)_damaging,0.0003420993860828055
4,LINC02714 (729305)_damaging,0.0004035720523821481
4,KDM5A (5927)_damaging,0.000121195144936245
4,WNK1 (65125)_damaging,5.3916801106439856e-05
4,CACNA1C (775)_damaging,0.000314743671113703
4,VWF (7450)_damaging,0.0002007735143137199
4,PLEKHG6 (55200)_damaging,0.0
4,ATN1 (1822)_damaging,2.8916201727208392e-05
4,A2ML1 (144568)_damaging,0.0
4,A2M (2)_damaging,2.632964786380754e-06
4,ETV6 (2120)_damaging,0.00013005574793694641
4,ATF7IP (55729)_damaging,0.00025085386938209316
4,GUCY2C (2984)_damaging,0.0001499266877732124
4,PIK3C2G (5288)_damaging,5.123358117482299e-05
4,SLCO1B3 (28234)_damaging,0.0
4,RECQL (5965)_damaging,0.0009278241263227032
4,ABCC9 (10060)_damaging,0.002019139636333626
4,C2CD5 (9847)_damaging,3.782410063039928e-05
4,ITPR2 (3709)_damaging,6.717730006298951e-05
4,OVCH1 (341350)_damaging,0.0001565654904413442
4,KIF21A (55605)_damaging,0.00017539043307576444
4,LRRK2 (120892)_damaging,0.0006854488255117384
4,MUC19 (283463)_damaging,0.0028175134197095356
4,CNTN1 (1272)_damaging,0.0002047264096759575
4,PDZRN4 (29951)_damaging,0.0
4,ADAMTS20 (80070)_damaging,0.0003691907700486464
4,ARID2 (196528)_damaging,0.0005762775371605484
4,COL2A1 (1280)_damaging,0.00010163489951400053
4,WNT1 (7471)_damaging,0.0
4,KMT2D (8085)_damaging,0.004622749076930005
4,PRPF40B (25766)_damaging,0.0
4,NCKAP5L (57701)_damaging,0.00015716441460499557
4,DIP2B (57609)_damaging,4.206773805708835e-05
4,TNS2 (23371)_damaging,2.6770363080083326e-06
4,MAP3K12 (7786)_damaging,0.00024921862115898465
4,PAN2 (9924)_damaging,0.0003267411957521159
4,STAT2 (6773)_damaging,0.00017251181171435226
4,NACA (4666)_damaging,2.424859921156184e-05
4,MYO1A (4640)_damaging,0.0
4,STAT6 (6778)_damaging,0.0
4,LRP1 (4035)_damaging,0.00038824990513436813
4,R3HDM2 (22864)_damaging,0.00016775213617116044
4,GLI1 (2735)_damaging,8.028430134181914e-05
4,MBD6 (114785)_damaging,0.00025311751615660527
4,PTPRB (5787)_damaging,0.0008168731731509084
4,ZFC3H1 (196441)_damaging,2.3659155084588368e-05
4,E2F7 (144455)_damaging,0.00010247105896312226
4,NAV3 (89795)_damaging,0.0007219389273132034
4,PTPRQ (374462)_damaging,7.063380308879983e-05
4,PPFIA2 (8499)_damaging,0.0001526465822389824
4,LRRIQ1 (84125)_damaging,0.0004668678323353512
4,CEP290 (80184)_damaging,0.0007101408536022252
4,PLXNC1 (10154)_damaging,0.0
4,CFAP54 (144535)_damaging,0.00045227645751220314
4,ANKS1B (56899)_damaging,4.738706082297481e-05
4,BLTP3B (23074)_damaging,7.783479426084732e-05
4,UTP20 (27340)_damaging,7.048417596214118e-05
4,STAB2 (55576)_damaging,0.0018542430914404858
4,HCFC2 (29915)_damaging,0.0
4,ALDH1L2 (160428)_damaging,8.508101176575299e-06
4,ACACB (32)_damaging,0.0008729930306815443
4,MVK (4598)_damaging,9.189883269119953e-06
4,CUX2 (23316)_damaging,0.000216660751228877
4,NAA25 (80018)_damaging,9.851331443584705e-05
4,DTX1 (1840)_damaging,1.502317325856003e-05
4,CIT (11113)_damaging,0.0012125843135353184
4,GCN1 (10985)_damaging,0.00011618197606593117
4,HNF1A (6927)_damaging,0.000276136327218076
4,KDM2B (84678)_damaging,0.0
4,SETD1B (23067)_damaging,0.0002776743337946558
4,KNTC1 (9735)_damaging,1.284071558418105e-06
4,HIP1R (9026)_damaging,0.00013251532984297134
4,SBNO1 (55206)_damaging,0.0001413160523338957
4,DNAH10 (196385)_damaging,0.0002612405585531711
4,NCOR2 (9612)_damaging,3.925887659948759e-05
4,TMEM132D (121256)_damaging,1.1800107970175356e-05
4,RIMBP2 (23504)_damaging,0.0005426143133933847
4,ULK1 (8408)_damaging,0.0
4,EP400 (57634)_damaging,0.0003747612085291491
4,POLE (5426)_damaging,0.0
4,GOLGA3 (2802)_damaging,0.0
4,CHFR (55743)_damaging,0.00038097766720210943
4,ZMYM2 (7750)_damaging,0.0
4,SACS (26278)_damaging,0.0
4,RNF17 (56163)_damaging,0.0008643642379957796
4,ATP8A2 (51761)_damaging,0.0008132817568161114
4,RXFP2 (122042)_damaging,5.56923544655697e-05
4,FRY (10129)_damaging,1.7596990584926534e-05
4,BRCA2 (675)_damaging,0.0017670137133278818
4,PDS5B (23047)_damaging,0.005892809051664504
4,NBEA (26960)_damaging,0.00042407002409832514
4,POSTN (10631)_damaging,0.0
4,FREM2 (341640)_damaging,0.000338628577219944
4,DGKH (160851)_damaging,0.004719889878365526
4,ZC3H13 (23091)_damaging,6.60877827738446e-05
4,RB1 (5925)_damaging,0.015979245429407665
4,KLHL1 (57626)_damaging,0.00010240214158754606
4,DIS3 (22894)_damaging,3.952730749959294e-05
4,MYCBP2 (23077)_damaging,0.00012204016051116561
4,DOCK9 (23348)_damaging,0.0
4,NALCN (259232)_damaging,4.026251957906507e-05
4,CCDC168 (643677)_damaging,0.00026282953131793075
4,MYO16 (23026)_damaging,0.00015529176024777318
4,COL4A1 (1282)_damaging,8.169840758375532e-05
4,COL4A2 (1284)_damaging,0.00015624267098879966
4,TEP1 (7011)_damaging,7.510295239906033e-05
4,ARHGEF40 (55701)_damaging,9.790381030103158e-05
4,CHD8 (57680)_damaging,0.0004786398563998453
4,AJUBA (84962)_damaging,0.0017770339084907671
4,ACIN1 (22985)_damaging,0.0
4,MYH6 (4624)_damaging,4.142088428596724e-05
4,MYH7 (4625)_damaging,0.0
4,ZFHX2 (85446)_damaging,5.228505282289141e-05
4,RNF31 (55072)_damaging,0.00014932549063163784
4,NYNRIN (57523)_damaging,8.564617300138965e-05
4,AKAP6 (9472)_damaging,7.802519502087186e-05
4,NPAS3 (64067)_damaging,0.00033672449589301236
4,TTC6 (319089)_damaging,0.00019629499038629821
4,MIA2 (4253)_damaging,0.00041445398388510144
4,TOGARAM1 (23116)_damaging,5.0692011487592936e-05
4,FANCM (57697)_damaging,3.745051605619661e-06
4,MIS18BP1 (55320)_damaging,4.3747072783194375e-05
4,MDGA2 (161357)_damaging,0.00015035864469428148
4,NIN (51199)_damaging,6.291244031883499e-05
4,NID2 (22795)_damaging,0.0
4,KTN1 (3895)_damaging,1.088005193473954e-05
4,ARID4A (5926)_damaging,0.0
4,HIF1A (3091)_damaging,2.9822928988581154e-05
4,KCNH5 (27133)_damaging,0.00011848468143115412
4,SYNE2 (23224)_damaging,0.0013086275497179636
4,PCNX1 (22990)_damaging,0.0003118243174116948
4,SIPA1L1 (26037)_damaging,2.517691716819059e-05
4,MIDEAS (91748)_damaging,5.7470071023354316e-05
4,YLPM1 (56252)_damaging,0.00025373071661518795
4,MLH3 (27030)_damaging,7.272366228388287e-05
4,NRXN3 (9369)_damaging,0.0002199570245673006
4,CEP128 (145508)_damaging,0.0
4,GALC (2581)_damaging,0.00029863323662667526
4,PTPN21 (11099)_damaging,0.0
4,EML5 (161436)_damaging,3.399249818201399e-05
4,FOXN3 (1112)_damaging,0.00015013214793294975
4,CCDC88C (440193)_damaging,0.0
4,TRIP11 (9321)_damaging,4.4920822003062396e-05
4,UNC79 (57578)_damaging,0.0002482209330751789
4,ATG2B (55102)_damaging,7.772326900030272e-05
4,RTL1 (388015)_damaging,1.990263993797606e-05
4,DYNC1H1 (1778)_damaging,0.0007162113375542338
4,KIF26A (26153)_damaging,1.699261897681248e-05
4,INF2 (64423)_damaging,0.00017765985821080878
4,AHNAK2 (113146)_damaging,0.0009775187202881968
4,HERC2 (8924)_damaging,0.00017232312070806466
4,TRPM1 (4308)_damaging,1.1408490320185327e-05
4,FMN1 (342184)_damaging,0.0001357949715518857
4,RYR3 (6263)_damaging,0.001820438830697156
4,INO80 (54617)_damaging,0.00011743095655068287
4,LTK (4058)_damaging,0.00020079403348855634
4,TYRO3 (7301)_damaging,0.0010751248310465436
4,MGA (23269)_damaging,0.000757601066766454
4,SPTBN5 (51332)_damaging,0.0004037161484307065
4,ZNF106 (64397)_damaging,0.000628561101959678
4,STARD9 (57519)_damaging,0.0006106973357261629
4,UBR1 (197131)_damaging,1.7941004993863047e-05
4,TP53BP1 (7158)_damaging,0.00037959356889823853
4,MAP1A (4130)_damaging,0.00020859162222486053
4,SPG11 (80208)_damaging,5.450824858530949e-05
4,B2M (567)_damaging,0.00023559767403006808
4,DUOX2 (50506)_damaging,8.524813064742855e-05
4,FBN1 (2200)_damaging,0.00035374931776865914
4,CEP152 (22995)_damaging,0.0
4,USP8 (9101)_damaging,6.921903417026826e-05
4,DMXL2 (23312)_damaging,4.764824910458589e-05
4,MYO5C (55930)_damaging,7.978961223742665e-05
4,WDR72 (256764)_damaging,0.0001353287850432881
4,UNC13C (440279)_damaging,0.00023060201516460668
4,RFX7 (64864)_damaging,0.0002886069849734817
4,RNF111 (54778)_damaging,3.359556506490902e-05
4,ICE2 (79664)_damaging,1.2952304613883624e-05
4,VPS13C (54832)_damaging,0.00046997341161122535
4,TLN2 (83660)_damaging,6.086904952986556e-05
4,HERC1 (8925)_damaging,0.000519630188811661
4,ZNF609 (23060)_damaging,0.00046311506423528647
4,CILP (8483)_damaging,0.0002584618256880991
4,MYO9A (4649)_damaging,0.0
4,HCN4 (10021)_damaging,8.304264156299542e-05
4,ARID3B (10620)_damaging,0.00014189021687852915
4,SIN3A (25942)_damaging,0.0009585372390572296
4,PEAK1 (79834)_damaging,0.00014550695770155556
4,ADAMTSL3 (57188)_damaging,0.000174705294343219
4,AKAP13 (11214)_damaging,8.056903380191393e-05
4,TICRR (90381)_damaging,0.0
4,KIF7 (374654)_damaging,0.0004811445352516457
4,IQGAP1 (8826)_damaging,0.0001829687404776674
4,BLM (641)_damaging,0.00016612740780873976
4,FES (2242)_damaging,0.00047137071056270707
4,CHD2 (1106)_damaging,3.3731898080927326e-05
4,LRRK1 (79705)_damaging,0.0
4,AXIN1 (8312)_damaging,0.00014605683107339555
4,WDR90 (197335)_damaging,0.0
4,CACNA1H (8912)_damaging,4.748757746420987e-05
4,UNKL (64718)_damaging,6.004181069428281e-05
4,CRAMP1 (57585)_damaging,9.840326033917163e-05
4,TSC2 (7249)_damaging,0.0004167797465553966
4,PKD1 (5310)_damaging,0.0
4,SLX4 (84464)_damaging,0.0
4,CREBBP (1387)_damaging,0.008104404423067757
4,CORO7 (79585)_damaging,0.0
4,GRIN2A (2903)_damaging,0.0002869101288524937
4,KNOP1 (400506)_damaging,0.0004990731348475714
4,DNAH3 (55567)_damaging,0.00041504707923509514
4,SCNN1B (6338)_damaging,0.000620204899025258
4,PALB2 (79728)_damaging,5.9666509882101846e-05
4,RBBP6 (5930)_damaging,3.581047652110849e-05
4,TNRC6A (27327)_damaging,0.0
4,ARHGAP17 (55114)_damaging,1.3049109499400768e-05
4,GTF3C1 (2975)_damaging,0.00030176854325690756
4,ATXN2L (11273)_damaging,6.591887319276855e-05
4,ITGAL (3683)_damaging,0.00012673303510081065
4,PRR14 (78994)_damaging,6.335427557186606e-05
4,FBRS (64319)_damaging,0.0
4,SRCAP (10847)_damaging,0.00012908542979047163
4,SETD1A (9739)_damaging,8.625261551297234e-05
4,ZNF668 (79759)_damaging,0.00016537658974061605
4,ITGAM (3684)_damaging,0.0
4,ITGAD (3681)_damaging,6.79260718826587e-05
4,SALL1 (6299)_damaging,0.00012685765143142708
4,CHD9 (80205)_damaging,0.0
4,RBL2 (5934)_damaging,6.718074943204908e-05
4,NLRC5 (84166)_damaging,0.00089117408811219
4,CDH8 (1006)_damaging,6.701119082476269e-05
4,CDH11 (1009)_damaging,0.00015421486928310105
4,CTCF (10664)_damaging,0.0019457598574350327
4,CDH1 (999)_damaging,0.00029385287626909905
4,MTSS2 (92154)_damaging,0.00023380234136644
4,DHX38 (9785)_damaging,0.0015016691954033204
4,ZFHX3 (463)_damaging,0.002704748876325173
4,CNTNAP4 (85445)_damaging,1.308226209535641e-05
4,ADAMTS18 (170692)_damaging,0.00017547092637218222
4,WWOX (51741)_damaging,2.1953542116743553e-06
4,PKD1L2 (114780)_damaging,0.0
4,TAF1C (9013)_damaging,0.0
4,GSE1 (23199)_damaging,4.2835488539925235e-05
4,IRF8 (3394)_damaging,0.00029136666275518823
4,ZNF469 (84627)_damaging,0.0001013915879078087
4,ZC3H18 (124245)_damaging,0.00013980353232782706
4,LINC02138 (400558)_damaging,0.0014226590554175128
4,CDH15 (1013)_damaging,0.00041743852221615206
4,ANKRD11 (29123)_damaging,0.0006399555652306349
4,VPS9D1 (9605)_damaging,8.537099725051572e-05
4,FANCA (2175)_damaging,0.0001159151887211422
4,WDR81 (124997)_damaging,5.4964171855636185e-05
4,CLUH (23277)_damaging,0.0
4,SPATA22 (84690)_damaging,0.0017142938673536331
4,ZZEF1 (23140)_damaging,3.7937198101496325e-06
4,CAMTA2 (23125)_damaging,0.00046584225684674776
4,USP6 (9098)_damaging,8.787565801356242e-05
4,ACADVL (37)_damaging,0.0
4,TP53 (7157)_damaging,0.16666786864712024
4,EFNB3 (1949)_damaging,5.5877309890289875e-05
4,DNAH2 (146754)_damaging,1.666070179336138e-05
4,KDM6B (23135)_damaging,0.0017708297012095833
4,CHD3 (1107)_damaging,0.0
4,PER1 (5187)_damaging,7.335602635640808e-05
4,MYH13 (8735)_damaging,5.767118491740956e-05
4,MYH8 (4626)_damaging,0.0006053729451350219
4,MYH4 (4622)_damaging,2.9506421307740768e-05
4,MYH1 (4619)_damaging,0.000670981804387612
4,MYH2 (4620)_damaging,0.0011650260964350988
4,DNAH9 (1770)_damaging,0.0019572781032398657
4,MYOCD (93649)_damaging,0.0
4,NCOR1 (9611)_damaging,0.00046414042658835675
4,MPRIP (23164)_damaging,0.0
4,FLCN (201163)_damaging,0.0
4,MYO15A (51168)_damaging,0.0002482430067072845
4,SPECC1 (92521)_damaging,0.00015426420741827346
4,KSR1 (8844)_damaging,0.00026163626803905426
4,MYO18A (399687)_damaging,0.0
4,ANKRD13B (124930)_damaging,0.0005905886209201156
4,SSH2 (85464)_damaging,2.836098133012696e-05
4,EFCAB5 (374786)_damaging,0.00012347162130109195
4,ATAD5 (79915)_damaging,0.0
4,NF1 (4763)_damaging,0.004747106633995019
4,SUZ12 (23512)_damaging,0.0
4,SLFN11 (91607)_damaging,0.0007467687413258248
4,ACACA (31)_damaging,0.00019056926541014565
4,GPR179 (440435)_damaging,9.617468902427834e-05
4,ARHGAP23 (57636)_damaging,0.00014122883466608099
4,SRCIN1 (80725)_damaging,5.306927149716659e-07
4,TOP2A (7153)_damaging,0.00035020030476685764
4,KCNH4 (23415)_damaging,8.442540010745665e-05
4,STAT5B (6777)_damaging,0.00017514334360962486
4,BRCA1 (672)_damaging,0.000560365122458774
4,ITGA2B (3674)_damaging,0.0003193822730526796
4,KANSL1 (284058)_damaging,0.00018203886608272074
4,HOXB3 (3213)_damaging,6.975251700618995e-05
4,COL1A1 (1277)_damaging,0.0003895638536464546
4,SPAG9 (9043)_damaging,0.0
4,RNF43 (54894)_damaging,0.00023541425631453332
4,TEX14 (56155)_damaging,0.0
4,PPM1D (8493)_damaging,0.0002312401485890913
4,TBX4 (9496)_damaging,0.00019097477549720387
4,MED13 (9969)_damaging,5.90802176607631e-05
4,MRC2 (9902)_damaging,0.0
4,SCN4A (6329)_damaging,0.0
4,GNA13 (10672)_damaging,0.006563872052104569
4,AXIN2 (8313)_damaging,0.0
4,NOL11 (25926)_damaging,0.0
4,BPTF (2186)_damaging,4.5091019666024606e-05
4,ABCA8 (10351)_damaging,0.00013643312042864824
4,ABCA9 (10350)_damaging,0.0004116305005789683
4,ABCA6 (23460)_damaging,0.00014324127253983167
4,ABCA10 (10349)_damaging,7.063100300129012e-05
4,ABCA5 (23461)_damaging,0.00021892328264758857
4,SOX9 (6662)_damaging,0.0
4,SDK2 (54549)_damaging,3.860590994116318e-05
4,TMEM94 (9772)_damaging,6.172711418438188e-05
4,CASKIN2 (57513)_damaging,0.0
4,MYO15B (80022)_damaging,0.0
4,ITGB4 (3691)_damaging,0.00026110908653608124
4,EVPL (2125)_damaging,7.119367685627838e-05
4,TNRC6C (57690)_damaging,0.00029772121760016166
4,TMC8 (147138)_damaging,0.0
4,DNAH17 (8632)_damaging,5.0164381398131694e-05
4,RPTOR (57521)_damaging,0.0
4,BAHCC1 (57597)_damaging,7.451683059258394e-05
4,FASN (2194)_damaging,0.0007576590214958147
4,NARF (26502)_damaging,9.366936886411181e-05
4,SMCHD1 (23347)_damaging,0.0004135763394661052
4,EPB41L3 (23136)_damaging,0.00032593340059020915
4,LAMA1 (284217)_damaging,3.016008844638422e-05
4,PTPRM (5797)_damaging,3.3314250974453364e-05
4,MTCL1 (23255)_damaging,0.00018765989121775705
4,ANKRD12 (23253)_damaging,0.0
4,PIEZO2 (63895)_damaging,0.0005971373430309611
4,ANKRD30B (374860)_damaging,0.000661939025613223
4,ROCK1 (6093)_damaging,0.0002298764525217604
4,LAMA3 (3909)_damaging,0.0001369596446115646
4,OSBPL1A (114876)_damaging,0.000631390308233507
4,ZNF521 (25925)_damaging,0.00030243632912210175
4,ASXL3 (80816)_damaging,8.110955487230403e-05
4,FHOD3 (80206)_damaging,0.00135293966239327
4,SETBP1 (26040)_damaging,0.0017406518737338944
4,EPG5 (57724)_damaging,0.0001284142295926756
4,LOXHD1 (125336)_damaging,1.7967044107878167e-05
4,SKOR2 (652991)_damaging,0.00011172959666134335
4,ZBTB7C (201501)_damaging,0.0
4,MYO5B (4645)_damaging,0.0
4,SMAD4 (4089)_damaging,0.006047071572768486
4,DCC (1630)_damaging,0.0
4,ATP8B1 (5205)_damaging,0.00017970394850332064
4,ALPK2 (115701)_damaging,9.179748316723784e-05
4,CDH7 (1005)_damaging,9.06945203659187e-05
4,DSEL (92126)_damaging,0.0
4,RTTN (25914)_damaging,0.0
4,ZNF236 (7776)_damaging,1.6778711454808872e-05
4,SALL3 (27164)_damaging,0.0
4,ATP9B (374868)_damaging,0.000118456367409578
4,KCNG2 (26251)_damaging,0.00028033253544685656
4,ABCA7 (10347)_damaging,1.3375056036530059e-05
4,STK11 (6794)_damaging,0.005828457035182694
4,DAZAP1 (26528)_damaging,0.0
4,TCF3 (6929)_damaging,0.0004244306457718373
4,REXO1 (57455)_damaging,0.0
4,AP3D1 (8943)_damaging,4.012975536649259e-05
4,DOT1L (84444)_damaging,0.00024667016768625534
4,TJP3 (27134)_damaging,5.018348685208251e-05
4,ZBTB7A (51341)_damaging,0.0003492544115622501
4,TICAM1 (148022)_damaging,0.0
4,KDM4B (23030)_damaging,2.839645923054723e-05
4,PTPRS (5802)_damaging,0.00016085311294775992
4,SAFB2 (9667)_damaging,5.183746730643237e-06
4,SAFB (6294)_damaging,0.0
4,CAMSAP3 (57662)_damaging,4.169314248623706e-05
4,MAP2K7 (5609)_damaging,0.00010670384353731865
4,FBN3 (84467)_damaging,7.732640306289495e-05
4,MUC16 (94025)_damaging,0.002818558313908249
4,COL5A3 (50509)_damaging,0.0010457971726835792
4,DNMT1 (1786)_damaging,0.0005279420633254364
4,KEAP1 (9817)_damaging,0.002186579955871129
4,DNM2 (1785)_damaging,0.0001475197564261151
4,SMARCA4 (6597)_damaging,0.0039491115414647835
4,MAN2B1 (4125)_damaging,0.0
4,MAST1 (22983)_damaging,0.0
4,CACNA1A (773)_damaging,0.0
4,NOTCH3 (4854)_damaging,3.4137184097360656e-05
4,WIZ (58525)_damaging,0.0001725547945259411
4,AP1M1 (8907)_damaging,0.0003043588636905374
4,CHERP (10523)_damaging,0.0
4,CPAMD8 (27151)_damaging,0.0
4,ZNF208 (7757)_damaging,0.00041011237546004627
4,ZNF729 (100287226)_damaging,0.0014266077041460625
4,ZNF91 (7644)_damaging,0.00026882474471013544
4,ZNF536 (9745)_damaging,0.0007215633686278516
4,TSHZ3 (57616)_damaging,0.0
4,KMT2B (9757)_damaging,0.002181155407206203
4,ARHGAP33 (115703)_damaging,0.0001280245413434928
4,WDR87 (83889)_damaging,0.000572108660406074
4,SIPA1L3 (23094)_damaging,0.00019046416240714307
4,RYR1 (6261)_damaging,0.0008471583598771297
4,CAPN12 (147968)_damaging,7.68185803989383e-05
4,FCGBP (8857)_damaging,0.0018199765660032784
4,PRX (57716)_damaging,0.0002975668095443195
4,SPTBN4 (57731)_damaging,0.0
4,AXL (558)_damaging,8.191580282701063e-06
4,HNRNPUL1 (11100)_damaging,0.00011914776702626756
4,ARHGEF1 (9138)_damaging,0.00024168051146531832
4,ERF (2077)_damaging,0.00014022432229506316
4,CIC (23152)_damaging,0.0006831608577265606
4,MEGF8 (1954)_damaging,0.0002358086205002402
4,ARHGAP35 (2909)_damaging,1.9479788564763134e-05
4,BICRA (29998)_damaging,0.0006338978403733796
4,GRIN2D (2906)_damaging,4.116536574807291e-05
4,LMTK3 (114783)_damaging,0.0002042755516181632
4,TRPM4 (54795)_damaging,0.0
4,TEAD2 (8463)_damaging,0.0
4,PRR12 (57479)_damaging,0.0
4,SCAF1 (58506)_damaging,0.0
4,POLD1 (5424)_damaging,0.0
4,SHANK1 (50944)_damaging,0.00013651968586573715
4,ZNF331 (55422)_damaging,0.00011930521960767667
4,NLRP7 (199713)_damaging,0.0
4,BRSK1 (84446)_damaging,1.97244810161035e-05
4,SSC5D (284297)_damaging,7.133832725169177e-05
4,NLRP9 (338321)_damaging,9.914748635505193e-05
4,NLRP4 (147945)_damaging,0.0004514782475143798
4,PEG3 (5178)_damaging,0.0
4,ZIM3 (114026)_damaging,0.0
4,PXDN (7837)_damaging,0.0
4,MYT1L (23040)_damaging,2.750463781284587e-05
4,GREB1 (9687)_damaging,0.00047958391685269116
4,NBAS (51594)_damaging,0.001775978299026474
4,RAD51AP2 (729475)_damaging,0.0
4,APOB (338)_damaging,0.0003491511130620013
4,TDRD15 (100129278)_damaging,0.00025962644816233694
4,ATAD2B (54454)_damaging,0.0
4,ITSN2 (50618)_damaging,0.00011119195120242272
4,DNMT3A (1788)_damaging,0.0005246806339760487
4,ASXL2 (55252)_damaging,0.00022295966883633522
4,OTOF (9381)_damaging,0.0
4,CAD (790)_damaging,0.0003353253755984684
4,IFT172 (26160)_damaging,5.1744013870212716e-05
4,SPATA31H1 (84226)_damaging,3.6239291976123715e-05
4,ALK (238)_damaging,0.00018381726882743977
4,BIRC6 (57448)_damaging,0.00034393044192099936
4,LTBP1 (4052)_damaging,0.00010550532426436119
4,HEATR5B (54497)_damaging,9.424468334744767e-05
4,ZFP36L2 (678)_damaging,0.00014096590052002856
4,THADA (63892)_damaging,0.00022788808077762576
4,MSH2 (4436)_damaging,0.001822824382428031
4,MSH6 (2956)_damaging,0.00015573971572435593
4,LHCGR (3973)_damaging,0.00014447552216407497
4,NRXN1 (9378)_damaging,5.689218174715463e-05
4,EML6 (400954)_damaging,0.00027738410975751166
4,MTIF2 (4528)_damaging,0.0
4,CCDC88A (55704)_damaging,0.00013142643763860602
4,USP34 (9736)_damaging,0.00014702761870964595
4,C2orf42 (54980)_damaging,0.0002682206419029612
4,ZNF638 (27332)_damaging,0.0
4,DYSF (8291)_damaging,0.0016949927351743472
4,ALMS1 (7840)_damaging,2.887442727805801e-05
4,LOXL3 (84695)_damaging,0.0
4,CTNNA2 (1496)_damaging,0.0009667735366268227
4,DNAH6 (1768)_damaging,0.0012120298188837528
4,ANKRD36 (375248)_damaging,0.0
4,TMEM131 (23505)_damaging,0.0
4,CRACDL (343990)_damaging,6.635448559772323e-06
4,EIF5B (9669)_damaging,5.234475906033181e-05
4,MAP4K4 (9448)_damaging,0.0
4,DPP10 (57628)_damaging,9.907598604729154e-05
4,MARCO (8685)_damaging,0.00010638309124204601
4,EPB41L5 (57669)_damaging,0.0
4,CNTNAP5 (129684)_damaging,0.0009475538470556786
4,ARHGEF4 (50649)_damaging,4.839460397256356e-05
4,NCKAP5 (344148)_damaging,0.00010347468196239485
4,THSD7B (80731)_damaging,0.0018522266603072989
4,LRP1B (53353)_damaging,0.010063101201185457
4,ZEB2 (9839)_damaging,4.455702103927709e-05
4,ACVR2A (92)_damaging,0.0003995479963243972
4,ORC4 (5000)_damaging,0.0
4,KIF5C (3800)_damaging,3.894104736944495e-05
4,RIF1 (55183)_damaging,6.944261116276439e-05
4,NEB (4703)_damaging,0.0008875687393882622
4,GALNT13 (114805)_damaging,0.0001753603373803369
4,BAZ2B (29994)_damaging,0.0
4,LY75 (4065)_damaging,2.6393459254510678e-05
4,PLA2R1 (22925)_damaging,0.0
4,SLC4A10 (57282)_damaging,0.00042588246990429087
4,KCNH7 (90134)_damaging,0.0001076572533425647
4,FIGN (55137)_damaging,0.0
4,SCN3A (6328)_damaging,8.406716515723987e-05
4,SCN2A (6326)_damaging,0.002829213051454655
4,TTC21B (79809)_damaging,0.0
4,SCN1A (6323)_damaging,0.0002555076056186977
4,SCN9A (6335)_damaging,0.0002359657596258766
4,SCN7A (6332)_damaging,0.00023076653060920426
4,XIRP2 (129446)_damaging,0.002819576119641819
4,LRP2 (4036)_damaging,0.00044750083280577625
4,PPIG (9360)_damaging,0.00030050365639602085
4,TTN (7273)_damaging,0.01668501481877757
4,CCDC141 (285025)_damaging,2.166078721588281e-05
4,FSIP2 (401024)_damaging,0.0023168289200509173
4,COL3A1 (1281)_damaging,1.4848594124611761e-05
4,COL5A2 (1290)_damaging,0.0008469631508615363
4,ANKAR (150709)_damaging,0.0
4,DNAH7 (56171)_damaging,0.0007441719783946628
4,HECW2 (57520)_damaging,0.0
4,PLCL1 (5334)_damaging,9.088665630014113e-05
4,SGO2 (151246)_damaging,0.0
4,CASP8 (841)_damaging,0.00030055276120779834
4,BMPR2 (659)_damaging,0.0002853972545305277
4,NBEAL1 (65065)_damaging,0.0003058230378218848
4,PARD3B (117583)_damaging,0.00019183884755355257
4,NRP2 (8828)_damaging,6.911711778889194e-05
4,INO80D (54891)_damaging,0.0008046922730732251
4,ZDBF2 (57683)_damaging,0.00028199797386045666
4,ADAM23 (8745)_damaging,4.1710887000692194e-05
4,PTH2R (5746)_damaging,6.803389732431489e-05
4,MAP2 (4133)_damaging,0.00023275940182998235
4,UNC80 (285175)_damaging,0.0030568605868409125
4,CPS1 (1373)_damaging,0.00037985829360946845
4,ERBB4 (2066)_damaging,0.00016302759299389468
4,ABCA12 (26154)_damaging,0.001158551558290412
4,FN1 (2335)_damaging,4.491980922496525e-05
4,TNS1 (7145)_damaging,0.00011001315835937431
4,CFAP65 (255101)_damaging,4.908354518666037e-05
4,SLC23A3 (151295)_damaging,0.0007287503758020644
4,PTPRN (5798)_damaging,0.00014365115586471573
4,SPEG (10290)_damaging,4.15132925925559e-05
4,SLC4A3 (6508)_damaging,0.0010666727725645612
4,DOCK10 (55619)_damaging,2.884497377889328e-05
4,IRS1 (3667)_damaging,9.487378941815479e-05
4,COL4A4 (1286)_damaging,0.0010620845569981991
4,SPHKAP (80309)_damaging,0.00020890522386390238
4,TRIP12 (9320)_damaging,7.147532557859325e-05
4,MROH2A (339766)_damaging,0.0
4,COL6A3 (1293)_damaging,0.0002508099793156722
4,RBM44 (375316)_damaging,3.9121243434447696e-05
4,HDAC4 (9759)_damaging,8.805486775273666e-05
4,KIF1A (547)_damaging,0.00013279042564483744
4,CROCC2 (728763)_damaging,5.73742912763544e-05
4,TGM6 (343641)_damaging,0.00035581437648421135
4,FASTKD5 (60493)_damaging,0.0006604656229557582
4,PLCB4 (5332)_damaging,0.00016493702924993452
4,ESF1 (51575)_damaging,0.0
4,RRBP1 (6238)_damaging,7.839956638432053e-05
4,CD93 (22918)_damaging,0.00037854452918540624
4,ASXL1 (171023)_damaging,0.004707615406284801
4,NCOA6 (23054)_damaging,0.0002593570879211728
4,MYH7B (57644)_damaging,0.00024907860583606997
4,CEP250 (11190)_damaging,0.0001808353915065589
4,SAMHD1 (25939)_damaging,3.823980997558088e-05
4,RALGAPB (57148)_damaging,0.0
4,CHD6 (84181)_damaging,7.744297122300014e-05
4,PTPRT (11122)_damaging,0.0030684566273419737
4,NCOA3 (8202)_damaging,7.798398244846438e-05
4,DDX27 (55661)_damaging,0.0004990614423986185
4,KCNB1 (3745)_damaging,0.00037987263142837325
4,ADNP (23394)_damaging,0.0
4,SALL4 (57167)_damaging,0.0
4,GNAS (2778)_damaging,0.0
4,ZNF831 (128611)_damaging,0.0
4,SYCP2 (10388)_damaging,5.1791356439880215e-05
4,TAF4 (6874)_damaging,1.5773944356950528e-05
4,LAMA5 (3911)_damaging,0.0005970729405621749
4,DIDO1 (11083)_damaging,0.0009676315977687963
4,COL20A1 (57642)_damaging,0.00035828795524609907
4,HELZ2 (85441)_damaging,0.0001007404169222337
4,TPTE (7179)_damaging,8.129137986395665e-05
4,NRIP1 (8204)_damaging,4.9291496252897803e-05
4,LTN1 (26046)_damaging,0.0001654164919288194
4,USP16 (10600)_damaging,0.0
4,SCAF4 (57466)_damaging,0.00010793578769756573
4,ITSN1 (6453)_damaging,5.6026646640709195e-05
4,RUNX1 (861)_damaging,0.00020475222966267283
4,DOP1B (9980)_damaging,0.0
4,BRWD1 (54014)_damaging,0.0
4,DSCAM (1826)_damaging,0.00010063414078951167
4,ZBTB21 (49854)_damaging,6.577792098618179e-05
4,UMODL1 (89766)_damaging,9.748685105734814e-05
4,NDUFV3 (4731)_damaging,0.00045877970272193813
4,COL18A1 (80781)_damaging,0.00014330837830688325
4,COL6A1 (1291)_damaging,2.641709320693466e-05
4,PCNT (5116)_damaging,0.00025131514469383043
4,CECR2 (27443)_damaging,0.00011095326373177793
4,ZDHHC8 (29801)_damaging,9.217894614056598e-05
4,MED15 (51586)_damaging,0.0
4,PI4KA (5297)_damaging,0.000645201514583365
4,LZTR1 (8216)_damaging,0.00017990300957771468
4,SMARCB1 (6598)_damaging,0.0016435359059056272
4,MYO18B (84700)_damaging,0.0008504875038057597
4,MN1 (4330)_damaging,4.118514482370481e-05
4,CHEK2 (11200)_damaging,9.665908290824904e-05
4,NF2 (4771)_damaging,0.0065407450956614654
4,MTMR3 (8897)_damaging,2.8840684366077004e-05
4,DEPDC5 (9681)_damaging,8.554629992384369e-06
4,MYH9 (4627)_damaging,0.0001897831921026769
4,CSF2RB (1439)_damaging,0.00022322975363721142
4,TRIOBP (11078)_damaging,0.0008576699153667911
4,CACNA1I (8911)_damaging,0.00013407595514302494
4,TNRC6B (23112)_damaging,0.00035216482939851837
4,EP300 (2033)_damaging,0.0018575177575909567
4,ZC3H7B (23264)_damaging,0.0
4,MEI1 (150365)_damaging,2.497434526239143e-05
4,TCF20 (6942)_damaging,0.0
4,SMC1B (27127)_damaging,6.821272043541e-05
4,PKDREJ (10343)_damaging,8.178152581464299e-05
4,ZBED4 (9889)_damaging,0.0
4,PLXNB2 (23654)_damaging,0.0004279008129174994
4,PPP6R2 (9701)_damaging,6.600662513810533e-05
4,SBF1 (6305)_damaging,3.4383471729061025e-05
4,KLHDC7B (113730)_damaging,0.00010515367241666734
4,CHL1 (10752)_damaging,0.00032928400581843926
4,CNTN6 (27255)_damaging,0.00017335733208337955
4,CNTN4 (152330)_damaging,0.0
4,GRM7 (2917)_damaging,0.00039531215209215835
4,VHL (7428)_damaging,0.0010382630153073073
4,KCNH8 (131096)_damaging,8.80922527032428e-05
4,TGFBR2 (7048)_damaging,0.002606280806458821
4,CLASP2 (23122)_damaging,0.0
4,TRANK1 (9881)_damaging,0.00039307187483051846
4,MLH1 (4292)_damaging,8.950735094668444e-05
4,GOLGA4 (2803)_damaging,0.00023511332422334884
4,SCN10A (6336)_damaging,5.267154704851102e-05
4,SCN11A (11280)_damaging,0.0002010596494155071
4,NKTR (4820)_damaging,9.238336106498915e-05
4,TOPAZ1 (375337)_damaging,0.0
4,SETD2 (29072)_damaging,0.000502051698967077
4,PTPN23 (25930)_damaging,0.00011724609910772471
4,PLXNB1 (5364)_damaging,7.366862829762354e-05
4,COL7A1 (1294)_damaging,0.0018282714896162408
4,CELSR3 (1951)_damaging,0.0006954791455678211
4,RHOA (387)_damaging,4.5481033996818416e-05
4,BSN (8927)_damaging,0.0
4,RBM6 (10180)_damaging,1.0396636726476276e-05
4,DOCK3 (1795)_damaging,0.0005525889617331894
4,DNAH1 (25981)_damaging,0.0008141058881383613
4,BAP1 (8314)_damaging,0.002818121850405301
4,STAB1 (23166)_damaging,9.964359963046518e-05
4,PBRM1 (55193)_damaging,0.0010194050911083478
4,CACNA1D (776)_damaging,0.0
4,DNAH12 (201625)_damaging,0.0005046105778885115
4,FLNB (2317)_damaging,8.456148934065207e-05
4,ATXN7 (6314)_damaging,0.0001575650813844714
4,ADAMTS9 (56999)_damaging,8.148911139805443e-05
4,ROBO2 (6092)_damaging,0.0004220300022173222
4,ROBO1 (6091)_damaging,0.0001336601870636663
4,EPHA3 (2042)_damaging,0.0002660695768260211
4,CRYBG3 (131544)_damaging,0.00019030805789614307
4,ABI3BP (25890)_damaging,0.00020546549312121465
4,MYH15 (22989)_damaging,0.0004152346918341955
4,DZIP3 (9666)_damaging,4.020011433238407e-05
4,MORC1 (27136)_damaging,8.171983422444218e-05
4,ZBTB20 (26137)_damaging,0.00040896364356617695
4,POLQ (10721)_damaging,0.00012865191814455512
4,GOLGB1 (2804)_damaging,0.0
4,KALRN (8997)_damaging,0.002568725357987683
4,COL6A5 (256076)_damaging,0.00019581478679866636
4,TOPBP1 (11073)_damaging,0.0
4,RASA2 (5922)_damaging,0.0003216141809607835
4,XRN1 (54464)_damaging,4.923365859165442e-05
4,ATR (545)_damaging,0.0003127459647914923
4,HPS3 (84343)_damaging,6.934715120948471e-05
4,MED12L (116931)_damaging,0.0004494482684361841
4,IGSF10 (285313)_damaging,0.00012461485656391208
4,ARHGEF26 (26084)_damaging,5.75053982197465e-05
4,MME (4311)_damaging,0.0
4,SMC4 (10051)_damaging,0.0
4,SI (6476)_damaging,0.00012334219933523227
4,MECOM (2122)_damaging,0.0002632773148781593
4,TNIK (23043)_damaging,0.0
4,USP13 (8975)_damaging,0.0
4,FXR1 (8087)_damaging,0.0002989296632365377
4,VWA5B2 (90113)_damaging,0.0
4,MUC4 (4585)_damaging,0.001252135160120844
4,TNK2 (10188)_damaging,0.0
4,NSD2 (7468)_damaging,0.0009042613007762493
4,FAM193A (8603)_damaging,0.0
4,HTT (3064)_damaging,0.0
4,JAKMIP1 (152789)_damaging,7.370476674256919e-05
4,BOD1L1 (259282)_damaging,0.0
4,CPEB2 (132864)_damaging,0.0
4,SLIT2 (9353)_damaging,5.303932672330234e-05
4,LIMCH1 (22998)_damaging,1.6165554782794577e-07
4,ATP8A1 (10396)_damaging,0.0
4,CORIN (10699)_damaging,0.0
4,FRYL (285527)_damaging,8.716971474199103e-05
4,KDR (3791)_damaging,0.0008511551935286221
4,CRACD (57482)_damaging,7.393672583697468e-05
4,POLR2B (5431)_damaging,0.0
4,ADGRL3 (23284)_damaging,7.024306530346417e-05
4,EPHA5 (2044)_damaging,0.0
4,CENPC (1060)_damaging,7.84658632676962e-05
4,UGT2B28 (54490)_damaging,0.0
4,SHROOM3 (57619)_damaging,1.0708176840297692e-06
4,FRAS1 (80144)_damaging,4.676412569731661e-05
4,WDFY3 (23001)_damaging,0.0009329612126498739
4,PTPN13 (5783)_damaging,0.0005018533461152328
4,AFF1 (4299)_damaging,0.0001505974404192719
4,MMRN1 (22915)_damaging,0.0
4,GRID2 (2895)_damaging,0.0
4,SMARCAD1 (56916)_damaging,0.0007102732366445508
4,UNC5C (8633)_damaging,0.0
4,CENPE (1062)_damaging,0.0
4,TET2 (54790)_damaging,0.002526247005407598
4,COL25A1 (84570)_damaging,7.448078503275082e-05
4,EGF (1950)_damaging,0.000162942735799208
4,ANK2 (287)_damaging,0.0004910690569927768
4,NDST4 (64579)_damaging,6.988481745461074e-05
4,BLTP1 (84162)_damaging,0.0010010374577696282
4,FAT4 (79633)_damaging,0.0003214186061635113
4,PCDH10 (57575)_damaging,6.522795066982521e-05
4,NAA15 (80155)_damaging,7.768514500561961e-05
4,LRBA (987)_damaging,0.0009204876771034254
4,FBXW7 (55294)_damaging,0.0018284254846818251
4,FHDC1 (85462)_damaging,0.00010568929583904267
4,DCHS2 (54798)_damaging,0.0003836629647216442
4,MAP9 (79884)_damaging,0.0005352176141850736
4,GRIA2 (2891)_damaging,0.0
4,RXFP1 (59350)_damaging,0.0007324812760082268
4,RAPGEF2 (9693)_damaging,0.0
4,FSTL5 (56884)_damaging,4.0453320994648776e-05
4,HAND2 (9464)_damaging,0.000612139315233433
4,WDR17 (116966)_damaging,0.0
4,TENM3 (55714)_damaging,0.00017316489782477921
4,WWC2 (80014)_damaging,0.000394503056631847
4,SORBS2 (8470)_damaging,4.959779595691781e-05
4,FAT1 (2195)_damaging,0.007698018822095601
4,SDHA (6389)_damaging,0.0018106386220787308
4,SLC12A7 (10723)_damaging,0.0
4,ADAMTS16 (170690)_damaging,4.262342510678984e-05
4,ICE1 (23379)_damaging,0.00013971389590508316
4,CTNND2 (1501)_damaging,0.0
4,DNAH5 (1767)_damaging,0.004805479093159234
4,TRIO (7204)_damaging,0.00013294624489832324
4,MYO10 (4651)_damaging,5.450050227001718e-05
4,CDH18 (1016)_damaging,0.0007087449325115275
4,CDH12 (1010)_damaging,7.614002703635391e-05
4,PRDM9 (56979)_damaging,0.0
4,CDH10 (1008)_damaging,0.00044911741049656314
4,CDH6 (1004)_damaging,0.00014176425991306382
4,PDZD2 (23037)_damaging,5.787095765822408e-05
4,ADAMTS12 (81792)_damaging,0.0009592055237736311
4,SPEF2 (79925)_damaging,0.0003331669572013729
4,NIPBL (25836)_damaging,0.00044172386475020643
4,CPLANE1 (65250)_damaging,0.0017749165160905655
4,C7 (730)_damaging,0.00022419714938672156
4,MROH2B (133558)_damaging,0.00017081791523111266
4,C6 (729)_damaging,0.0
4,HCN1 (348980)_damaging,0.00013259352275953658
4,PIK3R1 (5295)_damaging,0.0006904103473482186
4,RAD17 (5884)_damaging,0.0003595721020847755
4,BDP1 (55814)_damaging,8.72868934280326e-05
4,MAP1B (4131)_damaging,0.0001258061866655906
4,ARHGEF28 (64283)_damaging,0.0013857494122986895
4,ANKRD31 (256006)_damaging,0.0001644484708065102
4,AP3B1 (8546)_damaging,2.32260761442213e-05
4,CMYA5 (202333)_damaging,0.0010704804001769811
4,MSH3 (4437)_damaging,0.0060900087682200345
4,VCAN (1462)_damaging,0.00012906373943261554
4,RASA1 (5921)_damaging,0.00044985940517208327
4,ADGRV1 (84059)_damaging,0.0005909868124312157
4,MCTP1 (79772)_damaging,0.00026753742532929136
4,SKIC3 (9652)_damaging,0.0
4,ARSK (153642)_damaging,0.00019795596085432404
4,CHD1 (1105)_damaging,0.0
4,SLCO6A1 (133482)_damaging,0.00016835141395008828
4,APC (324)_damaging,0.009831635457832508
4,DMXL1 (1657)_damaging,0.00020653152686441145
4,ZNF608 (57507)_damaging,0.0
4,FBN2 (2201)_damaging,0.0003216004862703732
4,ADAMTS19 (171019)_damaging,0.0
4,CHSY3 (337876)_damaging,0.0
4,RAPGEF6 (51735)_damaging,2.770598517087708e-05
4,FNIP1 (96459)_damaging,4.3219159118103846e-05
4,RAD50 (10111)_damaging,0.00419835217278357
4,AFF4 (27125)_damaging,0.0
4,CDKL3 (51265)_damaging,5.3164030191143566e-05
4,PITX1 (5307)_damaging,0.00347910316811989
4,LINC02900 (340073)_damaging,0.001322785160343081
4,CTNNA1 (1495)_damaging,0.000478651628668032
4,WDR55 (54853)_damaging,0.0001906492054336833
4,PCDHB4 (56131)_damaging,0.0002199491271536863
4,ARAP3 (64411)_damaging,0.0
4,NR3C1 (2908)_damaging,0.0010045900918592221
4,TCERG1 (10915)_damaging,0.000273852866788381
4,FAT2 (2196)_damaging,0.0014461580046973641
4,GRIA1 (2890)_damaging,0.00014325220803494617
4,LARP1 (23367)_damaging,0.00033573999476509304
4,GEMIN5 (25929)_damaging,0.0001019311573843391
4,SLIT3 (6586)_damaging,0.0
4,DOCK2 (1794)_damaging,0.0003744821508027601
4,NSD1 (64324)_damaging,0.0007254497114783389
4,ADAMTS2 (9509)_damaging,0.0
4,FLT4 (2324)_damaging,0.0004138577083122343
4,DSP (1832)_damaging,0.0013533245764594424
4,HIVEP1 (3096)_damaging,0.0
4,JARID2 (3720)_damaging,7.563126221256833e-05
4,ATXN1 (6310)_damaging,0.0
4,HLA-A (3105)_damaging,0.0028870113018384805
4,MDC1 (9656)_damaging,0.0004915653786980325
4,VARS2 (57176)_damaging,0.0
4,HLA-C (3107)_damaging,0.0004687231858449107
4,HLA-B (3106)_damaging,0.0012553288489340296
4,PRRC2A (7916)_damaging,0.00026884619608519647
4,BAG6 (7917)_damaging,0.00020353669746731444
4,TNXB (7148)_damaging,1.572449384660263e-05
4,NOTCH4 (4855)_damaging,0.00038626139059369855
4,COL11A2 (1302)_damaging,0.000751796320438223
4,ITPR3 (3710)_damaging,3.9921484685651924e-05
4,DNAH8 (1769)_damaging,0.0019860709862289222
4,CCND3 (896)_damaging,0.0031907228736718406
4,PTK7 (5754)_damaging,3.1992082095129686e-05
4,CUL9 (23113)_damaging,0.0
4,ZNF318 (24149)_damaging,0.0
4,TDRD6 (221400)_damaging,3.188496002102674e-05
4,PKHD1 (5314)_damaging,0.00013443716302869216
4,DST (667)_damaging,0.0011241845104842587
4,PHF3 (23469)_damaging,0.00025693213599454746
4,EYS (346007)_damaging,0.0009312782520882273
4,ADGRB3 (577)_damaging,0.0004684219892520885
4,COL19A1 (1310)_damaging,9.185163387193985e-05
4,COL9A1 (1297)_damaging,0.001047327249474442
4,RIMS1 (22999)_damaging,0.00042292794555761655
4,CD109 (135228)_damaging,3.224401327292126e-05
4,COL12A1 (1303)_damaging,9.164296592645578e-05
4,TTK (7272)_damaging,0.0
4,CEP162 (22832)_damaging,3.4563512279179e-05
4,ZNF292 (23036)_damaging,0.0004095105518068593
4,MDN1 (23195)_damaging,0.0004620701509773819
4,CASP8AP2 (9994)_damaging,0.0
4,EPHA7 (2045)_damaging,0.0009079495981536803
4,MMS22L (253714)_damaging,0.00034615535380045433
4,PNISR (25957)_damaging,0.00019194487606042631
4,ASCC3 (10973)_damaging,0.00011090558046649476
4,SOBP (55084)_damaging,0.0
4,AK9 (221264)_damaging,6.31587050214948e-05
4,REV3L (5980)_damaging,9.762436010598832e-05
4,GPRC6A (222545)_damaging,4.027888467688473e-05
4,ROS1 (6098)_damaging,0.0003220677330035581
4,TBC1D32 (221322)_damaging,0.00026971481729830667
4,TRDN (10345)_damaging,0.00028170152172216333
4,MTCL3 (387104)_damaging,0.0
4,LAMA2 (3908)_damaging,0.0001277571950899673
4,AKAP7 (9465)_damaging,0.0
4,MED23 (9439)_damaging,0.000367446507229699
4,TNFAIP3 (7128)_damaging,0.002894485803639753
4,ARFGEF3 (57221)_damaging,0.0002659611618315515
4,ECT2L (345930)_damaging,0.00021620571669906234
4,HIVEP2 (3097)_damaging,0.0002033867866186925
4,UTRN (7402)_damaging,0.00013811060045068496
4,SHPRH (257218)_damaging,0.0
4,GRM1 (2911)_damaging,0.00011135652957962734
4,ADGB (79747)_damaging,0.0
4,SYNE1 (23345)_damaging,0.0029577808670223455
4,SCAF8 (22828)_damaging,2.5049999320464592e-06
4,ARID1B (57492)_damaging,0.0009354193210785057
4,FNDC1 (84624)_damaging,6.0696105930159036e-05
4,IGF2R (3482)_damaging,5.4428855334614945e-05
4,LPA (4018)_damaging,1.379035559314183e-05
4,QKI (9444)_damaging,0.0003604416112425096
4,AFDN (4301)_damaging,0.00020210798191311604
4,CARD11 (84433)_damaging,6.82083720921645e-05
4,SDK1 (221935)_damaging,0.0
4,TNRC18 (84629)_damaging,7.591520120112322e-05
4,PMS2 (5395)_damaging,0.003155433588459303
4,COL28A1 (340267)_damaging,4.4207807188898925e-05
4,THSD7A (221981)_damaging,0.00027502017884015325
4,VWDE (221806)_damaging,0.00013456655156133239
4,AHR (196)_damaging,0.0003111213647214213
4,ABCB5 (340273)_damaging,0.00040029488924573335
4,DNAH11 (8701)_damaging,0.0002503138151356377
4,STK31 (56164)_damaging,0.0002919277124923698
4,CDK13 (8621)_damaging,0.0
4,GLI3 (2737)_damaging,0.0003395547173957927
4,HECW1 (23072)_damaging,0.0002644829553892021
4,AEBP1 (165)_damaging,0.000331331097581297
4,PKD1L1 (168507)_damaging,0.0006330043863595698
4,ABCA13 (154664)_damaging,0.0029096097919361357
4,DDC (1644)_damaging,4.8506605750996224e-05
4,ZNF722 (100419780)_damaging,4.9810276291209433e-05
4,ZNF735 (730291)_damaging,0.0
4,AUTS2 (26053)_damaging,0.0
4,PTPN12 (5782)_damaging,3.138514435873912e-05
4,MAGI2 (9863)_damaging,5.944806637831761e-05
4,CD36 (948)_damaging,0.00022991114502511284
4,PCLO (27445)_damaging,0.0004114733424643181
4,SEMA3E (9723)_damaging,0.0001445508796779997
4,ABCB4 (5244)_damaging,0.0001623769806467144
4,ABCB1 (5243)_damaging,0.0
4,ADAM22 (53616)_damaging,0.0004919539985872873
4,ZNF804B (219578)_damaging,0.00013879591075876036
4,AKAP9 (10142)_damaging,0.0010189820640891108
4,ANKIB1 (54467)_damaging,3.1817479300192956e-05
4,SAMD9 (54809)_damaging,3.450565287990232e-05
4,SAMD9L (219285)_damaging,4.230525803558754e-07
4,CALCR (799)_damaging,0.0
4,COL1A2 (1278)_damaging,7.15318490659985e-05
4,TRRAP (8295)_damaging,0.00011915583629674761
4,GIGYF1 (64599)_damaging,0.0
4,ZAN (7455)_damaging,0.0006507260968190383
4,MUC12 (10071)_damaging,8.51659248190552e-05
4,MUC17 (140453)_damaging,0.001446231033954651
4,PLOD3 (8985)_damaging,7.742513946403694e-05
4,CUX1 (1523)_damaging,0.0002684704266348802
4,FBXL13 (222235)_damaging,0.0
4,SLC26A5 (375611)_damaging,6.481371235200668e-05
4,RELN (5649)_damaging,0.00036643491093041065
4,KMT2E (55904)_damaging,5.5597428113166604e-05
4,PIK3CG (5294)_damaging,0.0002213200071386764
4,SLC26A3 (1811)_damaging,0.00040797636677261916
4,LAMB4 (22798)_damaging,1.4752111751841198e-05
4,DOCK4 (9732)_damaging,4.7442503175713787e-05
4,PPP1R3A (5506)_damaging,0.00031129076633960005
4,CFTR (1080)_damaging,0.0004675419504280772
4,CTTNBP2 (83992)_damaging,3.9938613955018995e-05
4,WNT16 (51384)_damaging,5.263818124857495e-05
4,PTPRZ1 (5803)_damaging,0.0003142379578037376
4,CADPS2 (93664)_damaging,1.6283977175311828e-05
4,GRM8 (2918)_damaging,3.6886924725500226e-05
4,FLNC (2318)_damaging,8.606159453891647e-05
4,KCP (375616)_damaging,0.0
4,PLXNA4 (91584)_damaging,0.0005522853570226491
4,NUP205 (23165)_damaging,0.0
4,TRIM24 (8805)_damaging,0.0
4,KIAA1549 (57670)_damaging,0.00016245153870831714
4,MGAM (8972)_damaging,0.0014037578785536329
4,MGAM2 (93432)_damaging,4.505637908746733e-05
4,EPHB6 (2051)_damaging,0.00014744909805268882
4,KEL (3792)_damaging,0.0002617071551108307
4,NOBOX (135935)_damaging,5.004982852324418e-05
4,CNTNAP2 (26047)_damaging,0.00029999479778145276
4,KCNH2 (3757)_damaging,0.00022585912788432793
4,NOS3 (4846)_damaging,3.625252969825102e-05
4,ATG9B (285973)_damaging,5.2079955165008855e-05
4,KMT2C (58508)_damaging,0.0011852793480142145
4,DPP6 (1804)_damaging,0.0010810581071946507
4,PTPRN2 (5799)_damaging,0.0002836275487079177
4,CSMD1 (64478)_damaging,0.0029148854141344766
4,RP1L1 (94137)_damaging,0.000627876963245923
4,TRMT9B (57604)_damaging,0.002158346307609733
4,DLC1 (10395)_damaging,0.00012210191709963015
4,XPO7 (23039)_damaging,0.0
4,DOCK5 (80005)_damaging,9.910525860338424e-05
4,NUGGC (389643)_damaging,0.0
4,TEX15 (56154)_damaging,0.0001736394473498189
4,WRN (7486)_damaging,0.0006286803761146762
4,UNC5D (137970)_damaging,0.0010474468864777539
4,ADGRA2 (25960)_damaging,0.00015910767664350186
4,NSD3 (54904)_damaging,0.0
4,ADAM18 (8749)_damaging,0.0002174298409964936
4,ANK1 (286)_damaging,9.682839678532752e-05
4,PRKDC (5591)_damaging,0.0011629032471380896
4,PXDNL (137902)_damaging,0.0011382616904003207
4,ST18 (9705)_damaging,0.00024826952264035744
4,RB1CC1 (9821)_damaging,0.0
4,RP1 (6101)_damaging,0.00031944854779771746
4,CHD7 (55636)_damaging,0.0
4,ARFGEF1 (10565)_damaging,0.00018373261643613842
4,PREX2 (80243)_damaging,0.00011854466786349645
4,SULF1 (23213)_damaging,5.565725434820833e-05
4,TRPA1 (8989)_damaging,0.0
4,KCNB2 (9312)_damaging,9.943451694226339e-05
4,ZFHX4 (79776)_damaging,0.0010726479645093445
4,WWP1 (11059)_damaging,0.0007210309401707914
4,ESRP1 (54845)_damaging,0.0014637660274342454
4,VPS13B (157680)_damaging,0.00013882337536400338
4,RGS22 (26166)_damaging,0.0001841680126260877
4,UBR5 (51366)_damaging,0.00015155430092413368
4,RIMS2 (9699)_damaging,0.0010059386425444125
4,ZFPM2 (23414)_damaging,4.163061000432547e-05
4,PKHD1L1 (93035)_damaging,0.0015602040582955547
4,CSMD3 (114788)_damaging,0.002581719003640533
4,TRPS1 (7227)_damaging,0.00017963977938392645
4,COL14A1 (7373)_damaging,0.0007514864909133796
4,FER1L6 (654463)_damaging,8.511696042887452e-05
4,ASAP1 (50807)_damaging,3.436966957869606e-05
4,ADCY8 (114)_damaging,0.00017473154086506619
4,EFR3A (23167)_damaging,5.387119469951161e-05
4,OC90 (729330)_damaging,0.0
4,KCNQ3 (3786)_damaging,0.0
4,PHF20L1 (51105)_damaging,0.0005574712102139902
4,TG (7038)_damaging,0.0
4,COL22A1 (169044)_damaging,0.00012707541064401064
4,ADGRB1 (575)_damaging,0.0
4,PLEC (5339)_damaging,0.0002339046427837404
4,CPSF1 (29894)_damaging,0.0
4,DOCK8 (81704)_damaging,0.0003781197372462857
4,SMARCA2 (6595)_damaging,0.00039683376316321044
4,ERMP1 (79956)_damaging,0.0006139626396600319
4,BRD10 (158358)_damaging,0.0
4,PTPRD (5789)_damaging,6.396938671924447e-05
4,MPDZ (8777)_damaging,0.0
4,FREM1 (158326)_damaging,0.00025131294292456315
4,CCDC171 (203238)_damaging,0.0002131613438053524
4,CNTLN (54875)_damaging,0.0
4,DENND4C (55667)_damaging,0.0
4,CDKN2A (1029)_damaging,0.006063081910131519
4,TAF1L (138474)_damaging,0.0002185703182969722
4,SPATA31G1 (138724)_damaging,2.8507338414885697e-05
4,FANCG (2189)_damaging,0.000300716626472327
4,PIGO (84720)_damaging,3.6560503371304073e-05
4,UNC13B (10497)_damaging,9.969756871935831e-05
4,RUSC2 (9853)_damaging,0.0
4,SPAG8 (26206)_damaging,0.003194067076311297
4,TJP2 (9414)_damaging,0.0
4,TMC1 (117531)_damaging,8.764195524064903e-05
4,TRPM6 (140803)_damaging,2.9371485742186566e-05
4,PCSK5 (5125)_damaging,0.00019991596971671394
4,PRUNE2 (158471)_damaging,8.743195706451737e-06
4,VPS13A (23230)_damaging,0.00015646589762141708
4,KIF27 (55582)_damaging,0.0004862768349595017
4,SLC28A3 (64078)_damaging,7.636636166462471e-05
4,NAA35 (60560)_damaging,0.0
4,SECISBP2 (79048)_damaging,0.0
4,ROR2 (4920)_damaging,0.00014933881609833943
4,NOL8 (55035)_damaging,0.0
4,WNK2 (65268)_damaging,7.222135914006392e-05
4,PHF2 (5253)_damaging,0.0
4,PTCH1 (5727)_damaging,0.00021243163907189578
4,COL15A1 (1306)_damaging,0.0002664211169583043
4,TEX10 (54881)_damaging,3.695957550260847e-05
4,SMC2 (10592)_damaging,0.0
4,ABCA1 (19)_damaging,3.301722254765133e-05
4,ELP1 (8518)_damaging,2.1891328165065462e-05
4,TMEM245 (23731)_damaging,0.0005761104338553174
4,PALM2AKAP2 (445815)_damaging,0.0
4,SVEP1 (79987)_damaging,0.00035319271126593716
4,FKBP15 (23307)_damaging,0.00010226670953577632
4,COL27A1 (85301)_damaging,7.909645011608717e-05
4,PAPPA (5069)_damaging,1.3967528975259864e-05
4,C5 (727)_damaging,8.433715782898616e-05
4,CNTRL (11064)_damaging,0.0
4,DENND1A (57706)_damaging,0.00012640274200316436
4,ADGRD2 (347088)_damaging,0.0
4,GOLGA2 (2801)_damaging,0.0001296840578014603
4,SPTAN1 (6709)_damaging,0.0
4,HMCN2 (256158)_damaging,0.0003280380012754717
4,FUBP3 (8939)_damaging,3.5523524608911714e-06
4,LAMC3 (10319)_damaging,5.9002690442957095e-05
4,NUP214 (8021)_damaging,0.001622044336207102
4,PRRC2B (84726)_damaging,0.00023417304020092645
4,UCK1 (83549)_damaging,0.0002746438238489138
4,SETX (23064)_damaging,0.00018141222808130085
4,TSC1 (7248)_damaging,0.0
4,ADAMTSL2 (9719)_damaging,3.477969003761538e-05
4,BRD3 (8019)_damaging,4.082092560473674e-05
4,COL5A1 (1289)_damaging,7.898730708661572e-05
4,CCDC187 (399693)_damaging,5.099292909405833e-05
4,SEC16A (9919)_damaging,0.0
4,NOTCH1 (4851)_damaging,0.0016669915922741883
4,CACNA1B (774)_damaging,8.10869937355569e-05
4,MXRA5 (25878)_damaging,0.00015759911383169883
4,WWC3 (55841)_damaging,0.0
4,NHS (4810)_damaging,7.722094759924097e-05
4,MAP3K15 (389840)_damaging,0.00013256290633200304
4,DMD (1756)_damaging,0.0013551989739592222
4,CFAP47 (286464)_damaging,0.0010989603796413767
4,RPGR (6103)_damaging,0.0
4,BCOR (54880)_damaging,0.003539731510948848
4,USP9X (8239)_damaging,0.0002853394318992633
4,DDX3X (1654)_damaging,0.002770950135756538
4,KDM6A (7403)_damaging,0.0012599077023189005
4,RBM10 (8241)_damaging,0.00011982795198561003
4,TFE3 (7030)_damaging,0.0
4,CACNA1F (778)_damaging,0.0
4,CCNB3 (85417)_damaging,0.00042733656525861113
4,KDM5C (8242)_damaging,7.264409388017266e-05
4,IQSEC2 (23096)_damaging,0.0
4,HUWE1 (10075)_damaging,0.0010780578927761882
4,AMER1 (139285)_damaging,0.00018422078556957588
4,ZC3H12B (340554)_damaging,0.0
4,TEX11 (56159)_damaging,0.0
4,MED12 (9968)_damaging,0.0005746955927413863
4,ZMYM3 (9203)_damaging,3.4211658178119883e-05
4,ATRX (546)_damaging,0.0011220003601116032
4,BRWD3 (254065)_damaging,0.00016276431895920657
4,ZNF711 (7552)_damaging,0.0
4,DIAPH2 (1730)_damaging,0.00029165107831471753
4,PCDH19 (57526)_damaging,0.0
4,RAB40A (142684)_damaging,0.00023125965142794627
4,NRK (203447)_damaging,8.841641743726149e-05
4,COL4A6 (1288)_damaging,0.0006241355568202574
4,COL4A5 (1287)_damaging,0.00022073161440676673
4,DOCK11 (139818)_damaging,0.0
4,STAG2 (10735)_damaging,0.0010760278954843826
4,TENM1 (10178)_damaging,0.00019459806441477924
4,SMARCA1 (6594)_damaging,9.191825750102922e-05
4,BCORL1 (63035)_damaging,0.0006209764067400043
4,USP26 (83844)_damaging,1.2605829644937954e-05
4,MAP7D3 (79649)_damaging,0.00016901645722435302
4,ADGRG4 (139378)_damaging,0.00014164901218679458
4,SPANXN4 (441525)_damaging,0.001363117871315973
4,SLITRK2 (84631)_damaging,6.142484416217674e-05
4,AFF2 (2334)_damaging,4.1729406710551766e-05
4,CCNQ (92002)_damaging,0.0038753785573150635
4,PLXNA3 (55558)_damaging,0.0005752993330781562
4,F8 (2157)_damaging,9.835789667026218e-05
4,MT-ND4 (4538)_damaging,0.0006185857250183732
4,MT-ND5 (4540)_damaging,0.0007274987299072515
