fold,feature,importance
0,MTOR (2475)_hotspot,0.2525731994920975
0,NRAS (4893)_hotspot,0.377724505474398
0,PTEN (5728)_hotspot,0.0
0,HRAS (3265)_hotspot,0.10080042058982858
0,ATM (472)_hotspot,0.018344912328138525
0,KRAS (3845)_hotspot,0.30823860114551715
0,RB1 (5925)_hotspot,1.7378064137094393
0,CREBBP (1387)_hotspot,0.0
0,TP53 (7157)_hotspot,1.0532150105013975
0,NF1 (4763)_hotspot,1.0095295392656665
0,ERBB2 (2064)_hotspot,0.019993015338278658
0,SMAD4 (4089)_hotspot,0.5547777353516614
0,STK11 (6794)_hotspot,0.0
0,SMARCA4 (6597)_hotspot,0.11256346648782439
0,C2orf81 (388963)_hotspot,0.0
0,NFE2L2 (4780)_hotspot,1.005071910071405
0,EP300 (2033)_hotspot,0.0
0,VHL (7428)_hotspot,0.0
0,CTNNB1 (1499)_hotspot,0.03118858593610677
0,RHOA (387)_hotspot,0.0
0,PIK3CA (5290)_hotspot,1.8715437399802086
0,FBXW7 (55294)_hotspot,0.11324602485275975
0,TERT (7015)_hotspot,1.6806598553429035
0,PIK3R1 (5295)_hotspot,0.05355029038568004
0,APC (324)_hotspot,0.6767802998425241
0,RAC1 (5879)_hotspot,0.02427379403520575
0,EGFR (1956)_hotspot,0.0
0,BRAF (673)_hotspot,2.7038828344227137
0,MYC (4609)_hotspot,0.05185967300713198
0,CDKN2A (1029)_hotspot,0.0
0,AGRN (375790)_damaging,0.29299163140213974
0,MXRA8 (54587)_damaging,0.0
0,MEGF6 (1953)_damaging,0.06163560412169332
0,CHD5 (26038)_damaging,0.4185975433890161
0,RPL22 (6146)_damaging,0.155004954215813
0,ERRFI1 (54206)_damaging,0.0011071299489956235
0,SLC45A1 (50651)_damaging,0.0
0,RERE (473)_damaging,0.0
0,EXOSC10 (5394)_damaging,0.0
0,VPS13D (55187)_damaging,0.04833106948948873
0,FHAD1 (114827)_damaging,0.0102621187639096
0,SPEN (23013)_damaging,0.008109854383469872
0,EPHA2 (1969)_damaging,0.0
0,UBR4 (23352)_damaging,0.02310462442609267
0,HSPG2 (3339)_damaging,0.0
0,LUZP1 (7798)_damaging,0.0
0,ID3 (3399)_damaging,1.7824591881112888
0,ELOA (6924)_damaging,0.0
0,ARID1A (8289)_damaging,0.014753484175051493
0,WDTC1 (23038)_damaging,0.07996606330846757
0,COL16A1 (1307)_damaging,0.05100650600988204
0,CSMD2 (114784)_damaging,0.14138030142302913
0,ZMYM6 (9204)_damaging,0.012026032679803933
0,ZMYM1 (79830)_damaging,0.0
0,ZMYM4 (9202)_damaging,0.022387587124503158
0,CLSPN (63967)_damaging,0.03670968029893095
0,AGO1 (26523)_damaging,0.017842556605438917
0,MAP7D1 (55700)_damaging,0.18566450657732894
0,MACF1 (23499)_damaging,0.3577251597627933
0,HIVEP3 (59269)_damaging,0.0
0,TIE1 (7075)_damaging,0.0
0,MPL (4352)_damaging,0.014454553537313224
0,SZT2 (23334)_damaging,0.0
0,PTCH2 (8643)_damaging,0.007405503548400784
0,ZSWIM5 (57643)_damaging,0.0017983555936594336
0,MUTYH (4595)_damaging,0.0
0,MAST2 (23139)_damaging,0.0
0,FAAH (2166)_damaging,0.0
0,TAL1 (6886)_damaging,0.0
0,FYB2 (199920)_damaging,0.004613258080084204
0,NFIA (4774)_damaging,0.23030851671012934
0,PATJ (10207)_damaging,0.0
0,DOCK7 (85440)_damaging,0.0
0,JAK1 (3716)_damaging,0.002362061349318972
0,DNAJC6 (9829)_damaging,0.0
0,LRRC7 (57554)_damaging,0.0
0,ERICH3 (127254)_damaging,0.19246218780021565
0,SLC44A5 (204962)_damaging,0.010701671864346346
0,ADGRL4 (64123)_damaging,0.10416606243058381
0,ADGRL2 (23266)_damaging,0.004786140903385077
0,COL24A1 (255631)_damaging,0.1713535084407179
0,HFM1 (164045)_damaging,0.0
0,BTBD8 (284697)_damaging,0.0
0,RPL5 (6125)_damaging,0.40779048008000185
0,CCDC18 (343099)_damaging,0.0
0,ABCA4 (24)_damaging,0.035674601928001745
0,ARHGAP29 (9411)_damaging,0.0
0,DPYD (1806)_damaging,0.0004419946354622623
0,COL11A1 (1301)_damaging,0.004759574844040724
0,EPS8L3 (79574)_damaging,0.0
0,SYCP1 (6847)_damaging,0.1894567496115872
0,MAN1A2 (10905)_damaging,0.0
0,SPAG17 (200162)_damaging,0.7128355985242117
0,NOTCH2 (4853)_damaging,0.0
0,BCL9 (607)_damaging,0.0
0,ADAMTSL4 (54507)_damaging,0.0
0,SETDB1 (9869)_damaging,0.006101223957036531
0,ZNF687 (57592)_damaging,0.07618039475042548
0,TCHH (7062)_damaging,0.3137649171797227
0,FLG (2312)_damaging,0.0
0,CCDST (112268240)_damaging,0.3018875343929776
0,FLG2 (388698)_damaging,0.0
0,UBAP2L (9898)_damaging,0.0
0,SHC1 (6464)_damaging,0.0
0,ASH1L (55870)_damaging,0.021100436163490666
0,GON4L (54856)_damaging,0.0192736591734204
0,IQGAP3 (128239)_damaging,0.010265003123012368
0,NES (10763)_damaging,0.0038912863840541282
0,INSRR (3645)_damaging,0.0
0,FCRL5 (83416)_damaging,0.0
0,SPTA1 (6708)_damaging,1.013827406293232
0,ADCY10 (55811)_damaging,0.0
0,F5 (2153)_damaging,0.0
0,FIRRM (55732)_damaging,0.0
0,PRRC2C (23215)_damaging,0.02302412913630235
0,TNR (7143)_damaging,0.0
0,PAPPA2 (60676)_damaging,0.028433671383619463
0,ASTN1 (460)_damaging,0.05805599714994445
0,RASAL2 (9462)_damaging,0.0026447979941906217
0,ABL2 (27)_damaging,0.1719113180235716
0,AXDND1 (126859)_damaging,0.0510637056040365
0,TDRD5 (163589)_damaging,0.040941255982575926
0,CEP350 (9857)_damaging,0.0
0,CACNA1E (777)_damaging,0.0
0,RGL1 (23179)_damaging,0.0
0,HMCN1 (83872)_damaging,0.0
0,TPR (7175)_damaging,0.022526713808099792
0,KCNT2 (343450)_damaging,0.010697847126979397
0,ASPM (259266)_damaging,0.0
0,PTPRC (5788)_damaging,0.022168989503444213
0,CAMSAP2 (23271)_damaging,0.10096790413198979
0,IGFN1 (91156)_damaging,0.07711346744860283
0,NAV1 (89796)_damaging,0.009150286855927413
0,KDM5B (10765)_damaging,0.0
0,ATP2B4 (493)_damaging,0.0
0,PLEKHA6 (22874)_damaging,0.010834731641820222
0,PIK3C2B (5287)_damaging,0.0
0,NFASC (23114)_damaging,0.08047506186829607
0,CR2 (1380)_damaging,0.03247624680134368
0,CR1 (1378)_damaging,0.02093481807086149
0,PLXNA2 (5362)_damaging,0.0
0,PROX1 (5629)_damaging,0.01051972433779837
0,PTPN14 (5784)_damaging,0.0
0,CENPF (1063)_damaging,0.2251857592090028
0,USH2A (7399)_damaging,0.1294503591157285
0,DNAH14 (127602)_damaging,0.0
0,CDC42BPA (8476)_damaging,0.0
0,OBSCN (84033)_damaging,0.0
0,H3-4 (8290)_damaging,0.0
0,PCNX2 (80003)_damaging,0.0
0,MAP3K21 (84451)_damaging,0.021797713548552543
0,ARID4B (51742)_damaging,0.010492495351222098
0,LYST (1130)_damaging,0.0
0,RYR2 (6262)_damaging,0.3335547484475777
0,CHRM3 (1131)_damaging,0.16463498286446707
0,FMN2 (56776)_damaging,0.0
0,WDR64 (128025)_damaging,0.11294935281404862
0,SDCCAG8 (10806)_damaging,0.020004183244163146
0,KIF26B (55083)_damaging,0.0
0,AHCTF1 (25909)_damaging,0.0
0,NLRP3 (114548)_damaging,0.060384475298683925
0,LARP4B (23185)_damaging,0.048031731837538276
0,TASOR2 (54906)_damaging,0.0
0,TAF3 (83860)_damaging,0.12544918779943084
0,FRMD4A (55691)_damaging,0.0
0,ITGA8 (8516)_damaging,0.013999345201172872
0,CUBN (8029)_damaging,0.10408406243369772
0,MRC1 (4360)_damaging,0.0004115214135791805
0,MALRD1 (340895)_damaging,0.06616413006145228
0,GPR158 (57512)_damaging,0.0025333780829251765
0,MYO3A (53904)_damaging,0.012276136869030358
0,ANKRD26 (22852)_damaging,0.0
0,ODAD2 (55130)_damaging,0.0
0,SVIL (6840)_damaging,0.041772493627596996
0,KIF5B (3799)_damaging,0.0
0,PARD3 (56288)_damaging,0.0
0,ANKRD30A (91074)_damaging,0.008871474423593938
0,RSU1P2 (100133308)_damaging,0.0
0,WDFY4 (57705)_damaging,0.023811767688650332
0,C10orf71 (118461)_damaging,0.0
0,PCDH15 (65217)_damaging,0.3435000972871194
0,ANK3 (288)_damaging,0.0
0,ARID5B (84159)_damaging,0.1805487079404717
0,EGR2 (1959)_damaging,0.0
0,JMJD1C (221037)_damaging,0.006399241670808477
0,CTNNA3 (29119)_damaging,0.0
0,MYPN (84665)_damaging,0.0
0,CDH23 (64072)_damaging,0.0
0,ZMIZ1 (57178)_damaging,0.0
0,NRG3 (10718)_damaging,0.09209769881568378
0,WAPL (23063)_damaging,0.0
0,PTEN (5728)_damaging,0.0
0,STAMBPL1 (57559)_damaging,0.0
0,SLC16A12 (387700)_damaging,0.03172560906145521
0,KIF20B (9585)_damaging,0.0
0,PLCE1 (51196)_damaging,0.0
0,CC2D2B (387707)_damaging,0.0
0,ZNF518A (9849)_damaging,0.10796372261736997
0,SLIT1 (6585)_damaging,0.0
0,LOXL4 (84171)_damaging,0.055134701282378656
0,PAX2 (5076)_damaging,0.0
0,PPRC1 (23082)_damaging,0.0
0,CNNM2 (54805)_damaging,0.0
0,PDCD11 (22984)_damaging,0.0
0,SH3PXD2A (9644)_damaging,0.0
0,SLK (9748)_damaging,0.22349828587145654
0,SORCS3 (22986)_damaging,0.015695715071264483
0,SORCS1 (114815)_damaging,0.05092653952246793
0,SMC3 (9126)_damaging,0.024573834731747547
0,TCF7L2 (6934)_damaging,0.0
0,ATRNL1 (26033)_damaging,0.0
0,TACC2 (10579)_damaging,0.0
0,DMBT1 (1755)_damaging,0.48143686426537574
0,MKI67 (4288)_damaging,0.06546420276110683
0,JAKMIP3 (282973)_damaging,0.07709734936651384
0,CFAP46 (54777)_damaging,0.05661126711246493
0,B4GALNT4 (338707)_damaging,0.0
0,PKP3 (11187)_damaging,0.012397701711029881
0,MUC5AC (4586)_damaging,0.026500179290226578
0,MUC5B (727897)_damaging,0.0
0,BRSK2 (9024)_damaging,0.0
0,KCNQ1 (3784)_damaging,0.0
0,NUP98 (4928)_damaging,0.21359366678680786
0,DNHD1 (144132)_damaging,0.06759982355852734
0,DCHS1 (8642)_damaging,0.053570868001160316
0,IPO7 (10527)_damaging,0.0
0,SBF2 (81846)_damaging,0.02265030906580691
0,PLEKHA7 (144100)_damaging,0.004973355891916779
0,PIK3C2A (5286)_damaging,0.0
0,ABCC8 (6833)_damaging,0.047158323818571546
0,OTOG (340990)_damaging,0.01206186420123507
0,HPS5 (11234)_damaging,0.0
0,NAV2 (89797)_damaging,0.06022607155414833
0,ANO3 (63982)_damaging,0.19748403615878438
0,DCDC1 (341019)_damaging,0.05695665126766156
0,CCDC73 (493860)_damaging,0.030802361850368085
0,QSER1 (79832)_damaging,0.014495562495684814
0,HIPK3 (10114)_damaging,0.01239133059924194
0,KIAA1549L (25758)_damaging,0.0
0,LRP4 (4038)_damaging,0.0
0,AGBL2 (79841)_damaging,0.012065412045206475
0,FOLH1 (2346)_damaging,0.009970515721880388
0,OR4P4 (81300)_damaging,0.007179637035512313
0,CTNND1 (1500)_damaging,0.0
0,DTX4 (23220)_damaging,0.0
0,MYRF (745)_damaging,0.09959111886485822
0,AHNAK (79026)_damaging,0.0
0,PLCB3 (5331)_damaging,0.0
0,NRXN2 (9379)_damaging,0.0
0,ATG2A (23130)_damaging,0.0
0,PCNX3 (399909)_damaging,0.0
0,RIN1 (9610)_damaging,0.00559129749212866
0,SHANK2 (22941)_damaging,0.18626655741311962
0,NUMA1 (4926)_damaging,0.0
0,INPPL1 (3636)_damaging,0.0
0,ARHGEF17 (9828)_damaging,0.0
0,C2CD3 (26005)_damaging,0.0
0,MYO7A (4647)_damaging,0.0
0,RSF1 (51773)_damaging,0.008877487429021247
0,GAB2 (9846)_damaging,0.002885785725022589
0,TENM4 (26011)_damaging,0.5420316161233529
0,PCF11 (51585)_damaging,0.05656484447396881
0,SYTL2 (54843)_damaging,0.009094755412986572
0,FAT3 (120114)_damaging,0.0
0,MRE11 (4361)_damaging,0.0
0,CNTN5 (53942)_damaging,0.00027505630612236403
0,CEP126 (57562)_damaging,0.06396059120052683
0,MMP3 (4314)_damaging,0.0
0,MMP12 (4321)_damaging,0.009198399219958457
0,DYNC2H1 (79659)_damaging,0.0
0,NPAT (4863)_damaging,0.0
0,ATM (472)_damaging,0.2655753276740462
0,EXPH5 (23086)_damaging,0.0
0,NKAPD1 (55216)_damaging,0.0
0,NCAM1 (4684)_damaging,0.0
0,USP28 (57646)_damaging,0.051056162561053574
0,DSCAML1 (57453)_damaging,0.0
0,KMT2A (4297)_damaging,0.15769870458791455
0,BCL9L (283149)_damaging,0.033180050232829716
0,MFRP (83552)_damaging,0.019696333041903286
0,ARHGEF12 (23365)_damaging,0.0
0,TECTA (7007)_damaging,0.039063494375487326
0,SORL1 (6653)_damaging,0.0
0,ROBO3 (64221)_damaging,0.0
0,ROBO4 (54538)_damaging,0.0
0,CCDC15 (80071)_damaging,0.0
0,NFRKB (4798)_damaging,0.0
0,IGSF9B (22997)_damaging,0.0
0,LINC02714 (729305)_damaging,0.005031791707057495
0,KDM5A (5927)_damaging,0.0
0,WNK1 (65125)_damaging,0.0
0,CACNA1C (775)_damaging,0.14536800951540932
0,VWF (7450)_damaging,0.0
0,PLEKHG6 (55200)_damaging,0.0
0,NCAPD2 (9918)_damaging,0.15291020713543169
0,CHD4 (1108)_damaging,0.0
0,ATN1 (1822)_damaging,0.00686089585598551
0,A2ML1 (144568)_damaging,0.021539592278268644
0,A2M (2)_damaging,0.0
0,GRIN2B (2904)_damaging,0.0051222946833293995
0,ATF7IP (55729)_damaging,0.004120132641028745
0,GUCY2C (2984)_damaging,0.14549986660216843
0,EPS8 (2059)_damaging,0.10560931256546108
0,PLEKHA5 (54477)_damaging,0.0
0,SLCO1C1 (53919)_damaging,0.0
0,RECQL (5965)_damaging,0.0
0,ABCC9 (10060)_damaging,0.13018622173013375
0,ITPR2 (3709)_damaging,0.014746907936443246
0,OVCH1 (341350)_damaging,0.004988988328711384
0,KIF21A (55605)_damaging,0.0
0,LRRK2 (120892)_damaging,0.0
0,MUC19 (283463)_damaging,0.434089336554405
0,CNTN1 (1272)_damaging,0.0
0,PDZRN4 (29951)_damaging,0.010543734099618614
0,ADAMTS20 (80070)_damaging,0.0
0,ARID2 (196528)_damaging,0.0
0,HDAC7 (51564)_damaging,0.0
0,COL2A1 (1280)_damaging,0.0
0,WNT1 (7471)_damaging,0.02156247431040869
0,KMT2D (8085)_damaging,0.0
0,PRPF40B (25766)_damaging,0.08051790119225818
0,NCKAP5L (57701)_damaging,0.0
0,MAP3K12 (7786)_damaging,0.10122095071470272
0,PAN2 (9924)_damaging,0.0
0,STAT2 (6773)_damaging,0.0
0,NACA (4666)_damaging,0.0
0,MYO1A (4640)_damaging,0.007768888891760042
0,STAT6 (6778)_damaging,0.008742038564852887
0,LRP1 (4035)_damaging,0.07060499226690513
0,R3HDM2 (22864)_damaging,0.018655872753741337
0,GLI1 (2735)_damaging,0.01712186920065943
0,MBD6 (114785)_damaging,0.0
0,PTPRB (5787)_damaging,0.16170353820670208
0,ZFC3H1 (196441)_damaging,0.0
0,E2F7 (144455)_damaging,0.0
0,NAV3 (89795)_damaging,0.2808958596988556
0,PTPRQ (374462)_damaging,0.012920508747573466
0,PPFIA2 (8499)_damaging,0.0
0,LRRIQ1 (84125)_damaging,0.007562043678410103
0,CEP290 (80184)_damaging,0.07945847361598876
0,EEA1 (8411)_damaging,0.13403656409609976
0,PLXNC1 (10154)_damaging,0.014122022201027486
0,FGD6 (55785)_damaging,0.0016267774279647993
0,CFAP54 (144535)_damaging,0.007299996936068465
0,ANKS1B (56899)_damaging,0.005025871823775619
0,BLTP3B (23074)_damaging,0.07684308485027876
0,UTP20 (27340)_damaging,0.0
0,GNPTAB (79158)_damaging,0.0
0,STAB2 (55576)_damaging,0.4958839737743535
0,ALDH1L2 (160428)_damaging,0.016694643520238913
0,ACACB (32)_damaging,0.0
0,MVK (4598)_damaging,0.012905630285604094
0,CUX2 (23316)_damaging,0.06487185922784472
0,HECTD4 (283450)_damaging,0.0
0,DTX1 (1840)_damaging,0.0
0,CIT (11113)_damaging,0.07779789789532444
0,HNF1A (6927)_damaging,0.01572309222851206
0,KDM2B (84678)_damaging,0.0
0,SETD1B (23067)_damaging,0.2060274684403611
0,KNTC1 (9735)_damaging,0.0
0,HIP1R (9026)_damaging,0.003221264620647588
0,SBNO1 (55206)_damaging,0.0
0,DNAH10 (196385)_damaging,0.04639066425944041
0,NCOR2 (9612)_damaging,0.0
0,TMEM132D (121256)_damaging,0.14861134678464744
0,RIMBP2 (23504)_damaging,0.23694102124136596
0,SFSWAP (6433)_damaging,0.0
0,ULK1 (8408)_damaging,0.0
0,EP400 (57634)_damaging,0.12402388303562491
0,POLE (5426)_damaging,0.0
0,ZMYM2 (7750)_damaging,0.0
0,SACS (26278)_damaging,0.04007071337125444
0,RNF17 (56163)_damaging,0.017925482921916557
0,CENPJ (55835)_damaging,0.0
0,ATP8A2 (51761)_damaging,0.03349966721198619
0,RXFP2 (122042)_damaging,0.008369370820566114
0,FRY (10129)_damaging,0.09928327384487878
0,BRCA2 (675)_damaging,0.4643592707492973
0,PDS5B (23047)_damaging,0.9716182582441101
0,NBEA (26960)_damaging,0.23764905478463105
0,FREM2 (341640)_damaging,0.21840718683297655
0,DGKH (160851)_damaging,0.00541672316368038
0,ZC3H13 (23091)_damaging,0.0
0,RB1 (5925)_damaging,0.9421367717057559
0,PCDH17 (27253)_damaging,0.0
0,KLHL1 (57626)_damaging,0.007261674680334991
0,DACH1 (1602)_damaging,0.0
0,DIS3 (22894)_damaging,0.013085401039395548
0,MYCBP2 (23077)_damaging,0.0
0,SLITRK5 (26050)_damaging,0.0
0,DOCK9 (23348)_damaging,0.0
0,PCCA (5095)_damaging,0.01232187376726723
0,NALCN (259232)_damaging,0.0935867903458049
0,CCDC168 (643677)_damaging,0.0
0,MYO16 (23026)_damaging,0.19947357247836797
0,IRS2 (8660)_damaging,0.0
0,COL4A1 (1282)_damaging,0.0
0,COL4A2 (1284)_damaging,0.0075891160870294305
0,TEP1 (7011)_damaging,0.0
0,ARHGEF40 (55701)_damaging,0.0
0,CHD8 (57680)_damaging,0.0
0,AJUBA (84962)_damaging,0.6284145443895574
0,ACIN1 (22985)_damaging,0.02422810669231584
0,MYH6 (4624)_damaging,0.033720117352229094
0,MYH7 (4625)_damaging,0.014131756368859393
0,ZFHX2 (85446)_damaging,0.0
0,CARMIL3 (90668)_damaging,0.0
0,NYNRIN (57523)_damaging,0.2488658113278594
0,HECTD1 (25831)_damaging,0.004674919346203081
0,ARHGAP5 (394)_damaging,0.0
0,AKAP6 (9472)_damaging,0.05504982013237267
0,NPAS3 (64067)_damaging,0.0
0,RALGAPA1 (253959)_damaging,0.0
0,TTC6 (319089)_damaging,0.0008354202418910379
0,TOGARAM1 (23116)_damaging,0.0
0,FANCM (57697)_damaging,0.0
0,MDGA2 (161357)_damaging,0.10440167701392332
0,NIN (51199)_damaging,0.007203460451489749
0,NID2 (22795)_damaging,0.0
0,KTN1 (3895)_damaging,0.0
0,ARID4A (5926)_damaging,0.02053101542715082
0,HIF1A (3091)_damaging,0.0020404159817519634
0,KCNH5 (27133)_damaging,0.0
0,SYNE2 (23224)_damaging,0.3578690519277556
0,PCNX1 (22990)_damaging,0.0
0,MIDEAS (91748)_damaging,0.0
0,YLPM1 (56252)_damaging,0.028905930800303507
0,MLH3 (27030)_damaging,0.4448003280271698
0,NRXN3 (9369)_damaging,0.023647564243427753
0,GALC (2581)_damaging,0.0
0,PTPN21 (11099)_damaging,0.006648610664747678
0,EML5 (161436)_damaging,0.0
0,CCDC88C (440193)_damaging,0.008146604271805082
0,TRIP11 (9321)_damaging,0.06919686743846765
0,UNC79 (57578)_damaging,0.0
0,ATG2B (55102)_damaging,0.0
0,RTL1 (388015)_damaging,0.05169315707569067
0,DYNC1H1 (1778)_damaging,0.0
0,CDC42BPB (9578)_damaging,0.0
0,KIF26A (26153)_damaging,0.0
0,INF2 (64423)_damaging,0.0
0,CEP170B (283638)_damaging,0.13773251244136983
0,AHNAK2 (113146)_damaging,0.0
0,MTA1 (9112)_damaging,0.0
0,HERC2 (8924)_damaging,0.0
0,ENTREP2 (23359)_damaging,0.01712735172504405
0,TRPM1 (4308)_damaging,0.030733868085428984
0,FMN1 (342184)_damaging,0.0
0,RYR3 (6263)_damaging,0.0
0,KNL1 (57082)_damaging,0.0
0,INO80 (54617)_damaging,0.006491751702401395
0,LTK (4058)_damaging,0.002782612305343431
0,TYRO3 (7301)_damaging,0.509098827250875
0,MGA (23269)_damaging,0.0
0,SPTBN5 (51332)_damaging,0.0
0,ZNF106 (64397)_damaging,0.02555898030500499
0,STARD9 (57519)_damaging,0.0
0,UBR1 (197131)_damaging,0.004609734762396429
0,TP53BP1 (7158)_damaging,0.0
0,MAP1A (4130)_damaging,0.0
0,SPG11 (80208)_damaging,0.0
0,B2M (567)_damaging,0.032626431581319046
0,DUOX2 (50506)_damaging,0.0949285413679985
0,FBN1 (2200)_damaging,0.08226110536734518
0,TRPM7 (54822)_damaging,0.0
0,AP4E1 (23431)_damaging,0.0026338304642362833
0,DMXL2 (23312)_damaging,0.0
0,MYO5C (55930)_damaging,0.052241176212581154
0,WDR72 (256764)_damaging,0.0
0,UNC13C (440279)_damaging,0.0
0,RFX7 (64864)_damaging,0.1389187453552619
0,TCF12 (6938)_damaging,0.06996207675728658
0,ICE2 (79664)_damaging,0.0
0,VPS13C (54832)_damaging,0.0581320192369525
0,TLN2 (83660)_damaging,0.05965020047780347
0,HERC1 (8925)_damaging,0.0
0,ZNF609 (23060)_damaging,0.0
0,CILP (8483)_damaging,0.028275479235112103
0,MEGF11 (84465)_damaging,0.0
0,MYO9A (4649)_damaging,0.13830435088149381
0,HCN4 (10021)_damaging,0.022648883583042186
0,ARID3B (10620)_damaging,0.0
0,SIN3A (25942)_damaging,1.2206655890299902
0,PEAK1 (79834)_damaging,0.010578035224528552
0,ADAMTSL3 (57188)_damaging,0.0
0,AKAP13 (11214)_damaging,0.02057237841010916
0,AGBL1 (123624)_damaging,0.02049117026331133
0,NTRK3 (4916)_damaging,0.062142386407847555
0,TICRR (90381)_damaging,0.0
0,KIF7 (374654)_damaging,0.4786382151348116
0,IQGAP1 (8826)_damaging,0.0
0,BLM (641)_damaging,0.0
0,FES (2242)_damaging,0.34775130880054883
0,CHD2 (1106)_damaging,0.0
0,LRRK1 (79705)_damaging,0.018728284394755178
0,AXIN1 (8312)_damaging,0.016448740221228702
0,CACNA1H (8912)_damaging,0.0
0,UNKL (64718)_damaging,0.0
0,CRAMP1 (57585)_damaging,0.0
0,TSC2 (7249)_damaging,0.2377408769061341
0,PKD1 (5310)_damaging,0.03637956945628805
0,CASKIN1 (57524)_damaging,0.0
0,SLX4 (84464)_damaging,0.0
0,CREBBP (1387)_damaging,0.8632961596424106
0,CORO7 (79585)_damaging,0.0
0,GRIN2A (2903)_damaging,0.0
0,KNOP1 (400506)_damaging,0.1568279687602773
0,DNAH3 (55567)_damaging,0.009505479569887135
0,SCNN1B (6338)_damaging,0.01982534675111084
0,PALB2 (79728)_damaging,0.0
0,ERN2 (10595)_damaging,0.0025946492359754884
0,TNRC6A (27327)_damaging,0.0
0,ARHGAP17 (55114)_damaging,0.014461278555443238
0,GTF3C1 (2975)_damaging,0.047871146951827336
0,ATXN2L (11273)_damaging,0.022690025034508267
0,ITGAL (3683)_damaging,0.0
0,PRR14 (78994)_damaging,0.0
0,FBRS (64319)_damaging,0.0
0,SRCAP (10847)_damaging,0.10688553178730857
0,SETD1A (9739)_damaging,0.02755353915211596
0,ZNF668 (79759)_damaging,0.012327684474376618
0,ABCC11 (85320)_damaging,0.0
0,SALL1 (6299)_damaging,0.0
0,CHD9 (80205)_damaging,0.0
0,RBL2 (5934)_damaging,0.01846893684276611
0,NLRC5 (84166)_damaging,0.0
0,CNGB1 (1258)_damaging,0.007003001713833995
0,CDH8 (1006)_damaging,0.15842112558592084
0,CDH11 (1009)_damaging,0.005594444067940381
0,CTCF (10664)_damaging,0.13703399643165767
0,CDH1 (999)_damaging,0.0
0,MTSS2 (92154)_damaging,0.0
0,DHX38 (9785)_damaging,0.0
0,ZFHX3 (463)_damaging,0.0
0,CNTNAP4 (85445)_damaging,0.0
0,PKD1L2 (114780)_damaging,0.025177069582489036
0,GSE1 (23199)_damaging,0.0
0,ZNF469 (84627)_damaging,0.07929272980805471
0,ZC3H18 (124245)_damaging,0.0
0,LINC02138 (400558)_damaging,0.16027962767808196
0,CDH15 (1013)_damaging,0.0
0,ANKRD11 (29123)_damaging,0.038502263110633976
0,VPS9D1 (9605)_damaging,0.0
0,SPATA22 (84690)_damaging,0.3233576518524174
0,ZZEF1 (23140)_damaging,0.0
0,USP6 (9098)_damaging,0.5312803521608832
0,NLRP1 (22861)_damaging,0.12250053859240925
0,TP53 (7157)_damaging,12.400510451161413
0,EFNB3 (1949)_damaging,0.028784750188821675
0,DNAH2 (146754)_damaging,0.0
0,KDM6B (23135)_damaging,0.18080841904845993
0,CHD3 (1107)_damaging,0.0
0,PER1 (5187)_damaging,0.0
0,PFAS (5198)_damaging,0.0
0,MYH13 (8735)_damaging,0.0
0,MYH8 (4626)_damaging,0.0
0,MYH1 (4619)_damaging,0.21523631606828406
0,MYH2 (4620)_damaging,0.0
0,DNAH9 (1770)_damaging,0.09360955612527216
0,MYOCD (93649)_damaging,0.0
0,NCOR1 (9611)_damaging,0.18142650363688187
0,FLCN (201163)_damaging,0.07291877854523009
0,MYO15A (51168)_damaging,0.0
0,TOP3A (7156)_damaging,0.0
0,SPECC1 (92521)_damaging,0.0
0,KSR1 (8844)_damaging,0.0
0,MYO18A (399687)_damaging,0.001661434173568382
0,SSH2 (85464)_damaging,0.0
0,EFCAB5 (374786)_damaging,0.0
0,CPD (1362)_damaging,0.0
0,ATAD5 (79915)_damaging,0.0
0,NF1 (4763)_damaging,0.09926401266161722
0,SLFN11 (91607)_damaging,0.6976250913943265
0,ACACA (31)_damaging,0.11280067102865823
0,GPR179 (440435)_damaging,0.009628034238501256
0,SRCIN1 (80725)_damaging,0.052084826189302776
0,CDK12 (51755)_damaging,0.030428083692926603
0,TOP2A (7153)_damaging,0.008622751666897696
0,KCNH4 (23415)_damaging,0.0
0,STAT5B (6777)_damaging,0.022464191953010523
0,BRCA1 (672)_damaging,0.0
0,ITGA2B (3674)_damaging,0.5970762524457756
0,GPATCH8 (23131)_damaging,0.026685694126873445
0,KANSL1 (284058)_damaging,0.3673726054013502
0,HOXB3 (3213)_damaging,0.0
0,COL1A1 (1277)_damaging,0.07184652945199507
0,RNF43 (54894)_damaging,0.4798966432397589
0,PPM1D (8493)_damaging,0.011381409318336077
0,BRIP1 (83990)_damaging,0.011575631022043106
0,MED13 (9969)_damaging,0.0
0,MRC2 (9902)_damaging,0.0
0,SCN4A (6329)_damaging,0.08279405987077054
0,GNA13 (10672)_damaging,0.09797138759832813
0,AXIN2 (8313)_damaging,0.0
0,HELZ (9931)_damaging,0.0
0,BPTF (2186)_damaging,0.0
0,ABCA8 (10351)_damaging,0.0
0,ABCA9 (10350)_damaging,0.6669096714923023
0,ABCA6 (23460)_damaging,0.02412320836400969
0,ABCA10 (10349)_damaging,0.013175621887885416
0,SOX9 (6662)_damaging,0.017750283604018972
0,SDK2 (54549)_damaging,0.07789451586000079
0,TMEM94 (9772)_damaging,0.0
0,MYO15B (80022)_damaging,0.011397800344947093
0,ITGB4 (3691)_damaging,0.05306587605231305
0,EVPL (2125)_damaging,0.01128796317179005
0,SPHK1 (8877)_damaging,0.0
0,TNRC6C (57690)_damaging,0.0
0,DNAH17 (8632)_damaging,0.03825438809010215
0,CARD14 (79092)_damaging,0.0
0,RPTOR (57521)_damaging,0.0
0,BAHCC1 (57597)_damaging,0.01678562444741178
0,FASN (2194)_damaging,0.06016970711086031
0,NARF (26502)_damaging,0.0
0,SMCHD1 (23347)_damaging,0.0
0,EPB41L3 (23136)_damaging,0.41458464417480634
0,LAMA1 (284217)_damaging,0.0631735341911908
0,PTPRM (5797)_damaging,0.13135846500170595
0,MTCL1 (23255)_damaging,0.0
0,ANKRD12 (23253)_damaging,0.0
0,PIEZO2 (63895)_damaging,0.0
0,ANKRD30B (374860)_damaging,0.03224001618878042
0,ROCK1 (6093)_damaging,0.44550783589851517
0,GREB1L (80000)_damaging,0.0
0,ESCO1 (114799)_damaging,0.0
0,LAMA3 (3909)_damaging,0.04561802140255443
0,ZNF521 (25925)_damaging,0.0
0,CCDC178 (374864)_damaging,0.0
0,ASXL3 (80816)_damaging,0.010595328640227409
0,FHOD3 (80206)_damaging,0.045949900490200236
0,SETBP1 (26040)_damaging,0.012693493733591254
0,EPG5 (57724)_damaging,0.02804115638859156
0,LOXHD1 (125336)_damaging,0.007310842166146003
0,SKOR2 (652991)_damaging,0.0
0,ZBTB7C (201501)_damaging,0.0
0,SMAD4 (4089)_damaging,1.0563553520592015
0,DCC (1630)_damaging,0.0
0,ALPK2 (115701)_damaging,0.0
0,CDH7 (1005)_damaging,0.006992315991390314
0,DSEL (92126)_damaging,0.0
0,RTTN (25914)_damaging,0.0
0,CBLN2 (147381)_damaging,0.018086115385353912
0,ZNF236 (7776)_damaging,0.02494912348600282
0,SALL3 (27164)_damaging,0.0
0,ATP9B (374868)_damaging,0.0
0,KCNG2 (26251)_damaging,0.0
0,ABCA7 (10347)_damaging,0.0
0,STK11 (6794)_damaging,0.7376632519338109
0,DAZAP1 (26528)_damaging,0.0
0,TCF3 (6929)_damaging,0.21701241748625988
0,REXO1 (57455)_damaging,0.0
0,AP3D1 (8943)_damaging,0.2179498097505302
0,DOT1L (84444)_damaging,0.10868299484097149
0,ZBTB7A (51341)_damaging,0.008874766836931534
0,TICAM1 (148022)_damaging,0.0
0,KDM4B (23030)_damaging,0.05192226298209344
0,PTPRS (5802)_damaging,0.04235519042631302
0,SAFB2 (9667)_damaging,0.0
0,SAFB (6294)_damaging,0.0
0,CAMSAP3 (57662)_damaging,0.25482107292715966
0,FBN3 (84467)_damaging,0.09510090199212394
0,MUC16 (94025)_damaging,0.05743546678890797
0,COL5A3 (50509)_damaging,0.0
0,DNMT1 (1786)_damaging,0.0
0,TYK2 (7297)_damaging,0.0
0,KEAP1 (9817)_damaging,0.0
0,DNM2 (1785)_damaging,0.022418062820570215
0,SMARCA4 (6597)_damaging,0.4788862301869702
0,MAST1 (22983)_damaging,0.0
0,CACNA1A (773)_damaging,0.296276246872596
0,NOTCH3 (4854)_damaging,0.0
0,BRD4 (23476)_damaging,0.0
0,WIZ (58525)_damaging,0.18838900266977518
0,SIN3B (23309)_damaging,0.0
0,CPAMD8 (27151)_damaging,0.0
0,ZNF90 (7643)_damaging,0.0
0,ZNF429 (353088)_damaging,0.0
0,ZNF208 (7757)_damaging,0.013691673074819093
0,ZNF729 (100287226)_damaging,0.011563532493152005
0,ZNF91 (7644)_damaging,0.011520020833951485
0,ZNF536 (9745)_damaging,0.05730960615365097
0,TSHZ3 (57616)_damaging,0.007593172418931949
0,KMT2B (9757)_damaging,0.2579854932704161
0,NPHS1 (4868)_damaging,0.0
0,ZNF569 (148266)_damaging,0.0
0,WDR87 (83889)_damaging,0.09614609602927214
0,SIPA1L3 (23094)_damaging,0.021850185171603517
0,RYR1 (6261)_damaging,0.0
0,CAPN12 (147968)_damaging,0.09964788135791983
0,FCGBP (8857)_damaging,0.0
0,PRX (57716)_damaging,0.019006270884225403
0,SPTBN4 (57731)_damaging,0.0
0,AXL (558)_damaging,0.007916135600118461
0,HNRNPUL1 (11100)_damaging,0.0
0,ERF (2077)_damaging,0.04037953312100137
0,CIC (23152)_damaging,0.20897919935262413
0,MEGF8 (1954)_damaging,0.0
0,ARHGAP35 (2909)_damaging,0.0
0,BICRA (29998)_damaging,0.042422408999265845
0,LMTK3 (114783)_damaging,0.0
0,PRR12 (57479)_damaging,0.013950811475960506
0,SCAF1 (58506)_damaging,0.0
0,MYH14 (79784)_damaging,0.0
0,POLD1 (5424)_damaging,0.0
0,SHANK1 (50944)_damaging,0.04380661373051377
0,BRSK1 (84446)_damaging,0.09634058518912998
0,SSC5D (284297)_damaging,0.00958782301256415
0,NLRP4 (147945)_damaging,0.017221825532248467
0,PEG3 (5178)_damaging,0.04416705411545295
0,ZIM3 (114026)_damaging,0.0
0,PXDN (7837)_damaging,0.0
0,ROCK2 (9475)_damaging,0.0
0,GREB1 (9687)_damaging,0.0
0,NBAS (51594)_damaging,0.0
0,RAD51AP2 (729475)_damaging,0.08527360850998926
0,APOB (338)_damaging,0.0701323281254167
0,TDRD15 (100129278)_damaging,0.0
0,ATAD2B (54454)_damaging,0.005179002349229208
0,ITSN2 (50618)_damaging,0.0
0,DNMT3A (1788)_damaging,0.0
0,ASXL2 (55252)_damaging,0.0
0,OTOF (9381)_damaging,0.0
0,EMILIN1 (11117)_damaging,0.0
0,CAD (790)_damaging,0.0
0,IFT172 (26160)_damaging,0.10682815481920901
0,SPATA31H1 (84226)_damaging,0.0
0,ALK (238)_damaging,0.2423407225635107
0,BIRC6 (57448)_damaging,0.0
0,LTBP1 (4052)_damaging,0.008329539179673015
0,ZFP36L2 (678)_damaging,0.2397037303916034
0,THADA (63892)_damaging,0.060261727610532285
0,MSH2 (4436)_damaging,0.0
0,MSH6 (2956)_damaging,0.0
0,NRXN1 (9378)_damaging,0.09232778814953324
0,SPTBN1 (6711)_damaging,0.00264725766231684
0,EML6 (400954)_damaging,0.011508832470782852
0,MTIF2 (4528)_damaging,0.0
0,CCDC88A (55704)_damaging,0.0978931019802543
0,USP34 (9736)_damaging,0.0
0,ANKRD53 (79998)_damaging,0.029605100624693088
0,ZNF638 (27332)_damaging,0.017056566179767592
0,DYSF (8291)_damaging,0.010610684547914258
0,ALMS1 (7840)_damaging,0.0
0,LOXL3 (84695)_damaging,0.0
0,CTNNA2 (1496)_damaging,0.0
0,DNAH6 (1768)_damaging,0.07526026678470063
0,POLR1A (25885)_damaging,0.009482954424681778
0,ANKRD36C (400986)_damaging,0.043798455771482156
0,VWA3B (200403)_damaging,0.0
0,CRACDL (343990)_damaging,0.0064037308009760015
0,EIF5B (9669)_damaging,0.0
0,REV1 (51455)_damaging,0.0008814966380224521
0,MAP4K4 (9448)_damaging,0.027725040428243017
0,DPP10 (57628)_damaging,0.23321981956861645
0,MARCO (8685)_damaging,0.00803672455525473
0,CLASP1 (23332)_damaging,0.020669904625370803
0,CNTNAP5 (129684)_damaging,0.0
0,WDR33 (55339)_damaging,0.021490990447241388
0,UGGT1 (56886)_damaging,0.0
0,ARHGEF4 (50649)_damaging,0.06005943405527064
0,NCKAP5 (344148)_damaging,0.004830191829526541
0,THSD7B (80731)_damaging,0.0
0,LRP1B (53353)_damaging,0.4942413643380188
0,ACVR2A (92)_damaging,0.12315727548477845
0,KIF5C (3800)_damaging,0.0
0,RIF1 (55183)_damaging,0.022371879479101138
0,NEB (4703)_damaging,0.10401650003815274
0,BAZ2B (29994)_damaging,0.0
0,LY75 (4065)_damaging,0.07379712856038244
0,PLA2R1 (22925)_damaging,0.0
0,SLC4A10 (57282)_damaging,0.0
0,KCNH7 (90134)_damaging,0.0
0,FIGN (55137)_damaging,0.026887528843525185
0,SCN3A (6328)_damaging,0.008240170247471425
0,SCN2A (6326)_damaging,0.28810684350467375
0,TTC21B (79809)_damaging,0.0
0,SCN1A (6323)_damaging,0.011778146736349464
0,SCN9A (6335)_damaging,0.037519929266408854
0,SCN7A (6332)_damaging,0.026492370818834612
0,XIRP2 (129446)_damaging,0.0
0,LRP2 (4036)_damaging,0.05625455337202572
0,PPIG (9360)_damaging,0.049508533546250455
0,GPR155 (151556)_damaging,0.26545004581794257
0,HOXD11 (3237)_damaging,0.0
0,TTN (7273)_damaging,0.1538131463506897
0,CCDC141 (285025)_damaging,0.026892848211435626
0,FSIP2 (401024)_damaging,0.06584804319855177
0,COL3A1 (1281)_damaging,0.030756189302808833
0,COL5A2 (1290)_damaging,0.0
0,ANKAR (150709)_damaging,0.01504935964169997
0,DNAH7 (56171)_damaging,0.17773697385274867
0,HECW2 (57520)_damaging,0.0
0,PLCL1 (5334)_damaging,0.06566448550065927
0,CASP8 (841)_damaging,0.053087493329733865
0,BMPR2 (659)_damaging,0.0
0,NBEAL1 (65065)_damaging,0.01752516216626218
0,NRP2 (8828)_damaging,0.003396501240491566
0,INO80D (54891)_damaging,0.04315021522632193
0,ZDBF2 (57683)_damaging,0.025047049464533608
0,ADAM23 (8745)_damaging,0.0
0,MAP2 (4133)_damaging,0.0
0,UNC80 (285175)_damaging,0.07135621730598118
0,CPS1 (1373)_damaging,0.021910218107464272
0,ERBB4 (2066)_damaging,0.006521930612481702
0,ABCA12 (26154)_damaging,0.46198720983400643
0,FN1 (2335)_damaging,0.006067465290415045
0,TNS1 (7145)_damaging,0.012901949968415958
0,ZNF142 (7701)_damaging,0.0
0,CFAP65 (255101)_damaging,0.2626721552879598
0,SPEG (10290)_damaging,0.2062072524185553
0,OBSL1 (23363)_damaging,0.0
0,SLC4A3 (6508)_damaging,0.06991926785274027
0,DOCK10 (55619)_damaging,0.0
0,IRS1 (3667)_damaging,0.02650243957509724
0,COL4A4 (1286)_damaging,0.08132659327158162
0,SPHKAP (80309)_damaging,0.0
0,TRIP12 (9320)_damaging,0.0
0,MROH2A (339766)_damaging,0.2682462627488622
0,TRPM8 (79054)_damaging,0.024997814563726108
0,COL6A3 (1293)_damaging,0.14633704170635858
0,RBM44 (375316)_damaging,0.0
0,HDAC4 (9759)_damaging,0.04149909169814725
0,KIF1A (547)_damaging,0.0
0,CROCC2 (728763)_damaging,0.008101488009573976
0,PASK (23178)_damaging,0.0
0,TGM6 (343641)_damaging,0.0
0,FASTKD5 (60493)_damaging,0.4410098338461004
0,PLCB4 (5332)_damaging,0.0
0,SEL1L2 (80343)_damaging,0.015702272255798438
0,RRBP1 (6238)_damaging,0.0
0,CFAP61 (26074)_damaging,0.0
0,RALGAPA2 (57186)_damaging,0.021644905149633586
0,CD93 (22918)_damaging,0.00809172646076853
0,ASXL1 (171023)_damaging,0.7275565268067821
0,NCOA6 (23054)_damaging,0.03372512669175476
0,MYH7B (57644)_damaging,0.06897112961760093
0,CEP250 (11190)_damaging,0.0
0,MTCL2 (140710)_damaging,0.011986722029830362
0,SAMHD1 (25939)_damaging,0.0887702582235995
0,LBP (3929)_damaging,0.014269824784894313
0,RALGAPB (57148)_damaging,0.0
0,CHD6 (84181)_damaging,0.0
0,PTPRT (11122)_damaging,0.025732299503117596
0,NCOA3 (8202)_damaging,0.0
0,DDX27 (55661)_damaging,0.0
0,KCNB1 (3745)_damaging,0.0
0,SALL4 (57167)_damaging,0.007812222496291203
0,ZNF831 (128611)_damaging,0.012270937549793678
0,SYCP2 (10388)_damaging,0.024690063716542934
0,LAMA5 (3911)_damaging,0.11626330209055255
0,DIDO1 (11083)_damaging,0.2476904133871619
0,COL20A1 (57642)_damaging,0.0
0,HELZ2 (85441)_damaging,0.005901305767038677
0,TPTE (7179)_damaging,0.09931297973075238
0,NRIP1 (8204)_damaging,0.0
0,LTN1 (26046)_damaging,0.06028674562323817
0,USP16 (10600)_damaging,0.0
0,SCAF4 (57466)_damaging,0.39367997458216053
0,ITSN1 (6453)_damaging,0.0
0,RUNX1 (861)_damaging,0.007287623183980977
0,DOP1B (9980)_damaging,0.11363340154885129
0,BRWD1 (54014)_damaging,0.03518333901389342
0,DSCAM (1826)_damaging,0.035115209779229065
0,NDUFV3 (4731)_damaging,0.0
0,TRPM2 (7226)_damaging,0.006316117633091185
0,COL18A1 (80781)_damaging,0.09425827947578024
0,PCNT (5116)_damaging,0.03838949150011306
0,CECR2 (27443)_damaging,0.015140591964389714
0,ZDHHC8 (29801)_damaging,0.01756223568726012
0,LZTR1 (8216)_damaging,0.055012296781260676
0,MYO18B (84700)_damaging,0.009297466408110008
0,MN1 (4330)_damaging,0.0
0,TTC28 (23331)_damaging,0.0
0,NF2 (4771)_damaging,0.03235311083837603
0,DEPDC5 (9681)_damaging,0.004320104492212692
0,MYH9 (4627)_damaging,0.0
0,CSF2RB (1439)_damaging,0.16717217921385139
0,TMPRSS6 (164656)_damaging,0.0
0,TRIOBP (11078)_damaging,0.02011025749538684
0,CACNA1I (8911)_damaging,0.08052528121687864
0,TNRC6B (23112)_damaging,0.06845556692614511
0,EP300 (2033)_damaging,0.0
0,ZC3H7B (23264)_damaging,0.0
0,MEI1 (150365)_damaging,0.03491757046626924
0,TCF20 (6942)_damaging,0.015166275127298153
0,SMC1B (27127)_damaging,0.008093395911521539
0,PKDREJ (10343)_damaging,0.0
0,CELSR1 (9620)_damaging,0.0
0,PLXNB2 (23654)_damaging,0.06660989862938266
0,PPP6R2 (9701)_damaging,0.07674118007451931
0,SBF1 (6305)_damaging,0.0
0,KLHDC7B (113730)_damaging,0.0
0,CNTN6 (27255)_damaging,0.0
0,CNTN4 (152330)_damaging,0.0
0,GRM7 (2917)_damaging,0.0
0,VHL (7428)_damaging,0.20845018342765778
0,NUP210 (23225)_damaging,0.0
0,NR2C2 (7182)_damaging,0.0
0,TGFBR2 (7048)_damaging,0.1629186620524289
0,CLASP2 (23122)_damaging,0.006358979158695142
0,TRANK1 (9881)_damaging,0.0
0,MLH1 (4292)_damaging,0.0
0,GOLGA4 (2803)_damaging,0.03245695797294482
0,VILL (50853)_damaging,0.0
0,SCN10A (6336)_damaging,0.0
0,SCN11A (11280)_damaging,0.0
0,NKTR (4820)_damaging,0.0
0,SETD2 (29072)_damaging,0.0
0,PTPN23 (25930)_damaging,0.11283292233978896
0,PLXNB1 (5364)_damaging,0.0
0,COL7A1 (1294)_damaging,0.5008368458463673
0,CELSR3 (1951)_damaging,0.06079573674575479
0,LAMB2 (3913)_damaging,0.1840823823831471
0,RHOA (387)_damaging,0.0
0,BSN (8927)_damaging,0.22971152569693803
0,RBM6 (10180)_damaging,0.0
0,DOCK3 (1795)_damaging,0.0
0,DNAH1 (25981)_damaging,0.022317529457534183
0,BAP1 (8314)_damaging,0.3457459644280404
0,STAB1 (23166)_damaging,0.020235312054735975
0,PBRM1 (55193)_damaging,0.015508604471401923
0,CACNA2D3 (55799)_damaging,0.0
0,DNAH12 (201625)_damaging,0.06664286037148337
0,FLNB (2317)_damaging,0.014100209812516057
0,FEZF2 (55079)_damaging,0.0
0,ATXN7 (6314)_damaging,0.0
0,CNTN3 (5067)_damaging,0.14289051996965274
0,ROBO2 (6092)_damaging,0.0
0,ROBO1 (6091)_damaging,0.0380670146795867
0,EPHA3 (2042)_damaging,0.04290545281866564
0,CRYBG3 (131544)_damaging,0.03915271360367013
0,FILIP1L (11259)_damaging,0.03567824557388932
0,ABI3BP (25890)_damaging,0.029125193956793995
0,MYH15 (22989)_damaging,0.0234996963599289
0,DZIP3 (9666)_damaging,0.0
0,MORC1 (27136)_damaging,0.022279053262645312
0,PHLDB2 (90102)_damaging,0.0
0,ZBTB20 (26137)_damaging,0.08252604426643449
0,CFAP91 (89876)_damaging,0.06737195223567899
0,POLQ (10721)_damaging,0.13805741609328645
0,GOLGB1 (2804)_damaging,0.0903278942264797
0,MYLK (4638)_damaging,0.0
0,KALRN (8997)_damaging,0.20825421249193365
0,MBD4 (8930)_damaging,0.0020400501754955537
0,COL6A5 (256076)_damaging,0.011766204716377288
0,DNAJC13 (23317)_damaging,0.022518623161822255
0,TOPBP1 (11073)_damaging,0.031109794312417383
0,ATR (545)_damaging,0.12436118234132326
0,HPS3 (84343)_damaging,0.0
0,MED12L (116931)_damaging,0.012145373038649975
0,IGSF10 (285313)_damaging,0.0
0,ARHGEF26 (26084)_damaging,0.0
0,PLCH1 (23007)_damaging,0.0
0,SMC4 (10051)_damaging,0.0
0,SI (6476)_damaging,0.0
0,MECOM (2122)_damaging,0.0
0,TNIK (23043)_damaging,0.12248332814489003
0,SPATA16 (83893)_damaging,0.0
0,USP13 (8975)_damaging,0.0
0,TTC14 (151613)_damaging,0.0023402742998483625
0,ATP13A5 (344905)_damaging,0.0
0,MUC4 (4585)_damaging,0.020245097806652835
0,TNK2 (10188)_damaging,0.02904550003669394
0,NSD2 (7468)_damaging,0.05549522555972892
0,POLN (353497)_damaging,0.0
0,FAM193A (8603)_damaging,0.0
0,HTT (3064)_damaging,0.013260329780280963
0,UNC93B7 (100887746)_damaging,0.0
0,BOD1L1 (259282)_damaging,0.0
0,CPEB2 (132864)_damaging,0.0
0,SLIT2 (9353)_damaging,0.0
0,PPARGC1A (10891)_damaging,0.0
0,PCDH7 (5099)_damaging,0.014846626893483157
0,RFC1 (5981)_damaging,0.0
0,BEND4 (389206)_damaging,0.0
0,ATP8A1 (10396)_damaging,0.0
0,GABRG1 (2565)_damaging,0.0
0,GABRA2 (2555)_damaging,0.6581748640281785
0,CORIN (10699)_damaging,0.0
0,FRYL (285527)_damaging,0.01603009088436993
0,KDR (3791)_damaging,0.05688394728063521
0,POLR2B (5431)_damaging,0.0
0,ADGRL3 (23284)_damaging,0.0
0,EPHA5 (2044)_damaging,0.0
0,CENPC (1060)_damaging,0.03188941879428745
0,ADAMTS3 (9508)_damaging,0.131459705806962
0,SHROOM3 (57619)_damaging,0.0
0,FRAS1 (80144)_damaging,0.0
0,WDFY3 (23001)_damaging,0.0
0,PTPN13 (5783)_damaging,0.03417907889826036
0,AFF1 (4299)_damaging,0.0013758909609478097
0,MMRN1 (22915)_damaging,0.22719252124595474
0,GRID2 (2895)_damaging,0.0
0,SMARCAD1 (56916)_damaging,0.0
0,UNC5C (8633)_damaging,0.002263837951408098
0,CENPE (1062)_damaging,0.0
0,TET2 (54790)_damaging,0.0
0,ANK2 (287)_damaging,0.012433189127228413
0,BLTP1 (84162)_damaging,0.04405236312514705
0,FAT4 (79633)_damaging,0.12282075221744551
0,SCLT1 (132320)_damaging,0.0
0,PCDH10 (57575)_damaging,0.0
0,LRBA (987)_damaging,0.0
0,FBXW7 (55294)_damaging,0.035637386962929174
0,FHDC1 (85462)_damaging,0.0
0,DCHS2 (54798)_damaging,0.0
0,MAP9 (79884)_damaging,0.0
0,GRIA2 (2891)_damaging,0.0
0,RXFP1 (59350)_damaging,0.018032252860937605
0,HAND2 (9464)_damaging,0.017708777358931862
0,WDR17 (116966)_damaging,0.0
0,TENM3 (55714)_damaging,0.0
0,SORBS2 (8470)_damaging,0.0
0,FAT1 (2195)_damaging,0.12451437236531794
0,SDHA (6389)_damaging,0.0
0,SLC12A7 (10723)_damaging,0.00747830152049352
0,ADAMTS16 (170690)_damaging,0.0
0,ICE1 (23379)_damaging,0.0022030999800164625
0,SEMA5A (9037)_damaging,0.0
0,DNAH5 (1767)_damaging,0.0
0,TRIO (7204)_damaging,0.0
0,MYO10 (4651)_damaging,0.0
0,CDH18 (1016)_damaging,0.04293133136865803
0,CDH12 (1010)_damaging,0.0
0,PRDM9 (56979)_damaging,0.013304812616729727
0,CDH10 (1008)_damaging,0.020014592582297253
0,CDH6 (1004)_damaging,0.0
0,PDZD2 (23037)_damaging,0.0661785833887335
0,ADAMTS12 (81792)_damaging,0.042914104597571875
0,SPEF2 (79925)_damaging,0.005846507070727399
0,NIPBL (25836)_damaging,0.02045640693942131
0,CPLANE1 (65250)_damaging,0.07487345513225455
0,EGFLAM (133584)_damaging,0.0
0,C7 (730)_damaging,0.17755510285848145
0,MROH2B (133558)_damaging,0.0
0,C6 (729)_damaging,0.01136779341205209
0,HCN1 (348980)_damaging,0.4340403992722122
0,ITGA1 (3672)_damaging,0.001845562455141075
0,MAST4 (375449)_damaging,0.0
0,PIK3R1 (5295)_damaging,0.04647093432410342
0,RAD17 (5884)_damaging,0.033905904280421575
0,BDP1 (55814)_damaging,0.003455231816868762
0,MAP1B (4131)_damaging,0.06576618324013296
0,ARHGEF28 (64283)_damaging,0.08564605369096932
0,ANKRD31 (256006)_damaging,0.01166510217579703
0,IQGAP2 (10788)_damaging,0.028328654594648825
0,AP3B1 (8546)_damaging,0.0
0,CMYA5 (202333)_damaging,0.13020470858821587
0,MSH3 (4437)_damaging,0.5319249407780057
0,VCAN (1462)_damaging,0.0
0,RASA1 (5921)_damaging,0.4153552971331979
0,ADGRV1 (84059)_damaging,0.014340877239331189
0,MCTP1 (79772)_damaging,0.0
0,SKIC3 (9652)_damaging,0.0
0,ARSK (153642)_damaging,0.03387542737592673
0,CHD1 (1105)_damaging,0.0
0,SLCO6A1 (133482)_damaging,0.0
0,APC (324)_damaging,0.11325501069606506
0,DMXL1 (1657)_damaging,0.03521864241803981
0,ZNF608 (57507)_damaging,0.0
0,FBN2 (2201)_damaging,0.019484599590620377
0,SLC27A6 (28965)_damaging,0.6405581219224178
0,ADAMTS19 (171019)_damaging,0.005237687025676089
0,RAPGEF6 (51735)_damaging,0.0
0,FNIP1 (96459)_damaging,0.0
0,RAD50 (10111)_damaging,0.12951843741861863
0,AFF4 (27125)_damaging,0.0
0,FSTL4 (23105)_damaging,0.0
0,PITX1 (5307)_damaging,1.3580450303241185
0,LINC02900 (340073)_damaging,0.02841497740597401
0,CTNNA1 (1495)_damaging,0.05355119978537779
0,WDR55 (54853)_damaging,0.0
0,FAT2 (2196)_damaging,0.0
0,LARP1 (23367)_damaging,0.010405864970123012
0,GEMIN5 (25929)_damaging,0.010179232327766801
0,GABRA6 (2559)_damaging,0.026843290572093514
0,GABRG2 (2566)_damaging,0.0
0,DOCK2 (1794)_damaging,0.015424741638366898
0,NSD1 (64324)_damaging,0.007861142167661246
0,FLT4 (2324)_damaging,0.02477081065681674
0,DSP (1832)_damaging,0.0
0,HIVEP1 (3096)_damaging,0.0
0,PHACTR1 (221692)_damaging,0.008248024774618114
0,JARID2 (3720)_damaging,0.0
0,ATXN1 (6310)_damaging,0.0
0,HLA-A (3105)_damaging,0.08277248061185871
0,MDC1 (9656)_damaging,0.04649679321799361
0,VARS2 (57176)_damaging,0.040441522815814104
0,MUCL3 (135656)_damaging,0.0
0,HLA-C (3107)_damaging,0.022659674808965927
0,HLA-B (3106)_damaging,0.0
0,PRRC2A (7916)_damaging,0.05344336415164803
0,BAG6 (7917)_damaging,0.015028678506066461
0,TNXB (7148)_damaging,0.0
0,NOTCH4 (4855)_damaging,0.0
0,COL11A2 (1302)_damaging,0.017749208628678508
0,ITPR3 (3710)_damaging,0.0
0,DNAH8 (1769)_damaging,0.32151429778920365
0,KIF6 (221458)_damaging,0.01581362551278687
0,CCND3 (896)_damaging,0.2736509692727813
0,MRPS10 (55173)_damaging,0.0
0,CUL9 (23113)_damaging,0.0
0,ZNF318 (24149)_damaging,0.0
0,TDRD6 (221400)_damaging,0.08269293838576743
0,MMUT (4594)_damaging,0.028171424496728426
0,PKHD1 (5314)_damaging,0.11682253840776291
0,FAM83B (222584)_damaging,0.0
0,DST (667)_damaging,0.0
0,PHF3 (23469)_damaging,0.0
0,EYS (346007)_damaging,0.026292865269617355
0,ADGRB3 (577)_damaging,0.02116405539784592
0,COL19A1 (1310)_damaging,0.17311424762636643
0,COL9A1 (1297)_damaging,0.03078658036466674
0,RIMS1 (22999)_damaging,0.0
0,CD109 (135228)_damaging,0.0007260237191424015
0,COL12A1 (1303)_damaging,0.0
0,TTK (7272)_damaging,0.0
0,CEP162 (22832)_damaging,0.0
0,SYNCRIP (10492)_damaging,0.0
0,ZNF292 (23036)_damaging,0.0
0,MDN1 (23195)_damaging,0.06785134905525238
0,CASP8AP2 (9994)_damaging,0.0
0,EPHA7 (2045)_damaging,0.018175179560185054
0,MMS22L (253714)_damaging,0.0
0,PNISR (25957)_damaging,0.0
0,ASCC3 (10973)_damaging,0.024649471112003406
0,SOBP (55084)_damaging,0.0
0,AK9 (221264)_damaging,0.0
0,REV3L (5980)_damaging,0.0
0,LAMA4 (3910)_damaging,0.0
0,HDAC2 (3066)_damaging,0.003429700947044831
0,ROS1 (6098)_damaging,0.0
0,TBC1D32 (221322)_damaging,0.05475834370469538
0,TRDN (10345)_damaging,0.06510736546545955
0,LAMA2 (3908)_damaging,0.0
0,AKAP7 (9465)_damaging,0.0
0,MED23 (9439)_damaging,0.015694826480640252
0,ARFGEF3 (57221)_damaging,0.008911586448137975
0,NHSL1 (57224)_damaging,0.0
0,ECT2L (345930)_damaging,0.0
0,HECA (51696)_damaging,0.040929555121320536
0,ADGRG6 (57211)_damaging,0.0232150123360159
0,HIVEP2 (3097)_damaging,0.0
0,UTRN (7402)_damaging,0.0
0,SHPRH (257218)_damaging,0.0
0,ADGB (79747)_damaging,0.024305336643677154
0,SYNE1 (23345)_damaging,0.0
0,SCAF8 (22828)_damaging,0.019287958813738813
0,ARID1B (57492)_damaging,0.319344069651685
0,FNDC1 (84624)_damaging,0.0
0,IGF2R (3482)_damaging,0.05443002139199669
0,LPA (4018)_damaging,0.0
0,MAP3K4 (4216)_damaging,0.08587339221042421
0,QKI (9444)_damaging,0.09266137420125276
0,AFDN (4301)_damaging,0.037141079713284696
0,CARD11 (84433)_damaging,0.06728987363681721
0,TNRC18 (84629)_damaging,0.0
0,PMS2 (5395)_damaging,0.029534066751080053
0,COL28A1 (340267)_damaging,0.0
0,THSD7A (221981)_damaging,0.022715750312756227
0,VWDE (221806)_damaging,0.008082570934934174
0,AHR (196)_damaging,0.0
0,ABCB5 (340273)_damaging,0.7665408025624441
0,SP8 (221833)_damaging,0.0
0,DNAH11 (8701)_damaging,0.0
0,STK31 (56164)_damaging,0.41152944058732
0,CDK13 (8621)_damaging,0.018472469489611294
0,GLI3 (2737)_damaging,0.0
0,AEBP1 (165)_damaging,0.030472517072578895
0,PKD1L1 (168507)_damaging,0.0
0,ABCA13 (154664)_damaging,0.0
0,EGFR (1956)_damaging,0.008302213633340336
0,PTPN12 (5782)_damaging,0.025439328232193525
0,CD36 (948)_damaging,0.0
0,PCLO (27445)_damaging,0.0
0,ABCB4 (5244)_damaging,0.0
0,ZNF804B (219578)_damaging,0.0
0,AKAP9 (10142)_damaging,0.0
0,ANKIB1 (54467)_damaging,0.05160196078521506
0,SAMD9 (54809)_damaging,0.06126900289794133
0,SAMD9L (219285)_damaging,0.0
0,CALCR (799)_damaging,0.012810018456881867
0,COL1A2 (1278)_damaging,0.006964852092173638
0,SLC25A13 (10165)_damaging,0.0
0,TRRAP (8295)_damaging,0.0
0,GPC2 (221914)_damaging,0.0
0,NYAP1 (222950)_damaging,0.0
0,GIGYF1 (64599)_damaging,0.0
0,ZAN (7455)_damaging,0.09022799658758499
0,MUC17 (140453)_damaging,0.2533093115444759
0,PLOD3 (8985)_damaging,0.0015548747192212255
0,CUX1 (1523)_damaging,0.004636042020167747
0,RELN (5649)_damaging,0.07313414759043507
0,KMT2E (55904)_damaging,0.0
0,PIK3CG (5294)_damaging,0.0
0,LAMB4 (22798)_damaging,0.0
0,DOCK4 (9732)_damaging,0.037781467561735324
0,PPP1R3A (5506)_damaging,0.12183899034492793
0,CFTR (1080)_damaging,0.0
0,CTTNBP2 (83992)_damaging,0.01613282886505817
0,PTPRZ1 (5803)_damaging,0.1675188484554249
0,CADPS2 (93664)_damaging,0.03381193639376852
0,GRM8 (2918)_damaging,0.015946034066314493
0,FLNC (2318)_damaging,0.0
0,PLXNA4 (91584)_damaging,0.5827191909324666
0,LRGUK (136332)_damaging,0.024910636515261615
0,NUP205 (23165)_damaging,0.0
0,TRIM24 (8805)_damaging,0.004126282449021735
0,KIAA1549 (57670)_damaging,0.03164944180445543
0,MGAM (8972)_damaging,0.2870466412022613
0,MGAM2 (93432)_damaging,0.0
0,EPHB6 (2051)_damaging,0.0
0,KEL (3792)_damaging,0.0
0,NOBOX (135935)_damaging,0.013643718206857789
0,CNTNAP2 (26047)_damaging,0.0
0,AOC1 (26)_damaging,0.024092484693125388
0,KCNH2 (3757)_damaging,0.010574697439810368
0,NOS3 (4846)_damaging,0.0
0,ATG9B (285973)_damaging,0.05532650514741949
0,KMT2C (58508)_damaging,0.019189320698782184
0,DPP6 (1804)_damaging,0.0
0,UBE3C (9690)_damaging,0.0
0,PTPRN2 (5799)_damaging,0.05511154036637865
0,CSMD1 (64478)_damaging,0.008368583970105264
0,RP1L1 (94137)_damaging,0.008733838652031934
0,TRMT9B (57604)_damaging,0.0
0,DLC1 (10395)_damaging,0.0
0,XPO7 (23039)_damaging,0.015429267171265937
0,DMTN (2039)_damaging,0.10146917042794112
0,LOXL2 (4017)_damaging,0.0
0,DOCK5 (80005)_damaging,0.008001668584590211
0,NUGGC (389643)_damaging,0.0
0,TEX15 (56154)_damaging,0.0
0,WRN (7486)_damaging,0.0
0,UNC5D (137970)_damaging,0.03952135195194729
0,ADGRA2 (25960)_damaging,0.0
0,NSD3 (54904)_damaging,0.0
0,ANK1 (286)_damaging,0.0
0,PRKDC (5591)_damaging,0.0
0,PXDNL (137902)_damaging,0.032731778197234405
0,ST18 (9705)_damaging,0.0
0,RB1CC1 (9821)_damaging,0.020573699637130304
0,RP1 (6101)_damaging,0.027027722933605617
0,CYP7A1 (1581)_damaging,0.0
0,CHD7 (55636)_damaging,0.0
0,ARFGEF1 (10565)_damaging,0.016908358440214884
0,PREX2 (80243)_damaging,0.029372823723834953
0,SULF1 (23213)_damaging,0.0
0,SLCO5A1 (81796)_damaging,0.011747715612526846
0,TRPA1 (8989)_damaging,0.0
0,KCNB2 (9312)_damaging,0.014399103988593655
0,ZFHX4 (79776)_damaging,0.0
0,WWP1 (11059)_damaging,0.0
0,NBN (4683)_damaging,0.0
0,ESRP1 (54845)_damaging,0.0
0,VPS13B (157680)_damaging,0.010206476647626934
0,RGS22 (26166)_damaging,0.0
0,UBR5 (51366)_damaging,0.13532281021621195
0,RIMS2 (9699)_damaging,0.0
0,ZFPM2 (23414)_damaging,0.0
0,PKHD1L1 (93035)_damaging,0.22499949279653217
0,CSMD3 (114788)_damaging,0.043598990665704794
0,TRPS1 (7227)_damaging,0.0
0,COL14A1 (7373)_damaging,0.3351559948787072
0,FER1L6 (654463)_damaging,0.0075035187697496805
0,ADCY8 (114)_damaging,0.0
0,EFR3A (23167)_damaging,0.0
0,OC90 (729330)_damaging,0.0
0,KCNQ3 (3786)_damaging,0.0
0,PHF20L1 (51105)_damaging,0.1109551951131858
0,TG (7038)_damaging,0.07454876983483974
0,COL22A1 (169044)_damaging,0.01740215879266849
0,EPPK1 (83481)_damaging,0.0
0,PLEC (5339)_damaging,0.11740956718854627
0,PARP10 (84875)_damaging,0.11754478646451881
0,MROH1 (727957)_damaging,0.0
0,CPSF1 (29894)_damaging,0.1412340813949581
0,DOCK8 (81704)_damaging,0.0
0,SMARCA2 (6595)_damaging,0.0
0,ERMP1 (79956)_damaging,0.0
0,PTPRD (5789)_damaging,0.04223246666616981
0,MPDZ (8777)_damaging,0.008057150117297955
0,FREM1 (158326)_damaging,0.2922584164486038
0,CNTLN (54875)_damaging,0.02486946422625146
0,DENND4C (55667)_damaging,0.02755987917379673
0,CDKN2A (1029)_damaging,0.0
0,TAF1L (138474)_damaging,0.06457969352055806
0,SPATA31G1 (138724)_damaging,0.0
0,FANCG (2189)_damaging,0.0012081178437602248
0,PIGO (84720)_damaging,0.0
0,UNC13B (10497)_damaging,0.0
0,RUSC2 (9853)_damaging,0.006219781147320249
0,SPAG8 (26206)_damaging,0.10935071444273878
0,TJP2 (9414)_damaging,0.022074080098962997
0,TMC1 (117531)_damaging,0.0
0,TRPM6 (140803)_damaging,0.0
0,PCSK5 (5125)_damaging,0.1127581998091294
0,PRUNE2 (158471)_damaging,0.0
0,VPS13A (23230)_damaging,0.06692743859829207
0,TLE4 (7091)_damaging,0.045511665136253036
0,SLC28A3 (64078)_damaging,0.0
0,SECISBP2 (79048)_damaging,0.002077139538481053
0,ROR2 (4920)_damaging,0.01172220021815113
0,NOL8 (55035)_damaging,0.0
0,WNK2 (65268)_damaging,0.0
0,PHF2 (5253)_damaging,0.0
0,PTCH1 (5727)_damaging,0.0
0,COL15A1 (1306)_damaging,0.0
0,GRIN3A (116443)_damaging,0.0
0,SMC2 (10592)_damaging,0.006607131632261528
0,ELP1 (8518)_damaging,0.0
0,TMEM245 (23731)_damaging,0.13707125441156523
0,PALM2AKAP2 (445815)_damaging,0.0
0,SVEP1 (79987)_damaging,0.0
0,SHOC1 (158401)_damaging,0.0
0,FKBP15 (23307)_damaging,0.07541124004908827
0,COL27A1 (85301)_damaging,0.03168837146603102
0,TLR4 (7099)_damaging,0.0
0,C5 (727)_damaging,0.003458670421512908
0,CNTRL (11064)_damaging,0.07626774903546961
0,DENND1A (57706)_damaging,0.0038465601156981457
0,ADGRD2 (347088)_damaging,0.0
0,GOLGA2 (2801)_damaging,0.021604839857473964
0,SPTAN1 (6709)_damaging,0.0
0,HMCN2 (256158)_damaging,0.0
0,FUBP3 (8939)_damaging,0.0
0,NUP214 (8021)_damaging,0.6523372372069861
0,PRRC2B (84726)_damaging,0.0
0,UCK1 (83549)_damaging,0.0
0,SETX (23064)_damaging,0.022957345064781247
0,TTF1 (7270)_damaging,0.0
0,TSC1 (7248)_damaging,0.1213823178003951
0,ADAMTS13 (11093)_damaging,0.029938052476799235
0,ADAMTSL2 (9719)_damaging,0.003313383038779069
0,SARDH (1757)_damaging,0.0
0,BRD3 (8019)_damaging,0.03576636566077008
0,WDR5 (11091)_damaging,0.018627602137987163
0,COL5A1 (1289)_damaging,0.0
0,CAMSAP1 (157922)_damaging,0.0
0,NOTCH1 (4851)_damaging,0.0
0,ABCA2 (20)_damaging,0.0
0,EXD3 (54932)_damaging,0.0
0,CACNA1B (774)_damaging,0.0
0,MXRA5 (25878)_damaging,0.04231668974500577
0,WWC3 (55841)_damaging,0.0
0,MAP3K15 (389840)_damaging,0.0
0,DMD (1756)_damaging,0.3761681082322803
0,CFAP47 (286464)_damaging,0.6053564054104719
0,BCOR (54880)_damaging,0.6213407822598306
0,USP9X (8239)_damaging,0.17148306410638545
0,DDX3X (1654)_damaging,0.0322990267143879
0,KDM6A (7403)_damaging,0.11842706791932386
0,RBM10 (8241)_damaging,0.08008607846265332
0,TFE3 (7030)_damaging,0.0445439900785484
0,CCNB3 (85417)_damaging,0.01189074742275064
0,SHROOM4 (57477)_damaging,0.0
0,KDM5C (8242)_damaging,0.01658974665466942
0,IQSEC2 (23096)_damaging,0.0
0,HUWE1 (10075)_damaging,0.0
0,AMER1 (139285)_damaging,0.16859726502042516
0,ZC3H12B (340554)_damaging,0.0
0,OPHN1 (4983)_damaging,0.0034588056217627807
0,KIF4A (24137)_damaging,0.0
0,MED12 (9968)_damaging,0.13475421192154002
0,ZMYM3 (9203)_damaging,0.7369975429872082
0,NEXMIF (340533)_damaging,0.0
0,ATRX (546)_damaging,0.055222122600108454
0,BRWD3 (254065)_damaging,0.016701791552264325
0,CYLC1 (1538)_damaging,0.0
0,ZNF711 (7552)_damaging,0.0
0,DIAPH2 (1730)_damaging,0.13295848675287944
0,PCDH19 (57526)_damaging,0.0
0,RAB40A (142684)_damaging,0.21621366524331256
0,NRK (203447)_damaging,0.007622913961457725
0,MORC4 (79710)_damaging,0.0035543818466195714
0,COL4A6 (1288)_damaging,0.0
0,COL4A5 (1287)_damaging,0.0
0,DOCK11 (139818)_damaging,0.0
0,STAG2 (10735)_damaging,0.01834022769635883
0,TENM1 (10178)_damaging,0.28176225470459454
0,SMARCA1 (6594)_damaging,0.0
0,BCORL1 (63035)_damaging,0.26015755399834395
0,USP26 (83844)_damaging,0.0
0,SAGE1 (55511)_damaging,0.0
0,MAP7D3 (79649)_damaging,0.0
0,ADGRG4 (139378)_damaging,0.0
0,MCF2 (4168)_damaging,0.0
0,SPANXN4 (441525)_damaging,0.0
0,SLITRK2 (84631)_damaging,0.017567793090998218
0,AFF2 (2334)_damaging,0.012390662708258952
0,PASD1 (139135)_damaging,0.0
0,PLXNA3 (55558)_damaging,0.0
0,F8 (2157)_damaging,0.0
0,MT-ND4 (4538)_damaging,0.33421728987812876
0,MT-ND5 (4540)_damaging,0.032187710427217936
1,MTOR (2475)_hotspot,0.12760026144582343
1,NRAS (4893)_hotspot,0.5980657568438492
1,PTEN (5728)_hotspot,0.0
1,HRAS (3265)_hotspot,0.13541000646001441
1,ATM (472)_hotspot,0.0
1,KRAS (3845)_hotspot,1.4218231038791154
1,ERBB3 (2065)_hotspot,0.09172673896838213
1,RB1 (5925)_hotspot,0.6210107153818095
1,CREBBP (1387)_hotspot,0.008237326420435015
1,TP53 (7157)_hotspot,0.9000030560892345
1,NF1 (4763)_hotspot,0.6650825811237168
1,ERBB2 (2064)_hotspot,0.0
1,SMAD4 (4089)_hotspot,0.48189813309452134
1,STK11 (6794)_hotspot,0.0
1,SMARCA4 (6597)_hotspot,0.0
1,C2orf81 (388963)_hotspot,0.09994444920425212
1,NFE2L2 (4780)_hotspot,0.23469135984852826
1,EP300 (2033)_hotspot,0.020226814477141572
1,VHL (7428)_hotspot,0.02493251456388316
1,CTNNB1 (1499)_hotspot,0.008514718917134408
1,RHOA (387)_hotspot,0.0
1,PIK3CA (5290)_hotspot,1.6668101438232403
1,FBXW7 (55294)_hotspot,0.10549108275421752
1,TERT (7015)_hotspot,1.2406430396965549
1,PIK3R1 (5295)_hotspot,0.045015893959344244
1,APC (324)_hotspot,0.12097903781378652
1,CCND3 (896)_hotspot,0.43488338040226154
1,RAC1 (5879)_hotspot,0.00390375299701172
1,EGFR (1956)_hotspot,0.0824130369964339
1,BRAF (673)_hotspot,2.00270978156111
1,EZH2 (2146)_hotspot,0.20718132862851746
1,CDKN2A (1029)_hotspot,0.0038334963297099673
1,AGRN (375790)_damaging,0.007775503445218432
1,MXRA8 (54587)_damaging,0.0
1,MEGF6 (1953)_damaging,0.14150979934156888
1,CHD5 (26038)_damaging,0.4320481719719416
1,RPL22 (6146)_damaging,0.2775548004169256
1,ERRFI1 (54206)_damaging,0.0
1,SLC45A1 (50651)_damaging,0.04550863835908189
1,RERE (473)_damaging,0.056966482968028725
1,EXOSC10 (5394)_damaging,0.0023316640996934976
1,VPS13D (55187)_damaging,0.0
1,FHAD1 (114827)_damaging,0.0
1,SPEN (23013)_damaging,0.014686980209754084
1,EPHA2 (1969)_damaging,0.0
1,UBR4 (23352)_damaging,0.0
1,HSPG2 (3339)_damaging,0.04246454848393038
1,LUZP1 (7798)_damaging,0.008669460698115354
1,ID3 (3399)_damaging,2.256214818574548
1,ELOA (6924)_damaging,0.0
1,ARID1A (8289)_damaging,0.0
1,WDTC1 (23038)_damaging,0.0
1,AHDC1 (27245)_damaging,0.0
1,PTPRU (10076)_damaging,0.01828361922156725
1,COL16A1 (1307)_damaging,0.002088139397780776
1,CSMD2 (114784)_damaging,0.218670114130125
1,ZMYM1 (79830)_damaging,0.0
1,ZMYM4 (9202)_damaging,0.0
1,AGO1 (26523)_damaging,0.012557146326149102
1,MAP7D1 (55700)_damaging,0.0
1,MACF1 (23499)_damaging,0.16148762907372702
1,HIVEP3 (59269)_damaging,0.0
1,TIE1 (7075)_damaging,0.004807252762632904
1,SZT2 (23334)_damaging,0.03156716728658534
1,MUTYH (4595)_damaging,0.002273515013721117
1,MAST2 (23139)_damaging,0.013059857652627169
1,PIK3R3 (8503)_damaging,0.0
1,FAAH (2166)_damaging,0.01372734951595841
1,TAL1 (6886)_damaging,0.00838137460997039
1,TUT4 (23318)_damaging,0.010458036548182335
1,FYB2 (199920)_damaging,0.0
1,NFIA (4774)_damaging,0.0
1,PATJ (10207)_damaging,0.0
1,DOCK7 (85440)_damaging,0.03607756203430563
1,JAK1 (3716)_damaging,0.0
1,LEPR (3953)_damaging,0.0
1,LRRC7 (57554)_damaging,0.0
1,ERICH3 (127254)_damaging,0.32812470973429464
1,SLC44A5 (204962)_damaging,0.0
1,ADGRL4 (64123)_damaging,0.18818030752286186
1,ADGRL2 (23266)_damaging,0.11045739097311728
1,COL24A1 (255631)_damaging,0.0
1,BTBD8 (284697)_damaging,0.0
1,RPL5 (6125)_damaging,0.261912058024236
1,COL11A1 (1301)_damaging,0.0
1,EPS8L3 (79574)_damaging,0.014007132331535731
1,DENND2C (163259)_damaging,0.0
1,SYCP1 (6847)_damaging,0.0
1,SPAG17 (200162)_damaging,0.30878135534628587
1,NOTCH2 (4853)_damaging,0.02527185175943236
1,BCL9 (607)_damaging,0.0
1,OTUD7B (56957)_damaging,0.038565506953829216
1,ADAMTSL4 (54507)_damaging,0.0
1,SETDB1 (9869)_damaging,0.012190137116718512
1,ZNF687 (57592)_damaging,0.041290208782375486
1,FLG (2312)_damaging,0.0
1,CCDST (112268240)_damaging,0.13318171389203118
1,FLG2 (388698)_damaging,0.003691597940039313
1,UBAP2L (9898)_damaging,0.0028359589877587944
1,SHC1 (6464)_damaging,0.0
1,ASH1L (55870)_damaging,0.060490559233828664
1,GON4L (54856)_damaging,0.10992175635683438
1,IQGAP3 (128239)_damaging,0.05863805250212794
1,NES (10763)_damaging,0.0
1,INSRR (3645)_damaging,0.0
1,FCRL5 (83416)_damaging,0.0
1,SPTA1 (6708)_damaging,0.0
1,ARHGAP30 (257106)_damaging,0.0
1,ADCY10 (55811)_damaging,0.0
1,GPR161 (23432)_damaging,0.0
1,F5 (2153)_damaging,0.0
1,FIRRM (55732)_damaging,0.0
1,TNR (7143)_damaging,0.0
1,PAPPA2 (60676)_damaging,0.0
1,ABL2 (27)_damaging,0.0
1,AXDND1 (126859)_damaging,0.0
1,TDRD5 (163589)_damaging,0.021364943301114214
1,CEP350 (9857)_damaging,0.024719317994379764
1,CACNA1E (777)_damaging,0.005493783995426144
1,RGL1 (23179)_damaging,0.0
1,HMCN1 (83872)_damaging,0.008607731323575826
1,TPR (7175)_damaging,0.006284966847221931
1,BRINP3 (339479)_damaging,0.0
1,KCNT2 (343450)_damaging,0.0
1,ASPM (259266)_damaging,0.0
1,PTPRC (5788)_damaging,0.0
1,CAMSAP2 (23271)_damaging,0.0
1,CACNA1S (779)_damaging,0.04125600160232274
1,IGFN1 (91156)_damaging,0.3549201901821822
1,ELF3 (1999)_damaging,0.0
1,KDM5B (10765)_damaging,0.0
1,ATP2B4 (493)_damaging,0.0
1,PLEKHA6 (22874)_damaging,0.3871457537400368
1,PIK3C2B (5287)_damaging,0.0
1,NFASC (23114)_damaging,0.0
1,CR2 (1380)_damaging,0.0
1,CR1 (1378)_damaging,0.020947339935094903
1,PLXNA2 (5362)_damaging,0.03982921322417568
1,PTPN14 (5784)_damaging,0.014176724971311878
1,CENPF (1063)_damaging,0.0037726520710765527
1,USH2A (7399)_damaging,0.24909251284356207
1,EPRS1 (2058)_damaging,0.0
1,DNAH14 (127602)_damaging,0.0
1,CDC42BPA (8476)_damaging,0.10766532371912386
1,OBSCN (84033)_damaging,0.024575799747199558
1,H3-4 (8290)_damaging,0.0
1,SIPA1L2 (57568)_damaging,0.01913957449794962
1,PCNX2 (80003)_damaging,0.0014306474041858273
1,MAP3K21 (84451)_damaging,0.029508122424977235
1,ARID4B (51742)_damaging,0.018373131478775392
1,LYST (1130)_damaging,0.0
1,RYR2 (6262)_damaging,0.1744008436940368
1,CHRM3 (1131)_damaging,0.024314215995036245
1,FMN2 (56776)_damaging,0.06787735385119077
1,RGS7 (6000)_damaging,0.08051888131112639
1,KIF26B (55083)_damaging,0.0
1,AHCTF1 (25909)_damaging,0.016005285634096603
1,NLRP3 (114548)_damaging,0.0
1,LARP4B (23185)_damaging,0.0
1,PITRM1 (10531)_damaging,0.5271482721465292
1,FRMD4A (55691)_damaging,0.029531389313461366
1,ITGA8 (8516)_damaging,0.008384588692268026
1,CUBN (8029)_damaging,0.04142871865346534
1,MRC1 (4360)_damaging,0.0
1,MALRD1 (340895)_damaging,0.13698425109936455
1,SPAG6 (9576)_damaging,0.0
1,ARMC3 (219681)_damaging,0.0
1,KIAA1217 (56243)_damaging,0.010101626036159269
1,GPR158 (57512)_damaging,0.02070997118787771
1,MYO3A (53904)_damaging,0.018545897038472977
1,ANKRD26 (22852)_damaging,0.035797949509759
1,ODAD2 (55130)_damaging,0.0
1,SVIL (6840)_damaging,0.02899651885730314
1,JCAD (57608)_damaging,0.0
1,ZEB1 (6935)_damaging,0.18153302498910387
1,KIF5B (3799)_damaging,0.0
1,CCDC7 (79741)_damaging,0.10239927446422388
1,ANKRD30A (91074)_damaging,0.00881340996399721
1,RSU1P2 (100133308)_damaging,0.031971900680084576
1,WDFY4 (57705)_damaging,0.0297076058657304
1,ERCC6 (2074)_damaging,0.0
1,PCDH15 (65217)_damaging,0.10983315786212106
1,ANK3 (288)_damaging,0.0
1,ARID5B (84159)_damaging,0.02325357077950972
1,JMJD1C (221037)_damaging,0.0036676339917809248
1,MYPN (84665)_damaging,0.0
1,DNA2 (1763)_damaging,0.031005420441915406
1,CDH23 (64072)_damaging,0.0
1,DLG5 (9231)_damaging,0.0
1,WAPL (23063)_damaging,0.011087310099338213
1,PTEN (5728)_damaging,0.08379859088567593
1,SLC16A12 (387700)_damaging,0.048315597972976305
1,KIF20B (9585)_damaging,0.048858639309551706
1,BTAF1 (9044)_damaging,0.18134329908596775
1,MYOF (26509)_damaging,0.019161486636182095
1,PLCE1 (51196)_damaging,0.0
1,CC2D2B (387707)_damaging,0.0
1,ZNF518A (9849)_damaging,0.10172600353196905
1,LCOR (84458)_damaging,0.0
1,SLF2 (55719)_damaging,0.0
1,PPRC1 (23082)_damaging,0.024004746892394957
1,PSD (5662)_damaging,0.018965501994739918
1,PDCD11 (22984)_damaging,0.0
1,SLK (9748)_damaging,0.1767379478370057
1,SORCS3 (22986)_damaging,0.0
1,SMC3 (9126)_damaging,0.0
1,GPAM (57678)_damaging,0.0
1,TCF7L2 (6934)_damaging,0.0
1,ATRNL1 (26033)_damaging,0.04512147066715319
1,TACC2 (10579)_damaging,0.03127850387730905
1,DMBT1 (1755)_damaging,0.2599593227415755
1,MKI67 (4288)_damaging,0.1606036074955927
1,JAKMIP3 (282973)_damaging,0.0
1,CFAP46 (54777)_damaging,0.3960634679452642
1,TUBGCP2 (10844)_damaging,0.0
1,B4GALNT4 (338707)_damaging,0.0
1,PKP3 (11187)_damaging,0.009928704035993535
1,PHRF1 (57661)_damaging,0.030809230392637478
1,MUC5AC (4586)_damaging,0.021771029973652208
1,MUC5B (727897)_damaging,0.0
1,BRSK2 (9024)_damaging,0.0
1,KCNQ1 (3784)_damaging,0.0
1,NUP98 (4928)_damaging,0.422757302468213
1,DNHD1 (144132)_damaging,0.009453863152729215
1,DCHS1 (8642)_damaging,0.0073638243452461664
1,IPO7 (10527)_damaging,0.042680248084976585
1,SBF2 (81846)_damaging,0.0
1,PLEKHA7 (144100)_damaging,0.006550697353934465
1,ABCC8 (6833)_damaging,0.041474738670077116
1,OTOG (340990)_damaging,0.023315998249059444
1,NAV2 (89797)_damaging,0.048805778668306814
1,DCDC1 (341019)_damaging,0.0
1,CCDC73 (493860)_damaging,0.06252488489474492
1,QSER1 (79832)_damaging,0.0
1,CSTF3 (1479)_damaging,0.0
1,PHF21A (51317)_damaging,0.0
1,LRP4 (4038)_damaging,0.0
1,FOLH1 (2346)_damaging,0.008261556189946692
1,OR4P4 (81300)_damaging,0.0
1,CTNND1 (1500)_damaging,0.015231399307772078
1,DTX4 (23220)_damaging,0.0019241413510948928
1,AHNAK (79026)_damaging,0.0
1,SLC3A2 (6520)_damaging,0.04504006454456064
1,PLCB3 (5331)_damaging,0.0
1,NRXN2 (9379)_damaging,0.016052781884514547
1,MEN1 (4221)_damaging,0.031658075243326395
1,PCNX3 (399909)_damaging,0.0
1,RIN1 (9610)_damaging,0.024841496064492336
1,SHANK2 (22941)_damaging,0.028052953588795025
1,NUMA1 (4926)_damaging,0.05021937951627411
1,INPPL1 (3636)_damaging,0.0
1,ARHGEF17 (9828)_damaging,0.06581365689726419
1,MYO7A (4647)_damaging,0.0
1,TENM4 (26011)_damaging,0.45569662214644463
1,PCF11 (51585)_damaging,0.005562776046977869
1,SYTL2 (54843)_damaging,0.023561442395853203
1,FAT3 (120114)_damaging,0.005290905595510408
1,CNTN5 (53942)_damaging,0.03443841508189247
1,CEP126 (57562)_damaging,0.3443704277925303
1,MMP3 (4314)_damaging,0.03173348645533133
1,MMP12 (4321)_damaging,0.008504097350633682
1,DYNC2H1 (79659)_damaging,0.07260335958431197
1,NPAT (4863)_damaging,0.006423156191372561
1,ATM (472)_damaging,0.0
1,EXPH5 (23086)_damaging,0.0
1,NCAM1 (4684)_damaging,0.008276147499778815
1,USP28 (57646)_damaging,0.008076664128870826
1,DSCAML1 (57453)_damaging,0.0
1,KMT2A (4297)_damaging,0.06083401352296276
1,BCL9L (283149)_damaging,0.0
1,HYOU1 (10525)_damaging,0.04228734148466908
1,MFRP (83552)_damaging,0.0
1,ARHGEF12 (23365)_damaging,0.0
1,TECTA (7007)_damaging,0.04227030094162375
1,SORL1 (6653)_damaging,0.021850975241193768
1,JHY (79864)_damaging,0.0
1,ROBO3 (64221)_damaging,0.10594739391819406
1,CCDC15 (80071)_damaging,0.012839905273655158
1,NFRKB (4798)_damaging,0.0
1,IGSF9B (22997)_damaging,0.0
1,GLB1L2 (89944)_damaging,0.0
1,LINC02714 (729305)_damaging,0.0
1,KDM5A (5927)_damaging,0.0
1,WNK1 (65125)_damaging,0.02752917463419042
1,CACNA1C (775)_damaging,0.44817426061611804
1,VWF (7450)_damaging,0.016204617094029067
1,PLEKHG6 (55200)_damaging,0.0
1,CHD4 (1108)_damaging,0.02896361574026411
1,ATN1 (1822)_damaging,0.0
1,A2ML1 (144568)_damaging,0.019702474399477244
1,A2M (2)_damaging,0.15809191717272622
1,ETV6 (2120)_damaging,0.004587820277797056
1,ATF7IP (55729)_damaging,0.002530839783856115
1,GUCY2C (2984)_damaging,0.01686585324605116
1,EPS8 (2059)_damaging,0.0
1,PIK3C2G (5288)_damaging,0.0
1,SLCO1C1 (53919)_damaging,0.0008843877044372835
1,SLCO1B3 (28234)_damaging,0.04541300092835817
1,RECQL (5965)_damaging,0.0035492199220387654
1,ABCC9 (10060)_damaging,0.3493479960075827
1,ITPR2 (3709)_damaging,0.0
1,OVCH1 (341350)_damaging,0.0
1,KIF21A (55605)_damaging,0.0
1,LRRK2 (120892)_damaging,0.0
1,MUC19 (283463)_damaging,0.08201232387780022
1,CNTN1 (1272)_damaging,0.02824785476274017
1,PDZRN4 (29951)_damaging,0.0
1,ADAMTS20 (80070)_damaging,0.0
1,ANO6 (196527)_damaging,0.03887622559293158
1,ARID2 (196528)_damaging,0.0
1,HDAC7 (51564)_damaging,0.0
1,COL2A1 (1280)_damaging,0.0
1,WNT1 (7471)_damaging,0.0
1,KMT2D (8085)_damaging,0.8491805068461419
1,PRPF40B (25766)_damaging,0.016790456628591938
1,NCKAP5L (57701)_damaging,0.0580748494638593
1,DIP2B (57609)_damaging,0.0
1,MAP3K12 (7786)_damaging,0.0694612484146117
1,ERBB3 (2065)_damaging,0.0
1,STAT2 (6773)_damaging,0.023973593944127264
1,NACA (4666)_damaging,0.14473877965464668
1,MYO1A (4640)_damaging,0.03748367429223788
1,STAT6 (6778)_damaging,0.0
1,LRP1 (4035)_damaging,0.009458041844581955
1,GLI1 (2735)_damaging,0.0
1,MBD6 (114785)_damaging,0.06868236216408946
1,PTPRB (5787)_damaging,0.09701160741716472
1,ZFC3H1 (196441)_damaging,0.031518591750176995
1,E2F7 (144455)_damaging,0.0
1,NAV3 (89795)_damaging,0.11982032474484035
1,OTOGL (283310)_damaging,0.08297587147664712
1,PTPRQ (374462)_damaging,0.35902401409217427
1,PPFIA2 (8499)_damaging,0.34519353675797304
1,LRRIQ1 (84125)_damaging,0.0
1,CEP290 (80184)_damaging,0.0
1,EEA1 (8411)_damaging,0.1488207632356059
1,PLXNC1 (10154)_damaging,0.007671168150093938
1,CFAP54 (144535)_damaging,0.0
1,ANKS1B (56899)_damaging,0.0
1,BLTP3B (23074)_damaging,0.016187019265072256
1,UTP20 (27340)_damaging,0.0
1,STAB2 (55576)_damaging,0.4681455122180916
1,HCFC2 (29915)_damaging,0.04813102940439611
1,ALDH1L2 (160428)_damaging,0.09737596784190514
1,ACACB (32)_damaging,0.0
1,MVK (4598)_damaging,0.010912176995957312
1,CUX2 (23316)_damaging,0.03503091054801514
1,HECTD4 (283450)_damaging,0.0
1,DTX1 (1840)_damaging,0.0008184762974667586
1,NOS1 (4842)_damaging,0.0
1,CIT (11113)_damaging,0.30406829596484597
1,GCN1 (10985)_damaging,0.0
1,HNF1A (6927)_damaging,0.009111478727332112
1,KDM2B (84678)_damaging,0.0
1,SETD1B (23067)_damaging,0.0
1,KNTC1 (9735)_damaging,0.009446634029873217
1,SBNO1 (55206)_damaging,0.0
1,DNAH10 (196385)_damaging,0.0
1,NCOR2 (9612)_damaging,0.0
1,TMEM132D (121256)_damaging,0.17710732780246566
1,RIMBP2 (23504)_damaging,0.0
1,SFSWAP (6433)_damaging,0.00948613910765958
1,ULK1 (8408)_damaging,0.0
1,EP400 (57634)_damaging,0.019575335703534612
1,P2RX2 (22953)_damaging,0.0
1,POLE (5426)_damaging,0.0
1,ZMYM2 (7750)_damaging,0.0017458552256195158
1,SACS (26278)_damaging,0.14714119755420868
1,ATP8A2 (51761)_damaging,0.010050808882282191
1,FRY (10129)_damaging,0.05286125462337858
1,BRCA2 (675)_damaging,0.39591477230416955
1,PDS5B (23047)_damaging,0.9167051412236266
1,NBEA (26960)_damaging,0.24910695090824123
1,POSTN (10631)_damaging,0.0
1,FREM2 (341640)_damaging,0.018480195827976092
1,DGKH (160851)_damaging,0.13607465829378979
1,ZC3H13 (23091)_damaging,0.022688362928627814
1,RB1 (5925)_damaging,1.6084227833380862
1,KLHL1 (57626)_damaging,0.01660734395041052
1,DACH1 (1602)_damaging,0.0
1,DIS3 (22894)_damaging,0.0
1,MYCBP2 (23077)_damaging,0.022965680500413397
1,DOCK9 (23348)_damaging,0.0
1,PCCA (5095)_damaging,0.02817936938246963
1,NALCN (259232)_damaging,0.057001889730026414
1,CCDC168 (643677)_damaging,0.0
1,MYO16 (23026)_damaging,0.01140161378644896
1,COL4A1 (1282)_damaging,0.0
1,COL4A2 (1284)_damaging,0.053910198060730316
1,TEP1 (7011)_damaging,0.0
1,ARHGEF40 (55701)_damaging,0.0
1,CHD8 (57680)_damaging,0.016150498007892856
1,AJUBA (84962)_damaging,0.16316910695942552
1,ACIN1 (22985)_damaging,0.0
1,MYH6 (4624)_damaging,0.0
1,MYH7 (4625)_damaging,0.0
1,CARMIL3 (90668)_damaging,0.028415095836041675
1,NYNRIN (57523)_damaging,0.0
1,ARHGAP5 (394)_damaging,0.0
1,AKAP6 (9472)_damaging,0.00874802747478991
1,NPAS3 (64067)_damaging,0.0
1,RALGAPA1 (253959)_damaging,0.0
1,TTC6 (319089)_damaging,0.0
1,MIA2 (4253)_damaging,0.04974117075614527
1,TOGARAM1 (23116)_damaging,0.0
1,FANCM (57697)_damaging,0.046610240644209176
1,MIS18BP1 (55320)_damaging,0.006435683774014692
1,MDGA2 (161357)_damaging,0.1187384710584945
1,NIN (51199)_damaging,0.0
1,NID2 (22795)_damaging,0.00505209551991062
1,KTN1 (3895)_damaging,0.05165867402447571
1,ARID4A (5926)_damaging,0.0
1,HIF1A (3091)_damaging,0.02399940620235219
1,SYNE2 (23224)_damaging,0.3550919959257923
1,PCNX1 (22990)_damaging,0.0
1,MIDEAS (91748)_damaging,0.0056134521709992075
1,YLPM1 (56252)_damaging,0.00967433595626456
1,MLH3 (27030)_damaging,0.152949276552289
1,NRXN3 (9369)_damaging,0.1232104938955439
1,CEP128 (145508)_damaging,0.0
1,EML5 (161436)_damaging,0.0
1,TRIP11 (9321)_damaging,0.07743202296002738
1,UNC79 (57578)_damaging,0.0
1,ATG2B (55102)_damaging,0.009486977429762542
1,RTL1 (388015)_damaging,0.02872969076107249
1,DYNC1H1 (1778)_damaging,0.37580651364881185
1,KIF26A (26153)_damaging,0.0
1,INF2 (64423)_damaging,0.0
1,CEP170B (283638)_damaging,0.19220958891133083
1,AHNAK2 (113146)_damaging,0.008971357308888487
1,MTA1 (9112)_damaging,0.0
1,HERC2 (8924)_damaging,0.010973353480614494
1,TJP1 (7082)_damaging,0.0
1,TRPM1 (4308)_damaging,0.06928165792185113
1,FMN1 (342184)_damaging,0.0
1,RYR3 (6263)_damaging,0.035742850790677336
1,CCDC9B (388115)_damaging,0.0
1,INO80 (54617)_damaging,0.0
1,TYRO3 (7301)_damaging,1.0560581123247466
1,MGA (23269)_damaging,0.19629223927910558
1,SPTBN5 (51332)_damaging,0.03263132754489457
1,ZNF106 (64397)_damaging,0.05429586307182187
1,STARD9 (57519)_damaging,0.22928497884297352
1,TP53BP1 (7158)_damaging,0.0
1,MAP1A (4130)_damaging,0.0
1,SPG11 (80208)_damaging,0.04845260875801761
1,B2M (567)_damaging,0.019579985270299357
1,DUOX2 (50506)_damaging,0.19112067563063506
1,FBN1 (2200)_damaging,0.0
1,CEP152 (22995)_damaging,0.026193572192595063
1,TRPM7 (54822)_damaging,0.032623570744465286
1,AP4E1 (23431)_damaging,0.01281238566378652
1,DMXL2 (23312)_damaging,0.0
1,MYO5C (55930)_damaging,0.010720730641028462
1,WDR72 (256764)_damaging,0.005300260146414016
1,UNC13C (440279)_damaging,0.0
1,RFX7 (64864)_damaging,0.29110346671164244
1,ICE2 (79664)_damaging,0.0
1,VPS13C (54832)_damaging,0.21054612696574337
1,TLN2 (83660)_damaging,0.025698111921843778
1,HERC1 (8925)_damaging,0.39255777880040216
1,ZNF609 (23060)_damaging,0.0
1,CILP (8483)_damaging,0.0
1,MYO9A (4649)_damaging,0.37970011897558353
1,HCN4 (10021)_damaging,0.03554718510397841
1,ARID3B (10620)_damaging,0.06213627260104356
1,SIN3A (25942)_damaging,1.5905551196888152
1,PEAK1 (79834)_damaging,0.009142800352887394
1,AP3B2 (8120)_damaging,0.029769811784551774
1,ADAMTSL3 (57188)_damaging,0.0
1,AKAP13 (11214)_damaging,0.08997346846865746
1,AGBL1 (123624)_damaging,0.008240517014129305
1,TICRR (90381)_damaging,0.015428631203178294
1,KIF7 (374654)_damaging,0.6752921473903355
1,IQGAP1 (8826)_damaging,0.0
1,BLM (641)_damaging,0.0216675774524831
1,FES (2242)_damaging,0.0
1,CHD2 (1106)_damaging,0.03111051960216101
1,LRRK1 (79705)_damaging,0.0555603181511839
1,AXIN1 (8312)_damaging,0.0144662536396157
1,WDR90 (197335)_damaging,0.028046480484874667
1,CACNA1H (8912)_damaging,0.014342432155182947
1,UNKL (64718)_damaging,0.008747495990363872
1,CRAMP1 (57585)_damaging,0.0
1,TSC2 (7249)_damaging,0.00909852753912407
1,PKD1 (5310)_damaging,0.04402286512652067
1,CASKIN1 (57524)_damaging,0.0
1,SLX4 (84464)_damaging,0.010451953687128587
1,CREBBP (1387)_damaging,1.5654010528136548
1,CORO7 (79585)_damaging,0.02854336883539721
1,SEC14L5 (9717)_damaging,0.0
1,GRIN2A (2903)_damaging,0.009724641184065
1,SMG1 (23049)_damaging,0.0
1,KNOP1 (400506)_damaging,0.04521044167818878
1,DNAH3 (55567)_damaging,0.0067028033439355955
1,PALB2 (79728)_damaging,0.0
1,RBBP6 (5930)_damaging,0.04719844356486988
1,TNRC6A (27327)_damaging,0.0
1,ARHGAP17 (55114)_damaging,0.0
1,GTF3C1 (2975)_damaging,0.0
1,ATXN2L (11273)_damaging,0.0
1,ITGAL (3683)_damaging,0.0
1,PRR14 (78994)_damaging,0.04304908542895527
1,FBRS (64319)_damaging,0.0
1,SRCAP (10847)_damaging,0.0
1,SETD1A (9739)_damaging,0.0
1,ITGAD (3681)_damaging,0.0034465452102355643
1,SALL1 (6299)_damaging,0.0
1,CHD9 (80205)_damaging,0.0
1,NLRC5 (84166)_damaging,0.001991489304796498
1,CNOT1 (23019)_damaging,0.011544670061651299
1,CDH8 (1006)_damaging,0.0
1,CDH11 (1009)_damaging,0.0
1,CTCF (10664)_damaging,0.1807944902807571
1,CDH1 (999)_damaging,0.0
1,MTSS2 (92154)_damaging,0.0
1,ZFHX3 (463)_damaging,0.0
1,CNTNAP4 (85445)_damaging,0.0
1,WWOX (51741)_damaging,0.0
1,PKD1L2 (114780)_damaging,0.0
1,GSE1 (23199)_damaging,0.0
1,IRF8 (3394)_damaging,0.041901304821520595
1,ZNF469 (84627)_damaging,0.0
1,ZC3H18 (124245)_damaging,0.015386357750523976
1,LINC02138 (400558)_damaging,0.005146669652642345
1,ANKRD11 (29123)_damaging,0.0432349400773497
1,VPS9D1 (9605)_damaging,0.0
1,FANCA (2175)_damaging,0.0
1,WDR81 (124997)_damaging,0.0
1,SPATA22 (84690)_damaging,0.0
1,ZZEF1 (23140)_damaging,0.0
1,USP6 (9098)_damaging,0.019324267110534057
1,FXR2 (9513)_damaging,0.07604091256029152
1,TP53 (7157)_damaging,13.718616897746665
1,DNAH2 (146754)_damaging,0.0
1,KDM6B (23135)_damaging,0.023722077975195818
1,CHD3 (1107)_damaging,0.0
1,PER1 (5187)_damaging,0.0085844369279889
1,PFAS (5198)_damaging,0.0
1,MYH13 (8735)_damaging,0.0
1,MYH8 (4626)_damaging,0.0
1,MYH1 (4619)_damaging,0.5067084809255216
1,MYH2 (4620)_damaging,0.019447130037815463
1,DNAH9 (1770)_damaging,0.3068466040912641
1,MAP2K4 (6416)_damaging,0.01621543666656667
1,MYOCD (93649)_damaging,0.0
1,NCOR1 (9611)_damaging,0.0
1,MPRIP (23164)_damaging,0.0
1,FLCN (201163)_damaging,0.08938216513640375
1,MYO15A (51168)_damaging,0.14023235445554616
1,TOP3A (7156)_damaging,0.0
1,KSR1 (8844)_damaging,0.0
1,MYO18A (399687)_damaging,0.0
1,EFCAB5 (374786)_damaging,0.0
1,ATAD5 (79915)_damaging,0.0
1,NF1 (4763)_damaging,0.0
1,SUZ12 (23512)_damaging,0.011039384713499627
1,SLFN11 (91607)_damaging,0.7155974772405845
1,ACACA (31)_damaging,0.17834796123996635
1,GPR179 (440435)_damaging,0.022376296836877002
1,SRCIN1 (80725)_damaging,0.10060727078061876
1,TOP2A (7153)_damaging,0.0
1,KCNH4 (23415)_damaging,0.0
1,STAT5B (6777)_damaging,0.0
1,PLEKHH3 (79990)_damaging,0.0
1,BRCA1 (672)_damaging,0.19513340520045006
1,ITGA2B (3674)_damaging,0.27493916871340246
1,GPATCH8 (23131)_damaging,0.0
1,KANSL1 (284058)_damaging,0.057080359541027505
1,HOXB3 (3213)_damaging,0.0
1,COL1A1 (1277)_damaging,0.024659469669279614
1,SPAG9 (9043)_damaging,0.06621545014014343
1,TSPOAP1 (9256)_damaging,0.042758922028259094
1,RNF43 (54894)_damaging,0.0
1,PPM1D (8493)_damaging,0.03311481778484467
1,BRIP1 (83990)_damaging,0.0
1,MED13 (9969)_damaging,0.0
1,SCN4A (6329)_damaging,0.0
1,GNA13 (10672)_damaging,0.07630299066747351
1,AXIN2 (8313)_damaging,0.0
1,NOL11 (25926)_damaging,0.0
1,BPTF (2186)_damaging,0.1186710820737868
1,ABCA8 (10351)_damaging,0.017001784308805
1,ABCA9 (10350)_damaging,0.1984709067392177
1,ABCA6 (23460)_damaging,0.0
1,ABCA10 (10349)_damaging,0.0
1,ABCA5 (23461)_damaging,0.0
1,SOX9 (6662)_damaging,0.05503155400184651
1,SDK2 (54549)_damaging,0.08661768909986728
1,TMEM94 (9772)_damaging,0.012200684939503196
1,CASKIN2 (57513)_damaging,0.0
1,MYO15B (80022)_damaging,0.1326197322825197
1,ITGB4 (3691)_damaging,0.08620389895632138
1,SPHK1 (8877)_damaging,0.0
1,TNRC6C (57690)_damaging,0.0
1,DNAH17 (8632)_damaging,0.013138061388756382
1,RPTOR (57521)_damaging,0.0
1,BAHCC1 (57597)_damaging,0.04781686791228717
1,FASN (2194)_damaging,0.0
1,NARF (26502)_damaging,0.0027314017134689094
1,FOXK2 (3607)_damaging,0.0
1,SMCHD1 (23347)_damaging,0.0
1,EPB41L3 (23136)_damaging,0.0
1,LAMA1 (284217)_damaging,0.09514584771584944
1,PTPRM (5797)_damaging,0.07105785505481842
1,MTCL1 (23255)_damaging,0.005383279831371228
1,ANKRD12 (23253)_damaging,0.0
1,PIEZO2 (63895)_damaging,0.0
1,ANKRD30B (374860)_damaging,0.05855397513732371
1,ROCK1 (6093)_damaging,0.015763709061275347
1,GREB1L (80000)_damaging,0.0
1,LAMA3 (3909)_damaging,0.011909122947475564
1,CCDC178 (374864)_damaging,0.03741748406325902
1,ASXL3 (80816)_damaging,0.04068417234196949
1,FHOD3 (80206)_damaging,0.5467190629132292
1,SYT4 (6860)_damaging,0.0
1,SETBP1 (26040)_damaging,0.0
1,LOXHD1 (125336)_damaging,0.0
1,SKOR2 (652991)_damaging,0.06509247696276058
1,ZBTB7C (201501)_damaging,0.02016738088978112
1,MYO5B (4645)_damaging,0.023101296350837006
1,SMAD4 (4089)_damaging,0.07584079752301635
1,DCC (1630)_damaging,0.0
1,ALPK2 (115701)_damaging,0.0285935607148724
1,CDH7 (1005)_damaging,0.005075028950353948
1,DSEL (92126)_damaging,0.018152717969470485
1,RTTN (25914)_damaging,0.06392926285480723
1,CBLN2 (147381)_damaging,0.14182139018772164
1,ZNF236 (7776)_damaging,0.03207850390061945
1,SALL3 (27164)_damaging,0.0
1,ATP9B (374868)_damaging,0.0
1,KCNG2 (26251)_damaging,0.0
1,ABCA7 (10347)_damaging,0.0
1,STK11 (6794)_damaging,0.6439704554980366
1,TCF3 (6929)_damaging,0.36414298384592064
1,AP3D1 (8943)_damaging,0.1212151893436307
1,ZBTB7A (51341)_damaging,0.0
1,TICAM1 (148022)_damaging,0.002124092672548085
1,KDM4B (23030)_damaging,0.10106981375245805
1,PTPRS (5802)_damaging,0.03565896353099632
1,SAFB2 (9667)_damaging,0.0
1,SAFB (6294)_damaging,0.0
1,CAMSAP3 (57662)_damaging,0.06705644610346007
1,MAP2K7 (5609)_damaging,0.016588300923645622
1,FBN3 (84467)_damaging,0.0
1,MUC16 (94025)_damaging,0.1869120863394614
1,COL5A3 (50509)_damaging,0.0
1,DNMT1 (1786)_damaging,0.025036256754113136
1,KEAP1 (9817)_damaging,0.0
1,SMARCA4 (6597)_damaging,0.0
1,CACNA1A (773)_damaging,0.3004077302616113
1,NOTCH3 (4854)_damaging,0.023672127814293203
1,WIZ (58525)_damaging,0.05831932247587499
1,CHERP (10523)_damaging,0.0007311180798595598
1,CPAMD8 (27151)_damaging,0.0
1,CRLF1 (9244)_damaging,0.09494929062353727
1,ZNF429 (353088)_damaging,0.0
1,ZNF208 (7757)_damaging,0.0033502679531506483
1,ZNF729 (100287226)_damaging,0.031828668370447885
1,ZNF91 (7644)_damaging,0.0
1,URI1 (8725)_damaging,0.0
1,ZNF536 (9745)_damaging,0.12015728272318517
1,TSHZ3 (57616)_damaging,0.0
1,KMT2B (9757)_damaging,0.1299460667439376
1,WDR87 (83889)_damaging,0.0
1,RYR1 (6261)_damaging,0.018192741285429623
1,CAPN12 (147968)_damaging,0.8402398484941461
1,PAF1 (54623)_damaging,0.0077558262416546914
1,FCGBP (8857)_damaging,0.0
1,PRX (57716)_damaging,0.042701208546094105
1,ERF (2077)_damaging,0.14851956800380192
1,CIC (23152)_damaging,0.034706808960169394
1,MEGF8 (1954)_damaging,0.06093163888037542
1,ARHGAP35 (2909)_damaging,0.007941839014531696
1,BICRA (29998)_damaging,0.0664853389591631
1,GRIN2D (2906)_damaging,0.0
1,LMTK3 (114783)_damaging,0.0
1,TRPM4 (54795)_damaging,0.0
1,TEAD2 (8463)_damaging,0.0
1,PRR12 (57479)_damaging,0.015174811681568668
1,SCAF1 (58506)_damaging,0.0
1,MYH14 (79784)_damaging,0.0035397756637353464
1,POLD1 (5424)_damaging,0.0
1,SHANK1 (50944)_damaging,0.0
1,BRSK1 (84446)_damaging,0.43078031659305094
1,SSC5D (284297)_damaging,0.1690422846767898
1,NLRP9 (338321)_damaging,0.0006719408905414662
1,NLRP4 (147945)_damaging,0.04582419208112468
1,PEG3 (5178)_damaging,0.07562793588185517
1,ZIM3 (114026)_damaging,0.011444547115637513
1,TPO (7173)_damaging,0.03242793592018898
1,ROCK2 (9475)_damaging,0.0
1,GREB1 (9687)_damaging,0.0037239636276259684
1,NBAS (51594)_damaging,0.4443482893026258
1,RAD51AP2 (729475)_damaging,0.01615233635777861
1,APOB (338)_damaging,0.019220012446036508
1,TDRD15 (100129278)_damaging,0.023636992765000413
1,ATAD2B (54454)_damaging,0.0
1,ITSN2 (50618)_damaging,0.0
1,DNMT3A (1788)_damaging,0.0
1,ASXL2 (55252)_damaging,0.0
1,OTOF (9381)_damaging,0.0024825182247309313
1,EMILIN1 (11117)_damaging,0.0
1,CAD (790)_damaging,0.01820762965456282
1,IFT172 (26160)_damaging,0.23253563557949058
1,SPATA31H1 (84226)_damaging,0.0
1,BIRC6 (57448)_damaging,0.0
1,LTBP1 (4052)_damaging,0.008149049875158867
1,HEATR5B (54497)_damaging,0.0
1,ZFP36L2 (678)_damaging,0.23409931988096735
1,THADA (63892)_damaging,0.0
1,MSH2 (4436)_damaging,0.0
1,MSH6 (2956)_damaging,0.0
1,NRXN1 (9378)_damaging,0.04533475495198021
1,EML6 (400954)_damaging,0.0
1,MTIF2 (4528)_damaging,0.0
1,CCDC88A (55704)_damaging,0.5574986753188278
1,USP34 (9736)_damaging,0.0
1,ZNF638 (27332)_damaging,0.0
1,DYSF (8291)_damaging,0.0
1,ALMS1 (7840)_damaging,0.01843036725802952
1,LOXL3 (84695)_damaging,0.0
1,CTNNA2 (1496)_damaging,0.01656707464109737
1,DNAH6 (1768)_damaging,0.21369444258593118
1,POLR1A (25885)_damaging,0.0
1,TMEM131 (23505)_damaging,0.0
1,VWA3B (200403)_damaging,0.0
1,CRACDL (343990)_damaging,0.0
1,EIF5B (9669)_damaging,0.026784093209907583
1,RANBP2 (5903)_damaging,0.06387569763265641
1,DPP10 (57628)_damaging,0.2908282280362693
1,MARCO (8685)_damaging,0.0
1,EPB41L5 (57669)_damaging,0.0
1,CLASP1 (23332)_damaging,0.230913763570606
1,CNTNAP5 (129684)_damaging,0.06507130637929225
1,ARHGEF4 (50649)_damaging,0.0
1,NCKAP5 (344148)_damaging,0.09528194046698638
1,THSD7B (80731)_damaging,0.0040413366648881545
1,LRP1B (53353)_damaging,0.8349118901399679
1,ZEB2 (9839)_damaging,0.0
1,ACVR2A (92)_damaging,0.10362756137312205
1,ORC4 (5000)_damaging,0.0
1,RIF1 (55183)_damaging,0.012748137241461042
1,NEB (4703)_damaging,0.32218288329169026
1,BAZ2B (29994)_damaging,0.0
1,LY75 (4065)_damaging,0.0
1,PLA2R1 (22925)_damaging,0.0
1,SLC4A10 (57282)_damaging,0.010571440152703742
1,KCNH7 (90134)_damaging,0.029694516160770814
1,FIGN (55137)_damaging,0.0
1,SCN3A (6328)_damaging,0.026740294347281583
1,SCN2A (6326)_damaging,0.19280192832988052
1,TTC21B (79809)_damaging,0.0
1,SCN1A (6323)_damaging,0.14715733032729528
1,SCN9A (6335)_damaging,0.0
1,SCN7A (6332)_damaging,0.008811200834646949
1,XIRP2 (129446)_damaging,0.028283225295956168
1,LRP2 (4036)_damaging,0.04155750563181834
1,PPIG (9360)_damaging,0.0632171600109956
1,MYO3B (140469)_damaging,0.08898918696917946
1,GPR155 (151556)_damaging,0.2929803355382964
1,TTN (7273)_damaging,0.0
1,CCDC141 (285025)_damaging,0.0
1,ITGA4 (3676)_damaging,0.0
1,FSIP2 (401024)_damaging,0.06848401852265461
1,COL3A1 (1281)_damaging,0.0
1,COL5A2 (1290)_damaging,0.2288756646510164
1,WDR75 (84128)_damaging,0.0010619657090108878
1,DNAH7 (56171)_damaging,0.1555660859842904
1,HECW2 (57520)_damaging,0.016837659005543005
1,PLCL1 (5334)_damaging,0.029948931778177285
1,SGO2 (151246)_damaging,0.0
1,AOX1 (316)_damaging,0.14894591451868402
1,CASP8 (841)_damaging,0.05837269442261084
1,C2CD6 (151254)_damaging,0.2046503766653195
1,KIAA2012 (100652824)_damaging,0.0
1,BMPR2 (659)_damaging,0.0
1,NBEAL1 (65065)_damaging,0.0
1,PARD3B (117583)_damaging,0.0
1,NRP2 (8828)_damaging,0.0
1,INO80D (54891)_damaging,0.014567405549505391
1,ZDBF2 (57683)_damaging,0.0
1,ADAM23 (8745)_damaging,0.0
1,MAP2 (4133)_damaging,0.0
1,UNC80 (285175)_damaging,0.0
1,CPS1 (1373)_damaging,0.0
1,ERBB4 (2066)_damaging,0.0
1,ABCA12 (26154)_damaging,0.0
1,FN1 (2335)_damaging,0.0
1,TNS1 (7145)_damaging,0.005435654998825293
1,ZNF142 (7701)_damaging,0.00012913980238449187
1,CFAP65 (255101)_damaging,0.020577150992762184
1,SPEG (10290)_damaging,0.2033369613550969
1,OBSL1 (23363)_damaging,0.0
1,SLC4A3 (6508)_damaging,0.0
1,DOCK10 (55619)_damaging,0.0018822592050669325
1,IRS1 (3667)_damaging,0.008121157991838981
1,COL4A4 (1286)_damaging,0.30050131410108116
1,SPHKAP (80309)_damaging,0.0
1,GIGYF2 (26058)_damaging,0.0
1,COL6A3 (1293)_damaging,0.0
1,RBM44 (375316)_damaging,0.015033778171143977
1,HDAC4 (9759)_damaging,0.02066544875573585
1,KIF1A (547)_damaging,0.0
1,PASK (23178)_damaging,0.017006087098326274
1,TGM6 (343641)_damaging,0.0
1,FASTKD5 (60493)_damaging,0.19466116076350207
1,PLCB4 (5332)_damaging,0.0
1,ESF1 (51575)_damaging,0.03263081451498537
1,SEL1L2 (80343)_damaging,0.024555200616709683
1,RRBP1 (6238)_damaging,0.0
1,RALGAPA2 (57186)_damaging,0.0
1,ASXL1 (171023)_damaging,1.9133143564771933
1,NCOA6 (23054)_damaging,0.030941042223645153
1,MYH7B (57644)_damaging,0.12084734147053017
1,CEP250 (11190)_damaging,0.0
1,SAMHD1 (25939)_damaging,0.050335853722435424
1,RALGAPB (57148)_damaging,0.002224512004779486
1,CHD6 (84181)_damaging,0.0
1,PTPRT (11122)_damaging,0.0
1,DDX27 (55661)_damaging,0.07871842386084289
1,KCNB1 (3745)_damaging,0.0
1,RIPOR3 (140876)_damaging,0.0
1,ADNP (23394)_damaging,0.0
1,ZNF831 (128611)_damaging,0.0
1,SYCP2 (10388)_damaging,0.0
1,TAF4 (6874)_damaging,0.27632204007844047
1,LAMA5 (3911)_damaging,0.010274650428848212
1,DIDO1 (11083)_damaging,0.4352376281358679
1,COL20A1 (57642)_damaging,0.0008187473124546472
1,HELZ2 (85441)_damaging,0.0
1,TPTE (7179)_damaging,0.2603358702604852
1,NRIP1 (8204)_damaging,0.07715031966244036
1,ADAMTS5 (11096)_damaging,0.05313736185335981
1,LTN1 (26046)_damaging,0.026023299684394124
1,USP16 (10600)_damaging,0.05544106742890034
1,SCAF4 (57466)_damaging,0.0
1,ITSN1 (6453)_damaging,0.0
1,RUNX1 (861)_damaging,0.0
1,DOP1B (9980)_damaging,0.040725830032539025
1,BRWD1 (54014)_damaging,0.0
1,DSCAM (1826)_damaging,0.33817851842490854
1,ZBTB21 (49854)_damaging,0.014098506726118948
1,NDUFV3 (4731)_damaging,0.0
1,TRPM2 (7226)_damaging,0.0
1,COL18A1 (80781)_damaging,0.04303420481479384
1,COL6A1 (1291)_damaging,0.0026574935915014025
1,PCNT (5116)_damaging,0.02264533766376841
1,CECR2 (27443)_damaging,0.008807087369430509
1,MED15 (51586)_damaging,0.10471922702963492
1,LZTR1 (8216)_damaging,0.03706743260011395
1,SMARCB1 (6598)_damaging,0.05003832600043989
1,MYO18B (84700)_damaging,0.0031300056928687445
1,MN1 (4330)_damaging,0.0
1,TTC28 (23331)_damaging,0.0
1,NF2 (4771)_damaging,0.24753785267971073
1,PRR14L (253143)_damaging,0.061266112822184214
1,DEPDC5 (9681)_damaging,0.0
1,MYH9 (4627)_damaging,0.1974166559653122
1,CSF2RB (1439)_damaging,0.30334455030343876
1,TRIOBP (11078)_damaging,0.0
1,CACNA1I (8911)_damaging,0.23521966493721225
1,TNRC6B (23112)_damaging,0.0
1,EP300 (2033)_damaging,0.10699314571124953
1,ZC3H7B (23264)_damaging,0.0
1,MEI1 (150365)_damaging,0.0
1,TCF20 (6942)_damaging,0.0
1,SMC1B (27127)_damaging,0.0
1,PKDREJ (10343)_damaging,0.0
1,PLXNB2 (23654)_damaging,0.025761127807721856
1,PPP6R2 (9701)_damaging,0.10897022110021999
1,SBF1 (6305)_damaging,0.0
1,CHL1 (10752)_damaging,0.0
1,CNTN6 (27255)_damaging,0.0
1,CNTN4 (152330)_damaging,0.004760925462908429
1,GRM7 (2917)_damaging,0.0
1,SSUH2 (51066)_damaging,0.3989277333895403
1,VHL (7428)_damaging,0.13805350530894048
1,KCNH8 (131096)_damaging,0.0
1,NEK10 (152110)_damaging,0.001367507042416872
1,TGFBR2 (7048)_damaging,0.0
1,CLASP2 (23122)_damaging,0.0
1,TRANK1 (9881)_damaging,0.002978304306320865
1,MLH1 (4292)_damaging,0.0
1,GOLGA4 (2803)_damaging,0.0
1,SCN5A (6331)_damaging,0.0
1,SCN10A (6336)_damaging,0.0
1,SCN11A (11280)_damaging,0.0
1,TOPAZ1 (375337)_damaging,0.0
1,KIF15 (56992)_damaging,0.0
1,SETD2 (29072)_damaging,0.0
1,PTPN23 (25930)_damaging,0.08340064860328547
1,PLXNB1 (5364)_damaging,0.0
1,COL7A1 (1294)_damaging,0.1417415604679178
1,CELSR3 (1951)_damaging,0.22038260814977018
1,RHOA (387)_damaging,0.13111151424384818
1,BSN (8927)_damaging,0.0713870964558652
1,RBM6 (10180)_damaging,0.037640213559005826
1,DOCK3 (1795)_damaging,0.0
1,DNAH1 (25981)_damaging,0.09151133411130881
1,BAP1 (8314)_damaging,0.4658421677749006
1,STAB1 (23166)_damaging,0.0829429300537553
1,PBRM1 (55193)_damaging,0.0
1,ERC2 (26059)_damaging,0.0
1,TASOR (23272)_damaging,0.007257378951627144
1,DNAH12 (201625)_damaging,0.07734887776278616
1,FLNB (2317)_damaging,0.0
1,PTPRG (5793)_damaging,0.0
1,ATXN7 (6314)_damaging,0.0
1,ROBO2 (6092)_damaging,0.03592386684760112
1,ROBO1 (6091)_damaging,0.0
1,EPHA3 (2042)_damaging,0.0
1,EPHA6 (285220)_damaging,0.0054487293015711025
1,CRYBG3 (131544)_damaging,0.0
1,ABI3BP (25890)_damaging,0.0294060873518932
1,NFKBIZ (64332)_damaging,0.0
1,MYH15 (22989)_damaging,0.08171315468706038
1,DZIP3 (9666)_damaging,0.0
1,MORC1 (27136)_damaging,0.006663202433683453
1,PHLDB2 (90102)_damaging,0.0
1,USF3 (205717)_damaging,0.005780561657232091
1,ZBTB20 (26137)_damaging,0.0
1,CFAP91 (89876)_damaging,0.02179208850224534
1,POLQ (10721)_damaging,0.37520746865044424
1,GOLGB1 (2804)_damaging,0.0
1,KALRN (8997)_damaging,0.19329397957810204
1,PLXNA1 (5361)_damaging,0.037628176510571834
1,MBD4 (8930)_damaging,0.0
1,COL6A5 (256076)_damaging,0.1381403038128327
1,COL6A6 (131873)_damaging,0.00020186548924549236
1,DNAJC13 (23317)_damaging,0.03231137182030655
1,TOPBP1 (11073)_damaging,0.20567766636788787
1,RASA2 (5922)_damaging,0.05650093175143552
1,XRN1 (54464)_damaging,0.0
1,ATR (545)_damaging,0.04494978265204752
1,HPS3 (84343)_damaging,0.0
1,MED12L (116931)_damaging,0.29228992789172376
1,IGSF10 (285313)_damaging,0.013696689542712985
1,MME (4311)_damaging,0.0
1,PLCH1 (23007)_damaging,0.026840825907920113
1,SMC4 (10051)_damaging,0.04042850847632613
1,SI (6476)_damaging,0.0
1,ZBBX (79740)_damaging,0.0
1,MECOM (2122)_damaging,0.0
1,TNIK (23043)_damaging,0.023920971101404835
1,USP13 (8975)_damaging,0.0
1,TTC14 (151613)_damaging,0.0
1,B3GNT5 (84002)_damaging,0.07651620743592116
1,VWA5B2 (90113)_damaging,0.0
1,MUC4 (4585)_damaging,0.02991048202869972
1,NSD2 (7468)_damaging,0.11930603126655856
1,POLN (353497)_damaging,0.03254668832036876
1,FAM193A (8603)_damaging,0.014206799734023275
1,HTT (3064)_damaging,0.0
1,JAKMIP1 (152789)_damaging,0.07123233671847712
1,UNC93B7 (100887746)_damaging,0.0
1,BOD1L1 (259282)_damaging,0.01579435292554985
1,SLIT2 (9353)_damaging,0.04033579486917636
1,PCDH7 (5099)_damaging,0.0
1,ARAP2 (116984)_damaging,0.044680144122974476
1,LIMCH1 (22998)_damaging,0.0
1,CORIN (10699)_damaging,0.0
1,FRYL (285527)_damaging,0.0
1,KDR (3791)_damaging,0.0020134981162785613
1,CRACD (57482)_damaging,0.2509569828295132
1,POLR2B (5431)_damaging,0.0
1,ADGRL3 (23284)_damaging,0.019084682047394618
1,EPHA5 (2044)_damaging,0.02823046256670058
1,CENPC (1060)_damaging,0.03721611306612331
1,ADAMTS3 (9508)_damaging,0.0
1,SHROOM3 (57619)_damaging,0.0
1,FRAS1 (80144)_damaging,0.0
1,WDFY3 (23001)_damaging,0.6269796587903488
1,PTPN13 (5783)_damaging,0.05136525797196985
1,AFF1 (4299)_damaging,0.0
1,ABCG2 (9429)_damaging,0.0
1,SMARCAD1 (56916)_damaging,0.07414664220156351
1,CENPE (1062)_damaging,0.0
1,TET2 (54790)_damaging,0.0
1,COL25A1 (84570)_damaging,0.0
1,ZGRF1 (55345)_damaging,0.190918894565137
1,ANK2 (287)_damaging,0.019828599164354324
1,NDST4 (64579)_damaging,0.0
1,BLTP1 (84162)_damaging,0.0
1,FAT4 (79633)_damaging,0.14515682811138853
1,PCDH10 (57575)_damaging,0.0
1,NAA15 (80155)_damaging,0.02514014915075165
1,LRBA (987)_damaging,0.011470252249628684
1,FBXW7 (55294)_damaging,0.42401048357400706
1,FHDC1 (85462)_damaging,0.0
1,DCHS2 (54798)_damaging,0.011232609386944153
1,MAP9 (79884)_damaging,0.0
1,GRIA2 (2891)_damaging,0.0
1,RAPGEF2 (9693)_damaging,0.0
1,FSTL5 (56884)_damaging,0.0
1,DDX60 (55601)_damaging,0.013850854910118227
1,WDR17 (116966)_damaging,0.06914619942492449
1,TENM3 (55714)_damaging,0.0
1,WWC2 (80014)_damaging,0.04730241327223552
1,SORBS2 (8470)_damaging,0.0
1,FAT1 (2195)_damaging,0.055461529131260734
1,SDHA (6389)_damaging,0.06505730914952304
1,SLC12A7 (10723)_damaging,0.0
1,TERT (7015)_damaging,0.3198553934609199
1,ADAMTS16 (170690)_damaging,0.0
1,ICE1 (23379)_damaging,0.007527128249524829
1,SEMA5A (9037)_damaging,0.042190545096197934
1,DNAH5 (1767)_damaging,0.0
1,TRIO (7204)_damaging,0.0
1,CDH18 (1016)_damaging,0.0
1,CDH10 (1008)_damaging,0.0
1,CDH6 (1004)_damaging,0.015085618677515188
1,PDZD2 (23037)_damaging,0.04459741010760162
1,ADAMTS12 (81792)_damaging,0.0515210655473902
1,SPEF2 (79925)_damaging,0.0
1,NIPBL (25836)_damaging,0.10848033521289173
1,CPLANE1 (65250)_damaging,0.14501530229937085
1,EGFLAM (133584)_damaging,0.005458915228039614
1,CARD6 (84674)_damaging,0.0
1,C7 (730)_damaging,0.5310184761890933
1,C6 (729)_damaging,0.004117946565988317
1,HCN1 (348980)_damaging,0.015836441334126542
1,ITGA1 (3672)_damaging,0.0
1,DHX29 (54505)_damaging,0.026025783915177035
1,ZSWIM6 (57688)_damaging,0.007704847055890631
1,PIK3R1 (5295)_damaging,0.07779718005797107
1,RAD17 (5884)_damaging,0.0
1,BDP1 (55814)_damaging,0.04213615765650721
1,ARHGEF28 (64283)_damaging,0.0
1,ANKRD31 (256006)_damaging,0.01151411834425086
1,IQGAP2 (10788)_damaging,0.02452018816486328
1,AP3B1 (8546)_damaging,0.0
1,CMYA5 (202333)_damaging,0.2712287589816158
1,MSH3 (4437)_damaging,0.37818909391077205
1,VCAN (1462)_damaging,0.011912313066559453
1,RASA1 (5921)_damaging,0.11211946476815202
1,ADGRV1 (84059)_damaging,0.03064367444889434
1,KIAA0825 (285600)_damaging,0.0
1,SKIC3 (9652)_damaging,0.0
1,ARSK (153642)_damaging,0.044375532628298145
1,SLCO6A1 (133482)_damaging,0.0
1,APC (324)_damaging,0.13640758364547817
1,DMXL1 (1657)_damaging,0.0
1,FBN2 (2201)_damaging,0.0
1,ADAMTS19 (171019)_damaging,0.01995115826599842
1,CHSY3 (337876)_damaging,0.008188056486096081
1,FNIP1 (96459)_damaging,0.0
1,RAD50 (10111)_damaging,0.21483597838021062
1,CDKL3 (51265)_damaging,0.0
1,PITX1 (5307)_damaging,0.7705296381125927
1,LINC02900 (340073)_damaging,0.01845744786191617
1,CTNNA1 (1495)_damaging,0.05340803658159517
1,ANKHD1 (54882)_damaging,0.0
1,WDR55 (54853)_damaging,0.0
1,ARAP3 (64411)_damaging,0.0
1,TCERG1 (10915)_damaging,0.0
1,FAT2 (2196)_damaging,0.0
1,GRIA1 (2890)_damaging,0.1362563013301206
1,LARP1 (23367)_damaging,0.0
1,TIMD4 (91937)_damaging,0.0
1,GABRG2 (2566)_damaging,0.2676589062474301
1,SLIT3 (6586)_damaging,0.006050557908975941
1,DOCK2 (1794)_damaging,0.009121212826913512
1,NSD1 (64324)_damaging,0.06015554370677417
1,ADAMTS2 (9509)_damaging,0.0
1,FLT4 (2324)_damaging,0.008796382873036152
1,DSP (1832)_damaging,0.0
1,HIVEP1 (3096)_damaging,0.0
1,PHACTR1 (221692)_damaging,0.0
1,JARID2 (3720)_damaging,0.18797787450795247
1,ATXN1 (6310)_damaging,0.07968312386015014
1,GABBR1 (2550)_damaging,0.05955051241014322
1,HLA-A (3105)_damaging,0.021375286646572823
1,MDC1 (9656)_damaging,0.0
1,MUCL3 (135656)_damaging,0.0
1,HLA-C (3107)_damaging,0.01268128701811397
1,HLA-B (3106)_damaging,0.025273451830341895
1,PRRC2A (7916)_damaging,0.0336831377131665
1,BAG6 (7917)_damaging,0.019714915683754518
1,TNXB (7148)_damaging,0.2778316170233519
1,NOTCH4 (4855)_damaging,0.0
1,HLA-DRB5 (3127)_damaging,2.931250370434315e-08
1,COL11A2 (1302)_damaging,0.0
1,BLTP3A (54887)_damaging,0.04089215819090682
1,DNAH8 (1769)_damaging,0.0
1,CCND3 (896)_damaging,0.07953030566645687
1,ZNF318 (24149)_damaging,0.08384651090138404
1,TDRD6 (221400)_damaging,0.06219929979726829
1,MMUT (4594)_damaging,0.016337838549831934
1,PKHD1 (5314)_damaging,0.0
1,FAM83B (222584)_damaging,0.0
1,DST (667)_damaging,0.0
1,PHF3 (23469)_damaging,0.0
1,EYS (346007)_damaging,0.0
1,ADGRB3 (577)_damaging,0.0
1,COL19A1 (1310)_damaging,0.0
1,COL9A1 (1297)_damaging,0.07727230080219342
1,RIMS1 (22999)_damaging,0.0
1,COL12A1 (1303)_damaging,0.0
1,CEP162 (22832)_damaging,0.0
1,ZNF292 (23036)_damaging,0.03854532957152935
1,MDN1 (23195)_damaging,0.05393701519379424
1,CASP8AP2 (9994)_damaging,0.04624269134905932
1,EPHA7 (2045)_damaging,0.22988554111284218
1,MMS22L (253714)_damaging,0.11991248024817447
1,PNISR (25957)_damaging,0.012550079409084244
1,ASCC3 (10973)_damaging,0.0
1,AK9 (221264)_damaging,0.0
1,REV3L (5980)_damaging,0.0
1,LAMA4 (3910)_damaging,0.0
1,HDAC2 (3066)_damaging,0.012103372060111082
1,ROS1 (6098)_damaging,0.0
1,TBC1D32 (221322)_damaging,0.0
1,TRDN (10345)_damaging,0.03649475664116657
1,MTCL3 (387104)_damaging,0.0
1,LAMA2 (3908)_damaging,0.0
1,AKAP7 (9465)_damaging,0.0
1,MED23 (9439)_damaging,0.0
1,TNFAIP3 (7128)_damaging,0.25481936770443003
1,ARFGEF3 (57221)_damaging,0.0
1,ECT2L (345930)_damaging,0.007602873577889847
1,HECA (51696)_damaging,0.0
1,ADGRG6 (57211)_damaging,0.02403145108305246
1,HIVEP2 (3097)_damaging,0.0833717376982212
1,UTRN (7402)_damaging,0.0
1,SHPRH (257218)_damaging,0.019581809174752142
1,GRM1 (2911)_damaging,0.008704729115971178
1,ADGB (79747)_damaging,0.021295826552216533
1,STXBP5 (134957)_damaging,0.01235886682726107
1,SYNE1 (23345)_damaging,0.0
1,SCAF8 (22828)_damaging,0.0
1,ARID1B (57492)_damaging,0.49717244636234503
1,FNDC1 (84624)_damaging,0.0
1,LPA (4018)_damaging,0.03260016548035042
1,QKI (9444)_damaging,0.29857293889625103
1,AFDN (4301)_damaging,0.04037698456175425
1,CARD11 (84433)_damaging,0.0
1,TNRC18 (84629)_damaging,0.0
1,PMS2 (5395)_damaging,0.0
1,COL28A1 (340267)_damaging,0.005768485335985952
1,PHF14 (9678)_damaging,0.0707301416904179
1,THSD7A (221981)_damaging,0.0
1,VWDE (221806)_damaging,0.0
1,DGKB (1607)_damaging,0.0
1,AHR (196)_damaging,0.0
1,HDAC9 (9734)_damaging,0.0
1,ABCB5 (340273)_damaging,0.48700473606985684
1,SP8 (221833)_damaging,0.03151264885306609
1,DNAH11 (8701)_damaging,0.05747090650870681
1,RAPGEF5 (9771)_damaging,0.0
1,STK31 (56164)_damaging,0.026682706380110503
1,PDE1C (5137)_damaging,0.009146696684731304
1,CDK13 (8621)_damaging,0.0
1,GLI3 (2737)_damaging,0.0
1,HECW1 (23072)_damaging,0.07920033539077667
1,AEBP1 (165)_damaging,0.0
1,PKD1L1 (168507)_damaging,0.02001683522027779
1,ABCA13 (154664)_damaging,0.1203163812293075
1,AUTS2 (26053)_damaging,0.0
1,PTPN12 (5782)_damaging,0.031761157549926124
1,MAGI2 (9863)_damaging,0.0
1,CD36 (948)_damaging,0.004678639361300323
1,PCLO (27445)_damaging,0.0
1,SEMA3E (9723)_damaging,0.0
1,ABCB4 (5244)_damaging,0.0
1,ABCB1 (5243)_damaging,0.009127255323557041
1,ZNF804B (219578)_damaging,0.0
1,AKAP9 (10142)_damaging,0.0
1,ANKIB1 (54467)_damaging,0.0
1,SAMD9 (54809)_damaging,0.10791021946402053
1,SAMD9L (219285)_damaging,0.0
1,CALCR (799)_damaging,0.0
1,COL1A2 (1278)_damaging,0.0
1,TRRAP (8295)_damaging,0.030354885184384988
1,GPC2 (221914)_damaging,0.00801504476933341
1,NYAP1 (222950)_damaging,0.0047380709343425
1,GIGYF1 (64599)_damaging,0.0
1,ZAN (7455)_damaging,0.0
1,EPHB4 (2050)_damaging,0.016262683262774785
1,MUC12 (10071)_damaging,0.11457544831447572
1,MUC17 (140453)_damaging,0.32093139025233286
1,PLOD3 (8985)_damaging,0.0
1,CUX1 (1523)_damaging,0.0
1,RELN (5649)_damaging,0.12029030651776464
1,KMT2E (55904)_damaging,0.0
1,PIK3CG (5294)_damaging,0.0
1,LAMB4 (22798)_damaging,0.0
1,PPP1R3A (5506)_damaging,0.2369009138706572
1,FOXP2 (93986)_damaging,0.018961382268153706
1,CFTR (1080)_damaging,0.0
1,CTTNBP2 (83992)_damaging,0.0
1,KCND2 (3751)_damaging,0.0
1,WNT16 (51384)_damaging,0.0
1,PTPRZ1 (5803)_damaging,0.206314082227408
1,POT1 (25913)_damaging,0.0
1,GRM8 (2918)_damaging,0.04188253713185585
1,FLNC (2318)_damaging,0.0
1,KCP (375616)_damaging,0.0
1,PLXNA4 (91584)_damaging,0.07611862073062567
1,NUP205 (23165)_damaging,0.0
1,TRIM24 (8805)_damaging,0.0030234029761908496
1,KIAA1549 (57670)_damaging,0.0
1,MGAM (8972)_damaging,0.02607669102258697
1,EPHB6 (2051)_damaging,0.0
1,KEL (3792)_damaging,0.0
1,NOBOX (135935)_damaging,0.0
1,CNTNAP2 (26047)_damaging,0.0
1,NOS3 (4846)_damaging,0.10582307525306495
1,ATG9B (285973)_damaging,0.04046467474353181
1,KMT2C (58508)_damaging,0.16671035550751168
1,DPP6 (1804)_damaging,0.0
1,UBE3C (9690)_damaging,0.016295992039316923
1,PTPRN2 (5799)_damaging,0.0
1,CSMD1 (64478)_damaging,0.028401660323266315
1,PRAG1 (157285)_damaging,0.0
1,RP1L1 (94137)_damaging,0.024192625999437077
1,TRMT9B (57604)_damaging,0.0
1,LOXL2 (4017)_damaging,0.0
1,ADAM28 (10863)_damaging,0.0
1,DOCK5 (80005)_damaging,0.0
1,NUGGC (389643)_damaging,0.0
1,TEX15 (56154)_damaging,0.0
1,WRN (7486)_damaging,0.0
1,UNC5D (137970)_damaging,0.0
1,ADGRA2 (25960)_damaging,0.0
1,NSD3 (54904)_damaging,0.0
1,ANK1 (286)_damaging,0.06218009850533195
1,PRKDC (5591)_damaging,0.010131004253016758
1,PXDNL (137902)_damaging,0.02952265100345852
1,ST18 (9705)_damaging,0.0
1,RB1CC1 (9821)_damaging,0.0
1,RP1 (6101)_damaging,0.0
1,CHD7 (55636)_damaging,0.0
1,ASPH (444)_damaging,0.006995859881208568
1,ARFGEF1 (10565)_damaging,0.05391253686470033
1,PREX2 (80243)_damaging,0.004279064156939313
1,SULF1 (23213)_damaging,0.023803665145150678
1,KCNB2 (9312)_damaging,0.01599951827502324
1,ZFHX4 (79776)_damaging,0.027401016901344062
1,WWP1 (11059)_damaging,0.0
1,NBN (4683)_damaging,0.02264801224635194
1,ESRP1 (54845)_damaging,0.0
1,VPS13B (157680)_damaging,0.0
1,RGS22 (26166)_damaging,0.08012842155643349
1,UBR5 (51366)_damaging,0.09237571773095905
1,RIMS2 (9699)_damaging,0.03492187439234482
1,PKHD1L1 (93035)_damaging,0.0
1,CSMD3 (114788)_damaging,0.07566471817094325
1,COL14A1 (7373)_damaging,0.26528021996776946
1,FER1L6 (654463)_damaging,0.0
1,ASAP1 (50807)_damaging,0.199092259776279
1,ADCY8 (114)_damaging,0.0023726572509527146
1,EFR3A (23167)_damaging,0.0
1,OC90 (729330)_damaging,0.0
1,KCNQ3 (3786)_damaging,0.0
1,PHF20L1 (51105)_damaging,0.03290230044047521
1,TG (7038)_damaging,0.04055553898941053
1,COL22A1 (169044)_damaging,0.16436722847385532
1,EPPK1 (83481)_damaging,0.008225327950324572
1,PLEC (5339)_damaging,0.09919165788263382
1,PARP10 (84875)_damaging,0.16739406785390082
1,CYC1 (1537)_damaging,0.002899974617294556
1,WDR97 (340390)_damaging,0.0
1,MROH1 (727957)_damaging,0.0
1,CPSF1 (29894)_damaging,0.012609003355955014
1,DOCK8 (81704)_damaging,0.07509312831817119
1,SMARCA2 (6595)_damaging,0.03236566088857482
1,PTPRD (5789)_damaging,0.06199234114196449
1,MPDZ (8777)_damaging,0.007264306380713215
1,FREM1 (158326)_damaging,0.1724660923614301
1,CNTLN (54875)_damaging,0.0
1,ADAMTSL1 (92949)_damaging,0.0
1,DENND4C (55667)_damaging,0.0
1,CDKN2A (1029)_damaging,0.051533825853834835
1,SPATA31G1 (138724)_damaging,0.008824395465115575
1,FANCG (2189)_damaging,0.0
1,PIGO (84720)_damaging,0.05457234754939651
1,UNC13B (10497)_damaging,0.03258762376184529
1,RUSC2 (9853)_damaging,0.0
1,GBA2 (57704)_damaging,0.0
1,SPAG8 (26206)_damaging,0.05911040773584524
1,TJP2 (9414)_damaging,0.0
1,TRPM6 (140803)_damaging,0.0
1,PCSK5 (5125)_damaging,0.053103696142589495
1,PRUNE2 (158471)_damaging,0.0017537487492644043
1,VPS13A (23230)_damaging,0.18403577675152993
1,TLE4 (7091)_damaging,0.1471768149513783
1,SPATA31D1 (389763)_damaging,0.007931938347548347
1,KIF27 (55582)_damaging,0.07744528593587797
1,TUT7 (79670)_damaging,0.0
1,ROR2 (4920)_damaging,0.0
1,NOL8 (55035)_damaging,0.0
1,WNK2 (65268)_damaging,0.0
1,PHF2 (5253)_damaging,0.0
1,PTCH1 (5727)_damaging,0.0
1,COL15A1 (1306)_damaging,0.17480307912664778
1,SMC2 (10592)_damaging,0.0
1,ABCA1 (19)_damaging,0.01320818411835945
1,ELP1 (8518)_damaging,0.0
1,TMEM245 (23731)_damaging,0.046415304749938976
1,PALM2AKAP2 (445815)_damaging,0.0
1,SVEP1 (79987)_damaging,0.0396264473758877
1,SHOC1 (158401)_damaging,0.011525305248879713
1,COL27A1 (85301)_damaging,0.04486360220189077
1,C5 (727)_damaging,0.011091108538983386
1,CNTRL (11064)_damaging,0.05024134586573677
1,DENND1A (57706)_damaging,0.0303130201598544
1,SPTAN1 (6709)_damaging,0.09441416979742791
1,HMCN2 (256158)_damaging,0.0
1,FUBP3 (8939)_damaging,0.0
1,LAMC3 (10319)_damaging,0.0
1,NUP214 (8021)_damaging,0.057692485304722686
1,PRRC2B (84726)_damaging,0.005556255726775672
1,UCK1 (83549)_damaging,0.037390264967515754
1,SETX (23064)_damaging,0.0
1,TSC1 (7248)_damaging,0.020115411933003407
1,ADAMTS13 (11093)_damaging,0.03606358448839596
1,ADAMTSL2 (9719)_damaging,0.0
1,BRD3 (8019)_damaging,0.01822532474984197
1,WDR5 (11091)_damaging,0.0
1,COL5A1 (1289)_damaging,0.0
1,CAMSAP1 (157922)_damaging,0.006566478695650142
1,SEC16A (9919)_damaging,0.0
1,NOTCH1 (4851)_damaging,0.0
1,ABCA2 (20)_damaging,0.0
1,EXD3 (54932)_damaging,0.0
1,CACNA1B (774)_damaging,0.0
1,MXRA5 (25878)_damaging,0.07463851201476897
1,SHROOM2 (357)_damaging,0.0
1,WWC3 (55841)_damaging,0.0
1,NHS (4810)_damaging,0.0
1,MAP3K15 (389840)_damaging,0.0
1,DMD (1756)_damaging,0.06274669224483832
1,CFAP47 (286464)_damaging,0.8129368717281562
1,RPGR (6103)_damaging,0.0
1,BCOR (54880)_damaging,0.4235508246585912
1,USP9X (8239)_damaging,0.460738123683628
1,DDX3X (1654)_damaging,0.0
1,KDM6A (7403)_damaging,0.0
1,RBM10 (8241)_damaging,0.0
1,TFE3 (7030)_damaging,0.029466388001191206
1,CCNB3 (85417)_damaging,0.0
1,SHROOM4 (57477)_damaging,0.0
1,KDM5C (8242)_damaging,0.0
1,IQSEC2 (23096)_damaging,0.0
1,HUWE1 (10075)_damaging,0.0
1,WNK3 (65267)_damaging,0.0
1,AMER1 (139285)_damaging,0.0
1,ZC3H12B (340554)_damaging,0.0
1,OPHN1 (4983)_damaging,0.0
1,MED12 (9968)_damaging,0.08803503402940924
1,ZMYM3 (9203)_damaging,0.04736867051638436
1,PHKA1 (5255)_damaging,0.0
1,NEXMIF (340533)_damaging,0.0
1,ATRX (546)_damaging,0.23157756946897354
1,BRWD3 (254065)_damaging,0.0
1,CYLC1 (1538)_damaging,0.0
1,ZNF711 (7552)_damaging,0.0
1,DIAPH2 (1730)_damaging,0.0
1,PCDH19 (57526)_damaging,0.0
1,RAB40A (142684)_damaging,0.055402237256654815
1,NRK (203447)_damaging,0.02120552369826333
1,COL4A6 (1288)_damaging,0.0035594252102934872
1,COL4A5 (1287)_damaging,0.0048620012881733475
1,GUCY2F (2986)_damaging,0.0
1,DOCK11 (139818)_damaging,0.0
1,STAG2 (10735)_damaging,0.0
1,TENM1 (10178)_damaging,0.22115112719410746
1,SMARCA1 (6594)_damaging,0.11342806392172357
1,BCORL1 (63035)_damaging,0.0
1,USP26 (83844)_damaging,0.035622445341185034
1,MAP7D3 (79649)_damaging,0.08821576969956837
1,ADGRG4 (139378)_damaging,0.01824450798951701
1,SPANXN4 (441525)_damaging,0.0
1,FMR1 (2332)_damaging,0.0
1,AFF2 (2334)_damaging,0.0
1,PLXNA3 (55558)_damaging,0.027185246304030176
1,F8 (2157)_damaging,0.0
1,MT-ND4 (4538)_damaging,0.2499808908902125
1,MT-ND5 (4540)_damaging,0.06841390871667137
2,MTOR (2475)_hotspot,0.4409772006991467
2,NRAS (4893)_hotspot,0.7126229372163034
2,PTEN (5728)_hotspot,0.20021653569309747
2,HRAS (3265)_hotspot,0.08193383051815979
2,ATM (472)_hotspot,0.047452653987889476
2,KRAS (3845)_hotspot,1.1229891147553128
2,RB1 (5925)_hotspot,0.527096647036173
2,CREBBP (1387)_hotspot,0.0003143782371115554
2,TP53 (7157)_hotspot,1.742269793112477
2,NF1 (4763)_hotspot,0.1441528365905898
2,ERBB2 (2064)_hotspot,0.0
2,SMAD4 (4089)_hotspot,0.30380603850474214
2,STK11 (6794)_hotspot,0.0
2,SMARCA4 (6597)_hotspot,0.0
2,C2orf81 (388963)_hotspot,0.05075690846489866
2,NFE2L2 (4780)_hotspot,0.9591965949397812
2,TPTE (7179)_hotspot,0.13556010432044516
2,VHL (7428)_hotspot,0.0
2,CTNNB1 (1499)_hotspot,0.0
2,RHOA (387)_hotspot,0.032534779797139146
2,PIK3CA (5290)_hotspot,0.9443094474653054
2,FBXW7 (55294)_hotspot,0.5352912877278599
2,TERT (7015)_hotspot,1.3171991133047767
2,PIK3R1 (5295)_hotspot,0.0
2,APC (324)_hotspot,0.0
2,RAC1 (5879)_hotspot,0.0
2,EGFR (1956)_hotspot,0.0
2,BRAF (673)_hotspot,2.8313140405974777
2,EZH2 (2146)_hotspot,0.1444607798767842
2,CDKN2A (1029)_hotspot,0.015136629141187834
2,ACAP3 (116983)_damaging,0.0
2,DVL1 (1855)_damaging,0.019055175003188225
2,MXRA8 (54587)_damaging,0.014468637630382173
2,MEGF6 (1953)_damaging,0.037596495666907606
2,CHD5 (26038)_damaging,0.29129296513039665
2,RPL22 (6146)_damaging,0.29635196263999236
2,CAMTA1 (23261)_damaging,0.024628202862739042
2,ERRFI1 (54206)_damaging,0.0
2,SLC45A1 (50651)_damaging,0.0
2,RERE (473)_damaging,0.0
2,EXOSC10 (5394)_damaging,0.0
2,VPS13D (55187)_damaging,0.0
2,FHAD1 (114827)_damaging,0.07080196827463976
2,SPEN (23013)_damaging,0.008835592457375146
2,EPHA2 (1969)_damaging,0.008092733129880559
2,UBR4 (23352)_damaging,0.06933969625468639
2,VWA5B1 (127731)_damaging,0.0
2,HSPG2 (3339)_damaging,0.0
2,LUZP1 (7798)_damaging,0.00579444812433049
2,ID3 (3399)_damaging,2.0514400469992817
2,ELOA (6924)_damaging,0.0
2,ARID1A (8289)_damaging,0.03782038559009481
2,WDTC1 (23038)_damaging,0.0
2,AHDC1 (27245)_damaging,0.0
2,PTPRU (10076)_damaging,0.019090127206232144
2,COL16A1 (1307)_damaging,0.0
2,CSMD2 (114784)_damaging,0.40262692573272724
2,ZMYM6 (9204)_damaging,0.0
2,ZMYM1 (79830)_damaging,0.006528933706584014
2,ZMYM4 (9202)_damaging,0.0
2,AGO1 (26523)_damaging,0.0
2,MAP7D1 (55700)_damaging,0.08423291971423978
2,MACF1 (23499)_damaging,0.018582139694820175
2,RLF (6018)_damaging,0.03566076079002262
2,HIVEP3 (59269)_damaging,0.0
2,TIE1 (7075)_damaging,0.005131377370682476
2,SZT2 (23334)_damaging,0.0
2,PTCH2 (8643)_damaging,0.0
2,MUTYH (4595)_damaging,0.0
2,NASP (4678)_damaging,0.0
2,MAST2 (23139)_damaging,0.0
2,PIK3R3 (8503)_damaging,0.003254484447022986
2,FAAH (2166)_damaging,0.013542360174030012
2,TAL1 (6886)_damaging,0.0
2,FYB2 (199920)_damaging,0.020571889756293312
2,NFIA (4774)_damaging,0.03330977767811611
2,PATJ (10207)_damaging,0.010530219916540889
2,DOCK7 (85440)_damaging,0.0
2,EFCAB7 (84455)_damaging,0.0
2,JAK1 (3716)_damaging,0.0
2,LEPR (3953)_damaging,0.0
2,LRRC7 (57554)_damaging,0.022813838838088785
2,TNNI3K (51086)_damaging,0.017342205362461182
2,ERICH3 (127254)_damaging,0.26932125028984877
2,SLC44A5 (204962)_damaging,0.0
2,FUBP1 (8880)_damaging,0.004042719345256872
2,ADGRL4 (64123)_damaging,0.01921037186798486
2,ADGRL2 (23266)_damaging,0.04779535021014792
2,DNAI3 (126820)_damaging,0.00040075547494674196
2,COL24A1 (255631)_damaging,0.0
2,GBP1 (2633)_damaging,0.0
2,HFM1 (164045)_damaging,0.0
2,BTBD8 (284697)_damaging,0.0
2,RPL5 (6125)_damaging,0.24799926760640503
2,ABCA4 (24)_damaging,0.0
2,DPYD (1806)_damaging,0.0
2,COL11A1 (1301)_damaging,0.0
2,CEPT1 (10390)_damaging,0.014687256461441763
2,MAGI3 (260425)_damaging,0.0
2,DENND2C (163259)_damaging,0.0
2,SYCP1 (6847)_damaging,0.10075403057846312
2,CD58 (965)_damaging,0.0
2,SPAG17 (200162)_damaging,0.3291443530518226
2,NOTCH2 (4853)_damaging,0.0021452454115823976
2,BCL9 (607)_damaging,0.09239995881226762
2,ADAMTSL4 (54507)_damaging,0.0
2,ZNF687 (57592)_damaging,0.0
2,FLG (2312)_damaging,0.0
2,CCDST (112268240)_damaging,0.5125319405513729
2,FLG2 (388698)_damaging,0.0
2,DENND4B (9909)_damaging,0.002387611194999947
2,SHC1 (6464)_damaging,0.04377981308203775
2,ASH1L (55870)_damaging,0.05477985144066556
2,GON4L (54856)_damaging,0.023650026823303635
2,IQGAP3 (128239)_damaging,0.008773232826184236
2,NES (10763)_damaging,0.03214949160145411
2,INSRR (3645)_damaging,0.0
2,FCRL5 (83416)_damaging,0.004897053474235102
2,SPTA1 (6708)_damaging,0.9410930238386271
2,IGSF9 (57549)_damaging,0.004180132849445664
2,ADCY10 (55811)_damaging,0.0020619889186661287
2,F5 (2153)_damaging,0.0
2,FIRRM (55732)_damaging,0.0
2,TNR (7143)_damaging,0.03151183291114713
2,PAPPA2 (60676)_damaging,0.0
2,RASAL2 (9462)_damaging,0.0
2,ABL2 (27)_damaging,0.03143061674717284
2,AXDND1 (126859)_damaging,0.04659593896670049
2,TDRD5 (163589)_damaging,0.0
2,CEP350 (9857)_damaging,0.01208432117482831
2,CACNA1E (777)_damaging,0.13853705399049315
2,RGL1 (23179)_damaging,0.007458409920985825
2,HMCN1 (83872)_damaging,0.0
2,TPR (7175)_damaging,0.02092948193717877
2,BRINP3 (339479)_damaging,0.0
2,CFH (3075)_damaging,0.0
2,ASPM (259266)_damaging,0.0
2,CRB1 (23418)_damaging,0.002800315387123993
2,PTPRC (5788)_damaging,0.0
2,CAMSAP2 (23271)_damaging,0.050588065987007276
2,CACNA1S (779)_damaging,0.02172110011398565
2,IGFN1 (91156)_damaging,0.07817083466075701
2,NAV1 (89796)_damaging,0.0
2,ELF3 (1999)_damaging,0.04103620025675401
2,KDM5B (10765)_damaging,0.0
2,ATP2B4 (493)_damaging,0.0
2,PLEKHA6 (22874)_damaging,0.019754716016389447
2,PIK3C2B (5287)_damaging,0.0
2,NFASC (23114)_damaging,0.0
2,CR2 (1380)_damaging,0.0
2,CR1 (1378)_damaging,0.026414346323693133
2,PLXNA2 (5362)_damaging,0.0
2,PROX1 (5629)_damaging,0.0
2,PTPN14 (5784)_damaging,0.042256875763906396
2,CENPF (1063)_damaging,0.04814407573499593
2,USH2A (7399)_damaging,0.4924243034273037
2,DISP1 (84976)_damaging,0.007755917218184305
2,DNAH14 (127602)_damaging,0.20112804812671722
2,CDC42BPA (8476)_damaging,0.013036818517532005
2,OBSCN (84033)_damaging,0.0
2,H3-4 (8290)_damaging,0.0
2,SIPA1L2 (57568)_damaging,0.032741629311157316
2,PCNX2 (80003)_damaging,0.0
2,ARID4B (51742)_damaging,0.007007968953981305
2,LYST (1130)_damaging,0.0
2,RYR2 (6262)_damaging,0.14938033133955006
2,CHRM3 (1131)_damaging,0.0
2,FMN2 (56776)_damaging,0.01345913381112771
2,RGS7 (6000)_damaging,0.0
2,WDR64 (128025)_damaging,0.04570933333754318
2,KIF26B (55083)_damaging,0.0
2,AHCTF1 (25909)_damaging,0.017439320826233375
2,NLRP3 (114548)_damaging,0.11973397133815712
2,LARP4B (23185)_damaging,0.027741564830359364
2,TAF3 (83860)_damaging,0.051070955295001295
2,FRMD4A (55691)_damaging,0.03351358324615469
2,ITGA8 (8516)_damaging,0.08366439318859772
2,CUBN (8029)_damaging,0.026593541878748312
2,MRC1 (4360)_damaging,0.004427243525767906
2,MALRD1 (340895)_damaging,0.19703042312426192
2,PLXDC2 (84898)_damaging,0.005776935400302992
2,ARMC3 (219681)_damaging,0.0
2,GPR158 (57512)_damaging,0.0
2,MYO3A (53904)_damaging,0.019028720100944044
2,ANKRD26 (22852)_damaging,0.1506119934027454
2,ODAD2 (55130)_damaging,0.0
2,SVIL (6840)_damaging,0.05568120572407182
2,JCAD (57608)_damaging,0.08120556528184278
2,KIF5B (3799)_damaging,0.01024020276098884
2,PARD3 (56288)_damaging,0.0
2,ANKRD30A (91074)_damaging,0.0
2,RSU1P2 (100133308)_damaging,0.0
2,WDFY4 (57705)_damaging,0.0
2,C10orf71 (118461)_damaging,0.0
2,ERCC6 (2074)_damaging,0.0
2,PCDH15 (65217)_damaging,0.021986361509678577
2,ANK3 (288)_damaging,0.04659112733568485
2,ARID5B (84159)_damaging,0.07242904238963238
2,EGR2 (1959)_damaging,0.0
2,JMJD1C (221037)_damaging,0.0
2,CTNNA3 (29119)_damaging,0.0
2,MYPN (84665)_damaging,0.0
2,DNA2 (1763)_damaging,0.01728341749252992
2,CDH23 (64072)_damaging,0.054252807977544955
2,DLG5 (9231)_damaging,0.0
2,ZMIZ1 (57178)_damaging,0.0
2,NRG3 (10718)_damaging,0.20187743496948884
2,WAPL (23063)_damaging,0.0
2,PTEN (5728)_damaging,0.1491717846524947
2,STAMBPL1 (57559)_damaging,0.0
2,KIF20B (9585)_damaging,0.04429343081563003
2,MYOF (26509)_damaging,0.07204569053976041
2,PDE6C (5146)_damaging,0.0
2,PLCE1 (51196)_damaging,0.0
2,ZNF518A (9849)_damaging,0.05383254548125241
2,LCOR (84458)_damaging,0.01781804084011431
2,SLIT1 (6585)_damaging,0.0017192989877068351
2,LOXL4 (84171)_damaging,0.1675764247047858
2,SEC31B (25956)_damaging,0.0
2,PAX2 (5076)_damaging,0.0
2,SLF2 (55719)_damaging,0.013085304293777345
2,PPRC1 (23082)_damaging,0.0
2,NOLC1 (9221)_damaging,0.008922798751951554
2,CNNM2 (54805)_damaging,0.023957446443066244
2,SLK (9748)_damaging,0.5995013505860455
2,COL17A1 (1308)_damaging,0.06386112221080942
2,SORCS3 (22986)_damaging,0.0
2,SORCS1 (114815)_damaging,0.0
2,SMC3 (9126)_damaging,0.01291139797434771
2,GPAM (57678)_damaging,0.0
2,TCF7L2 (6934)_damaging,0.0
2,ATRNL1 (26033)_damaging,0.0
2,PDZD8 (118987)_damaging,0.0421816617823111
2,TACC2 (10579)_damaging,0.008576817944082698
2,DMBT1 (1755)_damaging,0.3483314545618266
2,DOCK1 (1793)_damaging,0.004049240820960371
2,MKI67 (4288)_damaging,0.08136002400661052
2,JAKMIP3 (282973)_damaging,0.028733466140806387
2,CFAP46 (54777)_damaging,0.0
2,B4GALNT4 (338707)_damaging,0.0260321710315124
2,PKP3 (11187)_damaging,0.0
2,PHRF1 (57661)_damaging,0.0
2,MUC6 (4588)_damaging,0.008475512934718061
2,MUC5AC (4586)_damaging,0.17399858823581096
2,MUC5B (727897)_damaging,0.03333842359883477
2,BRSK2 (9024)_damaging,0.0
2,KCNQ1 (3784)_damaging,0.0
2,NUP98 (4928)_damaging,0.03310131429698365
2,OR51E2 (81285)_damaging,0.0
2,DNHD1 (144132)_damaging,0.07425581509845323
2,DCHS1 (8642)_damaging,0.05838806020292207
2,IPO7 (10527)_damaging,0.0
2,SBF2 (81846)_damaging,0.07159046074578189
2,PLEKHA7 (144100)_damaging,0.038484304038526713
2,ABCC8 (6833)_damaging,0.17805784475568284
2,USH1C (10083)_damaging,0.012447296000521546
2,OTOG (340990)_damaging,0.026901797013385076
2,HPS5 (11234)_damaging,0.0
2,NAV2 (89797)_damaging,0.0
2,ANO5 (203859)_damaging,0.02372850091300258
2,ANO3 (63982)_damaging,0.35598402235747917
2,DCDC1 (341019)_damaging,0.0
2,CCDC73 (493860)_damaging,0.23773622668159805
2,QSER1 (79832)_damaging,0.0
2,CSTF3 (1479)_damaging,0.0
2,HIPK3 (10114)_damaging,0.01607566763142829
2,LRP4 (4038)_damaging,0.013496467970596086
2,FOLH1 (2346)_damaging,0.0
2,OR4P4 (81300)_damaging,0.0
2,TNKS1BP1 (85456)_damaging,0.09434631801837284
2,CTNND1 (1500)_damaging,0.0
2,AHNAK (79026)_damaging,0.016046113749099516
2,EML3 (256364)_damaging,0.014446147426491938
2,SLC3A2 (6520)_damaging,0.018795183653457653
2,PLCB3 (5331)_damaging,0.0
2,NRXN2 (9379)_damaging,0.0
2,PCNX3 (399909)_damaging,0.0
2,RIN1 (9610)_damaging,0.0
2,SHANK2 (22941)_damaging,0.3480714918326544
2,NUMA1 (4926)_damaging,0.0
2,INPPL1 (3636)_damaging,0.0736038606101495
2,ARHGEF17 (9828)_damaging,0.0
2,C2CD3 (26005)_damaging,0.0
2,MYO7A (4647)_damaging,0.0
2,RSF1 (51773)_damaging,0.0
2,GAB2 (9846)_damaging,0.0
2,TENM4 (26011)_damaging,0.25011809650381683
2,PCF11 (51585)_damaging,0.0
2,DLG2 (1740)_damaging,0.0
2,SYTL2 (54843)_damaging,0.035381789512306076
2,FAT3 (120114)_damaging,0.002444819003326024
2,CNTN5 (53942)_damaging,0.0173634435828443
2,MMP3 (4314)_damaging,0.24703306853839122
2,DYNC2H1 (79659)_damaging,0.020444899639088507
2,GRIA4 (2893)_damaging,0.019737476803604458
2,NPAT (4863)_damaging,0.007157968223033036
2,ATM (472)_damaging,0.19310178013721374
2,EXPH5 (23086)_damaging,0.009073885664277645
2,NKAPD1 (55216)_damaging,0.0
2,NCAM1 (4684)_damaging,0.0
2,USP28 (57646)_damaging,0.0
2,DSCAML1 (57453)_damaging,0.1220642165181647
2,KMT2A (4297)_damaging,0.04240088969761721
2,PHLDB1 (23187)_damaging,0.0
2,BCL9L (283149)_damaging,0.0
2,MFRP (83552)_damaging,0.0
2,ARHGEF12 (23365)_damaging,0.07169763915140634
2,TECTA (7007)_damaging,0.06282987492787025
2,SORL1 (6653)_damaging,0.0
2,ROBO3 (64221)_damaging,0.009337827822016032
2,ROBO4 (54538)_damaging,0.0
2,CCDC15 (80071)_damaging,0.018486790420058147
2,NFRKB (4798)_damaging,0.0
2,IGSF9B (22997)_damaging,0.0
2,GLB1L2 (89944)_damaging,0.0
2,LINC02714 (729305)_damaging,0.0
2,KDM5A (5927)_damaging,0.016322260543525344
2,WNK1 (65125)_damaging,0.03335601701855776
2,CACNA1C (775)_damaging,0.06568539077450324
2,VWF (7450)_damaging,0.0
2,CHD4 (1108)_damaging,0.0
2,ATN1 (1822)_damaging,0.0
2,A2ML1 (144568)_damaging,0.021242784476532005
2,A2M (2)_damaging,0.015108311403667375
2,GRIN2B (2904)_damaging,0.02430432044409052
2,ATF7IP (55729)_damaging,0.03359257878977905
2,GUCY2C (2984)_damaging,0.008335776788091826
2,EPS8 (2059)_damaging,0.0
2,PLEKHA5 (54477)_damaging,0.0
2,PDE3A (5139)_damaging,0.06804855329902909
2,SLCO1B3 (28234)_damaging,0.1375278383209747
2,RECQL (5965)_damaging,0.0
2,ABCC9 (10060)_damaging,0.6321542843889697
2,ITPR2 (3709)_damaging,0.0
2,OVCH1 (341350)_damaging,0.0
2,KIF21A (55605)_damaging,0.0
2,LRRK2 (120892)_damaging,0.0
2,MUC19 (283463)_damaging,0.10773907649797554
2,CNTN1 (1272)_damaging,0.02893088844408891
2,ADAMTS20 (80070)_damaging,0.0503965396549795
2,ARID2 (196528)_damaging,0.027943413318783243
2,COL2A1 (1280)_damaging,0.0
2,WNT1 (7471)_damaging,0.007917418771771703
2,KMT2D (8085)_damaging,0.5692756695245366
2,NCKAP5L (57701)_damaging,0.02889484764431383
2,DIP2B (57609)_damaging,0.0
2,MAP3K12 (7786)_damaging,0.0
2,PAN2 (9924)_damaging,0.0
2,STAT2 (6773)_damaging,0.0
2,NACA (4666)_damaging,0.10879066017635838
2,MYO1A (4640)_damaging,0.006480738140212275
2,STAT6 (6778)_damaging,0.000903996800104374
2,LRP1 (4035)_damaging,0.08390969126336309
2,R3HDM2 (22864)_damaging,0.0
2,GLI1 (2735)_damaging,0.004847333789187827
2,MBD6 (114785)_damaging,0.021764290906221853
2,XPOT (11260)_damaging,0.0
2,PTPRB (5787)_damaging,0.1706895443815011
2,ZFC3H1 (196441)_damaging,0.011270198221619133
2,E2F7 (144455)_damaging,0.0
2,NAV3 (89795)_damaging,0.0
2,OTOGL (283310)_damaging,0.04326206964820568
2,PTPRQ (374462)_damaging,0.06127463603391338
2,PPFIA2 (8499)_damaging,0.13220027750285634
2,LRRIQ1 (84125)_damaging,0.010883480778974247
2,CEP290 (80184)_damaging,0.03458189025321744
2,EPYC (1833)_damaging,0.0
2,PLXNC1 (10154)_damaging,0.0
2,CFAP54 (144535)_damaging,0.05889935080020637
2,ANKS1B (56899)_damaging,0.0
2,BLTP3B (23074)_damaging,0.010695452443823797
2,UTP20 (27340)_damaging,0.0
2,STAB2 (55576)_damaging,0.15978188000644655
2,HCFC2 (29915)_damaging,0.0
2,ALDH1L2 (160428)_damaging,0.0
2,ACACB (32)_damaging,0.01569317109907548
2,MVK (4598)_damaging,0.0
2,CUX2 (23316)_damaging,0.0
2,HECTD4 (283450)_damaging,0.0
2,DTX1 (1840)_damaging,0.0
2,NOS1 (4842)_damaging,0.0
2,HNF1A (6927)_damaging,0.0
2,KDM2B (84678)_damaging,0.011332241091023277
2,SETD1B (23067)_damaging,0.0
2,KNTC1 (9735)_damaging,0.0
2,HIP1R (9026)_damaging,0.0
2,MPHOSPH9 (10198)_damaging,0.0
2,DNAH10 (196385)_damaging,0.0
2,NCOR2 (9612)_damaging,0.0
2,TMEM132D (121256)_damaging,0.0
2,PIWIL1 (9271)_damaging,0.0
2,RIMBP2 (23504)_damaging,0.21952797425916662
2,SFSWAP (6433)_damaging,0.0
2,EP400 (57634)_damaging,0.011686816365862756
2,POLE (5426)_damaging,0.0
2,GOLGA3 (2802)_damaging,0.0
2,SACS (26278)_damaging,0.28593488160842107
2,RNF17 (56163)_damaging,0.04273038991638795
2,CENPJ (55835)_damaging,0.0
2,ATP8A2 (51761)_damaging,0.10467314124220457
2,PAN3 (255967)_damaging,0.012724763347023573
2,RXFP2 (122042)_damaging,0.0
2,FRY (10129)_damaging,0.27162031392704655
2,BRCA2 (675)_damaging,0.5549200289834922
2,PDS5B (23047)_damaging,1.3616123037905854
2,NBEA (26960)_damaging,0.0
2,FREM2 (341640)_damaging,0.12709439970151046
2,DGKH (160851)_damaging,0.04482584608857812
2,ERICH6B (220081)_damaging,0.013161749489642764
2,ZC3H13 (23091)_damaging,0.0
2,RUBCNL (80183)_damaging,0.010530573936549657
2,RB1 (5925)_damaging,1.7086510552412326
2,PCDH17 (27253)_damaging,0.037722860156340125
2,DIAPH3 (81624)_damaging,0.023936310286533286
2,KLHL1 (57626)_damaging,0.043196692681097555
2,DACH1 (1602)_damaging,0.0
2,TBC1D4 (9882)_damaging,0.0
2,MYCBP2 (23077)_damaging,0.01166484874672162
2,SLITRK5 (26050)_damaging,0.0
2,DOCK9 (23348)_damaging,0.0
2,NALCN (259232)_damaging,0.0
2,CCDC168 (643677)_damaging,0.01900733349463862
2,MYO16 (23026)_damaging,0.0
2,COL4A1 (1282)_damaging,0.0
2,COL4A2 (1284)_damaging,0.014450210398186777
2,TEP1 (7011)_damaging,0.0
2,ARHGEF40 (55701)_damaging,0.0
2,CHD8 (57680)_damaging,0.08913357147897934
2,AJUBA (84962)_damaging,0.4175552968185458
2,MYH7 (4625)_damaging,0.0
2,ZFHX2 (85446)_damaging,0.0
2,CARMIL3 (90668)_damaging,0.0
2,NYNRIN (57523)_damaging,0.02416418392563341
2,AKAP6 (9472)_damaging,0.011652710038876699
2,NPAS3 (64067)_damaging,0.0
2,RALGAPA1 (253959)_damaging,0.027575695462468505
2,MIPOL1 (145282)_damaging,0.012744118270055163
2,TTC6 (319089)_damaging,0.0
2,MIA2 (4253)_damaging,0.027238017696838326
2,TOGARAM1 (23116)_damaging,0.0
2,FANCM (57697)_damaging,0.011682419859439843
2,MDGA2 (161357)_damaging,0.2785172418958078
2,NIN (51199)_damaging,0.0
2,NID2 (22795)_damaging,0.0
2,KTN1 (3895)_damaging,0.010454839384379007
2,TMEM260 (54916)_damaging,0.021500107590684606
2,ARID4A (5926)_damaging,0.0
2,HIF1A (3091)_damaging,0.0
2,KCNH5 (27133)_damaging,0.01860978195563237
2,SYNE2 (23224)_damaging,0.26449277617666894
2,PCNX1 (22990)_damaging,0.0
2,MIDEAS (91748)_damaging,0.0
2,YLPM1 (56252)_damaging,0.0
2,MLH3 (27030)_damaging,0.037031722444156485
2,NRXN3 (9369)_damaging,0.013738446317594721
2,CEP128 (145508)_damaging,0.0
2,PTPN21 (11099)_damaging,0.0
2,ZC3H14 (79882)_damaging,0.13407797582858147
2,EML5 (161436)_damaging,0.0
2,CCDC88C (440193)_damaging,0.0
2,TRIP11 (9321)_damaging,0.19459172616128567
2,UNC79 (57578)_damaging,0.3026979445520534
2,ATG2B (55102)_damaging,0.0
2,RTL1 (388015)_damaging,0.006238427538640458
2,DYNC1H1 (1778)_damaging,0.10949311211611748
2,CDC42BPB (9578)_damaging,0.0
2,KIF26A (26153)_damaging,0.015422606941549578
2,INF2 (64423)_damaging,0.022078146032669162
2,AHNAK2 (113146)_damaging,0.0
2,MTA1 (9112)_damaging,0.05321031411358807
2,OCA2 (4948)_damaging,0.0
2,HERC2 (8924)_damaging,0.005199715661486421
2,TRPM1 (4308)_damaging,0.0011403490212796544
2,FMN1 (342184)_damaging,0.00018647707223708458
2,RYR3 (6263)_damaging,0.03427221731888328
2,SPRED1 (161742)_damaging,0.0
2,EIF2AK4 (440275)_damaging,0.012807340177142296
2,CCDC9B (388115)_damaging,0.0
2,INO80 (54617)_damaging,0.0
2,LTK (4058)_damaging,0.0
2,TYRO3 (7301)_damaging,0.5806264797376905
2,MGA (23269)_damaging,0.18580697765543136
2,SPTBN5 (51332)_damaging,0.0
2,ZNF106 (64397)_damaging,0.0496223820015676
2,STARD9 (57519)_damaging,0.2134698942081161
2,TP53BP1 (7158)_damaging,0.0
2,MAP1A (4130)_damaging,0.0
2,SPG11 (80208)_damaging,0.0
2,B2M (567)_damaging,0.02254720491693475
2,FBN1 (2200)_damaging,0.0
2,CEP152 (22995)_damaging,0.08424599544983143
2,USP8 (9101)_damaging,0.0
2,TRPM7 (54822)_damaging,0.0
2,DMXL2 (23312)_damaging,0.0
2,MYO5C (55930)_damaging,0.0
2,WDR72 (256764)_damaging,0.0
2,UNC13C (440279)_damaging,0.13697576647503595
2,RFX7 (64864)_damaging,0.08960731407824243
2,RNF111 (54778)_damaging,0.0
2,ICE2 (79664)_damaging,0.031421111020982224
2,VPS13C (54832)_damaging,0.0
2,TLN2 (83660)_damaging,0.01148676042660616
2,HERC1 (8925)_damaging,0.3581966792886033
2,ZNF609 (23060)_damaging,0.03448705214049638
2,CILP (8483)_damaging,0.0072137261147199065
2,DENND4A (10260)_damaging,0.08060437953685404
2,NOX5 (79400)_damaging,0.010304703672184235
2,MYO9A (4649)_damaging,0.06444128153241821
2,HCN4 (10021)_damaging,0.0
2,STRA6 (64220)_damaging,0.0
2,ARID3B (10620)_damaging,0.018516891148365383
2,SIN3A (25942)_damaging,0.536203498965805
2,PEAK1 (79834)_damaging,0.0
2,AP3B2 (8120)_damaging,0.26484076187319294
2,ADAMTSL3 (57188)_damaging,0.15586026936626524
2,AKAP13 (11214)_damaging,0.0
2,TICRR (90381)_damaging,0.0
2,KIF7 (374654)_damaging,0.4133015717858502
2,IQGAP1 (8826)_damaging,0.0
2,BLM (641)_damaging,0.01732113928679871
2,CHD2 (1106)_damaging,0.0
2,LRRK1 (79705)_damaging,0.04256742964139266
2,AXIN1 (8312)_damaging,0.0
2,WDR90 (197335)_damaging,0.0
2,CACNA1H (8912)_damaging,0.0
2,UNKL (64718)_damaging,0.0
2,CRAMP1 (57585)_damaging,0.0
2,TSC2 (7249)_damaging,0.0
2,PKD1 (5310)_damaging,0.15628404339707413
2,CASKIN1 (57524)_damaging,0.0
2,SLX4 (84464)_damaging,0.05163502607635082
2,CREBBP (1387)_damaging,0.9375001922131806
2,CORO7 (79585)_damaging,0.04676236057516307
2,GRIN2A (2903)_damaging,0.0
2,SMG1 (23049)_damaging,0.013329641405927321
2,KNOP1 (400506)_damaging,0.20475966392318892
2,DNAH3 (55567)_damaging,0.0
2,SCNN1B (6338)_damaging,0.0
2,PALB2 (79728)_damaging,0.0
2,ERN2 (10595)_damaging,0.0017066746493796451
2,RBBP6 (5930)_damaging,0.0
2,TNRC6A (27327)_damaging,0.08871985918877776
2,ARHGAP17 (55114)_damaging,0.0
2,GTF3C1 (2975)_damaging,0.03453957504696645
2,ATXN2L (11273)_damaging,0.0
2,FBRS (64319)_damaging,0.024945878296678874
2,SRCAP (10847)_damaging,0.0
2,SETD1A (9739)_damaging,0.023396920296386486
2,ITGAD (3681)_damaging,0.0126792730457416
2,SALL1 (6299)_damaging,0.0
2,CHD9 (80205)_damaging,0.0228537328380857
2,RBL2 (5934)_damaging,0.0
2,NLRC5 (84166)_damaging,0.0
2,CNGB1 (1258)_damaging,0.005771093274758211
2,CDH8 (1006)_damaging,0.01843258431245231
2,CDH11 (1009)_damaging,0.0
2,CDH16 (1014)_damaging,0.0
2,CTCF (10664)_damaging,0.10567710613731619
2,CDH1 (999)_damaging,0.019310471976339453
2,MTSS2 (92154)_damaging,0.0
2,DHX38 (9785)_damaging,0.0
2,ZFHX3 (463)_damaging,0.0
2,GLG1 (2734)_damaging,0.12930043350849632
2,CNTNAP4 (85445)_damaging,0.0
2,ADAMTS18 (170692)_damaging,0.0
2,PKD1L2 (114780)_damaging,0.02074419962846912
2,TAF1C (9013)_damaging,0.04204844386469636
2,GSE1 (23199)_damaging,0.0
2,IRF8 (3394)_damaging,0.1619555238580297
2,ZNF469 (84627)_damaging,0.03361442363065647
2,ZC3H18 (124245)_damaging,0.026777999183814318
2,LINC02138 (400558)_damaging,0.03789077751166651
2,CDH15 (1013)_damaging,0.04765518489293876
2,ANKRD11 (29123)_damaging,0.0
2,VPS9D1 (9605)_damaging,0.04743878701891597
2,FANCA (2175)_damaging,0.018821967505918937
2,WDR81 (124997)_damaging,0.027070490009848385
2,CLUH (23277)_damaging,0.0
2,SPATA22 (84690)_damaging,0.0
2,ZZEF1 (23140)_damaging,0.0
2,CAMTA2 (23125)_damaging,0.0
2,USP6 (9098)_damaging,0.017471593737058425
2,GPS2 (2874)_damaging,0.025424242144626765
2,FXR2 (9513)_damaging,0.0
2,TP53 (7157)_damaging,14.755758727856
2,EFNB3 (1949)_damaging,0.0
2,DNAH2 (146754)_damaging,0.07758334117750333
2,KDM6B (23135)_damaging,0.03876271615576384
2,CHD3 (1107)_damaging,0.0032679446810869794
2,PER1 (5187)_damaging,0.0
2,CTC1 (80169)_damaging,0.011751622845196876
2,PFAS (5198)_damaging,0.0
2,MYH13 (8735)_damaging,0.04655779873581008
2,MYH8 (4626)_damaging,0.08205111669528217
2,MYH4 (4622)_damaging,0.06207315657599152
2,MYH1 (4619)_damaging,0.39279866080128256
2,MYH2 (4620)_damaging,0.0
2,DNAH9 (1770)_damaging,0.1621688763587845
2,MAP2K4 (6416)_damaging,0.010867727993206759
2,MYOCD (93649)_damaging,0.006628069995004845
2,NCOR1 (9611)_damaging,0.0
2,MPRIP (23164)_damaging,0.0
2,FLCN (201163)_damaging,0.0
2,MYO15A (51168)_damaging,0.03404570332483704
2,SPECC1 (92521)_damaging,0.0
2,KSR1 (8844)_damaging,0.0
2,MYO18A (399687)_damaging,0.014249083699490447
2,SSH2 (85464)_damaging,0.03498804981424142
2,EFCAB5 (374786)_damaging,0.0
2,NSRP1 (84081)_damaging,0.013119820659923197
2,CPD (1362)_damaging,0.0
2,ATAD5 (79915)_damaging,0.037607398271141235
2,NF1 (4763)_damaging,0.007260170652544279
2,SUZ12 (23512)_damaging,0.06981351095850782
2,SLFN11 (91607)_damaging,0.19424620717365032
2,GGNBP2 (79893)_damaging,0.016889763024395838
2,ACACA (31)_damaging,0.0
2,GPR179 (440435)_damaging,0.0
2,ARHGAP23 (57636)_damaging,0.005610397020055304
2,SRCIN1 (80725)_damaging,0.03428333455883832
2,TOP2A (7153)_damaging,0.013736220142786248
2,KCNH4 (23415)_damaging,0.0
2,STAT5B (6777)_damaging,0.0
2,BRCA1 (672)_damaging,0.0
2,HDAC5 (10014)_damaging,0.0
2,ITGA2B (3674)_damaging,0.24195321572038866
2,KANSL1 (284058)_damaging,0.1531578285054321
2,HOXB3 (3213)_damaging,0.017760009500924538
2,COL1A1 (1277)_damaging,0.011203323735310279
2,CACNA1G (8913)_damaging,0.0
2,ANKFN1 (162282)_damaging,0.0
2,TSPOAP1 (9256)_damaging,0.0771505522397625
2,RNF43 (54894)_damaging,0.41467549106894513
2,PPM1D (8493)_damaging,0.0
2,TBX4 (9496)_damaging,0.0
2,MED13 (9969)_damaging,0.0
2,MRC2 (9902)_damaging,0.017445106495334907
2,SCN4A (6329)_damaging,0.09531701610823999
2,GNA13 (10672)_damaging,0.029299955706693723
2,AXIN2 (8313)_damaging,0.012115660014315915
2,HELZ (9931)_damaging,0.0
2,NOL11 (25926)_damaging,0.0009169527788807968
2,BPTF (2186)_damaging,0.0
2,ABCA8 (10351)_damaging,0.0
2,ABCA9 (10350)_damaging,0.6947751916598666
2,ABCA6 (23460)_damaging,0.02786310533472122
2,ABCA10 (10349)_damaging,0.035202226032657
2,ABCA5 (23461)_damaging,0.03319143783360301
2,SOX9 (6662)_damaging,0.024400065871586267
2,SDK2 (54549)_damaging,0.014443020520271034
2,TMEM94 (9772)_damaging,0.0
2,CASKIN2 (57513)_damaging,0.0
2,MYO15B (80022)_damaging,0.0
2,ITGB4 (3691)_damaging,0.12208359463289313
2,TNRC6C (57690)_damaging,0.0
2,DNAH17 (8632)_damaging,0.0
2,RPTOR (57521)_damaging,0.01801330217607523
2,BAHCC1 (57597)_damaging,0.0
2,FASN (2194)_damaging,0.0
2,SMCHD1 (23347)_damaging,0.0
2,EPB41L3 (23136)_damaging,0.0
2,LAMA1 (284217)_damaging,0.0
2,MTCL1 (23255)_damaging,0.0
2,ANKRD12 (23253)_damaging,0.0
2,PIEZO2 (63895)_damaging,0.0
2,ANKRD30B (374860)_damaging,0.04486146166261442
2,ROCK1 (6093)_damaging,0.1311236836331075
2,LAMA3 (3909)_damaging,0.0
2,OSBPL1A (114876)_damaging,0.03980819791357048
2,ZNF521 (25925)_damaging,0.0
2,CCDC178 (374864)_damaging,0.027901731997075557
2,ASXL3 (80816)_damaging,0.024308005814793518
2,FHOD3 (80206)_damaging,0.13074684620153246
2,SYT4 (6860)_damaging,0.09930472427708525
2,SETBP1 (26040)_damaging,0.0
2,LOXHD1 (125336)_damaging,0.0
2,SKOR2 (652991)_damaging,0.13769010991099517
2,ZBTB7C (201501)_damaging,0.012059490449396044
2,SMAD4 (4089)_damaging,0.0
2,DCC (1630)_damaging,0.01686322984168244
2,WDR7 (23335)_damaging,0.08664114769930042
2,ALPK2 (115701)_damaging,0.0
2,CDH7 (1005)_damaging,0.09229399475802741
2,DSEL (92126)_damaging,0.0
2,RTTN (25914)_damaging,0.02450831126699556
2,ZNF236 (7776)_damaging,0.0
2,SALL3 (27164)_damaging,0.0
2,ATP9B (374868)_damaging,0.0
2,KCNG2 (26251)_damaging,0.0705083845190304
2,ABCA7 (10347)_damaging,0.0
2,STK11 (6794)_damaging,0.45791413910583006
2,DAZAP1 (26528)_damaging,0.004611238059024315
2,TCF3 (6929)_damaging,0.05092624212915593
2,REXO1 (57455)_damaging,0.0
2,DOT1L (84444)_damaging,0.026252083090026263
2,ZBTB7A (51341)_damaging,0.0
2,TICAM1 (148022)_damaging,0.005544576307523261
2,KDM4B (23030)_damaging,0.15908482189044185
2,PTPRS (5802)_damaging,0.026831821161687815
2,SAFB2 (9667)_damaging,0.0
2,SAFB (6294)_damaging,0.0353267737215932
2,CAMSAP3 (57662)_damaging,0.36253253259313944
2,MAP2K7 (5609)_damaging,0.02042115072215605
2,FBN3 (84467)_damaging,0.034798974145282435
2,MUC16 (94025)_damaging,0.112916903059404
2,COL5A3 (50509)_damaging,0.0
2,DNMT1 (1786)_damaging,0.008347968288420667
2,KEAP1 (9817)_damaging,0.05276084025788534
2,DNM2 (1785)_damaging,0.082046002597165
2,SMARCA4 (6597)_damaging,0.0
2,CACNA1A (773)_damaging,0.0
2,NOTCH3 (4854)_damaging,0.0
2,WIZ (58525)_damaging,0.06475947695172454
2,NWD1 (284434)_damaging,0.020282097969647937
2,SIN3B (23309)_damaging,0.0
2,CPAMD8 (27151)_damaging,0.004631917366044518
2,CRLF1 (9244)_damaging,0.07284133554952579
2,ZNF90 (7643)_damaging,0.0
2,ZNF43 (7594)_damaging,0.0
2,ZNF208 (7757)_damaging,0.11657544976595038
2,ZNF729 (100287226)_damaging,0.027276103829235565
2,ZNF99 (7652)_damaging,0.0
2,ZNF536 (9745)_damaging,0.05621488167790479
2,TSHZ3 (57616)_damaging,0.0
2,KMT2B (9757)_damaging,0.0
2,ARHGAP33 (115703)_damaging,0.0
2,WDR87 (83889)_damaging,0.0
2,SIPA1L3 (23094)_damaging,0.0
2,RYR1 (6261)_damaging,0.0
2,CAPN12 (147968)_damaging,0.25574048661473425
2,FCGBP (8857)_damaging,0.12477479290291076
2,SPTBN4 (57731)_damaging,0.0
2,AXL (558)_damaging,0.0
2,ARHGEF1 (9138)_damaging,0.06546196486395818
2,ERF (2077)_damaging,0.0
2,CIC (23152)_damaging,0.04692263760797606
2,MEGF8 (1954)_damaging,0.0
2,MARK4 (57787)_damaging,0.1327297415574495
2,ARHGAP35 (2909)_damaging,0.02152008751263643
2,ZC3H4 (23211)_damaging,0.03982727927092867
2,BICRA (29998)_damaging,0.08532994096872029
2,GRIN2D (2906)_damaging,0.030886073447019616
2,LMTK3 (114783)_damaging,0.3472964670941878
2,TRPM4 (54795)_damaging,0.0
2,PRR12 (57479)_damaging,0.0387832655474228
2,SCAF1 (58506)_damaging,0.0
2,MYH14 (79784)_damaging,0.0
2,POLD1 (5424)_damaging,0.0
2,SHANK1 (50944)_damaging,0.038978176162754896
2,NLRP7 (199713)_damaging,0.0
2,BRSK1 (84446)_damaging,0.18714506503341122
2,SSC5D (284297)_damaging,0.0
2,NLRP9 (338321)_damaging,0.0
2,NLRP4 (147945)_damaging,0.0
2,PEG3 (5178)_damaging,0.002037907030541873
2,ZIM3 (114026)_damaging,0.01072789295623759
2,TPO (7173)_damaging,0.0
2,PXDN (7837)_damaging,0.0
2,MYT1L (23040)_damaging,0.11319910589472008
2,GREB1 (9687)_damaging,0.0
2,NBAS (51594)_damaging,0.1803675629713411
2,RAD51AP2 (729475)_damaging,0.0
2,APOB (338)_damaging,0.0
2,TDRD15 (100129278)_damaging,0.0
2,ATAD2B (54454)_damaging,0.0
2,ITSN2 (50618)_damaging,0.0
2,DNMT3A (1788)_damaging,0.0
2,ASXL2 (55252)_damaging,0.0025890052533914577
2,OTOF (9381)_damaging,0.0
2,EMILIN1 (11117)_damaging,0.0
2,CAD (790)_damaging,0.0
2,SPATA31H1 (84226)_damaging,0.0
2,ALK (238)_damaging,0.0
2,BIRC6 (57448)_damaging,0.0
2,LTBP1 (4052)_damaging,0.0
2,ZFP36L2 (678)_damaging,0.2109887520814135
2,THADA (63892)_damaging,0.013965865986603354
2,MSH2 (4436)_damaging,0.015204305609783775
2,MSH6 (2956)_damaging,0.0
2,NRXN1 (9378)_damaging,0.02938975057984678
2,SPTBN1 (6711)_damaging,0.0
2,EML6 (400954)_damaging,0.0
2,CCDC88A (55704)_damaging,0.3694665503769873
2,USP34 (9736)_damaging,0.0
2,C2orf42 (54980)_damaging,0.0
2,ZNF638 (27332)_damaging,0.0
2,DYSF (8291)_damaging,0.0
2,ALMS1 (7840)_damaging,0.007651576384740961
2,C2orf78 (388960)_damaging,0.09192338224460408
2,LOXL3 (84695)_damaging,0.010016536611154684
2,CTNNA2 (1496)_damaging,0.163425255463819
2,DNAH6 (1768)_damaging,0.264406867223956
2,PROM2 (150696)_damaging,0.0
2,ANKRD36C (400986)_damaging,0.1270951452032652
2,TMEM131 (23505)_damaging,0.0
2,VWA3B (200403)_damaging,0.0
2,CRACDL (343990)_damaging,0.009458624712132562
2,EIF5B (9669)_damaging,0.02846790067044071
2,REV1 (51455)_damaging,0.0
2,MAP4K4 (9448)_damaging,0.0
2,SLC5A7 (60482)_damaging,0.004813491964424605
2,GCC2 (9648)_damaging,0.0
2,DPP10 (57628)_damaging,0.17823718631572658
2,MARCO (8685)_damaging,0.002225279728263641
2,EPB41L5 (57669)_damaging,0.0036202807328751347
2,CNTNAP5 (129684)_damaging,0.1813896074051387
2,WDR33 (55339)_damaging,0.005061670796419986
2,UGGT1 (56886)_damaging,0.0
2,AMER3 (205147)_damaging,0.0
2,ARHGEF4 (50649)_damaging,0.0
2,NCKAP5 (344148)_damaging,0.0
2,THSD7B (80731)_damaging,0.2231905916400643
2,LRP1B (53353)_damaging,0.49466897889043104
2,ACVR2A (92)_damaging,0.0649414869942581
2,KIF5C (3800)_damaging,0.0
2,RIF1 (55183)_damaging,0.0
2,NEB (4703)_damaging,0.5424768496072101
2,GALNT13 (114805)_damaging,0.006862876701225105
2,BAZ2B (29994)_damaging,0.0
2,LY75 (4065)_damaging,0.026186431336595765
2,PLA2R1 (22925)_damaging,0.0
2,SLC4A10 (57282)_damaging,0.007517907619449427
2,KCNH7 (90134)_damaging,0.02812234506511441
2,FIGN (55137)_damaging,0.0
2,SCN3A (6328)_damaging,0.0
2,SCN2A (6326)_damaging,0.28841597703356503
2,TTC21B (79809)_damaging,0.0
2,SCN1A (6323)_damaging,0.006019538689838303
2,SCN9A (6335)_damaging,0.04511595555781881
2,SCN7A (6332)_damaging,0.028481923327426585
2,XIRP2 (129446)_damaging,0.0
2,LRP2 (4036)_damaging,0.19449637658434668
2,PPIG (9360)_damaging,0.16010320502461728
2,MYO3B (140469)_damaging,0.0
2,TTN (7273)_damaging,0.8200352305295622
2,CCDC141 (285025)_damaging,0.006102173157016581
2,ITGA4 (3676)_damaging,0.0
2,FSIP2 (401024)_damaging,0.05179611018694163
2,COL3A1 (1281)_damaging,0.025964648206633495
2,COL5A2 (1290)_damaging,0.0
2,ANKAR (150709)_damaging,0.016554743514094923
2,MYO1B (4430)_damaging,0.0679327490659858
2,DNAH7 (56171)_damaging,0.04445655776085629
2,HECW2 (57520)_damaging,0.013579456315798244
2,PLCL1 (5334)_damaging,0.0
2,SGO2 (151246)_damaging,0.0
2,AOX1 (316)_damaging,0.1097936746130999
2,CASP8 (841)_damaging,0.0
2,BMPR2 (659)_damaging,0.0
2,NBEAL1 (65065)_damaging,0.0
2,PARD3B (117583)_damaging,0.0
2,INO80D (54891)_damaging,0.010779299127292846
2,ZDBF2 (57683)_damaging,0.0
2,ADAM23 (8745)_damaging,0.0
2,MAP2 (4133)_damaging,0.0
2,UNC80 (285175)_damaging,0.017024617930810858
2,KANSL1L (151050)_damaging,0.0
2,CPS1 (1373)_damaging,0.04484608750713987
2,ERBB4 (2066)_damaging,0.0
2,ABCA12 (26154)_damaging,0.141838911356341
2,FN1 (2335)_damaging,0.02338418839492583
2,TNS1 (7145)_damaging,0.0
2,CFAP65 (255101)_damaging,0.0
2,SLC23A3 (151295)_damaging,0.0
2,SPEG (10290)_damaging,0.2527338626384154
2,OBSL1 (23363)_damaging,0.0
2,SLC4A3 (6508)_damaging,0.132405791812681
2,DOCK10 (55619)_damaging,0.0
2,NYAP2 (57624)_damaging,0.001348164879269371
2,IRS1 (3667)_damaging,0.0
2,COL4A4 (1286)_damaging,0.23210469932130848
2,SPHKAP (80309)_damaging,0.016936427636948227
2,MROH2A (339766)_damaging,0.1550414876722253
2,COL6A3 (1293)_damaging,0.00909794457217426
2,RBM44 (375316)_damaging,0.0
2,HDAC4 (9759)_damaging,0.0
2,KIF1A (547)_damaging,0.0
2,TGM6 (343641)_damaging,0.0
2,FASTKD5 (60493)_damaging,0.27962261155651363
2,PLCB4 (5332)_damaging,0.0
2,ESF1 (51575)_damaging,0.006578622153804437
2,SEL1L2 (80343)_damaging,0.0
2,RALGAPA2 (57186)_damaging,0.0
2,ASXL1 (171023)_damaging,0.3906834339178703
2,NCOA6 (23054)_damaging,0.038546279318532536
2,MYH7B (57644)_damaging,0.014441764530193293
2,CEP250 (11190)_damaging,0.0
2,SAMHD1 (25939)_damaging,0.0
2,KIAA1755 (85449)_damaging,0.06235823682769323
2,RALGAPB (57148)_damaging,0.0035211031402955896
2,CHD6 (84181)_damaging,0.0
2,PTPRT (11122)_damaging,0.048928879076056454
2,NCOA3 (8202)_damaging,0.0
2,DDX27 (55661)_damaging,0.038576466724429485
2,KCNB1 (3745)_damaging,0.0
2,ADNP (23394)_damaging,0.0
2,SALL4 (57167)_damaging,0.0
2,GNAS (2778)_damaging,0.0
2,ZNF831 (128611)_damaging,0.002974344959807115
2,SYCP2 (10388)_damaging,0.0
2,LAMA5 (3911)_damaging,0.05449671589835435
2,DIDO1 (11083)_damaging,0.08415458179489752
2,COL20A1 (57642)_damaging,0.0
2,HELZ2 (85441)_damaging,0.052649486787126776
2,TPTE (7179)_damaging,0.006049856424705894
2,NRIP1 (8204)_damaging,0.0623730276593813
2,ADAMTS5 (11096)_damaging,0.06079874306194814
2,LTN1 (26046)_damaging,0.08861668893479543
2,SCAF4 (57466)_damaging,0.3802966354230518
2,ITSN1 (6453)_damaging,0.009081507331329832
2,RUNX1 (861)_damaging,0.0
2,DOP1B (9980)_damaging,0.129964560918662
2,BRWD1 (54014)_damaging,0.04539054254186158
2,DSCAM (1826)_damaging,0.1527083554214969
2,ZBTB21 (49854)_damaging,0.0
2,UMODL1 (89766)_damaging,0.0
2,COL18A1 (80781)_damaging,0.02665763679890882
2,COL6A1 (1291)_damaging,0.0
2,MCM3AP (8888)_damaging,0.00018832086731286848
2,PCNT (5116)_damaging,0.012040143625304287
2,CECR2 (27443)_damaging,0.017119375091149632
2,ZDHHC8 (29801)_damaging,0.003609319326532818
2,MED15 (51586)_damaging,0.0
2,LZTR1 (8216)_damaging,0.023355180408707515
2,SMARCB1 (6598)_damaging,0.0
2,MYO18B (84700)_damaging,0.0
2,MN1 (4330)_damaging,0.0
2,CHEK2 (11200)_damaging,0.0
2,ZNRF3 (84133)_damaging,0.0
2,NF2 (4771)_damaging,0.11938192814321527
2,MTMR3 (8897)_damaging,0.15242560390029586
2,PRR14L (253143)_damaging,0.04492245674436279
2,DEPDC5 (9681)_damaging,0.0030043313452862925
2,RTCB (51493)_damaging,0.0
2,MYH9 (4627)_damaging,0.0
2,CSF2RB (1439)_damaging,0.23422708525884803
2,TRIOBP (11078)_damaging,0.0
2,CACNA1I (8911)_damaging,0.0
2,TNRC6B (23112)_damaging,0.05928087211871851
2,EP300 (2033)_damaging,0.21480036821621618
2,ZC3H7B (23264)_damaging,0.0
2,MEI1 (150365)_damaging,0.02157875892769169
2,TCF20 (6942)_damaging,0.0
2,SMC1B (27127)_damaging,0.0
2,PKDREJ (10343)_damaging,0.0
2,CELSR1 (9620)_damaging,0.0
2,PLXNB2 (23654)_damaging,0.010774714652477577
2,PPP6R2 (9701)_damaging,0.0
2,SBF1 (6305)_damaging,0.0
2,KLHDC7B (113730)_damaging,0.034900815459532455
2,CHL1 (10752)_damaging,0.03275695115896377
2,CNTN6 (27255)_damaging,0.0
2,CNTN4 (152330)_damaging,0.01995714986473669
2,GRM7 (2917)_damaging,0.0031372692636004802
2,VHL (7428)_damaging,0.06065931140397146
2,NUP210 (23225)_damaging,0.0
2,TGFBR2 (7048)_damaging,0.0761699173924162
2,CLASP2 (23122)_damaging,0.0
2,TRANK1 (9881)_damaging,0.01267485312627217
2,MLH1 (4292)_damaging,0.0
2,GOLGA4 (2803)_damaging,0.023697592206810968
2,DLEC1 (9940)_damaging,0.0
2,SCN5A (6331)_damaging,0.0
2,SCN10A (6336)_damaging,0.0
2,SCN11A (11280)_damaging,0.0
2,NKTR (4820)_damaging,0.0
2,TOPAZ1 (375337)_damaging,0.0
2,KIF15 (56992)_damaging,0.0069008805058721695
2,SETD2 (29072)_damaging,0.010893158501507407
2,PTPN23 (25930)_damaging,0.03888494381924978
2,PLXNB1 (5364)_damaging,0.0
2,COL7A1 (1294)_damaging,0.12448705902641644
2,CELSR3 (1951)_damaging,0.0
2,RHOA (387)_damaging,0.0
2,BSN (8927)_damaging,0.016671400998816133
2,RBM6 (10180)_damaging,0.03613913988151825
2,DOCK3 (1795)_damaging,0.0
2,DNAH1 (25981)_damaging,0.0
2,BAP1 (8314)_damaging,0.032634899661654455
2,STAB1 (23166)_damaging,0.029280281643451
2,PBRM1 (55193)_damaging,0.04043264608066613
2,CACNA1D (776)_damaging,0.0
2,DNAH12 (201625)_damaging,0.17889966157230644
2,FLNB (2317)_damaging,0.012379297421096731
2,PTPRG (5793)_damaging,0.06505846030664407
2,ATXN7 (6314)_damaging,0.0
2,ADAMTS9 (56999)_damaging,0.017122722147726765
2,ROBO2 (6092)_damaging,0.0
2,ROBO1 (6091)_damaging,0.0
2,EPHA3 (2042)_damaging,0.001409287004839475
2,EPHA6 (285220)_damaging,0.0
2,CRYBG3 (131544)_damaging,0.02226554239882511
2,FILIP1L (11259)_damaging,0.0
2,ABI3BP (25890)_damaging,0.0
2,MYH15 (22989)_damaging,0.021381187377196825
2,DZIP3 (9666)_damaging,0.0
2,MORC1 (27136)_damaging,0.04086822007911534
2,NECTIN3 (25945)_damaging,0.008886716260326976
2,PHLDB2 (90102)_damaging,0.0
2,CFAP44 (55779)_damaging,0.0
2,ZBTB20 (26137)_damaging,0.10107729849475075
2,CFAP91 (89876)_damaging,0.5019058077759321
2,POLQ (10721)_damaging,0.0
2,GOLGB1 (2804)_damaging,0.009105227875479445
2,PARP14 (54625)_damaging,0.0
2,KALRN (8997)_damaging,0.7603074836960548
2,COL6A5 (256076)_damaging,0.00872784783939327
2,COL6A6 (131873)_damaging,0.0
2,DNAJC13 (23317)_damaging,0.0
2,TOPBP1 (11073)_damaging,0.013716487421686414
2,RASA2 (5922)_damaging,0.03151560428753046
2,XRN1 (54464)_damaging,0.0
2,ATR (545)_damaging,0.5401915385050318
2,MED12L (116931)_damaging,0.04280934165005416
2,IGSF10 (285313)_damaging,0.0
2,ARHGEF26 (26084)_damaging,0.0318180291139716
2,MME (4311)_damaging,0.010866606007797937
2,SMC4 (10051)_damaging,0.04228496423944753
2,SI (6476)_damaging,0.026816024884660547
2,BCHE (590)_damaging,0.10318088814318521
2,ZBBX (79740)_damaging,0.0
2,MECOM (2122)_damaging,0.0
2,TNIK (23043)_damaging,0.049260675607009204
2,PLD1 (5337)_damaging,0.0
2,SPATA16 (83893)_damaging,0.0
2,USP13 (8975)_damaging,0.0
2,ABCC5 (10057)_damaging,0.018803126626913087
2,MUC4 (4585)_damaging,0.0
2,TNK2 (10188)_damaging,0.0
2,GAK (2580)_damaging,0.0
2,NSD2 (7468)_damaging,0.09857027360793864
2,FAM193A (8603)_damaging,0.0
2,HTT (3064)_damaging,0.034989875414427454
2,JAKMIP1 (152789)_damaging,0.016252110482654458
2,UNC93B7 (100887746)_damaging,0.0
2,BOD1L1 (259282)_damaging,0.14288145914883182
2,CPEB2 (132864)_damaging,0.0159657934998748
2,SLIT2 (9353)_damaging,0.0
2,PCDH7 (5099)_damaging,0.0
2,ARAP2 (116984)_damaging,0.03631612466917362
2,LIMCH1 (22998)_damaging,0.0
2,BEND4 (389206)_damaging,0.03295019531924004
2,ATP8A1 (10396)_damaging,0.0
2,CORIN (10699)_damaging,0.0002760509001422122
2,FRYL (285527)_damaging,0.015535935167858212
2,KDR (3791)_damaging,0.0
2,CRACD (57482)_damaging,0.05145011115654126
2,POLR2B (5431)_damaging,0.0
2,ADGRL3 (23284)_damaging,0.0
2,EPHA5 (2044)_damaging,0.0
2,CENPC (1060)_damaging,0.11513791965321808
2,UGT2B4 (7363)_damaging,0.0011373030465045388
2,ADAMTS3 (9508)_damaging,0.0
2,SHROOM3 (57619)_damaging,0.0
2,FRAS1 (80144)_damaging,0.0
2,WDFY3 (23001)_damaging,0.28079664315228503
2,ARHGAP24 (83478)_damaging,0.0
2,PTPN13 (5783)_damaging,0.0
2,AFF1 (4299)_damaging,0.017624815061003347
2,MMRN1 (22915)_damaging,0.16607076875588242
2,GRID2 (2895)_damaging,0.0
2,SMARCAD1 (56916)_damaging,0.18503529892384157
2,UNC5C (8633)_damaging,0.0
2,TET2 (54790)_damaging,0.0
2,TBCK (93627)_damaging,0.17471533127898406
2,COL25A1 (84570)_damaging,0.0
2,ZGRF1 (55345)_damaging,0.1758890068496661
2,ANK2 (287)_damaging,0.0
2,NDST4 (64579)_damaging,0.005364020466636648
2,BLTP1 (84162)_damaging,0.23323359610689073
2,FAT4 (79633)_damaging,0.14250389154413262
2,SCLT1 (132320)_damaging,0.0
2,PCDH10 (57575)_damaging,0.013595016330133661
2,NAA15 (80155)_damaging,0.0
2,LRBA (987)_damaging,0.0
2,FBXW7 (55294)_damaging,0.2493488207092268
2,FHDC1 (85462)_damaging,0.0
2,DCHS2 (54798)_damaging,0.0
2,MAP9 (79884)_damaging,0.0
2,GRIA2 (2891)_damaging,0.0
2,RXFP1 (59350)_damaging,0.0
2,RAPGEF2 (9693)_damaging,0.053422176683964616
2,FSTL5 (56884)_damaging,0.0
2,DDX60 (55601)_damaging,0.03243859624612807
2,CLCN3 (1182)_damaging,0.0
2,HAND2 (9464)_damaging,0.0
2,WDR17 (116966)_damaging,0.02275819026167294
2,TENM3 (55714)_damaging,0.0
2,WWC2 (80014)_damaging,0.020804310669859504
2,SORBS2 (8470)_damaging,0.0
2,FAT1 (2195)_damaging,0.036473925612605575
2,SDHA (6389)_damaging,0.005246939975479677
2,SLC12A7 (10723)_damaging,0.0
2,SLC6A19 (340024)_damaging,0.0
2,TERT (7015)_damaging,0.37081938629147687
2,ADAMTS16 (170690)_damaging,0.0
2,ICE1 (23379)_damaging,0.0
2,SEMA5A (9037)_damaging,0.07486872980219798
2,DNAH5 (1767)_damaging,0.09402439183729588
2,TRIO (7204)_damaging,0.02143552551678017
2,MYO10 (4651)_damaging,0.0
2,CDH18 (1016)_damaging,0.0
2,CDH12 (1010)_damaging,0.0
2,PRDM9 (56979)_damaging,0.0
2,CDH10 (1008)_damaging,0.07995717125322147
2,CDH6 (1004)_damaging,0.0
2,PDZD2 (23037)_damaging,0.07581213323462797
2,ADAMTS12 (81792)_damaging,0.0
2,SPEF2 (79925)_damaging,0.0
2,NIPBL (25836)_damaging,0.04554050204636589
2,CPLANE1 (65250)_damaging,0.2435794035115708
2,C7 (730)_damaging,0.025193331625875327
2,MROH2B (133558)_damaging,0.0
2,C6 (729)_damaging,0.0
2,HCN1 (348980)_damaging,0.0
2,ITGA1 (3672)_damaging,0.0
2,PIK3R1 (5295)_damaging,0.0
2,RAD17 (5884)_damaging,0.01829999147998002
2,BDP1 (55814)_damaging,0.02345964740192371
2,MAP1B (4131)_damaging,0.0
2,ARHGEF28 (64283)_damaging,0.02549572705251271
2,ANKRD31 (256006)_damaging,0.0
2,AP3B1 (8546)_damaging,0.0
2,CMYA5 (202333)_damaging,0.3631173882290996
2,MSH3 (4437)_damaging,0.0
2,VCAN (1462)_damaging,0.048423354220933
2,RASA1 (5921)_damaging,0.0
2,ADGRV1 (84059)_damaging,0.0
2,KIAA0825 (285600)_damaging,0.0
2,MCTP1 (79772)_damaging,0.0
2,ARSK (153642)_damaging,0.03677173955917109
2,CHD1 (1105)_damaging,0.0
2,SLCO6A1 (133482)_damaging,0.0
2,APC (324)_damaging,0.0
2,DMXL1 (1657)_damaging,0.0
2,ZNF608 (57507)_damaging,0.0
2,FBN2 (2201)_damaging,0.059555214401905185
2,CHSY3 (337876)_damaging,0.0085864411124936
2,RAPGEF6 (51735)_damaging,0.0154935614397704
2,FNIP1 (96459)_damaging,0.0
2,RAD50 (10111)_damaging,0.6555158748362278
2,FSTL4 (23105)_damaging,0.016978184713371647
2,PITX1 (5307)_damaging,0.7176562528432988
2,LINC02900 (340073)_damaging,0.45840072000616205
2,CTNNA1 (1495)_damaging,0.09274924572907907
2,WDR55 (54853)_damaging,0.014759766959762777
2,PCDHB4 (56131)_damaging,0.37510720192402347
2,PCDHB6 (56130)_damaging,0.0
2,ARAP3 (64411)_damaging,0.0
2,NR3C1 (2908)_damaging,0.028743185527140995
2,TCERG1 (10915)_damaging,0.0
2,FAT2 (2196)_damaging,0.08155907488335701
2,GRIA1 (2890)_damaging,0.17186478064865787
2,LARP1 (23367)_damaging,0.18299824128386324
2,GABRG2 (2566)_damaging,0.029325109957558257
2,DOCK2 (1794)_damaging,0.0
2,NSD1 (64324)_damaging,0.0
2,FLT4 (2324)_damaging,0.0
2,DSP (1832)_damaging,0.0
2,HIVEP1 (3096)_damaging,0.0
2,PHACTR1 (221692)_damaging,0.0
2,JARID2 (3720)_damaging,0.0
2,ATXN1 (6310)_damaging,0.0
2,GABBR1 (2550)_damaging,0.19260115072542408
2,HLA-A (3105)_damaging,0.06168688053128487
2,MDC1 (9656)_damaging,0.11173580007919202
2,VARS2 (57176)_damaging,0.020536372776416408
2,MUCL3 (135656)_damaging,0.0
2,HLA-C (3107)_damaging,0.0
2,HLA-B (3106)_damaging,0.0
2,PRRC2A (7916)_damaging,0.07995730564394388
2,TNXB (7148)_damaging,0.0
2,NOTCH4 (4855)_damaging,0.0
2,COL11A2 (1302)_damaging,0.015498899019295369
2,DNAH8 (1769)_damaging,0.6728508296296188
2,CCND3 (896)_damaging,0.6014421843047237
2,CUL9 (23113)_damaging,0.026999437713621535
2,ZNF318 (24149)_damaging,0.07343643031130963
2,MMUT (4594)_damaging,0.007271804069955162
2,PKHD1 (5314)_damaging,0.03624993080820975
2,FAM83B (222584)_damaging,0.02309561661448547
2,COL21A1 (81578)_damaging,0.042354374371871895
2,DST (667)_damaging,0.0041020643491320175
2,PHF3 (23469)_damaging,0.0
2,EYS (346007)_damaging,0.027327592361965806
2,ADGRB3 (577)_damaging,0.02377358524110663
2,COL19A1 (1310)_damaging,0.2672601387444886
2,COL9A1 (1297)_damaging,0.03647044382146479
2,RIMS1 (22999)_damaging,0.0
2,COL12A1 (1303)_damaging,0.0
2,TTK (7272)_damaging,0.011665754361340978
2,CEP162 (22832)_damaging,0.0
2,ZNF292 (23036)_damaging,0.0
2,MDN1 (23195)_damaging,0.018284868353337
2,CASP8AP2 (9994)_damaging,0.0
2,EPHA7 (2045)_damaging,0.15453799405964272
2,MMS22L (253714)_damaging,0.0
2,PNISR (25957)_damaging,0.0
2,ASCC3 (10973)_damaging,0.0
2,SOBP (55084)_damaging,0.005122305199306048
2,AK9 (221264)_damaging,0.0
2,REV3L (5980)_damaging,0.05040887302956435
2,HDAC2 (3066)_damaging,0.03221241990682295
2,ROS1 (6098)_damaging,0.0
2,TBC1D32 (221322)_damaging,0.08653520058649086
2,TRDN (10345)_damaging,0.10404811062005423
2,LAMA2 (3908)_damaging,0.0
2,AKAP7 (9465)_damaging,0.00945447134433298
2,MED23 (9439)_damaging,0.0
2,ENPP3 (5169)_damaging,0.002184722159396709
2,TNFAIP3 (7128)_damaging,0.04510347963602648
2,ARFGEF3 (57221)_damaging,0.0
2,ECT2L (345930)_damaging,0.024352486265693647
2,HIVEP2 (3097)_damaging,0.018071752541518604
2,UTRN (7402)_damaging,0.009061777395725818
2,SHPRH (257218)_damaging,0.010020768520183429
2,GRM1 (2911)_damaging,0.0
2,ADGB (79747)_damaging,0.0
2,STXBP5 (134957)_damaging,0.006609584422337967
2,SYNE1 (23345)_damaging,0.12239245528439285
2,SCAF8 (22828)_damaging,0.22464571357565494
2,ARID1B (57492)_damaging,0.033925091861210704
2,FNDC1 (84624)_damaging,0.0
2,LPA (4018)_damaging,0.0199925159235304
2,MAP3K4 (4216)_damaging,0.0
2,QKI (9444)_damaging,0.018720218538437094
2,TBXT (6862)_damaging,0.0
2,AFDN (4301)_damaging,0.030744469004539712
2,THBS2 (7058)_damaging,0.0
2,INTS1 (26173)_damaging,0.007063849936307843
2,CARD11 (84433)_damaging,0.0
2,SDK1 (221935)_damaging,0.0
2,TNRC18 (84629)_damaging,0.0
2,PMS2 (5395)_damaging,0.0
2,COL28A1 (340267)_damaging,0.04929862598044882
2,THSD7A (221981)_damaging,0.0
2,VWDE (221806)_damaging,0.018158920035492264
2,DGKB (1607)_damaging,0.011424121646667394
2,AHR (196)_damaging,0.0
2,ABCB5 (340273)_damaging,0.32627307493743246
2,DNAH11 (8701)_damaging,0.0
2,STK31 (56164)_damaging,0.45516304672085356
2,CDK13 (8621)_damaging,0.0
2,GLI3 (2737)_damaging,0.0
2,HECW1 (23072)_damaging,0.0
2,AEBP1 (165)_damaging,0.0
2,PKD1L1 (168507)_damaging,0.0
2,ABCA13 (154664)_damaging,0.044079014893165326
2,FIGNL1 (63979)_damaging,0.013308552915606883
2,DDC (1644)_damaging,0.0
2,EGFR (1956)_damaging,0.0
2,ZNF722 (100419780)_damaging,0.020379123165131675
2,PTPN12 (5782)_damaging,0.0
2,MAGI2 (9863)_damaging,0.0
2,CD36 (948)_damaging,0.03056930216034475
2,PCLO (27445)_damaging,0.0
2,SEMA3E (9723)_damaging,0.06972588865062479
2,ABCB4 (5244)_damaging,0.0
2,ABCB1 (5243)_damaging,0.0
2,ADAM22 (53616)_damaging,0.0
2,ZNF804B (219578)_damaging,0.02052627642841316
2,AKAP9 (10142)_damaging,0.05962135535884184
2,ANKIB1 (54467)_damaging,0.030005810847926667
2,SAMD9 (54809)_damaging,0.12244140469708294
2,SAMD9L (219285)_damaging,0.02687591588744334
2,CALCR (799)_damaging,0.0
2,COL1A2 (1278)_damaging,0.0
2,SLC25A13 (10165)_damaging,0.0
2,TRRAP (8295)_damaging,0.0
2,GPC2 (221914)_damaging,0.002363958130504382
2,ZAN (7455)_damaging,0.0027311134609334666
2,MUC3A (4584)_damaging,0.017987588123505937
2,MUC17 (140453)_damaging,0.19847651503491665
2,PLOD3 (8985)_damaging,0.0
2,CUX1 (1523)_damaging,0.0
2,FBXL13 (222235)_damaging,0.01727992975127404
2,RELN (5649)_damaging,0.02341412153480982
2,KMT2E (55904)_damaging,0.0
2,PIK3CG (5294)_damaging,0.10407635454279708
2,SLC26A3 (1811)_damaging,0.07570699533930406
2,LAMB4 (22798)_damaging,0.06382914462405766
2,DOCK4 (9732)_damaging,0.19462667810633963
2,PPP1R3A (5506)_damaging,0.21479505705371477
2,MET (4233)_damaging,0.009728728948512858
2,CFTR (1080)_damaging,0.023355699274417416
2,CTTNBP2 (83992)_damaging,0.034460875924153186
2,CPED1 (79974)_damaging,0.0
2,PTPRZ1 (5803)_damaging,0.02736911304515518
2,CADPS2 (93664)_damaging,0.015913241453263935
2,IQUB (154865)_damaging,0.5708315849519012
2,GRM8 (2918)_damaging,0.0
2,FLNC (2318)_damaging,0.0
2,KCP (375616)_damaging,0.10112314582527776
2,PLXNA4 (91584)_damaging,0.09700977990587838
2,NUP205 (23165)_damaging,0.016495497207647758
2,TRIM24 (8805)_damaging,0.007860497496507187
2,KIAA1549 (57670)_damaging,0.0
2,MGAM (8972)_damaging,0.0417026882334557
2,MGAM2 (93432)_damaging,0.0
2,EPHB6 (2051)_damaging,0.0
2,KEL (3792)_damaging,0.09542728278287717
2,NOBOX (135935)_damaging,0.02709905581200879
2,CNTNAP2 (26047)_damaging,0.0
2,AOC1 (26)_damaging,0.0
2,KCNH2 (3757)_damaging,0.0
2,NOS3 (4846)_damaging,0.02032565619642855
2,ATG9B (285973)_damaging,0.03787572650742662
2,KMT2C (58508)_damaging,0.2715929357321127
2,PTPRN2 (5799)_damaging,0.2860942350829581
2,CSMD1 (64478)_damaging,0.0495906277505609
2,RP1L1 (94137)_damaging,0.0
2,TRMT9B (57604)_damaging,0.040456270210961924
2,DLC1 (10395)_damaging,0.0
2,XPO7 (23039)_damaging,0.08445113506615767
2,NUGGC (389643)_damaging,0.008780171995370902
2,TEX15 (56154)_damaging,0.0
2,WRN (7486)_damaging,0.011668659507237507
2,UNC5D (137970)_damaging,0.06453579040106476
2,ADGRA2 (25960)_damaging,0.0
2,NSD3 (54904)_damaging,0.0
2,ANK1 (286)_damaging,0.062325636657337945
2,PRKDC (5591)_damaging,0.040617777635859664
2,PXDNL (137902)_damaging,0.0
2,RB1CC1 (9821)_damaging,0.0
2,RP1 (6101)_damaging,0.0
2,CHD7 (55636)_damaging,0.011043052578103105
2,ARFGEF1 (10565)_damaging,0.17198280708378946
2,PREX2 (80243)_damaging,0.166369955197816
2,SULF1 (23213)_damaging,0.0
2,TRPA1 (8989)_damaging,0.0
2,KCNB2 (9312)_damaging,0.0
2,ZFHX4 (79776)_damaging,0.0
2,WWP1 (11059)_damaging,0.0
2,NBN (4683)_damaging,0.04053979073681263
2,ESRP1 (54845)_damaging,0.0
2,VPS13B (157680)_damaging,0.05820482771421475
2,RGS22 (26166)_damaging,0.0867644702866629
2,UBR5 (51366)_damaging,0.18584280976885684
2,RIMS2 (9699)_damaging,0.0
2,PKHD1L1 (93035)_damaging,0.3097460648905115
2,CSMD3 (114788)_damaging,0.04158336386577764
2,TRPS1 (7227)_damaging,0.046918091202724915
2,COL14A1 (7373)_damaging,0.0
2,FER1L6 (654463)_damaging,0.008651223009823952
2,ASAP1 (50807)_damaging,0.2716534899912491
2,EFR3A (23167)_damaging,0.0
2,KCNQ3 (3786)_damaging,0.0
2,PHF20L1 (51105)_damaging,0.08099883727275252
2,TG (7038)_damaging,0.015156386972821855
2,COL22A1 (169044)_damaging,0.0
2,ADGRB1 (575)_damaging,0.02880207785419
2,PLEC (5339)_damaging,0.06694630279048086
2,PARP10 (84875)_damaging,0.007363351963163078
2,CYC1 (1537)_damaging,0.0
2,WDR97 (340390)_damaging,0.0
2,KIFC2 (90990)_damaging,0.009255070258222215
2,RECQL4 (9401)_damaging,0.0
2,DOCK8 (81704)_damaging,0.0483520878238559
2,SMARCA2 (6595)_damaging,0.007402187513934275
2,ERMP1 (79956)_damaging,0.006931539507927565
2,PTPRD (5789)_damaging,0.057079691339933084
2,FREM1 (158326)_damaging,0.1344415231728439
2,CNTLN (54875)_damaging,0.0
2,DENND4C (55667)_damaging,0.0
2,CDKN2A (1029)_damaging,0.47023170064427267
2,SPATA31G1 (138724)_damaging,0.006635166853270397
2,FANCG (2189)_damaging,0.001847784098881125
2,PIGO (84720)_damaging,0.0
2,UNC13B (10497)_damaging,0.0
2,RUSC2 (9853)_damaging,0.0
2,SPAG8 (26206)_damaging,0.08031286008207635
2,TMC1 (117531)_damaging,0.027095786768855788
2,TRPM6 (140803)_damaging,0.018567633366183337
2,PCSK5 (5125)_damaging,0.07166798549754363
2,PRUNE2 (158471)_damaging,0.027121047275037592
2,VPS13A (23230)_damaging,0.02249611938236816
2,SPATA31D1 (389763)_damaging,0.0
2,KIF27 (55582)_damaging,0.16175689481705657
2,NAA35 (60560)_damaging,0.0926651666759406
2,SECISBP2 (79048)_damaging,0.0
2,ROR2 (4920)_damaging,0.0
2,NOL8 (55035)_damaging,0.0
2,WNK2 (65268)_damaging,0.0
2,PHF2 (5253)_damaging,0.004975280389072342
2,PTCH1 (5727)_damaging,0.0
2,COL15A1 (1306)_damaging,0.0
2,TEX10 (54881)_damaging,0.0
2,ELP1 (8518)_damaging,0.04472981655223045
2,TMEM245 (23731)_damaging,0.11213728788310831
2,PALM2AKAP2 (445815)_damaging,0.0
2,SVEP1 (79987)_damaging,0.2087484646689601
2,FKBP15 (23307)_damaging,0.0
2,COL27A1 (85301)_damaging,0.1533655925255435
2,PAPPA (5069)_damaging,0.03980654257818421
2,CNTRL (11064)_damaging,0.08395464800885691
2,DENND1A (57706)_damaging,0.0
2,ADGRD2 (347088)_damaging,0.011899259938482147
2,GAPVD1 (26130)_damaging,0.0
2,GOLGA2 (2801)_damaging,0.0
2,SPTAN1 (6709)_damaging,0.09132242900036669
2,HMCN2 (256158)_damaging,0.007545981334790376
2,FUBP3 (8939)_damaging,0.0
2,NUP214 (8021)_damaging,0.40623380639378437
2,PRRC2B (84726)_damaging,0.0
2,UCK1 (83549)_damaging,0.0865718722550648
2,SETX (23064)_damaging,0.0053140665912766874
2,TTF1 (7270)_damaging,0.011842698615166802
2,TSC1 (7248)_damaging,0.020243059591536983
2,ADAMTS13 (11093)_damaging,0.037177624291480346
2,ADAMTSL2 (9719)_damaging,0.06415502733165229
2,SARDH (1757)_damaging,0.003946479760967595
2,BRD3 (8019)_damaging,0.013039680244951278
2,WDR5 (11091)_damaging,0.0
2,COL5A1 (1289)_damaging,0.0
2,NOTCH1 (4851)_damaging,0.008940420297698065
2,CACNA1B (774)_damaging,0.0
2,MXRA5 (25878)_damaging,0.02185288194451612
2,WWC3 (55841)_damaging,0.0
2,FRMPD4 (9758)_damaging,0.006280110466456156
2,NHS (4810)_damaging,0.0
2,IL1RAPL1 (11141)_damaging,0.09292442882671256
2,DMD (1756)_damaging,0.2863699882052743
2,FAM47B (170062)_damaging,0.003896911358804377
2,CFAP47 (286464)_damaging,0.8728030393309786
2,RPGR (6103)_damaging,0.0
2,BCOR (54880)_damaging,0.12825352223815095
2,USP9X (8239)_damaging,0.09442339164127488
2,DDX3X (1654)_damaging,0.06900875953516782
2,KDM6A (7403)_damaging,0.3014403542733505
2,RBM10 (8241)_damaging,0.003446019016462925
2,TFE3 (7030)_damaging,0.0
2,CACNA1F (778)_damaging,0.002230769478770359
2,CCNB3 (85417)_damaging,0.22586180239356798
2,KDM5C (8242)_damaging,0.3172283175035545
2,IQSEC2 (23096)_damaging,0.013496305088787448
2,HUWE1 (10075)_damaging,0.06992097477714469
2,WNK3 (65267)_damaging,0.0
2,AMER1 (139285)_damaging,0.012620957878974206
2,OPHN1 (4983)_damaging,0.0369453650431485
2,KIF4A (24137)_damaging,0.020979902687074864
2,MED12 (9968)_damaging,0.03823200765395198
2,ZMYM3 (9203)_damaging,0.6217559018312873
2,NEXMIF (340533)_damaging,0.0
2,ATRX (546)_damaging,0.21014812701928876
2,BRWD3 (254065)_damaging,0.0
2,CYLC1 (1538)_damaging,0.0
2,ZNF711 (7552)_damaging,0.0
2,DACH2 (117154)_damaging,0.0062825382418418806
2,DIAPH2 (1730)_damaging,0.07211216654509535
2,PCDH19 (57526)_damaging,0.001737015732365913
2,RAB40A (142684)_damaging,0.0
2,NRK (203447)_damaging,0.0
2,COL4A6 (1288)_damaging,0.0
2,COL4A5 (1287)_damaging,0.0029081355158310715
2,STAG2 (10735)_damaging,0.0
2,TENM1 (10178)_damaging,0.0
2,BCORL1 (63035)_damaging,0.06836646700302794
2,USP26 (83844)_damaging,0.0
2,MAP7D3 (79649)_damaging,0.0
2,ADGRG4 (139378)_damaging,0.13035745814078914
2,MCF2 (4168)_damaging,0.01600469959353203
2,SPANXN4 (441525)_damaging,0.0
2,SLITRK2 (84631)_damaging,0.0
2,FMR1 (2332)_damaging,0.049295958007587036
2,AFF2 (2334)_damaging,0.016454973469227474
2,PLXNA3 (55558)_damaging,0.042261747193557214
2,F8 (2157)_damaging,0.019352460818210165
2,MT-ND4 (4538)_damaging,0.3528527554060696
2,MT-ND5 (4540)_damaging,0.08362108913338023
3,MTOR (2475)_hotspot,0.0
3,NRAS (4893)_hotspot,0.377077214448988
3,PTEN (5728)_hotspot,0.0
3,HRAS (3265)_hotspot,0.02859792465348891
3,ATM (472)_hotspot,0.02138522234228174
3,KRAS (3845)_hotspot,1.0035895441092657
3,ERBB3 (2065)_hotspot,0.15356546358886528
3,RB1 (5925)_hotspot,1.039215982549372
3,CREBBP (1387)_hotspot,0.0
3,TP53 (7157)_hotspot,1.4464208579475732
3,NF1 (4763)_hotspot,0.5829956426980342
3,SMAD4 (4089)_hotspot,0.4433487868431691
3,STK11 (6794)_hotspot,0.0
3,SMARCA4 (6597)_hotspot,0.0
3,C2orf81 (388963)_hotspot,0.06666958979857533
3,NFE2L2 (4780)_hotspot,0.5990039043926029
3,CTNNB1 (1499)_hotspot,0.0
3,RHOA (387)_hotspot,0.04080973744866997
3,PIK3CA (5290)_hotspot,2.058884207197387
3,FBXW7 (55294)_hotspot,0.9958564325858941
3,TERT (7015)_hotspot,1.718779466577473
3,PIK3R1 (5295)_hotspot,0.0032182654718930855
3,APC (324)_hotspot,0.33940205340000346
3,RAC1 (5879)_hotspot,0.0
3,EGFR (1956)_hotspot,0.0
3,BRAF (673)_hotspot,2.365584329866036
3,EZH2 (2146)_hotspot,0.023362928594297137
3,MYC (4609)_hotspot,0.0494142620037294
3,CDKN2A (1029)_hotspot,0.038352040045740575
3,AGRN (375790)_damaging,0.31642103145785916
3,MXRA8 (54587)_damaging,0.0
3,CFAP74 (85452)_damaging,0.0
3,MEGF6 (1953)_damaging,0.0
3,CHD5 (26038)_damaging,0.30531646198290235
3,RPL22 (6146)_damaging,0.7018347196391852
3,CAMTA1 (23261)_damaging,0.0018786339323467254
3,ERRFI1 (54206)_damaging,0.0
3,SLC45A1 (50651)_damaging,0.0
3,RERE (473)_damaging,0.0
3,EXOSC10 (5394)_damaging,0.004180714230434133
3,VPS13D (55187)_damaging,0.0
3,SPEN (23013)_damaging,0.055412312834234555
3,EPHA2 (1969)_damaging,0.0
3,UBR4 (23352)_damaging,0.0
3,HSPG2 (3339)_damaging,0.018354993776561287
3,LUZP1 (7798)_damaging,0.0
3,ID3 (3399)_damaging,2.635785334180727
3,ELOA (6924)_damaging,0.03729236376919345
3,ARID1A (8289)_damaging,0.055002098398425105
3,WDTC1 (23038)_damaging,0.0
3,EPB41 (2035)_damaging,0.0
3,COL16A1 (1307)_damaging,0.0
3,SPOCD1 (90853)_damaging,0.0
3,CSMD2 (114784)_damaging,0.20594845030498282
3,ZMYM1 (79830)_damaging,0.01390297876462427
3,ZMYM4 (9202)_damaging,0.0
3,CLSPN (63967)_damaging,0.012060376757870951
3,AGO1 (26523)_damaging,0.01793517295012814
3,MAP7D1 (55700)_damaging,0.00953861590186719
3,MACF1 (23499)_damaging,0.11035013891247153
3,TIE1 (7075)_damaging,0.006123190052350788
3,SZT2 (23334)_damaging,0.004742474268742781
3,MUTYH (4595)_damaging,0.0093470149459866
3,MAST2 (23139)_damaging,0.0
3,PIK3R3 (8503)_damaging,0.0
3,FAAH (2166)_damaging,0.0
3,TAL1 (6886)_damaging,0.026747987274798823
3,FYB2 (199920)_damaging,0.0
3,NFIA (4774)_damaging,0.24843206408608184
3,DOCK7 (85440)_damaging,0.0
3,EFCAB7 (84455)_damaging,0.0049585220359610604
3,JAK1 (3716)_damaging,0.005945341582063643
3,LEPR (3953)_damaging,0.0
3,LRRC7 (57554)_damaging,0.05644114329430823
3,TNNI3K (51086)_damaging,0.0
3,ERICH3 (127254)_damaging,0.05656230344998266
3,SLC44A5 (204962)_damaging,0.02182405703687556
3,ADGRL4 (64123)_damaging,0.011585397280467482
3,ADGRL2 (23266)_damaging,0.04327732523838603
3,COL24A1 (255631)_damaging,0.014754210086132606
3,HFM1 (164045)_damaging,0.0
3,BTBD8 (284697)_damaging,0.0
3,ARHGAP29 (9411)_damaging,0.03407141503697872
3,COL11A1 (1301)_damaging,0.05722187508549252
3,EPS8L3 (79574)_damaging,0.0
3,CEPT1 (10390)_damaging,0.005542267675812952
3,DENND2C (163259)_damaging,0.0
3,SYCP1 (6847)_damaging,0.05290285502200414
3,SPAG17 (200162)_damaging,0.5781781408073339
3,NOTCH2 (4853)_damaging,0.007532808369990802
3,BCL9 (607)_damaging,0.0
3,ADAMTSL4 (54507)_damaging,0.012526820412047977
3,FLG (2312)_damaging,0.0033654905347873304
3,CCDST (112268240)_damaging,0.27869147004949446
3,FLG2 (388698)_damaging,0.0
3,DENND4B (9909)_damaging,0.0
3,UBAP2L (9898)_damaging,0.0813251924736311
3,ASH1L (55870)_damaging,0.031880760592094666
3,NES (10763)_damaging,0.0
3,INSRR (3645)_damaging,0.005608913939929961
3,FCRL5 (83416)_damaging,0.0
3,SPTA1 (6708)_damaging,0.9150422493634658
3,GPR161 (23432)_damaging,0.0
3,F5 (2153)_damaging,0.024234479940579794
3,PRRC2C (23215)_damaging,0.0
3,SLC9C2 (284525)_damaging,0.038324016626074
3,TNR (7143)_damaging,0.006486311991754813
3,PAPPA2 (60676)_damaging,0.12141477321742436
3,ABL2 (27)_damaging,0.051391443224937515
3,AXDND1 (126859)_damaging,0.0
3,TDRD5 (163589)_damaging,0.0
3,CEP350 (9857)_damaging,0.0
3,CACNA1E (777)_damaging,0.04014942559933785
3,RGL1 (23179)_damaging,0.0
3,HMCN1 (83872)_damaging,0.040115852827038424
3,TPR (7175)_damaging,0.014073007887990782
3,BRINP3 (339479)_damaging,0.01818527489471743
3,KCNT2 (343450)_damaging,0.0
3,ASPM (259266)_damaging,0.0
3,CRB1 (23418)_damaging,0.007532610344314369
3,PTPRC (5788)_damaging,0.023113768572853608
3,CAMSAP2 (23271)_damaging,0.05125374324549256
3,IGFN1 (91156)_damaging,0.05784747294989069
3,NAV1 (89796)_damaging,0.038272759510009545
3,ATP2B4 (493)_damaging,0.0
3,PLEKHA6 (22874)_damaging,0.05790161998812639
3,PIK3C2B (5287)_damaging,0.06481498703835094
3,NFASC (23114)_damaging,0.0
3,CR2 (1380)_damaging,0.008969413150051396
3,PLXNA2 (5362)_damaging,0.0
3,PROX1 (5629)_damaging,0.012653562920975884
3,CENPF (1063)_damaging,0.06699835200302034
3,USH2A (7399)_damaging,0.3459951792960946
3,DNAH14 (127602)_damaging,0.06857223401780695
3,CDC42BPA (8476)_damaging,0.025229474675338336
3,OBSCN (84033)_damaging,0.004339586033852012
3,H3-4 (8290)_damaging,0.019985081386286366
3,PCNX2 (80003)_damaging,0.0
3,ARID4B (51742)_damaging,0.11120804753671705
3,LYST (1130)_damaging,0.007488212864691219
3,RYR2 (6262)_damaging,0.41168240017462787
3,CHRM3 (1131)_damaging,0.07716880398514252
3,FMN2 (56776)_damaging,0.010666606712695741
3,RGS7 (6000)_damaging,0.0
3,KIF26B (55083)_damaging,0.012738763551297053
3,NLRP3 (114548)_damaging,0.0
3,PITRM1 (10531)_damaging,0.3996474953970678
3,TAF3 (83860)_damaging,0.004808154479169708
3,CUBN (8029)_damaging,0.01377679684416621
3,MRC1 (4360)_damaging,0.016542722174113417
3,MALRD1 (340895)_damaging,0.28124687240630036
3,PLXDC2 (84898)_damaging,0.0038983874833678693
3,ARMC3 (219681)_damaging,0.017670281337295018
3,KIAA1217 (56243)_damaging,0.12121944277961255
3,GPR158 (57512)_damaging,0.000511122683455549
3,MYO3A (53904)_damaging,0.0
3,ANKRD26 (22852)_damaging,0.28087751700172636
3,ODAD2 (55130)_damaging,0.009219049484366096
3,SVIL (6840)_damaging,0.0
3,KIF5B (3799)_damaging,0.04578583629366556
3,CCDC7 (79741)_damaging,0.010520017795200398
3,ANKRD30A (91074)_damaging,0.0
3,WDFY4 (57705)_damaging,0.002035353914845592
3,C10orf71 (118461)_damaging,0.03917371976656879
3,PCDH15 (65217)_damaging,0.06048630556774343
3,ANK3 (288)_damaging,0.0
3,ARID5B (84159)_damaging,0.22741468456838115
3,JMJD1C (221037)_damaging,0.0
3,DNA2 (1763)_damaging,0.0
3,CDH23 (64072)_damaging,0.0
3,ZMIZ1 (57178)_damaging,0.0
3,PTEN (5728)_damaging,0.13173560348838012
3,KIF20B (9585)_damaging,0.04598685337112115
3,MYOF (26509)_damaging,0.026439411116060085
3,PLCE1 (51196)_damaging,0.0
3,ZNF518A (9849)_damaging,0.43082921209253405
3,LCOR (84458)_damaging,0.023073720874734097
3,SLIT1 (6585)_damaging,0.00506637126577067
3,PPRC1 (23082)_damaging,0.0
3,NOLC1 (9221)_damaging,0.0
3,PSD (5662)_damaging,0.0
3,CNNM2 (54805)_damaging,0.03444137845061871
3,PDCD11 (22984)_damaging,0.01812415523561227
3,SLK (9748)_damaging,0.1236891915673217
3,SORCS3 (22986)_damaging,0.0
3,SORCS1 (114815)_damaging,0.0
3,SMC3 (9126)_damaging,0.07973992610759228
3,TCF7L2 (6934)_damaging,0.0
3,ATRNL1 (26033)_damaging,0.0
3,TACC2 (10579)_damaging,0.0
3,DMBT1 (1755)_damaging,0.025589115326406717
3,DOCK1 (1793)_damaging,0.0012743784770964455
3,MKI67 (4288)_damaging,0.0
3,JAKMIP3 (282973)_damaging,0.0
3,CFAP46 (54777)_damaging,0.4120981715299658
3,B4GALNT4 (338707)_damaging,0.028579132027616288
3,PKP3 (11187)_damaging,0.04345471198133087
3,MUC5AC (4586)_damaging,0.16782724019273962
3,MUC5B (727897)_damaging,0.0
3,KCNQ1 (3784)_damaging,0.004221537902633878
3,NUP98 (4928)_damaging,0.046406210873180254
3,OR51E2 (81285)_damaging,0.0017584264603621661
3,DCHS1 (8642)_damaging,0.0
3,PLEKHA7 (144100)_damaging,0.0
3,PIK3C2A (5286)_damaging,0.0
3,ABCC8 (6833)_damaging,0.0
3,OTOG (340990)_damaging,0.012617984941722168
3,NAV2 (89797)_damaging,0.02124208797111281
3,DCDC1 (341019)_damaging,0.02914806195347073
3,CCDC73 (493860)_damaging,0.04224086363977665
3,QSER1 (79832)_damaging,0.013649543327855592
3,HIPK3 (10114)_damaging,0.05528781643601347
3,KIAA1549L (25758)_damaging,0.0
3,FOLH1 (2346)_damaging,0.0
3,OR4A15 (81328)_damaging,0.028306454318069094
3,OR4P4 (81300)_damaging,0.03914362985659887
3,AHNAK (79026)_damaging,0.0
3,SLC3A2 (6520)_damaging,0.023747176016530373
3,PLCB3 (5331)_damaging,0.0
3,NRXN2 (9379)_damaging,0.003855554768339261
3,MEN1 (4221)_damaging,0.04214058564473677
3,PCNX3 (399909)_damaging,0.0
3,RIN1 (9610)_damaging,0.0
3,NUMA1 (4926)_damaging,0.0
3,INPPL1 (3636)_damaging,0.0
3,C2CD3 (26005)_damaging,0.0
3,MYO7A (4647)_damaging,0.0314238897361463
3,RSF1 (51773)_damaging,0.05587187761085476
3,GAB2 (9846)_damaging,0.0
3,TENM4 (26011)_damaging,0.5022959888824982
3,PCF11 (51585)_damaging,0.0
3,DLG2 (1740)_damaging,0.0
3,SYTL2 (54843)_damaging,0.09400848953644904
3,FAT3 (120114)_damaging,0.0
3,DEUP1 (159989)_damaging,0.032580636531129706
3,CNTN5 (53942)_damaging,0.0
3,CEP126 (57562)_damaging,0.055642966843953555
3,MMP3 (4314)_damaging,0.0
3,DYNC2H1 (79659)_damaging,0.026483452841224782
3,NPAT (4863)_damaging,0.01423847773343137
3,ATM (472)_damaging,0.20468406819391596
3,EXPH5 (23086)_damaging,0.0
3,NKAPD1 (55216)_damaging,0.0
3,NCAM1 (4684)_damaging,0.01899526007844331
3,USP28 (57646)_damaging,0.0
3,DSCAML1 (57453)_damaging,0.04837325842043343
3,KMT2A (4297)_damaging,0.1270723451719044
3,BCL9L (283149)_damaging,0.041207981844931074
3,ARHGEF12 (23365)_damaging,0.0
3,TECTA (7007)_damaging,0.1726543314648274
3,SORL1 (6653)_damaging,0.05538525728337361
3,ROBO3 (64221)_damaging,0.006112747030225292
3,CCDC15 (80071)_damaging,0.001250752498296236
3,LINC02714 (729305)_damaging,0.0
3,KDM5A (5927)_damaging,0.0
3,CACNA1C (775)_damaging,0.24625067950274296
3,VWF (7450)_damaging,0.0
3,PLEKHG6 (55200)_damaging,0.0
3,CHD4 (1108)_damaging,0.11837953260667752
3,ATN1 (1822)_damaging,0.0
3,A2ML1 (144568)_damaging,0.14913508881091583
3,A2M (2)_damaging,0.018884169230942573
3,PZP (5858)_damaging,0.00036612855417342646
3,ATF7IP (55729)_damaging,0.0
3,GUCY2C (2984)_damaging,0.021819309009944412
3,PIK3C2G (5288)_damaging,0.0
3,RECQL (5965)_damaging,0.0
3,ABCC9 (10060)_damaging,0.16732814636344773
3,C2CD5 (9847)_damaging,0.027268908561862485
3,ITPR2 (3709)_damaging,0.0
3,OVCH1 (341350)_damaging,0.0
3,KIF21A (55605)_damaging,0.002633962188377654
3,LRRK2 (120892)_damaging,0.027399272334804964
3,MUC19 (283463)_damaging,1.0228129272994035
3,CNTN1 (1272)_damaging,0.0
3,PDZRN4 (29951)_damaging,0.0
3,ADAMTS20 (80070)_damaging,0.02583413110433514
3,ARID2 (196528)_damaging,0.27244661008799415
3,COL2A1 (1280)_damaging,0.0
3,WNT1 (7471)_damaging,0.005916836710531198
3,KMT2D (8085)_damaging,0.1548469667454883
3,PRPF40B (25766)_damaging,0.09989606701427592
3,NCKAP5L (57701)_damaging,0.0
3,DIP2B (57609)_damaging,0.0
3,MAP3K12 (7786)_damaging,0.16375877309179473
3,STAT2 (6773)_damaging,0.0
3,NACA (4666)_damaging,0.26376578305100934
3,STAT6 (6778)_damaging,0.0
3,LRP1 (4035)_damaging,0.0
3,MBD6 (114785)_damaging,0.0
3,XPOT (11260)_damaging,0.0
3,MYRFL (196446)_damaging,0.0
3,PTPRB (5787)_damaging,0.49852579574117734
3,ZFC3H1 (196441)_damaging,0.0
3,E2F7 (144455)_damaging,0.0
3,NAV3 (89795)_damaging,0.032031864381572225
3,OTOGL (283310)_damaging,0.026768127087091035
3,PTPRQ (374462)_damaging,0.08007256492495657
3,PPFIA2 (8499)_damaging,0.02553711791459195
3,LRRIQ1 (84125)_damaging,0.0
3,CEP290 (80184)_damaging,0.022323872112925396
3,PLXNC1 (10154)_damaging,0.0
3,CFAP54 (144535)_damaging,0.052620387787959993
3,BLTP3B (23074)_damaging,0.0
3,UTP20 (27340)_damaging,0.02549791724433227
3,STAB2 (55576)_damaging,0.4714076599248454
3,ACACB (32)_damaging,0.06441306827946718
3,ATXN2 (6311)_damaging,0.12676323368249498
3,NAA25 (80018)_damaging,0.0
3,HECTD4 (283450)_damaging,0.0
3,NOS1 (4842)_damaging,0.0
3,CIT (11113)_damaging,0.1890595939209002
3,HNF1A (6927)_damaging,0.0
3,KDM2B (84678)_damaging,0.015885571900580417
3,SETD1B (23067)_damaging,0.007018889542115367
3,HIP1R (9026)_damaging,0.11517584599324096
3,SBNO1 (55206)_damaging,0.0
3,DNAH10 (196385)_damaging,0.0
3,NCOR2 (9612)_damaging,0.0
3,TMEM132D (121256)_damaging,0.022981967020091542
3,RIMBP2 (23504)_damaging,0.11105133654375464
3,EP400 (57634)_damaging,0.02124275599555142
3,POLE (5426)_damaging,0.0
3,GOLGA3 (2802)_damaging,0.0
3,SACS (26278)_damaging,0.05186328964824458
3,ATP8A2 (51761)_damaging,0.024565340972983723
3,BRCA2 (675)_damaging,0.7762049244148431
3,PDS5B (23047)_damaging,0.34212363024326203
3,NBEA (26960)_damaging,0.0
3,FREM2 (341640)_damaging,0.018422003582261693
3,DGKH (160851)_damaging,0.2941432383102255
3,ZC3H13 (23091)_damaging,0.0
3,RB1 (5925)_damaging,1.2627114367851346
3,DIAPH3 (81624)_damaging,0.01518488305152385
3,KLHL1 (57626)_damaging,0.0
3,DACH1 (1602)_damaging,0.0
3,DIS3 (22894)_damaging,0.2650423301027353
3,TBC1D4 (9882)_damaging,0.07711049790224744
3,MYCBP2 (23077)_damaging,0.0
3,SLITRK5 (26050)_damaging,0.018093214513581816
3,DOCK9 (23348)_damaging,0.0
3,NALCN (259232)_damaging,0.0443646051746133
3,CCDC168 (643677)_damaging,0.0
3,MYO16 (23026)_damaging,0.0
3,COL4A2 (1284)_damaging,0.014077155364794801
3,TEP1 (7011)_damaging,0.01515377665683529
3,CHD8 (57680)_damaging,0.17124747723248857
3,AJUBA (84962)_damaging,0.06660675919626875
3,ACIN1 (22985)_damaging,0.0
3,MYH7 (4625)_damaging,0.0
3,CARMIL3 (90668)_damaging,0.0
3,NYNRIN (57523)_damaging,0.0
3,AKAP6 (9472)_damaging,0.07683619799441838
3,RALGAPA1 (253959)_damaging,0.0
3,TTC6 (319089)_damaging,0.005852736349464783
3,MIA2 (4253)_damaging,0.0
3,FANCM (57697)_damaging,0.030845557886848268
3,MDGA2 (161357)_damaging,0.08410916524970932
3,NIN (51199)_damaging,0.0161246830538541
3,NID2 (22795)_damaging,0.0
3,KTN1 (3895)_damaging,0.0
3,ARID4A (5926)_damaging,0.0
3,HIF1A (3091)_damaging,0.017471408421799492
3,KCNH5 (27133)_damaging,0.0
3,SYNE2 (23224)_damaging,0.26084348494558746
3,PCNX1 (22990)_damaging,0.007749577730567609
3,MIDEAS (91748)_damaging,0.0
3,YLPM1 (56252)_damaging,0.0
3,MLH3 (27030)_damaging,0.10654880335279596
3,NRXN3 (9369)_damaging,0.1102474012417301
3,GALC (2581)_damaging,0.06389755448383244
3,PTPN21 (11099)_damaging,0.0031701768864297987
3,EML5 (161436)_damaging,0.0
3,TRIP11 (9321)_damaging,0.0
3,UNC79 (57578)_damaging,0.0
3,ATG2B (55102)_damaging,0.0
3,RTL1 (388015)_damaging,0.0030313788249211483
3,DYNC1H1 (1778)_damaging,0.03958172974145242
3,KIF26A (26153)_damaging,0.08991747671375229
3,INF2 (64423)_damaging,0.0
3,AHNAK2 (113146)_damaging,0.0
3,MTA1 (9112)_damaging,0.0
3,HERC2 (8924)_damaging,0.018988362589329323
3,TRPM1 (4308)_damaging,0.01092691700785506
3,RYR3 (6263)_damaging,0.0
3,INO80 (54617)_damaging,0.0
3,LTK (4058)_damaging,0.0
3,TYRO3 (7301)_damaging,0.553960754952606
3,MGA (23269)_damaging,0.07308686494223007
3,SPTBN5 (51332)_damaging,0.02714920567170973
3,ZNF106 (64397)_damaging,0.03579034958763895
3,STARD9 (57519)_damaging,0.0
3,UBR1 (197131)_damaging,0.018670420784342938
3,TP53BP1 (7158)_damaging,0.030738279526877996
3,MAP1A (4130)_damaging,0.0
3,SPG11 (80208)_damaging,0.021731034888886558
3,B2M (567)_damaging,0.0
3,FBN1 (2200)_damaging,0.0
3,CEP152 (22995)_damaging,0.06526355146767528
3,USP8 (9101)_damaging,0.0
3,TRPM7 (54822)_damaging,0.0
3,AP4E1 (23431)_damaging,0.0
3,MYO5C (55930)_damaging,0.0
3,UNC13C (440279)_damaging,0.02553313541695633
3,RFX7 (64864)_damaging,0.15305548367422483
3,TCF12 (6938)_damaging,0.07767206300059548
3,VPS13C (54832)_damaging,0.05415756999024629
3,TLN2 (83660)_damaging,0.0
3,HERC1 (8925)_damaging,0.32345845438420107
3,ZNF609 (23060)_damaging,0.056117814291173095
3,NOX5 (79400)_damaging,0.006614701172259066
3,MYO9A (4649)_damaging,0.2388432234998228
3,HCN4 (10021)_damaging,0.09900936100464236
3,SIN3A (25942)_damaging,0.4824689649709201
3,PEAK1 (79834)_damaging,0.0
3,ADAMTSL3 (57188)_damaging,0.0
3,AKAP13 (11214)_damaging,0.05951889463880611
3,AGBL1 (123624)_damaging,0.0
3,TICRR (90381)_damaging,0.0301210571526566
3,KIF7 (374654)_damaging,0.3762955782518032
3,IQGAP1 (8826)_damaging,0.014764751895845288
3,BLM (641)_damaging,0.0
3,FES (2242)_damaging,0.24668583962736373
3,CHD2 (1106)_damaging,0.0
3,LRRK1 (79705)_damaging,0.0
3,AXIN1 (8312)_damaging,0.0
3,UNKL (64718)_damaging,0.0
3,CRAMP1 (57585)_damaging,0.0
3,TSC2 (7249)_damaging,0.0
3,PKD1 (5310)_damaging,0.13005000881444326
3,SLX4 (84464)_damaging,0.0
3,CREBBP (1387)_damaging,2.669085172540749
3,GRIN2A (2903)_damaging,0.0
3,TXNDC11 (51061)_damaging,0.0
3,SMG1 (23049)_damaging,0.01218246378821384
3,KNOP1 (400506)_damaging,0.13291523941589464
3,DNAH3 (55567)_damaging,0.0
3,SCNN1B (6338)_damaging,0.10311863866706951
3,PALB2 (79728)_damaging,0.010283401822309239
3,RBBP6 (5930)_damaging,0.0
3,TNRC6A (27327)_damaging,0.0
3,GTF3C1 (2975)_damaging,0.0
3,ATXN2L (11273)_damaging,0.019221390664254344
3,ITGAL (3683)_damaging,0.0
3,SRCAP (10847)_damaging,0.08108906901198097
3,SETD1A (9739)_damaging,0.022914769120672186
3,SALL1 (6299)_damaging,0.0
3,CHD9 (80205)_damaging,0.0
3,NLRC5 (84166)_damaging,0.0
3,CNGB1 (1258)_damaging,0.0
3,CNOT1 (23019)_damaging,0.0
3,CDH8 (1006)_damaging,0.15181203050421976
3,CDH11 (1009)_damaging,0.0
3,CTCF (10664)_damaging,0.018044576053939745
3,CDH1 (999)_damaging,0.0
3,DHX38 (9785)_damaging,0.0
3,ZFHX3 (463)_damaging,0.03986449436430485
3,CNTNAP4 (85445)_damaging,0.0
3,IRF8 (3394)_damaging,0.0
3,ZNF469 (84627)_damaging,0.0
3,ZC3H18 (124245)_damaging,0.042220864453842294
3,LINC02138 (400558)_damaging,0.056770202235949405
3,CDH15 (1013)_damaging,0.014089185978241457
3,ANKRD11 (29123)_damaging,0.10464726586806813
3,VPS9D1 (9605)_damaging,0.006901070852479692
3,FANCA (2175)_damaging,0.0
3,CLUH (23277)_damaging,0.0
3,SPATA22 (84690)_damaging,0.023303210806785317
3,ZZEF1 (23140)_damaging,0.0
3,USP6 (9098)_damaging,0.01169190484171074
3,TP53 (7157)_damaging,14.503700298860677
3,DNAH2 (146754)_damaging,0.0
3,KDM6B (23135)_damaging,0.0
3,CHD3 (1107)_damaging,0.0
3,PER1 (5187)_damaging,0.0
3,MYH13 (8735)_damaging,0.04769397032087556
3,MYH8 (4626)_damaging,0.1387289819087418
3,MYH4 (4622)_damaging,0.015595919486001865
3,MYH1 (4619)_damaging,0.4383553728027041
3,MYH2 (4620)_damaging,0.04023348489088026
3,DNAH9 (1770)_damaging,0.06963536965017808
3,NCOR1 (9611)_damaging,0.0
3,FLCN (201163)_damaging,0.1486109832377205
3,MYO15A (51168)_damaging,0.00967277613663483
3,TOP3A (7156)_damaging,0.0
3,KSR1 (8844)_damaging,0.005061042564730595
3,MYO18A (399687)_damaging,0.010633433436436718
3,EFCAB5 (374786)_damaging,0.025924626486753883
3,CPD (1362)_damaging,0.0
3,ATAD5 (79915)_damaging,0.0
3,NF1 (4763)_damaging,0.0
3,SLFN11 (91607)_damaging,1.265405384539038
3,GPR179 (440435)_damaging,0.0
3,ARHGAP23 (57636)_damaging,0.028832325951612402
3,TOP2A (7153)_damaging,0.013457577071343272
3,KCNH4 (23415)_damaging,0.0
3,STAT5B (6777)_damaging,0.0
3,BRCA1 (672)_damaging,0.0
3,ITGA2B (3674)_damaging,0.18067070660878873
3,KANSL1 (284058)_damaging,0.0986267264040986
3,COL1A1 (1277)_damaging,0.0
3,SPAG9 (9043)_damaging,0.042325863388898044
3,RNF43 (54894)_damaging,0.0
3,PPM1D (8493)_damaging,0.0
3,BCAS3 (54828)_damaging,0.008398227221962864
3,TBX4 (9496)_damaging,0.0
3,MED13 (9969)_damaging,0.0
3,MRC2 (9902)_damaging,0.0013351223940719224
3,SCN4A (6329)_damaging,0.2636323181088056
3,GNA13 (10672)_damaging,0.0
3,AXIN2 (8313)_damaging,0.0
3,BPTF (2186)_damaging,0.0
3,ABCA8 (10351)_damaging,0.006216523984929147
3,ABCA9 (10350)_damaging,0.42939783885083954
3,ABCA6 (23460)_damaging,0.0
3,ABCA10 (10349)_damaging,0.0
3,ABCA5 (23461)_damaging,0.059216259452525066
3,SOX9 (6662)_damaging,0.06726138317932753
3,SDK2 (54549)_damaging,0.13571199060943695
3,TMEM94 (9772)_damaging,0.009377166761692991
3,CASKIN2 (57513)_damaging,0.0003482753675064216
3,MYO15B (80022)_damaging,0.010580804190409378
3,ITGB4 (3691)_damaging,0.0
3,EVPL (2125)_damaging,0.018911914389098637
3,TNRC6C (57690)_damaging,0.04493778101405488
3,DNAH17 (8632)_damaging,0.023786593191886012
3,CCDC40 (55036)_damaging,0.21534550257543522
3,RPTOR (57521)_damaging,0.0
3,BAHCC1 (57597)_damaging,0.014749715678791568
3,FASN (2194)_damaging,0.03918704703195611
3,SMCHD1 (23347)_damaging,0.01059216562285071
3,EPB41L3 (23136)_damaging,0.0861084421009323
3,LAMA1 (284217)_damaging,0.03725354351055205
3,PTPRM (5797)_damaging,0.0042504568537667375
3,MTCL1 (23255)_damaging,0.0
3,ANKRD12 (23253)_damaging,0.0
3,PIEZO2 (63895)_damaging,0.02318465058637678
3,ANKRD30B (374860)_damaging,0.11550656377990315
3,ROCK1 (6093)_damaging,0.24894406775414804
3,LAMA3 (3909)_damaging,0.009367154042602244
3,OSBPL1A (114876)_damaging,0.01908015048407165
3,ZNF521 (25925)_damaging,0.0
3,ASXL3 (80816)_damaging,0.0
3,FHOD3 (80206)_damaging,0.1604026422787741
3,SETBP1 (26040)_damaging,0.1381596089566521
3,EPG5 (57724)_damaging,0.11886431525516487
3,LOXHD1 (125336)_damaging,0.0
3,ZBTB7C (201501)_damaging,0.0
3,SMAD4 (4089)_damaging,0.21903089824924107
3,DCC (1630)_damaging,0.03373590646642652
3,CDH7 (1005)_damaging,0.005510021232346607
3,DSEL (92126)_damaging,0.0
3,RTTN (25914)_damaging,0.02187211837509159
3,ZNF407 (55628)_damaging,0.0
3,ZNF236 (7776)_damaging,0.0
3,SALL3 (27164)_damaging,0.024290872539792525
3,ATP9B (374868)_damaging,0.005169874353543826
3,KCNG2 (26251)_damaging,0.0
3,ABCA7 (10347)_damaging,0.0
3,STK11 (6794)_damaging,0.26773500570997366
3,TJP3 (27134)_damaging,0.0
3,ZBTB7A (51341)_damaging,0.0
3,TICAM1 (148022)_damaging,0.0
3,KDM4B (23030)_damaging,0.019264153906848273
3,PTPRS (5802)_damaging,0.0950030687627542
3,SAFB2 (9667)_damaging,0.0
3,SAFB (6294)_damaging,0.025284554356270618
3,CAMSAP3 (57662)_damaging,0.04110351201662333
3,FBN3 (84467)_damaging,0.15457123508529014
3,MUC16 (94025)_damaging,0.3970800076635333
3,COL5A3 (50509)_damaging,0.006565456756513419
3,KEAP1 (9817)_damaging,0.0
3,DNM2 (1785)_damaging,0.03694296738509476
3,SMARCA4 (6597)_damaging,0.0
3,CACNA1A (773)_damaging,0.33144513575090473
3,NOTCH3 (4854)_damaging,0.0
3,BRD4 (23476)_damaging,0.01323404484971265
3,WIZ (58525)_damaging,0.004298616483314518
3,CPAMD8 (27151)_damaging,0.004803435543288326
3,CRLF1 (9244)_damaging,0.11324255185482598
3,ZNF208 (7757)_damaging,0.0
3,ZNF729 (100287226)_damaging,0.06126238558692106
3,ZNF91 (7644)_damaging,0.0017656536323463728
3,TSHZ3 (57616)_damaging,0.08486203329220267
3,KMT2B (9757)_damaging,0.10751621092163975
3,WDR87 (83889)_damaging,0.0
3,RYR1 (6261)_damaging,0.01878365153135883
3,MAP4K1 (11184)_damaging,0.0
3,FCGBP (8857)_damaging,0.0033927337842545335
3,PRX (57716)_damaging,0.06422392558444254
3,SPTBN4 (57731)_damaging,0.0
3,AXL (558)_damaging,0.0
3,ARHGEF1 (9138)_damaging,0.134850506692264
3,ERF (2077)_damaging,0.0
3,CIC (23152)_damaging,0.04678640861397244
3,MEGF8 (1954)_damaging,0.0
3,ARHGAP35 (2909)_damaging,0.0
3,BICRA (29998)_damaging,0.4042505985239887
3,LMTK3 (114783)_damaging,0.0
3,PRR12 (57479)_damaging,0.0
3,POLD1 (5424)_damaging,0.0
3,SHANK1 (50944)_damaging,0.0
3,PPP2R1A (5518)_damaging,0.9317875561254291
3,NLRP7 (199713)_damaging,0.008502340347758722
3,BRSK1 (84446)_damaging,0.0150234428356836
3,NLRP9 (338321)_damaging,0.0
3,NLRP4 (147945)_damaging,0.01888091651860891
3,NLRP8 (126205)_damaging,0.0
3,PEG3 (5178)_damaging,0.0
3,TPO (7173)_damaging,0.07696637324342796
3,PXDN (7837)_damaging,0.0
3,ROCK2 (9475)_damaging,0.0
3,GREB1 (9687)_damaging,0.0
3,NBAS (51594)_damaging,0.0896382786868748
3,RAD51AP2 (729475)_damaging,0.0
3,APOB (338)_damaging,0.06877311515896281
3,TDRD15 (100129278)_damaging,0.0
3,ITSN2 (50618)_damaging,0.0
3,DNMT3A (1788)_damaging,0.052011894514112436
3,ASXL2 (55252)_damaging,0.017286069190247916
3,OTOF (9381)_damaging,0.005074262347241667
3,MAPRE3 (22924)_damaging,0.0
3,CAD (790)_damaging,0.13405393355160744
3,IFT172 (26160)_damaging,0.0
3,SPATA31H1 (84226)_damaging,0.0
3,ALK (238)_damaging,0.0
3,BIRC6 (57448)_damaging,0.012591293735627186
3,HEATR5B (54497)_damaging,0.0
3,ZFP36L2 (678)_damaging,0.0
3,THADA (63892)_damaging,0.07754806278233514
3,MSH2 (4436)_damaging,0.08132245113611297
3,MSH6 (2956)_damaging,0.309523834815798
3,NRXN1 (9378)_damaging,0.16789728923131642
3,SPTBN1 (6711)_damaging,0.0
3,EML6 (400954)_damaging,0.0
3,CCDC88A (55704)_damaging,0.027481676277782727
3,USP34 (9736)_damaging,0.0
3,C2orf42 (54980)_damaging,0.0
3,ZNF638 (27332)_damaging,0.006443385768011891
3,DYSF (8291)_damaging,0.027604061006282186
3,ALMS1 (7840)_damaging,0.05965539763354369
3,CTNNA2 (1496)_damaging,0.3065003328657474
3,DNAH6 (1768)_damaging,0.033032949399193344
3,PROM2 (150696)_damaging,0.0
3,ANKRD36 (375248)_damaging,0.0019288223154651592
3,EIF5B (9669)_damaging,0.0
3,REV1 (51455)_damaging,0.006271973311769837
3,DPP10 (57628)_damaging,0.03910822169748534
3,MARCO (8685)_damaging,0.005474801929812683
3,EPB41L5 (57669)_damaging,0.00476368809298969
3,CNTNAP5 (129684)_damaging,0.1836047999173988
3,WDR33 (55339)_damaging,0.0
3,UGGT1 (56886)_damaging,0.0
3,ARHGEF4 (50649)_damaging,0.04220013745912638
3,NCKAP5 (344148)_damaging,0.03356800804830007
3,THSD7B (80731)_damaging,0.0
3,LRP1B (53353)_damaging,0.3860506542926687
3,ZEB2 (9839)_damaging,0.037059515016135455
3,ACVR2A (92)_damaging,0.11794788891025515
3,ORC4 (5000)_damaging,0.0
3,RIF1 (55183)_damaging,0.002177189807077978
3,NEB (4703)_damaging,0.10263809460688901
3,BAZ2B (29994)_damaging,0.030910166737309418
3,LY75 (4065)_damaging,0.0713284128133263
3,PLA2R1 (22925)_damaging,0.007845896392736739
3,SLC4A10 (57282)_damaging,0.0
3,DPP4 (1803)_damaging,0.061192720776266855
3,KCNH7 (90134)_damaging,0.0
3,SCN3A (6328)_damaging,0.026404460012783307
3,SCN2A (6326)_damaging,0.2791782706140568
3,TTC21B (79809)_damaging,0.008802660622801627
3,SCN1A (6323)_damaging,0.0
3,SCN9A (6335)_damaging,0.0
3,SCN7A (6332)_damaging,0.0
3,XIRP2 (129446)_damaging,0.19497844627351713
3,LRP2 (4036)_damaging,0.030843300003039663
3,PPIG (9360)_damaging,0.07060576129073726
3,MYO3B (140469)_damaging,0.08291666337305591
3,GPR155 (151556)_damaging,0.21241365897184053
3,TTN (7273)_damaging,0.0
3,CCDC141 (285025)_damaging,0.0
3,ITGA4 (3676)_damaging,0.0
3,FSIP2 (401024)_damaging,0.024100309683810675
3,ITGAV (3685)_damaging,0.015958754922075317
3,COL3A1 (1281)_damaging,0.0
3,COL5A2 (1290)_damaging,0.02508641554261333
3,ANKAR (150709)_damaging,0.0
3,DNAH7 (56171)_damaging,0.05564250275885087
3,PLCL1 (5334)_damaging,0.0
3,SGO2 (151246)_damaging,0.0
3,CASP8 (841)_damaging,0.027970102065083314
3,NOP58 (51602)_damaging,0.0
3,BMPR2 (659)_damaging,0.0
3,NBEAL1 (65065)_damaging,0.012728072042826765
3,PARD3B (117583)_damaging,0.0
3,ZDBF2 (57683)_damaging,0.06610079616109762
3,ADAM23 (8745)_damaging,0.02490328904059687
3,MAP2 (4133)_damaging,0.0
3,UNC80 (285175)_damaging,0.23182128087913195
3,KANSL1L (151050)_damaging,0.0513765904511308
3,CPS1 (1373)_damaging,0.02210968911545403
3,ERBB4 (2066)_damaging,0.006173341590041895
3,ABCA12 (26154)_damaging,0.43982547218404794
3,FN1 (2335)_damaging,0.02552396983032183
3,TNS1 (7145)_damaging,0.00044681101356898337
3,CFAP65 (255101)_damaging,0.14441055146534498
3,SPEG (10290)_damaging,0.17189197656426036
3,SLC4A3 (6508)_damaging,0.0
3,NYAP2 (57624)_damaging,0.0
3,IRS1 (3667)_damaging,0.04022517558769289
3,COL4A4 (1286)_damaging,0.07672240059183508
3,SPHKAP (80309)_damaging,0.0
3,TRIP12 (9320)_damaging,0.00511695228940377
3,GIGYF2 (26058)_damaging,6.140855298763536e-05
3,MROH2A (339766)_damaging,0.4092437669501411
3,COL6A3 (1293)_damaging,0.020663790058571288
3,HDAC4 (9759)_damaging,0.0
3,KIF1A (547)_damaging,0.0
3,CROCC2 (728763)_damaging,0.022434708299409314
3,PASK (23178)_damaging,0.0
3,PLCB4 (5332)_damaging,0.0
3,ESF1 (51575)_damaging,0.0
3,RRBP1 (6238)_damaging,0.025422215099173525
3,CFAP61 (26074)_damaging,0.0
3,RALGAPA2 (57186)_damaging,0.016669157924215586
3,CD93 (22918)_damaging,0.0
3,ASXL1 (171023)_damaging,1.8004305909408862
3,NCOA6 (23054)_damaging,0.06175213654493632
3,MYH7B (57644)_damaging,0.30121824605724634
3,CEP250 (11190)_damaging,0.0
3,SAMHD1 (25939)_damaging,0.033869343663427774
3,KIAA1755 (85449)_damaging,0.0
3,RALGAPB (57148)_damaging,0.0004415416278384489
3,PTPRT (11122)_damaging,0.1488663626113799
3,DDX27 (55661)_damaging,0.11696612266115652
3,ZNF831 (128611)_damaging,0.012957189977343315
3,SYCP2 (10388)_damaging,0.004663453904203853
3,LAMA5 (3911)_damaging,0.0
3,DIDO1 (11083)_damaging,0.0
3,COL20A1 (57642)_damaging,0.01684576286507729
3,HELZ2 (85441)_damaging,0.007006294781441183
3,TPTE (7179)_damaging,0.0
3,NRIP1 (8204)_damaging,0.03414150283345803
3,LTN1 (26046)_damaging,0.026955415656838212
3,USP16 (10600)_damaging,0.0
3,TIAM1 (7074)_damaging,0.13102178255034777
3,SCAF4 (57466)_damaging,0.2729507682984473
3,SYNJ1 (8867)_damaging,0.0
3,ITSN1 (6453)_damaging,0.138213222169524
3,DOP1B (9980)_damaging,0.0
3,BRWD1 (54014)_damaging,0.0
3,DSCAM (1826)_damaging,0.010718601206585101
3,TRPM2 (7226)_damaging,0.0004367422224447
3,COL18A1 (80781)_damaging,0.0
3,PCNT (5116)_damaging,0.0
3,ZDHHC8 (29801)_damaging,0.0
3,LZTR1 (8216)_damaging,0.027360600512723415
3,SMARCB1 (6598)_damaging,0.00279030547217393
3,MYO18B (84700)_damaging,0.08017757000691317
3,CHEK2 (11200)_damaging,0.020468321213394054
3,NF2 (4771)_damaging,0.29020841732507874
3,PRR14L (253143)_damaging,0.0
3,DEPDC5 (9681)_damaging,0.007919030301236881
3,RTCB (51493)_damaging,0.010401300470042993
3,MYH9 (4627)_damaging,0.011873490583112916
3,CSF2RB (1439)_damaging,0.16963303077996997
3,TRIOBP (11078)_damaging,0.0
3,CACNA1I (8911)_damaging,0.01265498034313411
3,TNRC6B (23112)_damaging,0.01086801620583425
3,EP300 (2033)_damaging,0.14348757671899828
3,ZC3H7B (23264)_damaging,0.003596886963975335
3,MEI1 (150365)_damaging,0.12569097883501681
3,TCF20 (6942)_damaging,0.02852589086251535
3,SMC1B (27127)_damaging,0.025603961443235335
3,PKDREJ (10343)_damaging,0.03678393083530696
3,PLXNB2 (23654)_damaging,0.019929610685097972
3,PPP6R2 (9701)_damaging,0.041605815579855106
3,SBF1 (6305)_damaging,0.02548344224051504
3,CNTN6 (27255)_damaging,0.0
3,CNTN4 (152330)_damaging,0.0
3,GRM7 (2917)_damaging,0.0
3,SSUH2 (51066)_damaging,0.14002526140385244
3,VHL (7428)_damaging,0.3342989401179984
3,KCNH8 (131096)_damaging,0.0
3,NEK10 (152110)_damaging,0.016672608158877444
3,TGFBR2 (7048)_damaging,0.3650393729275999
3,CLASP2 (23122)_damaging,0.008827042309674803
3,TRANK1 (9881)_damaging,0.019939080549352735
3,MLH1 (4292)_damaging,0.0
3,GOLGA4 (2803)_damaging,0.11914140309136269
3,SCN5A (6331)_damaging,0.0
3,SCN11A (11280)_damaging,0.0
3,KIF15 (56992)_damaging,0.0
3,LARS2 (23395)_damaging,0.08442145201348915
3,SETD2 (29072)_damaging,0.00542452973501139
3,PLXNB1 (5364)_damaging,0.012221344972689075
3,COL7A1 (1294)_damaging,0.00966280040311103
3,CELSR3 (1951)_damaging,0.04099131951704404
3,RHOA (387)_damaging,0.0
3,BSN (8927)_damaging,0.0
3,RBM6 (10180)_damaging,0.0073680202378140925
3,DOCK3 (1795)_damaging,0.040343999401696286
3,DNAH1 (25981)_damaging,0.061190931638258235
3,BAP1 (8314)_damaging,0.03963011339888906
3,STAB1 (23166)_damaging,0.0
3,PBRM1 (55193)_damaging,0.0408440166273192
3,DNAH12 (201625)_damaging,0.12907529654060823
3,FLNB (2317)_damaging,0.0
3,PTPRG (5793)_damaging,0.059194800860229116
3,ATXN7 (6314)_damaging,0.027665528368482708
3,ADAMTS9 (56999)_damaging,0.010450513409109637
3,ROBO2 (6092)_damaging,0.14864533674426006
3,ROBO1 (6091)_damaging,0.021199464283813807
3,EPHA3 (2042)_damaging,0.0
3,EPHA6 (285220)_damaging,0.0
3,CRYBG3 (131544)_damaging,0.045030461650068715
3,ABI3BP (25890)_damaging,0.02669652583881311
3,MYH15 (22989)_damaging,0.0
3,DZIP3 (9666)_damaging,0.03167454172824917
3,MORC1 (27136)_damaging,0.0
3,NECTIN3 (25945)_damaging,0.0
3,ZBTB20 (26137)_damaging,0.06544066503238813
3,CFAP91 (89876)_damaging,0.03415193483741091
3,POLQ (10721)_damaging,0.14242845230805684
3,GOLGB1 (2804)_damaging,0.0
3,KALRN (8997)_damaging,1.2673865265667787
3,COL6A5 (256076)_damaging,0.056873193601424316
3,DNAJC13 (23317)_damaging,0.02248611987492762
3,TOPBP1 (11073)_damaging,0.03599924045739356
3,RASA2 (5922)_damaging,0.04415305165719253
3,XRN1 (54464)_damaging,0.001993747919911524
3,ATR (545)_damaging,0.0
3,HPS3 (84343)_damaging,0.017253759986362378
3,MED12L (116931)_damaging,0.08234816432822173
3,IGSF10 (285313)_damaging,0.04735105128550715
3,ARHGEF26 (26084)_damaging,0.014009186310680651
3,MME (4311)_damaging,0.0
3,SMC4 (10051)_damaging,0.019409039467638587
3,SI (6476)_damaging,0.0
3,MECOM (2122)_damaging,0.038614139701952425
3,SPATA16 (83893)_damaging,0.0
3,USP13 (8975)_damaging,0.0
3,ATP13A5 (344905)_damaging,0.0
3,MUC4 (4585)_damaging,0.03021895624933997
3,TNK2 (10188)_damaging,0.0
3,NSD2 (7468)_damaging,0.8207088103314988
3,FAM193A (8603)_damaging,0.0
3,HTT (3064)_damaging,0.026747740633071723
3,UNC93B7 (100887746)_damaging,0.30457027083291055
3,BOD1L1 (259282)_damaging,0.010767540094512165
3,CPEB2 (132864)_damaging,0.0
3,SLIT2 (9353)_damaging,0.0
3,PCDH7 (5099)_damaging,0.0345039092221425
3,LIMCH1 (22998)_damaging,0.0
3,BEND4 (389206)_damaging,0.05090946125276813
3,CORIN (10699)_damaging,0.0
3,FRYL (285527)_damaging,0.005648964623553284
3,KDR (3791)_damaging,0.02680839909403448
3,CRACD (57482)_damaging,0.30661921377329077
3,POLR2B (5431)_damaging,0.00016406766824883528
3,ADGRL3 (23284)_damaging,0.005336834962696121
3,EPHA5 (2044)_damaging,0.0
3,CENPC (1060)_damaging,0.0172741015286555
3,ADAMTS3 (9508)_damaging,0.13023499883203088
3,SHROOM3 (57619)_damaging,0.23953977596451279
3,FRAS1 (80144)_damaging,0.017290656781350472
3,WDFY3 (23001)_damaging,0.14333138748651197
3,PTPN13 (5783)_damaging,0.14066429192445346
3,AFF1 (4299)_damaging,0.0
3,ABCG2 (9429)_damaging,0.0
3,GRID2 (2895)_damaging,0.0
3,SMARCAD1 (56916)_damaging,0.08492677893525598
3,TET2 (54790)_damaging,0.020327282869889305
3,COL25A1 (84570)_damaging,0.0
3,EGF (1950)_damaging,0.0
3,ANK2 (287)_damaging,0.010360341817615358
3,BLTP1 (84162)_damaging,0.0
3,FAT4 (79633)_damaging,0.06849844927213529
3,PCDH10 (57575)_damaging,0.020399778904577233
3,LRBA (987)_damaging,0.013858659403492032
3,FBXW7 (55294)_damaging,0.03135445756901077
3,FHDC1 (85462)_damaging,0.0
3,DCHS2 (54798)_damaging,0.05504183706541455
3,MAP9 (79884)_damaging,0.0
3,RAPGEF2 (9693)_damaging,0.07111807091220324
3,FSTL5 (56884)_damaging,0.004002267283619333
3,DDX60 (55601)_damaging,0.0065376184304633085
3,TENM3 (55714)_damaging,0.0
3,SORBS2 (8470)_damaging,0.02931394966278541
3,FAT1 (2195)_damaging,0.0200082796054845
3,SDHA (6389)_damaging,0.0
3,SLC12A7 (10723)_damaging,0.0
3,TERT (7015)_damaging,0.19199203849155966
3,ADAMTS16 (170690)_damaging,0.04893137831590649
3,ICE1 (23379)_damaging,0.012060352751229577
3,SEMA5A (9037)_damaging,0.0
3,DNAH5 (1767)_damaging,0.0
3,TRIO (7204)_damaging,0.008388065422980083
3,CDH18 (1016)_damaging,0.08935704941423989
3,CDH12 (1010)_damaging,0.0
3,PRDM9 (56979)_damaging,0.0
3,CDH10 (1008)_damaging,0.0
3,CDH6 (1004)_damaging,0.0
3,PDZD2 (23037)_damaging,0.0
3,ADAMTS12 (81792)_damaging,0.32347446083409315
3,SPEF2 (79925)_damaging,0.014244696434812572
3,NIPBL (25836)_damaging,0.0
3,CPLANE1 (65250)_damaging,0.35555475827902366
3,C7 (730)_damaging,0.18381378008875604
3,MROH2B (133558)_damaging,0.029185468151807267
3,C6 (729)_damaging,0.016479796876633167
3,HCN1 (348980)_damaging,0.0
3,DHX29 (54505)_damaging,0.05503656974006947
3,PIK3R1 (5295)_damaging,0.0
3,RAD17 (5884)_damaging,0.01104024316652478
3,BDP1 (55814)_damaging,0.0
3,ARHGEF28 (64283)_damaging,0.007830117699110845
3,ANKRD31 (256006)_damaging,0.027982256086065325
3,AP3B1 (8546)_damaging,0.0
3,CMYA5 (202333)_damaging,0.4649847276633563
3,MSH3 (4437)_damaging,0.4544432005854659
3,VCAN (1462)_damaging,0.0
3,RASA1 (5921)_damaging,0.0
3,ADGRV1 (84059)_damaging,0.013252981956591643
3,MCTP1 (79772)_damaging,0.0
3,SKIC3 (9652)_damaging,0.0047481683524886464
3,ARSK (153642)_damaging,0.20038642480399552
3,PCSK1 (5122)_damaging,0.0
3,APC (324)_damaging,0.43648395493486547
3,KCNN2 (3781)_damaging,0.0
3,DMXL1 (1657)_damaging,0.05874293000026286
3,CEP120 (153241)_damaging,0.009279606109508018
3,ZNF608 (57507)_damaging,0.0
3,FBN2 (2201)_damaging,0.0
3,RAPGEF6 (51735)_damaging,0.0
3,RAD50 (10111)_damaging,0.17862152805284912
3,PITX1 (5307)_damaging,1.018110323567291
3,LINC02900 (340073)_damaging,0.0
3,CTNNA1 (1495)_damaging,0.4827632884526634
3,WDR55 (54853)_damaging,0.0
3,NR3C1 (2908)_damaging,0.00690166040807715
3,FAT2 (2196)_damaging,0.027395589083157767
3,LARP1 (23367)_damaging,0.00607993418731865
3,SLIT3 (6586)_damaging,0.0017941499372153354
3,DOCK2 (1794)_damaging,0.0
3,NSD1 (64324)_damaging,0.0
3,ADAMTS2 (9509)_damaging,0.040580386411806446
3,FLT4 (2324)_damaging,0.007106456805046112
3,DSP (1832)_damaging,0.0
3,HIVEP1 (3096)_damaging,0.0
3,JARID2 (3720)_damaging,0.0
3,ATXN1 (6310)_damaging,0.00705442006858383
3,GABBR1 (2550)_damaging,0.0951860010069966
3,HLA-A (3105)_damaging,0.08842300560770827
3,MDC1 (9656)_damaging,0.00913878161636642
3,VARS2 (57176)_damaging,0.0
3,HLA-C (3107)_damaging,0.05111510746755505
3,HLA-B (3106)_damaging,0.00930576137526703
3,PRRC2A (7916)_damaging,0.0
3,TNXB (7148)_damaging,0.0
3,NOTCH4 (4855)_damaging,0.0
3,COL11A2 (1302)_damaging,0.0
3,SYNGAP1 (8831)_damaging,0.0
3,ITPR3 (3710)_damaging,0.0
3,DNAH8 (1769)_damaging,0.026490521300688158
3,KIF6 (221458)_damaging,0.00255802672009459
3,CCND3 (896)_damaging,0.0
3,UBR2 (23304)_damaging,0.10522041046453515
3,ZNF318 (24149)_damaging,0.0
3,TDRD6 (221400)_damaging,0.003625705938709634
3,MMUT (4594)_damaging,0.0
3,PKHD1 (5314)_damaging,0.29139565518458227
3,FAM83B (222584)_damaging,0.11867729279994131
3,DST (667)_damaging,0.01670783467777182
3,PHF3 (23469)_damaging,0.0
3,EYS (346007)_damaging,0.03451983397161324
3,ADGRB3 (577)_damaging,0.025139527417501435
3,COL19A1 (1310)_damaging,0.0
3,COL9A1 (1297)_damaging,0.0
3,RIMS1 (22999)_damaging,0.0
3,COL12A1 (1303)_damaging,0.020263210405716645
3,TTK (7272)_damaging,0.0
3,ZNF292 (23036)_damaging,0.0
3,MDN1 (23195)_damaging,0.02087648624629815
3,CASP8AP2 (9994)_damaging,0.0
3,EPHA7 (2045)_damaging,0.11068126511197869
3,MMS22L (253714)_damaging,0.026644895173668606
3,AK9 (221264)_damaging,0.015042628804645498
3,REV3L (5980)_damaging,0.004542788405272172
3,HDAC2 (3066)_damaging,0.0
3,GPRC6A (222545)_damaging,0.0
3,ROS1 (6098)_damaging,0.0
3,TBC1D32 (221322)_damaging,0.08294501838310726
3,TRDN (10345)_damaging,0.0
3,LAMA2 (3908)_damaging,0.02633065688864771
3,AKAP7 (9465)_damaging,0.0
3,MED23 (9439)_damaging,0.0
3,TNFAIP3 (7128)_damaging,0.06844883015574457
3,ECT2L (345930)_damaging,0.1576874644480036
3,HECA (51696)_damaging,0.014467556562270258
3,HIVEP2 (3097)_damaging,0.1639628283939117
3,UTRN (7402)_damaging,0.0
3,SHPRH (257218)_damaging,0.0
3,ADGB (79747)_damaging,0.017858727860392123
3,SYNE1 (23345)_damaging,0.09403105717560964
3,SCAF8 (22828)_damaging,0.016577874734971854
3,ARID1B (57492)_damaging,0.0
3,FNDC1 (84624)_damaging,0.0
3,LPA (4018)_damaging,0.0
3,MAP3K4 (4216)_damaging,0.018360129195374414
3,QKI (9444)_damaging,0.0
3,AFDN (4301)_damaging,0.056292379451694324
3,CARD11 (84433)_damaging,0.1199746173087219
3,SDK1 (221935)_damaging,0.002531882375568128
3,TNRC18 (84629)_damaging,0.0
3,PMS2 (5395)_damaging,0.0
3,COL28A1 (340267)_damaging,0.017194221890137838
3,THSD7A (221981)_damaging,0.0
3,VWDE (221806)_damaging,0.02173962078642922
3,AHR (196)_damaging,0.0
3,HDAC9 (9734)_damaging,0.0
3,ABCB5 (340273)_damaging,0.30195984493330247
3,DNAH11 (8701)_damaging,0.0
3,STK31 (56164)_damaging,0.42786788317041413
3,CDK13 (8621)_damaging,0.0
3,GLI3 (2737)_damaging,0.01435225382215878
3,HECW1 (23072)_damaging,0.007920208959129421
3,AEBP1 (165)_damaging,0.002457547806128839
3,PKD1L1 (168507)_damaging,0.0
3,ABCA13 (154664)_damaging,0.0
3,FIGNL1 (63979)_damaging,0.06602228352209963
3,ZNF735 (730291)_damaging,0.02857906315754183
3,AUTS2 (26053)_damaging,0.0
3,MAGI2 (9863)_damaging,0.09839319328394586
3,PCLO (27445)_damaging,0.03978485294788452
3,SEMA3E (9723)_damaging,0.07553208897957227
3,ABCB4 (5244)_damaging,0.015777312570592544
3,ZNF804B (219578)_damaging,0.0
3,AKAP9 (10142)_damaging,0.0
3,ANKIB1 (54467)_damaging,0.03981537710804926
3,SAMD9 (54809)_damaging,0.037247206003618034
3,SAMD9L (219285)_damaging,0.0
3,COL1A2 (1278)_damaging,0.0
3,TRRAP (8295)_damaging,0.0
3,ZAN (7455)_damaging,0.0
3,MUC12 (10071)_damaging,0.03678437739521127
3,MUC17 (140453)_damaging,0.05676663011819084
3,PLOD3 (8985)_damaging,0.0
3,CUX1 (1523)_damaging,0.0
3,RELN (5649)_damaging,0.0
3,KMT2E (55904)_damaging,0.0
3,PIK3CG (5294)_damaging,0.09366144583336661
3,LAMB4 (22798)_damaging,0.0
3,PPP1R3A (5506)_damaging,0.21334334353635812
3,CFTR (1080)_damaging,0.0
3,CTTNBP2 (83992)_damaging,0.0
3,WNT16 (51384)_damaging,0.0
3,PTPRZ1 (5803)_damaging,0.28544065412965414
3,CADPS2 (93664)_damaging,0.046355234341724706
3,IQUB (154865)_damaging,0.3652138782315128
3,GRM8 (2918)_damaging,0.0
3,FLNC (2318)_damaging,0.0
3,PLXNA4 (91584)_damaging,0.1650710119283861
3,NUP205 (23165)_damaging,0.0
3,DGKI (9162)_damaging,0.019118103031663437
3,TRIM24 (8805)_damaging,0.0
3,KIAA1549 (57670)_damaging,0.0
3,MGAM (8972)_damaging,0.04387847833946375
3,MGAM2 (93432)_damaging,0.16310669044541776
3,EPHB6 (2051)_damaging,0.011444914264522175
3,KEL (3792)_damaging,0.13902260539729722
3,NOBOX (135935)_damaging,0.0
3,CNTNAP2 (26047)_damaging,0.044383696451612095
3,EZH2 (2146)_damaging,0.04544207482892061
3,KCNH2 (3757)_damaging,0.0010607301282400383
3,NOS3 (4846)_damaging,0.0
3,KMT2C (58508)_damaging,0.006911829575602535
3,DPP6 (1804)_damaging,0.02139555210603713
3,PTPRN2 (5799)_damaging,0.03221987312698912
3,CSMD1 (64478)_damaging,0.0
3,RP1L1 (94137)_damaging,0.0
3,TRMT9B (57604)_damaging,0.0
3,DLC1 (10395)_damaging,0.0
3,DOCK5 (80005)_damaging,0.032920895248924054
3,NUGGC (389643)_damaging,0.0
3,TEX15 (56154)_damaging,0.0
3,WRN (7486)_damaging,0.0
3,ADGRA2 (25960)_damaging,0.19023507131413223
3,ANK1 (286)_damaging,0.0604654755778999
3,PRKDC (5591)_damaging,0.027432239436202707
3,PXDNL (137902)_damaging,0.06577458818377292
3,ST18 (9705)_damaging,0.009518358128608679
3,RB1CC1 (9821)_damaging,0.0
3,RP1 (6101)_damaging,0.0
3,ARFGEF1 (10565)_damaging,0.04197740736587368
3,PREX2 (80243)_damaging,0.15688340670867137
3,SULF1 (23213)_damaging,0.011385379132853032
3,KCNB2 (9312)_damaging,0.0
3,ZFHX4 (79776)_damaging,0.034196593016585765
3,WWP1 (11059)_damaging,0.0
3,NBN (4683)_damaging,0.018079853136838284
3,ESRP1 (54845)_damaging,0.0
3,VPS13B (157680)_damaging,0.02166266330011829
3,RGS22 (26166)_damaging,0.009280369194456873
3,UBR5 (51366)_damaging,0.2775935264040321
3,RIMS2 (9699)_damaging,0.005665676044647738
3,PKHD1L1 (93035)_damaging,0.0
3,CSMD3 (114788)_damaging,0.04579171187118865
3,TRPS1 (7227)_damaging,0.017560059539392846
3,COL14A1 (7373)_damaging,0.7213342597694448
3,FER1L6 (654463)_damaging,0.025897306459125524
3,EFR3A (23167)_damaging,0.0038111262575827596
3,OC90 (729330)_damaging,0.0024467767855139294
3,KCNQ3 (3786)_damaging,0.10993646546057659
3,PHF20L1 (51105)_damaging,0.0680997454619509
3,COL22A1 (169044)_damaging,0.04927282547314243
3,ADGRB1 (575)_damaging,0.005745156078180977
3,PLEC (5339)_damaging,0.1860564616224691
3,CYC1 (1537)_damaging,0.0
3,CPSF1 (29894)_damaging,0.014206314067987379
3,KIFC2 (90990)_damaging,0.0
3,DOCK8 (81704)_damaging,0.0
3,SMARCA2 (6595)_damaging,0.07434300270096572
3,ERMP1 (79956)_damaging,0.0
3,PTPRD (5789)_damaging,0.03308177015313214
3,MPDZ (8777)_damaging,0.007899561227416727
3,CCDC171 (203238)_damaging,0.033226909497961206
3,CNTLN (54875)_damaging,0.0
3,DENND4C (55667)_damaging,0.0
3,CDKN2A (1029)_damaging,0.0
3,TAF1L (138474)_damaging,0.00242784202646504
3,FANCG (2189)_damaging,0.0
3,PIGO (84720)_damaging,0.00036597217887291274
3,UNC13B (10497)_damaging,0.0
3,RUSC2 (9853)_damaging,0.0
3,SPAG8 (26206)_damaging,0.0
3,TMC1 (117531)_damaging,0.0
3,TRPM6 (140803)_damaging,0.0
3,PCSK5 (5125)_damaging,0.022028606554871513
3,PRUNE2 (158471)_damaging,0.0
3,VPS13A (23230)_damaging,0.0
3,TLE4 (7091)_damaging,0.013412815895897143
3,KIF27 (55582)_damaging,0.026331965209743482
3,ROR2 (4920)_damaging,0.020400292545606748
3,NOL8 (55035)_damaging,0.0
3,WNK2 (65268)_damaging,0.0
3,PTCH1 (5727)_damaging,0.0
3,COL15A1 (1306)_damaging,0.023204045382193984
3,ELP1 (8518)_damaging,0.0010839453851413008
3,TMEM245 (23731)_damaging,0.09727859167214079
3,PALM2AKAP2 (445815)_damaging,0.0
3,SVEP1 (79987)_damaging,0.15308818152707426
3,FKBP15 (23307)_damaging,0.016510038047413814
3,COL27A1 (85301)_damaging,0.08419780333475632
3,PAPPA (5069)_damaging,0.00558108382992703
3,TLR4 (7099)_damaging,0.00010015593900746057
3,C5 (727)_damaging,0.0
3,CNTRL (11064)_damaging,0.09753742063675262
3,DENND1A (57706)_damaging,0.008592694217770903
3,GOLGA2 (2801)_damaging,0.010824375527080763
3,SPTAN1 (6709)_damaging,0.11398709326759483
3,HMCN2 (256158)_damaging,0.008371608398933673
3,NUP214 (8021)_damaging,0.2333180810752547
3,PRRC2B (84726)_damaging,0.00633842352005542
3,UCK1 (83549)_damaging,0.0
3,SETX (23064)_damaging,0.002050812312184799
3,ADAMTSL2 (9719)_damaging,0.0
3,BRD3 (8019)_damaging,0.010880048571486329
3,WDR5 (11091)_damaging,0.0
3,COL5A1 (1289)_damaging,0.009711519518033559
3,CAMSAP1 (157922)_damaging,0.06713194943460309
3,NOTCH1 (4851)_damaging,0.06154215832175317
3,ABCA2 (20)_damaging,0.008517921523936656
3,CACNA1B (774)_damaging,0.0
3,MXRA5 (25878)_damaging,0.0
3,NHS (4810)_damaging,0.0
3,MAP3K15 (389840)_damaging,0.0
3,DMD (1756)_damaging,0.33001360302558425
3,CFAP47 (286464)_damaging,0.9701315409368667
3,BCOR (54880)_damaging,0.6265269630958059
3,USP9X (8239)_damaging,0.2964129192200856
3,DDX3X (1654)_damaging,0.11420093681571711
3,KDM6A (7403)_damaging,0.08624768769848441
3,RBM10 (8241)_damaging,0.0
3,TFE3 (7030)_damaging,0.0
3,CACNA1F (778)_damaging,0.0
3,CCNB3 (85417)_damaging,0.09499549946352707
3,KDM5C (8242)_damaging,0.0
3,IQSEC2 (23096)_damaging,0.012826160590808643
3,HUWE1 (10075)_damaging,0.0
3,WNK3 (65267)_damaging,0.008239222989042961
3,AMER1 (139285)_damaging,0.0
3,OPHN1 (4983)_damaging,0.0
3,MED12 (9968)_damaging,0.0
3,ZMYM3 (9203)_damaging,0.718814079325616
3,NEXMIF (340533)_damaging,0.0
3,ATRX (546)_damaging,0.0
3,BRWD3 (254065)_damaging,0.0
3,CYLC1 (1538)_damaging,0.0
3,ZNF711 (7552)_damaging,0.0
3,DIAPH2 (1730)_damaging,0.022032597690000953
3,PCDH19 (57526)_damaging,0.0
3,RAB40A (142684)_damaging,0.033027975145450354
3,NRK (203447)_damaging,0.0052249006410211764
3,MORC4 (79710)_damaging,0.010429791774681183
3,COL4A6 (1288)_damaging,0.0
3,COL4A5 (1287)_damaging,0.046504654104261585
3,GUCY2F (2986)_damaging,0.031712392581852315
3,STAG2 (10735)_damaging,0.0
3,TENM1 (10178)_damaging,0.08520035522750628
3,BCORL1 (63035)_damaging,0.0
3,USP26 (83844)_damaging,0.030959588446925868
3,ADGRG4 (139378)_damaging,0.11667920155887411
3,SPANXN4 (441525)_damaging,0.0
3,SLITRK2 (84631)_damaging,0.014065304613008667
3,FMR1 (2332)_damaging,0.018042199960792416
3,AFF2 (2334)_damaging,0.0033463455222272967
3,F8 (2157)_damaging,0.0
3,MT-ND4 (4538)_damaging,0.554424595817102
3,MT-ND5 (4540)_damaging,0.11407764765617572
4,MTOR (2475)_hotspot,1.4045360099551671
4,NRAS (4893)_hotspot,0.0
4,PTEN (5728)_hotspot,0.0
4,HRAS (3265)_hotspot,0.005204142655966812
4,ATM (472)_hotspot,0.024704596840651374
4,KRAS (3845)_hotspot,0.6505352862872454
4,ERBB3 (2065)_hotspot,0.3612757045906218
4,RB1 (5925)_hotspot,0.4186836504448677
4,CREBBP (1387)_hotspot,0.0
4,TP53 (7157)_hotspot,2.028053088946464
4,NF1 (4763)_hotspot,0.4261016242280532
4,ERBB2 (2064)_hotspot,0.0
4,SMAD4 (4089)_hotspot,0.2062436738531088
4,STK11 (6794)_hotspot,0.0
4,SMARCA4 (6597)_hotspot,0.0
4,C2orf81 (388963)_hotspot,0.21541872589732888
4,NFE2L2 (4780)_hotspot,1.2650667440215349
4,VHL (7428)_hotspot,0.0
4,CTNNB1 (1499)_hotspot,0.0
4,RHOA (387)_hotspot,0.0
4,PIK3CA (5290)_hotspot,2.0037852691845726
4,FBXW7 (55294)_hotspot,0.5650181864130821
4,TERT (7015)_hotspot,1.5062847413039566
4,PIK3R1 (5295)_hotspot,0.0
4,APC (324)_hotspot,0.3458380240983347
4,RAC1 (5879)_hotspot,0.0009526834480033245
4,EGFR (1956)_hotspot,0.0
4,BRAF (673)_hotspot,2.6139760703730817
4,CDKN2A (1029)_hotspot,0.0
4,MXRA8 (54587)_damaging,0.006012001718557785
4,MEGF6 (1953)_damaging,0.026785852147066053
4,CHD5 (26038)_damaging,0.07096672092113032
4,RPL22 (6146)_damaging,0.0
4,CAMTA1 (23261)_damaging,0.0
4,SLC45A1 (50651)_damaging,0.1370228865157938
4,RERE (473)_damaging,0.0
4,VPS13D (55187)_damaging,0.0
4,FHAD1 (114827)_damaging,0.0
4,SPEN (23013)_damaging,0.0
4,EPHA2 (1969)_damaging,0.0
4,UBR4 (23352)_damaging,0.0
4,VWA5B1 (127731)_damaging,0.0
4,EIF4G3 (8672)_damaging,0.007522184545735222
4,HSPG2 (3339)_damaging,0.0
4,LUZP1 (7798)_damaging,0.0
4,ID3 (3399)_damaging,3.0656905604077345
4,ELOA (6924)_damaging,0.0
4,ARID1A (8289)_damaging,0.0
4,WDTC1 (23038)_damaging,0.0
4,PTPRU (10076)_damaging,0.0
4,COL16A1 (1307)_damaging,0.0
4,CSMD2 (114784)_damaging,0.02486094462260983
4,ZMYM6 (9204)_damaging,0.0
4,ZMYM1 (79830)_damaging,0.0
4,ZMYM4 (9202)_damaging,0.0
4,CLSPN (63967)_damaging,0.0
4,AGO1 (26523)_damaging,0.0
4,MAP7D1 (55700)_damaging,0.16730419940539085
4,MACF1 (23499)_damaging,0.03121457797819851
4,TIE1 (7075)_damaging,0.0
4,MPL (4352)_damaging,0.026772948364096938
4,SZT2 (23334)_damaging,0.0
4,ZSWIM5 (57643)_damaging,0.0
4,MUTYH (4595)_damaging,0.0
4,MAST2 (23139)_damaging,0.0
4,FAAH (2166)_damaging,0.0
4,TAL1 (6886)_damaging,0.0
4,NFIA (4774)_damaging,0.09982791376508364
4,PATJ (10207)_damaging,0.0
4,DOCK7 (85440)_damaging,0.002226380381586604
4,EFCAB7 (84455)_damaging,0.0
4,LEPR (3953)_damaging,0.0
4,LRRC7 (57554)_damaging,0.0
4,ERICH3 (127254)_damaging,0.0
4,SLC44A5 (204962)_damaging,0.0
4,AK5 (26289)_damaging,0.23476227655997198
4,ADGRL4 (64123)_damaging,0.0
4,ADGRL2 (23266)_damaging,0.1421786086787236
4,COL24A1 (255631)_damaging,0.1897230384393234
4,HFM1 (164045)_damaging,0.0
4,BTBD8 (284697)_damaging,0.009538998101505426
4,RPL5 (6125)_damaging,0.34975785505454
4,PTBP2 (58155)_damaging,0.06801665633532601
4,DPYD (1806)_damaging,0.0
4,COL11A1 (1301)_damaging,0.0
4,EPS8L3 (79574)_damaging,0.0
4,MAGI3 (260425)_damaging,0.0
4,SYCP1 (6847)_damaging,0.0
4,CD58 (965)_damaging,0.0
4,MAN1A2 (10905)_damaging,0.0
4,SPAG17 (200162)_damaging,0.09588136292074446
4,NOTCH2 (4853)_damaging,0.0
4,BCL9 (607)_damaging,0.0
4,ADAMTSL4 (54507)_damaging,0.0
4,SETDB1 (9869)_damaging,0.0
4,ZNF687 (57592)_damaging,0.0
4,TCHH (7062)_damaging,0.29704098171689053
4,FLG (2312)_damaging,0.0
4,CCDST (112268240)_damaging,0.3581699962082839
4,FLG2 (388698)_damaging,0.0
4,UBAP2L (9898)_damaging,0.0
4,ADAR (103)_damaging,0.0
4,ASH1L (55870)_damaging,0.0
4,IQGAP3 (128239)_damaging,0.0
4,NES (10763)_damaging,0.0
4,INSRR (3645)_damaging,0.0
4,SPTA1 (6708)_damaging,1.53585776336582
4,PYHIN1 (149628)_damaging,0.0
4,F5 (2153)_damaging,0.0
4,PRRC2C (23215)_damaging,0.015851789093474424
4,TNR (7143)_damaging,0.20986196903889195
4,PAPPA2 (60676)_damaging,0.0
4,ABL2 (27)_damaging,0.010329149909840886
4,AXDND1 (126859)_damaging,0.07939014524051942
4,TDRD5 (163589)_damaging,0.018834885205527802
4,CEP350 (9857)_damaging,0.0
4,CACNA1E (777)_damaging,0.0
4,RGL1 (23179)_damaging,0.016356508626923384
4,HMCN1 (83872)_damaging,0.0
4,TPR (7175)_damaging,0.0
4,KCNT2 (343450)_damaging,0.0
4,CFH (3075)_damaging,0.0
4,ASPM (259266)_damaging,0.0
4,PTPRC (5788)_damaging,0.01991745399216605
4,CAMSAP2 (23271)_damaging,0.0
4,CACNA1S (779)_damaging,0.0
4,IGFN1 (91156)_damaging,0.07786080093643685
4,NAV1 (89796)_damaging,0.0
4,ELF3 (1999)_damaging,0.0
4,KDM5B (10765)_damaging,0.0
4,ATP2B4 (493)_damaging,0.0
4,PLEKHA6 (22874)_damaging,0.0
4,PIK3C2B (5287)_damaging,0.0
4,NFASC (23114)_damaging,0.09313628469250602
4,CR2 (1380)_damaging,0.0
4,PLXNA2 (5362)_damaging,0.0
4,PTPN14 (5784)_damaging,0.018205997571175227
4,CENPF (1063)_damaging,0.4221152914481154
4,USH2A (7399)_damaging,1.0861290069824217
4,DNAH14 (127602)_damaging,0.0
4,CDC42BPA (8476)_damaging,0.0
4,OBSCN (84033)_damaging,0.10367825319893753
4,H3-4 (8290)_damaging,0.0
4,SIPA1L2 (57568)_damaging,0.03279178777195186
4,PCNX2 (80003)_damaging,0.0
4,MAP3K21 (84451)_damaging,0.016149259796103356
4,ARID4B (51742)_damaging,0.0
4,LYST (1130)_damaging,0.0
4,HEATR1 (55127)_damaging,0.0
4,RYR2 (6262)_damaging,0.0
4,CHRM3 (1131)_damaging,0.0
4,FMN2 (56776)_damaging,0.0
4,RGS7 (6000)_damaging,0.2308888678861881
4,SDCCAG8 (10806)_damaging,0.0
4,KIF26B (55083)_damaging,0.0
4,LARP4B (23185)_damaging,0.2206128693636076
4,ADARB2 (105)_damaging,0.0
4,PITRM1 (10531)_damaging,0.1809511297737976
4,CUBN (8029)_damaging,0.021557966183904945
4,MRC1 (4360)_damaging,0.0
4,MALRD1 (340895)_damaging,0.0
4,MLLT10 (8028)_damaging,0.002270027680595031
4,SPAG6 (9576)_damaging,0.05582606913427727
4,ARMC3 (219681)_damaging,0.0
4,ANKRD26 (22852)_damaging,0.0
4,ODAD2 (55130)_damaging,0.0
4,SVIL (6840)_damaging,0.0
4,JCAD (57608)_damaging,0.18983375518067963
4,KIF5B (3799)_damaging,0.0
4,ANKRD30A (91074)_damaging,0.07331753538947046
4,WDFY4 (57705)_damaging,0.0
4,C10orf71 (118461)_damaging,0.0
4,PCDH15 (65217)_damaging,0.09034187889405554
4,ANK3 (288)_damaging,0.0
4,ARID5B (84159)_damaging,0.11315266379992248
4,JMJD1C (221037)_damaging,0.0
4,CTNNA3 (29119)_damaging,0.0
4,CDH23 (64072)_damaging,0.0
4,DLG5 (9231)_damaging,0.0
4,ZMIZ1 (57178)_damaging,0.0
4,WAPL (23063)_damaging,0.0
4,PTEN (5728)_damaging,0.0
4,KIF20B (9585)_damaging,0.0
4,BTAF1 (9044)_damaging,0.21640520616489342
4,MYOF (26509)_damaging,0.0
4,PLCE1 (51196)_damaging,0.0
4,CC2D2B (387707)_damaging,0.0
4,ZNF518A (9849)_damaging,0.0
4,LCOR (84458)_damaging,0.04630504797167952
4,SLIT1 (6585)_damaging,0.0
4,PAX2 (5076)_damaging,0.0
4,PPRC1 (23082)_damaging,0.0
4,PSD (5662)_damaging,0.0
4,CNNM2 (54805)_damaging,0.0
4,PDCD11 (22984)_damaging,0.0
4,SH3PXD2A (9644)_damaging,0.0
4,SLK (9748)_damaging,0.053591881931783616
4,SORCS3 (22986)_damaging,0.0
4,SORCS1 (114815)_damaging,0.0
4,SMC3 (9126)_damaging,0.0
4,TCF7L2 (6934)_damaging,0.0
4,CCDC186 (55088)_damaging,0.03618126595238717
4,ATRNL1 (26033)_damaging,0.0
4,PDZD8 (118987)_damaging,0.10586129263622382
4,TACC2 (10579)_damaging,0.0
4,DMBT1 (1755)_damaging,0.16758764183299069
4,DOCK1 (1793)_damaging,0.0
4,MKI67 (4288)_damaging,0.0
4,JAKMIP3 (282973)_damaging,0.0
4,CFAP46 (54777)_damaging,0.07109634081441454
4,B4GALNT4 (338707)_damaging,0.0
4,PKP3 (11187)_damaging,0.0
4,PHRF1 (57661)_damaging,0.0
4,MUC5AC (4586)_damaging,0.0
4,MUC5B (727897)_damaging,0.0
4,BRSK2 (9024)_damaging,0.0
4,KCNQ1 (3784)_damaging,0.0
4,NUP98 (4928)_damaging,0.35293599839450907
4,OR51E2 (81285)_damaging,0.0
4,DNHD1 (144132)_damaging,0.0
4,DCHS1 (8642)_damaging,0.0
4,IPO7 (10527)_damaging,0.0
4,SBF2 (81846)_damaging,0.0
4,MICAL2 (9645)_damaging,0.0
4,PLEKHA7 (144100)_damaging,0.0
4,PIK3C2A (5286)_damaging,0.0
4,ABCC8 (6833)_damaging,0.0
4,USH1C (10083)_damaging,0.0
4,OTOG (340990)_damaging,0.0
4,HPS5 (11234)_damaging,0.0
4,NAV2 (89797)_damaging,0.0
4,ANO5 (203859)_damaging,0.00869396501854702
4,DCDC1 (341019)_damaging,0.0
4,CCDC73 (493860)_damaging,0.2620863143189787
4,CSTF3 (1479)_damaging,0.0
4,KIAA1549L (25758)_damaging,0.0
4,DGKZ (8525)_damaging,0.0
4,LRP4 (4038)_damaging,0.005022832872579027
4,FOLH1 (2346)_damaging,0.0
4,OR4P4 (81300)_damaging,0.0
4,CTNND1 (1500)_damaging,0.034336218081961446
4,DTX4 (23220)_damaging,0.0
4,MYRF (745)_damaging,0.09799541571825403
4,AHNAK (79026)_damaging,0.0
4,SLC3A2 (6520)_damaging,0.05547315831939473
4,NRXN2 (9379)_damaging,0.0
4,ATG2A (23130)_damaging,0.017410797626994524
4,PCNX3 (399909)_damaging,0.0
4,RIN1 (9610)_damaging,0.0
4,SHANK2 (22941)_damaging,0.0
4,NUMA1 (4926)_damaging,0.02897294376503253
4,INPPL1 (3636)_damaging,0.0
4,ARHGEF17 (9828)_damaging,0.0
4,C2CD3 (26005)_damaging,0.0
4,MYO7A (4647)_damaging,0.0
4,RSF1 (51773)_damaging,0.10786103719686695
4,TENM4 (26011)_damaging,0.9398896700069073
4,DLG2 (1740)_damaging,0.0
4,SYTL2 (54843)_damaging,0.3018915405656605
4,FAT3 (120114)_damaging,0.0
4,DEUP1 (159989)_damaging,0.0
4,CNTN5 (53942)_damaging,0.0
4,CEP126 (57562)_damaging,0.05658439181118192
4,MMP3 (4314)_damaging,0.014730820572013787
4,DYNC2H1 (79659)_damaging,0.0
4,NPAT (4863)_damaging,0.0
4,ATM (472)_damaging,0.49191826324947496
4,EXPH5 (23086)_damaging,0.0
4,NCAM1 (4684)_damaging,0.0
4,USP28 (57646)_damaging,0.08829724606467511
4,DSCAML1 (57453)_damaging,0.0
4,KMT2A (4297)_damaging,0.031726669377565464
4,BCL9L (283149)_damaging,0.0
4,HYOU1 (10525)_damaging,0.0
4,ARHGEF12 (23365)_damaging,0.0
4,TECTA (7007)_damaging,0.0
4,SORL1 (6653)_damaging,0.0
4,ROBO3 (64221)_damaging,0.0
4,IGSF9B (22997)_damaging,0.0
4,GLB1L2 (89944)_damaging,0.0
4,LINC02714 (729305)_damaging,0.0
4,KDM5A (5927)_damaging,0.0
4,WNK1 (65125)_damaging,0.0
4,CACNA1C (775)_damaging,0.8143523710016437
4,VWF (7450)_damaging,0.0
4,PLEKHG6 (55200)_damaging,0.024106348565253805
4,CHD4 (1108)_damaging,0.3266605628512825
4,ATN1 (1822)_damaging,0.027979011705062777
4,A2ML1 (144568)_damaging,0.0
4,A2M (2)_damaging,0.0
4,PZP (5858)_damaging,0.040996028600766475
4,GRIN2B (2904)_damaging,0.0
4,ATF7IP (55729)_damaging,0.0
4,PIK3C2G (5288)_damaging,0.0
4,SLCO1B3 (28234)_damaging,0.0
4,RECQL (5965)_damaging,0.0
4,ABCC9 (10060)_damaging,0.14095102003857546
4,C2CD5 (9847)_damaging,0.06806695527511487
4,ITPR2 (3709)_damaging,0.0
4,OVCH1 (341350)_damaging,0.0
4,KIF21A (55605)_damaging,0.0
4,LRRK2 (120892)_damaging,0.0
4,MUC19 (283463)_damaging,1.0327515330188346
4,CNTN1 (1272)_damaging,0.14685523261205535
4,ADAMTS20 (80070)_damaging,0.0
4,ANO6 (196527)_damaging,0.0
4,ARID2 (196528)_damaging,0.04005847325930983
4,HDAC7 (51564)_damaging,0.0
4,COL2A1 (1280)_damaging,0.0
4,WNT1 (7471)_damaging,0.0
4,KMT2D (8085)_damaging,0.05148321782646413
4,NCKAP5L (57701)_damaging,0.0
4,DIP2B (57609)_damaging,0.0
4,TNS2 (23371)_damaging,0.06308464940199822
4,MAP3K12 (7786)_damaging,0.0
4,ERBB3 (2065)_damaging,0.0
4,PAN2 (9924)_damaging,0.0
4,STAT2 (6773)_damaging,0.0
4,NACA (4666)_damaging,0.0
4,MYO1A (4640)_damaging,0.0
4,STAT6 (6778)_damaging,0.0
4,LRP1 (4035)_damaging,0.0
4,R3HDM2 (22864)_damaging,0.0
4,GLI1 (2735)_damaging,0.0
4,MBD6 (114785)_damaging,0.0
4,KIF5A (3798)_damaging,0.216925529367739
4,PTPRB (5787)_damaging,0.23008958046084454
4,ZFC3H1 (196441)_damaging,0.0
4,E2F7 (144455)_damaging,0.06402805785972979
4,NAV3 (89795)_damaging,0.0
4,OTOGL (283310)_damaging,0.0
4,PTPRQ (374462)_damaging,0.059295662037526085
4,PPFIA2 (8499)_damaging,0.0
4,LRRIQ1 (84125)_damaging,0.0
4,CEP290 (80184)_damaging,0.0
4,EPYC (1833)_damaging,0.0
4,PLXNC1 (10154)_damaging,0.0
4,CFAP54 (144535)_damaging,0.23201276510734217
4,ANKS1B (56899)_damaging,0.0
4,UTP20 (27340)_damaging,0.0
4,STAB2 (55576)_damaging,0.2982614144238435
4,ACACB (32)_damaging,0.0
4,CUX2 (23316)_damaging,0.0
4,DTX1 (1840)_damaging,0.0
4,NOS1 (4842)_damaging,0.0
4,CIT (11113)_damaging,0.0
4,HNF1A (6927)_damaging,0.02917437518237642
4,KDM2B (84678)_damaging,0.0
4,SETD1B (23067)_damaging,0.0
4,CFAP251 (144406)_damaging,0.057078015156772195
4,KNTC1 (9735)_damaging,0.0
4,SBNO1 (55206)_damaging,0.0
4,DNAH10 (196385)_damaging,0.0
4,NCOR2 (9612)_damaging,0.0
4,TMEM132D (121256)_damaging,0.0
4,RIMBP2 (23504)_damaging,0.12248870991557866
4,SFSWAP (6433)_damaging,0.0
4,EP400 (57634)_damaging,0.0
4,POLE (5426)_damaging,0.0
4,SACS (26278)_damaging,0.2128264451944097
4,RNF17 (56163)_damaging,0.0
4,ATP8A2 (51761)_damaging,0.02298719809998179
4,FRY (10129)_damaging,0.22081223326598148
4,BRCA2 (675)_damaging,0.20806493741234494
4,PDS5B (23047)_damaging,1.260225183952578
4,NBEA (26960)_damaging,0.0
4,FREM2 (341640)_damaging,0.02263707519178167
4,DGKH (160851)_damaging,0.014756667811805355
4,ZC3H13 (23091)_damaging,0.0
4,RUBCNL (80183)_damaging,0.0
4,RB1 (5925)_damaging,1.273867261213768
4,RCBTB2 (1102)_damaging,0.0
4,KLHL1 (57626)_damaging,0.06822865534120867
4,DIS3 (22894)_damaging,0.0
4,MYCBP2 (23077)_damaging,0.0
4,SLITRK5 (26050)_damaging,0.0
4,NALCN (259232)_damaging,0.0
4,CCDC168 (643677)_damaging,0.0
4,MYO16 (23026)_damaging,0.0
4,COL4A1 (1282)_damaging,0.0
4,COL4A2 (1284)_damaging,0.0
4,TEP1 (7011)_damaging,0.0
4,ARHGEF40 (55701)_damaging,0.0
4,CHD8 (57680)_damaging,0.0
4,AJUBA (84962)_damaging,0.45948863202938467
4,ACIN1 (22985)_damaging,0.0
4,MYH7 (4625)_damaging,0.0
4,CARMIL3 (90668)_damaging,0.0
4,NYNRIN (57523)_damaging,0.028107004626829444
4,G2E3 (55632)_damaging,0.0
4,AKAP6 (9472)_damaging,0.06041235741545373
4,NPAS3 (64067)_damaging,0.0
4,RALGAPA1 (253959)_damaging,0.0
4,MIPOL1 (145282)_damaging,0.012501889392388998
4,MIA2 (4253)_damaging,0.0
4,TOGARAM1 (23116)_damaging,0.035861633811930214
4,FANCM (57697)_damaging,0.0
4,MDGA2 (161357)_damaging,0.014379049233662212
4,NIN (51199)_damaging,0.0
4,NID2 (22795)_damaging,0.0
4,KTN1 (3895)_damaging,0.01579629193661441
4,ARID4A (5926)_damaging,0.050218648776721886
4,HIF1A (3091)_damaging,0.0
4,KCNH5 (27133)_damaging,0.0
4,SYNE2 (23224)_damaging,0.24481786413797516
4,PCNX1 (22990)_damaging,0.0
4,SIPA1L1 (26037)_damaging,0.028408093767866207
4,MIDEAS (91748)_damaging,0.0
4,YLPM1 (56252)_damaging,0.0
4,MLH3 (27030)_damaging,0.5084204890638142
4,NRXN3 (9369)_damaging,0.004383460066220065
4,CEP128 (145508)_damaging,0.0
4,PTPN21 (11099)_damaging,0.0
4,EML5 (161436)_damaging,0.0
4,FOXN3 (1112)_damaging,0.0
4,TRIP11 (9321)_damaging,0.0
4,UNC79 (57578)_damaging,0.04208004921537773
4,ATG2B (55102)_damaging,0.0
4,RTL1 (388015)_damaging,0.0
4,DYNC1H1 (1778)_damaging,0.0
4,KIF26A (26153)_damaging,0.0019055628573842502
4,INF2 (64423)_damaging,0.0
4,AHNAK2 (113146)_damaging,0.0
4,HERC2 (8924)_damaging,0.0
4,TJP1 (7082)_damaging,0.0
4,TRPM1 (4308)_damaging,0.03154455267294863
4,FMN1 (342184)_damaging,0.042086673969637355
4,RYR3 (6263)_damaging,0.0
4,SPRED1 (161742)_damaging,0.0
4,KNL1 (57082)_damaging,0.0
4,INO80 (54617)_damaging,0.002143718988173729
4,TYRO3 (7301)_damaging,0.646044371603236
4,MGA (23269)_damaging,0.0
4,SPTBN5 (51332)_damaging,0.0
4,ZNF106 (64397)_damaging,0.0
4,STARD9 (57519)_damaging,0.0
4,UBR1 (197131)_damaging,0.0
4,TP53BP1 (7158)_damaging,0.04711639382280914
4,MAP1A (4130)_damaging,0.0
4,SPG11 (80208)_damaging,0.042873275475366686
4,B2M (567)_damaging,0.0
4,DUOX2 (50506)_damaging,0.21299515801721078
4,FBN1 (2200)_damaging,0.023557753606560553
4,DMXL2 (23312)_damaging,0.0
4,MYO5C (55930)_damaging,0.0
4,UNC13C (440279)_damaging,0.0
4,RFX7 (64864)_damaging,0.0
4,ICE2 (79664)_damaging,0.0
4,VPS13C (54832)_damaging,0.0
4,TLN2 (83660)_damaging,0.0
4,HERC1 (8925)_damaging,0.058762519721909254
4,ZNF609 (23060)_damaging,0.0
4,NOX5 (79400)_damaging,0.0
4,MYO9A (4649)_damaging,0.516479970524129
4,HCN4 (10021)_damaging,0.0
4,ARID3B (10620)_damaging,0.0
4,SIN3A (25942)_damaging,0.14551259833383706
4,PEAK1 (79834)_damaging,0.006856874549818684
4,ADAMTSL3 (57188)_damaging,0.0
4,AKAP13 (11214)_damaging,0.0
4,AGBL1 (123624)_damaging,0.021159733681495325
4,TICRR (90381)_damaging,0.01335492590943655
4,KIF7 (374654)_damaging,0.0
4,IQGAP1 (8826)_damaging,0.047525907901836535
4,BLM (641)_damaging,0.0
4,FES (2242)_damaging,0.16704762912314505
4,CHD2 (1106)_damaging,0.0
4,LRRK1 (79705)_damaging,0.0
4,WDR90 (197335)_damaging,0.006413403839367215
4,CACNA1H (8912)_damaging,0.0
4,UNKL (64718)_damaging,0.0
4,CRAMP1 (57585)_damaging,0.0
4,TSC2 (7249)_damaging,0.0
4,PKD1 (5310)_damaging,0.18612905704801988
4,SLX4 (84464)_damaging,0.0
4,CREBBP (1387)_damaging,1.4068023109621033
4,CORO7 (79585)_damaging,0.0
4,SEC14L5 (9717)_damaging,0.0
4,GRIN2A (2903)_damaging,0.0
4,KNOP1 (400506)_damaging,0.0
4,DNAH3 (55567)_damaging,0.0
4,SCNN1B (6338)_damaging,0.0
4,PALB2 (79728)_damaging,0.0
4,RBBP6 (5930)_damaging,0.0
4,TNRC6A (27327)_damaging,0.0
4,ARHGAP17 (55114)_damaging,0.0
4,GTF3C1 (2975)_damaging,0.0197309094109328
4,ATXN2L (11273)_damaging,0.0
4,ITGAL (3683)_damaging,0.0
4,FBRS (64319)_damaging,0.007966029877204357
4,SRCAP (10847)_damaging,0.0
4,SETD1A (9739)_damaging,0.0
4,ITGAM (3684)_damaging,0.013246980658633906
4,ITGAD (3681)_damaging,0.0
4,ABCC11 (85320)_damaging,0.0
4,SALL1 (6299)_damaging,0.0
4,CHD9 (80205)_damaging,0.0
4,RBL2 (5934)_damaging,0.035554721004098906
4,NLRC5 (84166)_damaging,0.10232628953649786
4,CNOT1 (23019)_damaging,0.0
4,CDH8 (1006)_damaging,0.0
4,CTCF (10664)_damaging,0.0
4,CARMIL2 (146206)_damaging,0.05866255581036912
4,CDH1 (999)_damaging,0.0
4,DHX38 (9785)_damaging,0.0
4,ZFHX3 (463)_damaging,0.0
4,CNTNAP4 (85445)_damaging,0.0
4,TAF1C (9013)_damaging,0.0
4,GSE1 (23199)_damaging,0.0
4,IRF8 (3394)_damaging,0.017079452647621587
4,ZNF469 (84627)_damaging,0.16323044578342838
4,ZC3H18 (124245)_damaging,0.0
4,PIEZO1 (9780)_damaging,0.0
4,LINC02138 (400558)_damaging,0.7394518094830024
4,CDH15 (1013)_damaging,0.02328516830099264
4,ANKRD11 (29123)_damaging,0.0
4,VPS9D1 (9605)_damaging,0.0
4,FANCA (2175)_damaging,0.0
4,WDR81 (124997)_damaging,0.0
4,CLUH (23277)_damaging,0.0
4,SPATA22 (84690)_damaging,0.04666955978493501
4,ZZEF1 (23140)_damaging,0.0
4,CAMTA2 (23125)_damaging,0.0
4,USP6 (9098)_damaging,0.0
4,ACADVL (37)_damaging,0.0
4,FXR2 (9513)_damaging,0.0
4,TP53 (7157)_damaging,19.546597397770327
4,EFNB3 (1949)_damaging,0.043891192663520665
4,DNAH2 (146754)_damaging,0.0
4,KDM6B (23135)_damaging,0.01683690346948553
4,CHD3 (1107)_damaging,0.0
4,ALOX12B (242)_damaging,0.0
4,PER1 (5187)_damaging,0.013366849009514207
4,MYH13 (8735)_damaging,0.0
4,MYH8 (4626)_damaging,0.010199849226183375
4,MYH1 (4619)_damaging,0.031218676535765995
4,MYH2 (4620)_damaging,0.0
4,DNAH9 (1770)_damaging,0.0
4,MYOCD (93649)_damaging,0.0
4,NCOR1 (9611)_damaging,0.0
4,FLCN (201163)_damaging,0.017472578755852206
4,MYO15A (51168)_damaging,0.0
4,SPECC1 (92521)_damaging,0.032017733269074256
4,KSR1 (8844)_damaging,0.025101379154895107
4,MYO18A (399687)_damaging,0.0
4,ANKRD13B (124930)_damaging,0.009792552574001408
4,EFCAB5 (374786)_damaging,0.0
4,ATAD5 (79915)_damaging,0.0
4,NF1 (4763)_damaging,0.0
4,SUZ12 (23512)_damaging,0.0
4,SLFN11 (91607)_damaging,1.0214369463137796
4,ACACA (31)_damaging,0.2750296856669844
4,GPR179 (440435)_damaging,0.0
4,TOP2A (7153)_damaging,0.0
4,STAT5B (6777)_damaging,0.0
4,BRCA1 (672)_damaging,0.0
4,ITGA2B (3674)_damaging,0.12705786251135617
4,GPATCH8 (23131)_damaging,0.04159347217821884
4,KANSL1 (284058)_damaging,0.3907539217270735
4,COL1A1 (1277)_damaging,0.02977814369441564
4,CACNA1G (8913)_damaging,0.0
4,TSPOAP1 (9256)_damaging,0.0
4,RNF43 (54894)_damaging,0.03501582839466949
4,BRIP1 (83990)_damaging,0.0
4,MED13 (9969)_damaging,0.0
4,MRC2 (9902)_damaging,0.0
4,SCN4A (6329)_damaging,0.17535263997299105
4,GNA13 (10672)_damaging,0.2380098657633319
4,AXIN2 (8313)_damaging,0.0229216254870846
4,HELZ (9931)_damaging,0.0
4,BPTF (2186)_damaging,0.0
4,ABCA8 (10351)_damaging,0.0
4,ABCA9 (10350)_damaging,1.203539237564256
4,ABCA6 (23460)_damaging,0.06597511525861015
4,ABCA10 (10349)_damaging,0.08354809549068236
4,ABCA5 (23461)_damaging,0.1785700455607355
4,SOX9 (6662)_damaging,0.0
4,SDK2 (54549)_damaging,0.0
4,TMEM94 (9772)_damaging,0.0
4,CASKIN2 (57513)_damaging,0.0
4,MYO15B (80022)_damaging,0.0
4,ITGB4 (3691)_damaging,0.23252505597993164
4,EVPL (2125)_damaging,0.024371517862769154
4,SPHK1 (8877)_damaging,0.0
4,RHBDF2 (79651)_damaging,0.03641362051826522
4,TNRC6C (57690)_damaging,0.017845986773589714
4,DNAH17 (8632)_damaging,0.0
4,RPTOR (57521)_damaging,0.0
4,BAHCC1 (57597)_damaging,0.0
4,FASN (2194)_damaging,0.0
4,NARF (26502)_damaging,0.0
4,SMCHD1 (23347)_damaging,0.0
4,EPB41L3 (23136)_damaging,0.0
4,LAMA1 (284217)_damaging,0.0
4,MTCL1 (23255)_damaging,0.0
4,ANKRD12 (23253)_damaging,0.0
4,PIEZO2 (63895)_damaging,0.0
4,ANKRD30B (374860)_damaging,0.0
4,ROCK1 (6093)_damaging,0.0
4,ESCO1 (114799)_damaging,0.0
4,LAMA3 (3909)_damaging,0.0
4,ZNF521 (25925)_damaging,0.0
4,CCDC178 (374864)_damaging,0.0
4,ASXL3 (80816)_damaging,0.0
4,SETBP1 (26040)_damaging,0.7096801795619511
4,EPG5 (57724)_damaging,0.27756203625595227
4,LOXHD1 (125336)_damaging,0.0
4,SKOR2 (652991)_damaging,0.03597800249627896
4,ZBTB7C (201501)_damaging,0.0
4,MYO5B (4645)_damaging,0.06727636167986163
4,SMAD4 (4089)_damaging,0.15087086437183445
4,DCC (1630)_damaging,0.0
4,ALPK2 (115701)_damaging,0.0
4,RTTN (25914)_damaging,0.0
4,CBLN2 (147381)_damaging,0.03212936344172478
4,ZNF236 (7776)_damaging,0.0
4,SALL3 (27164)_damaging,0.0
4,ATP9B (374868)_damaging,0.0
4,KCNG2 (26251)_damaging,0.0
4,POLRMT (5442)_damaging,0.05800726922595908
4,ABCA7 (10347)_damaging,0.0
4,STK11 (6794)_damaging,0.8030879626004396
4,DAZAP1 (26528)_damaging,0.0
4,APC2 (10297)_damaging,0.0
4,TCF3 (6929)_damaging,0.11633020920387985
4,AP3D1 (8943)_damaging,0.0
4,DOT1L (84444)_damaging,0.1832845385309174
4,ZBTB7A (51341)_damaging,0.0
4,TICAM1 (148022)_damaging,0.0
4,KDM4B (23030)_damaging,0.005705308434388605
4,PTPRS (5802)_damaging,0.04385581243547212
4,SAFB2 (9667)_damaging,0.004147723911092076
4,FBN3 (84467)_damaging,0.06926389312319547
4,MUC16 (94025)_damaging,0.1438653657356262
4,COL5A3 (50509)_damaging,0.08141152720180447
4,DNMT1 (1786)_damaging,0.0
4,KEAP1 (9817)_damaging,0.0
4,DNM2 (1785)_damaging,0.0
4,SMARCA4 (6597)_damaging,0.0
4,MAN2B1 (4125)_damaging,0.0
4,MAST1 (22983)_damaging,0.0
4,CACNA1A (773)_damaging,0.031305994053896995
4,NOTCH3 (4854)_damaging,0.0
4,WIZ (58525)_damaging,0.0
4,AP1M1 (8907)_damaging,0.0
4,SIN3B (23309)_damaging,0.0
4,CPAMD8 (27151)_damaging,0.0
4,MYO9B (4650)_damaging,0.0
4,ZNF429 (353088)_damaging,0.0
4,ZNF208 (7757)_damaging,0.0
4,ZNF729 (100287226)_damaging,0.0
4,ZNF91 (7644)_damaging,0.0
4,URI1 (8725)_damaging,0.0
4,ZNF536 (9745)_damaging,0.024109476076222762
4,TSHZ3 (57616)_damaging,0.0
4,KMT2B (9757)_damaging,0.0
4,ARHGAP33 (115703)_damaging,0.0
4,NPHS1 (4868)_damaging,0.0
4,WDR87 (83889)_damaging,0.0
4,SIPA1L3 (23094)_damaging,0.0
4,RYR1 (6261)_damaging,0.0
4,CAPN12 (147968)_damaging,0.10108431951632504
4,FCGBP (8857)_damaging,0.0
4,PRX (57716)_damaging,0.05324526077258005
4,AXL (558)_damaging,0.0
4,HNRNPUL1 (11100)_damaging,0.0
4,ARHGEF1 (9138)_damaging,0.04919789356414722
4,ERF (2077)_damaging,0.0
4,CIC (23152)_damaging,0.5099002389099523
4,MEGF8 (1954)_damaging,0.0
4,ARHGAP35 (2909)_damaging,0.0
4,BICRA (29998)_damaging,0.015087022085799639
4,GRIN2D (2906)_damaging,0.0
4,LMTK3 (114783)_damaging,0.0
4,TRPM4 (54795)_damaging,0.0
4,PRR12 (57479)_damaging,0.0475369409111226
4,SCAF1 (58506)_damaging,0.0
4,POLD1 (5424)_damaging,0.0
4,SHANK1 (50944)_damaging,0.0
4,ZNF331 (55422)_damaging,0.0
4,BRSK1 (84446)_damaging,0.5809458931351787
4,SSC5D (284297)_damaging,0.0
4,NLRP9 (338321)_damaging,0.0
4,NLRP4 (147945)_damaging,0.0
4,PEG3 (5178)_damaging,0.0990106785932403
4,ZIM3 (114026)_damaging,0.0
4,TPO (7173)_damaging,0.012735838494665079
4,PXDN (7837)_damaging,0.28543373194266297
4,MYT1L (23040)_damaging,0.0
4,ROCK2 (9475)_damaging,0.0
4,GREB1 (9687)_damaging,0.025951215907206754
4,NBAS (51594)_damaging,0.034661419862020336
4,RAD51AP2 (729475)_damaging,0.0
4,APOB (338)_damaging,0.07716805724121754
4,TDRD15 (100129278)_damaging,0.0
4,ATAD2B (54454)_damaging,0.0
4,ITSN2 (50618)_damaging,0.0
4,DNMT3A (1788)_damaging,0.0
4,ASXL2 (55252)_damaging,0.0
4,OTOF (9381)_damaging,0.0
4,CAD (790)_damaging,0.0
4,IFT172 (26160)_damaging,0.0
4,SPATA31H1 (84226)_damaging,0.0
4,ALK (238)_damaging,0.0
4,BIRC6 (57448)_damaging,0.09431554296374564
4,LTBP1 (4052)_damaging,0.0037865217616307348
4,HEATR5B (54497)_damaging,0.0
4,ZFP36L2 (678)_damaging,0.05731660031514406
4,THADA (63892)_damaging,0.0
4,MSH2 (4436)_damaging,0.0
4,MSH6 (2956)_damaging,0.0
4,NRXN1 (9378)_damaging,0.0
4,SPTBN1 (6711)_damaging,0.0
4,EML6 (400954)_damaging,0.0
4,CCDC88A (55704)_damaging,0.05819401373695006
4,BCL11A (53335)_damaging,0.0
4,USP34 (9736)_damaging,0.0
4,C2orf42 (54980)_damaging,0.055265431150303995
4,ZNF638 (27332)_damaging,0.0
4,DYSF (8291)_damaging,0.0
4,ALMS1 (7840)_damaging,0.0535181131607967
4,CTNNA2 (1496)_damaging,0.1058949558657322
4,DNAH6 (1768)_damaging,0.0
4,PROM2 (150696)_damaging,0.012932396190374392
4,ANKRD36C (400986)_damaging,0.09261731760948544
4,ANKRD36 (375248)_damaging,0.0
4,TMEM131 (23505)_damaging,0.0
4,VWA3B (200403)_damaging,0.0
4,CRACDL (343990)_damaging,0.0
4,EIF5B (9669)_damaging,0.0
4,AFF3 (3899)_damaging,0.0
4,MARCO (8685)_damaging,0.0
4,CLASP1 (23332)_damaging,0.03976172116488585
4,CNTNAP5 (129684)_damaging,0.03228113153403427
4,UGGT1 (56886)_damaging,0.0
4,ARHGEF4 (50649)_damaging,0.0
4,NCKAP5 (344148)_damaging,0.0
4,THSD7B (80731)_damaging,0.0
4,LRP1B (53353)_damaging,0.2684451231736036
4,ZEB2 (9839)_damaging,0.0
4,ACVR2A (92)_damaging,0.2541501804653807
4,ORC4 (5000)_damaging,0.018107820277308128
4,KIF5C (3800)_damaging,0.0
4,RIF1 (55183)_damaging,0.0
4,NEB (4703)_damaging,0.08437954275653284
4,GALNT13 (114805)_damaging,0.0
4,BAZ2B (29994)_damaging,0.0
4,LY75 (4065)_damaging,0.0
4,PLA2R1 (22925)_damaging,0.00865648140242591
4,SLC4A10 (57282)_damaging,0.0
4,KCNH7 (90134)_damaging,0.0
4,FIGN (55137)_damaging,0.0
4,SCN3A (6328)_damaging,0.0
4,SCN2A (6326)_damaging,0.1488818671771903
4,SCN1A (6323)_damaging,0.0
4,SCN9A (6335)_damaging,0.0
4,SCN7A (6332)_damaging,0.0
4,XIRP2 (129446)_damaging,0.0
4,LRP2 (4036)_damaging,0.0
4,KLHL41 (10324)_damaging,0.08117684286292222
4,TTN (7273)_damaging,0.07747206882286421
4,CCDC141 (285025)_damaging,0.059826653423367855
4,FSIP2 (401024)_damaging,0.0
4,COL3A1 (1281)_damaging,0.0
4,COL5A2 (1290)_damaging,0.03041700076964846
4,ANKAR (150709)_damaging,0.0
4,DNAH7 (56171)_damaging,0.2133204784101857
4,HECW2 (57520)_damaging,0.0
4,PLCL1 (5334)_damaging,0.01050823207163625
4,SGO2 (151246)_damaging,0.0
4,CASP8 (841)_damaging,0.021767948626243396
4,C2CD6 (151254)_damaging,0.0
4,BMPR2 (659)_damaging,0.0
4,NBEAL1 (65065)_damaging,0.0
4,PARD3B (117583)_damaging,0.0
4,INO80D (54891)_damaging,0.12523640254073953
4,ZDBF2 (57683)_damaging,0.0
4,MAP2 (4133)_damaging,0.0
4,UNC80 (285175)_damaging,0.0
4,KANSL1L (151050)_damaging,0.0
4,CPS1 (1373)_damaging,0.0
4,ERBB4 (2066)_damaging,0.0
4,ABCA12 (26154)_damaging,0.23323154530441312
4,FN1 (2335)_damaging,0.021880478417881558
4,CFAP65 (255101)_damaging,0.25314239768495234
4,SPEG (10290)_damaging,0.04409825024089938
4,SLC4A3 (6508)_damaging,0.05153977677745249
4,DOCK10 (55619)_damaging,0.0
4,NYAP2 (57624)_damaging,0.0
4,COL4A4 (1286)_damaging,0.0450227895394254
4,SPHKAP (80309)_damaging,0.015012699025940527
4,GIGYF2 (26058)_damaging,0.0
4,COL6A3 (1293)_damaging,0.024362886802177953
4,RBM44 (375316)_damaging,0.04183407269325584
4,HDAC4 (9759)_damaging,0.0
4,KIF1A (547)_damaging,0.0
4,TRIB3 (57761)_damaging,0.03913392328396934
4,FASTKD5 (60493)_damaging,0.8776958574017645
4,SLC4A11 (83959)_damaging,0.022187666431882122
4,PLCB4 (5332)_damaging,0.0
4,ESF1 (51575)_damaging,0.0
4,RRBP1 (6238)_damaging,0.005563992550969415
4,CFAP61 (26074)_damaging,0.02620437768817258
4,ASXL1 (171023)_damaging,1.71560785155678
4,NCOA6 (23054)_damaging,0.0
4,MYH7B (57644)_damaging,0.12747749396183408
4,SAMHD1 (25939)_damaging,0.08444362363783817
4,RALGAPB (57148)_damaging,0.012678511137881505
4,CHD6 (84181)_damaging,0.0
4,PTPRT (11122)_damaging,0.07232367333033199
4,NCOA3 (8202)_damaging,0.0
4,DDX27 (55661)_damaging,0.0
4,KCNB1 (3745)_damaging,0.0
4,ZNF831 (128611)_damaging,0.0
4,SYCP2 (10388)_damaging,0.0
4,TAF4 (6874)_damaging,0.0
4,LAMA5 (3911)_damaging,0.3798557524429534
4,DIDO1 (11083)_damaging,0.0
4,COL20A1 (57642)_damaging,0.0
4,HELZ2 (85441)_damaging,0.0
4,TPTE (7179)_damaging,0.0
4,NRIP1 (8204)_damaging,0.051888708457266876
4,LTN1 (26046)_damaging,0.0
4,USP16 (10600)_damaging,0.0
4,SCAF4 (57466)_damaging,0.7348246563931885
4,SYNJ1 (8867)_damaging,0.0
4,ITSN1 (6453)_damaging,0.0
4,RUNX1 (861)_damaging,0.0
4,DOP1B (9980)_damaging,0.0
4,BRWD1 (54014)_damaging,0.0
4,DSCAM (1826)_damaging,0.0
4,ZBTB21 (49854)_damaging,0.0
4,UMODL1 (89766)_damaging,0.0
4,NDUFV3 (4731)_damaging,0.0
4,COL18A1 (80781)_damaging,0.16048502686454674
4,PCNT (5116)_damaging,0.42600563167909306
4,CECR2 (27443)_damaging,0.0
4,ZDHHC8 (29801)_damaging,0.0341214145926969
4,MED15 (51586)_damaging,0.0
4,PI4KA (5297)_damaging,0.09011763113524116
4,LZTR1 (8216)_damaging,0.0
4,MYO18B (84700)_damaging,0.0
4,CHEK2 (11200)_damaging,0.0
4,ZNRF3 (84133)_damaging,0.0
4,NF2 (4771)_damaging,0.12748030959712794
4,MTMR3 (8897)_damaging,0.35803395957121525
4,DEPDC5 (9681)_damaging,0.0
4,RTCB (51493)_damaging,0.0
4,MYH9 (4627)_damaging,0.0
4,TRIOBP (11078)_damaging,0.0
4,CACNA1I (8911)_damaging,0.0
4,TNRC6B (23112)_damaging,0.0
4,MRTFA (57591)_damaging,0.0
4,EP300 (2033)_damaging,0.0
4,ZC3H7B (23264)_damaging,0.0
4,MEI1 (150365)_damaging,0.07588270568060736
4,TCF20 (6942)_damaging,0.043107306236066255
4,SMC1B (27127)_damaging,0.0
4,PKDREJ (10343)_damaging,0.017437452333069117
4,PLXNB2 (23654)_damaging,0.0
4,PPP6R2 (9701)_damaging,0.06752519029119272
4,SBF1 (6305)_damaging,0.0
4,KLHDC7B (113730)_damaging,0.0
4,CHL1 (10752)_damaging,0.03589655437983301
4,CNTN6 (27255)_damaging,0.0
4,CNTN4 (152330)_damaging,0.0
4,GRM7 (2917)_damaging,0.0
4,SSUH2 (51066)_damaging,0.3085258971025997
4,VHL (7428)_damaging,0.044055804790505755
4,FBLN2 (2199)_damaging,0.0
4,TGFBR2 (7048)_damaging,0.17337220186537197
4,CLASP2 (23122)_damaging,0.0
4,TRANK1 (9881)_damaging,0.13160993227785012
4,MLH1 (4292)_damaging,0.0
4,GOLGA4 (2803)_damaging,0.09803757497579353
4,SCN10A (6336)_damaging,0.0
4,SCN11A (11280)_damaging,0.034662041509380265
4,NKTR (4820)_damaging,0.0
4,TOPAZ1 (375337)_damaging,0.0
4,KIF15 (56992)_damaging,0.0
4,SETD2 (29072)_damaging,0.007046380250962233
4,PTPN23 (25930)_damaging,0.0
4,PLXNB1 (5364)_damaging,0.0
4,COL7A1 (1294)_damaging,0.0
4,CELSR3 (1951)_damaging,0.0
4,USP19 (10869)_damaging,0.0
4,RHOA (387)_damaging,0.01719001837509208
4,BSN (8927)_damaging,0.03278521075799285
4,RBM6 (10180)_damaging,0.0
4,DOCK3 (1795)_damaging,0.0
4,DNAH1 (25981)_damaging,0.06363462911160785
4,BAP1 (8314)_damaging,0.8907849744395246
4,STAB1 (23166)_damaging,0.0
4,PBRM1 (55193)_damaging,0.0
4,CACNA1D (776)_damaging,0.021199124459575138
4,DNAH12 (201625)_damaging,0.00557099545914561
4,FLNB (2317)_damaging,0.0
4,PTPRG (5793)_damaging,0.07345488356824591
4,ATXN7 (6314)_damaging,0.0
4,CNTN3 (5067)_damaging,0.19137678426806776
4,ROBO2 (6092)_damaging,0.10504278874756293
4,ROBO1 (6091)_damaging,0.01749494419965423
4,EPHA3 (2042)_damaging,0.0
4,EPHA6 (285220)_damaging,0.0
4,CRYBG3 (131544)_damaging,0.0
4,ABI3BP (25890)_damaging,0.0
4,MYH15 (22989)_damaging,0.0
4,MORC1 (27136)_damaging,0.22217649104179119
4,NECTIN3 (25945)_damaging,0.0
4,ZBTB20 (26137)_damaging,0.7262991178820332
4,CFAP91 (89876)_damaging,0.03509893192954772
4,POLQ (10721)_damaging,0.12406703261147743
4,MYLK (4638)_damaging,0.0
4,KALRN (8997)_damaging,1.4452305336720628
4,COL6A5 (256076)_damaging,0.0
4,DNAJC13 (23317)_damaging,0.0
4,NPHP3 (27031)_damaging,0.0
4,TOPBP1 (11073)_damaging,0.10085281784039178
4,RASA2 (5922)_damaging,0.0
4,ATR (545)_damaging,0.0
4,HPS3 (84343)_damaging,0.005273147311582181
4,MED12L (116931)_damaging,0.040091569403756404
4,IGSF10 (285313)_damaging,0.0
4,ARHGEF26 (26084)_damaging,0.0
4,MME (4311)_damaging,0.0
4,SI (6476)_damaging,0.0
4,ZBBX (79740)_damaging,0.0
4,MECOM (2122)_damaging,0.0
4,SPATA16 (83893)_damaging,0.0
4,USP13 (8975)_damaging,0.0
4,TTC14 (151613)_damaging,0.0
4,ATP13A5 (344905)_damaging,0.0
4,MUC4 (4585)_damaging,0.0
4,TNK2 (10188)_damaging,0.0
4,NSD2 (7468)_damaging,0.0
4,FAM193A (8603)_damaging,0.0
4,HTT (3064)_damaging,0.0
4,JAKMIP1 (152789)_damaging,0.0
4,UNC93B7 (100887746)_damaging,0.0
4,BOD1L1 (259282)_damaging,0.0
4,CPEB2 (132864)_damaging,0.05006244978047338
4,SLIT2 (9353)_damaging,0.0
4,RFC1 (5981)_damaging,0.0
4,LIMCH1 (22998)_damaging,0.0
4,BEND4 (389206)_damaging,0.0
4,ATP8A1 (10396)_damaging,0.0
4,ATP10D (57205)_damaging,0.0
4,CORIN (10699)_damaging,0.0
4,FRYL (285527)_damaging,0.0
4,KDR (3791)_damaging,0.0
4,POLR2B (5431)_damaging,0.0
4,ADGRL3 (23284)_damaging,0.0
4,EPHA5 (2044)_damaging,0.0
4,CENPC (1060)_damaging,0.0
4,ADAMTS3 (9508)_damaging,0.0
4,SHROOM3 (57619)_damaging,0.0
4,FRAS1 (80144)_damaging,0.0
4,WDFY3 (23001)_damaging,0.17268489311925203
4,PTPN13 (5783)_damaging,0.0036425970431305456
4,AFF1 (4299)_damaging,0.07841298598390928
4,HERC5 (51191)_damaging,0.0
4,SMARCAD1 (56916)_damaging,0.1528038108140981
4,UNC5C (8633)_damaging,0.0
4,CENPE (1062)_damaging,0.0
4,TET2 (54790)_damaging,0.0
4,COL25A1 (84570)_damaging,0.0
4,ANK2 (287)_damaging,0.0
4,BLTP1 (84162)_damaging,0.003310881301922743
4,FAT4 (79633)_damaging,0.0
4,PCDH10 (57575)_damaging,0.0
4,NAA15 (80155)_damaging,0.0
4,ABCE1 (6059)_damaging,0.11873286111514215
4,LRBA (987)_damaging,0.0
4,FBXW7 (55294)_damaging,0.0
4,FHDC1 (85462)_damaging,0.04177180988991967
4,DCHS2 (54798)_damaging,0.0
4,MAP9 (79884)_damaging,0.0
4,GRIA2 (2891)_damaging,0.02162365112048512
4,RXFP1 (59350)_damaging,0.0
4,RAPGEF2 (9693)_damaging,0.0
4,FSTL5 (56884)_damaging,0.0
4,DDX60 (55601)_damaging,0.0
4,HAND2 (9464)_damaging,0.0
4,WDR17 (116966)_damaging,0.026305699096673282
4,TENM3 (55714)_damaging,0.0
4,WWC2 (80014)_damaging,0.0
4,SORBS2 (8470)_damaging,0.0
4,FAT1 (2195)_damaging,0.12887409528106486
4,SDHA (6389)_damaging,0.0
4,SLC12A7 (10723)_damaging,0.0
4,ADAMTS16 (170690)_damaging,0.0
4,ICE1 (23379)_damaging,0.0
4,CTNND2 (1501)_damaging,0.0
4,DNAH5 (1767)_damaging,0.025372614597498913
4,TRIO (7204)_damaging,0.0
4,PRDM9 (56979)_damaging,0.0
4,CDH10 (1008)_damaging,0.23680743134487417
4,CDH6 (1004)_damaging,0.0
4,PDZD2 (23037)_damaging,0.05034571121673499
4,ADAMTS12 (81792)_damaging,0.0
4,SPEF2 (79925)_damaging,0.0
4,NIPBL (25836)_damaging,0.0
4,CPLANE1 (65250)_damaging,0.0
4,EGFLAM (133584)_damaging,0.0009006885362493021
4,LIFR (3977)_damaging,0.0
4,C7 (730)_damaging,0.024923396685446443
4,MROH2B (133558)_damaging,0.0
4,C6 (729)_damaging,0.0
4,HCN1 (348980)_damaging,0.0
4,DHX29 (54505)_damaging,0.18551744379514912
4,PIK3R1 (5295)_damaging,0.0
4,RAD17 (5884)_damaging,0.0
4,BDP1 (55814)_damaging,0.02796154118221627
4,MAP1B (4131)_damaging,0.263668440151119
4,ARHGEF28 (64283)_damaging,0.04760767522103951
4,ANKRD31 (256006)_damaging,0.0
4,IQGAP2 (10788)_damaging,0.0
4,AP3B1 (8546)_damaging,0.0
4,CMYA5 (202333)_damaging,0.07986698035471065
4,MSH3 (4437)_damaging,0.569687857043399
4,VCAN (1462)_damaging,0.0
4,RASA1 (5921)_damaging,0.1325004503530661
4,ADGRV1 (84059)_damaging,0.0
4,KIAA0825 (285600)_damaging,0.0
4,SKIC3 (9652)_damaging,0.0
4,ARSK (153642)_damaging,0.3112471837740074
4,PCSK1 (5122)_damaging,0.0
4,SLCO6A1 (133482)_damaging,0.0
4,APC (324)_damaging,0.0
4,DMXL1 (1657)_damaging,0.07791864536526157
4,ZNF608 (57507)_damaging,0.0
4,FBN2 (2201)_damaging,0.1068007097111958
4,SLC27A6 (28965)_damaging,0.5619925173609494
4,ADAMTS19 (171019)_damaging,0.0
4,RAPGEF6 (51735)_damaging,0.0
4,RAD50 (10111)_damaging,0.3182979449089533
4,AFF4 (27125)_damaging,0.0
4,FSTL4 (23105)_damaging,0.0
4,PITX1 (5307)_damaging,0.5294451999908074
4,LINC02900 (340073)_damaging,0.0
4,CTNNA1 (1495)_damaging,0.0
4,PCDHB4 (56131)_damaging,0.8227262573971741
4,NR3C1 (2908)_damaging,0.0
4,TCERG1 (10915)_damaging,0.0
4,FBXO38 (81545)_damaging,0.0317372754116933
4,FAT2 (2196)_damaging,0.0
4,LARP1 (23367)_damaging,0.0
4,GEMIN5 (25929)_damaging,0.0
4,DOCK2 (1794)_damaging,0.0
4,NSD1 (64324)_damaging,0.0
4,ADAMTS2 (9509)_damaging,0.013395575060862952
4,FLT4 (2324)_damaging,0.0
4,DSP (1832)_damaging,0.0
4,HIVEP1 (3096)_damaging,0.0
4,JARID2 (3720)_damaging,0.0
4,HLA-A (3105)_damaging,0.0
4,PPP1R10 (5514)_damaging,0.0
4,MDC1 (9656)_damaging,0.0
4,VARS2 (57176)_damaging,0.0
4,MUCL3 (135656)_damaging,0.0
4,HLA-C (3107)_damaging,0.0
4,HLA-B (3106)_damaging,0.0
4,PRRC2A (7916)_damaging,0.31967013605127675
4,BAG6 (7917)_damaging,0.0
4,TNXB (7148)_damaging,0.0
4,NOTCH4 (4855)_damaging,0.0
4,COL11A2 (1302)_damaging,0.0
4,ITPR3 (3710)_damaging,0.0
4,BLTP3A (54887)_damaging,0.0
4,DNAH8 (1769)_damaging,0.01937292117631891
4,CCND3 (896)_damaging,0.0
4,ZNF318 (24149)_damaging,0.0
4,TDRD6 (221400)_damaging,0.05624582124868115
4,MMUT (4594)_damaging,0.04279650831696252
4,PKHD1 (5314)_damaging,0.05040786622191261
4,DST (667)_damaging,0.0
4,PHF3 (23469)_damaging,0.0
4,EYS (346007)_damaging,0.0
4,ADGRB3 (577)_damaging,0.016326150342266175
4,COL19A1 (1310)_damaging,0.04122428039311391
4,COL9A1 (1297)_damaging,0.0
4,RIMS1 (22999)_damaging,0.0
4,CD109 (135228)_damaging,0.0
4,COL12A1 (1303)_damaging,0.23784538157028237
4,CEP162 (22832)_damaging,0.0
4,SYNCRIP (10492)_damaging,0.0
4,ZNF292 (23036)_damaging,0.0
4,MDN1 (23195)_damaging,0.04220435113028054
4,CASP8AP2 (9994)_damaging,0.0
4,EPHA7 (2045)_damaging,0.0
4,MMS22L (253714)_damaging,0.0
4,PNISR (25957)_damaging,0.00547259411030232
4,ASCC3 (10973)_damaging,0.0
4,AK9 (221264)_damaging,0.005543975879857576
4,REV3L (5980)_damaging,0.0
4,ROS1 (6098)_damaging,0.0
4,TBC1D32 (221322)_damaging,0.0
4,TRDN (10345)_damaging,0.0
4,LAMA2 (3908)_damaging,0.2666380412556542
4,AKAP7 (9465)_damaging,0.0
4,MED23 (9439)_damaging,0.0
4,ARFGEF3 (57221)_damaging,0.0
4,ECT2L (345930)_damaging,0.44258323202314304
4,HIVEP2 (3097)_damaging,0.038919662359807414
4,UTRN (7402)_damaging,0.0
4,SHPRH (257218)_damaging,0.0
4,GRM1 (2911)_damaging,0.07189633955660199
4,ADGB (79747)_damaging,0.0
4,STXBP5 (134957)_damaging,0.0
4,SYNE1 (23345)_damaging,0.0
4,SCAF8 (22828)_damaging,0.0
4,ARID1B (57492)_damaging,0.2396854070888831
4,FNDC1 (84624)_damaging,0.0
4,IGF2R (3482)_damaging,0.011474801520063029
4,LPA (4018)_damaging,0.0040006292310966335
4,MAP3K4 (4216)_damaging,0.04327164947561326
4,QKI (9444)_damaging,0.18218701874866233
4,AFDN (4301)_damaging,0.08978169160835836
4,CARD11 (84433)_damaging,0.0
4,SDK1 (221935)_damaging,0.0
4,TNRC18 (84629)_damaging,0.0
4,PMS2 (5395)_damaging,0.43619350275864816
4,COL28A1 (340267)_damaging,0.0
4,THSD7A (221981)_damaging,0.0
4,VWDE (221806)_damaging,0.06812528312346648
4,DGKB (1607)_damaging,0.0
4,AHR (196)_damaging,0.04545449978426054
4,ABCB5 (340273)_damaging,0.827628540058993
4,DNAH11 (8701)_damaging,0.0
4,STK31 (56164)_damaging,0.3184076552008488
4,CDK13 (8621)_damaging,0.0
4,GLI3 (2737)_damaging,0.0
4,HECW1 (23072)_damaging,0.0
4,AEBP1 (165)_damaging,0.0
4,PKD1L1 (168507)_damaging,0.0
4,ABCA13 (154664)_damaging,0.0
4,EGFR (1956)_damaging,0.0
4,AUTS2 (26053)_damaging,0.007202803308515769
4,MAGI2 (9863)_damaging,0.0
4,CD36 (948)_damaging,0.0
4,PCLO (27445)_damaging,0.0
4,SEMA3E (9723)_damaging,0.043540580614463524
4,ABCB4 (5244)_damaging,0.0
4,ABCB1 (5243)_damaging,0.0
4,ADAM22 (53616)_damaging,0.0
4,ZNF804B (219578)_damaging,0.0
4,AKAP9 (10142)_damaging,0.0
4,ANKIB1 (54467)_damaging,0.0
4,SAMD9 (54809)_damaging,0.0
4,SAMD9L (219285)_damaging,0.0
4,CALCR (799)_damaging,0.0
4,COL1A2 (1278)_damaging,0.0
4,SLC25A13 (10165)_damaging,0.0
4,TRRAP (8295)_damaging,0.0
4,GIGYF1 (64599)_damaging,0.0
4,ZAN (7455)_damaging,0.0
4,MUC12 (10071)_damaging,0.07745751170132914
4,MUC17 (140453)_damaging,0.3848525545319774
4,PLOD3 (8985)_damaging,0.0
4,CUX1 (1523)_damaging,0.00422254478802763
4,FBXL13 (222235)_damaging,0.0
4,RELN (5649)_damaging,0.0
4,KMT2E (55904)_damaging,0.0
4,PIK3CG (5294)_damaging,0.0
4,LAMB4 (22798)_damaging,0.06974432816703276
4,DOCK4 (9732)_damaging,0.0
4,PPP1R3A (5506)_damaging,0.0
4,FOXP2 (93986)_damaging,0.0
4,CFTR (1080)_damaging,0.0
4,CTTNBP2 (83992)_damaging,0.0
4,WNT16 (51384)_damaging,0.04732795854547138
4,PTPRZ1 (5803)_damaging,0.026830100744705102
4,CADPS2 (93664)_damaging,0.0
4,IQUB (154865)_damaging,0.3643497954967335
4,GRM8 (2918)_damaging,0.18923009278564756
4,FLNC (2318)_damaging,0.0
4,KCP (375616)_damaging,0.0
4,PLXNA4 (91584)_damaging,0.0
4,LRGUK (136332)_damaging,0.0
4,NUP205 (23165)_damaging,0.0
4,DGKI (9162)_damaging,0.0
4,TRIM24 (8805)_damaging,0.0
4,KIAA1549 (57670)_damaging,0.0
4,MGAM (8972)_damaging,0.0
4,MGAM2 (93432)_damaging,0.0
4,EPHB6 (2051)_damaging,0.0
4,KEL (3792)_damaging,0.0
4,NOBOX (135935)_damaging,0.0
4,CNTNAP2 (26047)_damaging,0.0
4,AOC1 (26)_damaging,0.0
4,KCNH2 (3757)_damaging,0.0
4,NOS3 (4846)_damaging,0.0
4,KMT2C (58508)_damaging,0.0
4,DPP6 (1804)_damaging,0.0
4,UBE3C (9690)_damaging,0.026238606103856033
4,CSMD1 (64478)_damaging,0.06241758638623878
4,RP1L1 (94137)_damaging,0.04200953833121257
4,TRMT9B (57604)_damaging,0.024795794654560065
4,PSD3 (23362)_damaging,0.0
4,DOCK5 (80005)_damaging,0.0
4,NUGGC (389643)_damaging,0.09566188979012363
4,TEX15 (56154)_damaging,0.0
4,WRN (7486)_damaging,0.014640182563548314
4,UNC5D (137970)_damaging,0.0
4,ADGRA2 (25960)_damaging,0.0
4,ANK1 (286)_damaging,0.0
4,PRKDC (5591)_damaging,0.014891679996080319
4,PXDNL (137902)_damaging,0.0
4,RB1CC1 (9821)_damaging,0.0
4,RP1 (6101)_damaging,0.0
4,ARFGEF1 (10565)_damaging,0.0
4,PREX2 (80243)_damaging,0.02439493685357713
4,SULF1 (23213)_damaging,0.0
4,SLCO5A1 (81796)_damaging,0.0
4,TRPA1 (8989)_damaging,0.0
4,KCNB2 (9312)_damaging,0.0
4,ZFHX4 (79776)_damaging,0.0
4,WWP1 (11059)_damaging,0.0
4,ESRP1 (54845)_damaging,0.0
4,VPS13B (157680)_damaging,0.0
4,RGS22 (26166)_damaging,0.0
4,UBR5 (51366)_damaging,0.14829343117801047
4,RIMS2 (9699)_damaging,0.0
4,ZFPM2 (23414)_damaging,0.0
4,PKHD1L1 (93035)_damaging,0.09911389975970605
4,CSMD3 (114788)_damaging,0.0
4,TRPS1 (7227)_damaging,0.0
4,COL14A1 (7373)_damaging,0.0
4,FER1L6 (654463)_damaging,0.0
4,ASAP1 (50807)_damaging,0.15178645446791067
4,ADCY8 (114)_damaging,0.0
4,EFR3A (23167)_damaging,0.0
4,PHF20L1 (51105)_damaging,0.039614994763205034
4,TG (7038)_damaging,0.0
4,FAM135B (51059)_damaging,0.0
4,COL22A1 (169044)_damaging,0.0
4,EPPK1 (83481)_damaging,0.016526689539116908
4,PLEC (5339)_damaging,0.0770523275426791
4,PARP10 (84875)_damaging,0.0
4,WDR97 (340390)_damaging,0.0
4,CPSF1 (29894)_damaging,0.027778253999079877
4,DOCK8 (81704)_damaging,0.0
4,BRD10 (158358)_damaging,0.0
4,PTPRD (5789)_damaging,0.0
4,MPDZ (8777)_damaging,0.0
4,FREM1 (158326)_damaging,0.0
4,CCDC171 (203238)_damaging,0.0
4,CNTLN (54875)_damaging,0.0
4,DENND4C (55667)_damaging,0.0
4,CDKN2A (1029)_damaging,0.0
4,TAF1L (138474)_damaging,0.00652936055078432
4,ANKRD18B (441459)_damaging,0.024081623099827722
4,SPATA31G1 (138724)_damaging,0.0
4,PIGO (84720)_damaging,0.10686424271927661
4,UNC13B (10497)_damaging,0.0
4,RUSC2 (9853)_damaging,0.0
4,SPAG8 (26206)_damaging,0.0
4,TMC1 (117531)_damaging,0.006972360214377634
4,TRPM6 (140803)_damaging,0.0
4,PCSK5 (5125)_damaging,0.05750392779736751
4,PRUNE2 (158471)_damaging,0.0
4,VPS13A (23230)_damaging,0.03580920503163683
4,TLE4 (7091)_damaging,0.0
4,SPATA31D1 (389763)_damaging,0.0
4,KIF27 (55582)_damaging,0.0
4,ROR2 (4920)_damaging,0.018933824826015352
4,NOL8 (55035)_damaging,0.0
4,WNK2 (65268)_damaging,0.0
4,PTCH1 (5727)_damaging,0.0
4,COL15A1 (1306)_damaging,0.10134354126341194
4,SMC2 (10592)_damaging,0.0016591929820023357
4,ELP1 (8518)_damaging,0.005453177063361063
4,TMEM245 (23731)_damaging,0.02921596020410011
4,SVEP1 (79987)_damaging,0.287904016388321
4,FKBP15 (23307)_damaging,0.0
4,COL27A1 (85301)_damaging,0.03964231793810472
4,C5 (727)_damaging,0.0
4,DENND1A (57706)_damaging,0.0
4,ADGRD2 (347088)_damaging,0.028253844841925148
4,GOLGA2 (2801)_damaging,0.0
4,SPTAN1 (6709)_damaging,0.0
4,HMCN2 (256158)_damaging,0.028544404348071106
4,NUP214 (8021)_damaging,0.5938613680277973
4,PRRC2B (84726)_damaging,0.040504886204358756
4,UCK1 (83549)_damaging,0.0
4,SETX (23064)_damaging,0.09096517610987856
4,TSC1 (7248)_damaging,0.07742343154276109
4,ADAMTSL2 (9719)_damaging,0.0
4,BRD3 (8019)_damaging,0.050105190191687916
4,WDR5 (11091)_damaging,0.12057877312790201
4,COL5A1 (1289)_damaging,0.009215824778254519
4,CAMSAP1 (157922)_damaging,0.0649553060282252
4,SNAPC4 (6621)_damaging,0.04018094950709208
4,NOTCH1 (4851)_damaging,0.0
4,EXD3 (54932)_damaging,0.0
4,CACNA1B (774)_damaging,0.0
4,MXRA5 (25878)_damaging,0.0
4,WWC3 (55841)_damaging,0.0
4,FRMPD4 (9758)_damaging,0.0505719275716942
4,NHS (4810)_damaging,0.0
4,MAP3K15 (389840)_damaging,0.0
4,DMD (1756)_damaging,0.29299562662134265
4,CFAP47 (286464)_damaging,0.18851947814837564
4,RPGR (6103)_damaging,0.0
4,BCOR (54880)_damaging,1.0037672800057191
4,USP9X (8239)_damaging,0.0
4,DDX3X (1654)_damaging,0.0
4,KDM6A (7403)_damaging,0.0
4,RBM10 (8241)_damaging,0.07683830184345745
4,CCNB3 (85417)_damaging,0.017827755186672442
4,KDM5C (8242)_damaging,0.030603679081227204
4,IQSEC2 (23096)_damaging,0.0
4,HUWE1 (10075)_damaging,0.0
4,WNK3 (65267)_damaging,0.0
4,AMER1 (139285)_damaging,0.0
4,OPHN1 (4983)_damaging,0.0
4,KIF4A (24137)_damaging,0.025437060681386608
4,MED12 (9968)_damaging,0.0
4,ZMYM3 (9203)_damaging,0.7484307910627921
4,PHKA1 (5255)_damaging,0.0
4,ATRX (546)_damaging,0.0
4,BRWD3 (254065)_damaging,0.0
4,DIAPH2 (1730)_damaging,0.0
4,PCDH19 (57526)_damaging,0.0
4,RAB40A (142684)_damaging,0.21530228074295393
4,NRK (203447)_damaging,0.021299266749274508
4,COL4A6 (1288)_damaging,0.0
4,GUCY2F (2986)_damaging,0.0
4,TRPC5 (7224)_damaging,0.1786871675728776
4,DOCK11 (139818)_damaging,0.0
4,STAG2 (10735)_damaging,0.0
4,TENM1 (10178)_damaging,0.051375684531232306
4,BCORL1 (63035)_damaging,0.0
4,USP26 (83844)_damaging,0.0
4,MAP7D3 (79649)_damaging,0.10828281412295543
4,ADGRG4 (139378)_damaging,0.07874109031506041
4,SPANXN4 (441525)_damaging,0.0
4,SLITRK2 (84631)_damaging,0.0
4,AFF2 (2334)_damaging,0.0
4,PASD1 (139135)_damaging,0.0
4,CCNQ (92002)_damaging,0.048441849162997715
4,PLXNA3 (55558)_damaging,0.0
4,F8 (2157)_damaging,0.0
4,MT-ND4 (4538)_damaging,0.0
4,MT-ND5 (4540)_damaging,0.13023654204124185
