fold,feature,importance
0,MTOR (2475)_hotspot,0.0018760895719081851
0,NRAS (4893)_hotspot,0.08187825108537329
0,PTEN (5728)_hotspot,0.0
0,HRAS (3265)_hotspot,0.015142393571718432
0,KRAS (3845)_hotspot,0.15158230397541736
0,RB1 (5925)_hotspot,0.032181750649242676
0,MAP2K1 (5604)_hotspot,0.04449835377198816
0,CREBBP (1387)_hotspot,0.0
0,TP53 (7157)_hotspot,0.0541100032222923
0,NF1 (4763)_hotspot,0.0
0,SMAD4 (4089)_hotspot,0.04912771705545599
0,STK11 (6794)_hotspot,0.0
0,SMARCA4 (6597)_hotspot,0.0
0,C2orf81 (388963)_hotspot,0.03908330861773026
0,NFE2L2 (4780)_hotspot,0.0020063906628488485
0,VHL (7428)_hotspot,0.0
0,CTNNB1 (1499)_hotspot,0.0
0,RHOA (387)_hotspot,0.010307451904580458
0,PIK3CA (5290)_hotspot,0.0
0,FBXW7 (55294)_hotspot,0.0
0,TERT (7015)_hotspot,0.0
0,PIK3R1 (5295)_hotspot,0.0
0,APC (324)_hotspot,0.0
0,RAC1 (5879)_hotspot,0.0
0,EGFR (1956)_hotspot,0.0
0,BRAF (673)_hotspot,0.09730939047546992
0,CDKN2A (1029)_hotspot,0.0
0,DVL1 (1855)_damaging,0.0
0,MXRA8 (54587)_damaging,0.0
0,MEGF6 (1953)_damaging,0.0
0,CHD5 (26038)_damaging,0.0
0,RPL22 (6146)_damaging,0.007157438164879459
0,CAMTA1 (23261)_damaging,0.0
0,ERRFI1 (54206)_damaging,0.02353903202363559
0,SLC45A1 (50651)_damaging,0.0
0,RERE (473)_damaging,0.008665965305020952
0,VPS13D (55187)_damaging,0.0
0,FHAD1 (114827)_damaging,0.0
0,SPEN (23013)_damaging,0.0
0,EPHA2 (1969)_damaging,0.0
0,UBR4 (23352)_damaging,0.07973904904574665
0,EIF4G3 (8672)_damaging,0.0
0,HSPG2 (3339)_damaging,0.0
0,ID3 (3399)_damaging,0.13566041645597063
0,ELOA (6924)_damaging,0.0
0,ARID1A (8289)_damaging,0.09194101081251012
0,WDTC1 (23038)_damaging,0.0
0,PTPRU (10076)_damaging,0.0
0,COL16A1 (1307)_damaging,0.0
0,CSMD2 (114784)_damaging,0.0
0,ZMYM1 (79830)_damaging,0.0
0,ZMYM4 (9202)_damaging,0.0
0,AGO1 (26523)_damaging,0.0
0,MAP7D1 (55700)_damaging,0.0
0,MACF1 (23499)_damaging,0.09753844388055935
0,TIE1 (7075)_damaging,0.0
0,MPL (4352)_damaging,0.0
0,SZT2 (23334)_damaging,0.0
0,MUTYH (4595)_damaging,0.022072510966645763
0,MAST2 (23139)_damaging,0.0
0,FAAH (2166)_damaging,0.0
0,TAL1 (6886)_damaging,0.00472070059057906
0,FYB2 (199920)_damaging,0.0
0,NFIA (4774)_damaging,0.0
0,PATJ (10207)_damaging,0.0
0,DOCK7 (85440)_damaging,0.0
0,JAK1 (3716)_damaging,0.0
0,LRRC7 (57554)_damaging,0.0
0,ERICH3 (127254)_damaging,0.04213120176901983
0,SLC44A5 (204962)_damaging,0.0
0,ADGRL4 (64123)_damaging,0.06829245584401852
0,ADGRL2 (23266)_damaging,0.0
0,COL24A1 (255631)_damaging,0.0
0,HFM1 (164045)_damaging,0.0
0,BTBD8 (284697)_damaging,0.01185410721795658
0,ABCA4 (24)_damaging,0.0
0,ARHGAP29 (9411)_damaging,0.0
0,DPYD (1806)_damaging,0.0
0,COL11A1 (1301)_damaging,0.0
0,EPS8L3 (79574)_damaging,0.0
0,CEPT1 (10390)_damaging,0.0
0,SYCP1 (6847)_damaging,0.0
0,SPAG17 (200162)_damaging,0.0
0,NOTCH2 (4853)_damaging,0.0
0,CHD1L (9557)_damaging,0.026545520253630665
0,BCL9 (607)_damaging,0.05825310974093688
0,ADAMTSL4 (54507)_damaging,0.0
0,ZNF687 (57592)_damaging,0.0
0,TCHH (7062)_damaging,0.0
0,FLG (2312)_damaging,0.0
0,CCDST (112268240)_damaging,0.0
0,FLG2 (388698)_damaging,0.0
0,UBAP2L (9898)_damaging,0.0
0,SHC1 (6464)_damaging,0.0
0,ASH1L (55870)_damaging,0.0
0,GON4L (54856)_damaging,0.0
0,IQGAP3 (128239)_damaging,0.0
0,NES (10763)_damaging,0.0
0,INSRR (3645)_damaging,0.0
0,FCRL5 (83416)_damaging,0.0
0,SPTA1 (6708)_damaging,0.0
0,IGSF9 (57549)_damaging,0.0024217676669366917
0,F5 (2153)_damaging,0.0
0,TNR (7143)_damaging,0.0
0,PAPPA2 (60676)_damaging,0.0
0,ABL2 (27)_damaging,0.02532796760237826
0,AXDND1 (126859)_damaging,0.08486218076581636
0,TDRD5 (163589)_damaging,0.0
0,CEP350 (9857)_damaging,0.0
0,CACNA1E (777)_damaging,0.04257320490437556
0,RGL1 (23179)_damaging,0.0
0,HMCN1 (83872)_damaging,0.0
0,TPR (7175)_damaging,0.0
0,BRINP3 (339479)_damaging,0.0
0,KCNT2 (343450)_damaging,0.0
0,ASPM (259266)_damaging,0.008554871535152506
0,CRB1 (23418)_damaging,0.0
0,PTPRC (5788)_damaging,0.0892955374872651
0,CAMSAP2 (23271)_damaging,0.001243374048311731
0,CACNA1S (779)_damaging,0.06309926196433656
0,IGFN1 (91156)_damaging,0.0
0,NAV1 (89796)_damaging,0.0
0,ELF3 (1999)_damaging,0.06722531409576074
0,KDM5B (10765)_damaging,0.0
0,ATP2B4 (493)_damaging,0.0
0,PLEKHA6 (22874)_damaging,0.0
0,PIK3C2B (5287)_damaging,0.0
0,NFASC (23114)_damaging,0.0
0,CR2 (1380)_damaging,0.0
0,CR1 (1378)_damaging,0.0
0,PLXNA2 (5362)_damaging,0.0
0,PROX1 (5629)_damaging,0.0
0,PTPN14 (5784)_damaging,0.0
0,CENPF (1063)_damaging,0.0
0,USH2A (7399)_damaging,0.02679074970188819
0,EPRS1 (2058)_damaging,0.0
0,DISP1 (84976)_damaging,0.0
0,DNAH14 (127602)_damaging,0.0
0,CDC42BPA (8476)_damaging,0.0643617673928355
0,OBSCN (84033)_damaging,0.0
0,H3-4 (8290)_damaging,0.0
0,PCNX2 (80003)_damaging,0.0
0,ARID4B (51742)_damaging,0.0
0,LYST (1130)_damaging,0.0
0,RYR2 (6262)_damaging,0.0
0,CHRM3 (1131)_damaging,0.0
0,FMN2 (56776)_damaging,0.0
0,RGS7 (6000)_damaging,0.01691658954246495
0,WDR64 (128025)_damaging,0.0
0,SDCCAG8 (10806)_damaging,0.0
0,KIF26B (55083)_damaging,0.0
0,AHCTF1 (25909)_damaging,0.0
0,NLRP3 (114548)_damaging,0.0
0,LARP4B (23185)_damaging,0.0
0,ITGA8 (8516)_damaging,0.0
0,CUBN (8029)_damaging,0.09057159393235932
0,MRC1 (4360)_damaging,0.0
0,MALRD1 (340895)_damaging,0.0
0,ARMC3 (219681)_damaging,0.0
0,KIAA1217 (56243)_damaging,0.0
0,GPR158 (57512)_damaging,0.0
0,ANKRD26 (22852)_damaging,0.0
0,SVIL (6840)_damaging,0.0
0,JCAD (57608)_damaging,0.0
0,ANKRD30A (91074)_damaging,0.0
0,RSU1P2 (100133308)_damaging,0.0
0,WDFY4 (57705)_damaging,0.0
0,C10orf71 (118461)_damaging,0.0
0,PCDH15 (65217)_damaging,0.024884584268862493
0,ANK3 (288)_damaging,0.0
0,ARID5B (84159)_damaging,0.014185529824216184
0,JMJD1C (221037)_damaging,0.0
0,CTNNA3 (29119)_damaging,0.024390417662477914
0,MYPN (84665)_damaging,0.0
0,CDH23 (64072)_damaging,0.0
0,ZMIZ1 (57178)_damaging,0.0
0,NRG3 (10718)_damaging,0.05671273072736951
0,PTEN (5728)_damaging,0.0
0,STAMBPL1 (57559)_damaging,0.0
0,KIF20B (9585)_damaging,0.0
0,BTAF1 (9044)_damaging,0.0024648843215702267
0,MYOF (26509)_damaging,0.0
0,PDE6C (5146)_damaging,0.0
0,PLCE1 (51196)_damaging,0.0
0,CC2D2B (387707)_damaging,0.01021436789628264
0,ZNF518A (9849)_damaging,0.0
0,LCOR (84458)_damaging,0.034904632683328295
0,SLIT1 (6585)_damaging,0.0
0,PPRC1 (23082)_damaging,0.027505001257717814
0,PSD (5662)_damaging,0.0
0,CNNM2 (54805)_damaging,0.0
0,PDCD11 (22984)_damaging,0.0625082747959227
0,SH3PXD2A (9644)_damaging,0.0
0,SLK (9748)_damaging,0.0
0,SORCS3 (22986)_damaging,0.0
0,SORCS1 (114815)_damaging,0.0
0,SMC3 (9126)_damaging,0.02224090444942227
0,TCF7L2 (6934)_damaging,0.0
0,ATRNL1 (26033)_damaging,0.0
0,TACC2 (10579)_damaging,0.011119106070898391
0,DMBT1 (1755)_damaging,0.0
0,DOCK1 (1793)_damaging,0.0
0,MKI67 (4288)_damaging,0.023486329772163972
0,JAKMIP3 (282973)_damaging,0.0
0,CFAP46 (54777)_damaging,0.0
0,B4GALNT4 (338707)_damaging,0.0
0,PKP3 (11187)_damaging,0.0
0,MUC5AC (4586)_damaging,0.0
0,MUC5B (727897)_damaging,0.011152237108694965
0,BRSK2 (9024)_damaging,0.0
0,KCNQ1 (3784)_damaging,0.0
0,NUP98 (4928)_damaging,0.0
0,OR51E2 (81285)_damaging,0.0
0,DNHD1 (144132)_damaging,0.0
0,DCHS1 (8642)_damaging,0.0
0,IPO7 (10527)_damaging,0.0
0,SBF2 (81846)_damaging,0.0
0,PLEKHA7 (144100)_damaging,0.0
0,ABCC8 (6833)_damaging,0.0
0,USH1C (10083)_damaging,0.0
0,OTOG (340990)_damaging,0.0
0,NAV2 (89797)_damaging,0.0
0,DCDC1 (341019)_damaging,0.0
0,CCDC73 (493860)_damaging,0.0
0,QSER1 (79832)_damaging,0.0
0,CSTF3 (1479)_damaging,0.0
0,KIAA1549L (25758)_damaging,0.0
0,LRP4 (4038)_damaging,0.0
0,AGBL2 (79841)_damaging,0.0
0,FOLH1 (2346)_damaging,0.0
0,OR4A15 (81328)_damaging,0.0
0,OR4P4 (81300)_damaging,0.0
0,CTNND1 (1500)_damaging,0.0
0,DTX4 (23220)_damaging,0.028338329625451762
0,MYRF (745)_damaging,0.0
0,AHNAK (79026)_damaging,0.0
0,EML3 (256364)_damaging,0.0
0,SLC3A2 (6520)_damaging,0.013356474038644983
0,PLCB3 (5331)_damaging,0.0
0,NRXN2 (9379)_damaging,0.02804647137391907
0,MEN1 (4221)_damaging,0.0
0,ATG2A (23130)_damaging,0.0018349852389503405
0,PCNX3 (399909)_damaging,0.0
0,RIN1 (9610)_damaging,0.0
0,SHANK2 (22941)_damaging,0.0
0,INPPL1 (3636)_damaging,0.0
0,ARHGEF17 (9828)_damaging,0.0
0,C2CD3 (26005)_damaging,0.0
0,MYO7A (4647)_damaging,0.0
0,RSF1 (51773)_damaging,0.0
0,TENM4 (26011)_damaging,0.0
0,PCF11 (51585)_damaging,0.0
0,DLG2 (1740)_damaging,0.0020563835715479814
0,SYTL2 (54843)_damaging,0.0007427059100010654
0,FAT3 (120114)_damaging,0.0
0,DEUP1 (159989)_damaging,0.0
0,MRE11 (4361)_damaging,0.0
0,CNTN5 (53942)_damaging,0.0
0,CEP126 (57562)_damaging,0.028912408092568904
0,MMP3 (4314)_damaging,0.0
0,MMP12 (4321)_damaging,0.0
0,DYNC2H1 (79659)_damaging,0.0
0,NPAT (4863)_damaging,0.0
0,ATM (472)_damaging,0.04323561441082045
0,EXPH5 (23086)_damaging,0.0
0,NKAPD1 (55216)_damaging,0.0
0,NCAM1 (4684)_damaging,0.0
0,USP28 (57646)_damaging,0.0
0,DSCAML1 (57453)_damaging,0.0
0,KMT2A (4297)_damaging,0.03881745080788421
0,BCL9L (283149)_damaging,0.02019292339403867
0,ARHGEF12 (23365)_damaging,0.01088000880282729
0,TECTA (7007)_damaging,0.00943764475378487
0,SORL1 (6653)_damaging,0.0
0,ROBO3 (64221)_damaging,0.043283485368871555
0,CCDC15 (80071)_damaging,0.0
0,IGSF9B (22997)_damaging,0.0
0,GLB1L2 (89944)_damaging,0.0
0,LINC02714 (729305)_damaging,0.0
0,KDM5A (5927)_damaging,0.0
0,WNK1 (65125)_damaging,0.0
0,CACNA1C (775)_damaging,0.0
0,VWF (7450)_damaging,0.0
0,PLEKHG6 (55200)_damaging,0.0
0,CHD4 (1108)_damaging,0.0
0,ATN1 (1822)_damaging,0.0
0,A2ML1 (144568)_damaging,0.02099649264134478
0,A2M (2)_damaging,0.005696403712395693
0,ATF7IP (55729)_damaging,0.0
0,EPS8 (2059)_damaging,0.0
0,PDE3A (5139)_damaging,0.001482422424507593
0,SLCO1B3 (28234)_damaging,0.0
0,RECQL (5965)_damaging,0.0
0,ABCC9 (10060)_damaging,0.016160316376906795
0,C2CD5 (9847)_damaging,0.0
0,ITPR2 (3709)_damaging,0.0
0,KIF21A (55605)_damaging,0.0
0,LRRK2 (120892)_damaging,0.0
0,MUC19 (283463)_damaging,0.08513216659363174
0,CNTN1 (1272)_damaging,0.0
0,PDZRN4 (29951)_damaging,0.0
0,ADAMTS20 (80070)_damaging,0.0
0,ANO6 (196527)_damaging,0.0
0,ARID2 (196528)_damaging,0.0
0,HDAC7 (51564)_damaging,0.0
0,COL2A1 (1280)_damaging,0.0
0,WNT1 (7471)_damaging,0.0
0,KMT2D (8085)_damaging,0.0
0,PRPF40B (25766)_damaging,0.0
0,NCKAP5L (57701)_damaging,0.0
0,ACVR1B (91)_damaging,0.0
0,MAP3K12 (7786)_damaging,0.027312229250706303
0,PAN2 (9924)_damaging,0.0
0,STAT2 (6773)_damaging,0.0
0,NACA (4666)_damaging,0.0
0,MYO1A (4640)_damaging,0.0
0,STAT6 (6778)_damaging,0.0
0,LRP1 (4035)_damaging,0.0
0,R3HDM2 (22864)_damaging,0.0
0,GLI1 (2735)_damaging,0.0
0,MBD6 (114785)_damaging,0.0
0,KIF5A (3798)_damaging,0.10303946574372136
0,XPOT (11260)_damaging,0.0
0,PTPRB (5787)_damaging,0.008135815061572793
0,ZFC3H1 (196441)_damaging,0.0
0,E2F7 (144455)_damaging,0.0024534767528360097
0,NAV3 (89795)_damaging,0.0
0,OTOGL (283310)_damaging,0.0
0,PTPRQ (374462)_damaging,0.0
0,PPFIA2 (8499)_damaging,0.0
0,LRRIQ1 (84125)_damaging,0.0
0,CEP290 (80184)_damaging,0.0
0,EEA1 (8411)_damaging,0.07536019035760483
0,PLXNC1 (10154)_damaging,0.0
0,CFAP54 (144535)_damaging,0.0
0,ANKS1B (56899)_damaging,0.0
0,BLTP3B (23074)_damaging,0.0
0,UTP20 (27340)_damaging,0.0
0,STAB2 (55576)_damaging,0.0
0,ALDH1L2 (160428)_damaging,0.0
0,ACACB (32)_damaging,0.02421890181434043
0,MVK (4598)_damaging,0.0
0,CUX2 (23316)_damaging,0.0
0,ATXN2 (6311)_damaging,0.0
0,NAA25 (80018)_damaging,0.0
0,HECTD4 (283450)_damaging,0.0
0,DTX1 (1840)_damaging,0.010902144189015972
0,CIT (11113)_damaging,0.006594875573514245
0,GCN1 (10985)_damaging,0.0
0,HNF1A (6927)_damaging,0.0
0,KDM2B (84678)_damaging,0.0
0,SETD1B (23067)_damaging,0.0
0,KNTC1 (9735)_damaging,0.0
0,HIP1R (9026)_damaging,0.00895474708826634
0,SBNO1 (55206)_damaging,0.0
0,DNAH10 (196385)_damaging,0.0
0,NCOR2 (9612)_damaging,0.0
0,TMEM132D (121256)_damaging,0.0
0,RIMBP2 (23504)_damaging,0.03450536516908413
0,SFSWAP (6433)_damaging,0.0
0,EP400 (57634)_damaging,0.0
0,POLE (5426)_damaging,0.0
0,ZMYM2 (7750)_damaging,0.01704985636624755
0,SACS (26278)_damaging,0.0
0,RNF17 (56163)_damaging,0.03476635410682572
0,CENPJ (55835)_damaging,0.0
0,ATP8A2 (51761)_damaging,0.0
0,FRY (10129)_damaging,0.028472980884367817
0,BRCA2 (675)_damaging,0.0
0,PDS5B (23047)_damaging,0.052943023813903055
0,NBEA (26960)_damaging,0.0
0,FREM2 (341640)_damaging,0.0
0,DGKH (160851)_damaging,9.151828952839507e-05
0,ZC3H13 (23091)_damaging,0.0
0,RB1 (5925)_damaging,0.12924106264697685
0,PCDH17 (27253)_damaging,0.031000607187395904
0,KLHL1 (57626)_damaging,0.0
0,DACH1 (1602)_damaging,0.0
0,DIS3 (22894)_damaging,0.017121552423214226
0,MYCBP2 (23077)_damaging,0.0
0,SLITRK1 (114798)_damaging,0.0
0,SLITRK5 (26050)_damaging,0.0
0,DOCK9 (23348)_damaging,0.0
0,NALCN (259232)_damaging,0.0
0,CCDC168 (643677)_damaging,0.0
0,MYO16 (23026)_damaging,0.07914089449819234
0,IRS2 (8660)_damaging,0.0
0,COL4A1 (1282)_damaging,0.0
0,COL4A2 (1284)_damaging,0.027786166899776355
0,TEP1 (7011)_damaging,0.0
0,CHD8 (57680)_damaging,0.02219853237027919
0,AJUBA (84962)_damaging,0.03829850513044129
0,ACIN1 (22985)_damaging,0.0
0,MYH7 (4625)_damaging,0.06320831204885483
0,CARMIL3 (90668)_damaging,0.0
0,NYNRIN (57523)_damaging,0.03475435118552795
0,HECTD1 (25831)_damaging,0.0
0,AKAP6 (9472)_damaging,0.0
0,NPAS3 (64067)_damaging,0.0
0,RALGAPA1 (253959)_damaging,0.0
0,MIPOL1 (145282)_damaging,0.0
0,TOGARAM1 (23116)_damaging,0.0
0,FANCM (57697)_damaging,0.04821986957935234
0,MDGA2 (161357)_damaging,0.0
0,NIN (51199)_damaging,0.0
0,NID2 (22795)_damaging,0.042347625062158424
0,KTN1 (3895)_damaging,0.0
0,ARID4A (5926)_damaging,0.0
0,HIF1A (3091)_damaging,0.0
0,KCNH5 (27133)_damaging,0.0
0,SYNE2 (23224)_damaging,0.02080829809807747
0,PCNX1 (22990)_damaging,0.0374986479842857
0,SIPA1L1 (26037)_damaging,0.0
0,MIDEAS (91748)_damaging,0.0
0,YLPM1 (56252)_damaging,0.0
0,MLH3 (27030)_damaging,0.0
0,NRXN3 (9369)_damaging,0.0
0,CEP128 (145508)_damaging,0.0
0,PTPN21 (11099)_damaging,0.0
0,EML5 (161436)_damaging,0.0
0,FOXN3 (1112)_damaging,0.0
0,CCDC88C (440193)_damaging,0.0
0,TRIP11 (9321)_damaging,0.0
0,UNC79 (57578)_damaging,0.0
0,ATG2B (55102)_damaging,0.0
0,RTL1 (388015)_damaging,0.0
0,DYNC1H1 (1778)_damaging,0.0
0,CDC42BPB (9578)_damaging,0.0
0,KIF26A (26153)_damaging,0.0
0,INF2 (64423)_damaging,0.0
0,CEP170B (283638)_damaging,0.06291778572845534
0,AHNAK2 (113146)_damaging,0.0
0,MTA1 (9112)_damaging,0.0
0,HERC2 (8924)_damaging,0.0
0,ENTREP2 (23359)_damaging,0.0
0,TRPM1 (4308)_damaging,0.0
0,FMN1 (342184)_damaging,0.0
0,RYR3 (6263)_damaging,0.0
0,INO80 (54617)_damaging,0.0
0,TYRO3 (7301)_damaging,0.013371343385446717
0,MGA (23269)_damaging,0.0
0,SPTBN5 (51332)_damaging,0.0
0,ZNF106 (64397)_damaging,0.0
0,STARD9 (57519)_damaging,0.0
0,UBR1 (197131)_damaging,0.0
0,TP53BP1 (7158)_damaging,0.0
0,MAP1A (4130)_damaging,0.0
0,SPG11 (80208)_damaging,0.0
0,B2M (567)_damaging,0.0
0,DUOX2 (50506)_damaging,0.0
0,SLC12A1 (6557)_damaging,0.0
0,FBN1 (2200)_damaging,0.0
0,AP4E1 (23431)_damaging,0.0
0,DMXL2 (23312)_damaging,0.0
0,MYO5C (55930)_damaging,0.0
0,WDR72 (256764)_damaging,0.0
0,UNC13C (440279)_damaging,0.002369318531083809
0,RFX7 (64864)_damaging,0.005423892958831865
0,ICE2 (79664)_damaging,0.0
0,VPS13C (54832)_damaging,0.0
0,TLN2 (83660)_damaging,0.0
0,HERC1 (8925)_damaging,0.0
0,ZNF609 (23060)_damaging,0.0
0,CILP (8483)_damaging,0.0
0,NOX5 (79400)_damaging,0.0
0,MYO9A (4649)_damaging,0.0
0,HCN4 (10021)_damaging,0.0007967408207376251
0,ARID3B (10620)_damaging,0.0
0,SIN3A (25942)_damaging,0.05225588445895078
0,PEAK1 (79834)_damaging,0.00169916400701264
0,ADAMTSL3 (57188)_damaging,0.0
0,AKAP13 (11214)_damaging,0.0
0,AGBL1 (123624)_damaging,0.0
0,TICRR (90381)_damaging,0.0
0,KIF7 (374654)_damaging,0.0
0,IQGAP1 (8826)_damaging,0.0
0,BLM (641)_damaging,0.0
0,FES (2242)_damaging,0.03652855145506851
0,CHD2 (1106)_damaging,0.0
0,LRRK1 (79705)_damaging,0.0
0,AXIN1 (8312)_damaging,0.0
0,WDR90 (197335)_damaging,0.0
0,CACNA1H (8912)_damaging,0.0
0,UNKL (64718)_damaging,0.0
0,CRAMP1 (57585)_damaging,0.0
0,TSC2 (7249)_damaging,0.0
0,PKD1 (5310)_damaging,0.082875521875965
0,CASKIN1 (57524)_damaging,0.0
0,CREBBP (1387)_damaging,0.11131595725141799
0,USP7 (7874)_damaging,0.0
0,GRIN2A (2903)_damaging,0.0
0,CIITA (4261)_damaging,0.0
0,SMG1 (23049)_damaging,0.0
0,KNOP1 (400506)_damaging,0.04533310797027605
0,DNAH3 (55567)_damaging,0.0
0,SCNN1B (6338)_damaging,0.026032748912399598
0,PALB2 (79728)_damaging,0.0
0,ERN2 (10595)_damaging,0.0
0,TNRC6A (27327)_damaging,0.0
0,ARHGAP17 (55114)_damaging,0.026604260164293483
0,GTF3C1 (2975)_damaging,0.037501009508210954
0,ATXN2L (11273)_damaging,0.0
0,SH2B1 (25970)_damaging,0.0
0,ITGAL (3683)_damaging,0.0
0,SRCAP (10847)_damaging,0.0
0,SETD1A (9739)_damaging,0.0
0,CHD9 (80205)_damaging,0.0
0,RBL2 (5934)_damaging,0.0
0,NLRC5 (84166)_damaging,0.014843900617939741
0,CNGB1 (1258)_damaging,0.0
0,CNOT1 (23019)_damaging,0.0
0,CDH8 (1006)_damaging,0.0
0,CDH11 (1009)_damaging,0.0
0,CTCF (10664)_damaging,0.06946775122662978
0,CDH1 (999)_damaging,0.0
0,MTSS2 (92154)_damaging,0.0
0,DHX38 (9785)_damaging,0.0
0,ZFHX3 (463)_damaging,0.0
0,CNTNAP4 (85445)_damaging,0.0
0,PKD1L2 (114780)_damaging,0.0
0,TAF1C (9013)_damaging,0.0
0,GSE1 (23199)_damaging,0.0
0,ZNF469 (84627)_damaging,0.0
0,ZC3H18 (124245)_damaging,0.0
0,LINC02138 (400558)_damaging,0.0
0,CDH15 (1013)_damaging,0.0
0,ANKRD11 (29123)_damaging,0.0
0,VPS9D1 (9605)_damaging,0.0
0,WDR81 (124997)_damaging,0.0
0,SPATA22 (84690)_damaging,0.0
0,ZZEF1 (23140)_damaging,0.0
0,USP6 (9098)_damaging,0.0
0,FXR2 (9513)_damaging,0.0
0,TP53 (7157)_damaging,0.5138076948950506
0,EFNB3 (1949)_damaging,0.0
0,DNAH2 (146754)_damaging,0.06899847043064547
0,KDM6B (23135)_damaging,0.015958599034783087
0,CHD3 (1107)_damaging,0.0
0,PER1 (5187)_damaging,0.0
0,PFAS (5198)_damaging,0.0
0,MYH13 (8735)_damaging,0.0
0,MYH8 (4626)_damaging,0.0
0,MYH4 (4622)_damaging,0.0
0,MYH1 (4619)_damaging,0.0
0,MYH2 (4620)_damaging,0.0
0,DNAH9 (1770)_damaging,0.015180226243462535
0,MYOCD (93649)_damaging,0.0
0,NCOR1 (9611)_damaging,0.0
0,MPRIP (23164)_damaging,0.0
0,FLCN (201163)_damaging,0.0
0,MYO15A (51168)_damaging,0.0
0,TOP3A (7156)_damaging,0.0
0,SPECC1 (92521)_damaging,0.0
0,KSR1 (8844)_damaging,0.0
0,EFCAB5 (374786)_damaging,0.0
0,CPD (1362)_damaging,0.0
0,ATAD5 (79915)_damaging,0.0
0,NF1 (4763)_damaging,0.0
0,SLFN5 (162394)_damaging,0.0
0,SLFN11 (91607)_damaging,0.0
0,ACACA (31)_damaging,0.0
0,GPR179 (440435)_damaging,0.0
0,SRCIN1 (80725)_damaging,0.0
0,TOP2A (7153)_damaging,0.0
0,KCNH4 (23415)_damaging,0.0
0,STAT5B (6777)_damaging,0.0
0,BRCA1 (672)_damaging,0.057866701810456056
0,HDAC5 (10014)_damaging,0.0
0,ITGA2B (3674)_damaging,0.0
0,GPATCH8 (23131)_damaging,0.0
0,KANSL1 (284058)_damaging,0.06848978809551995
0,COL1A1 (1277)_damaging,0.0
0,CACNA1G (8913)_damaging,0.0
0,ANKFN1 (162282)_damaging,0.0
0,TSPOAP1 (9256)_damaging,0.0
0,RNF43 (54894)_damaging,0.0
0,PPM1D (8493)_damaging,0.005225868078670599
0,TBX4 (9496)_damaging,0.0
0,MED13 (9969)_damaging,0.0
0,MRC2 (9902)_damaging,0.0
0,SCN4A (6329)_damaging,0.0
0,TEX2 (55852)_damaging,0.06550153549486792
0,GNA13 (10672)_damaging,0.0
0,HELZ (9931)_damaging,0.034347592135952947
0,NOL11 (25926)_damaging,0.0
0,BPTF (2186)_damaging,0.0
0,ABCA8 (10351)_damaging,0.0
0,ABCA9 (10350)_damaging,0.0
0,ABCA6 (23460)_damaging,0.0
0,ABCA10 (10349)_damaging,0.0
0,ABCA5 (23461)_damaging,0.0
0,SDK2 (54549)_damaging,0.0
0,TMEM94 (9772)_damaging,0.0
0,CASKIN2 (57513)_damaging,0.0
0,MYO15B (80022)_damaging,0.018986478012690555
0,ITGB4 (3691)_damaging,0.0
0,EVPL (2125)_damaging,0.0
0,RHBDF2 (79651)_damaging,0.0
0,TNRC6C (57690)_damaging,0.0
0,DNAH17 (8632)_damaging,0.0
0,RPTOR (57521)_damaging,0.0
0,BAHCC1 (57597)_damaging,0.0
0,FASN (2194)_damaging,0.0064715438781422
0,SMCHD1 (23347)_damaging,0.0
0,EPB41L3 (23136)_damaging,0.0
0,LAMA1 (284217)_damaging,0.0
0,PTPRM (5797)_damaging,0.04467425547098355
0,MTCL1 (23255)_damaging,0.0
0,ANKRD12 (23253)_damaging,0.0
0,PIEZO2 (63895)_damaging,0.0
0,ANKRD30B (374860)_damaging,0.0
0,ROCK1 (6093)_damaging,0.0
0,LAMA3 (3909)_damaging,0.002130519888765435
0,OSBPL1A (114876)_damaging,0.0
0,CCDC178 (374864)_damaging,0.0
0,ASXL3 (80816)_damaging,0.0
0,FHOD3 (80206)_damaging,0.0
0,SETBP1 (26040)_damaging,0.0
0,LOXHD1 (125336)_damaging,0.0724596705891955
0,SKOR2 (652991)_damaging,0.0
0,ZBTB7C (201501)_damaging,0.0
0,MYO5B (4645)_damaging,0.0
0,SMAD4 (4089)_damaging,0.06787819062651208
0,DCC (1630)_damaging,0.01772093061144277
0,ALPK2 (115701)_damaging,0.0
0,CDH7 (1005)_damaging,0.0
0,DSEL (92126)_damaging,0.0
0,RTTN (25914)_damaging,0.0
0,CBLN2 (147381)_damaging,0.0
0,ZNF236 (7776)_damaging,0.0
0,SALL3 (27164)_damaging,0.0
0,ATP9B (374868)_damaging,0.0
0,KCNG2 (26251)_damaging,0.0
0,ABCA7 (10347)_damaging,0.0
0,STK11 (6794)_damaging,0.03601935009462526
0,DAZAP1 (26528)_damaging,0.0
0,TCF3 (6929)_damaging,0.0
0,REXO1 (57455)_damaging,0.0
0,AP3D1 (8943)_damaging,0.0341590475449968
0,DOT1L (84444)_damaging,0.0
0,ZBTB7A (51341)_damaging,0.0
0,TICAM1 (148022)_damaging,0.0
0,KDM4B (23030)_damaging,0.0
0,PTPRS (5802)_damaging,0.08177177804082306
0,SAFB2 (9667)_damaging,0.0
0,SAFB (6294)_damaging,0.0
0,CAMSAP3 (57662)_damaging,0.0
0,MAP2K7 (5609)_damaging,0.0
0,FBN3 (84467)_damaging,0.0
0,MUC16 (94025)_damaging,0.0
0,COL5A3 (50509)_damaging,0.0
0,DNMT1 (1786)_damaging,0.0
0,TYK2 (7297)_damaging,0.0
0,KEAP1 (9817)_damaging,0.05841867321010696
0,SMARCA4 (6597)_damaging,0.0
0,MAN2B1 (4125)_damaging,0.0
0,MAST1 (22983)_damaging,0.0
0,CACNA1A (773)_damaging,0.0574813562655399
0,NOTCH3 (4854)_damaging,0.0
0,BRD4 (23476)_damaging,0.0
0,WIZ (58525)_damaging,0.0
0,SIN3B (23309)_damaging,0.0
0,CPAMD8 (27151)_damaging,0.0
0,ZNF729 (100287226)_damaging,0.0
0,ZNF536 (9745)_damaging,0.020930787459033595
0,TSHZ3 (57616)_damaging,0.02606664708897042
0,KMT2B (9757)_damaging,0.0
0,WDR87 (83889)_damaging,0.0
0,SIPA1L3 (23094)_damaging,0.0
0,RYR1 (6261)_damaging,0.0
0,CAPN12 (147968)_damaging,0.022242324926568396
0,FCGBP (8857)_damaging,0.0
0,PRX (57716)_damaging,0.0
0,AXL (558)_damaging,0.0
0,HNRNPUL1 (11100)_damaging,0.010664649745015386
0,ARHGEF1 (9138)_damaging,0.0
0,ERF (2077)_damaging,0.0
0,CIC (23152)_damaging,0.0
0,MEGF8 (1954)_damaging,0.0
0,MARK4 (57787)_damaging,0.0
0,ARHGAP35 (2909)_damaging,0.0
0,ZC3H4 (23211)_damaging,0.0
0,BICRA (29998)_damaging,0.0
0,LMTK3 (114783)_damaging,0.0
0,PRR12 (57479)_damaging,0.0
0,SCAF1 (58506)_damaging,0.0
0,POLD1 (5424)_damaging,0.0
0,SHANK1 (50944)_damaging,0.0
0,NLRP7 (199713)_damaging,0.02265025192907779
0,BRSK1 (84446)_damaging,0.0
0,SSC5D (284297)_damaging,0.0
0,NLRP9 (338321)_damaging,0.0
0,NLRP4 (147945)_damaging,0.0
0,PEG3 (5178)_damaging,0.0
0,ZIM3 (114026)_damaging,0.0
0,PXDN (7837)_damaging,0.0
0,MYT1L (23040)_damaging,0.0
0,ROCK2 (9475)_damaging,0.0
0,GREB1 (9687)_damaging,0.0
0,NBAS (51594)_damaging,0.0
0,RAD51AP2 (729475)_damaging,0.0
0,APOB (338)_damaging,0.0
0,TDRD15 (100129278)_damaging,0.0
0,ATAD2B (54454)_damaging,0.0
0,ITSN2 (50618)_damaging,0.0
0,DNMT3A (1788)_damaging,0.0
0,ASXL2 (55252)_damaging,0.029676396710473698
0,OTOF (9381)_damaging,0.0
0,CAD (790)_damaging,0.0
0,IFT172 (26160)_damaging,0.0
0,SPATA31H1 (84226)_damaging,0.09004373442273145
0,ALK (238)_damaging,0.0
0,BIRC6 (57448)_damaging,0.0
0,LTBP1 (4052)_damaging,0.05971935395765362
0,HEATR5B (54497)_damaging,0.0
0,ZFP36L2 (678)_damaging,0.0034038684559984356
0,THADA (63892)_damaging,0.0
0,MSH2 (4436)_damaging,0.0
0,MSH6 (2956)_damaging,0.0
0,NRXN1 (9378)_damaging,0.04455093843985335
0,SPTBN1 (6711)_damaging,0.0
0,EML6 (400954)_damaging,0.0
0,CCDC88A (55704)_damaging,0.03743338761231592
0,BCL11A (53335)_damaging,0.0
0,USP34 (9736)_damaging,0.0
0,DYSF (8291)_damaging,0.0
0,ALMS1 (7840)_damaging,0.0
0,LOXL3 (84695)_damaging,0.0
0,CTNNA2 (1496)_damaging,0.04472507491277285
0,DNAH6 (1768)_damaging,0.0
0,PROM2 (150696)_damaging,0.0
0,TMEM131 (23505)_damaging,0.0
0,CRACDL (343990)_damaging,0.0
0,EIF5B (9669)_damaging,0.0
0,SLC5A7 (60482)_damaging,0.0
0,DPP10 (57628)_damaging,0.047278572825500235
0,MARCO (8685)_damaging,0.0
0,EPB41L5 (57669)_damaging,0.0
0,CNTNAP5 (129684)_damaging,0.0
0,WDR33 (55339)_damaging,0.0
0,SAP130 (79595)_damaging,0.0
0,UGGT1 (56886)_damaging,0.0
0,ARHGEF4 (50649)_damaging,0.0
0,NCKAP5 (344148)_damaging,0.004868264324496094
0,THSD7B (80731)_damaging,0.0
0,LRP1B (53353)_damaging,0.0
0,ACVR2A (92)_damaging,0.0
0,ORC4 (5000)_damaging,0.0
0,RIF1 (55183)_damaging,0.0
0,NEB (4703)_damaging,0.0
0,GALNT13 (114805)_damaging,0.0
0,BAZ2B (29994)_damaging,0.0
0,LY75 (4065)_damaging,0.02469081178536573
0,PLA2R1 (22925)_damaging,0.044921818885789694
0,SLC4A10 (57282)_damaging,0.018373379593860976
0,KCNH7 (90134)_damaging,0.0
0,FIGN (55137)_damaging,0.0
0,SCN3A (6328)_damaging,0.0
0,SCN2A (6326)_damaging,0.0
0,TTC21B (79809)_damaging,0.0
0,SCN9A (6335)_damaging,0.0
0,SCN7A (6332)_damaging,0.0017272454687568466
0,XIRP2 (129446)_damaging,0.0484762493033393
0,LRP2 (4036)_damaging,0.003949688518125365
0,PPIG (9360)_damaging,0.0
0,GPR155 (151556)_damaging,0.03180688691963009
0,TTN (7273)_damaging,0.061129875944676504
0,CCDC141 (285025)_damaging,0.0
0,ITGA4 (3676)_damaging,0.0
0,FSIP2 (401024)_damaging,0.0
0,COL3A1 (1281)_damaging,0.0
0,COL5A2 (1290)_damaging,0.0
0,WDR75 (84128)_damaging,0.0
0,ANKAR (150709)_damaging,0.0
0,DNAH7 (56171)_damaging,0.013295133585616308
0,HECW2 (57520)_damaging,0.0012714677597676272
0,PLCL1 (5334)_damaging,0.0
0,SGO2 (151246)_damaging,0.0
0,CASP8 (841)_damaging,0.0
0,C2CD6 (151254)_damaging,0.0
0,BMPR2 (659)_damaging,0.0
0,NBEAL1 (65065)_damaging,0.0
0,PARD3B (117583)_damaging,0.0
0,NRP2 (8828)_damaging,0.002990675104320805
0,INO80D (54891)_damaging,0.0
0,ZDBF2 (57683)_damaging,0.008820092691341106
0,MAP2 (4133)_damaging,0.0
0,UNC80 (285175)_damaging,0.008991124609451947
0,KANSL1L (151050)_damaging,0.0
0,CPS1 (1373)_damaging,0.0
0,ERBB4 (2066)_damaging,0.0
0,ABCA12 (26154)_damaging,0.0
0,FN1 (2335)_damaging,0.008017428682453885
0,TNS1 (7145)_damaging,0.0
0,CFAP65 (255101)_damaging,0.0
0,SPEG (10290)_damaging,0.0056378077138567306
0,OBSL1 (23363)_damaging,0.0
0,SLC4A3 (6508)_damaging,0.0
0,NYAP2 (57624)_damaging,0.03509720947202233
0,IRS1 (3667)_damaging,0.0
0,COL4A4 (1286)_damaging,0.0
0,SPHKAP (80309)_damaging,0.0
0,TRIP12 (9320)_damaging,0.0
0,MROH2A (339766)_damaging,0.0369592095318157
0,COL6A3 (1293)_damaging,0.0
0,HDAC4 (9759)_damaging,0.0
0,KIF1A (547)_damaging,0.0
0,FASTKD5 (60493)_damaging,0.02382063203172239
0,SLC4A11 (83959)_damaging,0.0
0,PLCB4 (5332)_damaging,0.0
0,ESF1 (51575)_damaging,0.0
0,RRBP1 (6238)_damaging,0.0
0,CFAP61 (26074)_damaging,0.0
0,RALGAPA2 (57186)_damaging,0.0
0,ASXL1 (171023)_damaging,0.0
0,NCOA6 (23054)_damaging,0.009256356360239037
0,MYH7B (57644)_damaging,0.0
0,CEP250 (11190)_damaging,0.0
0,SAMHD1 (25939)_damaging,0.0
0,KIAA1755 (85449)_damaging,0.0
0,RALGAPB (57148)_damaging,0.0
0,CHD6 (84181)_damaging,0.0
0,PTPRT (11122)_damaging,0.0
0,NCOA3 (8202)_damaging,0.0
0,DDX27 (55661)_damaging,0.0
0,KCNB1 (3745)_damaging,0.0
0,ADNP (23394)_damaging,0.0
0,SALL4 (57167)_damaging,0.0
0,ZNF831 (128611)_damaging,0.0
0,SYCP2 (10388)_damaging,0.0
0,LAMA5 (3911)_damaging,0.0680051178071396
0,DIDO1 (11083)_damaging,0.0
0,COL20A1 (57642)_damaging,0.0
0,KCNQ2 (3785)_damaging,0.0
0,HELZ2 (85441)_damaging,0.08262457069844023
0,TPTE (7179)_damaging,0.0
0,NRIP1 (8204)_damaging,0.0
0,LTN1 (26046)_damaging,0.0
0,SCAF4 (57466)_damaging,0.043676207578924243
0,ITSN1 (6453)_damaging,0.0
0,DOP1B (9980)_damaging,0.0
0,BRWD1 (54014)_damaging,0.0
0,DSCAM (1826)_damaging,0.0
0,ZBTB21 (49854)_damaging,0.0
0,NDUFV3 (4731)_damaging,0.0
0,COL18A1 (80781)_damaging,0.0
0,COL6A1 (1291)_damaging,0.004141910683716858
0,MCM3AP (8888)_damaging,0.0
0,PCNT (5116)_damaging,0.0
0,CECR2 (27443)_damaging,0.0
0,ZDHHC8 (29801)_damaging,0.0
0,LZTR1 (8216)_damaging,0.0329551142831291
0,SMARCB1 (6598)_damaging,0.0
0,MYO18B (84700)_damaging,0.0
0,MN1 (4330)_damaging,0.0
0,CHEK2 (11200)_damaging,0.041229452900264696
0,ZNRF3 (84133)_damaging,0.0
0,NF2 (4771)_damaging,0.21201627546186064
0,MTMR3 (8897)_damaging,0.0633251101075644
0,DEPDC5 (9681)_damaging,0.0
0,RTCB (51493)_damaging,0.0
0,MYH9 (4627)_damaging,0.0
0,CSF2RB (1439)_damaging,0.055779108429702275
0,TRIOBP (11078)_damaging,0.0
0,CACNA1I (8911)_damaging,0.0185294234507926
0,TNRC6B (23112)_damaging,0.0
0,EP300 (2033)_damaging,0.008374018852983315
0,ZC3H7B (23264)_damaging,0.0
0,MEI1 (150365)_damaging,0.03395702750254083
0,TCF20 (6942)_damaging,0.0066998639401356416
0,SMC1B (27127)_damaging,0.0
0,PKDREJ (10343)_damaging,0.0
0,CELSR1 (9620)_damaging,0.0
0,PLXNB2 (23654)_damaging,0.033520444398437016
0,PPP6R2 (9701)_damaging,0.0058437841546181936
0,SBF1 (6305)_damaging,0.0
0,CNTN6 (27255)_damaging,0.0
0,CNTN4 (152330)_damaging,0.011858222416189373
0,GRM7 (2917)_damaging,0.0
0,SSUH2 (51066)_damaging,0.0
0,VHL (7428)_damaging,0.0
0,NUP210 (23225)_damaging,0.0
0,TOP2B (7155)_damaging,0.0
0,TGFBR2 (7048)_damaging,0.0
0,CLASP2 (23122)_damaging,0.0
0,TRANK1 (9881)_damaging,0.037205530164712036
0,MLH1 (4292)_damaging,0.0
0,GOLGA4 (2803)_damaging,0.0
0,SCN11A (11280)_damaging,0.0
0,TOPAZ1 (375337)_damaging,0.0
0,KIF15 (56992)_damaging,0.0
0,SETD2 (29072)_damaging,0.0
0,PTPN23 (25930)_damaging,0.057590824505828454
0,PLXNB1 (5364)_damaging,0.0
0,COL7A1 (1294)_damaging,0.0
0,CELSR3 (1951)_damaging,0.0
0,LAMB2 (3913)_damaging,0.06923484665901442
0,RHOA (387)_damaging,0.0
0,BSN (8927)_damaging,0.0
0,RBM6 (10180)_damaging,0.0
0,DOCK3 (1795)_damaging,0.0
0,DNAH1 (25981)_damaging,0.0
0,BAP1 (8314)_damaging,0.0
0,STAB1 (23166)_damaging,0.0
0,PBRM1 (55193)_damaging,0.0
0,CACNA1D (776)_damaging,0.0
0,TASOR (23272)_damaging,0.0
0,DNAH12 (201625)_damaging,0.0
0,FLNB (2317)_damaging,0.0
0,PTPRG (5793)_damaging,0.05220459566064951
0,ATXN7 (6314)_damaging,0.016310605864105283
0,ADAMTS9 (56999)_damaging,0.0
0,ROBO2 (6092)_damaging,0.0
0,ROBO1 (6091)_damaging,0.0
0,EPHA3 (2042)_damaging,0.0
0,CRYBG3 (131544)_damaging,0.0
0,FILIP1L (11259)_damaging,0.0
0,ABI3BP (25890)_damaging,0.0
0,NFKBIZ (64332)_damaging,0.0
0,MYH15 (22989)_damaging,0.0
0,DZIP3 (9666)_damaging,0.0
0,MORC1 (27136)_damaging,0.0
0,ZBTB20 (26137)_damaging,0.024810725501565913
0,CFAP91 (89876)_damaging,0.005020703017060224
0,POLQ (10721)_damaging,0.0
0,GOLGB1 (2804)_damaging,0.0
0,MYLK (4638)_damaging,0.0
0,KALRN (8997)_damaging,0.07500336281155007
0,PLXNA1 (5361)_damaging,0.0
0,MBD4 (8930)_damaging,0.0020361668297968222
0,COL6A5 (256076)_damaging,0.0
0,DNAJC13 (23317)_damaging,0.0
0,TOPBP1 (11073)_damaging,0.01677078013281476
0,ATR (545)_damaging,0.015793354191539894
0,MED12L (116931)_damaging,0.01379479167437579
0,IGSF10 (285313)_damaging,0.0
0,ARHGEF26 (26084)_damaging,0.0
0,PLCH1 (23007)_damaging,0.0
0,SMC4 (10051)_damaging,0.0
0,SI (6476)_damaging,0.0
0,ZBBX (79740)_damaging,0.0
0,MECOM (2122)_damaging,0.0
0,SPATA16 (83893)_damaging,0.0
0,USP13 (8975)_damaging,0.0
0,ATP13A5 (344905)_damaging,0.0
0,MUC4 (4585)_damaging,0.0
0,TNK2 (10188)_damaging,0.0
0,NSD2 (7468)_damaging,0.0
0,POLN (353497)_damaging,0.0
0,FAM193A (8603)_damaging,0.0
0,HTT (3064)_damaging,0.0
0,UNC93B7 (100887746)_damaging,0.00036307719238819593
0,BOD1L1 (259282)_damaging,0.0
0,SLIT2 (9353)_damaging,0.0
0,PCDH7 (5099)_damaging,0.007154022282279072
0,LIMCH1 (22998)_damaging,0.0
0,BEND4 (389206)_damaging,0.0
0,ATP8A1 (10396)_damaging,0.0
0,GABRG1 (2565)_damaging,0.0
0,CORIN (10699)_damaging,0.0
0,FRYL (285527)_damaging,0.0
0,KDR (3791)_damaging,0.0
0,CRACD (57482)_damaging,0.0
0,POLR2B (5431)_damaging,0.0
0,ADGRL3 (23284)_damaging,0.027895967696426528
0,EPHA5 (2044)_damaging,0.0
0,CENPC (1060)_damaging,0.0
0,ADAMTS3 (9508)_damaging,0.0
0,SHROOM3 (57619)_damaging,0.0
0,FRAS1 (80144)_damaging,0.0
0,WDFY3 (23001)_damaging,0.0
0,PTPN13 (5783)_damaging,0.0
0,AFF1 (4299)_damaging,0.0
0,MMRN1 (22915)_damaging,0.0
0,SMARCAD1 (56916)_damaging,0.0
0,UNC5C (8633)_damaging,0.0011924995515884503
0,CENPE (1062)_damaging,0.0
0,TET2 (54790)_damaging,0.06428496278603105
0,COL25A1 (84570)_damaging,0.0
0,ANK2 (287)_damaging,0.0
0,BLTP1 (84162)_damaging,0.0
0,FAT4 (79633)_damaging,0.0
0,PCDH10 (57575)_damaging,0.0
0,LRBA (987)_damaging,0.012878283748153828
0,FBXW7 (55294)_damaging,0.0
0,FHDC1 (85462)_damaging,0.0
0,DCHS2 (54798)_damaging,0.0
0,MAP9 (79884)_damaging,0.0
0,RXFP1 (59350)_damaging,0.014686950885256532
0,RAPGEF2 (9693)_damaging,0.005520103094063607
0,FSTL5 (56884)_damaging,0.0
0,DDX60 (55601)_damaging,0.0
0,WDR17 (116966)_damaging,0.006148684478736651
0,TENM3 (55714)_damaging,0.0
0,FAT1 (2195)_damaging,0.0
0,SDHA (6389)_damaging,0.02924620647010717
0,SLC12A7 (10723)_damaging,0.0
0,TERT (7015)_damaging,0.015057511941187075
0,ADAMTS16 (170690)_damaging,0.0
0,ICE1 (23379)_damaging,0.0
0,SEMA5A (9037)_damaging,0.0
0,DNAH5 (1767)_damaging,0.0
0,TRIO (7204)_damaging,0.0
0,MYO10 (4651)_damaging,0.0
0,CDH18 (1016)_damaging,0.0
0,CDH12 (1010)_damaging,0.0
0,PRDM9 (56979)_damaging,0.03354089887182775
0,CDH10 (1008)_damaging,0.0
0,CDH6 (1004)_damaging,0.0
0,PDZD2 (23037)_damaging,0.0
0,ADAMTS12 (81792)_damaging,0.0
0,SPEF2 (79925)_damaging,0.0
0,NIPBL (25836)_damaging,0.0
0,CPLANE1 (65250)_damaging,0.0
0,EGFLAM (133584)_damaging,0.0
0,CARD6 (84674)_damaging,0.006488493822883588
0,C7 (730)_damaging,0.0
0,MROH2B (133558)_damaging,0.0
0,C6 (729)_damaging,0.0
0,HCN1 (348980)_damaging,0.0
0,ADAMTS6 (11174)_damaging,0.0
0,PIK3R1 (5295)_damaging,0.034007386986210725
0,RAD17 (5884)_damaging,0.0
0,BDP1 (55814)_damaging,0.0
0,MAP1B (4131)_damaging,0.0
0,ARHGEF28 (64283)_damaging,0.0
0,ANKRD31 (256006)_damaging,0.0
0,AP3B1 (8546)_damaging,0.0
0,CMYA5 (202333)_damaging,0.07353838612053806
0,MSH3 (4437)_damaging,0.0
0,VCAN (1462)_damaging,0.0
0,RASA1 (5921)_damaging,0.022964069772601663
0,ADGRV1 (84059)_damaging,0.0
0,KIAA0825 (285600)_damaging,0.0
0,ARSK (153642)_damaging,0.0
0,CHD1 (1105)_damaging,0.0
0,SLCO6A1 (133482)_damaging,0.0
0,APC (324)_damaging,0.0
0,DMXL1 (1657)_damaging,0.027039953416759913
0,ZNF608 (57507)_damaging,0.0
0,FBN2 (2201)_damaging,0.0
0,RAD50 (10111)_damaging,0.024813883886256497
0,FSTL4 (23105)_damaging,0.0
0,PITX1 (5307)_damaging,0.07545193083545834
0,LINC02900 (340073)_damaging,0.0065212093773851865
0,CTNNA1 (1495)_damaging,0.028348338464255184
0,WDR55 (54853)_damaging,0.0
0,NR3C1 (2908)_damaging,0.0
0,TCERG1 (10915)_damaging,0.027298246153320212
0,FAT2 (2196)_damaging,0.0
0,GRIA1 (2890)_damaging,0.0
0,LARP1 (23367)_damaging,0.0
0,GABRA6 (2559)_damaging,0.0
0,GABRG2 (2566)_damaging,0.0
0,SLIT3 (6586)_damaging,0.0
0,DOCK2 (1794)_damaging,0.0
0,NSD1 (64324)_damaging,0.0
0,ADAMTS2 (9509)_damaging,0.0
0,FLT4 (2324)_damaging,0.02932855251288421
0,DSP (1832)_damaging,0.0
0,HIVEP1 (3096)_damaging,0.0
0,PHACTR1 (221692)_damaging,0.0
0,JARID2 (3720)_damaging,0.0
0,ATXN1 (6310)_damaging,0.017468853629297464
0,GABBR1 (2550)_damaging,0.10806363975501859
0,HLA-A (3105)_damaging,0.0
0,MDC1 (9656)_damaging,0.0
0,VARS2 (57176)_damaging,0.0
0,MUCL3 (135656)_damaging,0.0
0,HLA-C (3107)_damaging,0.0
0,HLA-B (3106)_damaging,0.0
0,PRRC2A (7916)_damaging,0.0
0,BAG6 (7917)_damaging,0.0
0,TNXB (7148)_damaging,0.026451544323772395
0,NOTCH4 (4855)_damaging,0.0
0,COL11A2 (1302)_damaging,0.0
0,DAXX (1616)_damaging,0.0
0,DNAH8 (1769)_damaging,0.0
0,CCND3 (896)_damaging,0.06593487364433083
0,PEX6 (5190)_damaging,0.0
0,CUL9 (23113)_damaging,0.0
0,ZNF318 (24149)_damaging,0.0
0,TDRD6 (221400)_damaging,0.0
0,MMUT (4594)_damaging,0.007935901189034115
0,PKHD1 (5314)_damaging,0.0
0,DST (667)_damaging,0.0
0,PHF3 (23469)_damaging,0.0
0,EYS (346007)_damaging,0.0
0,ADGRB3 (577)_damaging,0.0
0,COL19A1 (1310)_damaging,0.0
0,COL9A1 (1297)_damaging,0.0
0,RIMS1 (22999)_damaging,0.0
0,COL12A1 (1303)_damaging,0.02224855931311378
0,TTK (7272)_damaging,0.0052579120770348
0,IBTK (25998)_damaging,0.0
0,CEP162 (22832)_damaging,0.0
0,SYNCRIP (10492)_damaging,0.009878414229335327
0,ZNF292 (23036)_damaging,0.0
0,MDN1 (23195)_damaging,0.0
0,CASP8AP2 (9994)_damaging,0.0
0,EPHA7 (2045)_damaging,0.0502508377234626
0,MMS22L (253714)_damaging,0.0
0,PNISR (25957)_damaging,0.0
0,ASCC3 (10973)_damaging,0.0
0,AK9 (221264)_damaging,0.0
0,REV3L (5980)_damaging,0.0
0,LAMA4 (3910)_damaging,0.0
0,GPRC6A (222545)_damaging,0.0
0,ROS1 (6098)_damaging,0.0
0,TBC1D32 (221322)_damaging,0.0
0,TRDN (10345)_damaging,0.0
0,LAMA2 (3908)_damaging,0.009598546944790063
0,AKAP7 (9465)_damaging,0.0
0,MED23 (9439)_damaging,0.0
0,TNFAIP3 (7128)_damaging,0.019372254853420413
0,ARFGEF3 (57221)_damaging,0.04682145714614764
0,NHSL1 (57224)_damaging,0.0
0,ECT2L (345930)_damaging,0.0
0,HECA (51696)_damaging,0.0
0,ADGRG6 (57211)_damaging,0.0
0,HIVEP2 (3097)_damaging,0.0
0,UTRN (7402)_damaging,0.0
0,SHPRH (257218)_damaging,0.0
0,ADGB (79747)_damaging,0.0
0,SYNE1 (23345)_damaging,0.0
0,SCAF8 (22828)_damaging,0.011025630696080608
0,ARID1B (57492)_damaging,0.0
0,FNDC1 (84624)_damaging,0.0
0,IGF2R (3482)_damaging,0.0
0,LPA (4018)_damaging,0.015361231332266979
0,MAP3K4 (4216)_damaging,0.0
0,QKI (9444)_damaging,0.004922165075870276
0,AFDN (4301)_damaging,0.0
0,THBS2 (7058)_damaging,0.02834037593992384
0,INTS1 (26173)_damaging,0.0
0,CARD11 (84433)_damaging,0.0
0,SDK1 (221935)_damaging,0.0
0,TNRC18 (84629)_damaging,0.0
0,PMS2 (5395)_damaging,0.0
0,ZNF316 (100131017)_damaging,0.0
0,COL28A1 (340267)_damaging,0.0
0,THSD7A (221981)_damaging,0.0
0,VWDE (221806)_damaging,0.022809198849686466
0,AHR (196)_damaging,0.0
0,ABCB5 (340273)_damaging,0.08139727103697385
0,DNAH11 (8701)_damaging,0.0
0,STK31 (56164)_damaging,0.0
0,CDK13 (8621)_damaging,0.0
0,GLI3 (2737)_damaging,0.0
0,HECW1 (23072)_damaging,0.007999091000241917
0,AEBP1 (165)_damaging,0.0
0,PKD1L1 (168507)_damaging,0.0
0,ABCA13 (154664)_damaging,0.0
0,IKZF1 (10320)_damaging,0.0
0,EGFR (1956)_damaging,0.0
0,AUTS2 (26053)_damaging,0.0
0,MAGI2 (9863)_damaging,0.0
0,CD36 (948)_damaging,0.037981321826046764
0,PCLO (27445)_damaging,0.0
0,SEMA3E (9723)_damaging,0.0
0,ABCB4 (5244)_damaging,0.0
0,ABCB1 (5243)_damaging,0.0
0,ADAM22 (53616)_damaging,0.0
0,ZNF804B (219578)_damaging,0.0
0,AKAP9 (10142)_damaging,0.0
0,ANKIB1 (54467)_damaging,0.0
0,SAMD9 (54809)_damaging,0.0
0,SAMD9L (219285)_damaging,0.0
0,CALCR (799)_damaging,0.0
0,COL1A2 (1278)_damaging,0.0
0,SLC25A13 (10165)_damaging,0.0
0,TRRAP (8295)_damaging,0.0
0,GPC2 (221914)_damaging,0.0
0,GIGYF1 (64599)_damaging,0.0
0,ZAN (7455)_damaging,0.07859153531438819
0,MUC17 (140453)_damaging,0.0047411025030479025
0,PLOD3 (8985)_damaging,0.0
0,CUX1 (1523)_damaging,0.0
0,FBXL13 (222235)_damaging,0.0
0,LRRC17 (10234)_damaging,0.0
0,RELN (5649)_damaging,0.0
0,KMT2E (55904)_damaging,0.0009605103560249321
0,PIK3CG (5294)_damaging,0.0
0,LAMB4 (22798)_damaging,0.0
0,PPP1R3A (5506)_damaging,0.01231209802051408
0,CFTR (1080)_damaging,0.0
0,CTTNBP2 (83992)_damaging,0.0
0,KCND2 (3751)_damaging,0.0
0,WNT16 (51384)_damaging,0.0
0,PTPRZ1 (5803)_damaging,0.0
0,CADPS2 (93664)_damaging,0.021538099228531664
0,IQUB (154865)_damaging,0.050077396032561
0,POT1 (25913)_damaging,0.0
0,GRM8 (2918)_damaging,0.0
0,FLNC (2318)_damaging,0.0
0,KCP (375616)_damaging,0.0
0,PLXNA4 (91584)_damaging,0.0
0,LRGUK (136332)_damaging,0.0
0,NUP205 (23165)_damaging,0.0
0,DGKI (9162)_damaging,0.0
0,TRIM24 (8805)_damaging,0.0
0,KIAA1549 (57670)_damaging,0.0
0,MGAM (8972)_damaging,0.0
0,MGAM2 (93432)_damaging,0.010887618852707068
0,EPHB6 (2051)_damaging,0.0
0,KEL (3792)_damaging,0.0
0,NOBOX (135935)_damaging,0.0
0,CNTNAP2 (26047)_damaging,0.0
0,KCNH2 (3757)_damaging,0.0
0,NOS3 (4846)_damaging,0.0
0,ATG9B (285973)_damaging,0.0
0,KMT2C (58508)_damaging,0.0
0,DPP6 (1804)_damaging,0.02005843088730324
0,UBE3C (9690)_damaging,0.0
0,PTPRN2 (5799)_damaging,0.0
0,CSMD1 (64478)_damaging,0.0
0,RP1L1 (94137)_damaging,0.0
0,TRMT9B (57604)_damaging,0.0
0,DLC1 (10395)_damaging,0.0
0,PSD3 (23362)_damaging,0.0
0,XPO7 (23039)_damaging,0.0
0,DOCK5 (80005)_damaging,0.0
0,NUGGC (389643)_damaging,0.0
0,TEX15 (56154)_damaging,0.0
0,WRN (7486)_damaging,0.0
0,ADGRA2 (25960)_damaging,0.0
0,ADAM18 (8749)_damaging,0.0654558075681171
0,ANK1 (286)_damaging,0.0
0,PRKDC (5591)_damaging,0.0
0,PXDNL (137902)_damaging,0.0
0,RB1CC1 (9821)_damaging,0.0
0,RP1 (6101)_damaging,0.00629939143921338
0,CHD7 (55636)_damaging,0.0
0,ARFGEF1 (10565)_damaging,0.0
0,PREX2 (80243)_damaging,0.0
0,SULF1 (23213)_damaging,0.0
0,TRPA1 (8989)_damaging,0.0
0,KCNB2 (9312)_damaging,0.0
0,ZFHX4 (79776)_damaging,0.0
0,WWP1 (11059)_damaging,0.0
0,NBN (4683)_damaging,0.0
0,ESRP1 (54845)_damaging,0.0069536741663958615
0,VPS13B (157680)_damaging,0.0
0,RGS22 (26166)_damaging,0.0
0,UBR5 (51366)_damaging,0.0
0,RIMS2 (9699)_damaging,0.0
0,ZFPM2 (23414)_damaging,0.0
0,PKHD1L1 (93035)_damaging,0.018491442870282926
0,CSMD3 (114788)_damaging,0.0
0,TRPS1 (7227)_damaging,0.0
0,COL14A1 (7373)_damaging,0.0
0,FER1L6 (654463)_damaging,0.0
0,ASAP1 (50807)_damaging,0.0
0,EFR3A (23167)_damaging,0.0
0,OC90 (729330)_damaging,0.0
0,KCNQ3 (3786)_damaging,0.0
0,PHF20L1 (51105)_damaging,0.062386557401815354
0,TG (7038)_damaging,0.0
0,FAM135B (51059)_damaging,0.036056120005559425
0,COL22A1 (169044)_damaging,0.0
0,ADGRB1 (575)_damaging,0.0
0,EPPK1 (83481)_damaging,0.0
0,PLEC (5339)_damaging,0.01249724795346443
0,CPSF1 (29894)_damaging,0.009307747124262161
0,RECQL4 (9401)_damaging,0.0
0,DOCK8 (81704)_damaging,0.0
0,SMARCA2 (6595)_damaging,0.0
0,PTPRD (5789)_damaging,0.0
0,FREM1 (158326)_damaging,0.0
0,CNTLN (54875)_damaging,0.0
0,DENND4C (55667)_damaging,0.0
0,CDKN2A (1029)_damaging,0.0
0,TAF1L (138474)_damaging,0.0
0,SPATA31G1 (138724)_damaging,0.0
0,FANCG (2189)_damaging,0.0
0,PIGO (84720)_damaging,0.0
0,UNC13B (10497)_damaging,0.0
0,RUSC2 (9853)_damaging,0.0
0,SPAG8 (26206)_damaging,0.024638602963448178
0,TRPM6 (140803)_damaging,0.07036384698801051
0,PCSK5 (5125)_damaging,0.0
0,PRUNE2 (158471)_damaging,0.01114870180726266
0,VPS13A (23230)_damaging,0.0
0,SPATA31D1 (389763)_damaging,0.0
0,KIF27 (55582)_damaging,0.05455802110130136
0,SLC28A3 (64078)_damaging,0.0
0,SECISBP2 (79048)_damaging,0.0
0,ROR2 (4920)_damaging,0.0
0,NOL8 (55035)_damaging,0.0
0,WNK2 (65268)_damaging,0.0
0,PTCH1 (5727)_damaging,0.0
0,GRIN3A (116443)_damaging,0.0
0,SMC2 (10592)_damaging,0.04395547103206679
0,ZNF462 (58499)_damaging,0.0
0,ELP1 (8518)_damaging,0.07724620821142618
0,TMEM245 (23731)_damaging,0.0011001711327379906
0,PALM2AKAP2 (445815)_damaging,0.0
0,SVEP1 (79987)_damaging,0.0
0,COL27A1 (85301)_damaging,0.012999696771459743
0,C5 (727)_damaging,0.0
0,CNTRL (11064)_damaging,0.0
0,DENND1A (57706)_damaging,0.0
0,GAPVD1 (26130)_damaging,0.03971617061065852
0,GOLGA2 (2801)_damaging,0.0
0,SPTAN1 (6709)_damaging,0.0
0,HMCN2 (256158)_damaging,0.0
0,FUBP3 (8939)_damaging,0.0
0,NUP214 (8021)_damaging,0.0
0,PRRC2B (84726)_damaging,0.0
0,UCK1 (83549)_damaging,0.025820990993367685
0,SETX (23064)_damaging,0.0
0,TSC1 (7248)_damaging,0.03065339127050251
0,ADAMTS13 (11093)_damaging,0.020583355946632725
0,ADAMTSL2 (9719)_damaging,0.008818523797759884
0,SARDH (1757)_damaging,0.0
0,BRD3 (8019)_damaging,0.0
0,WDR5 (11091)_damaging,0.0
0,COL5A1 (1289)_damaging,0.0
0,SEC16A (9919)_damaging,0.019572939452319423
0,NOTCH1 (4851)_damaging,0.0
0,EXD3 (54932)_damaging,0.0
0,MXRA5 (25878)_damaging,0.0
0,WWC3 (55841)_damaging,0.0
0,FRMPD4 (9758)_damaging,0.0
0,NHS (4810)_damaging,0.0
0,MAP3K15 (389840)_damaging,0.043673596536254196
0,DMD (1756)_damaging,0.0
0,CFAP47 (286464)_damaging,0.0
0,BCOR (54880)_damaging,0.03906051816649921
0,USP9X (8239)_damaging,0.06925927210236772
0,DDX3X (1654)_damaging,0.0482720633736665
0,KDM6A (7403)_damaging,0.0
0,RBM10 (8241)_damaging,0.005974626910541963
0,CCNB3 (85417)_damaging,0.0888748029631629
0,IQSEC2 (23096)_damaging,0.0
0,HUWE1 (10075)_damaging,0.0
0,AMER1 (139285)_damaging,0.0
0,ZC3H12B (340554)_damaging,0.0
0,OPHN1 (4983)_damaging,0.0
0,KIF4A (24137)_damaging,0.0
0,MED12 (9968)_damaging,0.026779177691134977
0,ZMYM3 (9203)_damaging,0.02988397960150004
0,NEXMIF (340533)_damaging,0.0
0,ATRX (546)_damaging,0.0
0,BRWD3 (254065)_damaging,0.05030855197930868
0,ZNF711 (7552)_damaging,0.0
0,DIAPH2 (1730)_damaging,0.018158428751850916
0,RAB40A (142684)_damaging,0.0
0,NRK (203447)_damaging,0.0
0,MORC4 (79710)_damaging,0.0
0,COL4A6 (1288)_damaging,0.0
0,STAG2 (10735)_damaging,0.02536090936351032
0,TENM1 (10178)_damaging,0.0
0,SMARCA1 (6594)_damaging,0.0
0,BCORL1 (63035)_damaging,0.0
0,USP26 (83844)_damaging,0.0
0,MAP7D3 (79649)_damaging,0.0
0,ADGRG4 (139378)_damaging,0.0
0,MAGEC1 (9947)_damaging,0.0
0,SPANXN4 (441525)_damaging,0.0
0,SLITRK4 (139065)_damaging,0.0
0,SLITRK2 (84631)_damaging,0.0
0,FMR1 (2332)_damaging,0.0
0,AFF2 (2334)_damaging,0.0
0,PLXNA3 (55558)_damaging,0.0
0,F8 (2157)_damaging,0.0
0,MT-ND4 (4538)_damaging,0.0
0,MT-ND5 (4540)_damaging,0.0
1,MTOR (2475)_hotspot,0.054163330768502105
1,NRAS (4893)_hotspot,0.10087735155441092
1,PTEN (5728)_hotspot,0.0
1,HRAS (3265)_hotspot,0.0
1,ATM (472)_hotspot,0.0
1,KRAS (3845)_hotspot,0.09013196111794237
1,RB1 (5925)_hotspot,0.04010107790967166
1,CREBBP (1387)_hotspot,0.0
1,TP53 (7157)_hotspot,0.038620649864847
1,NF1 (4763)_hotspot,0.0
1,ERBB2 (2064)_hotspot,0.0
1,SMAD4 (4089)_hotspot,0.0
1,STK11 (6794)_hotspot,0.0
1,SMARCA4 (6597)_hotspot,0.0
1,C2orf81 (388963)_hotspot,0.026241401864593214
1,NFE2L2 (4780)_hotspot,0.0
1,VHL (7428)_hotspot,0.0
1,CTNNB1 (1499)_hotspot,0.0
1,RHOA (387)_hotspot,0.07725760289502905
1,PIK3CA (5290)_hotspot,0.0
1,FBXW7 (55294)_hotspot,0.0
1,TERT (7015)_hotspot,0.0
1,PIK3R1 (5295)_hotspot,0.0
1,APC (324)_hotspot,0.0
1,CCND3 (896)_hotspot,0.06838035508093064
1,RAC1 (5879)_hotspot,0.0
1,EGFR (1956)_hotspot,0.0
1,BRAF (673)_hotspot,0.11903134902831093
1,EZH2 (2146)_hotspot,0.0
1,CDKN2A (1029)_hotspot,0.03716593526488013
1,AGRN (375790)_damaging,0.056334581925339126
1,MXRA8 (54587)_damaging,0.0
1,CFAP74 (85452)_damaging,0.0
1,MEGF6 (1953)_damaging,0.0
1,CHD5 (26038)_damaging,0.0
1,RPL22 (6146)_damaging,0.018205365212874646
1,CAMTA1 (23261)_damaging,0.0
1,ERRFI1 (54206)_damaging,0.0023011757599876543
1,SLC45A1 (50651)_damaging,0.025529147528509433
1,RERE (473)_damaging,0.0
1,EXOSC10 (5394)_damaging,0.0
1,VPS13D (55187)_damaging,0.0
1,SPEN (23013)_damaging,0.0
1,EPHA2 (1969)_damaging,0.0
1,UBR4 (23352)_damaging,0.0
1,VWA5B1 (127731)_damaging,0.0
1,HSPG2 (3339)_damaging,0.0601951211733815
1,LUZP1 (7798)_damaging,0.01574307647194188
1,ID3 (3399)_damaging,0.17958753320231924
1,ELOA (6924)_damaging,0.0
1,ARID1A (8289)_damaging,0.0519741366085617
1,WDTC1 (23038)_damaging,0.0
1,AHDC1 (27245)_damaging,0.0
1,COL16A1 (1307)_damaging,0.0
1,CSMD2 (114784)_damaging,0.05123514888389971
1,ZMYM6 (9204)_damaging,0.0
1,ZMYM1 (79830)_damaging,0.0
1,ZMYM4 (9202)_damaging,0.0
1,CLSPN (63967)_damaging,0.0
1,AGO1 (26523)_damaging,0.0
1,MAP7D1 (55700)_damaging,0.0
1,MACF1 (23499)_damaging,0.04695952094725686
1,HIVEP3 (59269)_damaging,0.0
1,TIE1 (7075)_damaging,0.0
1,SZT2 (23334)_damaging,0.0
1,MUTYH (4595)_damaging,0.0
1,MAST2 (23139)_damaging,0.0
1,PIK3R3 (8503)_damaging,0.0
1,FAAH (2166)_damaging,0.010357432856435244
1,TAL1 (6886)_damaging,0.03079106995689116
1,TUT4 (23318)_damaging,0.0
1,FYB2 (199920)_damaging,0.0
1,NFIA (4774)_damaging,0.0
1,PATJ (10207)_damaging,0.0
1,DOCK7 (85440)_damaging,0.0
1,JAK1 (3716)_damaging,0.0
1,LEPR (3953)_damaging,0.0
1,LRRC7 (57554)_damaging,0.0
1,TNNI3K (51086)_damaging,0.0
1,ERICH3 (127254)_damaging,0.08676012951266138
1,SLC44A5 (204962)_damaging,0.0
1,ADGRL4 (64123)_damaging,0.07334021857051094
1,ADGRL2 (23266)_damaging,0.0
1,COL24A1 (255631)_damaging,0.0
1,HFM1 (164045)_damaging,0.0
1,BTBD8 (284697)_damaging,0.0
1,RPL5 (6125)_damaging,0.093368743897382
1,FRRS1 (391059)_damaging,0.0
1,COL11A1 (1301)_damaging,0.0
1,EPS8L3 (79574)_damaging,0.0
1,CEPT1 (10390)_damaging,0.0
1,DENND2C (163259)_damaging,0.0
1,SYCP1 (6847)_damaging,0.0
1,CD58 (965)_damaging,0.0
1,TTF2 (8458)_damaging,0.03940356326535229
1,SPAG17 (200162)_damaging,0.0
1,NOTCH2 (4853)_damaging,0.0
1,BCL9 (607)_damaging,0.0
1,ADAMTSL4 (54507)_damaging,0.0
1,SETDB1 (9869)_damaging,0.0
1,ZNF687 (57592)_damaging,0.0
1,FLG (2312)_damaging,0.0
1,CCDST (112268240)_damaging,0.0
1,FLG2 (388698)_damaging,0.006094899563543203
1,DENND4B (9909)_damaging,0.0
1,UBAP2L (9898)_damaging,0.0
1,SHC1 (6464)_damaging,0.0
1,ASH1L (55870)_damaging,0.020225663690569436
1,GON4L (54856)_damaging,0.0
1,IQGAP3 (128239)_damaging,0.0
1,NES (10763)_damaging,0.0
1,INSRR (3645)_damaging,0.0
1,FCRL5 (83416)_damaging,7.6922457433512e-05
1,SPTA1 (6708)_damaging,0.04286826658350972
1,ARHGAP30 (257106)_damaging,0.0
1,ADCY10 (55811)_damaging,0.01987483952490545
1,GPR161 (23432)_damaging,0.0
1,F5 (2153)_damaging,0.0
1,TNR (7143)_damaging,0.0
1,PAPPA2 (60676)_damaging,0.0
1,ABL2 (27)_damaging,0.03237631497790268
1,AXDND1 (126859)_damaging,0.0
1,TDRD5 (163589)_damaging,0.0
1,CEP350 (9857)_damaging,0.0
1,CACNA1E (777)_damaging,0.03748921683146226
1,RGL1 (23179)_damaging,0.0018590310537660495
1,HMCN1 (83872)_damaging,0.0
1,TPR (7175)_damaging,0.010723606832627188
1,BRINP3 (339479)_damaging,0.0
1,KCNT2 (343450)_damaging,0.0
1,CFH (3075)_damaging,0.0
1,ASPM (259266)_damaging,0.011568425824476774
1,CRB1 (23418)_damaging,0.0
1,PTPRC (5788)_damaging,0.058027114248760045
1,CAMSAP2 (23271)_damaging,0.02749895881103427
1,CACNA1S (779)_damaging,0.051149651547177356
1,IGFN1 (91156)_damaging,0.04347107771006337
1,NAV1 (89796)_damaging,0.0
1,ELF3 (1999)_damaging,0.07500742074113009
1,KDM5B (10765)_damaging,0.0
1,PLEKHA6 (22874)_damaging,0.0
1,PIK3C2B (5287)_damaging,0.0
1,NFASC (23114)_damaging,0.0
1,CR2 (1380)_damaging,0.0
1,CR1 (1378)_damaging,0.008692914785409176
1,PLXNA2 (5362)_damaging,0.0
1,PROX1 (5629)_damaging,0.0
1,PTPN14 (5784)_damaging,0.0
1,CENPF (1063)_damaging,0.0
1,USH2A (7399)_damaging,0.0
1,DNAH14 (127602)_damaging,0.0
1,CDC42BPA (8476)_damaging,0.006079453477421427
1,OBSCN (84033)_damaging,0.0
1,H3-4 (8290)_damaging,0.0
1,SIPA1L2 (57568)_damaging,0.026553635774809587
1,PCNX2 (80003)_damaging,0.0
1,TARBP1 (6894)_damaging,0.0
1,ARID4B (51742)_damaging,0.0
1,LYST (1130)_damaging,0.0
1,HEATR1 (55127)_damaging,0.0
1,RYR2 (6262)_damaging,0.0
1,CHRM3 (1131)_damaging,0.0
1,FMN2 (56776)_damaging,0.014395606375180163
1,RGS7 (6000)_damaging,0.0
1,WDR64 (128025)_damaging,0.0
1,KIF26B (55083)_damaging,0.0
1,AHCTF1 (25909)_damaging,0.0
1,NLRP3 (114548)_damaging,0.0
1,LARP4B (23185)_damaging,0.0
1,TASOR2 (54906)_damaging,0.026455330243738688
1,TAF3 (83860)_damaging,0.0
1,FRMD4A (55691)_damaging,0.0
1,ITGA8 (8516)_damaging,0.0
1,CUBN (8029)_damaging,0.014135358525480158
1,MRC1 (4360)_damaging,0.0
1,MALRD1 (340895)_damaging,0.0
1,PLXDC2 (84898)_damaging,0.0
1,SPAG6 (9576)_damaging,0.0
1,ARMC3 (219681)_damaging,0.0
1,GPR158 (57512)_damaging,0.0
1,MYO3A (53904)_damaging,0.0
1,ANKRD26 (22852)_damaging,0.0
1,ODAD2 (55130)_damaging,0.0
1,SVIL (6840)_damaging,0.0
1,JCAD (57608)_damaging,0.0
1,KIF5B (3799)_damaging,0.012285078387525381
1,CCDC7 (79741)_damaging,0.0
1,PARD3 (56288)_damaging,0.0
1,ANKRD30A (91074)_damaging,0.0
1,RSU1P2 (100133308)_damaging,0.0
1,WDFY4 (57705)_damaging,0.0
1,C10orf71 (118461)_damaging,0.0
1,PCDH15 (65217)_damaging,0.060240051774389805
1,ANK3 (288)_damaging,0.0
1,ARID5B (84159)_damaging,0.0
1,EGR2 (1959)_damaging,0.0
1,JMJD1C (221037)_damaging,0.0
1,MYPN (84665)_damaging,0.0
1,CDH23 (64072)_damaging,0.0
1,SYNPO2L (79933)_damaging,0.0
1,ZMIZ1 (57178)_damaging,0.0
1,NRG3 (10718)_damaging,0.08751451373730369
1,WAPL (23063)_damaging,0.0
1,PTEN (5728)_damaging,0.0
1,STAMBPL1 (57559)_damaging,0.0
1,SLC16A12 (387700)_damaging,0.0
1,KIF20B (9585)_damaging,0.0
1,BTAF1 (9044)_damaging,0.0
1,MYOF (26509)_damaging,0.0
1,PLCE1 (51196)_damaging,0.0
1,CC2D2B (387707)_damaging,0.048827589846969326
1,ZNF518A (9849)_damaging,0.0
1,LCOR (84458)_damaging,0.024270069960494384
1,SLIT1 (6585)_damaging,0.0
1,LOXL4 (84171)_damaging,0.0
1,SLF2 (55719)_damaging,0.009311980836439963
1,PPRC1 (23082)_damaging,0.0
1,PSD (5662)_damaging,0.0
1,CNNM2 (54805)_damaging,0.0
1,SLK (9748)_damaging,0.0
1,SORCS3 (22986)_damaging,0.0
1,SORCS1 (114815)_damaging,0.0
1,SMC3 (9126)_damaging,0.07468211968755485
1,TCF7L2 (6934)_damaging,0.0
1,ATRNL1 (26033)_damaging,0.0
1,PDZD8 (118987)_damaging,0.0
1,TACC2 (10579)_damaging,0.0
1,DMBT1 (1755)_damaging,0.0
1,DOCK1 (1793)_damaging,0.0
1,MKI67 (4288)_damaging,0.030507403621735023
1,JAKMIP3 (282973)_damaging,0.0
1,CFAP46 (54777)_damaging,0.0
1,B4GALNT4 (338707)_damaging,0.0
1,PKP3 (11187)_damaging,0.0017303383296058
1,PHRF1 (57661)_damaging,0.06445843826190199
1,MUC5AC (4586)_damaging,0.0
1,MUC5B (727897)_damaging,0.0
1,BRSK2 (9024)_damaging,0.0
1,KCNQ1 (3784)_damaging,0.0
1,NUP98 (4928)_damaging,0.0
1,DNHD1 (144132)_damaging,0.0
1,DCHS1 (8642)_damaging,0.0
1,SBF2 (81846)_damaging,0.0
1,PLEKHA7 (144100)_damaging,0.0
1,PIK3C2A (5286)_damaging,0.0
1,ABCC8 (6833)_damaging,0.0
1,USH1C (10083)_damaging,0.0
1,OTOG (340990)_damaging,0.0
1,NAV2 (89797)_damaging,0.0
1,DCDC1 (341019)_damaging,0.0
1,CCDC73 (493860)_damaging,0.0
1,QSER1 (79832)_damaging,0.0
1,PHF21A (51317)_damaging,0.0
1,LRP4 (4038)_damaging,0.0
1,AGBL2 (79841)_damaging,0.0
1,FOLH1 (2346)_damaging,0.0
1,CTNND1 (1500)_damaging,0.0
1,MYRF (745)_damaging,0.0
1,AHNAK (79026)_damaging,0.0
1,SLC3A2 (6520)_damaging,0.008886461906643639
1,PLCB3 (5331)_damaging,0.0
1,NRXN2 (9379)_damaging,0.0
1,ATG2A (23130)_damaging,0.0
1,PCNX3 (399909)_damaging,0.0
1,RIN1 (9610)_damaging,0.0
1,SHANK2 (22941)_damaging,0.008649532715047665
1,INPPL1 (3636)_damaging,0.0
1,ARHGEF17 (9828)_damaging,0.0
1,C2CD3 (26005)_damaging,0.0
1,MYO7A (4647)_damaging,0.02832990570281567
1,RSF1 (51773)_damaging,0.0
1,GAB2 (9846)_damaging,0.008511475710239837
1,TENM4 (26011)_damaging,0.027840828384302803
1,PCF11 (51585)_damaging,0.0
1,DLG2 (1740)_damaging,0.0
1,SYTL2 (54843)_damaging,0.0
1,FAT3 (120114)_damaging,0.0
1,DEUP1 (159989)_damaging,0.030998537599845322
1,MRE11 (4361)_damaging,0.0
1,CNTN5 (53942)_damaging,0.0
1,CEP126 (57562)_damaging,0.003053885930511583
1,MMP3 (4314)_damaging,0.0
1,DYNC2H1 (79659)_damaging,0.0
1,NPAT (4863)_damaging,0.0
1,ATM (472)_damaging,0.002678844402002223
1,EXPH5 (23086)_damaging,0.0
1,ARHGAP20 (57569)_damaging,0.0
1,NKAPD1 (55216)_damaging,0.0
1,NCAM1 (4684)_damaging,0.0
1,USP28 (57646)_damaging,0.0
1,DSCAML1 (57453)_damaging,0.0
1,KMT2A (4297)_damaging,0.0
1,BCL9L (283149)_damaging,0.02601483817606716
1,HYOU1 (10525)_damaging,0.0
1,MFRP (83552)_damaging,0.0
1,ARHGEF12 (23365)_damaging,0.0
1,TECTA (7007)_damaging,0.0
1,SORL1 (6653)_damaging,0.0
1,GRAMD1B (57476)_damaging,0.00923621028583827
1,ROBO3 (64221)_damaging,0.0
1,CCDC15 (80071)_damaging,0.0
1,CDON (50937)_damaging,0.0
1,NFRKB (4798)_damaging,0.0
1,IGSF9B (22997)_damaging,0.0
1,GLB1L2 (89944)_damaging,0.0
1,LINC02714 (729305)_damaging,0.008372944262873935
1,KDM5A (5927)_damaging,0.0
1,CACNA1C (775)_damaging,0.0
1,VWF (7450)_damaging,0.0
1,PLEKHG6 (55200)_damaging,0.0
1,CHD4 (1108)_damaging,0.026050595460404617
1,ATN1 (1822)_damaging,0.0
1,A2M (2)_damaging,0.0
1,GRIN2B (2904)_damaging,0.0
1,ATF7IP (55729)_damaging,0.0
1,GUCY2C (2984)_damaging,0.0
1,EPS8 (2059)_damaging,0.0
1,PLEKHA5 (54477)_damaging,0.0
1,RECQL (5965)_damaging,0.0
1,ABCC9 (10060)_damaging,0.0
1,ITPR2 (3709)_damaging,0.0
1,OVCH1 (341350)_damaging,0.0
1,KIF21A (55605)_damaging,0.0
1,LRRK2 (120892)_damaging,0.0
1,MUC19 (283463)_damaging,0.062126673728982375
1,CNTN1 (1272)_damaging,0.0
1,PDZRN4 (29951)_damaging,0.0
1,ADAMTS20 (80070)_damaging,0.0
1,ARID2 (196528)_damaging,0.0
1,COL2A1 (1280)_damaging,0.0
1,WNT1 (7471)_damaging,0.0
1,KMT2D (8085)_damaging,0.0
1,PRPF40B (25766)_damaging,0.0
1,NCKAP5L (57701)_damaging,0.019924733332111855
1,DIP2B (57609)_damaging,0.0
1,MAP3K12 (7786)_damaging,0.10453040248034756
1,STAT2 (6773)_damaging,0.0
1,NACA (4666)_damaging,0.0
1,MYO1A (4640)_damaging,0.02116985234548615
1,STAT6 (6778)_damaging,0.0
1,LRP1 (4035)_damaging,0.0
1,R3HDM2 (22864)_damaging,0.0
1,GLI1 (2735)_damaging,0.0
1,MBD6 (114785)_damaging,0.0
1,XPOT (11260)_damaging,0.0
1,PTPRB (5787)_damaging,0.046352069919379
1,ZFC3H1 (196441)_damaging,0.0
1,E2F7 (144455)_damaging,0.007962174930404636
1,NAV3 (89795)_damaging,0.0
1,OTOGL (283310)_damaging,0.0
1,PTPRQ (374462)_damaging,0.0
1,PPFIA2 (8499)_damaging,0.0
1,LRRIQ1 (84125)_damaging,0.0
1,CEP290 (80184)_damaging,0.0
1,PLXNC1 (10154)_damaging,0.0
1,CFAP54 (144535)_damaging,0.0
1,ANKS1B (56899)_damaging,0.0
1,BLTP3B (23074)_damaging,0.0
1,UTP20 (27340)_damaging,0.002040994320600387
1,STAB2 (55576)_damaging,0.0
1,HCFC2 (29915)_damaging,0.0
1,ALDH1L2 (160428)_damaging,0.0
1,ACACB (32)_damaging,0.0
1,CUX2 (23316)_damaging,0.0
1,NAA25 (80018)_damaging,0.0
1,HECTD4 (283450)_damaging,0.0
1,DTX1 (1840)_damaging,0.005508748821003975
1,NOS1 (4842)_damaging,0.0
1,KSR2 (283455)_damaging,0.0
1,CIT (11113)_damaging,0.0
1,HNF1A (6927)_damaging,0.0
1,KDM2B (84678)_damaging,0.0
1,SETD1B (23067)_damaging,0.0
1,CFAP251 (144406)_damaging,0.0
1,KNTC1 (9735)_damaging,0.0
1,SBNO1 (55206)_damaging,0.0
1,DNAH10 (196385)_damaging,0.009354581362223715
1,NCOR2 (9612)_damaging,0.0
1,TMEM132D (121256)_damaging,0.0
1,RIMBP2 (23504)_damaging,0.04544607038598471
1,EP400 (57634)_damaging,0.0
1,POLE (5426)_damaging,0.0
1,SACS (26278)_damaging,0.0
1,RNF17 (56163)_damaging,0.0036355685645186706
1,CENPJ (55835)_damaging,0.0
1,ATP8A2 (51761)_damaging,0.00021262757796676866
1,PAN3 (255967)_damaging,0.0
1,FRY (10129)_damaging,0.07781787846708033
1,BRCA2 (675)_damaging,0.0
1,PDS5B (23047)_damaging,0.0548648821214832
1,NBEA (26960)_damaging,0.0
1,POSTN (10631)_damaging,0.0
1,TRPC4 (7223)_damaging,0.0
1,FREM2 (341640)_damaging,0.0
1,DGKH (160851)_damaging,0.07612536540696739
1,ZC3H13 (23091)_damaging,0.0
1,RB1 (5925)_damaging,0.09061239413611692
1,PCDH17 (27253)_damaging,0.06913461121145699
1,DIAPH3 (81624)_damaging,0.003353395073301915
1,KLHL1 (57626)_damaging,0.0
1,DIS3 (22894)_damaging,0.005582006932513949
1,MYCBP2 (23077)_damaging,0.0
1,SLITRK5 (26050)_damaging,0.0
1,UGGT2 (55757)_damaging,0.0
1,DOCK9 (23348)_damaging,0.0
1,NALCN (259232)_damaging,0.0
1,CCDC168 (643677)_damaging,0.011362272085476627
1,MYO16 (23026)_damaging,0.0
1,COL4A1 (1282)_damaging,0.0
1,COL4A2 (1284)_damaging,0.0
1,TEP1 (7011)_damaging,0.029653528552340654
1,ARHGEF40 (55701)_damaging,0.0
1,CHD8 (57680)_damaging,0.0
1,AJUBA (84962)_damaging,0.05571045208874135
1,ACIN1 (22985)_damaging,0.0
1,MYH7 (4625)_damaging,0.0
1,NYNRIN (57523)_damaging,0.0
1,ARHGAP5 (394)_damaging,0.012230575558312213
1,AKAP6 (9472)_damaging,0.0
1,NPAS3 (64067)_damaging,0.0
1,RALGAPA1 (253959)_damaging,0.0
1,TTC6 (319089)_damaging,0.0
1,MIA2 (4253)_damaging,0.0
1,TOGARAM1 (23116)_damaging,0.0014765700564788465
1,FANCM (57697)_damaging,0.0070106994755258075
1,MDGA2 (161357)_damaging,0.0
1,NIN (51199)_damaging,0.0
1,NID2 (22795)_damaging,0.05627938352563973
1,KTN1 (3895)_damaging,0.0
1,ARID4A (5926)_damaging,0.0
1,HIF1A (3091)_damaging,0.00938355635170181
1,KCNH5 (27133)_damaging,0.0
1,SYNE2 (23224)_damaging,0.04037675440570368
1,PCNX1 (22990)_damaging,0.0
1,SIPA1L1 (26037)_damaging,0.01638193848598908
1,MIDEAS (91748)_damaging,0.0
1,YLPM1 (56252)_damaging,0.0
1,MLH3 (27030)_damaging,0.0
1,NRXN3 (9369)_damaging,0.0
1,GALC (2581)_damaging,0.0
1,PTPN21 (11099)_damaging,0.0
1,ZC3H14 (79882)_damaging,0.0
1,EML5 (161436)_damaging,0.0
1,FOXN3 (1112)_damaging,0.0
1,CCDC88C (440193)_damaging,0.0
1,TRIP11 (9321)_damaging,0.019607975994955423
1,UNC79 (57578)_damaging,0.026087811772326407
1,ATG2B (55102)_damaging,0.0
1,RTL1 (388015)_damaging,0.0
1,DYNC1H1 (1778)_damaging,0.0
1,KIF26A (26153)_damaging,0.0028523653957601472
1,INF2 (64423)_damaging,0.0
1,CEP170B (283638)_damaging,0.036069950371247696
1,AHNAK2 (113146)_damaging,0.0
1,SNHG14 (104472715)_damaging,0.0
1,ATP10A (57194)_damaging,0.0
1,HERC2 (8924)_damaging,0.0
1,TRPM1 (4308)_damaging,0.0
1,FMN1 (342184)_damaging,0.0
1,RYR3 (6263)_damaging,0.0
1,CCDC9B (388115)_damaging,0.0
1,KNL1 (57082)_damaging,0.0
1,INO80 (54617)_damaging,0.0
1,LTK (4058)_damaging,0.0
1,TYRO3 (7301)_damaging,0.03876459127021741
1,MGA (23269)_damaging,0.0
1,SPTBN5 (51332)_damaging,0.0
1,ZNF106 (64397)_damaging,0.00603693693843294
1,STARD9 (57519)_damaging,0.0
1,UBR1 (197131)_damaging,0.007560808078560411
1,TP53BP1 (7158)_damaging,0.0
1,MAP1A (4130)_damaging,0.00421716183780953
1,SPG11 (80208)_damaging,0.0
1,B2M (567)_damaging,0.0
1,DUOX2 (50506)_damaging,0.0
1,FBN1 (2200)_damaging,0.0
1,CEP152 (22995)_damaging,0.05327722702460194
1,USP8 (9101)_damaging,0.0
1,AP4E1 (23431)_damaging,0.0
1,DMXL2 (23312)_damaging,0.0
1,MYO5C (55930)_damaging,0.0
1,UNC13C (440279)_damaging,0.03824421725113341
1,RFX7 (64864)_damaging,0.0
1,RNF111 (54778)_damaging,0.01815818957830126
1,ICE2 (79664)_damaging,0.0
1,VPS13C (54832)_damaging,0.0
1,TLN2 (83660)_damaging,0.0
1,HERC1 (8925)_damaging,0.0
1,ZNF609 (23060)_damaging,0.0
1,NOX5 (79400)_damaging,0.0
1,MYO9A (4649)_damaging,0.0
1,HCN4 (10021)_damaging,0.0
1,SIN3A (25942)_damaging,0.07964953137298403
1,PEAK1 (79834)_damaging,0.010755273897643598
1,ADAMTSL3 (57188)_damaging,0.0
1,AKAP13 (11214)_damaging,0.03906602155129124
1,AGBL1 (123624)_damaging,0.0
1,NTRK3 (4916)_damaging,0.010080169517671721
1,TICRR (90381)_damaging,0.0
1,KIF7 (374654)_damaging,0.004156055209558109
1,IQGAP1 (8826)_damaging,0.0
1,BLM (641)_damaging,0.0
1,FES (2242)_damaging,0.0
1,CHD2 (1106)_damaging,0.0
1,LRRK1 (79705)_damaging,0.00015742542633520202
1,AXIN1 (8312)_damaging,0.033066075406874076
1,WDR90 (197335)_damaging,0.0
1,CACNA1H (8912)_damaging,0.0
1,UNKL (64718)_damaging,0.0
1,CRAMP1 (57585)_damaging,0.0
1,TSC2 (7249)_damaging,0.0
1,PKD1 (5310)_damaging,0.01439113989170846
1,CASKIN1 (57524)_damaging,0.0
1,SLX4 (84464)_damaging,0.0
1,CREBBP (1387)_damaging,0.08442207318983674
1,GRIN2A (2903)_damaging,0.0
1,SMG1 (23049)_damaging,0.0
1,KNOP1 (400506)_damaging,0.0
1,DNAH3 (55567)_damaging,0.0
1,PALB2 (79728)_damaging,0.0
1,RBBP6 (5930)_damaging,0.0
1,TNRC6A (27327)_damaging,0.0
1,GTF3C1 (2975)_damaging,0.0
1,ATXN2L (11273)_damaging,0.0
1,FBRS (64319)_damaging,0.0
1,SRCAP (10847)_damaging,0.0
1,SETD1A (9739)_damaging,0.0
1,ITGAD (3681)_damaging,0.0
1,SALL1 (6299)_damaging,0.0
1,CHD9 (80205)_damaging,0.0
1,RBL2 (5934)_damaging,0.0
1,NLRC5 (84166)_damaging,0.0
1,CNGB1 (1258)_damaging,0.0
1,CDH8 (1006)_damaging,0.0
1,CDH11 (1009)_damaging,0.0
1,CTCF (10664)_damaging,0.04623451759008024
1,CARMIL2 (146206)_damaging,0.0
1,CDH1 (999)_damaging,0.0
1,DHX38 (9785)_damaging,0.0
1,ZFHX3 (463)_damaging,0.0
1,CNTNAP4 (85445)_damaging,0.0
1,PKD1L2 (114780)_damaging,0.0
1,TAF1C (9013)_damaging,0.0
1,GSE1 (23199)_damaging,0.0
1,IRF8 (3394)_damaging,0.07419055776596384
1,ZNF469 (84627)_damaging,0.0
1,ZC3H18 (124245)_damaging,0.0
1,LINC02138 (400558)_damaging,0.055731801547641076
1,CDH15 (1013)_damaging,0.0
1,ANKRD11 (29123)_damaging,0.0
1,VPS9D1 (9605)_damaging,0.0
1,CLUH (23277)_damaging,0.0
1,SPATA22 (84690)_damaging,0.0
1,ZZEF1 (23140)_damaging,0.0
1,CAMTA2 (23125)_damaging,0.004014730218176484
1,USP6 (9098)_damaging,0.0
1,FXR2 (9513)_damaging,0.0
1,TP53 (7157)_damaging,0.500205714412419
1,EFNB3 (1949)_damaging,0.0
1,DNAH2 (146754)_damaging,0.03302685112372489
1,KDM6B (23135)_damaging,0.0
1,CHD3 (1107)_damaging,0.0
1,PER1 (5187)_damaging,0.0
1,MYH13 (8735)_damaging,0.0
1,MYH8 (4626)_damaging,0.0
1,MYH4 (4622)_damaging,0.0
1,MYH1 (4619)_damaging,0.03275137183322346
1,MYH2 (4620)_damaging,0.0
1,DNAH9 (1770)_damaging,0.0
1,MYOCD (93649)_damaging,0.0
1,NCOR1 (9611)_damaging,0.0
1,MPRIP (23164)_damaging,0.0
1,MYO15A (51168)_damaging,0.0
1,SPECC1 (92521)_damaging,0.0
1,KSR1 (8844)_damaging,0.0
1,MYO18A (399687)_damaging,0.0
1,EFCAB5 (374786)_damaging,0.0
1,ATAD5 (79915)_damaging,0.0
1,NF1 (4763)_damaging,0.014787995584669361
1,SLFN11 (91607)_damaging,0.0
1,SYNRG (11276)_damaging,0.0
1,GPR179 (440435)_damaging,0.0
1,ARHGAP23 (57636)_damaging,0.0
1,TOP2A (7153)_damaging,0.0
1,KCNH4 (23415)_damaging,0.0
1,STAT5B (6777)_damaging,0.0
1,BRCA1 (672)_damaging,0.0
1,ITGA2B (3674)_damaging,0.0
1,KANSL1 (284058)_damaging,0.00013323662647411928
1,HOXB3 (3213)_damaging,0.0
1,COL1A1 (1277)_damaging,0.02506966094133721
1,ANKFN1 (162282)_damaging,0.0
1,RNF43 (54894)_damaging,0.0
1,PPM1D (8493)_damaging,0.0
1,TBX4 (9496)_damaging,0.0
1,BRIP1 (83990)_damaging,0.0
1,MED13 (9969)_damaging,0.0
1,MRC2 (9902)_damaging,0.0
1,SCN4A (6329)_damaging,0.0
1,GNA13 (10672)_damaging,0.02427190157052424
1,AXIN2 (8313)_damaging,0.0
1,HELZ (9931)_damaging,0.0
1,NOL11 (25926)_damaging,0.0
1,BPTF (2186)_damaging,0.04425646317179126
1,ABCA8 (10351)_damaging,0.0
1,ABCA9 (10350)_damaging,0.0
1,ABCA6 (23460)_damaging,0.0
1,ABCA10 (10349)_damaging,0.0
1,ABCA5 (23461)_damaging,0.0
1,SOX9 (6662)_damaging,0.014201185271189402
1,SDK2 (54549)_damaging,0.0
1,TMEM94 (9772)_damaging,0.0
1,MYO15B (80022)_damaging,0.041850025533991184
1,ITGB4 (3691)_damaging,0.0
1,EVPL (2125)_damaging,0.020717192892908968
1,SPHK1 (8877)_damaging,0.0
1,TNRC6C (57690)_damaging,0.0
1,DNAH17 (8632)_damaging,0.0
1,CARD14 (79092)_damaging,0.0
1,RPTOR (57521)_damaging,0.0
1,BAHCC1 (57597)_damaging,0.0
1,FASN (2194)_damaging,0.02411718364656197
1,NARF (26502)_damaging,0.025554228491990762
1,SMCHD1 (23347)_damaging,0.0
1,EPB41L3 (23136)_damaging,0.058582411018334744
1,LAMA1 (284217)_damaging,0.0
1,PTPRM (5797)_damaging,0.009872744422973284
1,MTCL1 (23255)_damaging,0.0
1,ANKRD12 (23253)_damaging,0.0
1,PIEZO2 (63895)_damaging,0.0
1,ANKRD30B (374860)_damaging,0.0
1,ROCK1 (6093)_damaging,0.0
1,ESCO1 (114799)_damaging,0.0
1,LAMA3 (3909)_damaging,0.0
1,OSBPL1A (114876)_damaging,0.0
1,ZNF521 (25925)_damaging,0.0
1,CCDC178 (374864)_damaging,0.0
1,ASXL3 (80816)_damaging,0.0
1,FHOD3 (80206)_damaging,0.0
1,SETBP1 (26040)_damaging,0.0
1,LOXHD1 (125336)_damaging,0.024547696738689225
1,SKOR2 (652991)_damaging,0.0
1,ZBTB7C (201501)_damaging,0.0
1,MYO5B (4645)_damaging,0.0
1,SMAD4 (4089)_damaging,0.05744273104011664
1,DCC (1630)_damaging,0.03317577086842786
1,ALPK2 (115701)_damaging,0.0
1,CDH7 (1005)_damaging,0.028390055419317217
1,DSEL (92126)_damaging,0.0
1,RTTN (25914)_damaging,0.0
1,ZNF407 (55628)_damaging,0.0
1,ZNF236 (7776)_damaging,0.0
1,SALL3 (27164)_damaging,0.0
1,ATP9B (374868)_damaging,0.0
1,KCNG2 (26251)_damaging,0.0
1,ABCA7 (10347)_damaging,0.0
1,STK11 (6794)_damaging,0.049416429648823965
1,DAZAP1 (26528)_damaging,0.0
1,AP3D1 (8943)_damaging,0.001215083672766956
1,DOT1L (84444)_damaging,0.0
1,ZBTB7A (51341)_damaging,0.0
1,TICAM1 (148022)_damaging,0.0
1,KDM4B (23030)_damaging,0.0
1,PTPRS (5802)_damaging,0.07485561672569449
1,SAFB2 (9667)_damaging,0.0
1,SAFB (6294)_damaging,0.0
1,CAMSAP3 (57662)_damaging,0.0
1,FBN3 (84467)_damaging,0.0
1,MUC16 (94025)_damaging,0.0
1,COL5A3 (50509)_damaging,0.05403558640125759
1,TYK2 (7297)_damaging,0.0
1,KEAP1 (9817)_damaging,0.01722800210199598
1,DNM2 (1785)_damaging,0.0
1,SMARCA4 (6597)_damaging,0.024680790975442235
1,MAN2B1 (4125)_damaging,0.0
1,CACNA1A (773)_damaging,0.09270020617449569
1,NOTCH3 (4854)_damaging,0.05410844089570283
1,WIZ (58525)_damaging,0.0
1,AP1M1 (8907)_damaging,0.0
1,NWD1 (284434)_damaging,0.0
1,SIN3B (23309)_damaging,0.0
1,CPAMD8 (27151)_damaging,0.018614818007230787
1,CRLF1 (9244)_damaging,0.0
1,ZNF43 (7594)_damaging,0.0
1,ZNF208 (7757)_damaging,0.0
1,ZNF729 (100287226)_damaging,0.0
1,ZNF91 (7644)_damaging,0.0
1,URI1 (8725)_damaging,0.0
1,ZNF536 (9745)_damaging,0.02792064056233234
1,TSHZ3 (57616)_damaging,0.0
1,KMT2B (9757)_damaging,0.0
1,ZNF569 (148266)_damaging,0.0
1,WDR87 (83889)_damaging,0.0
1,SIPA1L3 (23094)_damaging,0.0
1,RYR1 (6261)_damaging,0.0
1,MAP4K1 (11184)_damaging,0.0
1,PAF1 (54623)_damaging,0.004603817734148512
1,FCGBP (8857)_damaging,0.0
1,PRX (57716)_damaging,0.0
1,HNRNPUL1 (11100)_damaging,0.0
1,ERF (2077)_damaging,0.0
1,CIC (23152)_damaging,0.0
1,MEGF8 (1954)_damaging,0.0
1,MARK4 (57787)_damaging,0.0
1,ARHGAP35 (2909)_damaging,0.0
1,ZC3H4 (23211)_damaging,0.0
1,BICRA (29998)_damaging,0.0
1,GRIN2D (2906)_damaging,0.0
1,LMTK3 (114783)_damaging,0.03819736212122139
1,PRR12 (57479)_damaging,0.0
1,POLD1 (5424)_damaging,0.0
1,SHANK1 (50944)_damaging,0.0
1,BRSK1 (84446)_damaging,0.0
1,SSC5D (284297)_damaging,0.0
1,NLRP9 (338321)_damaging,0.0
1,NLRP4 (147945)_damaging,0.013711461862975682
1,PEG3 (5178)_damaging,0.0
1,ZIM3 (114026)_damaging,0.0
1,TPO (7173)_damaging,0.0
1,PXDN (7837)_damaging,0.0
1,ROCK2 (9475)_damaging,0.0
1,GREB1 (9687)_damaging,0.0
1,NBAS (51594)_damaging,0.0168804145308541
1,RAD51AP2 (729475)_damaging,0.0
1,APOB (338)_damaging,0.0
1,TDRD15 (100129278)_damaging,0.0
1,ATAD2B (54454)_damaging,0.0
1,ITSN2 (50618)_damaging,0.0
1,DNMT3A (1788)_damaging,0.0
1,ASXL2 (55252)_damaging,0.0
1,OTOF (9381)_damaging,0.0
1,CAD (790)_damaging,0.0
1,IFT172 (26160)_damaging,0.0
1,SPATA31H1 (84226)_damaging,0.02156809147854023
1,ALK (238)_damaging,0.0
1,BIRC6 (57448)_damaging,0.0
1,LTBP1 (4052)_damaging,0.05573780563405562
1,HEATR5B (54497)_damaging,0.0
1,ZFP36L2 (678)_damaging,0.0
1,THADA (63892)_damaging,0.0
1,MSH2 (4436)_damaging,0.0
1,MSH6 (2956)_damaging,0.0
1,NRXN1 (9378)_damaging,0.04904185570836505
1,SPTBN1 (6711)_damaging,0.0
1,EML6 (400954)_damaging,0.0
1,CCDC88A (55704)_damaging,0.03602144782274818
1,USP34 (9736)_damaging,0.0
1,C2orf42 (54980)_damaging,0.0
1,ZNF638 (27332)_damaging,0.0
1,DYSF (8291)_damaging,0.0
1,ALMS1 (7840)_damaging,0.0
1,LOXL3 (84695)_damaging,0.0
1,CTNNA2 (1496)_damaging,0.0
1,DNAH6 (1768)_damaging,0.0
1,ANKRD36C (400986)_damaging,0.0
1,ANKRD36 (375248)_damaging,0.0
1,TMEM131 (23505)_damaging,0.0
1,VWA3B (200403)_damaging,0.0
1,CRACDL (343990)_damaging,0.0
1,EIF5B (9669)_damaging,0.0
1,GCC2 (9648)_damaging,0.0
1,DPP10 (57628)_damaging,0.02789367109535108
1,MARCO (8685)_damaging,0.0
1,CNTNAP5 (129684)_damaging,0.0
1,WDR33 (55339)_damaging,0.0
1,UGGT1 (56886)_damaging,0.0
1,AMER3 (205147)_damaging,0.0
1,ARHGEF4 (50649)_damaging,0.02967721042844877
1,NCKAP5 (344148)_damaging,0.0
1,THSD7B (80731)_damaging,0.024589731050735558
1,LRP1B (53353)_damaging,0.0
1,ACVR2A (92)_damaging,0.0
1,RIF1 (55183)_damaging,0.0
1,NEB (4703)_damaging,0.0
1,GALNT13 (114805)_damaging,0.0
1,BAZ2B (29994)_damaging,0.0
1,LY75 (4065)_damaging,0.042697287269836334
1,PLA2R1 (22925)_damaging,0.0
1,SLC4A10 (57282)_damaging,0.017414473722923488
1,DPP4 (1803)_damaging,0.0
1,KCNH7 (90134)_damaging,0.0
1,FIGN (55137)_damaging,0.0
1,SCN3A (6328)_damaging,0.0
1,SCN2A (6326)_damaging,0.0
1,TTC21B (79809)_damaging,0.0
1,SCN1A (6323)_damaging,0.0
1,SCN9A (6335)_damaging,0.0
1,SCN7A (6332)_damaging,0.0036512346222464342
1,XIRP2 (129446)_damaging,0.054904788432720536
1,LRP2 (4036)_damaging,0.0
1,PPIG (9360)_damaging,0.0
1,CFAP210 (129881)_damaging,0.0
1,GPR155 (151556)_damaging,0.06158832254043043
1,TTN (7273)_damaging,0.01523736603540311
1,CCDC141 (285025)_damaging,0.0
1,ITGA4 (3676)_damaging,0.0
1,FSIP2 (401024)_damaging,0.0
1,ITGAV (3685)_damaging,0.0
1,COL3A1 (1281)_damaging,0.0
1,COL5A2 (1290)_damaging,0.0
1,ANKAR (150709)_damaging,0.0
1,DNAH7 (56171)_damaging,0.0
1,HECW2 (57520)_damaging,0.0
1,PLCL1 (5334)_damaging,0.0
1,SGO2 (151246)_damaging,0.0
1,CASP8 (841)_damaging,0.0
1,C2CD6 (151254)_damaging,0.0
1,BMPR2 (659)_damaging,0.0
1,NBEAL1 (65065)_damaging,0.0
1,PARD3B (117583)_damaging,0.0
1,INO80D (54891)_damaging,0.0
1,ZDBF2 (57683)_damaging,0.0413640526992682
1,ADAM23 (8745)_damaging,0.0
1,MAP2 (4133)_damaging,0.0
1,UNC80 (285175)_damaging,0.0
1,CPS1 (1373)_damaging,0.008929174786243596
1,ERBB4 (2066)_damaging,0.04378047643445749
1,ABCA12 (26154)_damaging,0.0
1,FN1 (2335)_damaging,0.0053366590338320115
1,TNS1 (7145)_damaging,0.019538498288549255
1,CFAP65 (255101)_damaging,0.0
1,SPEG (10290)_damaging,0.045661944252440925
1,SLC4A3 (6508)_damaging,0.0
1,NYAP2 (57624)_damaging,0.0
1,IRS1 (3667)_damaging,0.0
1,COL4A4 (1286)_damaging,0.0
1,SPHKAP (80309)_damaging,0.0
1,MROH2A (339766)_damaging,0.0
1,COL6A3 (1293)_damaging,0.0
1,RBM44 (375316)_damaging,0.0
1,HDAC4 (9759)_damaging,0.0
1,KIF1A (547)_damaging,0.03788695790144991
1,CROCC2 (728763)_damaging,0.0
1,FASTKD5 (60493)_damaging,0.026829746587228347
1,SLC4A11 (83959)_damaging,0.0
1,PLCB4 (5332)_damaging,0.0
1,ESF1 (51575)_damaging,0.0
1,SEL1L2 (80343)_damaging,0.0
1,RRBP1 (6238)_damaging,0.0
1,CFAP61 (26074)_damaging,0.0
1,RALGAPA2 (57186)_damaging,0.0
1,CD93 (22918)_damaging,0.0
1,ASXL1 (171023)_damaging,0.0
1,NCOA6 (23054)_damaging,0.003822189692570527
1,MYH7B (57644)_damaging,0.0
1,CEP250 (11190)_damaging,0.0
1,SAMHD1 (25939)_damaging,0.0
1,RALGAPB (57148)_damaging,0.0
1,CHD6 (84181)_damaging,0.0
1,PTPRT (11122)_damaging,0.0
1,DDX27 (55661)_damaging,0.0
1,KCNB1 (3745)_damaging,0.0
1,GNAS (2778)_damaging,0.0
1,ZNF831 (128611)_damaging,0.0
1,SYCP2 (10388)_damaging,0.0
1,LAMA5 (3911)_damaging,0.025193199804940586
1,DIDO1 (11083)_damaging,0.0
1,COL20A1 (57642)_damaging,0.0
1,HELZ2 (85441)_damaging,0.05163126901225525
1,TPTE (7179)_damaging,0.0
1,NRIP1 (8204)_damaging,0.0
1,ADAMTS5 (11096)_damaging,0.0
1,LTN1 (26046)_damaging,0.0
1,USP16 (10600)_damaging,0.0
1,SCAF4 (57466)_damaging,0.04582443623491192
1,ITSN1 (6453)_damaging,0.0
1,RUNX1 (861)_damaging,0.0
1,DOP1B (9980)_damaging,0.0
1,BRWD1 (54014)_damaging,0.0
1,DSCAM (1826)_damaging,0.019251690010879934
1,ZBTB21 (49854)_damaging,0.07549796705506051
1,COL18A1 (80781)_damaging,0.011788881518304845
1,PCNT (5116)_damaging,0.008518366545433812
1,ZDHHC8 (29801)_damaging,0.0
1,MED15 (51586)_damaging,0.0061831144705504805
1,LZTR1 (8216)_damaging,0.032530674420297466
1,MYO18B (84700)_damaging,0.0
1,MN1 (4330)_damaging,0.0
1,NF2 (4771)_damaging,0.20303671367611262
1,PRR14L (253143)_damaging,0.0
1,DEPDC5 (9681)_damaging,0.0
1,RTCB (51493)_damaging,0.0
1,MYH9 (4627)_damaging,0.0
1,CSF2RB (1439)_damaging,0.06917190819478809
1,TRIOBP (11078)_damaging,0.004159110168350994
1,CACNA1I (8911)_damaging,0.016119809998421893
1,TNRC6B (23112)_damaging,0.0
1,EP300 (2033)_damaging,0.0
1,MEI1 (150365)_damaging,0.0
1,TCF20 (6942)_damaging,0.0
1,SMC1B (27127)_damaging,0.008371749692401792
1,PKDREJ (10343)_damaging,0.01601830228080975
1,CELSR1 (9620)_damaging,0.0
1,PLXNB2 (23654)_damaging,0.07351195484927174
1,PPP6R2 (9701)_damaging,0.03868472149701439
1,SBF1 (6305)_damaging,0.0
1,CHL1 (10752)_damaging,0.0
1,CNTN6 (27255)_damaging,0.0
1,CNTN4 (152330)_damaging,0.0
1,GRM7 (2917)_damaging,0.0
1,SSUH2 (51066)_damaging,0.0
1,VHL (7428)_damaging,0.0
1,NUP210 (23225)_damaging,0.0
1,KCNH8 (131096)_damaging,0.0
1,TGFBR2 (7048)_damaging,0.0
1,CLASP2 (23122)_damaging,0.0
1,TRANK1 (9881)_damaging,0.0
1,MLH1 (4292)_damaging,0.0
1,GOLGA4 (2803)_damaging,0.0
1,SCN10A (6336)_damaging,0.0
1,SCN11A (11280)_damaging,0.0
1,TOPAZ1 (375337)_damaging,0.0
1,SETD2 (29072)_damaging,0.0005457251825512024
1,PTPN23 (25930)_damaging,0.027382601247832476
1,PLXNB1 (5364)_damaging,0.0
1,COL7A1 (1294)_damaging,0.0005630578774628023
1,CELSR3 (1951)_damaging,0.0
1,RHOA (387)_damaging,0.0
1,BSN (8927)_damaging,0.0
1,RBM6 (10180)_damaging,0.0
1,DOCK3 (1795)_damaging,0.0
1,DNAH1 (25981)_damaging,0.0
1,BAP1 (8314)_damaging,0.0
1,STAB1 (23166)_damaging,0.0
1,PBRM1 (55193)_damaging,0.0
1,CACNA2D3 (55799)_damaging,0.0016909527173396598
1,DNAH12 (201625)_damaging,0.0
1,FLNB (2317)_damaging,0.0
1,PTPRG (5793)_damaging,0.05976673373395666
1,ATXN7 (6314)_damaging,0.0
1,CNTN3 (5067)_damaging,0.0
1,ROBO2 (6092)_damaging,0.04624317001814389
1,ROBO1 (6091)_damaging,0.0
1,EPHA3 (2042)_damaging,0.0
1,EPHA6 (285220)_damaging,0.10376569304739246
1,CRYBG3 (131544)_damaging,0.0
1,FILIP1L (11259)_damaging,0.0
1,ABI3BP (25890)_damaging,0.0
1,NFKBIZ (64332)_damaging,0.0
1,MYH15 (22989)_damaging,0.0
1,DZIP3 (9666)_damaging,0.008421241099652208
1,MORC1 (27136)_damaging,0.0
1,NECTIN3 (25945)_damaging,0.027294263059233985
1,PHLDB2 (90102)_damaging,0.0
1,ZBTB20 (26137)_damaging,0.005807174898119206
1,CFAP91 (89876)_damaging,0.007752950402635246
1,POLQ (10721)_damaging,0.03586344947064488
1,GOLGB1 (2804)_damaging,0.0
1,KALRN (8997)_damaging,0.04495992974346403
1,MBD4 (8930)_damaging,0.0
1,COL6A5 (256076)_damaging,0.0
1,DNAJC13 (23317)_damaging,0.0
1,TOPBP1 (11073)_damaging,0.0
1,RASA2 (5922)_damaging,0.0
1,XRN1 (54464)_damaging,0.0
1,ATR (545)_damaging,0.0
1,HPS3 (84343)_damaging,0.0
1,MED12L (116931)_damaging,0.0
1,IGSF10 (285313)_damaging,0.0
1,ARHGEF26 (26084)_damaging,0.0
1,MME (4311)_damaging,0.0
1,SMC4 (10051)_damaging,0.0
1,SI (6476)_damaging,0.0
1,MECOM (2122)_damaging,0.0
1,TNIK (23043)_damaging,0.0
1,PLD1 (5337)_damaging,0.0
1,USP13 (8975)_damaging,0.0031714045870945124
1,VWA5B2 (90113)_damaging,0.0
1,MUC4 (4585)_damaging,0.0
1,TNK2 (10188)_damaging,0.0
1,NSD2 (7468)_damaging,0.0
1,POLN (353497)_damaging,0.041048271109403955
1,FAM193A (8603)_damaging,0.007477753554165164
1,HTT (3064)_damaging,0.0
1,UNC93B7 (100887746)_damaging,0.013292249354429176
1,BOD1L1 (259282)_damaging,0.0
1,CPEB2 (132864)_damaging,0.0
1,SLIT2 (9353)_damaging,0.00021930736516015325
1,PCDH7 (5099)_damaging,0.02480261871015435
1,KLF3 (51274)_damaging,0.0
1,RFC1 (5981)_damaging,0.0
1,LIMCH1 (22998)_damaging,0.0
1,BEND4 (389206)_damaging,0.00865790498430808
1,ATP8A1 (10396)_damaging,0.0
1,CORIN (10699)_damaging,0.0
1,FRYL (285527)_damaging,0.0
1,KDR (3791)_damaging,0.06274003202170349
1,CRACD (57482)_damaging,0.02300063691660546
1,POLR2B (5431)_damaging,0.0
1,ADGRL3 (23284)_damaging,0.00846010658781431
1,EPHA5 (2044)_damaging,0.0
1,CENPC (1060)_damaging,0.0
1,ADAMTS3 (9508)_damaging,0.0
1,SHROOM3 (57619)_damaging,0.0
1,FRAS1 (80144)_damaging,0.0
1,WDFY3 (23001)_damaging,0.0
1,ARHGAP24 (83478)_damaging,0.0
1,PTPN13 (5783)_damaging,0.005386285892127762
1,AFF1 (4299)_damaging,0.0
1,ABCG2 (9429)_damaging,0.0
1,HERC5 (51191)_damaging,0.0
1,MMRN1 (22915)_damaging,0.0
1,GRID2 (2895)_damaging,0.0
1,SMARCAD1 (56916)_damaging,0.0
1,UNC5C (8633)_damaging,0.0
1,CENPE (1062)_damaging,0.0
1,TET2 (54790)_damaging,0.05585560852673128
1,COL25A1 (84570)_damaging,0.01923253770336332
1,ZGRF1 (55345)_damaging,0.03624964224926032
1,ANK2 (287)_damaging,0.0
1,BLTP1 (84162)_damaging,0.0
1,FAT4 (79633)_damaging,0.0
1,SCLT1 (132320)_damaging,0.0008375719446508868
1,PCDH10 (57575)_damaging,0.0
1,NAA15 (80155)_damaging,0.0
1,LRBA (987)_damaging,0.017082871146154928
1,FBXW7 (55294)_damaging,0.0
1,FHDC1 (85462)_damaging,0.0
1,DCHS2 (54798)_damaging,0.0
1,MAP9 (79884)_damaging,0.0
1,GRIA2 (2891)_damaging,0.0
1,RXFP1 (59350)_damaging,0.0
1,RAPGEF2 (9693)_damaging,0.0
1,FSTL5 (56884)_damaging,0.0
1,DDX60 (55601)_damaging,0.0
1,CLCN3 (1182)_damaging,0.0
1,HAND2 (9464)_damaging,0.0
1,TENM3 (55714)_damaging,0.0
1,STOX2 (56977)_damaging,0.0
1,SORBS2 (8470)_damaging,0.0
1,FAT1 (2195)_damaging,0.0
1,SDHA (6389)_damaging,0.0
1,SLC12A7 (10723)_damaging,0.0
1,SLC6A19 (340024)_damaging,0.0
1,TERT (7015)_damaging,0.0
1,ADAMTS16 (170690)_damaging,0.0
1,ICE1 (23379)_damaging,0.0
1,SEMA5A (9037)_damaging,0.0
1,DNAH5 (1767)_damaging,0.0
1,TRIO (7204)_damaging,0.0
1,CDH18 (1016)_damaging,0.0
1,PRDM9 (56979)_damaging,0.051444875364808594
1,CDH10 (1008)_damaging,0.0
1,CDH6 (1004)_damaging,0.0
1,PDZD2 (23037)_damaging,0.041882070503160514
1,ADAMTS12 (81792)_damaging,0.0
1,SPEF2 (79925)_damaging,0.0
1,NIPBL (25836)_damaging,0.0
1,CPLANE1 (65250)_damaging,0.0013588073731420976
1,EGFLAM (133584)_damaging,0.0
1,C7 (730)_damaging,0.0
1,MROH2B (133558)_damaging,0.0
1,C6 (729)_damaging,0.0
1,HCN1 (348980)_damaging,0.0
1,ITGA2 (3673)_damaging,0.0
1,DHX29 (54505)_damaging,0.0
1,ZSWIM6 (57688)_damaging,0.0
1,MAST4 (375449)_damaging,0.0
1,PIK3R1 (5295)_damaging,0.02131005843709453
1,RAD17 (5884)_damaging,0.013177278209550758
1,BDP1 (55814)_damaging,0.0
1,MAP1B (4131)_damaging,0.0
1,ARHGEF28 (64283)_damaging,0.01436135634632803
1,ANKRD31 (256006)_damaging,0.0
1,AGGF1 (55109)_damaging,0.007640036821146186
1,AP3B1 (8546)_damaging,0.0
1,CMYA5 (202333)_damaging,0.08717948412078036
1,MSH3 (4437)_damaging,0.0741757337656343
1,VCAN (1462)_damaging,0.0
1,RASA1 (5921)_damaging,0.019856342513486343
1,ADGRV1 (84059)_damaging,0.0
1,SKIC3 (9652)_damaging,0.0
1,ARSK (153642)_damaging,0.0
1,SLCO6A1 (133482)_damaging,0.0
1,APC (324)_damaging,0.03660276129513921
1,DMXL1 (1657)_damaging,0.08369248681642162
1,ZNF608 (57507)_damaging,0.0
1,FBN2 (2201)_damaging,0.0
1,ADAMTS19 (171019)_damaging,0.0
1,RAPGEF6 (51735)_damaging,0.0
1,FNIP1 (96459)_damaging,0.0
1,RAD50 (10111)_damaging,0.07349691065964475
1,PITX1 (5307)_damaging,0.11694163953931687
1,LINC02900 (340073)_damaging,0.0
1,CTNNA1 (1495)_damaging,0.0
1,WDR55 (54853)_damaging,0.0
1,NR3C1 (2908)_damaging,0.0
1,TCERG1 (10915)_damaging,0.038740348748639346
1,FAT2 (2196)_damaging,0.0
1,LARP1 (23367)_damaging,0.0
1,DOCK2 (1794)_damaging,0.0
1,NSD1 (64324)_damaging,0.0
1,ADAMTS2 (9509)_damaging,0.0
1,FLT4 (2324)_damaging,0.05232117059766012
1,DSP (1832)_damaging,0.0
1,HIVEP1 (3096)_damaging,0.0
1,JARID2 (3720)_damaging,0.0
1,HLA-A (3105)_damaging,0.0
1,MDC1 (9656)_damaging,0.0
1,VARS2 (57176)_damaging,0.0
1,MUCL3 (135656)_damaging,0.0
1,HLA-C (3107)_damaging,0.0018106402209237245
1,HLA-B (3106)_damaging,0.0
1,PRRC2A (7916)_damaging,0.0
1,BAG6 (7917)_damaging,0.0
1,TNXB (7148)_damaging,0.0070076987712099
1,NOTCH4 (4855)_damaging,0.0003898273763588338
1,COL11A2 (1302)_damaging,0.0
1,ITPR3 (3710)_damaging,0.0
1,DNAH8 (1769)_damaging,0.0
1,KIF6 (221458)_damaging,0.0
1,CCND3 (896)_damaging,0.01863625041984254
1,UBR2 (23304)_damaging,0.0
1,CUL9 (23113)_damaging,0.006656515844137669
1,ZNF318 (24149)_damaging,0.0
1,TDRD6 (221400)_damaging,0.0
1,MMUT (4594)_damaging,0.004678361103859347
1,PKHD1 (5314)_damaging,0.0
1,FAM83B (222584)_damaging,0.0
1,DST (667)_damaging,0.0
1,PHF3 (23469)_damaging,0.0
1,EYS (346007)_damaging,0.0022616566704665685
1,ADGRB3 (577)_damaging,0.0
1,COL19A1 (1310)_damaging,0.0
1,COL9A1 (1297)_damaging,0.0
1,RIMS1 (22999)_damaging,0.0
1,CD109 (135228)_damaging,0.0
1,COL12A1 (1303)_damaging,0.022708809270643594
1,TTK (7272)_damaging,0.0
1,CEP162 (22832)_damaging,0.0
1,SYNCRIP (10492)_damaging,0.034414035601583653
1,ZNF292 (23036)_damaging,0.0
1,MDN1 (23195)_damaging,0.0
1,CASP8AP2 (9994)_damaging,0.0
1,EPHA7 (2045)_damaging,0.032712191064028374
1,MMS22L (253714)_damaging,0.0
1,ASCC3 (10973)_damaging,0.0
1,AK9 (221264)_damaging,0.0
1,REV3L (5980)_damaging,0.0
1,HDAC2 (3066)_damaging,0.0
1,ROS1 (6098)_damaging,0.0
1,TBC1D32 (221322)_damaging,0.0
1,TRDN (10345)_damaging,0.0
1,LAMA2 (3908)_damaging,0.0
1,AKAP7 (9465)_damaging,0.0
1,MED23 (9439)_damaging,0.0
1,TNFAIP3 (7128)_damaging,0.0
1,ARFGEF3 (57221)_damaging,0.024476810660101107
1,NHSL1 (57224)_damaging,0.0
1,ECT2L (345930)_damaging,0.0
1,HIVEP2 (3097)_damaging,0.01467037721064967
1,UTRN (7402)_damaging,0.0
1,SHPRH (257218)_damaging,0.025692340934132824
1,GRM1 (2911)_damaging,0.0
1,ADGB (79747)_damaging,0.018974804591685775
1,STXBP5 (134957)_damaging,0.0
1,AKAP12 (9590)_damaging,0.0
1,SYNE1 (23345)_damaging,0.0
1,SCAF8 (22828)_damaging,0.004020991432597393
1,ARID1B (57492)_damaging,0.0
1,FNDC1 (84624)_damaging,0.0
1,LPA (4018)_damaging,0.0
1,MAP3K4 (4216)_damaging,0.0
1,QKI (9444)_damaging,0.00562409688196948
1,AFDN (4301)_damaging,0.0
1,CARD11 (84433)_damaging,0.0
1,SDK1 (221935)_damaging,0.0
1,TNRC18 (84629)_damaging,0.03674980997595497
1,PMS2 (5395)_damaging,0.0
1,COL28A1 (340267)_damaging,0.0
1,THSD7A (221981)_damaging,0.0
1,VWDE (221806)_damaging,0.0002669643506049069
1,DGKB (1607)_damaging,0.0
1,AHR (196)_damaging,0.0
1,HDAC9 (9734)_damaging,0.0
1,ABCB5 (340273)_damaging,0.08019793925714944
1,DNAH11 (8701)_damaging,0.0
1,STK31 (56164)_damaging,0.0
1,CDK13 (8621)_damaging,0.016858367741693945
1,GLI3 (2737)_damaging,0.0
1,HECW1 (23072)_damaging,0.0
1,AEBP1 (165)_damaging,0.03570085932472195
1,PKD1L1 (168507)_damaging,0.0
1,ABCA13 (154664)_damaging,0.0
1,FIGNL1 (63979)_damaging,0.0
1,EGFR (1956)_damaging,0.0
1,AUTS2 (26053)_damaging,0.007149238001349342
1,PTPN12 (5782)_damaging,0.0
1,MAGI2 (9863)_damaging,0.0
1,CD36 (948)_damaging,0.09165279237073887
1,PCLO (27445)_damaging,0.0
1,SEMA3E (9723)_damaging,0.0
1,ABCB4 (5244)_damaging,0.0
1,ABCB1 (5243)_damaging,0.0
1,ZNF804B (219578)_damaging,0.0
1,AKAP9 (10142)_damaging,0.0
1,ANKIB1 (54467)_damaging,0.0
1,SAMD9 (54809)_damaging,0.0
1,SAMD9L (219285)_damaging,0.0
1,CALCR (799)_damaging,0.0
1,COL1A2 (1278)_damaging,0.0
1,TRRAP (8295)_damaging,0.013184858224591343
1,NYAP1 (222950)_damaging,0.0
1,GIGYF1 (64599)_damaging,0.0
1,ZAN (7455)_damaging,0.08457415589172211
1,MUC12 (10071)_damaging,0.0
1,MUC17 (140453)_damaging,0.014127516803852418
1,PLOD3 (8985)_damaging,0.0
1,CUX1 (1523)_damaging,0.0
1,FBXL13 (222235)_damaging,0.0
1,RELN (5649)_damaging,0.0
1,KMT2E (55904)_damaging,0.00037040932599627455
1,PIK3CG (5294)_damaging,0.0
1,LAMB4 (22798)_damaging,0.0
1,PPP1R3A (5506)_damaging,0.0
1,CFTR (1080)_damaging,0.0
1,CTTNBP2 (83992)_damaging,0.0
1,PTPRZ1 (5803)_damaging,0.0
1,CADPS2 (93664)_damaging,0.07833539791949347
1,IQUB (154865)_damaging,0.09462729760281041
1,GRM8 (2918)_damaging,0.0
1,FLNC (2318)_damaging,0.0
1,KCP (375616)_damaging,0.013871793370455054
1,PLXNA4 (91584)_damaging,0.0008425321168527131
1,NUP205 (23165)_damaging,0.0
1,TRIM24 (8805)_damaging,0.0
1,KIAA1549 (57670)_damaging,0.0
1,MGAM (8972)_damaging,0.0
1,MGAM2 (93432)_damaging,0.0
1,EPHB6 (2051)_damaging,0.0
1,KEL (3792)_damaging,0.0
1,NOBOX (135935)_damaging,0.0
1,CNTNAP2 (26047)_damaging,0.0
1,AOC1 (26)_damaging,0.0
1,KCNH2 (3757)_damaging,0.0
1,NOS3 (4846)_damaging,0.0
1,ATG9B (285973)_damaging,0.0
1,KMT2C (58508)_damaging,0.0
1,DPP6 (1804)_damaging,0.04564025387293211
1,PTPRN2 (5799)_damaging,0.0
1,CSMD1 (64478)_damaging,0.0
1,RP1L1 (94137)_damaging,0.02340119510920572
1,TRMT9B (57604)_damaging,0.0
1,DLC1 (10395)_damaging,0.0
1,PSD3 (23362)_damaging,0.0
1,DMTN (2039)_damaging,0.019120317804218922
1,DOCK5 (80005)_damaging,0.0
1,NUGGC (389643)_damaging,0.0
1,TEX15 (56154)_damaging,0.0
1,WRN (7486)_damaging,0.0
1,UNC5D (137970)_damaging,0.0
1,ADGRA2 (25960)_damaging,0.0
1,NSD3 (54904)_damaging,0.0
1,ANK1 (286)_damaging,0.0
1,PRKDC (5591)_damaging,0.0
1,PXDNL (137902)_damaging,0.0
1,ST18 (9705)_damaging,0.0
1,RB1CC1 (9821)_damaging,0.0
1,RP1 (6101)_damaging,0.0
1,CYP7A1 (1581)_damaging,0.0
1,CHD7 (55636)_damaging,0.0
1,ARFGEF1 (10565)_damaging,0.05236300850735357
1,PREX2 (80243)_damaging,0.0
1,SULF1 (23213)_damaging,0.0
1,SLCO5A1 (81796)_damaging,0.0
1,TRPA1 (8989)_damaging,0.0
1,KCNB2 (9312)_damaging,0.0
1,ZFHX4 (79776)_damaging,0.0
1,WWP1 (11059)_damaging,0.0
1,ESRP1 (54845)_damaging,0.03947332340326028
1,VPS13B (157680)_damaging,0.0
1,RGS22 (26166)_damaging,0.0
1,UBR5 (51366)_damaging,0.0
1,RIMS2 (9699)_damaging,0.0
1,PKHD1L1 (93035)_damaging,0.0001629625948656958
1,CSMD3 (114788)_damaging,0.0
1,TRPS1 (7227)_damaging,0.0
1,COL14A1 (7373)_damaging,0.0
1,FER1L6 (654463)_damaging,0.0
1,ASAP1 (50807)_damaging,0.0
1,ADCY8 (114)_damaging,0.0
1,EFR3A (23167)_damaging,0.0
1,OC90 (729330)_damaging,0.0
1,PHF20L1 (51105)_damaging,0.03267780048617939
1,TG (7038)_damaging,0.0
1,COL22A1 (169044)_damaging,0.01766651161478845
1,EPPK1 (83481)_damaging,0.0
1,PLEC (5339)_damaging,0.0
1,PARP10 (84875)_damaging,0.0
1,CYC1 (1537)_damaging,0.0
1,WDR97 (340390)_damaging,0.0
1,CPSF1 (29894)_damaging,0.00025142821892329994
1,DOCK8 (81704)_damaging,0.0
1,SMARCA2 (6595)_damaging,0.011237529853397604
1,ERMP1 (79956)_damaging,0.0
1,PTPRD (5789)_damaging,0.0
1,MPDZ (8777)_damaging,0.0
1,FREM1 (158326)_damaging,0.0
1,CNTLN (54875)_damaging,0.0
1,ADAMTSL1 (92949)_damaging,0.0
1,DENND4C (55667)_damaging,0.0
1,CDKN2A (1029)_damaging,0.0
1,SPATA31G1 (138724)_damaging,0.0
1,FANCG (2189)_damaging,0.05231854274778494
1,PIGO (84720)_damaging,0.0
1,UNC13B (10497)_damaging,0.0
1,RUSC2 (9853)_damaging,0.0
1,SPAG8 (26206)_damaging,0.04629053648116361
1,TJP2 (9414)_damaging,0.0
1,TMC1 (117531)_damaging,0.0
1,TRPM6 (140803)_damaging,0.0016105896252986399
1,PCSK5 (5125)_damaging,0.0
1,PRUNE2 (158471)_damaging,0.0
1,VPS13A (23230)_damaging,0.0
1,TLE4 (7091)_damaging,0.0
1,KIF27 (55582)_damaging,0.0
1,TUT7 (79670)_damaging,0.0
1,SECISBP2 (79048)_damaging,0.0
1,ROR2 (4920)_damaging,0.0
1,NOL8 (55035)_damaging,0.0
1,WNK2 (65268)_damaging,0.0
1,PHF2 (5253)_damaging,0.0
1,PTCH1 (5727)_damaging,0.0
1,COL15A1 (1306)_damaging,0.008971367266194054
1,SMC2 (10592)_damaging,0.0
1,ELP1 (8518)_damaging,0.0041919032165521185
1,TMEM245 (23731)_damaging,0.0
1,PALM2AKAP2 (445815)_damaging,0.0
1,SVEP1 (79987)_damaging,0.0
1,SHOC1 (158401)_damaging,0.029808382698436157
1,FKBP15 (23307)_damaging,0.0
1,COL27A1 (85301)_damaging,0.06358210403063676
1,PAPPA (5069)_damaging,0.09748190870012714
1,TLR4 (7099)_damaging,0.04280978750447573
1,C5 (727)_damaging,0.0
1,CNTRL (11064)_damaging,0.0
1,DENND1A (57706)_damaging,0.0
1,ADGRD2 (347088)_damaging,0.0
1,GOLGA2 (2801)_damaging,0.0
1,SPTAN1 (6709)_damaging,0.01677446196981191
1,HMCN2 (256158)_damaging,0.0
1,FUBP3 (8939)_damaging,0.0
1,NUP214 (8021)_damaging,0.0
1,PRRC2B (84726)_damaging,0.0
1,UCK1 (83549)_damaging,0.0
1,SETX (23064)_damaging,0.0
1,TSC1 (7248)_damaging,0.0
1,ADAMTS13 (11093)_damaging,0.0
1,ADAMTSL2 (9719)_damaging,0.010600990811611795
1,BRD3 (8019)_damaging,0.020960357565682614
1,WDR5 (11091)_damaging,0.0
1,COL5A1 (1289)_damaging,0.0
1,CAMSAP1 (157922)_damaging,0.018812252020077185
1,CCDC187 (399693)_damaging,0.0
1,NOTCH1 (4851)_damaging,0.0
1,CACNA1B (774)_damaging,0.0119212303672101
1,MXRA5 (25878)_damaging,0.018888593870570153
1,SHROOM2 (357)_damaging,0.008006890793170211
1,DMD (1756)_damaging,0.02573923447676753
1,CFAP47 (286464)_damaging,0.0
1,RPGR (6103)_damaging,0.0
1,BCOR (54880)_damaging,0.03880245407206623
1,USP9X (8239)_damaging,0.08895069693919011
1,DDX3X (1654)_damaging,0.0
1,KDM6A (7403)_damaging,0.014469841504217233
1,RBM10 (8241)_damaging,0.0
1,TFE3 (7030)_damaging,0.0
1,CCNB3 (85417)_damaging,0.029330729629823155
1,KDM5C (8242)_damaging,0.0
1,IQSEC2 (23096)_damaging,0.0
1,HUWE1 (10075)_damaging,0.0
1,WNK3 (65267)_damaging,0.0
1,AMER1 (139285)_damaging,0.017660698697935063
1,ZC3H12B (340554)_damaging,0.0
1,MED12 (9968)_damaging,0.04673611264820005
1,ZMYM3 (9203)_damaging,0.053784825049531235
1,NEXMIF (340533)_damaging,0.0
1,ATRX (546)_damaging,0.027736619588331297
1,BRWD3 (254065)_damaging,0.016229250010118042
1,CYLC1 (1538)_damaging,0.0
1,ZNF711 (7552)_damaging,0.0
1,DACH2 (117154)_damaging,0.0
1,DIAPH2 (1730)_damaging,0.009812227885539858
1,PCDH19 (57526)_damaging,0.0
1,RAB40A (142684)_damaging,0.0
1,NRK (203447)_damaging,0.0
1,COL4A6 (1288)_damaging,0.0
1,GUCY2F (2986)_damaging,0.0
1,DOCK11 (139818)_damaging,0.0
1,STAG2 (10735)_damaging,0.03171539645130107
1,TENM1 (10178)_damaging,0.0
1,SMARCA1 (6594)_damaging,0.0
1,BCORL1 (63035)_damaging,0.0
1,USP26 (83844)_damaging,0.0
1,ADGRG4 (139378)_damaging,0.0
1,MCF2 (4168)_damaging,0.0
1,SPANXN4 (441525)_damaging,0.0
1,SLITRK2 (84631)_damaging,0.0
1,FMR1 (2332)_damaging,0.0
1,AFF2 (2334)_damaging,0.0
1,PLXNA3 (55558)_damaging,0.0
1,F8 (2157)_damaging,0.0
1,MT-ND4 (4538)_damaging,0.0
1,MT-ND5 (4540)_damaging,0.0
2,MTOR (2475)_hotspot,0.0012215227362044705
2,NRAS (4893)_hotspot,0.042487857322305464
2,PTEN (5728)_hotspot,0.0
2,HRAS (3265)_hotspot,0.0
2,ATM (472)_hotspot,0.0
2,KRAS (3845)_hotspot,0.046611871749249634
2,ERBB3 (2065)_hotspot,0.0
2,RB1 (5925)_hotspot,0.0
2,CREBBP (1387)_hotspot,0.0
2,TP53 (7157)_hotspot,0.044924386075257866
2,NF1 (4763)_hotspot,0.006695531432466682
2,ERBB2 (2064)_hotspot,0.006010671083285729
2,SMAD4 (4089)_hotspot,0.0
2,STK11 (6794)_hotspot,0.0
2,SMARCA4 (6597)_hotspot,0.0
2,C2orf81 (388963)_hotspot,0.05204213793182222
2,NFE2L2 (4780)_hotspot,0.005388427042990891
2,EP300 (2033)_hotspot,0.03831744296125108
2,VHL (7428)_hotspot,0.0
2,CTNNB1 (1499)_hotspot,0.015898116765097104
2,RHOA (387)_hotspot,0.025912006844642378
2,PIK3CA (5290)_hotspot,0.0
2,FBXW7 (55294)_hotspot,0.0
2,TERT (7015)_hotspot,0.0
2,PIK3R1 (5295)_hotspot,0.0
2,APC (324)_hotspot,0.0
2,RAC1 (5879)_hotspot,0.0
2,EGFR (1956)_hotspot,0.0
2,BRAF (673)_hotspot,0.070694417495773
2,EZH2 (2146)_hotspot,0.01860477780107573
2,CDKN2A (1029)_hotspot,0.0
2,AGRN (375790)_damaging,0.023350578478506894
2,MXRA8 (54587)_damaging,0.0
2,MEGF6 (1953)_damaging,0.0
2,CHD5 (26038)_damaging,0.0
2,RPL22 (6146)_damaging,0.03158659987918561
2,CAMTA1 (23261)_damaging,0.0
2,ERRFI1 (54206)_damaging,0.0
2,SLC45A1 (50651)_damaging,0.0
2,RERE (473)_damaging,0.0
2,VPS13D (55187)_damaging,0.0
2,FHAD1 (114827)_damaging,0.0
2,SPEN (23013)_damaging,0.0
2,EPHA2 (1969)_damaging,0.0
2,UBR4 (23352)_damaging,0.038668231680818635
2,VWA5B1 (127731)_damaging,0.0
2,EIF4G3 (8672)_damaging,0.0
2,HSPG2 (3339)_damaging,0.0
2,LUZP1 (7798)_damaging,0.004040387448056202
2,ID3 (3399)_damaging,0.19082690954034817
2,ELOA (6924)_damaging,0.0
2,ARID1A (8289)_damaging,0.04653675552232817
2,WDTC1 (23038)_damaging,0.0
2,AHDC1 (27245)_damaging,0.0
2,PTPRU (10076)_damaging,0.0
2,COL16A1 (1307)_damaging,0.0
2,SPOCD1 (90853)_damaging,0.012442416439943673
2,CSMD2 (114784)_damaging,0.014575926596514374
2,ZMYM6 (9204)_damaging,0.0
2,ZMYM1 (79830)_damaging,0.0
2,ZMYM4 (9202)_damaging,0.0
2,AGO1 (26523)_damaging,0.0
2,MAP7D1 (55700)_damaging,0.00278020723671913
2,MACF1 (23499)_damaging,0.08826002160099404
2,HIVEP3 (59269)_damaging,0.0
2,TIE1 (7075)_damaging,0.0
2,SZT2 (23334)_damaging,0.0
2,PTCH2 (8643)_damaging,0.0011700850103423918
2,ZSWIM5 (57643)_damaging,0.049500790962774856
2,MUTYH (4595)_damaging,0.0
2,MAST2 (23139)_damaging,0.0
2,PIK3R3 (8503)_damaging,0.0
2,FAAH (2166)_damaging,0.0
2,TAL1 (6886)_damaging,0.0
2,FYB2 (199920)_damaging,0.0
2,NFIA (4774)_damaging,0.0
2,DOCK7 (85440)_damaging,0.0
2,EFCAB7 (84455)_damaging,0.04922359891788465
2,LEPR (3953)_damaging,0.0
2,LRRC7 (57554)_damaging,0.0
2,ERICH3 (127254)_damaging,0.0
2,SLC44A5 (204962)_damaging,0.0
2,MSH4 (4438)_damaging,0.0
2,AK5 (26289)_damaging,0.0373004505835763
2,ADGRL4 (64123)_damaging,0.005680023902651137
2,ADGRL2 (23266)_damaging,0.0
2,DNAI3 (126820)_damaging,0.0
2,COL24A1 (255631)_damaging,0.0
2,GBP1 (2633)_damaging,0.02516113414351762
2,BTBD8 (284697)_damaging,0.04115088865916785
2,RPL5 (6125)_damaging,0.09953500426192981
2,CCDC18 (343099)_damaging,0.0
2,ABCA4 (24)_damaging,0.0
2,COL11A1 (1301)_damaging,0.0
2,MAGI3 (260425)_damaging,0.0
2,SYCP1 (6847)_damaging,0.0
2,TTF2 (8458)_damaging,0.027534190724172666
2,SPAG17 (200162)_damaging,0.02451612972680483
2,NOTCH2 (4853)_damaging,0.0
2,BCL9 (607)_damaging,0.0
2,OTUD7B (56957)_damaging,0.0
2,ADAMTSL4 (54507)_damaging,0.0
2,ZNF687 (57592)_damaging,0.0
2,RFX5 (5993)_damaging,0.0
2,FLG (2312)_damaging,0.0016614726790370622
2,CCDST (112268240)_damaging,0.0
2,FLG2 (388698)_damaging,0.010880150305196857
2,ADAR (103)_damaging,0.0
2,SHC1 (6464)_damaging,0.0
2,ASH1L (55870)_damaging,0.0
2,GON4L (54856)_damaging,0.0
2,IQGAP3 (128239)_damaging,0.0
2,NES (10763)_damaging,0.0
2,INSRR (3645)_damaging,0.0
2,FCRL5 (83416)_damaging,0.0
2,SPTA1 (6708)_damaging,0.022443386694319497
2,ADCY10 (55811)_damaging,0.0
2,F5 (2153)_damaging,0.0
2,FIRRM (55732)_damaging,0.0
2,PRRC2C (23215)_damaging,0.0
2,TNR (7143)_damaging,0.0
2,PAPPA2 (60676)_damaging,0.0
2,ABL2 (27)_damaging,0.028125407226832655
2,AXDND1 (126859)_damaging,0.041622696039298024
2,TDRD5 (163589)_damaging,0.0
2,CEP350 (9857)_damaging,0.0
2,CACNA1E (777)_damaging,0.0653874202762457
2,RGL1 (23179)_damaging,0.0
2,HMCN1 (83872)_damaging,0.0
2,TPR (7175)_damaging,0.004893699544765505
2,BRINP3 (339479)_damaging,0.0
2,KCNT2 (343450)_damaging,0.0
2,ASPM (259266)_damaging,0.04833231819445427
2,CRB1 (23418)_damaging,0.0
2,PTPRC (5788)_damaging,0.051840684529772016
2,CAMSAP2 (23271)_damaging,0.025489215464459234
2,CACNA1S (779)_damaging,0.06027375110863023
2,IGFN1 (91156)_damaging,0.056230556035493796
2,NAV1 (89796)_damaging,0.0
2,KDM5B (10765)_damaging,0.0
2,ATP2B4 (493)_damaging,0.0
2,PLEKHA6 (22874)_damaging,0.0
2,PIK3C2B (5287)_damaging,0.0
2,NFASC (23114)_damaging,0.0
2,CR2 (1380)_damaging,0.0
2,PLXNA2 (5362)_damaging,0.0
2,PROX1 (5629)_damaging,0.02066812568929642
2,PTPN14 (5784)_damaging,0.0
2,CENPF (1063)_damaging,0.0
2,USH2A (7399)_damaging,0.0
2,DNAH14 (127602)_damaging,0.0
2,CDC42BPA (8476)_damaging,0.019881988806349563
2,OBSCN (84033)_damaging,0.0
2,H3-4 (8290)_damaging,0.0
2,SIPA1L2 (57568)_damaging,0.06373741085520135
2,PCNX2 (80003)_damaging,0.0
2,MAP3K21 (84451)_damaging,0.0
2,ARID4B (51742)_damaging,0.00969087938561764
2,LYST (1130)_damaging,0.0
2,RYR2 (6262)_damaging,0.0
2,CHRM3 (1131)_damaging,0.0
2,FMN2 (56776)_damaging,0.046599799804383786
2,RGS7 (6000)_damaging,0.0
2,WDR64 (128025)_damaging,0.0
2,KIF26B (55083)_damaging,0.0
2,LARP4B (23185)_damaging,0.0
2,PITRM1 (10531)_damaging,0.09906936812077086
2,TAF3 (83860)_damaging,0.0
2,FRMD4A (55691)_damaging,0.0
2,ITGA8 (8516)_damaging,0.0
2,CUBN (8029)_damaging,0.0
2,MRC1 (4360)_damaging,0.0
2,MALRD1 (340895)_damaging,0.0
2,MLLT10 (8028)_damaging,0.0
2,SPAG6 (9576)_damaging,0.0
2,ARMC3 (219681)_damaging,0.0
2,KIAA1217 (56243)_damaging,0.0
2,GPR158 (57512)_damaging,0.0
2,MYO3A (53904)_damaging,0.0
2,ANKRD26 (22852)_damaging,0.0
2,ODAD2 (55130)_damaging,0.0
2,SVIL (6840)_damaging,0.0
2,JCAD (57608)_damaging,0.0
2,KIF5B (3799)_damaging,0.0
2,CCDC7 (79741)_damaging,0.0
2,ANKRD30A (91074)_damaging,0.004379058243253692
2,RSU1P2 (100133308)_damaging,0.0
2,WDFY4 (57705)_damaging,0.0
2,C10orf71 (118461)_damaging,0.0
2,PCDH15 (65217)_damaging,0.049394710787672866
2,ANK3 (288)_damaging,0.0
2,ARID5B (84159)_damaging,0.0
2,EGR2 (1959)_damaging,0.0
2,JMJD1C (221037)_damaging,0.0
2,CTNNA3 (29119)_damaging,0.0
2,MYPN (84665)_damaging,0.0
2,DNA2 (1763)_damaging,0.0
2,CDH23 (64072)_damaging,0.0
2,DLG5 (9231)_damaging,0.0
2,NRG3 (10718)_damaging,0.06075224145981725
2,WAPL (23063)_damaging,0.0
2,PTEN (5728)_damaging,0.0
2,KIF20B (9585)_damaging,0.0
2,MYOF (26509)_damaging,0.0
2,PLCE1 (51196)_damaging,0.0
2,ZNF518A (9849)_damaging,0.0
2,LCOR (84458)_damaging,0.023668064941360135
2,LOXL4 (84171)_damaging,0.0
2,SLF2 (55719)_damaging,0.0
2,PPRC1 (23082)_damaging,0.0
2,CNNM2 (54805)_damaging,0.0
2,PDCD11 (22984)_damaging,0.0
2,SLK (9748)_damaging,0.0
2,SORCS3 (22986)_damaging,0.0
2,SORCS1 (114815)_damaging,0.02565057511743522
2,SMC3 (9126)_damaging,0.05467319790889767
2,TCF7L2 (6934)_damaging,0.0
2,ATRNL1 (26033)_damaging,0.0
2,TACC2 (10579)_damaging,0.0
2,DMBT1 (1755)_damaging,0.0
2,DOCK1 (1793)_damaging,0.0
2,MKI67 (4288)_damaging,0.08270721620959706
2,JAKMIP3 (282973)_damaging,0.001869073389130175
2,CFAP46 (54777)_damaging,0.0
2,B4GALNT4 (338707)_damaging,0.0
2,PKP3 (11187)_damaging,0.0
2,PHRF1 (57661)_damaging,0.016397376631550813
2,MUC5AC (4586)_damaging,0.0
2,MUC5B (727897)_damaging,0.02775713223502242
2,BRSK2 (9024)_damaging,0.0
2,NUP98 (4928)_damaging,0.0
2,OR51E2 (81285)_damaging,0.0
2,DNHD1 (144132)_damaging,0.0
2,DCHS1 (8642)_damaging,0.0
2,SBF2 (81846)_damaging,0.0009346918240831754
2,MICAL2 (9645)_damaging,0.0
2,PLEKHA7 (144100)_damaging,0.0
2,PIK3C2A (5286)_damaging,0.0
2,ABCC8 (6833)_damaging,0.0
2,USH1C (10083)_damaging,0.0
2,OTOG (340990)_damaging,0.0
2,HPS5 (11234)_damaging,0.0
2,NAV2 (89797)_damaging,0.0
2,ANO3 (63982)_damaging,0.0
2,DCDC1 (341019)_damaging,0.0
2,CCDC73 (493860)_damaging,0.016760852096892303
2,QSER1 (79832)_damaging,0.0
2,CSTF3 (1479)_damaging,0.0
2,KIAA1549L (25758)_damaging,0.0
2,PHF21A (51317)_damaging,0.0
2,DGKZ (8525)_damaging,0.06347073589895062
2,CKAP5 (9793)_damaging,0.01694626684724721
2,LRP4 (4038)_damaging,0.0
2,FOLH1 (2346)_damaging,0.0
2,OR4A15 (81328)_damaging,0.0
2,OR4P4 (81300)_damaging,0.0
2,CTNND1 (1500)_damaging,0.0
2,DTX4 (23220)_damaging,0.0
2,AHNAK (79026)_damaging,0.0
2,SLC3A2 (6520)_damaging,0.0
2,PLCB3 (5331)_damaging,0.0
2,NRXN2 (9379)_damaging,0.0
2,MEN1 (4221)_damaging,0.0
2,ATG2A (23130)_damaging,0.0
2,PCNX3 (399909)_damaging,0.07786982748729822
2,RIN1 (9610)_damaging,0.0
2,SHANK2 (22941)_damaging,0.0
2,NUMA1 (4926)_damaging,0.0
2,INPPL1 (3636)_damaging,0.0
2,ARHGEF17 (9828)_damaging,0.0
2,C2CD3 (26005)_damaging,0.0
2,MYO7A (4647)_damaging,0.06326470428927344
2,RSF1 (51773)_damaging,0.0
2,TENM4 (26011)_damaging,0.0
2,PCF11 (51585)_damaging,0.0
2,DLG2 (1740)_damaging,0.05070490793419283
2,SYTL2 (54843)_damaging,0.0
2,FAT3 (120114)_damaging,0.0
2,DEUP1 (159989)_damaging,0.015385210448645215
2,CNTN5 (53942)_damaging,0.05292060989675646
2,CEP126 (57562)_damaging,0.03027731974679724
2,MMP3 (4314)_damaging,0.0
2,MMP12 (4321)_damaging,0.0
2,DYNC2H1 (79659)_damaging,0.0
2,GRIA4 (2893)_damaging,0.0
2,CWF19L2 (143884)_damaging,0.0
2,NPAT (4863)_damaging,0.0
2,ATM (472)_damaging,0.0
2,EXPH5 (23086)_damaging,0.0
2,NKAPD1 (55216)_damaging,0.0
2,USP28 (57646)_damaging,0.0
2,DSCAML1 (57453)_damaging,0.0
2,KMT2A (4297)_damaging,0.007734985653470362
2,BCL9L (283149)_damaging,0.021428387851866102
2,MFRP (83552)_damaging,0.0
2,ARHGEF12 (23365)_damaging,0.0
2,TECTA (7007)_damaging,0.0288284963856392
2,SORL1 (6653)_damaging,0.0
2,ROBO3 (64221)_damaging,0.004166527770696215
2,NFRKB (4798)_damaging,0.0
2,IGSF9B (22997)_damaging,0.0
2,GLB1L2 (89944)_damaging,0.0
2,KDM5A (5927)_damaging,0.0
2,WNK1 (65125)_damaging,0.0
2,CACNA1C (775)_damaging,0.0
2,VWF (7450)_damaging,0.0
2,PLEKHG6 (55200)_damaging,0.0
2,CHD4 (1108)_damaging,0.010421761714427559
2,ATN1 (1822)_damaging,0.0
2,A2ML1 (144568)_damaging,0.009977824298895158
2,A2M (2)_damaging,0.009605510709624772
2,PZP (5858)_damaging,0.0
2,ETV6 (2120)_damaging,0.0
2,GRIN2B (2904)_damaging,0.0
2,ATF7IP (55729)_damaging,0.0
2,GUCY2C (2984)_damaging,0.0
2,EPS8 (2059)_damaging,0.0
2,PIK3C2G (5288)_damaging,0.0
2,SLCO1B3 (28234)_damaging,0.0
2,RECQL (5965)_damaging,0.0
2,ABCC9 (10060)_damaging,0.0
2,ITPR2 (3709)_damaging,0.0
2,OVCH1 (341350)_damaging,0.0
2,KIF21A (55605)_damaging,0.0
2,LRRK2 (120892)_damaging,0.0
2,MUC19 (283463)_damaging,0.12180673841222016
2,CNTN1 (1272)_damaging,0.0
2,PDZRN4 (29951)_damaging,0.0
2,ADAMTS20 (80070)_damaging,0.0
2,ANO6 (196527)_damaging,0.0
2,ARID2 (196528)_damaging,0.0
2,HDAC7 (51564)_damaging,0.0
2,COL2A1 (1280)_damaging,0.0
2,WNT1 (7471)_damaging,0.0
2,KMT2D (8085)_damaging,0.0
2,NCKAP5L (57701)_damaging,0.07503159621228835
2,DIP2B (57609)_damaging,0.0
2,SCN8A (6334)_damaging,0.0
2,MAP3K12 (7786)_damaging,0.038186969749750554
2,PAN2 (9924)_damaging,0.0
2,STAT2 (6773)_damaging,0.0
2,NACA (4666)_damaging,0.0
2,MYO1A (4640)_damaging,0.0
2,STAT6 (6778)_damaging,0.0
2,LRP1 (4035)_damaging,0.0
2,R3HDM2 (22864)_damaging,0.0
2,GLI1 (2735)_damaging,0.010261061294535231
2,MBD6 (114785)_damaging,0.0
2,KIF5A (3798)_damaging,0.11969452930255246
2,PTPRB (5787)_damaging,0.04380044656915694
2,ZFC3H1 (196441)_damaging,0.0
2,NAV3 (89795)_damaging,0.0
2,OTOGL (283310)_damaging,0.013015554142654363
2,PTPRQ (374462)_damaging,0.0
2,PPFIA2 (8499)_damaging,0.0
2,LRRIQ1 (84125)_damaging,0.0
2,CEP290 (80184)_damaging,0.0
2,EEA1 (8411)_damaging,0.07858886803675641
2,PLXNC1 (10154)_damaging,0.0
2,CFAP54 (144535)_damaging,0.0
2,ANKS1B (56899)_damaging,0.0
2,BLTP3B (23074)_damaging,0.0
2,UTP20 (27340)_damaging,0.0
2,STAB2 (55576)_damaging,0.0
2,HCFC2 (29915)_damaging,0.0
2,ALDH1L2 (160428)_damaging,0.0
2,ACACB (32)_damaging,0.0
2,MVK (4598)_damaging,0.0
2,CUX2 (23316)_damaging,0.0
2,HECTD4 (283450)_damaging,0.0
2,NOS1 (4842)_damaging,0.0
2,CIT (11113)_damaging,0.0011471775761630401
2,GCN1 (10985)_damaging,0.0
2,HNF1A (6927)_damaging,0.0
2,KDM2B (84678)_damaging,0.0
2,SETD1B (23067)_damaging,0.0
2,KNTC1 (9735)_damaging,0.0
2,HIP1R (9026)_damaging,0.003569838931129255
2,SBNO1 (55206)_damaging,0.0
2,DNAH10 (196385)_damaging,0.014850966627872903
2,NCOR2 (9612)_damaging,0.0
2,TMEM132D (121256)_damaging,0.0
2,RIMBP2 (23504)_damaging,0.033142401288961454
2,SFSWAP (6433)_damaging,0.0
2,EP400 (57634)_damaging,0.0
2,POLE (5426)_damaging,0.0
2,GOLGA3 (2802)_damaging,0.0
2,SACS (26278)_damaging,0.0
2,RNF17 (56163)_damaging,0.00757160061590919
2,CENPJ (55835)_damaging,0.0
2,ATP8A2 (51761)_damaging,0.003772004096714316
2,PAN3 (255967)_damaging,0.0
2,FRY (10129)_damaging,0.0
2,BRCA2 (675)_damaging,0.0
2,PDS5B (23047)_damaging,0.05570558848796392
2,NBEA (26960)_damaging,0.0
2,POSTN (10631)_damaging,0.0
2,FREM2 (341640)_damaging,0.0
2,FOXO1 (2308)_damaging,0.0
2,DGKH (160851)_damaging,0.003467732592206394
2,ERICH6B (220081)_damaging,0.0
2,ZC3H13 (23091)_damaging,0.0
2,RB1 (5925)_damaging,0.06629861995401534
2,RCBTB2 (1102)_damaging,0.0
2,DIAPH3 (81624)_damaging,0.0
2,KLHL1 (57626)_damaging,0.0
2,DACH1 (1602)_damaging,0.0
2,MYCBP2 (23077)_damaging,0.0
2,SLITRK5 (26050)_damaging,0.0
2,PCCA (5095)_damaging,0.0
2,NALCN (259232)_damaging,0.0
2,CCDC168 (643677)_damaging,0.0
2,MYO16 (23026)_damaging,0.0
2,COL4A1 (1282)_damaging,0.0
2,COL4A2 (1284)_damaging,0.004619849662662252
2,ARHGEF40 (55701)_damaging,0.0
2,RPGRIP1 (57096)_damaging,0.0012858736717301575
2,CHD8 (57680)_damaging,0.0
2,AJUBA (84962)_damaging,0.010148800941311499
2,ACIN1 (22985)_damaging,0.0
2,MYH6 (4624)_damaging,0.0
2,MYH7 (4625)_damaging,0.028479327878957895
2,ZFHX2 (85446)_damaging,0.0
2,CARMIL3 (90668)_damaging,0.0
2,NYNRIN (57523)_damaging,0.01000918129914144
2,HECTD1 (25831)_damaging,0.0
2,AKAP6 (9472)_damaging,0.0
2,NPAS3 (64067)_damaging,0.0
2,RALGAPA1 (253959)_damaging,0.0
2,TTC6 (319089)_damaging,0.0
2,MIA2 (4253)_damaging,0.0
2,TOGARAM1 (23116)_damaging,0.017457655768373676
2,FANCM (57697)_damaging,0.023048814981455428
2,MIS18BP1 (55320)_damaging,0.0
2,MDGA2 (161357)_damaging,0.0
2,NIN (51199)_damaging,0.0
2,NID2 (22795)_damaging,0.037414583560298136
2,KTN1 (3895)_damaging,0.0
2,ARID4A (5926)_damaging,0.0
2,HIF1A (3091)_damaging,0.0
2,KCNH5 (27133)_damaging,0.0
2,SYNE2 (23224)_damaging,0.05306564357709507
2,SPTB (6710)_damaging,0.0
2,PCNX1 (22990)_damaging,0.0
2,SIPA1L1 (26037)_damaging,0.0
2,MIDEAS (91748)_damaging,0.0
2,YLPM1 (56252)_damaging,0.0
2,MLH3 (27030)_damaging,0.024235224141487804
2,NRXN3 (9369)_damaging,0.0
2,CEP128 (145508)_damaging,0.0
2,GALC (2581)_damaging,0.0
2,PTPN21 (11099)_damaging,0.0
2,EML5 (161436)_damaging,0.0
2,FOXN3 (1112)_damaging,0.0
2,TRIP11 (9321)_damaging,0.0
2,UNC79 (57578)_damaging,0.005723537910615892
2,ATG2B (55102)_damaging,0.0
2,RTL1 (388015)_damaging,0.03584997354572634
2,DYNC1H1 (1778)_damaging,0.04256442127000817
2,KIF26A (26153)_damaging,0.0
2,INF2 (64423)_damaging,0.0
2,AHNAK2 (113146)_damaging,0.0
2,MTA1 (9112)_damaging,0.0
2,SNHG14 (104472715)_damaging,0.0
2,HERC2 (8924)_damaging,0.0
2,ENTREP2 (23359)_damaging,0.0
2,TJP1 (7082)_damaging,0.025681696957946188
2,TRPM1 (4308)_damaging,0.0018544521043563549
2,FMN1 (342184)_damaging,0.0
2,RYR3 (6263)_damaging,0.0
2,SPRED1 (161742)_damaging,0.0
2,CCDC9B (388115)_damaging,0.0
2,INO80 (54617)_damaging,0.0
2,TYRO3 (7301)_damaging,0.004190013473539406
2,MGA (23269)_damaging,0.0
2,SPTBN5 (51332)_damaging,0.0
2,ZNF106 (64397)_damaging,0.008629659227303643
2,STARD9 (57519)_damaging,0.0
2,CDAN1 (146059)_damaging,0.0
2,TP53BP1 (7158)_damaging,0.01079785903322107
2,MAP1A (4130)_damaging,0.0
2,SPG11 (80208)_damaging,0.0
2,B2M (567)_damaging,0.0
2,DUOX2 (50506)_damaging,0.0
2,FBN1 (2200)_damaging,0.0
2,USP8 (9101)_damaging,0.0
2,TRPM7 (54822)_damaging,0.0
2,DMXL2 (23312)_damaging,0.0
2,MYO5C (55930)_damaging,0.020889051909656408
2,WDR72 (256764)_damaging,0.0
2,UNC13C (440279)_damaging,0.0
2,RFX7 (64864)_damaging,0.0
2,ICE2 (79664)_damaging,0.0
2,VPS13C (54832)_damaging,0.026863442820436973
2,TLN2 (83660)_damaging,0.0
2,HERC1 (8925)_damaging,0.0
2,ZNF609 (23060)_damaging,0.0
2,CILP (8483)_damaging,0.0
2,MYO9A (4649)_damaging,0.0
2,HCN4 (10021)_damaging,0.0
2,ARID3B (10620)_damaging,0.0
2,SIN3A (25942)_damaging,0.03131834282556024
2,PEAK1 (79834)_damaging,0.0
2,AP3B2 (8120)_damaging,0.0
2,ADAMTSL3 (57188)_damaging,0.0
2,AKAP13 (11214)_damaging,0.04414372950138903
2,AGBL1 (123624)_damaging,0.0
2,TICRR (90381)_damaging,0.003307362695141566
2,KIF7 (374654)_damaging,0.0
2,IQGAP1 (8826)_damaging,0.0
2,BLM (641)_damaging,0.0
2,FES (2242)_damaging,0.0
2,CHD2 (1106)_damaging,0.0
2,LRRK1 (79705)_damaging,0.004048787598708972
2,AXIN1 (8312)_damaging,0.0
2,WDR90 (197335)_damaging,0.0
2,UNKL (64718)_damaging,0.0
2,CRAMP1 (57585)_damaging,0.0
2,TSC2 (7249)_damaging,0.004836859774260144
2,PKD1 (5310)_damaging,0.0
2,SLX4 (84464)_damaging,0.0
2,CREBBP (1387)_damaging,0.06907759939023116
2,CORO7 (79585)_damaging,0.0
2,GRIN2A (2903)_damaging,0.0
2,MARF1 (9665)_damaging,0.0
2,KNOP1 (400506)_damaging,0.012101417112333973
2,DNAH3 (55567)_damaging,0.0
2,USP31 (57478)_damaging,0.0
2,SCNN1B (6338)_damaging,0.008291911010643123
2,PALB2 (79728)_damaging,0.0
2,RBBP6 (5930)_damaging,0.0
2,TNRC6A (27327)_damaging,0.0
2,ARHGAP17 (55114)_damaging,0.04795760933370799
2,GTF3C1 (2975)_damaging,0.05685389205379541
2,ATXN2L (11273)_damaging,0.0
2,ITGAL (3683)_damaging,0.0
2,PRR14 (78994)_damaging,0.009725283563276623
2,SRCAP (10847)_damaging,0.0
2,SETD1A (9739)_damaging,0.0
2,ZNF668 (79759)_damaging,0.030418718172864512
2,SALL1 (6299)_damaging,0.0
2,CHD9 (80205)_damaging,0.0
2,RBL2 (5934)_damaging,0.0
2,NLRC5 (84166)_damaging,0.0
2,CNGB1 (1258)_damaging,0.0
2,CDH8 (1006)_damaging,0.0
2,CDH11 (1009)_damaging,0.0
2,CTCF (10664)_damaging,0.06072143083511893
2,CDH1 (999)_damaging,0.0
2,MTSS2 (92154)_damaging,0.0
2,DHX38 (9785)_damaging,0.03809610664683407
2,ZFHX3 (463)_damaging,0.0
2,CNTNAP4 (85445)_damaging,0.0
2,ADAMTS18 (170692)_damaging,0.0
2,PKD1L2 (114780)_damaging,0.0
2,TAF1C (9013)_damaging,0.003384672418765046
2,IRF8 (3394)_damaging,0.018584054801169994
2,ZNF469 (84627)_damaging,0.0
2,ZC3H18 (124245)_damaging,0.0
2,LINC02138 (400558)_damaging,0.0
2,CDH15 (1013)_damaging,0.0
2,ANKRD11 (29123)_damaging,0.0
2,VPS9D1 (9605)_damaging,0.0
2,FANCA (2175)_damaging,0.0
2,WDR81 (124997)_damaging,0.0
2,CLUH (23277)_damaging,0.0
2,SPATA22 (84690)_damaging,0.0
2,ZZEF1 (23140)_damaging,0.0
2,USP6 (9098)_damaging,0.0
2,WSCD1 (23302)_damaging,0.0
2,FXR2 (9513)_damaging,0.04944249561632472
2,TP53 (7157)_damaging,0.5120751687660652
2,DNAH2 (146754)_damaging,0.03256763800119685
2,KDM6B (23135)_damaging,0.021196890654034642
2,CHD3 (1107)_damaging,0.0
2,PER1 (5187)_damaging,0.0
2,PFAS (5198)_damaging,0.0
2,USP43 (124739)_damaging,0.0
2,MYH13 (8735)_damaging,0.01143294160141188
2,MYH8 (4626)_damaging,0.0
2,MYH1 (4619)_damaging,0.04698020371424514
2,MYH2 (4620)_damaging,0.0
2,DNAH9 (1770)_damaging,0.0023381964146002463
2,MAP2K4 (6416)_damaging,0.0
2,MYOCD (93649)_damaging,0.0
2,NCOR1 (9611)_damaging,0.011938056678351773
2,MPRIP (23164)_damaging,0.0
2,FLCN (201163)_damaging,0.0
2,MYO15A (51168)_damaging,0.0
2,TOP3A (7156)_damaging,0.0
2,KSR1 (8844)_damaging,0.0
2,MYO18A (399687)_damaging,0.0
2,SSH2 (85464)_damaging,0.0
2,EFCAB5 (374786)_damaging,0.0
2,ATAD5 (79915)_damaging,0.0
2,NF1 (4763)_damaging,0.0
2,SUZ12 (23512)_damaging,0.0
2,SLFN11 (91607)_damaging,0.0
2,ACACA (31)_damaging,0.0
2,GPR179 (440435)_damaging,0.0
2,ARHGAP23 (57636)_damaging,0.0
2,SRCIN1 (80725)_damaging,0.0
2,TOP2A (7153)_damaging,0.0
2,KCNH4 (23415)_damaging,0.0
2,STAT5B (6777)_damaging,0.0
2,BRCA1 (672)_damaging,0.03206807949477052
2,ITGA2B (3674)_damaging,0.0
2,GPATCH8 (23131)_damaging,0.0
2,KANSL1 (284058)_damaging,0.03458812942544201
2,HOXB3 (3213)_damaging,0.0
2,COL1A1 (1277)_damaging,0.0545908549013621
2,RNF43 (54894)_damaging,0.0
2,PPM1D (8493)_damaging,0.0
2,INTS2 (57508)_damaging,0.0
2,MED13 (9969)_damaging,0.0
2,MRC2 (9902)_damaging,0.0
2,SCN4A (6329)_damaging,0.0
2,GNA13 (10672)_damaging,0.0
2,AXIN2 (8313)_damaging,0.0
2,BPTF (2186)_damaging,0.0295447459283412
2,ABCA8 (10351)_damaging,0.0
2,ABCA9 (10350)_damaging,0.0
2,ABCA6 (23460)_damaging,0.0
2,ABCA10 (10349)_damaging,0.0
2,ABCA5 (23461)_damaging,0.0
2,SOX9 (6662)_damaging,0.0
2,SDK2 (54549)_damaging,0.0
2,TMEM94 (9772)_damaging,0.0
2,CASKIN2 (57513)_damaging,0.0
2,MYO15B (80022)_damaging,0.0
2,ITGB4 (3691)_damaging,0.0
2,EVPL (2125)_damaging,0.0
2,SPHK1 (8877)_damaging,0.0
2,TNRC6C (57690)_damaging,0.0
2,DNAH17 (8632)_damaging,0.0
2,CARD14 (79092)_damaging,0.0
2,RPTOR (57521)_damaging,0.0
2,BAHCC1 (57597)_damaging,0.0
2,FASN (2194)_damaging,0.016513269824484627
2,NARF (26502)_damaging,0.015405471188764374
2,FOXK2 (3607)_damaging,0.0
2,SMCHD1 (23347)_damaging,0.0
2,EPB41L3 (23136)_damaging,0.0
2,LAMA1 (284217)_damaging,0.0
2,PTPRM (5797)_damaging,0.0
2,MTCL1 (23255)_damaging,0.0
2,ANKRD12 (23253)_damaging,0.0
2,PIEZO2 (63895)_damaging,0.0
2,ANKRD30B (374860)_damaging,0.0
2,ROCK1 (6093)_damaging,0.0
2,GREB1L (80000)_damaging,0.0
2,ESCO1 (114799)_damaging,0.0
2,LAMA3 (3909)_damaging,0.012419960362492833
2,OSBPL1A (114876)_damaging,0.0
2,ZNF521 (25925)_damaging,0.0
2,CCDC178 (374864)_damaging,0.0
2,ASXL3 (80816)_damaging,0.0
2,FHOD3 (80206)_damaging,0.0
2,SETBP1 (26040)_damaging,0.004764945376651166
2,LOXHD1 (125336)_damaging,0.04296238950259714
2,SKOR2 (652991)_damaging,0.0
2,ZBTB7C (201501)_damaging,0.0
2,MYO5B (4645)_damaging,0.0
2,SMAD4 (4089)_damaging,0.0472630430205277
2,DCC (1630)_damaging,0.0
2,ALPK2 (115701)_damaging,0.0
2,CDH7 (1005)_damaging,0.025706108575047088
2,DSEL (92126)_damaging,0.0
2,RTTN (25914)_damaging,0.0
2,CBLN2 (147381)_damaging,0.0
2,ZNF407 (55628)_damaging,0.0
2,ZNF236 (7776)_damaging,0.0
2,SALL3 (27164)_damaging,0.0
2,ATP9B (374868)_damaging,0.0
2,KCNG2 (26251)_damaging,0.0
2,ABCA7 (10347)_damaging,0.0
2,STK11 (6794)_damaging,0.06692773413224215
2,TCF3 (6929)_damaging,0.0
2,AP3D1 (8943)_damaging,0.025230898139296114
2,DOT1L (84444)_damaging,0.0
2,ZBTB7A (51341)_damaging,0.0
2,TICAM1 (148022)_damaging,0.0
2,KDM4B (23030)_damaging,0.0
2,PTPRS (5802)_damaging,0.0
2,SAFB2 (9667)_damaging,0.0
2,SAFB (6294)_damaging,0.0
2,CAMSAP3 (57662)_damaging,0.0
2,MAP2K7 (5609)_damaging,0.0
2,FBN3 (84467)_damaging,0.0
2,MUC16 (94025)_damaging,0.0
2,COL5A3 (50509)_damaging,0.03800689403997616
2,DNMT1 (1786)_damaging,0.0
2,KEAP1 (9817)_damaging,0.07180579821681843
2,DNM2 (1785)_damaging,0.007772567939025997
2,SMARCA4 (6597)_damaging,0.04887924069102655
2,MAST1 (22983)_damaging,0.0
2,CACNA1A (773)_damaging,0.05948519435416775
2,NOTCH3 (4854)_damaging,0.0
2,BRD4 (23476)_damaging,0.0
2,WIZ (58525)_damaging,0.0
2,SIN3B (23309)_damaging,0.0
2,CPAMD8 (27151)_damaging,0.02125477776494659
2,MYO9B (4650)_damaging,0.0
2,CRLF1 (9244)_damaging,0.0
2,ZNF90 (7643)_damaging,0.0
2,ZNF429 (353088)_damaging,0.0009942359608632314
2,ZNF729 (100287226)_damaging,0.013264816072972608
2,ZNF99 (7652)_damaging,0.007489652259059266
2,ZNF536 (9745)_damaging,0.0
2,TSHZ3 (57616)_damaging,0.0
2,KMT2B (9757)_damaging,0.0
2,WDR87 (83889)_damaging,0.0
2,RYR1 (6261)_damaging,0.0
2,CAPN12 (147968)_damaging,0.03953736996151079
2,FCGBP (8857)_damaging,0.0
2,PRX (57716)_damaging,0.0
2,AXL (558)_damaging,0.0
2,HNRNPUL1 (11100)_damaging,0.0
2,ARHGEF1 (9138)_damaging,0.0013080777698405211
2,ERF (2077)_damaging,0.0
2,CIC (23152)_damaging,0.0
2,MEGF8 (1954)_damaging,0.0
2,ARHGAP35 (2909)_damaging,0.0
2,BICRA (29998)_damaging,0.0
2,LMTK3 (114783)_damaging,0.0003079345722120445
2,TRPM4 (54795)_damaging,0.0
2,PRR12 (57479)_damaging,0.0
2,SCAF1 (58506)_damaging,0.0
2,MYH14 (79784)_damaging,0.0
2,POLD1 (5424)_damaging,0.0
2,SHANK1 (50944)_damaging,0.0
2,PPP2R1A (5518)_damaging,0.0
2,NLRP7 (199713)_damaging,0.09092378715182835
2,BRSK1 (84446)_damaging,0.0
2,SSC5D (284297)_damaging,0.0
2,NLRP4 (147945)_damaging,0.0
2,PEG3 (5178)_damaging,0.0
2,ZIM3 (114026)_damaging,0.0
2,TPO (7173)_damaging,0.0
2,PXDN (7837)_damaging,0.0
2,MYT1L (23040)_damaging,0.004602345834470848
2,ROCK2 (9475)_damaging,0.0
2,GREB1 (9687)_damaging,0.0
2,NBAS (51594)_damaging,0.021615715503416854
2,RAD51AP2 (729475)_damaging,0.0
2,APOB (338)_damaging,0.0
2,TDRD15 (100129278)_damaging,0.0
2,ATAD2B (54454)_damaging,0.0
2,ITSN2 (50618)_damaging,0.0
2,DNMT3A (1788)_damaging,0.0
2,ASXL2 (55252)_damaging,0.0
2,OTOF (9381)_damaging,0.0
2,EMILIN1 (11117)_damaging,0.0
2,CAD (790)_damaging,0.0
2,IFT172 (26160)_damaging,0.0
2,SPATA31H1 (84226)_damaging,0.07949617498056184
2,ALK (238)_damaging,0.0
2,BIRC6 (57448)_damaging,0.0
2,LTBP1 (4052)_damaging,0.058411459067901635
2,ZFP36L2 (678)_damaging,0.006769278586547808
2,THADA (63892)_damaging,0.013912652903148437
2,MSH2 (4436)_damaging,0.004781223040341032
2,MSH6 (2956)_damaging,0.0
2,LHCGR (3973)_damaging,0.0
2,NRXN1 (9378)_damaging,0.02413600113967695
2,PSME4 (23198)_damaging,0.0
2,SPTBN1 (6711)_damaging,0.0
2,EML6 (400954)_damaging,0.0
2,MTIF2 (4528)_damaging,0.0
2,CCDC88A (55704)_damaging,0.05240971679234652
2,USP34 (9736)_damaging,0.0
2,C2orf42 (54980)_damaging,0.0
2,ZNF638 (27332)_damaging,0.0
2,DYSF (8291)_damaging,0.0
2,ALMS1 (7840)_damaging,0.0
2,LOXL3 (84695)_damaging,0.0
2,CTNNA2 (1496)_damaging,0.0
2,DNAH6 (1768)_damaging,0.00601677686718259
2,PROM2 (150696)_damaging,0.0
2,ANKRD36 (375248)_damaging,0.0
2,TMEM131 (23505)_damaging,0.0
2,VWA3B (200403)_damaging,0.0
2,CRACDL (343990)_damaging,0.0
2,EIF5B (9669)_damaging,0.0
2,REV1 (51455)_damaging,0.0
2,MAP4K4 (9448)_damaging,0.0
2,RANBP2 (5903)_damaging,0.05331296807823888
2,DPP10 (57628)_damaging,0.0
2,MARCO (8685)_damaging,0.0
2,EPB41L5 (57669)_damaging,0.002281708616728819
2,CLASP1 (23332)_damaging,0.0
2,CNTNAP5 (129684)_damaging,0.0
2,UGGT1 (56886)_damaging,0.0
2,ARHGEF4 (50649)_damaging,0.02546079954167814
2,NCKAP5 (344148)_damaging,0.0
2,THSD7B (80731)_damaging,0.0077479118567051015
2,LRP1B (53353)_damaging,0.0
2,ACVR2A (92)_damaging,0.0
2,ORC4 (5000)_damaging,0.0
2,KIF5C (3800)_damaging,0.04955196585407842
2,RIF1 (55183)_damaging,0.0
2,NEB (4703)_damaging,0.0
2,GALNT13 (114805)_damaging,0.0
2,BAZ2B (29994)_damaging,0.0
2,LY75 (4065)_damaging,0.03882962400408541
2,PLA2R1 (22925)_damaging,0.0286160608087026
2,SLC4A10 (57282)_damaging,0.008874624448071937
2,KCNH7 (90134)_damaging,0.0
2,FIGN (55137)_damaging,0.0
2,SCN3A (6328)_damaging,0.0
2,SCN2A (6326)_damaging,0.0
2,TTC21B (79809)_damaging,0.0
2,SCN1A (6323)_damaging,0.0
2,SCN9A (6335)_damaging,0.0
2,SCN7A (6332)_damaging,0.0
2,XIRP2 (129446)_damaging,0.029665754374693876
2,LRP2 (4036)_damaging,0.0
2,KLHL41 (10324)_damaging,0.0
2,PPIG (9360)_damaging,0.0
2,TTN (7273)_damaging,0.007892466957882677
2,CCDC141 (285025)_damaging,0.0
2,ITGA4 (3676)_damaging,0.0
2,FSIP2 (401024)_damaging,0.0
2,COL3A1 (1281)_damaging,0.0
2,COL5A2 (1290)_damaging,0.0
2,DNAH7 (56171)_damaging,0.0
2,HECW2 (57520)_damaging,0.0
2,PLCL1 (5334)_damaging,0.0
2,SGO2 (151246)_damaging,0.0
2,AOX1 (316)_damaging,0.03793344622186991
2,CASP8 (841)_damaging,0.0
2,BMPR2 (659)_damaging,0.0
2,NBEAL1 (65065)_damaging,0.0
2,INO80D (54891)_damaging,0.016677121553445765
2,ZDBF2 (57683)_damaging,0.0
2,ADAM23 (8745)_damaging,0.0
2,MAP2 (4133)_damaging,0.0
2,UNC80 (285175)_damaging,0.0
2,KANSL1L (151050)_damaging,0.0
2,CPS1 (1373)_damaging,0.004162088948333314
2,ERBB4 (2066)_damaging,0.0
2,ABCA12 (26154)_damaging,0.038302010628687995
2,FN1 (2335)_damaging,0.06152890013773431
2,TNS1 (7145)_damaging,0.0
2,CFAP65 (255101)_damaging,0.0
2,SPEG (10290)_damaging,0.0
2,OBSL1 (23363)_damaging,0.0
2,SLC4A3 (6508)_damaging,0.0
2,DOCK10 (55619)_damaging,0.0
2,IRS1 (3667)_damaging,0.0
2,COL4A4 (1286)_damaging,0.0
2,SPHKAP (80309)_damaging,0.008768108380874178
2,TRIP12 (9320)_damaging,0.0
2,GIGYF2 (26058)_damaging,0.0
2,MROH2A (339766)_damaging,0.03668892543806151
2,COL6A3 (1293)_damaging,0.0
2,HDAC4 (9759)_damaging,0.006578431938671483
2,KIF1A (547)_damaging,0.0
2,TGM6 (343641)_damaging,0.011118403283356651
2,FASTKD5 (60493)_damaging,0.03486497959704138
2,SLC4A11 (83959)_damaging,0.0
2,PLCB4 (5332)_damaging,0.0
2,ESF1 (51575)_damaging,0.0
2,SEL1L2 (80343)_damaging,0.0
2,CFAP61 (26074)_damaging,0.0
2,CD93 (22918)_damaging,0.0
2,ASXL1 (171023)_damaging,0.04136100391058895
2,NCOA6 (23054)_damaging,0.0
2,MYH7B (57644)_damaging,0.0
2,SAMHD1 (25939)_damaging,0.0
2,KIAA1755 (85449)_damaging,0.0
2,RALGAPB (57148)_damaging,0.0
2,PTPRT (11122)_damaging,0.0
2,CDH22 (64405)_damaging,0.10158069384008336
2,DDX27 (55661)_damaging,0.0
2,KCNB1 (3745)_damaging,0.0
2,RIPOR3 (140876)_damaging,0.0
2,ADNP (23394)_damaging,0.0
2,ZNF831 (128611)_damaging,0.0
2,SYCP2 (10388)_damaging,0.0
2,TAF4 (6874)_damaging,0.0
2,LAMA5 (3911)_damaging,0.0
2,DIDO1 (11083)_damaging,0.0
2,KCNQ2 (3785)_damaging,0.0
2,HELZ2 (85441)_damaging,0.0715345471550848
2,TPTE (7179)_damaging,0.0
2,NRIP1 (8204)_damaging,0.0
2,LTN1 (26046)_damaging,0.0
2,USP16 (10600)_damaging,0.0
2,SCAF4 (57466)_damaging,0.0462957931373245
2,SYNJ1 (8867)_damaging,0.0
2,ITSN1 (6453)_damaging,0.0
2,DOP1B (9980)_damaging,0.0
2,BRWD1 (54014)_damaging,0.0
2,DSCAM (1826)_damaging,0.0
2,UMODL1 (89766)_damaging,0.0
2,TRPM2 (7226)_damaging,0.027046136347593692
2,COL18A1 (80781)_damaging,0.0
2,PCNT (5116)_damaging,0.0
2,CECR2 (27443)_damaging,0.0
2,ZDHHC8 (29801)_damaging,0.0
2,MED15 (51586)_damaging,0.0
2,PI4KA (5297)_damaging,0.0
2,LZTR1 (8216)_damaging,0.0
2,SMARCB1 (6598)_damaging,0.0
2,MYO18B (84700)_damaging,0.0
2,MN1 (4330)_damaging,0.0
2,CHEK2 (11200)_damaging,0.02126272480656852
2,NF2 (4771)_damaging,0.19190556844119677
2,MTMR3 (8897)_damaging,0.07230015025559038
2,PRR14L (253143)_damaging,0.0
2,DEPDC5 (9681)_damaging,0.0
2,RTCB (51493)_damaging,0.0
2,MYH9 (4627)_damaging,0.06502845402198403
2,CSF2RB (1439)_damaging,0.045477668519691934
2,TMPRSS6 (164656)_damaging,0.0
2,TRIOBP (11078)_damaging,0.0
2,CACNA1I (8911)_damaging,0.0
2,TNRC6B (23112)_damaging,0.0
2,EP300 (2033)_damaging,0.0006667321935194934
2,ZC3H7B (23264)_damaging,0.0
2,MEI1 (150365)_damaging,0.011782233321624104
2,TCF20 (6942)_damaging,0.0
2,SERHL2 (253190)_damaging,0.0
2,SMC1B (27127)_damaging,0.0
2,PKDREJ (10343)_damaging,0.0
2,PLXNB2 (23654)_damaging,0.1057378112095477
2,PPP6R2 (9701)_damaging,0.001982336646710542
2,SBF1 (6305)_damaging,0.0
2,KLHDC7B (113730)_damaging,0.00962516500947676
2,CNTN6 (27255)_damaging,0.0
2,CNTN4 (152330)_damaging,0.0
2,GRM7 (2917)_damaging,0.020157657539725787
2,VHL (7428)_damaging,0.0
2,KCNH8 (131096)_damaging,0.0
2,TGFBR2 (7048)_damaging,0.0
2,CLASP2 (23122)_damaging,0.0
2,TRANK1 (9881)_damaging,0.0
2,MLH1 (4292)_damaging,0.0
2,GOLGA4 (2803)_damaging,0.0
2,VILL (50853)_damaging,0.0
2,SCN10A (6336)_damaging,0.0
2,SCN11A (11280)_damaging,0.0
2,TOPAZ1 (375337)_damaging,0.0
2,KIF15 (56992)_damaging,0.0
2,SETD2 (29072)_damaging,0.0
2,PTPN23 (25930)_damaging,0.05589729100795927
2,PLXNB1 (5364)_damaging,0.0
2,COL7A1 (1294)_damaging,0.0
2,CELSR3 (1951)_damaging,0.0
2,RHOA (387)_damaging,0.0
2,BSN (8927)_damaging,0.0
2,RBM6 (10180)_damaging,0.0
2,DOCK3 (1795)_damaging,0.0
2,DNAH1 (25981)_damaging,0.0
2,BAP1 (8314)_damaging,0.0
2,STAB1 (23166)_damaging,0.0
2,PBRM1 (55193)_damaging,0.015724370684830413
2,CACNA1D (776)_damaging,0.005912603003038802
2,DNAH12 (201625)_damaging,0.0
2,FLNB (2317)_damaging,0.0
2,FEZF2 (55079)_damaging,0.0
2,ATXN7 (6314)_damaging,0.0
2,ROBO2 (6092)_damaging,0.09124709193794943
2,ROBO1 (6091)_damaging,0.0
2,EPHA3 (2042)_damaging,0.0
2,EPHA6 (285220)_damaging,0.08313781402728908
2,CRYBG3 (131544)_damaging,0.0
2,ABI3BP (25890)_damaging,0.0
2,MYH15 (22989)_damaging,0.0
2,DZIP3 (9666)_damaging,0.0
2,MORC1 (27136)_damaging,0.0
2,PHLDB2 (90102)_damaging,0.0
2,CFAP44 (55779)_damaging,0.0
2,USF3 (205717)_damaging,0.0
2,ZBTB20 (26137)_damaging,0.031450473127684626
2,CFAP91 (89876)_damaging,0.0
2,POLQ (10721)_damaging,0.02055119886934797
2,KALRN (8997)_damaging,0.048440027113922104
2,MBD4 (8930)_damaging,0.0
2,COL6A5 (256076)_damaging,0.0
2,COL6A6 (131873)_damaging,0.0
2,TOPBP1 (11073)_damaging,0.0
2,RASA2 (5922)_damaging,0.0
2,XRN1 (54464)_damaging,0.0
2,ATR (545)_damaging,0.0
2,HPS3 (84343)_damaging,0.0
2,MED12L (116931)_damaging,0.0031267396146856183
2,IGSF10 (285313)_damaging,0.020819763176284055
2,ARHGEF26 (26084)_damaging,0.0
2,MME (4311)_damaging,0.0
2,PLCH1 (23007)_damaging,0.0
2,SMC4 (10051)_damaging,0.0
2,SI (6476)_damaging,0.0
2,ZBBX (79740)_damaging,0.0
2,MECOM (2122)_damaging,0.001616959641828017
2,TNIK (23043)_damaging,0.0
2,PLD1 (5337)_damaging,0.0
2,SPATA16 (83893)_damaging,0.0
2,USP13 (8975)_damaging,0.0
2,TTC14 (151613)_damaging,0.0
2,B3GNT5 (84002)_damaging,0.0
2,VWA5B2 (90113)_damaging,0.0
2,ATP13A5 (344905)_damaging,0.0
2,MUC4 (4585)_damaging,0.0
2,TNK2 (10188)_damaging,0.0
2,NSD2 (7468)_damaging,0.0
2,POLN (353497)_damaging,0.0
2,FAM193A (8603)_damaging,0.0
2,HTT (3064)_damaging,0.0
2,JAKMIP1 (152789)_damaging,0.0
2,UNC93B7 (100887746)_damaging,0.029745463046276364
2,BOD1L1 (259282)_damaging,0.0
2,PCDH7 (5099)_damaging,0.026528489665589638
2,LIMCH1 (22998)_damaging,0.0
2,BEND4 (389206)_damaging,0.0
2,ATP10D (57205)_damaging,0.0
2,CORIN (10699)_damaging,0.0
2,FRYL (285527)_damaging,0.0
2,FIP1L1 (81608)_damaging,0.04482323376427703
2,KDR (3791)_damaging,0.0
2,POLR2B (5431)_damaging,0.0
2,ADGRL3 (23284)_damaging,0.0
2,EPHA5 (2044)_damaging,0.0
2,CENPC (1060)_damaging,0.0
2,UGT2B28 (54490)_damaging,0.03213573817139569
2,ADAMTS3 (9508)_damaging,0.0
2,SHROOM3 (57619)_damaging,0.0
2,FRAS1 (80144)_damaging,0.0
2,WDFY3 (23001)_damaging,0.0
2,ARHGAP24 (83478)_damaging,0.0
2,PTPN13 (5783)_damaging,0.0
2,AFF1 (4299)_damaging,0.0
2,MMRN1 (22915)_damaging,0.0
2,GRID2 (2895)_damaging,0.0
2,SMARCAD1 (56916)_damaging,0.0
2,UNC5C (8633)_damaging,0.0
2,CENPE (1062)_damaging,0.0
2,TET2 (54790)_damaging,0.07540412303684435
2,COL25A1 (84570)_damaging,0.03346103649861905
2,EGF (1950)_damaging,0.0
2,ANK2 (287)_damaging,0.0
2,NDST4 (64579)_damaging,0.0
2,BLTP1 (84162)_damaging,0.0
2,FAT4 (79633)_damaging,0.0
2,SCLT1 (132320)_damaging,0.0
2,PCDH10 (57575)_damaging,0.0
2,INPP4B (8821)_damaging,0.0
2,FBXW7 (55294)_damaging,0.0
2,FHDC1 (85462)_damaging,0.0
2,DCHS2 (54798)_damaging,0.0
2,MAP9 (79884)_damaging,0.0
2,GRIA2 (2891)_damaging,0.0
2,RXFP1 (59350)_damaging,0.0
2,RAPGEF2 (9693)_damaging,0.0
2,FSTL5 (56884)_damaging,0.0
2,DDX60 (55601)_damaging,0.0
2,WDR17 (116966)_damaging,0.0
2,TENM3 (55714)_damaging,0.0
2,WWC2 (80014)_damaging,0.0
2,SORBS2 (8470)_damaging,0.0
2,FAT1 (2195)_damaging,0.03977116256664805
2,SDHA (6389)_damaging,0.04277073238350897
2,SLC12A7 (10723)_damaging,0.0
2,SLC6A19 (340024)_damaging,0.0
2,TERT (7015)_damaging,0.0
2,ADAMTS16 (170690)_damaging,0.0
2,ICE1 (23379)_damaging,0.0
2,SEMA5A (9037)_damaging,0.0
2,CTNND2 (1501)_damaging,0.0
2,DNAH5 (1767)_damaging,0.0
2,TRIO (7204)_damaging,0.0
2,CDH18 (1016)_damaging,0.007059161647880033
2,PRDM9 (56979)_damaging,0.0191387482111066
2,CDH10 (1008)_damaging,0.0
2,CDH6 (1004)_damaging,0.0
2,PDZD2 (23037)_damaging,0.024256560712722
2,ADAMTS12 (81792)_damaging,0.009014231153856403
2,SPEF2 (79925)_damaging,0.0
2,NIPBL (25836)_damaging,0.0
2,CPLANE1 (65250)_damaging,0.0
2,EGFLAM (133584)_damaging,0.0
2,RICTOR (253260)_damaging,0.0
2,C7 (730)_damaging,0.0
2,MROH2B (133558)_damaging,0.025719434120461022
2,C6 (729)_damaging,0.0
2,HCN1 (348980)_damaging,0.0
2,ITGA1 (3672)_damaging,0.0
2,DHX29 (54505)_damaging,0.014947549630212314
2,ZSWIM6 (57688)_damaging,0.0
2,PIK3R1 (5295)_damaging,0.05148106439061186
2,RAD17 (5884)_damaging,0.033238804013381064
2,BDP1 (55814)_damaging,0.0
2,MAP1B (4131)_damaging,0.0
2,ARHGEF28 (64283)_damaging,0.0
2,ANKRD31 (256006)_damaging,0.01632755674864992
2,IQGAP2 (10788)_damaging,0.0
2,AGGF1 (55109)_damaging,0.015328849234743425
2,AP3B1 (8546)_damaging,0.0
2,CMYA5 (202333)_damaging,0.04129899916847963
2,MSH3 (4437)_damaging,0.0
2,VCAN (1462)_damaging,0.0
2,RASA1 (5921)_damaging,0.08591741003267
2,ADGRV1 (84059)_damaging,0.0
2,KIAA0825 (285600)_damaging,0.03489513176898778
2,MCTP1 (79772)_damaging,0.03287303472277411
2,SKIC3 (9652)_damaging,0.0
2,ARSK (153642)_damaging,0.0
2,PCSK1 (5122)_damaging,0.0
2,CHD1 (1105)_damaging,0.0
2,SLCO6A1 (133482)_damaging,0.0
2,APC (324)_damaging,0.0
2,DMXL1 (1657)_damaging,0.054111034573926
2,CEP120 (153241)_damaging,0.0
2,ZNF608 (57507)_damaging,0.0
2,FBN2 (2201)_damaging,0.0
2,ADAMTS19 (171019)_damaging,0.0
2,FNIP1 (96459)_damaging,0.0
2,RAD50 (10111)_damaging,0.0
2,AFF4 (27125)_damaging,0.0
2,FSTL4 (23105)_damaging,0.0
2,PITX1 (5307)_damaging,0.10896877322421404
2,LINC02900 (340073)_damaging,0.0384745882409397
2,CTNNA1 (1495)_damaging,0.0
2,ANKHD1 (54882)_damaging,0.0
2,WDR55 (54853)_damaging,0.0
2,PCDHB6 (56130)_damaging,0.002080779437383298
2,ARAP3 (64411)_damaging,0.0
2,NR3C1 (2908)_damaging,0.0
2,TCERG1 (10915)_damaging,0.01232471598604276
2,FBXO38 (81545)_damaging,0.0
2,FAT2 (2196)_damaging,0.02985995769215946
2,GRIA1 (2890)_damaging,0.010022663228482916
2,LARP1 (23367)_damaging,0.0
2,GABRA6 (2559)_damaging,0.0
2,GABRG2 (2566)_damaging,0.0
2,SLIT3 (6586)_damaging,0.0
2,DOCK2 (1794)_damaging,0.0
2,NSD1 (64324)_damaging,0.0
2,ADAMTS2 (9509)_damaging,0.0
2,FLT4 (2324)_damaging,0.0
2,DSP (1832)_damaging,0.0
2,HIVEP1 (3096)_damaging,0.0
2,PHACTR1 (221692)_damaging,0.0
2,JARID2 (3720)_damaging,0.0
2,ATXN1 (6310)_damaging,0.005414427357344633
2,GABBR1 (2550)_damaging,0.04673331480104617
2,HLA-A (3105)_damaging,0.0
2,MDC1 (9656)_damaging,0.0
2,VARS2 (57176)_damaging,0.0
2,MUCL3 (135656)_damaging,0.0
2,HLA-C (3107)_damaging,0.011068631463790795
2,HLA-B (3106)_damaging,0.0
2,PRRC2A (7916)_damaging,0.0
2,BAG6 (7917)_damaging,0.009333467755308904
2,TNXB (7148)_damaging,0.0
2,NOTCH4 (4855)_damaging,0.0
2,HLA-DRB5 (3127)_damaging,0.020033732752764318
2,COL11A2 (1302)_damaging,0.0
2,RGL2 (5863)_damaging,0.0
2,ITPR3 (3710)_damaging,0.0
2,BLTP3A (54887)_damaging,0.0
2,DNAH8 (1769)_damaging,0.0
2,CCND3 (896)_damaging,0.014059976997464866
2,MRPS10 (55173)_damaging,0.0
2,PTK7 (5754)_damaging,0.0
2,ZNF318 (24149)_damaging,0.0
2,TDRD6 (221400)_damaging,0.0
2,MMUT (4594)_damaging,0.05880519180324064
2,PKHD1 (5314)_damaging,0.027994917877261685
2,FAM83B (222584)_damaging,0.0
2,COL21A1 (81578)_damaging,0.013466603759743853
2,DST (667)_damaging,0.0
2,PHF3 (23469)_damaging,0.0
2,EYS (346007)_damaging,0.0
2,ADGRB3 (577)_damaging,0.0
2,COL19A1 (1310)_damaging,0.0
2,COL9A1 (1297)_damaging,0.0
2,RIMS1 (22999)_damaging,0.0
2,CD109 (135228)_damaging,0.0
2,COL12A1 (1303)_damaging,0.0
2,CEP162 (22832)_damaging,0.0
2,SYNCRIP (10492)_damaging,0.025610301000007454
2,ZNF292 (23036)_damaging,0.0
2,MDN1 (23195)_damaging,0.0
2,CASP8AP2 (9994)_damaging,0.0
2,EPHA7 (2045)_damaging,0.0
2,MMS22L (253714)_damaging,0.0
2,PNISR (25957)_damaging,0.0
2,ASCC3 (10973)_damaging,0.0
2,SOBP (55084)_damaging,0.0
2,AK9 (221264)_damaging,0.0
2,LAMA4 (3910)_damaging,0.0
2,HDAC2 (3066)_damaging,0.0
2,ROS1 (6098)_damaging,0.0
2,TBC1D32 (221322)_damaging,0.0
2,TRDN (10345)_damaging,0.0
2,LAMA2 (3908)_damaging,0.0
2,AKAP7 (9465)_damaging,0.0
2,MED23 (9439)_damaging,0.0
2,ARFGEF3 (57221)_damaging,0.0
2,ECT2L (345930)_damaging,0.0
2,HECA (51696)_damaging,0.0
2,HIVEP2 (3097)_damaging,0.0
2,UTRN (7402)_damaging,0.0
2,SHPRH (257218)_damaging,0.019017591194653558
2,GRM1 (2911)_damaging,0.0
2,ADGB (79747)_damaging,0.0
2,STXBP5 (134957)_damaging,0.0
2,SYNE1 (23345)_damaging,0.0
2,SCAF8 (22828)_damaging,0.0
2,ARID1B (57492)_damaging,0.0
2,FNDC1 (84624)_damaging,0.0
2,IGF2R (3482)_damaging,0.0
2,LPA (4018)_damaging,0.0
2,QKI (9444)_damaging,0.007793804567371433
2,AFDN (4301)_damaging,0.0
2,CARD11 (84433)_damaging,0.0
2,TNRC18 (84629)_damaging,0.0
2,PMS2 (5395)_damaging,0.0
2,COL28A1 (340267)_damaging,0.0
2,THSD7A (221981)_damaging,0.0
2,VWDE (221806)_damaging,0.03209508495975611
2,DGKB (1607)_damaging,0.0
2,AHR (196)_damaging,0.0
2,HDAC9 (9734)_damaging,0.0
2,ABCB5 (340273)_damaging,0.06263012396181394
2,DNAH11 (8701)_damaging,0.011951885042292913
2,STK31 (56164)_damaging,0.0
2,CDK13 (8621)_damaging,0.0
2,GLI3 (2737)_damaging,0.0
2,HECW1 (23072)_damaging,0.0
2,AEBP1 (165)_damaging,0.0
2,PKD1L1 (168507)_damaging,0.0
2,ABCA13 (154664)_damaging,0.01067360418421073
2,FIGNL1 (63979)_damaging,0.0
2,DDC (1644)_damaging,0.0
2,AUTS2 (26053)_damaging,0.0
2,PTPN12 (5782)_damaging,0.0
2,MAGI2 (9863)_damaging,0.0
2,CD36 (948)_damaging,0.04233540489514452
2,PCLO (27445)_damaging,0.0
2,SEMA3E (9723)_damaging,0.0
2,ABCB1 (5243)_damaging,0.0
2,ZNF804B (219578)_damaging,0.0
2,AKAP9 (10142)_damaging,0.0
2,ANKIB1 (54467)_damaging,0.0
2,SAMD9 (54809)_damaging,0.0
2,SAMD9L (219285)_damaging,0.0
2,CALCR (799)_damaging,0.0
2,COL1A2 (1278)_damaging,0.0
2,TRRAP (8295)_damaging,0.0
2,GIGYF1 (64599)_damaging,0.0
2,ZAN (7455)_damaging,0.03838449811042885
2,MUC12 (10071)_damaging,0.0
2,MUC17 (140453)_damaging,0.0026229732472685956
2,PLOD3 (8985)_damaging,0.0
2,CUX1 (1523)_damaging,0.0
2,FBXL13 (222235)_damaging,0.0
2,SLC26A5 (375611)_damaging,0.0
2,RELN (5649)_damaging,0.0
2,KMT2E (55904)_damaging,0.0
2,PIK3CG (5294)_damaging,0.0
2,LAMB4 (22798)_damaging,0.0
2,PPP1R3A (5506)_damaging,0.05345394440403231
2,CFTR (1080)_damaging,0.0
2,CTTNBP2 (83992)_damaging,0.0
2,WNT16 (51384)_damaging,0.0
2,PTPRZ1 (5803)_damaging,0.0
2,CADPS2 (93664)_damaging,0.029046608057355667
2,GRM8 (2918)_damaging,0.0
2,FLNC (2318)_damaging,0.0
2,KCP (375616)_damaging,0.0
2,PLXNA4 (91584)_damaging,0.013008021909549443
2,NUP205 (23165)_damaging,0.0
2,TRIM24 (8805)_damaging,0.0
2,KIAA1549 (57670)_damaging,0.0
2,MGAM (8972)_damaging,0.0
2,MGAM2 (93432)_damaging,0.0
2,EPHB6 (2051)_damaging,0.0
2,KEL (3792)_damaging,0.0
2,NOBOX (135935)_damaging,0.0
2,CNTNAP2 (26047)_damaging,0.0
2,KCNH2 (3757)_damaging,0.0
2,NOS3 (4846)_damaging,0.0
2,KMT2C (58508)_damaging,0.0
2,UBE3C (9690)_damaging,0.0
2,PTPRN2 (5799)_damaging,0.0
2,CSMD1 (64478)_damaging,0.0
2,PRAG1 (157285)_damaging,0.0
2,RP1L1 (94137)_damaging,0.0
2,TRMT9B (57604)_damaging,0.0
2,DLC1 (10395)_damaging,0.0
2,PSD3 (23362)_damaging,0.0
2,DMTN (2039)_damaging,0.0429509330715735
2,DOCK5 (80005)_damaging,0.0
2,NUGGC (389643)_damaging,0.0
2,TEX15 (56154)_damaging,0.0
2,WRN (7486)_damaging,0.0
2,UNC5D (137970)_damaging,0.014233612697726309
2,ADGRA2 (25960)_damaging,0.0
2,NSD3 (54904)_damaging,0.0
2,ANK1 (286)_damaging,0.0
2,PRKDC (5591)_damaging,0.0
2,PXDNL (137902)_damaging,0.0
2,ST18 (9705)_damaging,0.0
2,RB1CC1 (9821)_damaging,0.0
2,RP1 (6101)_damaging,0.0
2,CYP7A1 (1581)_damaging,0.0
2,CHD7 (55636)_damaging,0.0
2,ARFGEF1 (10565)_damaging,0.0
2,PREX2 (80243)_damaging,0.0
2,SULF1 (23213)_damaging,0.0
2,SLCO5A1 (81796)_damaging,0.0
2,EYA1 (2138)_damaging,0.0
2,TRPA1 (8989)_damaging,0.0
2,KCNB2 (9312)_damaging,0.0
2,ZFHX4 (79776)_damaging,0.0
2,WWP1 (11059)_damaging,0.0
2,NBN (4683)_damaging,0.0
2,ESRP1 (54845)_damaging,0.004765235030609085
2,VPS13B (157680)_damaging,0.007928257792204265
2,RGS22 (26166)_damaging,0.0
2,UBR5 (51366)_damaging,0.0
2,RIMS2 (9699)_damaging,0.0
2,ZFPM2 (23414)_damaging,0.0
2,PKHD1L1 (93035)_damaging,0.03055218396594076
2,CSMD3 (114788)_damaging,0.0
2,TRPS1 (7227)_damaging,0.0
2,COL14A1 (7373)_damaging,0.0
2,FER1L6 (654463)_damaging,0.0
2,ASAP1 (50807)_damaging,0.0
2,ADCY8 (114)_damaging,0.0
2,EFR3A (23167)_damaging,0.0
2,OC90 (729330)_damaging,0.0
2,KCNQ3 (3786)_damaging,0.0
2,PHF20L1 (51105)_damaging,0.01344111098177601
2,TG (7038)_damaging,0.0
2,COL22A1 (169044)_damaging,0.043901414070868165
2,EPPK1 (83481)_damaging,0.0
2,PLEC (5339)_damaging,0.05030740621151558
2,PARP10 (84875)_damaging,0.005191264841265885
2,CPSF1 (29894)_damaging,0.018763852688153587
2,DOCK8 (81704)_damaging,0.0
2,SMARCA2 (6595)_damaging,0.0
2,BRD10 (158358)_damaging,0.0
2,PTPRD (5789)_damaging,0.0
2,MPDZ (8777)_damaging,0.05534258576204875
2,FREM1 (158326)_damaging,0.01869724690403323
2,CCDC171 (203238)_damaging,0.0
2,CNTLN (54875)_damaging,0.0
2,DENND4C (55667)_damaging,0.0
2,CDKN2A (1029)_damaging,0.0
2,TAF1L (138474)_damaging,0.015451833263994342
2,SPATA31G1 (138724)_damaging,0.0
2,FANCG (2189)_damaging,0.0369825649497744
2,PIGO (84720)_damaging,0.010713605795852184
2,UNC13B (10497)_damaging,0.0
2,RUSC2 (9853)_damaging,0.0
2,SPAG8 (26206)_damaging,0.0
2,SMC5 (23137)_damaging,0.0
2,TMC1 (117531)_damaging,0.0
2,TRPM6 (140803)_damaging,0.010068004718310276
2,PCSK5 (5125)_damaging,0.0
2,PRUNE2 (158471)_damaging,0.03258921665570241
2,VPS13A (23230)_damaging,0.0
2,TLE4 (7091)_damaging,0.06744024827113135
2,SPATA31D1 (389763)_damaging,0.0
2,SLC28A3 (64078)_damaging,0.0
2,ROR2 (4920)_damaging,0.0
2,NOL8 (55035)_damaging,0.0
2,WNK2 (65268)_damaging,0.0
2,PHF2 (5253)_damaging,0.0
2,PTCH1 (5727)_damaging,0.0
2,SMC2 (10592)_damaging,0.0
2,ABCA1 (19)_damaging,0.0
2,ELP1 (8518)_damaging,0.029829871686303692
2,TMEM245 (23731)_damaging,0.0
2,PALM2AKAP2 (445815)_damaging,0.0
2,SVEP1 (79987)_damaging,0.0
2,FKBP15 (23307)_damaging,0.0
2,COL27A1 (85301)_damaging,0.04638390843286557
2,PAPPA (5069)_damaging,0.06261129155938423
2,C5 (727)_damaging,0.0
2,CNTRL (11064)_damaging,0.0
2,DENND1A (57706)_damaging,0.0
2,GOLGA2 (2801)_damaging,0.0
2,SPTAN1 (6709)_damaging,0.0025323452970522123
2,HMCN2 (256158)_damaging,0.0
2,FUBP3 (8939)_damaging,0.0
2,NUP214 (8021)_damaging,0.0
2,PRRC2B (84726)_damaging,0.0
2,UCK1 (83549)_damaging,0.016410298641082822
2,SETX (23064)_damaging,0.0
2,TTF1 (7270)_damaging,0.0
2,TSC1 (7248)_damaging,0.0
2,ADAMTS13 (11093)_damaging,0.0
2,ADAMTSL2 (9719)_damaging,0.0
2,BRD3 (8019)_damaging,0.0
2,WDR5 (11091)_damaging,0.0
2,COL5A1 (1289)_damaging,0.0
2,CAMSAP1 (157922)_damaging,0.0
2,SEC16A (9919)_damaging,0.0
2,NOTCH1 (4851)_damaging,0.006437168808424567
2,ABCA2 (20)_damaging,0.0
2,CACNA1B (774)_damaging,0.0
2,PPP2R3B (28227)_damaging,0.0
2,MXRA5 (25878)_damaging,0.0
2,SHROOM2 (357)_damaging,0.0
2,WWC3 (55841)_damaging,0.0
2,FRMPD4 (9758)_damaging,0.0
2,NHS (4810)_damaging,0.0
2,MAP3K15 (389840)_damaging,0.010791359759520915
2,DMD (1756)_damaging,0.01323333901088118
2,CFAP47 (286464)_damaging,0.00258214174756505
2,BCOR (54880)_damaging,0.0
2,USP9X (8239)_damaging,0.04626572947983782
2,DDX3X (1654)_damaging,0.0391479880794246
2,KDM6A (7403)_damaging,0.011206294697876902
2,RBM10 (8241)_damaging,0.07981932132370739
2,TFE3 (7030)_damaging,0.0
2,CCNB3 (85417)_damaging,0.013553989465501591
2,SHROOM4 (57477)_damaging,0.0
2,KDM5C (8242)_damaging,0.0
2,IQSEC2 (23096)_damaging,0.0
2,HUWE1 (10075)_damaging,0.0
2,WNK3 (65267)_damaging,0.0
2,AMER1 (139285)_damaging,0.0
2,OPHN1 (4983)_damaging,0.0
2,KIF4A (24137)_damaging,0.0
2,MED12 (9968)_damaging,0.030115614731959447
2,ZMYM3 (9203)_damaging,0.056001703348957724
2,PHKA1 (5255)_damaging,0.0021858133517814035
2,NEXMIF (340533)_damaging,0.0
2,ATRX (546)_damaging,0.0
2,BRWD3 (254065)_damaging,0.0
2,ZNF711 (7552)_damaging,0.0
2,DIAPH2 (1730)_damaging,0.0
2,PCDH19 (57526)_damaging,0.0
2,RAB40A (142684)_damaging,0.0
2,NRK (203447)_damaging,0.0
2,COL4A6 (1288)_damaging,0.0
2,COL4A5 (1287)_damaging,0.04062464141730768
2,TRPC5 (7224)_damaging,0.0
2,DOCK11 (139818)_damaging,0.0
2,STAG2 (10735)_damaging,0.011963480683179198
2,TENM1 (10178)_damaging,0.0
2,BCORL1 (63035)_damaging,0.0
2,USP26 (83844)_damaging,0.0
2,SAGE1 (55511)_damaging,0.0
2,MAP7D3 (79649)_damaging,0.0
2,ADGRG4 (139378)_damaging,0.0
2,MAGEC1 (9947)_damaging,0.0
2,SPANXN4 (441525)_damaging,0.0
2,SLITRK2 (84631)_damaging,0.0
2,AFF2 (2334)_damaging,0.0
2,PASD1 (139135)_damaging,0.0
2,PLXNA3 (55558)_damaging,0.0
2,F8 (2157)_damaging,0.0
2,MT-ND4 (4538)_damaging,0.0
2,MT-ND5 (4540)_damaging,0.0
3,MTOR (2475)_hotspot,0.0043651206741214055
3,NRAS (4893)_hotspot,0.0850872523441983
3,PTEN (5728)_hotspot,0.0
3,HRAS (3265)_hotspot,0.0
3,ATM (472)_hotspot,0.0
3,KRAS (3845)_hotspot,0.055048349812802704
3,ERBB3 (2065)_hotspot,0.0
3,BRCA2 (675)_hotspot,0.0
3,RB1 (5925)_hotspot,0.018371217159065176
3,CREBBP (1387)_hotspot,0.0
3,TP53 (7157)_hotspot,9.740430683429864e-05
3,NF1 (4763)_hotspot,0.0
3,ERBB2 (2064)_hotspot,0.0
3,SMAD4 (4089)_hotspot,0.0
3,STK11 (6794)_hotspot,0.0
3,SMARCA4 (6597)_hotspot,0.0
3,C2orf81 (388963)_hotspot,0.10193350195517802
3,NFE2L2 (4780)_hotspot,0.02856874601508969
3,VHL (7428)_hotspot,0.0
3,CTNNB1 (1499)_hotspot,0.0
3,RHOA (387)_hotspot,0.08390449165397387
3,PIK3CA (5290)_hotspot,0.0
3,FBXW7 (55294)_hotspot,0.0
3,TERT (7015)_hotspot,0.0
3,PIK3R1 (5295)_hotspot,0.0
3,APC (324)_hotspot,0.0
3,RAC1 (5879)_hotspot,0.0
3,EGFR (1956)_hotspot,0.0
3,BRAF (673)_hotspot,0.06854466058028093
3,EZH2 (2146)_hotspot,0.035271293089686025
3,CDKN2A (1029)_hotspot,0.03373870955587077
3,AGRN (375790)_damaging,0.03756035553581767
3,MXRA8 (54587)_damaging,0.0
3,MEGF6 (1953)_damaging,0.0
3,CHD5 (26038)_damaging,0.0
3,RPL22 (6146)_damaging,0.0039071309444683715
3,SLC45A1 (50651)_damaging,0.0
3,RERE (473)_damaging,0.0
3,EXOSC10 (5394)_damaging,0.0
3,VPS13D (55187)_damaging,0.0
3,SPEN (23013)_damaging,0.0
3,UBR4 (23352)_damaging,0.03468266987783614
3,HSPG2 (3339)_damaging,0.0
3,ID3 (3399)_damaging,0.1719518618665071
3,ELOA (6924)_damaging,0.0
3,ARID1A (8289)_damaging,0.05436850745255461
3,WDTC1 (23038)_damaging,0.0
3,AHDC1 (27245)_damaging,0.0
3,PTPRU (10076)_damaging,0.0
3,COL16A1 (1307)_damaging,0.0
3,CSMD2 (114784)_damaging,0.0
3,ZMYM4 (9202)_damaging,0.0
3,CLSPN (63967)_damaging,0.0
3,AGO1 (26523)_damaging,0.0
3,MAP7D1 (55700)_damaging,0.0
3,MACF1 (23499)_damaging,0.05613265679453889
3,SZT2 (23334)_damaging,0.0
3,ZSWIM5 (57643)_damaging,0.015356599418590888
3,MUTYH (4595)_damaging,0.0
3,MAST2 (23139)_damaging,0.0
3,FAAH (2166)_damaging,0.027014796548479894
3,TAL1 (6886)_damaging,0.018376485053199144
3,TUT4 (23318)_damaging,0.0
3,NFIA (4774)_damaging,0.0
3,PATJ (10207)_damaging,0.0
3,DOCK7 (85440)_damaging,0.0
3,LEPR (3953)_damaging,0.0
3,LRRC7 (57554)_damaging,0.0
3,ERICH3 (127254)_damaging,0.04850456607003632
3,MSH4 (4438)_damaging,0.0
3,ADGRL4 (64123)_damaging,0.10788932783919096
3,ADGRL2 (23266)_damaging,0.0
3,COL24A1 (255631)_damaging,0.0
3,HFM1 (164045)_damaging,0.0
3,BTBD8 (284697)_damaging,0.04723311072398665
3,RPL5 (6125)_damaging,0.0915396316491653
3,COL11A1 (1301)_damaging,0.0
3,DENND2C (163259)_damaging,0.0
3,SYCP1 (6847)_damaging,0.0
3,SPAG17 (200162)_damaging,0.0
3,NOTCH2 (4853)_damaging,0.0
3,BCL9 (607)_damaging,0.018818303936521317
3,ZNF687 (57592)_damaging,0.0
3,FLG (2312)_damaging,0.0
3,CCDST (112268240)_damaging,0.0
3,UBAP2L (9898)_damaging,0.0
3,SHC1 (6464)_damaging,0.0
3,ASH1L (55870)_damaging,0.0
3,GON4L (54856)_damaging,0.0
3,IQGAP3 (128239)_damaging,0.0
3,INSRR (3645)_damaging,0.0
3,FCRL5 (83416)_damaging,0.0
3,SPTA1 (6708)_damaging,0.02011163584657418
3,ARHGAP30 (257106)_damaging,0.008510249250680063
3,GPR161 (23432)_damaging,0.0
3,F5 (2153)_damaging,0.0
3,TNR (7143)_damaging,0.0
3,PAPPA2 (60676)_damaging,0.0
3,ABL2 (27)_damaging,0.053622679824285466
3,AXDND1 (126859)_damaging,0.018135738454766577
3,TDRD5 (163589)_damaging,0.0
3,CEP350 (9857)_damaging,0.0
3,CACNA1E (777)_damaging,0.0
3,RGL1 (23179)_damaging,0.0
3,HMCN1 (83872)_damaging,0.0
3,TPR (7175)_damaging,0.06218517185171691
3,KCNT2 (343450)_damaging,0.0
3,ASPM (259266)_damaging,0.005773119487499117
3,PTPRC (5788)_damaging,0.0
3,CAMSAP2 (23271)_damaging,0.0
3,CACNA1S (779)_damaging,0.02218393547315064
3,IGFN1 (91156)_damaging,0.041327016459747894
3,NAV1 (89796)_damaging,0.0
3,ATP2B4 (493)_damaging,0.0
3,PLEKHA6 (22874)_damaging,0.0
3,PIK3C2B (5287)_damaging,0.0
3,NFASC (23114)_damaging,0.0
3,CR2 (1380)_damaging,0.014530757755993022
3,PLXNA2 (5362)_damaging,0.0
3,PTPN14 (5784)_damaging,0.0
3,CENPF (1063)_damaging,0.0
3,USH2A (7399)_damaging,0.0
3,DNAH14 (127602)_damaging,0.0
3,CDC42BPA (8476)_damaging,0.010772644149416912
3,OBSCN (84033)_damaging,0.0
3,H3-4 (8290)_damaging,0.0
3,SIPA1L2 (57568)_damaging,0.03496699089190891
3,PCNX2 (80003)_damaging,0.0
3,MAP3K21 (84451)_damaging,0.0007265641778365603
3,ARID4B (51742)_damaging,0.0
3,LYST (1130)_damaging,0.0
3,RYR2 (6262)_damaging,0.0
3,CHRM3 (1131)_damaging,0.0
3,FMN2 (56776)_damaging,0.034606371420259546
3,SDCCAG8 (10806)_damaging,0.0
3,KIF26B (55083)_damaging,0.0
3,NLRP3 (114548)_damaging,0.003336929857729985
3,LARP4B (23185)_damaging,0.0
3,PITRM1 (10531)_damaging,0.10834676094237951
3,FRMD4A (55691)_damaging,0.0
3,CUBN (8029)_damaging,0.07085975942296284
3,MRC1 (4360)_damaging,0.0
3,MALRD1 (340895)_damaging,0.0
3,PLXDC2 (84898)_damaging,0.0
3,ARMC3 (219681)_damaging,0.0
3,GPR158 (57512)_damaging,0.0
3,MYO3A (53904)_damaging,0.0
3,ANKRD26 (22852)_damaging,0.0
3,ODAD2 (55130)_damaging,0.0
3,SVIL (6840)_damaging,0.0
3,JCAD (57608)_damaging,0.0
3,KIF5B (3799)_damaging,0.021541620693002028
3,CCDC7 (79741)_damaging,0.0
3,ANKRD30A (91074)_damaging,0.024208613150303333
3,WDFY4 (57705)_damaging,0.0
3,PCDH15 (65217)_damaging,0.03177118207731954
3,ANK3 (288)_damaging,0.0
3,ARID5B (84159)_damaging,0.011838761994200447
3,JMJD1C (221037)_damaging,0.0
3,DNA2 (1763)_damaging,0.0
3,CDH23 (64072)_damaging,0.0
3,DLG5 (9231)_damaging,0.0
3,ZMIZ1 (57178)_damaging,0.0
3,PTEN (5728)_damaging,0.03554385011332203
3,KIF20B (9585)_damaging,0.0
3,CC2D2B (387707)_damaging,0.026640715980504878
3,ZNF518A (9849)_damaging,0.0
3,LCOR (84458)_damaging,0.05457251431834086
3,SLIT1 (6585)_damaging,0.0
3,PPRC1 (23082)_damaging,0.00749973033920197
3,CNNM2 (54805)_damaging,0.0
3,PDCD11 (22984)_damaging,0.03539832748380435
3,SLK (9748)_damaging,0.0
3,SORCS3 (22986)_damaging,0.0
3,SORCS1 (114815)_damaging,0.0
3,SMC3 (9126)_damaging,0.035606118526069305
3,TCF7L2 (6934)_damaging,0.0
3,ATRNL1 (26033)_damaging,0.0
3,TACC2 (10579)_damaging,0.0
3,DMBT1 (1755)_damaging,0.0
3,MKI67 (4288)_damaging,0.04657947016112195
3,JAKMIP3 (282973)_damaging,0.011917349358463796
3,CFAP46 (54777)_damaging,0.0
3,B4GALNT4 (338707)_damaging,0.0
3,PKP3 (11187)_damaging,0.0
3,MUC5AC (4586)_damaging,0.0
3,MUC5B (727897)_damaging,0.0
3,BRSK2 (9024)_damaging,0.0
3,KCNQ1 (3784)_damaging,0.0
3,NUP98 (4928)_damaging,0.0
3,DNHD1 (144132)_damaging,0.0
3,DCHS1 (8642)_damaging,0.0
3,IPO7 (10527)_damaging,0.0
3,SBF2 (81846)_damaging,0.015910145587603067
3,PLEKHA7 (144100)_damaging,0.012146447181552765
3,PIK3C2A (5286)_damaging,0.0
3,ABCC8 (6833)_damaging,0.016284589155985397
3,OTOG (340990)_damaging,0.0
3,NAV2 (89797)_damaging,0.0
3,ANO5 (203859)_damaging,0.0
3,DCDC1 (341019)_damaging,0.0
3,CCDC73 (493860)_damaging,0.0
3,KIAA1549L (25758)_damaging,0.0
3,LRP4 (4038)_damaging,0.07684794725964887
3,FOLH1 (2346)_damaging,0.0
3,OR4P4 (81300)_damaging,0.0
3,CTNND1 (1500)_damaging,0.0
3,DTX4 (23220)_damaging,0.0
3,AHNAK (79026)_damaging,0.0
3,SLC3A2 (6520)_damaging,0.0
3,PCNX3 (399909)_damaging,0.00047661032391849644
3,SHANK2 (22941)_damaging,0.008351151621524671
3,NUMA1 (4926)_damaging,0.0
3,INPPL1 (3636)_damaging,0.0
3,C2CD3 (26005)_damaging,0.0
3,MYO7A (4647)_damaging,0.04715634888493178
3,TENM4 (26011)_damaging,0.0
3,PCF11 (51585)_damaging,0.0
3,DLG2 (1740)_damaging,0.08991068282497026
3,SYTL2 (54843)_damaging,0.0
3,FAT3 (120114)_damaging,0.0
3,CNTN5 (53942)_damaging,0.0
3,CEP126 (57562)_damaging,0.03251358746861464
3,MMP3 (4314)_damaging,0.0
3,DYNC2H1 (79659)_damaging,0.0
3,NPAT (4863)_damaging,0.0
3,ATM (472)_damaging,0.021334907761371577
3,EXPH5 (23086)_damaging,0.0
3,NKAPD1 (55216)_damaging,0.0
3,NCAM1 (4684)_damaging,0.03413692936619367
3,USP28 (57646)_damaging,0.0
3,DSCAML1 (57453)_damaging,0.0
3,KMT2A (4297)_damaging,0.0
3,BCL9L (283149)_damaging,0.0
3,ARHGEF12 (23365)_damaging,0.0
3,TECTA (7007)_damaging,0.0
3,SORL1 (6653)_damaging,0.0
3,JHY (79864)_damaging,0.027249538296944223
3,IGSF9B (22997)_damaging,0.0
3,LINC02714 (729305)_damaging,0.0
3,KDM5A (5927)_damaging,0.0
3,WNK1 (65125)_damaging,0.0
3,CACNA1C (775)_damaging,0.003890492407729024
3,VWF (7450)_damaging,0.0
3,NCAPD2 (9918)_damaging,0.0
3,A2M (2)_damaging,0.0
3,GRIN2B (2904)_damaging,0.0
3,ATF7IP (55729)_damaging,0.0
3,GUCY2C (2984)_damaging,0.004910080140347758
3,RECQL (5965)_damaging,0.029323498462295886
3,ABCC9 (10060)_damaging,0.0
3,C2CD5 (9847)_damaging,0.0
3,ITPR2 (3709)_damaging,0.00546985247096451
3,OVCH1 (341350)_damaging,0.0
3,KIF21A (55605)_damaging,0.0
3,LRRK2 (120892)_damaging,0.0
3,MUC19 (283463)_damaging,0.06327416973295362
3,CNTN1 (1272)_damaging,0.0
3,ADAMTS20 (80070)_damaging,0.0
3,ARID2 (196528)_damaging,0.0
3,COL2A1 (1280)_damaging,0.0
3,WNT1 (7471)_damaging,0.0
3,KMT2D (8085)_damaging,0.0
3,PRPF40B (25766)_damaging,0.0
3,NCKAP5L (57701)_damaging,0.07656147554887698
3,DIP2B (57609)_damaging,0.0
3,MAP3K12 (7786)_damaging,0.024808884113969268
3,PAN2 (9924)_damaging,0.0
3,LRP1 (4035)_damaging,0.0
3,GLI1 (2735)_damaging,0.0
3,MBD6 (114785)_damaging,0.0
3,LRIG3 (121227)_damaging,0.0
3,PTPRB (5787)_damaging,0.09234302384232052
3,ZFC3H1 (196441)_damaging,0.0
3,E2F7 (144455)_damaging,0.010405928170060523
3,NAV3 (89795)_damaging,0.0
3,OTOGL (283310)_damaging,0.0
3,PTPRQ (374462)_damaging,0.0
3,PPFIA2 (8499)_damaging,0.0
3,LRRIQ1 (84125)_damaging,0.0
3,CEP290 (80184)_damaging,0.0
3,PLXNC1 (10154)_damaging,0.0
3,CFAP54 (144535)_damaging,0.0
3,BLTP3B (23074)_damaging,0.0
3,UTP20 (27340)_damaging,0.0
3,STAB2 (55576)_damaging,0.0
3,HCFC2 (29915)_damaging,0.0
3,ALDH1L2 (160428)_damaging,0.0
3,ACACB (32)_damaging,0.0076465070717441595
3,MVK (4598)_damaging,0.0
3,CUX2 (23316)_damaging,0.0
3,HECTD4 (283450)_damaging,0.0
3,DTX1 (1840)_damaging,0.026690507870192663
3,CIT (11113)_damaging,0.0
3,HNF1A (6927)_damaging,0.0
3,KDM2B (84678)_damaging,0.0
3,SETD1B (23067)_damaging,0.0
3,CFAP251 (144406)_damaging,0.0
3,KNTC1 (9735)_damaging,0.0
3,SBNO1 (55206)_damaging,0.0
3,DNAH10 (196385)_damaging,0.0
3,NCOR2 (9612)_damaging,0.0
3,TMEM132D (121256)_damaging,0.0
3,EP400 (57634)_damaging,0.0
3,POLE (5426)_damaging,0.0
3,XPO4 (64328)_damaging,0.0
3,SACS (26278)_damaging,0.0
3,ATP8A2 (51761)_damaging,0.0
3,FRY (10129)_damaging,0.0142373925186939
3,BRCA2 (675)_damaging,0.0
3,PDS5B (23047)_damaging,0.10210002961976881
3,NBEA (26960)_damaging,0.0
3,FREM2 (341640)_damaging,0.0
3,DGKH (160851)_damaging,0.050102670232104005
3,ZC3H13 (23091)_damaging,0.0
3,RB1 (5925)_damaging,0.08530672227379815
3,KLHL1 (57626)_damaging,0.0
3,DACH1 (1602)_damaging,0.0
3,DIS3 (22894)_damaging,0.05143752413755174
3,TBC1D4 (9882)_damaging,0.0
3,MYCBP2 (23077)_damaging,0.0
3,NALCN (259232)_damaging,0.01161217760902509
3,CCDC168 (643677)_damaging,0.0
3,MYO16 (23026)_damaging,0.008060105571451348
3,COL4A2 (1284)_damaging,0.023994995275445206
3,TEP1 (7011)_damaging,0.0
3,CHD8 (57680)_damaging,0.013016930074701187
3,AJUBA (84962)_damaging,0.012607850259349396
3,CARMIL3 (90668)_damaging,0.0
3,NYNRIN (57523)_damaging,0.0
3,AKAP6 (9472)_damaging,0.0
3,NPAS3 (64067)_damaging,0.0
3,RALGAPA1 (253959)_damaging,0.0
3,TTC6 (319089)_damaging,0.0
3,MIA2 (4253)_damaging,0.0
3,FANCM (57697)_damaging,0.0038382459056612375
3,MDGA2 (161357)_damaging,0.0
3,NIN (51199)_damaging,0.0
3,NID2 (22795)_damaging,0.027773712326656607
3,KTN1 (3895)_damaging,0.0
3,ARID4A (5926)_damaging,0.0
3,HIF1A (3091)_damaging,0.010742940021906323
3,SYNE2 (23224)_damaging,0.07256665344695308
3,PCNX1 (22990)_damaging,0.0
3,MIDEAS (91748)_damaging,0.0
3,YLPM1 (56252)_damaging,0.0
3,MLH3 (27030)_damaging,0.051781344053886014
3,NRXN3 (9369)_damaging,0.0
3,CEP128 (145508)_damaging,0.0
3,GALC (2581)_damaging,0.0
3,EML5 (161436)_damaging,0.0
3,TRIP11 (9321)_damaging,0.0
3,UNC79 (57578)_damaging,0.0
3,ATG2B (55102)_damaging,0.0
3,RTL1 (388015)_damaging,0.0
3,DYNC1H1 (1778)_damaging,0.0
3,KIF26A (26153)_damaging,0.0
3,INF2 (64423)_damaging,0.0
3,AHNAK2 (113146)_damaging,0.057226704278472366
3,MTA1 (9112)_damaging,0.0
3,HERC2 (8924)_damaging,0.0
3,TRPM1 (4308)_damaging,0.0
3,FMN1 (342184)_damaging,0.0
3,RYR3 (6263)_damaging,0.0
3,KNL1 (57082)_damaging,0.0
3,TYRO3 (7301)_damaging,0.007609620311754698
3,MGA (23269)_damaging,0.0
3,SPTBN5 (51332)_damaging,0.03571907088307162
3,ZNF106 (64397)_damaging,0.00477915631049933
3,STARD9 (57519)_damaging,0.02839796174523722
3,TP53BP1 (7158)_damaging,7.85394281315245e-05
3,MAP1A (4130)_damaging,0.020031487448211385
3,SPG11 (80208)_damaging,0.0
3,B2M (567)_damaging,0.0
3,DUOX2 (50506)_damaging,0.0
3,SLC12A1 (6557)_damaging,0.0
3,FBN1 (2200)_damaging,0.0
3,TRPM7 (54822)_damaging,0.0
3,DMXL2 (23312)_damaging,0.0
3,MYO5C (55930)_damaging,0.0
3,UNC13C (440279)_damaging,0.0
3,RFX7 (64864)_damaging,0.0
3,RNF111 (54778)_damaging,0.011506037204705437
3,ICE2 (79664)_damaging,0.0
3,VPS13C (54832)_damaging,0.0
3,TLN2 (83660)_damaging,0.0
3,HERC1 (8925)_damaging,0.0
3,ZNF609 (23060)_damaging,0.0
3,MYO9A (4649)_damaging,0.0
3,HCN4 (10021)_damaging,0.0
3,ARID3B (10620)_damaging,0.0
3,SIN3A (25942)_damaging,0.03930339393081969
3,PEAK1 (79834)_damaging,0.0027654548301260197
3,AP3B2 (8120)_damaging,0.0
3,ADAMTSL3 (57188)_damaging,0.0
3,AKAP13 (11214)_damaging,0.03975973339165209
3,AGBL1 (123624)_damaging,0.0
3,TICRR (90381)_damaging,0.0
3,KIF7 (374654)_damaging,0.08961573653324863
3,IQGAP1 (8826)_damaging,0.0
3,BLM (641)_damaging,0.0
3,FES (2242)_damaging,0.07264258466607292
3,CHD2 (1106)_damaging,0.0
3,LRRK1 (79705)_damaging,0.0
3,UNKL (64718)_damaging,0.0
3,CRAMP1 (57585)_damaging,0.0
3,TSC2 (7249)_damaging,0.0
3,PKD1 (5310)_damaging,0.04595267388264893
3,CASKIN1 (57524)_damaging,0.0
3,SLX4 (84464)_damaging,0.0
3,CREBBP (1387)_damaging,0.09887948678014304
3,CORO7 (79585)_damaging,0.0
3,SEC14L5 (9717)_damaging,0.0
3,GRIN2A (2903)_damaging,0.0
3,KNOP1 (400506)_damaging,0.01669524064361942
3,DNAH3 (55567)_damaging,0.0032958516842192045
3,PALB2 (79728)_damaging,0.0
3,RBBP6 (5930)_damaging,0.0
3,TNRC6A (27327)_damaging,0.031422777732720474
3,ARHGAP17 (55114)_damaging,0.011505157100821811
3,GTF3C1 (2975)_damaging,0.01834970928052072
3,ATXN2L (11273)_damaging,0.0
3,SRCAP (10847)_damaging,0.0
3,SETD1A (9739)_damaging,0.0
3,ITGAD (3681)_damaging,0.007040200732625636
3,SALL1 (6299)_damaging,0.0
3,NLRC5 (84166)_damaging,0.01933783287493598
3,CNOT1 (23019)_damaging,0.012747873786072558
3,CDH8 (1006)_damaging,0.0
3,CTCF (10664)_damaging,0.0814049040158939
3,CDH1 (999)_damaging,0.0
3,DHX38 (9785)_damaging,0.0
3,ZFHX3 (463)_damaging,0.0
3,CNTNAP4 (85445)_damaging,0.0
3,PKD1L2 (114780)_damaging,0.0
3,GSE1 (23199)_damaging,0.0
3,ZNF469 (84627)_damaging,0.0
3,ZC3H18 (124245)_damaging,0.0
3,LINC02138 (400558)_damaging,0.0
3,ANKRD11 (29123)_damaging,0.0
3,VPS9D1 (9605)_damaging,0.0
3,FANCA (2175)_damaging,0.0
3,WDR81 (124997)_damaging,0.0
3,SPATA22 (84690)_damaging,0.0
3,ZZEF1 (23140)_damaging,0.0
3,USP6 (9098)_damaging,0.0
3,TP53 (7157)_damaging,0.5583724756515229
3,DNAH2 (146754)_damaging,0.13491921193180975
3,KDM6B (23135)_damaging,0.0
3,CHD3 (1107)_damaging,0.0
3,ALOX12B (242)_damaging,0.0
3,PER1 (5187)_damaging,0.0
3,MYH13 (8735)_damaging,0.0
3,MYH8 (4626)_damaging,0.0
3,MYH1 (4619)_damaging,0.0
3,MYH2 (4620)_damaging,0.0
3,DNAH9 (1770)_damaging,0.0
3,NCOR1 (9611)_damaging,0.020022742574082143
3,FLCN (201163)_damaging,0.0
3,MYO15A (51168)_damaging,0.0
3,TOP3A (7156)_damaging,0.0
3,BLTP2 (9703)_damaging,0.0
3,MYO18A (399687)_damaging,0.0
3,EFCAB5 (374786)_damaging,0.0
3,CPD (1362)_damaging,0.0
3,NF1 (4763)_damaging,0.029702084990273325
3,SLFN11 (91607)_damaging,0.0
3,GGNBP2 (79893)_damaging,0.003987913394976205
3,ACACA (31)_damaging,0.0017222991527549
3,GPR179 (440435)_damaging,0.0
3,SRCIN1 (80725)_damaging,0.02006666967798895
3,TOP2A (7153)_damaging,0.0
3,STAT5B (6777)_damaging,0.0
3,PLEKHH3 (79990)_damaging,0.0
3,BRCA1 (672)_damaging,0.0
3,ITGA2B (3674)_damaging,0.0
3,PLEKHM1 (9842)_damaging,0.0
3,COL1A1 (1277)_damaging,0.035721081123470694
3,TSPOAP1 (9256)_damaging,0.016785086814084145
3,RNF43 (54894)_damaging,0.0
3,BRIP1 (83990)_damaging,0.0
3,MED13 (9969)_damaging,0.0
3,SCN4A (6329)_damaging,0.0
3,GNA13 (10672)_damaging,0.0
3,AXIN2 (8313)_damaging,0.0
3,NOL11 (25926)_damaging,0.0
3,BPTF (2186)_damaging,0.04532410946203909
3,ABCA8 (10351)_damaging,0.0
3,ABCA9 (10350)_damaging,0.010049587295635615
3,ABCA6 (23460)_damaging,0.0
3,ABCA10 (10349)_damaging,0.0
3,ABCA5 (23461)_damaging,0.0
3,SOX9 (6662)_damaging,0.017237203624713305
3,SDK2 (54549)_damaging,0.0
3,TMEM94 (9772)_damaging,0.0
3,CASKIN2 (57513)_damaging,0.0
3,MYO15B (80022)_damaging,0.0
3,ITGB4 (3691)_damaging,0.0
3,SPHK1 (8877)_damaging,0.0
3,TNRC6C (57690)_damaging,0.0
3,DNAH17 (8632)_damaging,0.0
3,CCDC40 (55036)_damaging,0.0
3,RPTOR (57521)_damaging,0.0
3,BAHCC1 (57597)_damaging,0.0
3,FASN (2194)_damaging,0.0
3,SMCHD1 (23347)_damaging,0.0
3,EPB41L3 (23136)_damaging,0.0
3,LAMA1 (284217)_damaging,0.0
3,PTPRM (5797)_damaging,0.0
3,PIEZO2 (63895)_damaging,0.007381546920052143
3,ANKRD30B (374860)_damaging,0.0
3,ROCK1 (6093)_damaging,0.0
3,LAMA3 (3909)_damaging,0.0
3,ZNF521 (25925)_damaging,0.0
3,CCDC178 (374864)_damaging,0.0
3,ASXL3 (80816)_damaging,0.0
3,FHOD3 (80206)_damaging,0.0
3,SETBP1 (26040)_damaging,0.0
3,EPG5 (57724)_damaging,0.034259510669252445
3,SKOR2 (652991)_damaging,0.0
3,ZBTB7C (201501)_damaging,0.0
3,SMAD4 (4089)_damaging,0.15726192745173861
3,DCC (1630)_damaging,0.0011322088528672894
3,ALPK2 (115701)_damaging,0.0
3,DSEL (92126)_damaging,0.0
3,RTTN (25914)_damaging,0.0
3,CBLN2 (147381)_damaging,0.0
3,ZNF236 (7776)_damaging,0.0
3,SALL3 (27164)_damaging,0.0
3,ATP9B (374868)_damaging,0.0
3,KCNG2 (26251)_damaging,0.0
3,ABCA7 (10347)_damaging,0.0
3,STK11 (6794)_damaging,0.03809297510879322
3,DAZAP1 (26528)_damaging,0.0
3,AP3D1 (8943)_damaging,0.08886506838609061
3,ZBTB7A (51341)_damaging,0.027379612737739735
3,KDM4B (23030)_damaging,0.014160256753889627
3,PTPRS (5802)_damaging,0.028961245755091437
3,CAMSAP3 (57662)_damaging,0.0
3,FBN3 (84467)_damaging,0.0
3,MUC16 (94025)_damaging,0.0
3,COL5A3 (50509)_damaging,0.03443502377545344
3,KEAP1 (9817)_damaging,0.042651926377095875
3,DNM2 (1785)_damaging,0.03420728465869824
3,SMARCA4 (6597)_damaging,0.04388859290434347
3,CACNA1A (773)_damaging,0.06277166765327753
3,NOTCH3 (4854)_damaging,0.010998019946296202
3,NWD1 (284434)_damaging,0.0
3,CPAMD8 (27151)_damaging,0.002620788156564902
3,ZNF208 (7757)_damaging,0.0
3,ZNF729 (100287226)_damaging,0.0
3,ZNF91 (7644)_damaging,0.0
3,ZNF536 (9745)_damaging,0.004221778668819549
3,TSHZ3 (57616)_damaging,0.0
3,KMT2B (9757)_damaging,0.0
3,ARHGAP33 (115703)_damaging,0.0
3,WDR87 (83889)_damaging,0.0
3,RYR1 (6261)_damaging,0.0
3,CAPN12 (147968)_damaging,0.06452531139357003
3,FCGBP (8857)_damaging,0.0
3,PRX (57716)_damaging,0.0
3,SPTBN4 (57731)_damaging,0.0
3,LTBP4 (8425)_damaging,0.0
3,AXL (558)_damaging,0.0
3,ARHGEF1 (9138)_damaging,0.008276466091174923
3,ERF (2077)_damaging,0.0
3,CIC (23152)_damaging,0.0
3,MEGF8 (1954)_damaging,0.0
3,MARK4 (57787)_damaging,0.0
3,ARHGAP35 (2909)_damaging,0.0
3,BICRA (29998)_damaging,0.0
3,LMTK3 (114783)_damaging,0.0
3,TRPM4 (54795)_damaging,0.0
3,TEAD2 (8463)_damaging,0.0
3,PRR12 (57479)_damaging,0.0
3,SCAF1 (58506)_damaging,0.0
3,POLD1 (5424)_damaging,0.0
3,SHANK1 (50944)_damaging,0.0
3,NLRP7 (199713)_damaging,0.11466146623832237
3,BRSK1 (84446)_damaging,0.0
3,NLRP4 (147945)_damaging,0.031706720303392215
3,PEG3 (5178)_damaging,0.0
3,ROCK2 (9475)_damaging,0.0
3,GREB1 (9687)_damaging,0.0
3,NBAS (51594)_damaging,0.027366624352000223
3,RAD51AP2 (729475)_damaging,0.0
3,APOB (338)_damaging,0.0
3,TDRD15 (100129278)_damaging,0.005705000014546919
3,ATAD2B (54454)_damaging,0.0
3,ITSN2 (50618)_damaging,0.0
3,DNMT3A (1788)_damaging,0.0
3,OTOF (9381)_damaging,0.007935451651928008
3,EMILIN1 (11117)_damaging,0.0
3,CAD (790)_damaging,0.0
3,SPATA31H1 (84226)_damaging,0.005680878335203402
3,ALK (238)_damaging,0.0
3,BIRC6 (57448)_damaging,0.0
3,LTBP1 (4052)_damaging,0.06773991834585508
3,HEATR5B (54497)_damaging,0.0
3,ZFP36L2 (678)_damaging,0.039547578811141335
3,THADA (63892)_damaging,0.03240515523151641
3,MSH2 (4436)_damaging,0.0
3,MSH6 (2956)_damaging,0.0
3,NRXN1 (9378)_damaging,0.02706758201877007
3,EML6 (400954)_damaging,0.0
3,CCDC88A (55704)_damaging,0.0405056881901605
3,USP34 (9736)_damaging,0.04421282791714417
3,ZNF638 (27332)_damaging,0.0
3,DYSF (8291)_damaging,0.0
3,ALMS1 (7840)_damaging,0.0
3,CTNNA2 (1496)_damaging,0.03924132563357234
3,DNAH6 (1768)_damaging,0.023650942323220767
3,VWA3B (200403)_damaging,0.0
3,CRACDL (343990)_damaging,0.0
3,EIF5B (9669)_damaging,0.0
3,DPP10 (57628)_damaging,0.0
3,MARCO (8685)_damaging,0.0
3,CLASP1 (23332)_damaging,0.0
3,CNTNAP5 (129684)_damaging,0.0
3,WDR33 (55339)_damaging,0.0
3,ARHGEF4 (50649)_damaging,0.03937544820227376
3,NCKAP5 (344148)_damaging,0.0
3,THSD7B (80731)_damaging,0.0
3,LRP1B (53353)_damaging,0.028065698194739284
3,ZEB2 (9839)_damaging,0.0
3,ACVR2A (92)_damaging,0.0
3,KIF5C (3800)_damaging,0.08664939770785654
3,RIF1 (55183)_damaging,0.0
3,NEB (4703)_damaging,0.0
3,BAZ2B (29994)_damaging,0.0
3,LY75 (4065)_damaging,0.0
3,PLA2R1 (22925)_damaging,0.0
3,SLC4A10 (57282)_damaging,0.0
3,KCNH7 (90134)_damaging,0.0
3,FIGN (55137)_damaging,0.0
3,SCN3A (6328)_damaging,0.0
3,SCN2A (6326)_damaging,0.0
3,SCN1A (6323)_damaging,0.0
3,SCN9A (6335)_damaging,0.0
3,SCN7A (6332)_damaging,0.0
3,XIRP2 (129446)_damaging,0.00545192339769938
3,LRP2 (4036)_damaging,0.03176770717039111
3,PPIG (9360)_damaging,0.0
3,GPR155 (151556)_damaging,0.09612355127680285
3,TTN (7273)_damaging,0.0025109777394391186
3,CCDC141 (285025)_damaging,0.0
3,FSIP2 (401024)_damaging,0.0
3,COL3A1 (1281)_damaging,0.0
3,COL5A2 (1290)_damaging,0.0
3,DNAH7 (56171)_damaging,0.0
3,HECW2 (57520)_damaging,0.0
3,PLCL1 (5334)_damaging,0.01191192763627907
3,SGO2 (151246)_damaging,0.0
3,CASP8 (841)_damaging,0.0
3,ALS2 (57679)_damaging,0.021624944254374515
3,NBEAL1 (65065)_damaging,0.0
3,PARD3B (117583)_damaging,4.4262596328532966e-08
3,NRP2 (8828)_damaging,0.0
3,INO80D (54891)_damaging,0.016485939490669715
3,ZDBF2 (57683)_damaging,0.0
3,ADAM23 (8745)_damaging,0.0
3,MAP2 (4133)_damaging,0.0
3,UNC80 (285175)_damaging,0.037183245778199564
3,CPS1 (1373)_damaging,0.0
3,ERBB4 (2066)_damaging,0.0
3,ABCA12 (26154)_damaging,0.0
3,FN1 (2335)_damaging,0.006630772083357679
3,CFAP65 (255101)_damaging,0.0
3,SPEG (10290)_damaging,0.0
3,SLC4A3 (6508)_damaging,0.0
3,IRS1 (3667)_damaging,0.0
3,COL4A4 (1286)_damaging,0.0
3,SPHKAP (80309)_damaging,0.0
3,GIGYF2 (26058)_damaging,0.0
3,COL6A3 (1293)_damaging,0.0
3,HDAC4 (9759)_damaging,0.0
3,KIF1A (547)_damaging,0.0
3,TRIB3 (57761)_damaging,0.0
3,TGM6 (343641)_damaging,0.0
3,FASTKD5 (60493)_damaging,0.003672706851991687
3,PLCB4 (5332)_damaging,0.0
3,SEL1L2 (80343)_damaging,0.0
3,RRBP1 (6238)_damaging,0.0
3,RALGAPA2 (57186)_damaging,0.0
3,ASXL1 (171023)_damaging,0.0
3,NCOA6 (23054)_damaging,0.0
3,MYH7B (57644)_damaging,0.0
3,CEP250 (11190)_damaging,0.0
3,MTCL2 (140710)_damaging,0.0
3,SAMHD1 (25939)_damaging,0.0
3,LBP (3929)_damaging,0.0
3,CHD6 (84181)_damaging,0.0
3,PTPRT (11122)_damaging,0.0
3,DDX27 (55661)_damaging,0.0
3,ADNP (23394)_damaging,0.0
3,ZNF831 (128611)_damaging,0.0
3,SYCP2 (10388)_damaging,0.007223591805969459
3,LAMA5 (3911)_damaging,0.0533616468027836
3,COL20A1 (57642)_damaging,0.0
3,HELZ2 (85441)_damaging,0.07149704600357111
3,TPTE (7179)_damaging,0.0
3,NRIP1 (8204)_damaging,0.0
3,LTN1 (26046)_damaging,0.0
3,USP16 (10600)_damaging,0.0
3,SCAF4 (57466)_damaging,0.042090951235872386
3,ITSN1 (6453)_damaging,0.0
3,DOP1B (9980)_damaging,0.007228859756464405
3,BRWD1 (54014)_damaging,0.0
3,DSCAM (1826)_damaging,0.0
3,COL18A1 (80781)_damaging,0.0
3,COL6A1 (1291)_damaging,0.01957094099893166
3,PCNT (5116)_damaging,0.0
3,CECR2 (27443)_damaging,0.0
3,ZDHHC8 (29801)_damaging,0.0
3,LZTR1 (8216)_damaging,0.010946806004931607
3,MYO18B (84700)_damaging,0.0
3,CHEK2 (11200)_damaging,0.02611664272529177
3,NF2 (4771)_damaging,0.19165039486401392
3,MTMR3 (8897)_damaging,0.07025062790686398
3,DEPDC5 (9681)_damaging,0.0
3,MYH9 (4627)_damaging,0.026282476419071412
3,CSF2RB (1439)_damaging,0.10255927391485613
3,TRIOBP (11078)_damaging,0.0
3,CACNA1I (8911)_damaging,0.0
3,TNRC6B (23112)_damaging,0.0
3,EP300 (2033)_damaging,0.0
3,MEI1 (150365)_damaging,0.01662342926595246
3,TCF20 (6942)_damaging,0.0
3,SMC1B (27127)_damaging,0.0
3,PKDREJ (10343)_damaging,0.0
3,PLXNB2 (23654)_damaging,0.04620729040376714
3,PPP6R2 (9701)_damaging,0.007700814440985372
3,SBF1 (6305)_damaging,0.0
3,CHL1 (10752)_damaging,0.0
3,CNTN6 (27255)_damaging,0.0
3,CNTN4 (152330)_damaging,0.0
3,GRM7 (2917)_damaging,0.0
3,VHL (7428)_damaging,0.0
3,TGFBR2 (7048)_damaging,0.0
3,CLASP2 (23122)_damaging,0.0
3,TRANK1 (9881)_damaging,0.0
3,MLH1 (4292)_damaging,0.0
3,GOLGA4 (2803)_damaging,0.0
3,SCN11A (11280)_damaging,0.0
3,NKTR (4820)_damaging,0.0
3,KIF15 (56992)_damaging,0.0
3,SETD2 (29072)_damaging,0.0
3,PTPN23 (25930)_damaging,0.033560506195332615
3,PLXNB1 (5364)_damaging,0.0
3,COL7A1 (1294)_damaging,0.0
3,CELSR3 (1951)_damaging,0.0
3,LAMB2 (3913)_damaging,0.06113836188779588
3,RHOA (387)_damaging,0.0
3,BSN (8927)_damaging,0.0
3,RBM6 (10180)_damaging,0.0
3,DOCK3 (1795)_damaging,0.0
3,DNAH1 (25981)_damaging,0.0
3,BAP1 (8314)_damaging,0.0
3,STAB1 (23166)_damaging,0.0
3,PBRM1 (55193)_damaging,0.017759416894326856
3,DNAH12 (201625)_damaging,0.0
3,FLNB (2317)_damaging,0.0
3,PTPRG (5793)_damaging,0.07318843729860948
3,CADPS (8618)_damaging,0.028376107052794586
3,ATXN7 (6314)_damaging,0.0
3,ADAMTS9 (56999)_damaging,0.0
3,ROBO2 (6092)_damaging,0.010272334238264959
3,ROBO1 (6091)_damaging,0.0
3,EPHA3 (2042)_damaging,0.0
3,CRYBG3 (131544)_damaging,0.0
3,ABI3BP (25890)_damaging,0.0
3,MYH15 (22989)_damaging,0.0
3,DZIP3 (9666)_damaging,0.017450926825917416
3,ZBTB20 (26137)_damaging,0.0
3,CFAP91 (89876)_damaging,0.0
3,POLQ (10721)_damaging,0.0
3,GOLGB1 (2804)_damaging,0.0
3,KALRN (8997)_damaging,0.006163275040049966
3,COL6A5 (256076)_damaging,0.0
3,COL6A6 (131873)_damaging,0.0045791098470866695
3,DNAJC13 (23317)_damaging,0.0
3,TOPBP1 (11073)_damaging,0.0
3,XRN1 (54464)_damaging,0.0
3,ATR (545)_damaging,0.0
3,HPS3 (84343)_damaging,0.0
3,MED12L (116931)_damaging,0.03616882422714652
3,IGSF10 (285313)_damaging,0.0
3,ARHGEF26 (26084)_damaging,0.0
3,MME (4311)_damaging,0.0
3,PLCH1 (23007)_damaging,0.0
3,SI (6476)_damaging,0.0
3,MECOM (2122)_damaging,0.0
3,USP13 (8975)_damaging,0.07326842445725161
3,TTC14 (151613)_damaging,0.0
3,VWA5B2 (90113)_damaging,0.0
3,ATP13A5 (344905)_damaging,0.0008993304349577407
3,MUC4 (4585)_damaging,0.0
3,TNK2 (10188)_damaging,0.0
3,NSD2 (7468)_damaging,0.0
3,FAM193A (8603)_damaging,0.0
3,JAKMIP1 (152789)_damaging,0.0
3,UNC93B7 (100887746)_damaging,0.03932985692918976
3,CPEB2 (132864)_damaging,0.0
3,SLIT2 (9353)_damaging,0.0
3,PCDH7 (5099)_damaging,0.02935955651610251
3,ARAP2 (116984)_damaging,0.0
3,LIMCH1 (22998)_damaging,0.0
3,BEND4 (389206)_damaging,0.0
3,CORIN (10699)_damaging,0.0
3,FRYL (285527)_damaging,0.05375861514600615
3,KDR (3791)_damaging,0.0
3,POLR2B (5431)_damaging,0.0
3,ADGRL3 (23284)_damaging,0.024636613676012054
3,EPHA5 (2044)_damaging,0.0
3,CENPC (1060)_damaging,0.0
3,ADAMTS3 (9508)_damaging,0.02915668856383731
3,FRAS1 (80144)_damaging,0.029193637708893872
3,WDFY3 (23001)_damaging,0.0
3,PTPN13 (5783)_damaging,0.0
3,AFF1 (4299)_damaging,0.0
3,MMRN1 (22915)_damaging,0.0
3,GRID2 (2895)_damaging,0.0
3,SMARCAD1 (56916)_damaging,0.0
3,CENPE (1062)_damaging,0.0
3,TET2 (54790)_damaging,0.05190764658416907
3,COL25A1 (84570)_damaging,0.001715685322249529
3,ANK2 (287)_damaging,0.0
3,BLTP1 (84162)_damaging,0.0
3,FAT4 (79633)_damaging,0.0
3,PCDH10 (57575)_damaging,0.0
3,LRBA (987)_damaging,0.004293882265932702
3,FBXW7 (55294)_damaging,0.0
3,FHDC1 (85462)_damaging,0.0
3,DCHS2 (54798)_damaging,0.0
3,MAP9 (79884)_damaging,0.0
3,RXFP1 (59350)_damaging,0.0
3,RAPGEF2 (9693)_damaging,0.0
3,FSTL5 (56884)_damaging,0.0
3,WDR17 (116966)_damaging,0.0
3,TENM3 (55714)_damaging,0.0
3,WWC2 (80014)_damaging,0.0
3,FAT1 (2195)_damaging,0.0
3,SDHA (6389)_damaging,0.045006138114572394
3,SLC12A7 (10723)_damaging,0.0
3,TERT (7015)_damaging,0.0
3,ADAMTS16 (170690)_damaging,0.0
3,ICE1 (23379)_damaging,0.0
3,DNAH5 (1767)_damaging,0.0
3,TRIO (7204)_damaging,0.0
3,MYO10 (4651)_damaging,0.0
3,CDH18 (1016)_damaging,0.019841456657487044
3,CDH12 (1010)_damaging,0.0
3,PRDM9 (56979)_damaging,0.04958656244552907
3,CDH10 (1008)_damaging,0.0
3,PDZD2 (23037)_damaging,0.0
3,ADAMTS12 (81792)_damaging,0.0
3,SPEF2 (79925)_damaging,0.0
3,NIPBL (25836)_damaging,0.0
3,CPLANE1 (65250)_damaging,0.006908361284484293
3,C7 (730)_damaging,0.0
3,MROH2B (133558)_damaging,0.0
3,C6 (729)_damaging,0.0
3,HCN1 (348980)_damaging,0.0
3,ITGA1 (3672)_damaging,0.0
3,PIK3R1 (5295)_damaging,0.08346361939084815
3,RAD17 (5884)_damaging,0.0
3,BDP1 (55814)_damaging,0.0069144702830751265
3,MAP1B (4131)_damaging,0.0
3,ARHGEF28 (64283)_damaging,0.0
3,ANKRD31 (256006)_damaging,0.0
3,AP3B1 (8546)_damaging,0.0
3,CMYA5 (202333)_damaging,0.06505834796227913
3,MSH3 (4437)_damaging,0.0
3,VCAN (1462)_damaging,0.0
3,RASA1 (5921)_damaging,0.030815531482784174
3,ADGRV1 (84059)_damaging,0.0
3,KIAA0825 (285600)_damaging,0.0016405728650294672
3,ARSK (153642)_damaging,0.0
3,APC (324)_damaging,0.02960138120337307
3,DMXL1 (1657)_damaging,0.0067154531554724905
3,FBN2 (2201)_damaging,0.0
3,FNIP1 (96459)_damaging,0.0
3,RAD50 (10111)_damaging,0.011823922825561052
3,AFF4 (27125)_damaging,0.0
3,PITX1 (5307)_damaging,0.12005480419627931
3,LINC02900 (340073)_damaging,0.025250804890300703
3,CTNNA1 (1495)_damaging,0.07769292387365567
3,ANKHD1 (54882)_damaging,0.0
3,PCDHB4 (56131)_damaging,0.05325536955683732
3,PCDHB6 (56130)_damaging,0.0
3,TCERG1 (10915)_damaging,0.018237870629588163
3,FAT2 (2196)_damaging,0.0
3,GRIA1 (2890)_damaging,0.0030395945854277172
3,LARP1 (23367)_damaging,0.06406383730768321
3,GABRG2 (2566)_damaging,0.0
3,SLIT3 (6586)_damaging,0.0
3,DOCK2 (1794)_damaging,0.02923354587145375
3,NSD1 (64324)_damaging,0.0
3,FLT4 (2324)_damaging,0.038962143629637486
3,DSP (1832)_damaging,0.0
3,HIVEP1 (3096)_damaging,0.0
3,PHACTR1 (221692)_damaging,0.0
3,JARID2 (3720)_damaging,0.0
3,ATXN1 (6310)_damaging,0.004665449196195677
3,HLA-A (3105)_damaging,0.0
3,MDC1 (9656)_damaging,0.0
3,VARS2 (57176)_damaging,0.0
3,HLA-C (3107)_damaging,0.0
3,HLA-B (3106)_damaging,0.0
3,PRRC2A (7916)_damaging,0.0
3,TNXB (7148)_damaging,0.0
3,NOTCH4 (4855)_damaging,0.0
3,COL11A2 (1302)_damaging,0.0
3,ITPR3 (3710)_damaging,0.0
3,BLTP3A (54887)_damaging,0.0
3,DNAH8 (1769)_damaging,0.0
3,CCND3 (896)_damaging,0.0417294932884832
3,TDRD6 (221400)_damaging,0.0
3,PKHD1 (5314)_damaging,0.0
3,FAM83B (222584)_damaging,0.0
3,DST (667)_damaging,0.0
3,PHF3 (23469)_damaging,0.0
3,EYS (346007)_damaging,0.0
3,ADGRB3 (577)_damaging,0.0
3,COL19A1 (1310)_damaging,0.0
3,COL9A1 (1297)_damaging,0.0
3,RIMS1 (22999)_damaging,0.0
3,COL12A1 (1303)_damaging,0.0
3,TTK (7272)_damaging,0.04355150623273606
3,CEP162 (22832)_damaging,0.0
3,ZNF292 (23036)_damaging,0.0
3,MDN1 (23195)_damaging,0.0
3,CASP8AP2 (9994)_damaging,0.0
3,EPHA7 (2045)_damaging,0.05162450141284918
3,MMS22L (253714)_damaging,0.0
3,PNISR (25957)_damaging,0.0
3,ASCC3 (10973)_damaging,0.0
3,AK9 (221264)_damaging,0.0
3,REV3L (5980)_damaging,0.0
3,HDAC2 (3066)_damaging,0.0
3,ROS1 (6098)_damaging,0.0
3,TBC1D32 (221322)_damaging,0.0
3,TRDN (10345)_damaging,0.0
3,LAMA2 (3908)_damaging,0.0
3,MED23 (9439)_damaging,0.0
3,TNFAIP3 (7128)_damaging,0.0
3,ARFGEF3 (57221)_damaging,0.0
3,ECT2L (345930)_damaging,0.0
3,HIVEP2 (3097)_damaging,0.0
3,UTRN (7402)_damaging,0.0
3,SHPRH (257218)_damaging,0.0
3,ADGB (79747)_damaging,0.0
3,SYNE1 (23345)_damaging,0.0
3,SCAF8 (22828)_damaging,0.0
3,ARID1B (57492)_damaging,0.0
3,FNDC1 (84624)_damaging,0.0
3,IGF2R (3482)_damaging,0.0
3,LPA (4018)_damaging,0.0
3,MAP3K4 (4216)_damaging,0.004683775183935188
3,QKI (9444)_damaging,0.0527134709769673
3,AFDN (4301)_damaging,0.0
3,CARD11 (84433)_damaging,0.0
3,TNRC18 (84629)_damaging,0.0362260336382935
3,PMS2 (5395)_damaging,0.0
3,THSD7A (221981)_damaging,0.0
3,VWDE (221806)_damaging,0.0
3,DGKB (1607)_damaging,0.0
3,AHR (196)_damaging,0.0
3,ABCB5 (340273)_damaging,0.068686294438624
3,DNAH11 (8701)_damaging,0.0
3,CDK13 (8621)_damaging,0.0
3,HECW1 (23072)_damaging,0.0
3,AEBP1 (165)_damaging,0.018871071361703254
3,PKD1L1 (168507)_damaging,0.0
3,ABCA13 (154664)_damaging,0.0
3,DDC (1644)_damaging,0.0
3,ZNF722 (100419780)_damaging,0.0
3,MAGI2 (9863)_damaging,0.0
3,CD36 (948)_damaging,0.0440429246610582
3,PCLO (27445)_damaging,0.0
3,ABCB4 (5244)_damaging,0.0
3,ZNF804B (219578)_damaging,0.0
3,AKAP9 (10142)_damaging,0.0
3,ANKIB1 (54467)_damaging,0.0
3,SAMD9 (54809)_damaging,0.0
3,SAMD9L (219285)_damaging,0.0
3,CALCR (799)_damaging,0.0
3,COL1A2 (1278)_damaging,0.0
3,TRRAP (8295)_damaging,0.0
3,MUC12 (10071)_damaging,0.0
3,MUC17 (140453)_damaging,0.08364630035384592
3,PLOD3 (8985)_damaging,0.0
3,CUX1 (1523)_damaging,0.0
3,RELN (5649)_damaging,0.0
3,KMT2E (55904)_damaging,0.0
3,PIK3CG (5294)_damaging,0.0
3,LAMB4 (22798)_damaging,0.0
3,DOCK4 (9732)_damaging,0.0
3,PPP1R3A (5506)_damaging,0.0
3,CFTR (1080)_damaging,0.0
3,CTTNBP2 (83992)_damaging,0.0
3,PTPRZ1 (5803)_damaging,0.06265152750910538
3,POT1 (25913)_damaging,0.0
3,GRM8 (2918)_damaging,0.0
3,FLNC (2318)_damaging,0.0
3,KCP (375616)_damaging,0.0
3,PLXNA4 (91584)_damaging,0.045325330066631656
3,NUP205 (23165)_damaging,0.013894760207023616
3,TRIM24 (8805)_damaging,0.0
3,KIAA1549 (57670)_damaging,0.0
3,MGAM (8972)_damaging,0.0
3,MGAM2 (93432)_damaging,0.0
3,EPHB6 (2051)_damaging,0.0
3,KEL (3792)_damaging,0.0
3,FAM131B (9715)_damaging,0.0
3,NOBOX (135935)_damaging,0.0
3,CNTNAP2 (26047)_damaging,0.0
3,NOS3 (4846)_damaging,0.0
3,KMT2C (58508)_damaging,0.0
3,DPP6 (1804)_damaging,0.0
3,UBE3C (9690)_damaging,0.0
3,PTPRN2 (5799)_damaging,0.0
3,MYOM2 (9172)_damaging,0.0
3,CSMD1 (64478)_damaging,0.0
3,RP1L1 (94137)_damaging,0.0
3,TRMT9B (57604)_damaging,0.0
3,DOCK5 (80005)_damaging,0.0
3,NUGGC (389643)_damaging,0.0
3,TEX15 (56154)_damaging,0.0
3,WRN (7486)_damaging,0.0
3,UNC5D (137970)_damaging,0.0
3,ADGRA2 (25960)_damaging,0.0
3,NSD3 (54904)_damaging,0.0
3,ANK1 (286)_damaging,0.0
3,PRKDC (5591)_damaging,0.0
3,PXDNL (137902)_damaging,0.0
3,ST18 (9705)_damaging,0.0
3,RB1CC1 (9821)_damaging,0.0
3,RP1 (6101)_damaging,0.0
3,CYP7A1 (1581)_damaging,0.0
3,ARFGEF1 (10565)_damaging,0.0
3,PREX2 (80243)_damaging,0.0
3,SULF1 (23213)_damaging,0.0
3,SLCO5A1 (81796)_damaging,0.0
3,TRPA1 (8989)_damaging,0.0
3,KCNB2 (9312)_damaging,0.0
3,ZFHX4 (79776)_damaging,0.0
3,WWP1 (11059)_damaging,0.0
3,NBN (4683)_damaging,0.0
3,ESRP1 (54845)_damaging,0.008301414449414643
3,VPS13B (157680)_damaging,0.0
3,RGS22 (26166)_damaging,0.0
3,UBR5 (51366)_damaging,0.0
3,RIMS2 (9699)_damaging,0.0
3,ZFPM2 (23414)_damaging,0.0
3,PKHD1L1 (93035)_damaging,0.057644815833592045
3,CSMD3 (114788)_damaging,0.0
3,TRPS1 (7227)_damaging,0.0
3,COL14A1 (7373)_damaging,0.0
3,FER1L6 (654463)_damaging,0.002251947220458655
3,EFR3A (23167)_damaging,0.0
3,KCNQ3 (3786)_damaging,0.0
3,PHF20L1 (51105)_damaging,0.14753339662367465
3,COL22A1 (169044)_damaging,0.04975140168858081
3,ADGRB1 (575)_damaging,0.0
3,EPPK1 (83481)_damaging,0.0
3,PLEC (5339)_damaging,0.011356565773907744
3,PARP10 (84875)_damaging,0.0
3,KIFC2 (90990)_damaging,0.0
3,DOCK8 (81704)_damaging,0.0
3,SMARCA2 (6595)_damaging,0.0
3,PTPRD (5789)_damaging,0.0
3,MPDZ (8777)_damaging,0.03670980597247028
3,FREM1 (158326)_damaging,0.0
3,DENND4C (55667)_damaging,0.0
3,CDKN2A (1029)_damaging,0.0
3,TAF1L (138474)_damaging,0.0
3,FANCG (2189)_damaging,0.09984046331822995
3,PIGO (84720)_damaging,0.0
3,UNC13B (10497)_damaging,0.0
3,GBA2 (57704)_damaging,0.0
3,SPAG8 (26206)_damaging,0.03536427443124756
3,TMC1 (117531)_damaging,0.0
3,TRPM6 (140803)_damaging,0.0
3,PCSK5 (5125)_damaging,0.0
3,PRUNE2 (158471)_damaging,0.0
3,VPS13A (23230)_damaging,0.0
3,KIF27 (55582)_damaging,0.0034193225984974983
3,ROR2 (4920)_damaging,0.03757205062090377
3,WNK2 (65268)_damaging,0.0
3,PTCH1 (5727)_damaging,0.0
3,COL15A1 (1306)_damaging,0.00018815696350774728
3,TMEM245 (23731)_damaging,0.0
3,PALM2AKAP2 (445815)_damaging,0.0
3,SVEP1 (79987)_damaging,0.0
3,FKBP15 (23307)_damaging,0.0
3,COL27A1 (85301)_damaging,0.04684281889804043
3,C5 (727)_damaging,0.0
3,CNTRL (11064)_damaging,0.0
3,DENND1A (57706)_damaging,0.028918944560542278
3,SPTAN1 (6709)_damaging,0.0
3,HMCN2 (256158)_damaging,0.0
3,NUP214 (8021)_damaging,0.014819123510399166
3,PRRC2B (84726)_damaging,0.0
3,UCK1 (83549)_damaging,0.0
3,SETX (23064)_damaging,0.005074022601604989
3,TTF1 (7270)_damaging,0.0
3,ADAMTS13 (11093)_damaging,0.0
3,ADAMTSL2 (9719)_damaging,0.0
3,BRD3 (8019)_damaging,0.0
3,COL5A1 (1289)_damaging,0.0
3,CAMSAP1 (157922)_damaging,0.033346805527853435
3,NOTCH1 (4851)_damaging,0.0
3,ABCA2 (20)_damaging,0.0
3,EXD3 (54932)_damaging,0.0
3,MXRA5 (25878)_damaging,0.01129069480320455
3,WWC3 (55841)_damaging,0.001546880724440172
3,NHS (4810)_damaging,0.0
3,MAP3K15 (389840)_damaging,0.03523859354676878
3,DMD (1756)_damaging,0.017661378036405065
3,CFAP47 (286464)_damaging,0.0
3,RPGR (6103)_damaging,0.0
3,BCOR (54880)_damaging,0.002851051267466347
3,USP9X (8239)_damaging,0.08745247982598106
3,DDX3X (1654)_damaging,0.0
3,KDM6A (7403)_damaging,0.06050518590793879
3,RBM10 (8241)_damaging,0.0
3,TFE3 (7030)_damaging,0.0
3,CACNA1F (778)_damaging,0.01763574116475962
3,CCNB3 (85417)_damaging,0.01713552077689937
3,KDM5C (8242)_damaging,0.0
3,IQSEC2 (23096)_damaging,0.0
3,HUWE1 (10075)_damaging,0.0
3,WNK3 (65267)_damaging,0.0
3,AMER1 (139285)_damaging,0.016856634193849154
3,MED12 (9968)_damaging,0.039305520615791865
3,ZMYM3 (9203)_damaging,0.10660341449811127
3,ATRX (546)_damaging,0.0
3,ZNF711 (7552)_damaging,0.0
3,DIAPH2 (1730)_damaging,0.0
3,PCDH19 (57526)_damaging,0.0
3,RAB40A (142684)_damaging,0.0
3,NRK (203447)_damaging,0.0
3,COL4A6 (1288)_damaging,0.0
3,COL4A5 (1287)_damaging,0.018897813619568722
3,GUCY2F (2986)_damaging,0.0
3,DOCK11 (139818)_damaging,0.0
3,STAG2 (10735)_damaging,0.002535814762272966
3,TENM1 (10178)_damaging,0.0
3,SMARCA1 (6594)_damaging,0.0
3,BCORL1 (63035)_damaging,0.0
3,USP26 (83844)_damaging,0.0
3,MAP7D3 (79649)_damaging,0.0
3,ADGRG4 (139378)_damaging,0.0
3,SPANXN4 (441525)_damaging,0.0
3,SLITRK2 (84631)_damaging,0.0
3,FMR1 (2332)_damaging,0.0
3,AFF2 (2334)_damaging,0.0
3,PLXNA3 (55558)_damaging,0.0
3,F8 (2157)_damaging,0.0
3,MT-ND4 (4538)_damaging,0.0
3,MT-ND5 (4540)_damaging,0.0
4,MTOR (2475)_hotspot,0.0027845742208001344
4,NRAS (4893)_hotspot,0.07558377588492288
4,PTEN (5728)_hotspot,0.0
4,HRAS (3265)_hotspot,0.0
4,ATM (472)_hotspot,0.0
4,KRAS (3845)_hotspot,0.09529448878717846
4,ERBB3 (2065)_hotspot,0.0009334075212912273
4,RB1 (5925)_hotspot,0.0
4,CREBBP (1387)_hotspot,0.0
4,TP53 (7157)_hotspot,0.031212428659051286
4,NF1 (4763)_hotspot,0.0
4,ERBB2 (2064)_hotspot,0.0
4,SMAD4 (4089)_hotspot,0.005993924029687201
4,STK11 (6794)_hotspot,0.0
4,SMARCA4 (6597)_hotspot,0.0
4,C2orf81 (388963)_hotspot,0.005063109424059252
4,NFE2L2 (4780)_hotspot,0.03533091646741159
4,CTNNB1 (1499)_hotspot,0.0
4,RHOA (387)_hotspot,0.0
4,PIK3CA (5290)_hotspot,0.0
4,FBXW7 (55294)_hotspot,0.0
4,TERT (7015)_hotspot,0.0
4,PIK3R1 (5295)_hotspot,0.0
4,APC (324)_hotspot,0.0
4,CCND3 (896)_hotspot,0.09390806016001457
4,RAC1 (5879)_hotspot,3.924182044799156e-05
4,BRAF (673)_hotspot,0.162519323238537
4,MYC (4609)_hotspot,0.03876761172269685
4,CDKN2A (1029)_hotspot,0.006284421466433836
4,AGRN (375790)_damaging,0.02986991292539945
4,MXRA8 (54587)_damaging,0.0
4,MEGF6 (1953)_damaging,0.0
4,CHD5 (26038)_damaging,0.0
4,RPL22 (6146)_damaging,0.021727772120664613
4,ERRFI1 (54206)_damaging,0.0
4,SLC45A1 (50651)_damaging,0.0
4,RERE (473)_damaging,0.0
4,EXOSC10 (5394)_damaging,0.0
4,VPS13D (55187)_damaging,0.0
4,FHAD1 (114827)_damaging,0.0
4,SPEN (23013)_damaging,0.0
4,EPHA2 (1969)_damaging,0.0
4,UBR4 (23352)_damaging,0.027154745605805688
4,HSPG2 (3339)_damaging,0.0067312723712100835
4,LUZP1 (7798)_damaging,0.0
4,ID3 (3399)_damaging,0.1571899724994231
4,ELOA (6924)_damaging,0.0
4,ARID1A (8289)_damaging,0.10987515027513735
4,WDTC1 (23038)_damaging,0.0
4,PTPRU (10076)_damaging,0.0
4,COL16A1 (1307)_damaging,0.0
4,CSMD2 (114784)_damaging,0.0
4,ZMYM6 (9204)_damaging,0.0
4,ZMYM1 (79830)_damaging,0.0
4,ZMYM4 (9202)_damaging,0.0
4,CLSPN (63967)_damaging,0.0
4,AGO1 (26523)_damaging,0.0
4,MAP7D1 (55700)_damaging,0.0
4,MACF1 (23499)_damaging,0.07470495553519706
4,HIVEP3 (59269)_damaging,0.0
4,TIE1 (7075)_damaging,0.0
4,SZT2 (23334)_damaging,0.0
4,PTCH2 (8643)_damaging,0.03806874886942615
4,MUTYH (4595)_damaging,0.0
4,MAST2 (23139)_damaging,0.0
4,PIK3R3 (8503)_damaging,0.0
4,TAL1 (6886)_damaging,0.0
4,TUT4 (23318)_damaging,0.0
4,FYB2 (199920)_damaging,0.0
4,NFIA (4774)_damaging,0.0
4,PATJ (10207)_damaging,0.0
4,DOCK7 (85440)_damaging,0.0
4,JAK1 (3716)_damaging,0.0
4,LEPR (3953)_damaging,0.0
4,LRRC7 (57554)_damaging,0.0
4,LRRIQ3 (127255)_damaging,0.0
4,ERICH3 (127254)_damaging,0.0
4,SLC44A5 (204962)_damaging,0.0
4,AK5 (26289)_damaging,0.05569737622096527
4,ADGRL4 (64123)_damaging,0.05954195910752455
4,ADGRL2 (23266)_damaging,0.022572490297151027
4,COL24A1 (255631)_damaging,0.0
4,HFM1 (164045)_damaging,0.0
4,BTBD8 (284697)_damaging,0.028621046683253947
4,RPL5 (6125)_damaging,0.08807051992073858
4,ABCA4 (24)_damaging,0.0
4,COL11A1 (1301)_damaging,0.0
4,EPS8L3 (79574)_damaging,0.0
4,CSDE1 (7812)_damaging,0.0
4,SYCP1 (6847)_damaging,0.0
4,CD58 (965)_damaging,0.006157121514829388
4,SPAG17 (200162)_damaging,0.0
4,NOTCH2 (4853)_damaging,0.0
4,BCL9 (607)_damaging,0.0
4,ADAMTSL4 (54507)_damaging,0.0
4,ZNF687 (57592)_damaging,0.0
4,FLG (2312)_damaging,0.0
4,CCDST (112268240)_damaging,0.0
4,FLG2 (388698)_damaging,0.016327225808399154
4,ASH1L (55870)_damaging,0.0
4,IQGAP3 (128239)_damaging,0.0
4,NES (10763)_damaging,0.0
4,INSRR (3645)_damaging,0.0
4,FCRL5 (83416)_damaging,0.0
4,SPTA1 (6708)_damaging,0.0020730586987720194
4,IGSF9 (57549)_damaging,0.0
4,ATP1A4 (480)_damaging,0.0
4,GPR161 (23432)_damaging,0.0
4,F5 (2153)_damaging,0.0
4,FIRRM (55732)_damaging,0.0
4,PRRC2C (23215)_damaging,0.0
4,SLC9C2 (284525)_damaging,0.0
4,TNR (7143)_damaging,0.0
4,PAPPA2 (60676)_damaging,0.0
4,RASAL2 (9462)_damaging,0.0
4,ABL2 (27)_damaging,0.0
4,AXDND1 (126859)_damaging,0.030989652229689676
4,TDRD5 (163589)_damaging,0.0
4,CEP350 (9857)_damaging,0.03235545117215819
4,CACNA1E (777)_damaging,0.02338894170490875
4,LAMC1 (3915)_damaging,0.0
4,RGL1 (23179)_damaging,0.0
4,HMCN1 (83872)_damaging,0.0
4,TPR (7175)_damaging,0.0
4,BRINP3 (339479)_damaging,0.0
4,CFH (3075)_damaging,0.0
4,ASPM (259266)_damaging,0.02980487040500369
4,PTPRC (5788)_damaging,0.05209697041333742
4,CAMSAP2 (23271)_damaging,0.0
4,CACNA1S (779)_damaging,0.02614673256367056
4,IGFN1 (91156)_damaging,0.05600335406395717
4,NAV1 (89796)_damaging,0.0
4,KDM5B (10765)_damaging,0.0
4,ATP2B4 (493)_damaging,0.0
4,PLEKHA6 (22874)_damaging,0.0
4,PIK3C2B (5287)_damaging,0.0
4,NFASC (23114)_damaging,0.0
4,CR2 (1380)_damaging,0.0
4,CR1 (1378)_damaging,0.0
4,PLXNA2 (5362)_damaging,0.0
4,PTPN14 (5784)_damaging,0.0
4,CENPF (1063)_damaging,0.0
4,USH2A (7399)_damaging,0.014409236424034974
4,DNAH14 (127602)_damaging,0.0
4,CDC42BPA (8476)_damaging,0.0
4,OBSCN (84033)_damaging,0.0
4,H3-4 (8290)_damaging,0.0
4,SIPA1L2 (57568)_damaging,0.0
4,PCNX2 (80003)_damaging,0.0
4,MAP3K21 (84451)_damaging,0.0
4,ARID4B (51742)_damaging,0.0
4,LYST (1130)_damaging,0.0
4,RYR2 (6262)_damaging,0.0
4,CHRM3 (1131)_damaging,0.0
4,FMN2 (56776)_damaging,0.0
4,KIF26B (55083)_damaging,0.0
4,AHCTF1 (25909)_damaging,0.0
4,NLRP3 (114548)_damaging,0.0
4,LARP4B (23185)_damaging,0.0
4,PITRM1 (10531)_damaging,0.07541398196051188
4,FRMD4A (55691)_damaging,0.0
4,ITGA8 (8516)_damaging,0.0
4,CUBN (8029)_damaging,0.042025799722309076
4,MRC1 (4360)_damaging,0.0
4,MALRD1 (340895)_damaging,0.0
4,MLLT10 (8028)_damaging,0.0
4,ARMC3 (219681)_damaging,0.0
4,ANKRD26 (22852)_damaging,0.0
4,SVIL (6840)_damaging,0.0
4,JCAD (57608)_damaging,0.0
4,KIF5B (3799)_damaging,0.0
4,CCDC7 (79741)_damaging,0.0
4,ANKRD30A (91074)_damaging,0.018962382275608283
4,RSU1P2 (100133308)_damaging,0.0
4,WDFY4 (57705)_damaging,0.0
4,C10orf71 (118461)_damaging,0.0
4,ERCC6 (2074)_damaging,0.0
4,PCDH15 (65217)_damaging,0.04077984470020169
4,ANK3 (288)_damaging,0.0
4,ARID5B (84159)_damaging,0.0
4,JMJD1C (221037)_damaging,0.0
4,CTNNA3 (29119)_damaging,0.0
4,CDH23 (64072)_damaging,0.0
4,ZMIZ1 (57178)_damaging,0.0
4,WAPL (23063)_damaging,0.0
4,PTEN (5728)_damaging,0.0
4,SLC16A12 (387700)_damaging,0.0
4,KIF20B (9585)_damaging,0.0
4,MYOF (26509)_damaging,0.0
4,PLCE1 (51196)_damaging,0.0
4,ZNF518A (9849)_damaging,0.0
4,LCOR (84458)_damaging,0.0
4,SLIT1 (6585)_damaging,0.0
4,PAX2 (5076)_damaging,0.0
4,SLF2 (55719)_damaging,0.0
4,PPRC1 (23082)_damaging,0.006895379723836801
4,NOLC1 (9221)_damaging,0.009384478889213668
4,PSD (5662)_damaging,0.0
4,CNNM2 (54805)_damaging,0.0
4,PDCD11 (22984)_damaging,0.019326673533774895
4,SH3PXD2A (9644)_damaging,0.0
4,SLK (9748)_damaging,0.0
4,SORCS3 (22986)_damaging,0.02654612938614629
4,SORCS1 (114815)_damaging,0.0
4,SMC3 (9126)_damaging,0.07126805059551207
4,TCF7L2 (6934)_damaging,0.0
4,ATRNL1 (26033)_damaging,0.0
4,PDZD8 (118987)_damaging,0.0
4,TACC2 (10579)_damaging,0.0
4,DMBT1 (1755)_damaging,0.0
4,DOCK1 (1793)_damaging,0.0
4,MKI67 (4288)_damaging,0.04675657879971015
4,JAKMIP3 (282973)_damaging,0.028924169120291714
4,CFAP46 (54777)_damaging,0.0
4,B4GALNT4 (338707)_damaging,0.0
4,PKP3 (11187)_damaging,0.0
4,PHRF1 (57661)_damaging,0.07600146742593189
4,MUC5AC (4586)_damaging,0.0
4,MUC5B (727897)_damaging,0.0
4,BRSK2 (9024)_damaging,0.0
4,KCNQ1 (3784)_damaging,0.0
4,NUP98 (4928)_damaging,0.0
4,DCHS1 (8642)_damaging,0.0
4,IPO7 (10527)_damaging,0.0
4,SBF2 (81846)_damaging,0.03308865231287198
4,MICAL2 (9645)_damaging,0.0
4,PLEKHA7 (144100)_damaging,0.0
4,ABCC8 (6833)_damaging,0.0
4,OTOG (340990)_damaging,0.0
4,HPS5 (11234)_damaging,0.0
4,NAV2 (89797)_damaging,0.0
4,ANO3 (63982)_damaging,0.0
4,DCDC1 (341019)_damaging,0.0008292511238285692
4,CCDC73 (493860)_damaging,0.0
4,QSER1 (79832)_damaging,0.0
4,CSTF3 (1479)_damaging,0.0
4,HIPK3 (10114)_damaging,0.03968142293943572
4,KIAA1549L (25758)_damaging,0.0
4,LRP4 (4038)_damaging,0.0
4,FOLH1 (2346)_damaging,0.0
4,OR4P4 (81300)_damaging,0.0
4,TNKS1BP1 (85456)_damaging,0.0016316431193352332
4,CTNND1 (1500)_damaging,0.0
4,DTX4 (23220)_damaging,0.02913619482119528
4,MYRF (745)_damaging,0.0
4,AHNAK (79026)_damaging,0.0
4,SLC3A2 (6520)_damaging,0.0
4,NRXN2 (9379)_damaging,0.0
4,MEN1 (4221)_damaging,0.0
4,ATG2A (23130)_damaging,0.0
4,PCNX3 (399909)_damaging,0.0011189822020822569
4,RIN1 (9610)_damaging,0.0
4,SHANK2 (22941)_damaging,0.005814347233165728
4,NUMA1 (4926)_damaging,0.0
4,INPPL1 (3636)_damaging,0.0
4,ARHGEF17 (9828)_damaging,0.0
4,C2CD3 (26005)_damaging,0.0
4,MYO7A (4647)_damaging,0.00892090168108498
4,RSF1 (51773)_damaging,0.0
4,TENM4 (26011)_damaging,0.0
4,PCF11 (51585)_damaging,0.0
4,DLG2 (1740)_damaging,0.03384787045343687
4,SYTL2 (54843)_damaging,0.0
4,FAT3 (120114)_damaging,0.0
4,CNTN5 (53942)_damaging,0.0
4,CEP126 (57562)_damaging,0.034495109487612786
4,MMP3 (4314)_damaging,0.0
4,MMP12 (4321)_damaging,0.0
4,DYNC2H1 (79659)_damaging,0.017818271527172812
4,GRIA4 (2893)_damaging,0.030194017161128735
4,NPAT (4863)_damaging,0.0
4,ATM (472)_damaging,0.0
4,EXPH5 (23086)_damaging,0.0
4,NKAPD1 (55216)_damaging,0.0
4,NCAM1 (4684)_damaging,0.0
4,USP28 (57646)_damaging,0.0
4,KMT2A (4297)_damaging,0.014188995793359927
4,BCL9L (283149)_damaging,0.029677949051132295
4,HYOU1 (10525)_damaging,0.0
4,MFRP (83552)_damaging,0.0
4,ARHGEF12 (23365)_damaging,0.0
4,TECTA (7007)_damaging,0.0
4,SORL1 (6653)_damaging,0.0
4,JHY (79864)_damaging,0.021427890915302353
4,ROBO3 (64221)_damaging,0.006188458638433014
4,CCDC15 (80071)_damaging,0.0
4,NFRKB (4798)_damaging,0.0
4,IGSF9B (22997)_damaging,0.0
4,GLB1L2 (89944)_damaging,0.0
4,LINC02714 (729305)_damaging,0.0
4,KDM5A (5927)_damaging,0.0
4,WNK1 (65125)_damaging,0.0
4,CACNA1C (775)_damaging,0.002516696538363585
4,VWF (7450)_damaging,0.0
4,PLEKHG6 (55200)_damaging,0.0
4,CHD4 (1108)_damaging,0.034537391309393525
4,ATN1 (1822)_damaging,0.0
4,A2ML1 (144568)_damaging,0.00102041476614586
4,A2M (2)_damaging,0.0
4,ATF7IP (55729)_damaging,0.0
4,GUCY2C (2984)_damaging,0.0
4,PIK3C2G (5288)_damaging,0.0
4,SLCO1B3 (28234)_damaging,0.03495794940600793
4,RECQL (5965)_damaging,0.0
4,ABCC9 (10060)_damaging,0.046618246846276655
4,ITPR2 (3709)_damaging,0.051810865140161776
4,OVCH1 (341350)_damaging,0.0
4,KIF21A (55605)_damaging,0.0
4,LRRK2 (120892)_damaging,0.0
4,MUC19 (283463)_damaging,0.12604498200963396
4,CNTN1 (1272)_damaging,0.0
4,ADAMTS20 (80070)_damaging,0.0
4,ARID2 (196528)_damaging,0.0
4,HDAC7 (51564)_damaging,0.0
4,COL2A1 (1280)_damaging,0.0
4,WNT1 (7471)_damaging,0.0
4,KMT2D (8085)_damaging,0.0
4,NCKAP5L (57701)_damaging,0.06118113651733124
4,SLC4A8 (9498)_damaging,0.0
4,TNS2 (23371)_damaging,0.0
4,MAP3K12 (7786)_damaging,0.020784155543431496
4,ERBB3 (2065)_damaging,0.020180543493637255
4,PAN2 (9924)_damaging,0.0
4,STAT2 (6773)_damaging,0.00951712537941056
4,NACA (4666)_damaging,0.030305602812714865
4,MYO1A (4640)_damaging,0.0
4,LRP1 (4035)_damaging,0.0
4,GLI1 (2735)_damaging,0.0
4,MBD6 (114785)_damaging,0.0
4,MYRFL (196446)_damaging,0.0
4,PTPRB (5787)_damaging,0.08744451458596413
4,ZFC3H1 (196441)_damaging,0.0
4,E2F7 (144455)_damaging,0.0
4,NAV3 (89795)_damaging,0.0
4,OTOGL (283310)_damaging,0.0
4,PTPRQ (374462)_damaging,0.0
4,PPFIA2 (8499)_damaging,0.0
4,LRRIQ1 (84125)_damaging,0.0
4,CEP290 (80184)_damaging,0.0
4,PLXNC1 (10154)_damaging,0.0
4,CFAP54 (144535)_damaging,0.0
4,ANKS1B (56899)_damaging,0.0
4,BLTP3B (23074)_damaging,0.0
4,UTP20 (27340)_damaging,0.0
4,STAB2 (55576)_damaging,0.0
4,ALDH1L2 (160428)_damaging,0.0
4,ACACB (32)_damaging,0.0
4,MVK (4598)_damaging,0.0
4,CUX2 (23316)_damaging,0.0
4,HECTD4 (283450)_damaging,0.0
4,DTX1 (1840)_damaging,0.0
4,NOS1 (4842)_damaging,0.0
4,CIT (11113)_damaging,0.0
4,HNF1A (6927)_damaging,0.0
4,KDM2B (84678)_damaging,0.0
4,SETD1B (23067)_damaging,0.0
4,KNTC1 (9735)_damaging,0.0
4,SBNO1 (55206)_damaging,0.0
4,DNAH10 (196385)_damaging,0.016491767207162722
4,NCOR2 (9612)_damaging,0.0
4,TMEM132D (121256)_damaging,0.0
4,RIMBP2 (23504)_damaging,0.06589413413642822
4,SFSWAP (6433)_damaging,0.0
4,EP400 (57634)_damaging,0.0
4,P2RX2 (22953)_damaging,0.0
4,POLE (5426)_damaging,0.0
4,GOLGA3 (2802)_damaging,0.0
4,SACS (26278)_damaging,0.0
4,RNF17 (56163)_damaging,0.020167084177767747
4,CENPJ (55835)_damaging,0.0
4,ATP8A2 (51761)_damaging,0.0
4,RXFP2 (122042)_damaging,0.01583021959479697
4,FRY (10129)_damaging,0.007662357605058946
4,BRCA2 (675)_damaging,0.0
4,PDS5B (23047)_damaging,0.08276757338062235
4,NBEA (26960)_damaging,0.0
4,FREM2 (341640)_damaging,0.0
4,DGKH (160851)_damaging,0.06634455171161184
4,ZC3H13 (23091)_damaging,0.0
4,RB1 (5925)_damaging,0.14876134719178627
4,PCDH17 (27253)_damaging,0.019869955920393114
4,DACH1 (1602)_damaging,0.0
4,DIS3 (22894)_damaging,0.07489913876743864
4,MYCBP2 (23077)_damaging,0.0
4,SLITRK5 (26050)_damaging,0.0
4,DOCK9 (23348)_damaging,0.0
4,NALCN (259232)_damaging,0.0
4,CCDC168 (643677)_damaging,0.0
4,MYO16 (23026)_damaging,0.015720518116032044
4,COL4A1 (1282)_damaging,0.0
4,COL4A2 (1284)_damaging,0.015356472814145844
4,OR4K5 (79317)_damaging,0.03582868847033747
4,TEP1 (7011)_damaging,0.0
4,ARHGEF40 (55701)_damaging,0.0
4,CHD8 (57680)_damaging,0.0196257989283019
4,AJUBA (84962)_damaging,0.06124507559346031
4,ACIN1 (22985)_damaging,0.0
4,MYH7 (4625)_damaging,0.01636874596046092
4,CARMIL3 (90668)_damaging,0.0
4,NYNRIN (57523)_damaging,0.0
4,HECTD1 (25831)_damaging,0.0
4,ARHGAP5 (394)_damaging,0.020337759030671528
4,AKAP6 (9472)_damaging,0.0
4,NPAS3 (64067)_damaging,0.0
4,RALGAPA1 (253959)_damaging,0.0
4,TTC6 (319089)_damaging,0.0
4,MIA2 (4253)_damaging,0.0
4,TOGARAM1 (23116)_damaging,0.02182952041476534
4,FANCM (57697)_damaging,0.0
4,NIN (51199)_damaging,0.0
4,NID2 (22795)_damaging,0.0
4,KTN1 (3895)_damaging,0.0
4,ARID4A (5926)_damaging,0.0
4,KCNH5 (27133)_damaging,0.0
4,SYNE2 (23224)_damaging,0.016361459176528644
4,PCNX1 (22990)_damaging,0.0
4,MIDEAS (91748)_damaging,0.0
4,YLPM1 (56252)_damaging,0.0
4,MLH3 (27030)_damaging,0.0
4,NRXN3 (9369)_damaging,0.0
4,CEP128 (145508)_damaging,0.0
4,PTPN21 (11099)_damaging,0.0
4,ZC3H14 (79882)_damaging,0.0
4,EML5 (161436)_damaging,0.0
4,TRIP11 (9321)_damaging,0.0
4,UNC79 (57578)_damaging,0.015097833509890746
4,ATG2B (55102)_damaging,0.0
4,RTL1 (388015)_damaging,0.0
4,DYNC1H1 (1778)_damaging,0.0
4,KIF26A (26153)_damaging,0.0
4,INF2 (64423)_damaging,0.0
4,AHNAK2 (113146)_damaging,0.0
4,MTA1 (9112)_damaging,0.0
4,HERC2 (8924)_damaging,0.0
4,TRPM1 (4308)_damaging,0.0
4,FMN1 (342184)_damaging,0.0
4,RYR3 (6263)_damaging,0.0
4,SPRED1 (161742)_damaging,0.0
4,CCDC9B (388115)_damaging,0.0
4,INO80 (54617)_damaging,0.0
4,LTK (4058)_damaging,0.0
4,TYRO3 (7301)_damaging,0.0
4,MGA (23269)_damaging,0.0029022410017830445
4,SPTBN5 (51332)_damaging,0.03464203234854309
4,ZNF106 (64397)_damaging,0.007777702696114178
4,STARD9 (57519)_damaging,0.0
4,UBR1 (197131)_damaging,0.0
4,TP53BP1 (7158)_damaging,0.0
4,MAP1A (4130)_damaging,0.0
4,SPG11 (80208)_damaging,0.003733435837984587
4,B2M (567)_damaging,0.0
4,FBN1 (2200)_damaging,0.0
4,USP8 (9101)_damaging,0.0
4,TRPM7 (54822)_damaging,0.0
4,AP4E1 (23431)_damaging,0.0
4,DMXL2 (23312)_damaging,0.0
4,MYO5C (55930)_damaging,0.0
4,UNC13C (440279)_damaging,0.02061975577067117
4,RFX7 (64864)_damaging,0.0
4,RNF111 (54778)_damaging,0.0
4,ICE2 (79664)_damaging,0.0
4,VPS13C (54832)_damaging,0.0
4,TLN2 (83660)_damaging,0.0
4,HERC1 (8925)_damaging,0.10632059747088667
4,ZNF609 (23060)_damaging,0.0
4,MEGF11 (84465)_damaging,0.0
4,NOX5 (79400)_damaging,0.0
4,MYO9A (4649)_damaging,0.0
4,HCN4 (10021)_damaging,0.0
4,SIN3A (25942)_damaging,0.0
4,ADAMTSL3 (57188)_damaging,0.0
4,AKAP13 (11214)_damaging,0.0
4,AGBL1 (123624)_damaging,0.0
4,TICRR (90381)_damaging,0.0
4,KIF7 (374654)_damaging,0.0
4,IQGAP1 (8826)_damaging,0.0
4,BLM (641)_damaging,0.0
4,FES (2242)_damaging,0.019645018670120522
4,CHD2 (1106)_damaging,0.0
4,LRRK1 (79705)_damaging,0.0
4,AXIN1 (8312)_damaging,0.0
4,CACNA1H (8912)_damaging,0.0
4,UNKL (64718)_damaging,0.0
4,TSC2 (7249)_damaging,0.0
4,PKD1 (5310)_damaging,0.03372761753333905
4,CASKIN1 (57524)_damaging,0.0
4,SLX4 (84464)_damaging,0.0
4,CREBBP (1387)_damaging,0.08908638685958936
4,SEC14L5 (9717)_damaging,0.0018830161952911326
4,GRIN2A (2903)_damaging,0.0
4,KNOP1 (400506)_damaging,0.006941428602716757
4,DNAH3 (55567)_damaging,0.0
4,SCNN1B (6338)_damaging,0.025594190949160423
4,PALB2 (79728)_damaging,0.0
4,ERN2 (10595)_damaging,0.0
4,RBBP6 (5930)_damaging,0.0
4,TNRC6A (27327)_damaging,0.0
4,ARHGAP17 (55114)_damaging,0.050092728701920414
4,GTF3C1 (2975)_damaging,0.0
4,ATXN2L (11273)_damaging,0.0
4,SH2B1 (25970)_damaging,0.0
4,ITGAL (3683)_damaging,0.0
4,PRR14 (78994)_damaging,0.0
4,FBRS (64319)_damaging,0.0
4,SRCAP (10847)_damaging,0.0
4,SETD1A (9739)_damaging,0.0
4,ZNF668 (79759)_damaging,0.0
4,ITGAM (3684)_damaging,0.0
4,ITGAD (3681)_damaging,0.0
4,ABCC11 (85320)_damaging,0.03615284875783813
4,SALL1 (6299)_damaging,0.0
4,CHD9 (80205)_damaging,0.0
4,RBL2 (5934)_damaging,0.0
4,NLRC5 (84166)_damaging,0.0
4,CTCF (10664)_damaging,0.012675129105665501
4,CDH1 (999)_damaging,0.0
4,MTSS2 (92154)_damaging,0.0
4,DHX38 (9785)_damaging,0.0
4,ZFHX3 (463)_damaging,0.0
4,CNTNAP4 (85445)_damaging,0.0
4,TAF1C (9013)_damaging,0.0
4,IRF8 (3394)_damaging,0.03100511540502111
4,ZNF469 (84627)_damaging,0.0
4,ZC3H18 (124245)_damaging,0.0
4,LINC02138 (400558)_damaging,0.049186909664766465
4,CDH15 (1013)_damaging,0.0
4,ANKRD11 (29123)_damaging,0.0002921632496687862
4,VPS9D1 (9605)_damaging,0.0002605705370028217
4,FANCA (2175)_damaging,0.0
4,CLUH (23277)_damaging,0.0
4,SPATA22 (84690)_damaging,0.015274801259856623
4,ZZEF1 (23140)_damaging,0.0
4,USP6 (9098)_damaging,0.0
4,GPS2 (2874)_damaging,0.0
4,FXR2 (9513)_damaging,0.006906049513958813
4,TP53 (7157)_damaging,0.500687889483502
4,EFNB3 (1949)_damaging,0.0
4,DNAH2 (146754)_damaging,0.0
4,KDM6B (23135)_damaging,0.02074631354629175
4,CHD3 (1107)_damaging,0.0
4,PER1 (5187)_damaging,0.0
4,PFAS (5198)_damaging,0.0
4,MYH13 (8735)_damaging,0.0
4,MYH8 (4626)_damaging,0.0
4,MYH4 (4622)_damaging,0.0
4,MYH1 (4619)_damaging,0.0
4,MYH2 (4620)_damaging,0.0
4,DNAH9 (1770)_damaging,0.0
4,MYOCD (93649)_damaging,0.0
4,NCOR1 (9611)_damaging,0.0
4,MPRIP (23164)_damaging,0.0
4,FLCN (201163)_damaging,0.0
4,MYO15A (51168)_damaging,0.0
4,TOP3A (7156)_damaging,0.0
4,SPECC1 (92521)_damaging,0.0
4,KSR1 (8844)_damaging,0.0
4,MYO18A (399687)_damaging,0.0
4,ANKRD13B (124930)_damaging,0.0
4,EFCAB5 (374786)_damaging,0.0
4,ATAD5 (79915)_damaging,0.0
4,NF1 (4763)_damaging,0.0
4,SUZ12 (23512)_damaging,0.0
4,SLFN11 (91607)_damaging,0.0
4,ACACA (31)_damaging,0.0
4,GPR179 (440435)_damaging,0.0
4,SRCIN1 (80725)_damaging,0.0
4,CDK12 (51755)_damaging,0.06127000969110859
4,TOP2A (7153)_damaging,0.0
4,KCNH4 (23415)_damaging,0.0
4,STAT5B (6777)_damaging,0.0
4,BRCA1 (672)_damaging,0.0
4,ITGA2B (3674)_damaging,0.0
4,KANSL1 (284058)_damaging,0.04068661897866686
4,HOXB3 (3213)_damaging,0.0
4,COL1A1 (1277)_damaging,0.0453740298519321
4,TSPOAP1 (9256)_damaging,0.0
4,RNF43 (54894)_damaging,0.0
4,CLTC (1213)_damaging,0.0
4,PPM1D (8493)_damaging,0.0
4,TBX4 (9496)_damaging,0.0
4,MED13 (9969)_damaging,0.0
4,MRC2 (9902)_damaging,0.0
4,SCN4A (6329)_damaging,0.0
4,GNA13 (10672)_damaging,0.0
4,AXIN2 (8313)_damaging,0.0
4,NOL11 (25926)_damaging,0.0
4,BPTF (2186)_damaging,0.0
4,ABCA8 (10351)_damaging,0.0
4,ABCA9 (10350)_damaging,0.0009590590359537468
4,ABCA6 (23460)_damaging,0.0
4,ABCA10 (10349)_damaging,0.0
4,ABCA5 (23461)_damaging,0.0
4,SOX9 (6662)_damaging,0.0026937266535220134
4,SDK2 (54549)_damaging,0.01717127076957834
4,TMEM94 (9772)_damaging,0.0
4,MYO15B (80022)_damaging,0.01221665745029471
4,ITGB4 (3691)_damaging,0.0
4,EVPL (2125)_damaging,0.0
4,SPHK1 (8877)_damaging,0.0
4,TNRC6C (57690)_damaging,0.0
4,DNAH17 (8632)_damaging,0.0
4,RNF213 (57674)_damaging,0.0
4,BAHCC1 (57597)_damaging,0.0
4,FASN (2194)_damaging,0.0
4,NARF (26502)_damaging,0.01051786188704288
4,SMCHD1 (23347)_damaging,0.0
4,EPB41L3 (23136)_damaging,0.0
4,LAMA1 (284217)_damaging,0.0
4,MTCL1 (23255)_damaging,0.0
4,ANKRD12 (23253)_damaging,0.0
4,PIEZO2 (63895)_damaging,0.0
4,ANKRD30B (374860)_damaging,0.0
4,ROCK1 (6093)_damaging,0.0
4,ESCO1 (114799)_damaging,0.0
4,LAMA3 (3909)_damaging,0.03240463323536647
4,OSBPL1A (114876)_damaging,0.0
4,CCDC178 (374864)_damaging,0.0
4,ASXL3 (80816)_damaging,0.0
4,FHOD3 (80206)_damaging,0.011448955775309388
4,SETBP1 (26040)_damaging,0.01952542774107017
4,EPG5 (57724)_damaging,0.02258117061601025
4,LOXHD1 (125336)_damaging,0.053480039281735024
4,SKOR2 (652991)_damaging,0.0
4,ZBTB7C (201501)_damaging,0.0
4,SMAD4 (4089)_damaging,0.03126643852667754
4,DCC (1630)_damaging,0.03578544554279802
4,ALPK2 (115701)_damaging,0.0
4,CDH7 (1005)_damaging,0.0
4,RTTN (25914)_damaging,0.0
4,ZNF236 (7776)_damaging,0.0
4,SALL3 (27164)_damaging,0.0
4,ATP9B (374868)_damaging,0.0
4,NFATC1 (4772)_damaging,0.0
4,KCNG2 (26251)_damaging,0.0
4,ABCA7 (10347)_damaging,0.03694987992419077
4,STK11 (6794)_damaging,0.058189729773464684
4,TCF3 (6929)_damaging,0.0
4,REXO1 (57455)_damaging,0.0
4,DOT1L (84444)_damaging,0.0
4,ZBTB7A (51341)_damaging,0.056626774091145735
4,TICAM1 (148022)_damaging,0.0
4,KDM4B (23030)_damaging,0.0
4,PTPRS (5802)_damaging,0.014880777009517534
4,SAFB2 (9667)_damaging,0.0
4,SAFB (6294)_damaging,0.0
4,CAMSAP3 (57662)_damaging,0.0
4,FBN3 (84467)_damaging,0.0
4,MUC16 (94025)_damaging,0.0
4,COL5A3 (50509)_damaging,0.0
4,DNMT1 (1786)_damaging,0.0
4,KEAP1 (9817)_damaging,0.005000259309738742
4,DNM2 (1785)_damaging,0.004504652026981135
4,SMARCA4 (6597)_damaging,0.08046010424105354
4,MAST1 (22983)_damaging,0.0
4,CACNA1A (773)_damaging,0.09527030244653203
4,NOTCH3 (4854)_damaging,0.0
4,WIZ (58525)_damaging,0.0
4,SIN3B (23309)_damaging,0.0
4,CPAMD8 (27151)_damaging,0.057715341507451424
4,ZNF90 (7643)_damaging,0.0
4,ZNF429 (353088)_damaging,0.0
4,ZNF208 (7757)_damaging,0.0
4,ZNF729 (100287226)_damaging,0.0
4,ZNF99 (7652)_damaging,0.02455082568482869
4,ZNF91 (7644)_damaging,0.0
4,ZNF536 (9745)_damaging,0.0
4,TSHZ3 (57616)_damaging,0.0
4,KMT2B (9757)_damaging,0.0
4,ARHGAP33 (115703)_damaging,0.0
4,WDR87 (83889)_damaging,0.0
4,SIPA1L3 (23094)_damaging,0.0
4,RYR1 (6261)_damaging,0.0
4,CAPN12 (147968)_damaging,0.03243738012470369
4,FCGBP (8857)_damaging,0.0
4,PRX (57716)_damaging,0.0
4,SPTBN4 (57731)_damaging,0.0
4,AXL (558)_damaging,0.0
4,ERF (2077)_damaging,0.0037254864774309495
4,CIC (23152)_damaging,0.0
4,MEGF8 (1954)_damaging,0.0
4,ARHGAP35 (2909)_damaging,0.0
4,BICRA (29998)_damaging,0.0
4,LMTK3 (114783)_damaging,0.03442053297736026
4,TRPM4 (54795)_damaging,0.0
4,TEAD2 (8463)_damaging,0.0
4,PRR12 (57479)_damaging,0.0
4,SCAF1 (58506)_damaging,0.0
4,MYH14 (79784)_damaging,0.0
4,POLD1 (5424)_damaging,0.0
4,SHANK1 (50944)_damaging,0.0
4,BRSK1 (84446)_damaging,0.0
4,SSC5D (284297)_damaging,0.0
4,NLRP4 (147945)_damaging,0.0
4,PEG3 (5178)_damaging,0.0
4,ZIM3 (114026)_damaging,0.0
4,TPO (7173)_damaging,0.0
4,PXDN (7837)_damaging,0.0
4,MYT1L (23040)_damaging,0.0
4,ROCK2 (9475)_damaging,0.0
4,GREB1 (9687)_damaging,0.0
4,NBAS (51594)_damaging,0.02127302644055758
4,RAD51AP2 (729475)_damaging,0.0
4,APOB (338)_damaging,0.0
4,TDRD15 (100129278)_damaging,0.0
4,ATAD2B (54454)_damaging,0.0
4,ITSN2 (50618)_damaging,0.0
4,DNMT3A (1788)_damaging,0.0
4,ASXL2 (55252)_damaging,0.0
4,OTOF (9381)_damaging,0.0
4,EMILIN1 (11117)_damaging,0.0
4,CAD (790)_damaging,0.0
4,IFT172 (26160)_damaging,0.0
4,SPATA31H1 (84226)_damaging,0.08233169057454112
4,ALK (238)_damaging,0.0
4,BIRC6 (57448)_damaging,0.0
4,HEATR5B (54497)_damaging,0.0
4,ZFP36L2 (678)_damaging,0.0
4,THADA (63892)_damaging,0.0019458044554259567
4,MSH2 (4436)_damaging,0.0
4,MSH6 (2956)_damaging,0.0
4,NRXN1 (9378)_damaging,0.0
4,SPTBN1 (6711)_damaging,0.0
4,EML6 (400954)_damaging,0.0
4,CCDC88A (55704)_damaging,0.0
4,USP34 (9736)_damaging,0.0203762864261665
4,C2orf42 (54980)_damaging,0.00579931877319741
4,ZNF638 (27332)_damaging,0.0
4,DYSF (8291)_damaging,0.0
4,ALMS1 (7840)_damaging,0.0
4,LOXL3 (84695)_damaging,0.0
4,CTNNA2 (1496)_damaging,0.0
4,DNAH6 (1768)_damaging,0.010251991629345791
4,ANKRD36C (400986)_damaging,0.012216880488062198
4,TMEM131 (23505)_damaging,0.0
4,VWA3B (200403)_damaging,0.0
4,CRACDL (343990)_damaging,0.0
4,EIF5B (9669)_damaging,0.0
4,AFF3 (3899)_damaging,0.0
4,SLC5A7 (60482)_damaging,0.0
4,DPP10 (57628)_damaging,0.0
4,MARCO (8685)_damaging,0.0
4,EPB41L5 (57669)_damaging,0.0
4,CLASP1 (23332)_damaging,0.0
4,CNTNAP5 (129684)_damaging,0.0
4,UGGT1 (56886)_damaging,0.0
4,ARHGEF4 (50649)_damaging,0.015301584775646835
4,NCKAP5 (344148)_damaging,0.0
4,THSD7B (80731)_damaging,0.0
4,LRP1B (53353)_damaging,0.0
4,ZEB2 (9839)_damaging,0.0
4,ACVR2A (92)_damaging,0.0
4,ORC4 (5000)_damaging,0.0
4,KIF5C (3800)_damaging,0.008914800227669346
4,RIF1 (55183)_damaging,0.0
4,NEB (4703)_damaging,0.0
4,TANC1 (85461)_damaging,0.0
4,BAZ2B (29994)_damaging,0.0
4,LY75 (4065)_damaging,0.02247863495102948
4,PLA2R1 (22925)_damaging,0.019061099431095185
4,SLC4A10 (57282)_damaging,0.0
4,KCNH7 (90134)_damaging,0.0
4,FIGN (55137)_damaging,0.0
4,SCN3A (6328)_damaging,0.0
4,SCN2A (6326)_damaging,0.006642337616805439
4,TTC21B (79809)_damaging,0.0
4,SCN1A (6323)_damaging,0.0
4,SCN9A (6335)_damaging,0.0
4,SCN7A (6332)_damaging,0.0
4,XIRP2 (129446)_damaging,0.02211717199043144
4,LRP2 (4036)_damaging,0.0
4,KLHL41 (10324)_damaging,0.0
4,PPIG (9360)_damaging,0.0
4,MYO3B (140469)_damaging,0.0
4,GPR155 (151556)_damaging,0.0961263441401179
4,HOXD11 (3237)_damaging,0.0
4,TTN (7273)_damaging,0.0
4,CCDC141 (285025)_damaging,0.0
4,ITGA4 (3676)_damaging,0.0
4,FSIP2 (401024)_damaging,0.0
4,COL3A1 (1281)_damaging,0.0
4,COL5A2 (1290)_damaging,0.0
4,ANKAR (150709)_damaging,0.0
4,MYO1B (4430)_damaging,0.0
4,DNAH7 (56171)_damaging,0.0
4,HECW2 (57520)_damaging,0.0
4,PLCL1 (5334)_damaging,0.0
4,SGO2 (151246)_damaging,0.0
4,AOX1 (316)_damaging,0.06528100647257137
4,CASP8 (841)_damaging,0.0
4,C2CD6 (151254)_damaging,0.0
4,NOP58 (51602)_damaging,0.0
4,BMPR2 (659)_damaging,0.0
4,NBEAL1 (65065)_damaging,0.0
4,PARD3B (117583)_damaging,0.0
4,INO80D (54891)_damaging,0.0
4,ZDBF2 (57683)_damaging,0.023788052041103933
4,ADAM23 (8745)_damaging,0.0
4,MAP2 (4133)_damaging,0.0
4,UNC80 (285175)_damaging,0.03279745801176162
4,KANSL1L (151050)_damaging,0.0
4,CPS1 (1373)_damaging,0.005989197095198999
4,ERBB4 (2066)_damaging,0.0
4,ABCA12 (26154)_damaging,0.04800368788582276
4,FN1 (2335)_damaging,0.0
4,TNS1 (7145)_damaging,0.0
4,CFAP65 (255101)_damaging,0.0
4,SPEG (10290)_damaging,0.003174694110555169
4,OBSL1 (23363)_damaging,0.0
4,SLC4A3 (6508)_damaging,0.0
4,DOCK10 (55619)_damaging,0.0
4,NYAP2 (57624)_damaging,0.0
4,IRS1 (3667)_damaging,0.0
4,COL4A4 (1286)_damaging,0.0
4,SPHKAP (80309)_damaging,0.0
4,TRIP12 (9320)_damaging,0.0
4,COL6A3 (1293)_damaging,0.0
4,RBM44 (375316)_damaging,0.0034321268926685846
4,HDAC4 (9759)_damaging,0.0
4,KIF1A (547)_damaging,0.0
4,CROCC2 (728763)_damaging,0.0
4,PASK (23178)_damaging,0.05497490162748569
4,TGM6 (343641)_damaging,0.021433574543379647
4,FASTKD5 (60493)_damaging,0.0
4,SLC4A11 (83959)_damaging,0.0
4,PLCB4 (5332)_damaging,0.0
4,RRBP1 (6238)_damaging,0.0
4,CFAP61 (26074)_damaging,0.0
4,RALGAPA2 (57186)_damaging,0.0
4,CD93 (22918)_damaging,0.0
4,ASXL1 (171023)_damaging,0.0
4,NCOA6 (23054)_damaging,0.01681836740298626
4,MYH7B (57644)_damaging,0.0
4,KIAA1755 (85449)_damaging,0.0
4,RALGAPB (57148)_damaging,0.0
4,CHD6 (84181)_damaging,0.0
4,PTPRT (11122)_damaging,0.020783010295333075
4,NCOA3 (8202)_damaging,0.0
4,DDX27 (55661)_damaging,0.0
4,KCNB1 (3745)_damaging,0.0
4,TSHZ2 (128553)_damaging,0.0
4,GNAS (2778)_damaging,0.0
4,ZNF831 (128611)_damaging,0.03544213688224408
4,SYCP2 (10388)_damaging,0.0
4,LAMA5 (3911)_damaging,0.0186735253437843
4,DIDO1 (11083)_damaging,0.0
4,COL20A1 (57642)_damaging,0.0
4,HELZ2 (85441)_damaging,0.013508419569310941
4,TPTE (7179)_damaging,0.0
4,NRIP1 (8204)_damaging,0.0
4,LTN1 (26046)_damaging,0.0
4,USP16 (10600)_damaging,0.0
4,SCAF4 (57466)_damaging,0.0913436690359454
4,ITSN1 (6453)_damaging,0.0
4,RUNX1 (861)_damaging,0.0
4,DOP1B (9980)_damaging,0.0
4,BRWD1 (54014)_damaging,0.0
4,DSCAM (1826)_damaging,0.0
4,ZBTB21 (49854)_damaging,0.0
4,NDUFV3 (4731)_damaging,0.0
4,TRPM2 (7226)_damaging,0.0
4,COL18A1 (80781)_damaging,0.03446561975041152
4,COL6A1 (1291)_damaging,0.0
4,PCNT (5116)_damaging,0.0
4,CECR2 (27443)_damaging,0.0
4,ZDHHC8 (29801)_damaging,0.0
4,MED15 (51586)_damaging,0.0
4,LZTR1 (8216)_damaging,0.013202856357610659
4,SMARCB1 (6598)_damaging,0.0
4,MYO18B (84700)_damaging,0.0
4,MN1 (4330)_damaging,0.0
4,TTC28 (23331)_damaging,0.0
4,CHEK2 (11200)_damaging,0.0
4,NF2 (4771)_damaging,0.15818965993168477
4,PRR14L (253143)_damaging,0.0
4,DEPDC5 (9681)_damaging,0.0
4,RTCB (51493)_damaging,0.0
4,MYH9 (4627)_damaging,0.09089631655130732
4,CSF2RB (1439)_damaging,0.049298341931318754
4,TRIOBP (11078)_damaging,0.0
4,CACNA1I (8911)_damaging,0.0
4,TNRC6B (23112)_damaging,0.0
4,EP300 (2033)_damaging,0.031170314830639444
4,ZC3H7B (23264)_damaging,0.0
4,TCF20 (6942)_damaging,0.0
4,SMC1B (27127)_damaging,0.0
4,PKDREJ (10343)_damaging,0.0
4,CELSR1 (9620)_damaging,0.0
4,PLXNB2 (23654)_damaging,0.13945906776140118
4,PPP6R2 (9701)_damaging,0.005838221905637493
4,SBF1 (6305)_damaging,0.0
4,CHL1 (10752)_damaging,0.003986483530678187
4,CNTN6 (27255)_damaging,0.0
4,CNTN4 (152330)_damaging,0.0
4,GRM7 (2917)_damaging,0.0
4,SSUH2 (51066)_damaging,0.021382859565910958
4,VHL (7428)_damaging,0.0
4,IQSEC1 (9922)_damaging,0.0
4,NR2C2 (7182)_damaging,0.0
4,KCNH8 (131096)_damaging,0.0
4,TGFBR2 (7048)_damaging,0.0
4,CLASP2 (23122)_damaging,0.0
4,TRANK1 (9881)_damaging,0.04712652815611052
4,MLH1 (4292)_damaging,0.0
4,GOLGA4 (2803)_damaging,0.0
4,SCN10A (6336)_damaging,0.0
4,SCN11A (11280)_damaging,0.0
4,TOPAZ1 (375337)_damaging,0.0
4,KIF15 (56992)_damaging,0.0
4,SETD2 (29072)_damaging,0.0
4,PTPN23 (25930)_damaging,0.0016480179845699881
4,PLXNB1 (5364)_damaging,0.0
4,COL7A1 (1294)_damaging,0.0
4,CELSR3 (1951)_damaging,0.0
4,LAMB2 (3913)_damaging,0.037425640745542985
4,RHOA (387)_damaging,0.0
4,BSN (8927)_damaging,0.0
4,RBM6 (10180)_damaging,0.0
4,DOCK3 (1795)_damaging,0.0
4,DNAH1 (25981)_damaging,0.0
4,BAP1 (8314)_damaging,0.0
4,STAB1 (23166)_damaging,0.0
4,PBRM1 (55193)_damaging,0.022537846699513323
4,DNAH12 (201625)_damaging,0.0
4,FLNB (2317)_damaging,0.0
4,PTPRG (5793)_damaging,0.03220726478960255
4,ATXN7 (6314)_damaging,0.0
4,ADAMTS9 (56999)_damaging,0.0
4,ROBO2 (6092)_damaging,0.0
4,ROBO1 (6091)_damaging,0.0
4,EPHA3 (2042)_damaging,0.0
4,EPHA6 (285220)_damaging,0.1089742009125741
4,CRYBG3 (131544)_damaging,0.0
4,MYH15 (22989)_damaging,0.0
4,DZIP3 (9666)_damaging,0.0
4,MORC1 (27136)_damaging,0.0
4,NECTIN3 (25945)_damaging,0.02579671565319964
4,ZBTB20 (26137)_damaging,0.013490152039373225
4,POLQ (10721)_damaging,0.0
4,PARP14 (54625)_damaging,0.0
4,KALRN (8997)_damaging,0.0516768506704716
4,MBD4 (8930)_damaging,0.0
4,COL6A5 (256076)_damaging,0.0
4,DNAJC13 (23317)_damaging,0.0
4,TOPBP1 (11073)_damaging,0.023557067999248064
4,RASA2 (5922)_damaging,0.0
4,XRN1 (54464)_damaging,0.0
4,ATR (545)_damaging,0.0
4,HPS3 (84343)_damaging,0.0
4,MED12L (116931)_damaging,0.0
4,IGSF10 (285313)_damaging,0.0
4,ARHGEF26 (26084)_damaging,0.0
4,MME (4311)_damaging,0.0
4,SI (6476)_damaging,0.0
4,MECOM (2122)_damaging,0.0
4,TNIK (23043)_damaging,0.0
4,SPATA16 (83893)_damaging,0.0
4,USP13 (8975)_damaging,0.025486614925766683
4,TTC14 (151613)_damaging,0.0
4,B3GNT5 (84002)_damaging,0.0
4,ABCC5 (10057)_damaging,0.0
4,MUC4 (4585)_damaging,0.0
4,GAK (2580)_damaging,0.0
4,NSD2 (7468)_damaging,0.0
4,FAM193A (8603)_damaging,0.0
4,HTT (3064)_damaging,0.0
4,JAKMIP1 (152789)_damaging,0.0
4,UNC93B7 (100887746)_damaging,0.004197910280360375
4,BOD1L1 (259282)_damaging,0.0
4,CPEB2 (132864)_damaging,0.0
4,SLIT2 (9353)_damaging,0.0
4,PCDH7 (5099)_damaging,0.0581466812354615
4,ARAP2 (116984)_damaging,0.0
4,LIMCH1 (22998)_damaging,0.0
4,BEND4 (389206)_damaging,0.01597651776367314
4,GABRG1 (2565)_damaging,0.0
4,CORIN (10699)_damaging,0.0
4,FRYL (285527)_damaging,0.0
4,KDR (3791)_damaging,0.0
4,CRACD (57482)_damaging,0.03237557737465953
4,ADGRL3 (23284)_damaging,0.0
4,EPHA5 (2044)_damaging,0.0
4,CENPC (1060)_damaging,0.0
4,ADAMTS3 (9508)_damaging,0.0
4,SHROOM3 (57619)_damaging,0.0
4,FRAS1 (80144)_damaging,0.0
4,WDFY3 (23001)_damaging,0.0
4,PTPN13 (5783)_damaging,0.0
4,AFF1 (4299)_damaging,0.0
4,SMARCAD1 (56916)_damaging,0.0
4,UNC5C (8633)_damaging,0.0
4,CENPE (1062)_damaging,0.0
4,TET2 (54790)_damaging,0.10541162052995602
4,TBCK (93627)_damaging,0.044262573728261735
4,COL25A1 (84570)_damaging,0.0015153993379909995
4,EGF (1950)_damaging,0.0
4,ZGRF1 (55345)_damaging,0.0
4,ANK2 (287)_damaging,0.0
4,BLTP1 (84162)_damaging,0.0
4,FAT4 (79633)_damaging,0.0
4,SCLT1 (132320)_damaging,0.0036851055381069827
4,PCDH10 (57575)_damaging,0.0
4,NAA15 (80155)_damaging,0.0
4,LRBA (987)_damaging,0.03800852249637067
4,FBXW7 (55294)_damaging,0.0
4,FHDC1 (85462)_damaging,0.0
4,DCHS2 (54798)_damaging,0.0
4,MAP9 (79884)_damaging,0.0
4,GRIA2 (2891)_damaging,0.0
4,RXFP1 (59350)_damaging,0.0
4,RAPGEF2 (9693)_damaging,0.0
4,FSTL5 (56884)_damaging,0.0
4,DDX60 (55601)_damaging,0.0
4,CLCN3 (1182)_damaging,0.0
4,WDR17 (116966)_damaging,0.0
4,TENM3 (55714)_damaging,0.0
4,WWC2 (80014)_damaging,0.0
4,SORBS2 (8470)_damaging,0.0
4,FAT1 (2195)_damaging,0.0
4,SDHA (6389)_damaging,0.0
4,SLC12A7 (10723)_damaging,0.0
4,ADAMTS16 (170690)_damaging,0.0
4,ICE1 (23379)_damaging,0.0
4,SEMA5A (9037)_damaging,0.0
4,DNAH5 (1767)_damaging,0.006452246702645087
4,TRIO (7204)_damaging,0.0033961983035348977
4,CDH18 (1016)_damaging,0.036936574373798756
4,CDH12 (1010)_damaging,0.0
4,PRDM9 (56979)_damaging,0.0
4,CDH10 (1008)_damaging,0.0
4,CDH6 (1004)_damaging,0.0
4,PDZD2 (23037)_damaging,0.029058192419177117
4,ADAMTS12 (81792)_damaging,0.0
4,SPEF2 (79925)_damaging,0.0
4,NIPBL (25836)_damaging,0.0
4,CPLANE1 (65250)_damaging,0.0
4,C7 (730)_damaging,0.0
4,MROH2B (133558)_damaging,0.0
4,C6 (729)_damaging,0.0
4,HCN1 (348980)_damaging,0.0
4,DHX29 (54505)_damaging,0.021123667536905043
4,PIK3R1 (5295)_damaging,0.0862861279303837
4,RAD17 (5884)_damaging,0.012721498295506522
4,BDP1 (55814)_damaging,0.0
4,MAP1B (4131)_damaging,0.0
4,ARHGEF28 (64283)_damaging,0.0
4,ANKRD31 (256006)_damaging,0.00018085446350800453
4,IQGAP2 (10788)_damaging,0.0
4,AP3B1 (8546)_damaging,0.0
4,CMYA5 (202333)_damaging,0.03672813782557848
4,MSH3 (4437)_damaging,0.03926276965506021
4,VCAN (1462)_damaging,0.0
4,RASA1 (5921)_damaging,0.04887364654327167
4,ADGRV1 (84059)_damaging,0.0
4,MCTP1 (79772)_damaging,0.0
4,SKIC3 (9652)_damaging,0.0
4,ARSK (153642)_damaging,0.0
4,APC (324)_damaging,0.0
4,DMXL1 (1657)_damaging,0.0
4,ZNF608 (57507)_damaging,0.0
4,FBN2 (2201)_damaging,0.0
4,SLC27A6 (28965)_damaging,0.0
4,ADAMTS19 (171019)_damaging,0.0
4,RAPGEF6 (51735)_damaging,0.006783018122879247
4,FNIP1 (96459)_damaging,0.0
4,RAD50 (10111)_damaging,0.0010096662290806308
4,SOWAHA (134548)_damaging,0.0
4,AFF4 (27125)_damaging,0.0
4,FSTL4 (23105)_damaging,0.0
4,CDKL3 (51265)_damaging,0.0
4,PITX1 (5307)_damaging,0.12494662085373719
4,LINC02900 (340073)_damaging,0.04924353068167537
4,CTNNA1 (1495)_damaging,0.058464839222519244
4,WDR55 (54853)_damaging,0.0
4,ARAP3 (64411)_damaging,0.0
4,NR3C1 (2908)_damaging,0.0
4,FAT2 (2196)_damaging,0.0
4,LARP1 (23367)_damaging,0.0
4,GEMIN5 (25929)_damaging,0.030232005605685657
4,TIMD4 (91937)_damaging,0.0
4,PWWP2A (114825)_damaging,0.0
4,GABRG2 (2566)_damaging,0.0
4,DOCK2 (1794)_damaging,0.048425705619891325
4,NSD1 (64324)_damaging,0.0
4,FLT4 (2324)_damaging,0.0
4,DSP (1832)_damaging,0.0
4,HIVEP1 (3096)_damaging,0.0
4,JARID2 (3720)_damaging,0.0
4,ATXN1 (6310)_damaging,0.0
4,GABBR1 (2550)_damaging,0.04103513074085799
4,HLA-A (3105)_damaging,0.0
4,PPP1R10 (5514)_damaging,0.0
4,MDC1 (9656)_damaging,0.0
4,HLA-C (3107)_damaging,0.0
4,HLA-B (3106)_damaging,0.045013070393942936
4,PRRC2A (7916)_damaging,0.0
4,BAG6 (7917)_damaging,0.0
4,TNXB (7148)_damaging,0.0
4,NOTCH4 (4855)_damaging,0.0
4,COL11A2 (1302)_damaging,0.0
4,ITPR3 (3710)_damaging,0.005421991812875324
4,BLTP3A (54887)_damaging,0.0
4,DNAH8 (1769)_damaging,0.0
4,CCND3 (896)_damaging,0.08259738001167058
4,ZNF318 (24149)_damaging,0.0
4,TDRD6 (221400)_damaging,0.0
4,MMUT (4594)_damaging,0.0
4,PKHD1 (5314)_damaging,0.02559896831976839
4,FAM83B (222584)_damaging,0.0
4,DST (667)_damaging,0.0
4,PHF3 (23469)_damaging,0.0
4,EYS (346007)_damaging,0.0
4,ADGRB3 (577)_damaging,0.0
4,COL19A1 (1310)_damaging,0.0
4,COL9A1 (1297)_damaging,0.0
4,RIMS1 (22999)_damaging,0.0
4,COL12A1 (1303)_damaging,0.0
4,TTK (7272)_damaging,0.011592802169487047
4,CEP162 (22832)_damaging,0.0
4,ZNF292 (23036)_damaging,0.0
4,MDN1 (23195)_damaging,0.0
4,CASP8AP2 (9994)_damaging,0.0
4,BACH2 (60468)_damaging,0.0
4,EPHA7 (2045)_damaging,0.02239120107096721
4,MMS22L (253714)_damaging,0.0
4,PNISR (25957)_damaging,0.0
4,ASCC3 (10973)_damaging,0.0
4,AK9 (221264)_damaging,0.0
4,REV3L (5980)_damaging,0.0
4,HDAC2 (3066)_damaging,0.0
4,ROS1 (6098)_damaging,0.0
4,TBC1D32 (221322)_damaging,0.0
4,TRDN (10345)_damaging,0.0
4,MTCL3 (387104)_damaging,0.0
4,LAMA2 (3908)_damaging,0.0
4,AKAP7 (9465)_damaging,0.0
4,MED23 (9439)_damaging,0.0
4,ARFGEF3 (57221)_damaging,0.0010714503335569616
4,ECT2L (345930)_damaging,0.02021396240998708
4,HECA (51696)_damaging,0.0
4,ADGRG6 (57211)_damaging,0.0
4,HIVEP2 (3097)_damaging,0.0
4,UTRN (7402)_damaging,0.0
4,SHPRH (257218)_damaging,0.0
4,GRM1 (2911)_damaging,0.0
4,ADGB (79747)_damaging,0.0
4,STXBP5 (134957)_damaging,0.0
4,AKAP12 (9590)_damaging,0.0
4,SYNE1 (23345)_damaging,0.0
4,SCAF8 (22828)_damaging,0.0
4,ARID1B (57492)_damaging,0.0
4,FNDC1 (84624)_damaging,0.0
4,IGF2R (3482)_damaging,0.0
4,LPA (4018)_damaging,0.0
4,MAP3K4 (4216)_damaging,0.0
4,QKI (9444)_damaging,0.004788276125640522
4,AFDN (4301)_damaging,0.0
4,INTS1 (26173)_damaging,0.0
4,CARD11 (84433)_damaging,0.0
4,SDK1 (221935)_damaging,0.0
4,TNRC18 (84629)_damaging,0.051845432001238825
4,PMS2 (5395)_damaging,0.0
4,COL28A1 (340267)_damaging,0.0204089028932958
4,THSD7A (221981)_damaging,0.0
4,VWDE (221806)_damaging,0.002932558885832862
4,AHR (196)_damaging,0.009917228731628664
4,ABCB5 (340273)_damaging,0.09019406584885559
4,DNAH11 (8701)_damaging,0.0
4,RAPGEF5 (9771)_damaging,0.0
4,STK31 (56164)_damaging,0.0
4,BBS9 (27241)_damaging,0.0
4,CDK13 (8621)_damaging,0.0
4,GLI3 (2737)_damaging,0.015634894117662126
4,AEBP1 (165)_damaging,0.0
4,PKD1L1 (168507)_damaging,0.0
4,ABCA13 (154664)_damaging,0.06652644930497961
4,FIGNL1 (63979)_damaging,0.0
4,EGFR (1956)_damaging,0.0
4,ZNF716 (441234)_damaging,0.0
4,ZNF735 (730291)_damaging,0.033516750822910626
4,PTPN12 (5782)_damaging,0.0
4,MAGI2 (9863)_damaging,0.0
4,CD36 (948)_damaging,0.08574985551965184
4,PCLO (27445)_damaging,0.0
4,SEMA3E (9723)_damaging,0.0
4,ABCB4 (5244)_damaging,0.0
4,ABCB1 (5243)_damaging,0.0
4,ZNF804B (219578)_damaging,0.0
4,AKAP9 (10142)_damaging,0.0
4,ANKIB1 (54467)_damaging,0.0
4,SAMD9 (54809)_damaging,0.0
4,SAMD9L (219285)_damaging,0.0
4,CALCR (799)_damaging,0.0
4,COL1A2 (1278)_damaging,0.0
4,SLC25A13 (10165)_damaging,0.0
4,TRRAP (8295)_damaging,0.0
4,GPC2 (221914)_damaging,0.0
4,NYAP1 (222950)_damaging,0.0
4,GIGYF1 (64599)_damaging,0.0
4,ZAN (7455)_damaging,0.051501975024747265
4,EPHB4 (2050)_damaging,0.0
4,MUC12 (10071)_damaging,0.0
4,MUC17 (140453)_damaging,0.014208199466771345
4,PLOD3 (8985)_damaging,0.0
4,CUX1 (1523)_damaging,0.0
4,FBXL13 (222235)_damaging,0.0
4,RELN (5649)_damaging,0.0
4,KMT2E (55904)_damaging,0.0
4,PIK3CG (5294)_damaging,0.0
4,SLC26A3 (1811)_damaging,0.0
4,LAMB4 (22798)_damaging,0.0023786402685557297
4,DOCK4 (9732)_damaging,0.004853521962849099
4,PPP1R3A (5506)_damaging,0.010803288988148859
4,CFTR (1080)_damaging,0.0
4,CTTNBP2 (83992)_damaging,0.0013128159082047741
4,KCND2 (3751)_damaging,0.0
4,WNT16 (51384)_damaging,0.0
4,PTPRZ1 (5803)_damaging,0.0
4,CADPS2 (93664)_damaging,0.0
4,IQUB (154865)_damaging,0.050281487273880376
4,POT1 (25913)_damaging,0.0
4,GRM8 (2918)_damaging,0.0
4,FLNC (2318)_damaging,0.0
4,PLXNA4 (91584)_damaging,0.03206551260434629
4,LRGUK (136332)_damaging,0.0026153624648222683
4,NUP205 (23165)_damaging,0.0
4,TRIM24 (8805)_damaging,0.0
4,KIAA1549 (57670)_damaging,0.0
4,MGAM (8972)_damaging,0.0
4,MGAM2 (93432)_damaging,0.0
4,EPHB6 (2051)_damaging,0.0
4,KEL (3792)_damaging,0.0
4,NOBOX (135935)_damaging,0.011704614856021867
4,CNTNAP2 (26047)_damaging,0.0
4,KCNH2 (3757)_damaging,0.0
4,NOS3 (4846)_damaging,0.0
4,ATG9B (285973)_damaging,0.0
4,KMT2C (58508)_damaging,0.0
4,DPP6 (1804)_damaging,0.0
4,PTPRN2 (5799)_damaging,0.0
4,MYOM2 (9172)_damaging,0.0
4,CSMD1 (64478)_damaging,0.00924642823789698
4,RP1L1 (94137)_damaging,0.0
4,TRMT9B (57604)_damaging,0.0
4,DMTN (2039)_damaging,0.02028881157234145
4,LOXL2 (4017)_damaging,0.02041994171640679
4,ADAM28 (10863)_damaging,0.0
4,DOCK5 (80005)_damaging,0.0
4,NUGGC (389643)_damaging,0.013905034959384933
4,TEX15 (56154)_damaging,0.0
4,WRN (7486)_damaging,0.0
4,UNC5D (137970)_damaging,0.0
4,ADGRA2 (25960)_damaging,0.0
4,NSD3 (54904)_damaging,0.0
4,ANK1 (286)_damaging,0.0
4,PRKDC (5591)_damaging,0.0
4,PXDNL (137902)_damaging,0.0
4,ST18 (9705)_damaging,0.0
4,RB1CC1 (9821)_damaging,0.0
4,RP1 (6101)_damaging,0.0
4,CHD7 (55636)_damaging,0.0
4,ASPH (444)_damaging,0.0
4,ARFGEF1 (10565)_damaging,0.0
4,PREX2 (80243)_damaging,0.0
4,SULF1 (23213)_damaging,0.0
4,SLCO5A1 (81796)_damaging,0.0
4,TRPA1 (8989)_damaging,0.0
4,KCNB2 (9312)_damaging,0.0
4,ZFHX4 (79776)_damaging,0.0
4,WWP1 (11059)_damaging,0.0
4,NBN (4683)_damaging,0.0
4,ESRP1 (54845)_damaging,0.0
4,VPS13B (157680)_damaging,0.0
4,RGS22 (26166)_damaging,0.0016999390228605769
4,UBR5 (51366)_damaging,0.0
4,RIMS2 (9699)_damaging,0.0
4,PKHD1L1 (93035)_damaging,0.007628471478979211
4,CSMD3 (114788)_damaging,0.0
4,TRPS1 (7227)_damaging,0.0
4,COL14A1 (7373)_damaging,0.0
4,FER1L6 (654463)_damaging,0.0
4,ASAP1 (50807)_damaging,0.0
4,ADCY8 (114)_damaging,0.0
4,EFR3A (23167)_damaging,0.0
4,OC90 (729330)_damaging,0.0
4,KCNQ3 (3786)_damaging,0.0
4,PHF20L1 (51105)_damaging,0.013829078381181413
4,TG (7038)_damaging,0.0
4,FAM135B (51059)_damaging,0.048884320556425394
4,COL22A1 (169044)_damaging,0.06433364966946656
4,ADGRB1 (575)_damaging,0.0
4,PLEC (5339)_damaging,0.013508757397416506
4,CYC1 (1537)_damaging,0.0
4,WDR97 (340390)_damaging,0.0
4,CPSF1 (29894)_damaging,0.020547893759775324
4,KIFC2 (90990)_damaging,0.0
4,DOCK8 (81704)_damaging,0.01089480603748562
4,ERMP1 (79956)_damaging,0.0
4,PTPRD (5789)_damaging,0.0
4,MPDZ (8777)_damaging,0.020153166909642875
4,CCDC171 (203238)_damaging,0.0
4,CNTLN (54875)_damaging,0.0
4,DENND4C (55667)_damaging,0.0
4,CDKN2A (1029)_damaging,0.0
4,TAF1L (138474)_damaging,0.03580684243937256
4,SPATA31G1 (138724)_damaging,0.0
4,FANCG (2189)_damaging,0.01211205319280018
4,PIGO (84720)_damaging,0.0
4,UNC13B (10497)_damaging,0.0
4,RUSC2 (9853)_damaging,0.0
4,SPAG8 (26206)_damaging,0.0
4,TJP2 (9414)_damaging,0.0
4,TMC1 (117531)_damaging,0.0
4,TRPM6 (140803)_damaging,0.04311305180625511
4,PCSK5 (5125)_damaging,0.0
4,PRUNE2 (158471)_damaging,0.0
4,VPS13A (23230)_damaging,0.0
4,TLE4 (7091)_damaging,0.03998896723678422
4,SPATA31D1 (389763)_damaging,0.0
4,KIF27 (55582)_damaging,0.07287339155371607
4,ROR2 (4920)_damaging,0.0011834354846378683
4,NOL8 (55035)_damaging,0.0
4,WNK2 (65268)_damaging,0.0
4,PHF2 (5253)_damaging,0.0
4,PTCH1 (5727)_damaging,0.0
4,COL15A1 (1306)_damaging,0.0
4,TEX10 (54881)_damaging,0.0019433170151457065
4,SMC2 (10592)_damaging,0.014810119648065816
4,ELP1 (8518)_damaging,0.04207144502610297
4,TMEM245 (23731)_damaging,0.06257542298215481
4,PALM2AKAP2 (445815)_damaging,0.0
4,SVEP1 (79987)_damaging,0.0
4,FKBP15 (23307)_damaging,0.0
4,COL27A1 (85301)_damaging,0.03286476621571259
4,C5 (727)_damaging,0.0
4,CNTRL (11064)_damaging,0.0
4,DAB2IP (153090)_damaging,0.0
4,DENND1A (57706)_damaging,0.017877496326345256
4,GOLGA2 (2801)_damaging,0.0
4,SPTAN1 (6709)_damaging,0.0017048429722712494
4,HMCN2 (256158)_damaging,0.0
4,LAMC3 (10319)_damaging,0.0
4,NUP214 (8021)_damaging,0.0
4,PRRC2B (84726)_damaging,0.0
4,UCK1 (83549)_damaging,0.0
4,SETX (23064)_damaging,0.0
4,ADAMTS13 (11093)_damaging,0.0
4,ADAMTSL2 (9719)_damaging,0.0
4,BRD3 (8019)_damaging,0.0
4,WDR5 (11091)_damaging,0.0
4,COL5A1 (1289)_damaging,0.0
4,CAMSAP1 (157922)_damaging,0.0
4,SEC16A (9919)_damaging,0.0
4,NOTCH1 (4851)_damaging,0.0
4,ABCA2 (20)_damaging,0.0
4,EXD3 (54932)_damaging,0.0
4,CACNA1B (774)_damaging,0.007132681889424935
4,MXRA5 (25878)_damaging,0.0
4,WWC3 (55841)_damaging,0.0
4,NHS (4810)_damaging,0.0
4,MAP3K15 (389840)_damaging,0.03162673934392149
4,IL1RAPL1 (11141)_damaging,0.0
4,DMD (1756)_damaging,0.0
4,FAM47B (170062)_damaging,0.0
4,CFAP47 (286464)_damaging,0.0
4,RPGR (6103)_damaging,0.0
4,BCOR (54880)_damaging,0.040904230363521095
4,USP9X (8239)_damaging,0.10851781136151326
4,DDX3X (1654)_damaging,0.01649807580363021
4,KDM6A (7403)_damaging,0.0
4,RBM10 (8241)_damaging,0.0
4,TFE3 (7030)_damaging,0.0
4,CACNA1F (778)_damaging,0.0
4,CCNB3 (85417)_damaging,0.024560327271674048
4,KDM5C (8242)_damaging,0.0
4,IQSEC2 (23096)_damaging,0.0
4,HUWE1 (10075)_damaging,0.0
4,WNK3 (65267)_damaging,0.0
4,AMER1 (139285)_damaging,0.004106373561566682
4,ZC3H12B (340554)_damaging,0.0
4,OPHN1 (4983)_damaging,0.005292913940967493
4,KIF4A (24137)_damaging,0.0
4,MED12 (9968)_damaging,0.0
4,NLGN3 (54413)_damaging,0.0
4,ZMYM3 (9203)_damaging,0.023063724944398734
4,NEXMIF (340533)_damaging,0.0
4,ATRX (546)_damaging,0.0
4,BRWD3 (254065)_damaging,0.03248325932456076
4,CYLC1 (1538)_damaging,0.0
4,ZNF711 (7552)_damaging,0.0
4,DIAPH2 (1730)_damaging,0.04341692076767435
4,PCDH19 (57526)_damaging,0.0
4,RAB40A (142684)_damaging,0.0033818999863630254
4,NRK (203447)_damaging,0.0
4,MORC4 (79710)_damaging,0.0
4,COL4A6 (1288)_damaging,0.0
4,COL4A5 (1287)_damaging,0.0
4,GUCY2F (2986)_damaging,0.0
4,DOCK11 (139818)_damaging,0.0
4,STAG2 (10735)_damaging,0.025348639101447284
4,TENM1 (10178)_damaging,0.0
4,SMARCA1 (6594)_damaging,0.02309913758545689
4,BCORL1 (63035)_damaging,0.0
4,USP26 (83844)_damaging,0.0
4,SAGE1 (55511)_damaging,0.0
4,MAP7D3 (79649)_damaging,0.0
4,ADGRG4 (139378)_damaging,0.0
4,MCF2 (4168)_damaging,0.0
4,SPANXN4 (441525)_damaging,0.0
4,SLITRK2 (84631)_damaging,0.0
4,AFF2 (2334)_damaging,0.0
4,FLNA (2316)_damaging,0.0
4,PLXNA3 (55558)_damaging,0.010483069791221447
4,F8 (2157)_damaging,0.0
4,MT-ND4 (4538)_damaging,0.0
4,MT-ND5 (4540)_damaging,0.0
