fold,feature,importance
0,MTOR (2475)_hotspot,0.0012352565169735435
0,NRAS (4893)_hotspot,0.005734952416369393
0,PTEN (5728)_hotspot,0.0007334329949125008
0,HRAS (3265)_hotspot,9.860966688677852e-06
0,KRAS (3845)_hotspot,0.015142625303226293
0,RB1 (5925)_hotspot,0.0048570817659775705
0,MAP2K1 (5604)_hotspot,0.0006055279542398266
0,CREBBP (1387)_hotspot,6.518817690191827e-05
0,TP53 (7157)_hotspot,0.06258721224190335
0,NF1 (4763)_hotspot,0.001005923753774526
0,SMAD4 (4089)_hotspot,0.002349095462770819
0,STK11 (6794)_hotspot,0.0010680327232464749
0,SMARCA4 (6597)_hotspot,0.0003234922717072312
0,C2orf81 (388963)_hotspot,0.001874648323444513
0,NFE2L2 (4780)_hotspot,0.0012305451326186845
0,VHL (7428)_hotspot,0.0
0,CTNNB1 (1499)_hotspot,0.0007910226393850142
0,RHOA (387)_hotspot,0.0005974105357266185
0,PIK3CA (5290)_hotspot,0.0006755836557515119
0,FBXW7 (55294)_hotspot,0.00027050996687713797
0,TERT (7015)_hotspot,0.0020234758662896705
0,PIK3R1 (5295)_hotspot,0.00030922268172021826
0,APC (324)_hotspot,0.0013204417765963021
0,RAC1 (5879)_hotspot,0.0005431065170513116
0,EGFR (1956)_hotspot,0.0005919161337585824
0,BRAF (673)_hotspot,0.003197427109087244
0,CDKN2A (1029)_hotspot,0.0007183975340583681
0,DVL1 (1855)_damaging,5.09216719034522e-05
0,MXRA8 (54587)_damaging,6.639217696187506e-05
0,MEGF6 (1953)_damaging,0.000679224375204827
0,CHD5 (26038)_damaging,0.0004268284187021671
0,RPL22 (6146)_damaging,0.008127760875506896
0,CAMTA1 (23261)_damaging,0.00021824463973810004
0,ERRFI1 (54206)_damaging,0.000494220573050844
0,SLC45A1 (50651)_damaging,0.00021499530242914054
0,RERE (473)_damaging,0.0022796037004921953
0,VPS13D (55187)_damaging,3.501954182050982e-05
0,FHAD1 (114827)_damaging,0.00013798234926472896
0,SPEN (23013)_damaging,0.0006185199249736381
0,EPHA2 (1969)_damaging,0.00036271642388721603
0,UBR4 (23352)_damaging,0.002840983971891396
0,EIF4G3 (8672)_damaging,0.00041947176097913315
0,HSPG2 (3339)_damaging,0.0006393897594925657
0,ID3 (3399)_damaging,0.012158854434020344
0,ELOA (6924)_damaging,0.001047285615501468
0,ARID1A (8289)_damaging,0.009262957677926826
0,WDTC1 (23038)_damaging,0.00011268954279999547
0,PTPRU (10076)_damaging,7.385312629041224e-05
0,COL16A1 (1307)_damaging,0.00015876984689785302
0,CSMD2 (114784)_damaging,0.00028117289948726554
0,ZMYM1 (79830)_damaging,5.5795162451302346e-05
0,ZMYM4 (9202)_damaging,0.00029605449754605174
0,AGO1 (26523)_damaging,0.00013886184421239218
0,MAP7D1 (55700)_damaging,0.0004491400128276585
0,MACF1 (23499)_damaging,0.006411403452582662
0,TIE1 (7075)_damaging,0.00012186556614942777
0,MPL (4352)_damaging,0.0
0,SZT2 (23334)_damaging,0.00025685542914693723
0,MUTYH (4595)_damaging,0.0007855285692644529
0,MAST2 (23139)_damaging,2.5775614912973984e-05
0,FAAH (2166)_damaging,0.00035272174397006146
0,TAL1 (6886)_damaging,0.0004972834387421993
0,FYB2 (199920)_damaging,6.0220481714997646e-05
0,NFIA (4774)_damaging,0.0005118318253297049
0,PATJ (10207)_damaging,0.0001407957198363387
0,DOCK7 (85440)_damaging,0.00017096404892337377
0,JAK1 (3716)_damaging,0.00036697823131505246
0,LRRC7 (57554)_damaging,0.0002836906571186299
0,ERICH3 (127254)_damaging,0.0028404230347152983
0,SLC44A5 (204962)_damaging,0.0002198648597243652
0,ADGRL4 (64123)_damaging,0.0022337516436581285
0,ADGRL2 (23266)_damaging,0.00020181707273353664
0,COL24A1 (255631)_damaging,0.00010654196929156232
0,HFM1 (164045)_damaging,7.150366132041889e-05
0,BTBD8 (284697)_damaging,0.0008341694129106884
0,ABCA4 (24)_damaging,0.00012333709992198134
0,ARHGAP29 (9411)_damaging,2.298781641899035e-05
0,DPYD (1806)_damaging,7.190819166561699e-05
0,COL11A1 (1301)_damaging,0.00012219976619542563
0,EPS8L3 (79574)_damaging,0.0011497340333950126
0,CEPT1 (10390)_damaging,0.0002988691497305707
0,SYCP1 (6847)_damaging,0.00010570665332400136
0,SPAG17 (200162)_damaging,0.0005862115288209668
0,NOTCH2 (4853)_damaging,0.0001939194786354561
0,CHD1L (9557)_damaging,0.000572802252850674
0,BCL9 (607)_damaging,0.0010553545680839023
0,ADAMTSL4 (54507)_damaging,0.00013576940183933171
0,ZNF687 (57592)_damaging,0.0011272701166531156
0,TCHH (7062)_damaging,0.0002421986864844775
0,FLG (2312)_damaging,0.000425907189934275
0,CCDST (112268240)_damaging,0.00017504364554168757
0,FLG2 (388698)_damaging,0.000130554282194527
0,UBAP2L (9898)_damaging,0.0005191687399416152
0,SHC1 (6464)_damaging,0.00027959821500201444
0,ASH1L (55870)_damaging,0.00010480483071506784
0,GON4L (54856)_damaging,2.800744676146445e-05
0,IQGAP3 (128239)_damaging,0.000272943741952028
0,NES (10763)_damaging,0.00013207320258098597
0,INSRR (3645)_damaging,0.00019137661076682459
0,FCRL5 (83416)_damaging,0.00046757418980976535
0,SPTA1 (6708)_damaging,0.0007175553280621061
0,IGSF9 (57549)_damaging,0.0004064615068034707
0,F5 (2153)_damaging,0.00020932493627095724
0,TNR (7143)_damaging,0.0005980404322697947
0,PAPPA2 (60676)_damaging,0.0003319406564757022
0,ABL2 (27)_damaging,9.205525860797196e-05
0,AXDND1 (126859)_damaging,0.0033231746259883856
0,TDRD5 (163589)_damaging,0.0002828687973072999
0,CEP350 (9857)_damaging,1.9987490513734848e-05
0,CACNA1E (777)_damaging,0.001510835230187373
0,RGL1 (23179)_damaging,2.7715413741026e-06
0,HMCN1 (83872)_damaging,0.00034367394399671675
0,TPR (7175)_damaging,0.0008808499585437384
0,BRINP3 (339479)_damaging,0.00022664153840575713
0,KCNT2 (343450)_damaging,0.0001377791268576692
0,ASPM (259266)_damaging,0.003660032544899502
0,CRB1 (23418)_damaging,0.0001711570510691103
0,PTPRC (5788)_damaging,0.00144137361398386
0,CAMSAP2 (23271)_damaging,0.000722097183772263
0,CACNA1S (779)_damaging,0.003730793230808605
0,IGFN1 (91156)_damaging,0.0009030946873115786
0,NAV1 (89796)_damaging,0.00027872711461973063
0,ELF3 (1999)_damaging,0.0005468058452892363
0,KDM5B (10765)_damaging,0.0004593251449804076
0,ATP2B4 (493)_damaging,0.0001391726090909617
0,PLEKHA6 (22874)_damaging,4.466259963578643e-05
0,PIK3C2B (5287)_damaging,0.0003783662810038621
0,NFASC (23114)_damaging,0.000510829148579296
0,CR2 (1380)_damaging,0.0006514440937742432
0,CR1 (1378)_damaging,0.00015555540805614192
0,PLXNA2 (5362)_damaging,0.00029667772752857885
0,PROX1 (5629)_damaging,8.882584042737954e-05
0,PTPN14 (5784)_damaging,5.705727463658039e-07
0,CENPF (1063)_damaging,8.817563403323504e-05
0,USH2A (7399)_damaging,0.003057420416275588
0,EPRS1 (2058)_damaging,0.000303873105352342
0,DISP1 (84976)_damaging,6.7441358389889e-05
0,DNAH14 (127602)_damaging,0.0002894499329923746
0,CDC42BPA (8476)_damaging,0.004921638179398091
0,OBSCN (84033)_damaging,0.0005946866406066637
0,H3-4 (8290)_damaging,0.0005481355745382757
0,PCNX2 (80003)_damaging,0.00030152450680700745
0,ARID4B (51742)_damaging,0.00041045938603934313
0,LYST (1130)_damaging,0.00019111368765276516
0,RYR2 (6262)_damaging,0.0001597837572461792
0,CHRM3 (1131)_damaging,0.0002509940863390552
0,FMN2 (56776)_damaging,0.00026846353528475183
0,RGS7 (6000)_damaging,0.0007256281074671287
0,WDR64 (128025)_damaging,0.00042807141690316073
0,SDCCAG8 (10806)_damaging,0.00025447473553801914
0,KIF26B (55083)_damaging,0.00023509151971591976
0,AHCTF1 (25909)_damaging,0.0002996022171140881
0,NLRP3 (114548)_damaging,0.00012561168121874418
0,LARP4B (23185)_damaging,7.815617074694931e-05
0,ITGA8 (8516)_damaging,0.00016674921524961669
0,CUBN (8029)_damaging,0.004086047853376183
0,MRC1 (4360)_damaging,0.00020602316808739657
0,MALRD1 (340895)_damaging,2.3132125206623628e-05
0,ARMC3 (219681)_damaging,0.0003029855033493871
0,KIAA1217 (56243)_damaging,6.335467321109367e-05
0,GPR158 (57512)_damaging,0.0003337371541090575
0,ANKRD26 (22852)_damaging,0.00036821336605454187
0,SVIL (6840)_damaging,0.0017492483335399625
0,JCAD (57608)_damaging,5.4679975337240195e-05
0,ANKRD30A (91074)_damaging,0.00032530663576201446
0,RSU1P2 (100133308)_damaging,0.00018927603277201397
0,WDFY4 (57705)_damaging,0.0005961869987681825
0,C10orf71 (118461)_damaging,7.920362693171757e-05
0,PCDH15 (65217)_damaging,0.0038174878948575054
0,ANK3 (288)_damaging,0.000988380581865231
0,ARID5B (84159)_damaging,0.000424774089074112
0,JMJD1C (221037)_damaging,0.0004398069725094502
0,CTNNA3 (29119)_damaging,0.0004322218861062126
0,MYPN (84665)_damaging,0.0002577181860635985
0,CDH23 (64072)_damaging,0.00031597048906665734
0,ZMIZ1 (57178)_damaging,1.833288325143725e-05
0,NRG3 (10718)_damaging,0.0015186663513921967
0,PTEN (5728)_damaging,0.0009961020711165799
0,STAMBPL1 (57559)_damaging,0.0002395178422422504
0,KIF20B (9585)_damaging,0.0
0,BTAF1 (9044)_damaging,8.917182694686499e-05
0,MYOF (26509)_damaging,0.00020171493351269033
0,PDE6C (5146)_damaging,0.00021368948581291874
0,PLCE1 (51196)_damaging,0.0
0,CC2D2B (387707)_damaging,0.0005102157527544222
0,ZNF518A (9849)_damaging,0.00031225506734424617
0,LCOR (84458)_damaging,0.000874234050494438
0,SLIT1 (6585)_damaging,0.00016025275569052206
0,PPRC1 (23082)_damaging,0.004795949524931584
0,PSD (5662)_damaging,0.0005896742831356359
0,CNNM2 (54805)_damaging,2.869916877755485e-05
0,PDCD11 (22984)_damaging,0.004492956311986379
0,SH3PXD2A (9644)_damaging,0.00014347156210608522
0,SLK (9748)_damaging,0.0003832003553588983
0,SORCS3 (22986)_damaging,0.00034524042663298233
0,SORCS1 (114815)_damaging,0.0004803211999278002
0,SMC3 (9126)_damaging,0.0010646151182416947
0,TCF7L2 (6934)_damaging,0.00023488989209996224
0,ATRNL1 (26033)_damaging,0.00041990829968911194
0,TACC2 (10579)_damaging,0.0007910593429241114
0,DMBT1 (1755)_damaging,5.235628604032905e-05
0,DOCK1 (1793)_damaging,0.00017784891198973501
0,MKI67 (4288)_damaging,0.003996603124963885
0,JAKMIP3 (282973)_damaging,0.0011194482125004887
0,CFAP46 (54777)_damaging,0.0001263336702937185
0,B4GALNT4 (338707)_damaging,0.000807809361923063
0,PKP3 (11187)_damaging,0.00015329317113640755
0,MUC5AC (4586)_damaging,0.0001414799922099602
0,MUC5B (727897)_damaging,0.00010578796219410141
0,BRSK2 (9024)_damaging,0.000974783867623361
0,KCNQ1 (3784)_damaging,0.0005310180381494754
0,NUP98 (4928)_damaging,0.0002759714369159722
0,OR51E2 (81285)_damaging,0.00046248366980429934
0,DNHD1 (144132)_damaging,0.0003010936531112053
0,DCHS1 (8642)_damaging,0.0001955919686029713
0,IPO7 (10527)_damaging,0.0002149414145755046
0,SBF2 (81846)_damaging,0.0002650075267946001
0,PLEKHA7 (144100)_damaging,0.00023219195576400087
0,ABCC8 (6833)_damaging,0.0001934431126785656
0,USH1C (10083)_damaging,0.00017111278555587345
0,OTOG (340990)_damaging,8.32838050209679e-05
0,NAV2 (89797)_damaging,0.0002103299942193897
0,DCDC1 (341019)_damaging,3.6560242424963264e-05
0,CCDC73 (493860)_damaging,0.0010471951733406239
0,QSER1 (79832)_damaging,0.0010287839876321635
0,CSTF3 (1479)_damaging,2.369996031616589e-05
0,KIAA1549L (25758)_damaging,6.720280415375558e-06
0,LRP4 (4038)_damaging,0.0
0,AGBL2 (79841)_damaging,0.0002456568968018519
0,FOLH1 (2346)_damaging,0.00023278226545900575
0,OR4A15 (81328)_damaging,0.00025572168427367894
0,OR4P4 (81300)_damaging,0.00022789957210240743
0,CTNND1 (1500)_damaging,0.00011774048756833234
0,DTX4 (23220)_damaging,0.0015307405559507462
0,MYRF (745)_damaging,6.542307025282134e-05
0,AHNAK (79026)_damaging,0.00022304251274320874
0,EML3 (256364)_damaging,0.0002975509677117428
0,SLC3A2 (6520)_damaging,0.0012678979004653338
0,PLCB3 (5331)_damaging,6.728149131822762e-05
0,NRXN2 (9379)_damaging,0.0018153113062804062
0,MEN1 (4221)_damaging,0.0003100809137873584
0,ATG2A (23130)_damaging,0.0
0,PCNX3 (399909)_damaging,0.000910124419904749
0,RIN1 (9610)_damaging,0.00015541424787761087
0,SHANK2 (22941)_damaging,7.903498431348271e-05
0,INPPL1 (3636)_damaging,0.00033955535153832326
0,ARHGEF17 (9828)_damaging,0.0003387277248536099
0,C2CD3 (26005)_damaging,0.00016356069009390394
0,MYO7A (4647)_damaging,0.000161603445507901
0,RSF1 (51773)_damaging,0.0002030517446817106
0,TENM4 (26011)_damaging,0.0008469303746475584
0,PCF11 (51585)_damaging,0.00015105561175098321
0,DLG2 (1740)_damaging,0.00024016941936019402
0,SYTL2 (54843)_damaging,0.0001314311241719411
0,FAT3 (120114)_damaging,0.0011123053366129034
0,DEUP1 (159989)_damaging,0.00038827748352388225
0,MRE11 (4361)_damaging,4.284386742895896e-06
0,CNTN5 (53942)_damaging,0.0003902901764768684
0,CEP126 (57562)_damaging,0.0003948409242383022
0,MMP3 (4314)_damaging,0.0003186967583670185
0,MMP12 (4321)_damaging,0.00011023759571810604
0,DYNC2H1 (79659)_damaging,0.00015643150067507164
0,NPAT (4863)_damaging,0.0008708278542274833
0,ATM (472)_damaging,0.0023780068268593317
0,EXPH5 (23086)_damaging,0.00019565897762296208
0,NKAPD1 (55216)_damaging,0.0002485054009981756
0,NCAM1 (4684)_damaging,0.00015988440038785541
0,USP28 (57646)_damaging,8.936509352143775e-05
0,DSCAML1 (57453)_damaging,0.00013437213767468348
0,KMT2A (4297)_damaging,0.001992967908558052
0,BCL9L (283149)_damaging,0.0028791370663520735
0,ARHGEF12 (23365)_damaging,0.0004810385093897528
0,TECTA (7007)_damaging,0.0002859268815442111
0,SORL1 (6653)_damaging,0.0009944260637162452
0,ROBO3 (64221)_damaging,0.00032523510192011693
0,CCDC15 (80071)_damaging,7.180540680261569e-05
0,IGSF9B (22997)_damaging,0.00016424196058304155
0,GLB1L2 (89944)_damaging,0.000718866829720242
0,LINC02714 (729305)_damaging,3.891376945977946e-05
0,KDM5A (5927)_damaging,0.0007343554608568978
0,WNK1 (65125)_damaging,0.00021122916329091538
0,CACNA1C (775)_damaging,0.00042380674357080214
0,VWF (7450)_damaging,0.0004478195170590848
0,PLEKHG6 (55200)_damaging,5.171112101143928e-05
0,CHD4 (1108)_damaging,9.638620387171563e-05
0,ATN1 (1822)_damaging,6.63899636853466e-05
0,A2ML1 (144568)_damaging,0.00011203374759319757
0,A2M (2)_damaging,0.00022871657286470875
0,ATF7IP (55729)_damaging,0.0003411293341431483
0,EPS8 (2059)_damaging,0.0001896773467446487
0,PDE3A (5139)_damaging,0.000920709417716319
0,SLCO1B3 (28234)_damaging,0.00021744557145367936
0,RECQL (5965)_damaging,1.6065371667814807e-05
0,ABCC9 (10060)_damaging,0.0005378983212568518
0,C2CD5 (9847)_damaging,0.00027511333459857205
0,ITPR2 (3709)_damaging,0.0021337821932284297
0,KIF21A (55605)_damaging,0.0004951178246717351
0,LRRK2 (120892)_damaging,0.00044993930808112344
0,MUC19 (283463)_damaging,0.003784650770502474
0,CNTN1 (1272)_damaging,0.00016247445789297494
0,PDZRN4 (29951)_damaging,0.00010657939758957872
0,ADAMTS20 (80070)_damaging,0.0004471740287961361
0,ANO6 (196527)_damaging,0.000195761584463601
0,ARID2 (196528)_damaging,0.000623596406966856
0,HDAC7 (51564)_damaging,5.421332501965051e-05
0,COL2A1 (1280)_damaging,0.00027389055954321547
0,WNT1 (7471)_damaging,1.2922646528888162e-06
0,KMT2D (8085)_damaging,0.0010340657397715297
0,PRPF40B (25766)_damaging,0.00010298953930018028
0,NCKAP5L (57701)_damaging,0.0005503402930345261
0,ACVR1B (91)_damaging,0.00023685797592269846
0,MAP3K12 (7786)_damaging,0.0007234537090613429
0,PAN2 (9924)_damaging,1.2033757016589087e-05
0,STAT2 (6773)_damaging,0.00053941428702305
0,NACA (4666)_damaging,0.0006921202656459729
0,MYO1A (4640)_damaging,2.2039029234947596e-05
0,STAT6 (6778)_damaging,0.0002833767865975542
0,LRP1 (4035)_damaging,8.12502332922508e-05
0,R3HDM2 (22864)_damaging,1.617560128978092e-05
0,GLI1 (2735)_damaging,0.0005355870526277865
0,MBD6 (114785)_damaging,0.0004958105898803949
0,KIF5A (3798)_damaging,0.0025387374468731237
0,XPOT (11260)_damaging,0.00040007267424855685
0,PTPRB (5787)_damaging,0.0007743234189553506
0,ZFC3H1 (196441)_damaging,0.00015276194520148743
0,E2F7 (144455)_damaging,0.0005683536231415344
0,NAV3 (89795)_damaging,9.535083481485113e-05
0,OTOGL (283310)_damaging,0.0003072598798006272
0,PTPRQ (374462)_damaging,0.00017980519675597553
0,PPFIA2 (8499)_damaging,0.000491462077055479
0,LRRIQ1 (84125)_damaging,0.0002082632454186613
0,CEP290 (80184)_damaging,0.00024486449170906243
0,EEA1 (8411)_damaging,0.0021224153169555914
0,PLXNC1 (10154)_damaging,0.0004355886160604651
0,CFAP54 (144535)_damaging,0.0003201844184757233
0,ANKS1B (56899)_damaging,0.00013767339308342827
0,BLTP3B (23074)_damaging,1.4654845621852976e-05
0,UTP20 (27340)_damaging,0.0005090056814764201
0,STAB2 (55576)_damaging,0.0006187648787561494
0,ALDH1L2 (160428)_damaging,0.0002904909329392107
0,ACACB (32)_damaging,0.0004561771113952703
0,MVK (4598)_damaging,3.409570521400066e-05
0,CUX2 (23316)_damaging,1.247766401351014e-05
0,ATXN2 (6311)_damaging,0.0003753437514713723
0,NAA25 (80018)_damaging,0.00015760298221868094
0,HECTD4 (283450)_damaging,0.00017332100023288038
0,DTX1 (1840)_damaging,0.00042258410328349703
0,CIT (11113)_damaging,0.0011855972055784577
0,GCN1 (10985)_damaging,0.0002331907426897169
0,HNF1A (6927)_damaging,0.0003229028367015165
0,KDM2B (84678)_damaging,0.0003239034878048975
0,SETD1B (23067)_damaging,0.0003708762776616776
0,KNTC1 (9735)_damaging,0.00017791284063003784
0,HIP1R (9026)_damaging,0.0003194357937852731
0,SBNO1 (55206)_damaging,0.0002626864093408201
0,DNAH10 (196385)_damaging,0.000424104093298525
0,NCOR2 (9612)_damaging,0.00018862066198101392
0,TMEM132D (121256)_damaging,0.0001612878886936389
0,RIMBP2 (23504)_damaging,0.0005344454651747942
0,SFSWAP (6433)_damaging,0.00022561906054352309
0,EP400 (57634)_damaging,0.00043940392688392844
0,POLE (5426)_damaging,5.695263874059144e-05
0,ZMYM2 (7750)_damaging,0.0002749442744718633
0,SACS (26278)_damaging,0.00015531531411337122
0,RNF17 (56163)_damaging,0.0007379617985619149
0,CENPJ (55835)_damaging,0.0009456865235873565
0,ATP8A2 (51761)_damaging,0.00023139916501395307
0,FRY (10129)_damaging,0.00041190120357978985
0,BRCA2 (675)_damaging,0.00036148740887576144
0,PDS5B (23047)_damaging,0.005916120646052436
0,NBEA (26960)_damaging,0.0005492805323489545
0,FREM2 (341640)_damaging,0.0008328438158296393
0,DGKH (160851)_damaging,0.0007459992493558093
0,ZC3H13 (23091)_damaging,0.00013047839194384915
0,RB1 (5925)_damaging,0.01609041986633637
0,PCDH17 (27253)_damaging,0.0003294221382998307
0,KLHL1 (57626)_damaging,0.000193165746751127
0,DACH1 (1602)_damaging,7.618078078545051e-05
0,DIS3 (22894)_damaging,0.00013595029412009587
0,MYCBP2 (23077)_damaging,0.00021139037246922988
0,SLITRK1 (114798)_damaging,0.00012049938883818524
0,SLITRK5 (26050)_damaging,3.916370534660402e-05
0,DOCK9 (23348)_damaging,5.555706460576881e-06
0,NALCN (259232)_damaging,0.0005594771379397853
0,CCDC168 (643677)_damaging,0.0008313685690332771
0,MYO16 (23026)_damaging,0.00097774210671474
0,IRS2 (8660)_damaging,9.590793506740641e-05
0,COL4A1 (1282)_damaging,3.153475123409884e-06
0,COL4A2 (1284)_damaging,0.0013289367092800446
0,TEP1 (7011)_damaging,0.00010648598856447633
0,CHD8 (57680)_damaging,0.0013845041957707212
0,AJUBA (84962)_damaging,0.0007408656816652145
0,ACIN1 (22985)_damaging,8.608325824558808e-05
0,MYH7 (4625)_damaging,0.0023674624379042028
0,CARMIL3 (90668)_damaging,0.00036263078922392456
0,NYNRIN (57523)_damaging,0.0007362427137434335
0,HECTD1 (25831)_damaging,0.0006959215283939901
0,AKAP6 (9472)_damaging,0.00029091788857234056
0,NPAS3 (64067)_damaging,6.824803358071853e-05
0,RALGAPA1 (253959)_damaging,0.00011914605970868906
0,MIPOL1 (145282)_damaging,3.079976465879808e-05
0,TOGARAM1 (23116)_damaging,7.454396224477254e-05
0,FANCM (57697)_damaging,0.0011176213920608149
0,MDGA2 (161357)_damaging,0.00030538599744889565
0,NIN (51199)_damaging,0.00013025932106837707
0,NID2 (22795)_damaging,0.0005596363632545853
0,KTN1 (3895)_damaging,0.00025349307582553675
0,ARID4A (5926)_damaging,0.0004857270156126024
0,HIF1A (3091)_damaging,7.034331664508374e-05
0,KCNH5 (27133)_damaging,0.00041893045431376416
0,SYNE2 (23224)_damaging,0.0008078289883994414
0,PCNX1 (22990)_damaging,0.0013087913828814753
0,SIPA1L1 (26037)_damaging,0.0005991323170546258
0,MIDEAS (91748)_damaging,6.26768013434007e-05
0,YLPM1 (56252)_damaging,0.00023843764372471636
0,MLH3 (27030)_damaging,0.000399233066409207
0,NRXN3 (9369)_damaging,0.0002046626450311217
0,CEP128 (145508)_damaging,0.00017475542591951688
0,PTPN21 (11099)_damaging,2.8859967751003414e-05
0,EML5 (161436)_damaging,1.3506074521963384e-17
0,FOXN3 (1112)_damaging,5.188529976986449e-05
0,CCDC88C (440193)_damaging,3.0020684963089295e-06
0,TRIP11 (9321)_damaging,0.0002821023122789619
0,UNC79 (57578)_damaging,0.0006004280967764717
0,ATG2B (55102)_damaging,0.00012543324305962412
0,RTL1 (388015)_damaging,0.00025992767704433403
0,DYNC1H1 (1778)_damaging,0.0002846171827115603
0,CDC42BPB (9578)_damaging,0.00026929289916170394
0,KIF26A (26153)_damaging,0.0003129967535376551
0,INF2 (64423)_damaging,7.228451780861998e-05
0,CEP170B (283638)_damaging,0.0018426252401340026
0,AHNAK2 (113146)_damaging,0.0004918557762321571
0,MTA1 (9112)_damaging,0.00022536350868536932
0,HERC2 (8924)_damaging,0.00030847590905382896
0,ENTREP2 (23359)_damaging,0.00020416887332084846
0,TRPM1 (4308)_damaging,0.00016664094944951805
0,FMN1 (342184)_damaging,0.0002576940960975258
0,RYR3 (6263)_damaging,0.0011990364605883367
0,INO80 (54617)_damaging,0.0005193906658243124
0,TYRO3 (7301)_damaging,0.002647802341214388
0,MGA (23269)_damaging,0.0006985912293621598
0,SPTBN5 (51332)_damaging,0.00015729563820014137
0,ZNF106 (64397)_damaging,0.0007521513974061326
0,STARD9 (57519)_damaging,0.0003032752022341281
0,UBR1 (197131)_damaging,0.0004324362308694822
0,TP53BP1 (7158)_damaging,0.0009067719416590785
0,MAP1A (4130)_damaging,5.6530897763758315e-05
0,SPG11 (80208)_damaging,0.0008665726722615995
0,B2M (567)_damaging,0.00011027692155716683
0,DUOX2 (50506)_damaging,0.00039233860439832316
0,SLC12A1 (6557)_damaging,0.0
0,FBN1 (2200)_damaging,0.00036525854869548405
0,AP4E1 (23431)_damaging,0.000155366839418285
0,DMXL2 (23312)_damaging,0.00021109224586525775
0,MYO5C (55930)_damaging,0.00010325295603199879
0,WDR72 (256764)_damaging,0.0009947503906886299
0,UNC13C (440279)_damaging,0.0009801880559152107
0,RFX7 (64864)_damaging,0.00018788531814567505
0,ICE2 (79664)_damaging,0.0006321870354101834
0,VPS13C (54832)_damaging,0.00029132243756284213
0,TLN2 (83660)_damaging,0.00014760374229277716
0,HERC1 (8925)_damaging,0.00015867492580645492
0,ZNF609 (23060)_damaging,0.0028956990252520707
0,CILP (8483)_damaging,0.00016633808675040146
0,NOX5 (79400)_damaging,0.00028818565083476585
0,MYO9A (4649)_damaging,9.395140068893031e-05
0,HCN4 (10021)_damaging,0.0004365595212019832
0,ARID3B (10620)_damaging,2.8963518480442746e-06
0,SIN3A (25942)_damaging,0.0020930088098315832
0,PEAK1 (79834)_damaging,0.0003304561205417481
0,ADAMTSL3 (57188)_damaging,0.0004680963551325589
0,AKAP13 (11214)_damaging,0.0001755401006233084
0,AGBL1 (123624)_damaging,0.0004832613261119349
0,TICRR (90381)_damaging,0.00012279487695981186
0,KIF7 (374654)_damaging,0.002729188773748586
0,IQGAP1 (8826)_damaging,5.845338452100658e-05
0,BLM (641)_damaging,0.0004049757208276594
0,FES (2242)_damaging,0.0001397416956366667
0,CHD2 (1106)_damaging,0.00022750797430521756
0,LRRK1 (79705)_damaging,0.00039111050377807266
0,AXIN1 (8312)_damaging,0.00021266248786379295
0,WDR90 (197335)_damaging,1.2862486990051758e-05
0,CACNA1H (8912)_damaging,1.9465415755874068e-05
0,UNKL (64718)_damaging,1.9616425941079726e-05
0,CRAMP1 (57585)_damaging,5.5111496306543715e-05
0,TSC2 (7249)_damaging,0.0002676446038554998
0,PKD1 (5310)_damaging,0.0035902308368513623
0,CASKIN1 (57524)_damaging,1.4197801119830447e-05
0,CREBBP (1387)_damaging,0.0076590166328699815
0,USP7 (7874)_damaging,5.3686286323529e-05
0,GRIN2A (2903)_damaging,0.000746910670123368
0,CIITA (4261)_damaging,0.0002877560065325632
0,SMG1 (23049)_damaging,5.735246083622076e-05
0,KNOP1 (400506)_damaging,0.0030070782422704735
0,DNAH3 (55567)_damaging,0.00013305465677210102
0,SCNN1B (6338)_damaging,0.0005005799373112053
0,PALB2 (79728)_damaging,0.0005402132874527143
0,ERN2 (10595)_damaging,7.31391603017678e-05
0,TNRC6A (27327)_damaging,0.00010339927761328122
0,ARHGAP17 (55114)_damaging,0.0006400236501889038
0,GTF3C1 (2975)_damaging,0.0007563442037997735
0,ATXN2L (11273)_damaging,3.1745853201892324e-05
0,SH2B1 (25970)_damaging,9.478679763578034e-05
0,ITGAL (3683)_damaging,0.0003741603572874322
0,SRCAP (10847)_damaging,0.000286156181002691
0,SETD1A (9739)_damaging,0.0006973128398713031
0,CHD9 (80205)_damaging,0.00011805139183237571
0,RBL2 (5934)_damaging,0.0004671840150994776
0,NLRC5 (84166)_damaging,0.00039084973301388144
0,CNGB1 (1258)_damaging,0.0002257779470907592
0,CNOT1 (23019)_damaging,6.822162802145569e-05
0,CDH8 (1006)_damaging,0.0002220769720072278
0,CDH11 (1009)_damaging,0.00023085145984773578
0,CTCF (10664)_damaging,0.012060699392534253
0,CDH1 (999)_damaging,0.0005304771923668243
0,MTSS2 (92154)_damaging,0.0001499624321947492
0,DHX38 (9785)_damaging,0.0001609620300267571
0,ZFHX3 (463)_damaging,0.0021003130096085183
0,CNTNAP4 (85445)_damaging,0.0006077808713015409
0,PKD1L2 (114780)_damaging,0.00010957890054846078
0,TAF1C (9013)_damaging,0.00016208693950948508
0,GSE1 (23199)_damaging,0.0005935538991676911
0,ZNF469 (84627)_damaging,0.0004528609680182018
0,ZC3H18 (124245)_damaging,0.000606164892994579
0,LINC02138 (400558)_damaging,0.0012246602799152902
0,CDH15 (1013)_damaging,0.0007619374894074593
0,ANKRD11 (29123)_damaging,0.0005660910941323277
0,VPS9D1 (9605)_damaging,0.00012578980207923719
0,WDR81 (124997)_damaging,9.313498233134664e-05
0,SPATA22 (84690)_damaging,0.0003783883578072499
0,ZZEF1 (23140)_damaging,0.00018180419439120169
0,USP6 (9098)_damaging,0.00019502943412098291
0,FXR2 (9513)_damaging,0.0007128041745519871
0,TP53 (7157)_damaging,0.08912895496765395
0,EFNB3 (1949)_damaging,0.00016940894861618472
0,DNAH2 (146754)_damaging,0.002398072061215563
0,KDM6B (23135)_damaging,0.0006659754029700605
0,CHD3 (1107)_damaging,0.0001492517535949438
0,PER1 (5187)_damaging,0.0005468053881632132
0,PFAS (5198)_damaging,7.642018314615073e-05
0,MYH13 (8735)_damaging,0.00038476580888325716
0,MYH8 (4626)_damaging,0.0005147677879461183
0,MYH4 (4622)_damaging,6.732020228868705e-05
0,MYH1 (4619)_damaging,0.0008507952635944484
0,MYH2 (4620)_damaging,0.0003728111137840561
0,DNAH9 (1770)_damaging,0.001256309854253703
0,MYOCD (93649)_damaging,0.0005694737205572299
0,NCOR1 (9611)_damaging,0.0001420822505904097
0,MPRIP (23164)_damaging,2.5149311271330735e-05
0,FLCN (201163)_damaging,0.0002561836348515352
0,MYO15A (51168)_damaging,0.0004897161882158232
0,TOP3A (7156)_damaging,0.00011740505607231497
0,SPECC1 (92521)_damaging,0.0006967376940841283
0,KSR1 (8844)_damaging,0.00012168670642843699
0,EFCAB5 (374786)_damaging,0.00012924642373397493
0,CPD (1362)_damaging,6.104882998700258e-05
0,ATAD5 (79915)_damaging,0.00024806589281232966
0,NF1 (4763)_damaging,0.0005365670298723898
0,SLFN5 (162394)_damaging,2.5078058306377016e-05
0,SLFN11 (91607)_damaging,0.00010929215990425078
0,ACACA (31)_damaging,8.504567825579054e-06
0,GPR179 (440435)_damaging,0.00012726835609632266
0,SRCIN1 (80725)_damaging,0.00020910224760855428
0,TOP2A (7153)_damaging,0.00040279486672891704
0,KCNH4 (23415)_damaging,0.00021474150875699444
0,STAT5B (6777)_damaging,0.0006846000532544647
0,BRCA1 (672)_damaging,0.002061073510088888
0,HDAC5 (10014)_damaging,0.0003043350166594092
0,ITGA2B (3674)_damaging,0.000813997197092432
0,GPATCH8 (23131)_damaging,0.00023862157686416525
0,KANSL1 (284058)_damaging,0.0022079136395906657
0,COL1A1 (1277)_damaging,0.0005002572306136607
0,CACNA1G (8913)_damaging,0.0004551475410818715
0,ANKFN1 (162282)_damaging,0.0001241287700698378
0,TSPOAP1 (9256)_damaging,0.0005285732827897256
0,RNF43 (54894)_damaging,0.0006093913186534805
0,PPM1D (8493)_damaging,0.0009611989218048676
0,TBX4 (9496)_damaging,4.058570617498796e-05
0,MED13 (9969)_damaging,0.0007008312009386882
0,MRC2 (9902)_damaging,0.00027559905429881074
0,SCN4A (6329)_damaging,0.00016196897412936123
0,TEX2 (55852)_damaging,0.0016376055607734115
0,GNA13 (10672)_damaging,0.0012619455655074093
0,HELZ (9931)_damaging,0.001474662471165419
0,NOL11 (25926)_damaging,9.067676358853722e-05
0,BPTF (2186)_damaging,0.0002603628278331427
0,ABCA8 (10351)_damaging,9.105074968044856e-05
0,ABCA9 (10350)_damaging,0.0003284690201376348
0,ABCA6 (23460)_damaging,0.00010896057492279123
0,ABCA10 (10349)_damaging,0.0001124709582218745
0,ABCA5 (23461)_damaging,0.00014414546260480143
0,SDK2 (54549)_damaging,0.0006407993231531061
0,TMEM94 (9772)_damaging,0.001985753316687241
0,CASKIN2 (57513)_damaging,2.5234090764101346e-05
0,MYO15B (80022)_damaging,0.0009145716547488331
0,ITGB4 (3691)_damaging,0.0005482746333735561
0,EVPL (2125)_damaging,9.676562046452757e-05
0,RHBDF2 (79651)_damaging,0.001084939495868906
0,TNRC6C (57690)_damaging,0.0005626446603839249
0,DNAH17 (8632)_damaging,0.00011927467586435124
0,RPTOR (57521)_damaging,1.6798563946567078e-06
0,BAHCC1 (57597)_damaging,9.73914982515384e-05
0,FASN (2194)_damaging,0.0006656170595776567
0,SMCHD1 (23347)_damaging,5.315559795816451e-06
0,EPB41L3 (23136)_damaging,0.00032410569080535816
0,LAMA1 (284217)_damaging,0.0003481254109271057
0,PTPRM (5797)_damaging,0.0005530093456656838
0,MTCL1 (23255)_damaging,4.8920329145745245e-05
0,ANKRD12 (23253)_damaging,0.00011463032431663403
0,PIEZO2 (63895)_damaging,0.0006147631378311001
0,ANKRD30B (374860)_damaging,0.00011369007917362168
0,ROCK1 (6093)_damaging,0.00034989746061195385
0,LAMA3 (3909)_damaging,0.0007227911985703757
0,OSBPL1A (114876)_damaging,6.475462671948723e-05
0,CCDC178 (374864)_damaging,1.349414438669222e-18
0,ASXL3 (80816)_damaging,0.0006879942023174167
0,FHOD3 (80206)_damaging,7.355073438977772e-05
0,SETBP1 (26040)_damaging,0.000379526654809507
0,LOXHD1 (125336)_damaging,0.0005955209322202369
0,SKOR2 (652991)_damaging,0.00011182246255984922
0,ZBTB7C (201501)_damaging,0.000251641432516158
0,MYO5B (4645)_damaging,0.00029290974458948653
0,SMAD4 (4089)_damaging,0.00892831963822583
0,DCC (1630)_damaging,0.0015837980887629542
0,ALPK2 (115701)_damaging,9.673168682119887e-05
0,CDH7 (1005)_damaging,0.0004320857804277711
0,DSEL (92126)_damaging,0.0001499287683098526
0,RTTN (25914)_damaging,4.790991125565185e-06
0,CBLN2 (147381)_damaging,0.0003381835049303983
0,ZNF236 (7776)_damaging,0.00042613546834522855
0,SALL3 (27164)_damaging,0.00013322154234324623
0,ATP9B (374868)_damaging,0.00010481326296086051
0,KCNG2 (26251)_damaging,5.4914735142529374e-05
0,ABCA7 (10347)_damaging,0.00031629131189832185
0,STK11 (6794)_damaging,0.0037922876152996802
0,DAZAP1 (26528)_damaging,0.00035874131052997883
0,TCF3 (6929)_damaging,0.0002832866943644514
0,REXO1 (57455)_damaging,0.0002731094406865212
0,AP3D1 (8943)_damaging,0.002466688097936384
0,DOT1L (84444)_damaging,0.000442343413299228
0,ZBTB7A (51341)_damaging,0.00028217592605167145
0,TICAM1 (148022)_damaging,0.00011811946904106395
0,KDM4B (23030)_damaging,0.00019921918858994953
0,PTPRS (5802)_damaging,0.005268991775116476
0,SAFB2 (9667)_damaging,0.0007013760543025086
0,SAFB (6294)_damaging,0.00014551026003826122
0,CAMSAP3 (57662)_damaging,0.00016078845832106614
0,MAP2K7 (5609)_damaging,0.0001719108179747114
0,FBN3 (84467)_damaging,0.00022113854778226896
0,MUC16 (94025)_damaging,0.0008976047604763836
0,COL5A3 (50509)_damaging,0.00010990365944332524
0,DNMT1 (1786)_damaging,0.00010134429721287153
0,TYK2 (7297)_damaging,3.724800128771668e-05
0,KEAP1 (9817)_damaging,0.0023497247535318234
0,SMARCA4 (6597)_damaging,0.0014827605349960317
0,MAN2B1 (4125)_damaging,8.58356828620312e-05
0,MAST1 (22983)_damaging,1.7069014682217483e-05
0,CACNA1A (773)_damaging,0.0013967700750429878
0,NOTCH3 (4854)_damaging,0.0004433220129844111
0,BRD4 (23476)_damaging,0.00013149104453619352
0,WIZ (58525)_damaging,0.0002355692871901886
0,SIN3B (23309)_damaging,0.00015742308585615006
0,CPAMD8 (27151)_damaging,0.0004264798616285951
0,ZNF729 (100287226)_damaging,0.00032173615463459385
0,ZNF536 (9745)_damaging,0.0004212660961881641
0,TSHZ3 (57616)_damaging,0.00035438631558683704
0,KMT2B (9757)_damaging,0.0013848293302072437
0,WDR87 (83889)_damaging,0.00020763652050237032
0,SIPA1L3 (23094)_damaging,0.0003971425192455922
0,RYR1 (6261)_damaging,0.00023281252855083428
0,CAPN12 (147968)_damaging,0.0010715292782133795
0,FCGBP (8857)_damaging,0.0006005970264089081
0,PRX (57716)_damaging,0.00019780090730609948
0,AXL (558)_damaging,0.00023604900579928534
0,HNRNPUL1 (11100)_damaging,0.00038489833389598595
0,ARHGEF1 (9138)_damaging,0.00022167449296031983
0,ERF (2077)_damaging,0.00035809792556397625
0,CIC (23152)_damaging,0.0004326957506020495
0,MEGF8 (1954)_damaging,0.0005597359579565062
0,MARK4 (57787)_damaging,5.316090289731667e-05
0,ARHGAP35 (2909)_damaging,0.0014956202403004811
0,ZC3H4 (23211)_damaging,0.00022387422635869672
0,BICRA (29998)_damaging,0.0005318882672619266
0,LMTK3 (114783)_damaging,0.0008823537292383813
0,PRR12 (57479)_damaging,0.00011238904809217705
0,SCAF1 (58506)_damaging,0.0003202334939435824
0,POLD1 (5424)_damaging,0.00029608494186516714
0,SHANK1 (50944)_damaging,0.00024300572371651962
0,NLRP7 (199713)_damaging,0.001048212706469502
0,BRSK1 (84446)_damaging,0.004375235260307404
0,SSC5D (284297)_damaging,0.0003908495102819331
0,NLRP9 (338321)_damaging,0.00014082493308520535
0,NLRP4 (147945)_damaging,0.0002729545129679222
0,PEG3 (5178)_damaging,0.0005663758808339245
0,ZIM3 (114026)_damaging,0.00019223001868550713
0,PXDN (7837)_damaging,5.9496585668919646e-05
0,MYT1L (23040)_damaging,0.0006580510636946538
0,ROCK2 (9475)_damaging,0.00019373642978443215
0,GREB1 (9687)_damaging,7.42704581481987e-05
0,NBAS (51594)_damaging,0.00039009685250843634
0,RAD51AP2 (729475)_damaging,0.000465062803696901
0,APOB (338)_damaging,0.0004177636572170823
0,TDRD15 (100129278)_damaging,0.0003207464724358809
0,ATAD2B (54454)_damaging,0.00032336060655654514
0,ITSN2 (50618)_damaging,6.586611838779995e-05
0,DNMT3A (1788)_damaging,0.00011595566754026762
0,ASXL2 (55252)_damaging,0.0010415647242261279
0,OTOF (9381)_damaging,0.00024037992522576402
0,CAD (790)_damaging,0.00031780732741580614
0,IFT172 (26160)_damaging,9.280344403867272e-05
0,SPATA31H1 (84226)_damaging,0.007367509036320499
0,ALK (238)_damaging,0.0002057141055616967
0,BIRC6 (57448)_damaging,0.0005217413598609164
0,LTBP1 (4052)_damaging,0.000516060921332971
0,HEATR5B (54497)_damaging,7.01968824723913e-05
0,ZFP36L2 (678)_damaging,0.00029190308165659526
0,THADA (63892)_damaging,2.887486343392718e-18
0,MSH2 (4436)_damaging,0.00045448124078615476
0,MSH6 (2956)_damaging,0.000671235499256772
0,NRXN1 (9378)_damaging,0.002061628761856471
0,SPTBN1 (6711)_damaging,8.977729180619487e-05
0,EML6 (400954)_damaging,0.0003397771050331663
0,CCDC88A (55704)_damaging,0.0003399777046449001
0,BCL11A (53335)_damaging,0.00014900183411059364
0,USP34 (9736)_damaging,7.822450344296286e-05
0,DYSF (8291)_damaging,0.00023308137185148117
0,ALMS1 (7840)_damaging,0.00019059653098512535
0,LOXL3 (84695)_damaging,0.0003845979979349464
0,CTNNA2 (1496)_damaging,0.0011862349094538174
0,DNAH6 (1768)_damaging,0.00048103941794461983
0,PROM2 (150696)_damaging,6.757955366598751e-05
0,TMEM131 (23505)_damaging,0.00029293456406292393
0,CRACDL (343990)_damaging,3.979466018316752e-05
0,EIF5B (9669)_damaging,0.0004714357318632364
0,SLC5A7 (60482)_damaging,0.0003967237397734292
0,DPP10 (57628)_damaging,0.0003029761403300619
0,MARCO (8685)_damaging,0.0001345704081606397
0,EPB41L5 (57669)_damaging,9.013733194019794e-05
0,CNTNAP5 (129684)_damaging,0.0005253607976800177
0,WDR33 (55339)_damaging,0.00012663679042120092
0,SAP130 (79595)_damaging,9.239799191641129e-05
0,UGGT1 (56886)_damaging,0.0005312530946678947
0,ARHGEF4 (50649)_damaging,0.00041689338106662004
0,NCKAP5 (344148)_damaging,0.0005405350227390232
0,THSD7B (80731)_damaging,0.000586152143255124
0,LRP1B (53353)_damaging,0.001014421313022117
0,ACVR2A (92)_damaging,0.002903880623513917
0,ORC4 (5000)_damaging,0.00017547840405426698
0,RIF1 (55183)_damaging,0.0004325435678916251
0,NEB (4703)_damaging,0.0005171779650877134
0,GALNT13 (114805)_damaging,0.0
0,BAZ2B (29994)_damaging,0.0007510095883210042
0,LY75 (4065)_damaging,0.00030086561149450996
0,PLA2R1 (22925)_damaging,0.0014372059205358828
0,SLC4A10 (57282)_damaging,0.00027782387826006847
0,KCNH7 (90134)_damaging,0.00019948852169862546
0,FIGN (55137)_damaging,0.00012524802425038225
0,SCN3A (6328)_damaging,8.694136305523425e-05
0,SCN2A (6326)_damaging,0.0008587007428272393
0,TTC21B (79809)_damaging,0.00011823278281912505
0,SCN9A (6335)_damaging,0.0006684982199780035
0,SCN7A (6332)_damaging,0.0006896034084196745
0,XIRP2 (129446)_damaging,0.002378957866354851
0,LRP2 (4036)_damaging,0.00039657505487350687
0,PPIG (9360)_damaging,0.0004946678748102433
0,GPR155 (151556)_damaging,0.0003163402094625373
0,TTN (7273)_damaging,0.00750373944657614
0,CCDC141 (285025)_damaging,0.0001726495367394627
0,ITGA4 (3676)_damaging,8.241585542810058e-05
0,FSIP2 (401024)_damaging,0.0010703585495954588
0,COL3A1 (1281)_damaging,0.0004112199713797555
0,COL5A2 (1290)_damaging,0.0002691617689592166
0,WDR75 (84128)_damaging,0.00012818827909926545
0,ANKAR (150709)_damaging,2.2016619598271797e-07
0,DNAH7 (56171)_damaging,0.0007100302160042853
0,HECW2 (57520)_damaging,0.0007512221695515913
0,PLCL1 (5334)_damaging,8.87112134905061e-06
0,SGO2 (151246)_damaging,6.643903821415324e-05
0,CASP8 (841)_damaging,0.00036020078682622085
0,C2CD6 (151254)_damaging,0.00017975701484628038
0,BMPR2 (659)_damaging,0.0005030123320958466
0,NBEAL1 (65065)_damaging,0.0011484251255901637
0,PARD3B (117583)_damaging,0.00035273379477395323
0,NRP2 (8828)_damaging,0.0005320056912303774
0,INO80D (54891)_damaging,0.0008846792567237943
0,ZDBF2 (57683)_damaging,0.0004975741732280915
0,MAP2 (4133)_damaging,0.00023198768514387402
0,UNC80 (285175)_damaging,0.0008193883934848593
0,KANSL1L (151050)_damaging,7.065500761512124e-05
0,CPS1 (1373)_damaging,0.0003861788482982473
0,ERBB4 (2066)_damaging,8.673553024637265e-07
0,ABCA12 (26154)_damaging,0.0003871738942076491
0,FN1 (2335)_damaging,0.0010589313968170958
0,TNS1 (7145)_damaging,8.222517473362425e-05
0,CFAP65 (255101)_damaging,0.0007962749671012615
0,SPEG (10290)_damaging,0.0010282915706851857
0,OBSL1 (23363)_damaging,4.882888770825025e-06
0,SLC4A3 (6508)_damaging,0.000597464942243928
0,NYAP2 (57624)_damaging,0.0
0,IRS1 (3667)_damaging,2.0715761086717362e-05
0,COL4A4 (1286)_damaging,0.00010511314748523672
0,SPHKAP (80309)_damaging,0.00032484813615124596
0,TRIP12 (9320)_damaging,0.0002414382252996098
0,MROH2A (339766)_damaging,0.001814393717954057
0,COL6A3 (1293)_damaging,9.372285042079598e-05
0,HDAC4 (9759)_damaging,0.0008850069232536939
0,KIF1A (547)_damaging,0.0003725032100059516
0,FASTKD5 (60493)_damaging,0.000351027487925609
0,SLC4A11 (83959)_damaging,0.00018629507492771462
0,PLCB4 (5332)_damaging,8.212703454479107e-05
0,ESF1 (51575)_damaging,0.00021342972274199194
0,RRBP1 (6238)_damaging,1.9387380244017853e-17
0,CFAP61 (26074)_damaging,0.0005875812550535409
0,RALGAPA2 (57186)_damaging,0.00029262482284566336
0,ASXL1 (171023)_damaging,0.0005233347931354519
0,NCOA6 (23054)_damaging,0.00036516217808384567
0,MYH7B (57644)_damaging,0.0002322787282778009
0,CEP250 (11190)_damaging,0.0005362023678546126
0,SAMHD1 (25939)_damaging,0.00010815460452883893
0,KIAA1755 (85449)_damaging,3.0889023697557515e-05
0,RALGAPB (57148)_damaging,9.745404472980942e-05
0,CHD6 (84181)_damaging,0.00040353496775117584
0,PTPRT (11122)_damaging,0.000554771272696775
0,NCOA3 (8202)_damaging,0.00018551010874202613
0,DDX27 (55661)_damaging,0.00046417919903787765
0,KCNB1 (3745)_damaging,0.00021662034626661244
0,ADNP (23394)_damaging,0.0002536452302137774
0,SALL4 (57167)_damaging,9.361359331957691e-05
0,ZNF831 (128611)_damaging,0.00037459159428134
0,SYCP2 (10388)_damaging,0.00022275019580364188
0,LAMA5 (3911)_damaging,0.002389095964926475
0,DIDO1 (11083)_damaging,0.0003259258862197047
0,COL20A1 (57642)_damaging,0.00023675150428471392
0,KCNQ2 (3785)_damaging,7.48848022546621e-05
0,HELZ2 (85441)_damaging,0.004198570773825159
0,TPTE (7179)_damaging,0.00032336689807429744
0,NRIP1 (8204)_damaging,9.57904239553381e-05
0,LTN1 (26046)_damaging,0.0002807881710752116
0,SCAF4 (57466)_damaging,0.004526203367658219
0,ITSN1 (6453)_damaging,0.0005208805005535237
0,DOP1B (9980)_damaging,0.00044062807625589763
0,BRWD1 (54014)_damaging,0.000714263320377187
0,DSCAM (1826)_damaging,0.0002504026254804145
0,ZBTB21 (49854)_damaging,0.0008432770156734575
0,NDUFV3 (4731)_damaging,7.64226754293734e-05
0,COL18A1 (80781)_damaging,0.001883858077685724
0,COL6A1 (1291)_damaging,5.615738114967661e-05
0,MCM3AP (8888)_damaging,7.884165000450106e-05
0,PCNT (5116)_damaging,0.00011735571043621144
0,CECR2 (27443)_damaging,0.000364397482866712
0,ZDHHC8 (29801)_damaging,1.952380338198152e-18
0,LZTR1 (8216)_damaging,0.0004744033711566847
0,SMARCB1 (6598)_damaging,0.00026389091215660385
0,MYO18B (84700)_damaging,0.00029420210320208525
0,MN1 (4330)_damaging,0.00030865673434398333
0,CHEK2 (11200)_damaging,0.0002491111994857867
0,ZNRF3 (84133)_damaging,3.283075035548794e-18
0,NF2 (4771)_damaging,0.009846792345850819
0,MTMR3 (8897)_damaging,0.0008982956020850966
0,DEPDC5 (9681)_damaging,0.00017216660503494979
0,RTCB (51493)_damaging,2.2678549702076678e-06
0,MYH9 (4627)_damaging,0.00026978516695735314
0,CSF2RB (1439)_damaging,0.0009724901347389555
0,TRIOBP (11078)_damaging,0.00040004610455047866
0,CACNA1I (8911)_damaging,0.003030932858113013
0,TNRC6B (23112)_damaging,0.0003087767222411894
0,EP300 (2033)_damaging,0.0014865870885698127
0,ZC3H7B (23264)_damaging,0.00017437224849277066
0,MEI1 (150365)_damaging,0.00018340943760192553
0,TCF20 (6942)_damaging,0.0008684396983375046
0,SMC1B (27127)_damaging,0.0007313242079125404
0,PKDREJ (10343)_damaging,0.0001336994432055233
0,CELSR1 (9620)_damaging,0.0005579152976685143
0,PLXNB2 (23654)_damaging,0.0016169994753591163
0,PPP6R2 (9701)_damaging,0.0005915970992035937
0,SBF1 (6305)_damaging,0.000516396888438066
0,CNTN6 (27255)_damaging,0.00016845343285747954
0,CNTN4 (152330)_damaging,0.001963206944729909
0,GRM7 (2917)_damaging,0.000682558413360515
0,SSUH2 (51066)_damaging,0.00017235637958075873
0,VHL (7428)_damaging,0.00045601451723678663
0,NUP210 (23225)_damaging,2.617422764121298e-05
0,TOP2B (7155)_damaging,3.0281755731010808e-05
0,TGFBR2 (7048)_damaging,0.00047192455748931847
0,CLASP2 (23122)_damaging,0.00014027241844640775
0,TRANK1 (9881)_damaging,0.0005431940319248585
0,MLH1 (4292)_damaging,0.00016349230011257517
0,GOLGA4 (2803)_damaging,0.0005538850712074284
0,SCN11A (11280)_damaging,0.0006239351440655074
0,TOPAZ1 (375337)_damaging,0.00016688790545504506
0,KIF15 (56992)_damaging,4.8445218075467995e-06
0,SETD2 (29072)_damaging,0.0006418742441982678
0,PTPN23 (25930)_damaging,0.0037322933629714153
0,PLXNB1 (5364)_damaging,0.0006961698842546731
0,COL7A1 (1294)_damaging,0.00032879421186116656
0,CELSR3 (1951)_damaging,0.00030283844855814293
0,LAMB2 (3913)_damaging,0.0007666692113132317
0,RHOA (387)_damaging,0.00035444399525480074
0,BSN (8927)_damaging,0.00016569151092775083
0,RBM6 (10180)_damaging,0.00010966092241884931
0,DOCK3 (1795)_damaging,0.0005295246893072011
0,DNAH1 (25981)_damaging,0.0009557733805725001
0,BAP1 (8314)_damaging,0.00020926488571984707
0,STAB1 (23166)_damaging,0.00032463598121843234
0,PBRM1 (55193)_damaging,0.0002717861918755773
0,CACNA1D (776)_damaging,5.6204979607740804e-05
0,TASOR (23272)_damaging,0.0004650989515416021
0,DNAH12 (201625)_damaging,0.0003167603838551293
0,FLNB (2317)_damaging,0.0008056241285061414
0,PTPRG (5793)_damaging,0.0006253029152043811
0,ATXN7 (6314)_damaging,0.0010669264118584832
0,ADAMTS9 (56999)_damaging,0.00042937712788024095
0,ROBO2 (6092)_damaging,0.00020465085824061745
0,ROBO1 (6091)_damaging,0.0010871144211292282
0,EPHA3 (2042)_damaging,0.00016155206868353708
0,CRYBG3 (131544)_damaging,0.0002869237124789943
0,FILIP1L (11259)_damaging,6.858929974802673e-07
0,ABI3BP (25890)_damaging,0.00015228136444193978
0,NFKBIZ (64332)_damaging,0.00044311601152155814
0,MYH15 (22989)_damaging,0.00037990725609109003
0,DZIP3 (9666)_damaging,0.00025268941670902667
0,MORC1 (27136)_damaging,3.194287767299286e-05
0,ZBTB20 (26137)_damaging,0.0006399890031997203
0,CFAP91 (89876)_damaging,0.00012641848704651637
0,POLQ (10721)_damaging,7.811587410904997e-05
0,GOLGB1 (2804)_damaging,7.33834849807592e-08
0,MYLK (4638)_damaging,0.0002370293608094503
0,KALRN (8997)_damaging,0.0029170128439389613
0,PLXNA1 (5361)_damaging,0.0007694906894653335
0,MBD4 (8930)_damaging,0.000683277571797225
0,COL6A5 (256076)_damaging,0.00012454464681319733
0,DNAJC13 (23317)_damaging,0.0002497208198923754
0,TOPBP1 (11073)_damaging,0.0002451812046288081
0,ATR (545)_damaging,0.004049337866383865
0,MED12L (116931)_damaging,0.00021034916825628746
0,IGSF10 (285313)_damaging,0.00017418351098609833
0,ARHGEF26 (26084)_damaging,0.000156616684053891
0,PLCH1 (23007)_damaging,0.00015310964928757524
0,SMC4 (10051)_damaging,6.399399846414144e-05
0,SI (6476)_damaging,0.00046024986630947823
0,ZBBX (79740)_damaging,3.745610701649114e-05
0,MECOM (2122)_damaging,0.0003079821829426722
0,SPATA16 (83893)_damaging,0.00022665707363733533
0,USP13 (8975)_damaging,0.000736127771034416
0,ATP13A5 (344905)_damaging,0.00018112189777020653
0,MUC4 (4585)_damaging,0.00030772074324675645
0,TNK2 (10188)_damaging,0.0002395254519957846
0,NSD2 (7468)_damaging,0.0003170079475713308
0,POLN (353497)_damaging,0.00037421935273408084
0,FAM193A (8603)_damaging,1.4715150885891689e-05
0,HTT (3064)_damaging,2.7748651666651826e-05
0,UNC93B7 (100887746)_damaging,0.0005416314467885156
0,BOD1L1 (259282)_damaging,0.00020736109829914555
0,SLIT2 (9353)_damaging,0.0001044691405209469
0,PCDH7 (5099)_damaging,0.0002320220995841757
0,LIMCH1 (22998)_damaging,0.0003280962314420612
0,BEND4 (389206)_damaging,0.0008012600710195013
0,ATP8A1 (10396)_damaging,0.00011403044442233118
0,GABRG1 (2565)_damaging,6.125216017969475e-05
0,CORIN (10699)_damaging,0.000231056936126939
0,FRYL (285527)_damaging,0.0003506935506478587
0,KDR (3791)_damaging,0.00037346568937030446
0,CRACD (57482)_damaging,0.0002628234065389346
0,POLR2B (5431)_damaging,9.050347113498925e-05
0,ADGRL3 (23284)_damaging,0.0002252927048393133
0,EPHA5 (2044)_damaging,3.4925554157184586e-05
0,CENPC (1060)_damaging,0.0006843025221548978
0,ADAMTS3 (9508)_damaging,0.00035422425310185614
0,SHROOM3 (57619)_damaging,0.0
0,FRAS1 (80144)_damaging,0.00031139376004536235
0,WDFY3 (23001)_damaging,0.00042137327635383885
0,PTPN13 (5783)_damaging,0.00012712553569777668
0,AFF1 (4299)_damaging,0.00014087246206868765
0,MMRN1 (22915)_damaging,5.540922205875627e-05
0,SMARCAD1 (56916)_damaging,0.00010850555147887319
0,UNC5C (8633)_damaging,0.00017228948959533381
0,CENPE (1062)_damaging,0.0002937695658057697
0,TET2 (54790)_damaging,0.0025349264607329525
0,COL25A1 (84570)_damaging,0.00018235645379840687
0,ANK2 (287)_damaging,0.0001326568674596076
0,BLTP1 (84162)_damaging,0.00038433673262303357
0,FAT4 (79633)_damaging,0.0004540929380000056
0,PCDH10 (57575)_damaging,0.0
0,LRBA (987)_damaging,0.0010983557922508878
0,FBXW7 (55294)_damaging,0.0006918757789007965
0,FHDC1 (85462)_damaging,0.00011023407568888302
0,DCHS2 (54798)_damaging,0.0001766337888996574
0,MAP9 (79884)_damaging,0.0012599281278647015
0,RXFP1 (59350)_damaging,0.00037125512468109934
0,RAPGEF2 (9693)_damaging,0.0001111719097383719
0,FSTL5 (56884)_damaging,0.0001294981018834657
0,DDX60 (55601)_damaging,8.153324854684166e-05
0,WDR17 (116966)_damaging,9.6209932330929e-05
0,TENM3 (55714)_damaging,0.0003418884862694101
0,FAT1 (2195)_damaging,0.002724775132465447
0,SDHA (6389)_damaging,0.00041002302195197493
0,SLC12A7 (10723)_damaging,0.00033375264839419027
0,TERT (7015)_damaging,0.0006427090944145659
0,ADAMTS16 (170690)_damaging,0.0004669606512595413
0,ICE1 (23379)_damaging,0.00017208002062656946
0,SEMA5A (9037)_damaging,0.00021320147602053085
0,DNAH5 (1767)_damaging,0.0004378354157609263
0,TRIO (7204)_damaging,0.0003481569381036501
0,MYO10 (4651)_damaging,0.0003180815776677081
0,CDH18 (1016)_damaging,0.0006541039577497015
0,CDH12 (1010)_damaging,2.5534031112579116e-05
0,PRDM9 (56979)_damaging,0.0005373599592820488
0,CDH10 (1008)_damaging,0.0003168676540039618
0,CDH6 (1004)_damaging,0.0008361746007392834
0,PDZD2 (23037)_damaging,0.0011305057989310083
0,ADAMTS12 (81792)_damaging,0.0007457168000795995
0,SPEF2 (79925)_damaging,0.000265744482206947
0,NIPBL (25836)_damaging,0.0002543106868821329
0,CPLANE1 (65250)_damaging,0.0008505246553275186
0,EGFLAM (133584)_damaging,8.084008817400428e-18
0,CARD6 (84674)_damaging,0.00030380879603313316
0,C7 (730)_damaging,0.0001384531740154058
0,MROH2B (133558)_damaging,0.00011197145717114616
0,C6 (729)_damaging,7.829703520891093e-05
0,HCN1 (348980)_damaging,8.290597453439625e-05
0,ADAMTS6 (11174)_damaging,0.00047968459554028947
0,PIK3R1 (5295)_damaging,0.0006637633302379356
0,RAD17 (5884)_damaging,0.0002893118619501133
0,BDP1 (55814)_damaging,0.000132609849266009
0,MAP1B (4131)_damaging,1.785075232947817e-05
0,ARHGEF28 (64283)_damaging,0.0
0,ANKRD31 (256006)_damaging,0.000843004002789671
0,AP3B1 (8546)_damaging,0.00010408504816497279
0,CMYA5 (202333)_damaging,0.0007818034840967663
0,MSH3 (4437)_damaging,0.0022967722788993315
0,VCAN (1462)_damaging,0.0004927075680584423
0,RASA1 (5921)_damaging,0.0003432400532555586
0,ADGRV1 (84059)_damaging,0.0003004613791948893
0,KIAA0825 (285600)_damaging,0.0002073945202884784
0,ARSK (153642)_damaging,0.0005414345815308211
0,CHD1 (1105)_damaging,3.503310933663645e-05
0,SLCO6A1 (133482)_damaging,1.5692348425018555e-05
0,APC (324)_damaging,0.002897902893948218
0,DMXL1 (1657)_damaging,0.0019051635353207388
0,ZNF608 (57507)_damaging,9.345043446842269e-05
0,FBN2 (2201)_damaging,0.00036182727617907094
0,RAD50 (10111)_damaging,0.004664482801962916
0,FSTL4 (23105)_damaging,0.0001385752783971735
0,PITX1 (5307)_damaging,0.006486235681449965
0,LINC02900 (340073)_damaging,0.00033302154928176934
0,CTNNA1 (1495)_damaging,0.0004826621431413982
0,WDR55 (54853)_damaging,0.0009238777131794221
0,NR3C1 (2908)_damaging,0.0013086251787863433
0,TCERG1 (10915)_damaging,0.0007389301876422904
0,FAT2 (2196)_damaging,0.000496921830738228
0,GRIA1 (2890)_damaging,0.00027633268294563696
0,LARP1 (23367)_damaging,0.0021958957548394776
0,GABRA6 (2559)_damaging,0.0002026979892030807
0,GABRG2 (2566)_damaging,0.00012329286519299594
0,SLIT3 (6586)_damaging,0.0001040408506572891
0,DOCK2 (1794)_damaging,0.0005710593575473556
0,NSD1 (64324)_damaging,0.00037489079554043313
0,ADAMTS2 (9509)_damaging,7.032599390787484e-05
0,FLT4 (2324)_damaging,0.0014355889335432252
0,DSP (1832)_damaging,0.000446137794443767
0,HIVEP1 (3096)_damaging,0.00081879460503224
0,PHACTR1 (221692)_damaging,0.00021049981492352117
0,JARID2 (3720)_damaging,0.0016523206169991088
0,ATXN1 (6310)_damaging,0.00015296834055412637
0,GABBR1 (2550)_damaging,0.0046441244647469175
0,HLA-A (3105)_damaging,0.0005499757883493101
0,MDC1 (9656)_damaging,0.00021393777198650929
0,VARS2 (57176)_damaging,3.3338907224999374e-05
0,MUCL3 (135656)_damaging,8.865217066851212e-06
0,HLA-C (3107)_damaging,0.00016932830227304454
0,HLA-B (3106)_damaging,0.0003242139790576094
0,PRRC2A (7916)_damaging,0.0002568685198598623
0,BAG6 (7917)_damaging,0.0010538512713909062
0,TNXB (7148)_damaging,0.0003652830953128092
0,NOTCH4 (4855)_damaging,0.000471747438780271
0,COL11A2 (1302)_damaging,0.00011933668379533089
0,DAXX (1616)_damaging,0.00017461218717220093
0,DNAH8 (1769)_damaging,0.0007378440323366693
0,CCND3 (896)_damaging,0.0026458907662384582
0,PEX6 (5190)_damaging,1.5306538841924418e-05
0,CUL9 (23113)_damaging,0.00024165304324176557
0,ZNF318 (24149)_damaging,1.57522454955617e-05
0,TDRD6 (221400)_damaging,2.2852452048694854e-05
0,MMUT (4594)_damaging,0.0009294026903330541
0,PKHD1 (5314)_damaging,0.0002023599623821134
0,DST (667)_damaging,0.0002924809798778932
0,PHF3 (23469)_damaging,0.0005609793747758275
0,EYS (346007)_damaging,0.0003446471055838205
0,ADGRB3 (577)_damaging,3.8682491821753e-05
0,COL19A1 (1310)_damaging,0.00024937700870488903
0,COL9A1 (1297)_damaging,0.00021328365793528312
0,RIMS1 (22999)_damaging,8.638119327818025e-06
0,COL12A1 (1303)_damaging,2.5975398508225508e-05
0,TTK (7272)_damaging,2.6778903891330155e-05
0,IBTK (25998)_damaging,1.821832317562077e-05
0,CEP162 (22832)_damaging,0.0005353078569355119
0,SYNCRIP (10492)_damaging,0.00124997530043724
0,ZNF292 (23036)_damaging,0.0001510632812768216
0,MDN1 (23195)_damaging,0.0005639913237125
0,CASP8AP2 (9994)_damaging,6.860406450036343e-05
0,EPHA7 (2045)_damaging,0.0016587364017292847
0,MMS22L (253714)_damaging,0.00014847976519118925
0,PNISR (25957)_damaging,0.00018808498048397232
0,ASCC3 (10973)_damaging,0.00022444096339590817
0,AK9 (221264)_damaging,0.00014905832645597787
0,REV3L (5980)_damaging,0.00010667631764560031
0,LAMA4 (3910)_damaging,0.0006174077919705452
0,GPRC6A (222545)_damaging,0.00011596644916081193
0,ROS1 (6098)_damaging,0.0002626468212628016
0,TBC1D32 (221322)_damaging,0.0005393318012316856
0,TRDN (10345)_damaging,7.552538700699677e-05
0,LAMA2 (3908)_damaging,0.0001517368072074221
0,AKAP7 (9465)_damaging,0.0
0,MED23 (9439)_damaging,0.00017554464813285
0,TNFAIP3 (7128)_damaging,0.00018056167795726206
0,ARFGEF3 (57221)_damaging,0.000316408988349196
0,NHSL1 (57224)_damaging,0.0004809320111442766
0,ECT2L (345930)_damaging,0.0005243124776000265
0,HECA (51696)_damaging,0.00014664915229923648
0,ADGRG6 (57211)_damaging,7.88555323696593e-05
0,HIVEP2 (3097)_damaging,0.0006148455591653968
0,UTRN (7402)_damaging,8.583279539593327e-05
0,SHPRH (257218)_damaging,0.0004155311156480981
0,ADGB (79747)_damaging,5.9221063232280605e-05
0,SYNE1 (23345)_damaging,0.0009100500012195949
0,SCAF8 (22828)_damaging,0.00021502472420946778
0,ARID1B (57492)_damaging,0.0012304588053231934
0,FNDC1 (84624)_damaging,0.00024218191575863424
0,IGF2R (3482)_damaging,0.00022082884961352846
0,LPA (4018)_damaging,0.0003108893608101257
0,MAP3K4 (4216)_damaging,0.000630377587793727
0,QKI (9444)_damaging,0.0005326623086123223
0,AFDN (4301)_damaging,0.0004726584460810262
0,THBS2 (7058)_damaging,0.0009229580859081052
0,INTS1 (26173)_damaging,7.433855560269397e-05
0,CARD11 (84433)_damaging,0.00176531637811278
0,SDK1 (221935)_damaging,4.5302416329291274e-05
0,TNRC18 (84629)_damaging,0.0008969761471109505
0,PMS2 (5395)_damaging,0.0025874261551247875
0,ZNF316 (100131017)_damaging,0.0003584305147116657
0,COL28A1 (340267)_damaging,0.00042570438047636195
0,THSD7A (221981)_damaging,8.328015724468501e-05
0,VWDE (221806)_damaging,0.0005767449714498576
0,AHR (196)_damaging,0.0003011265459706612
0,ABCB5 (340273)_damaging,0.0041962412147484055
0,DNAH11 (8701)_damaging,0.0007824642574419852
0,STK31 (56164)_damaging,0.00021212077669244302
0,CDK13 (8621)_damaging,0.00040695402869860226
0,GLI3 (2737)_damaging,0.0004506663780435332
0,HECW1 (23072)_damaging,0.0003158788946247251
0,AEBP1 (165)_damaging,0.0001806979176185774
0,PKD1L1 (168507)_damaging,0.00045308776775566424
0,ABCA13 (154664)_damaging,0.0005328003576289448
0,IKZF1 (10320)_damaging,0.00020331380946308304
0,EGFR (1956)_damaging,8.02816837703206e-18
0,AUTS2 (26053)_damaging,0.00020083928723013534
0,MAGI2 (9863)_damaging,2.423338889053411e-19
0,CD36 (948)_damaging,0.0013707193999043547
0,PCLO (27445)_damaging,0.0005398957798588782
0,SEMA3E (9723)_damaging,0.0008531874694936496
0,ABCB4 (5244)_damaging,6.271757165150404e-05
0,ABCB1 (5243)_damaging,6.3696866283254525e-06
0,ADAM22 (53616)_damaging,0.0003320484083720907
0,ZNF804B (219578)_damaging,0.00015970824690734802
0,AKAP9 (10142)_damaging,0.0002523272555190583
0,ANKIB1 (54467)_damaging,0.0002153655337822175
0,SAMD9 (54809)_damaging,5.904329187237322e-05
0,SAMD9L (219285)_damaging,0.0010627516504761686
0,CALCR (799)_damaging,0.00023466447707250202
0,COL1A2 (1278)_damaging,0.000670510487309318
0,SLC25A13 (10165)_damaging,1.684984378147624e-05
0,TRRAP (8295)_damaging,0.0005061892846454238
0,GPC2 (221914)_damaging,0.00025059634759223257
0,GIGYF1 (64599)_damaging,0.00039541155940769326
0,ZAN (7455)_damaging,0.004267569719706458
0,MUC17 (140453)_damaging,0.0007746694000699048
0,PLOD3 (8985)_damaging,0.00015266440955803291
0,CUX1 (1523)_damaging,0.0002117770839761024
0,FBXL13 (222235)_damaging,5.999954631621608e-07
0,LRRC17 (10234)_damaging,0.0002571206311470123
0,RELN (5649)_damaging,0.00015316949897434902
0,KMT2E (55904)_damaging,0.00030396716237821817
0,PIK3CG (5294)_damaging,0.0003820299314401708
0,LAMB4 (22798)_damaging,0.00033472089092519174
0,PPP1R3A (5506)_damaging,0.0005776971980864408
0,CFTR (1080)_damaging,0.00041155344862968694
0,CTTNBP2 (83992)_damaging,0.0006016307142385786
0,KCND2 (3751)_damaging,2.9750187148020603e-05
0,WNT16 (51384)_damaging,0.0003811632268658844
0,PTPRZ1 (5803)_damaging,0.00032691312979705436
0,CADPS2 (93664)_damaging,0.0006599372599901829
0,IQUB (154865)_damaging,0.0004652688082354353
0,POT1 (25913)_damaging,0.0003283713096803087
0,GRM8 (2918)_damaging,0.0002067770445974158
0,FLNC (2318)_damaging,0.0003936622496368569
0,KCP (375616)_damaging,0.00040707525953550893
0,PLXNA4 (91584)_damaging,0.0007115087672261621
0,LRGUK (136332)_damaging,1.438669882810043e-06
0,NUP205 (23165)_damaging,0.00020166121141748257
0,DGKI (9162)_damaging,1.2900963903416638e-06
0,TRIM24 (8805)_damaging,0.00032442328145798296
0,KIAA1549 (57670)_damaging,0.00037027396059502454
0,MGAM (8972)_damaging,0.00021555846291433173
0,MGAM2 (93432)_damaging,0.0007307203835397382
0,EPHB6 (2051)_damaging,0.00019364340631419539
0,KEL (3792)_damaging,0.00010880672671013765
0,NOBOX (135935)_damaging,7.207729307882135e-05
0,CNTNAP2 (26047)_damaging,9.99001925825303e-07
0,KCNH2 (3757)_damaging,8.225532763164492e-05
0,NOS3 (4846)_damaging,0.00018340074145811825
0,ATG9B (285973)_damaging,0.0006131335195724838
0,KMT2C (58508)_damaging,0.0005715524333533865
0,DPP6 (1804)_damaging,0.000992049779097355
0,UBE3C (9690)_damaging,0.00036515789688355295
0,PTPRN2 (5799)_damaging,0.0002587070945771947
0,CSMD1 (64478)_damaging,0.0005963627598188297
0,RP1L1 (94137)_damaging,0.0007572400493491994
0,TRMT9B (57604)_damaging,0.0003331283498792674
0,DLC1 (10395)_damaging,0.0004255553724206815
0,PSD3 (23362)_damaging,0.00031811720040303746
0,XPO7 (23039)_damaging,6.333727948342996e-05
0,DOCK5 (80005)_damaging,0.00011001303940107072
0,NUGGC (389643)_damaging,0.0002815233345539056
0,TEX15 (56154)_damaging,0.00018162777382642128
0,WRN (7486)_damaging,2.002454695522423e-05
0,ADGRA2 (25960)_damaging,0.0009743715473486252
0,ADAM18 (8749)_damaging,0.0014489384667377575
0,ANK1 (286)_damaging,0.0010672810543648746
0,PRKDC (5591)_damaging,0.000694364035254591
0,PXDNL (137902)_damaging,0.00019646380998131373
0,RB1CC1 (9821)_damaging,0.00014510787122953747
0,RP1 (6101)_damaging,0.0018994528460831933
0,CHD7 (55636)_damaging,0.00044544418291972974
0,ARFGEF1 (10565)_damaging,0.00035030188481934563
0,PREX2 (80243)_damaging,0.0002561476003145629
0,SULF1 (23213)_damaging,0.00040850575939585553
0,TRPA1 (8989)_damaging,0.00017896252356359402
0,KCNB2 (9312)_damaging,0.0004433325995920365
0,ZFHX4 (79776)_damaging,0.0008031519481436414
0,WWP1 (11059)_damaging,0.00023713201941380474
0,NBN (4683)_damaging,0.00018773345259062504
0,ESRP1 (54845)_damaging,0.001967426358620574
0,VPS13B (157680)_damaging,0.0009451251087515602
0,RGS22 (26166)_damaging,0.00011254069514361398
0,UBR5 (51366)_damaging,0.00040922251791640886
0,RIMS2 (9699)_damaging,0.0002445598869394096
0,ZFPM2 (23414)_damaging,0.00025221030252109585
0,PKHD1L1 (93035)_damaging,0.0010176617929737568
0,CSMD3 (114788)_damaging,0.0005683146325821986
0,TRPS1 (7227)_damaging,0.00027825178214975764
0,COL14A1 (7373)_damaging,0.0005546415488458409
0,FER1L6 (654463)_damaging,0.0006499688919833387
0,ASAP1 (50807)_damaging,5.70290544585236e-05
0,EFR3A (23167)_damaging,0.0004898320032589797
0,OC90 (729330)_damaging,0.0003762655492186536
0,KCNQ3 (3786)_damaging,0.0002899440346511105
0,PHF20L1 (51105)_damaging,0.0026692801457757318
0,TG (7038)_damaging,0.00017212134066353226
0,FAM135B (51059)_damaging,0.001272123746622845
0,COL22A1 (169044)_damaging,0.0005411304547261661
0,ADGRB1 (575)_damaging,0.00012376191746062877
0,EPPK1 (83481)_damaging,7.526089423393753e-05
0,PLEC (5339)_damaging,0.001068568517521635
0,CPSF1 (29894)_damaging,0.0006302965306872302
0,RECQL4 (9401)_damaging,0.0
0,DOCK8 (81704)_damaging,0.0004565279557914496
0,SMARCA2 (6595)_damaging,0.00013077482515595662
0,PTPRD (5789)_damaging,0.00010847280033531128
0,FREM1 (158326)_damaging,0.00019896384960566127
0,CNTLN (54875)_damaging,0.0004608409648753512
0,DENND4C (55667)_damaging,0.0003350302722289407
0,CDKN2A (1029)_damaging,0.0019670618903130195
0,TAF1L (138474)_damaging,0.0
0,SPATA31G1 (138724)_damaging,4.959934145784681e-06
0,FANCG (2189)_damaging,6.619597508272608e-05
0,PIGO (84720)_damaging,0.00017011177056110757
0,UNC13B (10497)_damaging,0.0006644054098116464
0,RUSC2 (9853)_damaging,0.00016431353772916688
0,SPAG8 (26206)_damaging,0.0010051700244977477
0,TRPM6 (140803)_damaging,0.004022240605132672
0,PCSK5 (5125)_damaging,0.00036854518939805634
0,PRUNE2 (158471)_damaging,0.00017006197965919247
0,VPS13A (23230)_damaging,0.00034166484783061603
0,SPATA31D1 (389763)_damaging,0.00022083013061025022
0,KIF27 (55582)_damaging,0.0012772595576235073
0,SLC28A3 (64078)_damaging,0.00014991196937415494
0,SECISBP2 (79048)_damaging,0.00011239121515217353
0,ROR2 (4920)_damaging,0.0004780151094586673
0,NOL8 (55035)_damaging,0.00014527312320185504
0,WNK2 (65268)_damaging,3.476625428134875e-06
0,PTCH1 (5727)_damaging,0.0003933107277839455
0,GRIN3A (116443)_damaging,0.00015808723092044813
0,SMC2 (10592)_damaging,0.00021901242993820874
0,ZNF462 (58499)_damaging,7.426837920109458e-05
0,ELP1 (8518)_damaging,0.0012078098063700283
0,TMEM245 (23731)_damaging,0.0006156723958497758
0,PALM2AKAP2 (445815)_damaging,0.000318028522402459
0,SVEP1 (79987)_damaging,0.0006455535455856499
0,COL27A1 (85301)_damaging,0.0007891866976297673
0,C5 (727)_damaging,0.00012053310034432213
0,CNTRL (11064)_damaging,9.837908918382909e-05
0,DENND1A (57706)_damaging,0.000639352945256769
0,GAPVD1 (26130)_damaging,0.0002338564079019299
0,GOLGA2 (2801)_damaging,0.0003090571419758522
0,SPTAN1 (6709)_damaging,0.00023225382175114022
0,HMCN2 (256158)_damaging,6.89931989613688e-05
0,FUBP3 (8939)_damaging,0.0002242578950304468
0,NUP214 (8021)_damaging,0.0011773565123083943
0,PRRC2B (84726)_damaging,0.0008842062768824579
0,UCK1 (83549)_damaging,0.002472626524486995
0,SETX (23064)_damaging,0.0002665169066021582
0,TSC1 (7248)_damaging,0.0008254427964826008
0,ADAMTS13 (11093)_damaging,0.0011462599258970515
0,ADAMTSL2 (9719)_damaging,0.001588593610933819
0,SARDH (1757)_damaging,0.00029536832859435687
0,BRD3 (8019)_damaging,0.0012896214935531442
0,WDR5 (11091)_damaging,5.193012402762654e-05
0,COL5A1 (1289)_damaging,0.0008384822256857383
0,SEC16A (9919)_damaging,0.00017931884172831997
0,NOTCH1 (4851)_damaging,0.0007039568924169319
0,EXD3 (54932)_damaging,0.00010075818396336186
0,MXRA5 (25878)_damaging,0.00046132471567218904
0,WWC3 (55841)_damaging,0.00017076729041763655
0,FRMPD4 (9758)_damaging,8.248520097080408e-05
0,NHS (4810)_damaging,0.00034918383050011235
0,MAP3K15 (389840)_damaging,0.0004818603695582468
0,DMD (1756)_damaging,0.00028747005123969235
0,CFAP47 (286464)_damaging,0.0004919913935213637
0,BCOR (54880)_damaging,0.002784965081748059
0,USP9X (8239)_damaging,0.003379888033587738
0,DDX3X (1654)_damaging,0.0027580174994281076
0,KDM6A (7403)_damaging,0.0004625496330447705
0,RBM10 (8241)_damaging,0.0002951047552023715
0,CCNB3 (85417)_damaging,0.003776118253103286
0,IQSEC2 (23096)_damaging,7.244754815684232e-05
0,HUWE1 (10075)_damaging,0.00039157438832964546
0,AMER1 (139285)_damaging,0.0003985686409722543
0,ZC3H12B (340554)_damaging,0.0002647666653616573
0,OPHN1 (4983)_damaging,0.0002296301365278136
0,KIF4A (24137)_damaging,0.00044176774824948074
0,MED12 (9968)_damaging,0.0009850521022324195
0,ZMYM3 (9203)_damaging,0.001268132068220153
0,NEXMIF (340533)_damaging,0.00022572260515411132
0,ATRX (546)_damaging,8.114620283228908e-05
0,BRWD3 (254065)_damaging,0.002703800895318005
0,ZNF711 (7552)_damaging,0.00024969138286304603
0,DIAPH2 (1730)_damaging,0.0005226743536989888
0,RAB40A (142684)_damaging,0.0004574564340539451
0,NRK (203447)_damaging,6.635759177487105e-05
0,MORC4 (79710)_damaging,7.346343078316019e-06
0,COL4A6 (1288)_damaging,0.0006273098880019033
0,STAG2 (10735)_damaging,0.000785538540204775
0,TENM1 (10178)_damaging,0.0001715369992229731
0,SMARCA1 (6594)_damaging,0.00019562463049441393
0,BCORL1 (63035)_damaging,0.0017271856231061862
0,USP26 (83844)_damaging,0.0003984183642763861
0,MAP7D3 (79649)_damaging,4.722554467783241e-05
0,ADGRG4 (139378)_damaging,0.00032102071854196804
0,MAGEC1 (9947)_damaging,0.00044109371031588574
0,SPANXN4 (441525)_damaging,0.00016352515194557418
0,SLITRK4 (139065)_damaging,6.41922339240629e-05
0,SLITRK2 (84631)_damaging,0.00024945332194488455
0,FMR1 (2332)_damaging,0.00010416929540295936
0,AFF2 (2334)_damaging,0.0001939996112070287
0,PLXNA3 (55558)_damaging,0.000675393288590389
0,F8 (2157)_damaging,0.0009804535146043477
0,MT-ND4 (4538)_damaging,0.0001447443223219697
0,MT-ND5 (4540)_damaging,6.0596662884581726e-05
1,MTOR (2475)_hotspot,0.0037825598365330477
1,NRAS (4893)_hotspot,0.013149028951753381
1,PTEN (5728)_hotspot,0.0034898133256723663
1,HRAS (3265)_hotspot,0.00018482607314127398
1,ATM (472)_hotspot,0.0
1,KRAS (3845)_hotspot,0.012397625645047367
1,RB1 (5925)_hotspot,0.00556746809477219
1,CREBBP (1387)_hotspot,0.000329440854358247
1,TP53 (7157)_hotspot,0.08071280222156149
1,NF1 (4763)_hotspot,0.0001233616631487711
1,ERBB2 (2064)_hotspot,0.0
1,SMAD4 (4089)_hotspot,0.0023919884559872235
1,STK11 (6794)_hotspot,0.0014481150666328672
1,SMARCA4 (6597)_hotspot,9.159274301609258e-05
1,C2orf81 (388963)_hotspot,0.0008915812978366257
1,NFE2L2 (4780)_hotspot,0.001491898136390785
1,VHL (7428)_hotspot,0.0004990328732350464
1,CTNNB1 (1499)_hotspot,0.0004993488779650202
1,RHOA (387)_hotspot,0.0038959490858069628
1,PIK3CA (5290)_hotspot,0.0018923293294663677
1,FBXW7 (55294)_hotspot,0.0003581227691577037
1,TERT (7015)_hotspot,0.003880432107308609
1,PIK3R1 (5295)_hotspot,0.0003188624447694103
1,APC (324)_hotspot,0.001754648956697979
1,CCND3 (896)_hotspot,0.003426854952606903
1,RAC1 (5879)_hotspot,0.0004566130342033943
1,EGFR (1956)_hotspot,0.0004411189675240934
1,BRAF (673)_hotspot,0.009485174360584126
1,EZH2 (2146)_hotspot,0.0011772950627252296
1,CDKN2A (1029)_hotspot,0.0034123785926420277
1,AGRN (375790)_damaging,0.0002798255621880488
1,MXRA8 (54587)_damaging,0.0004770704334427107
1,CFAP74 (85452)_damaging,0.0
1,MEGF6 (1953)_damaging,0.0
1,CHD5 (26038)_damaging,0.0003228844943755193
1,RPL22 (6146)_damaging,0.00612161009337922
1,CAMTA1 (23261)_damaging,3.569430083128382e-05
1,ERRFI1 (54206)_damaging,9.915443133907274e-05
1,SLC45A1 (50651)_damaging,0.0011228121290440566
1,RERE (473)_damaging,0.0001244211880196899
1,EXOSC10 (5394)_damaging,0.00013572106168424243
1,VPS13D (55187)_damaging,0.0009865578902698588
1,SPEN (23013)_damaging,0.0007378163926655685
1,EPHA2 (1969)_damaging,0.0
1,UBR4 (23352)_damaging,0.0005611756486760161
1,VWA5B1 (127731)_damaging,0.0001733798323849847
1,HSPG2 (3339)_damaging,0.002187925474696193
1,LUZP1 (7798)_damaging,7.761940881185681e-05
1,ID3 (3399)_damaging,0.018221737564140236
1,ELOA (6924)_damaging,0.0001496608011604335
1,ARID1A (8289)_damaging,0.008554899337593694
1,WDTC1 (23038)_damaging,0.0004460901375176849
1,AHDC1 (27245)_damaging,0.0
1,COL16A1 (1307)_damaging,0.0
1,CSMD2 (114784)_damaging,0.0013549288611344518
1,ZMYM6 (9204)_damaging,0.0
1,ZMYM1 (79830)_damaging,9.368462013525769e-05
1,ZMYM4 (9202)_damaging,0.000144523113383579
1,CLSPN (63967)_damaging,0.0006922220492917142
1,AGO1 (26523)_damaging,7.35656897236735e-06
1,MAP7D1 (55700)_damaging,0.0
1,MACF1 (23499)_damaging,0.0026710354346722483
1,HIVEP3 (59269)_damaging,0.0
1,TIE1 (7075)_damaging,0.0
1,SZT2 (23334)_damaging,0.00039102862840927245
1,MUTYH (4595)_damaging,0.0003100356678539168
1,MAST2 (23139)_damaging,0.00014320732919879256
1,PIK3R3 (8503)_damaging,0.0
1,FAAH (2166)_damaging,0.00045169880497699554
1,TAL1 (6886)_damaging,0.0007627454015568902
1,TUT4 (23318)_damaging,5.520216741208381e-05
1,FYB2 (199920)_damaging,0.0
1,NFIA (4774)_damaging,2.3647120535537185e-05
1,PATJ (10207)_damaging,0.0
1,DOCK7 (85440)_damaging,0.0001532108791603667
1,JAK1 (3716)_damaging,7.568623760208107e-05
1,LEPR (3953)_damaging,6.766678255981018e-05
1,LRRC7 (57554)_damaging,0.0007634795641474214
1,TNNI3K (51086)_damaging,0.0
1,ERICH3 (127254)_damaging,0.005732434485484397
1,SLC44A5 (204962)_damaging,0.0
1,ADGRL4 (64123)_damaging,0.0022715206186219696
1,ADGRL2 (23266)_damaging,1.998202923999271e-05
1,COL24A1 (255631)_damaging,0.000268990918230209
1,HFM1 (164045)_damaging,3.0109826069079066e-05
1,BTBD8 (284697)_damaging,0.0
1,RPL5 (6125)_damaging,0.00269809908307895
1,FRRS1 (391059)_damaging,0.0
1,COL11A1 (1301)_damaging,0.0006333219922531493
1,EPS8L3 (79574)_damaging,0.0
1,CEPT1 (10390)_damaging,0.00020617312115967206
1,DENND2C (163259)_damaging,9.447596731041489e-06
1,SYCP1 (6847)_damaging,0.00015297433135111292
1,CD58 (965)_damaging,0.0
1,TTF2 (8458)_damaging,8.048464180151773e-05
1,SPAG17 (200162)_damaging,0.00021281708219835985
1,NOTCH2 (4853)_damaging,0.0002491545120031137
1,BCL9 (607)_damaging,0.0006544244648886594
1,ADAMTSL4 (54507)_damaging,9.408865498081198e-05
1,SETDB1 (9869)_damaging,0.0
1,ZNF687 (57592)_damaging,0.0
1,FLG (2312)_damaging,0.0010118266810643537
1,CCDST (112268240)_damaging,0.002048769566349584
1,FLG2 (388698)_damaging,0.00042864774539842554
1,DENND4B (9909)_damaging,0.0
1,UBAP2L (9898)_damaging,8.963494160140606e-05
1,SHC1 (6464)_damaging,0.0
1,ASH1L (55870)_damaging,7.730054209982984e-05
1,GON4L (54856)_damaging,6.071808936778175e-05
1,IQGAP3 (128239)_damaging,8.72420252848846e-05
1,NES (10763)_damaging,6.633020553411358e-05
1,INSRR (3645)_damaging,3.1249133870762354e-05
1,FCRL5 (83416)_damaging,3.417273107829965e-05
1,SPTA1 (6708)_damaging,0.002791498551074799
1,ARHGAP30 (257106)_damaging,7.350480381618025e-05
1,ADCY10 (55811)_damaging,0.0
1,GPR161 (23432)_damaging,0.0
1,F5 (2153)_damaging,0.0
1,TNR (7143)_damaging,0.0009343160493382905
1,PAPPA2 (60676)_damaging,0.0002753935956228836
1,ABL2 (27)_damaging,0.00012566521540907955
1,AXDND1 (126859)_damaging,0.00041622458891008956
1,TDRD5 (163589)_damaging,0.00019785145121681608
1,CEP350 (9857)_damaging,0.0003109990541790172
1,CACNA1E (777)_damaging,0.003138174211336653
1,RGL1 (23179)_damaging,4.99570729005396e-05
1,HMCN1 (83872)_damaging,0.001237230173646966
1,TPR (7175)_damaging,5.701889187506519e-05
1,BRINP3 (339479)_damaging,0.00010436264044017007
1,KCNT2 (343450)_damaging,0.0
1,CFH (3075)_damaging,3.426302033402081e-07
1,ASPM (259266)_damaging,0.0019416045341573561
1,CRB1 (23418)_damaging,9.066580791102141e-05
1,PTPRC (5788)_damaging,0.0004436736605791387
1,CAMSAP2 (23271)_damaging,0.0005558021385202077
1,CACNA1S (779)_damaging,0.0023030021957659566
1,IGFN1 (91156)_damaging,0.0025420481165590978
1,NAV1 (89796)_damaging,0.0002158573102444671
1,ELF3 (1999)_damaging,0.0006605484998614494
1,KDM5B (10765)_damaging,0.0
1,PLEKHA6 (22874)_damaging,4.3313125021298114e-05
1,PIK3C2B (5287)_damaging,0.0
1,NFASC (23114)_damaging,0.00018955267732623018
1,CR2 (1380)_damaging,0.0
1,CR1 (1378)_damaging,0.00022879758084104964
1,PLXNA2 (5362)_damaging,0.0
1,PROX1 (5629)_damaging,4.10933169701431e-05
1,PTPN14 (5784)_damaging,0.0
1,CENPF (1063)_damaging,0.00023151141943815662
1,USH2A (7399)_damaging,0.0017596842524306997
1,DNAH14 (127602)_damaging,0.000598808074991346
1,CDC42BPA (8476)_damaging,0.002184619157634697
1,OBSCN (84033)_damaging,0.0010585589476791995
1,H3-4 (8290)_damaging,0.0002081634298368468
1,SIPA1L2 (57568)_damaging,0.00019182138868241512
1,PCNX2 (80003)_damaging,2.1266576997509626e-05
1,TARBP1 (6894)_damaging,0.0
1,ARID4B (51742)_damaging,0.0015442888738697968
1,LYST (1130)_damaging,3.1594553666570554e-05
1,HEATR1 (55127)_damaging,0.0
1,RYR2 (6262)_damaging,0.003987383623906413
1,CHRM3 (1131)_damaging,4.106580961711112e-05
1,FMN2 (56776)_damaging,0.0006266671252235965
1,RGS7 (6000)_damaging,0.00022077480144729492
1,WDR64 (128025)_damaging,0.00030769686832994353
1,KIF26B (55083)_damaging,7.665727495986676e-05
1,AHCTF1 (25909)_damaging,0.0
1,NLRP3 (114548)_damaging,0.001321080359735411
1,LARP4B (23185)_damaging,0.0
1,TASOR2 (54906)_damaging,9.920690933009667e-05
1,TAF3 (83860)_damaging,0.0
1,FRMD4A (55691)_damaging,0.0003382857961215284
1,ITGA8 (8516)_damaging,0.0
1,CUBN (8029)_damaging,0.0010361252748173663
1,MRC1 (4360)_damaging,0.00020095504242968187
1,MALRD1 (340895)_damaging,0.00012354240626713542
1,PLXDC2 (84898)_damaging,6.769257813421519e-06
1,SPAG6 (9576)_damaging,4.641955336324951e-05
1,ARMC3 (219681)_damaging,0.0
1,GPR158 (57512)_damaging,5.536597348337442e-05
1,MYO3A (53904)_damaging,0.00021188511367208987
1,ANKRD26 (22852)_damaging,0.00013179605091470504
1,ODAD2 (55130)_damaging,9.815846867979039e-05
1,SVIL (6840)_damaging,0.0009824267881207163
1,JCAD (57608)_damaging,0.0
1,KIF5B (3799)_damaging,0.00030564610642624647
1,CCDC7 (79741)_damaging,0.0
1,PARD3 (56288)_damaging,0.0
1,ANKRD30A (91074)_damaging,0.0004862127934309108
1,RSU1P2 (100133308)_damaging,0.00032633212692368546
1,WDFY4 (57705)_damaging,8.801019856304449e-05
1,C10orf71 (118461)_damaging,0.00012696545884267736
1,PCDH15 (65217)_damaging,0.0068756202682726105
1,ANK3 (288)_damaging,0.00043263714237493306
1,ARID5B (84159)_damaging,5.5328386235413176e-05
1,EGR2 (1959)_damaging,0.0
1,JMJD1C (221037)_damaging,0.0
1,MYPN (84665)_damaging,0.0001727475465459809
1,CDH23 (64072)_damaging,0.0008087057066485294
1,SYNPO2L (79933)_damaging,0.0
1,ZMIZ1 (57178)_damaging,0.0
1,NRG3 (10718)_damaging,0.0024671710175233836
1,WAPL (23063)_damaging,0.0
1,PTEN (5728)_damaging,0.006280277972702495
1,STAMBPL1 (57559)_damaging,0.00032876342941281556
1,SLC16A12 (387700)_damaging,5.8635176245115484e-05
1,KIF20B (9585)_damaging,8.19351243175517e-05
1,BTAF1 (9044)_damaging,3.318285397969716e-05
1,MYOF (26509)_damaging,4.508952200867529e-05
1,PLCE1 (51196)_damaging,0.0
1,CC2D2B (387707)_damaging,0.00021293154929740237
1,ZNF518A (9849)_damaging,0.00020200156336270842
1,LCOR (84458)_damaging,0.0009050654878925293
1,SLIT1 (6585)_damaging,7.167357611506478e-05
1,LOXL4 (84171)_damaging,3.1467220546370136e-05
1,SLF2 (55719)_damaging,0.0006948155962937737
1,PPRC1 (23082)_damaging,0.0009122809365546534
1,PSD (5662)_damaging,9.267350717182754e-05
1,CNNM2 (54805)_damaging,0.00012955046160057233
1,SLK (9748)_damaging,0.0011194286796777973
1,SORCS3 (22986)_damaging,0.00012244230750546624
1,SORCS1 (114815)_damaging,0.00018009977486171212
1,SMC3 (9126)_damaging,0.003069287468923074
1,TCF7L2 (6934)_damaging,0.00010733134867823244
1,ATRNL1 (26033)_damaging,0.0005608123429867946
1,PDZD8 (118987)_damaging,0.0
1,TACC2 (10579)_damaging,0.00015347008901133978
1,DMBT1 (1755)_damaging,0.0
1,DOCK1 (1793)_damaging,0.0
1,MKI67 (4288)_damaging,0.002249029473557616
1,JAKMIP3 (282973)_damaging,0.0017460475386264262
1,CFAP46 (54777)_damaging,0.000789919100756338
1,B4GALNT4 (338707)_damaging,0.00027887874579350094
1,PKP3 (11187)_damaging,0.0003484177373203613
1,PHRF1 (57661)_damaging,0.0005280313023675313
1,MUC5AC (4586)_damaging,0.0005336051045386914
1,MUC5B (727897)_damaging,0.00024307115071175517
1,BRSK2 (9024)_damaging,4.5662508402294504e-05
1,KCNQ1 (3784)_damaging,6.843760696547794e-05
1,NUP98 (4928)_damaging,0.00011121859152231798
1,DNHD1 (144132)_damaging,0.00012918302111080852
1,DCHS1 (8642)_damaging,0.0
1,SBF2 (81846)_damaging,0.00011503559173406291
1,PLEKHA7 (144100)_damaging,8.870649037510485e-05
1,PIK3C2A (5286)_damaging,0.0
1,ABCC8 (6833)_damaging,0.00018388412450640068
1,USH1C (10083)_damaging,0.0
1,OTOG (340990)_damaging,0.0001536599075437756
1,NAV2 (89797)_damaging,4.1118865819955114e-05
1,DCDC1 (341019)_damaging,0.0
1,CCDC73 (493860)_damaging,0.0003571395462686604
1,QSER1 (79832)_damaging,0.0
1,PHF21A (51317)_damaging,0.0
1,LRP4 (4038)_damaging,7.845895978066709e-05
1,AGBL2 (79841)_damaging,0.0
1,FOLH1 (2346)_damaging,0.0
1,CTNND1 (1500)_damaging,0.0
1,MYRF (745)_damaging,0.0
1,AHNAK (79026)_damaging,0.00013674962310664988
1,SLC3A2 (6520)_damaging,0.0006041082723966596
1,PLCB3 (5331)_damaging,0.0
1,NRXN2 (9379)_damaging,0.00034338731001067984
1,ATG2A (23130)_damaging,0.0
1,PCNX3 (399909)_damaging,0.00019848342035374297
1,RIN1 (9610)_damaging,0.0
1,SHANK2 (22941)_damaging,0.0005526804902843789
1,INPPL1 (3636)_damaging,0.0003509649747339359
1,ARHGEF17 (9828)_damaging,0.0
1,C2CD3 (26005)_damaging,7.57347367747306e-05
1,MYO7A (4647)_damaging,0.0009244446088026993
1,RSF1 (51773)_damaging,8.288933401094351e-05
1,GAB2 (9846)_damaging,0.00023979878767501912
1,TENM4 (26011)_damaging,0.0013753897631785922
1,PCF11 (51585)_damaging,0.00014117403686150922
1,DLG2 (1740)_damaging,0.0002482863004517923
1,SYTL2 (54843)_damaging,0.0002043563826976603
1,FAT3 (120114)_damaging,0.000299384275480684
1,DEUP1 (159989)_damaging,0.0006613282770181085
1,MRE11 (4361)_damaging,0.0
1,CNTN5 (53942)_damaging,0.00021268543337807177
1,CEP126 (57562)_damaging,0.0006725267384362225
1,MMP3 (4314)_damaging,0.0007908783461130683
1,DYNC2H1 (79659)_damaging,0.0005232712164463476
1,NPAT (4863)_damaging,0.00013316907472071823
1,ATM (472)_damaging,0.0010899511332987683
1,EXPH5 (23086)_damaging,0.00019820662725929754
1,ARHGAP20 (57569)_damaging,0.00019087115933038722
1,NKAPD1 (55216)_damaging,1.6366943518363975e-06
1,NCAM1 (4684)_damaging,0.00016758130621239586
1,USP28 (57646)_damaging,0.00010812106164405967
1,DSCAML1 (57453)_damaging,3.8275666103196345e-05
1,KMT2A (4297)_damaging,0.00045940381199384536
1,BCL9L (283149)_damaging,0.0006723469787094154
1,HYOU1 (10525)_damaging,0.00035386796858223374
1,MFRP (83552)_damaging,0.0
1,ARHGEF12 (23365)_damaging,7.599597596791183e-05
1,TECTA (7007)_damaging,1.533431710696082e-05
1,SORL1 (6653)_damaging,0.0007531363220738477
1,GRAMD1B (57476)_damaging,0.0
1,ROBO3 (64221)_damaging,0.0
1,CCDC15 (80071)_damaging,0.00019015748967887507
1,CDON (50937)_damaging,7.51658527301669e-06
1,NFRKB (4798)_damaging,0.00018493850231196752
1,IGSF9B (22997)_damaging,0.0
1,GLB1L2 (89944)_damaging,0.00018700121650400603
1,LINC02714 (729305)_damaging,0.0007167047641261801
1,KDM5A (5927)_damaging,0.0003550942857649186
1,CACNA1C (775)_damaging,0.0006732843552593929
1,VWF (7450)_damaging,2.6493639076994058e-05
1,PLEKHG6 (55200)_damaging,2.691796512843613e-05
1,CHD4 (1108)_damaging,0.0
1,ATN1 (1822)_damaging,9.621063355098244e-05
1,A2M (2)_damaging,0.0
1,GRIN2B (2904)_damaging,4.8832876021432406e-05
1,ATF7IP (55729)_damaging,8.238523382484606e-05
1,GUCY2C (2984)_damaging,0.0003315770996924623
1,EPS8 (2059)_damaging,2.259659340639544e-05
1,PLEKHA5 (54477)_damaging,3.8101705793053315e-05
1,RECQL (5965)_damaging,0.0003782251157259649
1,ABCC9 (10060)_damaging,0.0004885718175008532
1,ITPR2 (3709)_damaging,0.00040750376736582635
1,OVCH1 (341350)_damaging,0.00022302348952856155
1,KIF21A (55605)_damaging,1.9747220865367674e-05
1,LRRK2 (120892)_damaging,0.0003843326190733838
1,MUC19 (283463)_damaging,0.005667450847211527
1,CNTN1 (1272)_damaging,0.00010343984387274176
1,PDZRN4 (29951)_damaging,0.0
1,ADAMTS20 (80070)_damaging,0.000327364183910918
1,ARID2 (196528)_damaging,0.0005109030355079959
1,COL2A1 (1280)_damaging,1.5116436622186306e-05
1,WNT1 (7471)_damaging,4.4988881708828694e-07
1,KMT2D (8085)_damaging,0.0032549026282495826
1,PRPF40B (25766)_damaging,0.00010624884244031156
1,NCKAP5L (57701)_damaging,0.00023051179104064
1,DIP2B (57609)_damaging,0.0
1,MAP3K12 (7786)_damaging,0.0026055714924334587
1,STAT2 (6773)_damaging,3.2595559799838434e-06
1,NACA (4666)_damaging,1.3960841133046332e-05
1,MYO1A (4640)_damaging,0.00011807739898287318
1,STAT6 (6778)_damaging,0.0
1,LRP1 (4035)_damaging,0.0004745064025061336
1,R3HDM2 (22864)_damaging,0.0
1,GLI1 (2735)_damaging,0.00023534982315415913
1,MBD6 (114785)_damaging,0.0009171093745834081
1,XPOT (11260)_damaging,0.0
1,PTPRB (5787)_damaging,0.0008964897878309522
1,ZFC3H1 (196441)_damaging,0.00031105833139115005
1,E2F7 (144455)_damaging,0.0004872610486948448
1,NAV3 (89795)_damaging,0.0007412551852341542
1,OTOGL (283310)_damaging,0.00010748956314521517
1,PTPRQ (374462)_damaging,2.3240357765518235e-05
1,PPFIA2 (8499)_damaging,0.00013358274962756877
1,LRRIQ1 (84125)_damaging,0.0
1,CEP290 (80184)_damaging,0.0013121864878118377
1,PLXNC1 (10154)_damaging,0.0
1,CFAP54 (144535)_damaging,0.00015286572663796266
1,ANKS1B (56899)_damaging,0.00010652654415442232
1,BLTP3B (23074)_damaging,0.0
1,UTP20 (27340)_damaging,0.0008427043192574601
1,STAB2 (55576)_damaging,0.0004116026067092242
1,HCFC2 (29915)_damaging,6.08205142939381e-05
1,ALDH1L2 (160428)_damaging,0.0
1,ACACB (32)_damaging,2.459051075040138e-05
1,CUX2 (23316)_damaging,0.0
1,NAA25 (80018)_damaging,5.27591688364393e-05
1,HECTD4 (283450)_damaging,0.0
1,DTX1 (1840)_damaging,0.00019936408394705685
1,NOS1 (4842)_damaging,1.9143218889950578e-05
1,KSR2 (283455)_damaging,0.0
1,CIT (11113)_damaging,0.0003631750272420038
1,HNF1A (6927)_damaging,5.668036194025203e-05
1,KDM2B (84678)_damaging,0.00026268703923707225
1,SETD1B (23067)_damaging,2.6031537096454414e-05
1,CFAP251 (144406)_damaging,4.7965538072252016e-05
1,KNTC1 (9735)_damaging,0.0
1,SBNO1 (55206)_damaging,0.0004936726058330731
1,DNAH10 (196385)_damaging,0.0014913581812478862
1,NCOR2 (9612)_damaging,3.8949884824542204e-05
1,TMEM132D (121256)_damaging,1.4865465948689448e-05
1,RIMBP2 (23504)_damaging,0.0005345337370029803
1,EP400 (57634)_damaging,0.0010916964209462556
1,POLE (5426)_damaging,0.0001659294401738967
1,SACS (26278)_damaging,0.0004848786296884583
1,RNF17 (56163)_damaging,7.761404943245038e-05
1,CENPJ (55835)_damaging,6.579944841534365e-05
1,ATP8A2 (51761)_damaging,0.0004737111665228534
1,PAN3 (255967)_damaging,0.0
1,FRY (10129)_damaging,0.0009967303300391429
1,BRCA2 (675)_damaging,0.0006304356130343887
1,PDS5B (23047)_damaging,0.004520135639017496
1,NBEA (26960)_damaging,0.0005615814453115912
1,POSTN (10631)_damaging,0.0
1,TRPC4 (7223)_damaging,0.0
1,FREM2 (341640)_damaging,0.0001443954235799163
1,DGKH (160851)_damaging,0.004065729387636463
1,ZC3H13 (23091)_damaging,5.5825899053172596e-05
1,RB1 (5925)_damaging,0.01954848302086559
1,PCDH17 (27253)_damaging,0.0006828551640394894
1,DIAPH3 (81624)_damaging,3.212623107750919e-05
1,KLHL1 (57626)_damaging,0.0
1,DIS3 (22894)_damaging,3.3287009612420786e-06
1,MYCBP2 (23077)_damaging,0.0008189411719344714
1,SLITRK5 (26050)_damaging,2.7255541759178628e-05
1,UGGT2 (55757)_damaging,6.195915528094211e-05
1,DOCK9 (23348)_damaging,2.0190403281917126e-05
1,NALCN (259232)_damaging,0.0004029218926891462
1,CCDC168 (643677)_damaging,0.0020539868558561137
1,MYO16 (23026)_damaging,9.978916973292901e-05
1,COL4A1 (1282)_damaging,9.603393864741164e-18
1,COL4A2 (1284)_damaging,2.7496074233177716e-05
1,TEP1 (7011)_damaging,0.00025191734167156706
1,ARHGEF40 (55701)_damaging,0.0
1,CHD8 (57680)_damaging,0.00010045929789465038
1,AJUBA (84962)_damaging,0.003592765768283163
1,ACIN1 (22985)_damaging,0.0001875744840659467
1,MYH7 (4625)_damaging,0.00010456769310722285
1,NYNRIN (57523)_damaging,0.0
1,ARHGAP5 (394)_damaging,0.0003390588865106326
1,AKAP6 (9472)_damaging,0.00026409831111714804
1,NPAS3 (64067)_damaging,6.127503903708148e-05
1,RALGAPA1 (253959)_damaging,1.7111073769552657e-05
1,TTC6 (319089)_damaging,0.00010394886881810245
1,MIA2 (4253)_damaging,5.699888101136459e-05
1,TOGARAM1 (23116)_damaging,0.00012495958294042383
1,FANCM (57697)_damaging,0.0005218681263372405
1,MDGA2 (161357)_damaging,4.1327301389194606e-05
1,NIN (51199)_damaging,0.00016496073349366847
1,NID2 (22795)_damaging,0.00069019939758653
1,KTN1 (3895)_damaging,0.000230221063653592
1,ARID4A (5926)_damaging,0.00011540476057437844
1,HIF1A (3091)_damaging,0.0007763530408614243
1,KCNH5 (27133)_damaging,4.788670779163965e-05
1,SYNE2 (23224)_damaging,0.0014320104885411713
1,PCNX1 (22990)_damaging,9.827997351665463e-05
1,SIPA1L1 (26037)_damaging,0.0003802888960033864
1,MIDEAS (91748)_damaging,1.2744325657941879e-17
1,YLPM1 (56252)_damaging,0.00019009899651476118
1,MLH3 (27030)_damaging,7.126922540890703e-05
1,NRXN3 (9369)_damaging,0.0
1,GALC (2581)_damaging,6.705071076197044e-05
1,PTPN21 (11099)_damaging,3.1238257478843e-05
1,ZC3H14 (79882)_damaging,0.0
1,EML5 (161436)_damaging,0.0
1,FOXN3 (1112)_damaging,0.0
1,CCDC88C (440193)_damaging,0.0
1,TRIP11 (9321)_damaging,0.0002538635415306462
1,UNC79 (57578)_damaging,0.001215004990884171
1,ATG2B (55102)_damaging,0.00018280821406769645
1,RTL1 (388015)_damaging,0.0
1,DYNC1H1 (1778)_damaging,0.0002566053198683493
1,KIF26A (26153)_damaging,0.001100188372004302
1,INF2 (64423)_damaging,0.0
1,CEP170B (283638)_damaging,0.0010077224764432772
1,AHNAK2 (113146)_damaging,0.0010222921227566375
1,SNHG14 (104472715)_damaging,0.0007376196477356375
1,ATP10A (57194)_damaging,2.4558189920531617e-05
1,HERC2 (8924)_damaging,8.637788274903847e-05
1,TRPM1 (4308)_damaging,0.00014928356588378146
1,FMN1 (342184)_damaging,0.00019469887176366872
1,RYR3 (6263)_damaging,0.0004504558821439275
1,CCDC9B (388115)_damaging,0.0
1,KNL1 (57082)_damaging,0.0
1,INO80 (54617)_damaging,0.0
1,LTK (4058)_damaging,0.00022211263782348793
1,TYRO3 (7301)_damaging,0.005123113578365696
1,MGA (23269)_damaging,0.000819839688440813
1,SPTBN5 (51332)_damaging,0.0006408096398123059
1,ZNF106 (64397)_damaging,0.0013182171117768133
1,STARD9 (57519)_damaging,0.0008203412502684183
1,UBR1 (197131)_damaging,0.00013524001028933708
1,TP53BP1 (7158)_damaging,0.0001482497501812629
1,MAP1A (4130)_damaging,0.0009496875231717681
1,SPG11 (80208)_damaging,4.7701882769302335e-05
1,B2M (567)_damaging,0.00023769439026540646
1,DUOX2 (50506)_damaging,0.0001161569856868596
1,FBN1 (2200)_damaging,0.0005339106271607884
1,CEP152 (22995)_damaging,0.000516957481185865
1,USP8 (9101)_damaging,0.0
1,AP4E1 (23431)_damaging,0.0
1,DMXL2 (23312)_damaging,7.287040253261785e-05
1,MYO5C (55930)_damaging,0.000147657709716004
1,UNC13C (440279)_damaging,0.0009980305336553157
1,RFX7 (64864)_damaging,0.0002599483127114413
1,RNF111 (54778)_damaging,4.601461857107523e-05
1,ICE2 (79664)_damaging,0.00021904629786089407
1,VPS13C (54832)_damaging,0.0005991330004939526
1,TLN2 (83660)_damaging,4.9448180650130134e-05
1,HERC1 (8925)_damaging,0.0005471406619112918
1,ZNF609 (23060)_damaging,0.0006519341316225983
1,NOX5 (79400)_damaging,0.0
1,MYO9A (4649)_damaging,5.822375573658313e-05
1,HCN4 (10021)_damaging,0.0
1,SIN3A (25942)_damaging,0.002558485852814695
1,PEAK1 (79834)_damaging,0.00019507463880231817
1,ADAMTSL3 (57188)_damaging,3.056310266804068e-05
1,AKAP13 (11214)_damaging,0.0003901558687327928
1,AGBL1 (123624)_damaging,0.00011275786211439234
1,NTRK3 (4916)_damaging,0.00017808933532228893
1,TICRR (90381)_damaging,0.0
1,KIF7 (374654)_damaging,0.00046780986204528023
1,IQGAP1 (8826)_damaging,0.0002182546045566302
1,BLM (641)_damaging,0.00011352033684418088
1,FES (2242)_damaging,6.461615753143602e-05
1,CHD2 (1106)_damaging,0.0
1,LRRK1 (79705)_damaging,0.0010235946552112727
1,AXIN1 (8312)_damaging,0.00027728152903086733
1,WDR90 (197335)_damaging,0.0
1,CACNA1H (8912)_damaging,0.0
1,UNKL (64718)_damaging,0.00012689253356422067
1,CRAMP1 (57585)_damaging,0.0
1,TSC2 (7249)_damaging,0.0001527171672939966
1,PKD1 (5310)_damaging,0.0006693341517406336
1,CASKIN1 (57524)_damaging,4.089967858600918e-07
1,SLX4 (84464)_damaging,0.0
1,CREBBP (1387)_damaging,0.0072658923616700545
1,GRIN2A (2903)_damaging,0.0011199224544529449
1,SMG1 (23049)_damaging,7.851445330797673e-05
1,KNOP1 (400506)_damaging,0.0009938004921561784
1,DNAH3 (55567)_damaging,0.00041369351456062395
1,PALB2 (79728)_damaging,0.0005920722702117451
1,RBBP6 (5930)_damaging,6.777187718862446e-05
1,TNRC6A (27327)_damaging,0.000967086988681843
1,GTF3C1 (2975)_damaging,0.0
1,ATXN2L (11273)_damaging,0.0
1,FBRS (64319)_damaging,0.0
1,SRCAP (10847)_damaging,0.0007113369846763097
1,SETD1A (9739)_damaging,0.00029080823384388906
1,ITGAD (3681)_damaging,0.00015308683635599746
1,SALL1 (6299)_damaging,0.00016309541916710428
1,CHD9 (80205)_damaging,0.00020105751155995998
1,RBL2 (5934)_damaging,0.0
1,NLRC5 (84166)_damaging,0.0
1,CNGB1 (1258)_damaging,0.0
1,CDH8 (1006)_damaging,5.5257465939962086e-05
1,CDH11 (1009)_damaging,0.0
1,CTCF (10664)_damaging,0.0027091701166312454
1,CARMIL2 (146206)_damaging,0.0
1,CDH1 (999)_damaging,0.0006254336376550895
1,DHX38 (9785)_damaging,3.158474601321573e-05
1,ZFHX3 (463)_damaging,0.0005992531972325068
1,CNTNAP4 (85445)_damaging,0.00027797754898322726
1,PKD1L2 (114780)_damaging,0.00013788556047398664
1,TAF1C (9013)_damaging,0.0
1,GSE1 (23199)_damaging,9.436049109426897e-05
1,IRF8 (3394)_damaging,0.0005800424943167982
1,ZNF469 (84627)_damaging,7.260428248747895e-07
1,ZC3H18 (124245)_damaging,0.0002052362780093013
1,LINC02138 (400558)_damaging,0.004558589178508625
1,CDH15 (1013)_damaging,5.806531945616477e-05
1,ANKRD11 (29123)_damaging,0.0003277571877218913
1,VPS9D1 (9605)_damaging,0.0
1,CLUH (23277)_damaging,2.3111604408307856e-05
1,SPATA22 (84690)_damaging,0.0013496509073260287
1,ZZEF1 (23140)_damaging,0.00011580601254469197
1,CAMTA2 (23125)_damaging,0.0005022533442656672
1,USP6 (9098)_damaging,0.0009624817248968983
1,FXR2 (9513)_damaging,0.0004124510794089356
1,TP53 (7157)_damaging,0.15486674584765386
1,EFNB3 (1949)_damaging,4.153334200378343e-05
1,DNAH2 (146754)_damaging,0.0005686391764787546
1,KDM6B (23135)_damaging,0.00027519021843125434
1,CHD3 (1107)_damaging,2.0615242648164675e-05
1,PER1 (5187)_damaging,0.00015239088044340638
1,MYH13 (8735)_damaging,0.0
1,MYH8 (4626)_damaging,0.0009962816131281152
1,MYH4 (4622)_damaging,0.0
1,MYH1 (4619)_damaging,0.0017688419015875426
1,MYH2 (4620)_damaging,0.0008830079218712377
1,DNAH9 (1770)_damaging,0.0006691920214509952
1,MYOCD (93649)_damaging,0.00011517585681203887
1,NCOR1 (9611)_damaging,0.0003816560342458216
1,MPRIP (23164)_damaging,0.0
1,MYO15A (51168)_damaging,0.0002937180771512729
1,SPECC1 (92521)_damaging,0.00018002720751924422
1,KSR1 (8844)_damaging,6.936883179600176e-05
1,MYO18A (399687)_damaging,4.8336216480805205e-05
1,EFCAB5 (374786)_damaging,1.14724078850796e-05
1,ATAD5 (79915)_damaging,2.2805429276218924e-06
1,NF1 (4763)_damaging,0.0038132367998045197
1,SLFN11 (91607)_damaging,0.0003808531233873036
1,SYNRG (11276)_damaging,0.0
1,GPR179 (440435)_damaging,2.8915435455903893e-05
1,ARHGAP23 (57636)_damaging,0.0
1,TOP2A (7153)_damaging,0.00028237019705050357
1,KCNH4 (23415)_damaging,0.00017546826195565218
1,STAT5B (6777)_damaging,8.989834189372714e-05
1,BRCA1 (672)_damaging,0.0007437456663676029
1,ITGA2B (3674)_damaging,2.1488172270732884e-05
1,KANSL1 (284058)_damaging,0.00020068697811408438
1,HOXB3 (3213)_damaging,0.0001404142754683776
1,COL1A1 (1277)_damaging,0.0020507753846331868
1,ANKFN1 (162282)_damaging,0.0
1,RNF43 (54894)_damaging,0.0002538928112737739
1,PPM1D (8493)_damaging,0.00021711784267805536
1,TBX4 (9496)_damaging,0.0
1,BRIP1 (83990)_damaging,0.0
1,MED13 (9969)_damaging,1.820209574718105e-05
1,MRC2 (9902)_damaging,0.00014461356895604968
1,SCN4A (6329)_damaging,6.820495442776394e-05
1,GNA13 (10672)_damaging,0.00489177448814938
1,AXIN2 (8313)_damaging,4.796805148795688e-05
1,HELZ (9931)_damaging,0.0002472007280760424
1,NOL11 (25926)_damaging,0.0
1,BPTF (2186)_damaging,0.0003471162883184699
1,ABCA8 (10351)_damaging,0.00024217169037628404
1,ABCA9 (10350)_damaging,0.00010655308458415963
1,ABCA6 (23460)_damaging,7.708024975545239e-05
1,ABCA10 (10349)_damaging,4.164288377452175e-06
1,ABCA5 (23461)_damaging,7.476782587945637e-05
1,SOX9 (6662)_damaging,6.154642228077825e-05
1,SDK2 (54549)_damaging,0.00016332031389430085
1,TMEM94 (9772)_damaging,8.378075488639195e-05
1,MYO15B (80022)_damaging,0.00026591834761618727
1,ITGB4 (3691)_damaging,0.00011839849129345477
1,EVPL (2125)_damaging,7.47552774460361e-05
1,SPHK1 (8877)_damaging,3.089265889537684e-05
1,TNRC6C (57690)_damaging,0.00027451451552017625
1,DNAH17 (8632)_damaging,0.0002910446539247648
1,CARD14 (79092)_damaging,8.559182863839626e-05
1,RPTOR (57521)_damaging,0.0
1,BAHCC1 (57597)_damaging,0.00018152128020761874
1,FASN (2194)_damaging,0.00023955525489133224
1,NARF (26502)_damaging,0.00040841881671357363
1,SMCHD1 (23347)_damaging,0.00037432999609767197
1,EPB41L3 (23136)_damaging,0.0016385710509298108
1,LAMA1 (284217)_damaging,0.0003606613927957099
1,PTPRM (5797)_damaging,0.00011142084142662242
1,MTCL1 (23255)_damaging,2.144897947185196e-05
1,ANKRD12 (23253)_damaging,0.00025286321103478945
1,PIEZO2 (63895)_damaging,2.17594991777718e-05
1,ANKRD30B (374860)_damaging,1.875184170772401e-05
1,ROCK1 (6093)_damaging,0.0003124432918378444
1,ESCO1 (114799)_damaging,0.0
1,LAMA3 (3909)_damaging,2.178600620248277e-05
1,OSBPL1A (114876)_damaging,0.0
1,ZNF521 (25925)_damaging,0.0003319693468634933
1,CCDC178 (374864)_damaging,0.0
1,ASXL3 (80816)_damaging,0.00035167940638972957
1,FHOD3 (80206)_damaging,0.00011673378758917971
1,SETBP1 (26040)_damaging,0.0011903786776867379
1,LOXHD1 (125336)_damaging,0.0004800949312077813
1,SKOR2 (652991)_damaging,0.0001132089471845646
1,ZBTB7C (201501)_damaging,0.0
1,MYO5B (4645)_damaging,2.0471270780969978e-05
1,SMAD4 (4089)_damaging,0.009982865670904364
1,DCC (1630)_damaging,0.0009651226367854468
1,ALPK2 (115701)_damaging,4.7727084798065466e-05
1,CDH7 (1005)_damaging,0.0004856196087578616
1,DSEL (92126)_damaging,0.0
1,RTTN (25914)_damaging,5.0271581947701515e-05
1,ZNF407 (55628)_damaging,3.681953669940067e-05
1,ZNF236 (7776)_damaging,5.514001557670201e-06
1,SALL3 (27164)_damaging,0.0
1,ATP9B (374868)_damaging,7.679413241525431e-05
1,KCNG2 (26251)_damaging,0.000207790219857031
1,ABCA7 (10347)_damaging,0.00015680992488495144
1,STK11 (6794)_damaging,0.0036882105191369348
1,DAZAP1 (26528)_damaging,0.0
1,AP3D1 (8943)_damaging,0.0004911593713943764
1,DOT1L (84444)_damaging,0.0002407766180289325
1,ZBTB7A (51341)_damaging,2.527828041576187e-05
1,TICAM1 (148022)_damaging,0.0
1,KDM4B (23030)_damaging,0.0002887414657488698
1,PTPRS (5802)_damaging,0.0029491630107894864
1,SAFB2 (9667)_damaging,0.000286492791869816
1,SAFB (6294)_damaging,0.0
1,CAMSAP3 (57662)_damaging,0.0
1,FBN3 (84467)_damaging,0.0002813751463740449
1,MUC16 (94025)_damaging,0.00230836121468744
1,COL5A3 (50509)_damaging,0.0020488293296573195
1,TYK2 (7297)_damaging,0.00012340486158711342
1,KEAP1 (9817)_damaging,0.00249574067372553
1,DNM2 (1785)_damaging,0.0
1,SMARCA4 (6597)_damaging,0.0051520391058174015
1,MAN2B1 (4125)_damaging,0.0
1,CACNA1A (773)_damaging,0.0013729813325100084
1,NOTCH3 (4854)_damaging,0.0008715389459672096
1,WIZ (58525)_damaging,8.760640043791906e-05
1,AP1M1 (8907)_damaging,0.0001383350267340608
1,NWD1 (284434)_damaging,0.0
1,SIN3B (23309)_damaging,0.0
1,CPAMD8 (27151)_damaging,0.0007450727274324438
1,CRLF1 (9244)_damaging,0.00012941502705059301
1,ZNF43 (7594)_damaging,0.0
1,ZNF208 (7757)_damaging,0.00040852236352164007
1,ZNF729 (100287226)_damaging,0.00048296078952380224
1,ZNF91 (7644)_damaging,0.0001713319009332493
1,URI1 (8725)_damaging,0.0
1,ZNF536 (9745)_damaging,0.00046693904056466543
1,TSHZ3 (57616)_damaging,0.0
1,KMT2B (9757)_damaging,0.0019297042581348164
1,ZNF569 (148266)_damaging,0.0
1,WDR87 (83889)_damaging,0.000359214910387521
1,SIPA1L3 (23094)_damaging,0.0
1,RYR1 (6261)_damaging,0.0013346821563151082
1,MAP4K1 (11184)_damaging,0.00016246932288153772
1,PAF1 (54623)_damaging,0.00011077511970222225
1,FCGBP (8857)_damaging,0.0006627030254209893
1,PRX (57716)_damaging,0.0004567316249864304
1,HNRNPUL1 (11100)_damaging,5.825626648836958e-06
1,ERF (2077)_damaging,0.00012395632507763646
1,CIC (23152)_damaging,0.0005165844182181128
1,MEGF8 (1954)_damaging,0.0006144788710561013
1,MARK4 (57787)_damaging,0.0
1,ARHGAP35 (2909)_damaging,0.0006044366038009009
1,ZC3H4 (23211)_damaging,0.0003522098771977607
1,BICRA (29998)_damaging,0.0007490317211191079
1,GRIN2D (2906)_damaging,8.869798105523298e-05
1,LMTK3 (114783)_damaging,0.0015613962538646186
1,PRR12 (57479)_damaging,9.528952722512252e-05
1,POLD1 (5424)_damaging,6.0294277175134125e-05
1,SHANK1 (50944)_damaging,5.126580855070871e-05
1,BRSK1 (84446)_damaging,0.0008298308533583564
1,SSC5D (284297)_damaging,0.0007130097741326491
1,NLRP9 (338321)_damaging,0.0002597851909679332
1,NLRP4 (147945)_damaging,0.0009111531653926664
1,PEG3 (5178)_damaging,6.388051266243996e-05
1,ZIM3 (114026)_damaging,0.0
1,TPO (7173)_damaging,0.0
1,PXDN (7837)_damaging,0.0
1,ROCK2 (9475)_damaging,4.252967748473541e-05
1,GREB1 (9687)_damaging,0.00027992820645939817
1,NBAS (51594)_damaging,0.0009073149045861115
1,RAD51AP2 (729475)_damaging,0.0002718915873115516
1,APOB (338)_damaging,0.0002934043077718762
1,TDRD15 (100129278)_damaging,0.0002320532069037074
1,ATAD2B (54454)_damaging,0.0003176103975713256
1,ITSN2 (50618)_damaging,0.0001604221472817256
1,DNMT3A (1788)_damaging,0.0005176229140692659
1,ASXL2 (55252)_damaging,0.00028262737105002846
1,OTOF (9381)_damaging,0.00018225794163313872
1,CAD (790)_damaging,0.0001793528778028144
1,IFT172 (26160)_damaging,0.00022191631597346187
1,SPATA31H1 (84226)_damaging,0.0009852455067827822
1,ALK (238)_damaging,0.0
1,BIRC6 (57448)_damaging,0.00046421918906856124
1,LTBP1 (4052)_damaging,0.0010737749041490128
1,HEATR5B (54497)_damaging,0.0
1,ZFP36L2 (678)_damaging,8.506584545259025e-05
1,THADA (63892)_damaging,0.00019613635745732347
1,MSH2 (4436)_damaging,0.00037884136372513675
1,MSH6 (2956)_damaging,0.0008971205334243169
1,NRXN1 (9378)_damaging,0.0018445924369794912
1,SPTBN1 (6711)_damaging,0.00011174423654617702
1,EML6 (400954)_damaging,0.00010321487431257361
1,CCDC88A (55704)_damaging,0.0012122797575980099
1,USP34 (9736)_damaging,0.00031663915528244767
1,C2orf42 (54980)_damaging,0.00012865743853466188
1,ZNF638 (27332)_damaging,7.9321787638769e-05
1,DYSF (8291)_damaging,0.0008977927204717659
1,ALMS1 (7840)_damaging,0.00023421262494143947
1,LOXL3 (84695)_damaging,0.0
1,CTNNA2 (1496)_damaging,0.00012375661527532885
1,DNAH6 (1768)_damaging,0.0007279159257088966
1,ANKRD36C (400986)_damaging,0.0
1,ANKRD36 (375248)_damaging,0.0
1,TMEM131 (23505)_damaging,0.0
1,VWA3B (200403)_damaging,0.0
1,CRACDL (343990)_damaging,0.0
1,EIF5B (9669)_damaging,7.870614022812276e-05
1,GCC2 (9648)_damaging,0.0
1,DPP10 (57628)_damaging,0.0006321044433142146
1,MARCO (8685)_damaging,0.0
1,CNTNAP5 (129684)_damaging,0.00027924896246704444
1,WDR33 (55339)_damaging,4.451940935181334e-05
1,UGGT1 (56886)_damaging,1.2948775813794646e-05
1,AMER3 (205147)_damaging,0.0
1,ARHGEF4 (50649)_damaging,0.0006332415624833587
1,NCKAP5 (344148)_damaging,0.0005267737880622655
1,THSD7B (80731)_damaging,0.0013001552404257237
1,LRP1B (53353)_damaging,0.0028425334190944856
1,ACVR2A (92)_damaging,0.0017195467757435655
1,RIF1 (55183)_damaging,0.0
1,NEB (4703)_damaging,0.002197218773637774
1,GALNT13 (114805)_damaging,0.0
1,BAZ2B (29994)_damaging,0.0
1,LY75 (4065)_damaging,0.0003995881131136696
1,PLA2R1 (22925)_damaging,0.0001544627887420484
1,SLC4A10 (57282)_damaging,0.0
1,DPP4 (1803)_damaging,4.80588862581978e-05
1,KCNH7 (90134)_damaging,0.0002739732062813655
1,FIGN (55137)_damaging,0.0
1,SCN3A (6328)_damaging,0.0003161827207831857
1,SCN2A (6326)_damaging,0.0006399432229543101
1,TTC21B (79809)_damaging,0.0
1,SCN1A (6323)_damaging,0.00010838771348349539
1,SCN9A (6335)_damaging,0.00023359481348593172
1,SCN7A (6332)_damaging,0.00021422112523999072
1,XIRP2 (129446)_damaging,0.003697762978682857
1,LRP2 (4036)_damaging,0.0012768112424716635
1,PPIG (9360)_damaging,0.0001728001776773727
1,CFAP210 (129881)_damaging,3.226187449935097e-05
1,GPR155 (151556)_damaging,0.0012013666712975002
1,TTN (7273)_damaging,0.008706568722112224
1,CCDC141 (285025)_damaging,7.006174886053271e-05
1,ITGA4 (3676)_damaging,2.896404116500877e-05
1,FSIP2 (401024)_damaging,0.002075596439076832
1,ITGAV (3685)_damaging,3.0708422585826505e-05
1,COL3A1 (1281)_damaging,6.65551337609452e-06
1,COL5A2 (1290)_damaging,0.0006953891951449841
1,ANKAR (150709)_damaging,3.554893741078472e-05
1,DNAH7 (56171)_damaging,0.0008910408977779804
1,HECW2 (57520)_damaging,5.58653870513546e-05
1,PLCL1 (5334)_damaging,0.00015161060058532731
1,SGO2 (151246)_damaging,0.0005144005271914609
1,CASP8 (841)_damaging,0.000748085721148477
1,C2CD6 (151254)_damaging,2.0197412443795917e-05
1,BMPR2 (659)_damaging,0.0
1,NBEAL1 (65065)_damaging,0.0003475976011648189
1,PARD3B (117583)_damaging,0.0
1,INO80D (54891)_damaging,0.0001597958551577302
1,ZDBF2 (57683)_damaging,0.0007493337161442772
1,ADAM23 (8745)_damaging,0.0
1,MAP2 (4133)_damaging,7.635959552596129e-05
1,UNC80 (285175)_damaging,0.0011593039172040234
1,CPS1 (1373)_damaging,0.00022332066590022122
1,ERBB4 (2066)_damaging,0.000484264613865571
1,ABCA12 (26154)_damaging,0.0004138119692187415
1,FN1 (2335)_damaging,0.0009095403186888165
1,TNS1 (7145)_damaging,0.00014224542637044233
1,CFAP65 (255101)_damaging,8.262216019965437e-05
1,SPEG (10290)_damaging,0.0010848644113350433
1,SLC4A3 (6508)_damaging,0.00014294863854643442
1,NYAP2 (57624)_damaging,0.0
1,IRS1 (3667)_damaging,0.0001273000761306614
1,COL4A4 (1286)_damaging,0.00020026010832644052
1,SPHKAP (80309)_damaging,0.00011848722907552433
1,MROH2A (339766)_damaging,0.000153216701569259
1,COL6A3 (1293)_damaging,0.001058554424126944
1,RBM44 (375316)_damaging,6.867559341377498e-05
1,HDAC4 (9759)_damaging,0.00024287597418380438
1,KIF1A (547)_damaging,0.0009852853543070056
1,CROCC2 (728763)_damaging,0.0
1,FASTKD5 (60493)_damaging,0.0005643776583370173
1,SLC4A11 (83959)_damaging,6.907164339162775e-05
1,PLCB4 (5332)_damaging,2.5341219162432787e-05
1,ESF1 (51575)_damaging,0.0
1,SEL1L2 (80343)_damaging,4.8930077858147346e-05
1,RRBP1 (6238)_damaging,0.0
1,CFAP61 (26074)_damaging,0.0
1,RALGAPA2 (57186)_damaging,0.0
1,CD93 (22918)_damaging,5.579111330340368e-05
1,ASXL1 (171023)_damaging,0.003621642144587547
1,NCOA6 (23054)_damaging,0.00034639828646843105
1,MYH7B (57644)_damaging,0.0005206070897926933
1,CEP250 (11190)_damaging,7.337473940005212e-05
1,SAMHD1 (25939)_damaging,0.00012754056550908424
1,RALGAPB (57148)_damaging,0.0
1,CHD6 (84181)_damaging,1.3842376551563431e-05
1,PTPRT (11122)_damaging,0.001041300567193014
1,DDX27 (55661)_damaging,0.0003839097787683807
1,KCNB1 (3745)_damaging,0.0
1,GNAS (2778)_damaging,0.0
1,ZNF831 (128611)_damaging,5.092552962252581e-06
1,SYCP2 (10388)_damaging,0.00022487202272305617
1,LAMA5 (3911)_damaging,0.001174513177987527
1,DIDO1 (11083)_damaging,0.00014874744990021684
1,COL20A1 (57642)_damaging,6.478027324546225e-05
1,HELZ2 (85441)_damaging,0.0010282759748295282
1,TPTE (7179)_damaging,5.450580331292594e-05
1,NRIP1 (8204)_damaging,0.00019807272688962416
1,ADAMTS5 (11096)_damaging,0.0
1,LTN1 (26046)_damaging,7.638740162054619e-05
1,USP16 (10600)_damaging,2.0911860185745817e-05
1,SCAF4 (57466)_damaging,0.0010259620392484813
1,ITSN1 (6453)_damaging,0.00029015166360047193
1,RUNX1 (861)_damaging,0.0004572734640512882
1,DOP1B (9980)_damaging,8.104535421850742e-05
1,BRWD1 (54014)_damaging,0.0004025904635383076
1,DSCAM (1826)_damaging,0.0007063734863103465
1,ZBTB21 (49854)_damaging,0.001011803245835559
1,COL18A1 (80781)_damaging,0.0009070255719880426
1,PCNT (5116)_damaging,0.0007619075925024972
1,ZDHHC8 (29801)_damaging,9.843305702671734e-05
1,MED15 (51586)_damaging,0.00020064100422764977
1,LZTR1 (8216)_damaging,0.0006709352857718686
1,MYO18B (84700)_damaging,0.00020438379176225145
1,MN1 (4330)_damaging,5.957459241102286e-05
1,NF2 (4771)_damaging,0.01624984183273437
1,PRR14L (253143)_damaging,5.9511177894583104e-05
1,DEPDC5 (9681)_damaging,4.2541711347598364e-05
1,RTCB (51493)_damaging,0.0
1,MYH9 (4627)_damaging,0.00044332190049786984
1,CSF2RB (1439)_damaging,0.0006947447978770076
1,TRIOBP (11078)_damaging,0.0025863230791667606
1,CACNA1I (8911)_damaging,0.0007760672169978267
1,TNRC6B (23112)_damaging,0.0001867453891009905
1,EP300 (2033)_damaging,0.001669473613553959
1,MEI1 (150365)_damaging,0.00015366063188624647
1,TCF20 (6942)_damaging,5.901744737320651e-05
1,SMC1B (27127)_damaging,0.0006146189937414907
1,PKDREJ (10343)_damaging,2.54230527771132e-05
1,CELSR1 (9620)_damaging,0.0
1,PLXNB2 (23654)_damaging,0.0005830099231439255
1,PPP6R2 (9701)_damaging,0.0004757487884753451
1,SBF1 (6305)_damaging,0.00013511540304412002
1,CHL1 (10752)_damaging,0.00031542041029154435
1,CNTN6 (27255)_damaging,0.00023811669472847226
1,CNTN4 (152330)_damaging,9.340295916964838e-05
1,GRM7 (2917)_damaging,9.493766129531137e-05
1,SSUH2 (51066)_damaging,2.1019564546170442e-05
1,VHL (7428)_damaging,0.00147876368677374
1,NUP210 (23225)_damaging,0.0
1,KCNH8 (131096)_damaging,1.2178116053011755e-05
1,TGFBR2 (7048)_damaging,0.0010981661371587009
1,CLASP2 (23122)_damaging,0.00012732671183567863
1,TRANK1 (9881)_damaging,0.0006655262339884568
1,MLH1 (4292)_damaging,0.0005224825118367433
1,GOLGA4 (2803)_damaging,0.00016843901949207263
1,SCN10A (6336)_damaging,2.544123550445924e-05
1,SCN11A (11280)_damaging,0.0006236614586275831
1,TOPAZ1 (375337)_damaging,0.00023701838688303123
1,SETD2 (29072)_damaging,0.0007594268674771384
1,PTPN23 (25930)_damaging,0.000999767741914161
1,PLXNB1 (5364)_damaging,0.0006334357694737006
1,COL7A1 (1294)_damaging,0.0013504113060687538
1,CELSR3 (1951)_damaging,0.00014121979362757036
1,RHOA (387)_damaging,0.0010073216693711447
1,BSN (8927)_damaging,0.0
1,RBM6 (10180)_damaging,0.00022238061775590402
1,DOCK3 (1795)_damaging,0.000522998209584606
1,DNAH1 (25981)_damaging,6.0693743237846075e-05
1,BAP1 (8314)_damaging,0.0005510473260079762
1,STAB1 (23166)_damaging,4.704391903734724e-05
1,PBRM1 (55193)_damaging,0.0011799240796428285
1,CACNA2D3 (55799)_damaging,0.0001362213873882409
1,DNAH12 (201625)_damaging,0.00033860341842298315
1,FLNB (2317)_damaging,0.0002876382393303418
1,PTPRG (5793)_damaging,0.0002667709483605355
1,ATXN7 (6314)_damaging,0.0004174661582053764
1,CNTN3 (5067)_damaging,0.0
1,ROBO2 (6092)_damaging,0.00034184059548733137
1,ROBO1 (6091)_damaging,0.00024307617160042856
1,EPHA3 (2042)_damaging,2.41638815382627e-05
1,EPHA6 (285220)_damaging,0.0019053548173989564
1,CRYBG3 (131544)_damaging,6.237171666993091e-05
1,FILIP1L (11259)_damaging,0.0
1,ABI3BP (25890)_damaging,0.0005444516678475786
1,NFKBIZ (64332)_damaging,0.0
1,MYH15 (22989)_damaging,0.00020772367370172653
1,DZIP3 (9666)_damaging,0.0001144339030432618
1,MORC1 (27136)_damaging,4.9399169656065176e-05
1,NECTIN3 (25945)_damaging,0.00022449310894306573
1,PHLDB2 (90102)_damaging,5.6107404877117154e-05
1,ZBTB20 (26137)_damaging,0.0007825840332411635
1,CFAP91 (89876)_damaging,9.28236377738236e-05
1,POLQ (10721)_damaging,0.0005526974964777726
1,GOLGB1 (2804)_damaging,0.0
1,KALRN (8997)_damaging,0.002010796901396311
1,MBD4 (8930)_damaging,0.0004065627619008997
1,COL6A5 (256076)_damaging,0.0002684452680988909
1,DNAJC13 (23317)_damaging,4.519925293110341e-05
1,TOPBP1 (11073)_damaging,0.0005475889530711459
1,RASA2 (5922)_damaging,4.488611303746047e-05
1,XRN1 (54464)_damaging,0.00011182265826949837
1,ATR (545)_damaging,0.0013392996974464788
1,HPS3 (84343)_damaging,0.0
1,MED12L (116931)_damaging,0.00019575970545426924
1,IGSF10 (285313)_damaging,0.00027414337404166214
1,ARHGEF26 (26084)_damaging,7.478939719179213e-05
1,MME (4311)_damaging,0.0
1,SMC4 (10051)_damaging,6.351734419069588e-05
1,SI (6476)_damaging,6.27481325444322e-05
1,MECOM (2122)_damaging,0.0
1,TNIK (23043)_damaging,0.0
1,PLD1 (5337)_damaging,0.0
1,USP13 (8975)_damaging,0.0003896421036523007
1,VWA5B2 (90113)_damaging,0.0
1,MUC4 (4585)_damaging,0.0014670414023812753
1,TNK2 (10188)_damaging,0.0
1,NSD2 (7468)_damaging,0.0009744132419768666
1,POLN (353497)_damaging,9.283413744216121e-05
1,FAM193A (8603)_damaging,0.0005344365888262553
1,HTT (3064)_damaging,0.0
1,UNC93B7 (100887746)_damaging,0.0004700974700699699
1,BOD1L1 (259282)_damaging,5.132219524808573e-05
1,CPEB2 (132864)_damaging,8.0672204395082e-05
1,SLIT2 (9353)_damaging,9.373306799296962e-05
1,PCDH7 (5099)_damaging,0.00013097101704208158
1,KLF3 (51274)_damaging,0.0
1,RFC1 (5981)_damaging,0.0
1,LIMCH1 (22998)_damaging,5.875850543320541e-05
1,BEND4 (389206)_damaging,0.0016969650085908463
1,ATP8A1 (10396)_damaging,7.791003219030063e-05
1,CORIN (10699)_damaging,0.00014319251031429358
1,FRYL (285527)_damaging,0.00013355349135787278
1,KDR (3791)_damaging,0.001812023599472299
1,CRACD (57482)_damaging,0.000310462461285979
1,POLR2B (5431)_damaging,0.0
1,ADGRL3 (23284)_damaging,0.0002472387251506889
1,EPHA5 (2044)_damaging,6.118922163211845e-05
1,CENPC (1060)_damaging,0.00021519506647536336
1,ADAMTS3 (9508)_damaging,8.609896490842695e-05
1,SHROOM3 (57619)_damaging,0.0
1,FRAS1 (80144)_damaging,0.00043013273991087195
1,WDFY3 (23001)_damaging,0.0002607700543379126
1,ARHGAP24 (83478)_damaging,4.297938235942935e-05
1,PTPN13 (5783)_damaging,0.00047279388560164963
1,AFF1 (4299)_damaging,2.3076030275777613e-05
1,ABCG2 (9429)_damaging,0.0
1,HERC5 (51191)_damaging,0.0
1,MMRN1 (22915)_damaging,3.042947560685856e-05
1,GRID2 (2895)_damaging,3.243242475560669e-05
1,SMARCAD1 (56916)_damaging,2.388771306058875e-06
1,UNC5C (8633)_damaging,5.061746875230103e-05
1,CENPE (1062)_damaging,0.0
1,TET2 (54790)_damaging,0.003753143397787056
1,COL25A1 (84570)_damaging,0.00017802258512143013
1,ZGRF1 (55345)_damaging,0.00012816068881601998
1,ANK2 (287)_damaging,0.00010440835570668056
1,BLTP1 (84162)_damaging,0.0014514993939588941
1,FAT4 (79633)_damaging,0.00039268518772043163
1,SCLT1 (132320)_damaging,0.0
1,PCDH10 (57575)_damaging,3.387104841919005e-05
1,NAA15 (80155)_damaging,1.430551392847153e-05
1,LRBA (987)_damaging,0.0004693851283662294
1,FBXW7 (55294)_damaging,0.0012267756612253493
1,FHDC1 (85462)_damaging,4.941903372653731e-05
1,DCHS2 (54798)_damaging,0.00015236212705993174
1,MAP9 (79884)_damaging,0.0
1,GRIA2 (2891)_damaging,5.1328316958278966e-05
1,RXFP1 (59350)_damaging,0.0
1,RAPGEF2 (9693)_damaging,0.0
1,FSTL5 (56884)_damaging,0.00032866380638900747
1,DDX60 (55601)_damaging,6.2484463056534265e-06
1,CLCN3 (1182)_damaging,0.0
1,HAND2 (9464)_damaging,0.0011159199260823759
1,TENM3 (55714)_damaging,0.000228985756019339
1,STOX2 (56977)_damaging,0.0
1,SORBS2 (8470)_damaging,9.119616711721797e-05
1,FAT1 (2195)_damaging,0.00261488687555758
1,SDHA (6389)_damaging,0.0009379091684097137
1,SLC12A7 (10723)_damaging,0.0
1,SLC6A19 (340024)_damaging,0.0
1,TERT (7015)_damaging,0.00036731297255289863
1,ADAMTS16 (170690)_damaging,1.9405295611149665e-05
1,ICE1 (23379)_damaging,8.447776674467672e-06
1,SEMA5A (9037)_damaging,9.241996668866786e-05
1,DNAH5 (1767)_damaging,0.0009322961000180392
1,TRIO (7204)_damaging,0.00016247922384852244
1,CDH18 (1016)_damaging,0.0
1,PRDM9 (56979)_damaging,0.0004578125376267627
1,CDH10 (1008)_damaging,0.00022220921510655937
1,CDH6 (1004)_damaging,3.148104837958287e-05
1,PDZD2 (23037)_damaging,0.0008696542025000824
1,ADAMTS12 (81792)_damaging,1.80428328303739e-05
1,SPEF2 (79925)_damaging,0.00023818081842907503
1,NIPBL (25836)_damaging,0.00019383454689458278
1,CPLANE1 (65250)_damaging,0.0010929472542579681
1,EGFLAM (133584)_damaging,0.0
1,C7 (730)_damaging,1.9583610581436592e-05
1,MROH2B (133558)_damaging,0.0002199230499871911
1,C6 (729)_damaging,0.0
1,HCN1 (348980)_damaging,0.000490694092260142
1,ITGA2 (3673)_damaging,0.00017260360136464007
1,DHX29 (54505)_damaging,0.0
1,ZSWIM6 (57688)_damaging,4.883746036471169e-05
1,MAST4 (375449)_damaging,0.0
1,PIK3R1 (5295)_damaging,0.0012087275868103362
1,RAD17 (5884)_damaging,0.0004157131555455555
1,BDP1 (55814)_damaging,4.083047638248221e-05
1,MAP1B (4131)_damaging,0.0
1,ARHGEF28 (64283)_damaging,0.00023288746246518966
1,ANKRD31 (256006)_damaging,0.000147044562295535
1,AGGF1 (55109)_damaging,5.69363285876809e-05
1,AP3B1 (8546)_damaging,0.0
1,CMYA5 (202333)_damaging,0.0013886982132535672
1,MSH3 (4437)_damaging,0.004973468403809897
1,VCAN (1462)_damaging,0.00015280448323899223
1,RASA1 (5921)_damaging,0.0007210988659952822
1,ADGRV1 (84059)_damaging,0.0004770997726089298
1,SKIC3 (9652)_damaging,0.0
1,ARSK (153642)_damaging,0.00012631021638991274
1,SLCO6A1 (133482)_damaging,4.37318425479532e-05
1,APC (324)_damaging,0.008900831595310727
1,DMXL1 (1657)_damaging,0.0042857443120763485
1,ZNF608 (57507)_damaging,0.0
1,FBN2 (2201)_damaging,0.00021004739026263115
1,ADAMTS19 (171019)_damaging,6.966918261867218e-05
1,RAPGEF6 (51735)_damaging,6.153927254851349e-06
1,FNIP1 (96459)_damaging,0.0001602450524455231
1,RAD50 (10111)_damaging,0.0072059162627271306
1,PITX1 (5307)_damaging,0.012323800570572141
1,LINC02900 (340073)_damaging,0.0017915955013065117
1,CTNNA1 (1495)_damaging,0.0005882713539380061
1,WDR55 (54853)_damaging,0.00046474858195132764
1,NR3C1 (2908)_damaging,9.381323196118248e-05
1,TCERG1 (10915)_damaging,0.0005929868314546602
1,FAT2 (2196)_damaging,0.0012646354447887634
1,LARP1 (23367)_damaging,0.00041848309634732594
1,DOCK2 (1794)_damaging,0.0005347248375541587
1,NSD1 (64324)_damaging,7.925384499847876e-05
1,ADAMTS2 (9509)_damaging,2.564354082932827e-05
1,FLT4 (2324)_damaging,0.0010158918184951574
1,DSP (1832)_damaging,0.0002192196640844054
1,HIVEP1 (3096)_damaging,9.167568204607124e-05
1,JARID2 (3720)_damaging,0.00037983076378990307
1,HLA-A (3105)_damaging,0.0009103218671260618
1,MDC1 (9656)_damaging,0.0014336478080716683
1,VARS2 (57176)_damaging,0.0
1,MUCL3 (135656)_damaging,6.548126895997043e-05
1,HLA-C (3107)_damaging,0.00019305134957587524
1,HLA-B (3106)_damaging,0.0011428622841028846
1,PRRC2A (7916)_damaging,0.00019626390608368469
1,BAG6 (7917)_damaging,0.00020344868488446737
1,TNXB (7148)_damaging,0.0005135209550718765
1,NOTCH4 (4855)_damaging,0.0002902050236818409
1,COL11A2 (1302)_damaging,0.00040054482200781063
1,ITPR3 (3710)_damaging,0.00017737132843888796
1,DNAH8 (1769)_damaging,0.0009719857643585666
1,KIF6 (221458)_damaging,4.389091127802159e-05
1,CCND3 (896)_damaging,0.0010860453855096334
1,UBR2 (23304)_damaging,0.0
1,CUL9 (23113)_damaging,0.00011587313592101075
1,ZNF318 (24149)_damaging,6.767732712743463e-05
1,TDRD6 (221400)_damaging,0.0
1,MMUT (4594)_damaging,0.00038583106926701286
1,PKHD1 (5314)_damaging,0.0005295989909662694
1,FAM83B (222584)_damaging,0.0
1,DST (667)_damaging,0.0007552199649403707
1,PHF3 (23469)_damaging,0.00013639883721769941
1,EYS (346007)_damaging,0.0014758751462362926
1,ADGRB3 (577)_damaging,0.00012934985866319698
1,COL19A1 (1310)_damaging,0.00012230786219355483
1,COL9A1 (1297)_damaging,9.051111995743373e-05
1,RIMS1 (22999)_damaging,9.23789732924224e-05
1,CD109 (135228)_damaging,0.0
1,COL12A1 (1303)_damaging,0.00019603310419937165
1,TTK (7272)_damaging,0.0
1,CEP162 (22832)_damaging,0.0
1,SYNCRIP (10492)_damaging,0.00015830997027382616
1,ZNF292 (23036)_damaging,0.000162508491318541
1,MDN1 (23195)_damaging,0.000400436375099932
1,CASP8AP2 (9994)_damaging,7.948222864571187e-05
1,EPHA7 (2045)_damaging,0.001348024088206535
1,MMS22L (253714)_damaging,0.0005169809215973666
1,ASCC3 (10973)_damaging,0.00041120666824111577
1,AK9 (221264)_damaging,3.792771051254027e-05
1,REV3L (5980)_damaging,4.333765184472619e-05
1,HDAC2 (3066)_damaging,0.000130279769288862
1,ROS1 (6098)_damaging,0.00037261698800204366
1,TBC1D32 (221322)_damaging,0.0004003004762571096
1,TRDN (10345)_damaging,2.4728666547417807e-06
1,LAMA2 (3908)_damaging,0.00015552556451288758
1,AKAP7 (9465)_damaging,0.0
1,MED23 (9439)_damaging,6.622779606595508e-06
1,TNFAIP3 (7128)_damaging,0.00010607114778139058
1,ARFGEF3 (57221)_damaging,0.00032583254260060303
1,NHSL1 (57224)_damaging,9.546251229211597e-05
1,ECT2L (345930)_damaging,0.0009713042700644102
1,HIVEP2 (3097)_damaging,0.0007609704263576515
1,UTRN (7402)_damaging,0.0
1,SHPRH (257218)_damaging,0.00018473769047318194
1,GRM1 (2911)_damaging,0.00010375407389340567
1,ADGB (79747)_damaging,0.00010302848375163542
1,STXBP5 (134957)_damaging,3.2756955319773534e-05
1,AKAP12 (9590)_damaging,0.0
1,SYNE1 (23345)_damaging,0.0016127943501312797
1,SCAF8 (22828)_damaging,0.000170790699648827
1,ARID1B (57492)_damaging,0.0015714988961757106
1,FNDC1 (84624)_damaging,2.7208810872655738e-05
1,LPA (4018)_damaging,1.4211431351472487e-05
1,MAP3K4 (4216)_damaging,0.00014170070589674628
1,QKI (9444)_damaging,0.0014042143250800215
1,AFDN (4301)_damaging,0.00016225632530671947
1,CARD11 (84433)_damaging,0.0
1,SDK1 (221935)_damaging,0.00010078685892767494
1,TNRC18 (84629)_damaging,0.0011906564659056368
1,PMS2 (5395)_damaging,0.0006008151690901984
1,COL28A1 (340267)_damaging,0.00011567804457853922
1,THSD7A (221981)_damaging,5.3852877083900976e-05
1,VWDE (221806)_damaging,0.00018429388697585824
1,DGKB (1607)_damaging,5.541956755217149e-05
1,AHR (196)_damaging,0.00010475179209912616
1,HDAC9 (9734)_damaging,1.526777181412909e-05
1,ABCB5 (340273)_damaging,0.0025017665670494372
1,DNAH11 (8701)_damaging,0.0011409006785263432
1,STK31 (56164)_damaging,2.4732701137108512e-05
1,CDK13 (8621)_damaging,0.00026605973487003274
1,GLI3 (2737)_damaging,0.00028079177965069553
1,HECW1 (23072)_damaging,6.167115685371612e-05
1,AEBP1 (165)_damaging,0.00026625703336823547
1,PKD1L1 (168507)_damaging,0.000458427112819789
1,ABCA13 (154664)_damaging,0.0009329908104417819
1,FIGNL1 (63979)_damaging,0.0
1,EGFR (1956)_damaging,9.89680461318091e-06
1,AUTS2 (26053)_damaging,0.00016495154008663797
1,PTPN12 (5782)_damaging,0.0
1,MAGI2 (9863)_damaging,2.1545613171501944e-05
1,CD36 (948)_damaging,0.0027608277950694456
1,PCLO (27445)_damaging,0.0006926039881885373
1,SEMA3E (9723)_damaging,0.0
1,ABCB4 (5244)_damaging,0.0
1,ABCB1 (5243)_damaging,0.0
1,ZNF804B (219578)_damaging,0.0
1,AKAP9 (10142)_damaging,0.0006658817513790879
1,ANKIB1 (54467)_damaging,4.742833880387998e-05
1,SAMD9 (54809)_damaging,0.00015198962014181634
1,SAMD9L (219285)_damaging,0.00016658649431237126
1,CALCR (799)_damaging,0.0
1,COL1A2 (1278)_damaging,0.00012839697092285153
1,TRRAP (8295)_damaging,0.00038188932744166574
1,NYAP1 (222950)_damaging,0.0
1,GIGYF1 (64599)_damaging,2.2478602517075597e-05
1,ZAN (7455)_damaging,0.002627690333979172
1,MUC12 (10071)_damaging,1.8154506032548346e-05
1,MUC17 (140453)_damaging,0.0006165611584217233
1,PLOD3 (8985)_damaging,0.0003110543782355737
1,CUX1 (1523)_damaging,0.00034455150356353783
1,FBXL13 (222235)_damaging,5.2037041855257856e-05
1,RELN (5649)_damaging,0.0006360715246086433
1,KMT2E (55904)_damaging,0.0
1,PIK3CG (5294)_damaging,0.00011939502155333554
1,LAMB4 (22798)_damaging,0.00047916345410080856
1,PPP1R3A (5506)_damaging,0.00011647160968110418
1,CFTR (1080)_damaging,4.348119684825427e-05
1,CTTNBP2 (83992)_damaging,9.957482409940316e-05
1,PTPRZ1 (5803)_damaging,1.0724969271220233e-05
1,CADPS2 (93664)_damaging,0.0004856943884793209
1,IQUB (154865)_damaging,0.0013894121215704783
1,GRM8 (2918)_damaging,6.23711694752484e-05
1,FLNC (2318)_damaging,6.595964245474287e-05
1,KCP (375616)_damaging,5.270183649507867e-05
1,PLXNA4 (91584)_damaging,0.0005386947112797069
1,NUP205 (23165)_damaging,0.0
1,TRIM24 (8805)_damaging,4.700482748390185e-05
1,KIAA1549 (57670)_damaging,0.0003761401999672153
1,MGAM (8972)_damaging,0.0004929043040086085
1,MGAM2 (93432)_damaging,1.839998139571178e-05
1,EPHB6 (2051)_damaging,1.3932388473465654e-05
1,KEL (3792)_damaging,0.00040178129876495454
1,NOBOX (135935)_damaging,0.0002527690967781134
1,CNTNAP2 (26047)_damaging,3.565161273673146e-05
1,AOC1 (26)_damaging,0.0
1,KCNH2 (3757)_damaging,0.0
1,NOS3 (4846)_damaging,0.00022494346129189275
1,ATG9B (285973)_damaging,0.00022375611916476657
1,KMT2C (58508)_damaging,0.001380487903094193
1,DPP6 (1804)_damaging,0.0008425963478187473
1,PTPRN2 (5799)_damaging,0.0002495300448098364
1,CSMD1 (64478)_damaging,0.0010215103254276477
1,RP1L1 (94137)_damaging,0.00021165527946777492
1,TRMT9B (57604)_damaging,0.0012339090256465346
1,DLC1 (10395)_damaging,0.0
1,PSD3 (23362)_damaging,6.454378419561956e-05
1,DMTN (2039)_damaging,0.0
1,DOCK5 (80005)_damaging,0.0
1,NUGGC (389643)_damaging,6.105795415329822e-05
1,TEX15 (56154)_damaging,0.00019420145914689357
1,WRN (7486)_damaging,0.0002772364664118905
1,UNC5D (137970)_damaging,6.728316016884778e-05
1,ADGRA2 (25960)_damaging,0.0006416962095105953
1,NSD3 (54904)_damaging,7.236225390867174e-05
1,ANK1 (286)_damaging,0.00027055464675445083
1,PRKDC (5591)_damaging,0.00022111126605692054
1,PXDNL (137902)_damaging,0.00022841434525412287
1,ST18 (9705)_damaging,0.0
1,RB1CC1 (9821)_damaging,5.44833287660637e-05
1,RP1 (6101)_damaging,0.0009360177094442379
1,CYP7A1 (1581)_damaging,9.325509884850245e-05
1,CHD7 (55636)_damaging,0.0003845064799734999
1,ARFGEF1 (10565)_damaging,0.0010841806238557922
1,PREX2 (80243)_damaging,9.163853500538677e-05
1,SULF1 (23213)_damaging,8.192395935318867e-05
1,SLCO5A1 (81796)_damaging,5.7698681251069725e-05
1,TRPA1 (8989)_damaging,0.0
1,KCNB2 (9312)_damaging,0.0
1,ZFHX4 (79776)_damaging,0.0017212543300069586
1,WWP1 (11059)_damaging,0.0004015920035050044
1,ESRP1 (54845)_damaging,0.00097764611315356
1,VPS13B (157680)_damaging,0.0004607954603980303
1,RGS22 (26166)_damaging,0.0001081337759541075
1,UBR5 (51366)_damaging,0.00017615189507363878
1,RIMS2 (9699)_damaging,0.0003944505074019894
1,PKHD1L1 (93035)_damaging,0.0016128262709119532
1,CSMD3 (114788)_damaging,0.003116208988592297
1,TRPS1 (7227)_damaging,7.219305578353109e-05
1,COL14A1 (7373)_damaging,0.0006584036941361684
1,FER1L6 (654463)_damaging,0.0003109414726590672
1,ASAP1 (50807)_damaging,0.0
1,ADCY8 (114)_damaging,4.8994515555031696e-05
1,EFR3A (23167)_damaging,0.0
1,OC90 (729330)_damaging,0.00012152975126066817
1,PHF20L1 (51105)_damaging,0.0005447801564355104
1,TG (7038)_damaging,7.791535010655807e-06
1,COL22A1 (169044)_damaging,0.0006507157804990668
1,EPPK1 (83481)_damaging,7.1334500744966064e-06
1,PLEC (5339)_damaging,0.0005085027159453408
1,PARP10 (84875)_damaging,2.172258662619623e-05
1,CYC1 (1537)_damaging,0.0
1,WDR97 (340390)_damaging,0.00019953642331686495
1,CPSF1 (29894)_damaging,4.0800127853134644e-05
1,DOCK8 (81704)_damaging,0.00043760132082554227
1,SMARCA2 (6595)_damaging,1.6216162264293526e-05
1,ERMP1 (79956)_damaging,0.00035241506820856593
1,PTPRD (5789)_damaging,0.00012882357020535965
1,MPDZ (8777)_damaging,0.00010984710897371527
1,FREM1 (158326)_damaging,0.00019480221256616492
1,CNTLN (54875)_damaging,0.00017681346960830724
1,ADAMTSL1 (92949)_damaging,0.00016996220399599537
1,DENND4C (55667)_damaging,0.00016605304155528337
1,CDKN2A (1029)_damaging,0.00344276701128285
1,SPATA31G1 (138724)_damaging,0.0002074333964228922
1,FANCG (2189)_damaging,0.0004579412784247929
1,PIGO (84720)_damaging,0.0
1,UNC13B (10497)_damaging,0.00016060480470889458
1,RUSC2 (9853)_damaging,0.0
1,SPAG8 (26206)_damaging,0.004912907775875077
1,TJP2 (9414)_damaging,0.00010408748220665115
1,TMC1 (117531)_damaging,0.0
1,TRPM6 (140803)_damaging,0.0001776420001527452
1,PCSK5 (5125)_damaging,0.0
1,PRUNE2 (158471)_damaging,0.0
1,VPS13A (23230)_damaging,0.00018973566196347341
1,TLE4 (7091)_damaging,0.0001497351550063558
1,KIF27 (55582)_damaging,0.00021613517712836406
1,TUT7 (79670)_damaging,0.00012780405656450056
1,SECISBP2 (79048)_damaging,1.3833002265164921e-17
1,ROR2 (4920)_damaging,0.0
1,NOL8 (55035)_damaging,6.115851604514973e-05
1,WNK2 (65268)_damaging,0.0001172398811970683
1,PHF2 (5253)_damaging,0.0
1,PTCH1 (5727)_damaging,0.00015919866259888626
1,COL15A1 (1306)_damaging,0.00039970144394659777
1,SMC2 (10592)_damaging,0.0
1,ELP1 (8518)_damaging,0.000756329223382056
1,TMEM245 (23731)_damaging,0.00047837042951279343
1,PALM2AKAP2 (445815)_damaging,0.0
1,SVEP1 (79987)_damaging,8.818500896805664e-05
1,SHOC1 (158401)_damaging,6.30650216253862e-05
1,FKBP15 (23307)_damaging,0.0
1,COL27A1 (85301)_damaging,0.00039874530036362416
1,PAPPA (5069)_damaging,0.00046901554095002813
1,TLR4 (7099)_damaging,0.00015495386515718745
1,C5 (727)_damaging,0.0
1,CNTRL (11064)_damaging,0.00017353930985532226
1,DENND1A (57706)_damaging,0.00015260477085705067
1,ADGRD2 (347088)_damaging,0.00016576545185144676
1,GOLGA2 (2801)_damaging,0.0
1,SPTAN1 (6709)_damaging,0.0003292401585436033
1,HMCN2 (256158)_damaging,0.00043807699857476755
1,FUBP3 (8939)_damaging,0.0
1,NUP214 (8021)_damaging,0.001046331698113254
1,PRRC2B (84726)_damaging,0.00021348414001366256
1,UCK1 (83549)_damaging,0.001118784324281393
1,SETX (23064)_damaging,0.00012963668557993907
1,TSC1 (7248)_damaging,0.00026264772116362434
1,ADAMTS13 (11093)_damaging,3.26201325375921e-05
1,ADAMTSL2 (9719)_damaging,0.0009901510876331435
1,BRD3 (8019)_damaging,0.0011488191536892071
1,WDR5 (11091)_damaging,2.9605214679809677e-05
1,COL5A1 (1289)_damaging,0.00022523042212787908
1,CAMSAP1 (157922)_damaging,0.0
1,CCDC187 (399693)_damaging,0.0
1,NOTCH1 (4851)_damaging,0.0008044387808678967
1,CACNA1B (774)_damaging,0.00012835850461314944
1,MXRA5 (25878)_damaging,0.0009138400297251878
1,SHROOM2 (357)_damaging,0.0003312827019531562
1,DMD (1756)_damaging,0.0017347780221313132
1,CFAP47 (286464)_damaging,0.0008010883044483308
1,RPGR (6103)_damaging,6.386160466431172e-05
1,BCOR (54880)_damaging,0.004929482480960254
1,USP9X (8239)_damaging,0.0022526124863865562
1,DDX3X (1654)_damaging,0.0006675637423276206
1,KDM6A (7403)_damaging,0.0038379976532391985
1,RBM10 (8241)_damaging,0.00017267299371081756
1,TFE3 (7030)_damaging,0.0
1,CCNB3 (85417)_damaging,0.0004942665073964622
1,KDM5C (8242)_damaging,9.893354349836095e-05
1,IQSEC2 (23096)_damaging,2.9384267485536835e-05
1,HUWE1 (10075)_damaging,4.863809251992169e-05
1,WNK3 (65267)_damaging,0.000235018253419255
1,AMER1 (139285)_damaging,0.0007601023740836264
1,ZC3H12B (340554)_damaging,0.0
1,MED12 (9968)_damaging,0.0015207490070035445
1,ZMYM3 (9203)_damaging,0.0020226242643266064
1,NEXMIF (340533)_damaging,0.0
1,ATRX (546)_damaging,0.0009483827877293064
1,BRWD3 (254065)_damaging,0.0009094852298594847
1,CYLC1 (1538)_damaging,6.536490484682597e-05
1,ZNF711 (7552)_damaging,0.0
1,DACH2 (117154)_damaging,0.0
1,DIAPH2 (1730)_damaging,0.00037252762458335844
1,PCDH19 (57526)_damaging,9.169092129949799e-05
1,RAB40A (142684)_damaging,0.00021943070916659747
1,NRK (203447)_damaging,5.2577458481879654e-05
1,COL4A6 (1288)_damaging,0.00010393214971056927
1,GUCY2F (2986)_damaging,0.00010338310659721411
1,DOCK11 (139818)_damaging,8.311513180336722e-05
1,STAG2 (10735)_damaging,0.003548699085644798
1,TENM1 (10178)_damaging,0.00020140664440501527
1,SMARCA1 (6594)_damaging,0.0
1,BCORL1 (63035)_damaging,0.0004303771261267456
1,USP26 (83844)_damaging,0.00045759739505888975
1,ADGRG4 (139378)_damaging,7.030054776462293e-05
1,MCF2 (4168)_damaging,0.0
1,SPANXN4 (441525)_damaging,0.0008246033091435329
1,SLITRK2 (84631)_damaging,4.871052392510745e-05
1,FMR1 (2332)_damaging,7.695312377777548e-06
1,AFF2 (2334)_damaging,0.0
1,PLXNA3 (55558)_damaging,0.00046166719567803624
1,F8 (2157)_damaging,0.0003198747153212073
1,MT-ND4 (4538)_damaging,0.00038378175836777985
1,MT-ND5 (4540)_damaging,0.000785330818243961
2,MTOR (2475)_hotspot,0.0006852546859912081
2,NRAS (4893)_hotspot,0.004530354312261365
2,PTEN (5728)_hotspot,0.0014197136634869069
2,HRAS (3265)_hotspot,0.00016662108084460552
2,ATM (472)_hotspot,0.00014152657064642532
2,KRAS (3845)_hotspot,0.009557068001628501
2,ERBB3 (2065)_hotspot,0.0
2,RB1 (5925)_hotspot,0.0018751147025812705
2,CREBBP (1387)_hotspot,0.00023827462806470532
2,TP53 (7157)_hotspot,0.07569113953340766
2,NF1 (4763)_hotspot,0.001281869755879795
2,ERBB2 (2064)_hotspot,0.0003536236970888681
2,SMAD4 (4089)_hotspot,0.0013696222508177494
2,STK11 (6794)_hotspot,8.43952279532654e-05
2,SMARCA4 (6597)_hotspot,6.838237905594176e-05
2,C2orf81 (388963)_hotspot,0.0010801219269932056
2,NFE2L2 (4780)_hotspot,0.002175664514709241
2,EP300 (2033)_hotspot,0.0005437534081259287
2,VHL (7428)_hotspot,0.0002579781122751062
2,CTNNB1 (1499)_hotspot,0.0029433348714441605
2,RHOA (387)_hotspot,0.0009087887729096039
2,PIK3CA (5290)_hotspot,0.0017020236482846905
2,FBXW7 (55294)_hotspot,0.0007716712350848046
2,TERT (7015)_hotspot,0.0018280385518575518
2,PIK3R1 (5295)_hotspot,0.0002771565452862753
2,APC (324)_hotspot,0.002339120963465036
2,RAC1 (5879)_hotspot,0.0003011574342132966
2,EGFR (1956)_hotspot,0.0005028403167537393
2,BRAF (673)_hotspot,0.004002727091103081
2,EZH2 (2146)_hotspot,0.0020278838920888046
2,CDKN2A (1029)_hotspot,0.0016685387008055473
2,AGRN (375790)_damaging,0.00019362277175445487
2,MXRA8 (54587)_damaging,0.0016156275140484647
2,MEGF6 (1953)_damaging,0.0001676854727375381
2,CHD5 (26038)_damaging,0.00032945106046632756
2,RPL22 (6146)_damaging,0.006037351140467692
2,CAMTA1 (23261)_damaging,4.245663775720442e-05
2,ERRFI1 (54206)_damaging,8.382763051571995e-06
2,SLC45A1 (50651)_damaging,0.0012330425216092076
2,RERE (473)_damaging,0.000414052202638263
2,VPS13D (55187)_damaging,0.0008810344014409025
2,FHAD1 (114827)_damaging,0.00011568176557332185
2,SPEN (23013)_damaging,0.0008214247767354306
2,EPHA2 (1969)_damaging,0.0
2,UBR4 (23352)_damaging,0.00236655410606065
2,VWA5B1 (127731)_damaging,6.958831374314622e-05
2,EIF4G3 (8672)_damaging,4.262115847304936e-05
2,HSPG2 (3339)_damaging,0.0007200664234899054
2,LUZP1 (7798)_damaging,0.0008218372174660925
2,ID3 (3399)_damaging,0.019113840388526603
2,ELOA (6924)_damaging,0.0001211663991096007
2,ARID1A (8289)_damaging,0.006646169005728203
2,WDTC1 (23038)_damaging,0.0008714935991736296
2,AHDC1 (27245)_damaging,0.0004192116562003888
2,PTPRU (10076)_damaging,5.0138600185869584e-05
2,COL16A1 (1307)_damaging,5.874429474171141e-07
2,SPOCD1 (90853)_damaging,0.0
2,CSMD2 (114784)_damaging,0.0018790468107114354
2,ZMYM6 (9204)_damaging,0.0
2,ZMYM1 (79830)_damaging,0.00034051803998880425
2,ZMYM4 (9202)_damaging,0.0
2,AGO1 (26523)_damaging,0.0001248049690832558
2,MAP7D1 (55700)_damaging,0.00023899280336299225
2,MACF1 (23499)_damaging,0.00528319169943399
2,HIVEP3 (59269)_damaging,0.0
2,TIE1 (7075)_damaging,0.00019690732627555845
2,SZT2 (23334)_damaging,0.00021178949757025566
2,PTCH2 (8643)_damaging,0.00012824968254052693
2,ZSWIM5 (57643)_damaging,0.00057038578450776
2,MUTYH (4595)_damaging,2.9948269438187746e-05
2,MAST2 (23139)_damaging,4.369272689509973e-05
2,PIK3R3 (8503)_damaging,0.0
2,FAAH (2166)_damaging,0.0002312019159939325
2,TAL1 (6886)_damaging,2.8694980962360794e-05
2,FYB2 (199920)_damaging,6.476122425402076e-06
2,NFIA (4774)_damaging,0.00020683778540822172
2,DOCK7 (85440)_damaging,6.372116490850463e-05
2,EFCAB7 (84455)_damaging,0.0008783205631370248
2,LEPR (3953)_damaging,0.00033630429725630914
2,LRRC7 (57554)_damaging,0.0006611580909160906
2,ERICH3 (127254)_damaging,0.0013404978401301967
2,SLC44A5 (204962)_damaging,0.0
2,MSH4 (4438)_damaging,0.0
2,AK5 (26289)_damaging,0.00035145620070264915
2,ADGRL4 (64123)_damaging,0.00030282664356446226
2,ADGRL2 (23266)_damaging,0.00035466900936424235
2,DNAI3 (126820)_damaging,0.0
2,COL24A1 (255631)_damaging,1.5000480398120906e-05
2,GBP1 (2633)_damaging,0.00013130498428209447
2,BTBD8 (284697)_damaging,0.00024218954444414018
2,RPL5 (6125)_damaging,0.004745723012234221
2,CCDC18 (343099)_damaging,8.293465807755315e-05
2,ABCA4 (24)_damaging,0.0
2,COL11A1 (1301)_damaging,0.0003887618547337005
2,MAGI3 (260425)_damaging,0.0
2,SYCP1 (6847)_damaging,0.00011832650641585237
2,TTF2 (8458)_damaging,0.00023831319854825141
2,SPAG17 (200162)_damaging,0.001289646855947823
2,NOTCH2 (4853)_damaging,0.00013255248762356658
2,BCL9 (607)_damaging,0.0001943009581446802
2,OTUD7B (56957)_damaging,3.291261257936461e-05
2,ADAMTSL4 (54507)_damaging,3.278328165230189e-05
2,ZNF687 (57592)_damaging,6.795846598675742e-05
2,RFX5 (5993)_damaging,7.374829359113082e-05
2,FLG (2312)_damaging,0.0021216807222745097
2,CCDST (112268240)_damaging,0.001054293798511413
2,FLG2 (388698)_damaging,0.000669212285492702
2,ADAR (103)_damaging,3.6263327170005614e-05
2,SHC1 (6464)_damaging,0.0
2,ASH1L (55870)_damaging,0.00013018079842739885
2,GON4L (54856)_damaging,0.0
2,IQGAP3 (128239)_damaging,1.5313339305872957e-05
2,NES (10763)_damaging,0.0
2,INSRR (3645)_damaging,0.00016124141849469426
2,FCRL5 (83416)_damaging,0.0
2,SPTA1 (6708)_damaging,0.0022735715962629503
2,ADCY10 (55811)_damaging,0.00013466215844747776
2,F5 (2153)_damaging,8.906128771465469e-05
2,FIRRM (55732)_damaging,0.00028806916373880855
2,PRRC2C (23215)_damaging,0.0
2,TNR (7143)_damaging,0.0009773885566486194
2,PAPPA2 (60676)_damaging,0.00040086157894573724
2,ABL2 (27)_damaging,0.00024295863273020673
2,AXDND1 (126859)_damaging,0.0009584692923234059
2,TDRD5 (163589)_damaging,3.0275963165664747e-06
2,CEP350 (9857)_damaging,8.040531113088812e-05
2,CACNA1E (777)_damaging,0.004561968262978989
2,RGL1 (23179)_damaging,6.0436758819781995e-05
2,HMCN1 (83872)_damaging,0.0006518589673362511
2,TPR (7175)_damaging,0.00035414671386432405
2,BRINP3 (339479)_damaging,6.24450140511935e-05
2,KCNT2 (343450)_damaging,0.00017641824827331585
2,ASPM (259266)_damaging,0.004343509583947102
2,CRB1 (23418)_damaging,4.3160559239483364e-07
2,PTPRC (5788)_damaging,0.0014145986022963933
2,CAMSAP2 (23271)_damaging,0.0008376675031481768
2,CACNA1S (779)_damaging,0.003652926518829333
2,IGFN1 (91156)_damaging,0.005614234790308369
2,NAV1 (89796)_damaging,0.0
2,KDM5B (10765)_damaging,0.00010900952360729587
2,ATP2B4 (493)_damaging,7.598407945956912e-05
2,PLEKHA6 (22874)_damaging,0.0007853874474996725
2,PIK3C2B (5287)_damaging,6.896624320350606e-05
2,NFASC (23114)_damaging,7.882009324044434e-05
2,CR2 (1380)_damaging,0.0
2,PLXNA2 (5362)_damaging,0.0
2,PROX1 (5629)_damaging,0.00011006437747666636
2,PTPN14 (5784)_damaging,5.193022814091969e-05
2,CENPF (1063)_damaging,0.0004373101976707357
2,USH2A (7399)_damaging,0.0016441478317459463
2,DNAH14 (127602)_damaging,0.0006007230757626152
2,CDC42BPA (8476)_damaging,0.0018439067126967057
2,OBSCN (84033)_damaging,0.00163230035047687
2,H3-4 (8290)_damaging,0.00015624931037588386
2,SIPA1L2 (57568)_damaging,0.00014882454828307244
2,PCNX2 (80003)_damaging,0.0
2,MAP3K21 (84451)_damaging,5.851858651225691e-05
2,ARID4B (51742)_damaging,0.0008653591323289502
2,LYST (1130)_damaging,0.0001231419132402266
2,RYR2 (6262)_damaging,0.0023768977260933215
2,CHRM3 (1131)_damaging,4.827517898528926e-05
2,FMN2 (56776)_damaging,0.0008254888841499194
2,RGS7 (6000)_damaging,0.0002399984032466272
2,WDR64 (128025)_damaging,0.0
2,KIF26B (55083)_damaging,5.5010625574033246e-05
2,LARP4B (23185)_damaging,0.0
2,PITRM1 (10531)_damaging,0.0014634583365973508
2,TAF3 (83860)_damaging,0.00016969720914614673
2,FRMD4A (55691)_damaging,0.0001126704703563646
2,ITGA8 (8516)_damaging,0.0
2,CUBN (8029)_damaging,0.0008965210243265356
2,MRC1 (4360)_damaging,1.8668151656635222e-05
2,MALRD1 (340895)_damaging,6.375790333869944e-05
2,MLLT10 (8028)_damaging,0.0002048808870280881
2,SPAG6 (9576)_damaging,0.0
2,ARMC3 (219681)_damaging,2.1369464103293466e-05
2,KIAA1217 (56243)_damaging,0.0
2,GPR158 (57512)_damaging,6.526962356776333e-05
2,MYO3A (53904)_damaging,1.5664350701454267e-05
2,ANKRD26 (22852)_damaging,5.556305013020109e-05
2,ODAD2 (55130)_damaging,8.9014023423981e-06
2,SVIL (6840)_damaging,0.0007123212691315134
2,JCAD (57608)_damaging,9.88759360191417e-05
2,KIF5B (3799)_damaging,0.0008362990237568345
2,CCDC7 (79741)_damaging,0.0
2,ANKRD30A (91074)_damaging,0.0015393148841445496
2,RSU1P2 (100133308)_damaging,7.009550650193904e-05
2,WDFY4 (57705)_damaging,0.00021394213145629144
2,C10orf71 (118461)_damaging,0.0
2,PCDH15 (65217)_damaging,0.0037314981370817533
2,ANK3 (288)_damaging,0.0005570593448059315
2,ARID5B (84159)_damaging,0.0
2,EGR2 (1959)_damaging,0.0
2,JMJD1C (221037)_damaging,0.0003286707774551677
2,CTNNA3 (29119)_damaging,2.658660164932381e-05
2,MYPN (84665)_damaging,8.315257637398752e-05
2,DNA2 (1763)_damaging,0.0
2,CDH23 (64072)_damaging,0.00037009298972155756
2,DLG5 (9231)_damaging,0.0
2,NRG3 (10718)_damaging,0.0017577883080935046
2,WAPL (23063)_damaging,3.409634257634464e-05
2,PTEN (5728)_damaging,0.00330019574057051
2,KIF20B (9585)_damaging,4.4995335336598935e-05
2,MYOF (26509)_damaging,6.187447258341393e-05
2,PLCE1 (51196)_damaging,1.0576228864562537e-06
2,ZNF518A (9849)_damaging,0.0003566958855523142
2,LCOR (84458)_damaging,0.0011810019412307946
2,LOXL4 (84171)_damaging,3.383656599451057e-05
2,SLF2 (55719)_damaging,0.000391167195933371
2,PPRC1 (23082)_damaging,0.0030274751218145155
2,CNNM2 (54805)_damaging,4.554029822719094e-05
2,PDCD11 (22984)_damaging,0.0007786369435205519
2,SLK (9748)_damaging,0.00138083463891324
2,SORCS3 (22986)_damaging,0.0
2,SORCS1 (114815)_damaging,0.0003491876459319196
2,SMC3 (9126)_damaging,0.001647283525037802
2,TCF7L2 (6934)_damaging,3.825986470317402e-05
2,ATRNL1 (26033)_damaging,0.00018733550881638736
2,TACC2 (10579)_damaging,0.0003483189913067855
2,DMBT1 (1755)_damaging,3.700510477611858e-05
2,DOCK1 (1793)_damaging,0.0
2,MKI67 (4288)_damaging,0.004978681877503031
2,JAKMIP3 (282973)_damaging,0.003855972532435651
2,CFAP46 (54777)_damaging,0.0004687854284273632
2,B4GALNT4 (338707)_damaging,4.0766662327171486e-07
2,PKP3 (11187)_damaging,0.00010345930915018943
2,PHRF1 (57661)_damaging,0.00034459744846007293
2,MUC5AC (4586)_damaging,0.000500351446231829
2,MUC5B (727897)_damaging,0.0009387824580837573
2,BRSK2 (9024)_damaging,0.0
2,NUP98 (4928)_damaging,0.0003731485980093568
2,OR51E2 (81285)_damaging,0.0001340938391978349
2,DNHD1 (144132)_damaging,0.0
2,DCHS1 (8642)_damaging,6.641284417913626e-05
2,SBF2 (81846)_damaging,0.0004923300271469564
2,MICAL2 (9645)_damaging,0.0
2,PLEKHA7 (144100)_damaging,0.0
2,PIK3C2A (5286)_damaging,0.00011008711645808622
2,ABCC8 (6833)_damaging,8.481601300328551e-05
2,USH1C (10083)_damaging,0.0
2,OTOG (340990)_damaging,5.9077500917343666e-05
2,HPS5 (11234)_damaging,0.00012244039161420114
2,NAV2 (89797)_damaging,3.5983985480256695e-05
2,ANO3 (63982)_damaging,0.0
2,DCDC1 (341019)_damaging,0.0
2,CCDC73 (493860)_damaging,0.001451137178225955
2,QSER1 (79832)_damaging,0.0001613606944467856
2,CSTF3 (1479)_damaging,0.0
2,KIAA1549L (25758)_damaging,7.976794595628711e-05
2,PHF21A (51317)_damaging,0.0
2,DGKZ (8525)_damaging,0.001025907855976175
2,CKAP5 (9793)_damaging,0.00015970327643541864
2,LRP4 (4038)_damaging,0.0
2,FOLH1 (2346)_damaging,0.0
2,OR4A15 (81328)_damaging,0.00028072687531078465
2,OR4P4 (81300)_damaging,3.0321836085785e-05
2,CTNND1 (1500)_damaging,0.0
2,DTX4 (23220)_damaging,6.962315987096413e-05
2,AHNAK (79026)_damaging,4.685959652345297e-05
2,SLC3A2 (6520)_damaging,0.000586304439333664
2,PLCB3 (5331)_damaging,0.0
2,NRXN2 (9379)_damaging,0.0003560301719937704
2,MEN1 (4221)_damaging,0.0
2,ATG2A (23130)_damaging,0.0
2,PCNX3 (399909)_damaging,0.0016963534728778552
2,RIN1 (9610)_damaging,1.2670575934289018e-05
2,SHANK2 (22941)_damaging,0.00041260959728907354
2,NUMA1 (4926)_damaging,3.852619819690822e-05
2,INPPL1 (3636)_damaging,0.00021305708516732927
2,ARHGEF17 (9828)_damaging,7.737404891730992e-05
2,C2CD3 (26005)_damaging,0.0
2,MYO7A (4647)_damaging,0.0015342943920755607
2,RSF1 (51773)_damaging,0.0004925950253393311
2,TENM4 (26011)_damaging,0.0005791013658743571
2,PCF11 (51585)_damaging,6.530742847766449e-05
2,DLG2 (1740)_damaging,0.00038892905629993
2,SYTL2 (54843)_damaging,0.00036392627560365994
2,FAT3 (120114)_damaging,0.0004789941810312788
2,DEUP1 (159989)_damaging,0.00046809549626643563
2,CNTN5 (53942)_damaging,0.0004001250622261459
2,CEP126 (57562)_damaging,0.0011174132071740735
2,MMP3 (4314)_damaging,0.0009049291473825067
2,MMP12 (4321)_damaging,0.0
2,DYNC2H1 (79659)_damaging,0.0006621927552365993
2,GRIA4 (2893)_damaging,4.741689818103004e-05
2,CWF19L2 (143884)_damaging,3.864186783118486e-05
2,NPAT (4863)_damaging,0.0001993519761824967
2,ATM (472)_damaging,0.001671094552600606
2,EXPH5 (23086)_damaging,0.0
2,NKAPD1 (55216)_damaging,5.9337746076703873e-05
2,USP28 (57646)_damaging,2.7503816474833277e-05
2,DSCAML1 (57453)_damaging,0.0
2,KMT2A (4297)_damaging,0.0009053974351086431
2,BCL9L (283149)_damaging,0.0004972954334889854
2,MFRP (83552)_damaging,0.0
2,ARHGEF12 (23365)_damaging,0.0003087901445417092
2,TECTA (7007)_damaging,0.00018248419481782844
2,SORL1 (6653)_damaging,0.000638658845243392
2,ROBO3 (64221)_damaging,0.0006014370667197288
2,NFRKB (4798)_damaging,0.00015744856684650328
2,IGSF9B (22997)_damaging,0.00011095304273584961
2,GLB1L2 (89944)_damaging,0.00022207626879502623
2,KDM5A (5927)_damaging,0.0001163281878962503
2,WNK1 (65125)_damaging,0.0
2,CACNA1C (775)_damaging,0.001200786002393692
2,VWF (7450)_damaging,0.00013905527059853288
2,PLEKHG6 (55200)_damaging,8.06990756979138e-05
2,CHD4 (1108)_damaging,3.011741728410423e-05
2,ATN1 (1822)_damaging,0.0
2,A2ML1 (144568)_damaging,0.0002925637562858884
2,A2M (2)_damaging,0.0008393879280642149
2,PZP (5858)_damaging,0.0
2,ETV6 (2120)_damaging,8.191135812796635e-05
2,GRIN2B (2904)_damaging,0.0
2,ATF7IP (55729)_damaging,2.875648674040875e-06
2,GUCY2C (2984)_damaging,0.00010336503245143643
2,EPS8 (2059)_damaging,0.00010436150766510302
2,PIK3C2G (5288)_damaging,0.0
2,SLCO1B3 (28234)_damaging,6.707508408389411e-05
2,RECQL (5965)_damaging,0.0004157638119172406
2,ABCC9 (10060)_damaging,0.00011506632990685634
2,ITPR2 (3709)_damaging,0.0009408359707111273
2,OVCH1 (341350)_damaging,0.0001087961734937393
2,KIF21A (55605)_damaging,0.0
2,LRRK2 (120892)_damaging,0.0004895384325021999
2,MUC19 (283463)_damaging,0.017341516468981296
2,CNTN1 (1272)_damaging,0.0
2,PDZRN4 (29951)_damaging,0.0
2,ADAMTS20 (80070)_damaging,0.00019959043434479058
2,ANO6 (196527)_damaging,0.0
2,ARID2 (196528)_damaging,0.0012200172699821754
2,HDAC7 (51564)_damaging,8.884415585954352e-05
2,COL2A1 (1280)_damaging,0.00034563418586633983
2,WNT1 (7471)_damaging,0.0
2,KMT2D (8085)_damaging,0.002755318099557419
2,NCKAP5L (57701)_damaging,0.0010701590185047418
2,DIP2B (57609)_damaging,0.0
2,SCN8A (6334)_damaging,0.0
2,MAP3K12 (7786)_damaging,0.00039912025041095346
2,PAN2 (9924)_damaging,0.00014876915958623034
2,STAT2 (6773)_damaging,3.224170017557597e-05
2,NACA (4666)_damaging,0.00010851058688836847
2,MYO1A (4640)_damaging,0.00014433366881107417
2,STAT6 (6778)_damaging,6.04981702893283e-05
2,LRP1 (4035)_damaging,0.00018615202562062008
2,R3HDM2 (22864)_damaging,0.0
2,GLI1 (2735)_damaging,0.0008737916925679101
2,MBD6 (114785)_damaging,0.00041737164410828866
2,KIF5A (3798)_damaging,0.0036294404763436874
2,PTPRB (5787)_damaging,0.0005588473364169787
2,ZFC3H1 (196441)_damaging,5.942370032948067e-05
2,NAV3 (89795)_damaging,0.0002205071642365
2,OTOGL (283310)_damaging,0.00040839433466596374
2,PTPRQ (374462)_damaging,5.856081332415633e-05
2,PPFIA2 (8499)_damaging,0.0001899883961401368
2,LRRIQ1 (84125)_damaging,0.00010482377313047871
2,CEP290 (80184)_damaging,0.000613932536062654
2,EEA1 (8411)_damaging,0.0012188985634748943
2,PLXNC1 (10154)_damaging,0.00011151821542247291
2,CFAP54 (144535)_damaging,0.00012016520071650563
2,ANKS1B (56899)_damaging,0.0
2,BLTP3B (23074)_damaging,0.0
2,UTP20 (27340)_damaging,0.0004576164439365945
2,STAB2 (55576)_damaging,0.0019485699195457653
2,HCFC2 (29915)_damaging,0.0
2,ALDH1L2 (160428)_damaging,0.00012783631461769362
2,ACACB (32)_damaging,9.170039487650024e-05
2,MVK (4598)_damaging,0.00012874571600739336
2,CUX2 (23316)_damaging,0.00012421420081075272
2,HECTD4 (283450)_damaging,9.146922345064991e-05
2,NOS1 (4842)_damaging,7.120075647969175e-05
2,CIT (11113)_damaging,0.001056900123909346
2,GCN1 (10985)_damaging,0.0
2,HNF1A (6927)_damaging,7.777704507625562e-05
2,KDM2B (84678)_damaging,0.0
2,SETD1B (23067)_damaging,0.00015454793816201278
2,KNTC1 (9735)_damaging,0.0
2,HIP1R (9026)_damaging,0.00023390397008060264
2,SBNO1 (55206)_damaging,0.000666544102238134
2,DNAH10 (196385)_damaging,0.001086119196321847
2,NCOR2 (9612)_damaging,0.00015494889842770576
2,TMEM132D (121256)_damaging,6.12307027486547e-05
2,RIMBP2 (23504)_damaging,0.0010339196801594016
2,SFSWAP (6433)_damaging,0.0001824186255239412
2,EP400 (57634)_damaging,0.0011742028751099195
2,POLE (5426)_damaging,0.0
2,GOLGA3 (2802)_damaging,3.686064671575118e-05
2,SACS (26278)_damaging,0.0002193966985013593
2,RNF17 (56163)_damaging,8.554488863933564e-05
2,CENPJ (55835)_damaging,0.0
2,ATP8A2 (51761)_damaging,0.000530207307103199
2,PAN3 (255967)_damaging,0.00010827012163098493
2,FRY (10129)_damaging,0.0
2,BRCA2 (675)_damaging,0.0013899470095602834
2,PDS5B (23047)_damaging,0.0036919113752104608
2,NBEA (26960)_damaging,0.0008941704131736378
2,POSTN (10631)_damaging,6.28606557616872e-05
2,FREM2 (341640)_damaging,0.0
2,FOXO1 (2308)_damaging,0.0001394559203685282
2,DGKH (160851)_damaging,0.001271661363750315
2,ERICH6B (220081)_damaging,6.730349436053077e-05
2,ZC3H13 (23091)_damaging,4.937178338911412e-05
2,RB1 (5925)_damaging,0.009630817768684722
2,RCBTB2 (1102)_damaging,6.392122194502307e-05
2,DIAPH3 (81624)_damaging,4.9642666294075343e-05
2,KLHL1 (57626)_damaging,2.6662048440815246e-05
2,DACH1 (1602)_damaging,0.00012217587363181907
2,MYCBP2 (23077)_damaging,0.00015918064471314025
2,SLITRK5 (26050)_damaging,0.0
2,PCCA (5095)_damaging,9.820408619446082e-08
2,NALCN (259232)_damaging,0.0011382554565167033
2,CCDC168 (643677)_damaging,0.000817211003532405
2,MYO16 (23026)_damaging,0.00022248969062604857
2,COL4A1 (1282)_damaging,0.0
2,COL4A2 (1284)_damaging,0.00027073815627287433
2,ARHGEF40 (55701)_damaging,3.526989528109071e-06
2,RPGRIP1 (57096)_damaging,0.0002196337456251918
2,CHD8 (57680)_damaging,0.00010599244280962238
2,AJUBA (84962)_damaging,0.0023259518134149306
2,ACIN1 (22985)_damaging,0.00015408318545691058
2,MYH6 (4624)_damaging,0.0
2,MYH7 (4625)_damaging,0.0007053726949420934
2,ZFHX2 (85446)_damaging,0.0
2,CARMIL3 (90668)_damaging,4.446969645646385e-05
2,NYNRIN (57523)_damaging,0.0001619563339337189
2,HECTD1 (25831)_damaging,0.0
2,AKAP6 (9472)_damaging,0.0007840314859773318
2,NPAS3 (64067)_damaging,0.0
2,RALGAPA1 (253959)_damaging,0.0
2,TTC6 (319089)_damaging,0.00012619761005067966
2,MIA2 (4253)_damaging,8.577394132170866e-05
2,TOGARAM1 (23116)_damaging,0.00018873142962448291
2,FANCM (57697)_damaging,0.0006828905155705533
2,MIS18BP1 (55320)_damaging,0.0
2,MDGA2 (161357)_damaging,2.1026278950422506e-05
2,NIN (51199)_damaging,0.0
2,NID2 (22795)_damaging,0.000551445836897958
2,KTN1 (3895)_damaging,0.0001664356399233605
2,ARID4A (5926)_damaging,0.0005592588271210887
2,HIF1A (3091)_damaging,0.0005328577950247731
2,KCNH5 (27133)_damaging,0.0
2,SYNE2 (23224)_damaging,0.0012614427542551412
2,SPTB (6710)_damaging,0.0
2,PCNX1 (22990)_damaging,0.0005842002841223233
2,SIPA1L1 (26037)_damaging,0.0
2,MIDEAS (91748)_damaging,0.00011722930111845951
2,YLPM1 (56252)_damaging,0.0006075900343772845
2,MLH3 (27030)_damaging,0.0009521731711785294
2,NRXN3 (9369)_damaging,0.00013637496766341576
2,CEP128 (145508)_damaging,0.00014358003856967117
2,GALC (2581)_damaging,2.814367767280975e-05
2,PTPN21 (11099)_damaging,5.2766933991051515e-05
2,EML5 (161436)_damaging,2.9784488945860475e-05
2,FOXN3 (1112)_damaging,0.0
2,TRIP11 (9321)_damaging,0.0001251200083137027
2,UNC79 (57578)_damaging,0.0010148150881746398
2,ATG2B (55102)_damaging,0.00022254751289463686
2,RTL1 (388015)_damaging,5.086070492708013e-05
2,DYNC1H1 (1778)_damaging,0.0006426967738889354
2,KIF26A (26153)_damaging,1.6888031837200033e-05
2,INF2 (64423)_damaging,6.712467047128659e-06
2,AHNAK2 (113146)_damaging,0.0018847015569352587
2,MTA1 (9112)_damaging,2.8808230958535567e-05
2,SNHG14 (104472715)_damaging,0.0006808401723786197
2,HERC2 (8924)_damaging,0.00016619285396418283
2,ENTREP2 (23359)_damaging,0.00014990146422994328
2,TJP1 (7082)_damaging,0.0004121033142136229
2,TRPM1 (4308)_damaging,0.00031243331324356356
2,FMN1 (342184)_damaging,0.0003495857944262516
2,RYR3 (6263)_damaging,0.0005566855686609924
2,SPRED1 (161742)_damaging,0.0
2,CCDC9B (388115)_damaging,0.0
2,INO80 (54617)_damaging,0.0
2,TYRO3 (7301)_damaging,0.0026802529318338017
2,MGA (23269)_damaging,0.0012985385376461194
2,SPTBN5 (51332)_damaging,0.0007874120454080354
2,ZNF106 (64397)_damaging,0.001670022743945162
2,STARD9 (57519)_damaging,0.00036937274700676794
2,CDAN1 (146059)_damaging,0.0
2,TP53BP1 (7158)_damaging,0.0006779533594637417
2,MAP1A (4130)_damaging,0.00018316624606102162
2,SPG11 (80208)_damaging,0.0
2,B2M (567)_damaging,0.00017157689251435924
2,DUOX2 (50506)_damaging,0.00018420870660323913
2,FBN1 (2200)_damaging,0.0004171165283661305
2,USP8 (9101)_damaging,0.0
2,TRPM7 (54822)_damaging,0.0
2,DMXL2 (23312)_damaging,3.442041547328226e-05
2,MYO5C (55930)_damaging,0.0002868165805138856
2,WDR72 (256764)_damaging,8.663054528091355e-05
2,UNC13C (440279)_damaging,0.00021654295536290404
2,RFX7 (64864)_damaging,0.000788862328755054
2,ICE2 (79664)_damaging,0.00014621424825276972
2,VPS13C (54832)_damaging,0.0011600646617478025
2,TLN2 (83660)_damaging,0.00018484491162658694
2,HERC1 (8925)_damaging,0.000482512386646226
2,ZNF609 (23060)_damaging,0.0025003880001793484
2,CILP (8483)_damaging,0.00021254019507753474
2,MYO9A (4649)_damaging,4.8848748037940635e-05
2,HCN4 (10021)_damaging,0.0
2,ARID3B (10620)_damaging,9.532594737635797e-05
2,SIN3A (25942)_damaging,0.0016433898661365617
2,PEAK1 (79834)_damaging,6.0222599679603074e-05
2,AP3B2 (8120)_damaging,0.00020692014612571876
2,ADAMTSL3 (57188)_damaging,1.9563562071366425e-05
2,AKAP13 (11214)_damaging,0.001061203436216811
2,AGBL1 (123624)_damaging,0.0
2,TICRR (90381)_damaging,0.0
2,KIF7 (374654)_damaging,0.0002319859626670144
2,IQGAP1 (8826)_damaging,0.00012255480296566166
2,BLM (641)_damaging,0.00015242935088227954
2,FES (2242)_damaging,0.0
2,CHD2 (1106)_damaging,4.1054954346921e-05
2,LRRK1 (79705)_damaging,0.00013106449058323388
2,AXIN1 (8312)_damaging,5.7634682404105483e-05
2,WDR90 (197335)_damaging,0.0
2,UNKL (64718)_damaging,0.00016167009218104024
2,CRAMP1 (57585)_damaging,2.59791393691779e-05
2,TSC2 (7249)_damaging,0.0003519879347939124
2,PKD1 (5310)_damaging,0.00028374182609459774
2,SLX4 (84464)_damaging,0.00021074968048901275
2,CREBBP (1387)_damaging,0.004129455341015672
2,CORO7 (79585)_damaging,1.2815427876548029e-05
2,GRIN2A (2903)_damaging,0.0002479967622018438
2,MARF1 (9665)_damaging,0.00016465999392518917
2,KNOP1 (400506)_damaging,0.0008615980692862366
2,DNAH3 (55567)_damaging,0.0008849088479774655
2,USP31 (57478)_damaging,1.949995601078227e-05
2,SCNN1B (6338)_damaging,6.160921339035484e-05
2,PALB2 (79728)_damaging,6.023382882539454e-06
2,RBBP6 (5930)_damaging,0.0
2,TNRC6A (27327)_damaging,0.000686552905955397
2,ARHGAP17 (55114)_damaging,0.00034694416172280823
2,GTF3C1 (2975)_damaging,0.000655360575378446
2,ATXN2L (11273)_damaging,0.0002231561627727385
2,ITGAL (3683)_damaging,0.0
2,PRR14 (78994)_damaging,0.00041494910785734715
2,SRCAP (10847)_damaging,0.00013724640333140521
2,SETD1A (9739)_damaging,0.0002259922592338506
2,ZNF668 (79759)_damaging,0.00012299326183153376
2,SALL1 (6299)_damaging,4.062749791202056e-05
2,CHD9 (80205)_damaging,0.0
2,RBL2 (5934)_damaging,0.0
2,NLRC5 (84166)_damaging,0.0
2,CNGB1 (1258)_damaging,0.0
2,CDH8 (1006)_damaging,5.837717823784276e-05
2,CDH11 (1009)_damaging,9.090457823146164e-05
2,CTCF (10664)_damaging,0.004683587875737983
2,CDH1 (999)_damaging,0.0004036891979402966
2,MTSS2 (92154)_damaging,0.0
2,DHX38 (9785)_damaging,0.0010654313989688425
2,ZFHX3 (463)_damaging,0.0009159151604466188
2,CNTNAP4 (85445)_damaging,4.0891987267175935e-05
2,ADAMTS18 (170692)_damaging,0.00039493681778565324
2,PKD1L2 (114780)_damaging,0.00011154327457146154
2,TAF1C (9013)_damaging,6.641031922395926e-05
2,IRF8 (3394)_damaging,0.0007655639417295838
2,ZNF469 (84627)_damaging,2.6762294783455877e-05
2,ZC3H18 (124245)_damaging,0.00010327184881211887
2,LINC02138 (400558)_damaging,0.0016341709223453133
2,CDH15 (1013)_damaging,0.0
2,ANKRD11 (29123)_damaging,0.0009546312530319329
2,VPS9D1 (9605)_damaging,8.49473078756855e-05
2,FANCA (2175)_damaging,4.494554695749074e-05
2,WDR81 (124997)_damaging,0.0
2,CLUH (23277)_damaging,0.0
2,SPATA22 (84690)_damaging,0.0008812919833923871
2,ZZEF1 (23140)_damaging,6.327739096557266e-05
2,USP6 (9098)_damaging,4.640127546602205e-05
2,WSCD1 (23302)_damaging,2.515185625779232e-05
2,FXR2 (9513)_damaging,0.0011095286236982198
2,TP53 (7157)_damaging,0.15497525148906413
2,DNAH2 (146754)_damaging,0.00016181161218246465
2,KDM6B (23135)_damaging,0.00035821213121179404
2,CHD3 (1107)_damaging,4.117506399889372e-05
2,PER1 (5187)_damaging,0.0
2,PFAS (5198)_damaging,0.00011495352447705687
2,USP43 (124739)_damaging,0.0
2,MYH13 (8735)_damaging,0.00031882468219989775
2,MYH8 (4626)_damaging,0.0006176862300974546
2,MYH1 (4619)_damaging,0.0020196993020524
2,MYH2 (4620)_damaging,0.0007459808714136146
2,DNAH9 (1770)_damaging,0.0022733293594783435
2,MAP2K4 (6416)_damaging,0.0
2,MYOCD (93649)_damaging,0.0
2,NCOR1 (9611)_damaging,0.0010697828999632487
2,MPRIP (23164)_damaging,0.0
2,FLCN (201163)_damaging,0.00010542137318996768
2,MYO15A (51168)_damaging,0.0006675897402085445
2,TOP3A (7156)_damaging,0.00012245218822643097
2,KSR1 (8844)_damaging,4.600322406388277e-05
2,MYO18A (399687)_damaging,0.00010348482281210373
2,SSH2 (85464)_damaging,5.273132204125353e-05
2,EFCAB5 (374786)_damaging,2.2510093532397457e-05
2,ATAD5 (79915)_damaging,8.976111394783622e-05
2,NF1 (4763)_damaging,0.003011212636763532
2,SUZ12 (23512)_damaging,0.00040789066516947646
2,SLFN11 (91607)_damaging,0.00031022216292757586
2,ACACA (31)_damaging,0.00019987287524065258
2,GPR179 (440435)_damaging,4.52892924491085e-05
2,ARHGAP23 (57636)_damaging,0.0
2,SRCIN1 (80725)_damaging,0.00015474325223938177
2,TOP2A (7153)_damaging,7.562570934188193e-05
2,KCNH4 (23415)_damaging,0.00011600789745035545
2,STAT5B (6777)_damaging,0.0006853989653837696
2,BRCA1 (672)_damaging,0.0018035866637864397
2,ITGA2B (3674)_damaging,0.00019182295032960418
2,GPATCH8 (23131)_damaging,0.00012873125627161226
2,KANSL1 (284058)_damaging,0.0007475480209004521
2,HOXB3 (3213)_damaging,7.86043998403584e-05
2,COL1A1 (1277)_damaging,0.0021499205391004115
2,RNF43 (54894)_damaging,0.0005609868422997459
2,PPM1D (8493)_damaging,0.0001313356266201156
2,INTS2 (57508)_damaging,0.0
2,MED13 (9969)_damaging,0.0
2,MRC2 (9902)_damaging,0.00026096029213937776
2,SCN4A (6329)_damaging,6.364016873769564e-05
2,GNA13 (10672)_damaging,0.002388929932731659
2,AXIN2 (8313)_damaging,0.0
2,BPTF (2186)_damaging,0.0005735587619195806
2,ABCA8 (10351)_damaging,0.0001260253619637182
2,ABCA9 (10350)_damaging,0.0002526097974258977
2,ABCA6 (23460)_damaging,2.126736497884918e-05
2,ABCA10 (10349)_damaging,8.707599097575037e-05
2,ABCA5 (23461)_damaging,5.4252842919445155e-05
2,SOX9 (6662)_damaging,0.00011216048712941582
2,SDK2 (54549)_damaging,0.0
2,TMEM94 (9772)_damaging,8.480140795266377e-05
2,CASKIN2 (57513)_damaging,0.0
2,MYO15B (80022)_damaging,0.00022224228618590203
2,ITGB4 (3691)_damaging,0.00011859685988548118
2,EVPL (2125)_damaging,0.0
2,SPHK1 (8877)_damaging,0.0002820351741847899
2,TNRC6C (57690)_damaging,0.0005053526079614194
2,DNAH17 (8632)_damaging,4.011029071659404e-05
2,CARD14 (79092)_damaging,3.596297990713298e-05
2,RPTOR (57521)_damaging,5.997884359466993e-05
2,BAHCC1 (57597)_damaging,0.0002446538025796652
2,FASN (2194)_damaging,0.00032653003017933647
2,NARF (26502)_damaging,0.0006548437074320269
2,FOXK2 (3607)_damaging,8.089043573824714e-05
2,SMCHD1 (23347)_damaging,0.0003123225003099492
2,EPB41L3 (23136)_damaging,0.0002708206693941182
2,LAMA1 (284217)_damaging,0.0007306366106521235
2,PTPRM (5797)_damaging,0.00025434014527527123
2,MTCL1 (23255)_damaging,0.0
2,ANKRD12 (23253)_damaging,0.0002251057169793652
2,PIEZO2 (63895)_damaging,0.000816483605979802
2,ANKRD30B (374860)_damaging,0.00011670208528913183
2,ROCK1 (6093)_damaging,0.0009565056642985403
2,GREB1L (80000)_damaging,2.3492440683897087e-05
2,ESCO1 (114799)_damaging,7.355505719488762e-05
2,LAMA3 (3909)_damaging,0.0002974954853952082
2,OSBPL1A (114876)_damaging,0.0
2,ZNF521 (25925)_damaging,2.6490702131999777e-05
2,CCDC178 (374864)_damaging,0.0
2,ASXL3 (80816)_damaging,0.0002573587685716966
2,FHOD3 (80206)_damaging,0.0
2,SETBP1 (26040)_damaging,0.0011311397975153014
2,LOXHD1 (125336)_damaging,0.0012876689417153553
2,SKOR2 (652991)_damaging,0.0
2,ZBTB7C (201501)_damaging,0.0004771080179748283
2,MYO5B (4645)_damaging,0.0
2,SMAD4 (4089)_damaging,0.006044647105036668
2,DCC (1630)_damaging,3.8985891221048824e-05
2,ALPK2 (115701)_damaging,2.7217602936898617e-05
2,CDH7 (1005)_damaging,0.00016381360906533103
2,DSEL (92126)_damaging,0.00030330903198648966
2,RTTN (25914)_damaging,3.978377803965837e-05
2,CBLN2 (147381)_damaging,0.00029753260926512
2,ZNF407 (55628)_damaging,0.0
2,ZNF236 (7776)_damaging,0.00015738285756579745
2,SALL3 (27164)_damaging,0.0
2,ATP9B (374868)_damaging,0.00016486696293544712
2,KCNG2 (26251)_damaging,0.0002588381092287271
2,ABCA7 (10347)_damaging,0.0
2,STK11 (6794)_damaging,0.006769024584248576
2,TCF3 (6929)_damaging,0.0
2,AP3D1 (8943)_damaging,0.0013180530791058426
2,DOT1L (84444)_damaging,0.0
2,ZBTB7A (51341)_damaging,7.550658220945891e-05
2,TICAM1 (148022)_damaging,0.00025925642485539584
2,KDM4B (23030)_damaging,0.0003638039036926316
2,PTPRS (5802)_damaging,0.0012711173824550511
2,SAFB2 (9667)_damaging,0.0001751044500397903
2,SAFB (6294)_damaging,2.0915057632987835e-05
2,CAMSAP3 (57662)_damaging,7.782991712111586e-05
2,MAP2K7 (5609)_damaging,0.0004171730341787155
2,FBN3 (84467)_damaging,0.0004134994174727804
2,MUC16 (94025)_damaging,0.0014373673735510384
2,COL5A3 (50509)_damaging,0.0006881764237343412
2,DNMT1 (1786)_damaging,3.7544387337836296e-05
2,KEAP1 (9817)_damaging,0.006923780981773624
2,DNM2 (1785)_damaging,0.0004637013710219201
2,SMARCA4 (6597)_damaging,0.005680001832934815
2,MAST1 (22983)_damaging,0.00012805131287222643
2,CACNA1A (773)_damaging,0.0010423667061887837
2,NOTCH3 (4854)_damaging,7.144089265900079e-05
2,BRD4 (23476)_damaging,0.0
2,WIZ (58525)_damaging,0.0
2,SIN3B (23309)_damaging,5.1741282934499144e-05
2,CPAMD8 (27151)_damaging,0.0008643646777606452
2,MYO9B (4650)_damaging,2.3824022154732887e-05
2,CRLF1 (9244)_damaging,8.998892731353814e-05
2,ZNF90 (7643)_damaging,0.0
2,ZNF429 (353088)_damaging,0.00010186996095193427
2,ZNF729 (100287226)_damaging,0.00014036585849130698
2,ZNF99 (7652)_damaging,0.0005461305774993372
2,ZNF536 (9745)_damaging,0.00013914577720073424
2,TSHZ3 (57616)_damaging,0.0
2,KMT2B (9757)_damaging,0.002940727905227126
2,WDR87 (83889)_damaging,0.00043785346565354137
2,RYR1 (6261)_damaging,0.0011987389203170825
2,CAPN12 (147968)_damaging,0.0005015419505895956
2,FCGBP (8857)_damaging,0.0009155390879645792
2,PRX (57716)_damaging,0.0003020397630387369
2,AXL (558)_damaging,0.0
2,HNRNPUL1 (11100)_damaging,7.063489899556927e-05
2,ARHGEF1 (9138)_damaging,0.00025424888065517947
2,ERF (2077)_damaging,0.00020049649449954996
2,CIC (23152)_damaging,0.0005799340347930153
2,MEGF8 (1954)_damaging,0.0
2,ARHGAP35 (2909)_damaging,0.00040699710012848567
2,BICRA (29998)_damaging,0.00018228159313194974
2,LMTK3 (114783)_damaging,0.001134553643963075
2,TRPM4 (54795)_damaging,8.636846998490078e-05
2,PRR12 (57479)_damaging,8.95612882062549e-05
2,SCAF1 (58506)_damaging,0.00026101950604214924
2,MYH14 (79784)_damaging,0.0
2,POLD1 (5424)_damaging,3.61361357957077e-05
2,SHANK1 (50944)_damaging,2.8729165467430765e-05
2,PPP2R1A (5518)_damaging,0.0001373675763967657
2,NLRP7 (199713)_damaging,0.001150039224545962
2,BRSK1 (84446)_damaging,0.0018004112039862455
2,SSC5D (284297)_damaging,0.0006468313769271866
2,NLRP4 (147945)_damaging,0.0005012787556209949
2,PEG3 (5178)_damaging,0.00036116298069375385
2,ZIM3 (114026)_damaging,0.0
2,TPO (7173)_damaging,0.0
2,PXDN (7837)_damaging,9.935967789293823e-05
2,MYT1L (23040)_damaging,0.0001635308238849995
2,ROCK2 (9475)_damaging,5.974589944093486e-05
2,GREB1 (9687)_damaging,0.0001873363496270024
2,NBAS (51594)_damaging,0.0021771922408979814
2,RAD51AP2 (729475)_damaging,0.00043588139123580655
2,APOB (338)_damaging,0.00042552654029120145
2,TDRD15 (100129278)_damaging,0.0006128427172640022
2,ATAD2B (54454)_damaging,0.00042187000354388364
2,ITSN2 (50618)_damaging,3.282005056075406e-05
2,DNMT3A (1788)_damaging,0.0007245977556972916
2,ASXL2 (55252)_damaging,9.164287866759535e-05
2,OTOF (9381)_damaging,0.00011612407379893245
2,EMILIN1 (11117)_damaging,0.0001184605454601971
2,CAD (790)_damaging,3.569406415436217e-06
2,IFT172 (26160)_damaging,2.784770518333372e-06
2,SPATA31H1 (84226)_damaging,0.0044088778343492315
2,ALK (238)_damaging,5.241456612934765e-05
2,BIRC6 (57448)_damaging,0.0005447953225918236
2,LTBP1 (4052)_damaging,0.00014157187162082663
2,ZFP36L2 (678)_damaging,0.0011583310040744537
2,THADA (63892)_damaging,3.106878456653626e-05
2,MSH2 (4436)_damaging,0.0006078278550244533
2,MSH6 (2956)_damaging,0.0006465819472809707
2,LHCGR (3973)_damaging,0.0
2,NRXN1 (9378)_damaging,0.001299792020707437
2,PSME4 (23198)_damaging,4.284103308447683e-05
2,SPTBN1 (6711)_damaging,3.685755091749917e-05
2,EML6 (400954)_damaging,0.000117624436568664
2,MTIF2 (4528)_damaging,0.00014848139640981207
2,CCDC88A (55704)_damaging,0.001689865471954776
2,USP34 (9736)_damaging,0.00024041164400737507
2,C2orf42 (54980)_damaging,0.0001171925123080085
2,ZNF638 (27332)_damaging,0.00011662480910354312
2,DYSF (8291)_damaging,0.0004293995950938159
2,ALMS1 (7840)_damaging,0.00044957484280108825
2,LOXL3 (84695)_damaging,7.163232341615362e-05
2,CTNNA2 (1496)_damaging,0.00029899419965198984
2,DNAH6 (1768)_damaging,0.0008914589425748514
2,PROM2 (150696)_damaging,4.212707427459718e-06
2,ANKRD36 (375248)_damaging,9.620351551666706e-05
2,TMEM131 (23505)_damaging,0.0
2,VWA3B (200403)_damaging,1.8812486034405235e-06
2,CRACDL (343990)_damaging,3.425818633863862e-05
2,EIF5B (9669)_damaging,0.0007009597254073596
2,REV1 (51455)_damaging,0.0
2,MAP4K4 (9448)_damaging,0.0001485958710473343
2,RANBP2 (5903)_damaging,0.0008380085645175881
2,DPP10 (57628)_damaging,0.00010239223949332124
2,MARCO (8685)_damaging,1.3662023603476196e-05
2,EPB41L5 (57669)_damaging,0.00015547817718125618
2,CLASP1 (23332)_damaging,4.311740875395017e-05
2,CNTNAP5 (129684)_damaging,8.791995023642038e-05
2,UGGT1 (56886)_damaging,0.00012674791857287163
2,ARHGEF4 (50649)_damaging,0.0007605856874503374
2,NCKAP5 (344148)_damaging,2.3216777180453842e-05
2,THSD7B (80731)_damaging,0.0006518432292322373
2,LRP1B (53353)_damaging,0.0028556935331048305
2,ACVR2A (92)_damaging,0.0008384007134202285
2,ORC4 (5000)_damaging,0.0
2,KIF5C (3800)_damaging,0.0006734327818235216
2,RIF1 (55183)_damaging,0.00019513885878560085
2,NEB (4703)_damaging,0.0013316394115662948
2,GALNT13 (114805)_damaging,0.0
2,BAZ2B (29994)_damaging,0.00019335992345980837
2,LY75 (4065)_damaging,0.0006618252559083969
2,PLA2R1 (22925)_damaging,0.000254775327083022
2,SLC4A10 (57282)_damaging,0.00010852481277420462
2,KCNH7 (90134)_damaging,0.00017736824459005967
2,FIGN (55137)_damaging,7.969856428983732e-05
2,SCN3A (6328)_damaging,0.0004718851974296104
2,SCN2A (6326)_damaging,0.0003550770586542647
2,TTC21B (79809)_damaging,6.5354981346672415e-06
2,SCN1A (6323)_damaging,0.00033829335773433107
2,SCN9A (6335)_damaging,0.0003847528238098782
2,SCN7A (6332)_damaging,4.781003644689204e-05
2,XIRP2 (129446)_damaging,0.003335545961930073
2,LRP2 (4036)_damaging,0.0015364264599600855
2,KLHL41 (10324)_damaging,7.495336447142858e-05
2,PPIG (9360)_damaging,0.000153439175051415
2,TTN (7273)_damaging,0.0068935090995464006
2,CCDC141 (285025)_damaging,0.0001166724511027053
2,ITGA4 (3676)_damaging,0.00020163899017378836
2,FSIP2 (401024)_damaging,0.0010807968989071937
2,COL3A1 (1281)_damaging,2.414214950204517e-06
2,COL5A2 (1290)_damaging,0.0014366731860219648
2,DNAH7 (56171)_damaging,0.0014341089126490155
2,HECW2 (57520)_damaging,9.5732398948312e-05
2,PLCL1 (5334)_damaging,0.00010644425062457705
2,SGO2 (151246)_damaging,0.00017781154545777684
2,AOX1 (316)_damaging,7.664322207792299e-05
2,CASP8 (841)_damaging,0.0005246577379926202
2,BMPR2 (659)_damaging,9.227693282239856e-05
2,NBEAL1 (65065)_damaging,0.0
2,INO80D (54891)_damaging,0.00125965217177906
2,ZDBF2 (57683)_damaging,0.0004404357232087546
2,ADAM23 (8745)_damaging,1.9293361193676073e-05
2,MAP2 (4133)_damaging,3.252101999856719e-05
2,UNC80 (285175)_damaging,0.00023948481094983768
2,KANSL1L (151050)_damaging,0.0
2,CPS1 (1373)_damaging,0.00018935176651321053
2,ERBB4 (2066)_damaging,6.540286099505994e-05
2,ABCA12 (26154)_damaging,0.002426303271620063
2,FN1 (2335)_damaging,0.001416280107934183
2,TNS1 (7145)_damaging,4.968214881003418e-05
2,CFAP65 (255101)_damaging,0.0004532670333675017
2,SPEG (10290)_damaging,0.0004748677976561809
2,OBSL1 (23363)_damaging,5.118697267482003e-05
2,SLC4A3 (6508)_damaging,0.0
2,DOCK10 (55619)_damaging,0.00012791356237910106
2,IRS1 (3667)_damaging,0.00019717368369063276
2,COL4A4 (1286)_damaging,7.309691966358616e-05
2,SPHKAP (80309)_damaging,0.000371755293977568
2,TRIP12 (9320)_damaging,0.0
2,GIGYF2 (26058)_damaging,0.000108500172876135
2,MROH2A (339766)_damaging,0.0008867799472278366
2,COL6A3 (1293)_damaging,0.0003347852906491162
2,HDAC4 (9759)_damaging,9.455481572300873e-05
2,KIF1A (547)_damaging,0.00016133970534515382
2,TGM6 (343641)_damaging,0.0001832376090480972
2,FASTKD5 (60493)_damaging,0.00037500476182646825
2,SLC4A11 (83959)_damaging,0.0001479108383658426
2,PLCB4 (5332)_damaging,0.0001651354270643769
2,ESF1 (51575)_damaging,0.0
2,SEL1L2 (80343)_damaging,8.156305706798875e-05
2,CFAP61 (26074)_damaging,0.0
2,CD93 (22918)_damaging,0.0
2,ASXL1 (171023)_damaging,0.00378777003164934
2,NCOA6 (23054)_damaging,0.0003270724635620241
2,MYH7B (57644)_damaging,0.0010754670360671693
2,SAMHD1 (25939)_damaging,3.2798191110090664e-05
2,KIAA1755 (85449)_damaging,0.0
2,RALGAPB (57148)_damaging,0.0
2,PTPRT (11122)_damaging,0.0008987508842220782
2,CDH22 (64405)_damaging,0.0009201707938068059
2,DDX27 (55661)_damaging,0.00038576784064684166
2,KCNB1 (3745)_damaging,7.071682910880031e-05
2,RIPOR3 (140876)_damaging,0.00012524647930755843
2,ADNP (23394)_damaging,0.0
2,ZNF831 (128611)_damaging,0.00031355122853620186
2,SYCP2 (10388)_damaging,1.520061544845771e-05
2,TAF4 (6874)_damaging,0.0
2,LAMA5 (3911)_damaging,0.00025756754412999236
2,DIDO1 (11083)_damaging,6.341414057189209e-07
2,KCNQ2 (3785)_damaging,3.496988050521703e-05
2,HELZ2 (85441)_damaging,0.001070846469190226
2,TPTE (7179)_damaging,0.0
2,NRIP1 (8204)_damaging,0.0
2,LTN1 (26046)_damaging,0.0001983468535456513
2,USP16 (10600)_damaging,0.0
2,SCAF4 (57466)_damaging,0.0016720357583145456
2,SYNJ1 (8867)_damaging,0.0
2,ITSN1 (6453)_damaging,0.00019530020121564005
2,DOP1B (9980)_damaging,0.0
2,BRWD1 (54014)_damaging,6.657497571029778e-05
2,DSCAM (1826)_damaging,0.0003613920721075571
2,UMODL1 (89766)_damaging,0.0
2,TRPM2 (7226)_damaging,0.000558104526780394
2,COL18A1 (80781)_damaging,5.6031086559764144e-05
2,PCNT (5116)_damaging,0.0004124681990687896
2,CECR2 (27443)_damaging,8.125676660438342e-05
2,ZDHHC8 (29801)_damaging,0.0
2,MED15 (51586)_damaging,6.355605791436995e-05
2,PI4KA (5297)_damaging,0.00030734277246994754
2,LZTR1 (8216)_damaging,0.0009189626169819603
2,SMARCB1 (6598)_damaging,0.0004977119512609849
2,MYO18B (84700)_damaging,0.0009328376265292152
2,MN1 (4330)_damaging,0.0
2,CHEK2 (11200)_damaging,0.0005290200537893176
2,NF2 (4771)_damaging,0.01334745762394703
2,MTMR3 (8897)_damaging,0.00016051176048800117
2,PRR14L (253143)_damaging,0.0
2,DEPDC5 (9681)_damaging,0.0
2,RTCB (51493)_damaging,0.0002997682659143176
2,MYH9 (4627)_damaging,0.0013258314968861932
2,CSF2RB (1439)_damaging,0.0006745465529916987
2,TMPRSS6 (164656)_damaging,0.0
2,TRIOBP (11078)_damaging,0.0007892195374787869
2,CACNA1I (8911)_damaging,0.00027325354876324355
2,TNRC6B (23112)_damaging,0.0002098917994141029
2,EP300 (2033)_damaging,0.0033625696449733075
2,ZC3H7B (23264)_damaging,0.00025653776973542973
2,MEI1 (150365)_damaging,5.575552141311725e-05
2,TCF20 (6942)_damaging,0.0
2,SERHL2 (253190)_damaging,9.47316922278806e-05
2,SMC1B (27127)_damaging,0.0
2,PKDREJ (10343)_damaging,9.569616157396342e-05
2,PLXNB2 (23654)_damaging,0.0025489692753114484
2,PPP6R2 (9701)_damaging,0.0003812878526964283
2,SBF1 (6305)_damaging,0.0
2,KLHDC7B (113730)_damaging,0.00012869816548522067
2,CNTN6 (27255)_damaging,0.0003360851384445779
2,CNTN4 (152330)_damaging,1.4345000645623833e-05
2,GRM7 (2917)_damaging,0.0013645779507044783
2,VHL (7428)_damaging,0.0032205121421164723
2,KCNH8 (131096)_damaging,0.0
2,TGFBR2 (7048)_damaging,0.0004297601797022142
2,CLASP2 (23122)_damaging,9.738015213016401e-05
2,TRANK1 (9881)_damaging,0.00011623446939062321
2,MLH1 (4292)_damaging,9.557943009157493e-05
2,GOLGA4 (2803)_damaging,0.0004998531736358879
2,VILL (50853)_damaging,6.623422294351737e-05
2,SCN10A (6336)_damaging,8.66142300121186e-06
2,SCN11A (11280)_damaging,0.0001309199764411317
2,TOPAZ1 (375337)_damaging,0.00015165364321660419
2,KIF15 (56992)_damaging,0.00014131913217096454
2,SETD2 (29072)_damaging,0.0012048866951310981
2,PTPN23 (25930)_damaging,0.0009069378202570999
2,PLXNB1 (5364)_damaging,0.00011678650479274355
2,COL7A1 (1294)_damaging,0.0006435743777463819
2,CELSR3 (1951)_damaging,0.0002364258666935364
2,RHOA (387)_damaging,4.84238485166508e-05
2,BSN (8927)_damaging,7.682458800480332e-05
2,RBM6 (10180)_damaging,7.603753292346864e-05
2,DOCK3 (1795)_damaging,0.000793605830940606
2,DNAH1 (25981)_damaging,0.00025919482261952276
2,BAP1 (8314)_damaging,0.0013920687450431131
2,STAB1 (23166)_damaging,8.651569802236674e-05
2,PBRM1 (55193)_damaging,0.003633903898613239
2,CACNA1D (776)_damaging,0.00015076631750436775
2,DNAH12 (201625)_damaging,0.00033607827460204343
2,FLNB (2317)_damaging,0.00032603497895127795
2,FEZF2 (55079)_damaging,2.8513176022591434e-05
2,ATXN7 (6314)_damaging,0.0001923335418367005
2,ROBO2 (6092)_damaging,0.0011450642129376312
2,ROBO1 (6091)_damaging,0.00021677032323242173
2,EPHA3 (2042)_damaging,9.513790804036773e-05
2,EPHA6 (285220)_damaging,0.0019093930567128665
2,CRYBG3 (131544)_damaging,0.00012861231163124523
2,ABI3BP (25890)_damaging,0.00031022741278169814
2,MYH15 (22989)_damaging,0.0004342206262996081
2,DZIP3 (9666)_damaging,0.0
2,MORC1 (27136)_damaging,8.479770937862823e-05
2,PHLDB2 (90102)_damaging,0.0
2,CFAP44 (55779)_damaging,0.0
2,USF3 (205717)_damaging,0.0
2,ZBTB20 (26137)_damaging,0.0034001998490748764
2,CFAP91 (89876)_damaging,4.3190895267640734e-05
2,POLQ (10721)_damaging,0.0015419898387374102
2,KALRN (8997)_damaging,0.002602957205600168
2,MBD4 (8930)_damaging,0.0006403823438543185
2,COL6A5 (256076)_damaging,7.63276359131355e-05
2,COL6A6 (131873)_damaging,0.00011839508629990791
2,TOPBP1 (11073)_damaging,0.00020371170687295758
2,RASA2 (5922)_damaging,0.0
2,XRN1 (54464)_damaging,0.0
2,ATR (545)_damaging,0.0006851845440200299
2,HPS3 (84343)_damaging,5.092136211826991e-05
2,MED12L (116931)_damaging,0.0003270575258962372
2,IGSF10 (285313)_damaging,8.941475942487563e-05
2,ARHGEF26 (26084)_damaging,0.0
2,MME (4311)_damaging,0.0
2,PLCH1 (23007)_damaging,5.30042788502832e-05
2,SMC4 (10051)_damaging,0.0
2,SI (6476)_damaging,0.00026450975610751846
2,ZBBX (79740)_damaging,4.703298111599653e-05
2,MECOM (2122)_damaging,0.0009468654615212691
2,TNIK (23043)_damaging,0.0001702622288454761
2,PLD1 (5337)_damaging,0.0
2,SPATA16 (83893)_damaging,3.523500391892355e-05
2,USP13 (8975)_damaging,0.0005621718939411298
2,TTC14 (151613)_damaging,0.0
2,B3GNT5 (84002)_damaging,0.0
2,VWA5B2 (90113)_damaging,0.0
2,ATP13A5 (344905)_damaging,0.00046392951509176625
2,MUC4 (4585)_damaging,0.0008286306219463387
2,TNK2 (10188)_damaging,0.0
2,NSD2 (7468)_damaging,0.0006824487939507658
2,POLN (353497)_damaging,0.0
2,FAM193A (8603)_damaging,9.371413127128727e-05
2,HTT (3064)_damaging,0.0
2,JAKMIP1 (152789)_damaging,2.604985514139435e-05
2,UNC93B7 (100887746)_damaging,0.00030784135288244245
2,BOD1L1 (259282)_damaging,0.0
2,PCDH7 (5099)_damaging,2.3108364593025183e-05
2,LIMCH1 (22998)_damaging,0.0
2,BEND4 (389206)_damaging,0.0005992380060636415
2,ATP10D (57205)_damaging,9.22557267208535e-05
2,CORIN (10699)_damaging,3.901640622354312e-05
2,FRYL (285527)_damaging,0.00014458613822428414
2,FIP1L1 (81608)_damaging,0.0009867271594555715
2,KDR (3791)_damaging,0.0009802420979090284
2,POLR2B (5431)_damaging,0.00013958767939114045
2,ADGRL3 (23284)_damaging,0.00035740785067078936
2,EPHA5 (2044)_damaging,3.0438062936414268e-05
2,CENPC (1060)_damaging,9.45825850327034e-05
2,UGT2B28 (54490)_damaging,0.0001527039629340228
2,ADAMTS3 (9508)_damaging,0.0
2,SHROOM3 (57619)_damaging,5.55645320546502e-05
2,FRAS1 (80144)_damaging,0.0001761840795501423
2,WDFY3 (23001)_damaging,0.0002260249807305123
2,ARHGAP24 (83478)_damaging,9.467662153378605e-05
2,PTPN13 (5783)_damaging,0.00011230071204058191
2,AFF1 (4299)_damaging,6.700910960844976e-06
2,MMRN1 (22915)_damaging,8.776907600903699e-05
2,GRID2 (2895)_damaging,2.567379658543523e-05
2,SMARCAD1 (56916)_damaging,1.73172643684306e-05
2,UNC5C (8633)_damaging,5.538673441118376e-05
2,CENPE (1062)_damaging,0.0
2,TET2 (54790)_damaging,0.006684862588212633
2,COL25A1 (84570)_damaging,0.0
2,EGF (1950)_damaging,0.00010807167931290201
2,ANK2 (287)_damaging,0.0006025100026908807
2,NDST4 (64579)_damaging,2.7854799655160808e-05
2,BLTP1 (84162)_damaging,0.002039349813981351
2,FAT4 (79633)_damaging,0.00015613915090067134
2,SCLT1 (132320)_damaging,0.000109268665036681
2,PCDH10 (57575)_damaging,5.459026413136192e-06
2,INPP4B (8821)_damaging,4.271587239267114e-05
2,FBXW7 (55294)_damaging,0.002187958431037992
2,FHDC1 (85462)_damaging,0.0001776470541245212
2,DCHS2 (54798)_damaging,0.000393176588966733
2,MAP9 (79884)_damaging,0.0008076675589282458
2,GRIA2 (2891)_damaging,5.055710336186248e-05
2,RXFP1 (59350)_damaging,8.117624228748487e-05
2,RAPGEF2 (9693)_damaging,9.401125378322275e-05
2,FSTL5 (56884)_damaging,2.784901760547343e-05
2,DDX60 (55601)_damaging,8.646357361827005e-05
2,WDR17 (116966)_damaging,2.0145806463574013e-05
2,TENM3 (55714)_damaging,0.0004010258879715095
2,WWC2 (80014)_damaging,0.0
2,SORBS2 (8470)_damaging,0.0
2,FAT1 (2195)_damaging,0.006375889550991568
2,SDHA (6389)_damaging,0.0020644003182399575
2,SLC12A7 (10723)_damaging,0.00013753728177934418
2,SLC6A19 (340024)_damaging,6.366511239975143e-05
2,TERT (7015)_damaging,0.0002182535167127799
2,ADAMTS16 (170690)_damaging,4.074403600754619e-05
2,ICE1 (23379)_damaging,6.870483134790484e-05
2,SEMA5A (9037)_damaging,6.447763974407014e-05
2,CTNND2 (1501)_damaging,0.0
2,DNAH5 (1767)_damaging,0.0014996848444842543
2,TRIO (7204)_damaging,0.00015570854182248486
2,CDH18 (1016)_damaging,0.00025234675861224905
2,PRDM9 (56979)_damaging,0.0001495802104348172
2,CDH10 (1008)_damaging,0.00019091964615515388
2,CDH6 (1004)_damaging,0.0
2,PDZD2 (23037)_damaging,0.0011143178897452494
2,ADAMTS12 (81792)_damaging,0.0016396270843133684
2,SPEF2 (79925)_damaging,0.00048397849904265977
2,NIPBL (25836)_damaging,0.00023709877869392083
2,CPLANE1 (65250)_damaging,0.0004504411676424669
2,EGFLAM (133584)_damaging,0.0
2,RICTOR (253260)_damaging,0.0
2,C7 (730)_damaging,0.0002130995683170277
2,MROH2B (133558)_damaging,0.0011302932744057584
2,C6 (729)_damaging,0.0
2,HCN1 (348980)_damaging,0.00014645906222552905
2,ITGA1 (3672)_damaging,2.3341181425611726e-05
2,DHX29 (54505)_damaging,0.0006141073187890726
2,ZSWIM6 (57688)_damaging,0.0
2,PIK3R1 (5295)_damaging,0.0018902059928023616
2,RAD17 (5884)_damaging,0.0008037150568643795
2,BDP1 (55814)_damaging,4.6232563438494964e-05
2,MAP1B (4131)_damaging,0.00013406000828478353
2,ARHGEF28 (64283)_damaging,0.0002760561860907006
2,ANKRD31 (256006)_damaging,0.0005024592079555799
2,IQGAP2 (10788)_damaging,0.0
2,AGGF1 (55109)_damaging,0.0
2,AP3B1 (8546)_damaging,6.351076398432388e-05
2,CMYA5 (202333)_damaging,0.000978946479243306
2,MSH3 (4437)_damaging,0.0017341762690453821
2,VCAN (1462)_damaging,0.0001755621532792751
2,RASA1 (5921)_damaging,0.003336088756823296
2,ADGRV1 (84059)_damaging,0.000542861357428449
2,KIAA0825 (285600)_damaging,0.0003384192833808865
2,MCTP1 (79772)_damaging,0.0008560588000195826
2,SKIC3 (9652)_damaging,0.0
2,ARSK (153642)_damaging,0.00029098603937038263
2,PCSK1 (5122)_damaging,0.0
2,CHD1 (1105)_damaging,5.303399922116341e-05
2,SLCO6A1 (133482)_damaging,6.54980942952845e-05
2,APC (324)_damaging,0.004894449231484421
2,DMXL1 (1657)_damaging,0.0025405354808958505
2,CEP120 (153241)_damaging,0.0
2,ZNF608 (57507)_damaging,0.0
2,FBN2 (2201)_damaging,0.0004798723717030489
2,ADAMTS19 (171019)_damaging,0.0
2,FNIP1 (96459)_damaging,0.00013829737755759736
2,RAD50 (10111)_damaging,0.0007367457606190277
2,AFF4 (27125)_damaging,0.0
2,FSTL4 (23105)_damaging,0.0
2,PITX1 (5307)_damaging,0.008112615640783617
2,LINC02900 (340073)_damaging,0.0038402743186863176
2,CTNNA1 (1495)_damaging,0.0006794770766699801
2,ANKHD1 (54882)_damaging,4.910914816562474e-05
2,WDR55 (54853)_damaging,0.00025562749170382097
2,PCDHB6 (56130)_damaging,0.0
2,ARAP3 (64411)_damaging,9.328209794710334e-05
2,NR3C1 (2908)_damaging,2.7583012489833115e-05
2,TCERG1 (10915)_damaging,0.00030697673548858647
2,FBXO38 (81545)_damaging,0.00027955587157096055
2,FAT2 (2196)_damaging,0.0014955819672401247
2,GRIA1 (2890)_damaging,0.00022594317752051412
2,LARP1 (23367)_damaging,0.0007904478791511022
2,GABRA6 (2559)_damaging,0.0001754282407360709
2,GABRG2 (2566)_damaging,0.00024079008275021014
2,SLIT3 (6586)_damaging,0.0
2,DOCK2 (1794)_damaging,0.0001477262353852985
2,NSD1 (64324)_damaging,5.616257924841138e-05
2,ADAMTS2 (9509)_damaging,4.58773315648403e-05
2,FLT4 (2324)_damaging,0.0008164288586266288
2,DSP (1832)_damaging,0.00019118939081469894
2,HIVEP1 (3096)_damaging,0.00010239461799718882
2,PHACTR1 (221692)_damaging,3.713097612160892e-05
2,JARID2 (3720)_damaging,0.0009175195207715266
2,ATXN1 (6310)_damaging,0.00010989580719524813
2,GABBR1 (2550)_damaging,0.0012323704097454023
2,HLA-A (3105)_damaging,0.0011975173433506623
2,MDC1 (9656)_damaging,0.0005106562924111487
2,VARS2 (57176)_damaging,0.0
2,MUCL3 (135656)_damaging,0.0
2,HLA-C (3107)_damaging,0.0004779660844059964
2,HLA-B (3106)_damaging,0.0006802321542741668
2,PRRC2A (7916)_damaging,0.00023650684799604148
2,BAG6 (7917)_damaging,0.0001812992531263454
2,TNXB (7148)_damaging,0.0001556126827035895
2,NOTCH4 (4855)_damaging,0.00024720112420557097
2,HLA-DRB5 (3127)_damaging,0.0006362076596154086
2,COL11A2 (1302)_damaging,0.0004939144800152514
2,RGL2 (5863)_damaging,0.00020396654472624602
2,ITPR3 (3710)_damaging,0.0
2,BLTP3A (54887)_damaging,5.1818431441004766e-05
2,DNAH8 (1769)_damaging,0.0013955794070544994
2,CCND3 (896)_damaging,0.0015266572602994932
2,MRPS10 (55173)_damaging,0.0
2,PTK7 (5754)_damaging,0.0
2,ZNF318 (24149)_damaging,5.0258775310618914e-05
2,TDRD6 (221400)_damaging,0.0
2,MMUT (4594)_damaging,0.0006931442801479704
2,PKHD1 (5314)_damaging,0.0019317711134369815
2,FAM83B (222584)_damaging,0.00018183287334895272
2,COL21A1 (81578)_damaging,0.00030699961260424724
2,DST (667)_damaging,0.0007279122290936157
2,PHF3 (23469)_damaging,0.000219686011163042
2,EYS (346007)_damaging,0.0005160434226287622
2,ADGRB3 (577)_damaging,7.279645878017146e-05
2,COL19A1 (1310)_damaging,4.630386967265159e-05
2,COL9A1 (1297)_damaging,0.00016900634451585335
2,RIMS1 (22999)_damaging,0.0
2,CD109 (135228)_damaging,0.0
2,COL12A1 (1303)_damaging,7.682872456003264e-05
2,CEP162 (22832)_damaging,0.00018365439070805784
2,SYNCRIP (10492)_damaging,0.00022551829781751681
2,ZNF292 (23036)_damaging,0.0009282440073729283
2,MDN1 (23195)_damaging,0.0007874973630359845
2,CASP8AP2 (9994)_damaging,7.294935055563103e-05
2,EPHA7 (2045)_damaging,0.0007529577449022942
2,MMS22L (253714)_damaging,3.8491470633986035e-05
2,PNISR (25957)_damaging,0.0
2,ASCC3 (10973)_damaging,8.559632914863983e-05
2,SOBP (55084)_damaging,4.1570991114574565e-06
2,AK9 (221264)_damaging,3.582285279531368e-05
2,LAMA4 (3910)_damaging,9.127758878249523e-05
2,HDAC2 (3066)_damaging,0.00010676479106236078
2,ROS1 (6098)_damaging,0.0004682628880078645
2,TBC1D32 (221322)_damaging,0.0002458539935262884
2,TRDN (10345)_damaging,7.03629204955781e-05
2,LAMA2 (3908)_damaging,0.00012721287321421464
2,AKAP7 (9465)_damaging,0.0
2,MED23 (9439)_damaging,0.0001862831598630198
2,ARFGEF3 (57221)_damaging,0.00016511583602709192
2,ECT2L (345930)_damaging,0.0004093088907744387
2,HECA (51696)_damaging,2.1546066143141518e-05
2,HIVEP2 (3097)_damaging,0.00026519857942147
2,UTRN (7402)_damaging,0.00022604425889705048
2,SHPRH (257218)_damaging,0.0004915102485029535
2,GRM1 (2911)_damaging,4.995963826523611e-05
2,ADGB (79747)_damaging,0.00014129915020757777
2,STXBP5 (134957)_damaging,0.0
2,SYNE1 (23345)_damaging,0.0015077611220085572
2,SCAF8 (22828)_damaging,0.00016302709170474433
2,ARID1B (57492)_damaging,0.0009648720642764046
2,FNDC1 (84624)_damaging,0.0
2,IGF2R (3482)_damaging,0.0001948087356128111
2,LPA (4018)_damaging,4.5643650772270006e-05
2,QKI (9444)_damaging,0.0008699997370153182
2,AFDN (4301)_damaging,0.0005686946601625501
2,CARD11 (84433)_damaging,0.000258457304948235
2,TNRC18 (84629)_damaging,0.00034240208120486565
2,PMS2 (5395)_damaging,0.0005124116895872312
2,COL28A1 (340267)_damaging,0.00030536872856381077
2,THSD7A (221981)_damaging,4.278450737335804e-05
2,VWDE (221806)_damaging,0.00011182360508084921
2,DGKB (1607)_damaging,1.7032321485069535e-05
2,AHR (196)_damaging,0.0001264534593961356
2,HDAC9 (9734)_damaging,5.941130001873377e-06
2,ABCB5 (340273)_damaging,0.001550733398108837
2,DNAH11 (8701)_damaging,0.001464076944746394
2,STK31 (56164)_damaging,0.0002146725627179408
2,CDK13 (8621)_damaging,0.00010615878888875824
2,GLI3 (2737)_damaging,1.490326990677874e-05
2,HECW1 (23072)_damaging,2.220281218688036e-05
2,AEBP1 (165)_damaging,4.022252836895487e-05
2,PKD1L1 (168507)_damaging,0.0001962082006466177
2,ABCA13 (154664)_damaging,0.0019165393608295762
2,FIGNL1 (63979)_damaging,0.0
2,DDC (1644)_damaging,0.0
2,AUTS2 (26053)_damaging,0.00012778100636280787
2,PTPN12 (5782)_damaging,0.0
2,MAGI2 (9863)_damaging,0.0
2,CD36 (948)_damaging,0.0008528703264666221
2,PCLO (27445)_damaging,0.0010545644437920504
2,SEMA3E (9723)_damaging,0.00010249191358076473
2,ABCB1 (5243)_damaging,0.0
2,ZNF804B (219578)_damaging,3.909912494857524e-05
2,AKAP9 (10142)_damaging,0.0009576149436000629
2,ANKIB1 (54467)_damaging,1.3871670063257118e-05
2,SAMD9 (54809)_damaging,4.737101662970209e-05
2,SAMD9L (219285)_damaging,0.00031632228222034406
2,CALCR (799)_damaging,7.635015888565531e-05
2,COL1A2 (1278)_damaging,0.00017346815195585946
2,TRRAP (8295)_damaging,0.00018897779358791915
2,GIGYF1 (64599)_damaging,6.679090394271074e-05
2,ZAN (7455)_damaging,0.001574622193404652
2,MUC12 (10071)_damaging,0.0
2,MUC17 (140453)_damaging,0.0013154679381581188
2,PLOD3 (8985)_damaging,0.0002091685895341195
2,CUX1 (1523)_damaging,5.570962625281919e-05
2,FBXL13 (222235)_damaging,0.0
2,SLC26A5 (375611)_damaging,0.0
2,RELN (5649)_damaging,0.00047482571752176163
2,KMT2E (55904)_damaging,0.0
2,PIK3CG (5294)_damaging,4.941242139672355e-05
2,LAMB4 (22798)_damaging,0.0003044690725939726
2,PPP1R3A (5506)_damaging,0.0008348426072704637
2,CFTR (1080)_damaging,3.2865136480268396e-05
2,CTTNBP2 (83992)_damaging,0.00012935844136273379
2,WNT16 (51384)_damaging,0.00017857799371733297
2,PTPRZ1 (5803)_damaging,0.00018432667462991555
2,CADPS2 (93664)_damaging,0.00016255149428148245
2,GRM8 (2918)_damaging,0.0001719430235607337
2,FLNC (2318)_damaging,0.00010860921969696286
2,KCP (375616)_damaging,5.514739839658246e-05
2,PLXNA4 (91584)_damaging,0.0012446385066116616
2,NUP205 (23165)_damaging,0.0
2,TRIM24 (8805)_damaging,0.00011179657397427383
2,KIAA1549 (57670)_damaging,0.00046099596790880363
2,MGAM (8972)_damaging,0.0007977391625952758
2,MGAM2 (93432)_damaging,9.708109288610547e-05
2,EPHB6 (2051)_damaging,2.5625507422713737e-05
2,KEL (3792)_damaging,0.000972071932759885
2,NOBOX (135935)_damaging,0.0
2,CNTNAP2 (26047)_damaging,0.00015937696064907299
2,KCNH2 (3757)_damaging,0.0
2,NOS3 (4846)_damaging,0.0
2,KMT2C (58508)_damaging,0.0012512578577974119
2,UBE3C (9690)_damaging,0.00026605232967777013
2,PTPRN2 (5799)_damaging,0.0007713975658027186
2,CSMD1 (64478)_damaging,0.00192558392345358
2,PRAG1 (157285)_damaging,0.0
2,RP1L1 (94137)_damaging,0.00023936902975885317
2,TRMT9B (57604)_damaging,0.0007899714120755891
2,DLC1 (10395)_damaging,0.00017390706953634145
2,PSD3 (23362)_damaging,5.2377668694942196e-05
2,DMTN (2039)_damaging,0.00047806525514142693
2,DOCK5 (80005)_damaging,0.00016165947530375139
2,NUGGC (389643)_damaging,0.0002041891697577078
2,TEX15 (56154)_damaging,0.000271025602003839
2,WRN (7486)_damaging,2.7868878883695674e-05
2,UNC5D (137970)_damaging,0.0005207620734122706
2,ADGRA2 (25960)_damaging,0.0007720834565600758
2,NSD3 (54904)_damaging,2.552415541594028e-05
2,ANK1 (286)_damaging,0.00025480871076535817
2,PRKDC (5591)_damaging,0.0007594970408171562
2,PXDNL (137902)_damaging,0.00035389671078989556
2,ST18 (9705)_damaging,0.0
2,RB1CC1 (9821)_damaging,4.458835803507626e-05
2,RP1 (6101)_damaging,0.0005891766896335473
2,CYP7A1 (1581)_damaging,0.0003559040228185879
2,CHD7 (55636)_damaging,0.0
2,ARFGEF1 (10565)_damaging,0.00023712598628279432
2,PREX2 (80243)_damaging,0.00023021902419010656
2,SULF1 (23213)_damaging,7.049696796885315e-05
2,SLCO5A1 (81796)_damaging,0.0
2,EYA1 (2138)_damaging,3.200983238932503e-05
2,TRPA1 (8989)_damaging,0.00014644778640774412
2,KCNB2 (9312)_damaging,4.303586044256974e-05
2,ZFHX4 (79776)_damaging,0.0009707802370243927
2,WWP1 (11059)_damaging,0.0010984435282092137
2,NBN (4683)_damaging,0.00013331076569361795
2,ESRP1 (54845)_damaging,0.0011768126600240464
2,VPS13B (157680)_damaging,0.0006156234892082637
2,RGS22 (26166)_damaging,4.1180326863811856e-06
2,UBR5 (51366)_damaging,0.00028430595430424543
2,RIMS2 (9699)_damaging,0.0009216751493582131
2,ZFPM2 (23414)_damaging,0.00014632308327677923
2,PKHD1L1 (93035)_damaging,0.002953043291071687
2,CSMD3 (114788)_damaging,0.002738622388416798
2,TRPS1 (7227)_damaging,0.0
2,COL14A1 (7373)_damaging,0.00072278679368603
2,FER1L6 (654463)_damaging,0.00047440105747121095
2,ASAP1 (50807)_damaging,0.0
2,ADCY8 (114)_damaging,7.803358746462744e-06
2,EFR3A (23167)_damaging,0.0006527446913916553
2,OC90 (729330)_damaging,2.368704034381401e-05
2,KCNQ3 (3786)_damaging,0.00020548345963631418
2,PHF20L1 (51105)_damaging,0.0007197426507948778
2,TG (7038)_damaging,0.0
2,COL22A1 (169044)_damaging,0.0015998460379677978
2,EPPK1 (83481)_damaging,8.642710414310331e-05
2,PLEC (5339)_damaging,0.0011461640045169026
2,PARP10 (84875)_damaging,0.00022966117243543787
2,CPSF1 (29894)_damaging,0.0002820525278822572
2,DOCK8 (81704)_damaging,0.0001768129159869913
2,SMARCA2 (6595)_damaging,0.0001354374086202549
2,BRD10 (158358)_damaging,0.0
2,PTPRD (5789)_damaging,0.0001957208014766346
2,MPDZ (8777)_damaging,0.000705760406978044
2,FREM1 (158326)_damaging,0.000517013717429491
2,CCDC171 (203238)_damaging,3.645712680180602e-05
2,CNTLN (54875)_damaging,0.00032386667786864134
2,DENND4C (55667)_damaging,6.134530786158986e-05
2,CDKN2A (1029)_damaging,0.00319558153757359
2,TAF1L (138474)_damaging,0.000376600154307149
2,SPATA31G1 (138724)_damaging,4.486169623580881e-05
2,FANCG (2189)_damaging,0.0006255741701703525
2,PIGO (84720)_damaging,0.0005957938762792669
2,UNC13B (10497)_damaging,0.0006623868814789226
2,RUSC2 (9853)_damaging,0.0
2,SPAG8 (26206)_damaging,0.0019301759275843508
2,SMC5 (23137)_damaging,2.721694462946719e-05
2,TMC1 (117531)_damaging,6.165697264628809e-05
2,TRPM6 (140803)_damaging,0.0003023712642219986
2,PCSK5 (5125)_damaging,0.0001688284009770194
2,PRUNE2 (158471)_damaging,0.0003072923138140415
2,VPS13A (23230)_damaging,0.0
2,TLE4 (7091)_damaging,0.0014797336142000684
2,SPATA31D1 (389763)_damaging,4.954637371586817e-05
2,SLC28A3 (64078)_damaging,4.0223799055450785e-05
2,ROR2 (4920)_damaging,0.0001433074838054744
2,NOL8 (55035)_damaging,1.8588199100429125e-05
2,WNK2 (65268)_damaging,0.00018594414300309998
2,PHF2 (5253)_damaging,0.0
2,PTCH1 (5727)_damaging,1.705504565470987e-05
2,SMC2 (10592)_damaging,0.0
2,ABCA1 (19)_damaging,0.0
2,ELP1 (8518)_damaging,0.0009064936547352663
2,TMEM245 (23731)_damaging,0.00019314387990260589
2,PALM2AKAP2 (445815)_damaging,0.0
2,SVEP1 (79987)_damaging,0.0
2,FKBP15 (23307)_damaging,0.0
2,COL27A1 (85301)_damaging,0.0005572845533990418
2,PAPPA (5069)_damaging,0.0004701850883980001
2,C5 (727)_damaging,0.0
2,CNTRL (11064)_damaging,0.0
2,DENND1A (57706)_damaging,0.0
2,GOLGA2 (2801)_damaging,6.641932334055545e-05
2,SPTAN1 (6709)_damaging,0.00021615957253852042
2,HMCN2 (256158)_damaging,0.001010855508856671
2,FUBP3 (8939)_damaging,3.0822957278441084e-05
2,NUP214 (8021)_damaging,0.0007472677763122267
2,PRRC2B (84726)_damaging,0.00042470872056448437
2,UCK1 (83549)_damaging,0.0010148927160242203
2,SETX (23064)_damaging,0.00012198059916124797
2,TTF1 (7270)_damaging,0.0
2,TSC1 (7248)_damaging,0.00024004611950764648
2,ADAMTS13 (11093)_damaging,0.00010521045360660675
2,ADAMTSL2 (9719)_damaging,0.0002300698326447918
2,BRD3 (8019)_damaging,0.0008065918609567519
2,WDR5 (11091)_damaging,0.0
2,COL5A1 (1289)_damaging,0.0
2,CAMSAP1 (157922)_damaging,0.0
2,SEC16A (9919)_damaging,0.0002277030815889735
2,NOTCH1 (4851)_damaging,0.0027995128457828835
2,ABCA2 (20)_damaging,0.0
2,CACNA1B (774)_damaging,0.0003324604956086515
2,PPP2R3B (28227)_damaging,0.0
2,MXRA5 (25878)_damaging,0.00012538718042512777
2,SHROOM2 (357)_damaging,0.00021960120664917673
2,WWC3 (55841)_damaging,0.0004736064639659927
2,FRMPD4 (9758)_damaging,0.0
2,NHS (4810)_damaging,3.1106556943575734e-05
2,MAP3K15 (389840)_damaging,0.00017969239764947475
2,DMD (1756)_damaging,0.001908494502596102
2,CFAP47 (286464)_damaging,0.0014448412758553855
2,BCOR (54880)_damaging,0.004400037618860984
2,USP9X (8239)_damaging,0.0028148868976204484
2,DDX3X (1654)_damaging,0.004708222082626255
2,KDM6A (7403)_damaging,0.0021122058585019998
2,RBM10 (8241)_damaging,0.0017035620716207552
2,TFE3 (7030)_damaging,0.0
2,CCNB3 (85417)_damaging,0.00024821169611870746
2,SHROOM4 (57477)_damaging,0.0
2,KDM5C (8242)_damaging,7.242299665207362e-05
2,IQSEC2 (23096)_damaging,3.1927543753537146e-07
2,HUWE1 (10075)_damaging,9.56449957423019e-05
2,WNK3 (65267)_damaging,0.000524552215424778
2,AMER1 (139285)_damaging,0.0006211981811463519
2,OPHN1 (4983)_damaging,5.231473448086857e-05
2,KIF4A (24137)_damaging,6.134796875137025e-05
2,MED12 (9968)_damaging,0.0014239731193214855
2,ZMYM3 (9203)_damaging,0.0017516174831880256
2,PHKA1 (5255)_damaging,0.00020092168377414775
2,NEXMIF (340533)_damaging,0.0
2,ATRX (546)_damaging,0.0007215119963767087
2,BRWD3 (254065)_damaging,0.0007761982837861327
2,ZNF711 (7552)_damaging,8.936142331992211e-05
2,DIAPH2 (1730)_damaging,0.0003530401888548428
2,PCDH19 (57526)_damaging,3.988160715914336e-05
2,RAB40A (142684)_damaging,0.0013409870337962482
2,NRK (203447)_damaging,0.00010641475724814418
2,COL4A6 (1288)_damaging,0.0002655513007568788
2,COL4A5 (1287)_damaging,0.0006348914490941897
2,TRPC5 (7224)_damaging,0.0
2,DOCK11 (139818)_damaging,0.0
2,STAG2 (10735)_damaging,0.0021637382520624986
2,TENM1 (10178)_damaging,0.00025947601195969904
2,BCORL1 (63035)_damaging,0.0006396748164630435
2,USP26 (83844)_damaging,0.0
2,SAGE1 (55511)_damaging,0.0
2,MAP7D3 (79649)_damaging,0.0
2,ADGRG4 (139378)_damaging,0.00019487861551015847
2,MAGEC1 (9947)_damaging,0.0
2,SPANXN4 (441525)_damaging,0.001051112062286256
2,SLITRK2 (84631)_damaging,0.0
2,AFF2 (2334)_damaging,7.934265034424626e-05
2,PASD1 (139135)_damaging,0.00011393182148104912
2,PLXNA3 (55558)_damaging,0.0001844843350600665
2,F8 (2157)_damaging,0.0006366199866664492
2,MT-ND4 (4538)_damaging,1.788844044201231e-05
2,MT-ND5 (4540)_damaging,0.0006121669095894251
3,MTOR (2475)_hotspot,0.0007925038588271194
3,NRAS (4893)_hotspot,0.012081547520582445
3,PTEN (5728)_hotspot,0.001700976675148896
3,HRAS (3265)_hotspot,0.00023529725460369125
3,ATM (472)_hotspot,0.0
3,KRAS (3845)_hotspot,0.013624737549444833
3,ERBB3 (2065)_hotspot,3.589862055500026e-05
3,BRCA2 (675)_hotspot,0.00031415368289916643
3,RB1 (5925)_hotspot,0.0032256685700853306
3,CREBBP (1387)_hotspot,6.141616759175026e-05
3,TP53 (7157)_hotspot,0.08122753933811054
3,NF1 (4763)_hotspot,0.00011253743684764844
3,ERBB2 (2064)_hotspot,9.996420061652878e-05
3,SMAD4 (4089)_hotspot,0.0032173796688045523
3,STK11 (6794)_hotspot,0.0013057023879734049
3,SMARCA4 (6597)_hotspot,7.627396050300052e-05
3,C2orf81 (388963)_hotspot,0.005080632686646955
3,NFE2L2 (4780)_hotspot,0.00338493364956216
3,VHL (7428)_hotspot,0.0005258267556960316
3,CTNNB1 (1499)_hotspot,0.0009073218899359026
3,RHOA (387)_hotspot,0.00446536779100713
3,PIK3CA (5290)_hotspot,0.001563263135672848
3,FBXW7 (55294)_hotspot,0.000465287290896214
3,TERT (7015)_hotspot,0.005167215724659387
3,PIK3R1 (5295)_hotspot,0.0003823552462107478
3,APC (324)_hotspot,0.0012957991355452463
3,RAC1 (5879)_hotspot,0.0001313714426543287
3,EGFR (1956)_hotspot,0.00039906987459547633
3,BRAF (673)_hotspot,0.0065718989682389895
3,EZH2 (2146)_hotspot,0.000981503219351304
3,CDKN2A (1029)_hotspot,0.003206138901337998
3,AGRN (375790)_damaging,0.0
3,MXRA8 (54587)_damaging,0.0
3,MEGF6 (1953)_damaging,0.0
3,CHD5 (26038)_damaging,0.0007573080267441181
3,RPL22 (6146)_damaging,0.004867118368332277
3,SLC45A1 (50651)_damaging,0.0008228105698248308
3,RERE (473)_damaging,3.990134254929377e-05
3,EXOSC10 (5394)_damaging,0.0
3,VPS13D (55187)_damaging,0.00039033621205389644
3,SPEN (23013)_damaging,0.0008326643400036953
3,UBR4 (23352)_damaging,0.0011021055509477192
3,HSPG2 (3339)_damaging,0.0001667070069674383
3,ID3 (3399)_damaging,0.008411411581660066
3,ELOA (6924)_damaging,0.00025698204017056804
3,ARID1A (8289)_damaging,0.008183995191564252
3,WDTC1 (23038)_damaging,8.126181834712823e-05
3,AHDC1 (27245)_damaging,0.00021900047789901917
3,PTPRU (10076)_damaging,0.0
3,COL16A1 (1307)_damaging,4.222446483073555e-05
3,CSMD2 (114784)_damaging,0.0017352994884492884
3,ZMYM4 (9202)_damaging,1.1791138266146534e-05
3,CLSPN (63967)_damaging,0.0007627217749720092
3,AGO1 (26523)_damaging,4.895474815386085e-05
3,MAP7D1 (55700)_damaging,0.00017650110367334042
3,MACF1 (23499)_damaging,0.005216432472691178
3,SZT2 (23334)_damaging,0.00035305376451961323
3,ZSWIM5 (57643)_damaging,0.0001417593475913237
3,MUTYH (4595)_damaging,0.00019810478836657252
3,MAST2 (23139)_damaging,3.321360342186269e-05
3,FAAH (2166)_damaging,0.0007508141301470016
3,TAL1 (6886)_damaging,0.0007356741944887441
3,TUT4 (23318)_damaging,0.00046624491091985565
3,NFIA (4774)_damaging,0.00014481035511884095
3,PATJ (10207)_damaging,7.870282843279322e-05
3,DOCK7 (85440)_damaging,4.5506932950305085e-05
3,LEPR (3953)_damaging,0.0003344322267171123
3,LRRC7 (57554)_damaging,0.00042540721638914796
3,ERICH3 (127254)_damaging,0.0020298169396902256
3,MSH4 (4438)_damaging,0.0
3,ADGRL4 (64123)_damaging,0.0043344878944049986
3,ADGRL2 (23266)_damaging,0.00018167929725771304
3,COL24A1 (255631)_damaging,0.00012400875860920935
3,HFM1 (164045)_damaging,0.0
3,BTBD8 (284697)_damaging,0.00046836392292249615
3,RPL5 (6125)_damaging,0.003166272180695796
3,COL11A1 (1301)_damaging,0.00045930753263269023
3,DENND2C (163259)_damaging,4.5204971876474056e-05
3,SYCP1 (6847)_damaging,0.0003034102303891389
3,SPAG17 (200162)_damaging,0.00040548685031721176
3,NOTCH2 (4853)_damaging,0.0002990315818714508
3,BCL9 (607)_damaging,0.0006926260936887766
3,ZNF687 (57592)_damaging,0.000635031901727906
3,FLG (2312)_damaging,0.0016143244721527476
3,CCDST (112268240)_damaging,0.0016114733398510676
3,UBAP2L (9898)_damaging,0.00020618964658065722
3,SHC1 (6464)_damaging,0.0
3,ASH1L (55870)_damaging,0.0
3,GON4L (54856)_damaging,6.338177278237953e-05
3,IQGAP3 (128239)_damaging,0.00020633862494189926
3,INSRR (3645)_damaging,0.00010184370330099064
3,FCRL5 (83416)_damaging,2.0147386427635556e-05
3,SPTA1 (6708)_damaging,0.002933990718697872
3,ARHGAP30 (257106)_damaging,9.768824064081731e-05
3,GPR161 (23432)_damaging,9.187015417288968e-06
3,F5 (2153)_damaging,0.0
3,TNR (7143)_damaging,0.0013215202427856836
3,PAPPA2 (60676)_damaging,0.00036929752272620394
3,ABL2 (27)_damaging,0.00035427784894633517
3,AXDND1 (126859)_damaging,0.00019751805157156702
3,TDRD5 (163589)_damaging,4.9568359299598e-05
3,CEP350 (9857)_damaging,4.469843546434402e-05
3,CACNA1E (777)_damaging,0.0016153561223627027
3,RGL1 (23179)_damaging,0.0
3,HMCN1 (83872)_damaging,0.0013307638362161612
3,TPR (7175)_damaging,0.0007428518460260502
3,KCNT2 (343450)_damaging,0.0
3,ASPM (259266)_damaging,0.0009547364424610256
3,PTPRC (5788)_damaging,0.0004250103676623788
3,CAMSAP2 (23271)_damaging,0.00019335590189460566
3,CACNA1S (779)_damaging,0.0017867879500527114
3,IGFN1 (91156)_damaging,0.004153987833784736
3,NAV1 (89796)_damaging,0.0
3,ATP2B4 (493)_damaging,0.00014755566806173284
3,PLEKHA6 (22874)_damaging,0.0
3,PIK3C2B (5287)_damaging,4.339295983021889e-05
3,NFASC (23114)_damaging,0.0
3,CR2 (1380)_damaging,0.0002743867450845923
3,PLXNA2 (5362)_damaging,5.688664725706264e-05
3,PTPN14 (5784)_damaging,5.958424171462845e-05
3,CENPF (1063)_damaging,0.000256929078751963
3,USH2A (7399)_damaging,0.0019940068292156206
3,DNAH14 (127602)_damaging,0.000526267986225443
3,CDC42BPA (8476)_damaging,0.0009511403129524338
3,OBSCN (84033)_damaging,0.001767809688695217
3,H3-4 (8290)_damaging,9.099820004625839e-05
3,SIPA1L2 (57568)_damaging,0.0006270160753211786
3,PCNX2 (80003)_damaging,0.0001045108717543882
3,MAP3K21 (84451)_damaging,0.0007300774897061589
3,ARID4B (51742)_damaging,0.00033522373243456195
3,LYST (1130)_damaging,0.00030290056805087217
3,RYR2 (6262)_damaging,0.0022955242250896025
3,CHRM3 (1131)_damaging,7.650238315023538e-05
3,FMN2 (56776)_damaging,0.0008344037852737331
3,SDCCAG8 (10806)_damaging,0.00018789137085321829
3,KIF26B (55083)_damaging,0.0
3,NLRP3 (114548)_damaging,0.0012735425169256662
3,LARP4B (23185)_damaging,0.0002799231947982898
3,PITRM1 (10531)_damaging,0.0013097863754664588
3,FRMD4A (55691)_damaging,0.00022300082683353003
3,CUBN (8029)_damaging,0.003305733057286369
3,MRC1 (4360)_damaging,5.940980022382954e-05
3,MALRD1 (340895)_damaging,3.333061846592795e-05
3,PLXDC2 (84898)_damaging,0.00011047155602617636
3,ARMC3 (219681)_damaging,0.00014941785984463576
3,GPR158 (57512)_damaging,0.0
3,MYO3A (53904)_damaging,8.173913436142946e-05
3,ANKRD26 (22852)_damaging,0.00014157672769042653
3,ODAD2 (55130)_damaging,5.9177489709278126e-05
3,SVIL (6840)_damaging,8.072053064428941e-05
3,JCAD (57608)_damaging,0.0001771139166139337
3,KIF5B (3799)_damaging,0.0002400022501504304
3,CCDC7 (79741)_damaging,0.0
3,ANKRD30A (91074)_damaging,0.001974670467443211
3,WDFY4 (57705)_damaging,0.0006049454485995596
3,PCDH15 (65217)_damaging,0.003476614914335669
3,ANK3 (288)_damaging,0.0004621263832102417
3,ARID5B (84159)_damaging,6.139389618137211e-05
3,JMJD1C (221037)_damaging,0.0
3,DNA2 (1763)_damaging,4.578923777808088e-05
3,CDH23 (64072)_damaging,0.0016928407809406094
3,DLG5 (9231)_damaging,0.0
3,ZMIZ1 (57178)_damaging,6.307601464863965e-05
3,PTEN (5728)_damaging,0.007415190613721965
3,KIF20B (9585)_damaging,0.0
3,CC2D2B (387707)_damaging,0.0002645295311700103
3,ZNF518A (9849)_damaging,0.00016241552393330842
3,LCOR (84458)_damaging,0.0006079301960450593
3,SLIT1 (6585)_damaging,0.0
3,PPRC1 (23082)_damaging,0.0010967874520759987
3,CNNM2 (54805)_damaging,0.00041627463603746803
3,PDCD11 (22984)_damaging,0.0005656942228731353
3,SLK (9748)_damaging,0.0022051195280253805
3,SORCS3 (22986)_damaging,0.0
3,SORCS1 (114815)_damaging,1.7714763370217587e-06
3,SMC3 (9126)_damaging,9.731851320667199e-05
3,TCF7L2 (6934)_damaging,8.765232550035301e-05
3,ATRNL1 (26033)_damaging,0.0001233379806142452
3,TACC2 (10579)_damaging,0.000229803420184481
3,DMBT1 (1755)_damaging,0.0
3,MKI67 (4288)_damaging,0.005120932829470384
3,JAKMIP3 (282973)_damaging,0.0033459012965943065
3,CFAP46 (54777)_damaging,0.0004853597135487114
3,B4GALNT4 (338707)_damaging,0.0003920082663702733
3,PKP3 (11187)_damaging,0.00036490103884025674
3,MUC5AC (4586)_damaging,0.0006667671609018681
3,MUC5B (727897)_damaging,4.8924161584859094e-05
3,BRSK2 (9024)_damaging,6.218951565907319e-05
3,KCNQ1 (3784)_damaging,0.00010682061540813729
3,NUP98 (4928)_damaging,8.855645861022686e-05
3,DNHD1 (144132)_damaging,0.0003061851687721119
3,DCHS1 (8642)_damaging,0.0
3,IPO7 (10527)_damaging,0.00022788546370977703
3,SBF2 (81846)_damaging,0.0004918580582643216
3,PLEKHA7 (144100)_damaging,6.696485105891696e-05
3,PIK3C2A (5286)_damaging,5.1705052699421304e-05
3,ABCC8 (6833)_damaging,0.0004612219798567794
3,OTOG (340990)_damaging,5.478388155120472e-05
3,NAV2 (89797)_damaging,5.065022493711632e-05
3,ANO5 (203859)_damaging,0.000121037593317992
3,DCDC1 (341019)_damaging,0.0
3,CCDC73 (493860)_damaging,0.00019413220067314457
3,KIAA1549L (25758)_damaging,6.129763368810507e-05
3,LRP4 (4038)_damaging,0.0006467565996577994
3,FOLH1 (2346)_damaging,0.0
3,OR4P4 (81300)_damaging,3.846858890531974e-05
3,CTNND1 (1500)_damaging,0.0004294914557274088
3,DTX4 (23220)_damaging,6.230381374315153e-05
3,AHNAK (79026)_damaging,0.00014056032607927512
3,SLC3A2 (6520)_damaging,0.0004846075444602771
3,PCNX3 (399909)_damaging,0.00022185689041701753
3,SHANK2 (22941)_damaging,0.00024519190235536986
3,NUMA1 (4926)_damaging,0.0
3,INPPL1 (3636)_damaging,1.6785387827198788e-05
3,C2CD3 (26005)_damaging,0.00021577734580650204
3,MYO7A (4647)_damaging,0.0008576511877991123
3,TENM4 (26011)_damaging,0.000746427235240196
3,PCF11 (51585)_damaging,0.0
3,DLG2 (1740)_damaging,0.002187759358773172
3,SYTL2 (54843)_damaging,0.00013471104966937065
3,FAT3 (120114)_damaging,0.0007877215982562376
3,CNTN5 (53942)_damaging,5.03680291952368e-05
3,CEP126 (57562)_damaging,0.0007782250336313912
3,MMP3 (4314)_damaging,0.0007289329761359107
3,DYNC2H1 (79659)_damaging,0.0006981824043734836
3,NPAT (4863)_damaging,0.0001046851960833492
3,ATM (472)_damaging,0.0019281286715466287
3,EXPH5 (23086)_damaging,1.4925726597941577e-05
3,NKAPD1 (55216)_damaging,0.0
3,NCAM1 (4684)_damaging,0.00031215290328559335
3,USP28 (57646)_damaging,0.0001293605598858123
3,DSCAML1 (57453)_damaging,0.0
3,KMT2A (4297)_damaging,3.841074630827098e-05
3,BCL9L (283149)_damaging,0.00012289655880639677
3,ARHGEF12 (23365)_damaging,0.00021080118905021
3,TECTA (7007)_damaging,0.0
3,SORL1 (6653)_damaging,0.000246254369778675
3,JHY (79864)_damaging,8.602252134769772e-05
3,IGSF9B (22997)_damaging,0.0
3,LINC02714 (729305)_damaging,0.0006817442885267458
3,KDM5A (5927)_damaging,0.00082120959213394
3,WNK1 (65125)_damaging,6.458680164940514e-05
3,CACNA1C (775)_damaging,0.0010546392645835751
3,VWF (7450)_damaging,0.0002609847672004875
3,NCAPD2 (9918)_damaging,6.16074765095955e-05
3,A2M (2)_damaging,0.0002276317034026388
3,GRIN2B (2904)_damaging,0.00012111507211241879
3,ATF7IP (55729)_damaging,0.00032252972788228515
3,GUCY2C (2984)_damaging,0.0005221517723100787
3,RECQL (5965)_damaging,0.0005912609098256643
3,ABCC9 (10060)_damaging,0.0005812749264791207
3,C2CD5 (9847)_damaging,0.00031889420975760236
3,ITPR2 (3709)_damaging,0.0010704565747586719
3,OVCH1 (341350)_damaging,0.00043646128801924693
3,KIF21A (55605)_damaging,0.0002854728205733932
3,LRRK2 (120892)_damaging,0.0006972569716839355
3,MUC19 (283463)_damaging,0.008098853127931198
3,CNTN1 (1272)_damaging,0.00012315096415875182
3,ADAMTS20 (80070)_damaging,0.0002743231703955115
3,ARID2 (196528)_damaging,0.0010760430621177205
3,COL2A1 (1280)_damaging,0.00012928848567728832
3,WNT1 (7471)_damaging,0.0001478193224445526
3,KMT2D (8085)_damaging,0.004250930064850932
3,PRPF40B (25766)_damaging,0.0
3,NCKAP5L (57701)_damaging,0.002542951567513259
3,DIP2B (57609)_damaging,0.0
3,MAP3K12 (7786)_damaging,0.0001419506005177655
3,PAN2 (9924)_damaging,4.812381537107816e-05
3,LRP1 (4035)_damaging,0.0006922524951165321
3,GLI1 (2735)_damaging,4.7666036339497974e-05
3,MBD6 (114785)_damaging,0.0003678254036936923
3,LRIG3 (121227)_damaging,0.0
3,PTPRB (5787)_damaging,0.0018000871138924217
3,ZFC3H1 (196441)_damaging,0.00018553485821723104
3,E2F7 (144455)_damaging,0.0002519887322395595
3,NAV3 (89795)_damaging,0.0005888531243994101
3,OTOGL (283310)_damaging,0.0
3,PTPRQ (374462)_damaging,0.0
3,PPFIA2 (8499)_damaging,8.219944516633337e-05
3,LRRIQ1 (84125)_damaging,7.825097439767068e-05
3,CEP290 (80184)_damaging,0.00037826845508074985
3,PLXNC1 (10154)_damaging,0.0
3,CFAP54 (144535)_damaging,0.0001733773000815037
3,BLTP3B (23074)_damaging,4.7407701599326245e-05
3,UTP20 (27340)_damaging,0.0006097192775591615
3,STAB2 (55576)_damaging,0.0009580833204301754
3,HCFC2 (29915)_damaging,0.0
3,ALDH1L2 (160428)_damaging,0.00015291865407936206
3,ACACB (32)_damaging,0.0004891372052838551
3,MVK (4598)_damaging,9.090542651710233e-05
3,CUX2 (23316)_damaging,0.0
3,HECTD4 (283450)_damaging,2.8801041262054616e-05
3,DTX1 (1840)_damaging,0.0007330349610416246
3,CIT (11113)_damaging,0.00018580672058885692
3,HNF1A (6927)_damaging,0.0
3,KDM2B (84678)_damaging,0.00023319127757737707
3,SETD1B (23067)_damaging,2.6961257830146096e-05
3,CFAP251 (144406)_damaging,0.0
3,KNTC1 (9735)_damaging,7.467737841179482e-05
3,SBNO1 (55206)_damaging,6.725607759739319e-05
3,DNAH10 (196385)_damaging,9.173435117905482e-05
3,NCOR2 (9612)_damaging,6.435970844975459e-05
3,TMEM132D (121256)_damaging,0.0001101824904738038
3,EP400 (57634)_damaging,0.0014586190843345387
3,POLE (5426)_damaging,0.0
3,XPO4 (64328)_damaging,0.0
3,SACS (26278)_damaging,0.00027557401576275677
3,ATP8A2 (51761)_damaging,0.0006597623803562112
3,FRY (10129)_damaging,0.0008704240198723277
3,BRCA2 (675)_damaging,0.0010781579417484955
3,PDS5B (23047)_damaging,0.008043594615446901
3,NBEA (26960)_damaging,0.00031895121754855045
3,FREM2 (341640)_damaging,6.508372922705541e-05
3,DGKH (160851)_damaging,0.004248322053857525
3,ZC3H13 (23091)_damaging,0.0001234394292146152
3,RB1 (5925)_damaging,0.016304542723553448
3,KLHL1 (57626)_damaging,0.00023150873323813135
3,DACH1 (1602)_damaging,4.0399132923164335e-05
3,DIS3 (22894)_damaging,0.00027950571449647125
3,TBC1D4 (9882)_damaging,2.2591109105069784e-05
3,MYCBP2 (23077)_damaging,0.00017767901720166948
3,NALCN (259232)_damaging,0.0009708577245432376
3,CCDC168 (643677)_damaging,0.0008545304450413681
3,MYO16 (23026)_damaging,0.00024554820522711845
3,COL4A2 (1284)_damaging,0.00047016665215568297
3,TEP1 (7011)_damaging,0.00017230806937796754
3,CHD8 (57680)_damaging,0.0003488409126030027
3,AJUBA (84962)_damaging,0.0014028373938994889
3,CARMIL3 (90668)_damaging,0.00013857983209492563
3,NYNRIN (57523)_damaging,2.1147083309092087e-05
3,AKAP6 (9472)_damaging,0.0005034190925914995
3,NPAS3 (64067)_damaging,0.0
3,RALGAPA1 (253959)_damaging,0.0
3,TTC6 (319089)_damaging,2.616845457344171e-05
3,MIA2 (4253)_damaging,0.00033253202799181424
3,FANCM (57697)_damaging,1.2381512732350967e-05
3,MDGA2 (161357)_damaging,3.570790333613627e-05
3,NIN (51199)_damaging,5.332855301833848e-05
3,NID2 (22795)_damaging,0.0002698926026059899
3,KTN1 (3895)_damaging,3.453630041083423e-05
3,ARID4A (5926)_damaging,0.0
3,HIF1A (3091)_damaging,0.0007246167217126602
3,SYNE2 (23224)_damaging,0.0010489643802366725
3,PCNX1 (22990)_damaging,0.0003782201012615901
3,MIDEAS (91748)_damaging,0.0001919079451410839
3,YLPM1 (56252)_damaging,0.00018771184865593886
3,MLH3 (27030)_damaging,0.0016084745728629558
3,NRXN3 (9369)_damaging,0.0
3,CEP128 (145508)_damaging,0.00012116574715364582
3,GALC (2581)_damaging,3.8882556017498636e-05
3,EML5 (161436)_damaging,4.254718568311103e-05
3,TRIP11 (9321)_damaging,0.00015554413414945874
3,UNC79 (57578)_damaging,0.0007598118673212582
3,ATG2B (55102)_damaging,1.1955728152799639e-05
3,RTL1 (388015)_damaging,7.45670285180796e-05
3,DYNC1H1 (1778)_damaging,0.0003550177821264111
3,KIF26A (26153)_damaging,0.000226647559538248
3,INF2 (64423)_damaging,2.8663641451974273e-05
3,AHNAK2 (113146)_damaging,0.006043350553015344
3,MTA1 (9112)_damaging,0.0
3,HERC2 (8924)_damaging,9.885649169866891e-05
3,TRPM1 (4308)_damaging,5.4599879303548664e-05
3,FMN1 (342184)_damaging,0.0003346724930874974
3,RYR3 (6263)_damaging,0.0004909645107358261
3,KNL1 (57082)_damaging,0.0
3,TYRO3 (7301)_damaging,0.0030599275167896714
3,MGA (23269)_damaging,0.001106518784804898
3,SPTBN5 (51332)_damaging,0.0010126773026373382
3,ZNF106 (64397)_damaging,0.0018398717601586323
3,STARD9 (57519)_damaging,0.0017337300449784298
3,TP53BP1 (7158)_damaging,0.0005069053056315209
3,MAP1A (4130)_damaging,0.0013053554165862232
3,SPG11 (80208)_damaging,0.0001038045836195055
3,B2M (567)_damaging,0.00011588695474453415
3,DUOX2 (50506)_damaging,0.00011027238783289051
3,SLC12A1 (6557)_damaging,4.6902869372789036e-05
3,FBN1 (2200)_damaging,0.0001747349306297082
3,TRPM7 (54822)_damaging,6.119479252350277e-05
3,DMXL2 (23312)_damaging,9.216611676450559e-05
3,MYO5C (55930)_damaging,8.699367404967504e-05
3,UNC13C (440279)_damaging,0.00025702192674056105
3,RFX7 (64864)_damaging,0.00028477587676450624
3,RNF111 (54778)_damaging,5.24254667830136e-05
3,ICE2 (79664)_damaging,0.00013941646012012403
3,VPS13C (54832)_damaging,0.0004005266029217012
3,TLN2 (83660)_damaging,9.952783002391846e-05
3,HERC1 (8925)_damaging,0.0009856521168828548
3,ZNF609 (23060)_damaging,0.0007479138745562653
3,MYO9A (4649)_damaging,1.5696712075729968e-05
3,HCN4 (10021)_damaging,0.0
3,ARID3B (10620)_damaging,0.00017631951893843395
3,SIN3A (25942)_damaging,0.0012955604558198151
3,PEAK1 (79834)_damaging,0.00015195686981401725
3,AP3B2 (8120)_damaging,0.00014084109067310062
3,ADAMTSL3 (57188)_damaging,0.0001972528755289131
3,AKAP13 (11214)_damaging,0.0007871431006991642
3,AGBL1 (123624)_damaging,0.0
3,TICRR (90381)_damaging,0.0
3,KIF7 (374654)_damaging,0.001587579674190572
3,IQGAP1 (8826)_damaging,5.610305337866934e-05
3,BLM (641)_damaging,6.411350561630581e-05
3,FES (2242)_damaging,0.0006378734726760642
3,CHD2 (1106)_damaging,0.0
3,LRRK1 (79705)_damaging,0.00043791125423645895
3,UNKL (64718)_damaging,0.00022586705061969622
3,CRAMP1 (57585)_damaging,7.089675901543379e-05
3,TSC2 (7249)_damaging,0.00023064663070304997
3,PKD1 (5310)_damaging,0.0015863455840733616
3,CASKIN1 (57524)_damaging,0.0
3,SLX4 (84464)_damaging,6.318328424477259e-06
3,CREBBP (1387)_damaging,0.007765125832396164
3,CORO7 (79585)_damaging,9.802198574030271e-05
3,SEC14L5 (9717)_damaging,0.0
3,GRIN2A (2903)_damaging,0.0006567216961963898
3,KNOP1 (400506)_damaging,0.0016052813607680056
3,DNAH3 (55567)_damaging,0.0009348118400366849
3,PALB2 (79728)_damaging,0.0005792751670537403
3,RBBP6 (5930)_damaging,0.00014198268133187763
3,TNRC6A (27327)_damaging,0.0016323420408468178
3,ARHGAP17 (55114)_damaging,0.00018224814234217855
3,GTF3C1 (2975)_damaging,0.0
3,ATXN2L (11273)_damaging,5.83728792782438e-05
3,SRCAP (10847)_damaging,0.0
3,SETD1A (9739)_damaging,0.0
3,ITGAD (3681)_damaging,0.0006303181086560885
3,SALL1 (6299)_damaging,3.9889944155030664e-05
3,NLRC5 (84166)_damaging,0.00018978178654708837
3,CNOT1 (23019)_damaging,0.0
3,CDH8 (1006)_damaging,0.0
3,CTCF (10664)_damaging,0.004317631502776899
3,CDH1 (999)_damaging,0.0003156174633429756
3,DHX38 (9785)_damaging,0.000290325513964553
3,ZFHX3 (463)_damaging,0.0005999728304217834
3,CNTNAP4 (85445)_damaging,3.89480231679249e-05
3,PKD1L2 (114780)_damaging,3.5282117577866624e-05
3,GSE1 (23199)_damaging,0.0
3,ZNF469 (84627)_damaging,0.0
3,ZC3H18 (124245)_damaging,0.0
3,LINC02138 (400558)_damaging,0.002263809005920776
3,ANKRD11 (29123)_damaging,0.00028680575413654765
3,VPS9D1 (9605)_damaging,0.0
3,FANCA (2175)_damaging,0.0
3,WDR81 (124997)_damaging,0.0
3,SPATA22 (84690)_damaging,0.002223643415338741
3,ZZEF1 (23140)_damaging,8.53124647891754e-05
3,USP6 (9098)_damaging,9.651930927835948e-05
3,TP53 (7157)_damaging,0.170693956174993
3,DNAH2 (146754)_damaging,0.0009548728377874233
3,KDM6B (23135)_damaging,0.00019437863147767873
3,CHD3 (1107)_damaging,8.131538303657149e-05
3,ALOX12B (242)_damaging,0.00011594609711876247
3,PER1 (5187)_damaging,0.0
3,MYH13 (8735)_damaging,0.00032316052871836457
3,MYH8 (4626)_damaging,0.0002794424513646319
3,MYH1 (4619)_damaging,0.0010060697839290947
3,MYH2 (4620)_damaging,0.001150108253656615
3,DNAH9 (1770)_damaging,0.0008795509371206742
3,NCOR1 (9611)_damaging,0.0011681897166683447
3,FLCN (201163)_damaging,0.0
3,MYO15A (51168)_damaging,0.0
3,TOP3A (7156)_damaging,0.00025712909202173717
3,BLTP2 (9703)_damaging,0.00013747739649034717
3,MYO18A (399687)_damaging,0.0
3,EFCAB5 (374786)_damaging,0.0
3,CPD (1362)_damaging,0.0
3,NF1 (4763)_damaging,0.004764026479685372
3,SLFN11 (91607)_damaging,0.0006541813852501743
3,GGNBP2 (79893)_damaging,8.222177497480179e-05
3,ACACA (31)_damaging,0.00021896202067369665
3,GPR179 (440435)_damaging,0.00012502674250851608
3,SRCIN1 (80725)_damaging,0.0010787040620307833
3,TOP2A (7153)_damaging,1.6992911246306738e-17
3,STAT5B (6777)_damaging,0.00014094340478142995
3,PLEKHH3 (79990)_damaging,0.0003284798536084444
3,BRCA1 (672)_damaging,0.0004861192772228405
3,ITGA2B (3674)_damaging,0.0001330905300070284
3,PLEKHM1 (9842)_damaging,0.0003590277457501207
3,COL1A1 (1277)_damaging,0.0011530232395081759
3,TSPOAP1 (9256)_damaging,0.00016930788530403174
3,RNF43 (54894)_damaging,0.00010276514392445311
3,BRIP1 (83990)_damaging,0.0
3,MED13 (9969)_damaging,0.00016557326885176637
3,SCN4A (6329)_damaging,0.00021002116376070548
3,GNA13 (10672)_damaging,0.0019603964646737436
3,AXIN2 (8313)_damaging,0.0
3,NOL11 (25926)_damaging,0.0
3,BPTF (2186)_damaging,0.00114983323252921
3,ABCA8 (10351)_damaging,2.580869310606325e-05
3,ABCA9 (10350)_damaging,0.0003623426537268182
3,ABCA6 (23460)_damaging,6.858935881530817e-05
3,ABCA10 (10349)_damaging,3.317474227389335e-05
3,ABCA5 (23461)_damaging,2.505574028732369e-05
3,SOX9 (6662)_damaging,0.00024875069250619947
3,SDK2 (54549)_damaging,0.0002782687926734072
3,TMEM94 (9772)_damaging,7.007458240934358e-05
3,CASKIN2 (57513)_damaging,2.4783230632634985e-05
3,MYO15B (80022)_damaging,0.0007989504143285975
3,ITGB4 (3691)_damaging,0.00010797180791452257
3,SPHK1 (8877)_damaging,0.00010461014148739403
3,TNRC6C (57690)_damaging,0.001454605806412086
3,DNAH17 (8632)_damaging,8.197894765709458e-05
3,CCDC40 (55036)_damaging,0.00021787985233257093
3,RPTOR (57521)_damaging,3.027754980749138e-05
3,BAHCC1 (57597)_damaging,0.00031520907410032277
3,FASN (2194)_damaging,0.00027402858098002196
3,SMCHD1 (23347)_damaging,0.0005829799077831742
3,EPB41L3 (23136)_damaging,6.981121012618452e-05
3,LAMA1 (284217)_damaging,0.0003795239533664623
3,PTPRM (5797)_damaging,3.322139556408711e-05
3,PIEZO2 (63895)_damaging,0.000793203749238566
3,ANKRD30B (374860)_damaging,7.287193407277102e-05
3,ROCK1 (6093)_damaging,0.00014497309611941232
3,LAMA3 (3909)_damaging,3.359713429481822e-05
3,ZNF521 (25925)_damaging,5.9471753758202664e-05
3,CCDC178 (374864)_damaging,0.0
3,ASXL3 (80816)_damaging,0.0004538876905023598
3,FHOD3 (80206)_damaging,0.0001622258420379722
3,SETBP1 (26040)_damaging,0.0008642931507121794
3,EPG5 (57724)_damaging,0.0007804564441921936
3,SKOR2 (652991)_damaging,0.0002281980272619561
3,ZBTB7C (201501)_damaging,0.0004330805131632573
3,SMAD4 (4089)_damaging,0.02273713337516966
3,DCC (1630)_damaging,0.00024868786776661593
3,ALPK2 (115701)_damaging,3.966579634197804e-05
3,DSEL (92126)_damaging,0.0
3,RTTN (25914)_damaging,8.645240790222871e-05
3,CBLN2 (147381)_damaging,0.0
3,ZNF236 (7776)_damaging,0.0
3,SALL3 (27164)_damaging,2.744643633917071e-05
3,ATP9B (374868)_damaging,9.902356717758822e-05
3,KCNG2 (26251)_damaging,0.000511711036296942
3,ABCA7 (10347)_damaging,0.00019676172908037848
3,STK11 (6794)_damaging,0.0053862340299717865
3,DAZAP1 (26528)_damaging,0.0
3,AP3D1 (8943)_damaging,0.0009523276672591175
3,ZBTB7A (51341)_damaging,0.00041606005953550803
3,KDM4B (23030)_damaging,0.0004860206482889511
3,PTPRS (5802)_damaging,0.0019340382590244233
3,CAMSAP3 (57662)_damaging,0.0
3,FBN3 (84467)_damaging,0.00013573056298618795
3,MUC16 (94025)_damaging,0.0019110629981011176
3,COL5A3 (50509)_damaging,0.0006614505723743984
3,KEAP1 (9817)_damaging,0.0039400464882876265
3,DNM2 (1785)_damaging,0.00042187222901102537
3,SMARCA4 (6597)_damaging,0.004492530878991043
3,CACNA1A (773)_damaging,0.0007065255832779606
3,NOTCH3 (4854)_damaging,0.001146405510845305
3,NWD1 (284434)_damaging,0.00016245086471713483
3,CPAMD8 (27151)_damaging,0.0006340448478172675
3,ZNF208 (7757)_damaging,0.0001973477433484481
3,ZNF729 (100287226)_damaging,0.00024865452865740524
3,ZNF91 (7644)_damaging,0.000758327198768277
3,ZNF536 (9745)_damaging,0.00011750795914506137
3,TSHZ3 (57616)_damaging,2.5476659881461266e-05
3,KMT2B (9757)_damaging,0.002576251342492838
3,ARHGAP33 (115703)_damaging,0.00024585912840290107
3,WDR87 (83889)_damaging,0.00017053580860738437
3,RYR1 (6261)_damaging,0.0003229997820999516
3,CAPN12 (147968)_damaging,0.0006071329276572461
3,FCGBP (8857)_damaging,0.0013656267578999771
3,PRX (57716)_damaging,0.0005129718823564968
3,SPTBN4 (57731)_damaging,4.5077172793127716e-05
3,LTBP4 (8425)_damaging,9.23127742203641e-06
3,AXL (558)_damaging,0.0
3,ARHGEF1 (9138)_damaging,0.00011971485894281246
3,ERF (2077)_damaging,5.309619392001412e-05
3,CIC (23152)_damaging,0.0006872749055931339
3,MEGF8 (1954)_damaging,0.00019384630179570013
3,MARK4 (57787)_damaging,0.0
3,ARHGAP35 (2909)_damaging,6.831229620866547e-05
3,BICRA (29998)_damaging,0.00025409546098893943
3,LMTK3 (114783)_damaging,0.0006409538440796238
3,TRPM4 (54795)_damaging,0.0
3,TEAD2 (8463)_damaging,0.00010546245456686425
3,PRR12 (57479)_damaging,0.0
3,SCAF1 (58506)_damaging,0.0
3,POLD1 (5424)_damaging,0.00031887415057704895
3,SHANK1 (50944)_damaging,0.00013680170982905793
3,NLRP7 (199713)_damaging,0.0008901228270680072
3,BRSK1 (84446)_damaging,0.0012766919383410615
3,NLRP4 (147945)_damaging,0.0009272434368504312
3,PEG3 (5178)_damaging,0.00040728142964405444
3,ROCK2 (9475)_damaging,6.0865582365387556e-05
3,GREB1 (9687)_damaging,0.0003329073570973839
3,NBAS (51594)_damaging,0.0013544986513269362
3,RAD51AP2 (729475)_damaging,8.774126288458228e-05
3,APOB (338)_damaging,0.0008345917935770427
3,TDRD15 (100129278)_damaging,0.0008612528535661439
3,ATAD2B (54454)_damaging,0.0
3,ITSN2 (50618)_damaging,2.417909526115781e-05
3,DNMT3A (1788)_damaging,0.00026067267956392926
3,OTOF (9381)_damaging,0.00012629747444535566
3,EMILIN1 (11117)_damaging,8.789662863129246e-05
3,CAD (790)_damaging,4.975646245012145e-05
3,SPATA31H1 (84226)_damaging,0.0010671765303317416
3,ALK (238)_damaging,0.0
3,BIRC6 (57448)_damaging,0.0006407735908882077
3,LTBP1 (4052)_damaging,0.00038549430048407925
3,HEATR5B (54497)_damaging,0.0
3,ZFP36L2 (678)_damaging,0.0009838851614018226
3,THADA (63892)_damaging,0.0004947787866268288
3,MSH2 (4436)_damaging,0.0
3,MSH6 (2956)_damaging,0.0009721555361455924
3,NRXN1 (9378)_damaging,0.0010958090955245745
3,EML6 (400954)_damaging,0.0
3,CCDC88A (55704)_damaging,0.0009684402882296685
3,USP34 (9736)_damaging,0.00042735071449300437
3,ZNF638 (27332)_damaging,4.3706543405459015e-05
3,DYSF (8291)_damaging,0.0004184785081918291
3,ALMS1 (7840)_damaging,0.00015066485967985772
3,CTNNA2 (1496)_damaging,0.001219505336502865
3,DNAH6 (1768)_damaging,0.0006456277016900415
3,VWA3B (200403)_damaging,0.0
3,CRACDL (343990)_damaging,0.0
3,EIF5B (9669)_damaging,0.0
3,DPP10 (57628)_damaging,0.00038314387177479055
3,MARCO (8685)_damaging,1.36757527444777e-06
3,CLASP1 (23332)_damaging,7.849644127051644e-06
3,CNTNAP5 (129684)_damaging,5.952345196660003e-05
3,WDR33 (55339)_damaging,0.0001186042950306532
3,ARHGEF4 (50649)_damaging,0.0008568966346917121
3,NCKAP5 (344148)_damaging,0.00041779509723942305
3,THSD7B (80731)_damaging,0.00040414036671309825
3,LRP1B (53353)_damaging,0.0063761964845153755
3,ZEB2 (9839)_damaging,5.763985331739899e-05
3,ACVR2A (92)_damaging,0.0
3,KIF5C (3800)_damaging,0.0006929440458204239
3,RIF1 (55183)_damaging,0.0
3,NEB (4703)_damaging,0.0017749838256572673
3,BAZ2B (29994)_damaging,0.00021063047712947073
3,LY75 (4065)_damaging,0.0
3,PLA2R1 (22925)_damaging,3.8435278591699217e-05
3,SLC4A10 (57282)_damaging,6.346722635687856e-05
3,KCNH7 (90134)_damaging,0.00016425434421930374
3,FIGN (55137)_damaging,2.4496188291638968e-05
3,SCN3A (6328)_damaging,0.0002654106574611919
3,SCN2A (6326)_damaging,0.0005991005689336878
3,SCN1A (6323)_damaging,7.057325531666228e-05
3,SCN9A (6335)_damaging,0.0003797181891216993
3,SCN7A (6332)_damaging,9.153952929457214e-05
3,XIRP2 (129446)_damaging,0.0031724582286395387
3,LRP2 (4036)_damaging,0.0004014306330816215
3,PPIG (9360)_damaging,8.159067078557275e-05
3,GPR155 (151556)_damaging,0.001658754552129206
3,TTN (7273)_damaging,0.006787759164122015
3,CCDC141 (285025)_damaging,0.0001742054492608982
3,FSIP2 (401024)_damaging,0.001418979691421411
3,COL3A1 (1281)_damaging,3.4274540947888863e-05
3,COL5A2 (1290)_damaging,0.0014119165674344692
3,DNAH7 (56171)_damaging,0.001385467656923155
3,HECW2 (57520)_damaging,0.00012141414783446383
3,PLCL1 (5334)_damaging,0.000945720713682467
3,SGO2 (151246)_damaging,0.00016174646651423246
3,CASP8 (841)_damaging,0.00024710995220498237
3,ALS2 (57679)_damaging,0.0
3,NBEAL1 (65065)_damaging,0.00036701696338758776
3,PARD3B (117583)_damaging,3.341554076403886e-05
3,NRP2 (8828)_damaging,0.00029311564878856024
3,INO80D (54891)_damaging,0.0004613165125377079
3,ZDBF2 (57683)_damaging,0.00016258196493070226
3,ADAM23 (8745)_damaging,8.358024299510006e-05
3,MAP2 (4133)_damaging,9.335434750164378e-05
3,UNC80 (285175)_damaging,0.0030030896808262474
3,CPS1 (1373)_damaging,3.252827667268786e-05
3,ERBB4 (2066)_damaging,0.0005805781720243618
3,ABCA12 (26154)_damaging,0.0017780413121898102
3,FN1 (2335)_damaging,0.0005801125311066466
3,CFAP65 (255101)_damaging,7.309132055675015e-06
3,SPEG (10290)_damaging,0.00027635235299405
3,SLC4A3 (6508)_damaging,0.00010064064819815731
3,IRS1 (3667)_damaging,0.00012685371537641204
3,COL4A4 (1286)_damaging,0.00017336682334253135
3,SPHKAP (80309)_damaging,2.465527772454652e-05
3,GIGYF2 (26058)_damaging,0.00013326570053666183
3,COL6A3 (1293)_damaging,0.0006278113509108706
3,HDAC4 (9759)_damaging,0.0001954557206463559
3,KIF1A (547)_damaging,0.0002024066345439828
3,TRIB3 (57761)_damaging,5.41991620806757e-05
3,TGM6 (343641)_damaging,7.358258204641588e-05
3,FASTKD5 (60493)_damaging,4.4609709783982355e-05
3,PLCB4 (5332)_damaging,0.0002030706394261712
3,SEL1L2 (80343)_damaging,4.994782873475574e-05
3,RRBP1 (6238)_damaging,0.0
3,RALGAPA2 (57186)_damaging,0.0
3,ASXL1 (171023)_damaging,0.0018849036250529186
3,NCOA6 (23054)_damaging,0.00028725574050867195
3,MYH7B (57644)_damaging,0.0006576722201939156
3,CEP250 (11190)_damaging,6.680567212512697e-05
3,MTCL2 (140710)_damaging,0.0
3,SAMHD1 (25939)_damaging,3.947501746553383e-05
3,LBP (3929)_damaging,1.7312858834109657e-05
3,CHD6 (84181)_damaging,0.0
3,PTPRT (11122)_damaging,0.0021191396414005736
3,DDX27 (55661)_damaging,7.15231232737257e-05
3,ADNP (23394)_damaging,7.439411481228969e-05
3,ZNF831 (128611)_damaging,7.957754811878662e-05
3,SYCP2 (10388)_damaging,0.0006511402938498412
3,LAMA5 (3911)_damaging,0.0020236762557805156
3,COL20A1 (57642)_damaging,2.1817206284825516e-05
3,HELZ2 (85441)_damaging,0.0011919400071363601
3,TPTE (7179)_damaging,6.786642074421581e-05
3,NRIP1 (8204)_damaging,3.485897367675834e-05
3,LTN1 (26046)_damaging,0.00024611295401000136
3,USP16 (10600)_damaging,0.0
3,SCAF4 (57466)_damaging,0.001654239617513118
3,ITSN1 (6453)_damaging,0.00030203903525940096
3,DOP1B (9980)_damaging,0.00011261275117828349
3,BRWD1 (54014)_damaging,8.914059586798258e-05
3,DSCAM (1826)_damaging,0.0003112613267615617
3,COL18A1 (80781)_damaging,0.00048393892784645776
3,COL6A1 (1291)_damaging,0.00012800501755165278
3,PCNT (5116)_damaging,0.00036983073737323157
3,CECR2 (27443)_damaging,0.0003944373237943081
3,ZDHHC8 (29801)_damaging,0.0
3,LZTR1 (8216)_damaging,0.0012506093179781845
3,MYO18B (84700)_damaging,9.725552490142205e-05
3,CHEK2 (11200)_damaging,0.0018983565938709525
3,NF2 (4771)_damaging,0.011633427302335565
3,MTMR3 (8897)_damaging,0.0006967789312637598
3,DEPDC5 (9681)_damaging,0.0
3,MYH9 (4627)_damaging,0.0013329114910130022
3,CSF2RB (1439)_damaging,0.0009137621372306527
3,TRIOBP (11078)_damaging,0.0001156946135065345
3,CACNA1I (8911)_damaging,0.0016444485114993702
3,TNRC6B (23112)_damaging,0.00022555157615552167
3,EP300 (2033)_damaging,0.0021833930710631806
3,MEI1 (150365)_damaging,0.0004586929270818354
3,TCF20 (6942)_damaging,7.101245054754951e-05
3,SMC1B (27127)_damaging,0.0005959544944970752
3,PKDREJ (10343)_damaging,8.73276197329758e-05
3,PLXNB2 (23654)_damaging,0.0015667661634192072
3,PPP6R2 (9701)_damaging,0.0011777584321867587
3,SBF1 (6305)_damaging,0.0002816254325568789
3,CHL1 (10752)_damaging,6.929534855073529e-05
3,CNTN6 (27255)_damaging,0.0
3,CNTN4 (152330)_damaging,2.7101700061967967e-05
3,GRM7 (2917)_damaging,0.0005581729025369248
3,VHL (7428)_damaging,0.0027752126910390446
3,TGFBR2 (7048)_damaging,0.0002066215974274458
3,CLASP2 (23122)_damaging,4.6864509906472315e-05
3,TRANK1 (9881)_damaging,0.0005714797760826958
3,MLH1 (4292)_damaging,0.0
3,GOLGA4 (2803)_damaging,0.00013386487329517565
3,SCN11A (11280)_damaging,0.0008421951712242427
3,NKTR (4820)_damaging,0.0
3,KIF15 (56992)_damaging,8.894544159285235e-06
3,SETD2 (29072)_damaging,0.0006067906040365335
3,PTPN23 (25930)_damaging,0.001407541730346446
3,PLXNB1 (5364)_damaging,0.0008933141062652284
3,COL7A1 (1294)_damaging,0.0008377553913496369
3,CELSR3 (1951)_damaging,0.00012528093252781413
3,LAMB2 (3913)_damaging,0.0001442692112590682
3,RHOA (387)_damaging,0.0008660670070216556
3,BSN (8927)_damaging,0.0
3,RBM6 (10180)_damaging,0.0002623970449512606
3,DOCK3 (1795)_damaging,0.0006907512435623197
3,DNAH1 (25981)_damaging,0.00019713311491380303
3,BAP1 (8314)_damaging,0.0007269018743099048
3,STAB1 (23166)_damaging,0.00016490721678697178
3,PBRM1 (55193)_damaging,0.002285086611058706
3,DNAH12 (201625)_damaging,0.00011269403058669819
3,FLNB (2317)_damaging,2.060636489730801e-05
3,PTPRG (5793)_damaging,0.0004155934178385096
3,CADPS (8618)_damaging,0.0001973069011657464
3,ATXN7 (6314)_damaging,0.00030470891271101603
3,ADAMTS9 (56999)_damaging,0.0
3,ROBO2 (6092)_damaging,0.00036102955579345137
3,ROBO1 (6091)_damaging,6.314411723853295e-05
3,EPHA3 (2042)_damaging,5.95894515169764e-05
3,CRYBG3 (131544)_damaging,8.336619738328437e-05
3,ABI3BP (25890)_damaging,0.00011713228070391676
3,MYH15 (22989)_damaging,0.0004446819341021448
3,DZIP3 (9666)_damaging,9.133546586276535e-05
3,ZBTB20 (26137)_damaging,0.0007132958891607154
3,CFAP91 (89876)_damaging,0.00011368417568113985
3,POLQ (10721)_damaging,0.0004751632253603908
3,GOLGB1 (2804)_damaging,0.0
3,KALRN (8997)_damaging,0.0011422640584472983
3,COL6A5 (256076)_damaging,0.00011863224197195693
3,COL6A6 (131873)_damaging,7.320566075165028e-05
3,DNAJC13 (23317)_damaging,0.0
3,TOPBP1 (11073)_damaging,0.0003823577561176752
3,XRN1 (54464)_damaging,3.521117528173433e-05
3,ATR (545)_damaging,0.0005529233189441589
3,HPS3 (84343)_damaging,6.9935258679533245e-06
3,MED12L (116931)_damaging,0.0006456528187835773
3,IGSF10 (285313)_damaging,3.4203472004240114e-05
3,ARHGEF26 (26084)_damaging,0.0
3,MME (4311)_damaging,9.905099355787853e-05
3,PLCH1 (23007)_damaging,0.0
3,SI (6476)_damaging,0.0003837414896998534
3,MECOM (2122)_damaging,0.0002840570485903447
3,USP13 (8975)_damaging,0.0016726259487957597
3,TTC14 (151613)_damaging,9.927911753133062e-05
3,VWA5B2 (90113)_damaging,5.04940996959424e-05
3,ATP13A5 (344905)_damaging,0.00029166132829857764
3,MUC4 (4585)_damaging,0.0017032679061808173
3,TNK2 (10188)_damaging,0.0
3,NSD2 (7468)_damaging,0.0007259695941202669
3,FAM193A (8603)_damaging,0.0
3,JAKMIP1 (152789)_damaging,3.2170212124109e-05
3,UNC93B7 (100887746)_damaging,0.000966687064226345
3,CPEB2 (132864)_damaging,0.00013013897877594836
3,SLIT2 (9353)_damaging,0.00018722350879474533
3,PCDH7 (5099)_damaging,4.080210171059188e-05
3,ARAP2 (116984)_damaging,4.247427979592439e-05
3,LIMCH1 (22998)_damaging,5.452990319968383e-05
3,BEND4 (389206)_damaging,5.347972208830302e-05
3,CORIN (10699)_damaging,0.0001705133224652476
3,FRYL (285527)_damaging,0.0007917204798233897
3,KDR (3791)_damaging,0.00021241712977458437
3,POLR2B (5431)_damaging,0.00010399641058908085
3,ADGRL3 (23284)_damaging,0.00012462129630850152
3,EPHA5 (2044)_damaging,7.922607332328817e-05
3,CENPC (1060)_damaging,1.6686191344523448e-06
3,ADAMTS3 (9508)_damaging,0.00022760043948866977
3,FRAS1 (80144)_damaging,0.0011286579134162456
3,WDFY3 (23001)_damaging,0.00046081024280770024
3,PTPN13 (5783)_damaging,0.00027646596528582316
3,AFF1 (4299)_damaging,7.008023468592799e-05
3,MMRN1 (22915)_damaging,7.560905598292305e-05
3,GRID2 (2895)_damaging,0.0
3,SMARCAD1 (56916)_damaging,0.0
3,CENPE (1062)_damaging,0.0001473387378406537
3,TET2 (54790)_damaging,0.003591455651368269
3,COL25A1 (84570)_damaging,6.163110301565199e-05
3,ANK2 (287)_damaging,0.0002601745376197886
3,BLTP1 (84162)_damaging,0.0014564439270932728
3,FAT4 (79633)_damaging,0.0003078596800734135
3,PCDH10 (57575)_damaging,1.6212649233714024e-05
3,LRBA (987)_damaging,0.000224051641073934
3,FBXW7 (55294)_damaging,0.0009123957848847321
3,FHDC1 (85462)_damaging,0.0002755055081167405
3,DCHS2 (54798)_damaging,0.0006948976294390795
3,MAP9 (79884)_damaging,7.479026551582621e-05
3,RXFP1 (59350)_damaging,0.0001050813668714629
3,RAPGEF2 (9693)_damaging,9.36053950352404e-05
3,FSTL5 (56884)_damaging,5.586301516470892e-05
3,WDR17 (116966)_damaging,9.401406997229861e-05
3,TENM3 (55714)_damaging,5.633657893212475e-05
3,WWC2 (80014)_damaging,0.0
3,FAT1 (2195)_damaging,0.002389185361829385
3,SDHA (6389)_damaging,0.002306761789209907
3,SLC12A7 (10723)_damaging,0.0001517257889234053
3,TERT (7015)_damaging,0.00039269070792865717
3,ADAMTS16 (170690)_damaging,3.1438404671931e-08
3,ICE1 (23379)_damaging,8.447933980959857e-05
3,DNAH5 (1767)_damaging,0.0015291555488937552
3,TRIO (7204)_damaging,0.000501781899666969
3,MYO10 (4651)_damaging,6.232023799919559e-05
3,CDH18 (1016)_damaging,0.00025419831798185067
3,CDH12 (1010)_damaging,0.00010557207036506731
3,PRDM9 (56979)_damaging,0.00030298577777507327
3,CDH10 (1008)_damaging,0.0002979907660271222
3,PDZD2 (23037)_damaging,0.0006019005252325449
3,ADAMTS12 (81792)_damaging,0.0007103158111328643
3,SPEF2 (79925)_damaging,0.0008643568504294022
3,NIPBL (25836)_damaging,0.0003617019476965189
3,CPLANE1 (65250)_damaging,0.0005480648427858866
3,C7 (730)_damaging,0.0
3,MROH2B (133558)_damaging,0.0001209383387163314
3,C6 (729)_damaging,2.8746690415608103e-05
3,HCN1 (348980)_damaging,0.0001737746628696136
3,ITGA1 (3672)_damaging,3.3178074006830584e-05
3,PIK3R1 (5295)_damaging,0.003291283924057199
3,RAD17 (5884)_damaging,0.00027066831526463065
3,BDP1 (55814)_damaging,0.00012919853448232547
3,MAP1B (4131)_damaging,0.0
3,ARHGEF28 (64283)_damaging,0.0007772973950370472
3,ANKRD31 (256006)_damaging,0.00043916705553970003
3,AP3B1 (8546)_damaging,0.0
3,CMYA5 (202333)_damaging,0.0003980269797010636
3,MSH3 (4437)_damaging,0.002244775450124783
3,VCAN (1462)_damaging,0.0
3,RASA1 (5921)_damaging,0.0014753819405071203
3,ADGRV1 (84059)_damaging,0.0003715830052528908
3,KIAA0825 (285600)_damaging,0.00024589381443449647
3,ARSK (153642)_damaging,4.1991054257229126e-05
3,APC (324)_damaging,0.009953807925510469
3,DMXL1 (1657)_damaging,0.0019834391681220124
3,FBN2 (2201)_damaging,0.000673155741310708
3,FNIP1 (96459)_damaging,2.038137283060448e-05
3,RAD50 (10111)_damaging,0.0014970394228391083
3,AFF4 (27125)_damaging,0.0
3,PITX1 (5307)_damaging,0.00815545506097362
3,LINC02900 (340073)_damaging,0.002817209779829672
3,CTNNA1 (1495)_damaging,0.0016892586469385107
3,ANKHD1 (54882)_damaging,0.0
3,PCDHB4 (56131)_damaging,0.0005976195857557313
3,PCDHB6 (56130)_damaging,0.0
3,TCERG1 (10915)_damaging,0.0
3,FAT2 (2196)_damaging,0.0006663602630453587
3,GRIA1 (2890)_damaging,0.00017389196008183794
3,LARP1 (23367)_damaging,0.001967055826463957
3,GABRG2 (2566)_damaging,4.4223679301522585e-05
3,SLIT3 (6586)_damaging,0.0
3,DOCK2 (1794)_damaging,0.002516979965181211
3,NSD1 (64324)_damaging,0.00010814570341293292
3,FLT4 (2324)_damaging,0.0016780580477943478
3,DSP (1832)_damaging,0.00018840777311452056
3,HIVEP1 (3096)_damaging,0.0
3,PHACTR1 (221692)_damaging,3.8001435074682266e-05
3,JARID2 (3720)_damaging,0.0018671465261627619
3,ATXN1 (6310)_damaging,4.719991208357751e-05
3,HLA-A (3105)_damaging,0.0012307259503110174
3,MDC1 (9656)_damaging,0.0001083845279706819
3,VARS2 (57176)_damaging,0.0
3,HLA-C (3107)_damaging,0.00012789404095243267
3,HLA-B (3106)_damaging,0.0012560992853969245
3,PRRC2A (7916)_damaging,0.000526248408897672
3,TNXB (7148)_damaging,0.00014022496600809477
3,NOTCH4 (4855)_damaging,0.00019815179509335238
3,COL11A2 (1302)_damaging,8.748940227866789e-05
3,ITPR3 (3710)_damaging,0.0
3,BLTP3A (54887)_damaging,0.0
3,DNAH8 (1769)_damaging,0.00033804649679273813
3,CCND3 (896)_damaging,0.0018341625492000286
3,TDRD6 (221400)_damaging,3.049442429396635e-05
3,PKHD1 (5314)_damaging,0.0007892616862067911
3,FAM83B (222584)_damaging,0.0
3,DST (667)_damaging,0.0008288041739643054
3,PHF3 (23469)_damaging,0.00034216733298622956
3,EYS (346007)_damaging,0.0012944138235899845
3,ADGRB3 (577)_damaging,5.528176305510816e-05
3,COL19A1 (1310)_damaging,0.0
3,COL9A1 (1297)_damaging,8.92055765170855e-05
3,RIMS1 (22999)_damaging,6.738819415868101e-05
3,COL12A1 (1303)_damaging,2.1027881750465327e-05
3,TTK (7272)_damaging,0.0006456045417021167
3,CEP162 (22832)_damaging,9.562240314831676e-05
3,ZNF292 (23036)_damaging,0.0008026340661660823
3,MDN1 (23195)_damaging,0.00016162146473277234
3,CASP8AP2 (9994)_damaging,6.036882529066472e-05
3,EPHA7 (2045)_damaging,0.0013604874644823327
3,MMS22L (253714)_damaging,0.00011175369445594133
3,PNISR (25957)_damaging,3.847421316467475e-05
3,ASCC3 (10973)_damaging,0.000183219730574324
3,AK9 (221264)_damaging,0.0002022600596297937
3,REV3L (5980)_damaging,3.1078388138235598e-06
3,HDAC2 (3066)_damaging,7.399933364911006e-05
3,ROS1 (6098)_damaging,0.0003456227219793479
3,TBC1D32 (221322)_damaging,0.00022779711758120946
3,TRDN (10345)_damaging,0.0001447090119501391
3,LAMA2 (3908)_damaging,0.00027240605093907885
3,MED23 (9439)_damaging,7.739970572852732e-05
3,TNFAIP3 (7128)_damaging,0.0002181139780038563
3,ARFGEF3 (57221)_damaging,8.679857287857413e-05
3,ECT2L (345930)_damaging,0.0004631901338194893
3,HIVEP2 (3097)_damaging,0.0001234256152552618
3,UTRN (7402)_damaging,8.069072545590057e-05
3,SHPRH (257218)_damaging,0.0002638240805526375
3,ADGB (79747)_damaging,6.473485737865376e-05
3,SYNE1 (23345)_damaging,0.003829621563985061
3,SCAF8 (22828)_damaging,8.071750349633766e-05
3,ARID1B (57492)_damaging,0.0006618468888462372
3,FNDC1 (84624)_damaging,0.0
3,IGF2R (3482)_damaging,0.00034412370850907617
3,LPA (4018)_damaging,1.980601061800037e-05
3,MAP3K4 (4216)_damaging,0.0001290171645082397
3,QKI (9444)_damaging,0.003194688562010457
3,AFDN (4301)_damaging,0.00012279604321334867
3,CARD11 (84433)_damaging,0.00020765689638228707
3,TNRC18 (84629)_damaging,0.0009866546828619207
3,PMS2 (5395)_damaging,0.00019897847748441398
3,THSD7A (221981)_damaging,6.892786482342815e-05
3,VWDE (221806)_damaging,5.73952295469895e-05
3,DGKB (1607)_damaging,3.359176783330387e-05
3,AHR (196)_damaging,0.0004019380261451098
3,ABCB5 (340273)_damaging,0.001908196319983831
3,DNAH11 (8701)_damaging,0.0006802729077265017
3,CDK13 (8621)_damaging,1.2648062148536813e-05
3,HECW1 (23072)_damaging,0.0001630807246366581
3,AEBP1 (165)_damaging,0.0002446578209545958
3,PKD1L1 (168507)_damaging,0.000298781428922919
3,ABCA13 (154664)_damaging,0.0007422637943756204
3,DDC (1644)_damaging,0.0
3,ZNF722 (100419780)_damaging,0.0
3,MAGI2 (9863)_damaging,0.00018335096030313298
3,CD36 (948)_damaging,0.0002749256262396067
3,PCLO (27445)_damaging,0.0010134312265383696
3,ABCB4 (5244)_damaging,9.322792678218118e-05
3,ZNF804B (219578)_damaging,9.140246526166026e-05
3,AKAP9 (10142)_damaging,0.0012186706450887687
3,ANKIB1 (54467)_damaging,0.0
3,SAMD9 (54809)_damaging,0.00019068380418033775
3,SAMD9L (219285)_damaging,5.5985744387333485e-05
3,CALCR (799)_damaging,4.2890103196249226e-05
3,COL1A2 (1278)_damaging,0.00013694018202758596
3,TRRAP (8295)_damaging,0.0
3,MUC12 (10071)_damaging,8.186395790786738e-05
3,MUC17 (140453)_damaging,0.0020189296814695904
3,PLOD3 (8985)_damaging,0.0004579293362755739
3,CUX1 (1523)_damaging,0.00021415829930855718
3,RELN (5649)_damaging,0.00025451611439645193
3,KMT2E (55904)_damaging,0.000338018224902687
3,PIK3CG (5294)_damaging,0.00010586196776963873
3,LAMB4 (22798)_damaging,0.0010013203829877515
3,DOCK4 (9732)_damaging,0.0002234093689348855
3,PPP1R3A (5506)_damaging,0.0
3,CFTR (1080)_damaging,1.652171753789643e-05
3,CTTNBP2 (83992)_damaging,0.00027169024816738795
3,PTPRZ1 (5803)_damaging,0.000493030968186288
3,POT1 (25913)_damaging,1.656289451483435e-05
3,GRM8 (2918)_damaging,0.00023375502211877086
3,FLNC (2318)_damaging,0.00024343517472455401
3,KCP (375616)_damaging,2.691321794914416e-05
3,PLXNA4 (91584)_damaging,0.0021888043469513556
3,NUP205 (23165)_damaging,3.660580147439421e-05
3,TRIM24 (8805)_damaging,0.0
3,KIAA1549 (57670)_damaging,0.0002402323881019216
3,MGAM (8972)_damaging,0.0007031203478298592
3,MGAM2 (93432)_damaging,0.00012831773266406567
3,EPHB6 (2051)_damaging,3.5931115682262535e-05
3,KEL (3792)_damaging,0.0002961737641383795
3,FAM131B (9715)_damaging,0.0
3,NOBOX (135935)_damaging,2.3309701452678067e-05
3,CNTNAP2 (26047)_damaging,8.478759520655958e-05
3,NOS3 (4846)_damaging,2.5413234398880784e-05
3,KMT2C (58508)_damaging,0.001260439913999415
3,DPP6 (1804)_damaging,0.00013328882778213246
3,UBE3C (9690)_damaging,0.00023396554801830975
3,PTPRN2 (5799)_damaging,0.00044663608155954935
3,MYOM2 (9172)_damaging,0.0
3,CSMD1 (64478)_damaging,0.0008356278882149721
3,RP1L1 (94137)_damaging,0.00045070557189493264
3,TRMT9B (57604)_damaging,0.0006816726273439507
3,DOCK5 (80005)_damaging,0.0
3,NUGGC (389643)_damaging,0.00010888954175247814
3,TEX15 (56154)_damaging,4.687084605547793e-05
3,WRN (7486)_damaging,6.945258027142193e-05
3,UNC5D (137970)_damaging,0.0003954631243477823
3,ADGRA2 (25960)_damaging,0.00023898100974657178
3,NSD3 (54904)_damaging,0.00025937066514167994
3,ANK1 (286)_damaging,0.0002174995202615045
3,PRKDC (5591)_damaging,0.0010363010774180332
3,PXDNL (137902)_damaging,0.0003970310463663127
3,ST18 (9705)_damaging,3.6098380150478864e-05
3,RB1CC1 (9821)_damaging,5.9884229172131905e-05
3,RP1 (6101)_damaging,0.00040367916945896286
3,CYP7A1 (1581)_damaging,0.00013575290566133875
3,ARFGEF1 (10565)_damaging,3.214271564896768e-05
3,PREX2 (80243)_damaging,9.479639096839305e-05
3,SULF1 (23213)_damaging,0.0
3,SLCO5A1 (81796)_damaging,3.518964761487553e-05
3,TRPA1 (8989)_damaging,0.0002889122659667719
3,KCNB2 (9312)_damaging,8.30428212279366e-05
3,ZFHX4 (79776)_damaging,0.0016594395136261789
3,WWP1 (11059)_damaging,0.0001378063499458946
3,NBN (4683)_damaging,0.0
3,ESRP1 (54845)_damaging,0.0008892449445820138
3,VPS13B (157680)_damaging,0.00023353730293252715
3,RGS22 (26166)_damaging,0.0
3,UBR5 (51366)_damaging,0.00042909369609673035
3,RIMS2 (9699)_damaging,0.0001760574525085769
3,ZFPM2 (23414)_damaging,6.439963721602946e-05
3,PKHD1L1 (93035)_damaging,0.003336222821221951
3,CSMD3 (114788)_damaging,0.002561517601158501
3,TRPS1 (7227)_damaging,1.228726801937671e-05
3,COL14A1 (7373)_damaging,0.00019443161038661108
3,FER1L6 (654463)_damaging,0.0009056614756563739
3,EFR3A (23167)_damaging,5.38023439818333e-05
3,KCNQ3 (3786)_damaging,0.0
3,PHF20L1 (51105)_damaging,0.0029413424212868223
3,COL22A1 (169044)_damaging,0.0012569155414362623
3,ADGRB1 (575)_damaging,7.09768592235349e-05
3,EPPK1 (83481)_damaging,1.3120228845141182e-05
3,PLEC (5339)_damaging,0.0008196536689566022
3,PARP10 (84875)_damaging,5.5422635824120716e-05
3,KIFC2 (90990)_damaging,0.0
3,DOCK8 (81704)_damaging,0.0001686324421533887
3,SMARCA2 (6595)_damaging,3.267144559230852e-05
3,PTPRD (5789)_damaging,0.00024582675915244006
3,MPDZ (8777)_damaging,0.000609637472880624
3,FREM1 (158326)_damaging,0.0006605476168788009
3,DENND4C (55667)_damaging,7.238069123792257e-05
3,CDKN2A (1029)_damaging,0.0038867267224812476
3,TAF1L (138474)_damaging,0.0
3,FANCG (2189)_damaging,0.0012447972200527156
3,PIGO (84720)_damaging,0.00010488109670553082
3,UNC13B (10497)_damaging,0.0002935686121064335
3,GBA2 (57704)_damaging,0.0
3,SPAG8 (26206)_damaging,0.005029105256416021
3,TMC1 (117531)_damaging,0.0
3,TRPM6 (140803)_damaging,0.0
3,PCSK5 (5125)_damaging,0.0001417459465159159
3,PRUNE2 (158471)_damaging,5.195032595779477e-05
3,VPS13A (23230)_damaging,0.00013073006217029378
3,KIF27 (55582)_damaging,0.0003838505945933736
3,ROR2 (4920)_damaging,0.00010821473899518505
3,WNK2 (65268)_damaging,0.00012321626704016726
3,PTCH1 (5727)_damaging,0.00021143485050227184
3,COL15A1 (1306)_damaging,0.0002599319599062894
3,TMEM245 (23731)_damaging,0.0004243016168404468
3,PALM2AKAP2 (445815)_damaging,0.0
3,SVEP1 (79987)_damaging,0.00028281265068804063
3,FKBP15 (23307)_damaging,0.0
3,COL27A1 (85301)_damaging,0.0005299483121738537
3,C5 (727)_damaging,0.00013129473869617322
3,CNTRL (11064)_damaging,4.4594996439583006e-05
3,DENND1A (57706)_damaging,0.0008206610099286435
3,SPTAN1 (6709)_damaging,0.0
3,HMCN2 (256158)_damaging,0.0004346410247864613
3,NUP214 (8021)_damaging,0.0012682115976039299
3,PRRC2B (84726)_damaging,0.0004979185070693463
3,UCK1 (83549)_damaging,0.0008945283362846658
3,SETX (23064)_damaging,0.000755769884535146
3,TTF1 (7270)_damaging,1.5312053912899747e-05
3,ADAMTS13 (11093)_damaging,5.8029601333890996e-05
3,ADAMTSL2 (9719)_damaging,4.304517176147036e-05
3,BRD3 (8019)_damaging,0.0007856431942220799
3,COL5A1 (1289)_damaging,4.485647118974723e-05
3,CAMSAP1 (157922)_damaging,0.000427300328196298
3,NOTCH1 (4851)_damaging,0.0013936988930786853
3,ABCA2 (20)_damaging,5.138635289844187e-05
3,EXD3 (54932)_damaging,6.99121590409194e-05
3,MXRA5 (25878)_damaging,0.0003024548197183396
3,WWC3 (55841)_damaging,0.00031280315426088576
3,NHS (4810)_damaging,7.40408447598907e-05
3,MAP3K15 (389840)_damaging,0.000469733538710612
3,DMD (1756)_damaging,0.0021723377921627944
3,CFAP47 (286464)_damaging,0.0005657716367695081
3,RPGR (6103)_damaging,9.438732465995348e-05
3,BCOR (54880)_damaging,0.004872452171525603
3,USP9X (8239)_damaging,0.0036263745207217473
3,DDX3X (1654)_damaging,0.0012861601510597562
3,KDM6A (7403)_damaging,0.004653431760832969
3,RBM10 (8241)_damaging,0.0006338692036250419
3,TFE3 (7030)_damaging,0.0
3,CACNA1F (778)_damaging,0.0004644160238033347
3,CCNB3 (85417)_damaging,0.0007892783980151658
3,KDM5C (8242)_damaging,4.043061820960646e-05
3,IQSEC2 (23096)_damaging,0.0
3,HUWE1 (10075)_damaging,0.0005589757102288772
3,WNK3 (65267)_damaging,0.0001313658335833977
3,AMER1 (139285)_damaging,0.000556779559590105
3,MED12 (9968)_damaging,0.0014088219063171706
3,ZMYM3 (9203)_damaging,0.0014179620149484214
3,ATRX (546)_damaging,0.0005281802124425358
3,ZNF711 (7552)_damaging,0.0
3,DIAPH2 (1730)_damaging,0.00016076391805521512
3,PCDH19 (57526)_damaging,0.00011286009464746642
3,RAB40A (142684)_damaging,0.0005475565855651748
3,NRK (203447)_damaging,0.0002927240872099466
3,COL4A6 (1288)_damaging,8.8873493932629e-05
3,COL4A5 (1287)_damaging,0.0004235971933989092
3,GUCY2F (2986)_damaging,0.00014615928156461432
3,DOCK11 (139818)_damaging,4.97006694056706e-06
3,STAG2 (10735)_damaging,0.0018261705754742553
3,TENM1 (10178)_damaging,0.00017621713085247528
3,SMARCA1 (6594)_damaging,0.0002060989469489601
3,BCORL1 (63035)_damaging,0.00022574138912369042
3,USP26 (83844)_damaging,0.00018204387917329033
3,MAP7D3 (79649)_damaging,4.893995571417308e-05
3,ADGRG4 (139378)_damaging,0.0001050274915648075
3,SPANXN4 (441525)_damaging,0.0016313910557579584
3,SLITRK2 (84631)_damaging,0.0003402091453152066
3,FMR1 (2332)_damaging,0.0
3,AFF2 (2334)_damaging,0.0004169049031310265
3,PLXNA3 (55558)_damaging,0.000685728464343814
3,F8 (2157)_damaging,0.00017239036639085445
3,MT-ND4 (4538)_damaging,0.0002571669106025456
3,MT-ND5 (4540)_damaging,0.000590576669934342
4,MTOR (2475)_hotspot,0.0014326793073187126
4,NRAS (4893)_hotspot,0.010748663366832419
4,PTEN (5728)_hotspot,0.0013284434810228833
4,HRAS (3265)_hotspot,0.00013422636616329027
4,ATM (472)_hotspot,8.274277637078902e-05
4,KRAS (3845)_hotspot,0.014473891146497171
4,ERBB3 (2065)_hotspot,5.6169632695282284e-05
4,RB1 (5925)_hotspot,0.002978449144338733
4,CREBBP (1387)_hotspot,0.00021740545051721484
4,TP53 (7157)_hotspot,0.07437428906453192
4,NF1 (4763)_hotspot,0.00035872276048381547
4,ERBB2 (2064)_hotspot,0.0
4,SMAD4 (4089)_hotspot,0.0008985308065346744
4,STK11 (6794)_hotspot,0.0009858374978511115
4,SMARCA4 (6597)_hotspot,6.957199067725993e-05
4,C2orf81 (388963)_hotspot,0.001045496468576657
4,NFE2L2 (4780)_hotspot,0.003962648746160004
4,CTNNB1 (1499)_hotspot,0.0012248236833330211
4,RHOA (387)_hotspot,8.759891960119176e-05
4,PIK3CA (5290)_hotspot,0.002309818549865843
4,FBXW7 (55294)_hotspot,0.0003373017688200613
4,TERT (7015)_hotspot,0.0036071457400882927
4,PIK3R1 (5295)_hotspot,0.0007657063058203981
4,APC (324)_hotspot,0.0017090503498236472
4,CCND3 (896)_hotspot,0.0026317960378908845
4,RAC1 (5879)_hotspot,0.0006028465700656111
4,BRAF (673)_hotspot,0.015664978858948207
4,MYC (4609)_hotspot,0.002261611964988417
4,CDKN2A (1029)_hotspot,0.002595045483786052
4,AGRN (375790)_damaging,0.0002250725770900936
4,MXRA8 (54587)_damaging,8.549992157572454e-05
4,MEGF6 (1953)_damaging,0.00012254134272797194
4,CHD5 (26038)_damaging,0.000535701679016051
4,RPL22 (6146)_damaging,0.006197826847788601
4,ERRFI1 (54206)_damaging,0.00017344659978962303
4,SLC45A1 (50651)_damaging,7.155346156524755e-05
4,RERE (473)_damaging,0.00012431922552200693
4,EXOSC10 (5394)_damaging,0.0
4,VPS13D (55187)_damaging,0.0001482635956392773
4,FHAD1 (114827)_damaging,0.00012320831455624244
4,SPEN (23013)_damaging,0.0007967106079116264
4,EPHA2 (1969)_damaging,0.0
4,UBR4 (23352)_damaging,0.0007560546290255498
4,HSPG2 (3339)_damaging,0.0005612553783247789
4,LUZP1 (7798)_damaging,0.00012178370215508732
4,ID3 (3399)_damaging,0.014838722256566472
4,ELOA (6924)_damaging,0.00015343729685843478
4,ARID1A (8289)_damaging,0.014545212755501151
4,WDTC1 (23038)_damaging,0.00035623130092374055
4,PTPRU (10076)_damaging,0.0
4,COL16A1 (1307)_damaging,0.0
4,CSMD2 (114784)_damaging,0.00041651797346071615
4,ZMYM6 (9204)_damaging,0.0
4,ZMYM1 (79830)_damaging,0.00019668991894028378
4,ZMYM4 (9202)_damaging,0.0
4,CLSPN (63967)_damaging,4.205615770321627e-05
4,AGO1 (26523)_damaging,5.304952071413767e-05
4,MAP7D1 (55700)_damaging,0.0001137539590147668
4,MACF1 (23499)_damaging,0.005031782934809608
4,HIVEP3 (59269)_damaging,9.917846329553834e-05
4,TIE1 (7075)_damaging,0.00013581910015250372
4,SZT2 (23334)_damaging,8.5390888963523e-05
4,PTCH2 (8643)_damaging,5.7177836089255845e-05
4,MUTYH (4595)_damaging,0.00021696169109501417
4,MAST2 (23139)_damaging,2.927031152035203e-06
4,PIK3R3 (8503)_damaging,0.0
4,TAL1 (6886)_damaging,5.837487277481239e-05
4,TUT4 (23318)_damaging,0.0
4,FYB2 (199920)_damaging,0.0
4,NFIA (4774)_damaging,0.0003732231111581141
4,PATJ (10207)_damaging,0.0
4,DOCK7 (85440)_damaging,0.0003163231118020551
4,JAK1 (3716)_damaging,0.0003481129134899601
4,LEPR (3953)_damaging,1.9875924596432832e-05
4,LRRC7 (57554)_damaging,0.0015699817068405295
4,LRRIQ3 (127255)_damaging,0.0
4,ERICH3 (127254)_damaging,0.0012663547781372434
4,SLC44A5 (204962)_damaging,0.0
4,AK5 (26289)_damaging,0.000681155749779943
4,ADGRL4 (64123)_damaging,0.0016694507352656629
4,ADGRL2 (23266)_damaging,0.0004245275439563411
4,COL24A1 (255631)_damaging,0.0
4,HFM1 (164045)_damaging,8.732657203581817e-05
4,BTBD8 (284697)_damaging,0.0002572419009859695
4,RPL5 (6125)_damaging,0.0037941809376386905
4,ABCA4 (24)_damaging,4.0542858625841304e-05
4,COL11A1 (1301)_damaging,0.0010865424593275571
4,EPS8L3 (79574)_damaging,0.00011096877475950134
4,CSDE1 (7812)_damaging,4.162476765241923e-05
4,SYCP1 (6847)_damaging,0.00029935329140387535
4,CD58 (965)_damaging,6.763416316084785e-05
4,SPAG17 (200162)_damaging,0.00025279585071064504
4,NOTCH2 (4853)_damaging,0.00012531311471708213
4,BCL9 (607)_damaging,0.0007181373544541476
4,ADAMTSL4 (54507)_damaging,0.0
4,ZNF687 (57592)_damaging,8.100734797904383e-05
4,FLG (2312)_damaging,0.0011070140501423258
4,CCDST (112268240)_damaging,0.0009280300125978067
4,FLG2 (388698)_damaging,0.00016235364584788403
4,ASH1L (55870)_damaging,0.0
4,IQGAP3 (128239)_damaging,2.706737073075881e-06
4,NES (10763)_damaging,0.0
4,INSRR (3645)_damaging,7.51630816182401e-06
4,FCRL5 (83416)_damaging,0.0
4,SPTA1 (6708)_damaging,0.0013468175477255016
4,IGSF9 (57549)_damaging,0.0
4,ATP1A4 (480)_damaging,0.0
4,GPR161 (23432)_damaging,0.0
4,F5 (2153)_damaging,0.0
4,FIRRM (55732)_damaging,0.00010570773824879963
4,PRRC2C (23215)_damaging,0.0
4,SLC9C2 (284525)_damaging,0.0
4,TNR (7143)_damaging,0.0004093298848837993
4,PAPPA2 (60676)_damaging,0.0005511108335621881
4,RASAL2 (9462)_damaging,0.0001137403062801792
4,ABL2 (27)_damaging,0.0
4,AXDND1 (126859)_damaging,0.0007367612696986816
4,TDRD5 (163589)_damaging,0.0
4,CEP350 (9857)_damaging,0.0009255083661178791
4,CACNA1E (777)_damaging,0.0015548229581194943
4,LAMC1 (3915)_damaging,1.4702700617048766e-05
4,RGL1 (23179)_damaging,3.987441807703753e-05
4,HMCN1 (83872)_damaging,0.0006220549400857025
4,TPR (7175)_damaging,5.248812823011445e-07
4,BRINP3 (339479)_damaging,0.0
4,CFH (3075)_damaging,2.3828523705259756e-06
4,ASPM (259266)_damaging,0.0010905021674160644
4,PTPRC (5788)_damaging,0.000397654509602983
4,CAMSAP2 (23271)_damaging,0.0017353961834087345
4,CACNA1S (779)_damaging,0.0014911017568948971
4,IGFN1 (91156)_damaging,0.001647897385740167
4,NAV1 (89796)_damaging,2.0176056393441306e-05
4,KDM5B (10765)_damaging,0.00023240792944949896
4,ATP2B4 (493)_damaging,0.00010183210651408599
4,PLEKHA6 (22874)_damaging,8.445467613098515e-05
4,PIK3C2B (5287)_damaging,0.0
4,NFASC (23114)_damaging,0.0
4,CR2 (1380)_damaging,0.0001159307864229888
4,CR1 (1378)_damaging,0.00014367065445568134
4,PLXNA2 (5362)_damaging,0.00017095761645564378
4,PTPN14 (5784)_damaging,0.0
4,CENPF (1063)_damaging,0.00022891955278299457
4,USH2A (7399)_damaging,0.0029053076925424992
4,DNAH14 (127602)_damaging,0.00034904431335005924
4,CDC42BPA (8476)_damaging,0.0018730926581000003
4,OBSCN (84033)_damaging,0.0009288459756589734
4,H3-4 (8290)_damaging,0.00010256468238905783
4,SIPA1L2 (57568)_damaging,0.0
4,PCNX2 (80003)_damaging,0.0
4,MAP3K21 (84451)_damaging,0.00010691306378398571
4,ARID4B (51742)_damaging,0.0006407626203946849
4,LYST (1130)_damaging,3.129800546918773e-06
4,RYR2 (6262)_damaging,0.0019926976096674136
4,CHRM3 (1131)_damaging,0.0
4,FMN2 (56776)_damaging,0.0003219488801284285
4,KIF26B (55083)_damaging,0.0
4,AHCTF1 (25909)_damaging,0.0
4,NLRP3 (114548)_damaging,0.001082697804097205
4,LARP4B (23185)_damaging,9.151357314988145e-05
4,PITRM1 (10531)_damaging,0.00154750181322185
4,FRMD4A (55691)_damaging,0.00015170127411424773
4,ITGA8 (8516)_damaging,0.00015591440260027972
4,CUBN (8029)_damaging,0.0027260656885905402
4,MRC1 (4360)_damaging,0.00017540763329295116
4,MALRD1 (340895)_damaging,4.759588393214067e-05
4,MLLT10 (8028)_damaging,1.0920222180975187e-05
4,ARMC3 (219681)_damaging,1.8139692312157686e-05
4,ANKRD26 (22852)_damaging,0.00013511115020684337
4,SVIL (6840)_damaging,0.00035919833647976357
4,JCAD (57608)_damaging,0.0
4,KIF5B (3799)_damaging,0.00015608124041833143
4,CCDC7 (79741)_damaging,0.0
4,ANKRD30A (91074)_damaging,0.0011173543815419392
4,RSU1P2 (100133308)_damaging,0.00019713258952142208
4,WDFY4 (57705)_damaging,0.00021939000792005884
4,C10orf71 (118461)_damaging,5.0455763267908015e-05
4,ERCC6 (2074)_damaging,0.0
4,PCDH15 (65217)_damaging,0.0026257834830503593
4,ANK3 (288)_damaging,0.00030746292892438424
4,ARID5B (84159)_damaging,0.0
4,JMJD1C (221037)_damaging,0.0
4,CTNNA3 (29119)_damaging,5.407182070357514e-05
4,CDH23 (64072)_damaging,0.0005394827978219697
4,ZMIZ1 (57178)_damaging,7.382434194497482e-05
4,WAPL (23063)_damaging,0.0
4,PTEN (5728)_damaging,0.005463583088022588
4,SLC16A12 (387700)_damaging,8.889796261556762e-05
4,KIF20B (9585)_damaging,4.6289182106487784e-05
4,MYOF (26509)_damaging,0.00014126909971173173
4,PLCE1 (51196)_damaging,3.6940168845729555e-05
4,ZNF518A (9849)_damaging,4.229517606686722e-05
4,LCOR (84458)_damaging,0.00010229386388439077
4,SLIT1 (6585)_damaging,1.688946219796127e-05
4,PAX2 (5076)_damaging,0.0
4,SLF2 (55719)_damaging,0.0001937415217098839
4,PPRC1 (23082)_damaging,0.0011167147793287732
4,NOLC1 (9221)_damaging,0.001076840614744255
4,PSD (5662)_damaging,7.345969937981498e-05
4,CNNM2 (54805)_damaging,0.00023545173094960457
4,PDCD11 (22984)_damaging,0.0005973996092576832
4,SH3PXD2A (9644)_damaging,8.59400662303726e-05
4,SLK (9748)_damaging,0.0016400324192384973
4,SORCS3 (22986)_damaging,7.56733983872434e-05
4,SORCS1 (114815)_damaging,5.783081002979187e-05
4,SMC3 (9126)_damaging,0.002314035942114872
4,TCF7L2 (6934)_damaging,0.00014634813518927842
4,ATRNL1 (26033)_damaging,0.0006061023661674851
4,PDZD8 (118987)_damaging,0.00010426787657936218
4,TACC2 (10579)_damaging,0.0001251031343212639
4,DMBT1 (1755)_damaging,8.837453595685089e-05
4,DOCK1 (1793)_damaging,0.0
4,MKI67 (4288)_damaging,0.0020440152754637817
4,JAKMIP3 (282973)_damaging,0.005487857572701672
4,CFAP46 (54777)_damaging,0.000779446639659624
4,B4GALNT4 (338707)_damaging,0.00010926523867052629
4,PKP3 (11187)_damaging,0.00027482901734433125
4,PHRF1 (57661)_damaging,0.00019303152546876483
4,MUC5AC (4586)_damaging,0.0003982887710685843
4,MUC5B (727897)_damaging,7.721151413147104e-05
4,BRSK2 (9024)_damaging,0.00014430499952447983
4,KCNQ1 (3784)_damaging,0.0
4,NUP98 (4928)_damaging,0.00013445308320483832
4,DCHS1 (8642)_damaging,4.101856643877734e-05
4,IPO7 (10527)_damaging,4.660742439232796e-05
4,SBF2 (81846)_damaging,0.0009834423493172502
4,MICAL2 (9645)_damaging,2.802146570085603e-05
4,PLEKHA7 (144100)_damaging,0.0
4,ABCC8 (6833)_damaging,0.0002666853205554994
4,OTOG (340990)_damaging,0.00013516576379807814
4,HPS5 (11234)_damaging,0.0
4,NAV2 (89797)_damaging,0.00010609511449499391
4,ANO3 (63982)_damaging,0.00010169426012031521
4,DCDC1 (341019)_damaging,0.0003047401881213445
4,CCDC73 (493860)_damaging,0.000201879850637295
4,QSER1 (79832)_damaging,9.714400745566968e-05
4,CSTF3 (1479)_damaging,0.0
4,HIPK3 (10114)_damaging,0.00037689352184549975
4,KIAA1549L (25758)_damaging,0.0
4,LRP4 (4038)_damaging,0.0
4,FOLH1 (2346)_damaging,0.0
4,OR4P4 (81300)_damaging,4.6177462462712284e-07
4,TNKS1BP1 (85456)_damaging,0.0
4,CTNND1 (1500)_damaging,0.00012474256190035725
4,DTX4 (23220)_damaging,0.00014755846302379178
4,MYRF (745)_damaging,4.034947370220565e-05
4,AHNAK (79026)_damaging,0.0002765154401763476
4,SLC3A2 (6520)_damaging,0.0003066374083290586
4,NRXN2 (9379)_damaging,8.251738494575483e-05
4,MEN1 (4221)_damaging,4.9192374609296605e-05
4,ATG2A (23130)_damaging,6.148862407549349e-07
4,PCNX3 (399909)_damaging,0.0001446339004855353
4,RIN1 (9610)_damaging,0.0
4,SHANK2 (22941)_damaging,0.00034802320160581146
4,NUMA1 (4926)_damaging,5.924637217163635e-05
4,INPPL1 (3636)_damaging,0.0009679042605498346
4,ARHGEF17 (9828)_damaging,9.203574380945927e-05
4,C2CD3 (26005)_damaging,0.0
4,MYO7A (4647)_damaging,0.00012692788671410005
4,RSF1 (51773)_damaging,0.0003011359166332662
4,TENM4 (26011)_damaging,0.0005625702888115349
4,PCF11 (51585)_damaging,0.0
4,DLG2 (1740)_damaging,0.0004949659601035823
4,SYTL2 (54843)_damaging,0.00012146935773235841
4,FAT3 (120114)_damaging,0.0006109281663099969
4,CNTN5 (53942)_damaging,3.810612734524239e-05
4,CEP126 (57562)_damaging,0.0004629875084765991
4,MMP3 (4314)_damaging,0.0014197982878878868
4,MMP12 (4321)_damaging,0.0
4,DYNC2H1 (79659)_damaging,0.0017353516009416595
4,GRIA4 (2893)_damaging,4.3581536871962626e-05
4,NPAT (4863)_damaging,4.907334222978151e-05
4,ATM (472)_damaging,0.00046534922936987346
4,EXPH5 (23086)_damaging,0.0007077519167193379
4,NKAPD1 (55216)_damaging,0.00015121821729981554
4,NCAM1 (4684)_damaging,0.00021560234584059579
4,USP28 (57646)_damaging,0.00011260525069851652
4,KMT2A (4297)_damaging,0.000318501622726163
4,BCL9L (283149)_damaging,0.001582524305943644
4,HYOU1 (10525)_damaging,5.962365999606281e-05
4,MFRP (83552)_damaging,0.0
4,ARHGEF12 (23365)_damaging,0.00019449982139432934
4,TECTA (7007)_damaging,0.00027327418441403916
4,SORL1 (6653)_damaging,0.00029505310109509143
4,JHY (79864)_damaging,0.0002412063068280957
4,ROBO3 (64221)_damaging,0.00025260895647419605
4,CCDC15 (80071)_damaging,5.3249250648592266e-05
4,NFRKB (4798)_damaging,0.0002305373878601603
4,IGSF9B (22997)_damaging,0.0
4,GLB1L2 (89944)_damaging,0.00018268414316659602
4,LINC02714 (729305)_damaging,0.0005264732890028418
4,KDM5A (5927)_damaging,0.00014179951542725363
4,WNK1 (65125)_damaging,1.691474467334741e-05
4,CACNA1C (775)_damaging,0.0012120852246237852
4,VWF (7450)_damaging,7.819449432040873e-05
4,PLEKHG6 (55200)_damaging,0.00010017904737855844
4,CHD4 (1108)_damaging,0.0002462562031048008
4,ATN1 (1822)_damaging,0.0001486550913905029
4,A2ML1 (144568)_damaging,0.00016043501546481785
4,A2M (2)_damaging,0.000286157377529857
4,ATF7IP (55729)_damaging,1.3147804470033427e-05
4,GUCY2C (2984)_damaging,6.514535661174049e-05
4,PIK3C2G (5288)_damaging,0.0
4,SLCO1B3 (28234)_damaging,0.00013946322190410977
4,RECQL (5965)_damaging,0.0003627721581579123
4,ABCC9 (10060)_damaging,0.0009661989293675011
4,ITPR2 (3709)_damaging,0.00241713155562215
4,OVCH1 (341350)_damaging,0.0
4,KIF21A (55605)_damaging,8.183812664131115e-05
4,LRRK2 (120892)_damaging,0.00038289440188076467
4,MUC19 (283463)_damaging,0.013630477498323076
4,CNTN1 (1272)_damaging,3.296080038923442e-05
4,ADAMTS20 (80070)_damaging,0.000745550384290602
4,ARID2 (196528)_damaging,0.001006920295663189
4,HDAC7 (51564)_damaging,0.0003840173051689218
4,COL2A1 (1280)_damaging,0.0001995317419513698
4,WNT1 (7471)_damaging,0.0
4,KMT2D (8085)_damaging,0.0030058789569556827
4,NCKAP5L (57701)_damaging,0.0012400755137232356
4,SLC4A8 (9498)_damaging,0.0
4,TNS2 (23371)_damaging,0.0
4,MAP3K12 (7786)_damaging,0.00038882654913449395
4,ERBB3 (2065)_damaging,0.0001239372690231771
4,PAN2 (9924)_damaging,7.002991423435333e-05
4,STAT2 (6773)_damaging,0.0001119233259479312
4,NACA (4666)_damaging,0.0002517071403502861
4,MYO1A (4640)_damaging,0.00010230544935692923
4,LRP1 (4035)_damaging,0.0001186604855093304
4,GLI1 (2735)_damaging,0.00015714345908107374
4,MBD6 (114785)_damaging,0.00044176534743912873
4,MYRFL (196446)_damaging,0.0003074190140850248
4,PTPRB (5787)_damaging,0.001197590693617498
4,ZFC3H1 (196441)_damaging,0.0002508529481286577
4,E2F7 (144455)_damaging,2.151470249610591e-05
4,NAV3 (89795)_damaging,0.00033534607685531317
4,OTOGL (283310)_damaging,0.00011306384027110683
4,PTPRQ (374462)_damaging,0.0
4,PPFIA2 (8499)_damaging,4.7931790084619486e-05
4,LRRIQ1 (84125)_damaging,1.4282913985223991e-05
4,CEP290 (80184)_damaging,0.0005585438182403612
4,PLXNC1 (10154)_damaging,0.0
4,CFAP54 (144535)_damaging,0.0005257180177608428
4,ANKS1B (56899)_damaging,0.0
4,BLTP3B (23074)_damaging,7.012467668366945e-05
4,UTP20 (27340)_damaging,0.0001298752943624153
4,STAB2 (55576)_damaging,0.0005499296198891789
4,ALDH1L2 (160428)_damaging,3.468488833829693e-05
4,ACACB (32)_damaging,0.00012470628273384947
4,MVK (4598)_damaging,0.0
4,CUX2 (23316)_damaging,0.00037362772449939447
4,HECTD4 (283450)_damaging,3.485488523634467e-05
4,DTX1 (1840)_damaging,0.0
4,NOS1 (4842)_damaging,8.424020634195805e-05
4,CIT (11113)_damaging,0.0002065964841876637
4,HNF1A (6927)_damaging,0.00015254467176690787
4,KDM2B (84678)_damaging,6.98731991371933e-05
4,SETD1B (23067)_damaging,8.820425189755198e-05
4,KNTC1 (9735)_damaging,0.0
4,SBNO1 (55206)_damaging,0.0001805502562127125
4,DNAH10 (196385)_damaging,0.0008664966005346393
4,NCOR2 (9612)_damaging,6.86211459150689e-05
4,TMEM132D (121256)_damaging,0.00013839511222036173
4,RIMBP2 (23504)_damaging,0.0008655655260264253
4,SFSWAP (6433)_damaging,0.00013974658166878735
4,EP400 (57634)_damaging,0.0011179327857259022
4,P2RX2 (22953)_damaging,0.0
4,POLE (5426)_damaging,3.670655508166633e-05
4,GOLGA3 (2802)_damaging,1.0669637147194823e-06
4,SACS (26278)_damaging,0.00036749829174747255
4,RNF17 (56163)_damaging,0.00035961750877998246
4,CENPJ (55835)_damaging,7.829349918859266e-05
4,ATP8A2 (51761)_damaging,0.0002310661167461692
4,RXFP2 (122042)_damaging,0.00028740073452539525
4,FRY (10129)_damaging,0.0006252777691956953
4,BRCA2 (675)_damaging,0.0012780830810049093
4,PDS5B (23047)_damaging,0.005505341300015946
4,NBEA (26960)_damaging,0.00018101104484433895
4,FREM2 (341640)_damaging,0.00027680516336945276
4,DGKH (160851)_damaging,0.0050098855311345005
4,ZC3H13 (23091)_damaging,7.122154367434224e-05
4,RB1 (5925)_damaging,0.021984072473835176
4,PCDH17 (27253)_damaging,9.308560231736163e-05
4,DACH1 (1602)_damaging,7.402873641083276e-05
4,DIS3 (22894)_damaging,0.0005256644110856156
4,MYCBP2 (23077)_damaging,0.0008578406691421612
4,SLITRK5 (26050)_damaging,2.2230635282739905e-05
4,DOCK9 (23348)_damaging,0.0
4,NALCN (259232)_damaging,0.0008002492249816881
4,CCDC168 (643677)_damaging,0.0005211357944620473
4,MYO16 (23026)_damaging,0.0005007375088291962
4,COL4A1 (1282)_damaging,0.0
4,COL4A2 (1284)_damaging,0.0007314755789907018
4,OR4K5 (79317)_damaging,0.000108651329321559
4,TEP1 (7011)_damaging,5.916698838759456e-05
4,ARHGEF40 (55701)_damaging,9.964278487710625e-05
4,CHD8 (57680)_damaging,0.0004607969282773485
4,AJUBA (84962)_damaging,0.0031817288836880004
4,ACIN1 (22985)_damaging,8.085012007182276e-05
4,MYH7 (4625)_damaging,0.0008176227179560397
4,CARMIL3 (90668)_damaging,5.846305471509297e-05
4,NYNRIN (57523)_damaging,0.0
4,HECTD1 (25831)_damaging,0.0
4,ARHGAP5 (394)_damaging,6.489450705054567e-05
4,AKAP6 (9472)_damaging,0.00019516045299519154
4,NPAS3 (64067)_damaging,0.0
4,RALGAPA1 (253959)_damaging,0.0002282110287779809
4,TTC6 (319089)_damaging,0.00023635738120298723
4,MIA2 (4253)_damaging,6.627525450309302e-05
4,TOGARAM1 (23116)_damaging,0.00012561900610242024
4,FANCM (57697)_damaging,0.00025307286227946785
4,NIN (51199)_damaging,4.181623333423461e-05
4,NID2 (22795)_damaging,6.36360527079754e-05
4,KTN1 (3895)_damaging,0.0002064993971423802
4,ARID4A (5926)_damaging,2.329895498996538e-05
4,KCNH5 (27133)_damaging,0.0
4,SYNE2 (23224)_damaging,0.0009742539875664378
4,PCNX1 (22990)_damaging,0.00010723181317141226
4,MIDEAS (91748)_damaging,3.104818345499983e-05
4,YLPM1 (56252)_damaging,0.00032915970824547126
4,MLH3 (27030)_damaging,0.00036435844792081986
4,NRXN3 (9369)_damaging,0.00037214553533086123
4,CEP128 (145508)_damaging,0.00017206820704925352
4,PTPN21 (11099)_damaging,0.0
4,ZC3H14 (79882)_damaging,0.00012461080764154898
4,EML5 (161436)_damaging,4.731123006639033e-05
4,TRIP11 (9321)_damaging,0.00010531912038929028
4,UNC79 (57578)_damaging,0.0016297738396814092
4,ATG2B (55102)_damaging,4.3741394095650075e-05
4,RTL1 (388015)_damaging,6.303476672371886e-05
4,DYNC1H1 (1778)_damaging,3.4879193341058084e-05
4,KIF26A (26153)_damaging,9.1703482846947e-05
4,INF2 (64423)_damaging,3.519333040574432e-05
4,AHNAK2 (113146)_damaging,0.0019729859289804737
4,MTA1 (9112)_damaging,0.0
4,HERC2 (8924)_damaging,7.436096380439384e-05
4,TRPM1 (4308)_damaging,8.094488357857804e-06
4,FMN1 (342184)_damaging,0.00023061668660314974
4,RYR3 (6263)_damaging,0.0006943138505955534
4,SPRED1 (161742)_damaging,7.639563012378444e-05
4,CCDC9B (388115)_damaging,2.5104233634351824e-05
4,INO80 (54617)_damaging,0.0
4,LTK (4058)_damaging,4.688784421178615e-06
4,TYRO3 (7301)_damaging,0.0009309971593474731
4,MGA (23269)_damaging,0.0015119225384358646
4,SPTBN5 (51332)_damaging,0.0013500330703616233
4,ZNF106 (64397)_damaging,0.0013050713771388554
4,STARD9 (57519)_damaging,0.00041790047478428754
4,UBR1 (197131)_damaging,0.00016809509021861518
4,TP53BP1 (7158)_damaging,0.0008304399260788834
4,MAP1A (4130)_damaging,0.00024368300388538753
4,SPG11 (80208)_damaging,0.00013305569247366896
4,B2M (567)_damaging,0.00016772667160451393
4,FBN1 (2200)_damaging,0.00040589895702636486
4,USP8 (9101)_damaging,0.0
4,TRPM7 (54822)_damaging,0.00010771125365572784
4,AP4E1 (23431)_damaging,0.0
4,DMXL2 (23312)_damaging,1.064330933109902e-05
4,MYO5C (55930)_damaging,0.0
4,UNC13C (440279)_damaging,0.001169563559719278
4,RFX7 (64864)_damaging,0.0002633297126099322
4,RNF111 (54778)_damaging,0.0
4,ICE2 (79664)_damaging,8.27750389361992e-05
4,VPS13C (54832)_damaging,0.00021067647060068676
4,TLN2 (83660)_damaging,0.0
4,HERC1 (8925)_damaging,0.005781924738707341
4,ZNF609 (23060)_damaging,0.0019287106960278993
4,MEGF11 (84465)_damaging,0.00012381669572641407
4,NOX5 (79400)_damaging,0.0
4,MYO9A (4649)_damaging,2.2058497074304906e-05
4,HCN4 (10021)_damaging,9.171297534685583e-05
4,SIN3A (25942)_damaging,0.0015686947833649105
4,ADAMTSL3 (57188)_damaging,2.49668338889645e-05
4,AKAP13 (11214)_damaging,4.751074879785299e-05
4,AGBL1 (123624)_damaging,6.230303284163588e-05
4,TICRR (90381)_damaging,0.0001497135574722972
4,KIF7 (374654)_damaging,5.2790928434005757e-05
4,IQGAP1 (8826)_damaging,3.4960258695393257e-05
4,BLM (641)_damaging,0.00027455417255691227
4,FES (2242)_damaging,0.0005688484585795636
4,CHD2 (1106)_damaging,0.00019315202530252544
4,LRRK1 (79705)_damaging,0.00026479083005037364
4,AXIN1 (8312)_damaging,0.0003152393639788308
4,CACNA1H (8912)_damaging,0.0
4,UNKL (64718)_damaging,2.9700920702527768e-05
4,TSC2 (7249)_damaging,0.0004267525053823519
4,PKD1 (5310)_damaging,0.0007205927756165078
4,CASKIN1 (57524)_damaging,0.0
4,SLX4 (84464)_damaging,0.00013849782944825282
4,CREBBP (1387)_damaging,0.007650873701880328
4,SEC14L5 (9717)_damaging,0.0
4,GRIN2A (2903)_damaging,0.0005564608716698321
4,KNOP1 (400506)_damaging,0.0016632960025800502
4,DNAH3 (55567)_damaging,0.00047768899181084676
4,SCNN1B (6338)_damaging,0.0002436211263818613
4,PALB2 (79728)_damaging,0.00022240417351559243
4,ERN2 (10595)_damaging,0.0
4,RBBP6 (5930)_damaging,0.0
4,TNRC6A (27327)_damaging,0.0006355417718247131
4,ARHGAP17 (55114)_damaging,0.0004903914341947479
4,GTF3C1 (2975)_damaging,0.0
4,ATXN2L (11273)_damaging,0.0
4,SH2B1 (25970)_damaging,0.0
4,ITGAL (3683)_damaging,0.0
4,PRR14 (78994)_damaging,0.0005345652831455747
4,FBRS (64319)_damaging,3.592236250947164e-05
4,SRCAP (10847)_damaging,0.0003365060209208182
4,SETD1A (9739)_damaging,3.1207696710351223e-06
4,ZNF668 (79759)_damaging,0.0005937939081452798
4,ITGAM (3684)_damaging,7.234567749614244e-05
4,ITGAD (3681)_damaging,0.00011198930138220916
4,ABCC11 (85320)_damaging,0.0
4,SALL1 (6299)_damaging,0.0
4,CHD9 (80205)_damaging,0.00037077064417199724
4,RBL2 (5934)_damaging,0.0
4,NLRC5 (84166)_damaging,0.0004452488915069598
4,CTCF (10664)_damaging,0.0022806741849664878
4,CDH1 (999)_damaging,9.713203442968628e-05
4,MTSS2 (92154)_damaging,0.0
4,DHX38 (9785)_damaging,0.0002720554998008042
4,ZFHX3 (463)_damaging,0.0006635721367513982
4,CNTNAP4 (85445)_damaging,0.00011542182713703096
4,TAF1C (9013)_damaging,0.0
4,IRF8 (3394)_damaging,0.001076005060016115
4,ZNF469 (84627)_damaging,0.0
4,ZC3H18 (124245)_damaging,0.00012105071764827554
4,LINC02138 (400558)_damaging,0.003899926923722275
4,CDH15 (1013)_damaging,0.0001263991466073539
4,ANKRD11 (29123)_damaging,0.0010041141752534838
4,VPS9D1 (9605)_damaging,0.0
4,FANCA (2175)_damaging,0.0
4,CLUH (23277)_damaging,4.511295056005139e-05
4,SPATA22 (84690)_damaging,0.0024347632633344427
4,ZZEF1 (23140)_damaging,0.00032902108585088633
4,USP6 (9098)_damaging,0.0007519520550014617
4,GPS2 (2874)_damaging,0.00015393871595712098
4,FXR2 (9513)_damaging,0.0004896586302051498
4,TP53 (7157)_damaging,0.15079385068692727
4,EFNB3 (1949)_damaging,0.00011750546521753536
4,DNAH2 (146754)_damaging,5.254670304051797e-05
4,KDM6B (23135)_damaging,0.0008037015106555086
4,CHD3 (1107)_damaging,0.0
4,PER1 (5187)_damaging,5.3875528627585656e-05
4,PFAS (5198)_damaging,2.2087817177728748e-05
4,MYH13 (8735)_damaging,7.703844868983307e-05
4,MYH8 (4626)_damaging,0.0001184263483725844
4,MYH4 (4622)_damaging,4.596998569596809e-05
4,MYH1 (4619)_damaging,0.0010331796716465448
4,MYH2 (4620)_damaging,0.0006143695002812866
4,DNAH9 (1770)_damaging,0.00037779109292471695
4,MYOCD (93649)_damaging,0.0
4,NCOR1 (9611)_damaging,0.0003690789067857558
4,MPRIP (23164)_damaging,0.0
4,FLCN (201163)_damaging,2.5476200273838242e-05
4,MYO15A (51168)_damaging,0.00035517398578139615
4,TOP3A (7156)_damaging,0.00036921418059477896
4,SPECC1 (92521)_damaging,0.00017138319302141086
4,KSR1 (8844)_damaging,0.0
4,MYO18A (399687)_damaging,0.0003415952240008805
4,ANKRD13B (124930)_damaging,0.0
4,EFCAB5 (374786)_damaging,0.0001049145870743846
4,ATAD5 (79915)_damaging,0.00012506716674908928
4,NF1 (4763)_damaging,0.0015779424038767575
4,SUZ12 (23512)_damaging,9.214021594249606e-05
4,SLFN11 (91607)_damaging,0.00037995680009956807
4,ACACA (31)_damaging,0.00017081361938153623
4,GPR179 (440435)_damaging,0.0
4,SRCIN1 (80725)_damaging,0.0
4,CDK12 (51755)_damaging,0.00010369249072928652
4,TOP2A (7153)_damaging,0.00012937077802080866
4,KCNH4 (23415)_damaging,0.0
4,STAT5B (6777)_damaging,0.00019937724822194846
4,BRCA1 (672)_damaging,0.0018136520548948376
4,ITGA2B (3674)_damaging,0.00025737964567602243
4,KANSL1 (284058)_damaging,0.0008068469523200935
4,HOXB3 (3213)_damaging,0.00026279718690742405
4,COL1A1 (1277)_damaging,0.0015897308528081196
4,TSPOAP1 (9256)_damaging,0.0
4,RNF43 (54894)_damaging,0.0005047291018629694
4,CLTC (1213)_damaging,5.812441038271544e-05
4,PPM1D (8493)_damaging,0.00012747211780104152
4,TBX4 (9496)_damaging,9.420221958427709e-05
4,MED13 (9969)_damaging,0.0
4,MRC2 (9902)_damaging,0.00017271566610325284
4,SCN4A (6329)_damaging,0.0
4,GNA13 (10672)_damaging,0.0020182574881828595
4,AXIN2 (8313)_damaging,0.0
4,NOL11 (25926)_damaging,0.0
4,BPTF (2186)_damaging,7.398113005613189e-05
4,ABCA8 (10351)_damaging,0.0
4,ABCA9 (10350)_damaging,0.00019504888398798754
4,ABCA6 (23460)_damaging,0.00011316331477681427
4,ABCA10 (10349)_damaging,5.3020123517053326e-05
4,ABCA5 (23461)_damaging,3.560912362248035e-05
4,SOX9 (6662)_damaging,0.0
4,SDK2 (54549)_damaging,0.000368283461595054
4,TMEM94 (9772)_damaging,0.00010081025744546233
4,MYO15B (80022)_damaging,0.0005661391368414008
4,ITGB4 (3691)_damaging,1.3488520041058182e-05
4,EVPL (2125)_damaging,0.0
4,SPHK1 (8877)_damaging,0.0001703628465818486
4,TNRC6C (57690)_damaging,0.0015285508127245956
4,DNAH17 (8632)_damaging,0.00011176389311753972
4,RNF213 (57674)_damaging,5.326026567379552e-05
4,BAHCC1 (57597)_damaging,0.0015917822506746535
4,FASN (2194)_damaging,0.00014001631523946297
4,NARF (26502)_damaging,0.00028914129096116583
4,SMCHD1 (23347)_damaging,0.0004558173965207987
4,EPB41L3 (23136)_damaging,0.00022714447166251084
4,LAMA1 (284217)_damaging,0.0002818244691695776
4,MTCL1 (23255)_damaging,0.0
4,ANKRD12 (23253)_damaging,0.0
4,PIEZO2 (63895)_damaging,0.0001522753779946648
4,ANKRD30B (374860)_damaging,0.0001064383838789013
4,ROCK1 (6093)_damaging,0.0
4,ESCO1 (114799)_damaging,0.00010063219030250715
4,LAMA3 (3909)_damaging,0.00021948395080517502
4,OSBPL1A (114876)_damaging,0.0
4,CCDC178 (374864)_damaging,0.0
4,ASXL3 (80816)_damaging,0.00041644150096380693
4,FHOD3 (80206)_damaging,0.00043995325837903766
4,SETBP1 (26040)_damaging,0.0021783601254609284
4,EPG5 (57724)_damaging,3.752400705148414e-05
4,LOXHD1 (125336)_damaging,0.0013962114702570714
4,SKOR2 (652991)_damaging,0.00021151671579945514
4,ZBTB7C (201501)_damaging,1.3050205141582785e-05
4,SMAD4 (4089)_damaging,0.005826544038854501
4,DCC (1630)_damaging,0.0004671444366294455
4,ALPK2 (115701)_damaging,0.0
4,CDH7 (1005)_damaging,8.868050024935457e-05
4,RTTN (25914)_damaging,0.00011911915183102483
4,ZNF236 (7776)_damaging,2.746528076694512e-05
4,SALL3 (27164)_damaging,0.0
4,ATP9B (374868)_damaging,0.00017201751240768028
4,NFATC1 (4772)_damaging,7.847352428165698e-05
4,KCNG2 (26251)_damaging,0.00039939129687194426
4,ABCA7 (10347)_damaging,0.0002267465375122858
4,STK11 (6794)_damaging,0.0067810950651555554
4,TCF3 (6929)_damaging,0.0
4,REXO1 (57455)_damaging,4.350626995882594e-05
4,DOT1L (84444)_damaging,4.563881875191429e-05
4,ZBTB7A (51341)_damaging,0.0005170184413866236
4,TICAM1 (148022)_damaging,0.0
4,KDM4B (23030)_damaging,0.00015193972139025108
4,PTPRS (5802)_damaging,0.0018292006338622075
4,SAFB2 (9667)_damaging,0.000668141337372671
4,SAFB (6294)_damaging,0.0001194514875249634
4,CAMSAP3 (57662)_damaging,8.92009262541881e-05
4,FBN3 (84467)_damaging,0.0002675739458177651
4,MUC16 (94025)_damaging,0.002434116333382126
4,COL5A3 (50509)_damaging,0.00024742982908376645
4,DNMT1 (1786)_damaging,2.2254812490304403e-05
4,KEAP1 (9817)_damaging,0.0017988082810633803
4,DNM2 (1785)_damaging,0.0004370529996038745
4,SMARCA4 (6597)_damaging,0.009805347095910443
4,MAST1 (22983)_damaging,0.0
4,CACNA1A (773)_damaging,0.0020775826594626057
4,NOTCH3 (4854)_damaging,0.0005207651297437818
4,WIZ (58525)_damaging,0.0
4,SIN3B (23309)_damaging,0.0
4,CPAMD8 (27151)_damaging,0.0022952749371019797
4,ZNF90 (7643)_damaging,0.00015742579439296354
4,ZNF429 (353088)_damaging,0.00012244015848465061
4,ZNF208 (7757)_damaging,0.0003904088314099926
4,ZNF729 (100287226)_damaging,0.0002511536791957994
4,ZNF99 (7652)_damaging,0.0006027402440096498
4,ZNF91 (7644)_damaging,2.5253546888452835e-05
4,ZNF536 (9745)_damaging,0.0002814788489615036
4,TSHZ3 (57616)_damaging,0.0
4,KMT2B (9757)_damaging,0.0030300232400239132
4,ARHGAP33 (115703)_damaging,1.8326315924967783e-05
4,WDR87 (83889)_damaging,0.00020482051978878705
4,SIPA1L3 (23094)_damaging,0.0
4,RYR1 (6261)_damaging,0.0007824489501995066
4,CAPN12 (147968)_damaging,0.00032605678064479763
4,FCGBP (8857)_damaging,0.001110200545578882
4,PRX (57716)_damaging,9.406062247115693e-05
4,SPTBN4 (57731)_damaging,4.302550389404053e-05
4,AXL (558)_damaging,0.0
4,ERF (2077)_damaging,0.0004512353172962126
4,CIC (23152)_damaging,0.0007059282507335034
4,MEGF8 (1954)_damaging,0.00024131131331072027
4,ARHGAP35 (2909)_damaging,0.000256158558629556
4,BICRA (29998)_damaging,0.00016627563476126017
4,LMTK3 (114783)_damaging,0.0006786573736369918
4,TRPM4 (54795)_damaging,0.0
4,TEAD2 (8463)_damaging,0.00011794046124031977
4,PRR12 (57479)_damaging,0.00011667496485330114
4,SCAF1 (58506)_damaging,0.0
4,MYH14 (79784)_damaging,0.0
4,POLD1 (5424)_damaging,5.1043013124057165e-05
4,SHANK1 (50944)_damaging,9.371622991885825e-05
4,BRSK1 (84446)_damaging,0.0018647104504708647
4,SSC5D (284297)_damaging,3.2486742780354626e-05
4,NLRP4 (147945)_damaging,0.0007949614204448033
4,PEG3 (5178)_damaging,0.00031107063767933397
4,ZIM3 (114026)_damaging,0.0
4,TPO (7173)_damaging,3.412895879752089e-05
4,PXDN (7837)_damaging,0.0
4,MYT1L (23040)_damaging,4.610546635521015e-05
4,ROCK2 (9475)_damaging,6.563550835608385e-05
4,GREB1 (9687)_damaging,7.184638133474655e-05
4,NBAS (51594)_damaging,0.00032834031122345965
4,RAD51AP2 (729475)_damaging,0.00013139447398769874
4,APOB (338)_damaging,0.0006567727700322767
4,TDRD15 (100129278)_damaging,0.00027759806258030546
4,ATAD2B (54454)_damaging,4.904341975425335e-05
4,ITSN2 (50618)_damaging,5.4399544850289206e-05
4,DNMT3A (1788)_damaging,0.0004073146758629233
4,ASXL2 (55252)_damaging,0.00019210147446931846
4,OTOF (9381)_damaging,0.0
4,EMILIN1 (11117)_damaging,0.0
4,CAD (790)_damaging,0.0
4,IFT172 (26160)_damaging,0.00013281288761103968
4,SPATA31H1 (84226)_damaging,0.004381474303286101
4,ALK (238)_damaging,0.0
4,BIRC6 (57448)_damaging,0.00043574423547011217
4,HEATR5B (54497)_damaging,0.0
4,ZFP36L2 (678)_damaging,0.0001802366090055011
4,THADA (63892)_damaging,0.0
4,MSH2 (4436)_damaging,0.00033630031529853944
4,MSH6 (2956)_damaging,0.0007232396931599835
4,NRXN1 (9378)_damaging,0.0007737704178506964
4,SPTBN1 (6711)_damaging,0.0
4,EML6 (400954)_damaging,0.00017995134736773825
4,CCDC88A (55704)_damaging,0.00022727771018025595
4,USP34 (9736)_damaging,0.0007356521502269657
4,C2orf42 (54980)_damaging,0.00012849296707566083
4,ZNF638 (27332)_damaging,0.00011977686563790938
4,DYSF (8291)_damaging,0.0009482954494115431
4,ALMS1 (7840)_damaging,0.000597526510195931
4,LOXL3 (84695)_damaging,0.0
4,CTNNA2 (1496)_damaging,0.0004954969777582759
4,DNAH6 (1768)_damaging,0.0007599015822522394
4,ANKRD36C (400986)_damaging,2.768628586865251e-05
4,TMEM131 (23505)_damaging,1.547351529014524e-05
4,VWA3B (200403)_damaging,1.4064161047459868e-05
4,CRACDL (343990)_damaging,4.075664899835207e-05
4,EIF5B (9669)_damaging,0.00010470151784470372
4,AFF3 (3899)_damaging,3.438113711640127e-05
4,SLC5A7 (60482)_damaging,0.0
4,DPP10 (57628)_damaging,0.00022072099245919825
4,MARCO (8685)_damaging,2.2763565175213184e-05
4,EPB41L5 (57669)_damaging,0.0
4,CLASP1 (23332)_damaging,3.7580968325897055e-05
4,CNTNAP5 (129684)_damaging,0.00015033387166020652
4,UGGT1 (56886)_damaging,7.268264132854033e-05
4,ARHGEF4 (50649)_damaging,0.0004522891946243836
4,NCKAP5 (344148)_damaging,0.0002218644148383987
4,THSD7B (80731)_damaging,0.00032825348947836716
4,LRP1B (53353)_damaging,0.0023242074517416567
4,ZEB2 (9839)_damaging,0.00013726520099580485
4,ACVR2A (92)_damaging,0.001010045043557293
4,ORC4 (5000)_damaging,0.0
4,KIF5C (3800)_damaging,6.836655490725876e-05
4,RIF1 (55183)_damaging,0.0
4,NEB (4703)_damaging,0.0014586325153267213
4,TANC1 (85461)_damaging,1.0532688022118025e-07
4,BAZ2B (29994)_damaging,0.00043674942097077224
4,LY75 (4065)_damaging,0.00023119621374171197
4,PLA2R1 (22925)_damaging,0.00033821890845447304
4,SLC4A10 (57282)_damaging,2.8728992371233287e-05
4,KCNH7 (90134)_damaging,0.00016974591317801723
4,FIGN (55137)_damaging,0.0
4,SCN3A (6328)_damaging,0.0
4,SCN2A (6326)_damaging,0.0005940587949960613
4,TTC21B (79809)_damaging,5.5976798911738936e-05
4,SCN1A (6323)_damaging,1.7437555194352005e-05
4,SCN9A (6335)_damaging,0.0004610858331848196
4,SCN7A (6332)_damaging,0.00014272731398785895
4,XIRP2 (129446)_damaging,0.0035363330783120513
4,LRP2 (4036)_damaging,0.0009452327978859026
4,KLHL41 (10324)_damaging,0.00014669602697556176
4,PPIG (9360)_damaging,0.0003162256298893024
4,MYO3B (140469)_damaging,0.0
4,GPR155 (151556)_damaging,0.0014414512778462647
4,HOXD11 (3237)_damaging,0.0
4,TTN (7273)_damaging,0.0030831071295245997
4,CCDC141 (285025)_damaging,3.4336045337889555e-05
4,ITGA4 (3676)_damaging,0.00039758734006541336
4,FSIP2 (401024)_damaging,0.0016723181251314771
4,COL3A1 (1281)_damaging,5.790470736067252e-06
4,COL5A2 (1290)_damaging,0.0008396243213943425
4,ANKAR (150709)_damaging,0.00010471044157858791
4,MYO1B (4430)_damaging,0.0
4,DNAH7 (56171)_damaging,0.002230861295549819
4,HECW2 (57520)_damaging,5.3015931356733984e-05
4,PLCL1 (5334)_damaging,7.119615702606155e-05
4,SGO2 (151246)_damaging,5.146328351627899e-05
4,AOX1 (316)_damaging,0.0005235745718944493
4,CASP8 (841)_damaging,0.00019531915053120586
4,C2CD6 (151254)_damaging,0.0
4,NOP58 (51602)_damaging,0.0
4,BMPR2 (659)_damaging,6.807924342279509e-05
4,NBEAL1 (65065)_damaging,0.00022063808492557788
4,PARD3B (117583)_damaging,0.0
4,INO80D (54891)_damaging,0.0008019863209679436
4,ZDBF2 (57683)_damaging,0.00024675249431278817
4,ADAM23 (8745)_damaging,2.1563194102213486e-05
4,MAP2 (4133)_damaging,0.00037932589260507955
4,UNC80 (285175)_damaging,0.0025481941870100482
4,KANSL1L (151050)_damaging,0.00011725527306243752
4,CPS1 (1373)_damaging,0.00030875656593950195
4,ERBB4 (2066)_damaging,7.078767873760233e-05
4,ABCA12 (26154)_damaging,0.0015537616272379461
4,FN1 (2335)_damaging,3.50148457087537e-05
4,TNS1 (7145)_damaging,0.0
4,CFAP65 (255101)_damaging,0.0002815396866210901
4,SPEG (10290)_damaging,0.0008307363132915681
4,OBSL1 (23363)_damaging,6.999085724996177e-05
4,SLC4A3 (6508)_damaging,4.2535644209034884e-05
4,DOCK10 (55619)_damaging,0.00015938204805860507
4,NYAP2 (57624)_damaging,0.0
4,IRS1 (3667)_damaging,8.578105284062634e-05
4,COL4A4 (1286)_damaging,0.00011087090456122195
4,SPHKAP (80309)_damaging,0.0
4,TRIP12 (9320)_damaging,0.0
4,COL6A3 (1293)_damaging,0.00021162583020381662
4,RBM44 (375316)_damaging,0.0
4,HDAC4 (9759)_damaging,8.501848138250317e-05
4,KIF1A (547)_damaging,1.1456064555203683e-05
4,CROCC2 (728763)_damaging,1.673435116290069e-05
4,PASK (23178)_damaging,0.00022345423206187999
4,TGM6 (343641)_damaging,0.0001297420848002142
4,FASTKD5 (60493)_damaging,0.0
4,SLC4A11 (83959)_damaging,3.8252184557691855e-05
4,PLCB4 (5332)_damaging,0.0006004963831402306
4,RRBP1 (6238)_damaging,0.0
4,CFAP61 (26074)_damaging,0.0001730730192925965
4,RALGAPA2 (57186)_damaging,4.815409634546172e-05
4,CD93 (22918)_damaging,0.0
4,ASXL1 (171023)_damaging,0.0013132484258727634
4,NCOA6 (23054)_damaging,0.0012218960973042988
4,MYH7B (57644)_damaging,0.0003471788754930811
4,KIAA1755 (85449)_damaging,4.49465765337947e-05
4,RALGAPB (57148)_damaging,0.00024046760451527216
4,CHD6 (84181)_damaging,4.2890048831072626e-05
4,PTPRT (11122)_damaging,0.0020035339414211303
4,NCOA3 (8202)_damaging,3.7720850739539203e-06
4,DDX27 (55661)_damaging,0.0002484431375875249
4,KCNB1 (3745)_damaging,0.00022301879699260506
4,TSHZ2 (128553)_damaging,0.0
4,GNAS (2778)_damaging,0.0
4,ZNF831 (128611)_damaging,0.000854651462530413
4,SYCP2 (10388)_damaging,0.0003267805258356407
4,LAMA5 (3911)_damaging,0.001486814180692518
4,DIDO1 (11083)_damaging,4.905937126455364e-05
4,COL20A1 (57642)_damaging,5.317758508403243e-05
4,HELZ2 (85441)_damaging,0.0002656372976143528
4,TPTE (7179)_damaging,0.00023980106130822682
4,NRIP1 (8204)_damaging,0.0006707824673439049
4,LTN1 (26046)_damaging,0.0
4,USP16 (10600)_damaging,0.0
4,SCAF4 (57466)_damaging,0.0031921741049903197
4,ITSN1 (6453)_damaging,0.0005704704108586518
4,RUNX1 (861)_damaging,0.00042602704247469525
4,DOP1B (9980)_damaging,3.6263816063276824e-05
4,BRWD1 (54014)_damaging,5.1628552695333417e-05
4,DSCAM (1826)_damaging,0.0007379214342105033
4,ZBTB21 (49854)_damaging,0.0003989091760130647
4,NDUFV3 (4731)_damaging,9.487997706106581e-05
4,TRPM2 (7226)_damaging,0.00015142010650576844
4,COL18A1 (80781)_damaging,0.0010839161840767878
4,COL6A1 (1291)_damaging,2.4970307769600325e-05
4,PCNT (5116)_damaging,8.770250806524993e-05
4,CECR2 (27443)_damaging,0.0
4,ZDHHC8 (29801)_damaging,0.0
4,MED15 (51586)_damaging,0.00029032010866308265
4,LZTR1 (8216)_damaging,0.0011676698100072447
4,SMARCB1 (6598)_damaging,0.0004986353656526452
4,MYO18B (84700)_damaging,0.00010736414203347877
4,MN1 (4330)_damaging,0.0001239821688874728
4,TTC28 (23331)_damaging,0.0
4,CHEK2 (11200)_damaging,0.000587414874103503
4,NF2 (4771)_damaging,0.009063012333144644
4,PRR14L (253143)_damaging,3.625120103725059e-05
4,DEPDC5 (9681)_damaging,6.723604236482124e-05
4,RTCB (51493)_damaging,0.0
4,MYH9 (4627)_damaging,0.0034053797394492666
4,CSF2RB (1439)_damaging,0.0006645241984332271
4,TRIOBP (11078)_damaging,0.0005646367802635564
4,CACNA1I (8911)_damaging,0.0018679756374603972
4,TNRC6B (23112)_damaging,0.0
4,EP300 (2033)_damaging,0.004829580185905017
4,ZC3H7B (23264)_damaging,0.00015881529582020986
4,TCF20 (6942)_damaging,0.0
4,SMC1B (27127)_damaging,0.0005048743891097707
4,PKDREJ (10343)_damaging,0.0
4,CELSR1 (9620)_damaging,0.0
4,PLXNB2 (23654)_damaging,0.0062864718469402385
4,PPP6R2 (9701)_damaging,0.00040317090180626904
4,SBF1 (6305)_damaging,0.00036056398403668254
4,CHL1 (10752)_damaging,0.0002749653647632446
4,CNTN6 (27255)_damaging,0.00019294201423811157
4,CNTN4 (152330)_damaging,0.0004544341496514468
4,GRM7 (2917)_damaging,0.00012555756346207527
4,SSUH2 (51066)_damaging,8.039230634406075e-05
4,VHL (7428)_damaging,0.00298456358602903
4,IQSEC1 (9922)_damaging,0.0
4,NR2C2 (7182)_damaging,0.0
4,KCNH8 (131096)_damaging,0.00015718608387026845
4,TGFBR2 (7048)_damaging,0.0003154078260252204
4,CLASP2 (23122)_damaging,2.4662542251304692e-05
4,TRANK1 (9881)_damaging,0.002400130421921846
4,MLH1 (4292)_damaging,0.0
4,GOLGA4 (2803)_damaging,0.0
4,SCN10A (6336)_damaging,0.0
4,SCN11A (11280)_damaging,0.0008216154636322277
4,TOPAZ1 (375337)_damaging,0.00018369873084447846
4,KIF15 (56992)_damaging,9.321781568754398e-06
4,SETD2 (29072)_damaging,0.0006661950192407616
4,PTPN23 (25930)_damaging,0.00025161614692930046
4,PLXNB1 (5364)_damaging,0.0009576993427253141
4,COL7A1 (1294)_damaging,0.00044921497264583337
4,CELSR3 (1951)_damaging,0.0
4,LAMB2 (3913)_damaging,0.00017404371051877484
4,RHOA (387)_damaging,2.8602804064012883e-05
4,BSN (8927)_damaging,0.00014702695295991535
4,RBM6 (10180)_damaging,8.840009938469276e-05
4,DOCK3 (1795)_damaging,0.0006493888609704766
4,DNAH1 (25981)_damaging,0.00027742309706948033
4,BAP1 (8314)_damaging,0.0005695817702106635
4,STAB1 (23166)_damaging,0.0006474285312644689
4,PBRM1 (55193)_damaging,0.0032942089804749216
4,DNAH12 (201625)_damaging,0.00012530450548799631
4,FLNB (2317)_damaging,0.0002593572161448664
4,PTPRG (5793)_damaging,4.507741242926446e-05
4,ATXN7 (6314)_damaging,3.361805261508186e-05
4,ADAMTS9 (56999)_damaging,5.106971745477557e-05
4,ROBO2 (6092)_damaging,0.00035501114259595167
4,ROBO1 (6091)_damaging,0.00021802916513614
4,EPHA3 (2042)_damaging,0.0003245788195191892
4,EPHA6 (285220)_damaging,0.0013225808239041138
4,CRYBG3 (131544)_damaging,8.145218405901078e-05
4,MYH15 (22989)_damaging,0.0004352730902726128
4,DZIP3 (9666)_damaging,0.0
4,MORC1 (27136)_damaging,0.0
4,NECTIN3 (25945)_damaging,0.00015410371448742677
4,ZBTB20 (26137)_damaging,0.0011035346822007048
4,POLQ (10721)_damaging,0.0001594378687580153
4,PARP14 (54625)_damaging,0.0
4,KALRN (8997)_damaging,0.002369181867438914
4,MBD4 (8930)_damaging,0.0004591814522533195
4,COL6A5 (256076)_damaging,0.00016537476706053684
4,DNAJC13 (23317)_damaging,1.830502066258092e-05
4,TOPBP1 (11073)_damaging,5.9039566868106805e-05
4,RASA2 (5922)_damaging,0.00014132118492275587
4,XRN1 (54464)_damaging,0.0
4,ATR (545)_damaging,0.0008643469915569121
4,HPS3 (84343)_damaging,1.4638127676248087e-06
4,MED12L (116931)_damaging,0.00011131130159342916
4,IGSF10 (285313)_damaging,0.00034856087959956797
4,ARHGEF26 (26084)_damaging,0.0
4,MME (4311)_damaging,0.00013183935099270245
4,SI (6476)_damaging,0.0003832836608984568
4,MECOM (2122)_damaging,7.484433603992457e-05
4,TNIK (23043)_damaging,0.0
4,SPATA16 (83893)_damaging,2.9944116494867135e-05
4,USP13 (8975)_damaging,0.000992779796712742
4,TTC14 (151613)_damaging,0.0
4,B3GNT5 (84002)_damaging,0.0
4,ABCC5 (10057)_damaging,0.0
4,MUC4 (4585)_damaging,0.0006161709054942068
4,GAK (2580)_damaging,7.986415397479706e-05
4,NSD2 (7468)_damaging,0.0010719113791479865
4,FAM193A (8603)_damaging,0.0
4,HTT (3064)_damaging,0.0
4,JAKMIP1 (152789)_damaging,0.0
4,UNC93B7 (100887746)_damaging,0.0006323870377013282
4,BOD1L1 (259282)_damaging,7.173324876814536e-05
4,CPEB2 (132864)_damaging,0.0
4,SLIT2 (9353)_damaging,6.958356085379049e-06
4,PCDH7 (5099)_damaging,0.00013324451757346456
4,ARAP2 (116984)_damaging,4.8066836944272625e-05
4,LIMCH1 (22998)_damaging,0.00033247636233041557
4,BEND4 (389206)_damaging,0.0011820196314033364
4,GABRG1 (2565)_damaging,4.8302167837732054e-05
4,CORIN (10699)_damaging,0.0001769722991865199
4,FRYL (285527)_damaging,6.82249852360419e-05
4,KDR (3791)_damaging,0.0007786547382248042
4,CRACD (57482)_damaging,0.0
4,ADGRL3 (23284)_damaging,0.00038620181056845076
4,EPHA5 (2044)_damaging,9.439862757624046e-05
4,CENPC (1060)_damaging,9.057646695754188e-05
4,ADAMTS3 (9508)_damaging,6.119693528049333e-05
4,SHROOM3 (57619)_damaging,0.0
4,FRAS1 (80144)_damaging,0.0001269860517307963
4,WDFY3 (23001)_damaging,0.00032592549465188957
4,PTPN13 (5783)_damaging,0.0003313215382515204
4,AFF1 (4299)_damaging,0.0
4,SMARCAD1 (56916)_damaging,1.2327727257732874e-05
4,UNC5C (8633)_damaging,0.0
4,CENPE (1062)_damaging,4.983873357472549e-05
4,TET2 (54790)_damaging,0.008478882465557417
4,TBCK (93627)_damaging,0.00033933391114617304
4,COL25A1 (84570)_damaging,3.621023443304181e-05
4,EGF (1950)_damaging,0.00010893121486989334
4,ZGRF1 (55345)_damaging,0.00010042817423228082
4,ANK2 (287)_damaging,0.00014842650540288863
4,BLTP1 (84162)_damaging,0.0008025461736395957
4,FAT4 (79633)_damaging,0.00017000597515007778
4,SCLT1 (132320)_damaging,0.00037937584993790743
4,PCDH10 (57575)_damaging,5.087465382154614e-05
4,NAA15 (80155)_damaging,5.496402194489793e-05
4,LRBA (987)_damaging,0.00017817104951502137
4,FBXW7 (55294)_damaging,0.0012382961912282366
4,FHDC1 (85462)_damaging,0.0004822822365208288
4,DCHS2 (54798)_damaging,4.609071298183261e-05
4,MAP9 (79884)_damaging,0.0
4,GRIA2 (2891)_damaging,4.164930541636945e-05
4,RXFP1 (59350)_damaging,1.409760885895842e-05
4,RAPGEF2 (9693)_damaging,3.202577984714557e-05
4,FSTL5 (56884)_damaging,7.638308657495172e-05
4,DDX60 (55601)_damaging,0.0
4,CLCN3 (1182)_damaging,5.0574425436284394e-05
4,WDR17 (116966)_damaging,0.0
4,TENM3 (55714)_damaging,0.00014145169744218052
4,WWC2 (80014)_damaging,0.0
4,SORBS2 (8470)_damaging,0.0
4,FAT1 (2195)_damaging,0.0035867991978235673
4,SDHA (6389)_damaging,0.0011845110135779782
4,SLC12A7 (10723)_damaging,0.0
4,ADAMTS16 (170690)_damaging,5.6811323814335536e-05
4,ICE1 (23379)_damaging,0.0
4,SEMA5A (9037)_damaging,5.88461375141828e-05
4,DNAH5 (1767)_damaging,0.0020269489339104028
4,TRIO (7204)_damaging,0.0006844404579835383
4,CDH18 (1016)_damaging,0.00011994737022909033
4,CDH12 (1010)_damaging,5.918746072690647e-05
4,PRDM9 (56979)_damaging,7.433921041396409e-05
4,CDH10 (1008)_damaging,0.0003289267058617627
4,CDH6 (1004)_damaging,6.93209795091385e-05
4,PDZD2 (23037)_damaging,0.0007831938849441318
4,ADAMTS12 (81792)_damaging,0.0004225032670109429
4,SPEF2 (79925)_damaging,0.0002531759394197813
4,NIPBL (25836)_damaging,0.00010411944907335695
4,CPLANE1 (65250)_damaging,8.90693324332395e-05
4,C7 (730)_damaging,5.380237236727024e-05
4,MROH2B (133558)_damaging,0.00024318333380747112
4,C6 (729)_damaging,0.0
4,HCN1 (348980)_damaging,0.0003141288685221795
4,DHX29 (54505)_damaging,0.0005461596559849455
4,PIK3R1 (5295)_damaging,0.0035461609807296442
4,RAD17 (5884)_damaging,0.0003960699112455263
4,BDP1 (55814)_damaging,0.00010695295128027663
4,MAP1B (4131)_damaging,0.00015157778277067322
4,ARHGEF28 (64283)_damaging,0.00040843338691608124
4,ANKRD31 (256006)_damaging,0.000409266324537015
4,IQGAP2 (10788)_damaging,0.0001150709968284501
4,AP3B1 (8546)_damaging,0.00024434248665996156
4,CMYA5 (202333)_damaging,0.000213590651157427
4,MSH3 (4437)_damaging,0.004365643054395485
4,VCAN (1462)_damaging,0.000524723803580655
4,RASA1 (5921)_damaging,0.0010910350002180753
4,ADGRV1 (84059)_damaging,0.0007385255435025484
4,MCTP1 (79772)_damaging,0.00045383856379454114
4,SKIC3 (9652)_damaging,9.168592657956282e-05
4,ARSK (153642)_damaging,1.9578431260270724e-05
4,APC (324)_damaging,0.004645865243258113
4,DMXL1 (1657)_damaging,0.0006357405683920846
4,ZNF608 (57507)_damaging,2.870353394457738e-05
4,FBN2 (2201)_damaging,0.00037724354843214126
4,SLC27A6 (28965)_damaging,0.0
4,ADAMTS19 (171019)_damaging,0.00014863872952561668
4,RAPGEF6 (51735)_damaging,0.0006195019884162914
4,FNIP1 (96459)_damaging,1.4125019265953024e-05
4,RAD50 (10111)_damaging,0.002707772242293255
4,SOWAHA (134548)_damaging,0.0002264632958393252
4,AFF4 (27125)_damaging,0.0
4,FSTL4 (23105)_damaging,2.896664347845513e-05
4,CDKL3 (51265)_damaging,7.614090944050713e-05
4,PITX1 (5307)_damaging,0.01230022795014431
4,LINC02900 (340073)_damaging,0.0067131428586767634
4,CTNNA1 (1495)_damaging,0.0015767311142177922
4,WDR55 (54853)_damaging,0.00029207136866751945
4,ARAP3 (64411)_damaging,0.0
4,NR3C1 (2908)_damaging,0.00015325324097882655
4,FAT2 (2196)_damaging,0.0007673236924402476
4,LARP1 (23367)_damaging,0.0015086116971691301
4,GEMIN5 (25929)_damaging,0.00015835381671041338
4,TIMD4 (91937)_damaging,0.0
4,PWWP2A (114825)_damaging,0.0
4,GABRG2 (2566)_damaging,5.370968842178644e-05
4,DOCK2 (1794)_damaging,0.0022307475686634427
4,NSD1 (64324)_damaging,0.00019297320651016697
4,FLT4 (2324)_damaging,0.00026178551495444123
4,DSP (1832)_damaging,0.00019142345858057765
4,HIVEP1 (3096)_damaging,0.0
4,JARID2 (3720)_damaging,0.00046968284194712006
4,ATXN1 (6310)_damaging,0.0
4,GABBR1 (2550)_damaging,0.000871566024118074
4,HLA-A (3105)_damaging,0.001144079217209771
4,PPP1R10 (5514)_damaging,0.0
4,MDC1 (9656)_damaging,0.0011645061077406892
4,HLA-C (3107)_damaging,0.00030934340451443395
4,HLA-B (3106)_damaging,0.0020887934727033615
4,PRRC2A (7916)_damaging,0.0005827638102381497
4,BAG6 (7917)_damaging,0.00021997391777332
4,TNXB (7148)_damaging,0.0002114067551634826
4,NOTCH4 (4855)_damaging,0.00034886212639987464
4,COL11A2 (1302)_damaging,4.871929145321151e-07
4,ITPR3 (3710)_damaging,0.0002309232764608727
4,BLTP3A (54887)_damaging,5.146841315036033e-05
4,DNAH8 (1769)_damaging,0.0010859703574596174
4,CCND3 (896)_damaging,0.003410837346928325
4,ZNF318 (24149)_damaging,0.0
4,TDRD6 (221400)_damaging,0.0
4,MMUT (4594)_damaging,0.0
4,PKHD1 (5314)_damaging,0.0015429452004625352
4,FAM83B (222584)_damaging,0.0
4,DST (667)_damaging,0.0005671094347579822
4,PHF3 (23469)_damaging,0.0003803489968017221
4,EYS (346007)_damaging,0.0014193232239888645
4,ADGRB3 (577)_damaging,0.00022270289910670152
4,COL19A1 (1310)_damaging,1.6403736207309499e-06
4,COL9A1 (1297)_damaging,4.932786500072327e-05
4,RIMS1 (22999)_damaging,2.67007007211346e-05
4,COL12A1 (1303)_damaging,0.00010569992516111404
4,TTK (7272)_damaging,0.0003001481363184907
4,CEP162 (22832)_damaging,4.26535143801907e-05
4,ZNF292 (23036)_damaging,0.00041033011253917745
4,MDN1 (23195)_damaging,0.00018873266921625497
4,CASP8AP2 (9994)_damaging,0.0
4,BACH2 (60468)_damaging,1.887462715422442e-05
4,EPHA7 (2045)_damaging,0.0010916932892916429
4,MMS22L (253714)_damaging,0.0003457355722062076
4,PNISR (25957)_damaging,0.0
4,ASCC3 (10973)_damaging,0.0
4,AK9 (221264)_damaging,9.691612534750555e-05
4,REV3L (5980)_damaging,2.658588616671018e-07
4,HDAC2 (3066)_damaging,0.0005515050231882196
4,ROS1 (6098)_damaging,0.000991200328998236
4,TBC1D32 (221322)_damaging,0.00013903156453889452
4,TRDN (10345)_damaging,5.869995136130045e-05
4,MTCL3 (387104)_damaging,0.0
4,LAMA2 (3908)_damaging,9.839142793373104e-05
4,AKAP7 (9465)_damaging,0.0
4,MED23 (9439)_damaging,0.0003237980013037826
4,ARFGEF3 (57221)_damaging,0.00013394733793622039
4,ECT2L (345930)_damaging,0.0015924813525619633
4,HECA (51696)_damaging,5.5557072929590125e-05
4,ADGRG6 (57211)_damaging,3.9805921520641854e-05
4,HIVEP2 (3097)_damaging,0.0
4,UTRN (7402)_damaging,0.00010868715347442146
4,SHPRH (257218)_damaging,0.0
4,GRM1 (2911)_damaging,9.831130979749297e-05
4,ADGB (79747)_damaging,0.0002870865806843977
4,STXBP5 (134957)_damaging,0.0
4,AKAP12 (9590)_damaging,0.0
4,SYNE1 (23345)_damaging,0.002325205048073238
4,SCAF8 (22828)_damaging,0.0
4,ARID1B (57492)_damaging,0.0015761229074601516
4,FNDC1 (84624)_damaging,0.0
4,IGF2R (3482)_damaging,0.0
4,LPA (4018)_damaging,0.0001769351492971409
4,MAP3K4 (4216)_damaging,8.383121419682476e-05
4,QKI (9444)_damaging,0.001535351577661057
4,AFDN (4301)_damaging,2.012685989996109e-05
4,INTS1 (26173)_damaging,0.0
4,CARD11 (84433)_damaging,0.00017803627205443333
4,SDK1 (221935)_damaging,0.0
4,TNRC18 (84629)_damaging,0.0015573916552824275
4,PMS2 (5395)_damaging,0.000323513670084528
4,COL28A1 (340267)_damaging,0.0010281406445169093
4,THSD7A (221981)_damaging,5.428538770203608e-05
4,VWDE (221806)_damaging,0.00011584452369930023
4,AHR (196)_damaging,0.00047053783143044363
4,ABCB5 (340273)_damaging,0.0035776558647303497
4,DNAH11 (8701)_damaging,0.0006730671562344295
4,RAPGEF5 (9771)_damaging,0.00017028001009254754
4,STK31 (56164)_damaging,0.00015844650464763224
4,BBS9 (27241)_damaging,9.436299177033457e-05
4,CDK13 (8621)_damaging,0.0
4,GLI3 (2737)_damaging,0.0006542397824473822
4,AEBP1 (165)_damaging,9.260319471100706e-05
4,PKD1L1 (168507)_damaging,5.3683090289127695e-06
4,ABCA13 (154664)_damaging,0.004410578732364115
4,FIGNL1 (63979)_damaging,4.904256169741428e-05
4,EGFR (1956)_damaging,0.0001345655974813955
4,ZNF716 (441234)_damaging,0.00020034430839719868
4,ZNF735 (730291)_damaging,0.0
4,PTPN12 (5782)_damaging,0.0
4,MAGI2 (9863)_damaging,0.0
4,CD36 (948)_damaging,0.0030245802855148494
4,PCLO (27445)_damaging,0.001094542379478579
4,SEMA3E (9723)_damaging,0.0
4,ABCB4 (5244)_damaging,4.806010457096783e-05
4,ABCB1 (5243)_damaging,0.0
4,ZNF804B (219578)_damaging,0.00022339699471827365
4,AKAP9 (10142)_damaging,0.0003400076793711439
4,ANKIB1 (54467)_damaging,0.0
4,SAMD9 (54809)_damaging,0.00020072422334461813
4,SAMD9L (219285)_damaging,0.00018779126502654515
4,CALCR (799)_damaging,2.6069501553264453e-05
4,COL1A2 (1278)_damaging,0.0005545875458976472
4,SLC25A13 (10165)_damaging,0.00012349693821051298
4,TRRAP (8295)_damaging,0.00011086767535394457
4,GPC2 (221914)_damaging,0.0
4,NYAP1 (222950)_damaging,0.0
4,GIGYF1 (64599)_damaging,0.0006043126604071461
4,ZAN (7455)_damaging,0.001201723289826689
4,EPHB4 (2050)_damaging,0.0001605895552113536
4,MUC12 (10071)_damaging,0.0
4,MUC17 (140453)_damaging,0.0006634616439006971
4,PLOD3 (8985)_damaging,3.78519595235867e-05
4,CUX1 (1523)_damaging,0.0004302134569822331
4,FBXL13 (222235)_damaging,0.0
4,RELN (5649)_damaging,0.00047895223181667826
4,KMT2E (55904)_damaging,0.0
4,PIK3CG (5294)_damaging,0.00024656574613497875
4,SLC26A3 (1811)_damaging,0.0001384470393043239
4,LAMB4 (22798)_damaging,0.0013125272829444977
4,DOCK4 (9732)_damaging,0.0006869854195685471
4,PPP1R3A (5506)_damaging,0.0007320039374344593
4,CFTR (1080)_damaging,5.5729124132858656e-05
4,CTTNBP2 (83992)_damaging,0.00023792816951132318
4,KCND2 (3751)_damaging,0.0
4,WNT16 (51384)_damaging,0.0001411738141139896
4,PTPRZ1 (5803)_damaging,0.0001483308365626568
4,CADPS2 (93664)_damaging,0.0
4,IQUB (154865)_damaging,0.0008585662925484377
4,POT1 (25913)_damaging,0.00018890982056892527
4,GRM8 (2918)_damaging,2.2871079693362784e-05
4,FLNC (2318)_damaging,0.0
4,PLXNA4 (91584)_damaging,0.0011906316269981807
4,LRGUK (136332)_damaging,4.971553939216704e-05
4,NUP205 (23165)_damaging,0.0
4,TRIM24 (8805)_damaging,0.0
4,KIAA1549 (57670)_damaging,0.00013308242212976417
4,MGAM (8972)_damaging,0.0009212305979755816
4,MGAM2 (93432)_damaging,6.660707525722612e-05
4,EPHB6 (2051)_damaging,0.0
4,KEL (3792)_damaging,0.000586979054546636
4,NOBOX (135935)_damaging,9.336100637110163e-05
4,CNTNAP2 (26047)_damaging,2.3468316582590702e-05
4,KCNH2 (3757)_damaging,0.0
4,NOS3 (4846)_damaging,0.0
4,ATG9B (285973)_damaging,0.00015804795406368838
4,KMT2C (58508)_damaging,0.0015771722978722823
4,DPP6 (1804)_damaging,0.0003942599325485875
4,PTPRN2 (5799)_damaging,0.00045520811465535967
4,MYOM2 (9172)_damaging,0.0
4,CSMD1 (64478)_damaging,0.0014844988693201193
4,RP1L1 (94137)_damaging,0.0002139185802730954
4,TRMT9B (57604)_damaging,0.0012557872851173518
4,DMTN (2039)_damaging,0.0001766458141496734
4,LOXL2 (4017)_damaging,0.0006218125865769471
4,ADAM28 (10863)_damaging,4.883321307749299e-05
4,DOCK5 (80005)_damaging,0.0
4,NUGGC (389643)_damaging,0.00023293960014591022
4,TEX15 (56154)_damaging,5.641033117490532e-05
4,WRN (7486)_damaging,0.0003892044939936266
4,UNC5D (137970)_damaging,0.00016124657765100402
4,ADGRA2 (25960)_damaging,0.0004535960638241643
4,NSD3 (54904)_damaging,0.0
4,ANK1 (286)_damaging,0.00016219928619917276
4,PRKDC (5591)_damaging,0.0003617335739827138
4,PXDNL (137902)_damaging,0.00020254806222075338
4,ST18 (9705)_damaging,4.359150760045475e-06
4,RB1CC1 (9821)_damaging,0.0001277218423694144
4,RP1 (6101)_damaging,0.0013851741753346134
4,CHD7 (55636)_damaging,0.00023199003397052757
4,ASPH (444)_damaging,0.0004026726036330679
4,ARFGEF1 (10565)_damaging,0.00045048845238637616
4,PREX2 (80243)_damaging,0.0
4,SULF1 (23213)_damaging,8.336157658190354e-06
4,SLCO5A1 (81796)_damaging,0.0
4,TRPA1 (8989)_damaging,1.594693808912615e-05
4,KCNB2 (9312)_damaging,0.0007757051235879906
4,ZFHX4 (79776)_damaging,0.0021016922018314297
4,WWP1 (11059)_damaging,0.0006720044838735786
4,NBN (4683)_damaging,0.0
4,ESRP1 (54845)_damaging,0.0003834555295567597
4,VPS13B (157680)_damaging,0.0004060358952888404
4,RGS22 (26166)_damaging,0.00020780273673356796
4,UBR5 (51366)_damaging,0.0003392544038928965
4,RIMS2 (9699)_damaging,0.00016849609472573707
4,PKHD1L1 (93035)_damaging,0.002285918909752572
4,CSMD3 (114788)_damaging,0.0017614521910459002
4,TRPS1 (7227)_damaging,4.368693001548987e-05
4,COL14A1 (7373)_damaging,0.000284363894470449
4,FER1L6 (654463)_damaging,0.00019802936820955043
4,ASAP1 (50807)_damaging,0.0
4,ADCY8 (114)_damaging,9.727699194058845e-05
4,EFR3A (23167)_damaging,0.00048605761977578855
4,OC90 (729330)_damaging,0.0
4,KCNQ3 (3786)_damaging,1.3074757660945712e-05
4,PHF20L1 (51105)_damaging,0.0007395591104421182
4,TG (7038)_damaging,0.0
4,FAM135B (51059)_damaging,0.0012913067368639656
4,COL22A1 (169044)_damaging,0.0024325745646739966
4,ADGRB1 (575)_damaging,0.0
4,PLEC (5339)_damaging,0.0020770389762216415
4,CYC1 (1537)_damaging,0.0
4,WDR97 (340390)_damaging,0.0
4,CPSF1 (29894)_damaging,0.0001390710375919602
4,KIFC2 (90990)_damaging,0.0
4,DOCK8 (81704)_damaging,0.0011403749059512895
4,ERMP1 (79956)_damaging,0.0004482889655319471
4,PTPRD (5789)_damaging,0.0003456482220401523
4,MPDZ (8777)_damaging,0.0005303021412641032
4,CCDC171 (203238)_damaging,6.790684368579664e-05
4,CNTLN (54875)_damaging,0.0
4,DENND4C (55667)_damaging,0.00023855297752585502
4,CDKN2A (1029)_damaging,0.0026012037710072314
4,TAF1L (138474)_damaging,0.00014839450749212682
4,SPATA31G1 (138724)_damaging,0.0
4,FANCG (2189)_damaging,0.00020701544164466998
4,PIGO (84720)_damaging,0.00033001371238671834
4,UNC13B (10497)_damaging,0.0004777463837733003
4,RUSC2 (9853)_damaging,9.3322911133736e-05
4,SPAG8 (26206)_damaging,0.0010280356917929017
4,TJP2 (9414)_damaging,0.0
4,TMC1 (117531)_damaging,8.796918094721546e-05
4,TRPM6 (140803)_damaging,0.0009902930973386458
4,PCSK5 (5125)_damaging,8.577665457221178e-05
4,PRUNE2 (158471)_damaging,0.00022597363646597384
4,VPS13A (23230)_damaging,2.132574271598376e-05
4,TLE4 (7091)_damaging,0.0005316888011627523
4,SPATA31D1 (389763)_damaging,0.0004781205981901619
4,KIF27 (55582)_damaging,0.0013533404406403087
4,ROR2 (4920)_damaging,0.0
4,NOL8 (55035)_damaging,2.872337973180811e-05
4,WNK2 (65268)_damaging,0.0002414771754921527
4,PHF2 (5253)_damaging,0.0
4,PTCH1 (5727)_damaging,0.0005253934500186542
4,COL15A1 (1306)_damaging,5.459995972946691e-05
4,TEX10 (54881)_damaging,0.0
4,SMC2 (10592)_damaging,0.0
4,ELP1 (8518)_damaging,0.0009467741770239076
4,TMEM245 (23731)_damaging,0.0008386417437329587
4,PALM2AKAP2 (445815)_damaging,0.0
4,SVEP1 (79987)_damaging,0.0001307153572083564
4,FKBP15 (23307)_damaging,0.0
4,COL27A1 (85301)_damaging,0.0006781385188110344
4,C5 (727)_damaging,0.0
4,CNTRL (11064)_damaging,0.0
4,DAB2IP (153090)_damaging,0.0
4,DENND1A (57706)_damaging,0.00029368866333269906
4,GOLGA2 (2801)_damaging,3.2721209104358565e-05
4,SPTAN1 (6709)_damaging,5.54491233199422e-05
4,HMCN2 (256158)_damaging,0.0005119599190609168
4,LAMC3 (10319)_damaging,4.476143538038073e-05
4,NUP214 (8021)_damaging,0.0006686811187743161
4,PRRC2B (84726)_damaging,0.0001107578010232561
4,UCK1 (83549)_damaging,0.0013176132426429344
4,SETX (23064)_damaging,0.00027318615272557933
4,ADAMTS13 (11093)_damaging,3.0198972424367e-05
4,ADAMTSL2 (9719)_damaging,0.0003430239335129747
4,BRD3 (8019)_damaging,0.0003688058037398523
4,WDR5 (11091)_damaging,6.079020134703062e-05
4,COL5A1 (1289)_damaging,0.0
4,CAMSAP1 (157922)_damaging,4.810386606970297e-05
4,SEC16A (9919)_damaging,3.917941806584307e-05
4,NOTCH1 (4851)_damaging,0.0013643793927032666
4,ABCA2 (20)_damaging,0.00014403896543774785
4,EXD3 (54932)_damaging,1.4263583774748359e-05
4,CACNA1B (774)_damaging,0.0005061870844451504
4,MXRA5 (25878)_damaging,0.00010805536153183678
4,WWC3 (55841)_damaging,0.0
4,NHS (4810)_damaging,0.0
4,MAP3K15 (389840)_damaging,0.0002159277967339835
4,IL1RAPL1 (11141)_damaging,7.465444912804283e-05
4,DMD (1756)_damaging,0.00012736321625770366
4,FAM47B (170062)_damaging,9.366594543565127e-05
4,CFAP47 (286464)_damaging,0.0007707055555826038
4,RPGR (6103)_damaging,0.0
4,BCOR (54880)_damaging,0.00631383415038987
4,USP9X (8239)_damaging,0.0023813968267165407
4,DDX3X (1654)_damaging,0.0014036044250928046
4,KDM6A (7403)_damaging,0.001193329150505201
4,RBM10 (8241)_damaging,0.00038526753521918967
4,TFE3 (7030)_damaging,0.0
4,CACNA1F (778)_damaging,0.00026276605335946864
4,CCNB3 (85417)_damaging,0.0020253145911547465
4,KDM5C (8242)_damaging,8.320385124560815e-05
4,IQSEC2 (23096)_damaging,0.0
4,HUWE1 (10075)_damaging,0.0006842506574570549
4,WNK3 (65267)_damaging,4.739931430462873e-05
4,AMER1 (139285)_damaging,0.0008340064418302509
4,ZC3H12B (340554)_damaging,0.0
4,OPHN1 (4983)_damaging,0.0001059265578038865
4,KIF4A (24137)_damaging,5.720503466202298e-05
4,MED12 (9968)_damaging,0.00032345656933937893
4,NLGN3 (54413)_damaging,5.520988041421241e-05
4,ZMYM3 (9203)_damaging,0.0012592176011214406
4,NEXMIF (340533)_damaging,4.940836062173441e-05
4,ATRX (546)_damaging,0.00029680933491448307
4,BRWD3 (254065)_damaging,0.001480134863057934
4,CYLC1 (1538)_damaging,4.067872597245757e-05
4,ZNF711 (7552)_damaging,0.0
4,DIAPH2 (1730)_damaging,0.0010511718618508117
4,PCDH19 (57526)_damaging,0.0
4,RAB40A (142684)_damaging,0.000903887775215514
4,NRK (203447)_damaging,0.0003280017510886918
4,MORC4 (79710)_damaging,6.016131181470009e-06
4,COL4A6 (1288)_damaging,0.00016814570324019738
4,COL4A5 (1287)_damaging,0.00042718782396302665
4,GUCY2F (2986)_damaging,0.00011233077590748448
4,DOCK11 (139818)_damaging,0.0
4,STAG2 (10735)_damaging,0.00239495244697432
4,TENM1 (10178)_damaging,0.00027093118542608776
4,SMARCA1 (6594)_damaging,0.00022296234542243238
4,BCORL1 (63035)_damaging,0.000639614172134639
4,USP26 (83844)_damaging,9.27202086292025e-05
4,SAGE1 (55511)_damaging,2.7807094793479462e-05
4,MAP7D3 (79649)_damaging,0.0
4,ADGRG4 (139378)_damaging,0.00039986795582822114
4,MCF2 (4168)_damaging,3.664206088823243e-05
4,SPANXN4 (441525)_damaging,0.0011263996241123102
4,SLITRK2 (84631)_damaging,2.1644848626214695e-05
4,AFF2 (2334)_damaging,0.00027383332398665317
4,FLNA (2316)_damaging,0.0
4,PLXNA3 (55558)_damaging,0.000249728504451387
4,F8 (2157)_damaging,0.0012172004025235894
4,MT-ND4 (4538)_damaging,0.0008025289897736295
4,MT-ND5 (4540)_damaging,0.0004729369096462639
