fold,feature,importance
0,MTOR (2475)_hotspot,0.13786113695428878
0,NRAS (4893)_hotspot,0.06834411870690875
0,PTEN (5728)_hotspot,0.04041454053171924
0,HRAS (3265)_hotspot,0.01414111651761088
0,KRAS (3845)_hotspot,0.11872783682077268
0,RB1 (5925)_hotspot,0.0900021471173714
0,CREBBP (1387)_hotspot,0.053045846696983645
0,TP53 (7157)_hotspot,0.18905154804293028
0,NF1 (4763)_hotspot,0.033341045240691
0,SMAD4 (4089)_hotspot,0.014537650096699299
0,STK11 (6794)_hotspot,0.016044915096556495
0,SMARCA4 (6597)_hotspot,0.03683862931407029
0,C2orf81 (388963)_hotspot,0.10841896291279834
0,NFE2L2 (4780)_hotspot,0.04958190862553322
0,VHL (7428)_hotspot,0.019564848385143312
0,CTNNB1 (1499)_hotspot,0.036706179430103854
0,RHOA (387)_hotspot,0.007174357315534392
0,PIK3CA (5290)_hotspot,0.08052947871747562
0,FBXW7 (55294)_hotspot,0.03601532985676982
0,TERT (7015)_hotspot,0.15120125831155226
0,PIK3R1 (5295)_hotspot,0.014140862610642499
0,APC (324)_hotspot,0.012833982330600891
0,RAC1 (5879)_hotspot,0.047523252197696056
0,EGFR (1956)_hotspot,0.06681980966018398
0,BRAF (673)_hotspot,0.18860342443164396
0,CDKN2A (1029)_hotspot,0.026915634968661322
0,AGRN (375790)_damaging,0.07646843563002165
0,MXRA8 (54587)_damaging,0.011383569595633436
0,CFAP74 (85452)_damaging,0.05339234391706384
0,MEGF6 (1953)_damaging,0.10523321337442267
0,CHD5 (26038)_damaging,0.04421226564131953
0,RPL22 (6146)_damaging,0.04074116806598862
0,CAMTA1 (23261)_damaging,0.047254636532489284
0,ERRFI1 (54206)_damaging,0.06533918213708195
0,SLC45A1 (50651)_damaging,0.007079363527260622
0,RERE (473)_damaging,0.068319352950472
0,VPS13D (55187)_damaging,0.020103349238726413
0,FHAD1 (114827)_damaging,0.039340269931965766
0,SPEN (23013)_damaging,0.0404817999366786
0,EPHA2 (1969)_damaging,0.02978563885690012
0,UBR4 (23352)_damaging,0.028732116431426227
0,EIF4G3 (8672)_damaging,0.005725041225537271
0,HSPG2 (3339)_damaging,0.004553982188323498
0,LUZP1 (7798)_damaging,0.05159595486990396
0,ID3 (3399)_damaging,0.15469443589134071
0,ELOA (6924)_damaging,0.003653481022563295
0,ARID1A (8289)_damaging,0.012509289705138227
0,WDTC1 (23038)_damaging,0.012745544959155487
0,PTPRU (10076)_damaging,0.03213668062050854
0,COL16A1 (1307)_damaging,0.029130534688875567
0,CSMD2 (114784)_damaging,0.0015397454296367553
0,ZMYM6 (9204)_damaging,0.016683300904152716
0,ZMYM1 (79830)_damaging,0.014799608056186268
0,ZMYM4 (9202)_damaging,0.011050600353798576
0,CLSPN (63967)_damaging,0.037878630375850375
0,AGO1 (26523)_damaging,0.04694086322912846
0,COL8A2 (1296)_damaging,0.001385510101775759
0,MAP7D1 (55700)_damaging,0.02221191203426458
0,MACF1 (23499)_damaging,0.04321178830982821
0,HIVEP3 (59269)_damaging,0.028050126462426123
0,TIE1 (7075)_damaging,0.039967428549421924
0,SZT2 (23334)_damaging,0.07208795622011
0,PTCH2 (8643)_damaging,0.05090064405774189
0,MUTYH (4595)_damaging,0.028566396665650324
0,MAST2 (23139)_damaging,0.014631601609421755
0,PIK3R3 (8503)_damaging,0.03483461763825867
0,FAAH (2166)_damaging,0.04105541645139644
0,TAL1 (6886)_damaging,0.06970610936800828
0,FYB2 (199920)_damaging,0.027200100149878493
0,NFIA (4774)_damaging,0.038841152391921034
0,PATJ (10207)_damaging,0.04815226019881253
0,DOCK7 (85440)_damaging,0.013502845513803813
0,JAK1 (3716)_damaging,0.04150113411772579
0,LEPR (3953)_damaging,0.05832280816146301
0,LRRC7 (57554)_damaging,0.014484420009264653
0,TNNI3K (51086)_damaging,0.054095358462142626
0,ERICH3 (127254)_damaging,0.004243949833557342
0,SLC44A5 (204962)_damaging,0.029172321432529395
0,AK5 (26289)_damaging,0.040836603496635634
0,ADGRL4 (64123)_damaging,0.06585747354457779
0,ADGRL2 (23266)_damaging,0.006503415646477667
0,DNAI3 (126820)_damaging,0.012711031512410586
0,COL24A1 (255631)_damaging,0.000871780428611542
0,HFM1 (164045)_damaging,0.018233175246945378
0,BTBD8 (284697)_damaging,0.029491927382550468
0,RPL5 (6125)_damaging,0.02223602529316184
0,CCDC18 (343099)_damaging,0.03309010015123103
0,COL11A1 (1301)_damaging,0.032318635367597215
0,EPS8L3 (79574)_damaging,0.046428799437446176
0,CEPT1 (10390)_damaging,0.03122446020248126
0,DENND2C (163259)_damaging,0.04110171988430024
0,SYCP1 (6847)_damaging,0.039455215426272956
0,SPAG17 (200162)_damaging,0.05598856167628769
0,NOTCH2 (4853)_damaging,0.0007371094008050603
0,BCL9 (607)_damaging,0.0317973593449275
0,OTUD7B (56957)_damaging,0.011672138991148918
0,ADAMTSL4 (54507)_damaging,0.03621427594532793
0,ZNF687 (57592)_damaging,0.057663969905788974
0,TCHH (7062)_damaging,0.005529909010208558
0,FLG (2312)_damaging,0.010232737106881499
0,CCDST (112268240)_damaging,0.042916582651731566
0,FLG2 (388698)_damaging,0.008289570391336458
0,UBAP2L (9898)_damaging,0.028641157521895638
0,ADAR (103)_damaging,0.0012354202876726451
0,SHC1 (6464)_damaging,0.016980050211442655
0,ASH1L (55870)_damaging,0.022825778794208794
0,IQGAP3 (128239)_damaging,0.022803326056261283
0,NES (10763)_damaging,0.0240790714070418
0,INSRR (3645)_damaging,0.03156274310745528
0,FCRL5 (83416)_damaging,0.011679415067876994
0,SPTA1 (6708)_damaging,0.02627043382695152
0,ARHGAP30 (257106)_damaging,0.01940560894992616
0,ADCY10 (55811)_damaging,0.04558027203255157
0,F5 (2153)_damaging,0.0063242079505162994
0,FIRRM (55732)_damaging,0.026815830278086466
0,TNR (7143)_damaging,0.038362910488090665
0,PAPPA2 (60676)_damaging,0.06841246592151021
0,ABL2 (27)_damaging,0.12374100806517054
0,AXDND1 (126859)_damaging,0.004495590809511299
0,TDRD5 (163589)_damaging,0.009606285273801496
0,CEP350 (9857)_damaging,0.08456429260632428
0,CACNA1E (777)_damaging,0.028074765021464245
0,RGL1 (23179)_damaging,0.0428618016728166
0,HMCN1 (83872)_damaging,0.06724804075682876
0,TPR (7175)_damaging,0.05061696676724458
0,BRINP3 (339479)_damaging,0.015873671281477788
0,KCNT2 (343450)_damaging,0.008390005311009748
0,CFH (3075)_damaging,0.03433252392211907
0,ASPM (259266)_damaging,0.009384118773625239
0,PTPRC (5788)_damaging,0.10383604530439054
0,CAMSAP2 (23271)_damaging,0.04924357138579935
0,IGFN1 (91156)_damaging,0.05455195688657339
0,NAV1 (89796)_damaging,0.012711745971992334
0,KDM5B (10765)_damaging,0.048775673691913615
0,ATP2B4 (493)_damaging,0.004067792239423393
0,PLEKHA6 (22874)_damaging,0.006642289794969594
0,PIK3C2B (5287)_damaging,0.014955547066438658
0,NFASC (23114)_damaging,0.000999559031758746
0,CR2 (1380)_damaging,0.005988847919134621
0,CR1 (1378)_damaging,0.04050569394149029
0,PROX1 (5629)_damaging,0.0027052758417789834
0,PTPN14 (5784)_damaging,0.02426470083496101
0,CENPF (1063)_damaging,0.04559557403491069
0,USH2A (7399)_damaging,0.049781304425398694
0,EPRS1 (2058)_damaging,0.050247620676656876
0,DNAH14 (127602)_damaging,0.055771150804171575
0,CDC42BPA (8476)_damaging,0.031165697750304873
0,OBSCN (84033)_damaging,0.010507155107675664
0,H3-4 (8290)_damaging,0.0159614684143579
0,SIPA1L2 (57568)_damaging,0.047205369155721856
0,PCNX2 (80003)_damaging,0.012840169188892407
0,ARID4B (51742)_damaging,0.04358935423132083
0,LYST (1130)_damaging,0.03802059369189472
0,RYR2 (6262)_damaging,0.04565332196643144
0,CHRM3 (1131)_damaging,0.018938819235034748
0,FMN2 (56776)_damaging,0.053804938208597296
0,WDR64 (128025)_damaging,0.025657310425277493
0,SDCCAG8 (10806)_damaging,0.01332633664701225
0,KIF26B (55083)_damaging,0.018888887447766588
0,AHCTF1 (25909)_damaging,0.003173191338728723
0,NLRP3 (114548)_damaging,0.043060939101998257
0,LARP4B (23185)_damaging,0.013322687142385556
0,PITRM1 (10531)_damaging,0.12957008304256049
0,TAF3 (83860)_damaging,0.038567142909839675
0,FRMD4A (55691)_damaging,0.006917554984202017
0,ITGA8 (8516)_damaging,0.04342806155687422
0,CUBN (8029)_damaging,0.04261740134628072
0,MRC1 (4360)_damaging,0.05262261068223747
0,MALRD1 (340895)_damaging,0.02617498079209922
0,ARMC3 (219681)_damaging,0.0486146192983351
0,MYO3A (53904)_damaging,0.013099051398548948
0,ANKRD26 (22852)_damaging,0.053218087568439834
0,SVIL (6840)_damaging,0.02961209927043953
0,JCAD (57608)_damaging,0.023433357819261046
0,KIF5B (3799)_damaging,0.005023692455189808
0,CCDC7 (79741)_damaging,0.055515952453765456
0,ANKRD30A (91074)_damaging,0.024164192643603043
0,RSU1P2 (100133308)_damaging,0.011977545461266639
0,WDFY4 (57705)_damaging,0.03908825117573345
0,C10orf71 (118461)_damaging,0.05776782476199174
0,PCDH15 (65217)_damaging,0.006297068605921266
0,ANK3 (288)_damaging,0.023720552512816927
0,ARID5B (84159)_damaging,0.04721076662744004
0,JMJD1C (221037)_damaging,3.8651084255764725e-05
0,CTNNA3 (29119)_damaging,0.02270034881655139
0,MYPN (84665)_damaging,0.04908388159073141
0,DNA2 (1763)_damaging,0.04114057263646617
0,CDH23 (64072)_damaging,0.045115535750000615
0,SYNPO2L (79933)_damaging,0.028416033532850465
0,DLG5 (9231)_damaging,0.030693912692824857
0,ZMIZ1 (57178)_damaging,0.0219086970405326
0,NRG3 (10718)_damaging,0.06719163363918004
0,WAPL (23063)_damaging,0.02216814832407691
0,PTEN (5728)_damaging,0.023755214055623718
0,SLC16A12 (387700)_damaging,0.009797495934786642
0,KIF20B (9585)_damaging,0.04084842176391066
0,BTAF1 (9044)_damaging,0.011126000742252451
0,MYOF (26509)_damaging,0.028242188959257793
0,PLCE1 (51196)_damaging,0.0575471164775235
0,ZNF518A (9849)_damaging,0.06753157109038901
0,LCOR (84458)_damaging,0.013776799554815195
0,SLIT1 (6585)_damaging,0.042969379672370314
0,LOXL4 (84171)_damaging,0.054673806207227976
0,SLF2 (55719)_damaging,0.0031662287474277058
0,PPRC1 (23082)_damaging,0.04961813602116229
0,PSD (5662)_damaging,0.028649652540745904
0,CNNM2 (54805)_damaging,0.014817476634169458
0,PDCD11 (22984)_damaging,0.008731045074090662
0,SH3PXD2A (9644)_damaging,0.02624752564691642
0,SLK (9748)_damaging,0.06891469157549392
0,SORCS3 (22986)_damaging,0.04307661867734001
0,SMC3 (9126)_damaging,0.03195996385258684
0,TCF7L2 (6934)_damaging,0.012904590211011882
0,ATRNL1 (26033)_damaging,0.011610826536691685
0,TACC2 (10579)_damaging,0.009201212407707425
0,DMBT1 (1755)_damaging,0.007599596383485262
0,MKI67 (4288)_damaging,0.0404783476316149
0,JAKMIP3 (282973)_damaging,0.015623550779989117
0,CFAP46 (54777)_damaging,0.027660081265111117
0,B4GALNT4 (338707)_damaging,0.010729510102908865
0,PKP3 (11187)_damaging,0.032330618879447104
0,MUC5AC (4586)_damaging,0.046370763875540705
0,MUC5B (727897)_damaging,0.09766375970487588
0,BRSK2 (9024)_damaging,0.019635507208275393
0,KCNQ1 (3784)_damaging,0.028250379665473398
0,NUP98 (4928)_damaging,0.022573227656121922
0,DNHD1 (144132)_damaging,0.05446795258378054
0,DCHS1 (8642)_damaging,0.007002888263297518
0,IPO7 (10527)_damaging,0.03786560764337994
0,SBF2 (81846)_damaging,0.05519173038786888
0,PIK3C2A (5286)_damaging,0.03377398035040511
0,ABCC8 (6833)_damaging,0.002371187603683041
0,USH1C (10083)_damaging,0.019665266940117547
0,OTOG (340990)_damaging,0.027191385395776844
0,NAV2 (89797)_damaging,0.021360686925212258
0,ANO3 (63982)_damaging,0.024047101087246763
0,DCDC1 (341019)_damaging,0.05864684590799957
0,CCDC73 (493860)_damaging,0.004128185465729862
0,QSER1 (79832)_damaging,0.018642402601268697
0,KIAA1549L (25758)_damaging,0.0040802714096359076
0,LRP4 (4038)_damaging,0.035749107226983386
0,FOLH1 (2346)_damaging,0.021931169040760253
0,OR4A15 (81328)_damaging,0.033798584013799905
0,OR4P4 (81300)_damaging,0.013840935412860113
0,CTNND1 (1500)_damaging,0.004894708194724379
0,DTX4 (23220)_damaging,0.02823990891861918
0,MYRF (745)_damaging,0.033658411087580796
0,AHNAK (79026)_damaging,0.034795412257454895
0,EML3 (256364)_damaging,0.01896049456767859
0,SLC3A2 (6520)_damaging,0.0388505271364953
0,PLCB3 (5331)_damaging,0.0036084859615049167
0,NRXN2 (9379)_damaging,0.008631379442671082
0,ATG2A (23130)_damaging,0.011199119999776451
0,PCNX3 (399909)_damaging,0.005184350839679877
0,RIN1 (9610)_damaging,0.006548279426567235
0,SHANK2 (22941)_damaging,0.008827053905588078
0,NUMA1 (4926)_damaging,0.01090523880104312
0,INPPL1 (3636)_damaging,0.023667191885016623
0,ARHGEF17 (9828)_damaging,0.028553064706101517
0,C2CD3 (26005)_damaging,0.04457532456154601
0,MYO7A (4647)_damaging,0.07145834856024981
0,RSF1 (51773)_damaging,0.04322592934583789
0,GAB2 (9846)_damaging,0.041018662050095765
0,TENM4 (26011)_damaging,0.052082469582085726
0,PCF11 (51585)_damaging,0.04087997293459956
0,DLG2 (1740)_damaging,0.056359910396674984
0,SYTL2 (54843)_damaging,0.06452252653481556
0,FAT3 (120114)_damaging,0.012316323159046074
0,DEUP1 (159989)_damaging,0.044824442262198456
0,CNTN5 (53942)_damaging,0.014422208005696303
0,CEP126 (57562)_damaging,0.04731896955243962
0,MMP3 (4314)_damaging,0.0556819567946842
0,DYNC2H1 (79659)_damaging,0.032511840533757504
0,NPAT (4863)_damaging,0.06353041253741418
0,ATM (472)_damaging,0.07923051473068143
0,EXPH5 (23086)_damaging,0.010462700642831398
0,NCAM1 (4684)_damaging,0.016489574221018346
0,USP28 (57646)_damaging,0.026572955533393994
0,DSCAML1 (57453)_damaging,0.0377047891146529
0,KMT2A (4297)_damaging,0.047335867326722805
0,BCL9L (283149)_damaging,0.003412724243396203
0,HYOU1 (10525)_damaging,0.0512047221542533
0,ARHGEF12 (23365)_damaging,0.012865221886693756
0,TECTA (7007)_damaging,0.019569530048263537
0,SORL1 (6653)_damaging,0.011321110023574638
0,ROBO3 (64221)_damaging,0.03453676453763374
0,CCDC15 (80071)_damaging,0.06640110928065916
0,SNX19 (399979)_damaging,0.025599461702153995
0,IGSF9B (22997)_damaging,0.03060689978542684
0,LINC02714 (729305)_damaging,0.013245274645233153
0,KDM5A (5927)_damaging,0.06991851657127118
0,WNK1 (65125)_damaging,0.015869731875833928
0,CACNA1C (775)_damaging,0.011451121857386032
0,VWF (7450)_damaging,0.01087743317346701
0,PLEKHG6 (55200)_damaging,0.006469487625581696
0,CHD4 (1108)_damaging,0.014123859717987493
0,ATN1 (1822)_damaging,0.032154658770045995
0,A2ML1 (144568)_damaging,0.02099269928774044
0,A2M (2)_damaging,0.0416361222544413
0,GRIN2B (2904)_damaging,0.007807912106085444
0,ATF7IP (55729)_damaging,0.007043531107879945
0,GUCY2C (2984)_damaging,0.001754239517001364
0,PLEKHA5 (54477)_damaging,0.03014322954799359
0,SLCO1B3 (28234)_damaging,0.01303543890881203
0,RECQL (5965)_damaging,0.047149529307232284
0,ABCC9 (10060)_damaging,0.05137250205848015
0,ITPR2 (3709)_damaging,0.03157897886655568
0,OVCH1 (341350)_damaging,0.032040531092895445
0,KIF21A (55605)_damaging,0.028955479566845653
0,LRRK2 (120892)_damaging,0.032600818230482505
0,MUC19 (283463)_damaging,0.01939396242705176
0,CNTN1 (1272)_damaging,0.008570870988233672
0,PDZRN4 (29951)_damaging,0.011100260165077515
0,ADAMTS20 (80070)_damaging,0.00016845219656128833
0,ANO6 (196527)_damaging,0.024146076561786967
0,ARID2 (196528)_damaging,0.052940103950731406
0,COL2A1 (1280)_damaging,0.005877919268803503
0,WNT1 (7471)_damaging,0.01738439159255571
0,KMT2D (8085)_damaging,0.057007175010839295
0,PRPF40B (25766)_damaging,0.06327920630731004
0,NCKAP5L (57701)_damaging,0.0214437544535348
0,DIP2B (57609)_damaging,0.02942199675001003
0,ACVR1B (91)_damaging,0.04710319620049464
0,TNS2 (23371)_damaging,0.03190244272627502
0,MAP3K12 (7786)_damaging,0.024582702896390776
0,PAN2 (9924)_damaging,0.03556599692418444
0,STAT2 (6773)_damaging,0.028235387719174252
0,NACA (4666)_damaging,0.019412310480192044
0,MYO1A (4640)_damaging,0.03429978271901395
0,STAT6 (6778)_damaging,0.020886862778023454
0,LRP1 (4035)_damaging,0.012353959461535002
0,R3HDM2 (22864)_damaging,0.0048248909700669635
0,GLI1 (2735)_damaging,0.020184032980947994
0,MBD6 (114785)_damaging,0.014692061962529942
0,PTPRB (5787)_damaging,0.04419626053023632
0,ZFC3H1 (196441)_damaging,0.04214522202630084
0,E2F7 (144455)_damaging,0.02680344109562314
0,NAV3 (89795)_damaging,0.056337525507349856
0,OTOGL (283310)_damaging,0.017156568680781616
0,PTPRQ (374462)_damaging,0.025580763187097948
0,PPFIA2 (8499)_damaging,0.03713596444604145
0,LRRIQ1 (84125)_damaging,0.02700642846229623
0,CEP290 (80184)_damaging,0.018881138667077198
0,ATP2B1 (490)_damaging,0.004753021668821545
0,PLXNC1 (10154)_damaging,0.049488344673918314
0,CFAP54 (144535)_damaging,0.05337255525143149
0,ANKS1B (56899)_damaging,0.012262594923781883
0,BLTP3B (23074)_damaging,0.02706624663631718
0,UTP20 (27340)_damaging,0.025017552327367965
0,STAB2 (55576)_damaging,0.08826973535268963
0,ALDH1L2 (160428)_damaging,0.007407170701699559
0,ACACB (32)_damaging,0.0575437411529013
0,MVK (4598)_damaging,0.020812992500590117
0,CUX2 (23316)_damaging,0.005875536676357007
0,HECTD4 (283450)_damaging,0.012294204986630948
0,DTX1 (1840)_damaging,0.04893879766282409
0,NOS1 (4842)_damaging,0.021595560417746504
0,HNF1A (6927)_damaging,0.039898123170024336
0,KDM2B (84678)_damaging,0.023241948784094125
0,SETD1B (23067)_damaging,0.047213230538530486
0,CFAP251 (144406)_damaging,0.025572682750636583
0,KNTC1 (9735)_damaging,0.021682206634525126
0,MPHOSPH9 (10198)_damaging,0.011125765009126258
0,SBNO1 (55206)_damaging,0.04140114177132054
0,DNAH10 (196385)_damaging,0.009546172364368064
0,NCOR2 (9612)_damaging,0.05135941712451962
0,TMEM132D (121256)_damaging,0.008415596938028996
0,RIMBP2 (23504)_damaging,0.0025929171541688965
0,EP400 (57634)_damaging,0.025588574800643634
0,P2RX2 (22953)_damaging,0.02347265754009673
0,POLE (5426)_damaging,0.021986292989123555
0,GOLGA3 (2802)_damaging,0.006088237988682018
0,SACS (26278)_damaging,0.013345326977487693
0,RNF17 (56163)_damaging,0.08010618070476672
0,CENPJ (55835)_damaging,0.012071602699645821
0,ATP8A2 (51761)_damaging,0.04247476520948674
0,PAN3 (255967)_damaging,0.020440741000390446
0,FRY (10129)_damaging,0.029410301618158014
0,BRCA2 (675)_damaging,0.0014345881604602077
0,PDS5B (23047)_damaging,0.022524119153956107
0,NBEA (26960)_damaging,0.050542299629499146
0,POSTN (10631)_damaging,0.05022128379722727
0,FREM2 (341640)_damaging,0.08536041437915888
0,DGKH (160851)_damaging,0.05728322736582784
0,ZC3H13 (23091)_damaging,0.027371693928659853
0,RB1 (5925)_damaging,0.070420633763033
0,KLHL1 (57626)_damaging,0.04974742214425621
0,DACH1 (1602)_damaging,0.04618882988482327
0,DIS3 (22894)_damaging,0.03690152145022162
0,TBC1D4 (9882)_damaging,0.03765863122809611
0,MYCBP2 (23077)_damaging,0.007326863679643281
0,UGGT2 (55757)_damaging,0.06135863931194033
0,DOCK9 (23348)_damaging,0.012516971142276529
0,PCCA (5095)_damaging,0.0397378617954472
0,NALCN (259232)_damaging,0.02891409332854763
0,CCDC168 (643677)_damaging,0.01959333949174477
0,MYO16 (23026)_damaging,0.003885852590690699
0,COL4A1 (1282)_damaging,0.024818189348237544
0,COL4A2 (1284)_damaging,0.03642889860255688
0,TEP1 (7011)_damaging,0.01669428012511948
0,ARHGEF40 (55701)_damaging,0.021440469573668654
0,CHD8 (57680)_damaging,0.0801639670849484
0,AJUBA (84962)_damaging,0.025198714361893092
0,ACIN1 (22985)_damaging,0.0005943494438445914
0,CARMIL3 (90668)_damaging,0.0022002532726535977
0,NYNRIN (57523)_damaging,0.07715646059127672
0,ARHGAP5 (394)_damaging,0.03179982962599161
0,AKAP6 (9472)_damaging,0.027790198593760987
0,NPAS3 (64067)_damaging,0.07613615453387736
0,RALGAPA1 (253959)_damaging,0.01592165159956102
0,TTC6 (319089)_damaging,0.0283874225130345
0,MIA2 (4253)_damaging,0.04599929871016916
0,TOGARAM1 (23116)_damaging,0.04655914523480192
0,FANCM (57697)_damaging,0.06145812916701666
0,MIS18BP1 (55320)_damaging,0.0080033166741888
0,MDGA2 (161357)_damaging,0.10482816227997614
0,NIN (51199)_damaging,0.022377225929011858
0,NID2 (22795)_damaging,0.014322967200505217
0,KTN1 (3895)_damaging,0.03321076246014231
0,ARID4A (5926)_damaging,0.03031382699303467
0,HIF1A (3091)_damaging,0.008430605482199762
0,KCNH5 (27133)_damaging,0.022392966936070804
0,SYNE2 (23224)_damaging,0.010198286328509667
0,PCNX1 (22990)_damaging,0.011950512769402509
0,MIDEAS (91748)_damaging,0.02281763017610364
0,YLPM1 (56252)_damaging,0.00992640064544039
0,MLH3 (27030)_damaging,0.016629100480203916
0,NRXN3 (9369)_damaging,0.06234236924589707
0,CEP128 (145508)_damaging,0.05555930874820922
0,PTPN21 (11099)_damaging,0.044034719432368495
0,ZC3H14 (79882)_damaging,0.017426535707592592
0,EML5 (161436)_damaging,0.032947228171677674
0,TRIP11 (9321)_damaging,0.015210328445486681
0,UNC79 (57578)_damaging,0.0382634341979113
0,ATG2B (55102)_damaging,0.044110216687803135
0,RTL1 (388015)_damaging,0.023131206009439
0,DYNC1H1 (1778)_damaging,0.08332012074095542
0,KIF26A (26153)_damaging,0.0241262269396825
0,INF2 (64423)_damaging,0.04954175210821537
0,AHNAK2 (113146)_damaging,0.00044816004592884316
0,MTA1 (9112)_damaging,0.03799505014914675
0,ATP10A (57194)_damaging,0.07216430299046538
0,HERC2 (8924)_damaging,0.07974986329365127
0,TRPM1 (4308)_damaging,0.041765498477580154
0,FMN1 (342184)_damaging,0.0007924033943016116
0,RYR3 (6263)_damaging,0.027859409633054694
0,KNL1 (57082)_damaging,0.016205214360345006
0,INO80 (54617)_damaging,0.04060539562779875
0,TYRO3 (7301)_damaging,0.01754654009576873
0,MGA (23269)_damaging,0.049725781641350816
0,SPTBN5 (51332)_damaging,0.04441722888833043
0,ZNF106 (64397)_damaging,0.029362479921493424
0,STARD9 (57519)_damaging,0.030218006583322007
0,TP53BP1 (7158)_damaging,0.012124006064958958
0,MAP1A (4130)_damaging,0.004398442667587006
0,SPG11 (80208)_damaging,0.0036385928022319904
0,B2M (567)_damaging,0.05861922848861536
0,DUOX2 (50506)_damaging,0.007909771068690858
0,SLC12A1 (6557)_damaging,0.01596794654710469
0,FBN1 (2200)_damaging,0.022144593686005642
0,CEP152 (22995)_damaging,0.050442849507800015
0,USP8 (9101)_damaging,0.017153847141442358
0,TRPM7 (54822)_damaging,0.04183975102519501
0,DMXL2 (23312)_damaging,0.05131166905190864
0,MYO5C (55930)_damaging,0.009003648541002784
0,UNC13C (440279)_damaging,0.006834503075903966
0,RFX7 (64864)_damaging,0.030865915976308052
0,ICE2 (79664)_damaging,0.009220320760235101
0,VPS13C (54832)_damaging,0.024931801406143848
0,TLN2 (83660)_damaging,0.008643774143486284
0,HERC1 (8925)_damaging,0.04116544011002631
0,ZNF609 (23060)_damaging,0.0041644444043341805
0,MYO9A (4649)_damaging,0.07683195846104873
0,HCN4 (10021)_damaging,0.03570330271414567
0,ARID3B (10620)_damaging,0.03390843585669212
0,SIN3A (25942)_damaging,0.06016984764474038
0,PEAK1 (79834)_damaging,0.03362636575853191
0,ADAMTSL3 (57188)_damaging,0.08592606791429358
0,AKAP13 (11214)_damaging,0.029384090685831175
0,AGBL1 (123624)_damaging,0.010923447020162643
0,TICRR (90381)_damaging,0.000960073596803326
0,KIF7 (374654)_damaging,0.05920288238613486
0,IQGAP1 (8826)_damaging,0.07605734908306006
0,BLM (641)_damaging,0.04987010321793764
0,FES (2242)_damaging,0.04996442818160264
0,CHD2 (1106)_damaging,0.054991593328049725
0,LRRK1 (79705)_damaging,0.0027526414102539845
0,AXIN1 (8312)_damaging,0.007589280066627208
0,WDR90 (197335)_damaging,0.04252168363762394
0,CACNA1H (8912)_damaging,0.0008862462544438772
0,UNKL (64718)_damaging,0.015299471702840519
0,CRAMP1 (57585)_damaging,0.012056463431631513
0,TSC2 (7249)_damaging,0.038099402741820526
0,PKD1 (5310)_damaging,0.012701708914531727
0,CASKIN1 (57524)_damaging,0.04585489057144252
0,SLX4 (84464)_damaging,0.02743348878929535
0,CREBBP (1387)_damaging,0.10986322826078888
0,CORO7 (79585)_damaging,0.007205015837248906
0,SEC14L5 (9717)_damaging,0.007220996886151119
0,USP7 (7874)_damaging,0.015945832568692322
0,GRIN2A (2903)_damaging,0.008640047236024575
0,ABCC1 (4363)_damaging,0.005024726254771703
0,SMG1 (23049)_damaging,0.0248713393592682
0,KNOP1 (400506)_damaging,0.031548695652978645
0,DNAH3 (55567)_damaging,0.007600702944235926
0,PALB2 (79728)_damaging,0.01649919888632615
0,RBBP6 (5930)_damaging,0.04048626517628285
0,TNRC6A (27327)_damaging,0.008578631058649502
0,GTF3C1 (2975)_damaging,0.021754356882501245
0,ATXN2L (11273)_damaging,0.0032495180870150595
0,ITGAL (3683)_damaging,0.04403675635119244
0,SRCAP (10847)_damaging,0.0021636113648409905
0,SETD1A (9739)_damaging,0.008489762287194379
0,ZNF668 (79759)_damaging,0.06989345529232832
0,ITGAD (3681)_damaging,0.006292585731736149
0,SALL1 (6299)_damaging,0.07158688821663446
0,CHD9 (80205)_damaging,0.022860744382714078
0,RBL2 (5934)_damaging,0.022771956555465857
0,NLRC5 (84166)_damaging,0.0519715851194509
0,CNGB1 (1258)_damaging,0.0077887886742599825
0,CNOT1 (23019)_damaging,0.01287931804803736
0,CDH8 (1006)_damaging,0.023439887720879467
0,CDH11 (1009)_damaging,0.035855108663921186
0,CTCF (10664)_damaging,0.06382867712135394
0,CDH1 (999)_damaging,0.011827763384297016
0,NFAT5 (10725)_damaging,0.04508289562357801
0,MTSS2 (92154)_damaging,0.02439698270058178
0,DHX38 (9785)_damaging,0.0498416764297708
0,ZFHX3 (463)_damaging,0.06483624087987036
0,CNTNAP4 (85445)_damaging,0.039637401604170244
0,ADAMTS18 (170692)_damaging,0.017421083732566563
0,ZNF469 (84627)_damaging,0.03161845014738473
0,ZC3H18 (124245)_damaging,0.02890008542172679
0,LINC02138 (400558)_damaging,0.027465502951926426
0,CDH15 (1013)_damaging,0.02414573311709323
0,ANKRD11 (29123)_damaging,0.014420807829426514
0,VPS9D1 (9605)_damaging,0.009360066406265494
0,FANCA (2175)_damaging,0.024285271259244783
0,CLUH (23277)_damaging,0.021777179255157254
0,SPATA22 (84690)_damaging,0.05889786486854757
0,ZZEF1 (23140)_damaging,0.018894113319890025
0,USP6 (9098)_damaging,0.009721114142886839
0,ACADVL (37)_damaging,0.0353984892790991
0,FXR2 (9513)_damaging,0.04353843990648992
0,TP53 (7157)_damaging,0.4295149329527976
0,EFNB3 (1949)_damaging,0.011399151469356487
0,DNAH2 (146754)_damaging,0.04327826882527835
0,KDM6B (23135)_damaging,0.09179582207540979
0,CHD3 (1107)_damaging,0.01981864966937371
0,ALOX12B (242)_damaging,0.03109952502676765
0,PER1 (5187)_damaging,0.06157661703060822
0,PFAS (5198)_damaging,0.016129619959889582
0,USP43 (124739)_damaging,0.0621889275740189
0,MYH13 (8735)_damaging,0.0033314353617618217
0,MYH8 (4626)_damaging,0.05434146360845564
0,MYH4 (4622)_damaging,0.003452054214458093
0,MYH1 (4619)_damaging,0.050737547558360074
0,MYH2 (4620)_damaging,0.005892815657497434
0,DNAH9 (1770)_damaging,0.048355114799881346
0,NCOR1 (9611)_damaging,0.03880469851256629
0,FLCN (201163)_damaging,0.03144959196515591
0,MYO15A (51168)_damaging,0.013904946702720591
0,TOP3A (7156)_damaging,0.02489061096404506
0,KSR1 (8844)_damaging,0.017080982481980464
0,EFCAB5 (374786)_damaging,0.00576288200488833
0,CPD (1362)_damaging,0.02808721910819507
0,ATAD5 (79915)_damaging,0.030170565443164987
0,NF1 (4763)_damaging,0.07319989199189793
0,SLFN11 (91607)_damaging,0.015731972796624066
0,ACACA (31)_damaging,0.06362429854792642
0,GPR179 (440435)_damaging,0.0007604476183658471
0,ARHGAP23 (57636)_damaging,0.05203552957249408
0,SRCIN1 (80725)_damaging,0.03554647038143456
0,MED1 (5469)_damaging,0.03693692202508181
0,TOP2A (7153)_damaging,0.02316345484137847
0,KCNH4 (23415)_damaging,0.05507063174242262
0,STAT5B (6777)_damaging,0.0025725945774722255
0,PLEKHH3 (79990)_damaging,0.016448814226343016
0,BRCA1 (672)_damaging,0.004107305668296703
0,ITGA2B (3674)_damaging,0.027598758562336855
0,GPATCH8 (23131)_damaging,0.07616177451647671
0,KANSL1 (284058)_damaging,0.01664461048432627
0,HOXB3 (3213)_damaging,0.05370021219948459
0,COL1A1 (1277)_damaging,0.061426807044441326
0,ANKFN1 (162282)_damaging,0.04403206630546456
0,TSPOAP1 (9256)_damaging,0.008721626464999655
0,RNF43 (54894)_damaging,0.08372936682814129
0,CLTC (1213)_damaging,0.0013429052258027414
0,PPM1D (8493)_damaging,0.005976359870431042
0,TBX4 (9496)_damaging,0.03257548652476004
0,MED13 (9969)_damaging,0.0179808163787379
0,SCN4A (6329)_damaging,0.07802804631297978
0,GNA13 (10672)_damaging,0.08612367712114513
0,AXIN2 (8313)_damaging,0.011265776853633657
0,BPTF (2186)_damaging,0.017562130048915145
0,ABCA8 (10351)_damaging,0.01658937259906711
0,ABCA9 (10350)_damaging,0.045168352863549664
0,ABCA6 (23460)_damaging,0.014299695388393667
0,ABCA10 (10349)_damaging,0.02368474954287987
0,ABCA5 (23461)_damaging,0.06600368881845359
0,SOX9 (6662)_damaging,0.008721391212662662
0,SDK2 (54549)_damaging,0.00022169965323527542
0,TMEM94 (9772)_damaging,0.02020974787321681
0,CASKIN2 (57513)_damaging,0.0016070247538572564
0,MYO15B (80022)_damaging,0.006497473360707797
0,ITGB4 (3691)_damaging,0.08920976162140996
0,EVPL (2125)_damaging,0.018169817502630217
0,TNRC6C (57690)_damaging,0.020282647384608013
0,DNAH17 (8632)_damaging,0.037146272891439916
0,CCDC40 (55036)_damaging,0.02767283479790731
0,BAHCC1 (57597)_damaging,0.02310391641216271
0,FASN (2194)_damaging,0.05044056270352365
0,FOXK2 (3607)_damaging,0.018870705248805016
0,USP14 (9097)_damaging,0.0034877192264116184
0,SMCHD1 (23347)_damaging,0.03312014219609078
0,EPB41L3 (23136)_damaging,0.021866207593913986
0,LAMA1 (284217)_damaging,0.0045722145545052
0,PTPRM (5797)_damaging,0.024151595461886905
0,MTCL1 (23255)_damaging,0.016653956717499946
0,ANKRD12 (23253)_damaging,0.0017912745315271713
0,PIEZO2 (63895)_damaging,0.005521717404813663
0,ANKRD30B (374860)_damaging,0.03718039701670783
0,ROCK1 (6093)_damaging,0.024923742007503195
0,ESCO1 (114799)_damaging,0.05470492537107451
0,LAMA3 (3909)_damaging,0.0019763551957241066
0,OSBPL1A (114876)_damaging,0.04556243199637576
0,ZNF521 (25925)_damaging,0.021437179584870618
0,KLHL14 (57565)_damaging,0.04828919782427604
0,CCDC178 (374864)_damaging,0.04359664600204279
0,ASXL3 (80816)_damaging,0.0383694982304758
0,FHOD3 (80206)_damaging,0.013099256569421222
0,SETBP1 (26040)_damaging,0.03967672611283314
0,LOXHD1 (125336)_damaging,0.01665961711057146
0,SKOR2 (652991)_damaging,0.07462722638602348
0,ZBTB7C (201501)_damaging,0.005075700882586207
0,MYO5B (4645)_damaging,0.006411598360321017
0,SMAD4 (4089)_damaging,0.03016394847856468
0,DCC (1630)_damaging,0.013088715539507138
0,ALPK2 (115701)_damaging,0.07822261552517681
0,CDH7 (1005)_damaging,0.06229032896926599
0,DSEL (92126)_damaging,0.0052809903518287425
0,RTTN (25914)_damaging,0.004844326419332181
0,CBLN2 (147381)_damaging,0.028873206326244752
0,ZNF236 (7776)_damaging,0.041150698262771616
0,SALL3 (27164)_damaging,0.0708835790103819
0,ATP9B (374868)_damaging,0.039049998078225415
0,KCNG2 (26251)_damaging,0.01650510008747001
0,ABCA7 (10347)_damaging,0.050812047722935155
0,STK11 (6794)_damaging,0.03975608168084492
0,DAZAP1 (26528)_damaging,0.00554198906179109
0,APC2 (10297)_damaging,0.07963856498642409
0,AP3D1 (8943)_damaging,0.044188550961195616
0,DOT1L (84444)_damaging,0.023109981154174057
0,TJP3 (27134)_damaging,0.04093038025962259
0,ZBTB7A (51341)_damaging,0.04234233596933674
0,TICAM1 (148022)_damaging,0.007063390583266455
0,KDM4B (23030)_damaging,0.013986825944116633
0,PTPRS (5802)_damaging,0.061474218771246446
0,SAFB (6294)_damaging,0.050121321519567545
0,CAMSAP3 (57662)_damaging,0.043759768631474474
0,FBN3 (84467)_damaging,0.023445553110283384
0,MUC16 (94025)_damaging,0.05213770339443413
0,COL5A3 (50509)_damaging,0.037143962644107326
0,DNMT1 (1786)_damaging,0.05808803799760061
0,KEAP1 (9817)_damaging,0.0465363533815744
0,DNM2 (1785)_damaging,0.06394386792935342
0,SMARCA4 (6597)_damaging,0.03566574638856266
0,MAN2B1 (4125)_damaging,0.027990350768481352
0,MAST1 (22983)_damaging,0.06550574287742648
0,CACNA1A (773)_damaging,0.058209286366863566
0,NOTCH3 (4854)_damaging,0.014324977706159241
0,WIZ (58525)_damaging,0.030076972644818938
0,AP1M1 (8907)_damaging,0.026002064307168955
0,NWD1 (284434)_damaging,0.0010559207487351528
0,SIN3B (23309)_damaging,0.058321269837738623
0,CPAMD8 (27151)_damaging,0.048418263675405145
0,MYO9B (4650)_damaging,0.03734782286408733
0,ZNF90 (7643)_damaging,0.07535032887072167
0,ZNF43 (7594)_damaging,0.00467370463601105
0,ZNF208 (7757)_damaging,0.011421041389101699
0,ZNF729 (100287226)_damaging,0.019434809791557008
0,ZNF91 (7644)_damaging,0.050726075383117096
0,URI1 (8725)_damaging,0.02094072673918732
0,ZNF536 (9745)_damaging,0.05048549359809251
0,TSHZ3 (57616)_damaging,0.024389711259563962
0,KMT2B (9757)_damaging,0.019255047124792382
0,WDR87 (83889)_damaging,0.014317063389174342
0,SIPA1L3 (23094)_damaging,0.0638905158978985
0,RYR1 (6261)_damaging,0.04127452445883858
0,CAPN12 (147968)_damaging,0.004624346823604525
0,FCGBP (8857)_damaging,0.05313825347167024
0,PRX (57716)_damaging,0.09245411724241569
0,HNRNPUL1 (11100)_damaging,0.05988381625158532
0,ERF (2077)_damaging,0.025669026142807173
0,CIC (23152)_damaging,0.05068948959310588
0,MEGF8 (1954)_damaging,0.031019505473430773
0,MARK4 (57787)_damaging,0.04494347060139582
0,ARHGAP35 (2909)_damaging,0.03140679704752267
0,ZC3H4 (23211)_damaging,0.03291590613761135
0,BICRA (29998)_damaging,0.03230244744049278
0,GRIN2D (2906)_damaging,0.03361554564742275
0,LMTK3 (114783)_damaging,0.006768613994702139
0,TEAD2 (8463)_damaging,0.018667230823207596
0,PRR12 (57479)_damaging,0.01354172134398854
0,SCAF1 (58506)_damaging,0.012207813659337112
0,POLD1 (5424)_damaging,0.01050908280809232
0,SHANK1 (50944)_damaging,0.011012909011454686
0,NLRP7 (199713)_damaging,0.027774680428760093
0,BRSK1 (84446)_damaging,0.024578058718219543
0,SSC5D (284297)_damaging,0.01529891459100561
0,NLRP9 (338321)_damaging,0.037709149667523034
0,NLRP4 (147945)_damaging,0.006441982223226655
0,PEG3 (5178)_damaging,0.01614181959004879
0,ZIM3 (114026)_damaging,0.008357876257126312
0,TPO (7173)_damaging,0.04166343869848787
0,PXDN (7837)_damaging,0.05527980415237202
0,ROCK2 (9475)_damaging,0.044320583785534044
0,GREB1 (9687)_damaging,0.016560277952109105
0,NBAS (51594)_damaging,0.035133840519621755
0,RAD51AP2 (729475)_damaging,0.013733889155670784
0,APOB (338)_damaging,0.0018848797114906877
0,TDRD15 (100129278)_damaging,0.012894333574283072
0,ATAD2B (54454)_damaging,0.0005467083164804736
0,ITSN2 (50618)_damaging,0.028647856087750202
0,DNMT3A (1788)_damaging,0.020663697367753184
0,ASXL2 (55252)_damaging,0.03505620774600971
0,OTOF (9381)_damaging,0.025863964494111904
0,EMILIN1 (11117)_damaging,0.005198316926187647
0,CAD (790)_damaging,0.05462501847588424
0,IFT172 (26160)_damaging,0.005916248837413294
0,SPATA31H1 (84226)_damaging,0.049436053026843375
0,ALK (238)_damaging,0.014035125526430593
0,BIRC6 (57448)_damaging,0.0015377253662967987
0,LTBP1 (4052)_damaging,0.011667364077695325
0,VIT (5212)_damaging,0.04889780399837929
0,HEATR5B (54497)_damaging,0.010702301318324284
0,ZFP36L2 (678)_damaging,0.0680482567000065
0,THADA (63892)_damaging,0.018739185087533472
0,MSH2 (4436)_damaging,0.0013882296742001611
0,MSH6 (2956)_damaging,0.03307830721092253
0,NRXN1 (9378)_damaging,0.007464964302411761
0,PSME4 (23198)_damaging,0.006773866135258697
0,SPTBN1 (6711)_damaging,0.036318649440701775
0,EML6 (400954)_damaging,0.020461909092034217
0,CCDC88A (55704)_damaging,0.05600440894525609
0,USP34 (9736)_damaging,0.03651678626046289
0,C2orf42 (54980)_damaging,0.020829207950622614
0,ZNF638 (27332)_damaging,0.006549456430925696
0,DYSF (8291)_damaging,0.040052801339593394
0,ALMS1 (7840)_damaging,0.021775161570668188
0,C2orf78 (388960)_damaging,0.0834001398689326
0,CTNNA2 (1496)_damaging,0.06257440302465375
0,DNAH6 (1768)_damaging,0.022916111325472267
0,PROM2 (150696)_damaging,0.0013333377808834048
0,ANKRD36C (400986)_damaging,0.02543339144782012
0,TMEM131 (23505)_damaging,0.0037746176852191137
0,VWA3B (200403)_damaging,0.06339272163458355
0,CRACDL (343990)_damaging,0.008620202201375585
0,EIF5B (9669)_damaging,0.05196720312465855
0,REV1 (51455)_damaging,0.07534161914300733
0,AFF3 (3899)_damaging,0.1052607059799109
0,GCC2 (9648)_damaging,0.015718328270244362
0,RANBP2 (5903)_damaging,0.030726886818289906
0,DPP10 (57628)_damaging,0.04545676718298402
0,MARCO (8685)_damaging,0.030898215284104392
0,EPB41L5 (57669)_damaging,0.06556817905811771
0,CLASP1 (23332)_damaging,0.08434325241536861
0,CNTNAP5 (129684)_damaging,0.060544786717493845
0,WDR33 (55339)_damaging,0.039637715737112875
0,UGGT1 (56886)_damaging,0.010238153310498578
0,AMER3 (205147)_damaging,0.0006781830469725332
0,ARHGEF4 (50649)_damaging,0.008983061926696406
0,NCKAP5 (344148)_damaging,0.04102811856787826
0,THSD7B (80731)_damaging,0.08234250100513876
0,LRP1B (53353)_damaging,0.091305552351371
0,ZEB2 (9839)_damaging,0.01360026999855641
0,ACVR2A (92)_damaging,0.019246484638348552
0,ORC4 (5000)_damaging,0.03115841321939746
0,KIF5C (3800)_damaging,0.0027995137290599756
0,RIF1 (55183)_damaging,0.08381412251977152
0,NEB (4703)_damaging,0.0343821538555764
0,GALNT13 (114805)_damaging,0.047108390455366383
0,TANC1 (85461)_damaging,0.051162338757514164
0,BAZ2B (29994)_damaging,0.006748127223896896
0,LY75 (4065)_damaging,0.009216913679648697
0,PLA2R1 (22925)_damaging,0.0006507544197440018
0,SLC4A10 (57282)_damaging,0.048947883517022325
0,KCNH7 (90134)_damaging,0.0263796626710766
0,FIGN (55137)_damaging,0.011337752697541293
0,SCN3A (6328)_damaging,0.015610138543351434
0,SCN2A (6326)_damaging,0.05897982320502282
0,TTC21B (79809)_damaging,0.0031665618857410877
0,SCN1A (6323)_damaging,0.019263592931529277
0,SCN9A (6335)_damaging,0.0026486412432262995
0,SCN7A (6332)_damaging,0.06468218256319554
0,XIRP2 (129446)_damaging,0.035181988811155175
0,LRP2 (4036)_damaging,0.0015973226391985357
0,KLHL41 (10324)_damaging,0.01709358800637213
0,PPIG (9360)_damaging,0.06831111154530072
0,GPR155 (151556)_damaging,0.07614638164256621
0,HOXD11 (3237)_damaging,0.012517158090012102
0,TTN (7273)_damaging,0.06055566527866772
0,CCDC141 (285025)_damaging,0.004744382108933739
0,FSIP2 (401024)_damaging,0.027360872505368464
0,ITGAV (3685)_damaging,0.006066112188239968
0,COL3A1 (1281)_damaging,0.03157913287320729
0,COL5A2 (1290)_damaging,0.0891317585124724
0,ANKAR (150709)_damaging,0.029360122617885998
0,DNAH7 (56171)_damaging,0.03878740888338559
0,PLCL1 (5334)_damaging,0.003922309525408337
0,SGO2 (151246)_damaging,0.009104447576865307
0,CASP8 (841)_damaging,0.026312436378288007
0,C2CD6 (151254)_damaging,0.01720150177224266
0,KIAA2012 (100652824)_damaging,0.05325396490789094
0,BMPR2 (659)_damaging,0.014696906382543283
0,NBEAL1 (65065)_damaging,0.06098999749880629
0,PARD3B (117583)_damaging,0.06664289801855891
0,NRP2 (8828)_damaging,0.015277726736342555
0,INO80D (54891)_damaging,0.016664685701358192
0,ZDBF2 (57683)_damaging,0.024007477577808897
0,MAP2 (4133)_damaging,0.015292731539282203
0,UNC80 (285175)_damaging,0.04338230382409973
0,CPS1 (1373)_damaging,0.0009841812197891526
0,ERBB4 (2066)_damaging,0.026048289958276974
0,ABCA12 (26154)_damaging,0.0486803477849053
0,FN1 (2335)_damaging,0.06078413941771804
0,TNS1 (7145)_damaging,0.025324225304026036
0,CFAP65 (255101)_damaging,0.039061596945742724
0,SPEG (10290)_damaging,0.04411000656613573
0,OBSL1 (23363)_damaging,0.023259553165590183
0,SLC4A3 (6508)_damaging,0.07948906417206937
0,DOCK10 (55619)_damaging,0.022083363361678633
0,NYAP2 (57624)_damaging,0.017941673283102772
0,COL4A4 (1286)_damaging,0.048962419744480526
0,SPHKAP (80309)_damaging,0.023246001306810836
0,TRIP12 (9320)_damaging,0.04663740178683332
0,GIGYF2 (26058)_damaging,0.03912137782373735
0,MROH2A (339766)_damaging,0.006303932241597797
0,COL6A3 (1293)_damaging,0.07085504247840176
0,RBM44 (375316)_damaging,0.004791606298921456
0,HDAC4 (9759)_damaging,0.0475796447781755
0,KIF1A (547)_damaging,0.03482073059711481
0,CROCC2 (728763)_damaging,0.027804602883268862
0,TRIB3 (57761)_damaging,0.06326929426120817
0,TGM6 (343641)_damaging,0.07913880489175178
0,FASTKD5 (60493)_damaging,0.06424666977335927
0,SLC4A11 (83959)_damaging,0.024196878573775657
0,PLCB4 (5332)_damaging,0.04266243505877082
0,ESF1 (51575)_damaging,0.01198633676265559
0,SEL1L2 (80343)_damaging,0.012689529777903979
0,RRBP1 (6238)_damaging,0.012724137120469086
0,CFAP61 (26074)_damaging,0.04498153506728837
0,RALGAPA2 (57186)_damaging,0.0583631440862896
0,ASXL1 (171023)_damaging,0.07723755232369622
0,NCOA6 (23054)_damaging,0.011708669905658178
0,MYH7B (57644)_damaging,0.02619181295693964
0,SAMHD1 (25939)_damaging,0.015740273208451467
0,KIAA1755 (85449)_damaging,0.03502091983011793
0,RALGAPB (57148)_damaging,0.019079087028013753
0,CHD6 (84181)_damaging,0.005120752746206665
0,PTPRT (11122)_damaging,0.07409735986359732
0,L3MBTL1 (26013)_damaging,0.011081389301654965
0,DDX27 (55661)_damaging,0.012415461600399478
0,KCNB1 (3745)_damaging,0.0016912323568057134
0,ZNF831 (128611)_damaging,0.02200441242330578
0,SYCP2 (10388)_damaging,0.03216687199295243
0,LAMA5 (3911)_damaging,0.008139651986610794
0,DIDO1 (11083)_damaging,0.07958655406534662
0,COL20A1 (57642)_damaging,0.031340000892401056
0,HELZ2 (85441)_damaging,0.05700166605752401
0,TPTE (7179)_damaging,0.010218306801062242
0,NRIP1 (8204)_damaging,0.04325539614669354
0,LTN1 (26046)_damaging,0.03372740784300236
0,SCAF4 (57466)_damaging,0.030302624717512758
0,ITSN1 (6453)_damaging,0.032156334690515896
0,DOP1B (9980)_damaging,0.04515996860233618
0,BRWD1 (54014)_damaging,0.10413765213685926
0,DSCAM (1826)_damaging,0.0046408618560409105
0,ZBTB21 (49854)_damaging,0.0030492018416013833
0,UMODL1 (89766)_damaging,0.006596493001816305
0,NDUFV3 (4731)_damaging,0.00018798341569671004
0,COL18A1 (80781)_damaging,0.03720016536749813
0,PCNT (5116)_damaging,0.01028622683634093
0,CECR2 (27443)_damaging,0.03114157377664554
0,MED15 (51586)_damaging,0.00992398474270758
0,LZTR1 (8216)_damaging,0.08731920209487001
0,SMARCB1 (6598)_damaging,0.04115617122684132
0,MYO18B (84700)_damaging,0.03152672961780116
0,CHEK2 (11200)_damaging,0.07575246337717832
0,ZNRF3 (84133)_damaging,0.04452168049862169
0,NF2 (4771)_damaging,0.13950541744192663
0,PRR14L (253143)_damaging,0.014633428347370284
0,DEPDC5 (9681)_damaging,0.046437799231152516
0,RTCB (51493)_damaging,0.0029359338679317633
0,MYH9 (4627)_damaging,0.01716997663567581
0,TRIOBP (11078)_damaging,0.04440523839232463
0,CACNA1I (8911)_damaging,0.005586695196935701
0,TNRC6B (23112)_damaging,0.04158699045315694
0,EP300 (2033)_damaging,0.004521415400814621
0,ZC3H7B (23264)_damaging,0.0014869143717289902
0,MEI1 (150365)_damaging,0.02917879917189058
0,TCF20 (6942)_damaging,0.005136482678210421
0,SMC1B (27127)_damaging,0.020227603576303096
0,PKDREJ (10343)_damaging,0.016496104077465067
0,PLXNB2 (23654)_damaging,0.01211860573739501
0,PPP6R2 (9701)_damaging,0.01411494057221523
0,SBF1 (6305)_damaging,0.010926407896126046
0,CNTN6 (27255)_damaging,0.02204058659062746
0,CNTN4 (152330)_damaging,0.034489796880641986
0,GRM7 (2917)_damaging,0.015478611873110974
0,SSUH2 (51066)_damaging,0.03892529626307138
0,VHL (7428)_damaging,0.0206678974285222
0,NUP210 (23225)_damaging,0.043467976139499334
0,TGFBR2 (7048)_damaging,0.08552799089271067
0,CLASP2 (23122)_damaging,0.01737978818503826
0,TRANK1 (9881)_damaging,0.03125960711883049
0,MLH1 (4292)_damaging,0.017638246610578712
0,GOLGA4 (2803)_damaging,0.04450560303097352
0,VILL (50853)_damaging,0.030632762672658617
0,SCN5A (6331)_damaging,0.058986115665215326
0,SCN10A (6336)_damaging,0.016355535965416525
0,SCN11A (11280)_damaging,0.026173421305340477
0,TOPAZ1 (375337)_damaging,0.017726993052931198
0,KIF15 (56992)_damaging,0.024112064255207413
0,SETD2 (29072)_damaging,0.025810510796071728
0,PTPN23 (25930)_damaging,0.0003077877965768174
0,PLXNB1 (5364)_damaging,0.007630076926243615
0,COL7A1 (1294)_damaging,0.02104094281925401
0,CELSR3 (1951)_damaging,0.010330201987897289
0,RHOA (387)_damaging,0.02416059083847916
0,BSN (8927)_damaging,0.10183979957361614
0,RBM6 (10180)_damaging,0.02636169839340759
0,DOCK3 (1795)_damaging,0.013381002207882286
0,DNAH1 (25981)_damaging,0.029367897247617538
0,BAP1 (8314)_damaging,0.07149776998498344
0,STAB1 (23166)_damaging,0.0025074989487218246
0,PBRM1 (55193)_damaging,0.03260711052357701
0,CACNA1D (776)_damaging,0.09251911822699552
0,DNAH12 (201625)_damaging,0.017829143128489905
0,FLNB (2317)_damaging,0.014452202539777262
0,PTPRG (5793)_damaging,0.0674873776614495
0,ATXN7 (6314)_damaging,0.02016658030986601
0,CNTN3 (5067)_damaging,0.0841335632857703
0,ROBO2 (6092)_damaging,0.08024290257382664
0,ROBO1 (6091)_damaging,0.005212869604080512
0,EPHA3 (2042)_damaging,0.05610887779397119
0,EPHA6 (285220)_damaging,0.031985568998279805
0,CRYBG3 (131544)_damaging,0.05106421586475997
0,ABI3BP (25890)_damaging,0.004610938897992649
0,MYH15 (22989)_damaging,0.018795112540584857
0,DZIP3 (9666)_damaging,0.01107509960196484
0,MORC1 (27136)_damaging,0.011319113391156347
0,CFAP44 (55779)_damaging,0.05398666938308629
0,ZBTB20 (26137)_damaging,0.030779025761836633
0,CFAP91 (89876)_damaging,0.020115586229525705
0,STXBP5L (9515)_damaging,0.01570094256431376
0,POLQ (10721)_damaging,0.03660616399376127
0,MYLK (4638)_damaging,0.03002114265733574
0,KALRN (8997)_damaging,0.04764479582939327
0,MBD4 (8930)_damaging,0.004351391737784603
0,COL6A5 (256076)_damaging,0.05136421487958671
0,COL6A6 (131873)_damaging,0.02610949465576664
0,DNAJC13 (23317)_damaging,0.03885268511770198
0,TOPBP1 (11073)_damaging,0.03180137202712779
0,RASA2 (5922)_damaging,0.01277073391265438
0,XRN1 (54464)_damaging,0.0028520195224057436
0,ATR (545)_damaging,0.05671684144702388
0,HPS3 (84343)_damaging,0.04511887093493038
0,MED12L (116931)_damaging,0.016809996745829253
0,IGSF10 (285313)_damaging,0.04824993024392966
0,ARHGEF26 (26084)_damaging,0.0037863199514771824
0,MME (4311)_damaging,0.033649569349590555
0,PLCH1 (23007)_damaging,0.0017742422496026678
0,SMC4 (10051)_damaging,0.03532115258940251
0,SI (6476)_damaging,0.015384140707867614
0,ZBBX (79740)_damaging,0.0704331934681866
0,MECOM (2122)_damaging,0.05218051617434383
0,SPATA16 (83893)_damaging,0.0012359973856281626
0,USP13 (8975)_damaging,0.013021699820593468
0,B3GNT5 (84002)_damaging,0.02439640007982973
0,MUC4 (4585)_damaging,0.06653386048439641
0,TNK2 (10188)_damaging,0.030278486195864512
0,NSD2 (7468)_damaging,0.07207134708080394
0,POLN (353497)_damaging,0.04788986859146882
0,FAM193A (8603)_damaging,0.013812164218596164
0,JAKMIP1 (152789)_damaging,0.018913327291671844
0,UNC93B7 (100887746)_damaging,0.018697833267631265
0,BOD1L1 (259282)_damaging,0.01843251142853921
0,SLIT2 (9353)_damaging,0.010198954444716232
0,PCDH7 (5099)_damaging,0.01549708762285287
0,KLF3 (51274)_damaging,0.013799482658787313
0,LIMCH1 (22998)_damaging,0.021303744277700865
0,BEND4 (389206)_damaging,0.04515317540467059
0,ATP10D (57205)_damaging,0.020814314824242286
0,CORIN (10699)_damaging,0.010298302438454844
0,FRYL (285527)_damaging,0.019597482831671658
0,KDR (3791)_damaging,0.019874886637461116
0,CRACD (57482)_damaging,0.06111748301435868
0,POLR2B (5431)_damaging,0.033884409376274
0,ADGRL3 (23284)_damaging,0.050748267944765973
0,EPHA5 (2044)_damaging,0.01583637321430597
0,CENPC (1060)_damaging,0.048318279451450626
0,ADAMTS3 (9508)_damaging,0.06614373076442014
0,SHROOM3 (57619)_damaging,0.00976212246213968
0,FRAS1 (80144)_damaging,0.003395110829757685
0,WDFY3 (23001)_damaging,0.05455163227941578
0,PTPN13 (5783)_damaging,0.025982348794772604
0,AFF1 (4299)_damaging,0.023595868059983986
0,MMRN1 (22915)_damaging,0.025319244517436414
0,GRID2 (2895)_damaging,0.02056093387334599
0,SMARCAD1 (56916)_damaging,0.02204802463892764
0,UNC5C (8633)_damaging,0.014947282545411826
0,CENPE (1062)_damaging,0.013990931493589378
0,TET2 (54790)_damaging,0.054079648749581606
0,COL25A1 (84570)_damaging,0.016322752773769447
0,ANK2 (287)_damaging,0.013840090219983732
0,BLTP1 (84162)_damaging,0.035195002568371846
0,FAT4 (79633)_damaging,0.052921371970058945
0,PCDH10 (57575)_damaging,0.015215165659130774
0,NAA15 (80155)_damaging,0.009984708649755009
0,LRBA (987)_damaging,0.05385187173609725
0,FBXW7 (55294)_damaging,0.0027951728517055033
0,FHDC1 (85462)_damaging,0.014326101742014825
0,DCHS2 (54798)_damaging,0.014269438665556512
0,MAP9 (79884)_damaging,0.0500915590117139
0,GRIA2 (2891)_damaging,0.05693963941422784
0,RXFP1 (59350)_damaging,0.04217912052185312
0,RAPGEF2 (9693)_damaging,0.014702533928187256
0,FSTL5 (56884)_damaging,0.005207560836764185
0,DDX60 (55601)_damaging,0.0709356016188638
0,CLCN3 (1182)_damaging,0.019454867985648407
0,WDR17 (116966)_damaging,0.041235647069879956
0,TENM3 (55714)_damaging,0.025860706961503287
0,WWC2 (80014)_damaging,0.07072479786926307
0,FAT1 (2195)_damaging,0.07022412654189253
0,SDHA (6389)_damaging,0.0007403932142383964
0,SLC12A7 (10723)_damaging,0.008401064980556918
0,TERT (7015)_damaging,0.07512408635811205
0,ADAMTS16 (170690)_damaging,0.018771752154848404
0,ICE1 (23379)_damaging,0.05984536330174109
0,ADCY2 (108)_damaging,0.022772925108983304
0,CTNND2 (1501)_damaging,0.01318091207367472
0,DNAH5 (1767)_damaging,0.0406083955794535
0,TRIO (7204)_damaging,0.02383553562449241
0,CDH18 (1016)_damaging,0.051924170318811594
0,PRDM9 (56979)_damaging,0.006602385189876554
0,CDH10 (1008)_damaging,0.015182210864937493
0,CDH6 (1004)_damaging,0.005800323500782393
0,PDZD2 (23037)_damaging,0.009959894765774876
0,ADAMTS12 (81792)_damaging,0.08141242058787304
0,SPEF2 (79925)_damaging,0.023386502875597525
0,NIPBL (25836)_damaging,0.05828354130261167
0,CPLANE1 (65250)_damaging,0.03947653693640789
0,EGFLAM (133584)_damaging,0.030732200867082202
0,C7 (730)_damaging,0.07333709743674552
0,MROH2B (133558)_damaging,0.055485457570328654
0,C6 (729)_damaging,0.026864124298425017
0,HCN1 (348980)_damaging,0.0266565024402814
0,ITGA2 (3673)_damaging,0.04418876742070331
0,DHX29 (54505)_damaging,0.005880094534870973
0,PIK3R1 (5295)_damaging,0.04189833625673736
0,RAD17 (5884)_damaging,0.03323059950471727
0,BDP1 (55814)_damaging,0.03747016646728066
0,ARHGEF28 (64283)_damaging,0.0641693637583057
0,ANKRD31 (256006)_damaging,0.03192677191007893
0,IQGAP2 (10788)_damaging,0.003758288125156641
0,AP3B1 (8546)_damaging,0.013393617712410882
0,CMYA5 (202333)_damaging,0.035174885512421046
0,MSH3 (4437)_damaging,0.056672603672501466
0,VCAN (1462)_damaging,0.006271315277835577
0,RASA1 (5921)_damaging,0.022313391997402045
0,ADGRV1 (84059)_damaging,0.03783530015908627
0,KIAA0825 (285600)_damaging,0.039182455313082246
0,MCTP1 (79772)_damaging,0.009658400276341142
0,SKIC3 (9652)_damaging,0.030711304733345334
0,ARSK (153642)_damaging,0.005576486762462084
0,CHD1 (1105)_damaging,0.013789084481625401
0,SLCO6A1 (133482)_damaging,0.013665128367832546
0,APC (324)_damaging,0.10518221293036507
0,YTHDC2 (64848)_damaging,0.033273700526320074
0,DMXL1 (1657)_damaging,0.0560889402305604
0,ZNF608 (57507)_damaging,0.02804308863355475
0,FBN2 (2201)_damaging,0.02384753240996655
0,ADAMTS19 (171019)_damaging,0.03459408959947384
0,FNIP1 (96459)_damaging,0.04939681392338794
0,RAD50 (10111)_damaging,0.07182912766813608
0,KIF3A (11127)_damaging,0.03401992165791563
0,FSTL4 (23105)_damaging,0.03291389830487391
0,PITX1 (5307)_damaging,0.04884249308373785
0,LINC02900 (340073)_damaging,0.023596687971955674
0,CTNNA1 (1495)_damaging,0.08096026096464204
0,PCDHB2 (56133)_damaging,0.012340465052520325
0,TCERG1 (10915)_damaging,0.05074068305582865
0,FAT2 (2196)_damaging,0.06361754887024233
0,GRIA1 (2890)_damaging,0.01834026179963241
0,LARP1 (23367)_damaging,0.002930043576687574
0,GEMIN5 (25929)_damaging,0.03141157771913815
0,GABRA6 (2559)_damaging,0.06734356248124838
0,GABRG2 (2566)_damaging,0.06425612238798253
0,DOCK2 (1794)_damaging,0.016280751871635624
0,NSD1 (64324)_damaging,0.0864454303843166
0,FLT4 (2324)_damaging,0.07223106703664203
0,DSP (1832)_damaging,0.006592899798257397
0,HIVEP1 (3096)_damaging,0.0027640887115243035
0,PHACTR1 (221692)_damaging,0.017212119378042904
0,JARID2 (3720)_damaging,0.015923813966243077
0,ATXN1 (6310)_damaging,0.00021055668598044504
0,HLA-A (3105)_damaging,0.06511519246246111
0,MDC1 (9656)_damaging,0.002543676899901781
0,MUCL3 (135656)_damaging,0.006391087055461797
0,HLA-C (3107)_damaging,0.0095461865405735
0,HLA-B (3106)_damaging,0.072726184546796
0,PRRC2A (7916)_damaging,0.0056033578294753025
0,BAG6 (7917)_damaging,0.029492402255062108
0,TNXB (7148)_damaging,0.0208167534321236
0,NOTCH4 (4855)_damaging,0.019130533794619712
0,HLA-DRB5 (3127)_damaging,0.005279902737020469
0,COL11A2 (1302)_damaging,0.01775343974746317
0,ITPR3 (3710)_damaging,0.04161932700615482
0,DNAH8 (1769)_damaging,0.08138968842261043
0,LRFN2 (57497)_damaging,0.06044357670929242
0,CCND3 (896)_damaging,0.1305113906386143
0,CUL9 (23113)_damaging,0.07847857886896256
0,ZNF318 (24149)_damaging,0.052216308391453636
0,TDRD6 (221400)_damaging,0.011146033111961289
0,MMUT (4594)_damaging,0.00249593624927483
0,PKHD1 (5314)_damaging,0.10386151711416994
0,DST (667)_damaging,0.03505881191575052
0,PHF3 (23469)_damaging,0.016520916468470266
0,EYS (346007)_damaging,0.032243245582395774
0,ADGRB3 (577)_damaging,0.0029348377455322913
0,COL19A1 (1310)_damaging,0.04922877465282199
0,COL9A1 (1297)_damaging,0.09218897840355586
0,RIMS1 (22999)_damaging,0.008328243614690903
0,COL12A1 (1303)_damaging,0.020784907670369612
0,TTK (7272)_damaging,0.011966036919168315
0,CEP162 (22832)_damaging,0.0039413076467697825
0,SYNCRIP (10492)_damaging,0.06711826478851346
0,ZNF292 (23036)_damaging,0.004777491637762448
0,MDN1 (23195)_damaging,0.042450043143669895
0,CASP8AP2 (9994)_damaging,0.06234398504889077
0,EPHA7 (2045)_damaging,0.0018379754444011371
0,MMS22L (253714)_damaging,0.024257040991991198
0,PNISR (25957)_damaging,0.00018141713105010194
0,ASCC3 (10973)_damaging,0.0673955678895618
0,AK9 (221264)_damaging,0.004481135914029711
0,REV3L (5980)_damaging,0.0443402290702032
0,HDAC2 (3066)_damaging,0.005617955544100708
0,ROS1 (6098)_damaging,0.017170179300768054
0,TBC1D32 (221322)_damaging,0.011952124894360237
0,TRDN (10345)_damaging,0.005077464606702533
0,LAMA2 (3908)_damaging,0.030868582157356276
0,AKAP7 (9465)_damaging,0.0006159020229791999
0,MED23 (9439)_damaging,0.07405902345574682
0,NHSL1 (57224)_damaging,0.020969159563336923
0,ECT2L (345930)_damaging,0.012138981776785194
0,HECA (51696)_damaging,0.034559474332208365
0,HIVEP2 (3097)_damaging,0.02101101313487966
0,UTRN (7402)_damaging,0.025712630097670736
0,SHPRH (257218)_damaging,0.015162123448059707
0,STXBP5 (134957)_damaging,0.007667889164749023
0,LATS1 (9113)_damaging,0.05854039104316143
0,SYNE1 (23345)_damaging,0.0376704785904097
0,SCAF8 (22828)_damaging,0.01950352949777935
0,ARID1B (57492)_damaging,0.052459347941681465
0,FNDC1 (84624)_damaging,0.0050558589308569435
0,IGF2R (3482)_damaging,0.050021140001055876
0,LPA (4018)_damaging,0.036858685381412494
0,MAP3K4 (4216)_damaging,0.06378008285240636
0,QKI (9444)_damaging,0.04979027779674124
0,AFDN (4301)_damaging,0.04453555306078332
0,CARD11 (84433)_damaging,0.00742857695316112
0,TNRC18 (84629)_damaging,0.03481520286748902
0,PMS2 (5395)_damaging,0.039692251217940615
0,COL28A1 (340267)_damaging,0.019967561132283505
0,THSD7A (221981)_damaging,0.03229448643650572
0,VWDE (221806)_damaging,0.02741393963628783
0,DGKB (1607)_damaging,0.01575278232984927
0,AHR (196)_damaging,0.056315215541179624
0,HDAC9 (9734)_damaging,0.00839335585693283
0,ABCB5 (340273)_damaging,0.06973689734905067
0,DNAH11 (8701)_damaging,0.047660456040400014
0,RAPGEF5 (9771)_damaging,0.013015017056179266
0,CDK13 (8621)_damaging,0.035494235859341215
0,GLI3 (2737)_damaging,0.059207195667693176
0,HECW1 (23072)_damaging,0.01313914980135646
0,AEBP1 (165)_damaging,0.07796805698816033
0,PKD1L1 (168507)_damaging,0.02824857737606779
0,ABCA13 (154664)_damaging,0.07365527701375506
0,EGFR (1956)_damaging,0.02391350272460453
0,ZNF716 (441234)_damaging,0.00905693553986386
0,MAGI2 (9863)_damaging,0.01453621322202249
0,CD36 (948)_damaging,0.019581408239301573
0,PCLO (27445)_damaging,0.006067171285653614
0,SEMA3E (9723)_damaging,0.10404823799597306
0,ABCB4 (5244)_damaging,0.014299627955180118
0,ABCB1 (5243)_damaging,0.02827459049221976
0,ADAM22 (53616)_damaging,0.08124622518687889
0,ZNF804B (219578)_damaging,0.05236278598794542
0,AKAP9 (10142)_damaging,0.09105975881464941
0,ANKIB1 (54467)_damaging,0.0421274420457753
0,SAMD9 (54809)_damaging,0.002343196053470721
0,SAMD9L (219285)_damaging,0.039073697235383315
0,CALCR (799)_damaging,0.032505379542153386
0,COL1A2 (1278)_damaging,0.03406115366848695
0,TRRAP (8295)_damaging,0.022225852168864836
0,ZAN (7455)_damaging,0.043842986179781385
0,MUC3A (4584)_damaging,0.03421342318090686
0,MUC12 (10071)_damaging,0.07841126250312574
0,MUC17 (140453)_damaging,0.011372843964214518
0,PLOD3 (8985)_damaging,0.002590729633507969
0,CUX1 (1523)_damaging,0.0318711320654277
0,RELN (5649)_damaging,0.005868270234183463
0,KMT2E (55904)_damaging,0.04428626837823222
0,PIK3CG (5294)_damaging,0.0029298857114090607
0,LAMB4 (22798)_damaging,0.02390742381979047
0,PPP1R3A (5506)_damaging,0.018529364523491538
0,FOXP2 (93986)_damaging,0.04591721069229998
0,CFTR (1080)_damaging,0.0315352534806004
0,CTTNBP2 (83992)_damaging,0.048816726629592855
0,WNT16 (51384)_damaging,0.03701874029934055
0,PTPRZ1 (5803)_damaging,0.05005126113249874
0,CADPS2 (93664)_damaging,0.021647728771776474
0,IQUB (154865)_damaging,0.06221317223411286
0,GRM8 (2918)_damaging,0.025228803768742317
0,FLNC (2318)_damaging,0.020391353211579175
0,KCP (375616)_damaging,0.008130210599654358
0,PLXNA4 (91584)_damaging,0.025859183491945142
0,NUP205 (23165)_damaging,0.016288327099295948
0,TRIM24 (8805)_damaging,0.05547289432212653
0,KIAA1549 (57670)_damaging,0.024687396599459444
0,MGAM (8972)_damaging,0.03894471038922907
0,MGAM2 (93432)_damaging,0.005518412247857845
0,EPHB6 (2051)_damaging,0.059682076677914635
0,KEL (3792)_damaging,0.03578704998910824
0,NOBOX (135935)_damaging,0.030881300888261194
0,CNTNAP2 (26047)_damaging,0.047335795279041464
0,NOS3 (4846)_damaging,0.020340527401090124
0,ATG9B (285973)_damaging,0.01899059693368622
0,KMT2C (58508)_damaging,0.044822678345937055
0,DPP6 (1804)_damaging,0.05647889996632593
0,UBE3C (9690)_damaging,0.010467317484641955
0,PTPRN2 (5799)_damaging,0.0580348808956202
0,MYOM2 (9172)_damaging,0.06373641212849024
0,CSMD1 (64478)_damaging,0.09763165271583939
0,RP1L1 (94137)_damaging,0.02743412360189994
0,TRMT9B (57604)_damaging,0.019995867957255473
0,DLC1 (10395)_damaging,0.06796328696739751
0,DMTN (2039)_damaging,0.02183453843288346
0,LOXL2 (4017)_damaging,0.002299621713590741
0,DOCK5 (80005)_damaging,0.01718970388789511
0,NUGGC (389643)_damaging,0.06389167526469682
0,TEX15 (56154)_damaging,0.010588860100883947
0,WRN (7486)_damaging,0.04395669918930472
0,UNC5D (137970)_damaging,0.04936941453963769
0,ADGRA2 (25960)_damaging,0.015568729418826142
0,NSD3 (54904)_damaging,0.01293533400561248
0,ANK1 (286)_damaging,0.03554791155245912
0,PRKDC (5591)_damaging,0.029060948394417238
0,PXDNL (137902)_damaging,0.06859888589374291
0,ST18 (9705)_damaging,0.05800913476850403
0,RB1CC1 (9821)_damaging,0.016568566294404275
0,RP1 (6101)_damaging,0.038108723265783934
0,CHD7 (55636)_damaging,0.003599455255077787
0,ARFGEF1 (10565)_damaging,0.07243549025016591
0,PREX2 (80243)_damaging,0.03033654453680268
0,SULF1 (23213)_damaging,0.04007058631483758
0,SLCO5A1 (81796)_damaging,0.01621936265856737
0,TRPA1 (8989)_damaging,0.014738170649683016
0,KCNB2 (9312)_damaging,0.041638588000275305
0,ZFHX4 (79776)_damaging,0.005425318562912926
0,WWP1 (11059)_damaging,0.06816674940241321
0,NBN (4683)_damaging,0.00536731975892557
0,ESRP1 (54845)_damaging,0.04036468554849983
0,VPS13B (157680)_damaging,0.034267530084263344
0,RGS22 (26166)_damaging,0.03844255379241212
0,UBR5 (51366)_damaging,0.011910228016222588
0,RIMS2 (9699)_damaging,0.008828255956204461
0,ZFPM2 (23414)_damaging,0.020174281695519086
0,PKHD1L1 (93035)_damaging,0.02343130924484699
0,CSMD3 (114788)_damaging,0.034019014044972734
0,TRPS1 (7227)_damaging,0.02485191769815993
0,COL14A1 (7373)_damaging,0.01028830032319901
0,FER1L6 (654463)_damaging,0.01235981732771074
0,ADCY8 (114)_damaging,0.008950023685063528
0,EFR3A (23167)_damaging,0.046418761388006484
0,OC90 (729330)_damaging,0.05352498706504837
0,KCNQ3 (3786)_damaging,0.04866540735385371
0,PHF20L1 (51105)_damaging,0.021685099478433487
0,TG (7038)_damaging,0.04376794270637751
0,FAM135B (51059)_damaging,0.03318425596008292
0,COL22A1 (169044)_damaging,0.04091113186663588
0,EPPK1 (83481)_damaging,0.02740704570217025
0,PLEC (5339)_damaging,0.0354916200586134
0,CYC1 (1537)_damaging,0.04982415099973946
0,WDR97 (340390)_damaging,0.01960007773811567
0,CPSF1 (29894)_damaging,0.0691883721169825
0,KIFC2 (90990)_damaging,0.018414915429563607
0,DOCK8 (81704)_damaging,0.01409519536078193
0,PTPRD (5789)_damaging,0.023674153406502117
0,MPDZ (8777)_damaging,0.0296480826498975
0,FREM1 (158326)_damaging,0.08047824018512799
0,CNTLN (54875)_damaging,0.005938862350706962
0,DENND4C (55667)_damaging,0.0126337160800873
0,CDKN2A (1029)_damaging,0.06667295923887648
0,TAF1L (138474)_damaging,0.0531408280994744
0,SPATA31G1 (138724)_damaging,0.012844921604738211
0,FANCG (2189)_damaging,0.05700812100996716
0,PIGO (84720)_damaging,0.03304889646105935
0,UNC13B (10497)_damaging,0.0076517982872991
0,RUSC2 (9853)_damaging,0.01904567490583523
0,SPAG8 (26206)_damaging,0.11636896257545039
0,TMC1 (117531)_damaging,0.010554792480905338
0,TRPM6 (140803)_damaging,0.01764653859603529
0,PCSK5 (5125)_damaging,0.06710361930324332
0,PRUNE2 (158471)_damaging,0.01138000572499693
0,VPS13A (23230)_damaging,0.0015333138031714722
0,TLE4 (7091)_damaging,0.014300874327849634
0,KIF27 (55582)_damaging,0.071848280597059
0,SLC28A3 (64078)_damaging,0.0018926232353056532
0,SECISBP2 (79048)_damaging,0.0751355446390474
0,ROR2 (4920)_damaging,0.015436826128285137
0,NOL8 (55035)_damaging,0.01045235313464986
0,WNK2 (65268)_damaging,0.031876030233005254
0,PTCH1 (5727)_damaging,0.047691542278218035
0,COL15A1 (1306)_damaging,0.06085228517410639
0,TEX10 (54881)_damaging,0.05302549524537412
0,ELP1 (8518)_damaging,0.015533344650541606
0,TMEM245 (23731)_damaging,0.10297094457946125
0,PALM2AKAP2 (445815)_damaging,0.003540267169924114
0,SVEP1 (79987)_damaging,0.011009345421353517
0,COL27A1 (85301)_damaging,0.020656640251901105
0,C5 (727)_damaging,0.03953552980492345
0,CNTRL (11064)_damaging,0.06265019851500239
0,DENND1A (57706)_damaging,0.04572254008161031
0,GOLGA2 (2801)_damaging,0.02489050682280892
0,SPTAN1 (6709)_damaging,0.09913103071769426
0,HMCN2 (256158)_damaging,0.0034540675996053032
0,LAMC3 (10319)_damaging,0.0009792801549510137
0,NUP214 (8021)_damaging,0.04283499386431785
0,PRRC2B (84726)_damaging,0.022427832707812137
0,UCK1 (83549)_damaging,0.017320230678603145
0,SETX (23064)_damaging,0.007487395078915459
0,TTF1 (7270)_damaging,0.027046808403373597
0,TSC1 (7248)_damaging,0.03344217372026926
0,ADAMTS13 (11093)_damaging,0.01543299416164362
0,ADAMTSL2 (9719)_damaging,0.03982295100915805
0,BRD3 (8019)_damaging,0.02742500900028802
0,WDR5 (11091)_damaging,0.0042676799025781545
0,COL5A1 (1289)_damaging,0.016592013449642895
0,CAMSAP1 (157922)_damaging,0.04296943005697784
0,SNAPC4 (6621)_damaging,0.04388542782406058
0,NOTCH1 (4851)_damaging,0.029855756099832643
0,ABCA2 (20)_damaging,0.06517588732354895
0,EXD3 (54932)_damaging,0.03185475328735398
0,CACNA1B (774)_damaging,0.012819049595090913
0,MXRA5 (25878)_damaging,0.025375183509061733
0,SHROOM2 (357)_damaging,0.02067511280137595
0,WWC3 (55841)_damaging,0.04748502261678635
0,NHS (4810)_damaging,0.0533788018155802
0,MAP3K15 (389840)_damaging,0.039963420456731624
0,DMD (1756)_damaging,0.0543270088114234
0,FAM47B (170062)_damaging,0.015862081651824837
0,CFAP47 (286464)_damaging,0.046697850309781644
0,RPGR (6103)_damaging,0.04057288584784231
0,BCOR (54880)_damaging,0.11743068520247348
0,USP9X (8239)_damaging,0.04762766377258649
0,DDX3X (1654)_damaging,0.05678540611447368
0,KDM6A (7403)_damaging,0.010687521439511613
0,RBM10 (8241)_damaging,0.024502182089615947
0,TFE3 (7030)_damaging,0.010128615113979687
0,CCNB3 (85417)_damaging,0.04575869105501783
0,KDM5C (8242)_damaging,0.024976758938326352
0,IQSEC2 (23096)_damaging,0.013877642251920012
0,HUWE1 (10075)_damaging,0.026893352488773198
0,WNK3 (65267)_damaging,0.014162507856052041
0,AMER1 (139285)_damaging,0.01648301216239347
0,ZC3H12B (340554)_damaging,0.04967945700831841
0,OPHN1 (4983)_damaging,0.05534299442693525
0,KIF4A (24137)_damaging,0.025502086178330406
0,MED12 (9968)_damaging,0.04513091622520783
0,NLGN3 (54413)_damaging,0.0022305728477522604
0,ZMYM3 (9203)_damaging,0.015248787314600004
0,TAF1 (6872)_damaging,0.04005374700681405
0,PHKA1 (5255)_damaging,0.02461545791077933
0,NEXMIF (340533)_damaging,0.02874044427698958
0,ATRX (546)_damaging,0.12417583111818634
0,BRWD3 (254065)_damaging,0.03730290283046785
0,CYLC1 (1538)_damaging,0.052643152617648264
0,ZNF711 (7552)_damaging,0.020350600109855687
0,DIAPH2 (1730)_damaging,0.08088260696719068
0,PCDH19 (57526)_damaging,0.023271952780503095
0,RAB40A (142684)_damaging,0.05181053114533661
0,NRK (203447)_damaging,0.0067798377026377366
0,MORC4 (79710)_damaging,0.04155129847265639
0,COL4A6 (1288)_damaging,0.04813147195104405
0,COL4A5 (1287)_damaging,0.05839320584930094
0,GUCY2F (2986)_damaging,0.033204750513237465
0,DOCK11 (139818)_damaging,0.015231758672486587
0,STAG2 (10735)_damaging,0.01374481242663522
0,TENM1 (10178)_damaging,0.05141366722181567
0,SMARCA1 (6594)_damaging,0.0013578306270891605
0,BCORL1 (63035)_damaging,0.006837013219345525
0,USP26 (83844)_damaging,0.024308138228828827
0,MAP7D3 (79649)_damaging,0.02582179913032974
0,ADGRG4 (139378)_damaging,0.01003673647204538
0,SPANXN4 (441525)_damaging,0.04534955276084686
0,SLITRK4 (139065)_damaging,0.03716536337498746
0,SLITRK2 (84631)_damaging,0.014699131980815988
0,FMR1 (2332)_damaging,0.0007725106994282713
0,AFF2 (2334)_damaging,0.03290698425878543
0,PLXNA3 (55558)_damaging,0.017627453736860466
0,F8 (2157)_damaging,0.04504195708620389
0,MT-ND4 (4538)_damaging,0.03473060639723809
0,MT-ND5 (4540)_damaging,0.04936179815933004
1,MTOR (2475)_hotspot,0.13579357221513394
1,NRAS (4893)_hotspot,0.08027390883800568
1,PTEN (5728)_hotspot,0.01740689483768124
1,HRAS (3265)_hotspot,0.018177806266533463
1,KRAS (3845)_hotspot,0.09690496049534283
1,ERBB3 (2065)_hotspot,0.007208852304307881
1,RB1 (5925)_hotspot,0.07103623573319533
1,CREBBP (1387)_hotspot,0.015774419162117605
1,TP53 (7157)_hotspot,0.1919749897999026
1,NF1 (4763)_hotspot,0.08157464355015243
1,ERBB2 (2064)_hotspot,0.06509591630947503
1,SMAD4 (4089)_hotspot,0.033714759405028716
1,STK11 (6794)_hotspot,0.008240780446816377
1,SMARCA4 (6597)_hotspot,0.0018339065944430223
1,C2orf81 (388963)_hotspot,0.07177212078784759
1,NFE2L2 (4780)_hotspot,0.07086845394946928
1,VHL (7428)_hotspot,0.027814152778463816
1,CTNNB1 (1499)_hotspot,0.061804422166954726
1,RHOA (387)_hotspot,0.014226057233005119
1,PIK3CA (5290)_hotspot,0.09370951228569874
1,FBXW7 (55294)_hotspot,0.050160905100929125
1,TERT (7015)_hotspot,0.18404354971548753
1,PIK3R1 (5295)_hotspot,0.021118743690889157
1,APC (324)_hotspot,0.008472620856519371
1,RAC1 (5879)_hotspot,0.021304246799737348
1,EGFR (1956)_hotspot,0.02623422440864269
1,BRAF (673)_hotspot,0.22168650964020262
1,EZH2 (2146)_hotspot,0.0693885491918402
1,CDKN2A (1029)_hotspot,0.019559691717794227
1,AGRN (375790)_damaging,0.07918950892714018
1,ACAP3 (116983)_damaging,0.015705491719669104
1,MXRA8 (54587)_damaging,0.005123538245995155
1,MEGF6 (1953)_damaging,0.058965517813758014
1,CHD5 (26038)_damaging,0.02493999269823089
1,RPL22 (6146)_damaging,0.06189448444794648
1,CAMTA1 (23261)_damaging,0.041222451568865864
1,ERRFI1 (54206)_damaging,0.03165744211458753
1,SLC45A1 (50651)_damaging,0.0038356189969199423
1,RERE (473)_damaging,0.031123665115302214
1,EXOSC10 (5394)_damaging,0.03304374002367361
1,VPS13D (55187)_damaging,0.002236588563694931
1,SPEN (23013)_damaging,0.051948726357218734
1,EPHA2 (1969)_damaging,0.034075201664857266
1,UBR4 (23352)_damaging,0.05375861702110767
1,VWA5B1 (127731)_damaging,0.013585883330691065
1,HSPG2 (3339)_damaging,0.022638788586684888
1,LUZP1 (7798)_damaging,0.02866138201731059
1,ID3 (3399)_damaging,0.11928116713738142
1,ELOA (6924)_damaging,0.01478851686980596
1,ARID1A (8289)_damaging,0.047536313478541405
1,WDTC1 (23038)_damaging,0.029019612014347447
1,PTPRU (10076)_damaging,0.006684511798899073
1,COL16A1 (1307)_damaging,0.022019862820242663
1,CSMD2 (114784)_damaging,0.003320194285496503
1,ZMYM4 (9202)_damaging,0.03850053115473646
1,CLSPN (63967)_damaging,0.03519298019111154
1,AGO1 (26523)_damaging,0.054215067877327
1,MAP7D1 (55700)_damaging,0.011867939757074996
1,MACF1 (23499)_damaging,0.06499094401295923
1,HIVEP3 (59269)_damaging,0.04850743520433512
1,TIE1 (7075)_damaging,0.008645165347979461
1,SZT2 (23334)_damaging,0.06500101824355597
1,PTCH2 (8643)_damaging,0.04822527436716606
1,MUTYH (4595)_damaging,0.020003530121918935
1,MAST2 (23139)_damaging,0.030188788951797878
1,PIK3R3 (8503)_damaging,0.04569516432051105
1,FAAH (2166)_damaging,0.016521445144833263
1,TAL1 (6886)_damaging,0.05647448455068731
1,NFIA (4774)_damaging,0.04784372981247251
1,PATJ (10207)_damaging,0.0371314331386452
1,DOCK7 (85440)_damaging,0.0014847910406808754
1,JAK1 (3716)_damaging,0.02806903968899368
1,LEPR (3953)_damaging,0.046097728591013805
1,LRRC7 (57554)_damaging,0.02594874459601355
1,ERICH3 (127254)_damaging,0.03261633546708083
1,ADGRL4 (64123)_damaging,0.024702621371970934
1,ADGRL2 (23266)_damaging,0.08488394331545271
1,COL24A1 (255631)_damaging,0.01925281619140714
1,HFM1 (164045)_damaging,0.01872458100584932
1,BTBD8 (284697)_damaging,0.04339554607731455
1,RPL5 (6125)_damaging,0.01419774957668573
1,ABCA4 (24)_damaging,0.048230449432644054
1,DPYD (1806)_damaging,0.021331320622877004
1,COL11A1 (1301)_damaging,0.031910091724353086
1,EPS8L3 (79574)_damaging,0.04028575639449381
1,CEPT1 (10390)_damaging,0.029847461107279993
1,MAGI3 (260425)_damaging,0.00035258878312908744
1,SYCP1 (6847)_damaging,0.04474717203791456
1,CD58 (965)_damaging,0.0031115109532240813
1,TTF2 (8458)_damaging,0.008934745259464008
1,SPAG17 (200162)_damaging,0.02192399816332696
1,NOTCH2 (4853)_damaging,0.027542919453112397
1,BCL9 (607)_damaging,0.006115714300549
1,OTUD7B (56957)_damaging,0.00819086666486431
1,ADAMTSL4 (54507)_damaging,0.0042813771893052245
1,ZNF687 (57592)_damaging,0.02897123297435416
1,FLG (2312)_damaging,0.04470012796923678
1,CCDST (112268240)_damaging,0.04673463341355653
1,FLG2 (388698)_damaging,0.007762806700881301
1,UBAP2L (9898)_damaging,0.034431310411064814
1,SHC1 (6464)_damaging,0.028667654322580213
1,ASH1L (55870)_damaging,0.04669482438330675
1,GON4L (54856)_damaging,0.04932188046501582
1,IQGAP3 (128239)_damaging,0.010574404350461562
1,INSRR (3645)_damaging,0.021770061136185063
1,FCRL5 (83416)_damaging,0.012352620677256846
1,SPTA1 (6708)_damaging,0.025274112037915034
1,ARHGAP30 (257106)_damaging,0.01677928123240664
1,FIRRM (55732)_damaging,0.006621250708039714
1,PRRC2C (23215)_damaging,0.035926638273814586
1,TNR (7143)_damaging,0.07158412708545327
1,PAPPA2 (60676)_damaging,0.04499290112571033
1,ABL2 (27)_damaging,0.060269647302696516
1,AXDND1 (126859)_damaging,0.01098401734472396
1,TDRD5 (163589)_damaging,0.015426558272397776
1,CEP350 (9857)_damaging,0.07298968167706037
1,CACNA1E (777)_damaging,0.034252130007080245
1,RGL1 (23179)_damaging,0.024447715200847098
1,HMCN1 (83872)_damaging,0.0674172187206935
1,TPR (7175)_damaging,0.060363171408708435
1,BRINP3 (339479)_damaging,0.01626977758014672
1,KCNT2 (343450)_damaging,0.014967613924357172
1,CFH (3075)_damaging,0.02479615950518017
1,ASPM (259266)_damaging,0.010997529157593684
1,CRB1 (23418)_damaging,0.002843463713525058
1,PTPRC (5788)_damaging,0.05505783205868742
1,CAMSAP2 (23271)_damaging,0.04616747658599999
1,CACNA1S (779)_damaging,0.03782824358855216
1,IGFN1 (91156)_damaging,0.05443066837125336
1,NAV1 (89796)_damaging,0.010223975697722263
1,KDM5B (10765)_damaging,0.05268555762490017
1,ATP2B4 (493)_damaging,0.021535847270273894
1,PLEKHA6 (22874)_damaging,0.0008785042012768156
1,PIK3C2B (5287)_damaging,0.0009616313287302055
1,NFASC (23114)_damaging,0.035869469698690974
1,CR2 (1380)_damaging,0.012666823059364738
1,PLXNA2 (5362)_damaging,0.014093853690828296
1,PTPN14 (5784)_damaging,0.0029211125839644614
1,CENPF (1063)_damaging,0.06376337161820966
1,USH2A (7399)_damaging,0.04952857447563001
1,EPRS1 (2058)_damaging,0.053401219323453084
1,DNAH14 (127602)_damaging,0.05898556887298511
1,CDC42BPA (8476)_damaging,0.028621118985752023
1,OBSCN (84033)_damaging,0.01592570201686946
1,H3-4 (8290)_damaging,0.016218520909757683
1,PCNX2 (80003)_damaging,0.009275815877322879
1,ARID4B (51742)_damaging,0.04264974792042397
1,LYST (1130)_damaging,0.048352762848561624
1,RYR2 (6262)_damaging,0.013196578319698735
1,CHRM3 (1131)_damaging,0.005232726044633731
1,FMN2 (56776)_damaging,0.04699036681603349
1,RGS7 (6000)_damaging,0.029142288836585102
1,WDR64 (128025)_damaging,0.00998139418102839
1,KIF26B (55083)_damaging,0.01940318766478349
1,NLRP3 (114548)_damaging,0.08373774679636302
1,LARP4B (23185)_damaging,0.011749064675989535
1,PITRM1 (10531)_damaging,0.10493984816272503
1,TAF3 (83860)_damaging,0.011431623332732552
1,FRMD4A (55691)_damaging,0.013024639116887374
1,ITGA8 (8516)_damaging,0.02995622029970003
1,CUBN (8029)_damaging,0.06011657762088838
1,MRC1 (4360)_damaging,0.05325273664798729
1,MALRD1 (340895)_damaging,0.012823860257105451
1,PLXDC2 (84898)_damaging,0.10654029625164896
1,ARMC3 (219681)_damaging,0.028235757172365143
1,GPR158 (57512)_damaging,0.012499942183504155
1,ANKRD26 (22852)_damaging,0.018591120775236787
1,ODAD2 (55130)_damaging,0.007232135013699202
1,SVIL (6840)_damaging,0.03551518646034002
1,KIF5B (3799)_damaging,0.008537155466830502
1,PARD3 (56288)_damaging,0.0021242011396750762
1,ANKRD30A (91074)_damaging,0.03398289841175718
1,RSU1P2 (100133308)_damaging,0.010173052509026115
1,WDFY4 (57705)_damaging,0.04630977941605999
1,C10orf71 (118461)_damaging,0.06160971435405477
1,ERCC6 (2074)_damaging,0.0386934709949625
1,PCDH15 (65217)_damaging,0.0029252128152385207
1,ANK3 (288)_damaging,0.02633179349628736
1,ARID5B (84159)_damaging,0.06710019246311845
1,EGR2 (1959)_damaging,0.04014223696586476
1,JMJD1C (221037)_damaging,0.005824095132820268
1,CTNNA3 (29119)_damaging,0.05806142004021824
1,MYPN (84665)_damaging,0.051125124050471114
1,CDH23 (64072)_damaging,0.03006887454402496
1,DLG5 (9231)_damaging,0.04682782194149063
1,ZMIZ1 (57178)_damaging,0.01808466634905652
1,NRG3 (10718)_damaging,0.07080105360253909
1,PTEN (5728)_damaging,0.025784169870678598
1,STAMBPL1 (57559)_damaging,0.003091966960125187
1,KIF20B (9585)_damaging,0.0221678946584995
1,MYOF (26509)_damaging,0.007127740562194578
1,PLCE1 (51196)_damaging,0.03360561585401312
1,CC2D2B (387707)_damaging,0.0005593649377291685
1,ZNF518A (9849)_damaging,0.023121859698921023
1,LCOR (84458)_damaging,0.00010065065291773578
1,SLIT1 (6585)_damaging,0.012315218851265873
1,LOXL4 (84171)_damaging,0.06326151395518413
1,SLF2 (55719)_damaging,0.0018925147635207682
1,PPRC1 (23082)_damaging,0.06043939782415662
1,SLK (9748)_damaging,0.09491124286723718
1,SORCS3 (22986)_damaging,0.02256170822451059
1,SORCS1 (114815)_damaging,0.010501885858628466
1,SMC3 (9126)_damaging,0.0557142647512354
1,TCF7L2 (6934)_damaging,0.017590203023987297
1,TDRD1 (56165)_damaging,0.010767919822291245
1,ATRNL1 (26033)_damaging,0.010937762217245017
1,PDZD8 (118987)_damaging,0.00684724506668314
1,TACC2 (10579)_damaging,0.013436574059252547
1,DMBT1 (1755)_damaging,0.07108812139861911
1,MKI67 (4288)_damaging,0.07080579853773782
1,JAKMIP3 (282973)_damaging,0.02314337476480597
1,CFAP46 (54777)_damaging,0.04765997058985847
1,B4GALNT4 (338707)_damaging,0.01424186858317254
1,PKP3 (11187)_damaging,0.03136268849259138
1,PHRF1 (57661)_damaging,0.010716484529677966
1,MUC5AC (4586)_damaging,0.06412196125158616
1,MUC5B (727897)_damaging,0.054173309459364105
1,BRSK2 (9024)_damaging,0.031931736210387765
1,KCNQ1 (3784)_damaging,0.00836922385296775
1,NUP98 (4928)_damaging,0.023779334706655404
1,DNHD1 (144132)_damaging,0.004334912392951773
1,IPO7 (10527)_damaging,0.032906048882906574
1,SBF2 (81846)_damaging,0.028647933325777915
1,MICAL2 (9645)_damaging,0.005808861444962279
1,PLEKHA7 (144100)_damaging,0.012958628721593809
1,ABCC8 (6833)_damaging,0.009973101704258438
1,OTOG (340990)_damaging,0.030138166782356014
1,NAV2 (89797)_damaging,0.004177368891583286
1,DCDC1 (341019)_damaging,0.02877620497521541
1,CCDC73 (493860)_damaging,0.02670737192648393
1,QSER1 (79832)_damaging,0.03059620407690373
1,CSTF3 (1479)_damaging,0.005145810042510168
1,KIAA1549L (25758)_damaging,0.012770238734723088
1,DGKZ (8525)_damaging,0.013840307010920984
1,LRP4 (4038)_damaging,0.08145444651306963
1,FOLH1 (2346)_damaging,0.010337090074436615
1,OR4P4 (81300)_damaging,0.025186740767688506
1,CTNND1 (1500)_damaging,0.0024128816803479472
1,MYRF (745)_damaging,0.048828881926241754
1,AHNAK (79026)_damaging,0.04349213443709489
1,EML3 (256364)_damaging,0.029154346944111058
1,PLCB3 (5331)_damaging,0.03928374970186289
1,NRXN2 (9379)_damaging,0.012580201678451272
1,MEN1 (4221)_damaging,0.028114574006799085
1,PCNX3 (399909)_damaging,0.015297408233547636
1,RIN1 (9610)_damaging,0.00695221585865481
1,SHANK2 (22941)_damaging,0.01664435198265304
1,NUMA1 (4926)_damaging,0.01183485767618219
1,INPPL1 (3636)_damaging,0.036903445710728906
1,ARHGEF17 (9828)_damaging,0.03438397762206189
1,C2CD3 (26005)_damaging,0.058568447734285066
1,MYO7A (4647)_damaging,0.07158188736041288
1,RSF1 (51773)_damaging,0.04605467647527158
1,GAB2 (9846)_damaging,0.03562359434507992
1,TENM4 (26011)_damaging,0.055249666891835005
1,PCF11 (51585)_damaging,0.05628465976258713
1,DLG2 (1740)_damaging,0.010704659315331017
1,SYTL2 (54843)_damaging,0.07111519419252954
1,FAT3 (120114)_damaging,0.009362204965230716
1,DEUP1 (159989)_damaging,0.001960057503235419
1,CNTN5 (53942)_damaging,0.01716267895582721
1,CEP126 (57562)_damaging,0.04984055560743942
1,MMP3 (4314)_damaging,0.029330948572499307
1,DYNC2H1 (79659)_damaging,0.04814654626971454
1,NPAT (4863)_damaging,0.05538036663857122
1,ATM (472)_damaging,0.07000850082069915
1,EXPH5 (23086)_damaging,0.015545380630360551
1,NKAPD1 (55216)_damaging,0.009202525169415589
1,NCAM1 (4684)_damaging,0.015325613466677369
1,USP28 (57646)_damaging,0.03137678696694342
1,DSCAML1 (57453)_damaging,0.019248895554752555
1,KMT2A (4297)_damaging,0.09823720493058384
1,BCL9L (283149)_damaging,0.0046619314858730295
1,ARHGEF12 (23365)_damaging,0.00651321234489886
1,TECTA (7007)_damaging,0.0031279183181484142
1,SORL1 (6653)_damaging,0.02593536001349629
1,GRAMD1B (57476)_damaging,0.02487850687997156
1,ROBO3 (64221)_damaging,0.015844901246419442
1,CCDC15 (80071)_damaging,0.057981118736631705
1,IGSF9B (22997)_damaging,0.006459807564974007
1,GLB1L2 (89944)_damaging,0.002223158348576281
1,LINC02714 (729305)_damaging,0.017703920126652617
1,KDM5A (5927)_damaging,0.03897709506786031
1,WNK1 (65125)_damaging,0.01922580325763218
1,CACNA1C (775)_damaging,0.03339641444544492
1,VWF (7450)_damaging,0.0037914862138041395
1,PLEKHG6 (55200)_damaging,0.002912342653500004
1,CHD4 (1108)_damaging,0.014722348751751026
1,ATN1 (1822)_damaging,0.023318718302601238
1,A2ML1 (144568)_damaging,0.015683152198821753
1,A2M (2)_damaging,0.03130106327227243
1,PZP (5858)_damaging,0.03769983539364275
1,GRIN2B (2904)_damaging,0.02483470024356078
1,ATF7IP (55729)_damaging,0.05684312729300727
1,GUCY2C (2984)_damaging,0.018141344338406508
1,SLCO1C1 (53919)_damaging,0.020929975730251425
1,SLCO1B3 (28234)_damaging,0.05196174595584367
1,RECQL (5965)_damaging,0.046268625832252885
1,ABCC9 (10060)_damaging,0.07197995264652403
1,ITPR2 (3709)_damaging,0.08762682767279441
1,OVCH1 (341350)_damaging,0.04416621238767867
1,KIF21A (55605)_damaging,0.010798018379372587
1,LRRK2 (120892)_damaging,0.0038624258295837446
1,MUC19 (283463)_damaging,0.00418380672147521
1,CNTN1 (1272)_damaging,0.020749197120604232
1,PDZRN4 (29951)_damaging,0.027775866758119556
1,ADAMTS20 (80070)_damaging,0.042088518434876106
1,ANO6 (196527)_damaging,0.03587674083854395
1,ARID2 (196528)_damaging,0.03842281162958835
1,COL2A1 (1280)_damaging,0.0026519764815693104
1,WNT1 (7471)_damaging,0.015577270405829053
1,KMT2D (8085)_damaging,0.05749227734682204
1,PRPF40B (25766)_damaging,0.014444241489196189
1,NCKAP5L (57701)_damaging,0.012863178431968754
1,DIP2B (57609)_damaging,0.015278739873412455
1,SCN8A (6334)_damaging,0.05958352147425657
1,MAP3K12 (7786)_damaging,0.011920474995558313
1,STAT2 (6773)_damaging,0.014963550485362626
1,NACA (4666)_damaging,0.007847343364918115
1,MYO1A (4640)_damaging,0.051593770439118045
1,STAT6 (6778)_damaging,0.016372165244583806
1,LRP1 (4035)_damaging,0.002833409150645629
1,R3HDM2 (22864)_damaging,0.04914171130864831
1,GLI1 (2735)_damaging,0.027015036083132073
1,MBD6 (114785)_damaging,0.009441514355398563
1,PTPRB (5787)_damaging,0.05296891510401113
1,ZFC3H1 (196441)_damaging,0.027769686174846108
1,E2F7 (144455)_damaging,0.02620811602625575
1,NAV3 (89795)_damaging,0.026349056999722804
1,OTOGL (283310)_damaging,0.036901135807793584
1,PTPRQ (374462)_damaging,0.013269061590937652
1,PPFIA2 (8499)_damaging,0.0070200662763326965
1,LRRIQ1 (84125)_damaging,0.0016462873516528446
1,CEP290 (80184)_damaging,0.051277670485018016
1,EEA1 (8411)_damaging,0.017226170413884877
1,PLXNC1 (10154)_damaging,0.036306784760442135
1,CFAP54 (144535)_damaging,0.05510030103820779
1,ANKS1B (56899)_damaging,0.03936212834637305
1,BLTP3B (23074)_damaging,0.0033994043499556885
1,UTP20 (27340)_damaging,0.03439875102434285
1,STAB2 (55576)_damaging,0.07191020562375851
1,ALDH1L2 (160428)_damaging,0.016845987898445155
1,ACACB (32)_damaging,0.057792323907910635
1,CUX2 (23316)_damaging,0.019027656049671573
1,HECTD4 (283450)_damaging,0.005191823324976419
1,DTX1 (1840)_damaging,0.01038990866638458
1,CIT (11113)_damaging,0.06263557149394339
1,HNF1A (6927)_damaging,0.003058821342704152
1,KDM2B (84678)_damaging,0.05417530495626386
1,SETD1B (23067)_damaging,0.04573116129520235
1,KNTC1 (9735)_damaging,0.014957442272285895
1,SBNO1 (55206)_damaging,0.03701881958389064
1,DNAH10 (196385)_damaging,0.04251242932544567
1,NCOR2 (9612)_damaging,0.041513977432723725
1,TMEM132D (121256)_damaging,0.016810000417722785
1,RIMBP2 (23504)_damaging,0.0022982896201402155
1,SFSWAP (6433)_damaging,0.01885745429424378
1,EP400 (57634)_damaging,0.03177970617723639
1,POLE (5426)_damaging,0.004393978673427367
1,GOLGA3 (2802)_damaging,0.02944581094235806
1,SACS (26278)_damaging,0.014703301235974672
1,CENPJ (55835)_damaging,0.005226789995485399
1,ATP8A2 (51761)_damaging,0.06417925842060053
1,PAN3 (255967)_damaging,0.006402148726348654
1,MTUS2 (23281)_damaging,0.029320290096287477
1,RXFP2 (122042)_damaging,0.0005759307168583334
1,FRY (10129)_damaging,0.007296957274283642
1,BRCA2 (675)_damaging,0.0033421212469599555
1,PDS5B (23047)_damaging,0.03617155890016625
1,NBEA (26960)_damaging,0.03773616522542719
1,POSTN (10631)_damaging,0.045586488593643
1,FREM2 (341640)_damaging,0.09938318641540228
1,DGKH (160851)_damaging,0.11131504353494719
1,ERICH6B (220081)_damaging,0.030072107729885784
1,ZC3H13 (23091)_damaging,0.013839656631649211
1,RB1 (5925)_damaging,0.07464902291532206
1,DACH1 (1602)_damaging,0.02220762255594391
1,DIS3 (22894)_damaging,0.07798393219823693
1,MYCBP2 (23077)_damaging,0.06674145329905613
1,SLITRK5 (26050)_damaging,0.03127844367975429
1,DOCK9 (23348)_damaging,0.002050441241287084
1,NALCN (259232)_damaging,0.04575030728539256
1,CCDC168 (643677)_damaging,0.017076283113177704
1,MYO16 (23026)_damaging,0.04019590723950781
1,COL4A1 (1282)_damaging,0.014444017274816081
1,COL4A2 (1284)_damaging,0.05157537244160076
1,TEP1 (7011)_damaging,0.032911721030299296
1,ARHGEF40 (55701)_damaging,0.017945925319490175
1,CHD8 (57680)_damaging,0.027464059580003034
1,AJUBA (84962)_damaging,0.04602868814496149
1,ACIN1 (22985)_damaging,0.0006844393388995175
1,MYH6 (4624)_damaging,0.0600813116421984
1,MYH7 (4625)_damaging,0.005566383303131397
1,CARMIL3 (90668)_damaging,0.05941157340808185
1,NYNRIN (57523)_damaging,0.07320487101203421
1,AKAP6 (9472)_damaging,0.005060148623808931
1,NPAS3 (64067)_damaging,0.012384577345732149
1,RALGAPA1 (253959)_damaging,0.011117819014661322
1,TTC6 (319089)_damaging,0.0465395827306595
1,TOGARAM1 (23116)_damaging,0.05310159136677119
1,FANCM (57697)_damaging,0.07093207863415774
1,MDGA2 (161357)_damaging,0.09320985591390386
1,NIN (51199)_damaging,0.020701248051174452
1,NID2 (22795)_damaging,0.003177270853449493
1,KTN1 (3895)_damaging,0.04777795120597987
1,ARID4A (5926)_damaging,0.03944674488531211
1,HIF1A (3091)_damaging,0.0012733766492593617
1,KCNH5 (27133)_damaging,0.0015615071000453305
1,SYNE2 (23224)_damaging,0.020570387451424827
1,PCNX1 (22990)_damaging,0.021129639002525027
1,SIPA1L1 (26037)_damaging,0.03411471838772813
1,MIDEAS (91748)_damaging,0.023962314645867
1,YLPM1 (56252)_damaging,7.993150563135286e-05
1,MLH3 (27030)_damaging,0.06582103406615619
1,NRXN3 (9369)_damaging,0.06598372252305534
1,EML5 (161436)_damaging,0.024788482807965608
1,TRIP11 (9321)_damaging,0.025101328502050158
1,UNC79 (57578)_damaging,0.05955510955388938
1,ATG2B (55102)_damaging,0.051142578855630685
1,RTL1 (388015)_damaging,0.0037260588042040553
1,DYNC1H1 (1778)_damaging,0.08114910714760507
1,KIF26A (26153)_damaging,0.028293337051687836
1,INF2 (64423)_damaging,0.013322184776587389
1,AHNAK2 (113146)_damaging,0.024620269979675993
1,MTA1 (9112)_damaging,0.07043472730056545
1,GOLGA6L2 (283685)_damaging,0.07627526733202933
1,SNHG14 (104472715)_damaging,0.010603606139305308
1,HERC2 (8924)_damaging,0.025677728707557697
1,TRPM1 (4308)_damaging,0.06891225200177684
1,FMN1 (342184)_damaging,0.008967365328010764
1,RYR3 (6263)_damaging,0.049964123399511874
1,SPRED1 (161742)_damaging,0.006733870949923568
1,CCDC9B (388115)_damaging,0.04857292217544582
1,KNL1 (57082)_damaging,0.01224514749927718
1,INO80 (54617)_damaging,0.03067766582477715
1,TYRO3 (7301)_damaging,0.011881964323215035
1,MGA (23269)_damaging,0.0005704411482113508
1,SPTBN5 (51332)_damaging,0.03367359419151718
1,ZNF106 (64397)_damaging,0.031702606040042436
1,STARD9 (57519)_damaging,0.02277347235052049
1,UBR1 (197131)_damaging,0.01978316467965923
1,TP53BP1 (7158)_damaging,0.030237923958106473
1,MAP1A (4130)_damaging,0.03481123389477265
1,SPG11 (80208)_damaging,0.04387866021233553
1,B2M (567)_damaging,0.02607722907906603
1,FBN1 (2200)_damaging,0.028316498310741553
1,AP4E1 (23431)_damaging,0.016706374772138533
1,DMXL2 (23312)_damaging,0.049989470666157595
1,MYO5C (55930)_damaging,0.014541875843620326
1,WDR72 (256764)_damaging,0.02957311498156635
1,UNC13C (440279)_damaging,0.037320760412956296
1,RFX7 (64864)_damaging,0.02812889043730268
1,ICE2 (79664)_damaging,0.0064049374457749485
1,VPS13C (54832)_damaging,0.03300198425033769
1,TLN2 (83660)_damaging,0.0011997159292557278
1,HERC1 (8925)_damaging,0.01906093112142135
1,ZNF609 (23060)_damaging,0.03508177450707284
1,DENND4A (10260)_damaging,0.04886936775595611
1,NOX5 (79400)_damaging,0.01835430094608132
1,MYO9A (4649)_damaging,0.08187468275444446
1,HCN4 (10021)_damaging,0.019991083215036506
1,ARID3B (10620)_damaging,0.026850254997997255
1,SIN3A (25942)_damaging,0.0585379860396377
1,ADAMTSL3 (57188)_damaging,0.04559920664451981
1,AGBL1 (123624)_damaging,0.039738382608613926
1,NTRK3 (4916)_damaging,0.008231815847323434
1,TICRR (90381)_damaging,0.034448155659612324
1,KIF7 (374654)_damaging,0.015629138955234982
1,IQGAP1 (8826)_damaging,0.03465573325505664
1,BLM (641)_damaging,0.007272281894670061
1,FES (2242)_damaging,0.07541721664569992
1,CHD2 (1106)_damaging,0.009106480373077673
1,LRRK1 (79705)_damaging,0.03277951592726891
1,AXIN1 (8312)_damaging,0.020196366703976724
1,CACNA1H (8912)_damaging,0.037143856282342104
1,UNKL (64718)_damaging,0.02141185455396412
1,CRAMP1 (57585)_damaging,0.04270812162590259
1,TSC2 (7249)_damaging,0.016770491463100244
1,PKD1 (5310)_damaging,0.034114937258755036
1,CASKIN1 (57524)_damaging,0.03241013906883088
1,SLX4 (84464)_damaging,0.030644517898202318
1,CREBBP (1387)_damaging,0.11607956642437973
1,GRIN2A (2903)_damaging,0.004414706376006807
1,CIITA (4261)_damaging,0.09323477471832943
1,ABCC1 (4363)_damaging,0.005578815858203488
1,SMG1 (23049)_damaging,0.017995195322405434
1,KNOP1 (400506)_damaging,0.03819804329323113
1,DNAH3 (55567)_damaging,0.021243600474648627
1,SCNN1B (6338)_damaging,0.03659011166190244
1,PALB2 (79728)_damaging,0.004192490866271377
1,ERN2 (10595)_damaging,0.010912181503973125
1,RBBP6 (5930)_damaging,0.03279331128502402
1,TNRC6A (27327)_damaging,0.013262978764892389
1,ARHGAP17 (55114)_damaging,0.01701115352963386
1,GTF3C1 (2975)_damaging,0.07714855202010348
1,ATXN2L (11273)_damaging,0.019164102442786036
1,SH2B1 (25970)_damaging,0.03607760879440561
1,ITGAL (3683)_damaging,0.062415039701250855
1,PRR14 (78994)_damaging,0.020816527300318407
1,SRCAP (10847)_damaging,0.003316939115843601
1,SETD1A (9739)_damaging,0.002923461234963092
1,SALL1 (6299)_damaging,0.002874602167471053
1,CHD9 (80205)_damaging,0.029598339959062053
1,NLRC5 (84166)_damaging,0.033077442953072904
1,CNGB1 (1258)_damaging,0.0022345675904461375
1,CNOT1 (23019)_damaging,0.01647997215694077
1,CDH16 (1014)_damaging,0.03566367215393181
1,CTCF (10664)_damaging,0.016248457661060128
1,CDH1 (999)_damaging,0.05640218023621981
1,NFAT5 (10725)_damaging,0.050710214126669574
1,DHX38 (9785)_damaging,0.041854399313140174
1,ZFHX3 (463)_damaging,0.052871750193719834
1,GLG1 (2734)_damaging,0.11408167860923839
1,CNTNAP4 (85445)_damaging,0.01662127557367354
1,PKD1L2 (114780)_damaging,0.03995026929355455
1,GSE1 (23199)_damaging,0.026505566473343695
1,IRF8 (3394)_damaging,0.07561251073403336
1,ZNF469 (84627)_damaging,0.029634983085799493
1,ZC3H18 (124245)_damaging,0.035212352666475294
1,LINC02138 (400558)_damaging,0.011297261954895636
1,CDH15 (1013)_damaging,0.013882385709146306
1,ANKRD11 (29123)_damaging,0.01568210229688148
1,VPS9D1 (9605)_damaging,0.015607268579073446
1,WDR81 (124997)_damaging,0.008023926305476735
1,CLUH (23277)_damaging,0.015563534427734619
1,SPATA22 (84690)_damaging,0.07698737635005344
1,ZZEF1 (23140)_damaging,0.039167483891596466
1,USP6 (9098)_damaging,0.020694965320132108
1,GPS2 (2874)_damaging,0.016854470248274217
1,FXR2 (9513)_damaging,0.09017620731665793
1,TP53 (7157)_damaging,0.38563578412382254
1,EFNB3 (1949)_damaging,0.04002576693411674
1,DNAH2 (146754)_damaging,0.04213310829058139
1,KDM6B (23135)_damaging,0.07082591466403598
1,CHD3 (1107)_damaging,0.04531685723768396
1,PER1 (5187)_damaging,0.015164958357281134
1,MYH13 (8735)_damaging,0.015753582957651436
1,MYH8 (4626)_damaging,0.05113209872967997
1,MYH4 (4622)_damaging,0.005845015726012169
1,MYH1 (4619)_damaging,0.061442599198235914
1,MYH2 (4620)_damaging,0.07576966381313277
1,DNAH9 (1770)_damaging,0.09436600765714825
1,MAP2K4 (6416)_damaging,0.040893912786868214
1,MYOCD (93649)_damaging,0.0574985440930305
1,NCOR1 (9611)_damaging,0.0381673570351822
1,MPRIP (23164)_damaging,0.02418807130914885
1,MYO15A (51168)_damaging,0.039971976444323536
1,TOP3A (7156)_damaging,0.0008724873642481332
1,KSR1 (8844)_damaging,0.02199220481645634
1,MYO18A (399687)_damaging,0.0011060972308812409
1,EFCAB5 (374786)_damaging,0.010358973347839688
1,ATAD5 (79915)_damaging,0.0319197907723274
1,NF1 (4763)_damaging,0.10713922090212095
1,SUZ12 (23512)_damaging,0.07067651332214449
1,SLFN11 (91607)_damaging,0.04536691288300874
1,GPR179 (440435)_damaging,0.011399841288382317
1,SRCIN1 (80725)_damaging,0.013787040501616653
1,CDK12 (51755)_damaging,0.058122076249779824
1,TOP2A (7153)_damaging,0.019236295748157543
1,STAT5B (6777)_damaging,0.0030467440607679407
1,PLEKHH3 (79990)_damaging,0.01835031767488051
1,BRCA1 (672)_damaging,0.06212857821697105
1,HDAC5 (10014)_damaging,0.005260994639531727
1,ITGA2B (3674)_damaging,0.04529882255397424
1,KANSL1 (284058)_damaging,0.022579956377117343
1,COL1A1 (1277)_damaging,0.002474416254015702
1,RNF43 (54894)_damaging,0.0630143038875844
1,CLTC (1213)_damaging,0.024106358891965118
1,PPM1D (8493)_damaging,0.02555098055321686
1,TBX4 (9496)_damaging,0.05997879671034725
1,BRIP1 (83990)_damaging,0.01193912453176344
1,MED13 (9969)_damaging,0.026123916131546188
1,MRC2 (9902)_damaging,0.04695257545101613
1,SCN4A (6329)_damaging,0.09557155342008053
1,GNA13 (10672)_damaging,0.06306403515883659
1,HELZ (9931)_damaging,0.039649964673968106
1,NOL11 (25926)_damaging,0.020973577964144886
1,BPTF (2186)_damaging,0.000651422751308003
1,ABCA8 (10351)_damaging,0.030854059395135164
1,ABCA9 (10350)_damaging,0.048095937087067345
1,ABCA6 (23460)_damaging,0.021428010489198467
1,ABCA10 (10349)_damaging,0.07049942974776596
1,ABCA5 (23461)_damaging,0.027436292461555805
1,SOX9 (6662)_damaging,0.013984013496746377
1,SDK2 (54549)_damaging,0.021391569554418864
1,TMEM94 (9772)_damaging,0.014248670476351461
1,CASKIN2 (57513)_damaging,0.026772296488500397
1,MYO15B (80022)_damaging,0.016927177148674033
1,ITGB4 (3691)_damaging,0.06535821614813044
1,EVPL (2125)_damaging,0.005492749869120141
1,RHBDF2 (79651)_damaging,0.048138956524726516
1,TNRC6C (57690)_damaging,0.0411255300447594
1,DNAH17 (8632)_damaging,0.013362335774913229
1,RPTOR (57521)_damaging,0.01581315407789622
1,BAHCC1 (57597)_damaging,0.006204867068585989
1,FASN (2194)_damaging,0.017342125395092015
1,NARF (26502)_damaging,0.038500886284604685
1,FOXK2 (3607)_damaging,0.014573449119057507
1,SMCHD1 (23347)_damaging,0.030362989449630687
1,EPB41L3 (23136)_damaging,0.018269815347544342
1,LAMA1 (284217)_damaging,0.01143493964728698
1,MTCL1 (23255)_damaging,0.03673756188505911
1,ANKRD12 (23253)_damaging,0.011510616667719197
1,PIEZO2 (63895)_damaging,0.024089111026874027
1,ANKRD30B (374860)_damaging,0.07500439512250522
1,ROCK1 (6093)_damaging,0.0038989426849389435
1,GREB1L (80000)_damaging,0.02597248956537671
1,LAMA3 (3909)_damaging,0.024466886554552487
1,CCDC178 (374864)_damaging,0.04438105089059624
1,ASXL3 (80816)_damaging,0.059332505607710403
1,FHOD3 (80206)_damaging,0.09126227461948538
1,SETBP1 (26040)_damaging,0.05927495311782002
1,EPG5 (57724)_damaging,0.02270107032553405
1,LOXHD1 (125336)_damaging,0.0254002549472433
1,SKOR2 (652991)_damaging,0.059879838124346246
1,ZBTB7C (201501)_damaging,0.0060675290096842156
1,SMAD4 (4089)_damaging,0.08028182045349656
1,DCC (1630)_damaging,0.03341802946512003
1,ALPK2 (115701)_damaging,0.02914910544106703
1,CDH7 (1005)_damaging,0.10370000878505288
1,DSEL (92126)_damaging,0.02784373509026394
1,RTTN (25914)_damaging,0.014030597184478227
1,ZNF407 (55628)_damaging,0.035357211576395334
1,ZNF236 (7776)_damaging,0.04914890647882779
1,SALL3 (27164)_damaging,0.023078014048056518
1,ATP9B (374868)_damaging,0.0502756526993453
1,NFATC1 (4772)_damaging,0.03982993311658956
1,KCNG2 (26251)_damaging,0.039432624878464405
1,ABCA7 (10347)_damaging,0.019099821726827792
1,STK11 (6794)_damaging,0.03489998536163055
1,DAZAP1 (26528)_damaging,0.002699781759580999
1,DOT1L (84444)_damaging,0.01608764279084402
1,ZBTB7A (51341)_damaging,0.04784945148092177
1,TICAM1 (148022)_damaging,0.025821416241165785
1,KDM4B (23030)_damaging,0.01971366214032487
1,PTPRS (5802)_damaging,0.01898730714155582
1,SAFB2 (9667)_damaging,0.003218113212031011
1,SAFB (6294)_damaging,0.0404082346188022
1,TRIP10 (9322)_damaging,0.039195423693678504
1,CAMSAP3 (57662)_damaging,0.04337784998118519
1,FBN3 (84467)_damaging,0.04623416926782849
1,MUC16 (94025)_damaging,0.02653440479437048
1,COL5A3 (50509)_damaging,0.031438681102851314
1,DNMT1 (1786)_damaging,0.07335016593987151
1,KEAP1 (9817)_damaging,0.03254481133741775
1,DNM2 (1785)_damaging,0.017359621730592616
1,SMARCA4 (6597)_damaging,0.014629681227073973
1,MAST1 (22983)_damaging,0.06702106546845879
1,CACNA1A (773)_damaging,0.05593002622167636
1,NOTCH3 (4854)_damaging,0.02798800349233129
1,BRD4 (23476)_damaging,0.04925186009811106
1,WIZ (58525)_damaging,0.031729522151071186
1,NWD1 (284434)_damaging,0.002638214685047357
1,SIN3B (23309)_damaging,0.05130977167880935
1,CPAMD8 (27151)_damaging,0.06079568871656108
1,ZNF208 (7757)_damaging,0.011088904233560877
1,ZNF729 (100287226)_damaging,0.028936199698187646
1,ZNF91 (7644)_damaging,0.04545025349915042
1,URI1 (8725)_damaging,0.05096792331336372
1,ZNF536 (9745)_damaging,0.05084771249929019
1,KMT2B (9757)_damaging,0.004894230583627001
1,ZNF569 (148266)_damaging,0.028482335760808244
1,WDR87 (83889)_damaging,0.008684899476865003
1,RYR1 (6261)_damaging,0.005029886527927662
1,CAPN12 (147968)_damaging,0.03135536723187864
1,FCGBP (8857)_damaging,0.0012525449033821533
1,PRX (57716)_damaging,0.061438551571062656
1,AXL (558)_damaging,0.025316068155512638
1,ARHGEF1 (9138)_damaging,0.029357562104634277
1,ERF (2077)_damaging,0.023969663235544343
1,CIC (23152)_damaging,0.034432360927049634
1,MEGF8 (1954)_damaging,0.021019311538392153
1,MARK4 (57787)_damaging,0.03669740746041708
1,ARHGAP35 (2909)_damaging,0.0027274439708617065
1,ZC3H4 (23211)_damaging,0.0502179287332812
1,BICRA (29998)_damaging,0.03157284240567337
1,LMTK3 (114783)_damaging,0.021010867136015115
1,TRPM4 (54795)_damaging,0.004275690686500572
1,PRR12 (57479)_damaging,0.03984781383655656
1,MYH14 (79784)_damaging,0.02085482920247539
1,POLD1 (5424)_damaging,0.0009804051035276317
1,SHANK1 (50944)_damaging,0.013378000677503249
1,ZNF677 (342926)_damaging,0.000657792513114866
1,BRSK1 (84446)_damaging,0.03232094940937594
1,SSC5D (284297)_damaging,0.01625599381950595
1,NLRP9 (338321)_damaging,0.061673779185109225
1,NLRP4 (147945)_damaging,0.03489032417875741
1,PEG3 (5178)_damaging,0.01716568786738002
1,ZIM3 (114026)_damaging,0.025362748198668385
1,PXDN (7837)_damaging,0.023330444533660104
1,MYT1L (23040)_damaging,0.0001449066531549273
1,ROCK2 (9475)_damaging,0.007952903962838232
1,GREB1 (9687)_damaging,0.024816191926609762
1,NBAS (51594)_damaging,0.08074698416436032
1,RAD51AP2 (729475)_damaging,0.02283951795814466
1,APOB (338)_damaging,0.01966146538521496
1,TDRD15 (100129278)_damaging,0.019002400421748167
1,ATAD2B (54454)_damaging,0.008092833330786703
1,ITSN2 (50618)_damaging,0.005247446646348457
1,DNMT3A (1788)_damaging,0.030031783146975695
1,ASXL2 (55252)_damaging,0.04347625448429641
1,OTOF (9381)_damaging,0.07306949477693853
1,EMILIN1 (11117)_damaging,0.0029171460064988386
1,CAD (790)_damaging,0.04365080276118937
1,IFT172 (26160)_damaging,0.016590707024789274
1,SPATA31H1 (84226)_damaging,3.440810185875315e-05
1,ALK (238)_damaging,0.0770885787260981
1,BIRC6 (57448)_damaging,0.0006541134578987157
1,ZFP36L2 (678)_damaging,0.07469531709230628
1,THADA (63892)_damaging,0.010733521027030646
1,MSH2 (4436)_damaging,0.014606847774782817
1,MSH6 (2956)_damaging,0.01260978557970715
1,FBXO11 (80204)_damaging,0.06288303008823592
1,NRXN1 (9378)_damaging,0.012190965415314893
1,SPTBN1 (6711)_damaging,0.03770359829350411
1,EML6 (400954)_damaging,0.04178641111557817
1,MTIF2 (4528)_damaging,0.035991449922984566
1,CCDC88A (55704)_damaging,0.04611625649480531
1,USP34 (9736)_damaging,0.009494526312005811
1,C2orf42 (54980)_damaging,0.03332096041518701
1,ZNF638 (27332)_damaging,0.008294266854777863
1,DYSF (8291)_damaging,0.04491531676332568
1,ALMS1 (7840)_damaging,0.010836681802138566
1,LOXL3 (84695)_damaging,0.005721903938644736
1,CTNNA2 (1496)_damaging,0.03777797969348874
1,DNAH6 (1768)_damaging,0.05367421842469677
1,POLR1A (25885)_damaging,0.007013088872744245
1,PROM2 (150696)_damaging,0.005331812327009006
1,TMEM131 (23505)_damaging,0.023789485115327025
1,VWA3B (200403)_damaging,0.06483288463592947
1,CRACDL (343990)_damaging,0.01561642466857582
1,EIF5B (9669)_damaging,0.0203042767310298
1,REV1 (51455)_damaging,0.0821857753609754
1,MAP4K4 (9448)_damaging,0.016392846147981765
1,SLC5A7 (60482)_damaging,0.004428205454082127
1,DPP10 (57628)_damaging,0.017920390111951488
1,MARCO (8685)_damaging,0.038085088484967375
1,CNTNAP5 (129684)_damaging,0.03512544217519362
1,WDR33 (55339)_damaging,0.041235547690198125
1,UGGT1 (56886)_damaging,0.00162158621884368
1,AMER3 (205147)_damaging,0.004220330421334425
1,ARHGEF4 (50649)_damaging,0.04204997444830702
1,NCKAP5 (344148)_damaging,0.04316546355467329
1,THSD7B (80731)_damaging,0.07560862225560132
1,LRP1B (53353)_damaging,0.1002494083987294
1,ZEB2 (9839)_damaging,0.014437142581788957
1,ACVR2A (92)_damaging,0.008834681581459702
1,ORC4 (5000)_damaging,0.0273287980773637
1,KIF5C (3800)_damaging,0.0030368407513988336
1,RIF1 (55183)_damaging,0.01569456105032592
1,NEB (4703)_damaging,0.013817843777339547
1,BAZ2B (29994)_damaging,0.015607219275302222
1,LY75 (4065)_damaging,0.026360157592086854
1,PLA2R1 (22925)_damaging,0.007225344833387424
1,SLC4A10 (57282)_damaging,0.04067840371808345
1,KCNH7 (90134)_damaging,0.06323591266636645
1,FIGN (55137)_damaging,0.02599441977408823
1,SCN3A (6328)_damaging,0.009102225381602809
1,SCN2A (6326)_damaging,0.08942028302545776
1,TTC21B (79809)_damaging,0.025905418240504765
1,SCN1A (6323)_damaging,0.027730373298567975
1,SCN9A (6335)_damaging,0.037605861175220995
1,SCN7A (6332)_damaging,0.054492030917028755
1,XIRP2 (129446)_damaging,0.0738403578960742
1,LRP2 (4036)_damaging,0.005665074497645659
1,KLHL41 (10324)_damaging,0.024522660648043825
1,PPIG (9360)_damaging,0.08016218884991728
1,CFAP210 (129881)_damaging,0.06934745087955028
1,TTN (7273)_damaging,0.0517867024751447
1,CCDC141 (285025)_damaging,0.01966181217926988
1,ITGA4 (3676)_damaging,0.009659589394500909
1,FSIP2 (401024)_damaging,0.07270365373235102
1,COL3A1 (1281)_damaging,0.018940775204948454
1,COL5A2 (1290)_damaging,0.07505042093660828
1,ANKAR (150709)_damaging,0.03163321937956684
1,DNAH7 (56171)_damaging,0.040272148691540194
1,HECW2 (57520)_damaging,0.022175036465672638
1,PLCL1 (5334)_damaging,0.015099786954796478
1,AOX1 (316)_damaging,0.014210811324434297
1,CASP8 (841)_damaging,0.012046619765605348
1,BMPR2 (659)_damaging,0.01498473060381663
1,NBEAL1 (65065)_damaging,0.05581997410689019
1,PARD3B (117583)_damaging,0.07580807333255195
1,INO80D (54891)_damaging,0.05512667165070291
1,ZDBF2 (57683)_damaging,0.023661538237018203
1,ADAM23 (8745)_damaging,0.017494614560568545
1,MAP2 (4133)_damaging,0.0403282339140052
1,UNC80 (285175)_damaging,0.0002580503361615992
1,CPS1 (1373)_damaging,0.016991673095438028
1,ERBB4 (2066)_damaging,0.022048158245649777
1,ABCA12 (26154)_damaging,0.007665996986377322
1,FN1 (2335)_damaging,0.012906189841419016
1,TNS1 (7145)_damaging,0.04241803523976426
1,ZNF142 (7701)_damaging,0.03737099249044272
1,CFAP65 (255101)_damaging,0.016292633616175625
1,SPEG (10290)_damaging,0.062396504473049764
1,OBSL1 (23363)_damaging,0.032706856251401205
1,SLC4A3 (6508)_damaging,0.012939979390439053
1,NYAP2 (57624)_damaging,0.0221522669432446
1,IRS1 (3667)_damaging,0.0052381889071065535
1,COL4A4 (1286)_damaging,0.06379469283135202
1,SPHKAP (80309)_damaging,0.03192386386490136
1,MROH2A (339766)_damaging,0.01370714378111129
1,COL6A3 (1293)_damaging,0.05043652849590592
1,HDAC4 (9759)_damaging,0.031695343499232684
1,KIF1A (547)_damaging,0.04085929454442548
1,CROCC2 (728763)_damaging,0.025392565280189783
1,TGM6 (343641)_damaging,0.06660294792798563
1,FASTKD5 (60493)_damaging,0.060439094557140194
1,PLCB4 (5332)_damaging,0.0633091156067985
1,ESF1 (51575)_damaging,0.0034206650477851984
1,SEL1L2 (80343)_damaging,0.013605350888402066
1,CFAP61 (26074)_damaging,0.04715844088438177
1,RALGAPA2 (57186)_damaging,0.002658658832084012
1,ASXL1 (171023)_damaging,0.03304242140988878
1,NCOA6 (23054)_damaging,0.03942688803794599
1,MYH7B (57644)_damaging,0.04528295657548609
1,CEP250 (11190)_damaging,0.04612671928841071
1,SAMHD1 (25939)_damaging,0.0067816394259463345
1,RALGAPB (57148)_damaging,0.00875224834052007
1,CHD6 (84181)_damaging,0.038704124998475704
1,PTPRT (11122)_damaging,0.05257950787531231
1,NCOA3 (8202)_damaging,0.046396494838279456
1,DDX27 (55661)_damaging,0.015040360707272868
1,ZNF831 (128611)_damaging,0.00020333072100612041
1,SYCP2 (10388)_damaging,0.05096643029781731
1,TAF4 (6874)_damaging,0.039666258022416925
1,LAMA5 (3911)_damaging,0.008491749171321216
1,DIDO1 (11083)_damaging,0.10137091357289886
1,HELZ2 (85441)_damaging,0.024405507567689354
1,TPTE (7179)_damaging,0.004998406277928366
1,NRIP1 (8204)_damaging,0.03017147150307147
1,ADAMTS5 (11096)_damaging,0.04569054317840801
1,LTN1 (26046)_damaging,0.019298869653961416
1,USP16 (10600)_damaging,0.0005027505890772234
1,SCAF4 (57466)_damaging,0.04103647314011987
1,ITSN1 (6453)_damaging,0.018299824958543598
1,DOP1B (9980)_damaging,0.03852754023385969
1,BRWD1 (54014)_damaging,0.04517968455999285
1,DSCAM (1826)_damaging,0.002931258830129423
1,ZBTB21 (49854)_damaging,0.011391825655106146
1,UMODL1 (89766)_damaging,0.017227288603396954
1,TRPM2 (7226)_damaging,0.06181349259909291
1,COL18A1 (80781)_damaging,0.04842767210736222
1,COL6A1 (1291)_damaging,0.03345136567272403
1,PCNT (5116)_damaging,0.0011561610910398184
1,CECR2 (27443)_damaging,0.016769387332858
1,ZDHHC8 (29801)_damaging,0.005869362088044582
1,LZTR1 (8216)_damaging,0.006733356134776005
1,SMARCB1 (6598)_damaging,0.038573470816096765
1,MYO18B (84700)_damaging,0.041887441782980185
1,MN1 (4330)_damaging,0.002371169335088152
1,NF2 (4771)_damaging,0.10611272879793002
1,PRR14L (253143)_damaging,0.029190504499650816
1,DEPDC5 (9681)_damaging,0.031110275054964415
1,MYH9 (4627)_damaging,0.06023868368702438
1,CSF2RB (1439)_damaging,0.03225201627907325
1,TRIOBP (11078)_damaging,0.013853386178110955
1,CACNA1I (8911)_damaging,0.014478355551866343
1,TNRC6B (23112)_damaging,0.03771693592785184
1,EP300 (2033)_damaging,0.010945910574686083
1,ZC3H7B (23264)_damaging,0.006064990197505547
1,MEI1 (150365)_damaging,0.0037126740843839824
1,TCF20 (6942)_damaging,0.026676057573717035
1,SMC1B (27127)_damaging,0.022457125596936675
1,PKDREJ (10343)_damaging,0.011830465652132315
1,CELSR1 (9620)_damaging,0.009819766882526637
1,PLXNB2 (23654)_damaging,0.030799990444702927
1,PPP6R2 (9701)_damaging,0.002984333716586382
1,SBF1 (6305)_damaging,0.044030030016384315
1,CNTN6 (27255)_damaging,0.0012869124988308498
1,CNTN4 (152330)_damaging,0.06581706155486201
1,GRM7 (2917)_damaging,0.009691222475323016
1,VHL (7428)_damaging,0.013132033677254453
1,KCNH8 (131096)_damaging,0.010801733160539515
1,TGFBR2 (7048)_damaging,0.10708760794736835
1,CLASP2 (23122)_damaging,0.0043603235607154915
1,TRANK1 (9881)_damaging,0.020958709000682765
1,MLH1 (4292)_damaging,0.00869674916026382
1,GOLGA4 (2803)_damaging,0.08154571138984588
1,SCN5A (6331)_damaging,0.04755827867698276
1,SCN10A (6336)_damaging,0.004042831722615237
1,SCN11A (11280)_damaging,0.03523074922933391
1,KIF15 (56992)_damaging,0.0034828447309763057
1,SETD2 (29072)_damaging,0.08453602329813707
1,PTPN23 (25930)_damaging,0.04160369125966164
1,PLXNB1 (5364)_damaging,0.0010241549077349649
1,COL7A1 (1294)_damaging,0.04067481403950717
1,CELSR3 (1951)_damaging,0.00958823058105908
1,RHOA (387)_damaging,0.03595304209026535
1,BSN (8927)_damaging,0.09358420351765567
1,RBM6 (10180)_damaging,0.0283576502625004
1,DOCK3 (1795)_damaging,0.040691682320739025
1,DNAH1 (25981)_damaging,0.06597490849542506
1,BAP1 (8314)_damaging,0.03750726630236529
1,STAB1 (23166)_damaging,0.019114950487069703
1,PBRM1 (55193)_damaging,0.013023659141355901
1,CACNA1D (776)_damaging,0.08277389286482228
1,DNAH12 (201625)_damaging,0.04272883756977591
1,FLNB (2317)_damaging,0.021775726064116787
1,ATXN7 (6314)_damaging,0.021283486081060222
1,ADAMTS9 (56999)_damaging,0.03221531788540098
1,CNTN3 (5067)_damaging,0.06079969438235823
1,ROBO2 (6092)_damaging,0.08527934228145617
1,ROBO1 (6091)_damaging,0.0397004756295182
1,EPHA3 (2042)_damaging,0.03649498876611003
1,EPHA6 (285220)_damaging,0.004018552136077986
1,CRYBG3 (131544)_damaging,0.029824549286439843
1,ABI3BP (25890)_damaging,0.040613124733216086
1,MYH15 (22989)_damaging,0.025791757921353995
1,DZIP3 (9666)_damaging,0.004369101487892982
1,MORC1 (27136)_damaging,0.03117393313544988
1,PHLDB2 (90102)_damaging,0.041001024304411285
1,CFAP44 (55779)_damaging,0.046276967635842825
1,ZBTB20 (26137)_damaging,0.01890297872588371
1,CFAP91 (89876)_damaging,0.0008430148056115232
1,POLQ (10721)_damaging,0.014887500662283901
1,PARP14 (54625)_damaging,0.04219350790057474
1,KALRN (8997)_damaging,0.08061278374751414
1,COL6A5 (256076)_damaging,0.025919652705185217
1,COL6A6 (131873)_damaging,0.03522973094016442
1,DNAJC13 (23317)_damaging,0.014152323243740467
1,TOPBP1 (11073)_damaging,0.05067549341654024
1,RASA2 (5922)_damaging,0.02584254448493803
1,XRN1 (54464)_damaging,0.011037481998717206
1,ATR (545)_damaging,0.05445785453156291
1,HPS3 (84343)_damaging,0.04274058881172915
1,MED12L (116931)_damaging,0.029750036543653557
1,IGSF10 (285313)_damaging,0.004553643388929468
1,ARHGEF26 (26084)_damaging,0.010454533788327558
1,MME (4311)_damaging,0.03901328930330969
1,PLCH1 (23007)_damaging,0.01297446447273613
1,SMC4 (10051)_damaging,0.00839211976313867
1,SI (6476)_damaging,0.07023949183586255
1,ZBBX (79740)_damaging,0.05815678256477635
1,MECOM (2122)_damaging,0.054998551988691254
1,SPATA16 (83893)_damaging,0.028425516821363465
1,USP13 (8975)_damaging,0.01593830877823036
1,TTC14 (151613)_damaging,0.0070320219012253845
1,ATP13A5 (344905)_damaging,0.04309797921933205
1,MUC4 (4585)_damaging,0.04951151628509497
1,TNK2 (10188)_damaging,0.05036615633404692
1,NSD2 (7468)_damaging,0.08450503784019092
1,POLN (353497)_damaging,0.07423618638662224
1,FAM193A (8603)_damaging,0.01278479407686092
1,HTT (3064)_damaging,0.015797559695179896
1,JAKMIP1 (152789)_damaging,0.03756602903426456
1,MAN2B2 (23324)_damaging,0.00036762270088506126
1,UNC93B7 (100887746)_damaging,0.005479218393727949
1,BOD1L1 (259282)_damaging,0.0009124743892836056
1,CC2D2A (57545)_damaging,0.07100708095555427
1,PCDH7 (5099)_damaging,0.03136552535548653
1,ARAP2 (116984)_damaging,0.096803865334968
1,LIMCH1 (22998)_damaging,0.03151793902173137
1,BEND4 (389206)_damaging,0.0013079165287179719
1,FRYL (285527)_damaging,0.011074723056883628
1,KDR (3791)_damaging,0.02417631065322947
1,CRACD (57482)_damaging,0.03639594573639242
1,POLR2B (5431)_damaging,0.04354535946410224
1,ADGRL3 (23284)_damaging,0.0450206422069057
1,EPHA5 (2044)_damaging,0.04644431174959134
1,CENPC (1060)_damaging,0.014434544229361149
1,ADAMTS3 (9508)_damaging,0.08035446494542028
1,SHROOM3 (57619)_damaging,0.02801043044313954
1,FRAS1 (80144)_damaging,0.00547649001369155
1,WDFY3 (23001)_damaging,0.06296355968548738
1,PTPN13 (5783)_damaging,0.008230183432687293
1,MMRN1 (22915)_damaging,0.05956616267579553
1,GRID2 (2895)_damaging,0.007783321745524723
1,SMARCAD1 (56916)_damaging,0.07833484725080753
1,UNC5C (8633)_damaging,0.029589684114630182
1,CENPE (1062)_damaging,0.006445201328448668
1,TET2 (54790)_damaging,0.08664867533625172
1,ZGRF1 (55345)_damaging,0.000892598501544907
1,ANK2 (287)_damaging,0.014948830957906317
1,BLTP1 (84162)_damaging,0.004370425868223841
1,FAT4 (79633)_damaging,0.023097877675793486
1,PCDH10 (57575)_damaging,0.02637341884448121
1,LRBA (987)_damaging,0.07662691272471527
1,FBXW7 (55294)_damaging,0.003209456464097434
1,FHDC1 (85462)_damaging,0.003374863465659062
1,DCHS2 (54798)_damaging,0.017685195467058882
1,MAP9 (79884)_damaging,0.04522289710025779
1,GRIA2 (2891)_damaging,0.03971745521834542
1,RXFP1 (59350)_damaging,0.06850026736217818
1,RAPGEF2 (9693)_damaging,0.04072830107386201
1,FSTL5 (56884)_damaging,0.033829341598874456
1,DDX60 (55601)_damaging,0.05046792804653558
1,WDR17 (116966)_damaging,0.0063194676168009415
1,TENM3 (55714)_damaging,0.019474511099644064
1,SORBS2 (8470)_damaging,0.020195159207832793
1,FAT1 (2195)_damaging,0.09140232867042089
1,SDHA (6389)_damaging,0.02499957657938504
1,SLC12A7 (10723)_damaging,0.0074397675664069456
1,TERT (7015)_damaging,0.08659274476355117
1,ADAMTS16 (170690)_damaging,0.011485423111660372
1,ICE1 (23379)_damaging,0.050368946876788424
1,SEMA5A (9037)_damaging,0.0033129315059069464
1,DNAH5 (1767)_damaging,0.036903287691144086
1,TRIO (7204)_damaging,0.03191230280642079
1,CDH18 (1016)_damaging,0.03451474672277226
1,PRDM9 (56979)_damaging,0.02937467393867492
1,CDH10 (1008)_damaging,0.0687739985517264
1,CDH6 (1004)_damaging,0.014093164168902666
1,PDZD2 (23037)_damaging,0.0002194415093751914
1,ADAMTS12 (81792)_damaging,0.05676567105821919
1,SPEF2 (79925)_damaging,0.02499605527764123
1,NIPBL (25836)_damaging,0.01291690515574798
1,CPLANE1 (65250)_damaging,0.031522777161541456
1,EGFLAM (133584)_damaging,0.025165212506786987
1,RICTOR (253260)_damaging,0.03807333108582947
1,C7 (730)_damaging,0.0816379163457594
1,MROH2B (133558)_damaging,0.039147098955233064
1,C6 (729)_damaging,0.028079558364840954
1,HCN1 (348980)_damaging,0.01056505737020149
1,ITGA2 (3673)_damaging,0.04318946182962069
1,ADAMTS6 (11174)_damaging,0.06446378084574014
1,PIK3R1 (5295)_damaging,0.020165583568046663
1,RAD17 (5884)_damaging,0.04043972618043338
1,BDP1 (55814)_damaging,0.019492381695590796
1,MAP1B (4131)_damaging,0.040969468878039914
1,ARHGEF28 (64283)_damaging,0.05938356845262893
1,ANKRD31 (256006)_damaging,0.017829638486574748
1,AP3B1 (8546)_damaging,0.003750519913079259
1,CMYA5 (202333)_damaging,0.04021346226148995
1,MSH3 (4437)_damaging,0.030031088707593995
1,VCAN (1462)_damaging,0.0016730355527064835
1,RASA1 (5921)_damaging,0.01273866094477277
1,ADGRV1 (84059)_damaging,0.019256487773271023
1,MCTP1 (79772)_damaging,0.029339281961754032
1,ARSK (153642)_damaging,0.04639811855532852
1,CHD1 (1105)_damaging,0.009642263946190792
1,SLCO6A1 (133482)_damaging,0.02120559478272381
1,APC (324)_damaging,0.08313741604035538
1,DMXL1 (1657)_damaging,0.03770891208719763
1,FBN2 (2201)_damaging,0.03733985387410675
1,ADAMTS19 (171019)_damaging,0.020538853251906245
1,RAPGEF6 (51735)_damaging,0.016962750844284613
1,RAD50 (10111)_damaging,0.10954808452089136
1,AFF4 (27125)_damaging,0.011520825993155456
1,FSTL4 (23105)_damaging,0.037523865475642855
1,CDKL3 (51265)_damaging,0.03672098075881528
1,PITX1 (5307)_damaging,0.05466044830501106
1,LINC02900 (340073)_damaging,0.0007454615943411027
1,CTNNA1 (1495)_damaging,0.07758377608290157
1,WDR55 (54853)_damaging,0.03374875830560579
1,FAT2 (2196)_damaging,0.0843746863071936
1,LARP1 (23367)_damaging,0.04022755566897159
1,GABRG2 (2566)_damaging,0.0708150356312802
1,DOCK2 (1794)_damaging,0.02102823356320726
1,NSD1 (64324)_damaging,0.08443657969852077
1,ADAMTS2 (9509)_damaging,0.018156526078405646
1,FLT4 (2324)_damaging,0.07757274217127026
1,DSP (1832)_damaging,0.010544954999914697
1,HIVEP1 (3096)_damaging,0.025640853574729828
1,PHACTR1 (221692)_damaging,0.017191619041749765
1,JARID2 (3720)_damaging,0.012536168893604876
1,ATXN1 (6310)_damaging,0.05782400363994956
1,GABBR1 (2550)_damaging,0.053911010620452754
1,HLA-A (3105)_damaging,0.025586914600350365
1,MDC1 (9656)_damaging,0.0031954723105440306
1,MUCL3 (135656)_damaging,0.013038135540268203
1,HLA-C (3107)_damaging,0.02206683634443773
1,HLA-B (3106)_damaging,0.0004955901323346765
1,PRRC2A (7916)_damaging,0.03373588877444825
1,BAG6 (7917)_damaging,0.06169801361613068
1,TNXB (7148)_damaging,0.011828705496774387
1,NOTCH4 (4855)_damaging,0.009742573863591238
1,COL11A2 (1302)_damaging,0.04468466242065388
1,ITPR3 (3710)_damaging,0.008797222035087033
1,DNAH8 (1769)_damaging,0.08483265383535454
1,KIF6 (221458)_damaging,0.0023051808437447602
1,CCND3 (896)_damaging,0.07843479734964266
1,MRPS10 (55173)_damaging,0.023129315188503093
1,ZNF318 (24149)_damaging,0.018220382677868036
1,TDRD6 (221400)_damaging,0.027959018475306692
1,MMUT (4594)_damaging,0.009025918191454322
1,PKHD1 (5314)_damaging,0.09241700299749891
1,FAM83B (222584)_damaging,0.000274259857509501
1,DST (667)_damaging,0.020300015986160165
1,PHF3 (23469)_damaging,0.026429851906983146
1,EYS (346007)_damaging,0.002482904975454285
1,ADGRB3 (577)_damaging,0.0005339226733578635
1,COL19A1 (1310)_damaging,0.022699071470359346
1,COL9A1 (1297)_damaging,0.0875671731409298
1,RIMS1 (22999)_damaging,0.0075957387439216425
1,CD109 (135228)_damaging,0.05210268200906767
1,COL12A1 (1303)_damaging,0.026943536201968925
1,CEP162 (22832)_damaging,0.009330500724437892
1,SYNCRIP (10492)_damaging,0.08076739559895696
1,ZNF292 (23036)_damaging,0.010010579095443459
1,MDN1 (23195)_damaging,0.023034571640150808
1,CASP8AP2 (9994)_damaging,0.015837911509474042
1,BACH2 (60468)_damaging,0.02834621085055854
1,EPHA7 (2045)_damaging,0.03459764637029783
1,MMS22L (253714)_damaging,0.018631636086876808
1,ASCC3 (10973)_damaging,0.02477565310727808
1,SOBP (55084)_damaging,0.00959992417613988
1,AK9 (221264)_damaging,0.011742206311398452
1,REV3L (5980)_damaging,0.025640198662393445
1,LAMA4 (3910)_damaging,0.03288371082517979
1,HDAC2 (3066)_damaging,0.005252702439682941
1,GPRC6A (222545)_damaging,0.013694462589072635
1,ROS1 (6098)_damaging,0.0034131899768137185
1,TBC1D32 (221322)_damaging,0.012281154599473789
1,TRDN (10345)_damaging,0.0161767406862525
1,LAMA2 (3908)_damaging,0.0008801470675225387
1,AKAP7 (9465)_damaging,0.009697324754956018
1,MED23 (9439)_damaging,0.051034806319905854
1,TNFAIP3 (7128)_damaging,0.09395550960993723
1,ARFGEF3 (57221)_damaging,0.03555388473981825
1,ECT2L (345930)_damaging,0.048349365181036275
1,HECA (51696)_damaging,0.027244518622041997
1,HIVEP2 (3097)_damaging,0.021981364952150206
1,UTRN (7402)_damaging,0.04404383833760639
1,SHPRH (257218)_damaging,0.017445129512993988
1,GRM1 (2911)_damaging,0.004930860740056941
1,ADGB (79747)_damaging,0.0006485031686293992
1,STXBP5 (134957)_damaging,0.032303067077369234
1,LATS1 (9113)_damaging,0.03481798637332234
1,SYNE1 (23345)_damaging,0.013014003220322725
1,SCAF8 (22828)_damaging,0.04934928203156479
1,ARID1B (57492)_damaging,0.03809003303933257
1,FNDC1 (84624)_damaging,0.012997245786944805
1,LPA (4018)_damaging,0.005281729342142275
1,MAP3K4 (4216)_damaging,0.07001524033763505
1,PRKN (5071)_damaging,0.01898447280269285
1,QKI (9444)_damaging,0.0655301211386741
1,AFDN (4301)_damaging,0.015024429935340897
1,INTS1 (26173)_damaging,0.05160805227825938
1,CARD11 (84433)_damaging,0.007058042976620646
1,TNRC18 (84629)_damaging,0.03885509173753766
1,PMS2 (5395)_damaging,0.08184492871145316
1,ZNF316 (100131017)_damaging,0.059052997791747795
1,COL28A1 (340267)_damaging,0.011885153626005245
1,THSD7A (221981)_damaging,0.032497698193071176
1,VWDE (221806)_damaging,0.01967812941106016
1,AHR (196)_damaging,0.05228322909458248
1,HDAC9 (9734)_damaging,0.0034700307917372476
1,ABCB5 (340273)_damaging,0.06297090612915637
1,DNAH11 (8701)_damaging,0.0621986128403373
1,STK31 (56164)_damaging,0.07051546571296857
1,CDK13 (8621)_damaging,0.013136450090021505
1,GLI3 (2737)_damaging,0.01986488094910655
1,HECW1 (23072)_damaging,0.015039573396597828
1,AEBP1 (165)_damaging,0.09386767135712076
1,PKD1L1 (168507)_damaging,0.03593301733799956
1,ABCA13 (154664)_damaging,0.04155856016789019
1,EGFR (1956)_damaging,0.0008129859595707925
1,AUTS2 (26053)_damaging,0.0014819143151519035
1,PTPN12 (5782)_damaging,0.040691367661766
1,MAGI2 (9863)_damaging,0.06355170239051079
1,CD36 (948)_damaging,0.0034179161116845245
1,PCLO (27445)_damaging,0.00144898476515342
1,SEMA3E (9723)_damaging,0.08951863759412872
1,ABCB4 (5244)_damaging,0.020208130009766356
1,ABCB1 (5243)_damaging,0.02164499921133208
1,ZNF804B (219578)_damaging,0.03185143106838896
1,AKAP9 (10142)_damaging,0.062435029969430116
1,ANKIB1 (54467)_damaging,0.05017869745676605
1,SAMD9 (54809)_damaging,0.04264273966592013
1,SAMD9L (219285)_damaging,0.05435983236942439
1,CALCR (799)_damaging,0.00732464019602136
1,COL1A2 (1278)_damaging,0.03369035251675314
1,SLC25A13 (10165)_damaging,0.028287253493360448
1,TRRAP (8295)_damaging,0.03890280109850405
1,ZAN (7455)_damaging,0.07380658098828118
1,MUC12 (10071)_damaging,0.09652921391046397
1,MUC17 (140453)_damaging,0.04154371981118158
1,PLOD3 (8985)_damaging,0.008268699406368412
1,CUX1 (1523)_damaging,0.05618376155070851
1,FBXL13 (222235)_damaging,0.07666616838890769
1,RELN (5649)_damaging,0.012644236305939438
1,KMT2E (55904)_damaging,0.01868867135527656
1,PIK3CG (5294)_damaging,0.04791304896537217
1,SLC26A3 (1811)_damaging,0.06703458641581654
1,LAMB4 (22798)_damaging,0.024901749729500856
1,DOCK4 (9732)_damaging,0.00784856608781184
1,PPP1R3A (5506)_damaging,0.026542178890721486
1,CFTR (1080)_damaging,0.046224702768794056
1,CTTNBP2 (83992)_damaging,0.011413256013369864
1,PTPRZ1 (5803)_damaging,0.04382770075297986
1,CADPS2 (93664)_damaging,0.008728628044597996
1,IQUB (154865)_damaging,0.050644206708370935
1,GRM8 (2918)_damaging,0.06300093375215811
1,FLNC (2318)_damaging,0.02778071008157167
1,KCP (375616)_damaging,0.02866202623329911
1,PLXNA4 (91584)_damaging,0.010122969906816978
1,LRGUK (136332)_damaging,0.0459622967524022
1,NUP205 (23165)_damaging,0.00459579764026815
1,TRIM24 (8805)_damaging,0.048836865706368957
1,KIAA1549 (57670)_damaging,0.015267784581037018
1,MGAM (8972)_damaging,0.02491399171970988
1,MGAM2 (93432)_damaging,0.004631499792634539
1,EPHB6 (2051)_damaging,0.039922543474136284
1,KEL (3792)_damaging,0.014764156806451073
1,NOBOX (135935)_damaging,0.0699688937038583
1,CNTNAP2 (26047)_damaging,0.04362960861339732
1,KCNH2 (3757)_damaging,0.04352449271282323
1,NOS3 (4846)_damaging,0.009792649571361183
1,KMT2C (58508)_damaging,0.07113950507037137
1,UBE3C (9690)_damaging,0.007030628913276833
1,PTPRN2 (5799)_damaging,0.06726504292942936
1,CSMD1 (64478)_damaging,0.054956798022463095
1,RP1L1 (94137)_damaging,0.05189163568993293
1,TRMT9B (57604)_damaging,0.052818754656326426
1,DLC1 (10395)_damaging,0.05764332457784425
1,DOCK5 (80005)_damaging,0.0193472959343055
1,NUGGC (389643)_damaging,0.03704170329232475
1,TEX15 (56154)_damaging,0.010042995326446025
1,WRN (7486)_damaging,0.08322324931018325
1,UNC5D (137970)_damaging,0.08118388862336887
1,ADGRA2 (25960)_damaging,0.051252687317306374
1,NSD3 (54904)_damaging,0.012735918731927738
1,ANK1 (286)_damaging,0.04035426688556197
1,PRKDC (5591)_damaging,0.03898742014315543
1,PXDNL (137902)_damaging,0.08082914581174258
1,ST18 (9705)_damaging,0.061417684305132315
1,RB1CC1 (9821)_damaging,0.018551725716359137
1,RP1 (6101)_damaging,0.03986117702989918
1,CYP7A1 (1581)_damaging,0.011997215875885021
1,CHD7 (55636)_damaging,0.002163948835782796
1,ASPH (444)_damaging,0.0013393059594640668
1,ARFGEF1 (10565)_damaging,0.09443399806920807
1,PREX2 (80243)_damaging,0.020781935770166186
1,SULF1 (23213)_damaging,0.005650527744991324
1,TRPA1 (8989)_damaging,0.014312409155550578
1,KCNB2 (9312)_damaging,0.05483942172152746
1,ZFHX4 (79776)_damaging,0.012926326894482369
1,WWP1 (11059)_damaging,0.042180639003308124
1,NBN (4683)_damaging,0.0008408508582192102
1,ESRP1 (54845)_damaging,0.05955725504558732
1,VPS13B (157680)_damaging,0.08237971651520244
1,RGS22 (26166)_damaging,0.043628079957873475
1,UBR5 (51366)_damaging,0.022387581126796396
1,RIMS2 (9699)_damaging,0.015487769531758516
1,PKHD1L1 (93035)_damaging,0.020440994954346998
1,CSMD3 (114788)_damaging,0.0002016320991215545
1,TRPS1 (7227)_damaging,0.008790557544507808
1,COL14A1 (7373)_damaging,0.06964011113792741
1,FER1L6 (654463)_damaging,0.04798296976502409
1,ASAP1 (50807)_damaging,0.047831213789963266
1,EFR3A (23167)_damaging,0.03127524465998112
1,OC90 (729330)_damaging,0.015580299754017183
1,KCNQ3 (3786)_damaging,0.00907380835314082
1,PHF20L1 (51105)_damaging,0.07034305232666353
1,COL22A1 (169044)_damaging,0.016683169110930516
1,ADGRB1 (575)_damaging,0.02315757947173265
1,EPPK1 (83481)_damaging,0.043186374736429306
1,PLEC (5339)_damaging,0.07639511971129961
1,PARP10 (84875)_damaging,0.015220696142608745
1,MROH1 (727957)_damaging,0.005616296842632704
1,CPSF1 (29894)_damaging,0.019329279998719074
1,KIFC2 (90990)_damaging,0.014909166860396821
1,RECQL4 (9401)_damaging,0.048476309435064154
1,DOCK8 (81704)_damaging,0.042520163282535606
1,SMARCA2 (6595)_damaging,0.060861019503522545
1,PTPRD (5789)_damaging,0.0025540846685701926
1,MPDZ (8777)_damaging,0.012137026586440476
1,CNTLN (54875)_damaging,0.038241706598097995
1,ADAMTSL1 (92949)_damaging,0.009424373107796822
1,DENND4C (55667)_damaging,0.004674755422678053
1,CDKN2A (1029)_damaging,0.05898195353783834
1,TAF1L (138474)_damaging,0.07325027236348032
1,SPATA31G1 (138724)_damaging,0.005248800504875675
1,FANCG (2189)_damaging,0.02987614193673636
1,UNC13B (10497)_damaging,0.014044387221392653
1,RUSC2 (9853)_damaging,0.007997663261151337
1,SPAG8 (26206)_damaging,0.09269943464359551
1,TJP2 (9414)_damaging,0.02569657501524594
1,TMC1 (117531)_damaging,0.0042802161909547085
1,TRPM6 (140803)_damaging,0.036743228819005665
1,PCSK5 (5125)_damaging,0.013302532178975977
1,PRUNE2 (158471)_damaging,0.04834408523831275
1,VPS13A (23230)_damaging,0.003882227542718415
1,TLE4 (7091)_damaging,0.08635111579306957
1,KIF27 (55582)_damaging,0.030180383076864208
1,ROR2 (4920)_damaging,0.004383691229150275
1,NOL8 (55035)_damaging,0.033786099244976525
1,WNK2 (65268)_damaging,0.0007877114797351027
1,PHF2 (5253)_damaging,0.0230223077706249
1,PTCH1 (5727)_damaging,0.02380948990784244
1,COL15A1 (1306)_damaging,0.05409299086592564
1,ELP1 (8518)_damaging,0.021771699290289978
1,TMEM245 (23731)_damaging,0.09446961123010787
1,SVEP1 (79987)_damaging,0.011561833566883714
1,SHOC1 (158401)_damaging,0.08900182280587172
1,FKBP15 (23307)_damaging,0.09784916928860504
1,COL27A1 (85301)_damaging,0.013691620955880831
1,C5 (727)_damaging,0.017235199340019054
1,CNTRL (11064)_damaging,0.03891766891618757
1,DENND1A (57706)_damaging,0.024781859503131512
1,GOLGA2 (2801)_damaging,0.027488733828895162
1,SPTAN1 (6709)_damaging,0.049456911086704525
1,HMCN2 (256158)_damaging,0.0018796948253113738
1,NUP214 (8021)_damaging,0.07723157155807972
1,PRRC2B (84726)_damaging,0.003666391863610483
1,UCK1 (83549)_damaging,0.03651017920649803
1,SETX (23064)_damaging,0.040979050551121034
1,ADAMTS13 (11093)_damaging,0.014511305037457992
1,ADAMTSL2 (9719)_damaging,0.03421090738670768
1,BRD3 (8019)_damaging,0.03260572392456045
1,WDR5 (11091)_damaging,0.01711358501997507
1,COL5A1 (1289)_damaging,0.036775244271628996
1,CAMSAP1 (157922)_damaging,0.013653106664011278
1,NOTCH1 (4851)_damaging,0.025446909527305085
1,ABCA2 (20)_damaging,0.05809316260528716
1,EXD3 (54932)_damaging,0.09705629231688476
1,CACNA1B (774)_damaging,0.0356378930423054
1,MXRA5 (25878)_damaging,0.00949812063964072
1,WWC3 (55841)_damaging,0.035531213856327126
1,FRMPD4 (9758)_damaging,0.04270733572075915
1,NHS (4810)_damaging,0.049799638118999366
1,DMD (1756)_damaging,0.05315967094159327
1,FAM47B (170062)_damaging,0.027547791368506123
1,CFAP47 (286464)_damaging,0.04993798844927553
1,BCOR (54880)_damaging,0.10314173863591394
1,USP9X (8239)_damaging,0.006837153876473168
1,DDX3X (1654)_damaging,0.06857328593275734
1,KDM6A (7403)_damaging,0.00537288216043094
1,TFE3 (7030)_damaging,0.00964066998902784
1,CCNB3 (85417)_damaging,0.04974238298185335
1,SHROOM4 (57477)_damaging,0.008131036515867301
1,IQSEC2 (23096)_damaging,0.031866548200813825
1,HUWE1 (10075)_damaging,0.05151381424860868
1,WNK3 (65267)_damaging,0.0006740428610227914
1,AMER1 (139285)_damaging,0.017772232162231543
1,ZC3H12B (340554)_damaging,0.015917524437736634
1,OPHN1 (4983)_damaging,0.05118185994848944
1,MED12 (9968)_damaging,0.04516398446376278
1,ZMYM3 (9203)_damaging,0.005224611279309124
1,NEXMIF (340533)_damaging,0.005854585392531799
1,ATRX (546)_damaging,0.1084346554434266
1,BRWD3 (254065)_damaging,0.03766554071971059
1,ZNF711 (7552)_damaging,0.04884521581560735
1,DACH2 (117154)_damaging,0.008933831861166579
1,DIAPH2 (1730)_damaging,0.04146933269100609
1,RAB40A (142684)_damaging,0.025210227326062668
1,NRK (203447)_damaging,0.04563431014292495
1,COL4A6 (1288)_damaging,0.022623802972706167
1,COL4A5 (1287)_damaging,0.00888029640057751
1,GUCY2F (2986)_damaging,0.030374688777935595
1,DOCK11 (139818)_damaging,0.0039783746090920015
1,STAG2 (10735)_damaging,0.005555820327367831
1,TENM1 (10178)_damaging,0.06511760958976132
1,BCORL1 (63035)_damaging,0.007273992457574705
1,USP26 (83844)_damaging,0.007168236171108882
1,ADGRG4 (139378)_damaging,0.029382631041837467
1,MAGEC1 (9947)_damaging,0.04956224152953932
1,SPANXN4 (441525)_damaging,0.002941721845827589
1,SLITRK2 (84631)_damaging,0.016983888858336828
1,AFF2 (2334)_damaging,0.008439909628786605
1,PLXNA3 (55558)_damaging,0.002085015577672673
1,F8 (2157)_damaging,0.01705541415086193
1,MT-ND4 (4538)_damaging,0.06418952387854344
1,MT-ND5 (4540)_damaging,0.01716040883193464
2,MTOR (2475)_hotspot,0.11704772088592601
2,NRAS (4893)_hotspot,0.05434226251609521
2,PTEN (5728)_hotspot,0.052299458625739606
2,HRAS (3265)_hotspot,0.0365507260376747
2,ATM (472)_hotspot,0.009989891986640206
2,KRAS (3845)_hotspot,0.09082770532566471
2,ERBB3 (2065)_hotspot,0.03560019098943892
2,RB1 (5925)_hotspot,0.08698449704900048
2,CREBBP (1387)_hotspot,0.046175187714111915
2,TP53 (7157)_hotspot,0.22030427457147753
2,NF1 (4763)_hotspot,0.021846158378285484
2,ERBB2 (2064)_hotspot,0.03247022020120123
2,SMAD4 (4089)_hotspot,0.03798035508252472
2,STK11 (6794)_hotspot,0.021034340053644452
2,SMARCA4 (6597)_hotspot,0.016196031045813988
2,C2orf81 (388963)_hotspot,0.06255481019545212
2,NFE2L2 (4780)_hotspot,0.028930324502492284
2,VHL (7428)_hotspot,0.0493889840642602
2,CTNNB1 (1499)_hotspot,0.08520423265062228
2,RHOA (387)_hotspot,0.027217130483213545
2,PIK3CA (5290)_hotspot,0.04654289646076729
2,FBXW7 (55294)_hotspot,0.08793811919993065
2,TERT (7015)_hotspot,0.19779658851741733
2,PIK3R1 (5295)_hotspot,0.016006446389066235
2,APC (324)_hotspot,0.03003485011895181
2,RAC1 (5879)_hotspot,0.008751859504166577
2,EGFR (1956)_hotspot,0.0180570221256937
2,BRAF (673)_hotspot,0.22294082892959177
2,EZH2 (2146)_hotspot,0.05162142413974795
2,CDKN2A (1029)_hotspot,0.03419629538221951
2,MXRA8 (54587)_damaging,0.007233712548696719
2,MEGF6 (1953)_damaging,0.06947981411312905
2,CHD5 (26038)_damaging,0.03967660495210715
2,RPL22 (6146)_damaging,0.05838972472017419
2,ERRFI1 (54206)_damaging,0.03388411762055506
2,SLC45A1 (50651)_damaging,0.020297755121585385
2,RERE (473)_damaging,0.006169297601581093
2,EXOSC10 (5394)_damaging,0.016317096913199658
2,VPS13D (55187)_damaging,0.012786935643584267
2,FHAD1 (114827)_damaging,0.012695655225709545
2,SPEN (23013)_damaging,0.00871795597053797
2,EPHA2 (1969)_damaging,0.028010898792353005
2,UBR4 (23352)_damaging,0.05492023345232731
2,HSPG2 (3339)_damaging,0.0064535543670067195
2,LUZP1 (7798)_damaging,0.010990449682052185
2,ID3 (3399)_damaging,0.15834410458966333
2,ELOA (6924)_damaging,0.006651678278754889
2,ARID1A (8289)_damaging,0.002524830187773854
2,WDTC1 (23038)_damaging,0.014793342188943757
2,AHDC1 (27245)_damaging,0.004391191832937358
2,PTPRU (10076)_damaging,0.053140325927938104
2,COL16A1 (1307)_damaging,0.004770597711543349
2,CSMD2 (114784)_damaging,0.006746678365733309
2,ZMYM1 (79830)_damaging,0.007734649172019571
2,ZMYM4 (9202)_damaging,0.014853619728751365
2,CLSPN (63967)_damaging,0.04575982205376156
2,AGO1 (26523)_damaging,0.06679414361357663
2,MAP7D1 (55700)_damaging,0.022725974550107286
2,MACF1 (23499)_damaging,0.04556411257792763
2,RLF (6018)_damaging,0.01509616254045902
2,TIE1 (7075)_damaging,0.010994154284491735
2,MPL (4352)_damaging,0.03370868494845168
2,SZT2 (23334)_damaging,0.015916868207790782
2,PTCH2 (8643)_damaging,0.046026569606481015
2,MUTYH (4595)_damaging,0.007151801427814317
2,MAST2 (23139)_damaging,0.031171633452790577
2,PIK3R3 (8503)_damaging,0.024884201355415105
2,FAAH (2166)_damaging,0.05326330057778269
2,TAL1 (6886)_damaging,0.05880715930213546
2,TUT4 (23318)_damaging,0.018137049863903847
2,FYB2 (199920)_damaging,0.03672303782807791
2,NFIA (4774)_damaging,0.01721677493083124
2,DOCK7 (85440)_damaging,0.003267810938502758
2,EFCAB7 (84455)_damaging,0.04219013847236609
2,JAK1 (3716)_damaging,0.08955906754270274
2,LEPR (3953)_damaging,0.06971429329892427
2,LRRC7 (57554)_damaging,0.01754857993245823
2,ERICH3 (127254)_damaging,0.0015679971935410682
2,SLC44A5 (204962)_damaging,0.0045119996405975065
2,ADGRL4 (64123)_damaging,0.04077985261417558
2,ADGRL2 (23266)_damaging,0.0764200556768086
2,COL24A1 (255631)_damaging,0.009172936569176561
2,HFM1 (164045)_damaging,0.0028088691481811994
2,BTBD8 (284697)_damaging,0.0017497854041192225
2,CDC14A (8556)_damaging,0.030896625332307037
2,COL11A1 (1301)_damaging,0.005415633802415955
2,EPS8L3 (79574)_damaging,0.009843438114671407
2,MAGI3 (260425)_damaging,0.016121833959154216
2,DENND2C (163259)_damaging,0.01882510042848249
2,SYCP1 (6847)_damaging,0.04527769164068664
2,CD58 (965)_damaging,0.0028952476893222986
2,SPAG17 (200162)_damaging,0.05853948671704031
2,BCL9 (607)_damaging,0.004257934248319423
2,ZNF687 (57592)_damaging,0.04192082915791415
2,FLG (2312)_damaging,0.018038844962369203
2,CCDST (112268240)_damaging,0.037439511619664745
2,FLG2 (388698)_damaging,0.014271055779135728
2,DENND4B (9909)_damaging,0.025198990026139147
2,UBAP2L (9898)_damaging,0.022770162591688712
2,SHC1 (6464)_damaging,0.005196215259987375
2,ASH1L (55870)_damaging,0.04652146673243448
2,GON4L (54856)_damaging,0.04696774496322144
2,IQGAP3 (128239)_damaging,0.00722958381466268
2,NES (10763)_damaging,0.00029592092719418197
2,INSRR (3645)_damaging,0.023720466319272566
2,FCRL5 (83416)_damaging,0.0007135819654367154
2,SPTA1 (6708)_damaging,0.01941653027604913
2,PYHIN1 (149628)_damaging,0.05641158357055556
2,IGSF9 (57549)_damaging,0.02733034479458775
2,GPR161 (23432)_damaging,0.010304193489307936
2,F5 (2153)_damaging,0.006189702952914401
2,TNR (7143)_damaging,0.027445444246255078
2,PAPPA2 (60676)_damaging,0.04767726771491368
2,RASAL2 (9462)_damaging,0.03245686564739766
2,ABL2 (27)_damaging,0.0787741333786486
2,AXDND1 (126859)_damaging,0.026655769111499767
2,TDRD5 (163589)_damaging,0.0015500073160247749
2,CEP350 (9857)_damaging,0.05450779891803835
2,CACNA1E (777)_damaging,0.060418898001435635
2,RGL1 (23179)_damaging,0.014606007204324048
2,HMCN1 (83872)_damaging,0.0878184889384027
2,TPR (7175)_damaging,0.025841926161449466
2,BRINP3 (339479)_damaging,0.025293836666831725
2,KCNT2 (343450)_damaging,0.032290937496096093
2,ASPM (259266)_damaging,0.017584243381283112
2,PTPRC (5788)_damaging,0.08038923404799377
2,CAMSAP2 (23271)_damaging,0.00828669814327511
2,CACNA1S (779)_damaging,0.050766834649043885
2,IGFN1 (91156)_damaging,0.06417090306218683
2,NAV1 (89796)_damaging,0.003990088405852886
2,ELF3 (1999)_damaging,0.0033843694220803554
2,ATP2B4 (493)_damaging,0.008454811257478536
2,PLEKHA6 (22874)_damaging,0.016475110015169356
2,PIK3C2B (5287)_damaging,0.06426445484434459
2,NFASC (23114)_damaging,0.0244386376012463
2,CR2 (1380)_damaging,0.046620561061926344
2,CR1 (1378)_damaging,0.011697049244633398
2,PLXNA2 (5362)_damaging,0.03261709700437053
2,PROX1 (5629)_damaging,0.001374925589623511
2,PTPN14 (5784)_damaging,0.023532698411196387
2,CENPF (1063)_damaging,0.06196363166455258
2,USH2A (7399)_damaging,0.022536141023241144
2,EPRS1 (2058)_damaging,0.058637623829938826
2,DNAH14 (127602)_damaging,0.06795177484569509
2,CDC42BPA (8476)_damaging,0.05578529146352907
2,OBSCN (84033)_damaging,0.023485276124959983
2,H3-4 (8290)_damaging,0.015228858260902482
2,SIPA1L2 (57568)_damaging,0.050131880465662644
2,PCNX2 (80003)_damaging,0.0035502678186341836
2,MAP3K21 (84451)_damaging,0.0034656208557628213
2,ARID4B (51742)_damaging,0.00975231805483339
2,LYST (1130)_damaging,0.05712917296666011
2,RYR2 (6262)_damaging,0.04926683022010756
2,CHRM3 (1131)_damaging,0.02183068472205917
2,FMN2 (56776)_damaging,0.03402324621888491
2,RGS7 (6000)_damaging,0.0122727533792002
2,KIF26B (55083)_damaging,0.01869763567108643
2,NLRP3 (114548)_damaging,0.06847471464142384
2,LARP4B (23185)_damaging,0.005003792967684686
2,PITRM1 (10531)_damaging,0.11050858455350888
2,ITGA8 (8516)_damaging,0.0615156904334794
2,CUBN (8029)_damaging,0.05985212855822766
2,MRC1 (4360)_damaging,0.04491378109525521
2,MALRD1 (340895)_damaging,0.01487170700632901
2,PLXDC2 (84898)_damaging,0.09518681694905051
2,SPAG6 (9576)_damaging,0.02620851185393872
2,ARMC3 (219681)_damaging,0.020620055299699163
2,KIAA1217 (56243)_damaging,0.08390515805401039
2,GPR158 (57512)_damaging,0.00307071651358562
2,MYO3A (53904)_damaging,0.029035734208793705
2,ANKRD26 (22852)_damaging,0.03236207908879535
2,ODAD2 (55130)_damaging,0.01982611204801115
2,SVIL (6840)_damaging,0.01735883718792391
2,JCAD (57608)_damaging,0.010748305387603824
2,KIF5B (3799)_damaging,0.020632253190116825
2,CCDC7 (79741)_damaging,0.03230999098162788
2,ANKRD30A (91074)_damaging,0.015403176896861565
2,RSU1P2 (100133308)_damaging,0.005914785150644054
2,WDFY4 (57705)_damaging,0.005085430562239036
2,PCDH15 (65217)_damaging,0.01547703630990735
2,ANK3 (288)_damaging,0.029782114339362457
2,ARID5B (84159)_damaging,0.039984310093120985
2,JMJD1C (221037)_damaging,0.015157138670139453
2,MYPN (84665)_damaging,0.056206978977258376
2,DNA2 (1763)_damaging,0.06708256330684813
2,CDH23 (64072)_damaging,0.07939939764337939
2,ZMIZ1 (57178)_damaging,0.013081891661077228
2,NRG3 (10718)_damaging,0.06155917101953414
2,WAPL (23063)_damaging,0.014718295899598955
2,PTEN (5728)_damaging,0.03488898855710458
2,STAMBPL1 (57559)_damaging,0.02376890924979742
2,SLC16A12 (387700)_damaging,0.003839306329375488
2,KIF20B (9585)_damaging,0.029621801220709027
2,MYOF (26509)_damaging,0.03320929392035215
2,PLCE1 (51196)_damaging,0.06818465729389361
2,CC2D2B (387707)_damaging,0.013163532487244462
2,ZNF518A (9849)_damaging,0.06949537979075203
2,SLIT1 (6585)_damaging,0.04243962513554246
2,PAX2 (5076)_damaging,0.0027425853847604324
2,PPRC1 (23082)_damaging,0.03422666691374892
2,NOLC1 (9221)_damaging,0.03534354271416303
2,PSD (5662)_damaging,0.03440960546503439
2,CNNM2 (54805)_damaging,0.009083981331207186
2,PDCD11 (22984)_damaging,0.003064355086966536
2,SLK (9748)_damaging,0.019638685677720643
2,COL17A1 (1308)_damaging,0.020975656357714027
2,SORCS3 (22986)_damaging,0.06966439930822205
2,SORCS1 (114815)_damaging,0.037422489604974435
2,SMC3 (9126)_damaging,0.009935216022998888
2,TCF7L2 (6934)_damaging,0.009623189534613741
2,ATRNL1 (26033)_damaging,0.014631005957918606
2,PDZD8 (118987)_damaging,0.017261698656875945
2,TACC2 (10579)_damaging,0.06500730850926296
2,DMBT1 (1755)_damaging,0.054307601566008445
2,DOCK1 (1793)_damaging,0.022194690210419376
2,MKI67 (4288)_damaging,0.029163189343765782
2,JAKMIP3 (282973)_damaging,0.006984035505723949
2,CFAP46 (54777)_damaging,0.03452449905861177
2,TUBGCP2 (10844)_damaging,0.004966001889120623
2,B4GALNT4 (338707)_damaging,0.0005112301880575954
2,PKP3 (11187)_damaging,0.011813122610454778
2,PHRF1 (57661)_damaging,0.012510624424518252
2,MUC6 (4588)_damaging,0.023988676795473955
2,MUC5AC (4586)_damaging,0.08396364864055879
2,MUC5B (727897)_damaging,0.07360937130390453
2,BRSK2 (9024)_damaging,0.0016379917937834304
2,NUP98 (4928)_damaging,0.03347947431515898
2,OR51E2 (81285)_damaging,0.003960071791667774
2,DCHS1 (8642)_damaging,0.013586321497079027
2,IPO7 (10527)_damaging,0.04040347912667513
2,PLEKHA7 (144100)_damaging,0.016529433106176432
2,PIK3C2A (5286)_damaging,0.03997267761222067
2,ABCC8 (6833)_damaging,0.0047449107228668755
2,OTOG (340990)_damaging,0.02956824116142497
2,NAV2 (89797)_damaging,0.03735564145376895
2,ANO5 (203859)_damaging,0.014558725298058793
2,DCDC1 (341019)_damaging,0.06210561157531291
2,PAX6 (5080)_damaging,0.010573394410508485
2,CCDC73 (493860)_damaging,0.03209813949534806
2,QSER1 (79832)_damaging,0.0002720432699600269
2,CSTF3 (1479)_damaging,0.024419021681646835
2,HIPK3 (10114)_damaging,0.05608446218585461
2,KIAA1549L (25758)_damaging,0.00300570398390252
2,PHF21A (51317)_damaging,0.014923238133686399
2,LRP4 (4038)_damaging,0.04600528579598949
2,FOLH1 (2346)_damaging,0.04495966721607015
2,OR4A15 (81328)_damaging,0.011877087655387608
2,OR4P4 (81300)_damaging,0.028923402601572223
2,CTNND1 (1500)_damaging,0.0038424860137537264
2,AHNAK (79026)_damaging,0.04193867326585492
2,SLC3A2 (6520)_damaging,0.013307958583046573
2,NRXN2 (9379)_damaging,0.008101681270394696
2,PCNX3 (399909)_damaging,0.05111659364648355
2,RIN1 (9610)_damaging,0.020445042421594516
2,SHANK2 (22941)_damaging,0.0043437820197915165
2,INPPL1 (3636)_damaging,0.021415666918333222
2,ARHGEF17 (9828)_damaging,0.025545950539536802
2,C2CD3 (26005)_damaging,0.055114039422147224
2,MYO7A (4647)_damaging,0.06882493469978804
2,TENM4 (26011)_damaging,0.05349125307448541
2,PCF11 (51585)_damaging,0.01621912901269279
2,DLG2 (1740)_damaging,0.05736529671641306
2,SYTL2 (54843)_damaging,0.056367616893939126
2,FAT3 (120114)_damaging,0.0026470394882585945
2,DEUP1 (159989)_damaging,0.0035728027897401356
2,MRE11 (4361)_damaging,0.02588744675388309
2,CNTN5 (53942)_damaging,0.03969130280683243
2,CEP126 (57562)_damaging,0.05504447366336274
2,MMP3 (4314)_damaging,0.07386629907164913
2,MMP12 (4321)_damaging,0.00873426326287676
2,DYNC2H1 (79659)_damaging,0.08596389279589363
2,NPAT (4863)_damaging,0.08713347630527699
2,ATM (472)_damaging,0.05990689571085248
2,EXPH5 (23086)_damaging,0.0373626470253671
2,NKAPD1 (55216)_damaging,0.004429325026336533
2,NCAM1 (4684)_damaging,0.008908216707010013
2,USP28 (57646)_damaging,0.0048308681001871965
2,DSCAML1 (57453)_damaging,0.03179135896065614
2,KMT2A (4297)_damaging,0.07385567461255693
2,PHLDB1 (23187)_damaging,0.005419717271877529
2,BCL9L (283149)_damaging,0.003504846071624686
2,MFRP (83552)_damaging,0.02729765122324681
2,ARHGEF12 (23365)_damaging,0.03305212262775792
2,TECTA (7007)_damaging,0.028911475667830776
2,SORL1 (6653)_damaging,0.009297552324762372
2,JHY (79864)_damaging,0.04773119424145014
2,ROBO3 (64221)_damaging,0.021395280860919203
2,ROBO4 (54538)_damaging,0.003967644718883894
2,CCDC15 (80071)_damaging,0.06398491101632825
2,CDON (50937)_damaging,0.03134110643881833
2,NFRKB (4798)_damaging,0.007478511383700273
2,IGSF9B (22997)_damaging,0.005127327482284728
2,GLB1L2 (89944)_damaging,0.03392794890308197
2,LINC02714 (729305)_damaging,0.015402036039787697
2,KDM5A (5927)_damaging,0.04004058776981667
2,WNK1 (65125)_damaging,0.006614746639211627
2,CACNA1C (775)_damaging,0.019284701399993377
2,VWF (7450)_damaging,0.0011091794590074545
2,CHD4 (1108)_damaging,0.03233508674174535
2,ATN1 (1822)_damaging,0.06756665874587406
2,A2ML1 (144568)_damaging,0.025415671679295124
2,A2M (2)_damaging,0.019524791062590283
2,ATF7IP (55729)_damaging,0.01430898085287616
2,GUCY2C (2984)_damaging,0.025389958837175968
2,EPS8 (2059)_damaging,0.02533526363199506
2,PIK3C2G (5288)_damaging,0.01610164549474587
2,PLEKHA5 (54477)_damaging,0.02579203187311523
2,RECQL (5965)_damaging,0.043673279118995996
2,ABCC9 (10060)_damaging,0.086375868892386
2,C2CD5 (9847)_damaging,0.0023960456901430368
2,ITPR2 (3709)_damaging,0.046598070460760435
2,OVCH1 (341350)_damaging,0.016464555738468927
2,RESF1 (55196)_damaging,0.06231466788152554
2,KIF21A (55605)_damaging,0.01694156934078022
2,LRRK2 (120892)_damaging,0.09022339759001713
2,MUC19 (283463)_damaging,0.029826307575975264
2,CNTN1 (1272)_damaging,0.024571181326686276
2,PDZRN4 (29951)_damaging,0.007083093946973099
2,ADAMTS20 (80070)_damaging,0.015961218644998113
2,ARID2 (196528)_damaging,0.03916432049995508
2,HDAC7 (51564)_damaging,0.06346238386012494
2,COL2A1 (1280)_damaging,0.03716315551639698
2,WNT1 (7471)_damaging,0.020992211075464087
2,KMT2D (8085)_damaging,0.08952030452897355
2,NCKAP5L (57701)_damaging,0.005251052413705406
2,DIP2B (57609)_damaging,0.0011194094668494743
2,MAP3K12 (7786)_damaging,0.06698046473506362
2,STAT2 (6773)_damaging,0.002380020658106733
2,NACA (4666)_damaging,0.009719757579135182
2,MYO1A (4640)_damaging,0.04372061296960111
2,STAT6 (6778)_damaging,0.02190323724362393
2,LRP1 (4035)_damaging,0.025469704772195557
2,GLI1 (2735)_damaging,0.002844695867262676
2,MBD6 (114785)_damaging,0.015255893436546673
2,XPOT (11260)_damaging,0.0042822840248387594
2,MYRFL (196446)_damaging,0.0032776749693854126
2,ZFC3H1 (196441)_damaging,0.025278494049842903
2,E2F7 (144455)_damaging,0.02996873044459558
2,NAV3 (89795)_damaging,0.04020629986322351
2,OTOGL (283310)_damaging,0.032514228377994274
2,PTPRQ (374462)_damaging,0.0064495236847531105
2,PPFIA2 (8499)_damaging,0.018211794335462488
2,LRRIQ1 (84125)_damaging,0.040045836268065196
2,CEP290 (80184)_damaging,0.02464647240899148
2,PLXNC1 (10154)_damaging,0.04787720679216225
2,CFAP54 (144535)_damaging,0.062011671903532455
2,BLTP3B (23074)_damaging,0.028322522418588805
2,UTP20 (27340)_damaging,0.03133821462286163
2,STAB2 (55576)_damaging,0.12030872490511908
2,HCFC2 (29915)_damaging,4.5373944120672064e-05
2,ACACB (32)_damaging,0.06348909651668451
2,MVK (4598)_damaging,0.028342297742052658
2,CUX2 (23316)_damaging,0.0027294501965009718
2,NAA25 (80018)_damaging,0.028162959229151904
2,HECTD4 (283450)_damaging,0.021080712402105663
2,DTX1 (1840)_damaging,0.011893338370970386
2,NOS1 (4842)_damaging,0.01444501479456533
2,CIT (11113)_damaging,0.07341972057133625
2,GCN1 (10985)_damaging,0.003313472488584066
2,HNF1A (6927)_damaging,0.023066474560271555
2,KDM2B (84678)_damaging,0.03561530573703638
2,SETD1B (23067)_damaging,0.047983698864453736
2,KNTC1 (9735)_damaging,0.02133060974735952
2,HIP1R (9026)_damaging,0.030219726558982415
2,SBNO1 (55206)_damaging,0.04736061811937406
2,DNAH10 (196385)_damaging,0.025057510021120714
2,NCOR2 (9612)_damaging,0.01235609902673853
2,TMEM132D (121256)_damaging,0.010782032006871013
2,PIWIL1 (9271)_damaging,0.02166138194960167
2,RIMBP2 (23504)_damaging,0.04622107915494933
2,SFSWAP (6433)_damaging,0.004853819870834394
2,EP400 (57634)_damaging,0.016829203627327313
2,POLE (5426)_damaging,0.0073010709148298575
2,XPO4 (64328)_damaging,0.009987141825743557
2,SACS (26278)_damaging,0.0329968343815886
2,CENPJ (55835)_damaging,0.004883767548959808
2,ATP8A2 (51761)_damaging,0.056785302526586416
2,FRY (10129)_damaging,0.05417841158660935
2,BRCA2 (675)_damaging,0.041413576745614376
2,PDS5B (23047)_damaging,0.04299223591967199
2,NBEA (26960)_damaging,0.04363400431918665
2,FREM2 (341640)_damaging,0.08144116753599835
2,FOXO1 (2308)_damaging,0.09634849743783895
2,DGKH (160851)_damaging,0.04571530772186371
2,ZC3H13 (23091)_damaging,0.013452078397931364
2,RB1 (5925)_damaging,0.08252456083909757
2,RCBTB2 (1102)_damaging,0.011349139317283312
2,PCDH17 (27253)_damaging,0.025060964256158003
2,KLHL1 (57626)_damaging,0.03127892895653768
2,DACH1 (1602)_damaging,0.021956882978968358
2,DIS3 (22894)_damaging,0.06625781664645504
2,MYCBP2 (23077)_damaging,0.02671552559042588
2,SLITRK5 (26050)_damaging,0.04885179153848158
2,NALCN (259232)_damaging,0.021590241671781633
2,CCDC168 (643677)_damaging,0.00011424604486534388
2,MYO16 (23026)_damaging,0.025390490354746217
2,IRS2 (8660)_damaging,0.010141918999391451
2,COL4A1 (1282)_damaging,0.034760110557534744
2,COL4A2 (1284)_damaging,0.019506724098132654
2,TEP1 (7011)_damaging,0.04148933608444506
2,ARHGEF40 (55701)_damaging,0.009669835409642787
2,RPGRIP1 (57096)_damaging,0.03180780457669754
2,CHD8 (57680)_damaging,0.02030983808061041
2,AJUBA (84962)_damaging,0.0550530999595613
2,ACIN1 (22985)_damaging,0.020234432325665012
2,MYH7 (4625)_damaging,0.02267921637252057
2,CARMIL3 (90668)_damaging,0.025886368342275236
2,RNF31 (55072)_damaging,0.052534237991952865
2,NYNRIN (57523)_damaging,0.0673621802388731
2,HECTD1 (25831)_damaging,0.027826224953170442
2,AKAP6 (9472)_damaging,0.012300546936107142
2,NPAS3 (64067)_damaging,0.03189862031282067
2,RALGAPA1 (253959)_damaging,0.014934844726996674
2,TTC6 (319089)_damaging,0.037256117404556324
2,MIA2 (4253)_damaging,0.03314645823211173
2,TOGARAM1 (23116)_damaging,0.028996014954412574
2,FANCM (57697)_damaging,0.08612171074739956
2,MDGA2 (161357)_damaging,0.08625996425415842
2,NIN (51199)_damaging,0.0334354599990491
2,NID2 (22795)_damaging,0.00867199152200742
2,KTN1 (3895)_damaging,0.007742606882553219
2,ARID4A (5926)_damaging,0.0587589173005579
2,HIF1A (3091)_damaging,0.008317553758620451
2,KCNH5 (27133)_damaging,0.012941427459403165
2,SYNE2 (23224)_damaging,0.0073828534049485235
2,PCNX1 (22990)_damaging,0.007617259678731179
2,MIDEAS (91748)_damaging,0.010650376589968508
2,YLPM1 (56252)_damaging,0.013290514936992267
2,MLH3 (27030)_damaging,0.008661483585367242
2,NRXN3 (9369)_damaging,0.06184465350206013
2,CEP128 (145508)_damaging,0.017923069755370318
2,GALC (2581)_damaging,0.03324221451919877
2,PTPN21 (11099)_damaging,0.01347324307883363
2,EML5 (161436)_damaging,0.00440009414304394
2,FOXN3 (1112)_damaging,0.021197970462630965
2,TRIP11 (9321)_damaging,0.010109720077241957
2,UNC79 (57578)_damaging,0.005205083501577441
2,ATG2B (55102)_damaging,0.02752457695375062
2,RTL1 (388015)_damaging,0.039619376617098453
2,DYNC1H1 (1778)_damaging,0.05421964913083595
2,KIF26A (26153)_damaging,0.013431679271322291
2,INF2 (64423)_damaging,0.008990872289008219
2,CEP170B (283638)_damaging,0.046063233706729996
2,AHNAK2 (113146)_damaging,0.024793889069621097
2,MTA1 (9112)_damaging,0.06372408577071557
2,HERC2 (8924)_damaging,0.024928165740545023
2,TRPM1 (4308)_damaging,0.027774710290215766
2,FMN1 (342184)_damaging,0.015773933555208012
2,RYR3 (6263)_damaging,0.09664699857851969
2,CCDC9B (388115)_damaging,0.03505564423102205
2,KNL1 (57082)_damaging,0.007132816300726074
2,LTK (4058)_damaging,0.034854991082290565
2,TYRO3 (7301)_damaging,0.001162074178592348
2,MGA (23269)_damaging,0.001271528905856919
2,SPTBN5 (51332)_damaging,0.012534978316726402
2,ZNF106 (64397)_damaging,0.03176804485409501
2,STARD9 (57519)_damaging,0.031561557226896374
2,UBR1 (197131)_damaging,0.018778839500290367
2,TP53BP1 (7158)_damaging,0.011205982527884406
2,MAP1A (4130)_damaging,0.028571580332136488
2,SPG11 (80208)_damaging,0.02054171266086645
2,B2M (567)_damaging,0.02205860418159603
2,FBN1 (2200)_damaging,0.0007451176862680848
2,USP8 (9101)_damaging,0.008584616392848708
2,AP4E1 (23431)_damaging,0.0015455337675368218
2,DMXL2 (23312)_damaging,0.051130048126869304
2,MYO5C (55930)_damaging,0.027717741612358727
2,WDR72 (256764)_damaging,0.02014574905653341
2,UNC13C (440279)_damaging,0.044489011822840784
2,RFX7 (64864)_damaging,0.05410201472232814
2,ICE2 (79664)_damaging,0.008768756548432883
2,VPS13C (54832)_damaging,0.04773000248450071
2,TLN2 (83660)_damaging,0.01587465886369418
2,HERC1 (8925)_damaging,0.0624999702889311
2,ZNF609 (23060)_damaging,0.024765867557713584
2,NOX5 (79400)_damaging,0.010057541369007189
2,MYO9A (4649)_damaging,0.0629174597596568
2,HCN4 (10021)_damaging,0.03695192076163827
2,SIN3A (25942)_damaging,0.08447621315383874
2,PEAK1 (79834)_damaging,0.003521820684693163
2,AP3B2 (8120)_damaging,0.04901960701153898
2,ADAMTSL3 (57188)_damaging,0.0019889757888697907
2,AKAP13 (11214)_damaging,0.036272878622584034
2,AGBL1 (123624)_damaging,0.0062775680203250046
2,NTRK3 (4916)_damaging,0.032061797433089276
2,TICRR (90381)_damaging,0.015134355256054098
2,KIF7 (374654)_damaging,0.08792490601708387
2,IQGAP1 (8826)_damaging,0.016481510492995028
2,BLM (641)_damaging,0.013702766451707465
2,FES (2242)_damaging,0.056963001079212226
2,CHD2 (1106)_damaging,0.0008928369294484408
2,LRRK1 (79705)_damaging,0.033518929962336186
2,AXIN1 (8312)_damaging,0.040325033860917785
2,CACNA1H (8912)_damaging,0.004119320052314352
2,UNKL (64718)_damaging,0.0043744290695345465
2,CRAMP1 (57585)_damaging,0.0060925621899885285
2,TSC2 (7249)_damaging,0.02874158511289353
2,PKD1 (5310)_damaging,0.0058427664311731025
2,CASKIN1 (57524)_damaging,0.010654827421913217
2,SLX4 (84464)_damaging,0.04560964859112704
2,CREBBP (1387)_damaging,0.09644904770215146
2,CORO7 (79585)_damaging,0.004151577695130537
2,USP7 (7874)_damaging,0.0061048885869645474
2,GRIN2A (2903)_damaging,0.046396698453228594
2,KNOP1 (400506)_damaging,0.04577276652673391
2,DNAH3 (55567)_damaging,0.034046029632756686
2,SCNN1B (6338)_damaging,0.07034567049831833
2,PALB2 (79728)_damaging,0.017874360409680094
2,ERN2 (10595)_damaging,0.025061191049286963
2,RBBP6 (5930)_damaging,0.03072019496579994
2,TNRC6A (27327)_damaging,0.02198258007629444
2,ARHGAP17 (55114)_damaging,0.03888648601196688
2,GTF3C1 (2975)_damaging,0.03125498013640096
2,ATXN2L (11273)_damaging,0.031049913949648233
2,FBRS (64319)_damaging,0.02918741410248715
2,SRCAP (10847)_damaging,0.014655279309675707
2,SETD1A (9739)_damaging,0.011355415160971093
2,ITGAD (3681)_damaging,0.023763674914136744
2,SALL1 (6299)_damaging,0.03636560927272887
2,CHD9 (80205)_damaging,0.0025789539577047173
2,RBL2 (5934)_damaging,0.03598180254479773
2,NLRC5 (84166)_damaging,0.009905574013500059
2,CNGB1 (1258)_damaging,0.0028575588092167098
2,CNOT1 (23019)_damaging,0.03914615759672335
2,CDH8 (1006)_damaging,0.044190800337074745
2,CTCF (10664)_damaging,0.0631539201142304
2,CDH1 (999)_damaging,0.029157884008069943
2,MTSS2 (92154)_damaging,0.036387266857374284
2,DHX38 (9785)_damaging,0.020175081089294705
2,ZFHX3 (463)_damaging,0.044902521503495864
2,GLG1 (2734)_damaging,0.10165368314582943
2,CNTNAP4 (85445)_damaging,0.011989873595022602
2,PKD1L2 (114780)_damaging,0.010020431176320664
2,TAF1C (9013)_damaging,0.02157360443302594
2,IRF8 (3394)_damaging,0.08205971073950286
2,ZNF469 (84627)_damaging,0.00775820929061693
2,ZC3H18 (124245)_damaging,0.004348767419078889
2,LINC02138 (400558)_damaging,0.013780661381388955
2,CDH15 (1013)_damaging,0.009662137120047225
2,ANKRD11 (29123)_damaging,0.003900548606002397
2,VPS9D1 (9605)_damaging,0.003471187129642059
2,FANCA (2175)_damaging,0.01654485614797225
2,WDR81 (124997)_damaging,0.0022738261527401253
2,SPATA22 (84690)_damaging,0.04211831623288282
2,ZZEF1 (23140)_damaging,0.042471502383865635
2,USP6 (9098)_damaging,0.03473814592545218
2,GPS2 (2874)_damaging,0.0028949910021445723
2,FXR2 (9513)_damaging,0.08264747016607814
2,TP53 (7157)_damaging,0.4384080464953547
2,DNAH2 (146754)_damaging,0.051923942317587464
2,KDM6B (23135)_damaging,0.07714435130812909
2,CHD3 (1107)_damaging,0.01986760442782764
2,PER1 (5187)_damaging,0.03330552102269653
2,CTC1 (80169)_damaging,0.008699153295304336
2,PFAS (5198)_damaging,0.02192614035356486
2,MYH13 (8735)_damaging,0.026715137914368532
2,MYH8 (4626)_damaging,0.056212530640326774
2,MYH4 (4622)_damaging,0.02548421658081752
2,MYH1 (4619)_damaging,0.04001577274280932
2,MYH2 (4620)_damaging,0.00977443780807905
2,DNAH9 (1770)_damaging,0.04993265485523227
2,MAP2K4 (6416)_damaging,0.044870581292383485
2,MYOCD (93649)_damaging,0.029225314053906194
2,NCOR1 (9611)_damaging,0.03659684425799869
2,MPRIP (23164)_damaging,0.018768961064807247
2,MYO15A (51168)_damaging,0.04967065798964354
2,TOP3A (7156)_damaging,0.053576314533475985
2,KSR1 (8844)_damaging,0.021315619109814263
2,MYO18A (399687)_damaging,0.026824316776862315
2,EFCAB5 (374786)_damaging,0.00035395529768877666
2,ATAD5 (79915)_damaging,0.003198132508389477
2,NF1 (4763)_damaging,0.061328308451458195
2,SLFN11 (91607)_damaging,0.004218623205417564
2,ACACA (31)_damaging,0.04024997679851652
2,GPR179 (440435)_damaging,0.0597238100629911
2,SRCIN1 (80725)_damaging,0.056649276526622855
2,TOP2A (7153)_damaging,0.008480697435328153
2,KCNH4 (23415)_damaging,0.06451216873904446
2,STAT5B (6777)_damaging,0.0002139632511270137
2,BRCA1 (672)_damaging,0.04143046354383836
2,HDAC5 (10014)_damaging,0.020032682681250538
2,GPATCH8 (23131)_damaging,0.08580266243226746
2,PLEKHM1 (9842)_damaging,0.052831750933220865
2,KANSL1 (284058)_damaging,0.020980570213980396
2,HOXB3 (3213)_damaging,0.02492713448899383
2,TTLL6 (284076)_damaging,0.027894902598653033
2,COL1A1 (1277)_damaging,0.014657730049996948
2,ANKFN1 (162282)_damaging,0.055793467793469484
2,TSPOAP1 (9256)_damaging,0.0051094797865651985
2,RNF43 (54894)_damaging,0.060574115120059266
2,PPM1D (8493)_damaging,0.004876454953747234
2,TBX4 (9496)_damaging,0.05663894164265019
2,BRIP1 (83990)_damaging,0.00220820892444278
2,MED13 (9969)_damaging,0.02802315383346966
2,MRC2 (9902)_damaging,0.013905855638344022
2,SCN4A (6329)_damaging,0.05307195266248565
2,GNA13 (10672)_damaging,0.0822426810457872
2,AXIN2 (8313)_damaging,0.014796604241140696
2,NOL11 (25926)_damaging,0.016474932406733204
2,BPTF (2186)_damaging,0.017320960549692368
2,ABCA8 (10351)_damaging,0.004765014897116696
2,ABCA9 (10350)_damaging,0.03674508070951496
2,ABCA6 (23460)_damaging,0.021116071086555367
2,ABCA10 (10349)_damaging,0.03315316711193345
2,ABCA5 (23461)_damaging,0.01594621633721198
2,SOX9 (6662)_damaging,0.006015743251148679
2,SDK2 (54549)_damaging,0.01761077512345077
2,TMEM94 (9772)_damaging,0.012189833224423083
2,CASKIN2 (57513)_damaging,0.010216245150936127
2,MYO15B (80022)_damaging,0.013240572449929235
2,ITGB4 (3691)_damaging,0.07644645335430415
2,SPHK1 (8877)_damaging,0.018303030947912167
2,TNRC6C (57690)_damaging,0.011686606372161679
2,DNAH17 (8632)_damaging,0.047794797288651505
2,CCDC40 (55036)_damaging,0.046254017603045844
2,RPTOR (57521)_damaging,0.036115300401456746
2,BAHCC1 (57597)_damaging,0.0007732579070095394
2,FASN (2194)_damaging,0.01355223850752945
2,SMCHD1 (23347)_damaging,0.02667528610899153
2,EPB41L3 (23136)_damaging,0.04082942417966813
2,LAMA1 (284217)_damaging,0.0021062827565745705
2,MTCL1 (23255)_damaging,0.005947413284645114
2,ANKRD12 (23253)_damaging,0.0008338663910437143
2,PIEZO2 (63895)_damaging,0.0005785800928333403
2,ANKRD30B (374860)_damaging,0.040712356360234216
2,ROCK1 (6093)_damaging,0.013533405652159861
2,LAMA3 (3909)_damaging,0.05428113079546383
2,OSBPL1A (114876)_damaging,0.02864176960554383
2,ZNF521 (25925)_damaging,0.0029046721448925455
2,TRAPPC8 (22878)_damaging,0.006028818642177891
2,CCDC178 (374864)_damaging,0.047123836885933114
2,ASXL3 (80816)_damaging,0.0025752893544242752
2,FHOD3 (80206)_damaging,0.05831689438605874
2,SETBP1 (26040)_damaging,0.06952639756038018
2,EPG5 (57724)_damaging,0.0532752467374591
2,LOXHD1 (125336)_damaging,0.010094835253444732
2,SKOR2 (652991)_damaging,0.044780088518679144
2,ZBTB7C (201501)_damaging,0.021989070685610453
2,MYO5B (4645)_damaging,0.051231674808661885
2,SMAD4 (4089)_damaging,0.033908465105163786
2,DCC (1630)_damaging,0.01669217051989756
2,WDR7 (23335)_damaging,0.06783389167270609
2,ATP8B1 (5205)_damaging,0.08336106426590324
2,ALPK2 (115701)_damaging,0.039397810509491774
2,CDH7 (1005)_damaging,0.04932554647620672
2,RTTN (25914)_damaging,0.04014559355009644
2,CBLN2 (147381)_damaging,0.011248403299121076
2,ZNF236 (7776)_damaging,0.060516579783067605
2,SALL3 (27164)_damaging,0.019327526418067485
2,ATP9B (374868)_damaging,0.02577213377419547
2,KCNG2 (26251)_damaging,0.03166537971729899
2,ABCA7 (10347)_damaging,0.057810771871076874
2,STK11 (6794)_damaging,0.04176794271214482
2,DAZAP1 (26528)_damaging,0.019501594714026193
2,ZBTB7A (51341)_damaging,0.008645179375752663
2,TICAM1 (148022)_damaging,0.009057549410980296
2,KDM4B (23030)_damaging,0.055525355930181375
2,PTPRS (5802)_damaging,0.07970230251124895
2,SAFB2 (9667)_damaging,0.007331945769687165
2,SAFB (6294)_damaging,0.014698230517000838
2,TRIP10 (9322)_damaging,0.062006835378654854
2,CAMSAP3 (57662)_damaging,0.017685506803291087
2,FBN3 (84467)_damaging,0.0644597600453475
2,MUC16 (94025)_damaging,0.0071011525191085065
2,COL5A3 (50509)_damaging,0.02731632084048457
2,KEAP1 (9817)_damaging,0.051332918516202815
2,SMARCA4 (6597)_damaging,0.03432991866237459
2,CACNA1A (773)_damaging,0.05837490865889686
2,NOTCH3 (4854)_damaging,0.007553737622855608
2,WIZ (58525)_damaging,0.07220265066048943
2,CPAMD8 (27151)_damaging,0.04096608579936303
2,CRLF1 (9244)_damaging,0.04041939754917526
2,ZNF90 (7643)_damaging,0.057852413927940084
2,ZNF729 (100287226)_damaging,0.01565992163171925
2,ZNF91 (7644)_damaging,0.05441225587977201
2,TSHZ3 (57616)_damaging,0.03325314594945745
2,KMT2B (9757)_damaging,0.016379845587795653
2,WDR87 (83889)_damaging,0.0075428061572690094
2,SIPA1L3 (23094)_damaging,0.07012965762946465
2,RYR1 (6261)_damaging,0.004037275636292876
2,FCGBP (8857)_damaging,0.014532402685797575
2,PRX (57716)_damaging,0.07043439879537661
2,SPTBN4 (57731)_damaging,0.022688292258940708
2,AXL (558)_damaging,0.0444013806430454
2,HNRNPUL1 (11100)_damaging,0.05703657297802558
2,ARHGEF1 (9138)_damaging,0.02668789997593665
2,ERF (2077)_damaging,0.034344620049711345
2,CIC (23152)_damaging,0.05298345779465878
2,MEGF8 (1954)_damaging,0.0025370826344264367
2,ARHGAP35 (2909)_damaging,0.01034778207554746
2,BICRA (29998)_damaging,0.04535754557422292
2,LMTK3 (114783)_damaging,0.012266216709354676
2,TRPM4 (54795)_damaging,0.005210130280512682
2,TEAD2 (8463)_damaging,0.01584471448871238
2,PRR12 (57479)_damaging,0.0033476532666555313
2,SCAF1 (58506)_damaging,0.005551118564871346
2,MYH14 (79784)_damaging,0.0055766809700426734
2,POLD1 (5424)_damaging,0.026899623447223294
2,SHANK1 (50944)_damaging,0.011966036851537173
2,PPP2R1A (5518)_damaging,0.10499327488189472
2,NLRP7 (199713)_damaging,0.0011906206380149526
2,BRSK1 (84446)_damaging,0.007237050985422299
2,NLRP9 (338321)_damaging,0.03682785049493308
2,NLRP4 (147945)_damaging,0.012924399821473602
2,NLRP8 (126205)_damaging,0.05324832146053182
2,PEG3 (5178)_damaging,0.0030137421891550512
2,TPO (7173)_damaging,0.05304412770753865
2,PXDN (7837)_damaging,0.052996535752799626
2,ROCK2 (9475)_damaging,0.0004999288886250973
2,GREB1 (9687)_damaging,0.04909807483736885
2,NBAS (51594)_damaging,0.06393034317960533
2,RAD51AP2 (729475)_damaging,0.006927576015848556
2,APOB (338)_damaging,0.01607515114536797
2,TDRD15 (100129278)_damaging,0.04903717417508386
2,ATAD2B (54454)_damaging,0.04669869796679044
2,ITSN2 (50618)_damaging,0.01749868384848431
2,DNMT3A (1788)_damaging,0.006614273127921732
2,ASXL2 (55252)_damaging,0.0029114491934838288
2,OTOF (9381)_damaging,0.05487488985122901
2,EMILIN1 (11117)_damaging,0.015049871036182732
2,SPATA31H1 (84226)_damaging,0.0327367884852913
2,ALK (238)_damaging,0.043430501004373886
2,BIRC6 (57448)_damaging,0.027964476580934722
2,LTBP1 (4052)_damaging,0.010167876920093721
2,VIT (5212)_damaging,0.05268643539654542
2,ZFP36L2 (678)_damaging,0.04394888558557016
2,THADA (63892)_damaging,0.01681269374070453
2,MSH2 (4436)_damaging,0.05275879931768931
2,MSH6 (2956)_damaging,0.012105972459823507
2,NRXN1 (9378)_damaging,0.00617909235487856
2,SPTBN1 (6711)_damaging,0.01282874663515209
2,EML6 (400954)_damaging,0.032105795350165965
2,CCDC88A (55704)_damaging,0.01829021769928541
2,BCL11A (53335)_damaging,0.0010478390714516294
2,USP34 (9736)_damaging,0.008382578193704877
2,ZNF638 (27332)_damaging,0.014099571679679348
2,DYSF (8291)_damaging,0.012178879933592509
2,ALMS1 (7840)_damaging,0.028239425877907863
2,LOXL3 (84695)_damaging,0.010080279919827644
2,CTNNA2 (1496)_damaging,0.05367391946072744
2,DNAH6 (1768)_damaging,0.04007345565829206
2,ANKRD36C (400986)_damaging,0.020891257901608045
2,ANKRD36 (375248)_damaging,0.03879829520350171
2,TMEM131 (23505)_damaging,0.005791866846489445
2,CRACDL (343990)_damaging,0.021467651882910496
2,EIF5B (9669)_damaging,0.04254593530017246
2,REV1 (51455)_damaging,0.050924385769958364
2,GCC2 (9648)_damaging,0.006871673545228404
2,DPP10 (57628)_damaging,0.036142021833543765
2,MARCO (8685)_damaging,0.059241647522488464
2,EPB41L5 (57669)_damaging,0.04738284247311705
2,CLASP1 (23332)_damaging,0.022610725805284056
2,CNTNAP5 (129684)_damaging,0.0770113562385772
2,UGGT1 (56886)_damaging,0.033664957417876215
2,AMER3 (205147)_damaging,0.0015042167017850073
2,NCKAP5 (344148)_damaging,0.04438395246883406
2,THSD7B (80731)_damaging,0.06544722524284358
2,LRP1B (53353)_damaging,0.0773343078053356
2,ZEB2 (9839)_damaging,0.03022915201208437
2,ACVR2A (92)_damaging,0.04205474870860584
2,ORC4 (5000)_damaging,0.010208974207017352
2,KIF5C (3800)_damaging,0.005569156927699607
2,RIF1 (55183)_damaging,0.021851200129475022
2,NEB (4703)_damaging,0.033808436307482016
2,BAZ2B (29994)_damaging,0.030818416685522092
2,LY75 (4065)_damaging,0.006100606824123331
2,PLA2R1 (22925)_damaging,0.005884020275804685
2,SLC4A10 (57282)_damaging,0.04610894577062516
2,KCNH7 (90134)_damaging,0.015929866421325458
2,SCN3A (6328)_damaging,0.06780438001864593
2,SCN2A (6326)_damaging,0.07711171170151952
2,TTC21B (79809)_damaging,0.0149423847862161
2,SCN1A (6323)_damaging,0.006218090325343558
2,SCN9A (6335)_damaging,0.014584854040674146
2,SCN7A (6332)_damaging,0.052816528961165045
2,XIRP2 (129446)_damaging,0.050036690490919356
2,LRP2 (4036)_damaging,0.056703336312937135
2,KLHL41 (10324)_damaging,0.018775645880372952
2,PPIG (9360)_damaging,0.07368822543659191
2,MYO3B (140469)_damaging,0.09524917733483863
2,GPR155 (151556)_damaging,0.05614540953354401
2,TTN (7273)_damaging,0.05698339192669192
2,CCDC141 (285025)_damaging,0.014235290796284475
2,ITGA4 (3676)_damaging,0.0063738064743169755
2,FSIP2 (401024)_damaging,0.04835294320112883
2,COL3A1 (1281)_damaging,0.0414399433643644
2,COL5A2 (1290)_damaging,0.044821344994248634
2,WDR75 (84128)_damaging,0.002417690129591977
2,ANKAR (150709)_damaging,0.011217593466740667
2,MYO1B (4430)_damaging,0.05141001740428452
2,DNAH7 (56171)_damaging,0.01930147012179967
2,HECW2 (57520)_damaging,0.01406348574083355
2,PLCL1 (5334)_damaging,0.0069148381808167405
2,SGO2 (151246)_damaging,0.0045310302863952705
2,AOX1 (316)_damaging,0.022083983530361437
2,CASP8 (841)_damaging,0.004927418992744149
2,C2CD6 (151254)_damaging,0.009502980801218718
2,ALS2 (57679)_damaging,0.025543299484005372
2,NOP58 (51602)_damaging,0.0159999925885798
2,BMPR2 (659)_damaging,0.018751095120062358
2,NBEAL1 (65065)_damaging,0.008673630468153639
2,INO80D (54891)_damaging,0.05011246912505004
2,ZDBF2 (57683)_damaging,0.024423852419782777
2,ADAM23 (8745)_damaging,0.02045987746618473
2,MAP2 (4133)_damaging,0.030477690429923293
2,UNC80 (285175)_damaging,0.030571664437204375
2,KANSL1L (151050)_damaging,0.011135059906893051
2,CPS1 (1373)_damaging,0.005006445992934682
2,ERBB4 (2066)_damaging,0.03349908138265097
2,ABCA12 (26154)_damaging,0.05257706706561655
2,FN1 (2335)_damaging,0.041975851843119937
2,CFAP65 (255101)_damaging,0.029581098931108864
2,SPEG (10290)_damaging,0.011321487915134768
2,OBSL1 (23363)_damaging,0.01387634466052982
2,SLC4A3 (6508)_damaging,0.03710308098029383
2,DOCK10 (55619)_damaging,0.02322520056645828
2,IRS1 (3667)_damaging,0.011633882945085418
2,COL4A4 (1286)_damaging,0.06353665794936715
2,SPHKAP (80309)_damaging,0.013153188224319625
2,TRIP12 (9320)_damaging,0.040381407825136086
2,GIGYF2 (26058)_damaging,0.019121530740734836
2,MROH2A (339766)_damaging,0.007028069003858256
2,COL6A3 (1293)_damaging,0.06356806966704875
2,HDAC4 (9759)_damaging,0.04057863163699545
2,KIF1A (547)_damaging,0.05778975884916191
2,PASK (23178)_damaging,0.032638274203236534
2,TRIB3 (57761)_damaging,0.06507165732891222
2,FASTKD5 (60493)_damaging,0.030212995669383538
2,SLC4A11 (83959)_damaging,0.04203178065126699
2,PLCB4 (5332)_damaging,0.0275000247055682
2,ESF1 (51575)_damaging,0.02765005248936345
2,SEL1L2 (80343)_damaging,0.016011371666470587
2,RRBP1 (6238)_damaging,0.0276586489962392
2,RALGAPA2 (57186)_damaging,0.041694036848885625
2,CD93 (22918)_damaging,0.03273307380581411
2,ASXL1 (171023)_damaging,0.036392100137605424
2,NCOA6 (23054)_damaging,0.041353417964510114
2,MYH7B (57644)_damaging,0.03747717513077697
2,CEP250 (11190)_damaging,0.020880896440269275
2,MTCL2 (140710)_damaging,0.013090070086051175
2,SAMHD1 (25939)_damaging,0.017442130314860946
2,KIAA1755 (85449)_damaging,0.0381151491307531
2,RALGAPB (57148)_damaging,0.03279861399942646
2,CHD6 (84181)_damaging,0.0023809547503929403
2,PTPRT (11122)_damaging,0.099458197362099
2,CDH22 (64405)_damaging,0.054602400533212636
2,NCOA3 (8202)_damaging,0.045309219240174836
2,DDX27 (55661)_damaging,0.02306823807832904
2,KCNB1 (3745)_damaging,0.005684157375431667
2,SALL4 (57167)_damaging,0.0028922555712607534
2,ZNF831 (128611)_damaging,0.03672290660469151
2,SYCP2 (10388)_damaging,0.05404263329981928
2,LAMA5 (3911)_damaging,0.019378883462689202
2,DIDO1 (11083)_damaging,0.07633765474347286
2,COL20A1 (57642)_damaging,0.044801703019973785
2,KCNQ2 (3785)_damaging,0.07041289532417461
2,HELZ2 (85441)_damaging,0.046297317944537286
2,TPTE (7179)_damaging,0.008633599295852399
2,NRIP1 (8204)_damaging,0.051742940427603565
2,LTN1 (26046)_damaging,0.03719816704342414
2,USP16 (10600)_damaging,0.03773641149291923
2,SCAF4 (57466)_damaging,0.016820339265109074
2,ITSN1 (6453)_damaging,0.03045631314319357
2,RUNX1 (861)_damaging,0.008616236572224571
2,DOP1B (9980)_damaging,0.014113761625029485
2,BRWD1 (54014)_damaging,0.06545455460922112
2,DSCAM (1826)_damaging,0.0460625467470071
2,NDUFV3 (4731)_damaging,0.0033092355618962723
2,COL18A1 (80781)_damaging,0.04032954488499498
2,COL6A1 (1291)_damaging,0.02694671220229181
2,MCM3AP (8888)_damaging,0.015422676687901721
2,PCNT (5116)_damaging,0.010815162471690896
2,ZDHHC8 (29801)_damaging,0.013158553240556153
2,LZTR1 (8216)_damaging,0.03958654858014044
2,MYO18B (84700)_damaging,0.029344147697088267
2,MN1 (4330)_damaging,0.007752249330164293
2,TTC28 (23331)_damaging,0.005181446609890809
2,CHEK2 (11200)_damaging,0.06541507059755698
2,ZNRF3 (84133)_damaging,0.035898546844684194
2,NF2 (4771)_damaging,0.11185076599878596
2,MTMR3 (8897)_damaging,0.046858287005665786
2,PRR14L (253143)_damaging,0.022121241120258036
2,DEPDC5 (9681)_damaging,0.03628634030150378
2,RTCB (51493)_damaging,0.013226270940706369
2,MYH9 (4627)_damaging,0.0351881958751633
2,CSF2RB (1439)_damaging,0.016871623855489463
2,TRIOBP (11078)_damaging,0.02764981323236215
2,CACNA1I (8911)_damaging,0.05123879516591777
2,TNRC6B (23112)_damaging,0.0052832723640168664
2,EP300 (2033)_damaging,0.05898190648995553
2,ZC3H7B (23264)_damaging,0.010625896294635239
2,MEI1 (150365)_damaging,0.059812161281847874
2,TCF20 (6942)_damaging,0.0010580880680192489
2,SMC1B (27127)_damaging,0.011632405286554695
2,PKDREJ (10343)_damaging,0.01646390121863406
2,CELSR1 (9620)_damaging,0.006933116916749753
2,PLXNB2 (23654)_damaging,0.02140194698358026
2,PPP6R2 (9701)_damaging,0.016545132482880812
2,SBF1 (6305)_damaging,0.06093118535770139
2,CHL1 (10752)_damaging,0.025036375494465253
2,CNTN6 (27255)_damaging,0.011968057730983339
2,CNTN4 (152330)_damaging,0.06158902263146171
2,GRM7 (2917)_damaging,0.01047578908505271
2,SSUH2 (51066)_damaging,0.038631732470023925
2,VHL (7428)_damaging,0.008113800202734677
2,NUP210 (23225)_damaging,0.011108116897805552
2,SGO1 (151648)_damaging,0.007780792687565263
2,TOP2B (7155)_damaging,0.04027291773501063
2,TGFBR2 (7048)_damaging,0.08172949252463182
2,CLASP2 (23122)_damaging,0.011848085810399776
2,TRANK1 (9881)_damaging,0.02291085324449952
2,MLH1 (4292)_damaging,0.013509038645882257
2,GOLGA4 (2803)_damaging,0.059479091282392246
2,SCN11A (11280)_damaging,0.03619869014963462
2,KIF15 (56992)_damaging,0.02368679789006992
2,LARS2 (23395)_damaging,0.04199440385199399
2,SETD2 (29072)_damaging,0.027629188017058885
2,PTPN23 (25930)_damaging,0.03051019929726903
2,PLXNB1 (5364)_damaging,0.0065483163570411165
2,COL7A1 (1294)_damaging,0.06535587349990463
2,CELSR3 (1951)_damaging,0.031478231575866815
2,USP19 (10869)_damaging,0.016332287277864194
2,BSN (8927)_damaging,0.09884363788810957
2,RBM6 (10180)_damaging,0.01995270114810206
2,DOCK3 (1795)_damaging,0.00026510513880893057
2,DNAH1 (25981)_damaging,0.004879117238390815
2,BAP1 (8314)_damaging,0.04398606565836982
2,STAB1 (23166)_damaging,0.030380686062478218
2,PBRM1 (55193)_damaging,0.01326629486846294
2,CACNA2D3 (55799)_damaging,0.04781445787565721
2,DNAH12 (201625)_damaging,0.014602704989101456
2,FLNB (2317)_damaging,0.009361483429421667
2,PTPRG (5793)_damaging,0.0833946344514147
2,ATXN7 (6314)_damaging,0.0072287748845194484
2,ROBO2 (6092)_damaging,0.07127073581917322
2,ROBO1 (6091)_damaging,0.019056019005286168
2,EPHA3 (2042)_damaging,0.06189031613441144
2,CRYBG3 (131544)_damaging,0.03101709913652998
2,FILIP1L (11259)_damaging,0.03045831877089966
2,ABI3BP (25890)_damaging,0.0363999068610029
2,MYH15 (22989)_damaging,0.017932397290207687
2,DZIP3 (9666)_damaging,0.0017823427664241046
2,MORC1 (27136)_damaging,0.019378656257876145
2,NECTIN3 (25945)_damaging,0.011272061025057425
2,ZBTB20 (26137)_damaging,0.03194764008645289
2,CFAP91 (89876)_damaging,0.018596004848210206
2,POLQ (10721)_damaging,0.03570717265745046
2,GOLGB1 (2804)_damaging,0.02597256627555135
2,KALRN (8997)_damaging,0.08118923647517431
2,MBD4 (8930)_damaging,0.02946401690495384
2,COL6A5 (256076)_damaging,0.02613633633697852
2,COL6A6 (131873)_damaging,0.07153078967930625
2,DNAJC13 (23317)_damaging,0.0357086063071725
2,TOPBP1 (11073)_damaging,0.02856202503685458
2,RASA2 (5922)_damaging,0.021975586328335968
2,XRN1 (54464)_damaging,0.01229060293354568
2,ATR (545)_damaging,0.062480952005159664
2,MED12L (116931)_damaging,0.038098276525370935
2,IGSF10 (285313)_damaging,0.06170900182608118
2,ARHGEF26 (26084)_damaging,0.030827994452275874
2,MME (4311)_damaging,0.052412044121621156
2,PLCH1 (23007)_damaging,0.022093073656806166
2,SI (6476)_damaging,0.009980464448842808
2,ZBBX (79740)_damaging,0.05045259660555742
2,MECOM (2122)_damaging,0.059408900761992504
2,SPATA16 (83893)_damaging,0.010780360125146337
2,USP13 (8975)_damaging,0.004892625464104555
2,TTC14 (151613)_damaging,0.011883258249442164
2,ABCC5 (10057)_damaging,0.015155908800749
2,ATP13A5 (344905)_damaging,0.03522534729372768
2,MUC4 (4585)_damaging,0.066385287070095
2,TNK2 (10188)_damaging,0.047330842381621385
2,NSD2 (7468)_damaging,0.04883699602963137
2,FAM193A (8603)_damaging,0.04003482817157344
2,HTT (3064)_damaging,0.018099874293500937
2,JAKMIP1 (152789)_damaging,0.04809538640102767
2,UNC93B7 (100887746)_damaging,0.05194383522816078
2,BOD1L1 (259282)_damaging,0.009258595308952178
2,CPEB2 (132864)_damaging,0.03391226706291445
2,SLIT2 (9353)_damaging,0.0289135667389451
2,PCDH7 (5099)_damaging,0.01358715675376809
2,ARAP2 (116984)_damaging,0.022818611513455638
2,RFC1 (5981)_damaging,0.006213152861016304
2,LIMCH1 (22998)_damaging,0.028138790163715052
2,BEND4 (389206)_damaging,0.0014905081279396443
2,CORIN (10699)_damaging,0.03531657244524318
2,FRYL (285527)_damaging,0.023474430674264073
2,KDR (3791)_damaging,0.056777774338140366
2,CRACD (57482)_damaging,0.06252496306409204
2,POLR2B (5431)_damaging,0.08723124416626718
2,ADGRL3 (23284)_damaging,0.02297057259557152
2,EPHA5 (2044)_damaging,0.0373489669022425
2,CENPC (1060)_damaging,0.03290384988593293
2,UGT2B4 (7363)_damaging,0.05671822602432516
2,ADAMTS3 (9508)_damaging,0.029001947454202613
2,SHROOM3 (57619)_damaging,0.0330337456064391
2,FRAS1 (80144)_damaging,0.02620674026116346
2,WDFY3 (23001)_damaging,0.05928619071361993
2,PTPN13 (5783)_damaging,0.017726819223927555
2,AFF1 (4299)_damaging,0.034013992052215745
2,GRID2 (2895)_damaging,0.015111768632035703
2,SMARCAD1 (56916)_damaging,0.0725998861321878
2,TET2 (54790)_damaging,0.04287046370140503
2,TBCK (93627)_damaging,0.0909204011241986
2,COL25A1 (84570)_damaging,0.0014745282950216993
2,ANK2 (287)_damaging,0.05306970110041222
2,BLTP1 (84162)_damaging,0.03512618826711331
2,FAT4 (79633)_damaging,0.06463868109908665
2,SCLT1 (132320)_damaging,0.02878309611694565
2,PCDH10 (57575)_damaging,0.030675953154487734
2,FBXW7 (55294)_damaging,0.030257971425969112
2,FHDC1 (85462)_damaging,0.006500256885853999
2,DCHS2 (54798)_damaging,0.009575478533232073
2,MAP9 (79884)_damaging,0.043384999312228
2,GRIA2 (2891)_damaging,0.046439614673608035
2,RXFP1 (59350)_damaging,0.05951449447482928
2,RAPGEF2 (9693)_damaging,0.015450148688973287
2,FSTL5 (56884)_damaging,0.041563530311221515
2,DDX60 (55601)_damaging,0.011234589756422324
2,CLCN3 (1182)_damaging,0.03576831816503498
2,HAND2 (9464)_damaging,0.036667075188810835
2,WDR17 (116966)_damaging,0.03427062230302904
2,TENM3 (55714)_damaging,0.020765838192784852
2,WWC2 (80014)_damaging,0.08528035238538965
2,SORBS2 (8470)_damaging,0.02107834941024698
2,FAT1 (2195)_damaging,0.0666898317183037
2,SDHA (6389)_damaging,0.00349072550872813
2,SLC12A7 (10723)_damaging,0.016625302926425962
2,TERT (7015)_damaging,0.05295155874933304
2,ADAMTS16 (170690)_damaging,0.00039279067617057316
2,ICE1 (23379)_damaging,0.0006928312836092618
2,SEMA5A (9037)_damaging,0.011255045022471774
2,DNAH5 (1767)_damaging,0.030710225753346688
2,TRIO (7204)_damaging,0.03242122861174066
2,MYO10 (4651)_damaging,0.0021935197095179133
2,PRDM9 (56979)_damaging,0.015950224946602434
2,CDH10 (1008)_damaging,0.0021124820520188117
2,CDH6 (1004)_damaging,0.02590147671251263
2,PDZD2 (23037)_damaging,0.0007448283148117883
2,ADAMTS12 (81792)_damaging,0.0630531268386664
2,SPEF2 (79925)_damaging,0.0010839485178656596
2,NIPBL (25836)_damaging,0.012146725317255544
2,CPLANE1 (65250)_damaging,0.03967518781336811
2,EGFLAM (133584)_damaging,0.001763533618096965
2,LIFR (3977)_damaging,0.02934297884024125
2,C7 (730)_damaging,0.09276151076661575
2,MROH2B (133558)_damaging,0.008346121870466981
2,C6 (729)_damaging,0.02282414506555713
2,HCN1 (348980)_damaging,0.0816985261923965
2,ITGA1 (3672)_damaging,0.04510248732990445
2,DHX29 (54505)_damaging,0.007110606143194286
2,ZSWIM6 (57688)_damaging,0.005743559162328963
2,PIK3R1 (5295)_damaging,0.04371939939865666
2,RAD17 (5884)_damaging,0.0033020945152109973
2,BDP1 (55814)_damaging,0.01674941020771369
2,MAP1B (4131)_damaging,0.052385456915981225
2,ARHGEF28 (64283)_damaging,0.06725136098190677
2,ANKRD31 (256006)_damaging,0.054507628361578235
2,IQGAP2 (10788)_damaging,0.015881552299898346
2,AP3B1 (8546)_damaging,0.0035414694753885135
2,CMYA5 (202333)_damaging,0.014232690364264836
2,MSH3 (4437)_damaging,0.04096604319007759
2,VCAN (1462)_damaging,0.027779028698577537
2,RASA1 (5921)_damaging,0.025968329483950232
2,ADGRV1 (84059)_damaging,0.024603713305400288
2,KIAA0825 (285600)_damaging,0.02383300365171151
2,SKIC3 (9652)_damaging,0.018476624103928262
2,ARSK (153642)_damaging,0.01424495087242612
2,PCSK1 (5122)_damaging,0.029077346388958557
2,APC (324)_damaging,0.10430129294775095
2,CCDC112 (153733)_damaging,0.035996959958306825
2,DMXL1 (1657)_damaging,0.04004194029802978
2,CEP120 (153241)_damaging,0.04549227776156253
2,FBN2 (2201)_damaging,0.010533405314843168
2,CHSY3 (337876)_damaging,0.0031192313106684975
2,FNIP1 (96459)_damaging,0.02272956402896835
2,RAD50 (10111)_damaging,0.05683775099473658
2,FSTL4 (23105)_damaging,0.04184866017523476
2,PITX1 (5307)_damaging,0.07381925498772085
2,LINC02900 (340073)_damaging,0.01499894185239749
2,CTNNA1 (1495)_damaging,0.07319504059826051
2,WDR55 (54853)_damaging,0.03494965927690451
2,PCDHB4 (56131)_damaging,0.08171760640692367
2,PCDHB6 (56130)_damaging,0.019584953873017584
2,TCERG1 (10915)_damaging,0.03280870611112951
2,FAT2 (2196)_damaging,0.10695237625172808
2,LARP1 (23367)_damaging,0.010633819735685082
2,GABRA6 (2559)_damaging,0.0885307236850871
2,GABRG2 (2566)_damaging,0.08180297140716558
2,SLIT3 (6586)_damaging,0.01321546084472895
2,DOCK2 (1794)_damaging,0.015585434059629253
2,NSD1 (64324)_damaging,0.046878914634445996
2,FLT4 (2324)_damaging,0.06418870935807779
2,DSP (1832)_damaging,0.007527895396781959
2,HIVEP1 (3096)_damaging,0.029739084879858373
2,PHACTR1 (221692)_damaging,0.015421271040987698
2,JARID2 (3720)_damaging,0.024330940452117887
2,ATXN1 (6310)_damaging,0.0008444366768978579
2,GABBR1 (2550)_damaging,0.04537587299236485
2,HLA-A (3105)_damaging,0.021824496008806264
2,PPP1R10 (5514)_damaging,0.010952181158196508
2,MDC1 (9656)_damaging,0.015888730069301454
2,VARS2 (57176)_damaging,0.031394887100341946
2,MUCL3 (135656)_damaging,0.0015872672495196218
2,HLA-C (3107)_damaging,0.021826148373999453
2,HLA-B (3106)_damaging,0.011660697548515672
2,PRRC2A (7916)_damaging,0.015936746133058916
2,BAG6 (7917)_damaging,0.058850622001082493
2,TNXB (7148)_damaging,0.024808067251711984
2,NOTCH4 (4855)_damaging,0.019542620663380805
2,HLA-DRB5 (3127)_damaging,0.027791993079586522
2,COL11A2 (1302)_damaging,0.012398861336990485
2,ITPR3 (3710)_damaging,0.041134746098905564
2,BLTP3A (54887)_damaging,0.0821081904833244
2,DNAH8 (1769)_damaging,0.07548598782660437
2,CCND3 (896)_damaging,0.12765391707115803
2,UBR2 (23304)_damaging,0.03208603676915784
2,ZNF318 (24149)_damaging,0.001700495681791892
2,TDRD6 (221400)_damaging,0.007870921196073806
2,MMUT (4594)_damaging,0.03336859690506937
2,PKHD1 (5314)_damaging,0.09126202310172572
2,FAM83B (222584)_damaging,0.009068016930333406
2,DST (667)_damaging,0.03746582292890551
2,PHF3 (23469)_damaging,0.02642883098859513
2,EYS (346007)_damaging,0.018295713782524575
2,ADGRB3 (577)_damaging,0.010864527869341067
2,COL19A1 (1310)_damaging,0.03145968772947478
2,COL9A1 (1297)_damaging,0.08081368633026192
2,RIMS1 (22999)_damaging,0.01094868561912928
2,COL12A1 (1303)_damaging,0.02906561568499861
2,TTK (7272)_damaging,0.0051245294886871195
2,ZNF292 (23036)_damaging,0.03294084380468038
2,MDN1 (23195)_damaging,0.025854211674297096
2,CASP8AP2 (9994)_damaging,0.03226457038502571
2,EPHA7 (2045)_damaging,0.013593488342219287
2,MMS22L (253714)_damaging,0.02791973640934542
2,PNISR (25957)_damaging,0.03353292180180232
2,ASCC3 (10973)_damaging,0.004441740430718807
2,AK9 (221264)_damaging,0.05715360461230045
2,REV3L (5980)_damaging,0.025146064954876472
2,HDAC2 (3066)_damaging,0.0046142469543700515
2,GPRC6A (222545)_damaging,0.020132285492802993
2,ROS1 (6098)_damaging,0.010114517552302736
2,TBC1D32 (221322)_damaging,0.0040077794667010315
2,TRDN (10345)_damaging,0.00922035787674508
2,MTCL3 (387104)_damaging,0.047192054813973185
2,LAMA2 (3908)_damaging,0.031528860629762186
2,AKAP7 (9465)_damaging,0.0052405192061429325
2,MED23 (9439)_damaging,0.032682925915349305
2,TNFAIP3 (7128)_damaging,0.07653485251550324
2,ARFGEF3 (57221)_damaging,0.025138863334695036
2,NHSL1 (57224)_damaging,0.01169808445264476
2,ECT2L (345930)_damaging,0.027814615650849087
2,ADGRG6 (57211)_damaging,0.06313246870423617
2,HIVEP2 (3097)_damaging,0.02852484955610042
2,UTRN (7402)_damaging,0.03393998342333461
2,SHPRH (257218)_damaging,0.009006151016710621
2,GRM1 (2911)_damaging,0.0139629430478065
2,ADGB (79747)_damaging,0.00854670792214586
2,SYNE1 (23345)_damaging,0.05038198889073306
2,SCAF8 (22828)_damaging,0.017377070264018173
2,ARID1B (57492)_damaging,0.0323717278925021
2,FNDC1 (84624)_damaging,0.029743556136732366
2,IGF2R (3482)_damaging,0.05230072697336993
2,LPA (4018)_damaging,0.010439627027309335
2,MAP3K4 (4216)_damaging,0.07906391689539434
2,QKI (9444)_damaging,0.06554838039937379
2,AFDN (4301)_damaging,0.0019684946767657228
2,THBS2 (7058)_damaging,0.03266606849342219
2,CARD11 (84433)_damaging,0.024403141221852487
2,SDK1 (221935)_damaging,0.022617388855086965
2,TNRC18 (84629)_damaging,0.027719154647128916
2,PMS2 (5395)_damaging,0.058655536358737735
2,COL28A1 (340267)_damaging,0.004546013537371293
2,THSD7A (221981)_damaging,0.03799788074334353
2,VWDE (221806)_damaging,0.03923437048315447
2,AHR (196)_damaging,0.0530614388840084
2,HDAC9 (9734)_damaging,0.011809019965424187
2,ABCB5 (340273)_damaging,0.056426235813154056
2,DNAH11 (8701)_damaging,0.021321887156530408
2,RAPGEF5 (9771)_damaging,0.004912226305455624
2,STK31 (56164)_damaging,0.0691700862198089
2,BBS9 (27241)_damaging,0.013548342722952583
2,CDK13 (8621)_damaging,0.011810453201113093
2,GLI3 (2737)_damaging,0.06124563796966637
2,HECW1 (23072)_damaging,0.011894396902127936
2,AEBP1 (165)_damaging,0.058945356734781885
2,PKD1L1 (168507)_damaging,0.007356343301475567
2,ABCA13 (154664)_damaging,0.022832387243237925
2,FIGNL1 (63979)_damaging,0.02070128333493399
2,PTPN12 (5782)_damaging,0.03175386940016474
2,MAGI2 (9863)_damaging,0.03680731256697394
2,CD36 (948)_damaging,0.02076246321354149
2,PCLO (27445)_damaging,0.0028690666627181043
2,SEMA3E (9723)_damaging,0.07766859180524262
2,ABCB4 (5244)_damaging,0.03641671607849276
2,ABCB1 (5243)_damaging,0.036652833583483924
2,ZNF804B (219578)_damaging,0.023046445398568264
2,AKAP9 (10142)_damaging,0.061434270471405025
2,ANKIB1 (54467)_damaging,0.0553905383705425
2,SAMD9 (54809)_damaging,0.017596607969409407
2,SAMD9L (219285)_damaging,0.051782767161921324
2,CALCR (799)_damaging,0.01090407748804395
2,COL1A2 (1278)_damaging,0.05591681972318086
2,TRRAP (8295)_damaging,0.007300524655019629
2,GPC2 (221914)_damaging,0.045738897822638284
2,GIGYF1 (64599)_damaging,0.037572488674725193
2,ZAN (7455)_damaging,0.010965509709170415
2,MUC17 (140453)_damaging,0.05084919588166505
2,PLOD3 (8985)_damaging,0.009672994666752711
2,CUX1 (1523)_damaging,0.007982663837358543
2,FBXL13 (222235)_damaging,0.06517022179760541
2,SLC26A5 (375611)_damaging,0.053355071214239325
2,RELN (5649)_damaging,0.023389082290120752
2,KMT2E (55904)_damaging,0.018492988183489125
2,PIK3CG (5294)_damaging,0.032346694423687095
2,LAMB4 (22798)_damaging,0.017484861198965206
2,PPP1R3A (5506)_damaging,0.016867597362766867
2,CFTR (1080)_damaging,0.026942723843983867
2,CTTNBP2 (83992)_damaging,0.012231062318904664
2,WNT16 (51384)_damaging,0.017410653419951367
2,PTPRZ1 (5803)_damaging,0.07526433914333111
2,POT1 (25913)_damaging,0.048423175697636614
2,GRM8 (2918)_damaging,0.06896259888664397
2,FLNC (2318)_damaging,0.02712343827429246
2,KCP (375616)_damaging,0.028704640971499388
2,PLXNA4 (91584)_damaging,0.03250268620102986
2,NUP205 (23165)_damaging,0.0004750024938352784
2,KIAA1549 (57670)_damaging,0.03673811747886261
2,MGAM (8972)_damaging,0.03556253793774835
2,EPHB6 (2051)_damaging,0.04172276128838373
2,KEL (3792)_damaging,0.013484909484249918
2,NOBOX (135935)_damaging,0.03906368691958882
2,CNTNAP2 (26047)_damaging,0.07129057713640533
2,KCNH2 (3757)_damaging,0.031278799097451813
2,NOS3 (4846)_damaging,0.00861185662198963
2,KMT2C (58508)_damaging,0.05808232002562645
2,DPP6 (1804)_damaging,0.036185668162960406
2,UBE3C (9690)_damaging,0.004482344452358609
2,PTPRN2 (5799)_damaging,0.07038928812712261
2,CSMD1 (64478)_damaging,0.006437264327647962
2,PRAG1 (157285)_damaging,0.024536904408612843
2,RP1L1 (94137)_damaging,0.03452502464191307
2,TRMT9B (57604)_damaging,0.08055236385843362
2,DLC1 (10395)_damaging,0.026098151340050852
2,DMTN (2039)_damaging,0.041142772268864806
2,ADAM28 (10863)_damaging,0.08169766794704918
2,DOCK5 (80005)_damaging,0.01525692441385303
2,NUGGC (389643)_damaging,0.04127151458662349
2,TEX15 (56154)_damaging,0.028421041253900017
2,WRN (7486)_damaging,0.007708336034360854
2,UNC5D (137970)_damaging,0.060085836547867554
2,ADGRA2 (25960)_damaging,0.01607354359071692
2,NSD3 (54904)_damaging,0.006107207970283456
2,ANK1 (286)_damaging,0.06055497612296689
2,PRKDC (5591)_damaging,0.0048240178846324306
2,PXDNL (137902)_damaging,0.04253634108620003
2,RB1CC1 (9821)_damaging,0.057049646018793
2,RP1 (6101)_damaging,0.005596465434218655
2,CHD7 (55636)_damaging,0.0019339207199995149
2,ASPH (444)_damaging,0.016095062118404238
2,ARFGEF1 (10565)_damaging,0.13151995302274477
2,PREX2 (80243)_damaging,0.029592610893629148
2,SULF1 (23213)_damaging,0.003870321516014766
2,KCNB2 (9312)_damaging,0.07519321363279863
2,ZFHX4 (79776)_damaging,0.004463721056166007
2,WWP1 (11059)_damaging,0.03654781496830519
2,NBN (4683)_damaging,0.02388612005160969
2,ESRP1 (54845)_damaging,0.014653115500357713
2,VPS13B (157680)_damaging,0.053280190259036526
2,RGS22 (26166)_damaging,0.0438749299737001
2,UBR5 (51366)_damaging,0.04943535688262908
2,RIMS2 (9699)_damaging,0.010799046883779416
2,ZFPM2 (23414)_damaging,0.0056257186778595055
2,PKHD1L1 (93035)_damaging,0.0010360243591244188
2,CSMD3 (114788)_damaging,0.072199502344287
2,TRPS1 (7227)_damaging,0.015062275379515195
2,COL14A1 (7373)_damaging,0.08018131681392521
2,FER1L6 (654463)_damaging,0.04799961583813599
2,ADCY8 (114)_damaging,0.015401353747018133
2,EFR3A (23167)_damaging,0.03082502726118822
2,OC90 (729330)_damaging,0.01800219494879353
2,KCNQ3 (3786)_damaging,0.03389593829576364
2,PHF20L1 (51105)_damaging,0.03429654440835277
2,TG (7038)_damaging,0.04502708018994986
2,COL22A1 (169044)_damaging,0.0194201397823203
2,ADGRB1 (575)_damaging,0.011382018929355916
2,EPPK1 (83481)_damaging,0.011360566520123176
2,PLEC (5339)_damaging,0.015521798298835376
2,PARP10 (84875)_damaging,0.019715713773334632
2,CYC1 (1537)_damaging,0.054754664227231124
2,CPSF1 (29894)_damaging,0.07094869469439023
2,KIFC2 (90990)_damaging,0.00048097888186241964
2,DOCK8 (81704)_damaging,0.021930552513951623
2,SMARCA2 (6595)_damaging,0.060766558868335964
2,ERMP1 (79956)_damaging,0.04343395338240153
2,PTPRD (5789)_damaging,0.02361990879506447
2,MPDZ (8777)_damaging,0.031245786575031204
2,FREM1 (158326)_damaging,0.06302325551046192
2,CNTLN (54875)_damaging,0.034888884077547894
2,DENND4C (55667)_damaging,0.020114008520555286
2,CDKN2A (1029)_damaging,0.05422289806669082
2,SPATA31G1 (138724)_damaging,0.0018501212285294386
2,FANCG (2189)_damaging,0.04553766064606436
2,PIGO (84720)_damaging,0.02587565927453625
2,UNC13B (10497)_damaging,0.022844322363627
2,RUSC2 (9853)_damaging,0.00801472912296253
2,SPAG8 (26206)_damaging,0.058194038752810366
2,TMC1 (117531)_damaging,0.02449976417952492
2,TRPM6 (140803)_damaging,0.04157304622600339
2,PCSK5 (5125)_damaging,0.04787524259542217
2,PRUNE2 (158471)_damaging,0.052762950901330166
2,VPS13A (23230)_damaging,0.009530723308734102
2,TLE4 (7091)_damaging,0.043956561727475654
2,SPATA31D1 (389763)_damaging,0.025639756202409363
2,KIF27 (55582)_damaging,0.054877655878967375
2,ROR2 (4920)_damaging,0.0288266199019231
2,NOL8 (55035)_damaging,0.05845744191554775
2,WNK2 (65268)_damaging,0.009771911976402658
2,AOPEP (84909)_damaging,0.0003679221160379261
2,PTCH1 (5727)_damaging,0.004895401290442743
2,COL15A1 (1306)_damaging,0.03341611968407024
2,GRIN3A (116443)_damaging,0.007533987940889539
2,SMC2 (10592)_damaging,0.03228699689624164
2,ABCA1 (19)_damaging,0.0022791807284594542
2,TMEM245 (23731)_damaging,0.08157059252430614
2,PALM2AKAP2 (445815)_damaging,0.01089676074975827
2,SVEP1 (79987)_damaging,0.01887056086825324
2,SHOC1 (158401)_damaging,0.0719331555951455
2,FKBP15 (23307)_damaging,0.08673059440657634
2,COL27A1 (85301)_damaging,0.041979664593872354
2,C5 (727)_damaging,0.004423513545569
2,CNTRL (11064)_damaging,0.04102890446670058
2,DAB2IP (153090)_damaging,0.038242100483028174
2,DENND1A (57706)_damaging,0.02842758430085872
2,GOLGA2 (2801)_damaging,0.016203165800669734
2,SPTAN1 (6709)_damaging,0.058476693831067246
2,HMCN2 (256158)_damaging,0.042746430199392484
2,FUBP3 (8939)_damaging,0.01421480933157988
2,NUP214 (8021)_damaging,0.0506546825216301
2,PRRC2B (84726)_damaging,0.009853194500604387
2,UCK1 (83549)_damaging,0.03515407844885841
2,SETX (23064)_damaging,0.0043175921340185275
2,TTF1 (7270)_damaging,0.008239456655104779
2,TSC1 (7248)_damaging,0.034135998634956095
2,ADAMTS13 (11093)_damaging,0.002429823171456259
2,ADAMTSL2 (9719)_damaging,0.025324058086660987
2,BRD3 (8019)_damaging,0.0006967893205517879
2,WDR5 (11091)_damaging,0.02215970920272108
2,COL5A1 (1289)_damaging,0.03347015424814492
2,CAMSAP1 (157922)_damaging,0.003989965191064627
2,SEC16A (9919)_damaging,0.013623626205292732
2,NOTCH1 (4851)_damaging,0.021430947041152212
2,EXD3 (54932)_damaging,0.058227836640960214
2,PPP2R3B (28227)_damaging,0.003047804665496307
2,MXRA5 (25878)_damaging,0.010773178934807202
2,WWC3 (55841)_damaging,0.045399196731813404
2,FRMPD4 (9758)_damaging,0.0018411773788871459
2,NHS (4810)_damaging,0.03826954533112468
2,DMD (1756)_damaging,0.03454512267721692
2,CFAP47 (286464)_damaging,0.02913551568171154
2,RPGR (6103)_damaging,0.04231149390782929
2,BCOR (54880)_damaging,0.10717073157627816
2,USP9X (8239)_damaging,0.021313068023155326
2,DDX3X (1654)_damaging,0.03599052887609539
2,KDM6A (7403)_damaging,0.07754594626859117
2,RBM10 (8241)_damaging,0.004344618071859093
2,TFE3 (7030)_damaging,0.005707812582651502
2,CACNA1F (778)_damaging,0.02600648183507941
2,CCNB3 (85417)_damaging,0.034994422053606956
2,KDM5C (8242)_damaging,0.05142990467053315
2,IQSEC2 (23096)_damaging,0.028644861163438163
2,HUWE1 (10075)_damaging,0.022100985401609177
2,WNK3 (65267)_damaging,0.0009798127749062469
2,AMER1 (139285)_damaging,0.02782535106924248
2,OPHN1 (4983)_damaging,0.05533559765919556
2,MED12 (9968)_damaging,0.04762557933939415
2,ZMYM3 (9203)_damaging,0.06173634774194806
2,NEXMIF (340533)_damaging,0.0008347403527399958
2,ATRX (546)_damaging,0.11568303597556884
2,BRWD3 (254065)_damaging,0.017080717371835016
2,CYLC1 (1538)_damaging,0.03427981536803662
2,ZNF711 (7552)_damaging,0.04740274192426005
2,DIAPH2 (1730)_damaging,0.07310445214004176
2,PCDH19 (57526)_damaging,0.011059809542472513
2,RAB40A (142684)_damaging,0.007111661628277097
2,NRK (203447)_damaging,0.059389334081984865
2,COL4A6 (1288)_damaging,0.03454404614806175
2,COL4A5 (1287)_damaging,0.014845646602299346
2,STAG2 (10735)_damaging,0.024538494912711036
2,TENM1 (10178)_damaging,0.043158263747356804
2,BCORL1 (63035)_damaging,0.016416315361418365
2,USP26 (83844)_damaging,0.025557492972240047
2,MAP7D3 (79649)_damaging,0.026835203263699706
2,ADGRG4 (139378)_damaging,0.00881058832103802
2,SPANXN4 (441525)_damaging,0.038848358419529966
2,SLITRK2 (84631)_damaging,0.00022876231400985493
2,AFF2 (2334)_damaging,0.008632858379846559
2,PLXNA3 (55558)_damaging,0.00014652532343350616
2,F8 (2157)_damaging,0.041983747197256956
2,MT-ND4 (4538)_damaging,0.08067672469634199
2,MT-ND5 (4540)_damaging,0.013427228484999113
3,MTOR (2475)_hotspot,0.11054238760768655
3,NRAS (4893)_hotspot,0.0070751620542230135
3,PTEN (5728)_hotspot,0.044810965767133115
3,HRAS (3265)_hotspot,0.05659636257237427
3,ATM (472)_hotspot,0.02247041334038975
3,KRAS (3845)_hotspot,0.09498435289632509
3,ERBB3 (2065)_hotspot,0.011437704163549684
3,RB1 (5925)_hotspot,0.06504138542268023
3,TP53 (7157)_hotspot,0.1977426016889785
3,NF1 (4763)_hotspot,0.02677578247474418
3,ERBB2 (2064)_hotspot,0.053440831213463096
3,SMAD4 (4089)_hotspot,0.050440615494889526
3,STK11 (6794)_hotspot,0.07182892492736215
3,SMARCA4 (6597)_hotspot,0.042129464986442725
3,C2orf81 (388963)_hotspot,0.08384774970756304
3,NFE2L2 (4780)_hotspot,0.10379409862241182
3,VHL (7428)_hotspot,0.06300594154373293
3,CTNNB1 (1499)_hotspot,0.05467096898692099
3,RHOA (387)_hotspot,0.02978484319312106
3,PIK3CA (5290)_hotspot,0.04915735876340314
3,FBXW7 (55294)_hotspot,0.040028345161701166
3,TERT (7015)_hotspot,0.13213236879076504
3,PIK3R1 (5295)_hotspot,0.01432877279580049
3,APC (324)_hotspot,0.003487574809103798
3,RAC1 (5879)_hotspot,0.0015318147485546439
3,EGFR (1956)_hotspot,0.05603035580865296
3,BRAF (673)_hotspot,0.21236962742746246
3,MYC (4609)_hotspot,0.029078768620534122
3,CDKN2A (1029)_hotspot,0.013810201317956404
3,AGRN (375790)_damaging,0.0846853295833206
3,MXRA8 (54587)_damaging,0.017142207826844946
3,CFAP74 (85452)_damaging,0.06640647768752855
3,MEGF6 (1953)_damaging,0.02407905737608438
3,CHD5 (26038)_damaging,0.029594077139198014
3,RPL22 (6146)_damaging,0.08116398985112543
3,CAMTA1 (23261)_damaging,0.03680081913099274
3,ERRFI1 (54206)_damaging,0.06492213009570252
3,SLC45A1 (50651)_damaging,0.003783671026690928
3,RERE (473)_damaging,0.04071771817633201
3,EXOSC10 (5394)_damaging,0.05759897170728506
3,VPS13D (55187)_damaging,0.04412026185672533
3,SPEN (23013)_damaging,0.0032708614484738448
3,EPHA2 (1969)_damaging,0.026845759826344275
3,UBR4 (23352)_damaging,0.022241913854857076
3,HSPG2 (3339)_damaging,0.01996215729866216
3,LUZP1 (7798)_damaging,0.047915186929225306
3,ID3 (3399)_damaging,0.13985316340696313
3,ELOA (6924)_damaging,0.005730623216356599
3,ARID1A (8289)_damaging,0.0033183378428371197
3,WDTC1 (23038)_damaging,0.01532040674158706
3,AHDC1 (27245)_damaging,0.023436630098280405
3,COL16A1 (1307)_damaging,0.012227072512793256
3,CSMD2 (114784)_damaging,0.0396499491429225
3,ZMYM6 (9204)_damaging,0.05597607909803358
3,ZMYM4 (9202)_damaging,0.01382530632636965
3,CLSPN (63967)_damaging,0.04079068875980669
3,AGO1 (26523)_damaging,0.01911490459924924
3,MAP7D1 (55700)_damaging,0.0336331030551819
3,MACF1 (23499)_damaging,0.032546364691626944
3,HIVEP3 (59269)_damaging,0.01678299818985761
3,TIE1 (7075)_damaging,0.010319975199990276
3,SZT2 (23334)_damaging,0.0640559473812168
3,MUTYH (4595)_damaging,0.005484177289440267
3,MAST2 (23139)_damaging,0.03651667075084914
3,FAAH (2166)_damaging,0.050511963364072154
3,TAL1 (6886)_damaging,0.09740275960411217
3,TUT4 (23318)_damaging,0.02700477750567178
3,FYB2 (199920)_damaging,0.02632893755333757
3,DOCK7 (85440)_damaging,0.027100313434063352
3,EFCAB7 (84455)_damaging,0.04478432057122297
3,JAK1 (3716)_damaging,0.0006688639756911888
3,LEPR (3953)_damaging,0.07320510939051586
3,LRRC7 (57554)_damaging,0.0013515076128427555
3,ERICH3 (127254)_damaging,0.021128688365955085
3,SLC44A5 (204962)_damaging,0.019653904615663447
3,AK5 (26289)_damaging,0.003361814844732506
3,ADGRL4 (64123)_damaging,0.03595005152759388
3,ADGRL2 (23266)_damaging,0.06414384350319628
3,COL24A1 (255631)_damaging,0.024240979325592573
3,HFM1 (164045)_damaging,0.006578549637418071
3,BTBD8 (284697)_damaging,0.05705305396750974
3,RPL5 (6125)_damaging,0.0021353556649697527
3,CCDC18 (343099)_damaging,0.053905585001793085
3,COL11A1 (1301)_damaging,0.03953681784847569
3,SYCP1 (6847)_damaging,0.04008803713403851
3,SPAG17 (200162)_damaging,0.0431416161545173
3,NOTCH2 (4853)_damaging,0.011691132330930634
3,BCL9 (607)_damaging,0.027515234648890493
3,ADAMTSL4 (54507)_damaging,0.05468430663188037
3,SETDB1 (9869)_damaging,0.006406505660636203
3,TCHH (7062)_damaging,0.009443874965005455
3,FLG (2312)_damaging,0.04577171597120259
3,CCDST (112268240)_damaging,0.013427040292341546
3,FLG2 (388698)_damaging,0.0065464938706101755
3,UBAP2L (9898)_damaging,0.03538161214103847
3,ASH1L (55870)_damaging,0.03530689146507961
3,GON4L (54856)_damaging,0.0519380917051742
3,IQGAP3 (128239)_damaging,0.02233468694824815
3,NES (10763)_damaging,0.013313806642293202
3,INSRR (3645)_damaging,0.01451683405637799
3,FCRL5 (83416)_damaging,0.0073520047994828815
3,SPTA1 (6708)_damaging,0.03239506400358673
3,ADCY10 (55811)_damaging,0.08928280185933453
3,GPR161 (23432)_damaging,0.02348391181542983
3,F5 (2153)_damaging,0.006808112238061293
3,FIRRM (55732)_damaging,0.03672173564692355
3,PRRC2C (23215)_damaging,0.02877477210748586
3,TNR (7143)_damaging,0.04703106833270956
3,PAPPA2 (60676)_damaging,0.04800133491655834
3,ABL2 (27)_damaging,0.06727363850759265
3,AXDND1 (126859)_damaging,0.025882623451494863
3,TDRD5 (163589)_damaging,0.016710884104599675
3,CEP350 (9857)_damaging,0.04728361263128519
3,CACNA1E (777)_damaging,0.03135100510696195
3,RGL1 (23179)_damaging,0.01250118901254316
3,HMCN1 (83872)_damaging,0.05596585042624874
3,TPR (7175)_damaging,0.05436700702040403
3,ASPM (259266)_damaging,0.02326807608170242
3,PTPRC (5788)_damaging,0.09394283301573038
3,KIF14 (9928)_damaging,0.040021613308464876
3,CAMSAP2 (23271)_damaging,0.035829681093899654
3,CACNA1S (779)_damaging,0.04578368570111704
3,IGFN1 (91156)_damaging,0.050970346738873504
3,NAV1 (89796)_damaging,0.025250695241946543
3,ELF3 (1999)_damaging,0.016946965980747117
3,KDM5B (10765)_damaging,0.041662155054145895
3,ATP2B4 (493)_damaging,0.015167771077055438
3,PLEKHA6 (22874)_damaging,0.023766070970910293
3,PIK3C2B (5287)_damaging,0.021411531663129646
3,NFASC (23114)_damaging,0.01591300259906006
3,CR2 (1380)_damaging,0.013942651699818254
3,PLXNA2 (5362)_damaging,0.0636250285065728
3,PTPN14 (5784)_damaging,0.02264465307665691
3,CENPF (1063)_damaging,0.011576091713691792
3,USH2A (7399)_damaging,0.015146237455945871
3,DNAH14 (127602)_damaging,0.10398097782427888
3,CDC42BPA (8476)_damaging,0.04274269165001858
3,OBSCN (84033)_damaging,0.025590722002845984
3,H3-4 (8290)_damaging,0.008610222318960654
3,SIPA1L2 (57568)_damaging,0.08504454062270736
3,PCNX2 (80003)_damaging,0.038079617823471475
3,MAP3K21 (84451)_damaging,0.002970124744838622
3,ARID4B (51742)_damaging,0.02629903978374278
3,LYST (1130)_damaging,0.051203176956118965
3,RYR2 (6262)_damaging,0.03662504115582889
3,CHRM3 (1131)_damaging,0.006567008815941985
3,FMN2 (56776)_damaging,0.06729174942258308
3,RGS7 (6000)_damaging,0.02453006581457157
3,WDR64 (128025)_damaging,0.014921856932610994
3,SDCCAG8 (10806)_damaging,0.014246813601808583
3,KIF26B (55083)_damaging,0.009087894098121942
3,AHCTF1 (25909)_damaging,0.006993597283423957
3,NLRP3 (114548)_damaging,0.04764714832436281
3,LARP4B (23185)_damaging,0.010881555309682843
3,ADARB2 (105)_damaging,0.020891049271199457
3,PITRM1 (10531)_damaging,0.09982846176317407
3,TAF3 (83860)_damaging,0.009184807811347137
3,FRMD4A (55691)_damaging,0.02558969523798615
3,CUBN (8029)_damaging,0.05061602333950274
3,MRC1 (4360)_damaging,0.05013567092759002
3,MALRD1 (340895)_damaging,0.01897898992489503
3,PLXDC2 (84898)_damaging,0.0740540005378537
3,MLLT10 (8028)_damaging,0.04408639960649081
3,ARMC3 (219681)_damaging,0.0625908447794993
3,GPR158 (57512)_damaging,0.027653971961854047
3,ANKRD26 (22852)_damaging,0.012253046950765971
3,ODAD2 (55130)_damaging,0.039100939485086195
3,SVIL (6840)_damaging,0.02172925205701574
3,JCAD (57608)_damaging,0.016723420607575142
3,KIF5B (3799)_damaging,0.012222193873659734
3,CCDC7 (79741)_damaging,0.052011857638016176
3,ANKRD30A (91074)_damaging,0.015537819382519696
3,WDFY4 (57705)_damaging,0.036637470253891205
3,C10orf71 (118461)_damaging,0.06695613708106153
3,PCDH15 (65217)_damaging,0.048203641260988035
3,ANK3 (288)_damaging,0.0425620901606173
3,ARID5B (84159)_damaging,0.06760435820171432
3,EGR2 (1959)_damaging,0.04432428049704218
3,JMJD1C (221037)_damaging,0.010468433988925469
3,CTNNA3 (29119)_damaging,0.04668137049726216
3,MYPN (84665)_damaging,0.02582174105309642
3,DNA2 (1763)_damaging,0.053531534183115036
3,CDH23 (64072)_damaging,0.04320487739381751
3,DLG5 (9231)_damaging,0.054055509577758676
3,NRG3 (10718)_damaging,0.07497035541671954
3,WAPL (23063)_damaging,0.011179814115358686
3,PTEN (5728)_damaging,0.010795920066503968
3,KIF20B (9585)_damaging,0.011112693049697236
3,BTAF1 (9044)_damaging,0.02981233429960809
3,MYOF (26509)_damaging,0.016803814532722863
3,PLCE1 (51196)_damaging,0.05790472384661801
3,CC2D2B (387707)_damaging,0.027321797952258153
3,ZNF518A (9849)_damaging,0.08675706301743559
3,LCOR (84458)_damaging,0.02185335524824515
3,PPRC1 (23082)_damaging,0.06871425706924342
3,CNNM2 (54805)_damaging,0.030086894928156523
3,PDCD11 (22984)_damaging,0.02587893159817527
3,SH3PXD2A (9644)_damaging,0.026197559606508897
3,SLK (9748)_damaging,0.04911595681550073
3,SORCS3 (22986)_damaging,0.03854038553629211
3,SMC3 (9126)_damaging,0.005681501212204524
3,TCF7L2 (6934)_damaging,0.01777224718093189
3,CCDC186 (55088)_damaging,0.03911153721646441
3,ATRNL1 (26033)_damaging,0.011986936154857242
3,TACC2 (10579)_damaging,0.03894864319636453
3,DMBT1 (1755)_damaging,0.05944237563733794
3,DOCK1 (1793)_damaging,0.004033424166727997
3,MKI67 (4288)_damaging,0.04485077637196794
3,JAKMIP3 (282973)_damaging,0.026319405900887414
3,CFAP46 (54777)_damaging,0.02277156890730044
3,B4GALNT4 (338707)_damaging,0.014892383602827106
3,PKP3 (11187)_damaging,0.015251339035705427
3,MUC5AC (4586)_damaging,0.07363338409771314
3,MUC5B (727897)_damaging,0.08400012998516729
3,BRSK2 (9024)_damaging,0.00462131979097101
3,KCNQ1 (3784)_damaging,0.007319928891254588
3,NUP98 (4928)_damaging,0.043044076510061195
3,DNHD1 (144132)_damaging,0.028373505872520893
3,DCHS1 (8642)_damaging,0.0234527487129817
3,IPO7 (10527)_damaging,0.07142848558655222
3,SBF2 (81846)_damaging,0.05093993636879039
3,MICAL2 (9645)_damaging,0.03830766089616748
3,PLEKHA7 (144100)_damaging,0.021200383638536248
3,PIK3C2A (5286)_damaging,0.029792647680274665
3,ABCC8 (6833)_damaging,0.0320803433704449
3,USH1C (10083)_damaging,0.0326567331233188
3,OTOG (340990)_damaging,0.027054235852688922
3,HPS5 (11234)_damaging,0.009709873485865324
3,NAV2 (89797)_damaging,0.022048463751640022
3,ANO3 (63982)_damaging,0.045979942047151695
3,DCDC1 (341019)_damaging,0.04119854987174689
3,CCDC73 (493860)_damaging,0.026256131968852504
3,QSER1 (79832)_damaging,0.0464635774790719
3,HIPK3 (10114)_damaging,0.06375014830843556
3,CKAP5 (9793)_damaging,0.004619119481247602
3,LRP4 (4038)_damaging,0.026184391959147516
3,FOLH1 (2346)_damaging,0.012254140870835381
3,OR4P4 (81300)_damaging,0.019228720382952473
3,CTNND1 (1500)_damaging,0.013212318643013064
3,DTX4 (23220)_damaging,0.02575625188363819
3,AHNAK (79026)_damaging,0.004960772185119018
3,SLC3A2 (6520)_damaging,0.05780099621181794
3,CCDC88B (283234)_damaging,0.003720087180326265
3,PCNX3 (399909)_damaging,0.057767982903664875
3,RIN1 (9610)_damaging,0.009372569339247155
3,SHANK2 (22941)_damaging,0.0328100442928639
3,NUMA1 (4926)_damaging,0.03101522004296682
3,INPPL1 (3636)_damaging,0.014235620010336502
3,ARHGEF17 (9828)_damaging,0.007969224862322833
3,C2CD3 (26005)_damaging,0.035336392876025455
3,MYO7A (4647)_damaging,0.04200743700420042
3,RSF1 (51773)_damaging,0.0371886496999971
3,TENM4 (26011)_damaging,0.07403846933865112
3,PCF11 (51585)_damaging,0.08230736323838958
3,DLG2 (1740)_damaging,0.05532591346062506
3,SYTL2 (54843)_damaging,0.06741439443824215
3,FAT3 (120114)_damaging,0.05149825789766394
3,MRE11 (4361)_damaging,0.017228930720270576
3,CNTN5 (53942)_damaging,0.03133016161455452
3,MMP3 (4314)_damaging,0.020605289323524418
3,MMP12 (4321)_damaging,0.013219741498322219
3,DYNC2H1 (79659)_damaging,0.061507915241214614
3,GRIA4 (2893)_damaging,0.05874291760679419
3,CWF19L2 (143884)_damaging,0.056843792231870034
3,NPAT (4863)_damaging,0.07755474929125929
3,ATM (472)_damaging,0.06806515596537352
3,EXPH5 (23086)_damaging,0.001954467203658389
3,NKAPD1 (55216)_damaging,0.0014690856480281428
3,NCAM1 (4684)_damaging,0.0023827215935489656
3,USP28 (57646)_damaging,0.006322595484327817
3,DSCAML1 (57453)_damaging,0.05512486105362939
3,KMT2A (4297)_damaging,0.0579669943337828
3,BCL9L (283149)_damaging,0.002028460649113322
3,MFRP (83552)_damaging,0.04206509058097419
3,ARHGEF12 (23365)_damaging,0.032153359171427656
3,TECTA (7007)_damaging,0.0382810066079601
3,SORL1 (6653)_damaging,0.008418112265823292
3,ROBO3 (64221)_damaging,0.02978460737423794
3,NFRKB (4798)_damaging,0.016962565597055272
3,GLB1L2 (89944)_damaging,0.027320176559168335
3,LINC02714 (729305)_damaging,0.02217285699842853
3,KDM5A (5927)_damaging,0.036301765995448966
3,CACNA1C (775)_damaging,0.008984746015884688
3,PRMT8 (56341)_damaging,0.06952402713923987
3,VWF (7450)_damaging,0.02397795350400309
3,PLEKHG6 (55200)_damaging,0.0025631431454462084
3,CHD4 (1108)_damaging,0.031475747130329676
3,A2M (2)_damaging,0.03603655645255641
3,PZP (5858)_damaging,0.023878494220498894
3,GRIN2B (2904)_damaging,0.005086008657205434
3,ATF7IP (55729)_damaging,0.015938689761092986
3,EPS8 (2059)_damaging,0.028162086778557683
3,PIK3C2G (5288)_damaging,0.011884780701697625
3,RECQL (5965)_damaging,0.09485105098270011
3,ABCC9 (10060)_damaging,0.06815277706598846
3,ITPR2 (3709)_damaging,0.029258684993216016
3,OVCH1 (341350)_damaging,0.05259482251062638
3,KIF21A (55605)_damaging,0.020988037680473727
3,LRRK2 (120892)_damaging,0.026016306500539668
3,MUC19 (283463)_damaging,0.006864934252595615
3,CNTN1 (1272)_damaging,0.03533944694567968
3,ADAMTS20 (80070)_damaging,0.038683340729607836
3,ARID2 (196528)_damaging,0.03864633424629739
3,HDAC7 (51564)_damaging,0.04374659892935626
3,COL2A1 (1280)_damaging,0.014123181299487574
3,WNT1 (7471)_damaging,0.03603478921797808
3,KMT2D (8085)_damaging,0.05331476714379705
3,NCKAP5L (57701)_damaging,0.014545017229769724
3,PAN2 (9924)_damaging,0.04509013277305431
3,STAT2 (6773)_damaging,0.011840645350391315
3,MYO1A (4640)_damaging,0.034629814357961815
3,LRP1 (4035)_damaging,0.0249635324497938
3,R3HDM2 (22864)_damaging,0.08166518309246787
3,GLI1 (2735)_damaging,0.02743971523231954
3,MBD6 (114785)_damaging,0.019589916888775455
3,KIF5A (3798)_damaging,0.06970918504156262
3,XPOT (11260)_damaging,0.043298667308296276
3,PTPRB (5787)_damaging,0.07327596713514954
3,ZFC3H1 (196441)_damaging,0.014885226142630216
3,E2F7 (144455)_damaging,0.036103080380627386
3,NAV3 (89795)_damaging,0.05806965836871289
3,PTPRQ (374462)_damaging,0.0023674165062966784
3,PPFIA2 (8499)_damaging,0.00022381311384502575
3,LRRIQ1 (84125)_damaging,0.027196191646605968
3,CEP290 (80184)_damaging,0.019763330238479634
3,EEA1 (8411)_damaging,0.010378228312979404
3,CFAP54 (144535)_damaging,0.07477587765712797
3,ANKS1B (56899)_damaging,0.0023887006136160353
3,BLTP3B (23074)_damaging,0.045319150038429054
3,UTP20 (27340)_damaging,0.018471493539203975
3,STAB2 (55576)_damaging,0.08713506101479407
3,HCFC2 (29915)_damaging,0.002240188428383404
3,ACACB (32)_damaging,0.015049905465497388
3,CUX2 (23316)_damaging,0.004776350515004557
3,HECTD4 (283450)_damaging,0.004401495266077713
3,DTX1 (1840)_damaging,0.02417566539592812
3,CIT (11113)_damaging,0.06784879831933159
3,HNF1A (6927)_damaging,0.018241910321905905
3,KDM2B (84678)_damaging,0.00941352208938097
3,SETD1B (23067)_damaging,0.013771322056983061
3,SBNO1 (55206)_damaging,0.04888047891245395
3,DNAH10 (196385)_damaging,0.012267629714992003
3,NCOR2 (9612)_damaging,0.005408974459583836
3,TMEM132D (121256)_damaging,0.026946441060712305
3,RIMBP2 (23504)_damaging,0.041594297232373005
3,SFSWAP (6433)_damaging,0.006572259623738757
3,EP400 (57634)_damaging,0.010642047500158647
3,POLE (5426)_damaging,0.017641288652004504
3,ZMYM2 (7750)_damaging,0.04449326782473817
3,SACS (26278)_damaging,0.0028527188572612747
3,RNF17 (56163)_damaging,0.03557433955720463
3,ATP8A2 (51761)_damaging,0.021415127031701845
3,FRY (10129)_damaging,0.01788775952029212
3,BRCA2 (675)_damaging,0.020075725772515325
3,PDS5B (23047)_damaging,0.057321204205687586
3,NBEA (26960)_damaging,0.04443700517185875
3,FREM2 (341640)_damaging,0.0938853806765392
3,DGKH (160851)_damaging,0.09442336611794856
3,ZC3H13 (23091)_damaging,0.010128945247234794
3,RB1 (5925)_damaging,0.06461708720223942
3,RCBTB2 (1102)_damaging,0.019411063937592326
3,DIAPH3 (81624)_damaging,0.009039233049435741
3,KLHL1 (57626)_damaging,0.031343704587702616
3,DACH1 (1602)_damaging,0.03456611588647059
3,DIS3 (22894)_damaging,0.0580567494296552
3,MYCBP2 (23077)_damaging,0.035312799177563345
3,DOCK9 (23348)_damaging,0.024288746373649583
3,PCCA (5095)_damaging,0.030512487487918537
3,NALCN (259232)_damaging,0.03619490583265533
3,CCDC168 (643677)_damaging,0.010508726923448737
3,MYO16 (23026)_damaging,0.03573386983900661
3,COL4A1 (1282)_damaging,0.0007825074997898224
3,COL4A2 (1284)_damaging,0.03617331148774642
3,TEP1 (7011)_damaging,0.06497872893225035
3,CHD8 (57680)_damaging,0.055230157615552784
3,AJUBA (84962)_damaging,0.05083679310932357
3,ACIN1 (22985)_damaging,0.007305265454250864
3,MYH7 (4625)_damaging,0.025118429963274656
3,ZFHX2 (85446)_damaging,0.030404809637913404
3,CARMIL3 (90668)_damaging,0.030400375814633077
3,NYNRIN (57523)_damaging,0.041512839050674426
3,ARHGAP5 (394)_damaging,0.0435583928997454
3,AKAP6 (9472)_damaging,0.008635162504001682
3,NPAS3 (64067)_damaging,0.05231410970363464
3,RALGAPA1 (253959)_damaging,0.015311447732296306
3,TTC6 (319089)_damaging,0.04915583819952861
3,MIA2 (4253)_damaging,0.05705838354992037
3,TOGARAM1 (23116)_damaging,0.047909788458492544
3,FANCM (57697)_damaging,0.06631595313237673
3,MDGA2 (161357)_damaging,0.0879919890445397
3,KTN1 (3895)_damaging,0.03442080077972501
3,ARID4A (5926)_damaging,0.06490225182426823
3,HIF1A (3091)_damaging,0.018379654956976067
3,KCNH5 (27133)_damaging,0.04145936607635485
3,SYNE2 (23224)_damaging,0.03313137375636489
3,PCNX1 (22990)_damaging,0.03418948030209761
3,MIDEAS (91748)_damaging,0.00098082947468416
3,YLPM1 (56252)_damaging,0.003192689070160594
3,MLH3 (27030)_damaging,0.01828716165990654
3,NRXN3 (9369)_damaging,0.09185348214694522
3,CEP128 (145508)_damaging,0.0584940454117927
3,PTPN21 (11099)_damaging,0.01149631204729934
3,EML5 (161436)_damaging,0.03479319157576411
3,TRIP11 (9321)_damaging,0.0010420560230213214
3,UNC79 (57578)_damaging,0.07624104898157633
3,ATG2B (55102)_damaging,0.04666130266024161
3,RTL1 (388015)_damaging,0.002588226754301439
3,DYNC1H1 (1778)_damaging,0.05730941410440521
3,KIF26A (26153)_damaging,0.048190326898609734
3,INF2 (64423)_damaging,0.004019915134148925
3,AHNAK2 (113146)_damaging,0.021115928377010564
3,ATP10A (57194)_damaging,0.055045991209131784
3,HERC2 (8924)_damaging,0.023285815079647998
3,ENTREP2 (23359)_damaging,0.0036187311338896416
3,TRPM1 (4308)_damaging,0.030379969118552848
3,FMN1 (342184)_damaging,0.018081125078710257
3,RYR3 (6263)_damaging,0.039294798016818934
3,SPRED1 (161742)_damaging,0.0005502001157760545
3,INO80 (54617)_damaging,0.02625524782160767
3,LTK (4058)_damaging,0.0403331364585124
3,TYRO3 (7301)_damaging,0.02973238550136048
3,MGA (23269)_damaging,0.08598177103161943
3,SPTBN5 (51332)_damaging,0.051247946543621144
3,ZNF106 (64397)_damaging,0.027636693097828693
3,STARD9 (57519)_damaging,0.00195741783868754
3,TP53BP1 (7158)_damaging,0.039578908155638755
3,MAP1A (4130)_damaging,0.0065283132719905134
3,SPG11 (80208)_damaging,0.006679244465900333
3,B2M (567)_damaging,0.008022260555365285
3,DUOX2 (50506)_damaging,0.033937096274767174
3,FBN1 (2200)_damaging,0.035355115570156574
3,TRPM7 (54822)_damaging,0.03837359427043069
3,AP4E1 (23431)_damaging,0.002088868873299861
3,DMXL2 (23312)_damaging,0.015323338405383883
3,WDR72 (256764)_damaging,0.030175803365279256
3,UNC13C (440279)_damaging,0.03221217016017601
3,RFX7 (64864)_damaging,0.0427989095812119
3,ICE2 (79664)_damaging,0.0030766936714736767
3,VPS13C (54832)_damaging,0.04967892790622788
3,TLN2 (83660)_damaging,0.04862342517078299
3,HERC1 (8925)_damaging,0.0787649564656231
3,ZNF609 (23060)_damaging,0.01738285220310641
3,CILP (8483)_damaging,0.047253386139748776
3,MEGF11 (84465)_damaging,0.012785932400563905
3,MYO9A (4649)_damaging,0.1105901475190167
3,ARID3B (10620)_damaging,0.05976449839942838
3,SIN3A (25942)_damaging,0.05435549604989026
3,PEAK1 (79834)_damaging,0.003391171291446158
3,AP3B2 (8120)_damaging,0.04158038493160031
3,ADAMTSL3 (57188)_damaging,0.05195161352258889
3,AKAP13 (11214)_damaging,0.03259359540937688
3,AGBL1 (123624)_damaging,0.013322648350817904
3,TICRR (90381)_damaging,0.00025731059135291386
3,KIF7 (374654)_damaging,0.05754793313860354
3,IQGAP1 (8826)_damaging,0.0623232642262636
3,BLM (641)_damaging,0.008401680571248134
3,FES (2242)_damaging,0.06183074751377414
3,CHD2 (1106)_damaging,0.0028607784330751114
3,LRRK1 (79705)_damaging,0.028063075918648494
3,WDR90 (197335)_damaging,0.0513532096652053
3,CACNA1H (8912)_damaging,0.013442503716465349
3,UNKL (64718)_damaging,0.0008805174616339761
3,CRAMP1 (57585)_damaging,0.009439350399471674
3,TSC2 (7249)_damaging,0.02732761843835407
3,PKD1 (5310)_damaging,0.011248345261290406
3,CASKIN1 (57524)_damaging,0.02437135361948507
3,SLX4 (84464)_damaging,0.04071348694022498
3,CREBBP (1387)_damaging,0.09532137682602874
3,GRIN2A (2903)_damaging,0.062142068270669586
3,SMG1 (23049)_damaging,0.010985773623124605
3,KNOP1 (400506)_damaging,0.03073851513765951
3,DNAH3 (55567)_damaging,0.0031016546096977442
3,SCNN1B (6338)_damaging,0.04450128449869411
3,PALB2 (79728)_damaging,0.000760227497729924
3,RBBP6 (5930)_damaging,0.007191413968964389
3,TNRC6A (27327)_damaging,0.014985564189797919
3,ARHGAP17 (55114)_damaging,0.04292457407900053
3,GTF3C1 (2975)_damaging,0.08328801601469715
3,ATXN2L (11273)_damaging,0.022131836256359696
3,SRCAP (10847)_damaging,0.00920089833411126
3,SETD1A (9739)_damaging,0.008442391128675347
3,ITGAD (3681)_damaging,0.016737224412242162
3,SALL1 (6299)_damaging,0.05501045402544364
3,CHD9 (80205)_damaging,0.02285185497586242
3,RBL2 (5934)_damaging,0.017523517353236043
3,NLRC5 (84166)_damaging,0.0487697235660896
3,CDH8 (1006)_damaging,0.01254058900306962
3,CDH11 (1009)_damaging,0.016198263044575705
3,CTCF (10664)_damaging,0.08785839585226783
3,CDH1 (999)_damaging,0.013941237145681972
3,DHX38 (9785)_damaging,0.08152165020842092
3,ZFHX3 (463)_damaging,0.04398618300418793
3,GLG1 (2734)_damaging,0.08514114185303706
3,CNTNAP4 (85445)_damaging,0.04710487382257458
3,PKD1L2 (114780)_damaging,0.019868448535292422
3,TAF1C (9013)_damaging,0.03993174034805104
3,GSE1 (23199)_damaging,0.018303534528443736
3,IRF8 (3394)_damaging,0.08204377333133876
3,ZNF469 (84627)_damaging,0.058362121636614354
3,ZC3H18 (124245)_damaging,0.018940055008860215
3,LINC02138 (400558)_damaging,0.011203318311138933
3,ANKRD11 (29123)_damaging,0.03524247583624891
3,VPS9D1 (9605)_damaging,0.032228926062292475
3,FANCA (2175)_damaging,0.014129314079382553
3,CLUH (23277)_damaging,0.015969630477648267
3,SPATA22 (84690)_damaging,0.04327970539164354
3,ZZEF1 (23140)_damaging,0.0008338007435591424
3,USP6 (9098)_damaging,0.04749687516891955
3,FXR2 (9513)_damaging,0.07574108374446781
3,TP53 (7157)_damaging,0.40369174979616773
3,DNAH2 (146754)_damaging,0.0524196229879911
3,KDM6B (23135)_damaging,0.07649696350898362
3,CHD3 (1107)_damaging,0.023903465157372752
3,ALOX12B (242)_damaging,0.0482399937506031
3,PER1 (5187)_damaging,0.05017265993258947
3,PFAS (5198)_damaging,0.01177690282804434
3,MYH13 (8735)_damaging,0.001182470827148158
3,MYH8 (4626)_damaging,0.06421193778483421
3,MYH1 (4619)_damaging,0.06360894346772311
3,MYH2 (4620)_damaging,0.010302765267945898
3,DNAH9 (1770)_damaging,0.055356436089240194
3,MYOCD (93649)_damaging,0.029181213061256612
3,NCOR1 (9611)_damaging,0.018829200297738494
3,FLCN (201163)_damaging,0.018117487910502175
3,MYO15A (51168)_damaging,0.011731984563113475
3,SPECC1 (92521)_damaging,0.05900141938483733
3,KSR1 (8844)_damaging,0.026765056582724652
3,MYO18A (399687)_damaging,0.0061667188063694615
3,EFCAB5 (374786)_damaging,0.010205752251410417
3,ATAD5 (79915)_damaging,0.04011360324776231
3,NF1 (4763)_damaging,0.07562060904063644
3,SUZ12 (23512)_damaging,0.03829610116739563
3,SLFN11 (91607)_damaging,0.015903911566119037
3,ACACA (31)_damaging,0.05126032761284219
3,GPR179 (440435)_damaging,0.02397079364327428
3,SRCIN1 (80725)_damaging,0.007827944234549992
3,TOP2A (7153)_damaging,0.008984396061789671
3,KCNH4 (23415)_damaging,0.06423035873997261
3,BRCA1 (672)_damaging,0.04058788297031995
3,ITGA2B (3674)_damaging,0.05439126027976489
3,GPATCH8 (23131)_damaging,0.06048168612139085
3,KANSL1 (284058)_damaging,0.010754096167700263
3,COL1A1 (1277)_damaging,0.009858161560311912
3,CACNA1G (8913)_damaging,0.03167490344549521
3,TSPOAP1 (9256)_damaging,0.004335604195403175
3,RNF43 (54894)_damaging,0.034506666930942384
3,MED13 (9969)_damaging,0.009706812104288318
3,MRC2 (9902)_damaging,0.007680061193110874
3,SCN4A (6329)_damaging,0.07850782130786763
3,GNA13 (10672)_damaging,0.07855935992899
3,AXIN2 (8313)_damaging,0.0049812506959676026
3,BPTF (2186)_damaging,0.01739021729011402
3,ABCA8 (10351)_damaging,0.04123472157896081
3,ABCA9 (10350)_damaging,0.06275796265095501
3,ABCA6 (23460)_damaging,0.005618020709257227
3,ABCA10 (10349)_damaging,0.035533047030938604
3,ABCA5 (23461)_damaging,0.05114461210310674
3,SOX9 (6662)_damaging,0.02272610774671393
3,SDK2 (54549)_damaging,0.008924750971319704
3,TMEM94 (9772)_damaging,0.02872284622890376
3,CASKIN2 (57513)_damaging,0.0042912244087812655
3,MYO15B (80022)_damaging,0.03744797672304701
3,ITGB4 (3691)_damaging,0.06679360681141644
3,SPHK1 (8877)_damaging,0.012136165499418506
3,TNRC6C (57690)_damaging,0.019209461074148886
3,DNAH17 (8632)_damaging,0.023994273184309516
3,RPTOR (57521)_damaging,0.00625670825369353
3,BAHCC1 (57597)_damaging,0.015503093032078629
3,FASN (2194)_damaging,0.017850624387063908
3,NARF (26502)_damaging,0.020896390905745382
3,SMCHD1 (23347)_damaging,0.02146778822233162
3,LAMA1 (284217)_damaging,0.030063915934797673
3,PTPRM (5797)_damaging,0.009176193043113595
3,ANKRD12 (23253)_damaging,0.003278107725509963
3,PIEZO2 (63895)_damaging,0.007910047187848561
3,ANKRD30B (374860)_damaging,0.018064365743373265
3,ROCK1 (6093)_damaging,0.04590979324128143
3,GREB1L (80000)_damaging,0.026777407533785012
3,OSBPL1A (114876)_damaging,0.02595331160345469
3,CCDC178 (374864)_damaging,0.008188670348722542
3,ASXL3 (80816)_damaging,0.009789597077252075
3,FHOD3 (80206)_damaging,0.06916610288093542
3,SETBP1 (26040)_damaging,0.08390095320314152
3,EPG5 (57724)_damaging,0.02617027365789875
3,LOXHD1 (125336)_damaging,0.022017472238817417
3,SKOR2 (652991)_damaging,0.05332699924910084
3,ZBTB7C (201501)_damaging,0.004286769607915317
3,SMAD4 (4089)_damaging,0.07909367494374848
3,DCC (1630)_damaging,0.012380973917557183
3,ALPK2 (115701)_damaging,0.052018872808960365
3,CDH7 (1005)_damaging,0.05880457467983201
3,DSEL (92126)_damaging,0.006306587740572118
3,RTTN (25914)_damaging,0.03731348719101654
3,CBLN2 (147381)_damaging,0.020797365797486346
3,ZNF236 (7776)_damaging,0.05106077908895481
3,SALL3 (27164)_damaging,0.04846073333411939
3,ATP9B (374868)_damaging,0.0024781558379617166
3,KCNG2 (26251)_damaging,0.031063937857712384
3,ABCA7 (10347)_damaging,0.007716892396562319
3,STK11 (6794)_damaging,0.07917924659450389
3,TCF3 (6929)_damaging,0.003755813383050794
3,AP3D1 (8943)_damaging,0.04857396973914139
3,DOT1L (84444)_damaging,0.008199647949759324
3,ZBTB7A (51341)_damaging,0.03423620211921717
3,TICAM1 (148022)_damaging,0.013308561286104382
3,KDM4B (23030)_damaging,0.024265730757488817
3,PTPRS (5802)_damaging,0.07797049467003514
3,SAFB2 (9667)_damaging,0.016748794929901292
3,SAFB (6294)_damaging,0.056157874629530286
3,CAMSAP3 (57662)_damaging,0.05907120784860811
3,MAP2K7 (5609)_damaging,0.048888130915644576
3,FBN3 (84467)_damaging,0.019326948279867667
3,MUC16 (94025)_damaging,0.03549343739492549
3,COL5A3 (50509)_damaging,0.03876107413497379
3,DNMT1 (1786)_damaging,0.04673457193447759
3,KEAP1 (9817)_damaging,0.0543115156802118
3,DNM2 (1785)_damaging,0.011602373326864592
3,SMARCA4 (6597)_damaging,0.032174543969553424
3,CACNA1A (773)_damaging,0.0782128021440108
3,NOTCH3 (4854)_damaging,0.007598054932812728
3,BRD4 (23476)_damaging,0.041445061569242915
3,WIZ (58525)_damaging,0.04906859529525516
3,SIN3B (23309)_damaging,0.05459181789181085
3,CPAMD8 (27151)_damaging,0.00042612737214082715
3,ZNF429 (353088)_damaging,0.023625275849431665
3,ZNF43 (7594)_damaging,0.0008065831379561138
3,ZNF208 (7757)_damaging,0.0006318433124489604
3,ZNF729 (100287226)_damaging,0.034335513647686645
3,ZNF99 (7652)_damaging,0.006828706608987932
3,TSHZ3 (57616)_damaging,0.017259172715857862
3,KMT2B (9757)_damaging,0.020350751955915455
3,NPHS1 (4868)_damaging,0.020989858773489113
3,WDR87 (83889)_damaging,0.019265220581753843
3,RYR1 (6261)_damaging,0.013689536219940478
3,PAF1 (54623)_damaging,0.011404386457213433
3,FCGBP (8857)_damaging,0.04136943081068295
3,PRX (57716)_damaging,0.05299889997030959
3,SPTBN4 (57731)_damaging,0.016608705133669726
3,HNRNPUL1 (11100)_damaging,0.03593899973208498
3,ERF (2077)_damaging,0.04409403805953591
3,CIC (23152)_damaging,0.017666924806195673
3,MEGF8 (1954)_damaging,0.002979812504446219
3,ARHGAP35 (2909)_damaging,0.01579083648418005
3,BICRA (29998)_damaging,0.0017305623890217457
3,LMTK3 (114783)_damaging,0.05393208375907996
3,TRPM4 (54795)_damaging,0.013645503568342864
3,PRR12 (57479)_damaging,0.021346294745597474
3,SCAF1 (58506)_damaging,0.01360918074153409
3,POLD1 (5424)_damaging,0.005222277541931795
3,SHANK1 (50944)_damaging,0.026834505429237578
3,BRSK1 (84446)_damaging,0.023773583426200343
3,SSC5D (284297)_damaging,0.01561272827238972
3,NLRP9 (338321)_damaging,0.0681615191846528
3,NLRP4 (147945)_damaging,0.003946147917852921
3,PEG3 (5178)_damaging,0.028872637744706033
3,ZIM3 (114026)_damaging,0.010872822919330102
3,TPO (7173)_damaging,0.03934046953591337
3,MYT1L (23040)_damaging,0.020138807365182896
3,ROCK2 (9475)_damaging,0.013722970231151215
3,GREB1 (9687)_damaging,0.007817789207229356
3,NBAS (51594)_damaging,0.07170680307341927
3,RAD51AP2 (729475)_damaging,0.004484433474560113
3,APOB (338)_damaging,0.02749242151886617
3,TDRD15 (100129278)_damaging,0.0038663187753252134
3,ATAD2B (54454)_damaging,0.05649292188604314
3,ITSN2 (50618)_damaging,0.030320581889638102
3,DNMT3A (1788)_damaging,0.01186027724381865
3,ASXL2 (55252)_damaging,0.010010415705044408
3,OTOF (9381)_damaging,0.0600160032401787
3,CAD (790)_damaging,0.026939097035523486
3,IFT172 (26160)_damaging,0.020512921667559924
3,SPATA31H1 (84226)_damaging,0.03645307414213465
3,ALK (238)_damaging,0.03206462502305357
3,BIRC6 (57448)_damaging,0.016210952357516555
3,ZFP36L2 (678)_damaging,0.04772789279278278
3,THADA (63892)_damaging,0.005774167742905836
3,MSH2 (4436)_damaging,0.011806521533901566
3,MSH6 (2956)_damaging,0.006791249415385135
3,FBXO11 (80204)_damaging,0.07738452915208004
3,NRXN1 (9378)_damaging,0.039401065329260396
3,SPTBN1 (6711)_damaging,0.007741089623639864
3,EML6 (400954)_damaging,0.05811879136962217
3,CCDC88A (55704)_damaging,0.0379594482457985
3,BCL11A (53335)_damaging,0.019430541894601878
3,USP34 (9736)_damaging,0.010419818167934882
3,ZNF638 (27332)_damaging,0.010951267749589572
3,DYSF (8291)_damaging,0.013034074276597949
3,ALMS1 (7840)_damaging,0.007749063584270095
3,LOXL3 (84695)_damaging,0.01584596523798603
3,CTNNA2 (1496)_damaging,0.0331221376773522
3,DNAH6 (1768)_damaging,0.00852083111253651
3,POLR1A (25885)_damaging,0.009633761302001042
3,VWA3B (200403)_damaging,0.08148526239881987
3,EIF5B (9669)_damaging,0.0361295892633671
3,DPP10 (57628)_damaging,0.011479408338630094
3,MARCO (8685)_damaging,0.059455825459117755
3,CLASP1 (23332)_damaging,0.09401329840978913
3,CNTNAP5 (129684)_damaging,0.04199368025102786
3,WDR33 (55339)_damaging,0.04417571528484021
3,SAP130 (79595)_damaging,0.01798701189536389
3,UGGT1 (56886)_damaging,0.017416743847267227
3,ARHGEF4 (50649)_damaging,0.0352638447085107
3,NCKAP5 (344148)_damaging,0.01929675062366997
3,THSD7B (80731)_damaging,0.06588227354871395
3,LRP1B (53353)_damaging,0.10691837802293454
3,ACVR2A (92)_damaging,0.0279238152369081
3,RIF1 (55183)_damaging,0.006008720189112296
3,NEB (4703)_damaging,0.020227557329655855
3,BAZ2B (29994)_damaging,0.023805287444027507
3,LY75 (4065)_damaging,0.012970228996337591
3,PLA2R1 (22925)_damaging,0.02089467506910012
3,SLC4A10 (57282)_damaging,0.03894725609566425
3,KCNH7 (90134)_damaging,0.008467953125432191
3,FIGN (55137)_damaging,0.03211321907214202
3,SCN3A (6328)_damaging,0.007542542748378808
3,SCN2A (6326)_damaging,0.09406297444082325
3,TTC21B (79809)_damaging,0.017273860396864328
3,SCN1A (6323)_damaging,0.013554531125052968
3,SCN9A (6335)_damaging,0.02401404999353313
3,SCN7A (6332)_damaging,0.06892126786930992
3,XIRP2 (129446)_damaging,0.04852189213236581
3,LRP2 (4036)_damaging,0.008156416094454302
3,PPIG (9360)_damaging,0.05304315795711732
3,CFAP210 (129881)_damaging,0.07250405921796145
3,GPR155 (151556)_damaging,0.10178855098126982
3,TTN (7273)_damaging,0.08550181091556856
3,CCDC141 (285025)_damaging,0.029807015424899008
3,ITGA4 (3676)_damaging,0.032867574151467904
3,FSIP2 (401024)_damaging,0.06333280310412678
3,COL3A1 (1281)_damaging,0.04322703164176324
3,COL5A2 (1290)_damaging,0.05388772334169474
3,ANKAR (150709)_damaging,0.0041762904931302094
3,MYO1B (4430)_damaging,0.04331054386534686
3,DNAH7 (56171)_damaging,0.0654956677901043
3,HECW2 (57520)_damaging,0.00927420902742427
3,PLCL1 (5334)_damaging,0.0034255111119690083
3,SGO2 (151246)_damaging,0.0074837321145363725
3,CASP8 (841)_damaging,0.03387594640375458
3,BMPR2 (659)_damaging,0.053973618018696295
3,NBEAL1 (65065)_damaging,0.029682699968266807
3,NRP2 (8828)_damaging,0.015045819833344
3,INO80D (54891)_damaging,0.015355702478638215
3,ZDBF2 (57683)_damaging,0.054005226904151826
3,MAP2 (4133)_damaging,0.009603549731829218
3,UNC80 (285175)_damaging,0.03839679723236783
3,CPS1 (1373)_damaging,0.0007884076248571641
3,ERBB4 (2066)_damaging,0.019056854921309308
3,ABCA12 (26154)_damaging,0.013636138045363448
3,FN1 (2335)_damaging,0.020311938618159248
3,CFAP65 (255101)_damaging,0.028468053362330336
3,SLC23A3 (151295)_damaging,0.0822245063009892
3,SPEG (10290)_damaging,0.04558985960008428
3,SLC4A3 (6508)_damaging,0.004392740166134552
3,IRS1 (3667)_damaging,0.018706009446967466
3,COL4A4 (1286)_damaging,0.07222467521537254
3,SPHKAP (80309)_damaging,0.017232713037737376
3,GIGYF2 (26058)_damaging,0.006007429792133006
3,MROH2A (339766)_damaging,0.007852667250230563
3,COL6A3 (1293)_damaging,0.09061350236253386
3,HDAC4 (9759)_damaging,0.0433199356162156
3,KIF1A (547)_damaging,0.010387880093256467
3,FASTKD5 (60493)_damaging,0.06744488420235782
3,SLC4A11 (83959)_damaging,0.03545892857595955
3,PLCB4 (5332)_damaging,0.009859923105956132
3,RRBP1 (6238)_damaging,0.011837892202870732
3,RALGAPA2 (57186)_damaging,0.025912488238199853
3,CD93 (22918)_damaging,0.05000425357451103
3,ASXL1 (171023)_damaging,0.08165119972353298
3,NCOA6 (23054)_damaging,0.015776940274981225
3,MYH7B (57644)_damaging,0.024661863411849377
3,CEP250 (11190)_damaging,0.021077637750678595
3,KIAA1755 (85449)_damaging,0.039737970438239546
3,LBP (3929)_damaging,0.016947955505479496
3,PTPRT (11122)_damaging,0.1079936829102028
3,DDX27 (55661)_damaging,0.008645258315792027
3,KCNB1 (3745)_damaging,0.020820373258688813
3,ZNF831 (128611)_damaging,0.005260349691593729
3,SYCP2 (10388)_damaging,0.056798729484044436
3,LAMA5 (3911)_damaging,0.030775454176622082
3,DIDO1 (11083)_damaging,0.10229859436404787
3,COL20A1 (57642)_damaging,0.03657158598384979
3,HELZ2 (85441)_damaging,0.03409146810203326
3,TPTE (7179)_damaging,0.015466510141333623
3,NRIP1 (8204)_damaging,0.024227735532305013
3,LTN1 (26046)_damaging,0.02195593796743291
3,USP16 (10600)_damaging,0.005117761105017481
3,SCAF4 (57466)_damaging,0.05217331797995488
3,ITSN1 (6453)_damaging,0.00417988373283827
3,DOP1B (9980)_damaging,0.08029327262277045
3,BRWD1 (54014)_damaging,0.06935010356357336
3,DSCAM (1826)_damaging,0.06412731242728473
3,TRPM2 (7226)_damaging,0.07912844346438001
3,COL18A1 (80781)_damaging,0.0156322274420142
3,PCNT (5116)_damaging,0.022459009054725414
3,CECR2 (27443)_damaging,0.02507530783472899
3,ZDHHC8 (29801)_damaging,0.014136458942174973
3,MED15 (51586)_damaging,0.01073813709444555
3,LZTR1 (8216)_damaging,0.016270905833520314
3,SMARCB1 (6598)_damaging,0.0844391690920641
3,MYO18B (84700)_damaging,0.021957960378012262
3,MN1 (4330)_damaging,0.016445885313235806
3,NF2 (4771)_damaging,0.1222289300207621
3,PRR14L (253143)_damaging,0.009947463898768258
3,DEPDC5 (9681)_damaging,0.027598739545470846
3,MYH9 (4627)_damaging,0.005551946109411077
3,CSF2RB (1439)_damaging,0.012908872625856393
3,TRIOBP (11078)_damaging,0.018091285555169628
3,CACNA1I (8911)_damaging,0.03503143200160385
3,TNRC6B (23112)_damaging,0.01123328824015982
3,EP300 (2033)_damaging,0.040350025940046046
3,ZC3H7B (23264)_damaging,0.014175700237219865
3,TCF20 (6942)_damaging,0.002025208377507403
3,SMC1B (27127)_damaging,0.01887082962207683
3,PKDREJ (10343)_damaging,0.007592218047911532
3,PLXNB2 (23654)_damaging,0.001289328252009219
3,PPP6R2 (9701)_damaging,0.020345433000922664
3,SBF1 (6305)_damaging,0.028467637413827004
3,CHL1 (10752)_damaging,0.05304345389722495
3,CNTN6 (27255)_damaging,0.020821026625729183
3,CNTN4 (152330)_damaging,0.06171037860051932
3,GRM7 (2917)_damaging,0.005798327066679174
3,SSUH2 (51066)_damaging,0.04128911417897112
3,VHL (7428)_damaging,0.02782869573182687
3,IQSEC1 (9922)_damaging,0.03656493133721225
3,TGFBR2 (7048)_damaging,0.11159715190105451
3,CLASP2 (23122)_damaging,0.01482844729771581
3,TRANK1 (9881)_damaging,0.03575905709163343
3,MLH1 (4292)_damaging,0.0074453163874496275
3,GOLGA4 (2803)_damaging,0.06686197428425089
3,SCN11A (11280)_damaging,0.03670994961889477
3,KIF15 (56992)_damaging,0.02821756206169712
3,SETD2 (29072)_damaging,0.03165293264363748
3,PTPN23 (25930)_damaging,0.042296042741435065
3,PLXNB1 (5364)_damaging,0.02622326732706152
3,COL7A1 (1294)_damaging,0.10458674288499754
3,CELSR3 (1951)_damaging,0.01942024204388144
3,RHOA (387)_damaging,0.02166026995647167
3,BSN (8927)_damaging,0.09937223606012337
3,RBM6 (10180)_damaging,0.010298662202824176
3,DOCK3 (1795)_damaging,0.012997526406109109
3,DNAH1 (25981)_damaging,0.050487600023970326
3,BAP1 (8314)_damaging,0.02279480843215025
3,STAB1 (23166)_damaging,0.0029882219072694476
3,PBRM1 (55193)_damaging,0.010648700914871646
3,CACNA1D (776)_damaging,0.05946822471414243
3,DNAH12 (201625)_damaging,0.00018170126488929958
3,FLNB (2317)_damaging,0.041133516487892846
3,PTPRG (5793)_damaging,0.058490339288795365
3,ATXN7 (6314)_damaging,0.04930150433617281
3,ADAMTS9 (56999)_damaging,0.00976224674001424
3,CNTN3 (5067)_damaging,0.0707619875602425
3,ROBO2 (6092)_damaging,0.08082883271740564
3,ROBO1 (6091)_damaging,0.004415698164219665
3,EPHA3 (2042)_damaging,0.06893083303288296
3,CRYBG3 (131544)_damaging,0.041885783709032294
3,ABI3BP (25890)_damaging,0.04611275129135829
3,MYH15 (22989)_damaging,0.020588226905651548
3,DZIP3 (9666)_damaging,0.01631991118024311
3,NECTIN3 (25945)_damaging,0.02943502561406798
3,ZBTB20 (26137)_damaging,0.017006390762025068
3,CFAP91 (89876)_damaging,0.0070188621297964035
3,POLQ (10721)_damaging,0.039995160855148225
3,GOLGB1 (2804)_damaging,0.022383120490621463
3,KALRN (8997)_damaging,0.10304389471722912
3,MBD4 (8930)_damaging,0.005164315953254303
3,COL6A5 (256076)_damaging,0.0013211475867396592
3,DNAJC13 (23317)_damaging,0.09356685877754127
3,TOPBP1 (11073)_damaging,0.0948143274403947
3,XRN1 (54464)_damaging,0.010957439901478195
3,ATR (545)_damaging,0.043510859995018414
3,HPS3 (84343)_damaging,0.038486556418154884
3,MED12L (116931)_damaging,0.032146638316487335
3,IGSF10 (285313)_damaging,0.0502980609198573
3,MME (4311)_damaging,0.027196790619041823
3,SMC4 (10051)_damaging,0.04991320395760884
3,SI (6476)_damaging,0.03666076472569134
3,MECOM (2122)_damaging,0.016314765244348765
3,TNIK (23043)_damaging,0.0022172059405549667
3,SPATA16 (83893)_damaging,0.01643075043280664
3,USP13 (8975)_damaging,0.01470729053483889
3,ATP13A5 (344905)_damaging,0.03881747737042084
3,MUC4 (4585)_damaging,0.019020190684898762
3,TNK2 (10188)_damaging,0.023733650890643155
3,GAK (2580)_damaging,0.05865336704368655
3,NSD2 (7468)_damaging,0.0947924314204493
3,FAM193A (8603)_damaging,0.002509959076496148
3,HTT (3064)_damaging,0.010624574236731863
3,UNC93B7 (100887746)_damaging,0.04908201258914064
3,CPEB2 (132864)_damaging,0.00842218107863224
3,PCDH7 (5099)_damaging,0.015582626738740757
3,RFC1 (5981)_damaging,0.020179016258711126
3,LIMCH1 (22998)_damaging,0.021973178742035065
3,BEND4 (389206)_damaging,0.0012374897178594189
3,ATP8A1 (10396)_damaging,0.012636588403474605
3,CORIN (10699)_damaging,0.005352213667014334
3,FRYL (285527)_damaging,0.006321545071108617
3,KDR (3791)_damaging,0.016768523316121064
3,POLR2B (5431)_damaging,0.038066644173476924
3,ADGRL3 (23284)_damaging,0.037555167404132235
3,EPHA5 (2044)_damaging,0.0832417558392627
3,CENPC (1060)_damaging,0.04101891632460974
3,UGT2B28 (54490)_damaging,0.031624321683660486
3,ADAMTS3 (9508)_damaging,0.01350751540390333
3,SHROOM3 (57619)_damaging,0.0015453240864511635
3,FRAS1 (80144)_damaging,0.004146496540658895
3,WDFY3 (23001)_damaging,0.06935188413065557
3,ARHGAP24 (83478)_damaging,0.042170583519279096
3,PTPN13 (5783)_damaging,0.003692907087982621
3,AFF1 (4299)_damaging,0.015718314082651244
3,ABCG2 (9429)_damaging,0.03950904821745018
3,GRID2 (2895)_damaging,0.032924634762909404
3,SMARCAD1 (56916)_damaging,0.07457175432390707
3,UNC5C (8633)_damaging,0.010501699631602138
3,CENPE (1062)_damaging,0.027886913863253638
3,TET2 (54790)_damaging,0.04506725904826289
3,COL25A1 (84570)_damaging,0.00030987887429345597
3,ANK2 (287)_damaging,0.0035616609131980757
3,BLTP1 (84162)_damaging,0.015005347372720529
3,FAT4 (79633)_damaging,0.014408046590788265
3,SCLT1 (132320)_damaging,0.02714855246888273
3,NAA15 (80155)_damaging,0.022830669783405234
3,LRBA (987)_damaging,0.0910465723099679
3,FBXW7 (55294)_damaging,0.005335649758410924
3,DCHS2 (54798)_damaging,0.010644326916049647
3,MAP9 (79884)_damaging,0.04572141345464169
3,RAPGEF2 (9693)_damaging,0.020443782490621572
3,FSTL5 (56884)_damaging,0.01571235255952351
3,DDX60 (55601)_damaging,0.032853607540825766
3,WDR17 (116966)_damaging,0.05521827680684144
3,TENM3 (55714)_damaging,0.04278550684919559
3,WWC2 (80014)_damaging,0.0511450098379571
3,SORBS2 (8470)_damaging,0.003431749287036702
3,FAT1 (2195)_damaging,0.07189582035201014
3,SDHA (6389)_damaging,0.039762550537307706
3,SLC12A7 (10723)_damaging,0.03234430714617296
3,TERT (7015)_damaging,0.06725583286792093
3,ADAMTS16 (170690)_damaging,0.004247885413759303
3,ICE1 (23379)_damaging,0.03212961637984615
3,SEMA5A (9037)_damaging,0.04305829697849332
3,DNAH5 (1767)_damaging,0.1032590607611011
3,TRIO (7204)_damaging,0.04374210705853326
3,CDH18 (1016)_damaging,0.05899875397654088
3,CDH12 (1010)_damaging,0.03738371645645569
3,PRDM9 (56979)_damaging,0.017784493448160833
3,CDH10 (1008)_damaging,0.012596437060796963
3,CDH6 (1004)_damaging,0.021664202952286413
3,PDZD2 (23037)_damaging,0.0038525190281497334
3,ADAMTS12 (81792)_damaging,0.07562926019833188
3,SPEF2 (79925)_damaging,0.02595281248217754
3,NIPBL (25836)_damaging,0.016517840606515323
3,CPLANE1 (65250)_damaging,0.035440567905785064
3,EGFLAM (133584)_damaging,0.06766528053242889
3,C7 (730)_damaging,0.04554764722855494
3,MROH2B (133558)_damaging,0.05128498607194952
3,C6 (729)_damaging,0.06040298139596099
3,HCN1 (348980)_damaging,0.005328050684996355
3,ZSWIM6 (57688)_damaging,0.005918730197272181
3,PIK3R1 (5295)_damaging,0.034170563313428735
3,RAD17 (5884)_damaging,0.005985086159816187
3,BDP1 (55814)_damaging,0.028702399171634974
3,MAP1B (4131)_damaging,0.054835906171702635
3,ARHGEF28 (64283)_damaging,0.09135521711678435
3,ANKRD31 (256006)_damaging,0.035909818907084674
3,AGGF1 (55109)_damaging,0.02737857300491482
3,AP3B1 (8546)_damaging,0.00568555819501308
3,CMYA5 (202333)_damaging,0.07055370754211585
3,MSH3 (4437)_damaging,0.06508176379797163
3,VCAN (1462)_damaging,0.001458192763303926
3,RASA1 (5921)_damaging,0.014754800840303582
3,ADGRV1 (84059)_damaging,0.023728623656799695
3,MCTP1 (79772)_damaging,0.0012916594687715883
3,SKIC3 (9652)_damaging,0.03315750978959603
3,ARSK (153642)_damaging,0.00047681250971880835
3,PCSK1 (5122)_damaging,0.0021971789179671955
3,APC (324)_damaging,0.09581198758481682
3,DMXL1 (1657)_damaging,0.020558352728121378
3,ZNF608 (57507)_damaging,0.02704934405283509
3,FBN2 (2201)_damaging,0.041545529468648985
3,FNIP1 (96459)_damaging,0.035059806319355576
3,RAD50 (10111)_damaging,0.09109739220650882
3,AFF4 (27125)_damaging,0.009708689634882705
3,PITX1 (5307)_damaging,0.09286679440219753
3,LINC02900 (340073)_damaging,0.037504704771800505
3,CTNNA1 (1495)_damaging,0.09445185459836121
3,ANKHD1 (54882)_damaging,0.0009364547141232554
3,WDR55 (54853)_damaging,0.029151885464036558
3,PCDHB4 (56131)_damaging,0.06354882679663021
3,NR3C1 (2908)_damaging,0.08815900288146633
3,TCERG1 (10915)_damaging,0.02695831019162499
3,FBXO38 (81545)_damaging,0.02547733841926879
3,FAT2 (2196)_damaging,0.09605995282019639
3,GRIA1 (2890)_damaging,0.030603091793771884
3,LARP1 (23367)_damaging,0.004838611861541227
3,GABRG2 (2566)_damaging,0.0701686246242125
3,SLIT3 (6586)_damaging,0.019402392714950357
3,DOCK2 (1794)_damaging,0.039461959695505
3,NSD1 (64324)_damaging,0.09403566489909393
3,ADAMTS2 (9509)_damaging,0.0327991524903033
3,FLT4 (2324)_damaging,0.06740208522283751
3,DSP (1832)_damaging,0.003649654621914713
3,HIVEP1 (3096)_damaging,0.013851270650614853
3,PHACTR1 (221692)_damaging,0.005920048584158095
3,JARID2 (3720)_damaging,0.038789428398061945
3,ATXN1 (6310)_damaging,0.017431895160252724
3,GABBR1 (2550)_damaging,0.05204968856282024
3,HLA-A (3105)_damaging,0.03637102053827161
3,MDC1 (9656)_damaging,0.005434174109487441
3,VARS2 (57176)_damaging,0.05254804133844506
3,MUCL3 (135656)_damaging,0.03424972959834816
3,MUC22 (100507679)_damaging,0.0003053049756641367
3,HLA-C (3107)_damaging,0.037724600257302815
3,HLA-B (3106)_damaging,0.04915941668224497
3,PRRC2A (7916)_damaging,0.021119854721407986
3,TNXB (7148)_damaging,0.016747083633048162
3,NOTCH4 (4855)_damaging,0.02567311844171529
3,COL11A2 (1302)_damaging,0.010890414570111914
3,DNAH8 (1769)_damaging,0.09269505445655998
3,CCND3 (896)_damaging,0.1199824261685275
3,ZNF318 (24149)_damaging,0.025651070448565027
3,TDRD6 (221400)_damaging,0.029787772106473546
3,MMUT (4594)_damaging,0.037984475752132284
3,PKHD1 (5314)_damaging,0.08768366352642497
3,FAM83B (222584)_damaging,0.0062034741163097765
3,DST (667)_damaging,0.026451067829806982
3,PHF3 (23469)_damaging,0.035347896999581005
3,EYS (346007)_damaging,0.0007545310643894508
3,ADGRB3 (577)_damaging,0.03747839896918379
3,COL19A1 (1310)_damaging,0.04759138203784067
3,COL9A1 (1297)_damaging,0.10434324887384623
3,RIMS1 (22999)_damaging,0.010888215540127408
3,COL12A1 (1303)_damaging,0.013947332247460432
3,TTK (7272)_damaging,0.0028201492167016593
3,CEP162 (22832)_damaging,0.017151070587518153
3,ZNF292 (23036)_damaging,0.0038917851170679556
3,MDN1 (23195)_damaging,0.053269979363311286
3,CASP8AP2 (9994)_damaging,0.050362842935129916
3,EPHA7 (2045)_damaging,0.03801201029288626
3,MMS22L (253714)_damaging,0.004452433305607676
3,PNISR (25957)_damaging,0.015495980992069095
3,ASCC3 (10973)_damaging,0.01463860172586374
3,AK9 (221264)_damaging,0.010589325423707193
3,REV3L (5980)_damaging,0.008960644933138098
3,HDAC2 (3066)_damaging,0.03856431949361178
3,ROS1 (6098)_damaging,0.0013312426317979526
3,TBC1D32 (221322)_damaging,0.0338188223929915
3,LAMA2 (3908)_damaging,0.011161158438775591
3,MED23 (9439)_damaging,0.05379448166550097
3,ARFGEF3 (57221)_damaging,0.01540361205290148
3,ECT2L (345930)_damaging,0.04937016654222752
3,HIVEP2 (3097)_damaging,0.0342502338072915
3,UTRN (7402)_damaging,0.0278489224692809
3,SHPRH (257218)_damaging,0.009887198409278193
3,ADGB (79747)_damaging,0.026625203320117436
3,STXBP5 (134957)_damaging,0.01741934222710613
3,SYNE1 (23345)_damaging,0.05306262827579347
3,SCAF8 (22828)_damaging,0.026362585132079605
3,ARID1B (57492)_damaging,0.057300097887935164
3,FNDC1 (84624)_damaging,0.024047923716534504
3,MAP3K4 (4216)_damaging,0.06575241433601708
3,QKI (9444)_damaging,0.05821745969792961
3,AFDN (4301)_damaging,0.011595262401356127
3,CARD11 (84433)_damaging,0.02681481371946925
3,TNRC18 (84629)_damaging,0.02744471075120306
3,PMS2 (5395)_damaging,0.05731639959781637
3,COL28A1 (340267)_damaging,0.004290871464431267
3,THSD7A (221981)_damaging,0.03776271858185456
3,VWDE (221806)_damaging,0.0312962477948723
3,DGKB (1607)_damaging,0.051522122632231486
3,AHR (196)_damaging,0.03498947669310982
3,ABCB5 (340273)_damaging,0.0572967073322725
3,DNAH11 (8701)_damaging,0.042044476792092465
3,RAPGEF5 (9771)_damaging,0.0245239615826479
3,STK31 (56164)_damaging,0.058246496556066646
3,CDK13 (8621)_damaging,0.0175641027411087
3,GLI3 (2737)_damaging,0.06515103894958776
3,HECW1 (23072)_damaging,0.013521528810930657
3,AEBP1 (165)_damaging,0.04472882451085814
3,PKD1L1 (168507)_damaging,0.04313209248913838
3,ABCA13 (154664)_damaging,0.051208530238529545
3,IKZF1 (10320)_damaging,0.029267767792411938
3,FIGNL1 (63979)_damaging,0.009633396563399755
3,DDC (1644)_damaging,0.0076182755656957896
3,ZNF722 (100419780)_damaging,0.036579248716169764
3,AUTS2 (26053)_damaging,0.049941282675087226
3,MAGI2 (9863)_damaging,0.016761034145607985
3,CD36 (948)_damaging,0.0882537158353304
3,PCLO (27445)_damaging,0.019652978142999017
3,SEMA3E (9723)_damaging,0.09475922256187518
3,ABCB4 (5244)_damaging,0.008098069748968996
3,ZNF804B (219578)_damaging,0.024562256905039187
3,AKAP9 (10142)_damaging,0.06201306239255151
3,ANKIB1 (54467)_damaging,0.03082843476948342
3,SAMD9 (54809)_damaging,0.047088324770401896
3,SAMD9L (219285)_damaging,0.05458118335076871
3,CALCR (799)_damaging,0.01400996717086857
3,COL1A2 (1278)_damaging,0.004763350342638344
3,SLC25A13 (10165)_damaging,0.015338296105097375
3,TRRAP (8295)_damaging,0.017497611623838394
3,GIGYF1 (64599)_damaging,0.04101588339210316
3,ZAN (7455)_damaging,0.06499090699757014
3,EPHB4 (2050)_damaging,0.022528326498824334
3,MUC12 (10071)_damaging,0.07297898368404507
3,MUC17 (140453)_damaging,0.06536643916053689
3,PLOD3 (8985)_damaging,0.010729477839888797
3,CUX1 (1523)_damaging,0.007251043088177889
3,RELN (5649)_damaging,0.027008157903017537
3,KMT2E (55904)_damaging,0.03893048449012658
3,PIK3CG (5294)_damaging,0.021667711268830443
3,LAMB4 (22798)_damaging,0.028283717768400884
3,DOCK4 (9732)_damaging,0.021442533914044954
3,PPP1R3A (5506)_damaging,0.022327082095977776
3,CTTNBP2 (83992)_damaging,0.0041822727227014255
3,PTPRZ1 (5803)_damaging,0.03500343054129218
3,CADPS2 (93664)_damaging,0.009499108632073223
3,POT1 (25913)_damaging,0.039820445991746556
3,GRM8 (2918)_damaging,0.022598755286373857
3,FLNC (2318)_damaging,0.01638457988515344
3,PLXNA4 (91584)_damaging,0.04713200714286875
3,LRGUK (136332)_damaging,0.04983719611776108
3,NUP205 (23165)_damaging,0.008840315957810194
3,TRIM24 (8805)_damaging,0.041275020796737776
3,KIAA1549 (57670)_damaging,0.00700340214421879
3,MGAM (8972)_damaging,0.0065176586848968284
3,MGAM2 (93432)_damaging,0.02484592356805801
3,EPHB6 (2051)_damaging,0.030442718631874307
3,KEL (3792)_damaging,0.010817255569801702
3,NOBOX (135935)_damaging,0.0565267518748773
3,CNTNAP2 (26047)_damaging,0.02913250836972075
3,AOC1 (26)_damaging,0.05192871500424587
3,NOS3 (4846)_damaging,0.021430764891114822
3,KMT2C (58508)_damaging,0.04384755076660278
3,DPP6 (1804)_damaging,0.0730365213462703
3,PTPRN2 (5799)_damaging,0.052663946865479504
3,CSMD1 (64478)_damaging,0.046631435935002886
3,RP1L1 (94137)_damaging,0.011009132809616172
3,TRMT9B (57604)_damaging,0.0793984847156403
3,PSD3 (23362)_damaging,0.02403707990963074
3,DMTN (2039)_damaging,0.046953228662987116
3,DOCK5 (80005)_damaging,0.005089349806034511
3,NUGGC (389643)_damaging,0.07454269224059654
3,TEX15 (56154)_damaging,0.03652641330110216
3,WRN (7486)_damaging,0.0001422048448301726
3,ADGRA2 (25960)_damaging,0.03211402686140714
3,ANK1 (286)_damaging,0.02969926433527347
3,PRKDC (5591)_damaging,0.015341956892777092
3,PXDNL (137902)_damaging,0.03788069924057732
3,ST18 (9705)_damaging,0.04859104003606545
3,RB1CC1 (9821)_damaging,0.012611271699868507
3,RP1 (6101)_damaging,0.06107314958750767
3,ARFGEF1 (10565)_damaging,0.07746345611164243
3,PREX2 (80243)_damaging,0.0033377970195386745
3,C8orf34 (116328)_damaging,0.04696840418985896
3,SULF1 (23213)_damaging,0.0353431426558362
3,SLCO5A1 (81796)_damaging,0.015979683089358397
3,TRPA1 (8989)_damaging,0.001125773148675186
3,KCNB2 (9312)_damaging,0.0568844937884807
3,ZFHX4 (79776)_damaging,0.016034703934747097
3,WWP1 (11059)_damaging,0.02727556485453453
3,ESRP1 (54845)_damaging,0.016186201430126206
3,VPS13B (157680)_damaging,0.06132300191799143
3,RGS22 (26166)_damaging,0.07403287682212337
3,UBR5 (51366)_damaging,0.030496308961173377
3,RIMS2 (9699)_damaging,0.004326373255442802
3,PKHD1L1 (93035)_damaging,0.013035683557506764
3,CSMD3 (114788)_damaging,0.025207241298746404
3,TRPS1 (7227)_damaging,0.03219501216506788
3,COL14A1 (7373)_damaging,0.04018340287008307
3,FER1L6 (654463)_damaging,0.05298649661676766
3,ADCY8 (114)_damaging,0.020650119474526486
3,EFR3A (23167)_damaging,0.013436590615610002
3,KCNQ3 (3786)_damaging,0.019680444923616116
3,PHF20L1 (51105)_damaging,0.0881231878050916
3,TG (7038)_damaging,0.002251456438608188
3,COL22A1 (169044)_damaging,0.034445092274778356
3,EPPK1 (83481)_damaging,0.022624132387274076
3,PLEC (5339)_damaging,0.050757474247350526
3,PARP10 (84875)_damaging,0.05017075573470722
3,WDR97 (340390)_damaging,0.005155618677723297
3,CPSF1 (29894)_damaging,0.03064389149466865
3,ARHGAP39 (80728)_damaging,0.042179448437285216
3,DOCK8 (81704)_damaging,0.026902965512599155
3,SMARCA2 (6595)_damaging,0.06880439020805157
3,ERMP1 (79956)_damaging,0.07391938527161118
3,PTPRD (5789)_damaging,0.008616300155980229
3,FREM1 (158326)_damaging,0.06317544755626023
3,CCDC171 (203238)_damaging,0.07176377926742102
3,CNTLN (54875)_damaging,0.034001033697894076
3,ADAMTSL1 (92949)_damaging,0.01558791452355379
3,DENND4C (55667)_damaging,0.04781056490722532
3,CDKN2A (1029)_damaging,0.04163755476844101
3,PIGO (84720)_damaging,0.001954778792241896
3,UNC13B (10497)_damaging,0.010030800185057863
3,SPAG8 (26206)_damaging,0.09535457258951378
3,TRPM6 (140803)_damaging,0.037195233146538394
3,PCSK5 (5125)_damaging,0.04316293359615102
3,PRUNE2 (158471)_damaging,0.06924468968890754
3,VPS13A (23230)_damaging,0.008062958360538443
3,TLE4 (7091)_damaging,0.04514541387916923
3,SPATA31D1 (389763)_damaging,0.03909532222568335
3,KIF27 (55582)_damaging,0.07300345658900471
3,ROR2 (4920)_damaging,0.015002125823984714
3,NOL8 (55035)_damaging,0.003183919356727913
3,WNK2 (65268)_damaging,0.011568585093184163
3,PHF2 (5253)_damaging,0.002805962431043674
3,PTCH1 (5727)_damaging,0.0194938491269288
3,COL15A1 (1306)_damaging,0.012764823885054934
3,SMC2 (10592)_damaging,0.03199621060980612
3,ELP1 (8518)_damaging,0.003208337158898584
3,TMEM245 (23731)_damaging,0.08041708501930984
3,SVEP1 (79987)_damaging,0.005298099582588358
3,FKBP15 (23307)_damaging,0.09681318385878117
3,COL27A1 (85301)_damaging,0.021516227443790625
3,CNTRL (11064)_damaging,0.047220275578249586
3,DENND1A (57706)_damaging,0.03966337347281844
3,GOLGA2 (2801)_damaging,0.03229586132138582
3,SPTAN1 (6709)_damaging,0.06644563434530845
3,HMCN2 (256158)_damaging,0.011319734208054101
3,FUBP3 (8939)_damaging,0.006236696401385568
3,LAMC3 (10319)_damaging,0.03346584248653291
3,NUP214 (8021)_damaging,0.03085249412620882
3,PRRC2B (84726)_damaging,0.011273265974633824
3,UCK1 (83549)_damaging,0.015404370701332059
3,SETX (23064)_damaging,0.012079674296730611
3,ADAMTS13 (11093)_damaging,0.005279838913120117
3,ADAMTSL2 (9719)_damaging,0.0366549919738078
3,SARDH (1757)_damaging,0.033240053972402824
3,BRD3 (8019)_damaging,0.014283950431747296
3,WDR5 (11091)_damaging,0.039135035224681765
3,COL5A1 (1289)_damaging,0.01633424529656498
3,CAMSAP1 (157922)_damaging,0.00684409499579751
3,NOTCH1 (4851)_damaging,0.02222175166587202
3,ABCA2 (20)_damaging,0.05754777777081516
3,CACNA1B (774)_damaging,0.009930291066248546
3,MXRA5 (25878)_damaging,0.005588876051414514
3,NHS (4810)_damaging,0.039306771423505325
3,MAP3K15 (389840)_damaging,0.028467947633006294
3,DMD (1756)_damaging,0.02700280882106739
3,CFAP47 (286464)_damaging,0.045767651968894665
3,RPGR (6103)_damaging,0.034436534545447574
3,BCOR (54880)_damaging,0.14093841687276554
3,USP9X (8239)_damaging,0.03427278461647536
3,DDX3X (1654)_damaging,0.02777335399677335
3,KDM6A (7403)_damaging,0.021619543879666605
3,RBM10 (8241)_damaging,0.011225092177914429
3,CCNB3 (85417)_damaging,0.02788659926974891
3,KDM5C (8242)_damaging,0.03402399475317557
3,IQSEC2 (23096)_damaging,0.020821077368978636
3,HUWE1 (10075)_damaging,0.014381935104473565
3,AMER1 (139285)_damaging,0.029670507887031926
3,OPHN1 (4983)_damaging,0.058351839366540204
3,MED12 (9968)_damaging,0.052509761621832955
3,ZMYM3 (9203)_damaging,0.052951599861652744
3,NEXMIF (340533)_damaging,0.018723250736014267
3,ATRX (546)_damaging,0.08617447425227917
3,BRWD3 (254065)_damaging,0.04150462851019297
3,DIAPH2 (1730)_damaging,0.026862015816303667
3,PCDH19 (57526)_damaging,0.019538670006661332
3,RAB40A (142684)_damaging,0.023237022298276722
3,NRK (203447)_damaging,0.0436176298091013
3,COL4A6 (1288)_damaging,0.04448262005631595
3,COL4A5 (1287)_damaging,0.014458843177569765
3,DOCK11 (139818)_damaging,0.003049147615332113
3,STAG2 (10735)_damaging,0.037225884266504174
3,TENM1 (10178)_damaging,0.035287191245208176
3,BCORL1 (63035)_damaging,0.011384293201497326
3,USP26 (83844)_damaging,0.0072396887899775775
3,MAP7D3 (79649)_damaging,0.046290359325817876
3,ADGRG4 (139378)_damaging,0.034989704437654846
3,MCF2 (4168)_damaging,0.006357641608965315
3,SPANXN4 (441525)_damaging,0.006811557321622443
3,SLITRK4 (139065)_damaging,0.02075559208208589
3,SLITRK2 (84631)_damaging,0.06513870351155457
3,AFF2 (2334)_damaging,0.02162177262540753
3,PLXNA3 (55558)_damaging,0.04882550048815546
3,F8 (2157)_damaging,0.03419870417648647
3,MT-ND4 (4538)_damaging,0.053273125880730986
3,MT-ND5 (4540)_damaging,0.026401485325260682
4,MTOR (2475)_hotspot,0.09084605806456142
4,NRAS (4893)_hotspot,0.09486175289259308
4,PTEN (5728)_hotspot,0.04985543717617225
4,HRAS (3265)_hotspot,0.025461925105366608
4,ATM (472)_hotspot,0.009596495513742207
4,KRAS (3845)_hotspot,0.12630290801996244
4,ERBB3 (2065)_hotspot,0.029194217614434265
4,RB1 (5925)_hotspot,0.08986486439152536
4,MAP2K1 (5604)_hotspot,0.05013946854978285
4,TP53 (7157)_hotspot,0.1911095630315844
4,NF1 (4763)_hotspot,0.06858042351750293
4,ERBB2 (2064)_hotspot,0.039201437313292266
4,SMAD4 (4089)_hotspot,0.07848502456202106
4,STK11 (6794)_hotspot,0.04633837615238258
4,SMARCA4 (6597)_hotspot,0.017177596193606575
4,C2orf81 (388963)_hotspot,0.08896355705296094
4,NFE2L2 (4780)_hotspot,0.03622238002030995
4,VHL (7428)_hotspot,0.06180482680765728
4,CTNNB1 (1499)_hotspot,0.05227768246186002
4,RHOA (387)_hotspot,0.0015657464234002892
4,PIK3CA (5290)_hotspot,0.1071378561530729
4,FBXW7 (55294)_hotspot,0.04465005719462328
4,TERT (7015)_hotspot,0.16894259733165456
4,PIK3R1 (5295)_hotspot,0.01463013661100623
4,APC (324)_hotspot,0.0263533834663886
4,RAC1 (5879)_hotspot,0.018487458518936656
4,EGFR (1956)_hotspot,0.045367848180272
4,BRAF (673)_hotspot,0.19635472474919113
4,EZH2 (2146)_hotspot,0.10971301437216087
4,CDKN2A (1029)_hotspot,0.018427575465506683
4,AGRN (375790)_damaging,0.041748759731501106
4,DVL1 (1855)_damaging,0.01766119341708299
4,MXRA8 (54587)_damaging,0.0025564898524852685
4,MEGF6 (1953)_damaging,0.039671469241552015
4,CHD5 (26038)_damaging,0.024267669317119225
4,RPL22 (6146)_damaging,0.08807765160366648
4,ERRFI1 (54206)_damaging,0.06725861597246062
4,SLC45A1 (50651)_damaging,0.019209536875442954
4,RERE (473)_damaging,0.022126041153434646
4,EXOSC10 (5394)_damaging,0.03915411660484866
4,VPS13D (55187)_damaging,0.0023772779503165023
4,FHAD1 (114827)_damaging,0.006156964879707177
4,SPEN (23013)_damaging,0.022103617166552552
4,EPHA2 (1969)_damaging,0.00320722183013612
4,UBR4 (23352)_damaging,0.06735348481185484
4,VWA5B1 (127731)_damaging,0.007498122902633988
4,HSPG2 (3339)_damaging,0.014414365727900821
4,LUZP1 (7798)_damaging,0.05502597500866815
4,ID3 (3399)_damaging,0.14870360454066472
4,ELOA (6924)_damaging,0.0065399759148127845
4,ARID1A (8289)_damaging,0.029757050896465354
4,WDTC1 (23038)_damaging,0.0271023279019075
4,AHDC1 (27245)_damaging,0.0024418264901641595
4,PTPRU (10076)_damaging,0.003927395673673337
4,COL16A1 (1307)_damaging,0.013408632855970219
4,SPOCD1 (90853)_damaging,0.005117952539847896
4,CSMD2 (114784)_damaging,0.0033444569416305366
4,ZMYM6 (9204)_damaging,0.015227467051732519
4,ZMYM1 (79830)_damaging,0.006608611168380143
4,ZMYM4 (9202)_damaging,0.06259998243558842
4,AGO1 (26523)_damaging,0.04290984192049968
4,MAP7D1 (55700)_damaging,0.03569984763227213
4,MACF1 (23499)_damaging,0.04607124417656561
4,HIVEP3 (59269)_damaging,0.04488774362360728
4,TIE1 (7075)_damaging,0.024659346197994387
4,SZT2 (23334)_damaging,0.04648731820899448
4,ZSWIM5 (57643)_damaging,0.0036198330423674366
4,MUTYH (4595)_damaging,0.040122645238540325
4,MAST2 (23139)_damaging,0.05607971216137929
4,FAAH (2166)_damaging,0.07324239065160623
4,TAL1 (6886)_damaging,0.08748834574492362
4,FYB2 (199920)_damaging,0.015126728520806
4,NFIA (4774)_damaging,0.04256487911788042
4,PATJ (10207)_damaging,0.010575120685412108
4,DOCK7 (85440)_damaging,0.04171036615392437
4,JAK1 (3716)_damaging,0.057745104084185366
4,LEPR (3953)_damaging,0.0644921385956171
4,LRRC7 (57554)_damaging,0.03492945710004117
4,LRRIQ3 (127255)_damaging,0.04673504415609662
4,ERICH3 (127254)_damaging,0.008826375252813552
4,SLC44A5 (204962)_damaging,0.008075928922045832
4,FUBP1 (8880)_damaging,0.02807411208923248
4,ADGRL4 (64123)_damaging,0.03444353479393441
4,ADGRL2 (23266)_damaging,0.04351535785760065
4,DNAI3 (126820)_damaging,0.010783572990709629
4,COL24A1 (255631)_damaging,0.011781090007711941
4,GBP1 (2633)_damaging,0.029702038768992953
4,BTBD8 (284697)_damaging,0.041354551940858596
4,ABCA4 (24)_damaging,0.07111192123596363
4,DPYD (1806)_damaging,0.023403133723389966
4,COL11A1 (1301)_damaging,0.05666661847069271
4,EPS8L3 (79574)_damaging,0.004388601310647176
4,SYCP1 (6847)_damaging,0.048996859375301745
4,SPAG17 (200162)_damaging,0.0015461097790663361
4,NOTCH2 (4853)_damaging,0.024412909210839797
4,CHD1L (9557)_damaging,0.009974021347280607
4,BCL9 (607)_damaging,0.029310805549893477
4,ADAMTSL4 (54507)_damaging,0.022635304323332227
4,SETDB1 (9869)_damaging,0.00564132180457548
4,ZNF687 (57592)_damaging,0.001259910373906503
4,FLG (2312)_damaging,0.035546638294456985
4,CCDST (112268240)_damaging,0.06251897577997491
4,FLG2 (388698)_damaging,0.028011782379863213
4,UBAP2L (9898)_damaging,0.03696244636713062
4,ADAR (103)_damaging,0.00549186917824805
4,SHC1 (6464)_damaging,0.058071627263509965
4,ASH1L (55870)_damaging,0.041390390540613275
4,GON4L (54856)_damaging,0.014207859142919043
4,IQGAP3 (128239)_damaging,0.016987218775814907
4,NES (10763)_damaging,0.007800685023590938
4,INSRR (3645)_damaging,0.003966808800883345
4,ARHGEF11 (9826)_damaging,0.034216162418683534
4,SPTA1 (6708)_damaging,0.04923895238148713
4,PYHIN1 (149628)_damaging,0.04590956755992549
4,ARHGAP30 (257106)_damaging,0.023973924597067153
4,ADCY10 (55811)_damaging,0.06094585692271719
4,GPR161 (23432)_damaging,0.02433946364666836
4,F5 (2153)_damaging,0.0374609363973412
4,SLC9C2 (284525)_damaging,0.04542232530755903
4,TNR (7143)_damaging,0.01209205429455831
4,PAPPA2 (60676)_damaging,0.0762072213748645
4,ABL2 (27)_damaging,0.108035556761835
4,AXDND1 (126859)_damaging,0.031346277026586634
4,TDRD5 (163589)_damaging,0.003122253818456575
4,CEP350 (9857)_damaging,0.058877589177439536
4,CACNA1E (777)_damaging,0.0546986433405966
4,RGL1 (23179)_damaging,0.02966495084509725
4,HMCN1 (83872)_damaging,0.08727007618692333
4,TPR (7175)_damaging,0.04918994718560315
4,KCNT2 (343450)_damaging,0.05143479291641551
4,ASPM (259266)_damaging,0.01146857145087642
4,CRB1 (23418)_damaging,0.010594310771497322
4,PTPRC (5788)_damaging,0.04310514965041561
4,CAMSAP2 (23271)_damaging,0.027041961472456622
4,IGFN1 (91156)_damaging,0.04939397300404908
4,ELF3 (1999)_damaging,0.013786055005824787
4,KDM5B (10765)_damaging,0.047995350265971196
4,ATP2B4 (493)_damaging,0.010619540896515841
4,PLEKHA6 (22874)_damaging,0.02922415964454431
4,PIK3C2B (5287)_damaging,0.037137255238256936
4,NFASC (23114)_damaging,0.018394158165810276
4,CR2 (1380)_damaging,0.02415809445131075
4,CR1 (1378)_damaging,0.014285210229368404
4,PLXNA2 (5362)_damaging,0.03651373644201942
4,PROX1 (5629)_damaging,0.0029045604988487913
4,PTPN14 (5784)_damaging,0.003127432348442441
4,CENPF (1063)_damaging,0.06760592717180562
4,USH2A (7399)_damaging,0.05092421160027443
4,DNAH14 (127602)_damaging,0.04615041564125354
4,CDC42BPA (8476)_damaging,0.03964184366693106
4,OBSCN (84033)_damaging,0.019316603225044835
4,H3-4 (8290)_damaging,0.021565090206402095
4,SIPA1L2 (57568)_damaging,0.020293992449384405
4,PCNX2 (80003)_damaging,0.0012853682679043635
4,MAP3K21 (84451)_damaging,0.027406106257153923
4,ARID4B (51742)_damaging,0.024585253103107108
4,LYST (1130)_damaging,0.053632449943392134
4,RYR2 (6262)_damaging,0.023609180947470356
4,CHRM3 (1131)_damaging,0.01793861395134541
4,FMN2 (56776)_damaging,0.027894507497280015
4,RGS7 (6000)_damaging,0.06372533297698678
4,KIF26B (55083)_damaging,0.026859737363438888
4,NLRP3 (114548)_damaging,0.05447711849544257
4,LARP4B (23185)_damaging,0.03757946619096048
4,FRMD4A (55691)_damaging,0.004752330600465776
4,ITGA8 (8516)_damaging,0.07121794957445947
4,CUBN (8029)_damaging,0.09590627153341363
4,MRC1 (4360)_damaging,0.041405526299931855
4,MALRD1 (340895)_damaging,0.04297742109909946
4,GPR158 (57512)_damaging,0.023426002629235824
4,MYO3A (53904)_damaging,0.017392559479461573
4,ANKRD26 (22852)_damaging,0.030728890789928957
4,ODAD2 (55130)_damaging,0.01679220138662339
4,SVIL (6840)_damaging,0.003156037858170905
4,JCAD (57608)_damaging,0.02343560899464808
4,KIF5B (3799)_damaging,0.002428113684443807
4,ANKRD30A (91074)_damaging,0.006989691237966291
4,RSU1P2 (100133308)_damaging,0.010573349595812073
4,WDFY4 (57705)_damaging,0.04192710270836774
4,PCDH15 (65217)_damaging,0.008275682245781624
4,ANK3 (288)_damaging,0.0244538488032032
4,ARID5B (84159)_damaging,0.047513752818445734
4,EGR2 (1959)_damaging,0.04531786668357229
4,JMJD1C (221037)_damaging,0.003565642676267217
4,CDH23 (64072)_damaging,0.009887911307276167
4,ZMIZ1 (57178)_damaging,0.010539287872653036
4,PTEN (5728)_damaging,0.06667712169276034
4,SLC16A12 (387700)_damaging,0.014644978818386533
4,KIF20B (9585)_damaging,0.023772409611231927
4,BTAF1 (9044)_damaging,0.02365573407657338
4,MYOF (26509)_damaging,0.028172937048917795
4,PDE6C (5146)_damaging,0.0009946339620735994
4,PLCE1 (51196)_damaging,0.043673223527980386
4,ZNF518A (9849)_damaging,0.06694301587501339
4,LCOR (84458)_damaging,0.00802773578500172
4,SLIT1 (6585)_damaging,0.022676262397994057
4,SEC31B (25956)_damaging,0.01677865944932008
4,SLF2 (55719)_damaging,0.009819787607923017
4,PPRC1 (23082)_damaging,0.03272102103685464
4,NOLC1 (9221)_damaging,0.056772853678393374
4,PSD (5662)_damaging,0.017984434684247205
4,CNNM2 (54805)_damaging,0.01834282741935709
4,PDCD11 (22984)_damaging,0.037754613042736376
4,SLK (9748)_damaging,0.06091838418656186
4,SORCS3 (22986)_damaging,0.0064112097889342246
4,SORCS1 (114815)_damaging,0.02952065772131395
4,SMC3 (9126)_damaging,0.015769229854044896
4,TCF7L2 (6934)_damaging,0.005913866786265778
4,ATRNL1 (26033)_damaging,0.02066895589290636
4,TACC2 (10579)_damaging,0.026678881559480016
4,DMBT1 (1755)_damaging,0.048968383735886134
4,CPXM2 (119587)_damaging,0.02021825152707669
4,MKI67 (4288)_damaging,0.03284761776030561
4,JAKMIP3 (282973)_damaging,0.017177433078185096
4,CFAP46 (54777)_damaging,0.04109454171951912
4,B4GALNT4 (338707)_damaging,0.006912062556233228
4,PKP3 (11187)_damaging,0.030014858351439536
4,PHRF1 (57661)_damaging,0.025205445212716417
4,MUC5AC (4586)_damaging,0.07493733179506065
4,MUC5B (727897)_damaging,0.07419265289842165
4,BRSK2 (9024)_damaging,0.023157906082417506
4,KCNQ1 (3784)_damaging,0.028196249324131603
4,NUP98 (4928)_damaging,0.0265665033935124
4,DNHD1 (144132)_damaging,0.03760177729778028
4,DCHS1 (8642)_damaging,0.0011512129316699816
4,SBF2 (81846)_damaging,0.04593620528892939
4,PLEKHA7 (144100)_damaging,0.02013104012193064
4,ABCC8 (6833)_damaging,0.01773369840191527
4,USH1C (10083)_damaging,0.008863141043369632
4,OTOG (340990)_damaging,0.022803263443544948
4,HPS5 (11234)_damaging,0.003934255520311658
4,NAV2 (89797)_damaging,0.02761395258267483
4,ANO3 (63982)_damaging,0.054938838444150526
4,KCNA4 (3739)_damaging,0.060571412307028
4,CCDC73 (493860)_damaging,0.02046470163116854
4,QSER1 (79832)_damaging,0.03245156019260081
4,CSTF3 (1479)_damaging,0.0004762072685699395
4,LRP4 (4038)_damaging,0.047971213522706294
4,FOLH1 (2346)_damaging,0.02788107372965871
4,OR4P4 (81300)_damaging,0.009187812579648983
4,CTNND1 (1500)_damaging,0.004122099098701375
4,DTX4 (23220)_damaging,0.07000137143382376
4,AHNAK (79026)_damaging,0.0357877306931597
4,SLC3A2 (6520)_damaging,0.043877728861057425
4,PLCB3 (5331)_damaging,0.04218806944158066
4,NRXN2 (9379)_damaging,0.015602795924286778
4,MEN1 (4221)_damaging,0.020683825586915477
4,ATG2A (23130)_damaging,0.03131651582551529
4,PCNX3 (399909)_damaging,0.04705632256743975
4,RIN1 (9610)_damaging,0.008497459562811354
4,SHANK2 (22941)_damaging,0.04590525820451748
4,NUMA1 (4926)_damaging,0.022023320308862913
4,INPPL1 (3636)_damaging,0.008043712339501682
4,ARHGEF17 (9828)_damaging,0.020791682398443062
4,C2CD3 (26005)_damaging,0.045891930763339465
4,MYO7A (4647)_damaging,0.04711818996421626
4,RSF1 (51773)_damaging,0.05435089971084118
4,TENM4 (26011)_damaging,0.11174988542814533
4,PCF11 (51585)_damaging,0.0622322666181741
4,DLG2 (1740)_damaging,0.06192896175804535
4,SYTL2 (54843)_damaging,0.045478571383234696
4,FAT3 (120114)_damaging,0.02669984166599294
4,CNTN5 (53942)_damaging,0.01939531622339188
4,CEP126 (57562)_damaging,0.051561656419932336
4,MMP3 (4314)_damaging,0.06616845586496262
4,MMP12 (4321)_damaging,0.014044957376586512
4,DYNC2H1 (79659)_damaging,0.037672208378091376
4,NPAT (4863)_damaging,0.09360315462547315
4,ATM (472)_damaging,0.07069600435876804
4,EXPH5 (23086)_damaging,0.02714803466174866
4,NKAPD1 (55216)_damaging,0.001203946594782644
4,NCAM1 (4684)_damaging,0.00022432799780233665
4,USP28 (57646)_damaging,0.06154202067705327
4,DSCAML1 (57453)_damaging,0.04582542008627894
4,KMT2A (4297)_damaging,0.07359036503618366
4,BCL9L (283149)_damaging,0.016147789782410618
4,MFRP (83552)_damaging,0.023647163082377732
4,ARHGEF12 (23365)_damaging,0.036319634493315656
4,TECTA (7007)_damaging,0.0034252415577848572
4,SORL1 (6653)_damaging,0.034964318242657715
4,ROBO3 (64221)_damaging,0.04499342381344424
4,NFRKB (4798)_damaging,0.017046353717460796
4,IGSF9B (22997)_damaging,0.004090939688751624
4,LINC02714 (729305)_damaging,0.028036303886053562
4,KDM5A (5927)_damaging,0.0026198448991892873
4,WNK1 (65125)_damaging,0.03408327929990849
4,CACNA1C (775)_damaging,0.02478624552302974
4,VWF (7450)_damaging,0.010844676320295165
4,PLEKHG6 (55200)_damaging,0.011154804355642254
4,ATN1 (1822)_damaging,0.03951390282588843
4,A2ML1 (144568)_damaging,0.0076939649554744315
4,A2M (2)_damaging,0.011725096194147645
4,ETV6 (2120)_damaging,0.011695062375152679
4,ATF7IP (55729)_damaging,0.0011828626317987652
4,GUCY2C (2984)_damaging,0.040667810107338075
4,PIK3C2G (5288)_damaging,0.00449434359038069
4,SLCO1B3 (28234)_damaging,0.033563291444725925
4,RECQL (5965)_damaging,0.06124854501252032
4,ABCC9 (10060)_damaging,0.05434202812978251
4,C2CD5 (9847)_damaging,0.01652077394440845
4,ITPR2 (3709)_damaging,0.0014474364070964185
4,OVCH1 (341350)_damaging,0.033506145085781966
4,KIF21A (55605)_damaging,0.00838295613976212
4,LRRK2 (120892)_damaging,0.016940175584364316
4,MUC19 (283463)_damaging,0.0032109778827836026
4,CNTN1 (1272)_damaging,0.0045889360447749225
4,PDZRN4 (29951)_damaging,0.030831255742051023
4,ADAMTS20 (80070)_damaging,0.005980312946605188
4,ARID2 (196528)_damaging,0.032294737344455676
4,COL2A1 (1280)_damaging,0.024570434418511426
4,WNT1 (7471)_damaging,0.02366912565879174
4,KMT2D (8085)_damaging,0.05528030877631152
4,PRPF40B (25766)_damaging,0.0011391032631607844
4,NCKAP5L (57701)_damaging,0.0047094212847231
4,DIP2B (57609)_damaging,0.0037549469868209022
4,TNS2 (23371)_damaging,0.05304884601118634
4,MAP3K12 (7786)_damaging,0.03362492973144365
4,PAN2 (9924)_damaging,0.04441913248767205
4,STAT2 (6773)_damaging,0.04899452855297483
4,NACA (4666)_damaging,0.013489469785996855
4,MYO1A (4640)_damaging,0.030866528126474
4,STAT6 (6778)_damaging,0.009152823022214644
4,LRP1 (4035)_damaging,0.011796412276134918
4,R3HDM2 (22864)_damaging,0.05632966078796314
4,GLI1 (2735)_damaging,0.0013228190847867673
4,MBD6 (114785)_damaging,0.008714862147591552
4,PTPRB (5787)_damaging,0.05878909466976441
4,ZFC3H1 (196441)_damaging,0.027673220727183905
4,E2F7 (144455)_damaging,0.038311895063444006
4,NAV3 (89795)_damaging,0.013618861467831977
4,PTPRQ (374462)_damaging,0.03576882073436393
4,PPFIA2 (8499)_damaging,0.016430061695646724
4,LRRIQ1 (84125)_damaging,0.010018384057798955
4,CEP290 (80184)_damaging,0.04020643019882986
4,PLXNC1 (10154)_damaging,0.028245203444077688
4,CFAP54 (144535)_damaging,0.02236714250262289
4,ANKS1B (56899)_damaging,0.013353952981130287
4,BLTP3B (23074)_damaging,0.007677267690302118
4,UTP20 (27340)_damaging,0.027413589835806152
4,STAB2 (55576)_damaging,0.06833458120163084
4,HCFC2 (29915)_damaging,0.007808301841951977
4,ALDH1L2 (160428)_damaging,0.02095758718162573
4,ACACB (32)_damaging,0.06015804563884998
4,MVK (4598)_damaging,0.015995433502870814
4,CUX2 (23316)_damaging,0.026646404659665987
4,NAA25 (80018)_damaging,0.03180165196883753
4,DTX1 (1840)_damaging,0.005870872337239013
4,CIT (11113)_damaging,0.07246283253954211
4,GCN1 (10985)_damaging,0.010316338757498714
4,HNF1A (6927)_damaging,0.04834391712081264
4,KDM2B (84678)_damaging,0.00894578145182575
4,SETD1B (23067)_damaging,0.01817222346152915
4,KNTC1 (9735)_damaging,0.002547909612566531
4,HIP1R (9026)_damaging,0.030776684555419723
4,SBNO1 (55206)_damaging,0.03362417499568182
4,DNAH10 (196385)_damaging,0.0009247474475205593
4,NCOR2 (9612)_damaging,0.01992415853185769
4,TMEM132D (121256)_damaging,0.0035197540750153944
4,RIMBP2 (23504)_damaging,0.012768183717786336
4,ULK1 (8408)_damaging,0.013756510885444478
4,EP400 (57634)_damaging,0.011801069709601408
4,POLE (5426)_damaging,0.041640117553613916
4,GOLGA3 (2802)_damaging,0.014811448048263124
4,CHFR (55743)_damaging,0.06338128427369367
4,ZMYM2 (7750)_damaging,0.03538046410238747
4,SACS (26278)_damaging,0.0417676008301373
4,RNF17 (56163)_damaging,0.07038829132393344
4,ATP8A2 (51761)_damaging,0.048430410938428536
4,RXFP2 (122042)_damaging,0.0037645574652405683
4,FRY (10129)_damaging,0.023046250806217607
4,BRCA2 (675)_damaging,0.014060112958783585
4,PDS5B (23047)_damaging,0.06267809139564347
4,NBEA (26960)_damaging,0.022807977068681932
4,POSTN (10631)_damaging,0.012627199230454291
4,FREM2 (341640)_damaging,0.05139033907146594
4,DGKH (160851)_damaging,0.0828919419317619
4,ZC3H13 (23091)_damaging,0.045590955792290874
4,RB1 (5925)_damaging,0.0918790649390472
4,KLHL1 (57626)_damaging,0.04031673884037538
4,DIS3 (22894)_damaging,0.03022757488924875
4,MYCBP2 (23077)_damaging,0.02228088527409299
4,DOCK9 (23348)_damaging,0.03233984383006539
4,NALCN (259232)_damaging,0.01232370583792001
4,CCDC168 (643677)_damaging,0.0011060069031617091
4,MYO16 (23026)_damaging,0.021261772432025292
4,COL4A1 (1282)_damaging,0.015795669900070097
4,COL4A2 (1284)_damaging,0.03496398039215518
4,TEP1 (7011)_damaging,0.0002211639315991167
4,ARHGEF40 (55701)_damaging,0.018711491724092245
4,CHD8 (57680)_damaging,0.06324657297204224
4,AJUBA (84962)_damaging,0.058631411996845295
4,ACIN1 (22985)_damaging,0.010803822473027563
4,MYH6 (4624)_damaging,0.06158996864924378
4,MYH7 (4625)_damaging,0.050676882464099515
4,ZFHX2 (85446)_damaging,0.017317488807477938
4,RNF31 (55072)_damaging,0.03902297986125474
4,NYNRIN (57523)_damaging,0.06732887165101721
4,AKAP6 (9472)_damaging,0.029818737169846378
4,NPAS3 (64067)_damaging,0.0019763823320509493
4,TTC6 (319089)_damaging,0.06506524779229719
4,MIA2 (4253)_damaging,0.06106644972037517
4,TOGARAM1 (23116)_damaging,0.0654834759280641
4,FANCM (57697)_damaging,0.03448720385329935
4,MIS18BP1 (55320)_damaging,0.011755384247530917
4,MDGA2 (161357)_damaging,0.08441708122418548
4,NIN (51199)_damaging,0.030011231662990072
4,NID2 (22795)_damaging,0.0005388565831570986
4,KTN1 (3895)_damaging,0.0032358159298055003
4,ARID4A (5926)_damaging,0.04348997102320721
4,HIF1A (3091)_damaging,0.012857101147981139
4,KCNH5 (27133)_damaging,0.04322296294398542
4,SYNE2 (23224)_damaging,0.014422208676951853
4,PCNX1 (22990)_damaging,0.017793326013105133
4,SIPA1L1 (26037)_damaging,0.039513510582511104
4,MIDEAS (91748)_damaging,0.05281363922847774
4,YLPM1 (56252)_damaging,0.026978914865037045
4,MLH3 (27030)_damaging,0.0317773616280264
4,NRXN3 (9369)_damaging,0.04603874191228221
4,CEP128 (145508)_damaging,0.024049452672626627
4,GALC (2581)_damaging,0.04710970275449747
4,PTPN21 (11099)_damaging,0.02743007052801365
4,EML5 (161436)_damaging,0.005337221477367744
4,FOXN3 (1112)_damaging,0.025302689630320847
4,CCDC88C (440193)_damaging,0.04012590964522236
4,TRIP11 (9321)_damaging,0.01540751584222507
4,UNC79 (57578)_damaging,0.025886043953269513
4,ATG2B (55102)_damaging,0.044209103851939324
4,RTL1 (388015)_damaging,0.000844033925148713
4,DYNC1H1 (1778)_damaging,0.07984140423767176
4,KIF26A (26153)_damaging,0.01140282685927276
4,INF2 (64423)_damaging,0.05432600576761272
4,AHNAK2 (113146)_damaging,0.005727236137998
4,HERC2 (8924)_damaging,0.024658171002449904
4,TRPM1 (4308)_damaging,0.04021359077454889
4,FMN1 (342184)_damaging,0.01255322074404841
4,RYR3 (6263)_damaging,0.021383948112948477
4,INO80 (54617)_damaging,0.023078292165641896
4,LTK (4058)_damaging,0.04343514249411385
4,TYRO3 (7301)_damaging,0.00469251061872041
4,MGA (23269)_damaging,0.007732005181659121
4,SPTBN5 (51332)_damaging,0.01112077567934648
4,ZNF106 (64397)_damaging,0.03832851033204501
4,STARD9 (57519)_damaging,0.05464925360543274
4,UBR1 (197131)_damaging,0.012194307602652806
4,TP53BP1 (7158)_damaging,0.05414448577204631
4,MAP1A (4130)_damaging,0.02353926374431331
4,SPG11 (80208)_damaging,0.003924729071150146
4,B2M (567)_damaging,0.01819199049560855
4,DUOX2 (50506)_damaging,0.017649209327836965
4,FBN1 (2200)_damaging,0.029222868858261385
4,CEP152 (22995)_damaging,0.02000061695494394
4,USP8 (9101)_damaging,0.009765445990672087
4,DMXL2 (23312)_damaging,0.034128635629272056
4,MYO5C (55930)_damaging,0.039219326556114965
4,WDR72 (256764)_damaging,0.02045244592384298
4,UNC13C (440279)_damaging,0.026913827168112383
4,RFX7 (64864)_damaging,0.027066906412499016
4,RNF111 (54778)_damaging,0.04478956860985836
4,ICE2 (79664)_damaging,0.015602474738617388
4,VPS13C (54832)_damaging,0.0580826059953884
4,TLN2 (83660)_damaging,0.01515721218939535
4,HERC1 (8925)_damaging,0.03373511678676865
4,ZNF609 (23060)_damaging,0.04209583747216787
4,CILP (8483)_damaging,0.06819931405619747
4,MYO9A (4649)_damaging,0.0279827956910536
4,HCN4 (10021)_damaging,0.06335733062152617
4,ARID3B (10620)_damaging,0.021124413510575462
4,SIN3A (25942)_damaging,0.03899392284400319
4,PEAK1 (79834)_damaging,0.01658888612222086
4,ADAMTSL3 (57188)_damaging,0.055586179159936196
4,AKAP13 (11214)_damaging,0.037643021782491855
4,TICRR (90381)_damaging,0.027737916703685778
4,KIF7 (374654)_damaging,0.05881871678803441
4,IQGAP1 (8826)_damaging,0.07278086073892327
4,BLM (641)_damaging,0.03062025375452731
4,FES (2242)_damaging,0.07654422500502063
4,CHD2 (1106)_damaging,0.011727907527285744
4,LRRK1 (79705)_damaging,0.01578730137106822
4,AXIN1 (8312)_damaging,0.01543059085250738
4,WDR90 (197335)_damaging,0.04272361690453516
4,CACNA1H (8912)_damaging,0.03780141102141764
4,UNKL (64718)_damaging,0.003442934991277226
4,CRAMP1 (57585)_damaging,0.01510485689578019
4,TSC2 (7249)_damaging,0.0366367878811545
4,PKD1 (5310)_damaging,0.0007916517444639514
4,SLX4 (84464)_damaging,0.01954918161924487
4,CREBBP (1387)_damaging,0.11525613153293619
4,CORO7 (79585)_damaging,2.0787563873939023e-05
4,GRIN2A (2903)_damaging,0.043767586026657486
4,KNOP1 (400506)_damaging,0.03830346662398432
4,DNAH3 (55567)_damaging,0.049894541079510815
4,SCNN1B (6338)_damaging,0.06413128659936783
4,PALB2 (79728)_damaging,0.008044788129122134
4,RBBP6 (5930)_damaging,0.031874396576043504
4,TNRC6A (27327)_damaging,0.014629749792716012
4,ARHGAP17 (55114)_damaging,0.026844217851163213
4,GTF3C1 (2975)_damaging,0.08108253145659415
4,ATXN2L (11273)_damaging,0.004109497371067521
4,ITGAL (3683)_damaging,0.045701992458887
4,PRR14 (78994)_damaging,0.009967987897599168
4,FBRS (64319)_damaging,0.02278924935992956
4,SRCAP (10847)_damaging,0.05039223016015565
4,SETD1A (9739)_damaging,0.036239089513994585
4,ZNF668 (79759)_damaging,0.08098921527213093
4,ITGAM (3684)_damaging,0.01932690279252032
4,ITGAD (3681)_damaging,5.220187087941968e-05
4,SALL1 (6299)_damaging,0.05101993881374332
4,CHD9 (80205)_damaging,0.028460070928823925
4,RBL2 (5934)_damaging,0.037701734446846706
4,NLRC5 (84166)_damaging,0.017173275383178074
4,CDH8 (1006)_damaging,0.010444811040460121
4,CDH11 (1009)_damaging,0.004925830513014505
4,CTCF (10664)_damaging,0.06468134266118654
4,CDH1 (999)_damaging,0.019073956066227866
4,MTSS2 (92154)_damaging,0.01173371555249399
4,DHX38 (9785)_damaging,0.10143070874078718
4,ZFHX3 (463)_damaging,0.06781798268019884
4,CNTNAP4 (85445)_damaging,0.012315474485223904
4,ADAMTS18 (170692)_damaging,0.024834595641512025
4,WWOX (51741)_damaging,0.012174232359507705
4,PKD1L2 (114780)_damaging,0.012847714116955776
4,TAF1C (9013)_damaging,0.04972477656877315
4,GSE1 (23199)_damaging,0.031472104484334386
4,IRF8 (3394)_damaging,0.05768502040624499
4,ZNF469 (84627)_damaging,0.035038808207666375
4,ZC3H18 (124245)_damaging,0.02242004115077081
4,LINC02138 (400558)_damaging,0.01776888275822996
4,CDH15 (1013)_damaging,0.020199279309437893
4,ANKRD11 (29123)_damaging,0.015449536916082317
4,VPS9D1 (9605)_damaging,0.032063781333024836
4,FANCA (2175)_damaging,0.04937360214325744
4,WDR81 (124997)_damaging,0.011327401935572669
4,CLUH (23277)_damaging,0.05027076285013355
4,SPATA22 (84690)_damaging,0.0023401374479034825
4,ZZEF1 (23140)_damaging,0.020611120481413614
4,CAMTA2 (23125)_damaging,0.07177333556106372
4,USP6 (9098)_damaging,0.019471909194706902
4,ACADVL (37)_damaging,0.057620198594654864
4,TP53 (7157)_damaging,0.3946835614453489
4,EFNB3 (1949)_damaging,0.032559665830865184
4,DNAH2 (146754)_damaging,0.0140134063958396
4,KDM6B (23135)_damaging,0.08863744442325959
4,CHD3 (1107)_damaging,0.05299206298453774
4,PER1 (5187)_damaging,0.05601756132485869
4,MYH13 (8735)_damaging,0.024779360854903936
4,MYH8 (4626)_damaging,0.056198914482194905
4,MYH4 (4622)_damaging,0.0016882542524799629
4,MYH1 (4619)_damaging,0.020067359058913766
4,MYH2 (4620)_damaging,0.030551125061447304
4,DNAH9 (1770)_damaging,0.06422079089418545
4,MYOCD (93649)_damaging,0.030435333888178373
4,NCOR1 (9611)_damaging,0.023982318077768256
4,MPRIP (23164)_damaging,0.024105187523918343
4,FLCN (201163)_damaging,0.04451825035477737
4,MYO15A (51168)_damaging,0.021515833009612937
4,SPECC1 (92521)_damaging,0.05633331361836614
4,KSR1 (8844)_damaging,0.024732119964717893
4,MYO18A (399687)_damaging,0.012988884472711447
4,ANKRD13B (124930)_damaging,0.0575903545729251
4,SSH2 (85464)_damaging,0.03369004628464737
4,EFCAB5 (374786)_damaging,0.002961295553153473
4,ATAD5 (79915)_damaging,0.013890917176889256
4,NF1 (4763)_damaging,0.06430405791384096
4,SUZ12 (23512)_damaging,0.018127915413813565
4,SLFN11 (91607)_damaging,0.006312611786336292
4,ACACA (31)_damaging,0.06498020576459475
4,GPR179 (440435)_damaging,0.043268491687548156
4,ARHGAP23 (57636)_damaging,0.062051444500134605
4,SRCIN1 (80725)_damaging,0.020907921755288977
4,TOP2A (7153)_damaging,0.01030663418344925
4,KCNH4 (23415)_damaging,0.05130224157385381
4,STAT5B (6777)_damaging,0.0344131259661344
4,BRCA1 (672)_damaging,0.0047906483350149956
4,ITGA2B (3674)_damaging,0.03545993731547236
4,KANSL1 (284058)_damaging,0.030741128903274736
4,HOXB3 (3213)_damaging,0.009099797395402592
4,COL1A1 (1277)_damaging,0.0553997009553251
4,SPAG9 (9043)_damaging,0.05609941514316635
4,RNF43 (54894)_damaging,0.06225006074151012
4,TEX14 (56155)_damaging,0.024405672187217124
4,PPM1D (8493)_damaging,0.016161058122198972
4,TBX4 (9496)_damaging,0.07087751066215452
4,MED13 (9969)_damaging,0.014336321260264559
4,MRC2 (9902)_damaging,0.01532875774396906
4,SCN4A (6329)_damaging,0.043350973346705894
4,GNA13 (10672)_damaging,0.08430194546920694
4,AXIN2 (8313)_damaging,0.0004240236057205535
4,NOL11 (25926)_damaging,0.0030396330268960916
4,BPTF (2186)_damaging,0.015150038619941046
4,ABCA8 (10351)_damaging,0.011046309574101963
4,ABCA9 (10350)_damaging,0.034043876868885124
4,ABCA6 (23460)_damaging,0.03608104410637406
4,ABCA10 (10349)_damaging,0.041106848646339546
4,ABCA5 (23461)_damaging,0.03485699412921291
4,SOX9 (6662)_damaging,0.014817169835073741
4,SDK2 (54549)_damaging,0.004963992301209114
4,TMEM94 (9772)_damaging,0.008801714903025839
4,CASKIN2 (57513)_damaging,0.0244311999777679
4,MYO15B (80022)_damaging,0.010195215098861178
4,ITGB4 (3691)_damaging,0.04049101770177532
4,EVPL (2125)_damaging,0.010448527163116254
4,TNRC6C (57690)_damaging,0.031015499522474208
4,TMC8 (147138)_damaging,0.017490899636115873
4,DNAH17 (8632)_damaging,0.013147666048618585
4,RPTOR (57521)_damaging,0.01545924438884605
4,BAHCC1 (57597)_damaging,0.005077899189955365
4,FASN (2194)_damaging,0.03048480680573059
4,NARF (26502)_damaging,0.03686833647318816
4,SMCHD1 (23347)_damaging,0.03879773445943527
4,EPB41L3 (23136)_damaging,0.019467699045424357
4,LAMA1 (284217)_damaging,0.0348020699389633
4,PTPRM (5797)_damaging,0.02308548893392123
4,MTCL1 (23255)_damaging,0.0008452455763334562
4,ANKRD12 (23253)_damaging,0.029416624872852452
4,PIEZO2 (63895)_damaging,0.00792098860864106
4,ANKRD30B (374860)_damaging,0.014782181567573119
4,ROCK1 (6093)_damaging,0.030484881126654286
4,LAMA3 (3909)_damaging,0.03040156848866859
4,OSBPL1A (114876)_damaging,0.04836651386224575
4,ZNF521 (25925)_damaging,0.01922091388257577
4,ASXL3 (80816)_damaging,0.018586382906193764
4,FHOD3 (80206)_damaging,0.07548069403928458
4,SETBP1 (26040)_damaging,0.10041598104274535
4,EPG5 (57724)_damaging,0.020236691244944184
4,LOXHD1 (125336)_damaging,0.02701788704787816
4,SKOR2 (652991)_damaging,0.02787857314066987
4,ZBTB7C (201501)_damaging,0.007100069606658625
4,MYO5B (4645)_damaging,0.002741656816270067
4,SMAD4 (4089)_damaging,0.08549267931845492
4,DCC (1630)_damaging,0.013556295787120766
4,ATP8B1 (5205)_damaging,0.08497936420608568
4,ALPK2 (115701)_damaging,0.04691466535648035
4,CDH7 (1005)_damaging,0.043814401328620266
4,DSEL (92126)_damaging,0.05018525912148935
4,RTTN (25914)_damaging,0.0005751641083927874
4,ZNF236 (7776)_damaging,0.018780727131929822
4,SALL3 (27164)_damaging,0.0325710411624706
4,ATP9B (374868)_damaging,0.026516221013946704
4,KCNG2 (26251)_damaging,0.029297812959591902
4,ABCA7 (10347)_damaging,0.01435271412776396
4,STK11 (6794)_damaging,0.04230793645545541
4,DAZAP1 (26528)_damaging,0.027988723061652003
4,TCF3 (6929)_damaging,0.0005261959189268292
4,REXO1 (57455)_damaging,0.0032791138244851747
4,AP3D1 (8943)_damaging,0.05586328989686149
4,DOT1L (84444)_damaging,0.011661622372423616
4,TJP3 (27134)_damaging,0.0236322708791395
4,ZBTB7A (51341)_damaging,0.0651995050470198
4,TICAM1 (148022)_damaging,0.001412819526261956
4,KDM4B (23030)_damaging,0.034642816650499286
4,PTPRS (5802)_damaging,0.06949838464291111
4,SAFB2 (9667)_damaging,0.004068030960705593
4,SAFB (6294)_damaging,0.017451116196570315
4,CAMSAP3 (57662)_damaging,0.042790354032181024
4,MAP2K7 (5609)_damaging,0.055829153605276564
4,FBN3 (84467)_damaging,0.009091273213302675
4,MUC16 (94025)_damaging,0.025443530130735907
4,COL5A3 (50509)_damaging,0.06427398266563801
4,DNMT1 (1786)_damaging,0.0709448903673967
4,KEAP1 (9817)_damaging,0.07923042989410431
4,DNM2 (1785)_damaging,0.0006406933565183803
4,SMARCA4 (6597)_damaging,0.0728895925635937
4,MAN2B1 (4125)_damaging,0.01022223536294517
4,MAST1 (22983)_damaging,0.0598474280068125
4,CACNA1A (773)_damaging,0.025158890127136437
4,NOTCH3 (4854)_damaging,0.0031446747060809434
4,WIZ (58525)_damaging,0.062189914251912656
4,AP1M1 (8907)_damaging,0.04744022721266989
4,CHERP (10523)_damaging,0.03170730883881695
4,CPAMD8 (27151)_damaging,0.02627969800366994
4,ZNF208 (7757)_damaging,0.008020600140097964
4,ZNF729 (100287226)_damaging,0.08876625911017162
4,ZNF91 (7644)_damaging,0.04904310384553523
4,ZNF536 (9745)_damaging,0.043254295686997395
4,TSHZ3 (57616)_damaging,0.006221086751966747
4,KMT2B (9757)_damaging,0.0003243069084158559
4,ARHGAP33 (115703)_damaging,0.009027977319027039
4,WDR87 (83889)_damaging,0.024047912924905848
4,SIPA1L3 (23094)_damaging,0.03745514421314697
4,RYR1 (6261)_damaging,0.029043121305392775
4,CAPN12 (147968)_damaging,7.514910504693257e-06
4,FCGBP (8857)_damaging,0.08711875497223401
4,PRX (57716)_damaging,0.03326988530896885
4,SPTBN4 (57731)_damaging,0.03546172523290865
4,AXL (558)_damaging,0.025013029907366494
4,HNRNPUL1 (11100)_damaging,0.03709762055352391
4,ARHGEF1 (9138)_damaging,0.06073773706680667
4,ERF (2077)_damaging,0.04174298686499572
4,CIC (23152)_damaging,0.014114305209872622
4,MEGF8 (1954)_damaging,0.024797783810842144
4,ARHGAP35 (2909)_damaging,0.018680112811649607
4,BICRA (29998)_damaging,0.014068236296926941
4,GRIN2D (2906)_damaging,0.02714096147390353
4,LMTK3 (114783)_damaging,0.01043402754389937
4,TRPM4 (54795)_damaging,0.015134378643600375
4,TEAD2 (8463)_damaging,0.035371139156544405
4,PRR12 (57479)_damaging,0.026467231017802205
4,SCAF1 (58506)_damaging,0.011932238616439368
4,POLD1 (5424)_damaging,0.029365265679414422
4,SHANK1 (50944)_damaging,0.006545031633870019
4,ZNF331 (55422)_damaging,0.023898795711734706
4,NLRP7 (199713)_damaging,0.026423886181796762
4,BRSK1 (84446)_damaging,0.002583120080573556
4,SSC5D (284297)_damaging,0.034937466715337956
4,NLRP9 (338321)_damaging,0.03539187480142052
4,NLRP4 (147945)_damaging,0.01797265900775322
4,PEG3 (5178)_damaging,0.00839994579575824
4,ZIM3 (114026)_damaging,0.005265132556921681
4,PXDN (7837)_damaging,0.022902276142285145
4,MYT1L (23040)_damaging,0.005134251855495064
4,GREB1 (9687)_damaging,0.021915242884183214
4,NBAS (51594)_damaging,0.08111249359826377
4,RAD51AP2 (729475)_damaging,0.03763236773658358
4,APOB (338)_damaging,0.012376061443951123
4,TDRD15 (100129278)_damaging,0.0022636441036847288
4,ATAD2B (54454)_damaging,0.025310889139316284
4,ITSN2 (50618)_damaging,0.015080672074920053
4,DNMT3A (1788)_damaging,0.012073951772443057
4,ASXL2 (55252)_damaging,0.028976996124179435
4,OTOF (9381)_damaging,0.02072845008094138
4,CAD (790)_damaging,0.06131648222339225
4,IFT172 (26160)_damaging,0.013392150132970317
4,SPATA31H1 (84226)_damaging,0.03240542352960857
4,ALK (238)_damaging,0.032047787067306814
4,BIRC6 (57448)_damaging,0.010539912222315583
4,LTBP1 (4052)_damaging,0.01908756127155784
4,HEATR5B (54497)_damaging,0.023703210821447978
4,ZFP36L2 (678)_damaging,0.05876681688552767
4,THADA (63892)_damaging,0.01669974703368718
4,MSH2 (4436)_damaging,0.010481701074604758
4,MSH6 (2956)_damaging,0.006846197163850026
4,LHCGR (3973)_damaging,0.05723582752819913
4,NRXN1 (9378)_damaging,0.015156206958968164
4,EML6 (400954)_damaging,0.06992122951559221
4,MTIF2 (4528)_damaging,0.033266605562816486
4,CCDC88A (55704)_damaging,0.014303250661722092
4,USP34 (9736)_damaging,0.02279309202622653
4,C2orf42 (54980)_damaging,0.01839962618269959
4,ZNF638 (27332)_damaging,0.03402831486221051
4,DYSF (8291)_damaging,0.10369716018062487
4,ALMS1 (7840)_damaging,0.04819913503335629
4,LOXL3 (84695)_damaging,0.022886432673031646
4,CTNNA2 (1496)_damaging,0.10281009486051422
4,DNAH6 (1768)_damaging,0.05760860877224057
4,ANKRD36 (375248)_damaging,0.051517776698578904
4,TMEM131 (23505)_damaging,0.011464365904237436
4,CRACDL (343990)_damaging,0.027512877822586646
4,EIF5B (9669)_damaging,0.030249047521739205
4,MAP4K4 (9448)_damaging,0.02116599150865619
4,DPP10 (57628)_damaging,0.017537979994251073
4,MARCO (8685)_damaging,0.04871588243587701
4,EPB41L5 (57669)_damaging,0.05684601304188397
4,CNTNAP5 (129684)_damaging,0.05023949530522907
4,ARHGEF4 (50649)_damaging,0.027959561452152653
4,NCKAP5 (344148)_damaging,0.0247685547167116
4,THSD7B (80731)_damaging,0.06545912204556592
4,LRP1B (53353)_damaging,0.0980529867205669
4,ZEB2 (9839)_damaging,0.024788515850151124
4,ACVR2A (92)_damaging,0.011771014898903854
4,ORC4 (5000)_damaging,0.00999740206637658
4,KIF5C (3800)_damaging,0.018549601047194633
4,RIF1 (55183)_damaging,0.01337436916919147
4,NEB (4703)_damaging,0.021712956735290306
4,GALNT13 (114805)_damaging,0.06789027796253777
4,BAZ2B (29994)_damaging,0.008817278463050618
4,LY75 (4065)_damaging,0.00291064051573513
4,PLA2R1 (22925)_damaging,0.012523444414240126
4,SLC4A10 (57282)_damaging,0.04655782413190736
4,KCNH7 (90134)_damaging,0.008718099096324077
4,FIGN (55137)_damaging,0.03265120821037478
4,SCN3A (6328)_damaging,0.01561328317547628
4,SCN2A (6326)_damaging,0.0804700192531578
4,TTC21B (79809)_damaging,0.03167789732957032
4,SCN1A (6323)_damaging,0.016339376111755843
4,SCN9A (6335)_damaging,0.011011288191197111
4,SCN7A (6332)_damaging,0.06612302706562125
4,XIRP2 (129446)_damaging,0.054593340502004394
4,LRP2 (4036)_damaging,0.0012176046182276246
4,PPIG (9360)_damaging,0.07421855521399424
4,TTN (7273)_damaging,0.08250424063009888
4,CCDC141 (285025)_damaging,0.0005494008798877447
4,FSIP2 (401024)_damaging,0.04803386493069887
4,COL3A1 (1281)_damaging,0.008753270988290545
4,COL5A2 (1290)_damaging,0.05139320077505671
4,ANKAR (150709)_damaging,0.0071154395883326746
4,DNAH7 (56171)_damaging,0.020294917774713376
4,HECW2 (57520)_damaging,0.03601486809119997
4,PLCL1 (5334)_damaging,0.015839448450499456
4,SGO2 (151246)_damaging,0.010169076817281499
4,CASP8 (841)_damaging,0.006391451804566243
4,BMPR2 (659)_damaging,0.010867261025149542
4,NBEAL1 (65065)_damaging,0.03054115947821275
4,PARD3B (117583)_damaging,0.0733574579313636
4,NRP2 (8828)_damaging,0.024225805164011956
4,INO80D (54891)_damaging,0.027824716745314025
4,ZDBF2 (57683)_damaging,0.05139339060050333
4,ADAM23 (8745)_damaging,0.019028009346118202
4,PTH2R (5746)_damaging,0.04384454290227178
4,MAP2 (4133)_damaging,0.012798840888392097
4,UNC80 (285175)_damaging,0.07497702697673078
4,CPS1 (1373)_damaging,0.049470582328908434
4,ERBB4 (2066)_damaging,0.04815864577877001
4,ABCA12 (26154)_damaging,0.02542286383235361
4,FN1 (2335)_damaging,0.009441327573098924
4,TNS1 (7145)_damaging,0.03462563700733914
4,CFAP65 (255101)_damaging,0.014413043570176023
4,SLC23A3 (151295)_damaging,0.04874259193354788
4,PTPRN (5798)_damaging,0.009614917303940162
4,SPEG (10290)_damaging,0.024886481801508396
4,SLC4A3 (6508)_damaging,0.026737478805690405
4,DOCK10 (55619)_damaging,0.003438436875313625
4,IRS1 (3667)_damaging,0.007025479912442422
4,COL4A4 (1286)_damaging,0.05659809502786171
4,SPHKAP (80309)_damaging,0.0365738752869859
4,TRIP12 (9320)_damaging,0.04313253704144231
4,MROH2A (339766)_damaging,0.001454525808223156
4,COL6A3 (1293)_damaging,0.08426326541338229
4,RBM44 (375316)_damaging,0.005793733570127388
4,HDAC4 (9759)_damaging,0.0009702352268795634
4,KIF1A (547)_damaging,0.021438054565319158
4,CROCC2 (728763)_damaging,0.0008041256653226625
4,TGM6 (343641)_damaging,0.07839399078448996
4,FASTKD5 (60493)_damaging,0.10526050127821675
4,PLCB4 (5332)_damaging,0.012706155565989415
4,ESF1 (51575)_damaging,0.04752391869863772
4,RRBP1 (6238)_damaging,0.004942739202625257
4,CD93 (22918)_damaging,0.04324037910005325
4,ASXL1 (171023)_damaging,0.06174583745194585
4,NCOA6 (23054)_damaging,0.02038867448506026
4,MYH7B (57644)_damaging,0.016044386046329434
4,CEP250 (11190)_damaging,0.045237018358102433
4,SAMHD1 (25939)_damaging,0.006797497466186623
4,RALGAPB (57148)_damaging,0.029119682285606616
4,CHD6 (84181)_damaging,0.0024408200434462507
4,PTPRT (11122)_damaging,0.09688263034805934
4,NCOA3 (8202)_damaging,0.04290686035486859
4,DDX27 (55661)_damaging,0.04126933940950353
4,KCNB1 (3745)_damaging,0.003801787177114524
4,ADNP (23394)_damaging,0.024664928991845282
4,SALL4 (57167)_damaging,0.006364110553667921
4,GNAS (2778)_damaging,0.0013700975634824003
4,ZNF831 (128611)_damaging,0.016108527558904125
4,SYCP2 (10388)_damaging,0.028917846767728628
4,TAF4 (6874)_damaging,0.045018274256117013
4,LAMA5 (3911)_damaging,0.02382576540625753
4,DIDO1 (11083)_damaging,0.09924299904529352
4,COL20A1 (57642)_damaging,0.03359890292446223
4,HELZ2 (85441)_damaging,0.07133691545841325
4,TPTE (7179)_damaging,0.004658267394937719
4,NRIP1 (8204)_damaging,0.04893888622271581
4,LTN1 (26046)_damaging,0.004257711234629655
4,USP16 (10600)_damaging,0.0003311718587042699
4,SCAF4 (57466)_damaging,0.03549527362351208
4,ITSN1 (6453)_damaging,0.011529553311888261
4,RUNX1 (861)_damaging,0.0014344912010264125
4,DOP1B (9980)_damaging,0.05884334080241121
4,BRWD1 (54014)_damaging,0.006040785551418313
4,DSCAM (1826)_damaging,0.019506966623620295
4,ZBTB21 (49854)_damaging,0.000993045268415967
4,UMODL1 (89766)_damaging,0.012129028245380537
4,NDUFV3 (4731)_damaging,0.024184286400534966
4,COL18A1 (80781)_damaging,0.042490333612803306
4,COL6A1 (1291)_damaging,0.05274696149900752
4,PCNT (5116)_damaging,0.02384988698114071
4,CECR2 (27443)_damaging,0.013280632901864296
4,ZDHHC8 (29801)_damaging,0.0044569679128784985
4,MED15 (51586)_damaging,0.009382381343465692
4,PI4KA (5297)_damaging,0.08606499537117623
4,LZTR1 (8216)_damaging,0.01725266908511561
4,SMARCB1 (6598)_damaging,0.030897677388770566
4,MYO18B (84700)_damaging,0.0336842775788735
4,MN1 (4330)_damaging,0.008474843618113818
4,CHEK2 (11200)_damaging,0.025636473774842558
4,NF2 (4771)_damaging,0.15192571145676623
4,MTMR3 (8897)_damaging,0.03457202921877959
4,DEPDC5 (9681)_damaging,0.034660453520633364
4,MYH9 (4627)_damaging,0.015488658794475071
4,CSF2RB (1439)_damaging,0.00024913198822936204
4,TRIOBP (11078)_damaging,0.03911690187516515
4,CACNA1I (8911)_damaging,0.057255195678256314
4,TNRC6B (23112)_damaging,0.060240008944601506
4,EP300 (2033)_damaging,0.02177052436291479
4,ZC3H7B (23264)_damaging,0.0087307862618618
4,MEI1 (150365)_damaging,0.00804910466099095
4,TCF20 (6942)_damaging,0.002705942753302954
4,SMC1B (27127)_damaging,0.05217361035336493
4,PKDREJ (10343)_damaging,0.03889787103888484
4,ZBED4 (9889)_damaging,0.0118890360543251
4,PLXNB2 (23654)_damaging,0.001963204102160074
4,PPP6R2 (9701)_damaging,0.0022356871735869648
4,SBF1 (6305)_damaging,0.017097908185063966
4,KLHDC7B (113730)_damaging,0.057635645146327824
4,CHL1 (10752)_damaging,0.046227630536342844
4,CNTN6 (27255)_damaging,0.03020433736198016
4,CNTN4 (152330)_damaging,0.011157119863913462
4,GRM7 (2917)_damaging,0.01442973728071302
4,VHL (7428)_damaging,0.033793078029494404
4,KCNH8 (131096)_damaging,0.02202836259575962
4,TGFBR2 (7048)_damaging,0.08165207770929828
4,CLASP2 (23122)_damaging,0.01186306304018795
4,TRANK1 (9881)_damaging,0.03111570662642014
4,MLH1 (4292)_damaging,0.0048257547814775596
4,GOLGA4 (2803)_damaging,0.0295334148791035
4,SCN10A (6336)_damaging,0.004873397544001989
4,SCN11A (11280)_damaging,0.035204774529062864
4,NKTR (4820)_damaging,0.02992341986978633
4,TOPAZ1 (375337)_damaging,0.0061726391523700165
4,SETD2 (29072)_damaging,0.02754909160012611
4,PTPN23 (25930)_damaging,0.028923542588125115
4,PLXNB1 (5364)_damaging,0.018233856508189716
4,COL7A1 (1294)_damaging,0.09232921072264319
4,CELSR3 (1951)_damaging,0.0145001305840034
4,RHOA (387)_damaging,0.02159037173286868
4,BSN (8927)_damaging,0.03219604134843483
4,RBM6 (10180)_damaging,0.010077599800707786
4,DOCK3 (1795)_damaging,0.0068057826879557035
4,DNAH1 (25981)_damaging,0.026733216249493496
4,BAP1 (8314)_damaging,0.07756713112511547
4,STAB1 (23166)_damaging,0.018401263535250064
4,PBRM1 (55193)_damaging,0.03643431029661544
4,CACNA1D (776)_damaging,0.03751205759347752
4,DNAH12 (201625)_damaging,0.008147358729098128
4,FLNB (2317)_damaging,0.032253838548853275
4,ATXN7 (6314)_damaging,0.023154991585696966
4,ADAMTS9 (56999)_damaging,0.019571801431596886
4,ROBO2 (6092)_damaging,0.08815978750390446
4,ROBO1 (6091)_damaging,0.021568191082614433
4,EPHA3 (2042)_damaging,0.04612236894339783
4,CRYBG3 (131544)_damaging,0.027953485789208955
4,ABI3BP (25890)_damaging,0.007816274623109128
4,MYH15 (22989)_damaging,0.05342726820898131
4,DZIP3 (9666)_damaging,0.014107606522888947
4,MORC1 (27136)_damaging,0.004731619432124085
4,ZBTB20 (26137)_damaging,0.02175488882685636
4,POLQ (10721)_damaging,0.03573862920040187
4,GOLGB1 (2804)_damaging,0.015466103859619655
4,KALRN (8997)_damaging,0.10179759227717856
4,COL6A5 (256076)_damaging,0.01796269178837543
4,TOPBP1 (11073)_damaging,0.03359627001002564
4,RASA2 (5922)_damaging,0.01648991447365624
4,XRN1 (54464)_damaging,0.03800640274957626
4,ATR (545)_damaging,0.02301341499565287
4,HPS3 (84343)_damaging,0.024321739485048493
4,MED12L (116931)_damaging,0.05201576452184665
4,IGSF10 (285313)_damaging,0.016748095289671323
4,ARHGEF26 (26084)_damaging,0.02097873983601228
4,MME (4311)_damaging,0.0031005819673813103
4,SMC4 (10051)_damaging,0.03738771730541621
4,SI (6476)_damaging,0.031239703960388738
4,MECOM (2122)_damaging,0.05492023711218716
4,TNIK (23043)_damaging,0.015480120653549475
4,USP13 (8975)_damaging,0.02053429937511482
4,FXR1 (8087)_damaging,0.04284324477326095
4,VWA5B2 (90113)_damaging,0.014759379397619125
4,MUC4 (4585)_damaging,0.05743926059663641
4,TNK2 (10188)_damaging,0.03858019759017663
4,NSD2 (7468)_damaging,0.05637095440826137
4,FAM193A (8603)_damaging,0.005817911111329531
4,HTT (3064)_damaging,0.0011513955157289976
4,JAKMIP1 (152789)_damaging,0.035200156177811796
4,BOD1L1 (259282)_damaging,0.04328109977843961
4,CPEB2 (132864)_damaging,0.02530004422601141
4,SLIT2 (9353)_damaging,0.006090445865432169
4,LIMCH1 (22998)_damaging,0.028777999629670575
4,ATP8A1 (10396)_damaging,0.012534584102936926
4,CORIN (10699)_damaging,0.0008212851776201602
4,FRYL (285527)_damaging,0.024890319510191713
4,KDR (3791)_damaging,0.013366191648296888
4,CRACD (57482)_damaging,0.09867980467467283
4,POLR2B (5431)_damaging,0.03645236348221247
4,ADGRL3 (23284)_damaging,0.03537739209670345
4,EPHA5 (2044)_damaging,0.04652687755401317
4,CENPC (1060)_damaging,0.05761484469169149
4,UGT2B28 (54490)_damaging,0.03608984138746885
4,SHROOM3 (57619)_damaging,0.026829694145023775
4,FRAS1 (80144)_damaging,0.03458463684066511
4,WDFY3 (23001)_damaging,0.09454868876743226
4,PTPN13 (5783)_damaging,0.0022031927752235686
4,AFF1 (4299)_damaging,0.021133938622965535
4,MMRN1 (22915)_damaging,0.03547242801071615
4,GRID2 (2895)_damaging,0.02710085771578605
4,SMARCAD1 (56916)_damaging,0.07711639837895735
4,UNC5C (8633)_damaging,0.002028287494492085
4,CENPE (1062)_damaging,0.014695821958213215
4,TET2 (54790)_damaging,0.050047445628953864
4,COL25A1 (84570)_damaging,0.0048081918199802095
4,EGF (1950)_damaging,0.017798934228006064
4,ANK2 (287)_damaging,0.026759317606863536
4,NDST4 (64579)_damaging,0.027199042355536246
4,BLTP1 (84162)_damaging,0.019721936336534338
4,FAT4 (79633)_damaging,0.057945686056335176
4,PCDH10 (57575)_damaging,0.018893467891391603
4,NAA15 (80155)_damaging,0.012848508006218408
4,LRBA (987)_damaging,0.0737777403998869
4,FBXW7 (55294)_damaging,0.017838148561917712
4,FHDC1 (85462)_damaging,0.004864864161535619
4,DCHS2 (54798)_damaging,0.020473311600938734
4,MAP9 (79884)_damaging,0.06308954873287864
4,GRIA2 (2891)_damaging,0.03566104871450148
4,RXFP1 (59350)_damaging,0.08304964365225305
4,RAPGEF2 (9693)_damaging,0.007206146242759436
4,FSTL5 (56884)_damaging,0.006827937418032375
4,HAND2 (9464)_damaging,0.02885956163985106
4,WDR17 (116966)_damaging,0.03428510138918124
4,TENM3 (55714)_damaging,0.04647423479547649
4,WWC2 (80014)_damaging,0.07939399419518894
4,SORBS2 (8470)_damaging,0.02677591285878003
4,FAT1 (2195)_damaging,0.08409213933605597
4,SDHA (6389)_damaging,0.03445847102971893
4,SLC12A7 (10723)_damaging,0.009760533542195459
4,ADAMTS16 (170690)_damaging,0.030121930424929638
4,ICE1 (23379)_damaging,0.019863512170669662
4,CTNND2 (1501)_damaging,0.01820572610824197
4,DNAH5 (1767)_damaging,0.09656283247592032
4,TRIO (7204)_damaging,0.04423332757318399
4,MYO10 (4651)_damaging,0.009642626758522782
4,CDH18 (1016)_damaging,0.04597772511704182
4,CDH12 (1010)_damaging,0.030370869069794335
4,PRDM9 (56979)_damaging,0.028183833317172117
4,CDH10 (1008)_damaging,0.016264990255464434
4,CDH6 (1004)_damaging,0.00480402082779843
4,PDZD2 (23037)_damaging,0.01342538752842922
4,ADAMTS12 (81792)_damaging,0.06281975347322448
4,SPEF2 (79925)_damaging,0.04936760025427664
4,NIPBL (25836)_damaging,0.026314911380767442
4,CPLANE1 (65250)_damaging,0.06375316300975964
4,C7 (730)_damaging,0.06488737975264429
4,MROH2B (133558)_damaging,0.03562705907049899
4,C6 (729)_damaging,0.04450580935640565
4,HCN1 (348980)_damaging,0.009134987871552236
4,PIK3R1 (5295)_damaging,0.021729298637326082
4,RAD17 (5884)_damaging,0.03851714480770837
4,BDP1 (55814)_damaging,0.0030973678159504758
4,MAP1B (4131)_damaging,0.021009529987284864
4,ARHGEF28 (64283)_damaging,0.10172870052628034
4,ANKRD31 (256006)_damaging,0.032145746126717153
4,AP3B1 (8546)_damaging,0.008209823944267848
4,CMYA5 (202333)_damaging,0.05353102023731835
4,MSH3 (4437)_damaging,0.08084455332650524
4,VCAN (1462)_damaging,0.0171980259428089
4,RASA1 (5921)_damaging,0.0359304006594377
4,ADGRV1 (84059)_damaging,0.04949921671826503
4,MCTP1 (79772)_damaging,0.00667970459618321
4,SKIC3 (9652)_damaging,0.00670281624459535
4,ARSK (153642)_damaging,0.002216338806954315
4,CHD1 (1105)_damaging,0.003943014456249036
4,SLCO6A1 (133482)_damaging,0.018534527093744334
4,APC (324)_damaging,0.09251870170229665
4,DMXL1 (1657)_damaging,0.0438978733657918
4,ZNF608 (57507)_damaging,0.022743717718151802
4,FBN2 (2201)_damaging,0.0530495023509852
4,ADAMTS19 (171019)_damaging,0.011305916602814249
4,CHSY3 (337876)_damaging,0.011482521288555418
4,RAPGEF6 (51735)_damaging,0.022365486220331427
4,FNIP1 (96459)_damaging,0.03415587824609948
4,RAD50 (10111)_damaging,0.08969088549841234
4,AFF4 (27125)_damaging,0.02213097366235577
4,CDKL3 (51265)_damaging,0.04109191781492923
4,PITX1 (5307)_damaging,0.05600368688273194
4,LINC02900 (340073)_damaging,0.018822834938256407
4,CTNNA1 (1495)_damaging,0.05795374008178657
4,WDR55 (54853)_damaging,0.032385264133124
4,PCDHB4 (56131)_damaging,0.0688051273666673
4,ARAP3 (64411)_damaging,0.01983122594984321
4,NR3C1 (2908)_damaging,0.06933662771342937
4,TCERG1 (10915)_damaging,0.03517708389851349
4,FAT2 (2196)_damaging,0.06313790450625897
4,GRIA1 (2890)_damaging,0.0016243632691323741
4,LARP1 (23367)_damaging,0.03887186706587882
4,GEMIN5 (25929)_damaging,0.005521351030981426
4,SLIT3 (6586)_damaging,0.031954481281294064
4,DOCK2 (1794)_damaging,0.01913258670505144
4,NSD1 (64324)_damaging,0.09647807888894526
4,ADAMTS2 (9509)_damaging,0.04699613306727738
4,FLT4 (2324)_damaging,0.07140851005909828
4,DSP (1832)_damaging,0.08194620323297676
4,HIVEP1 (3096)_damaging,0.01841363866283935
4,JARID2 (3720)_damaging,0.028350014844218348
4,ATXN1 (6310)_damaging,0.024449033441806017
4,HLA-A (3105)_damaging,0.04731586161445272
4,MDC1 (9656)_damaging,0.03371785541485703
4,VARS2 (57176)_damaging,0.039643509308018784
4,HLA-C (3107)_damaging,0.04656535347857837
4,HLA-B (3106)_damaging,0.03656158766452018
4,PRRC2A (7916)_damaging,0.032769519729272945
4,BAG6 (7917)_damaging,0.07622136806458599
4,TNXB (7148)_damaging,0.019017571825815083
4,NOTCH4 (4855)_damaging,0.020086412653469644
4,COL11A2 (1302)_damaging,0.016770254733754188
4,ITPR3 (3710)_damaging,0.009569163543286173
4,DNAH8 (1769)_damaging,0.0488243334745035
4,CCND3 (896)_damaging,0.10313247699357397
4,PTK7 (5754)_damaging,0.052700804314050526
4,CUL9 (23113)_damaging,0.04688515271916907
4,ZNF318 (24149)_damaging,0.022608052828371205
4,TDRD6 (221400)_damaging,0.028786742740402858
4,PKHD1 (5314)_damaging,0.009069692902294056
4,DST (667)_damaging,0.008012656273789907
4,PHF3 (23469)_damaging,0.013705229178957064
4,EYS (346007)_damaging,0.015892749295505913
4,ADGRB3 (577)_damaging,0.03613915017699147
4,COL19A1 (1310)_damaging,0.03607779182306112
4,COL9A1 (1297)_damaging,0.10556014143027741
4,RIMS1 (22999)_damaging,0.027584360615829424
4,CD109 (135228)_damaging,0.04108716264179501
4,COL12A1 (1303)_damaging,0.0023960723731238907
4,TTK (7272)_damaging,0.01845801246268806
4,CEP162 (22832)_damaging,0.00015938764088658418
4,ZNF292 (23036)_damaging,0.02138725214351064
4,MDN1 (23195)_damaging,0.04753136655235645
4,CASP8AP2 (9994)_damaging,0.037104995414754004
4,EPHA7 (2045)_damaging,0.04966051960826275
4,MMS22L (253714)_damaging,0.019341526409839802
4,PNISR (25957)_damaging,0.013670640642145076
4,ASCC3 (10973)_damaging,0.01180256177901046
4,SOBP (55084)_damaging,0.008227664739547608
4,AK9 (221264)_damaging,0.012280185725794193
4,REV3L (5980)_damaging,0.0259254438532607
4,GPRC6A (222545)_damaging,0.021015321612483234
4,ROS1 (6098)_damaging,0.05156742463139228
4,TBC1D32 (221322)_damaging,0.05979608728298508
4,TRDN (10345)_damaging,0.05612258936617272
4,MTCL3 (387104)_damaging,0.057300056470020753
4,LAMA2 (3908)_damaging,0.0023992999545583205
4,AKAP7 (9465)_damaging,0.0013746459925964706
4,MED23 (9439)_damaging,0.06246210908698506
4,TNFAIP3 (7128)_damaging,0.08375718128461072
4,ARFGEF3 (57221)_damaging,0.02965575954868868
4,ECT2L (345930)_damaging,0.02444274736758553
4,HIVEP2 (3097)_damaging,0.04644056175136975
4,UTRN (7402)_damaging,0.010923470708415208
4,SHPRH (257218)_damaging,0.021906604663115607
4,GRM1 (2911)_damaging,0.004910012864335848
4,ADGB (79747)_damaging,0.009268266015850827
4,SYNE1 (23345)_damaging,0.0828631796862912
4,SCAF8 (22828)_damaging,0.009087243738796972
4,ARID1B (57492)_damaging,0.04879292261880057
4,FNDC1 (84624)_damaging,0.00019542373868571325
4,IGF2R (3482)_damaging,0.0484068108267144
4,LPA (4018)_damaging,0.008044028180716497
4,QKI (9444)_damaging,0.050554018005915045
4,AFDN (4301)_damaging,0.02808979262175155
4,CARD11 (84433)_damaging,0.005249486177308216
4,SDK1 (221935)_damaging,0.0017401358391493928
4,TNRC18 (84629)_damaging,0.006880081188478654
4,PMS2 (5395)_damaging,0.06634275436642538
4,COL28A1 (340267)_damaging,0.008835812734224274
4,THSD7A (221981)_damaging,0.0272795312979167
4,VWDE (221806)_damaging,0.017217284944077177
4,AHR (196)_damaging,0.03537378784001014
4,ABCB5 (340273)_damaging,0.04165561697211087
4,DNAH11 (8701)_damaging,0.06869263899257289
4,STK31 (56164)_damaging,0.07153008160779337
4,CDK13 (8621)_damaging,0.018782287832920002
4,GLI3 (2737)_damaging,0.062491513118039084
4,HECW1 (23072)_damaging,0.025504542409919836
4,AEBP1 (165)_damaging,0.06821549928347456
4,PKD1L1 (168507)_damaging,0.04507669720962394
4,ABCA13 (154664)_damaging,0.08306428768743536
4,DDC (1644)_damaging,0.0164701083223051
4,ZNF722 (100419780)_damaging,0.02717228015813882
4,ZNF735 (730291)_damaging,0.019025617528232893
4,AUTS2 (26053)_damaging,0.01256210605398865
4,PTPN12 (5782)_damaging,0.03892560663773609
4,MAGI2 (9863)_damaging,0.017546301539954536
4,CD36 (948)_damaging,0.010048806882097475
4,PCLO (27445)_damaging,0.02619643386063742
4,SEMA3E (9723)_damaging,0.04933813115261107
4,ABCB4 (5244)_damaging,0.024171907746219252
4,ABCB1 (5243)_damaging,0.027201303276061507
4,ADAM22 (53616)_damaging,0.0346301346538142
4,ZNF804B (219578)_damaging,0.048402310767824405
4,AKAP9 (10142)_damaging,0.028439025066567095
4,ANKIB1 (54467)_damaging,0.010097991783025154
4,SAMD9 (54809)_damaging,0.042406775542955966
4,SAMD9L (219285)_damaging,0.01854328871447379
4,CALCR (799)_damaging,0.01149500539165612
4,COL1A2 (1278)_damaging,0.006557022570570552
4,TRRAP (8295)_damaging,0.005233759313583158
4,GIGYF1 (64599)_damaging,0.01658037242476739
4,ZAN (7455)_damaging,0.0645381541230077
4,MUC12 (10071)_damaging,0.08148937934091745
4,MUC17 (140453)_damaging,0.07965455027939167
4,PLOD3 (8985)_damaging,0.03952213361265539
4,CUX1 (1523)_damaging,0.030759183328682303
4,FBXL13 (222235)_damaging,0.035987464381267556
4,SLC26A5 (375611)_damaging,0.06289052850811398
4,RELN (5649)_damaging,0.02254761573634539
4,KMT2E (55904)_damaging,0.017138790779690258
4,PIK3CG (5294)_damaging,0.008220675878105767
4,SLC26A3 (1811)_damaging,0.04683873403017174
4,LAMB4 (22798)_damaging,0.04157558851636044
4,DOCK4 (9732)_damaging,0.02237723614031438
4,PPP1R3A (5506)_damaging,0.011890588336998588
4,CFTR (1080)_damaging,0.064087584163224
4,CTTNBP2 (83992)_damaging,0.010595352817977799
4,WNT16 (51384)_damaging,0.007629334143677954
4,PTPRZ1 (5803)_damaging,0.06201229861868958
4,CADPS2 (93664)_damaging,0.020716697659023182
4,GRM8 (2918)_damaging,0.023977721311370673
4,FLNC (2318)_damaging,0.013390087649086982
4,KCP (375616)_damaging,0.050765039145526734
4,PLXNA4 (91584)_damaging,0.015381085705126996
4,NUP205 (23165)_damaging,0.0011828131826524813
4,TRIM24 (8805)_damaging,0.04308922025128103
4,KIAA1549 (57670)_damaging,0.02391240517873586
4,MGAM (8972)_damaging,0.0016452501210351138
4,MGAM2 (93432)_damaging,0.010686791692296672
4,EPHB6 (2051)_damaging,0.06432019009587485
4,KEL (3792)_damaging,0.003954616276220926
4,NOBOX (135935)_damaging,0.03649559515280861
4,CNTNAP2 (26047)_damaging,0.05386018463203218
4,KCNH2 (3757)_damaging,0.03276168833072869
4,NOS3 (4846)_damaging,0.04054471175829396
4,ATG9B (285973)_damaging,0.022467243576344054
4,KMT2C (58508)_damaging,0.03133748342104653
4,DPP6 (1804)_damaging,0.08254300327867223
4,PTPRN2 (5799)_damaging,0.042259329120962974
4,CSMD1 (64478)_damaging,0.0672256670182012
4,RP1L1 (94137)_damaging,0.046398603089102396
4,TRMT9B (57604)_damaging,0.049727439078137356
4,DLC1 (10395)_damaging,0.0267075867461052
4,XPO7 (23039)_damaging,0.007391185911298479
4,DOCK5 (80005)_damaging,0.03223922107550743
4,NUGGC (389643)_damaging,0.05595512083799715
4,TEX15 (56154)_damaging,0.014959018617612126
4,WRN (7486)_damaging,0.01665447501082272
4,UNC5D (137970)_damaging,0.05613407932698793
4,ADGRA2 (25960)_damaging,0.007413252794976983
4,NSD3 (54904)_damaging,0.016574632219173685
4,ADAM18 (8749)_damaging,0.04688686053107271
4,ANK1 (286)_damaging,0.018787163561751013
4,PRKDC (5591)_damaging,0.021799340334233926
4,PXDNL (137902)_damaging,0.08077423810695838
4,ST18 (9705)_damaging,0.06895368666343259
4,RB1CC1 (9821)_damaging,0.04784484094825361
4,RP1 (6101)_damaging,0.05039852457479034
4,CHD7 (55636)_damaging,0.004923939637926859
4,ARFGEF1 (10565)_damaging,0.06761786710223086
4,PREX2 (80243)_damaging,0.0019541018491659188
4,SULF1 (23213)_damaging,0.051501200899628424
4,TRPA1 (8989)_damaging,0.028949986853032957
4,KCNB2 (9312)_damaging,0.013848935998287628
4,ZFHX4 (79776)_damaging,0.02318774472264015
4,WWP1 (11059)_damaging,0.048525354642790536
4,ESRP1 (54845)_damaging,0.06944652518617966
4,VPS13B (157680)_damaging,0.032562398958283396
4,RGS22 (26166)_damaging,0.07101997693262001
4,UBR5 (51366)_damaging,0.009739012892130144
4,RIMS2 (9699)_damaging,0.04354192062909128
4,ZFPM2 (23414)_damaging,0.004865420977081359
4,PKHD1L1 (93035)_damaging,0.031168099356186224
4,CSMD3 (114788)_damaging,0.03636206075696759
4,TRPS1 (7227)_damaging,0.031810642963949996
4,COL14A1 (7373)_damaging,0.06417599280579726
4,FER1L6 (654463)_damaging,0.01898216950098279
4,ASAP1 (50807)_damaging,0.07111184973805584
4,ADCY8 (114)_damaging,0.012299166784024752
4,EFR3A (23167)_damaging,0.05839577921293432
4,OC90 (729330)_damaging,0.006478594093097101
4,KCNQ3 (3786)_damaging,0.01429621787385017
4,PHF20L1 (51105)_damaging,0.05440282131058497
4,TG (7038)_damaging,0.02313049219152131
4,COL22A1 (169044)_damaging,0.04023486648937824
4,ADGRB1 (575)_damaging,0.010138255078916076
4,PLEC (5339)_damaging,0.03092784941730485
4,CPSF1 (29894)_damaging,0.035214983424915546
4,DOCK8 (81704)_damaging,0.03828858319240422
4,SMARCA2 (6595)_damaging,0.07500987144169548
4,ERMP1 (79956)_damaging,0.062374813633696534
4,BRD10 (158358)_damaging,0.009510787049127351
4,PTPRD (5789)_damaging,0.011438098850297918
4,MPDZ (8777)_damaging,0.010563448878597356
4,FREM1 (158326)_damaging,0.06183658727437035
4,CCDC171 (203238)_damaging,0.05950845762629076
4,CNTLN (54875)_damaging,0.02669167495713756
4,DENND4C (55667)_damaging,0.045487471021601084
4,CDKN2A (1029)_damaging,0.05483042512126833
4,TAF1L (138474)_damaging,0.06120830758643796
4,SPATA31G1 (138724)_damaging,0.003616747142865545
4,FANCG (2189)_damaging,0.0451822223503885
4,PIGO (84720)_damaging,0.030304187299423156
4,UNC13B (10497)_damaging,0.022709386318044287
4,RUSC2 (9853)_damaging,0.004477513728740711
4,SPAG8 (26206)_damaging,0.09108049289965689
4,TJP2 (9414)_damaging,0.02685106520933457
4,TMC1 (117531)_damaging,0.05251541560482565
4,TRPM6 (140803)_damaging,0.029797890709631087
4,PCSK5 (5125)_damaging,0.040647920850071
4,PRUNE2 (158471)_damaging,0.030777694542908556
4,VPS13A (23230)_damaging,0.005819312471886446
4,KIF27 (55582)_damaging,0.06627396793932512
4,SLC28A3 (64078)_damaging,0.019089004481135104
4,NAA35 (60560)_damaging,0.04311763258048814
4,SECISBP2 (79048)_damaging,0.03776813460670426
4,ROR2 (4920)_damaging,0.03486931023761309
4,NOL8 (55035)_damaging,0.027012183543072985
4,WNK2 (65268)_damaging,0.015295008504849229
4,PHF2 (5253)_damaging,0.01130431566166701
4,PTCH1 (5727)_damaging,0.003673280558249481
4,COL15A1 (1306)_damaging,0.07143545448870037
4,TEX10 (54881)_damaging,0.05128826400955444
4,SMC2 (10592)_damaging,0.026551346765914727
4,ABCA1 (19)_damaging,0.004488290378921959
4,ELP1 (8518)_damaging,0.008820550022392692
4,TMEM245 (23731)_damaging,0.06479242408641117
4,PALM2AKAP2 (445815)_damaging,0.011838797090953656
4,SVEP1 (79987)_damaging,0.028653306761404446
4,FKBP15 (23307)_damaging,0.0642335574959746
4,COL27A1 (85301)_damaging,0.009711058170555287
4,PAPPA (5069)_damaging,0.01890324557244053
4,C5 (727)_damaging,0.012262822732597848
4,CNTRL (11064)_damaging,0.03896731017393244
4,DENND1A (57706)_damaging,0.050316108926416386
4,ADGRD2 (347088)_damaging,0.043278981804373486
4,GOLGA2 (2801)_damaging,0.0025227535770212615
4,SPTAN1 (6709)_damaging,0.039790456239412825
4,HMCN2 (256158)_damaging,0.010271901078976606
4,FUBP3 (8939)_damaging,0.0008992982729561994
4,LAMC3 (10319)_damaging,0.022598806461792537
4,NUP214 (8021)_damaging,0.03984993366238839
4,PRRC2B (84726)_damaging,0.001986413330375033
4,UCK1 (83549)_damaging,0.014376774232703794
4,SETX (23064)_damaging,0.020217107847481965
4,TSC1 (7248)_damaging,0.024467313864199564
4,ADAMTSL2 (9719)_damaging,0.014898087325222584
4,BRD3 (8019)_damaging,0.024969206701680464
4,COL5A1 (1289)_damaging,0.018417986820400526
4,CCDC187 (399693)_damaging,0.01089521946780634
4,SEC16A (9919)_damaging,0.02776774647606672
4,NOTCH1 (4851)_damaging,0.02828894716980448
4,CACNA1B (774)_damaging,0.026571151734789123
4,MXRA5 (25878)_damaging,0.00045981073265979666
4,WWC3 (55841)_damaging,0.0013899707011490767
4,NHS (4810)_damaging,0.039417445524504026
4,MAP3K15 (389840)_damaging,0.009492899986547612
4,DMD (1756)_damaging,0.04661894569168818
4,CFAP47 (286464)_damaging,0.08228816110908742
4,RPGR (6103)_damaging,0.02046088571707783
4,BCOR (54880)_damaging,0.07471877284367318
4,USP9X (8239)_damaging,0.04069257584016207
4,DDX3X (1654)_damaging,0.03371444353944167
4,KDM6A (7403)_damaging,0.00878669230745022
4,RBM10 (8241)_damaging,0.0028407023577852993
4,TFE3 (7030)_damaging,0.013915138725882613
4,CACNA1F (778)_damaging,0.0018698836360410399
4,CCNB3 (85417)_damaging,0.0027008595309487606
4,KDM5C (8242)_damaging,0.05320961335856693
4,IQSEC2 (23096)_damaging,0.01185466023845641
4,HUWE1 (10075)_damaging,0.020573682912809334
4,AMER1 (139285)_damaging,0.030600884507568853
4,ZC3H12B (340554)_damaging,0.0315708921365434
4,TEX11 (56159)_damaging,0.03159248615439064
4,MED12 (9968)_damaging,0.050338506595429516
4,ZMYM3 (9203)_damaging,0.03564654872642627
4,ATRX (546)_damaging,0.06846601303516005
4,BRWD3 (254065)_damaging,0.04631600883248089
4,ZNF711 (7552)_damaging,0.0028741107122424027
4,DIAPH2 (1730)_damaging,0.020814142482283197
4,PCDH19 (57526)_damaging,0.0009737428918133259
4,RAB40A (142684)_damaging,0.011276465568447344
4,NRK (203447)_damaging,0.00135062089660969
4,COL4A6 (1288)_damaging,0.06367840303069434
4,COL4A5 (1287)_damaging,0.018288300440726133
4,DOCK11 (139818)_damaging,0.003897579918732504
4,STAG2 (10735)_damaging,0.01746989752679376
4,TENM1 (10178)_damaging,0.03390306107474045
4,SMARCA1 (6594)_damaging,0.028253003388349244
4,BCORL1 (63035)_damaging,0.010793546502259483
4,USP26 (83844)_damaging,0.0074678565232478905
4,MAP7D3 (79649)_damaging,0.01977031352943041
4,ADGRG4 (139378)_damaging,0.019296732535444394
4,SPANXN4 (441525)_damaging,0.01626801078075565
4,SLITRK2 (84631)_damaging,0.044460287022888026
4,AFF2 (2334)_damaging,0.018166696272910066
4,CCNQ (92002)_damaging,0.0890255760171766
4,PLXNA3 (55558)_damaging,0.04520086496973879
4,F8 (2157)_damaging,0.05462627426163766
4,MT-ND4 (4538)_damaging,0.07001697365031583
4,MT-ND5 (4540)_damaging,0.05282073049331918
