fold,feature,importance
0,MTOR (2475)_hotspot,0.049090208906770134
0,NRAS (4893)_hotspot,0.09850359955936892
0,PTEN (5728)_hotspot,0.012453443550589683
0,HRAS (3265)_hotspot,0.04435521823288107
0,KRAS (3845)_hotspot,0.12097397700518754
0,RB1 (5925)_hotspot,0.07843341046569172
0,MAP2K1 (5604)_hotspot,0.09651678510775231
0,CREBBP (1387)_hotspot,0.025650840304892827
0,TP53 (7157)_hotspot,0.11329970797853192
0,NF1 (4763)_hotspot,0.014966057850444891
0,SMAD4 (4089)_hotspot,0.1050595633861195
0,STK11 (6794)_hotspot,0.010972538964823938
0,SMARCA4 (6597)_hotspot,0.02093309118921802
0,C2orf81 (388963)_hotspot,0.07945808402642757
0,NFE2L2 (4780)_hotspot,0.038209532755266395
0,VHL (7428)_hotspot,0.08535323898952664
0,CTNNB1 (1499)_hotspot,0.02265822088689161
0,RHOA (387)_hotspot,0.0678641380363514
0,PIK3CA (5290)_hotspot,0.014872579773963786
0,FBXW7 (55294)_hotspot,0.021540963748744427
0,TERT (7015)_hotspot,0.00420859146571226
0,PIK3R1 (5295)_hotspot,0.0354158470748534
0,APC (324)_hotspot,0.04134201614411273
0,RAC1 (5879)_hotspot,0.02743447246066475
0,EGFR (1956)_hotspot,0.028283584939761085
0,BRAF (673)_hotspot,0.0871051136164871
0,CDKN2A (1029)_hotspot,0.015695024690942118
0,DVL1 (1855)_damaging,0.029782125547276314
0,MXRA8 (54587)_damaging,0.030070203044953885
0,MEGF6 (1953)_damaging,0.020175252038808177
0,CHD5 (26038)_damaging,0.04952278902685275
0,RPL22 (6146)_damaging,0.05428370256939879
0,CAMTA1 (23261)_damaging,0.03804357340763237
0,ERRFI1 (54206)_damaging,0.03809174204207366
0,SLC45A1 (50651)_damaging,0.005971900755056936
0,RERE (473)_damaging,0.05667963397896067
0,VPS13D (55187)_damaging,0.031211644462983724
0,FHAD1 (114827)_damaging,0.04088183196249535
0,SPEN (23013)_damaging,0.009900460814427487
0,EPHA2 (1969)_damaging,0.040576445750559714
0,UBR4 (23352)_damaging,0.09592852583943509
0,EIF4G3 (8672)_damaging,0.06062913370477933
0,HSPG2 (3339)_damaging,0.002309781730192973
0,ID3 (3399)_damaging,0.12749022266762647
0,ELOA (6924)_damaging,0.02333229702130323
0,ARID1A (8289)_damaging,0.08948981733587592
0,WDTC1 (23038)_damaging,0.01375972627476387
0,PTPRU (10076)_damaging,0.019326176557370473
0,COL16A1 (1307)_damaging,0.01718751373175164
0,CSMD2 (114784)_damaging,0.036318454350648066
0,ZMYM1 (79830)_damaging,0.014581415509445767
0,ZMYM4 (9202)_damaging,0.013676560982432119
0,AGO1 (26523)_damaging,0.030793515198757435
0,MAP7D1 (55700)_damaging,0.023415439680970523
0,MACF1 (23499)_damaging,0.08235504200574811
0,TIE1 (7075)_damaging,0.03333557770125657
0,MPL (4352)_damaging,0.05212393518694226
0,SZT2 (23334)_damaging,0.007934494891270643
0,MUTYH (4595)_damaging,0.07836699995559607
0,MAST2 (23139)_damaging,0.02009533974489802
0,FAAH (2166)_damaging,0.051549381909164686
0,TAL1 (6886)_damaging,0.07861345908636072
0,FYB2 (199920)_damaging,0.001922888320014079
0,NFIA (4774)_damaging,0.018281730660580545
0,PATJ (10207)_damaging,0.00510714086285695
0,DOCK7 (85440)_damaging,0.023286382344662307
0,JAK1 (3716)_damaging,0.0087290993915396
0,LRRC7 (57554)_damaging,0.0032989398671029522
0,ERICH3 (127254)_damaging,0.04079957436512992
0,SLC44A5 (204962)_damaging,0.007973002674449461
0,ADGRL4 (64123)_damaging,0.08901626182727718
0,ADGRL2 (23266)_damaging,0.04044972723689414
0,COL24A1 (255631)_damaging,0.02474232939131229
0,HFM1 (164045)_damaging,0.027733410374761992
0,BTBD8 (284697)_damaging,0.04798822154357675
0,ABCA4 (24)_damaging,0.02862287525144888
0,ARHGAP29 (9411)_damaging,0.03127544512659346
0,DPYD (1806)_damaging,0.036643037921959255
0,COL11A1 (1301)_damaging,0.008276982556769324
0,EPS8L3 (79574)_damaging,1.0049598459678706e-05
0,CEPT1 (10390)_damaging,0.00770765322597398
0,SYCP1 (6847)_damaging,0.030533071773089865
0,SPAG17 (200162)_damaging,0.013825175506688514
0,NOTCH2 (4853)_damaging,0.023625993108597008
0,CHD1L (9557)_damaging,0.058508191594681146
0,BCL9 (607)_damaging,0.08374216844797502
0,ADAMTSL4 (54507)_damaging,0.008201718684158898
0,ZNF687 (57592)_damaging,0.019523096997491406
0,TCHH (7062)_damaging,0.00363407298842067
0,FLG (2312)_damaging,0.009169137712275852
0,CCDST (112268240)_damaging,0.011591066229327198
0,FLG2 (388698)_damaging,0.0510136761489028
0,UBAP2L (9898)_damaging,0.016726813115754566
0,SHC1 (6464)_damaging,0.007645609359475564
0,ASH1L (55870)_damaging,0.026720901424611164
0,GON4L (54856)_damaging,0.03185172386051827
0,IQGAP3 (128239)_damaging,0.00978287578244883
0,NES (10763)_damaging,0.01812467253326772
0,INSRR (3645)_damaging,0.005738212063356067
0,FCRL5 (83416)_damaging,0.023326916729708682
0,SPTA1 (6708)_damaging,0.07640599707246644
0,IGSF9 (57549)_damaging,0.04177252815162156
0,F5 (2153)_damaging,0.026363625323448225
0,TNR (7143)_damaging,0.012722749068766775
0,PAPPA2 (60676)_damaging,0.019761880591162125
0,ABL2 (27)_damaging,0.10323248527250646
0,AXDND1 (126859)_damaging,0.09685554103979048
0,TDRD5 (163589)_damaging,0.023928751882317266
0,CEP350 (9857)_damaging,0.02005550946343687
0,CACNA1E (777)_damaging,0.05542702752874693
0,RGL1 (23179)_damaging,0.04530384375530867
0,HMCN1 (83872)_damaging,0.0012545726210409051
0,TPR (7175)_damaging,0.057269379200350266
0,BRINP3 (339479)_damaging,0.010125099707358596
0,KCNT2 (343450)_damaging,0.019025614401585254
0,ASPM (259266)_damaging,0.05222942262029204
0,CRB1 (23418)_damaging,0.004023921184258887
0,PTPRC (5788)_damaging,0.10041464565911672
0,CAMSAP2 (23271)_damaging,0.05816254020543712
0,CACNA1S (779)_damaging,0.08288337993004596
0,IGFN1 (91156)_damaging,0.04391304982147531
0,NAV1 (89796)_damaging,0.027150323246735254
0,ELF3 (1999)_damaging,0.1082066703300437
0,KDM5B (10765)_damaging,0.030393109316979364
0,ATP2B4 (493)_damaging,0.0015587081849686342
0,PLEKHA6 (22874)_damaging,0.0023316923708691724
0,PIK3C2B (5287)_damaging,0.016939304165126665
0,NFASC (23114)_damaging,0.042496686628726396
0,CR2 (1380)_damaging,0.023362876807275064
0,CR1 (1378)_damaging,0.01762518273396344
0,PLXNA2 (5362)_damaging,0.03114090308311191
0,PROX1 (5629)_damaging,0.0425445196603427
0,PTPN14 (5784)_damaging,0.04181383452385488
0,CENPF (1063)_damaging,0.018503702130862134
0,USH2A (7399)_damaging,0.05412652619640617
0,EPRS1 (2058)_damaging,0.017743480824370723
0,DISP1 (84976)_damaging,0.029505526638905242
0,DNAH14 (127602)_damaging,0.03666872791928612
0,CDC42BPA (8476)_damaging,0.085218857772024
0,OBSCN (84033)_damaging,0.002323742461180834
0,H3-4 (8290)_damaging,0.008669094462252138
0,PCNX2 (80003)_damaging,0.023917633294255277
0,ARID4B (51742)_damaging,0.0023876222614574475
0,LYST (1130)_damaging,0.04474867908819721
0,RYR2 (6262)_damaging,0.011871268461068776
0,CHRM3 (1131)_damaging,0.02797763683321084
0,FMN2 (56776)_damaging,0.04509117320339959
0,RGS7 (6000)_damaging,0.07092904518723443
0,WDR64 (128025)_damaging,0.028108739384189937
0,SDCCAG8 (10806)_damaging,0.013939553171180855
0,KIF26B (55083)_damaging,0.009537790114024672
0,AHCTF1 (25909)_damaging,0.013286296494539634
0,NLRP3 (114548)_damaging,0.01280970868145275
0,LARP4B (23185)_damaging,0.009385916408429229
0,ITGA8 (8516)_damaging,0.0031017992865053088
0,CUBN (8029)_damaging,0.1192806688353414
0,MRC1 (4360)_damaging,0.0006168042181140728
0,MALRD1 (340895)_damaging,0.015197663158263796
0,ARMC3 (219681)_damaging,4.512428591846491e-05
0,KIAA1217 (56243)_damaging,0.002022223006923572
0,GPR158 (57512)_damaging,0.0379699747014887
0,ANKRD26 (22852)_damaging,0.02972916493911196
0,SVIL (6840)_damaging,0.0030732546556773866
0,JCAD (57608)_damaging,0.006553663032360415
0,ANKRD30A (91074)_damaging,0.03426485574278279
0,RSU1P2 (100133308)_damaging,0.0025973505779487644
0,WDFY4 (57705)_damaging,0.002185160452673476
0,C10orf71 (118461)_damaging,0.027866091419457964
0,PCDH15 (65217)_damaging,0.04883064310781755
0,ANK3 (288)_damaging,0.007856346732812613
0,ARID5B (84159)_damaging,0.06700719559883078
0,JMJD1C (221037)_damaging,0.02459968668636423
0,CTNNA3 (29119)_damaging,0.060783912341766125
0,MYPN (84665)_damaging,0.019281428340801886
0,CDH23 (64072)_damaging,0.036711870486830694
0,ZMIZ1 (57178)_damaging,0.04992394971000948
0,NRG3 (10718)_damaging,0.0868496125323906
0,PTEN (5728)_damaging,0.001537492557876501
0,STAMBPL1 (57559)_damaging,0.0019661571163975956
0,KIF20B (9585)_damaging,0.01622469518876305
0,BTAF1 (9044)_damaging,0.06119104625543368
0,MYOF (26509)_damaging,0.007119061939957767
0,PDE6C (5146)_damaging,0.03213522686088603
0,PLCE1 (51196)_damaging,0.030216145704232023
0,CC2D2B (387707)_damaging,0.052003276809842486
0,ZNF518A (9849)_damaging,0.0035625358717420812
0,LCOR (84458)_damaging,0.04436773395573618
0,SLIT1 (6585)_damaging,0.015201538579985296
0,PPRC1 (23082)_damaging,0.05281485581126867
0,PSD (5662)_damaging,0.0021855239781683054
0,CNNM2 (54805)_damaging,0.002974742987795762
0,PDCD11 (22984)_damaging,0.08112047413579392
0,SH3PXD2A (9644)_damaging,0.010877655335092561
0,SLK (9748)_damaging,0.005597532036550313
0,SORCS3 (22986)_damaging,0.040405335667507994
0,SORCS1 (114815)_damaging,0.04925153875817171
0,SMC3 (9126)_damaging,0.07404417043293851
0,TCF7L2 (6934)_damaging,0.043518762503416665
0,ATRNL1 (26033)_damaging,0.02392178357165355
0,TACC2 (10579)_damaging,0.06684029936065569
0,DMBT1 (1755)_damaging,0.06541173608201925
0,DOCK1 (1793)_damaging,0.019839859258667217
0,MKI67 (4288)_damaging,0.05794084259935353
0,JAKMIP3 (282973)_damaging,0.023891522715938973
0,CFAP46 (54777)_damaging,0.03398556857986918
0,B4GALNT4 (338707)_damaging,0.01745283004135333
0,PKP3 (11187)_damaging,0.022092229240928612
0,MUC5AC (4586)_damaging,0.036191479012458734
0,MUC5B (727897)_damaging,0.07083210878479336
0,BRSK2 (9024)_damaging,0.021149708339663884
0,KCNQ1 (3784)_damaging,0.04910768284497809
0,NUP98 (4928)_damaging,0.01606316476724766
0,OR51E2 (81285)_damaging,0.0016139773296704218
0,DNHD1 (144132)_damaging,0.046538568273921756
0,DCHS1 (8642)_damaging,0.00458808357632436
0,IPO7 (10527)_damaging,0.01031136848366954
0,SBF2 (81846)_damaging,0.02979048739586446
0,PLEKHA7 (144100)_damaging,0.04164351485285122
0,ABCC8 (6833)_damaging,0.01935071919159653
0,USH1C (10083)_damaging,0.01040213885522343
0,OTOG (340990)_damaging,0.005706384865322872
0,NAV2 (89797)_damaging,0.003752994794638714
0,DCDC1 (341019)_damaging,0.056948109251905646
0,CCDC73 (493860)_damaging,0.04012758021592417
0,QSER1 (79832)_damaging,0.009282866396702347
0,CSTF3 (1479)_damaging,0.009221480037328212
0,KIAA1549L (25758)_damaging,0.005518178260871985
0,LRP4 (4038)_damaging,0.02257082491928447
0,AGBL2 (79841)_damaging,0.020581691116767165
0,FOLH1 (2346)_damaging,0.004134124650248999
0,OR4A15 (81328)_damaging,0.004995823108667554
0,OR4P4 (81300)_damaging,0.014799898692267516
0,CTNND1 (1500)_damaging,0.02822944117495534
0,DTX4 (23220)_damaging,0.07590881026771557
0,MYRF (745)_damaging,0.0063103497252514976
0,AHNAK (79026)_damaging,0.005255709776972991
0,EML3 (256364)_damaging,0.024249979819460032
0,SLC3A2 (6520)_damaging,0.07439326026507523
0,PLCB3 (5331)_damaging,0.03867605639311567
0,NRXN2 (9379)_damaging,0.07334585106539833
0,MEN1 (4221)_damaging,0.05656238319155843
0,ATG2A (23130)_damaging,0.06661701365521355
0,PCNX3 (399909)_damaging,0.023780931643885575
0,RIN1 (9610)_damaging,0.04599108605119348
0,SHANK2 (22941)_damaging,0.002764673493246786
0,INPPL1 (3636)_damaging,0.02017452743852487
0,ARHGEF17 (9828)_damaging,0.02592261600528705
0,C2CD3 (26005)_damaging,0.02630887494208737
0,MYO7A (4647)_damaging,0.05521998159991338
0,RSF1 (51773)_damaging,0.039303660404580075
0,TENM4 (26011)_damaging,0.04665023101215957
0,PCF11 (51585)_damaging,0.026958188558144525
0,DLG2 (1740)_damaging,0.08495761263775001
0,SYTL2 (54843)_damaging,0.05509043167161031
0,FAT3 (120114)_damaging,0.026046917361799354
0,DEUP1 (159989)_damaging,0.03035354031224983
0,MRE11 (4361)_damaging,0.013596421696298853
0,CNTN5 (53942)_damaging,0.03352431442323721
0,CEP126 (57562)_damaging,0.059146461468234046
0,MMP3 (4314)_damaging,0.02449142274250179
0,MMP12 (4321)_damaging,0.015448294760484838
0,DYNC2H1 (79659)_damaging,0.006611604054054153
0,NPAT (4863)_damaging,0.030887644671832117
0,ATM (472)_damaging,0.08735147701060868
0,EXPH5 (23086)_damaging,0.024566527996418883
0,NKAPD1 (55216)_damaging,0.01243223341492603
0,NCAM1 (4684)_damaging,0.01588297238632635
0,USP28 (57646)_damaging,0.005636005203936656
0,DSCAML1 (57453)_damaging,0.023881999130041628
0,KMT2A (4297)_damaging,0.06128975222482625
0,BCL9L (283149)_damaging,0.06675107573005448
0,ARHGEF12 (23365)_damaging,0.07731485725231099
0,TECTA (7007)_damaging,0.03855464565426818
0,SORL1 (6653)_damaging,0.021750523626237882
0,ROBO3 (64221)_damaging,0.07800159610800196
0,CCDC15 (80071)_damaging,0.028336931251117522
0,IGSF9B (22997)_damaging,0.009339538093234867
0,GLB1L2 (89944)_damaging,0.04663843598833718
0,LINC02714 (729305)_damaging,0.0520883858129657
0,KDM5A (5927)_damaging,0.014736010305035333
0,WNK1 (65125)_damaging,0.02150495400928547
0,CACNA1C (775)_damaging,3.2785738685519286e-05
0,VWF (7450)_damaging,0.010057980453802282
0,PLEKHG6 (55200)_damaging,0.03991902939727884
0,CHD4 (1108)_damaging,0.04786017286272867
0,ATN1 (1822)_damaging,0.014826643587834691
0,A2ML1 (144568)_damaging,0.07068205009600005
0,A2M (2)_damaging,0.06701895975184682
0,ATF7IP (55729)_damaging,0.042838563332270874
0,EPS8 (2059)_damaging,0.04024787378069267
0,PDE3A (5139)_damaging,0.04116833165918173
0,SLCO1B3 (28234)_damaging,0.04069308606098612
0,RECQL (5965)_damaging,0.027271086359070246
0,ABCC9 (10060)_damaging,0.044749999232931326
0,C2CD5 (9847)_damaging,0.05687486308346773
0,ITPR2 (3709)_damaging,0.024198741013136977
0,KIF21A (55605)_damaging,0.026031695383323294
0,LRRK2 (120892)_damaging,0.002846082752992519
0,MUC19 (283463)_damaging,0.10682702028324242
0,CNTN1 (1272)_damaging,0.050605766784623085
0,PDZRN4 (29951)_damaging,0.03306694249746515
0,ADAMTS20 (80070)_damaging,0.014587430428567976
0,ANO6 (196527)_damaging,0.04907232352661629
0,ARID2 (196528)_damaging,0.016733047322847302
0,HDAC7 (51564)_damaging,0.006497384221656668
0,COL2A1 (1280)_damaging,0.002848069010283475
0,WNT1 (7471)_damaging,0.007804915016125033
0,KMT2D (8085)_damaging,0.031515304240016834
0,PRPF40B (25766)_damaging,0.030920620109140786
0,NCKAP5L (57701)_damaging,0.036539145860411265
0,ACVR1B (91)_damaging,0.04194618273084284
0,MAP3K12 (7786)_damaging,0.07518491641566706
0,PAN2 (9924)_damaging,0.01817900912530796
0,STAT2 (6773)_damaging,0.0013236896207313188
0,NACA (4666)_damaging,0.010375443969728303
0,MYO1A (4640)_damaging,0.04062806280639212
0,STAT6 (6778)_damaging,0.042170034511401104
0,LRP1 (4035)_damaging,0.03516634177231674
0,R3HDM2 (22864)_damaging,0.04674397033988981
0,GLI1 (2735)_damaging,0.0074950864093754985
0,MBD6 (114785)_damaging,0.01102659280450949
0,KIF5A (3798)_damaging,0.10050707490184965
0,XPOT (11260)_damaging,0.03967542136460987
0,PTPRB (5787)_damaging,0.08578979755762293
0,ZFC3H1 (196441)_damaging,0.04655675968472224
0,E2F7 (144455)_damaging,0.04254526791655143
0,NAV3 (89795)_damaging,0.00778403136300056
0,OTOGL (283310)_damaging,0.049912983140369294
0,PTPRQ (374462)_damaging,0.004399254468985878
0,PPFIA2 (8499)_damaging,0.05151528771483884
0,LRRIQ1 (84125)_damaging,0.024138022042570494
0,CEP290 (80184)_damaging,0.04524881393345787
0,EEA1 (8411)_damaging,0.0526440477469575
0,PLXNC1 (10154)_damaging,0.0107441529751556
0,CFAP54 (144535)_damaging,0.004123702317067226
0,ANKS1B (56899)_damaging,0.004986194082250932
0,BLTP3B (23074)_damaging,0.016666211486055207
0,UTP20 (27340)_damaging,0.015886632633138248
0,STAB2 (55576)_damaging,0.03665949816229854
0,ALDH1L2 (160428)_damaging,0.041557952865688925
0,ACACB (32)_damaging,0.06561828098995608
0,MVK (4598)_damaging,0.006261418955175963
0,CUX2 (23316)_damaging,0.004041017477873186
0,ATXN2 (6311)_damaging,0.010862650693016904
0,NAA25 (80018)_damaging,0.03650915158872448
0,HECTD4 (283450)_damaging,0.0018052939595085827
0,DTX1 (1840)_damaging,0.032244535507222234
0,CIT (11113)_damaging,0.028969110525968397
0,GCN1 (10985)_damaging,0.004235430774313835
0,HNF1A (6927)_damaging,0.05508423706509482
0,KDM2B (84678)_damaging,0.03567322305181287
0,SETD1B (23067)_damaging,0.01838639527645976
0,KNTC1 (9735)_damaging,0.06135614765899412
0,HIP1R (9026)_damaging,0.057225486093684934
0,SBNO1 (55206)_damaging,0.017818898478943697
0,DNAH10 (196385)_damaging,0.025210168609151224
0,NCOR2 (9612)_damaging,0.05386655336733766
0,TMEM132D (121256)_damaging,0.015603404733436186
0,RIMBP2 (23504)_damaging,0.08441282338527951
0,SFSWAP (6433)_damaging,0.030026877695657754
0,EP400 (57634)_damaging,0.012224690940812324
0,POLE (5426)_damaging,0.02317416169719879
0,ZMYM2 (7750)_damaging,0.06473359127751997
0,SACS (26278)_damaging,0.028029177456668608
0,RNF17 (56163)_damaging,0.05699221631564364
0,CENPJ (55835)_damaging,0.01101927754804559
0,ATP8A2 (51761)_damaging,0.013509006442352122
0,FRY (10129)_damaging,0.05288452742675853
0,BRCA2 (675)_damaging,0.009063034357702147
0,PDS5B (23047)_damaging,0.07547064201503298
0,NBEA (26960)_damaging,0.022634230169435523
0,FREM2 (341640)_damaging,0.038767016072199595
0,DGKH (160851)_damaging,0.04027564157591125
0,ZC3H13 (23091)_damaging,0.00573864140851941
0,RB1 (5925)_damaging,0.14656648905629574
0,PCDH17 (27253)_damaging,0.08007563120673099
0,KLHL1 (57626)_damaging,0.005976208955890641
0,DACH1 (1602)_damaging,0.019067997126444178
0,DIS3 (22894)_damaging,0.03399266221682385
0,MYCBP2 (23077)_damaging,0.002755078350213508
0,SLITRK1 (114798)_damaging,0.04531097357630181
0,SLITRK5 (26050)_damaging,0.035696941645964604
0,DOCK9 (23348)_damaging,0.009257323119629263
0,NALCN (259232)_damaging,0.02409880416360867
0,CCDC168 (643677)_damaging,0.01920389306201984
0,MYO16 (23026)_damaging,0.10551879607099672
0,IRS2 (8660)_damaging,0.02854931372409867
0,COL4A1 (1282)_damaging,0.010326515457590158
0,COL4A2 (1284)_damaging,0.07711122536937902
0,TEP1 (7011)_damaging,0.01222254205077779
0,CHD8 (57680)_damaging,0.05748042274996969
0,AJUBA (84962)_damaging,0.04417219460842789
0,ACIN1 (22985)_damaging,0.0051557155172670555
0,MYH7 (4625)_damaging,0.08090492938630399
0,CARMIL3 (90668)_damaging,0.04090769439236986
0,NYNRIN (57523)_damaging,0.08722305541832188
0,HECTD1 (25831)_damaging,0.05848324317062309
0,AKAP6 (9472)_damaging,0.040563342033456726
0,NPAS3 (64067)_damaging,0.06500552597790084
0,RALGAPA1 (253959)_damaging,0.015922327431917998
0,MIPOL1 (145282)_damaging,0.02299069045249119
0,TOGARAM1 (23116)_damaging,0.0043956388747867755
0,FANCM (57697)_damaging,0.09060028793119597
0,MDGA2 (161357)_damaging,0.017043242313963612
0,NIN (51199)_damaging,0.033491715653511264
0,NID2 (22795)_damaging,0.07772248130728024
0,KTN1 (3895)_damaging,0.00176709667456835
0,ARID4A (5926)_damaging,0.04483431222757444
0,HIF1A (3091)_damaging,0.06682702330261289
0,KCNH5 (27133)_damaging,0.026957411441355182
0,SYNE2 (23224)_damaging,0.06657219866163785
0,PCNX1 (22990)_damaging,0.08947908019684549
0,SIPA1L1 (26037)_damaging,0.03283404892555559
0,MIDEAS (91748)_damaging,0.0435581181351592
0,YLPM1 (56252)_damaging,0.017985030855478097
0,MLH3 (27030)_damaging,0.026609596550762844
0,NRXN3 (9369)_damaging,0.014439791578191486
0,CEP128 (145508)_damaging,0.048131778537667334
0,PTPN21 (11099)_damaging,0.012747984353600647
0,EML5 (161436)_damaging,0.02381310841441904
0,FOXN3 (1112)_damaging,0.008515961205572325
0,CCDC88C (440193)_damaging,0.02801831649445033
0,TRIP11 (9321)_damaging,0.046656032641374745
0,UNC79 (57578)_damaging,0.05012428243960935
0,ATG2B (55102)_damaging,0.017114092777356184
0,RTL1 (388015)_damaging,0.009651950231210304
0,DYNC1H1 (1778)_damaging,0.018726534437312453
0,CDC42BPB (9578)_damaging,0.022571813289926697
0,KIF26A (26153)_damaging,0.011326829524409948
0,INF2 (64423)_damaging,0.02902983711356191
0,CEP170B (283638)_damaging,0.08168028561314217
0,AHNAK2 (113146)_damaging,0.02133725008639129
0,MTA1 (9112)_damaging,0.03899169824371365
0,HERC2 (8924)_damaging,0.003686029316584657
0,ENTREP2 (23359)_damaging,0.04493072441121645
0,TRPM1 (4308)_damaging,0.0013185333241075784
0,FMN1 (342184)_damaging,0.03965242259094609
0,RYR3 (6263)_damaging,0.015451953970585549
0,INO80 (54617)_damaging,0.003281180441696381
0,TYRO3 (7301)_damaging,0.040153611509507456
0,MGA (23269)_damaging,0.07100205306853498
0,SPTBN5 (51332)_damaging,0.003262209686969602
0,ZNF106 (64397)_damaging,0.034341808837358725
0,STARD9 (57519)_damaging,0.006083400453785694
0,UBR1 (197131)_damaging,0.01773157143206415
0,TP53BP1 (7158)_damaging,0.0385508900218931
0,MAP1A (4130)_damaging,0.028132170688917893
0,SPG11 (80208)_damaging,0.025679748451384994
0,B2M (567)_damaging,0.00704134217481262
0,DUOX2 (50506)_damaging,0.013473378060172786
0,SLC12A1 (6557)_damaging,0.017160114106109552
0,FBN1 (2200)_damaging,0.021619197320973615
0,AP4E1 (23431)_damaging,0.04323812056549187
0,DMXL2 (23312)_damaging,0.024728884736458775
0,MYO5C (55930)_damaging,0.010975001063729147
0,WDR72 (256764)_damaging,0.011259444975964475
0,UNC13C (440279)_damaging,0.08019685462655331
0,RFX7 (64864)_damaging,0.05126074934281059
0,ICE2 (79664)_damaging,0.009825837157166626
0,VPS13C (54832)_damaging,0.042597139035561074
0,TLN2 (83660)_damaging,0.040902097038518125
0,HERC1 (8925)_damaging,0.02642113908527848
0,ZNF609 (23060)_damaging,0.027432613137287717
0,CILP (8483)_damaging,0.012512917833292874
0,NOX5 (79400)_damaging,0.029018273159569792
0,MYO9A (4649)_damaging,0.04379586408142432
0,HCN4 (10021)_damaging,0.05469926482059651
0,ARID3B (10620)_damaging,0.004272111571664735
0,SIN3A (25942)_damaging,0.07076289068216697
0,PEAK1 (79834)_damaging,0.04311445009089177
0,ADAMTSL3 (57188)_damaging,0.03268748194023165
0,AKAP13 (11214)_damaging,0.04513373254984761
0,AGBL1 (123624)_damaging,0.04063500835476271
0,TICRR (90381)_damaging,0.03509100157833363
0,KIF7 (374654)_damaging,0.051939299755676765
0,IQGAP1 (8826)_damaging,0.0320180911571092
0,BLM (641)_damaging,0.014250847924021709
0,FES (2242)_damaging,0.08355820869068824
0,CHD2 (1106)_damaging,0.03210979509413807
0,LRRK1 (79705)_damaging,1.7816127543650083e-05
0,AXIN1 (8312)_damaging,0.016741551188714027
0,WDR90 (197335)_damaging,0.022758219910483105
0,CACNA1H (8912)_damaging,0.00454568133320514
0,UNKL (64718)_damaging,0.013760283382428426
0,CRAMP1 (57585)_damaging,0.03529081130673925
0,TSC2 (7249)_damaging,0.021054099852905867
0,PKD1 (5310)_damaging,0.06744400837945946
0,CASKIN1 (57524)_damaging,0.017722810423370067
0,CREBBP (1387)_damaging,0.10759290528653774
0,USP7 (7874)_damaging,0.04019002471708451
0,GRIN2A (2903)_damaging,0.038728918358422564
0,CIITA (4261)_damaging,0.03384898849448091
0,SMG1 (23049)_damaging,0.03031460282428444
0,KNOP1 (400506)_damaging,0.04377998787067097
0,DNAH3 (55567)_damaging,0.02812578067292668
0,SCNN1B (6338)_damaging,0.06197641930808028
0,PALB2 (79728)_damaging,0.01770419195104689
0,ERN2 (10595)_damaging,0.007228816475865463
0,TNRC6A (27327)_damaging,0.005228867490772843
0,ARHGAP17 (55114)_damaging,0.05448385350836132
0,GTF3C1 (2975)_damaging,0.08414624186647972
0,ATXN2L (11273)_damaging,0.021680060503718127
0,SH2B1 (25970)_damaging,0.019651703211069255
0,ITGAL (3683)_damaging,0.045540655486242886
0,SRCAP (10847)_damaging,0.04440743555084014
0,SETD1A (9739)_damaging,0.025701305959571333
0,CHD9 (80205)_damaging,0.024246702165043234
0,RBL2 (5934)_damaging,0.012691224633516759
0,NLRC5 (84166)_damaging,0.058753587918568495
0,CNGB1 (1258)_damaging,0.006922021643194512
0,CNOT1 (23019)_damaging,0.04159576611390526
0,CDH8 (1006)_damaging,0.0019246961222786638
0,CDH11 (1009)_damaging,0.013886754227798915
0,CTCF (10664)_damaging,0.07836123643680858
0,CDH1 (999)_damaging,0.03240465721932262
0,MTSS2 (92154)_damaging,0.03968094659035124
0,DHX38 (9785)_damaging,0.05419149531058601
0,ZFHX3 (463)_damaging,0.06855947522288715
0,CNTNAP4 (85445)_damaging,0.0626046957726995
0,PKD1L2 (114780)_damaging,0.004395799220816458
0,TAF1C (9013)_damaging,0.04147991793404988
0,GSE1 (23199)_damaging,0.039807111539838895
0,ZNF469 (84627)_damaging,0.015442567923336436
0,ZC3H18 (124245)_damaging,0.043320201653131475
0,LINC02138 (400558)_damaging,0.04845991182520084
0,CDH15 (1013)_damaging,0.005733320774427173
0,ANKRD11 (29123)_damaging,0.030728701177384053
0,VPS9D1 (9605)_damaging,0.04104478765664083
0,WDR81 (124997)_damaging,0.004408632753325938
0,SPATA22 (84690)_damaging,0.019993169088512296
0,ZZEF1 (23140)_damaging,0.017218106606896266
0,USP6 (9098)_damaging,0.011116737733897562
0,FXR2 (9513)_damaging,0.055367949587205326
0,TP53 (7157)_damaging,0.36104435312385624
0,EFNB3 (1949)_damaging,0.03300866140733858
0,DNAH2 (146754)_damaging,0.09085803625311044
0,KDM6B (23135)_damaging,0.07691964159057806
0,CHD3 (1107)_damaging,0.003895677482347494
0,PER1 (5187)_damaging,0.02962102050715459
0,PFAS (5198)_damaging,0.02746550679549942
0,MYH13 (8735)_damaging,0.054098447948407624
0,MYH8 (4626)_damaging,0.006186893529746772
0,MYH4 (4622)_damaging,0.024768029418931147
0,MYH1 (4619)_damaging,0.00911360831065731
0,MYH2 (4620)_damaging,0.008847883078446035
0,DNAH9 (1770)_damaging,0.061970287324857556
0,MYOCD (93649)_damaging,0.0035652069685441555
0,NCOR1 (9611)_damaging,0.05779550188543832
0,MPRIP (23164)_damaging,0.015278282977901235
0,FLCN (201163)_damaging,0.017197535117365673
0,MYO15A (51168)_damaging,0.056549742767216866
0,TOP3A (7156)_damaging,0.015263853549138815
0,SPECC1 (92521)_damaging,0.021392891150667746
0,KSR1 (8844)_damaging,0.0027779222295539014
0,EFCAB5 (374786)_damaging,0.015298939680725328
0,CPD (1362)_damaging,0.005012348906260228
0,ATAD5 (79915)_damaging,0.04294398211602354
0,NF1 (4763)_damaging,0.018423393402036397
0,SLFN5 (162394)_damaging,0.011293583992780317
0,SLFN11 (91607)_damaging,0.015915809288287727
0,ACACA (31)_damaging,0.04256861768804652
0,GPR179 (440435)_damaging,0.001390878436161873
0,SRCIN1 (80725)_damaging,0.0250438181607656
0,TOP2A (7153)_damaging,0.05363705746625477
0,KCNH4 (23415)_damaging,0.03162094643171727
0,STAT5B (6777)_damaging,0.008054981158819759
0,BRCA1 (672)_damaging,0.07480876773224993
0,HDAC5 (10014)_damaging,0.018321334545055145
0,ITGA2B (3674)_damaging,0.034656007028378163
0,GPATCH8 (23131)_damaging,0.028407380529705595
0,KANSL1 (284058)_damaging,0.06471222045893463
0,COL1A1 (1277)_damaging,0.02882199270009304
0,CACNA1G (8913)_damaging,0.023767293386617514
0,ANKFN1 (162282)_damaging,0.031744547860646705
0,TSPOAP1 (9256)_damaging,0.04060790320409517
0,RNF43 (54894)_damaging,0.014660383463517888
0,PPM1D (8493)_damaging,0.06535855652866225
0,TBX4 (9496)_damaging,0.03797077910873892
0,MED13 (9969)_damaging,0.05872370017761477
0,MRC2 (9902)_damaging,0.004831811405172038
0,SCN4A (6329)_damaging,0.022650120714598737
0,TEX2 (55852)_damaging,0.08515541804367419
0,GNA13 (10672)_damaging,0.02235746955462683
0,HELZ (9931)_damaging,0.0711063880586277
0,NOL11 (25926)_damaging,0.023282305855206843
0,BPTF (2186)_damaging,0.05494815785160523
0,ABCA8 (10351)_damaging,0.0077914643508331
0,ABCA9 (10350)_damaging,0.014152390841711947
0,ABCA6 (23460)_damaging,0.006353056551116546
0,ABCA10 (10349)_damaging,0.009160754021613163
0,ABCA5 (23461)_damaging,0.010570492700592179
0,SDK2 (54549)_damaging,0.038648021871196786
0,TMEM94 (9772)_damaging,0.005303598225649317
0,CASKIN2 (57513)_damaging,0.01667390347227687
0,MYO15B (80022)_damaging,0.05778276914971333
0,ITGB4 (3691)_damaging,0.01648170476840878
0,EVPL (2125)_damaging,0.007309568064137891
0,RHBDF2 (79651)_damaging,0.0158050627403168
0,TNRC6C (57690)_damaging,0.014681032734293933
0,DNAH17 (8632)_damaging,0.030731427736628788
0,RPTOR (57521)_damaging,0.03626831530360831
0,BAHCC1 (57597)_damaging,0.008154088417357335
0,FASN (2194)_damaging,0.0330020669655885
0,SMCHD1 (23347)_damaging,0.012939547272163539
0,EPB41L3 (23136)_damaging,0.021666650588126526
0,LAMA1 (284217)_damaging,0.010975479303052291
0,PTPRM (5797)_damaging,0.051832616472399694
0,MTCL1 (23255)_damaging,0.03466173270022716
0,ANKRD12 (23253)_damaging,0.001918415924327121
0,PIEZO2 (63895)_damaging,0.009773470320410921
0,ANKRD30B (374860)_damaging,0.02348319730080945
0,ROCK1 (6093)_damaging,0.04006508147714366
0,LAMA3 (3909)_damaging,0.05581633268339798
0,OSBPL1A (114876)_damaging,0.0011075149254729806
0,CCDC178 (374864)_damaging,0.010172078284648459
0,ASXL3 (80816)_damaging,0.03573476098276904
0,FHOD3 (80206)_damaging,0.004080888086711358
0,SETBP1 (26040)_damaging,0.03924337106687515
0,LOXHD1 (125336)_damaging,0.08729483139169165
0,SKOR2 (652991)_damaging,0.0015137545994975353
0,ZBTB7C (201501)_damaging,0.012721310945654124
0,MYO5B (4645)_damaging,0.0007949677631943565
0,SMAD4 (4089)_damaging,0.08746533891103553
0,DCC (1630)_damaging,0.08217403347318238
0,ALPK2 (115701)_damaging,0.02621633799261701
0,CDH7 (1005)_damaging,0.07014154771485082
0,DSEL (92126)_damaging,0.03741311484233756
0,RTTN (25914)_damaging,0.021610621227719482
0,CBLN2 (147381)_damaging,0.01130591240417675
0,ZNF236 (7776)_damaging,0.02153264048750827
0,SALL3 (27164)_damaging,0.045336432443796794
0,ATP9B (374868)_damaging,0.010735450390717294
0,KCNG2 (26251)_damaging,0.025797117695441563
0,ABCA7 (10347)_damaging,0.0603644325182684
0,STK11 (6794)_damaging,0.0425630959061223
0,DAZAP1 (26528)_damaging,0.004877395568664764
0,TCF3 (6929)_damaging,0.0172136764823566
0,REXO1 (57455)_damaging,0.00950521939110217
0,AP3D1 (8943)_damaging,0.051353359181773806
0,DOT1L (84444)_damaging,0.024450695270653237
0,ZBTB7A (51341)_damaging,0.06207482228274937
0,TICAM1 (148022)_damaging,0.017765171139007288
0,KDM4B (23030)_damaging,0.03576644372375159
0,PTPRS (5802)_damaging,0.08859076501883105
0,SAFB2 (9667)_damaging,0.030454913293972128
0,SAFB (6294)_damaging,0.024634478964610806
0,CAMSAP3 (57662)_damaging,0.011592666203715242
0,MAP2K7 (5609)_damaging,0.026441113226944184
0,FBN3 (84467)_damaging,0.03324020744731746
0,MUC16 (94025)_damaging,0.018870708496610624
0,COL5A3 (50509)_damaging,0.06203251447521205
0,DNMT1 (1786)_damaging,0.0010568427835488813
0,TYK2 (7297)_damaging,0.024819664771291515
0,KEAP1 (9817)_damaging,0.07785423668051283
0,SMARCA4 (6597)_damaging,0.021717857393941095
0,MAN2B1 (4125)_damaging,0.04304275867721858
0,MAST1 (22983)_damaging,0.06920665669528857
0,CACNA1A (773)_damaging,0.08664855204179776
0,NOTCH3 (4854)_damaging,0.05821734792165394
0,BRD4 (23476)_damaging,0.005856933207131639
0,WIZ (58525)_damaging,0.001051240399033568
0,SIN3B (23309)_damaging,0.007491771871096512
0,CPAMD8 (27151)_damaging,0.06925878529059984
0,ZNF729 (100287226)_damaging,0.023442373410211142
0,ZNF536 (9745)_damaging,0.06100794811543554
0,TSHZ3 (57616)_damaging,0.06303934682909805
0,KMT2B (9757)_damaging,0.017681270732200566
0,WDR87 (83889)_damaging,0.019039747552406668
0,SIPA1L3 (23094)_damaging,0.03484142206927698
0,RYR1 (6261)_damaging,0.0031575165410710915
0,CAPN12 (147968)_damaging,0.07597880871419672
0,FCGBP (8857)_damaging,0.019472360395888615
0,PRX (57716)_damaging,0.03865664728803429
0,AXL (558)_damaging,0.0037391825409453378
0,HNRNPUL1 (11100)_damaging,0.02826713104609765
0,ARHGEF1 (9138)_damaging,0.02892903801678528
0,ERF (2077)_damaging,0.026387100008460503
0,CIC (23152)_damaging,0.004867622671810644
0,MEGF8 (1954)_damaging,0.033216675371671237
0,MARK4 (57787)_damaging,0.01985764318125723
0,ARHGAP35 (2909)_damaging,0.0004923272425300019
0,ZC3H4 (23211)_damaging,0.028558321178185887
0,BICRA (29998)_damaging,0.02876416045083859
0,LMTK3 (114783)_damaging,0.03074412622554231
0,PRR12 (57479)_damaging,0.020617653199076394
0,SCAF1 (58506)_damaging,0.029059658434955584
0,POLD1 (5424)_damaging,0.014133886053836926
0,SHANK1 (50944)_damaging,0.001655094346904484
0,NLRP7 (199713)_damaging,0.062209509741581126
0,BRSK1 (84446)_damaging,0.033485224915772674
0,SSC5D (284297)_damaging,0.003922471780514746
0,NLRP9 (338321)_damaging,0.034092915509045564
0,NLRP4 (147945)_damaging,0.007851473309257848
0,PEG3 (5178)_damaging,0.0003068314867353611
0,ZIM3 (114026)_damaging,0.0037963294842271733
0,PXDN (7837)_damaging,0.02383624657639558
0,MYT1L (23040)_damaging,0.004590667005804026
0,ROCK2 (9475)_damaging,0.01642870509185745
0,GREB1 (9687)_damaging,0.009881821285582952
0,NBAS (51594)_damaging,0.02326263457313132
0,RAD51AP2 (729475)_damaging,0.004113898249324436
0,APOB (338)_damaging,0.03579012015778685
0,TDRD15 (100129278)_damaging,0.03331916764601937
0,ATAD2B (54454)_damaging,0.02210115677270828
0,ITSN2 (50618)_damaging,0.039243979844849876
0,DNMT3A (1788)_damaging,0.0019170726747531474
0,ASXL2 (55252)_damaging,0.048975403644291406
0,OTOF (9381)_damaging,0.021124867226666497
0,CAD (790)_damaging,0.03465557519437117
0,IFT172 (26160)_damaging,0.034272668822528204
0,SPATA31H1 (84226)_damaging,0.09299538283419079
0,ALK (238)_damaging,0.011167660176866928
0,BIRC6 (57448)_damaging,0.0230892101278928
0,LTBP1 (4052)_damaging,0.07910545098739612
0,HEATR5B (54497)_damaging,0.0065355004321984225
0,ZFP36L2 (678)_damaging,0.07986957097285642
0,THADA (63892)_damaging,0.014915440578738219
0,MSH2 (4436)_damaging,0.04680236617001585
0,MSH6 (2956)_damaging,0.008454363989193168
0,NRXN1 (9378)_damaging,0.06756138594781508
0,SPTBN1 (6711)_damaging,0.002071202415874548
0,EML6 (400954)_damaging,0.05405935795268204
0,CCDC88A (55704)_damaging,0.0730779363016361
0,BCL11A (53335)_damaging,0.01724000980580803
0,USP34 (9736)_damaging,0.03649763337800128
0,DYSF (8291)_damaging,0.04434990091255165
0,ALMS1 (7840)_damaging,0.04718293739826756
0,LOXL3 (84695)_damaging,0.01806055776741205
0,CTNNA2 (1496)_damaging,0.0914028134876564
0,DNAH6 (1768)_damaging,0.009049287107978162
0,PROM2 (150696)_damaging,0.016137360687837762
0,TMEM131 (23505)_damaging,0.01932819771353648
0,CRACDL (343990)_damaging,0.013698883291711834
0,EIF5B (9669)_damaging,0.04464489671659379
0,SLC5A7 (60482)_damaging,0.004604180654860973
0,DPP10 (57628)_damaging,0.05981270668347876
0,MARCO (8685)_damaging,0.00043673416876323053
0,EPB41L5 (57669)_damaging,0.02845458949948007
0,CNTNAP5 (129684)_damaging,5.129101216260943e-06
0,WDR33 (55339)_damaging,0.07977681211573234
0,SAP130 (79595)_damaging,0.026780995203608837
0,UGGT1 (56886)_damaging,0.0035350317739191936
0,ARHGEF4 (50649)_damaging,0.055197402071569146
0,NCKAP5 (344148)_damaging,0.05469611237358477
0,THSD7B (80731)_damaging,0.009101839774207
0,LRP1B (53353)_damaging,0.0027124627510154665
0,ACVR2A (92)_damaging,0.01872635502013212
0,ORC4 (5000)_damaging,0.029389768155046316
0,RIF1 (55183)_damaging,0.09109213942625881
0,NEB (4703)_damaging,0.03957670406063145
0,GALNT13 (114805)_damaging,0.010443355968261292
0,BAZ2B (29994)_damaging,0.03940420078711877
0,LY75 (4065)_damaging,0.07759696445614218
0,PLA2R1 (22925)_damaging,0.06681746678265942
0,SLC4A10 (57282)_damaging,0.06211550326711295
0,KCNH7 (90134)_damaging,0.008862917483754292
0,FIGN (55137)_damaging,0.021525724723390368
0,SCN3A (6328)_damaging,0.04559441424232288
0,SCN2A (6326)_damaging,0.02195945599348337
0,TTC21B (79809)_damaging,0.01993663351203174
0,SCN9A (6335)_damaging,0.015610039388993883
0,SCN7A (6332)_damaging,0.05053039872173621
0,XIRP2 (129446)_damaging,0.0843214938231109
0,LRP2 (4036)_damaging,0.0519012089329528
0,PPIG (9360)_damaging,0.026455564799469828
0,GPR155 (151556)_damaging,0.06684282005528475
0,TTN (7273)_damaging,0.06941462300574779
0,CCDC141 (285025)_damaging,0.009877082557252842
0,ITGA4 (3676)_damaging,0.013183920932439733
0,FSIP2 (401024)_damaging,0.011478155899221456
0,COL3A1 (1281)_damaging,0.04175448801291882
0,COL5A2 (1290)_damaging,0.017300475897907237
0,WDR75 (84128)_damaging,0.0028255424851895412
0,ANKAR (150709)_damaging,0.005569583515465722
0,DNAH7 (56171)_damaging,0.06728776405991352
0,HECW2 (57520)_damaging,0.03162649929643048
0,PLCL1 (5334)_damaging,0.057162881986075484
0,SGO2 (151246)_damaging,0.0029434424498429083
0,CASP8 (841)_damaging,0.018047965505814185
0,C2CD6 (151254)_damaging,0.013946827255260075
0,BMPR2 (659)_damaging,0.0345409675688966
0,NBEAL1 (65065)_damaging,0.04978401865246428
0,PARD3B (117583)_damaging,0.04278245405304954
0,NRP2 (8828)_damaging,0.02483487422966706
0,INO80D (54891)_damaging,0.03251018295630463
0,ZDBF2 (57683)_damaging,0.06210816992615376
0,MAP2 (4133)_damaging,0.003445085211531086
0,UNC80 (285175)_damaging,0.06372222637902092
0,KANSL1L (151050)_damaging,0.015285336678271064
0,CPS1 (1373)_damaging,0.020620613948392943
0,ERBB4 (2066)_damaging,0.003999041782025417
0,ABCA12 (26154)_damaging,0.0073934765285776465
0,FN1 (2335)_damaging,0.031478858337989656
0,TNS1 (7145)_damaging,0.0012791140962541041
0,CFAP65 (255101)_damaging,0.0033180502526397953
0,SPEG (10290)_damaging,0.036045722251199896
0,OBSL1 (23363)_damaging,0.018637887387058603
0,SLC4A3 (6508)_damaging,0.0007022691204353176
0,NYAP2 (57624)_damaging,0.07867770725561356
0,IRS1 (3667)_damaging,0.005526982243612518
0,COL4A4 (1286)_damaging,0.021607784052013024
0,SPHKAP (80309)_damaging,0.01193439661487243
0,TRIP12 (9320)_damaging,0.011578775235521404
0,MROH2A (339766)_damaging,0.05343060009501833
0,COL6A3 (1293)_damaging,0.030297991886932045
0,HDAC4 (9759)_damaging,0.03254257942588465
0,KIF1A (547)_damaging,0.04376194831779259
0,FASTKD5 (60493)_damaging,0.06946044890864679
0,SLC4A11 (83959)_damaging,0.023911067276902905
0,PLCB4 (5332)_damaging,0.010774558549107976
0,ESF1 (51575)_damaging,0.019358296807528454
0,RRBP1 (6238)_damaging,0.060394026830136324
0,CFAP61 (26074)_damaging,0.061137509194777194
0,RALGAPA2 (57186)_damaging,0.006551690242119895
0,ASXL1 (171023)_damaging,0.014551517543033863
0,NCOA6 (23054)_damaging,0.06952242826516018
0,MYH7B (57644)_damaging,0.01841413761778571
0,CEP250 (11190)_damaging,0.005701694300481257
0,SAMHD1 (25939)_damaging,0.03159047581316644
0,KIAA1755 (85449)_damaging,0.02956443716401532
0,RALGAPB (57148)_damaging,0.07506985713741719
0,CHD6 (84181)_damaging,0.05902938905525053
0,PTPRT (11122)_damaging,0.00681273347285914
0,NCOA3 (8202)_damaging,0.009630695468635767
0,DDX27 (55661)_damaging,0.004841174512429749
0,KCNB1 (3745)_damaging,0.008976699917901515
0,ADNP (23394)_damaging,0.03948229852246388
0,SALL4 (57167)_damaging,0.018668991147306642
0,ZNF831 (128611)_damaging,0.02383840793885724
0,SYCP2 (10388)_damaging,0.002439972203759182
0,LAMA5 (3911)_damaging,0.10597558641455092
0,DIDO1 (11083)_damaging,0.030662670237398396
0,COL20A1 (57642)_damaging,0.00042002299932116487
0,KCNQ2 (3785)_damaging,0.003474960945546668
0,HELZ2 (85441)_damaging,0.12371316967232196
0,TPTE (7179)_damaging,0.04148476121145654
0,NRIP1 (8204)_damaging,0.041300785413497215
0,LTN1 (26046)_damaging,0.0163692998734653
0,SCAF4 (57466)_damaging,0.06608341463684861
0,ITSN1 (6453)_damaging,0.008671347296790298
0,DOP1B (9980)_damaging,0.06437523586414953
0,BRWD1 (54014)_damaging,0.04095955457488136
0,DSCAM (1826)_damaging,0.01451906119722654
0,ZBTB21 (49854)_damaging,0.0440819415826706
0,NDUFV3 (4731)_damaging,0.029536750888486236
0,COL18A1 (80781)_damaging,0.05213203004468138
0,COL6A1 (1291)_damaging,0.05476078900645702
0,MCM3AP (8888)_damaging,0.008029386400740631
0,PCNT (5116)_damaging,0.05350354437007992
0,CECR2 (27443)_damaging,0.04353475501506402
0,ZDHHC8 (29801)_damaging,0.0055628007338211485
0,LZTR1 (8216)_damaging,0.05578098099740116
0,SMARCB1 (6598)_damaging,0.03077829246959179
0,MYO18B (84700)_damaging,0.07165039099952068
0,MN1 (4330)_damaging,0.0514277282570221
0,CHEK2 (11200)_damaging,0.0845187851761757
0,ZNRF3 (84133)_damaging,0.044208406065439305
0,NF2 (4771)_damaging,0.19818218039204666
0,MTMR3 (8897)_damaging,0.10461471293550023
0,DEPDC5 (9681)_damaging,0.011511443769289737
0,RTCB (51493)_damaging,0.028532544585133837
0,MYH9 (4627)_damaging,0.034575044461931964
0,CSF2RB (1439)_damaging,0.07237692267138117
0,TRIOBP (11078)_damaging,0.057530037648694556
0,CACNA1I (8911)_damaging,0.03193869632494027
0,TNRC6B (23112)_damaging,0.03318368874537613
0,EP300 (2033)_damaging,0.05453331684814588
0,ZC3H7B (23264)_damaging,0.006226894970191014
0,MEI1 (150365)_damaging,0.060109128075214256
0,TCF20 (6942)_damaging,0.054599490263961346
0,SMC1B (27127)_damaging,0.00726305460734082
0,PKDREJ (10343)_damaging,0.03350387778166258
0,CELSR1 (9620)_damaging,0.032752421067750816
0,PLXNB2 (23654)_damaging,0.050451241133834875
0,PPP6R2 (9701)_damaging,0.021442086188972642
0,SBF1 (6305)_damaging,0.012056923434167418
0,CNTN6 (27255)_damaging,0.03183811090608809
0,CNTN4 (152330)_damaging,0.0558965013413073
0,GRM7 (2917)_damaging,0.02800193285776189
0,SSUH2 (51066)_damaging,0.02624902264646813
0,VHL (7428)_damaging,0.024949323039477778
0,NUP210 (23225)_damaging,0.023269427481741347
0,TOP2B (7155)_damaging,0.03135652907395672
0,TGFBR2 (7048)_damaging,0.0052766537687405895
0,CLASP2 (23122)_damaging,0.006219991176178447
0,TRANK1 (9881)_damaging,0.08724491003717756
0,MLH1 (4292)_damaging,0.009215535959785186
0,GOLGA4 (2803)_damaging,0.029307439588396326
0,SCN11A (11280)_damaging,0.025904231936353637
0,TOPAZ1 (375337)_damaging,0.0009155997307784461
0,KIF15 (56992)_damaging,0.02083519201785256
0,SETD2 (29072)_damaging,0.03484988965916308
0,PTPN23 (25930)_damaging,0.07112262218865571
0,PLXNB1 (5364)_damaging,0.011979861851243586
0,COL7A1 (1294)_damaging,0.026212723217709837
0,CELSR3 (1951)_damaging,0.014386177978028384
0,LAMB2 (3913)_damaging,0.08732138372545876
0,RHOA (387)_damaging,0.03993589502423039
0,BSN (8927)_damaging,0.014933561610978696
0,RBM6 (10180)_damaging,0.025888652372743574
0,DOCK3 (1795)_damaging,0.01936515416648085
0,DNAH1 (25981)_damaging,0.00874429495449536
0,BAP1 (8314)_damaging,0.024650091414234146
0,STAB1 (23166)_damaging,0.023002138331757096
0,PBRM1 (55193)_damaging,0.045322943070759486
0,CACNA1D (776)_damaging,0.0223327194051778
0,TASOR (23272)_damaging,0.01905812314328649
0,DNAH12 (201625)_damaging,0.003536918457189666
0,FLNB (2317)_damaging,0.04939185075879149
0,PTPRG (5793)_damaging,0.0723034439274677
0,ATXN7 (6314)_damaging,0.0474680032865917
0,ADAMTS9 (56999)_damaging,0.05393049962726988
0,ROBO2 (6092)_damaging,0.015575855484148766
0,ROBO1 (6091)_damaging,0.007452399178467264
0,EPHA3 (2042)_damaging,0.0037383805515380816
0,CRYBG3 (131544)_damaging,0.026962958373312078
0,FILIP1L (11259)_damaging,0.0028153337092730046
0,ABI3BP (25890)_damaging,0.041665292884258714
0,NFKBIZ (64332)_damaging,0.023730926952302712
0,MYH15 (22989)_damaging,0.06244848146145136
0,DZIP3 (9666)_damaging,0.06037429849702542
0,MORC1 (27136)_damaging,0.008033982230284835
0,ZBTB20 (26137)_damaging,0.06526708608473332
0,CFAP91 (89876)_damaging,0.049527994779342964
0,POLQ (10721)_damaging,0.006485636627408329
0,GOLGB1 (2804)_damaging,0.011710776828584547
0,MYLK (4638)_damaging,0.05349563205902158
0,KALRN (8997)_damaging,0.06729393612139711
0,PLXNA1 (5361)_damaging,0.029299268587062152
0,MBD4 (8930)_damaging,0.03935558102470697
0,COL6A5 (256076)_damaging,0.03721032274408105
0,DNAJC13 (23317)_damaging,0.027341906531340176
0,TOPBP1 (11073)_damaging,0.06409828573684571
0,ATR (545)_damaging,0.04757182056346297
0,MED12L (116931)_damaging,0.054644266921947675
0,IGSF10 (285313)_damaging,0.04462321225800774
0,ARHGEF26 (26084)_damaging,0.01994734094490891
0,PLCH1 (23007)_damaging,0.034984393664348114
0,SMC4 (10051)_damaging,0.01852718412041858
0,SI (6476)_damaging,0.027656731482095617
0,ZBBX (79740)_damaging,0.03745614701181556
0,MECOM (2122)_damaging,0.03330940376188432
0,SPATA16 (83893)_damaging,0.03794295290877829
0,USP13 (8975)_damaging,0.03987872814400191
0,ATP13A5 (344905)_damaging,0.004545896582876926
0,MUC4 (4585)_damaging,0.009148644790153636
0,TNK2 (10188)_damaging,0.0014575367634788597
0,NSD2 (7468)_damaging,0.033589810200322506
0,POLN (353497)_damaging,0.07658167780965326
0,FAM193A (8603)_damaging,0.006914088109674353
0,HTT (3064)_damaging,0.02283702754443572
0,UNC93B7 (100887746)_damaging,0.018947253990016476
0,BOD1L1 (259282)_damaging,0.008396920530480719
0,SLIT2 (9353)_damaging,0.06188459931030945
0,PCDH7 (5099)_damaging,0.059754097807584526
0,LIMCH1 (22998)_damaging,0.008330430285134407
0,BEND4 (389206)_damaging,0.06212802531783712
0,ATP8A1 (10396)_damaging,0.004298051815593833
0,GABRG1 (2565)_damaging,0.02349957573375064
0,CORIN (10699)_damaging,0.008210514212742258
0,FRYL (285527)_damaging,0.02110363978307999
0,KDR (3791)_damaging,0.05393036949600086
0,CRACD (57482)_damaging,0.04837429405532555
0,POLR2B (5431)_damaging,0.016850524894874336
0,ADGRL3 (23284)_damaging,0.095820327188661
0,EPHA5 (2044)_damaging,0.047253778513213274
0,CENPC (1060)_damaging,0.00021762695960483484
0,ADAMTS3 (9508)_damaging,0.007496917681664497
0,SHROOM3 (57619)_damaging,0.00898595264904544
0,FRAS1 (80144)_damaging,0.0407089233851785
0,WDFY3 (23001)_damaging,0.0010012763117715896
0,PTPN13 (5783)_damaging,0.02656198988294868
0,AFF1 (4299)_damaging,0.013550283130102037
0,MMRN1 (22915)_damaging,0.0058493569269038904
0,SMARCAD1 (56916)_damaging,0.014762287216399843
0,UNC5C (8633)_damaging,0.028967723910835404
0,CENPE (1062)_damaging,0.006380708143522552
0,TET2 (54790)_damaging,0.09034377039851624
0,COL25A1 (84570)_damaging,0.07555785437501553
0,ANK2 (287)_damaging,0.005124693557464507
0,BLTP1 (84162)_damaging,0.05079469303664759
0,FAT4 (79633)_damaging,0.0004200695389937731
0,PCDH10 (57575)_damaging,0.007625664775770959
0,LRBA (987)_damaging,0.05975445232550346
0,FBXW7 (55294)_damaging,0.05731826866193663
0,FHDC1 (85462)_damaging,0.018548918176040135
0,DCHS2 (54798)_damaging,0.005480033329201896
0,MAP9 (79884)_damaging,0.03265021531441915
0,RXFP1 (59350)_damaging,0.03870382175933132
0,RAPGEF2 (9693)_damaging,0.04884426910185435
0,FSTL5 (56884)_damaging,0.006727650948721395
0,DDX60 (55601)_damaging,0.008830038319963596
0,WDR17 (116966)_damaging,0.03243548986210684
0,TENM3 (55714)_damaging,0.017087693012743373
0,FAT1 (2195)_damaging,0.03929052710145218
0,SDHA (6389)_damaging,0.047811731291546006
0,SLC12A7 (10723)_damaging,0.025160370297038014
0,TERT (7015)_damaging,0.060395394465949895
0,ADAMTS16 (170690)_damaging,0.0348026652562165
0,ICE1 (23379)_damaging,0.03652656112552487
0,SEMA5A (9037)_damaging,0.01490815316519088
0,DNAH5 (1767)_damaging,0.014843527053103404
0,TRIO (7204)_damaging,0.04360333583494115
0,MYO10 (4651)_damaging,0.011292472820086313
0,CDH18 (1016)_damaging,0.034101900785523644
0,CDH12 (1010)_damaging,0.007224940653368985
0,PRDM9 (56979)_damaging,0.06292735824338601
0,CDH10 (1008)_damaging,0.039413026806858674
0,CDH6 (1004)_damaging,0.03069178837504659
0,PDZD2 (23037)_damaging,0.04599642822391741
0,ADAMTS12 (81792)_damaging,0.04349618076720968
0,SPEF2 (79925)_damaging,0.022401455769806247
0,NIPBL (25836)_damaging,0.016915438022658994
0,CPLANE1 (65250)_damaging,0.007526011249900163
0,EGFLAM (133584)_damaging,0.013210981040564859
0,CARD6 (84674)_damaging,0.04961554524976617
0,C7 (730)_damaging,0.015632826791554987
0,MROH2B (133558)_damaging,0.03922787707990599
0,C6 (729)_damaging,0.011084590594504552
0,HCN1 (348980)_damaging,0.021772124405003326
0,ADAMTS6 (11174)_damaging,0.020097477742754215
0,PIK3R1 (5295)_damaging,0.10321333832246073
0,RAD17 (5884)_damaging,0.006462372859959379
0,BDP1 (55814)_damaging,0.01756763076893361
0,MAP1B (4131)_damaging,0.009862098364339015
0,ARHGEF28 (64283)_damaging,0.040644380062651704
0,ANKRD31 (256006)_damaging,0.033909950035488155
0,AP3B1 (8546)_damaging,0.008424423722923347
0,CMYA5 (202333)_damaging,0.09602733768953946
0,MSH3 (4437)_damaging,0.035480753012902086
0,VCAN (1462)_damaging,0.010642973253437875
0,RASA1 (5921)_damaging,0.04416996779614627
0,ADGRV1 (84059)_damaging,0.02652618327814362
0,KIAA0825 (285600)_damaging,0.042048517833920857
0,ARSK (153642)_damaging,0.00098052666868865
0,CHD1 (1105)_damaging,0.008306581955365749
0,SLCO6A1 (133482)_damaging,0.013885948146684972
0,APC (324)_damaging,0.033656093563726855
0,DMXL1 (1657)_damaging,0.07161206593298704
0,ZNF608 (57507)_damaging,0.007850845142052053
0,FBN2 (2201)_damaging,0.011954771563902598
0,RAD50 (10111)_damaging,0.05434976606498785
0,FSTL4 (23105)_damaging,0.003991349944238255
0,PITX1 (5307)_damaging,0.05073710957419807
0,LINC02900 (340073)_damaging,0.03515665292955424
0,CTNNA1 (1495)_damaging,0.06882022669673461
0,WDR55 (54853)_damaging,0.028799075855190124
0,NR3C1 (2908)_damaging,0.027161163872582203
0,TCERG1 (10915)_damaging,0.0619299238214956
0,FAT2 (2196)_damaging,0.0008960491753354267
0,GRIA1 (2890)_damaging,0.008463668236357687
0,LARP1 (23367)_damaging,0.05142416054428154
0,GABRA6 (2559)_damaging,0.03137393804824925
0,GABRG2 (2566)_damaging,0.017282718681160048
0,SLIT3 (6586)_damaging,0.012137138794741055
0,DOCK2 (1794)_damaging,0.037650077399715536
0,NSD1 (64324)_damaging,0.02873498289671573
0,ADAMTS2 (9509)_damaging,0.03054082426927469
0,FLT4 (2324)_damaging,0.09036010855231952
0,DSP (1832)_damaging,0.011669479358545768
0,HIVEP1 (3096)_damaging,0.006974382584559796
0,PHACTR1 (221692)_damaging,0.025545497618567954
0,JARID2 (3720)_damaging,0.03750588121452436
0,ATXN1 (6310)_damaging,0.0795688012142611
0,GABBR1 (2550)_damaging,0.10764968992077263
0,HLA-A (3105)_damaging,0.037826679578847965
0,MDC1 (9656)_damaging,0.022541483556755743
0,VARS2 (57176)_damaging,0.008057747392835664
0,MUCL3 (135656)_damaging,0.022750393441963147
0,HLA-C (3107)_damaging,0.02258541872419443
0,HLA-B (3106)_damaging,0.01615061157901352
0,PRRC2A (7916)_damaging,0.02654711107653111
0,BAG6 (7917)_damaging,0.05921379208467979
0,TNXB (7148)_damaging,0.06557248345442916
0,NOTCH4 (4855)_damaging,0.023482834750089786
0,COL11A2 (1302)_damaging,0.0014272910837313582
0,DAXX (1616)_damaging,0.03142325136381641
0,DNAH8 (1769)_damaging,0.020097091933052834
0,CCND3 (896)_damaging,0.07269504617493194
0,PEX6 (5190)_damaging,0.013967609691355307
0,CUL9 (23113)_damaging,0.016129906797059508
0,ZNF318 (24149)_damaging,0.021606218370602802
0,TDRD6 (221400)_damaging,0.03121573320181222
0,MMUT (4594)_damaging,0.022718528873153114
0,PKHD1 (5314)_damaging,0.016731789369925178
0,DST (667)_damaging,0.04475289074545031
0,PHF3 (23469)_damaging,0.011202286372321782
0,EYS (346007)_damaging,0.01230428257524663
0,ADGRB3 (577)_damaging,0.01162308107871846
0,COL19A1 (1310)_damaging,0.04234001147002065
0,COL9A1 (1297)_damaging,0.01397721012512475
0,RIMS1 (22999)_damaging,0.03818722099526314
0,COL12A1 (1303)_damaging,0.04961215895846919
0,TTK (7272)_damaging,0.06770679318068222
0,IBTK (25998)_damaging,0.02723318527166888
0,CEP162 (22832)_damaging,0.01858413531542279
0,SYNCRIP (10492)_damaging,0.048475958108699646
0,ZNF292 (23036)_damaging,0.001221696092143814
0,MDN1 (23195)_damaging,0.06629726106523755
0,CASP8AP2 (9994)_damaging,0.03811716168561015
0,EPHA7 (2045)_damaging,0.09340389342830645
0,MMS22L (253714)_damaging,0.02235989372659579
0,PNISR (25957)_damaging,0.010244162139102462
0,ASCC3 (10973)_damaging,0.0032465259546580368
0,AK9 (221264)_damaging,0.0014503197450752962
0,REV3L (5980)_damaging,0.003435377322734884
0,LAMA4 (3910)_damaging,0.03395509928430619
0,GPRC6A (222545)_damaging,0.041021331751076646
0,ROS1 (6098)_damaging,0.02717507846821713
0,TBC1D32 (221322)_damaging,0.02061279861887014
0,TRDN (10345)_damaging,0.014358326553132145
0,LAMA2 (3908)_damaging,0.05370639847252852
0,AKAP7 (9465)_damaging,0.009493263282074107
0,MED23 (9439)_damaging,0.016910257058359312
0,TNFAIP3 (7128)_damaging,0.031125390644847244
0,ARFGEF3 (57221)_damaging,0.07408978744706696
0,NHSL1 (57224)_damaging,0.040574568554317667
0,ECT2L (345930)_damaging,0.006388318703867922
0,HECA (51696)_damaging,0.0017850977233890711
0,ADGRG6 (57211)_damaging,0.04866232497796841
0,HIVEP2 (3097)_damaging,0.022961133407382706
0,UTRN (7402)_damaging,0.028625396783896404
0,SHPRH (257218)_damaging,0.047001970890712716
0,ADGB (79747)_damaging,0.017109744841173717
0,SYNE1 (23345)_damaging,0.00706307779410788
0,SCAF8 (22828)_damaging,0.048459644101317714
0,ARID1B (57492)_damaging,0.06084697881314784
0,FNDC1 (84624)_damaging,0.014416010266407925
0,IGF2R (3482)_damaging,0.028029356676578885
0,LPA (4018)_damaging,0.0371572931654446
0,MAP3K4 (4216)_damaging,0.022440399987715798
0,QKI (9444)_damaging,0.08751076594528459
0,AFDN (4301)_damaging,0.05913079789155446
0,THBS2 (7058)_damaging,0.08304514572415424
0,INTS1 (26173)_damaging,0.011299117666878425
0,CARD11 (84433)_damaging,0.04365142587998521
0,SDK1 (221935)_damaging,0.01870319219840072
0,TNRC18 (84629)_damaging,0.016777236712993058
0,PMS2 (5395)_damaging,0.008427674351155181
0,ZNF316 (100131017)_damaging,0.0308191107943783
0,COL28A1 (340267)_damaging,0.032160709391678734
0,THSD7A (221981)_damaging,0.053224078998628674
0,VWDE (221806)_damaging,0.04156463195860235
0,AHR (196)_damaging,0.06639342347074449
0,ABCB5 (340273)_damaging,0.08468445600410233
0,DNAH11 (8701)_damaging,0.005430878892846071
0,STK31 (56164)_damaging,0.027965534141678735
0,CDK13 (8621)_damaging,0.047242502778429646
0,GLI3 (2737)_damaging,0.06592772685083896
0,HECW1 (23072)_damaging,0.0444838271819525
0,AEBP1 (165)_damaging,0.03832256951870258
0,PKD1L1 (168507)_damaging,0.020763552917950928
0,ABCA13 (154664)_damaging,0.017487568022843007
0,IKZF1 (10320)_damaging,0.06220730875850007
0,EGFR (1956)_damaging,0.00978205519276381
0,AUTS2 (26053)_damaging,0.05570416481924014
0,MAGI2 (9863)_damaging,0.008495297739635413
0,CD36 (948)_damaging,0.05748903700302278
0,PCLO (27445)_damaging,0.02425909781828639
0,SEMA3E (9723)_damaging,0.009591069102208806
0,ABCB4 (5244)_damaging,0.019749026461653205
0,ABCB1 (5243)_damaging,0.04934740555168873
0,ADAM22 (53616)_damaging,0.003528123617339538
0,ZNF804B (219578)_damaging,0.01752117247937948
0,AKAP9 (10142)_damaging,0.017111280030453244
0,ANKIB1 (54467)_damaging,0.015191339877919246
0,SAMD9 (54809)_damaging,0.034946674323692875
0,SAMD9L (219285)_damaging,0.007195068648590885
0,CALCR (799)_damaging,0.02605327502358893
0,COL1A2 (1278)_damaging,0.040566715692966784
0,SLC25A13 (10165)_damaging,0.008172007970131843
0,TRRAP (8295)_damaging,0.007347177512726331
0,GPC2 (221914)_damaging,0.019774637496291082
0,GIGYF1 (64599)_damaging,0.015400413676496527
0,ZAN (7455)_damaging,0.0701517317689054
0,MUC17 (140453)_damaging,0.03917634810566734
0,PLOD3 (8985)_damaging,0.014002109414838
0,CUX1 (1523)_damaging,0.018124422502331646
0,FBXL13 (222235)_damaging,0.02166312476182115
0,LRRC17 (10234)_damaging,0.007224735320299218
0,RELN (5649)_damaging,0.01433224692845904
0,KMT2E (55904)_damaging,0.05419960814823161
0,PIK3CG (5294)_damaging,0.015540440729267994
0,LAMB4 (22798)_damaging,0.04858335019500899
0,PPP1R3A (5506)_damaging,0.0569261608796056
0,CFTR (1080)_damaging,0.024799349453622065
0,CTTNBP2 (83992)_damaging,0.0014182485432027482
0,KCND2 (3751)_damaging,0.00025391937766937924
0,WNT16 (51384)_damaging,0.03160890765180795
0,PTPRZ1 (5803)_damaging,0.008873704802630358
0,CADPS2 (93664)_damaging,0.04813914272399803
0,IQUB (154865)_damaging,0.05613572768099724
0,POT1 (25913)_damaging,0.014204715840448655
0,GRM8 (2918)_damaging,0.04449538535612927
0,FLNC (2318)_damaging,0.0024496691254756817
0,KCP (375616)_damaging,0.049374325213505856
0,PLXNA4 (91584)_damaging,0.045270415003855535
0,LRGUK (136332)_damaging,0.034927360238151246
0,NUP205 (23165)_damaging,0.03526030700265875
0,DGKI (9162)_damaging,0.019172281395305236
0,TRIM24 (8805)_damaging,0.05046720244966416
0,KIAA1549 (57670)_damaging,0.040219677928453455
0,MGAM (8972)_damaging,0.043883804225283846
0,MGAM2 (93432)_damaging,0.05067703743358542
0,EPHB6 (2051)_damaging,0.007478667319426532
0,KEL (3792)_damaging,0.019802368923267817
0,NOBOX (135935)_damaging,0.02894803627021326
0,CNTNAP2 (26047)_damaging,0.01008537225403005
0,KCNH2 (3757)_damaging,0.0182939932084152
0,NOS3 (4846)_damaging,0.0072651952828178415
0,ATG9B (285973)_damaging,0.03318697353580708
0,KMT2C (58508)_damaging,0.02322653951374102
0,DPP6 (1804)_damaging,0.06225534539065438
0,UBE3C (9690)_damaging,0.02149081743019328
0,PTPRN2 (5799)_damaging,0.021760686844602712
0,CSMD1 (64478)_damaging,0.0404304145890795
0,RP1L1 (94137)_damaging,0.0734783876017758
0,TRMT9B (57604)_damaging,0.022589596049337194
0,DLC1 (10395)_damaging,0.0219623908423208
0,PSD3 (23362)_damaging,0.04488306555263452
0,XPO7 (23039)_damaging,0.04761837410073418
0,DOCK5 (80005)_damaging,0.028029645634124824
0,NUGGC (389643)_damaging,0.04593401078572251
0,TEX15 (56154)_damaging,0.028037014771687244
0,WRN (7486)_damaging,0.021171381000606924
0,ADGRA2 (25960)_damaging,0.021360068004387257
0,ADAM18 (8749)_damaging,0.0807608955140988
0,ANK1 (286)_damaging,0.030592342324145327
0,PRKDC (5591)_damaging,0.017914461524964884
0,PXDNL (137902)_damaging,0.0042236002234994205
0,RB1CC1 (9821)_damaging,0.06466108080805899
0,RP1 (6101)_damaging,0.04279356503486451
0,CHD7 (55636)_damaging,0.012726257927139951
0,ARFGEF1 (10565)_damaging,0.05565893312288302
0,PREX2 (80243)_damaging,0.0006847665139408652
0,SULF1 (23213)_damaging,0.05753705535696678
0,TRPA1 (8989)_damaging,0.013312821547137777
0,KCNB2 (9312)_damaging,0.013383131383708596
0,ZFHX4 (79776)_damaging,0.03978556077531592
0,WWP1 (11059)_damaging,0.04124433258055983
0,NBN (4683)_damaging,0.04478771337944691
0,ESRP1 (54845)_damaging,0.040340420975601775
0,VPS13B (157680)_damaging,0.02031317852163307
0,RGS22 (26166)_damaging,0.0035308956261730054
0,UBR5 (51366)_damaging,0.007302125089484406
0,RIMS2 (9699)_damaging,0.010885753586526563
0,ZFPM2 (23414)_damaging,0.022556991235031035
0,PKHD1L1 (93035)_damaging,0.0702739947448477
0,CSMD3 (114788)_damaging,0.025933055482111583
0,TRPS1 (7227)_damaging,0.02113971762955978
0,COL14A1 (7373)_damaging,0.04018827124131292
0,FER1L6 (654463)_damaging,0.048857334041923044
0,ASAP1 (50807)_damaging,0.036449025365507724
0,EFR3A (23167)_damaging,0.0052780093005144
0,OC90 (729330)_damaging,0.04546844674288613
0,KCNQ3 (3786)_damaging,0.006830619816031261
0,PHF20L1 (51105)_damaging,0.08659358512692965
0,TG (7038)_damaging,0.00339706410715136
0,FAM135B (51059)_damaging,0.059892163820452836
0,COL22A1 (169044)_damaging,0.04391419965732563
0,ADGRB1 (575)_damaging,0.035923196244312526
0,EPPK1 (83481)_damaging,0.019434982923320698
0,PLEC (5339)_damaging,0.061637061465457076
0,CPSF1 (29894)_damaging,0.057345891429450756
0,RECQL4 (9401)_damaging,0.018194287400707672
0,DOCK8 (81704)_damaging,0.057770478069455754
0,SMARCA2 (6595)_damaging,0.029632670525489475
0,PTPRD (5789)_damaging,0.021020592964703905
0,FREM1 (158326)_damaging,0.006685870379715993
0,CNTLN (54875)_damaging,0.054788396230458454
0,DENND4C (55667)_damaging,0.008561982426718327
0,CDKN2A (1029)_damaging,0.03010910570651016
0,TAF1L (138474)_damaging,0.04905158965712591
0,SPATA31G1 (138724)_damaging,0.007134718018520041
0,FANCG (2189)_damaging,0.040977921157326666
0,PIGO (84720)_damaging,0.04892251897262415
0,UNC13B (10497)_damaging,0.003922518771581426
0,RUSC2 (9853)_damaging,0.009981134495062945
0,SPAG8 (26206)_damaging,0.04376691593621371
0,TRPM6 (140803)_damaging,0.08026072634543675
0,PCSK5 (5125)_damaging,0.0018486686174153924
0,PRUNE2 (158471)_damaging,0.07177792384479202
0,VPS13A (23230)_damaging,0.02477934919001179
0,SPATA31D1 (389763)_damaging,0.028828552718969093
0,KIF27 (55582)_damaging,0.07591623828063687
0,SLC28A3 (64078)_damaging,0.02102899721787054
0,SECISBP2 (79048)_damaging,0.010714522316728611
0,ROR2 (4920)_damaging,0.03341831616388984
0,NOL8 (55035)_damaging,0.06355387121103602
0,WNK2 (65268)_damaging,0.014257987107200812
0,PTCH1 (5727)_damaging,0.007455926152164056
0,GRIN3A (116443)_damaging,0.007441293384223516
0,SMC2 (10592)_damaging,0.09772074550483276
0,ZNF462 (58499)_damaging,0.01622844972739731
0,ELP1 (8518)_damaging,0.11409071449516622
0,TMEM245 (23731)_damaging,0.04190608737051194
0,PALM2AKAP2 (445815)_damaging,0.03400367101977522
0,SVEP1 (79987)_damaging,0.026388891488872884
0,COL27A1 (85301)_damaging,0.07528710936324208
0,C5 (727)_damaging,0.022354894666334515
0,CNTRL (11064)_damaging,0.04784189910083828
0,DENND1A (57706)_damaging,0.05970002099470948
0,GAPVD1 (26130)_damaging,0.06516222402553444
0,GOLGA2 (2801)_damaging,0.026875115444434747
0,SPTAN1 (6709)_damaging,0.013469220720162836
0,HMCN2 (256158)_damaging,0.015742781237731027
0,FUBP3 (8939)_damaging,0.04410084962736276
0,NUP214 (8021)_damaging,0.030719559852670365
0,PRRC2B (84726)_damaging,0.0296196778143017
0,UCK1 (83549)_damaging,0.07470080668213773
0,SETX (23064)_damaging,0.007365811535224295
0,TSC1 (7248)_damaging,0.06332229084354421
0,ADAMTS13 (11093)_damaging,0.06005281621786419
0,ADAMTSL2 (9719)_damaging,0.045342620206629165
0,SARDH (1757)_damaging,0.0020394019051055185
0,BRD3 (8019)_damaging,0.02327827879884694
0,WDR5 (11091)_damaging,0.01964921791647774
0,COL5A1 (1289)_damaging,0.01905377730934997
0,SEC16A (9919)_damaging,0.05181264084763148
0,NOTCH1 (4851)_damaging,0.009331730239199703
0,EXD3 (54932)_damaging,0.02790224843634812
0,MXRA5 (25878)_damaging,0.03229470041360884
0,WWC3 (55841)_damaging,0.057016108018915566
0,FRMPD4 (9758)_damaging,0.012975405971297375
0,NHS (4810)_damaging,0.014853780775201102
0,MAP3K15 (389840)_damaging,0.09675823790922256
0,DMD (1756)_damaging,0.02619491109219386
0,CFAP47 (286464)_damaging,0.05085766535943673
0,BCOR (54880)_damaging,0.048232332532125666
0,USP9X (8239)_damaging,0.10848615016605398
0,DDX3X (1654)_damaging,0.07004124251367508
0,KDM6A (7403)_damaging,0.033686179170985
0,RBM10 (8241)_damaging,0.047693008269078824
0,CCNB3 (85417)_damaging,0.09215024377700302
0,IQSEC2 (23096)_damaging,0.01067249331562266
0,HUWE1 (10075)_damaging,0.03549004918995816
0,AMER1 (139285)_damaging,0.04026469229231733
0,ZC3H12B (340554)_damaging,0.015478575705453005
0,OPHN1 (4983)_damaging,0.04174492571941805
0,KIF4A (24137)_damaging,0.006218763742697993
0,MED12 (9968)_damaging,0.06997968647590001
0,ZMYM3 (9203)_damaging,0.05784648864931904
0,NEXMIF (340533)_damaging,0.01421238788946623
0,ATRX (546)_damaging,0.010125226240953454
0,BRWD3 (254065)_damaging,0.07887642343887293
0,ZNF711 (7552)_damaging,0.013556586389774469
0,DIAPH2 (1730)_damaging,0.03581001364837317
0,RAB40A (142684)_damaging,0.01672826110961754
0,NRK (203447)_damaging,0.013415813831913329
0,MORC4 (79710)_damaging,0.0368832385806578
0,COL4A6 (1288)_damaging,0.02835420075313837
0,STAG2 (10735)_damaging,0.0797949070240123
0,TENM1 (10178)_damaging,0.0280130309842058
0,SMARCA1 (6594)_damaging,0.039614539603691414
0,BCORL1 (63035)_damaging,0.04140588403670164
0,USP26 (83844)_damaging,0.05577382035072124
0,MAP7D3 (79649)_damaging,0.01893614323309083
0,ADGRG4 (139378)_damaging,0.07177798417166771
0,MAGEC1 (9947)_damaging,0.001372726099960364
0,SPANXN4 (441525)_damaging,0.022927675158993653
0,SLITRK4 (139065)_damaging,0.05453494734679462
0,SLITRK2 (84631)_damaging,0.034702447968293165
0,FMR1 (2332)_damaging,0.02286324216987237
0,AFF2 (2334)_damaging,0.02834583105134821
0,PLXNA3 (55558)_damaging,0.0399574586815458
0,F8 (2157)_damaging,0.03921439311919656
0,MT-ND4 (4538)_damaging,0.016447053153353628
0,MT-ND5 (4540)_damaging,0.004653445687785741
1,MTOR (2475)_hotspot,0.07628537078406131
1,NRAS (4893)_hotspot,0.10414533238819819
1,PTEN (5728)_hotspot,0.024379591268433566
1,HRAS (3265)_hotspot,0.014376641969341103
1,ATM (472)_hotspot,0.0101518900207529
1,KRAS (3845)_hotspot,0.0969232104146462
1,RB1 (5925)_hotspot,0.061132627528171085
1,CREBBP (1387)_hotspot,0.014321911979373408
1,TP53 (7157)_hotspot,0.1017526357283273
1,NF1 (4763)_hotspot,0.006791330990864707
1,ERBB2 (2064)_hotspot,0.011665748306664878
1,SMAD4 (4089)_hotspot,0.04990973440132402
1,STK11 (6794)_hotspot,0.004032818886036403
1,SMARCA4 (6597)_hotspot,0.04231779111516729
1,C2orf81 (388963)_hotspot,0.08076019729210891
1,NFE2L2 (4780)_hotspot,0.0027575711090639912
1,VHL (7428)_hotspot,0.019029096952480458
1,CTNNB1 (1499)_hotspot,0.0018741164614057282
1,RHOA (387)_hotspot,0.10553696717828197
1,PIK3CA (5290)_hotspot,0.010137891300847959
1,FBXW7 (55294)_hotspot,0.012824634624148016
1,TERT (7015)_hotspot,0.01052606990953177
1,PIK3R1 (5295)_hotspot,0.02539351662089573
1,APC (324)_hotspot,0.03096508711184591
1,CCND3 (896)_hotspot,0.08113484449668808
1,RAC1 (5879)_hotspot,0.0336552167607363
1,EGFR (1956)_hotspot,0.011359853508289478
1,BRAF (673)_hotspot,0.10555215235393255
1,EZH2 (2146)_hotspot,0.020080615547018052
1,CDKN2A (1029)_hotspot,0.05851101211909775
1,AGRN (375790)_damaging,0.09201190326073924
1,MXRA8 (54587)_damaging,0.03171172308917685
1,CFAP74 (85452)_damaging,0.04638218341551183
1,MEGF6 (1953)_damaging,0.029419533495851642
1,CHD5 (26038)_damaging,0.043536324838446196
1,RPL22 (6146)_damaging,0.0629436912141365
1,CAMTA1 (23261)_damaging,0.05292871068702409
1,ERRFI1 (54206)_damaging,0.061371386493557605
1,SLC45A1 (50651)_damaging,0.048748891287259996
1,RERE (473)_damaging,0.0060535543907041
1,EXOSC10 (5394)_damaging,0.010269239489382955
1,VPS13D (55187)_damaging,0.022957683915457744
1,SPEN (23013)_damaging,0.0025296656377901635
1,EPHA2 (1969)_damaging,0.05007585403331498
1,UBR4 (23352)_damaging,0.03533458846129838
1,VWA5B1 (127731)_damaging,0.0036411782572318137
1,HSPG2 (3339)_damaging,0.0789364752730541
1,LUZP1 (7798)_damaging,0.0387328398662992
1,ID3 (3399)_damaging,0.14091554104528634
1,ELOA (6924)_damaging,0.02471814851903835
1,ARID1A (8289)_damaging,0.06911173935360969
1,WDTC1 (23038)_damaging,0.011245815299828963
1,AHDC1 (27245)_damaging,0.018605454082600323
1,COL16A1 (1307)_damaging,0.01699477684697878
1,CSMD2 (114784)_damaging,0.09044055727405705
1,ZMYM6 (9204)_damaging,0.01307665911925853
1,ZMYM1 (79830)_damaging,0.02115790602965464
1,ZMYM4 (9202)_damaging,0.028760335769781268
1,CLSPN (63967)_damaging,0.03112602444870012
1,AGO1 (26523)_damaging,0.04469171726021656
1,MAP7D1 (55700)_damaging,0.027894313591625974
1,MACF1 (23499)_damaging,0.08445226567149669
1,HIVEP3 (59269)_damaging,0.005899805507111535
1,TIE1 (7075)_damaging,0.0029311662497393714
1,SZT2 (23334)_damaging,0.041983843430335566
1,MUTYH (4595)_damaging,0.01745878026499655
1,MAST2 (23139)_damaging,0.01124177951236285
1,PIK3R3 (8503)_damaging,0.012076720963005598
1,FAAH (2166)_damaging,0.06571234294845385
1,TAL1 (6886)_damaging,0.06914742424587905
1,TUT4 (23318)_damaging,0.009785345581473077
1,FYB2 (199920)_damaging,0.024573157821016173
1,NFIA (4774)_damaging,0.01687193305723776
1,PATJ (10207)_damaging,0.04411989724170286
1,DOCK7 (85440)_damaging,0.008576037012654506
1,JAK1 (3716)_damaging,0.00012259959797097534
1,LEPR (3953)_damaging,0.00037381995235898633
1,LRRC7 (57554)_damaging,0.04015724188832454
1,TNNI3K (51086)_damaging,0.03303768770962997
1,ERICH3 (127254)_damaging,0.07320182332363516
1,SLC44A5 (204962)_damaging,0.01861792448235512
1,ADGRL4 (64123)_damaging,0.07847856720160618
1,ADGRL2 (23266)_damaging,0.03446242635694663
1,COL24A1 (255631)_damaging,0.024275783622543696
1,HFM1 (164045)_damaging,0.04917444268067748
1,BTBD8 (284697)_damaging,0.03320359507305498
1,RPL5 (6125)_damaging,0.1151716814456321
1,FRRS1 (391059)_damaging,0.013153952833463744
1,COL11A1 (1301)_damaging,0.0012720327733105037
1,EPS8L3 (79574)_damaging,0.02150426451344727
1,CEPT1 (10390)_damaging,0.03886701163128082
1,DENND2C (163259)_damaging,0.05565379971105229
1,SYCP1 (6847)_damaging,0.015255186282994927
1,CD58 (965)_damaging,0.037794720516962525
1,TTF2 (8458)_damaging,0.06793760108950851
1,SPAG17 (200162)_damaging,0.022048861837176182
1,NOTCH2 (4853)_damaging,0.03808037936508678
1,BCL9 (607)_damaging,0.0416682158200969
1,ADAMTSL4 (54507)_damaging,0.01950060360941434
1,SETDB1 (9869)_damaging,0.053599747850772844
1,ZNF687 (57592)_damaging,0.026589476437797997
1,FLG (2312)_damaging,0.010879404122648664
1,CCDST (112268240)_damaging,0.014183979998740413
1,FLG2 (388698)_damaging,0.036274413645584314
1,DENND4B (9909)_damaging,0.027686912254740702
1,UBAP2L (9898)_damaging,0.06485187862813722
1,SHC1 (6464)_damaging,0.008812191191637868
1,ASH1L (55870)_damaging,0.05893139032330245
1,GON4L (54856)_damaging,0.05488323284961497
1,IQGAP3 (128239)_damaging,0.0032190870461934924
1,NES (10763)_damaging,0.015103749061070528
1,INSRR (3645)_damaging,0.011645460901387454
1,FCRL5 (83416)_damaging,0.04620518388466224
1,SPTA1 (6708)_damaging,0.06489965180907886
1,ARHGAP30 (257106)_damaging,0.04752313726083613
1,ADCY10 (55811)_damaging,0.07125208985792815
1,GPR161 (23432)_damaging,0.031749902584629286
1,F5 (2153)_damaging,0.010209788266419386
1,TNR (7143)_damaging,0.0359913065433439
1,PAPPA2 (60676)_damaging,0.02204482855975896
1,ABL2 (27)_damaging,0.12810453167557972
1,AXDND1 (126859)_damaging,0.05051276407914565
1,TDRD5 (163589)_damaging,0.021078946494754395
1,CEP350 (9857)_damaging,0.0002693979551431001
1,CACNA1E (777)_damaging,0.06727918857013548
1,RGL1 (23179)_damaging,0.044542987627558914
1,HMCN1 (83872)_damaging,0.010985965083584733
1,TPR (7175)_damaging,0.05799049166135483
1,BRINP3 (339479)_damaging,0.046126312888928274
1,KCNT2 (343450)_damaging,0.023279162815909353
1,CFH (3075)_damaging,0.012682820290269908
1,ASPM (259266)_damaging,0.05032207556555463
1,CRB1 (23418)_damaging,0.049028736185133454
1,PTPRC (5788)_damaging,0.0704795922314246
1,CAMSAP2 (23271)_damaging,0.06360237143525752
1,CACNA1S (779)_damaging,0.07363426632279871
1,IGFN1 (91156)_damaging,0.07427573815245676
1,NAV1 (89796)_damaging,0.0032260990043632464
1,ELF3 (1999)_damaging,0.09162362236381136
1,KDM5B (10765)_damaging,0.022468975678496376
1,PLEKHA6 (22874)_damaging,0.018271115707116814
1,PIK3C2B (5287)_damaging,0.01770840596255191
1,NFASC (23114)_damaging,0.055058428507533196
1,CR2 (1380)_damaging,0.007959183401053442
1,CR1 (1378)_damaging,0.04059666466126109
1,PLXNA2 (5362)_damaging,0.021023106569319754
1,PROX1 (5629)_damaging,0.057894018356264544
1,PTPN14 (5784)_damaging,0.040981744095229325
1,CENPF (1063)_damaging,0.0019471437784225878
1,USH2A (7399)_damaging,0.04605083464320783
1,DNAH14 (127602)_damaging,0.03584502269757623
1,CDC42BPA (8476)_damaging,0.04833747140387806
1,OBSCN (84033)_damaging,0.0023427385554306876
1,H3-4 (8290)_damaging,0.025104608587883083
1,SIPA1L2 (57568)_damaging,0.05559406544063653
1,PCNX2 (80003)_damaging,0.04221232767339423
1,TARBP1 (6894)_damaging,0.01838812134891216
1,ARID4B (51742)_damaging,0.03805349233905201
1,LYST (1130)_damaging,0.02623796147192598
1,HEATR1 (55127)_damaging,0.03271111891992954
1,RYR2 (6262)_damaging,0.0406574394319412
1,CHRM3 (1131)_damaging,0.020310235300822186
1,FMN2 (56776)_damaging,0.06693443676243735
1,RGS7 (6000)_damaging,0.044826705595927684
1,WDR64 (128025)_damaging,0.04677691876255992
1,KIF26B (55083)_damaging,0.022363755559039397
1,AHCTF1 (25909)_damaging,0.028132008545557943
1,NLRP3 (114548)_damaging,0.019394577671956223
1,LARP4B (23185)_damaging,0.014471872040545956
1,TASOR2 (54906)_damaging,0.07644924018259476
1,TAF3 (83860)_damaging,0.046358865177823415
1,FRMD4A (55691)_damaging,0.058771878855554315
1,ITGA8 (8516)_damaging,0.004543878825920669
1,CUBN (8029)_damaging,0.07845256593419421
1,MRC1 (4360)_damaging,0.03583382951221146
1,MALRD1 (340895)_damaging,0.009857713692796826
1,PLXDC2 (84898)_damaging,0.044919907397456924
1,SPAG6 (9576)_damaging,0.01515231041231284
1,ARMC3 (219681)_damaging,0.05253881302785267
1,GPR158 (57512)_damaging,0.006859807235844468
1,MYO3A (53904)_damaging,0.027729819387722093
1,ANKRD26 (22852)_damaging,0.046249055124830116
1,ODAD2 (55130)_damaging,0.0021880370016249076
1,SVIL (6840)_damaging,0.0044020647425974885
1,JCAD (57608)_damaging,0.010487746825989264
1,KIF5B (3799)_damaging,0.06431315379688138
1,CCDC7 (79741)_damaging,0.050104905528775404
1,PARD3 (56288)_damaging,0.02077855781917607
1,ANKRD30A (91074)_damaging,0.029619376394475556
1,RSU1P2 (100133308)_damaging,0.013291132571268122
1,WDFY4 (57705)_damaging,0.0017727561320727686
1,C10orf71 (118461)_damaging,0.0016135913192605207
1,PCDH15 (65217)_damaging,0.08768497274394663
1,ANK3 (288)_damaging,0.022008330594905378
1,ARID5B (84159)_damaging,0.040709826656622795
1,EGR2 (1959)_damaging,0.026896237821104375
1,JMJD1C (221037)_damaging,0.01085937114476348
1,MYPN (84665)_damaging,0.04328659921006619
1,CDH23 (64072)_damaging,0.02780206305860914
1,SYNPO2L (79933)_damaging,0.0040106654679094725
1,ZMIZ1 (57178)_damaging,0.0027227470019183094
1,NRG3 (10718)_damaging,0.10265551545125598
1,WAPL (23063)_damaging,0.037735862506464476
1,PTEN (5728)_damaging,0.04611114035790327
1,STAMBPL1 (57559)_damaging,0.020799369601718364
1,SLC16A12 (387700)_damaging,0.014926210335280278
1,KIF20B (9585)_damaging,0.004076973430537633
1,BTAF1 (9044)_damaging,0.05640965613995917
1,MYOF (26509)_damaging,0.0068877571249173425
1,PLCE1 (51196)_damaging,0.0048247927784167855
1,CC2D2B (387707)_damaging,0.07507442651784872
1,ZNF518A (9849)_damaging,0.0011798095324696723
1,LCOR (84458)_damaging,0.060113976513867795
1,SLIT1 (6585)_damaging,0.049464153694497213
1,LOXL4 (84171)_damaging,0.03374676040548287
1,SLF2 (55719)_damaging,0.0522122151271344
1,PPRC1 (23082)_damaging,0.043245218908651975
1,PSD (5662)_damaging,0.017145373217047816
1,CNNM2 (54805)_damaging,0.01464449664911352
1,SLK (9748)_damaging,0.011880682353132641
1,SORCS3 (22986)_damaging,0.07380064138950691
1,SORCS1 (114815)_damaging,0.02399726665786262
1,SMC3 (9126)_damaging,0.1075599362732041
1,TCF7L2 (6934)_damaging,0.044052055584615404
1,ATRNL1 (26033)_damaging,0.030354045926670292
1,PDZD8 (118987)_damaging,0.03051829182290454
1,TACC2 (10579)_damaging,0.044100835100151156
1,DMBT1 (1755)_damaging,0.00837088179888192
1,DOCK1 (1793)_damaging,0.04950929392991044
1,MKI67 (4288)_damaging,0.06416972628311898
1,JAKMIP3 (282973)_damaging,0.04592261266966451
1,CFAP46 (54777)_damaging,0.01464687783964951
1,B4GALNT4 (338707)_damaging,0.018905698058120354
1,PKP3 (11187)_damaging,0.02803138859708284
1,PHRF1 (57661)_damaging,0.06776797743291932
1,MUC5AC (4586)_damaging,0.02345239763276105
1,MUC5B (727897)_damaging,0.07007899340030894
1,BRSK2 (9024)_damaging,0.06767063631138964
1,KCNQ1 (3784)_damaging,0.03564184520962946
1,NUP98 (4928)_damaging,0.0015196878787726903
1,DNHD1 (144132)_damaging,0.061898586606086256
1,DCHS1 (8642)_damaging,0.018612710315350868
1,SBF2 (81846)_damaging,0.02860440131842599
1,PLEKHA7 (144100)_damaging,0.052313647380620186
1,PIK3C2A (5286)_damaging,0.03404426813034458
1,ABCC8 (6833)_damaging,0.03854210044792648
1,USH1C (10083)_damaging,0.04966721367868507
1,OTOG (340990)_damaging,0.013783889357254742
1,NAV2 (89797)_damaging,0.0065652031682867686
1,DCDC1 (341019)_damaging,0.006272117186286306
1,CCDC73 (493860)_damaging,0.06540659379384701
1,QSER1 (79832)_damaging,0.009105058364040956
1,PHF21A (51317)_damaging,0.03092725063591904
1,LRP4 (4038)_damaging,0.018546290612554046
1,AGBL2 (79841)_damaging,0.02515151784161123
1,FOLH1 (2346)_damaging,0.0005686818587499027
1,CTNND1 (1500)_damaging,0.029481189676990267
1,MYRF (745)_damaging,0.027054673462528496
1,AHNAK (79026)_damaging,0.009161309700933094
1,SLC3A2 (6520)_damaging,0.06564035915635395
1,PLCB3 (5331)_damaging,0.03985248772182741
1,NRXN2 (9379)_damaging,0.03823424007630056
1,ATG2A (23130)_damaging,0.0460388954041993
1,PCNX3 (399909)_damaging,0.032204933141887215
1,RIN1 (9610)_damaging,0.035408905751035356
1,SHANK2 (22941)_damaging,0.0366664933918993
1,INPPL1 (3636)_damaging,0.034539884827999905
1,ARHGEF17 (9828)_damaging,0.025660102727385194
1,C2CD3 (26005)_damaging,0.0008099085812005558
1,MYO7A (4647)_damaging,0.07947815845947812
1,RSF1 (51773)_damaging,0.027128061969332984
1,GAB2 (9846)_damaging,0.04662972471563469
1,TENM4 (26011)_damaging,0.06851990940714144
1,PCF11 (51585)_damaging,0.005201020091152481
1,DLG2 (1740)_damaging,0.056273835513541225
1,SYTL2 (54843)_damaging,0.030131617703363662
1,FAT3 (120114)_damaging,0.015888260060478485
1,DEUP1 (159989)_damaging,0.07153911965955809
1,MRE11 (4361)_damaging,0.007160308866506064
1,CNTN5 (53942)_damaging,0.02616924937105058
1,CEP126 (57562)_damaging,0.06036134412097561
1,MMP3 (4314)_damaging,0.06500324673678534
1,DYNC2H1 (79659)_damaging,0.006664312471503079
1,NPAT (4863)_damaging,0.004738001253274852
1,ATM (472)_damaging,0.056194640380752794
1,EXPH5 (23086)_damaging,0.025070576005444656
1,ARHGAP20 (57569)_damaging,0.02771989666964639
1,NKAPD1 (55216)_damaging,0.0031062461369045476
1,NCAM1 (4684)_damaging,0.030436160496409754
1,USP28 (57646)_damaging,0.028585568307259474
1,DSCAML1 (57453)_damaging,0.0013493415180712482
1,KMT2A (4297)_damaging,0.04119791204895484
1,BCL9L (283149)_damaging,0.044590951725374084
1,HYOU1 (10525)_damaging,0.03505020029381064
1,MFRP (83552)_damaging,0.00788177840232291
1,ARHGEF12 (23365)_damaging,0.0605265511699905
1,TECTA (7007)_damaging,0.0307225262742587
1,SORL1 (6653)_damaging,0.026032890570881144
1,GRAMD1B (57476)_damaging,0.04505471901131861
1,ROBO3 (64221)_damaging,0.04100294784421216
1,CCDC15 (80071)_damaging,0.02677963791181146
1,CDON (50937)_damaging,0.01792029044225927
1,NFRKB (4798)_damaging,0.027665984073840258
1,IGSF9B (22997)_damaging,0.010352805190986518
1,GLB1L2 (89944)_damaging,0.042276927249975574
1,LINC02714 (729305)_damaging,0.06315159757560948
1,KDM5A (5927)_damaging,0.005427471379568938
1,CACNA1C (775)_damaging,0.04569599846944631
1,VWF (7450)_damaging,0.017803272503185242
1,PLEKHG6 (55200)_damaging,0.01593222862788307
1,CHD4 (1108)_damaging,0.09066374412775255
1,ATN1 (1822)_damaging,0.017622492180042356
1,A2M (2)_damaging,0.009206521186748877
1,GRIN2B (2904)_damaging,0.05196682907221678
1,ATF7IP (55729)_damaging,0.01894862882532766
1,GUCY2C (2984)_damaging,0.04945815852559822
1,EPS8 (2059)_damaging,0.02200412843211453
1,PLEKHA5 (54477)_damaging,0.032090020583540886
1,RECQL (5965)_damaging,0.002946126403311208
1,ABCC9 (10060)_damaging,0.012670165793633035
1,ITPR2 (3709)_damaging,0.0072405875804659936
1,OVCH1 (341350)_damaging,0.02716394766971987
1,KIF21A (55605)_damaging,0.04745336183709641
1,LRRK2 (120892)_damaging,0.06120200205272248
1,MUC19 (283463)_damaging,0.09825338243133219
1,CNTN1 (1272)_damaging,0.05345723957100257
1,PDZRN4 (29951)_damaging,0.00667280616799405
1,ADAMTS20 (80070)_damaging,0.010911719397474198
1,ARID2 (196528)_damaging,0.02223870096683775
1,COL2A1 (1280)_damaging,0.017839780409053888
1,WNT1 (7471)_damaging,0.00633982480971105
1,KMT2D (8085)_damaging,0.015356874181927627
1,PRPF40B (25766)_damaging,0.05883049340431192
1,NCKAP5L (57701)_damaging,0.04493907665809025
1,DIP2B (57609)_damaging,0.007786063385925292
1,MAP3K12 (7786)_damaging,0.10792110770804186
1,STAT2 (6773)_damaging,0.012669201492614328
1,NACA (4666)_damaging,0.01835481170256688
1,MYO1A (4640)_damaging,0.07389534455557496
1,STAT6 (6778)_damaging,0.026806788356703616
1,LRP1 (4035)_damaging,0.0007648044467653195
1,R3HDM2 (22864)_damaging,0.05366819789766641
1,GLI1 (2735)_damaging,0.016943835678151657
1,MBD6 (114785)_damaging,0.015241104686535622
1,XPOT (11260)_damaging,0.01217260383970601
1,PTPRB (5787)_damaging,0.08542695297502532
1,ZFC3H1 (196441)_damaging,0.04850398784277124
1,E2F7 (144455)_damaging,0.0303799600297464
1,NAV3 (89795)_damaging,0.00859648867187586
1,OTOGL (283310)_damaging,0.03037468781216055
1,PTPRQ (374462)_damaging,0.025506527437799194
1,PPFIA2 (8499)_damaging,0.009623641627617871
1,LRRIQ1 (84125)_damaging,0.0523682924363682
1,CEP290 (80184)_damaging,0.04511475539911151
1,PLXNC1 (10154)_damaging,0.01386144187393194
1,CFAP54 (144535)_damaging,0.007827553416886412
1,ANKS1B (56899)_damaging,0.02347716319209701
1,BLTP3B (23074)_damaging,0.006175016006751555
1,UTP20 (27340)_damaging,0.03703423370928897
1,STAB2 (55576)_damaging,0.01423490184059197
1,HCFC2 (29915)_damaging,0.04638819098093633
1,ALDH1L2 (160428)_damaging,0.0441352885939607
1,ACACB (32)_damaging,0.027364958284118685
1,CUX2 (23316)_damaging,0.020352979953478966
1,NAA25 (80018)_damaging,0.007491455626291906
1,HECTD4 (283450)_damaging,0.0010145504889823667
1,DTX1 (1840)_damaging,0.032748005931349994
1,NOS1 (4842)_damaging,0.004085961188661812
1,KSR2 (283455)_damaging,0.00037294831647805904
1,CIT (11113)_damaging,0.004126045252768312
1,HNF1A (6927)_damaging,0.04096726700458513
1,KDM2B (84678)_damaging,0.043791039901839114
1,SETD1B (23067)_damaging,0.034498478995751196
1,CFAP251 (144406)_damaging,0.002656511704151283
1,KNTC1 (9735)_damaging,0.01439876863732476
1,SBNO1 (55206)_damaging,0.02486112558337783
1,DNAH10 (196385)_damaging,0.05367680386549947
1,NCOR2 (9612)_damaging,0.004740649582334051
1,TMEM132D (121256)_damaging,0.049091258468701396
1,RIMBP2 (23504)_damaging,0.06965871019051331
1,EP400 (57634)_damaging,0.014620894936484908
1,POLE (5426)_damaging,0.002091332474740398
1,SACS (26278)_damaging,0.03071171554398301
1,RNF17 (56163)_damaging,0.04561348550571468
1,CENPJ (55835)_damaging,0.013172629131833653
1,ATP8A2 (51761)_damaging,0.05532961324922755
1,PAN3 (255967)_damaging,0.031551032400872515
1,FRY (10129)_damaging,0.0822198541130997
1,BRCA2 (675)_damaging,0.019912591340911903
1,PDS5B (23047)_damaging,0.0673101913577982
1,NBEA (26960)_damaging,0.004299083900590469
1,POSTN (10631)_damaging,0.010746647164826586
1,TRPC4 (7223)_damaging,0.031007615488440436
1,FREM2 (341640)_damaging,0.05122880350228426
1,DGKH (160851)_damaging,0.08649162325600798
1,ZC3H13 (23091)_damaging,0.0037684356917091757
1,RB1 (5925)_damaging,0.10986128504222378
1,PCDH17 (27253)_damaging,0.1022022589763164
1,DIAPH3 (81624)_damaging,0.0670392793262381
1,KLHL1 (57626)_damaging,0.02501489884882184
1,DIS3 (22894)_damaging,0.03650577294100339
1,MYCBP2 (23077)_damaging,0.033270453733143454
1,SLITRK5 (26050)_damaging,0.0016534496509648111
1,UGGT2 (55757)_damaging,0.022094401687921608
1,DOCK9 (23348)_damaging,0.01922136310627446
1,NALCN (259232)_damaging,0.004029852128466283
1,CCDC168 (643677)_damaging,0.06775072016055579
1,MYO16 (23026)_damaging,0.050589687543149006
1,COL4A1 (1282)_damaging,0.0018179902064115706
1,COL4A2 (1284)_damaging,0.05314268288130358
1,TEP1 (7011)_damaging,0.061738407713649475
1,ARHGEF40 (55701)_damaging,0.014601373855906352
1,CHD8 (57680)_damaging,0.03527709877317377
1,AJUBA (84962)_damaging,0.07259149632533655
1,ACIN1 (22985)_damaging,0.001605166830521221
1,MYH7 (4625)_damaging,0.04208477994694303
1,NYNRIN (57523)_damaging,0.04951853938301064
1,ARHGAP5 (394)_damaging,0.06962963967054793
1,AKAP6 (9472)_damaging,0.03617492146193386
1,NPAS3 (64067)_damaging,0.02135953766020845
1,RALGAPA1 (253959)_damaging,0.045353298661957954
1,TTC6 (319089)_damaging,0.015559244269222809
1,MIA2 (4253)_damaging,0.04934480141097264
1,TOGARAM1 (23116)_damaging,0.05272887901234957
1,FANCM (57697)_damaging,0.0574545597274153
1,MDGA2 (161357)_damaging,0.014464007745163793
1,NIN (51199)_damaging,0.04647901129282837
1,NID2 (22795)_damaging,0.08057589948349754
1,KTN1 (3895)_damaging,0.021523973224550925
1,ARID4A (5926)_damaging,0.007405846928043114
1,HIF1A (3091)_damaging,0.07350771779069618
1,KCNH5 (27133)_damaging,0.006742767153330999
1,SYNE2 (23224)_damaging,0.08722974499549466
1,PCNX1 (22990)_damaging,0.02715581903092571
1,SIPA1L1 (26037)_damaging,0.05442306410950261
1,MIDEAS (91748)_damaging,0.015528303764221808
1,YLPM1 (56252)_damaging,0.01839161376440718
1,MLH3 (27030)_damaging,0.046003894264263996
1,NRXN3 (9369)_damaging,0.031826892232821466
1,GALC (2581)_damaging,0.003052828786206241
1,PTPN21 (11099)_damaging,0.008054038878142364
1,ZC3H14 (79882)_damaging,0.041499707863532145
1,EML5 (161436)_damaging,0.02879164488216524
1,FOXN3 (1112)_damaging,0.020356489309294467
1,CCDC88C (440193)_damaging,0.032122036760789514
1,TRIP11 (9321)_damaging,0.04897456529945741
1,UNC79 (57578)_damaging,0.08698390136146847
1,ATG2B (55102)_damaging,0.028437782103107035
1,RTL1 (388015)_damaging,0.017379792665280468
1,DYNC1H1 (1778)_damaging,0.05331035291597207
1,KIF26A (26153)_damaging,0.04410878381604142
1,INF2 (64423)_damaging,0.003832548835735388
1,CEP170B (283638)_damaging,0.07478740474414294
1,AHNAK2 (113146)_damaging,0.0009039149133813891
1,SNHG14 (104472715)_damaging,0.04621749976536023
1,ATP10A (57194)_damaging,0.025981838537141436
1,HERC2 (8924)_damaging,0.05425308592746589
1,TRPM1 (4308)_damaging,0.025586946408273716
1,FMN1 (342184)_damaging,0.034079470902746
1,RYR3 (6263)_damaging,0.0022007623408684916
1,CCDC9B (388115)_damaging,0.029431963849065497
1,KNL1 (57082)_damaging,0.028518262546069807
1,INO80 (54617)_damaging,0.041466827034361164
1,LTK (4058)_damaging,0.0657151117115691
1,TYRO3 (7301)_damaging,0.07484825116996104
1,MGA (23269)_damaging,0.035366647155508885
1,SPTBN5 (51332)_damaging,0.05874969920049306
1,ZNF106 (64397)_damaging,0.047779523746970635
1,STARD9 (57519)_damaging,0.015789372588566053
1,UBR1 (197131)_damaging,0.049039512397177416
1,TP53BP1 (7158)_damaging,0.013371073943022648
1,MAP1A (4130)_damaging,0.04435728235311484
1,SPG11 (80208)_damaging,0.00016779277330437593
1,B2M (567)_damaging,0.03344986973777625
1,DUOX2 (50506)_damaging,0.041029607584272876
1,FBN1 (2200)_damaging,0.035600501479824895
1,CEP152 (22995)_damaging,0.10163144664850317
1,USP8 (9101)_damaging,0.032951557873011336
1,AP4E1 (23431)_damaging,0.018527626691757806
1,DMXL2 (23312)_damaging,0.03492944439718074
1,MYO5C (55930)_damaging,0.05814776002964366
1,UNC13C (440279)_damaging,0.091110291167743
1,RFX7 (64864)_damaging,0.0531108493852924
1,RNF111 (54778)_damaging,0.06708173033105029
1,ICE2 (79664)_damaging,0.026289993158822193
1,VPS13C (54832)_damaging,0.01671577210573264
1,TLN2 (83660)_damaging,0.024982390585623234
1,HERC1 (8925)_damaging,0.013311984924337368
1,ZNF609 (23060)_damaging,0.015254827809877781
1,NOX5 (79400)_damaging,0.011804877476753671
1,MYO9A (4649)_damaging,0.03753907184584287
1,HCN4 (10021)_damaging,0.031223213540385045
1,SIN3A (25942)_damaging,0.0834281026079521
1,PEAK1 (79834)_damaging,0.03939978992810016
1,ADAMTSL3 (57188)_damaging,0.012195643696261176
1,AKAP13 (11214)_damaging,0.08678422892099595
1,AGBL1 (123624)_damaging,0.028459012168910072
1,NTRK3 (4916)_damaging,0.07073821616466593
1,TICRR (90381)_damaging,0.05227782819622975
1,KIF7 (374654)_damaging,0.07537267579858796
1,IQGAP1 (8826)_damaging,0.020227289754898254
1,BLM (641)_damaging,0.008355854877319917
1,FES (2242)_damaging,0.05169754082737217
1,CHD2 (1106)_damaging,0.06174650635484087
1,LRRK1 (79705)_damaging,0.029913541493296957
1,AXIN1 (8312)_damaging,0.07431687496123258
1,WDR90 (197335)_damaging,0.006424567731251393
1,CACNA1H (8912)_damaging,0.02433030563410268
1,UNKL (64718)_damaging,0.0032766353458721126
1,CRAMP1 (57585)_damaging,0.08691514818486437
1,TSC2 (7249)_damaging,0.035886190433283956
1,PKD1 (5310)_damaging,0.051876395246843204
1,CASKIN1 (57524)_damaging,0.0155575455730762
1,SLX4 (84464)_damaging,0.025286655982384245
1,CREBBP (1387)_damaging,0.08481927825276443
1,GRIN2A (2903)_damaging,0.025431228675490282
1,SMG1 (23049)_damaging,0.012741094311901579
1,KNOP1 (400506)_damaging,0.037641711225408526
1,DNAH3 (55567)_damaging,0.013715588050421163
1,PALB2 (79728)_damaging,0.018836794047182578
1,RBBP6 (5930)_damaging,0.0020463893877880122
1,TNRC6A (27327)_damaging,0.024022777718248105
1,GTF3C1 (2975)_damaging,0.02114829423584243
1,ATXN2L (11273)_damaging,0.008042391896640104
1,FBRS (64319)_damaging,0.025843319054563527
1,SRCAP (10847)_damaging,0.045164375160153085
1,SETD1A (9739)_damaging,0.010985292350294535
1,ITGAD (3681)_damaging,0.029441085492836732
1,SALL1 (6299)_damaging,0.016464811252354165
1,CHD9 (80205)_damaging,0.012929456472234247
1,RBL2 (5934)_damaging,0.008594153168464022
1,NLRC5 (84166)_damaging,0.03141803643121999
1,CNGB1 (1258)_damaging,0.019464589960799594
1,CDH8 (1006)_damaging,0.00806904022703836
1,CDH11 (1009)_damaging,0.002180732545688959
1,CTCF (10664)_damaging,0.06581154245078351
1,CARMIL2 (146206)_damaging,0.044491255471766675
1,CDH1 (999)_damaging,0.009196718827395948
1,DHX38 (9785)_damaging,0.04005146246869888
1,ZFHX3 (463)_damaging,0.04402110877318139
1,CNTNAP4 (85445)_damaging,0.03721349324742192
1,PKD1L2 (114780)_damaging,0.026299779649150593
1,TAF1C (9013)_damaging,0.03337013032440058
1,GSE1 (23199)_damaging,0.042253714032378334
1,IRF8 (3394)_damaging,0.08750949582995703
1,ZNF469 (84627)_damaging,0.03105955901475782
1,ZC3H18 (124245)_damaging,0.02030495075121116
1,LINC02138 (400558)_damaging,0.08150150108566911
1,CDH15 (1013)_damaging,0.024812727168172878
1,ANKRD11 (29123)_damaging,0.017538330372309036
1,VPS9D1 (9605)_damaging,0.022376908492622916
1,CLUH (23277)_damaging,0.07550477874038297
1,SPATA22 (84690)_damaging,0.06656269843654956
1,ZZEF1 (23140)_damaging,0.043479082439847175
1,CAMTA2 (23125)_damaging,0.04727346661157055
1,USP6 (9098)_damaging,0.009149538676342849
1,FXR2 (9513)_damaging,0.044801103411977544
1,TP53 (7157)_damaging,0.3492828389917217
1,EFNB3 (1949)_damaging,0.01803301184755132
1,DNAH2 (146754)_damaging,0.07171608361738485
1,KDM6B (23135)_damaging,0.03462537744900249
1,CHD3 (1107)_damaging,0.01531751277110321
1,PER1 (5187)_damaging,0.002178984790575019
1,MYH13 (8735)_damaging,0.015484865650700064
1,MYH8 (4626)_damaging,0.005615052419934039
1,MYH4 (4622)_damaging,0.009527242036024055
1,MYH1 (4619)_damaging,0.04133231906878025
1,MYH2 (4620)_damaging,0.0017365406911869232
1,DNAH9 (1770)_damaging,0.05226076237523551
1,MYOCD (93649)_damaging,0.005150056623401265
1,NCOR1 (9611)_damaging,0.036402397749939794
1,MPRIP (23164)_damaging,0.010907698249126909
1,MYO15A (51168)_damaging,0.049017672970021756
1,SPECC1 (92521)_damaging,0.03096123958520074
1,KSR1 (8844)_damaging,0.01332705788653315
1,MYO18A (399687)_damaging,0.003944541025937972
1,EFCAB5 (374786)_damaging,0.012659506306965563
1,ATAD5 (79915)_damaging,0.014728386568233113
1,NF1 (4763)_damaging,0.0626301637826452
1,SLFN11 (91607)_damaging,0.018694408871243382
1,SYNRG (11276)_damaging,0.047057850274088354
1,GPR179 (440435)_damaging,0.006376710162295886
1,ARHGAP23 (57636)_damaging,0.042320599994874177
1,TOP2A (7153)_damaging,0.031002742955771313
1,KCNH4 (23415)_damaging,0.014258868518477446
1,STAT5B (6777)_damaging,0.015678752918166724
1,BRCA1 (672)_damaging,0.02439502923253388
1,ITGA2B (3674)_damaging,0.04021316418755221
1,KANSL1 (284058)_damaging,0.021887368082565382
1,HOXB3 (3213)_damaging,0.02288127064790378
1,COL1A1 (1277)_damaging,0.06850702807361765
1,ANKFN1 (162282)_damaging,0.02671284468491416
1,RNF43 (54894)_damaging,0.004033884538581855
1,PPM1D (8493)_damaging,0.02987330341514086
1,TBX4 (9496)_damaging,0.00561404241648801
1,BRIP1 (83990)_damaging,0.01206525125107012
1,MED13 (9969)_damaging,0.02206753410843622
1,MRC2 (9902)_damaging,0.021516849793338982
1,SCN4A (6329)_damaging,0.018868996208987663
1,GNA13 (10672)_damaging,0.04793364138394946
1,AXIN2 (8313)_damaging,0.025918475034355425
1,HELZ (9931)_damaging,0.038910492744829626
1,NOL11 (25926)_damaging,0.007422674895674306
1,BPTF (2186)_damaging,0.08256186518554222
1,ABCA8 (10351)_damaging,0.016370290803061016
1,ABCA9 (10350)_damaging,0.003499765379518674
1,ABCA6 (23460)_damaging,0.0052447468216669235
1,ABCA10 (10349)_damaging,0.021476393947272715
1,ABCA5 (23461)_damaging,0.0077276124541546184
1,SOX9 (6662)_damaging,0.07840888348426031
1,SDK2 (54549)_damaging,0.04875253895276985
1,TMEM94 (9772)_damaging,0.019195131622195934
1,MYO15B (80022)_damaging,0.07922238966460571
1,ITGB4 (3691)_damaging,0.033815794876495685
1,EVPL (2125)_damaging,0.0353291071446656
1,SPHK1 (8877)_damaging,0.009818412002449747
1,TNRC6C (57690)_damaging,0.025604647550351082
1,DNAH17 (8632)_damaging,0.0276682555776288
1,CARD14 (79092)_damaging,0.00091806497431546
1,RPTOR (57521)_damaging,0.009748838562914487
1,BAHCC1 (57597)_damaging,0.014170018682814515
1,FASN (2194)_damaging,0.0692600568866849
1,NARF (26502)_damaging,0.0439783005598436
1,SMCHD1 (23347)_damaging,0.009555841758988725
1,EPB41L3 (23136)_damaging,0.06789324212211935
1,LAMA1 (284217)_damaging,0.007122167620112978
1,PTPRM (5797)_damaging,0.04574405028008728
1,MTCL1 (23255)_damaging,0.028893810029625953
1,ANKRD12 (23253)_damaging,0.027076547627404104
1,PIEZO2 (63895)_damaging,0.021799418217341507
1,ANKRD30B (374860)_damaging,0.025350997495831248
1,ROCK1 (6093)_damaging,0.07622307586715828
1,ESCO1 (114799)_damaging,0.012671552686890929
1,LAMA3 (3909)_damaging,0.003496948034501274
1,OSBPL1A (114876)_damaging,0.0036607134326323183
1,ZNF521 (25925)_damaging,0.040924655335481876
1,CCDC178 (374864)_damaging,0.021026525907936737
1,ASXL3 (80816)_damaging,0.015310215770571057
1,FHOD3 (80206)_damaging,0.019886389680538605
1,SETBP1 (26040)_damaging,0.048270392176240365
1,LOXHD1 (125336)_damaging,0.07508316005429377
1,SKOR2 (652991)_damaging,0.038999345005889086
1,ZBTB7C (201501)_damaging,0.004949636377659884
1,MYO5B (4645)_damaging,0.01979602472094038
1,SMAD4 (4089)_damaging,0.10685982200972344
1,DCC (1630)_damaging,0.07820764116476132
1,ALPK2 (115701)_damaging,0.03151627307150825
1,CDH7 (1005)_damaging,0.06676007738927436
1,DSEL (92126)_damaging,0.04273924604261792
1,RTTN (25914)_damaging,0.030796031895696692
1,ZNF407 (55628)_damaging,0.01189455232374262
1,ZNF236 (7776)_damaging,0.0006860276756091659
1,SALL3 (27164)_damaging,0.011398284875672158
1,ATP9B (374868)_damaging,0.018574266898050588
1,KCNG2 (26251)_damaging,0.010983806155519296
1,ABCA7 (10347)_damaging,0.05820483997707472
1,STK11 (6794)_damaging,0.015112643123042436
1,DAZAP1 (26528)_damaging,0.03307739868692518
1,AP3D1 (8943)_damaging,0.038167263415453886
1,DOT1L (84444)_damaging,0.0002185179175687893
1,ZBTB7A (51341)_damaging,0.009497615197770445
1,TICAM1 (148022)_damaging,0.013756576556717361
1,KDM4B (23030)_damaging,0.038311707414805336
1,PTPRS (5802)_damaging,0.08207649327066352
1,SAFB2 (9667)_damaging,0.02628563929357726
1,SAFB (6294)_damaging,0.014894279253032739
1,CAMSAP3 (57662)_damaging,0.015050782769452742
1,FBN3 (84467)_damaging,0.00693010973995034
1,MUC16 (94025)_damaging,0.017138990036012713
1,COL5A3 (50509)_damaging,0.10213066215042008
1,TYK2 (7297)_damaging,0.01335682640962613
1,KEAP1 (9817)_damaging,0.04053561753699937
1,DNM2 (1785)_damaging,0.024092597519603076
1,SMARCA4 (6597)_damaging,0.043283946605191186
1,MAN2B1 (4125)_damaging,0.02476814719555842
1,CACNA1A (773)_damaging,0.09008891795414749
1,NOTCH3 (4854)_damaging,0.0697174284197415
1,WIZ (58525)_damaging,0.004435681936481099
1,AP1M1 (8907)_damaging,0.03089987819891915
1,NWD1 (284434)_damaging,0.003709346771051407
1,SIN3B (23309)_damaging,0.002883060587550775
1,CPAMD8 (27151)_damaging,0.0729382984508914
1,CRLF1 (9244)_damaging,0.020874214526504967
1,ZNF43 (7594)_damaging,0.035061847826168044
1,ZNF208 (7757)_damaging,0.02187575120740443
1,ZNF729 (100287226)_damaging,0.0029450831639096816
1,ZNF91 (7644)_damaging,0.007874256285745673
1,URI1 (8725)_damaging,0.02525002296745106
1,ZNF536 (9745)_damaging,0.05190059247552133
1,TSHZ3 (57616)_damaging,0.012580124216639944
1,KMT2B (9757)_damaging,0.012476460449349613
1,ZNF569 (148266)_damaging,0.03895250589187256
1,WDR87 (83889)_damaging,0.01835584005275742
1,SIPA1L3 (23094)_damaging,0.024454330280143804
1,RYR1 (6261)_damaging,0.03770233097116167
1,MAP4K1 (11184)_damaging,0.010702692121069071
1,PAF1 (54623)_damaging,0.0326747238176596
1,FCGBP (8857)_damaging,0.04197200242378535
1,PRX (57716)_damaging,0.0270276370918939
1,HNRNPUL1 (11100)_damaging,0.005491969815853342
1,ERF (2077)_damaging,0.0028852874840100446
1,CIC (23152)_damaging,0.004255989637692927
1,MEGF8 (1954)_damaging,0.002611321533771605
1,MARK4 (57787)_damaging,0.025894256234107595
1,ARHGAP35 (2909)_damaging,0.009391817290862149
1,ZC3H4 (23211)_damaging,0.05480955742331096
1,BICRA (29998)_damaging,0.0355537589921285
1,GRIN2D (2906)_damaging,0.006872967104460474
1,LMTK3 (114783)_damaging,0.06738475025348672
1,PRR12 (57479)_damaging,0.017898084346821753
1,POLD1 (5424)_damaging,0.0020714687640282815
1,SHANK1 (50944)_damaging,0.023607331496940682
1,BRSK1 (84446)_damaging,0.019990824400603492
1,SSC5D (284297)_damaging,0.026833616673435694
1,NLRP9 (338321)_damaging,0.04421004115585745
1,NLRP4 (147945)_damaging,0.03680377521859858
1,PEG3 (5178)_damaging,0.030475690789689775
1,ZIM3 (114026)_damaging,0.03912113814839995
1,TPO (7173)_damaging,0.028022868472969392
1,PXDN (7837)_damaging,0.00021983103196017813
1,ROCK2 (9475)_damaging,0.028429274405507306
1,GREB1 (9687)_damaging,0.012658425334578388
1,NBAS (51594)_damaging,0.05873096944428055
1,RAD51AP2 (729475)_damaging,0.01914244394082099
1,APOB (338)_damaging,0.003313264677076775
1,TDRD15 (100129278)_damaging,0.0441655698667282
1,ATAD2B (54454)_damaging,0.02701733334977852
1,ITSN2 (50618)_damaging,0.011263634747706494
1,DNMT3A (1788)_damaging,0.020195810811269442
1,ASXL2 (55252)_damaging,0.002798353499301424
1,OTOF (9381)_damaging,0.056407204831057114
1,CAD (790)_damaging,0.04070050203003593
1,IFT172 (26160)_damaging,0.042011283368795
1,SPATA31H1 (84226)_damaging,0.04921371284324335
1,ALK (238)_damaging,0.0035874297944784653
1,BIRC6 (57448)_damaging,0.011200954706670404
1,LTBP1 (4052)_damaging,0.0940078139635524
1,HEATR5B (54497)_damaging,0.026135555527677067
1,ZFP36L2 (678)_damaging,0.0631776089646344
1,THADA (63892)_damaging,0.027034087031190746
1,MSH2 (4436)_damaging,0.06645376308822945
1,MSH6 (2956)_damaging,0.0517322475011049
1,NRXN1 (9378)_damaging,0.08138540407370305
1,SPTBN1 (6711)_damaging,0.012947782933544056
1,EML6 (400954)_damaging,0.028367337284291565
1,CCDC88A (55704)_damaging,0.0815857283892279
1,USP34 (9736)_damaging,0.046396367667916244
1,C2orf42 (54980)_damaging,0.0398260080537897
1,ZNF638 (27332)_damaging,0.010648067519607491
1,DYSF (8291)_damaging,0.016725439225729152
1,ALMS1 (7840)_damaging,0.024859381597975495
1,LOXL3 (84695)_damaging,0.018937218578646945
1,CTNNA2 (1496)_damaging,0.04233462438397187
1,DNAH6 (1768)_damaging,0.014642648372706202
1,ANKRD36C (400986)_damaging,0.038261232796003596
1,ANKRD36 (375248)_damaging,0.016957522296553663
1,TMEM131 (23505)_damaging,0.0005383179853141965
1,VWA3B (200403)_damaging,0.02082245642574749
1,CRACDL (343990)_damaging,0.010954576330490514
1,EIF5B (9669)_damaging,0.04451029365762736
1,GCC2 (9648)_damaging,0.05946600113703188
1,DPP10 (57628)_damaging,0.06249458014357918
1,MARCO (8685)_damaging,0.031645889969692136
1,CNTNAP5 (129684)_damaging,0.018676175636632163
1,WDR33 (55339)_damaging,0.01277086357695674
1,UGGT1 (56886)_damaging,0.03486903287183731
1,AMER3 (205147)_damaging,0.021597253546304613
1,ARHGEF4 (50649)_damaging,0.07322615615671832
1,NCKAP5 (344148)_damaging,0.017604583259582026
1,THSD7B (80731)_damaging,0.07209675350143913
1,LRP1B (53353)_damaging,0.005657651205227657
1,ACVR2A (92)_damaging,0.015019719967840586
1,RIF1 (55183)_damaging,0.03513362932163117
1,NEB (4703)_damaging,0.018648442444458017
1,GALNT13 (114805)_damaging,0.00023626916504075339
1,BAZ2B (29994)_damaging,0.031827641885240454
1,LY75 (4065)_damaging,0.05463183915277242
1,PLA2R1 (22925)_damaging,0.026110496235920436
1,SLC4A10 (57282)_damaging,0.0638665892741511
1,DPP4 (1803)_damaging,0.004529110021080972
1,KCNH7 (90134)_damaging,0.0038860722558179206
1,FIGN (55137)_damaging,0.0024378777251835787
1,SCN3A (6328)_damaging,0.06856711747994501
1,SCN2A (6326)_damaging,0.03785864121889523
1,TTC21B (79809)_damaging,0.012927816163957426
1,SCN1A (6323)_damaging,0.006910273287903211
1,SCN9A (6335)_damaging,0.008746209702424797
1,SCN7A (6332)_damaging,0.05456196936344721
1,XIRP2 (129446)_damaging,0.07526925750869866
1,LRP2 (4036)_damaging,0.017192117166376954
1,PPIG (9360)_damaging,0.012794734313171208
1,CFAP210 (129881)_damaging,0.008233320382780773
1,GPR155 (151556)_damaging,0.09450785136129643
1,TTN (7273)_damaging,0.050136061107839296
1,CCDC141 (285025)_damaging,0.020370753986768242
1,ITGA4 (3676)_damaging,0.03443325324421867
1,FSIP2 (401024)_damaging,0.022157555680578804
1,ITGAV (3685)_damaging,0.00891611405684795
1,COL3A1 (1281)_damaging,0.014603137561924037
1,COL5A2 (1290)_damaging,0.01395503095177255
1,ANKAR (150709)_damaging,0.0005922222675412925
1,DNAH7 (56171)_damaging,0.020636383855412173
1,HECW2 (57520)_damaging,0.02858564524863439
1,PLCL1 (5334)_damaging,0.03963153404548016
1,SGO2 (151246)_damaging,0.024584749372542646
1,CASP8 (841)_damaging,0.024634518284069817
1,C2CD6 (151254)_damaging,0.04105670745460808
1,BMPR2 (659)_damaging,0.04458481314402058
1,NBEAL1 (65065)_damaging,0.006019491552557634
1,PARD3B (117583)_damaging,0.034195171652070214
1,INO80D (54891)_damaging,0.006837304328166021
1,ZDBF2 (57683)_damaging,0.0653000887963844
1,ADAM23 (8745)_damaging,0.026993228679893736
1,MAP2 (4133)_damaging,0.01689703841205928
1,UNC80 (285175)_damaging,0.04697630751724032
1,CPS1 (1373)_damaging,0.0749779456129891
1,ERBB4 (2066)_damaging,0.05377712806457233
1,ABCA12 (26154)_damaging,0.028227029190473565
1,FN1 (2335)_damaging,0.03920892754905674
1,TNS1 (7145)_damaging,0.05203601595764752
1,CFAP65 (255101)_damaging,0.02088182437210456
1,SPEG (10290)_damaging,0.07054269555028479
1,SLC4A3 (6508)_damaging,0.0010047814881309822
1,NYAP2 (57624)_damaging,0.03743582959282395
1,IRS1 (3667)_damaging,0.006756285100397762
1,COL4A4 (1286)_damaging,0.05193756255953377
1,SPHKAP (80309)_damaging,0.012997403534120575
1,MROH2A (339766)_damaging,0.0445289933127134
1,COL6A3 (1293)_damaging,0.05943900296844678
1,RBM44 (375316)_damaging,0.02265473228948077
1,HDAC4 (9759)_damaging,0.0188503633560338
1,KIF1A (547)_damaging,0.0717884566610239
1,CROCC2 (728763)_damaging,0.0382190843158497
1,FASTKD5 (60493)_damaging,0.052294545844887234
1,SLC4A11 (83959)_damaging,0.07167734049220935
1,PLCB4 (5332)_damaging,0.006730073266910315
1,ESF1 (51575)_damaging,0.0032749178121210584
1,SEL1L2 (80343)_damaging,0.014676521056889515
1,RRBP1 (6238)_damaging,0.0640996622791031
1,CFAP61 (26074)_damaging,0.021514836858802254
1,RALGAPA2 (57186)_damaging,0.0011948361608490289
1,CD93 (22918)_damaging,0.05346980068581711
1,ASXL1 (171023)_damaging,0.018998918255544506
1,NCOA6 (23054)_damaging,0.06896072029025799
1,MYH7B (57644)_damaging,0.051588478956574486
1,CEP250 (11190)_damaging,0.016160654248249
1,SAMHD1 (25939)_damaging,0.012660133708055415
1,RALGAPB (57148)_damaging,0.0013421466643851008
1,CHD6 (84181)_damaging,0.01449968157286306
1,PTPRT (11122)_damaging,0.04770794188747435
1,DDX27 (55661)_damaging,0.03428609761159616
1,KCNB1 (3745)_damaging,0.004845629687583346
1,GNAS (2778)_damaging,0.010009411852845807
1,ZNF831 (128611)_damaging,0.0009650602188870669
1,SYCP2 (10388)_damaging,0.006330299377554256
1,LAMA5 (3911)_damaging,0.06311645190157097
1,DIDO1 (11083)_damaging,0.020638269850435924
1,COL20A1 (57642)_damaging,0.01422153396380406
1,HELZ2 (85441)_damaging,0.07877266120634845
1,TPTE (7179)_damaging,0.03104055303525266
1,NRIP1 (8204)_damaging,0.051925700888682945
1,ADAMTS5 (11096)_damaging,0.014742184063932089
1,LTN1 (26046)_damaging,0.008338456007415687
1,USP16 (10600)_damaging,0.022246705949145518
1,SCAF4 (57466)_damaging,0.07193019530422079
1,ITSN1 (6453)_damaging,0.023862449891316664
1,RUNX1 (861)_damaging,0.0331614308018188
1,DOP1B (9980)_damaging,0.07088853727720601
1,BRWD1 (54014)_damaging,0.01476612154691195
1,DSCAM (1826)_damaging,0.0518129154222326
1,ZBTB21 (49854)_damaging,0.08737730331605087
1,COL18A1 (80781)_damaging,0.07195650465821224
1,PCNT (5116)_damaging,0.05951218258153369
1,ZDHHC8 (29801)_damaging,0.0022617616855208043
1,MED15 (51586)_damaging,0.04389108250562014
1,LZTR1 (8216)_damaging,0.06833892667257523
1,MYO18B (84700)_damaging,0.03867480110893229
1,MN1 (4330)_damaging,0.043038953416582634
1,NF2 (4771)_damaging,0.1948782911810245
1,PRR14L (253143)_damaging,0.03299953450713438
1,DEPDC5 (9681)_damaging,0.010008034665922608
1,RTCB (51493)_damaging,0.012438278430489818
1,MYH9 (4627)_damaging,0.03231002619540214
1,CSF2RB (1439)_damaging,0.0820572402981684
1,TRIOBP (11078)_damaging,0.0859588884190309
1,CACNA1I (8911)_damaging,0.038434249176513315
1,TNRC6B (23112)_damaging,0.016084680657704357
1,EP300 (2033)_damaging,0.028961513609229033
1,MEI1 (150365)_damaging,0.021303174118028942
1,TCF20 (6942)_damaging,0.033518256841504654
1,SMC1B (27127)_damaging,0.04651887078155421
1,PKDREJ (10343)_damaging,0.07390976698036447
1,CELSR1 (9620)_damaging,0.02305490925498535
1,PLXNB2 (23654)_damaging,0.08655643197858104
1,PPP6R2 (9701)_damaging,0.0753592587868906
1,SBF1 (6305)_damaging,0.027184435375634284
1,CHL1 (10752)_damaging,0.06031970267088028
1,CNTN6 (27255)_damaging,0.029888247065708196
1,CNTN4 (152330)_damaging,0.027022911173127457
1,GRM7 (2917)_damaging,0.017856429800990687
1,SSUH2 (51066)_damaging,0.02591135446017419
1,VHL (7428)_damaging,0.00856296347622772
1,NUP210 (23225)_damaging,0.0032318996597485877
1,KCNH8 (131096)_damaging,0.030548125090938946
1,TGFBR2 (7048)_damaging,0.006975562945972787
1,CLASP2 (23122)_damaging,0.0007102801274996213
1,TRANK1 (9881)_damaging,0.02816169919477617
1,MLH1 (4292)_damaging,0.030118444136256705
1,GOLGA4 (2803)_damaging,0.01124208619006138
1,SCN10A (6336)_damaging,0.03449641972958106
1,SCN11A (11280)_damaging,0.019810419350654158
1,TOPAZ1 (375337)_damaging,0.010906910522852083
1,SETD2 (29072)_damaging,0.0593759864689755
1,PTPN23 (25930)_damaging,0.04954379865862852
1,PLXNB1 (5364)_damaging,0.03396826279388058
1,COL7A1 (1294)_damaging,0.07428447953978201
1,CELSR3 (1951)_damaging,0.012576836073549714
1,RHOA (387)_damaging,0.04840857867002688
1,BSN (8927)_damaging,0.01672615664697792
1,RBM6 (10180)_damaging,0.030636315679971625
1,DOCK3 (1795)_damaging,0.0034211686829398154
1,DNAH1 (25981)_damaging,0.013819901660547439
1,BAP1 (8314)_damaging,0.033421858700315804
1,STAB1 (23166)_damaging,0.013868612133966654
1,PBRM1 (55193)_damaging,0.041455890785860615
1,CACNA2D3 (55799)_damaging,0.03599104807811162
1,DNAH12 (201625)_damaging,0.004112735521017948
1,FLNB (2317)_damaging,0.034107663198436146
1,PTPRG (5793)_damaging,0.08553084343161378
1,ATXN7 (6314)_damaging,0.04732822400920489
1,CNTN3 (5067)_damaging,0.03390856904715555
1,ROBO2 (6092)_damaging,0.06862379132262561
1,ROBO1 (6091)_damaging,0.025474965569671375
1,EPHA3 (2042)_damaging,0.005715777965385907
1,EPHA6 (285220)_damaging,0.11801963363215039
1,CRYBG3 (131544)_damaging,0.005759406197051916
1,FILIP1L (11259)_damaging,0.0024433406479522526
1,ABI3BP (25890)_damaging,0.044104978690013626
1,NFKBIZ (64332)_damaging,0.018925234549210974
1,MYH15 (22989)_damaging,0.00688163039740157
1,DZIP3 (9666)_damaging,0.07516239034951978
1,MORC1 (27136)_damaging,0.03326535384970282
1,NECTIN3 (25945)_damaging,0.0500273702703119
1,PHLDB2 (90102)_damaging,0.048282352774027024
1,ZBTB20 (26137)_damaging,0.052140530324283146
1,CFAP91 (89876)_damaging,0.03586483083919275
1,POLQ (10721)_damaging,0.05116595317266247
1,GOLGB1 (2804)_damaging,0.006089158962218373
1,KALRN (8997)_damaging,0.040594468272205926
1,MBD4 (8930)_damaging,0.03713812997384455
1,COL6A5 (256076)_damaging,0.03103497452303483
1,DNAJC13 (23317)_damaging,0.030817000202184645
1,TOPBP1 (11073)_damaging,0.049723273628237225
1,RASA2 (5922)_damaging,0.014342921012360767
1,XRN1 (54464)_damaging,0.03511387187564386
1,ATR (545)_damaging,0.026651689015161996
1,HPS3 (84343)_damaging,0.013233785364053341
1,MED12L (116931)_damaging,0.04686650458328005
1,IGSF10 (285313)_damaging,0.05000668653952965
1,ARHGEF26 (26084)_damaging,0.035710578847569806
1,MME (4311)_damaging,0.04588284806493625
1,SMC4 (10051)_damaging,0.025724978023690268
1,SI (6476)_damaging,0.00786603493723369
1,MECOM (2122)_damaging,0.0052068011767877126
1,TNIK (23043)_damaging,0.001344948313155216
1,PLD1 (5337)_damaging,0.0016309531143359484
1,USP13 (8975)_damaging,0.04726280710133457
1,VWA5B2 (90113)_damaging,0.030432535441924414
1,MUC4 (4585)_damaging,0.03421736835747898
1,TNK2 (10188)_damaging,0.01810112336279552
1,NSD2 (7468)_damaging,0.01099345416064755
1,POLN (353497)_damaging,0.09123326449661184
1,FAM193A (8603)_damaging,0.06522635741439156
1,HTT (3064)_damaging,0.023169508826375886
1,UNC93B7 (100887746)_damaging,0.04465481105132311
1,BOD1L1 (259282)_damaging,0.013345246485606149
1,CPEB2 (132864)_damaging,0.005616693380979949
1,SLIT2 (9353)_damaging,0.06790798153625541
1,PCDH7 (5099)_damaging,0.0949313400188634
1,KLF3 (51274)_damaging,0.008548487457719793
1,RFC1 (5981)_damaging,0.010225676968557989
1,LIMCH1 (22998)_damaging,0.029470762862802424
1,BEND4 (389206)_damaging,0.05481101250279132
1,ATP8A1 (10396)_damaging,0.028668429348101043
1,CORIN (10699)_damaging,0.019638961362427102
1,FRYL (285527)_damaging,0.029515604859618783
1,KDR (3791)_damaging,0.07483703088866105
1,CRACD (57482)_damaging,0.059305864471625114
1,POLR2B (5431)_damaging,0.015819028371794455
1,ADGRL3 (23284)_damaging,0.0791857368243439
1,EPHA5 (2044)_damaging,0.04971077270773907
1,CENPC (1060)_damaging,0.0029189589735795865
1,ADAMTS3 (9508)_damaging,0.04264654781298062
1,SHROOM3 (57619)_damaging,0.050926551456294746
1,FRAS1 (80144)_damaging,0.02130299427864667
1,WDFY3 (23001)_damaging,0.04316081552332511
1,ARHGAP24 (83478)_damaging,0.0005941117388344544
1,PTPN13 (5783)_damaging,0.05204200222608488
1,AFF1 (4299)_damaging,0.005232477244546009
1,ABCG2 (9429)_damaging,0.01334677223767564
1,HERC5 (51191)_damaging,0.021772307773829623
1,MMRN1 (22915)_damaging,0.01600463715725271
1,GRID2 (2895)_damaging,0.0034861123256406143
1,SMARCAD1 (56916)_damaging,0.0008778487582880512
1,UNC5C (8633)_damaging,0.0045022950709936145
1,CENPE (1062)_damaging,0.027603600633975475
1,TET2 (54790)_damaging,0.08400782827805435
1,COL25A1 (84570)_damaging,0.0733678200980717
1,ZGRF1 (55345)_damaging,0.08154668595001713
1,ANK2 (287)_damaging,0.030317497177089533
1,BLTP1 (84162)_damaging,0.0355202093826263
1,FAT4 (79633)_damaging,0.038019367660143494
1,SCLT1 (132320)_damaging,0.03879659289293673
1,PCDH10 (57575)_damaging,0.026563257102127286
1,NAA15 (80155)_damaging,0.013062391548708393
1,LRBA (987)_damaging,0.0631962168867909
1,FBXW7 (55294)_damaging,0.017999222318330833
1,FHDC1 (85462)_damaging,0.019751997425664396
1,DCHS2 (54798)_damaging,0.014804527444008864
1,MAP9 (79884)_damaging,0.003531279047945418
1,GRIA2 (2891)_damaging,0.022115469848761032
1,RXFP1 (59350)_damaging,0.016884486451175837
1,RAPGEF2 (9693)_damaging,0.018017030247311914
1,FSTL5 (56884)_damaging,0.032849408708311253
1,DDX60 (55601)_damaging,0.004059323887506249
1,CLCN3 (1182)_damaging,0.010826950223218905
1,HAND2 (9464)_damaging,0.025643085107707315
1,TENM3 (55714)_damaging,0.01196472683003158
1,STOX2 (56977)_damaging,0.024375035382065386
1,SORBS2 (8470)_damaging,0.030387174978130718
1,FAT1 (2195)_damaging,0.024426359459486457
1,SDHA (6389)_damaging,0.01105181146038294
1,SLC12A7 (10723)_damaging,0.011792834860647822
1,SLC6A19 (340024)_damaging,0.018735895408174892
1,TERT (7015)_damaging,0.02934310482553585
1,ADAMTS16 (170690)_damaging,0.00810560743465842
1,ICE1 (23379)_damaging,0.03957675193068567
1,SEMA5A (9037)_damaging,0.030860095410666578
1,DNAH5 (1767)_damaging,0.037352896896431544
1,TRIO (7204)_damaging,0.05321371905497608
1,CDH18 (1016)_damaging,0.035651619502463414
1,PRDM9 (56979)_damaging,0.06232051990305173
1,CDH10 (1008)_damaging,0.0021727761740645266
1,CDH6 (1004)_damaging,0.010467833398514434
1,PDZD2 (23037)_damaging,0.07592608188376179
1,ADAMTS12 (81792)_damaging,0.013997064647759095
1,SPEF2 (79925)_damaging,0.005401414728940495
1,NIPBL (25836)_damaging,0.008216406554652783
1,CPLANE1 (65250)_damaging,0.02199661920577905
1,EGFLAM (133584)_damaging,0.021685851443549023
1,C7 (730)_damaging,0.012892178453577458
1,MROH2B (133558)_damaging,0.009127888159174391
1,C6 (729)_damaging,0.007688886447523774
1,HCN1 (348980)_damaging,0.024643045803964203
1,ITGA2 (3673)_damaging,0.010920353402880553
1,DHX29 (54505)_damaging,0.04379352364346038
1,ZSWIM6 (57688)_damaging,0.06207752641090301
1,MAST4 (375449)_damaging,0.008605550356785537
1,PIK3R1 (5295)_damaging,0.07229882647980498
1,RAD17 (5884)_damaging,0.0410630246260166
1,BDP1 (55814)_damaging,0.019251550378628326
1,MAP1B (4131)_damaging,0.01668561223078172
1,ARHGEF28 (64283)_damaging,0.06855307515252247
1,ANKRD31 (256006)_damaging,0.029815506753924362
1,AGGF1 (55109)_damaging,0.0751098394888998
1,AP3B1 (8546)_damaging,0.01971251886322055
1,CMYA5 (202333)_damaging,0.1000645152689775
1,MSH3 (4437)_damaging,0.07670245886779974
1,VCAN (1462)_damaging,0.02817283021010256
1,RASA1 (5921)_damaging,0.05840823481834723
1,ADGRV1 (84059)_damaging,0.018692476754974877
1,SKIC3 (9652)_damaging,0.002608813306060701
1,ARSK (153642)_damaging,0.005734829995372556
1,SLCO6A1 (133482)_damaging,0.030635420580163546
1,APC (324)_damaging,0.07604429121402018
1,DMXL1 (1657)_damaging,0.08322265943387647
1,ZNF608 (57507)_damaging,0.008026372410561025
1,FBN2 (2201)_damaging,0.02627602826103003
1,ADAMTS19 (171019)_damaging,0.019478052981120705
1,RAPGEF6 (51735)_damaging,0.03251266607673773
1,FNIP1 (96459)_damaging,0.038136813119589975
1,RAD50 (10111)_damaging,0.07375804207973674
1,PITX1 (5307)_damaging,0.0843048630644968
1,LINC02900 (340073)_damaging,0.017375861439573745
1,CTNNA1 (1495)_damaging,0.04605042388030305
1,WDR55 (54853)_damaging,0.025017716091507127
1,NR3C1 (2908)_damaging,0.04434671040218999
1,TCERG1 (10915)_damaging,0.0847379796374898
1,FAT2 (2196)_damaging,0.017156929034608196
1,LARP1 (23367)_damaging,0.011862789836594298
1,DOCK2 (1794)_damaging,0.02021160734268567
1,NSD1 (64324)_damaging,0.02302790481843418
1,ADAMTS2 (9509)_damaging,0.019516123849201983
1,FLT4 (2324)_damaging,0.09405011692028549
1,DSP (1832)_damaging,0.020303204841289724
1,HIVEP1 (3096)_damaging,0.005334734707239543
1,JARID2 (3720)_damaging,0.0195477922873128
1,HLA-A (3105)_damaging,0.016669679844430654
1,MDC1 (9656)_damaging,0.030997680829785032
1,VARS2 (57176)_damaging,0.008730278446748587
1,MUCL3 (135656)_damaging,0.002327068345537672
1,HLA-C (3107)_damaging,0.05715300545988384
1,HLA-B (3106)_damaging,0.021005991531594898
1,PRRC2A (7916)_damaging,0.009702381654104723
1,BAG6 (7917)_damaging,0.04241139967592687
1,TNXB (7148)_damaging,0.050551645671486733
1,NOTCH4 (4855)_damaging,0.0266591128174842
1,COL11A2 (1302)_damaging,0.03321462762527277
1,ITPR3 (3710)_damaging,0.04705459081882084
1,DNAH8 (1769)_damaging,0.013059078404495914
1,KIF6 (221458)_damaging,0.04597467698112402
1,CCND3 (896)_damaging,0.07332725861016628
1,UBR2 (23304)_damaging,0.04753128885330942
1,CUL9 (23113)_damaging,0.047309240390910126
1,ZNF318 (24149)_damaging,0.0034888314483231234
1,TDRD6 (221400)_damaging,0.01767731768919377
1,MMUT (4594)_damaging,0.02441111483681959
1,PKHD1 (5314)_damaging,0.023679987130139753
1,FAM83B (222584)_damaging,0.0059687036170830935
1,DST (667)_damaging,0.0018909201764214006
1,PHF3 (23469)_damaging,0.037850841401563674
1,EYS (346007)_damaging,0.05877146967064952
1,ADGRB3 (577)_damaging,0.010108186731894342
1,COL19A1 (1310)_damaging,0.02278705723662401
1,COL9A1 (1297)_damaging,0.029149407700752278
1,RIMS1 (22999)_damaging,0.035425085967138545
1,CD109 (135228)_damaging,0.03839089758771114
1,COL12A1 (1303)_damaging,0.0682825082427432
1,TTK (7272)_damaging,0.0640534466603301
1,CEP162 (22832)_damaging,0.029360980796708517
1,SYNCRIP (10492)_damaging,0.0619977670310794
1,ZNF292 (23036)_damaging,0.008580465596106864
1,MDN1 (23195)_damaging,0.025810646228313597
1,CASP8AP2 (9994)_damaging,0.08006422645276771
1,EPHA7 (2045)_damaging,0.07152963686876913
1,MMS22L (253714)_damaging,0.03280821939679446
1,ASCC3 (10973)_damaging,0.027984559958354062
1,AK9 (221264)_damaging,0.03567505383093062
1,REV3L (5980)_damaging,0.008914803287198736
1,HDAC2 (3066)_damaging,0.02428062945959972
1,ROS1 (6098)_damaging,0.003262531616335849
1,TBC1D32 (221322)_damaging,0.012561072900575988
1,TRDN (10345)_damaging,0.006523239970459043
1,LAMA2 (3908)_damaging,0.011210266445559513
1,AKAP7 (9465)_damaging,0.0026952333653981436
1,MED23 (9439)_damaging,0.013451250163068675
1,TNFAIP3 (7128)_damaging,0.02446889945980881
1,ARFGEF3 (57221)_damaging,0.058517440051332616
1,NHSL1 (57224)_damaging,0.031521585583153384
1,ECT2L (345930)_damaging,0.036335271523042556
1,HIVEP2 (3097)_damaging,0.058424434993308
1,UTRN (7402)_damaging,0.0020986556793796242
1,SHPRH (257218)_damaging,0.05901303137692373
1,GRM1 (2911)_damaging,0.0013012208348915182
1,ADGB (79747)_damaging,0.06835634477612647
1,STXBP5 (134957)_damaging,0.02453864929950162
1,AKAP12 (9590)_damaging,0.015743218985791018
1,SYNE1 (23345)_damaging,0.04344128859787404
1,SCAF8 (22828)_damaging,0.03712666514277882
1,ARID1B (57492)_damaging,0.037415085130596194
1,FNDC1 (84624)_damaging,0.015764279683739637
1,LPA (4018)_damaging,0.023784731938390143
1,MAP3K4 (4216)_damaging,0.03245649525007415
1,QKI (9444)_damaging,0.0603437696090581
1,AFDN (4301)_damaging,0.00924809703342474
1,CARD11 (84433)_damaging,0.017927082631728878
1,SDK1 (221935)_damaging,0.03391281490636333
1,TNRC18 (84629)_damaging,0.06035170449979264
1,PMS2 (5395)_damaging,0.0068500396343628206
1,COL28A1 (340267)_damaging,0.028554582815020484
1,THSD7A (221981)_damaging,0.006477763588982567
1,VWDE (221806)_damaging,0.03423226037048338
1,DGKB (1607)_damaging,0.01827306459478575
1,AHR (196)_damaging,0.016593939353041473
1,HDAC9 (9734)_damaging,0.009205749627351418
1,ABCB5 (340273)_damaging,0.0953296473799338
1,DNAH11 (8701)_damaging,0.027901870340301626
1,STK31 (56164)_damaging,0.0022007331250825206
1,CDK13 (8621)_damaging,0.06480920876917058
1,GLI3 (2737)_damaging,0.0697582404242882
1,HECW1 (23072)_damaging,0.005958863923271113
1,AEBP1 (165)_damaging,0.06527784373135583
1,PKD1L1 (168507)_damaging,0.038194990292198285
1,ABCA13 (154664)_damaging,0.0057752266306023555
1,FIGNL1 (63979)_damaging,0.021650794262206407
1,EGFR (1956)_damaging,0.010586328006776221
1,AUTS2 (26053)_damaging,0.05482187241010889
1,PTPN12 (5782)_damaging,0.04231381820947677
1,MAGI2 (9863)_damaging,0.0016370809210525831
1,CD36 (948)_damaging,0.10177672455112426
1,PCLO (27445)_damaging,0.022923897336259515
1,SEMA3E (9723)_damaging,0.06183319315635361
1,ABCB4 (5244)_damaging,0.005958322667338371
1,ABCB1 (5243)_damaging,0.0463133983480367
1,ZNF804B (219578)_damaging,0.032020731690323684
1,AKAP9 (10142)_damaging,0.010483319323647355
1,ANKIB1 (54467)_damaging,0.013562503729199347
1,SAMD9 (54809)_damaging,0.012855683232435165
1,SAMD9L (219285)_damaging,0.021287178550156553
1,CALCR (799)_damaging,0.006446460388563334
1,COL1A2 (1278)_damaging,0.016677308020021063
1,TRRAP (8295)_damaging,0.05129810703794344
1,NYAP1 (222950)_damaging,0.018773727301749057
1,GIGYF1 (64599)_damaging,0.03244425347713524
1,ZAN (7455)_damaging,0.08428418411808494
1,MUC12 (10071)_damaging,0.04463616798985747
1,MUC17 (140453)_damaging,0.04040449933223852
1,PLOD3 (8985)_damaging,0.01592008980294286
1,CUX1 (1523)_damaging,0.03617752451442696
1,FBXL13 (222235)_damaging,0.01654881716428584
1,RELN (5649)_damaging,0.019326254309011602
1,KMT2E (55904)_damaging,0.04813091872912978
1,PIK3CG (5294)_damaging,0.011198080119617662
1,LAMB4 (22798)_damaging,0.021515416313818928
1,PPP1R3A (5506)_damaging,0.03319217380127946
1,CFTR (1080)_damaging,0.007291598926893964
1,CTTNBP2 (83992)_damaging,0.014772337701123838
1,PTPRZ1 (5803)_damaging,0.02566828790791252
1,CADPS2 (93664)_damaging,0.06687189602261272
1,IQUB (154865)_damaging,0.09312321670837106
1,GRM8 (2918)_damaging,0.03969876852796623
1,FLNC (2318)_damaging,0.02332381450782975
1,KCP (375616)_damaging,0.07410450147701014
1,PLXNA4 (91584)_damaging,0.03503585430997716
1,NUP205 (23165)_damaging,0.0067838991777990215
1,TRIM24 (8805)_damaging,0.06658086704005836
1,KIAA1549 (57670)_damaging,0.0057690475756793655
1,MGAM (8972)_damaging,0.0215501219065089
1,MGAM2 (93432)_damaging,0.014850508704219213
1,EPHB6 (2051)_damaging,0.020840936447998355
1,KEL (3792)_damaging,0.010752625877234119
1,NOBOX (135935)_damaging,0.056304286690673375
1,CNTNAP2 (26047)_damaging,0.018405777779957055
1,AOC1 (26)_damaging,0.017827035603196408
1,KCNH2 (3757)_damaging,0.015308211197040416
1,NOS3 (4846)_damaging,0.05677383493696916
1,ATG9B (285973)_damaging,0.027538328551408826
1,KMT2C (58508)_damaging,0.012083056617409034
1,DPP6 (1804)_damaging,0.07398673324159315
1,PTPRN2 (5799)_damaging,0.04353866007069137
1,CSMD1 (64478)_damaging,0.005364396664611218
1,RP1L1 (94137)_damaging,0.07055836887055263
1,TRMT9B (57604)_damaging,0.03689635375644635
1,DLC1 (10395)_damaging,0.017659239480281138
1,PSD3 (23362)_damaging,0.03055538982675636
1,DMTN (2039)_damaging,0.0599549551517649
1,DOCK5 (80005)_damaging,0.006489404683842105
1,NUGGC (389643)_damaging,0.020079636206351642
1,TEX15 (56154)_damaging,0.026524879101870905
1,WRN (7486)_damaging,0.020035761431225173
1,UNC5D (137970)_damaging,0.033234278699263174
1,ADGRA2 (25960)_damaging,0.012283158259457212
1,NSD3 (54904)_damaging,0.036675414854762244
1,ANK1 (286)_damaging,0.021575951601949982
1,PRKDC (5591)_damaging,0.004249937960437206
1,PXDNL (137902)_damaging,0.015300481020195383
1,ST18 (9705)_damaging,0.003934775084114495
1,RB1CC1 (9821)_damaging,0.03569483474744658
1,RP1 (6101)_damaging,0.017088930024341274
1,CYP7A1 (1581)_damaging,0.02238962701845501
1,CHD7 (55636)_damaging,0.0402936415293382
1,ARFGEF1 (10565)_damaging,0.08416502177163046
1,PREX2 (80243)_damaging,0.017796951875224582
1,SULF1 (23213)_damaging,0.01804301032292818
1,SLCO5A1 (81796)_damaging,0.06757791351385127
1,TRPA1 (8989)_damaging,0.054890131372084684
1,KCNB2 (9312)_damaging,0.020685935299750657
1,ZFHX4 (79776)_damaging,0.026899356358942843
1,WWP1 (11059)_damaging,0.03043545626026005
1,ESRP1 (54845)_damaging,0.06212071653887567
1,VPS13B (157680)_damaging,0.009464601860835633
1,RGS22 (26166)_damaging,0.0011658496502271747
1,UBR5 (51366)_damaging,0.06553965417034253
1,RIMS2 (9699)_damaging,0.015154543730003684
1,PKHD1L1 (93035)_damaging,0.03786230780883672
1,CSMD3 (114788)_damaging,0.03841744494203487
1,TRPS1 (7227)_damaging,0.026421531462062327
1,COL14A1 (7373)_damaging,0.06540737174525574
1,FER1L6 (654463)_damaging,0.050420949133827594
1,ASAP1 (50807)_damaging,0.028013662679184786
1,ADCY8 (114)_damaging,0.007265799163581106
1,EFR3A (23167)_damaging,0.005199803699592483
1,OC90 (729330)_damaging,0.015643895465549593
1,PHF20L1 (51105)_damaging,0.07362744287771213
1,TG (7038)_damaging,0.0023693518218946092
1,COL22A1 (169044)_damaging,0.07682325484800596
1,EPPK1 (83481)_damaging,0.05352426139757431
1,PLEC (5339)_damaging,0.029907139201297582
1,PARP10 (84875)_damaging,0.026682806876367923
1,CYC1 (1537)_damaging,0.05142933903889777
1,WDR97 (340390)_damaging,0.026165488131953133
1,CPSF1 (29894)_damaging,0.08297650292572636
1,DOCK8 (81704)_damaging,0.06249401239511488
1,SMARCA2 (6595)_damaging,0.0763304796178229
1,ERMP1 (79956)_damaging,0.04929801033636623
1,PTPRD (5789)_damaging,0.01882954221423362
1,MPDZ (8777)_damaging,0.03815965029173878
1,FREM1 (158326)_damaging,0.0053050852339350035
1,CNTLN (54875)_damaging,0.03853415027719244
1,ADAMTSL1 (92949)_damaging,0.07115864764804948
1,DENND4C (55667)_damaging,0.006549397383639325
1,CDKN2A (1029)_damaging,0.012304128933291657
1,SPATA31G1 (138724)_damaging,0.010843585903457631
1,FANCG (2189)_damaging,0.08703551258685549
1,PIGO (84720)_damaging,0.011462242959373942
1,UNC13B (10497)_damaging,0.009788835902247453
1,RUSC2 (9853)_damaging,0.008184042718188178
1,SPAG8 (26206)_damaging,0.07463919640446935
1,TJP2 (9414)_damaging,0.005892685310329041
1,TMC1 (117531)_damaging,0.0056924111470073565
1,TRPM6 (140803)_damaging,0.05171578247133183
1,PCSK5 (5125)_damaging,0.015062446561129927
1,PRUNE2 (158471)_damaging,0.03709926037195991
1,VPS13A (23230)_damaging,0.006069349401871952
1,TLE4 (7091)_damaging,0.0733289287544877
1,KIF27 (55582)_damaging,0.027919172531924143
1,TUT7 (79670)_damaging,0.010250094315704995
1,SECISBP2 (79048)_damaging,0.01265675634503563
1,ROR2 (4920)_damaging,0.009462404082277063
1,NOL8 (55035)_damaging,0.06291984107826785
1,WNK2 (65268)_damaging,0.020969548527773434
1,PHF2 (5253)_damaging,0.009191020514804457
1,PTCH1 (5727)_damaging,0.015252504199114435
1,COL15A1 (1306)_damaging,0.035012376977941254
1,SMC2 (10592)_damaging,0.07557982414025587
1,ELP1 (8518)_damaging,0.04770567111954147
1,TMEM245 (23731)_damaging,0.036239414692296176
1,PALM2AKAP2 (445815)_damaging,0.008027628064598821
1,SVEP1 (79987)_damaging,0.01597937446983587
1,SHOC1 (158401)_damaging,0.08169493846021325
1,FKBP15 (23307)_damaging,0.002070934709291203
1,COL27A1 (85301)_damaging,0.11584311174761971
1,PAPPA (5069)_damaging,0.11120353380495204
1,TLR4 (7099)_damaging,0.0610249739486863
1,C5 (727)_damaging,0.03785046093851199
1,CNTRL (11064)_damaging,0.06182739523684742
1,DENND1A (57706)_damaging,0.06937939316127309
1,ADGRD2 (347088)_damaging,0.04019216542322493
1,GOLGA2 (2801)_damaging,0.02718287201235398
1,SPTAN1 (6709)_damaging,0.08664602911826602
1,HMCN2 (256158)_damaging,0.03665452447063155
1,FUBP3 (8939)_damaging,0.011231406804860967
1,NUP214 (8021)_damaging,0.025715523542677306
1,PRRC2B (84726)_damaging,0.004799113660039459
1,UCK1 (83549)_damaging,0.04861331947224739
1,SETX (23064)_damaging,0.0168063683194948
1,TSC1 (7248)_damaging,0.015408487578656514
1,ADAMTS13 (11093)_damaging,0.04059069440609334
1,ADAMTSL2 (9719)_damaging,0.05759990704716575
1,BRD3 (8019)_damaging,0.07419039463501746
1,WDR5 (11091)_damaging,0.016216227907070377
1,COL5A1 (1289)_damaging,0.002897100505157705
1,CAMSAP1 (157922)_damaging,0.07401010116586118
1,CCDC187 (399693)_damaging,0.014891531244680095
1,NOTCH1 (4851)_damaging,0.008829703426764826
1,CACNA1B (774)_damaging,0.050480739508271075
1,MXRA5 (25878)_damaging,0.062138970246589986
1,SHROOM2 (357)_damaging,0.0586326323055142
1,DMD (1756)_damaging,0.050817949933661594
1,CFAP47 (286464)_damaging,0.05544282149650761
1,RPGR (6103)_damaging,0.029355406903853805
1,BCOR (54880)_damaging,0.07109667373613264
1,USP9X (8239)_damaging,0.09774937171529224
1,DDX3X (1654)_damaging,0.02617235313269618
1,KDM6A (7403)_damaging,0.02554926489823002
1,RBM10 (8241)_damaging,0.01687737887876959
1,TFE3 (7030)_damaging,0.014239475822808644
1,CCNB3 (85417)_damaging,0.04288029662506306
1,KDM5C (8242)_damaging,0.01726727452266726
1,IQSEC2 (23096)_damaging,0.008764224272668446
1,HUWE1 (10075)_damaging,0.04554286194084671
1,WNK3 (65267)_damaging,0.030158065788171578
1,AMER1 (139285)_damaging,0.05548505043021033
1,ZC3H12B (340554)_damaging,0.017688353282628688
1,MED12 (9968)_damaging,0.07538197483805435
1,ZMYM3 (9203)_damaging,0.06450820499129031
1,NEXMIF (340533)_damaging,0.009584310766265595
1,ATRX (546)_damaging,0.09624845406118665
1,BRWD3 (254065)_damaging,0.07828818019852726
1,CYLC1 (1538)_damaging,0.02068104997599294
1,ZNF711 (7552)_damaging,0.0029731567156957937
1,DACH2 (117154)_damaging,0.006466203058063433
1,DIAPH2 (1730)_damaging,0.021544445326901102
1,PCDH19 (57526)_damaging,0.012567284569194913
1,RAB40A (142684)_damaging,0.026755628196638133
1,NRK (203447)_damaging,0.027730816650829347
1,COL4A6 (1288)_damaging,0.011060683192380932
1,GUCY2F (2986)_damaging,0.03044334054462529
1,DOCK11 (139818)_damaging,0.05472767055135226
1,STAG2 (10735)_damaging,0.06179311103250522
1,TENM1 (10178)_damaging,0.023086242841788188
1,SMARCA1 (6594)_damaging,0.0369337313642238
1,BCORL1 (63035)_damaging,0.03645961397175003
1,USP26 (83844)_damaging,0.009103506449356973
1,ADGRG4 (139378)_damaging,0.017974301652534233
1,MCF2 (4168)_damaging,0.0027859465638144687
1,SPANXN4 (441525)_damaging,0.01358832885840681
1,SLITRK2 (84631)_damaging,0.009985178286555365
1,FMR1 (2332)_damaging,0.0009116757657892402
1,AFF2 (2334)_damaging,0.01817908750762895
1,PLXNA3 (55558)_damaging,0.03584570766253706
1,F8 (2157)_damaging,0.006235145201933966
1,MT-ND4 (4538)_damaging,0.006994144388527175
1,MT-ND5 (4540)_damaging,0.02129829010722563
2,MTOR (2475)_hotspot,0.05685359832935843
2,NRAS (4893)_hotspot,0.04479054674345948
2,PTEN (5728)_hotspot,0.00823031566392353
2,HRAS (3265)_hotspot,0.02344967525354236
2,ATM (472)_hotspot,0.05971370201035279
2,KRAS (3845)_hotspot,0.047862413400382844
2,ERBB3 (2065)_hotspot,0.0006796009401105074
2,RB1 (5925)_hotspot,0.04128321437605704
2,CREBBP (1387)_hotspot,0.01629245159286396
2,TP53 (7157)_hotspot,0.09224590796972396
2,NF1 (4763)_hotspot,0.030379620971551894
2,ERBB2 (2064)_hotspot,0.03512365082267848
2,SMAD4 (4089)_hotspot,0.05305310360677494
2,STK11 (6794)_hotspot,0.03881161083460214
2,SMARCA4 (6597)_hotspot,0.00821382852663508
2,C2orf81 (388963)_hotspot,0.10639047023822415
2,NFE2L2 (4780)_hotspot,0.064077088593514
2,EP300 (2033)_hotspot,0.08935117699858611
2,VHL (7428)_hotspot,0.0042836336480485465
2,CTNNB1 (1499)_hotspot,0.02303456079516382
2,RHOA (387)_hotspot,0.0771447435434797
2,PIK3CA (5290)_hotspot,0.017674008646950803
2,FBXW7 (55294)_hotspot,0.022043456125573402
2,TERT (7015)_hotspot,0.017342978546096108
2,PIK3R1 (5295)_hotspot,0.014001785116665475
2,APC (324)_hotspot,0.04348645838466764
2,RAC1 (5879)_hotspot,0.021510589344519302
2,EGFR (1956)_hotspot,0.0017606614808364735
2,BRAF (673)_hotspot,0.07048466131106804
2,EZH2 (2146)_hotspot,0.04616467894897053
2,CDKN2A (1029)_hotspot,0.006364682472873507
2,AGRN (375790)_damaging,0.07398514124797569
2,MXRA8 (54587)_damaging,0.03805755324608052
2,MEGF6 (1953)_damaging,0.02731216583316704
2,CHD5 (26038)_damaging,0.0062502918783036284
2,RPL22 (6146)_damaging,0.05306806763423156
2,CAMTA1 (23261)_damaging,0.05515706360623598
2,ERRFI1 (54206)_damaging,0.03885344921420761
2,SLC45A1 (50651)_damaging,0.008693604872831568
2,RERE (473)_damaging,0.022328238519534246
2,VPS13D (55187)_damaging,0.026687065208032407
2,FHAD1 (114827)_damaging,0.04647074895854677
2,SPEN (23013)_damaging,0.0075296642717307795
2,EPHA2 (1969)_damaging,0.04616023549468451
2,UBR4 (23352)_damaging,0.09360342192401519
2,VWA5B1 (127731)_damaging,0.028375971336196657
2,EIF4G3 (8672)_damaging,0.044152976402174804
2,HSPG2 (3339)_damaging,0.03980002118659697
2,LUZP1 (7798)_damaging,0.05000416619579114
2,ID3 (3399)_damaging,0.1436721566859622
2,ELOA (6924)_damaging,0.022378202018492176
2,ARID1A (8289)_damaging,0.0566982092399114
2,WDTC1 (23038)_damaging,0.022633713222519957
2,AHDC1 (27245)_damaging,0.013903691313146307
2,PTPRU (10076)_damaging,0.010023204854752764
2,COL16A1 (1307)_damaging,0.012222534669795376
2,SPOCD1 (90853)_damaging,0.06551465226379115
2,CSMD2 (114784)_damaging,0.061456985797667625
2,ZMYM6 (9204)_damaging,0.026128681958543735
2,ZMYM1 (79830)_damaging,0.026827964642136083
2,ZMYM4 (9202)_damaging,0.015764599175223788
2,AGO1 (26523)_damaging,0.029483640406257935
2,MAP7D1 (55700)_damaging,0.04774972288623987
2,MACF1 (23499)_damaging,0.10617714337078468
2,HIVEP3 (59269)_damaging,0.024403031174946327
2,TIE1 (7075)_damaging,0.03865845312075486
2,SZT2 (23334)_damaging,0.008200394260832555
2,PTCH2 (8643)_damaging,0.04543965991008445
2,ZSWIM5 (57643)_damaging,0.07171806829204794
2,MUTYH (4595)_damaging,0.009569720796370024
2,MAST2 (23139)_damaging,0.022137209008731024
2,PIK3R3 (8503)_damaging,0.005083870544532052
2,FAAH (2166)_damaging,0.04392078185892555
2,TAL1 (6886)_damaging,0.029376530461312205
2,FYB2 (199920)_damaging,0.023754416264103476
2,NFIA (4774)_damaging,0.01834762795192939
2,DOCK7 (85440)_damaging,0.00804247895621909
2,EFCAB7 (84455)_damaging,0.055167748833165435
2,LEPR (3953)_damaging,0.055882847060525785
2,LRRC7 (57554)_damaging,0.005389218825949913
2,ERICH3 (127254)_damaging,0.010228507942393245
2,SLC44A5 (204962)_damaging,0.010282654202379178
2,MSH4 (4438)_damaging,0.04516149315603431
2,AK5 (26289)_damaging,0.07082386893666769
2,ADGRL4 (64123)_damaging,0.08234209877503926
2,ADGRL2 (23266)_damaging,0.059140487661164746
2,DNAI3 (126820)_damaging,0.014056159058480573
2,COL24A1 (255631)_damaging,0.03647338155806546
2,GBP1 (2633)_damaging,0.0685189955782154
2,BTBD8 (284697)_damaging,0.05623660772111925
2,RPL5 (6125)_damaging,0.12306071024300494
2,CCDC18 (343099)_damaging,0.0019685003947411467
2,ABCA4 (24)_damaging,0.014807724545410022
2,COL11A1 (1301)_damaging,0.0035865512552632054
2,MAGI3 (260425)_damaging,0.039999874494894984
2,SYCP1 (6847)_damaging,0.007417077584069793
2,TTF2 (8458)_damaging,0.06700519774185197
2,SPAG17 (200162)_damaging,0.046467651830746165
2,NOTCH2 (4853)_damaging,0.030052974892381477
2,BCL9 (607)_damaging,0.006992883483345126
2,OTUD7B (56957)_damaging,0.002352780786612069
2,ADAMTSL4 (54507)_damaging,0.004319187559808229
2,ZNF687 (57592)_damaging,0.03402166847919543
2,RFX5 (5993)_damaging,0.011421061363999892
2,FLG (2312)_damaging,0.043282086837078335
2,CCDST (112268240)_damaging,0.006869534431567674
2,FLG2 (388698)_damaging,0.05468676179677868
2,ADAR (103)_damaging,0.031353028571743116
2,SHC1 (6464)_damaging,0.0037588674071895208
2,ASH1L (55870)_damaging,0.016931349548485797
2,GON4L (54856)_damaging,0.062342557053170024
2,IQGAP3 (128239)_damaging,0.0017515604941751872
2,NES (10763)_damaging,0.01529880895370665
2,INSRR (3645)_damaging,0.05204332449226794
2,FCRL5 (83416)_damaging,0.005609961863130348
2,SPTA1 (6708)_damaging,0.060477693797194136
2,ADCY10 (55811)_damaging,0.049070172321424944
2,F5 (2153)_damaging,0.03950161168556031
2,FIRRM (55732)_damaging,0.021072090211095153
2,PRRC2C (23215)_damaging,0.022001740124893834
2,TNR (7143)_damaging,0.015666056381673805
2,PAPPA2 (60676)_damaging,0.006583054730788348
2,ABL2 (27)_damaging,0.09786355245879191
2,AXDND1 (126859)_damaging,0.07507648612342643
2,TDRD5 (163589)_damaging,0.028266881727550028
2,CEP350 (9857)_damaging,0.020201362958028008
2,CACNA1E (777)_damaging,0.0871204073466649
2,RGL1 (23179)_damaging,0.0032982913991687563
2,HMCN1 (83872)_damaging,0.03299416837945268
2,TPR (7175)_damaging,0.058795914836820465
2,BRINP3 (339479)_damaging,0.03307348134790766
2,KCNT2 (343450)_damaging,0.01970936857722604
2,ASPM (259266)_damaging,0.058421514273649
2,CRB1 (23418)_damaging,0.035882159648583115
2,PTPRC (5788)_damaging,0.07309097546303582
2,CAMSAP2 (23271)_damaging,0.07124773843912145
2,CACNA1S (779)_damaging,0.062018042765795665
2,IGFN1 (91156)_damaging,0.09179249238259084
2,NAV1 (89796)_damaging,0.02264468359973882
2,KDM5B (10765)_damaging,0.023036838498491013
2,ATP2B4 (493)_damaging,0.012880557749693393
2,PLEKHA6 (22874)_damaging,0.010550707423779972
2,PIK3C2B (5287)_damaging,0.0006365222585207037
2,NFASC (23114)_damaging,0.03652595229438705
2,CR2 (1380)_damaging,0.02433637878309224
2,PLXNA2 (5362)_damaging,0.05606302385739356
2,PROX1 (5629)_damaging,0.06039627475217569
2,PTPN14 (5784)_damaging,0.0382447068729825
2,CENPF (1063)_damaging,0.013797813648951395
2,USH2A (7399)_damaging,0.013516246265057754
2,DNAH14 (127602)_damaging,0.025479189836672772
2,CDC42BPA (8476)_damaging,0.04807307788830126
2,OBSCN (84033)_damaging,0.0006010193309811592
2,H3-4 (8290)_damaging,0.024606982747796893
2,SIPA1L2 (57568)_damaging,0.0758224824274532
2,PCNX2 (80003)_damaging,0.007824045478712172
2,MAP3K21 (84451)_damaging,0.02705608141606312
2,ARID4B (51742)_damaging,0.049445987945734494
2,LYST (1130)_damaging,0.02642938716962521
2,RYR2 (6262)_damaging,0.03584849635218696
2,CHRM3 (1131)_damaging,0.014048672695957356
2,FMN2 (56776)_damaging,0.06194256650536725
2,RGS7 (6000)_damaging,0.002393431501665789
2,WDR64 (128025)_damaging,0.015300480504293692
2,KIF26B (55083)_damaging,0.02720081630556742
2,LARP4B (23185)_damaging,0.012457047818541353
2,PITRM1 (10531)_damaging,0.10650931662414298
2,TAF3 (83860)_damaging,0.030844667760776608
2,FRMD4A (55691)_damaging,0.03793552381323449
2,ITGA8 (8516)_damaging,0.015433008993182245
2,CUBN (8029)_damaging,0.04740599209573145
2,MRC1 (4360)_damaging,0.036168639706486275
2,MALRD1 (340895)_damaging,0.03320757131729778
2,MLLT10 (8028)_damaging,0.0046338144635727566
2,SPAG6 (9576)_damaging,0.0016261762758183348
2,ARMC3 (219681)_damaging,0.005286287898995882
2,KIAA1217 (56243)_damaging,0.0035266221941253947
2,GPR158 (57512)_damaging,0.014970450191300078
2,MYO3A (53904)_damaging,0.03671729621250855
2,ANKRD26 (22852)_damaging,0.058563463393529976
2,ODAD2 (55130)_damaging,0.014356125070395262
2,SVIL (6840)_damaging,0.004959331420115123
2,JCAD (57608)_damaging,0.02390069684749194
2,KIF5B (3799)_damaging,0.04139214362143911
2,CCDC7 (79741)_damaging,0.04285124200065765
2,ANKRD30A (91074)_damaging,0.04908938982849062
2,RSU1P2 (100133308)_damaging,0.0029288745517970114
2,WDFY4 (57705)_damaging,0.0022933503864108625
2,C10orf71 (118461)_damaging,0.006355016837878785
2,PCDH15 (65217)_damaging,0.06111774705851339
2,ANK3 (288)_damaging,0.022125944792162042
2,ARID5B (84159)_damaging,0.030772822724444756
2,EGR2 (1959)_damaging,0.01041670736302648
2,JMJD1C (221037)_damaging,0.003296269799891621
2,CTNNA3 (29119)_damaging,0.03384428116103014
2,MYPN (84665)_damaging,0.03232381726136851
2,DNA2 (1763)_damaging,0.001426495726488379
2,CDH23 (64072)_damaging,0.029276110442367134
2,DLG5 (9231)_damaging,0.0005526707436212328
2,NRG3 (10718)_damaging,0.09612883388049487
2,WAPL (23063)_damaging,0.00588191047595054
2,PTEN (5728)_damaging,0.0370127219771536
2,KIF20B (9585)_damaging,0.025880763034605132
2,MYOF (26509)_damaging,0.008269539168771373
2,PLCE1 (51196)_damaging,0.043619958503306085
2,ZNF518A (9849)_damaging,0.02204206417625224
2,LCOR (84458)_damaging,0.04750589876938515
2,LOXL4 (84171)_damaging,0.04477294150182865
2,SLF2 (55719)_damaging,0.046362725169241926
2,PPRC1 (23082)_damaging,0.04235458150721959
2,CNNM2 (54805)_damaging,0.01074663478392606
2,PDCD11 (22984)_damaging,0.035613806860179835
2,SLK (9748)_damaging,0.0034405483118398403
2,SORCS3 (22986)_damaging,0.04913392713802019
2,SORCS1 (114815)_damaging,0.05826269149289854
2,SMC3 (9126)_damaging,0.0935250139122618
2,TCF7L2 (6934)_damaging,0.02341001821191994
2,ATRNL1 (26033)_damaging,0.014299662807489453
2,TACC2 (10579)_damaging,0.03834050219882062
2,DMBT1 (1755)_damaging,0.018992042538424958
2,DOCK1 (1793)_damaging,0.030038238372926063
2,MKI67 (4288)_damaging,0.08664750178942528
2,JAKMIP3 (282973)_damaging,0.048702353019704256
2,CFAP46 (54777)_damaging,0.00867999349968703
2,B4GALNT4 (338707)_damaging,0.005147937163279252
2,PKP3 (11187)_damaging,0.0014040267788672247
2,PHRF1 (57661)_damaging,0.05063346925441279
2,MUC5AC (4586)_damaging,0.028981557371339606
2,MUC5B (727897)_damaging,0.07803387145438807
2,BRSK2 (9024)_damaging,0.019663957053993254
2,NUP98 (4928)_damaging,0.007701343425548547
2,OR51E2 (81285)_damaging,0.012819265701327645
2,DNHD1 (144132)_damaging,0.0007453392352790355
2,DCHS1 (8642)_damaging,0.0005327122173235637
2,SBF2 (81846)_damaging,0.03704490107463639
2,MICAL2 (9645)_damaging,0.023088010465921373
2,PLEKHA7 (144100)_damaging,0.0037222126140006462
2,PIK3C2A (5286)_damaging,0.03711978003205403
2,ABCC8 (6833)_damaging,0.03775281981909452
2,USH1C (10083)_damaging,0.040096413885947764
2,OTOG (340990)_damaging,0.0034255327280618923
2,HPS5 (11234)_damaging,0.003816032408431687
2,NAV2 (89797)_damaging,0.015611915851101459
2,ANO3 (63982)_damaging,0.020804212386106694
2,DCDC1 (341019)_damaging,0.010635505269478963
2,CCDC73 (493860)_damaging,0.06162208036951114
2,QSER1 (79832)_damaging,0.007764843905625558
2,CSTF3 (1479)_damaging,0.005952020286737126
2,KIAA1549L (25758)_damaging,0.03669927155568119
2,PHF21A (51317)_damaging,0.011488787262656883
2,DGKZ (8525)_damaging,0.06765839777332415
2,CKAP5 (9793)_damaging,0.06040445975992474
2,LRP4 (4038)_damaging,0.013091511382104891
2,FOLH1 (2346)_damaging,0.02369404628069192
2,OR4A15 (81328)_damaging,0.020165313548585653
2,OR4P4 (81300)_damaging,0.04917169107766369
2,CTNND1 (1500)_damaging,0.006286358672559569
2,DTX4 (23220)_damaging,0.03278166514925418
2,AHNAK (79026)_damaging,0.006366626998713462
2,SLC3A2 (6520)_damaging,0.01364489407175693
2,PLCB3 (5331)_damaging,0.027789800033548494
2,NRXN2 (9379)_damaging,0.047107874921278665
2,MEN1 (4221)_damaging,0.054597060522183924
2,ATG2A (23130)_damaging,0.040222420820252375
2,PCNX3 (399909)_damaging,0.09106419638939896
2,RIN1 (9610)_damaging,0.026428111095429623
2,SHANK2 (22941)_damaging,0.04499830683841084
2,NUMA1 (4926)_damaging,0.001981747957699614
2,INPPL1 (3636)_damaging,0.053986313915044964
2,ARHGEF17 (9828)_damaging,0.01667724197729112
2,C2CD3 (26005)_damaging,0.03441671141172903
2,MYO7A (4647)_damaging,0.08242904043490695
2,RSF1 (51773)_damaging,0.04499528158210867
2,TENM4 (26011)_damaging,0.0765341592435148
2,PCF11 (51585)_damaging,0.008707212577520591
2,DLG2 (1740)_damaging,0.08952237343217866
2,SYTL2 (54843)_damaging,0.030578707317546965
2,FAT3 (120114)_damaging,0.013125508979959063
2,DEUP1 (159989)_damaging,0.07513124133369978
2,CNTN5 (53942)_damaging,0.09199998167474306
2,CEP126 (57562)_damaging,0.06712534702848495
2,MMP3 (4314)_damaging,0.06253090148517419
2,MMP12 (4321)_damaging,0.01316342186252935
2,DYNC2H1 (79659)_damaging,0.0028346898294629836
2,GRIA4 (2893)_damaging,0.06090065184180377
2,CWF19L2 (143884)_damaging,0.01607465834797942
2,NPAT (4863)_damaging,0.029102912376533292
2,ATM (472)_damaging,0.043311324082264305
2,EXPH5 (23086)_damaging,0.032969791075014
2,NKAPD1 (55216)_damaging,0.010843504756148405
2,USP28 (57646)_damaging,0.030521524686240864
2,DSCAML1 (57453)_damaging,0.021151268597606833
2,KMT2A (4297)_damaging,0.03239915993948953
2,BCL9L (283149)_damaging,0.0625022096503167
2,MFRP (83552)_damaging,0.010761453703170977
2,ARHGEF12 (23365)_damaging,0.07272978301766393
2,TECTA (7007)_damaging,0.06238253829205274
2,SORL1 (6653)_damaging,0.029657090236201264
2,ROBO3 (64221)_damaging,0.046045218336834115
2,NFRKB (4798)_damaging,0.034017069503436505
2,IGSF9B (22997)_damaging,0.007647072356551159
2,GLB1L2 (89944)_damaging,0.04556194201387515
2,KDM5A (5927)_damaging,0.007302246088284747
2,WNK1 (65125)_damaging,0.030005232371250197
2,CACNA1C (775)_damaging,0.008955829347978993
2,VWF (7450)_damaging,0.00013364271600155598
2,PLEKHG6 (55200)_damaging,0.007324051077373365
2,CHD4 (1108)_damaging,0.06745710518239521
2,ATN1 (1822)_damaging,0.00043804462194741025
2,A2ML1 (144568)_damaging,0.06782526660626208
2,A2M (2)_damaging,0.069814995977794
2,PZP (5858)_damaging,0.012541787856540159
2,ETV6 (2120)_damaging,0.011690166826120747
2,GRIN2B (2904)_damaging,0.025724120349982827
2,ATF7IP (55729)_damaging,0.01450029155752189
2,GUCY2C (2984)_damaging,0.040079617074174234
2,EPS8 (2059)_damaging,0.02492516783951162
2,PIK3C2G (5288)_damaging,0.015397026869377849
2,SLCO1B3 (28234)_damaging,0.029188642058063256
2,RECQL (5965)_damaging,0.001616941135748331
2,ABCC9 (10060)_damaging,0.032692957356990154
2,ITPR2 (3709)_damaging,0.033552243254928886
2,OVCH1 (341350)_damaging,0.011814838851395683
2,KIF21A (55605)_damaging,0.016592389062179875
2,LRRK2 (120892)_damaging,0.008953157718707817
2,MUC19 (283463)_damaging,0.11930229804575
2,CNTN1 (1272)_damaging,0.02074245867066854
2,PDZRN4 (29951)_damaging,0.02542846629529385
2,ADAMTS20 (80070)_damaging,0.04275243757643599
2,ANO6 (196527)_damaging,0.015163917428714185
2,ARID2 (196528)_damaging,0.01646992888481758
2,HDAC7 (51564)_damaging,0.025872705108474718
2,COL2A1 (1280)_damaging,0.04973020909937306
2,WNT1 (7471)_damaging,0.026564453896445434
2,KMT2D (8085)_damaging,0.00323414662095097
2,NCKAP5L (57701)_damaging,0.10189556188605428
2,DIP2B (57609)_damaging,0.011761294393899056
2,SCN8A (6334)_damaging,0.008453101065532107
2,MAP3K12 (7786)_damaging,0.09400871838937062
2,PAN2 (9924)_damaging,0.007539491826512347
2,STAT2 (6773)_damaging,0.00040684325050397666
2,NACA (4666)_damaging,0.015403749176839692
2,MYO1A (4640)_damaging,0.041824027867787425
2,STAT6 (6778)_damaging,0.02876511003574405
2,LRP1 (4035)_damaging,0.013095895550316226
2,R3HDM2 (22864)_damaging,0.024024834134202602
2,GLI1 (2735)_damaging,0.038464688682747855
2,MBD6 (114785)_damaging,0.007874196798898076
2,KIF5A (3798)_damaging,0.11351799303765998
2,PTPRB (5787)_damaging,0.06825926957484243
2,ZFC3H1 (196441)_damaging,0.001516858812136775
2,NAV3 (89795)_damaging,0.0011556024640321063
2,OTOGL (283310)_damaging,0.05928722108015925
2,PTPRQ (374462)_damaging,0.012015948920439458
2,PPFIA2 (8499)_damaging,0.032647619809915394
2,LRRIQ1 (84125)_damaging,0.009108434061506309
2,CEP290 (80184)_damaging,0.037009315181797335
2,EEA1 (8411)_damaging,0.060851174190199524
2,PLXNC1 (10154)_damaging,0.014138980573658068
2,CFAP54 (144535)_damaging,0.01407506608571985
2,ANKS1B (56899)_damaging,0.04359227734081343
2,BLTP3B (23074)_damaging,0.004458337904254744
2,UTP20 (27340)_damaging,0.00608527802058733
2,STAB2 (55576)_damaging,0.057936486812804944
2,HCFC2 (29915)_damaging,0.01234707894180672
2,ALDH1L2 (160428)_damaging,0.037790436290164583
2,ACACB (32)_damaging,0.022350271428191466
2,MVK (4598)_damaging,0.036971295794223154
2,CUX2 (23316)_damaging,0.054287301957929066
2,HECTD4 (283450)_damaging,0.025077741494758433
2,NOS1 (4842)_damaging,0.005135750666666021
2,CIT (11113)_damaging,0.023295301693010105
2,GCN1 (10985)_damaging,0.016100629976841762
2,HNF1A (6927)_damaging,0.056525260673162055
2,KDM2B (84678)_damaging,0.012785146882919275
2,SETD1B (23067)_damaging,0.025031810203815133
2,KNTC1 (9735)_damaging,0.023770179212043843
2,HIP1R (9026)_damaging,0.049231387458556694
2,SBNO1 (55206)_damaging,0.007319506391612474
2,DNAH10 (196385)_damaging,0.027104331897232846
2,NCOR2 (9612)_damaging,0.04100647962653931
2,TMEM132D (121256)_damaging,0.03543245431865346
2,RIMBP2 (23504)_damaging,0.05533002528653021
2,SFSWAP (6433)_damaging,0.02315401510150764
2,EP400 (57634)_damaging,0.02985028981094887
2,POLE (5426)_damaging,0.012945301114994267
2,GOLGA3 (2802)_damaging,0.02749876064246431
2,SACS (26278)_damaging,0.02942537324108657
2,RNF17 (56163)_damaging,0.04106801901357014
2,CENPJ (55835)_damaging,0.01447723607094481
2,ATP8A2 (51761)_damaging,0.053251315936393394
2,PAN3 (255967)_damaging,0.03331403677664408
2,FRY (10129)_damaging,0.015265314619066177
2,BRCA2 (675)_damaging,0.012434475528867723
2,PDS5B (23047)_damaging,0.050017830940446886
2,NBEA (26960)_damaging,0.05147982052083026
2,POSTN (10631)_damaging,0.019071068372807785
2,FREM2 (341640)_damaging,0.02137095143108259
2,FOXO1 (2308)_damaging,0.051609174625036856
2,DGKH (160851)_damaging,0.028144902332334475
2,ERICH6B (220081)_damaging,0.012937882628396196
2,ZC3H13 (23091)_damaging,0.012371275689778994
2,RB1 (5925)_damaging,0.08394693117587408
2,RCBTB2 (1102)_damaging,0.02397604849019741
2,DIAPH3 (81624)_damaging,0.056098697179860525
2,KLHL1 (57626)_damaging,0.006492638295702819
2,DACH1 (1602)_damaging,0.04766977723113882
2,MYCBP2 (23077)_damaging,0.016888927786196377
2,SLITRK5 (26050)_damaging,0.024260634500163764
2,PCCA (5095)_damaging,0.018117072571496032
2,NALCN (259232)_damaging,0.026184600203297378
2,CCDC168 (643677)_damaging,0.00656105267057936
2,MYO16 (23026)_damaging,0.03931409320937316
2,COL4A1 (1282)_damaging,0.006419844022154075
2,COL4A2 (1284)_damaging,0.07705220003922962
2,ARHGEF40 (55701)_damaging,0.015198638265331061
2,RPGRIP1 (57096)_damaging,0.01849613661280836
2,CHD8 (57680)_damaging,0.007126665190819888
2,AJUBA (84962)_damaging,0.04013092400484499
2,ACIN1 (22985)_damaging,0.0003615767232786872
2,MYH6 (4624)_damaging,0.003831280122280917
2,MYH7 (4625)_damaging,0.048683000687153616
2,ZFHX2 (85446)_damaging,0.002436532257711382
2,CARMIL3 (90668)_damaging,0.027043800651780428
2,NYNRIN (57523)_damaging,0.08053714063793488
2,HECTD1 (25831)_damaging,0.04823113659356471
2,AKAP6 (9472)_damaging,0.04466916968631404
2,NPAS3 (64067)_damaging,0.029202699506762485
2,RALGAPA1 (253959)_damaging,0.010122870419281737
2,TTC6 (319089)_damaging,0.01132512098651168
2,MIA2 (4253)_damaging,0.007550335414418355
2,TOGARAM1 (23116)_damaging,0.05403687603662145
2,FANCM (57697)_damaging,0.06857401903989346
2,MIS18BP1 (55320)_damaging,0.022093109322460353
2,MDGA2 (161357)_damaging,0.015978995428714966
2,NIN (51199)_damaging,6.351921241380468e-05
2,NID2 (22795)_damaging,0.07274811279446243
2,KTN1 (3895)_damaging,0.02785300692935304
2,ARID4A (5926)_damaging,0.042247970414064126
2,HIF1A (3091)_damaging,0.068748260943289
2,KCNH5 (27133)_damaging,0.03372054884365656
2,SYNE2 (23224)_damaging,0.09206825967533172
2,SPTB (6710)_damaging,0.03385090043602522
2,PCNX1 (22990)_damaging,0.06612914905671058
2,SIPA1L1 (26037)_damaging,0.03221503518032715
2,MIDEAS (91748)_damaging,0.044329525687711493
2,YLPM1 (56252)_damaging,0.018510240240377455
2,MLH3 (27030)_damaging,0.054684023465318754
2,NRXN3 (9369)_damaging,0.009059681244222247
2,CEP128 (145508)_damaging,0.013398688028731238
2,GALC (2581)_damaging,0.032055569456669326
2,PTPN21 (11099)_damaging,0.031048307507639403
2,EML5 (161436)_damaging,0.00697500889738335
2,FOXN3 (1112)_damaging,0.030490292490431784
2,TRIP11 (9321)_damaging,0.03631568377416458
2,UNC79 (57578)_damaging,0.048661938279916474
2,ATG2B (55102)_damaging,0.013248122714625372
2,RTL1 (388015)_damaging,0.06106869689160042
2,DYNC1H1 (1778)_damaging,0.08833862481815255
2,KIF26A (26153)_damaging,0.001099834468352778
2,INF2 (64423)_damaging,0.016948702787388564
2,AHNAK2 (113146)_damaging,0.0048423608288535045
2,MTA1 (9112)_damaging,0.04055889212389394
2,SNHG14 (104472715)_damaging,0.05201263543980569
2,HERC2 (8924)_damaging,0.004737118027169029
2,ENTREP2 (23359)_damaging,0.022605201748161736
2,TJP1 (7082)_damaging,0.04820107237795702
2,TRPM1 (4308)_damaging,0.03978336637852043
2,FMN1 (342184)_damaging,0.02745652670247855
2,RYR3 (6263)_damaging,0.03045821084101607
2,SPRED1 (161742)_damaging,0.015021444481371122
2,CCDC9B (388115)_damaging,0.0430146511504094
2,INO80 (54617)_damaging,0.005910627785385846
2,TYRO3 (7301)_damaging,0.030585191489832526
2,MGA (23269)_damaging,0.05315398632780794
2,SPTBN5 (51332)_damaging,0.04725968112322699
2,ZNF106 (64397)_damaging,0.047226555764694304
2,STARD9 (57519)_damaging,0.02557086750464394
2,CDAN1 (146059)_damaging,0.005990937237303037
2,TP53BP1 (7158)_damaging,0.054880734991818794
2,MAP1A (4130)_damaging,0.04160295354670983
2,SPG11 (80208)_damaging,0.004028537393080924
2,B2M (567)_damaging,0.03916736387178287
2,DUOX2 (50506)_damaging,0.003385912122453857
2,FBN1 (2200)_damaging,0.044698278243790746
2,USP8 (9101)_damaging,0.05626143915999522
2,TRPM7 (54822)_damaging,0.024053094801805303
2,DMXL2 (23312)_damaging,0.00969420420347873
2,MYO5C (55930)_damaging,0.06835711773069073
2,WDR72 (256764)_damaging,0.006673677472819646
2,UNC13C (440279)_damaging,0.013032869691826853
2,RFX7 (64864)_damaging,0.042443646657966475
2,ICE2 (79664)_damaging,0.01950490974514838
2,VPS13C (54832)_damaging,0.07746709324850028
2,TLN2 (83660)_damaging,0.03858308804407049
2,HERC1 (8925)_damaging,0.02421613091522036
2,ZNF609 (23060)_damaging,0.03704982948270242
2,CILP (8483)_damaging,0.019939305696906554
2,MYO9A (4649)_damaging,0.024697530305781392
2,HCN4 (10021)_damaging,0.023718933476290213
2,ARID3B (10620)_damaging,0.0033551646602402456
2,SIN3A (25942)_damaging,0.04722595407040352
2,PEAK1 (79834)_damaging,0.008836552159054427
2,AP3B2 (8120)_damaging,0.0031177034303278566
2,ADAMTSL3 (57188)_damaging,0.023454533088034028
2,AKAP13 (11214)_damaging,0.07278853694640726
2,AGBL1 (123624)_damaging,0.05958372429173899
2,TICRR (90381)_damaging,0.05454994725933405
2,KIF7 (374654)_damaging,0.047027858960623406
2,IQGAP1 (8826)_damaging,0.021324258368261913
2,BLM (641)_damaging,0.012671802309515586
2,FES (2242)_damaging,0.05626340832345459
2,CHD2 (1106)_damaging,0.054064399398105166
2,LRRK1 (79705)_damaging,0.02804196206133886
2,AXIN1 (8312)_damaging,0.006105140807302998
2,WDR90 (197335)_damaging,0.0207266985961427
2,UNKL (64718)_damaging,0.015441745204163828
2,CRAMP1 (57585)_damaging,0.01971132193454448
2,TSC2 (7249)_damaging,0.03785757824423995
2,PKD1 (5310)_damaging,0.005822036495742666
2,SLX4 (84464)_damaging,0.05216353373093278
2,CREBBP (1387)_damaging,0.07425107496911072
2,CORO7 (79585)_damaging,0.01665416681615264
2,GRIN2A (2903)_damaging,0.010736938936169721
2,MARF1 (9665)_damaging,0.043779534648435245
2,KNOP1 (400506)_damaging,0.032311875806307455
2,DNAH3 (55567)_damaging,0.022953464222659054
2,USP31 (57478)_damaging,0.029992540382573128
2,SCNN1B (6338)_damaging,0.060367545819611346
2,PALB2 (79728)_damaging,0.029285181814785396
2,RBBP6 (5930)_damaging,0.03090016707147075
2,TNRC6A (27327)_damaging,0.03252612452941314
2,ARHGAP17 (55114)_damaging,0.05862864691863516
2,GTF3C1 (2975)_damaging,0.0832369438536243
2,ATXN2L (11273)_damaging,0.013494864599164873
2,ITGAL (3683)_damaging,0.014714380593846898
2,PRR14 (78994)_damaging,0.035952850788175214
2,SRCAP (10847)_damaging,0.015085220722222561
2,SETD1A (9739)_damaging,0.003282130426359725
2,ZNF668 (79759)_damaging,0.06162043196816487
2,SALL1 (6299)_damaging,0.0003217502474014682
2,CHD9 (80205)_damaging,0.0010792147383831205
2,RBL2 (5934)_damaging,0.02578761079521436
2,NLRC5 (84166)_damaging,0.024616463898659652
2,CNGB1 (1258)_damaging,0.01314076395877727
2,CDH8 (1006)_damaging,0.00884834124818399
2,CDH11 (1009)_damaging,0.04157879944349929
2,CTCF (10664)_damaging,0.051785827757440776
2,CDH1 (999)_damaging,0.0017467529794562922
2,MTSS2 (92154)_damaging,0.0270345760081838
2,DHX38 (9785)_damaging,0.0665801810165038
2,ZFHX3 (463)_damaging,0.05149459450011108
2,CNTNAP4 (85445)_damaging,0.031108064357295358
2,ADAMTS18 (170692)_damaging,0.025319837358021197
2,PKD1L2 (114780)_damaging,0.025971577372219754
2,TAF1C (9013)_damaging,0.0693213241305487
2,IRF8 (3394)_damaging,0.046896360444850814
2,ZNF469 (84627)_damaging,0.006629628065499225
2,ZC3H18 (124245)_damaging,0.029284338648880984
2,LINC02138 (400558)_damaging,0.00875926873458543
2,CDH15 (1013)_damaging,0.013335708114176517
2,ANKRD11 (29123)_damaging,0.023280514614858704
2,VPS9D1 (9605)_damaging,0.031120787338932584
2,FANCA (2175)_damaging,0.012238765359761693
2,WDR81 (124997)_damaging,0.02615519259279073
2,CLUH (23277)_damaging,0.06403335105008076
2,SPATA22 (84690)_damaging,0.029934259287209
2,ZZEF1 (23140)_damaging,0.01421495834489897
2,USP6 (9098)_damaging,0.014344161279107865
2,WSCD1 (23302)_damaging,0.0010963003648868045
2,FXR2 (9513)_damaging,0.07937957862387825
2,TP53 (7157)_damaging,0.3307950882691047
2,DNAH2 (146754)_damaging,0.06981783570569618
2,KDM6B (23135)_damaging,0.07970825901328416
2,CHD3 (1107)_damaging,0.009808166814813295
2,PER1 (5187)_damaging,0.013021234760190596
2,PFAS (5198)_damaging,0.007172894249278722
2,USP43 (124739)_damaging,0.01865647111918751
2,MYH13 (8735)_damaging,0.05522967411082116
2,MYH8 (4626)_damaging,0.009231073346289061
2,MYH1 (4619)_damaging,0.07623347875775703
2,MYH2 (4620)_damaging,0.05380598597259129
2,DNAH9 (1770)_damaging,0.07334174416162059
2,MAP2K4 (6416)_damaging,0.018800612466236134
2,MYOCD (93649)_damaging,0.01171338305844481
2,NCOR1 (9611)_damaging,0.05757193387546432
2,MPRIP (23164)_damaging,0.0006645619977785742
2,FLCN (201163)_damaging,0.038083490800124686
2,MYO15A (51168)_damaging,0.06339889185182072
2,TOP3A (7156)_damaging,0.020901986403286398
2,KSR1 (8844)_damaging,0.006264750156062742
2,MYO18A (399687)_damaging,0.01638562638407643
2,SSH2 (85464)_damaging,0.03726265820007338
2,EFCAB5 (374786)_damaging,0.02577995108481451
2,ATAD5 (79915)_damaging,0.0005639177809336582
2,NF1 (4763)_damaging,0.0289920399920489
2,SUZ12 (23512)_damaging,0.041189279284217
2,SLFN11 (91607)_damaging,0.007605847965567404
2,ACACA (31)_damaging,0.051547571596925607
2,GPR179 (440435)_damaging,0.04308937495463359
2,ARHGAP23 (57636)_damaging,0.04912922349864216
2,SRCIN1 (80725)_damaging,0.019915460301165824
2,TOP2A (7153)_damaging,0.013060402545623259
2,KCNH4 (23415)_damaging,0.020748351378959223
2,STAT5B (6777)_damaging,0.0443007172804966
2,BRCA1 (672)_damaging,0.044221503022048025
2,ITGA2B (3674)_damaging,0.00590660356611207
2,GPATCH8 (23131)_damaging,0.014387421521533644
2,KANSL1 (284058)_damaging,0.06166136342180505
2,HOXB3 (3213)_damaging,0.03283575733673101
2,COL1A1 (1277)_damaging,0.06331475338278246
2,RNF43 (54894)_damaging,0.05840317656293752
2,PPM1D (8493)_damaging,0.05383925004340996
2,INTS2 (57508)_damaging,0.052817031218635326
2,MED13 (9969)_damaging,0.01836769688342969
2,MRC2 (9902)_damaging,0.022429624820358762
2,SCN4A (6329)_damaging,0.017992215487703425
2,GNA13 (10672)_damaging,0.006512191838396676
2,AXIN2 (8313)_damaging,0.01139685333564353
2,BPTF (2186)_damaging,0.0794808284049714
2,ABCA8 (10351)_damaging,0.01352808154153224
2,ABCA9 (10350)_damaging,0.043864638933846394
2,ABCA6 (23460)_damaging,0.01176724536363188
2,ABCA10 (10349)_damaging,0.015428101802220979
2,ABCA5 (23461)_damaging,0.006307616076710205
2,SOX9 (6662)_damaging,0.049963317410585524
2,SDK2 (54549)_damaging,0.021277315633792128
2,TMEM94 (9772)_damaging,0.027097971255696327
2,CASKIN2 (57513)_damaging,0.0037485557961197285
2,MYO15B (80022)_damaging,0.024982872171477287
2,ITGB4 (3691)_damaging,0.04052851148666789
2,EVPL (2125)_damaging,0.0090330310923733
2,SPHK1 (8877)_damaging,0.06009087495162413
2,TNRC6C (57690)_damaging,0.01882270202195948
2,DNAH17 (8632)_damaging,0.0238790731001963
2,CARD14 (79092)_damaging,0.005309774313405816
2,RPTOR (57521)_damaging,0.017010886384901076
2,BAHCC1 (57597)_damaging,0.0116741089804725
2,FASN (2194)_damaging,0.041160143315660105
2,NARF (26502)_damaging,0.04140928958274357
2,FOXK2 (3607)_damaging,0.0019130939784929696
2,SMCHD1 (23347)_damaging,0.007161049374656579
2,EPB41L3 (23136)_damaging,0.03278952112157372
2,LAMA1 (284217)_damaging,0.05423059891896095
2,PTPRM (5797)_damaging,0.012760246012003896
2,MTCL1 (23255)_damaging,0.0011044467198622313
2,ANKRD12 (23253)_damaging,0.026166590454257947
2,PIEZO2 (63895)_damaging,0.024912931612383546
2,ANKRD30B (374860)_damaging,0.018079281736384338
2,ROCK1 (6093)_damaging,0.0664640391751384
2,GREB1L (80000)_damaging,0.02945573128603112
2,ESCO1 (114799)_damaging,0.022785252139478507
2,LAMA3 (3909)_damaging,0.05162805649781888
2,OSBPL1A (114876)_damaging,0.005417757426357588
2,ZNF521 (25925)_damaging,0.014044101524462454
2,CCDC178 (374864)_damaging,0.01121217959936972
2,ASXL3 (80816)_damaging,0.03754089022350248
2,FHOD3 (80206)_damaging,0.0171373422620233
2,SETBP1 (26040)_damaging,0.06080239360785798
2,LOXHD1 (125336)_damaging,0.06636708399977853
2,SKOR2 (652991)_damaging,0.03918842741647043
2,ZBTB7C (201501)_damaging,0.029117490736138403
2,MYO5B (4645)_damaging,0.004422285014065722
2,SMAD4 (4089)_damaging,0.06079557927858534
2,DCC (1630)_damaging,0.04645102478708664
2,ALPK2 (115701)_damaging,0.02761686914516726
2,CDH7 (1005)_damaging,0.07069499136891869
2,DSEL (92126)_damaging,0.04911594738056263
2,RTTN (25914)_damaging,0.0005070079109653119
2,CBLN2 (147381)_damaging,0.030539680909100607
2,ZNF407 (55628)_damaging,0.003712186101717069
2,ZNF236 (7776)_damaging,0.01060422117988027
2,SALL3 (27164)_damaging,0.010960038772164636
2,ATP9B (374868)_damaging,0.019278031859226764
2,KCNG2 (26251)_damaging,0.02050623362615554
2,ABCA7 (10347)_damaging,0.02673536835932383
2,STK11 (6794)_damaging,0.05645464767986629
2,TCF3 (6929)_damaging,0.022323619239217597
2,AP3D1 (8943)_damaging,0.043586954470306374
2,DOT1L (84444)_damaging,0.0052974519304725565
2,ZBTB7A (51341)_damaging,0.025521331228955536
2,TICAM1 (148022)_damaging,0.01897446583144012
2,KDM4B (23030)_damaging,0.026750234520157207
2,PTPRS (5802)_damaging,0.06742593394468743
2,SAFB2 (9667)_damaging,0.027185488490468975
2,SAFB (6294)_damaging,0.027958393465346554
2,CAMSAP3 (57662)_damaging,0.0131469415053666
2,MAP2K7 (5609)_damaging,0.03418216146049689
2,FBN3 (84467)_damaging,0.01665965951258863
2,MUC16 (94025)_damaging,0.00445013865484609
2,COL5A3 (50509)_damaging,0.1025118019376126
2,DNMT1 (1786)_damaging,0.01047699727150878
2,KEAP1 (9817)_damaging,0.07953745291258388
2,DNM2 (1785)_damaging,0.05491009246102558
2,SMARCA4 (6597)_damaging,0.07156324010581396
2,MAST1 (22983)_damaging,0.043803157397816865
2,CACNA1A (773)_damaging,0.07465637361573717
2,NOTCH3 (4854)_damaging,0.01823599175036855
2,BRD4 (23476)_damaging,0.005545506916154591
2,WIZ (58525)_damaging,0.0025755215844329464
2,SIN3B (23309)_damaging,0.015138783039259916
2,CPAMD8 (27151)_damaging,0.0709896982443289
2,MYO9B (4650)_damaging,0.034173469255631625
2,CRLF1 (9244)_damaging,0.02085016667776576
2,ZNF90 (7643)_damaging,0.01536333677191083
2,ZNF429 (353088)_damaging,0.026146358004105644
2,ZNF729 (100287226)_damaging,0.034538241850945076
2,ZNF99 (7652)_damaging,0.03503978792016981
2,ZNF536 (9745)_damaging,0.026142212992064307
2,TSHZ3 (57616)_damaging,0.009639885745458068
2,KMT2B (9757)_damaging,0.014655547643814935
2,WDR87 (83889)_damaging,0.01438772339630807
2,RYR1 (6261)_damaging,0.046049401852018355
2,CAPN12 (147968)_damaging,0.05911092728321926
2,FCGBP (8857)_damaging,0.004073655550468552
2,PRX (57716)_damaging,0.0075473364141267355
2,AXL (558)_damaging,0.018031171158633726
2,HNRNPUL1 (11100)_damaging,0.00853627691853223
2,ARHGEF1 (9138)_damaging,0.03896408189388382
2,ERF (2077)_damaging,0.01870643319758682
2,CIC (23152)_damaging,0.041258180258121654
2,MEGF8 (1954)_damaging,0.06981599311553874
2,ARHGAP35 (2909)_damaging,0.008979886208015462
2,BICRA (29998)_damaging,0.05506863297979168
2,LMTK3 (114783)_damaging,0.06567088370899318
2,TRPM4 (54795)_damaging,0.01745678011258894
2,PRR12 (57479)_damaging,0.018910808795263346
2,SCAF1 (58506)_damaging,0.014372631245245668
2,MYH14 (79784)_damaging,0.005556875403898974
2,POLD1 (5424)_damaging,0.01580626959665551
2,SHANK1 (50944)_damaging,0.04927077195295693
2,PPP2R1A (5518)_damaging,0.042554979441145266
2,NLRP7 (199713)_damaging,0.07251744485728923
2,BRSK1 (84446)_damaging,0.023193521495103998
2,SSC5D (284297)_damaging,0.017327005750687626
2,NLRP4 (147945)_damaging,0.02927995125014229
2,PEG3 (5178)_damaging,0.019580800251617757
2,ZIM3 (114026)_damaging,0.025505262683170417
2,TPO (7173)_damaging,0.010505674603926542
2,PXDN (7837)_damaging,0.019521055087733847
2,MYT1L (23040)_damaging,0.04268649669372474
2,ROCK2 (9475)_damaging,0.039613193433469696
2,GREB1 (9687)_damaging,0.046702979774457344
2,NBAS (51594)_damaging,0.05891973077069127
2,RAD51AP2 (729475)_damaging,0.012089946881251007
2,APOB (338)_damaging,0.011117091538809607
2,TDRD15 (100129278)_damaging,0.028892641884189683
2,ATAD2B (54454)_damaging,0.012846790758869544
2,ITSN2 (50618)_damaging,0.00903395006225672
2,DNMT3A (1788)_damaging,0.060173474939292475
2,ASXL2 (55252)_damaging,0.010018252111567214
2,OTOF (9381)_damaging,0.019654766579341357
2,EMILIN1 (11117)_damaging,0.0029698312399165172
2,CAD (790)_damaging,0.0007804342917294999
2,IFT172 (26160)_damaging,0.008046954894006825
2,SPATA31H1 (84226)_damaging,0.06895653964029931
2,ALK (238)_damaging,0.018633463880336543
2,BIRC6 (57448)_damaging,0.03896487516480316
2,LTBP1 (4052)_damaging,0.07922275379847993
2,ZFP36L2 (678)_damaging,0.08587102542769505
2,THADA (63892)_damaging,0.05175316013587623
2,MSH2 (4436)_damaging,0.08129881079384652
2,MSH6 (2956)_damaging,0.035122141792342125
2,LHCGR (3973)_damaging,0.0164558201953072
2,NRXN1 (9378)_damaging,0.0638498835289553
2,PSME4 (23198)_damaging,0.030661562429441007
2,SPTBN1 (6711)_damaging,0.021838926056157632
2,EML6 (400954)_damaging,0.07485625716161692
2,MTIF2 (4528)_damaging,0.026074566311603816
2,CCDC88A (55704)_damaging,0.08669241366436783
2,USP34 (9736)_damaging,0.02792121233947113
2,C2orf42 (54980)_damaging,0.041284862981065616
2,ZNF638 (27332)_damaging,0.029965751271845732
2,DYSF (8291)_damaging,0.010477040117939054
2,ALMS1 (7840)_damaging,0.05389697463249707
2,LOXL3 (84695)_damaging,0.0042409933273837835
2,CTNNA2 (1496)_damaging,0.05250104484773716
2,DNAH6 (1768)_damaging,0.0549523564327355
2,PROM2 (150696)_damaging,0.005693184832674788
2,ANKRD36 (375248)_damaging,0.039936768155563
2,TMEM131 (23505)_damaging,0.0006728085170748893
2,VWA3B (200403)_damaging,0.0352841883713001
2,CRACDL (343990)_damaging,0.01142585144422271
2,EIF5B (9669)_damaging,0.014162674030110624
2,REV1 (51455)_damaging,0.048762203727269235
2,MAP4K4 (9448)_damaging,0.060968982072301885
2,RANBP2 (5903)_damaging,0.060334225302159525
2,DPP10 (57628)_damaging,0.021305354380443734
2,MARCO (8685)_damaging,0.017237055882877623
2,EPB41L5 (57669)_damaging,0.04758482652313387
2,CLASP1 (23332)_damaging,0.03754609174653677
2,CNTNAP5 (129684)_damaging,0.0271454348625586
2,UGGT1 (56886)_damaging,0.03322551340415091
2,ARHGEF4 (50649)_damaging,0.06664211033919568
2,NCKAP5 (344148)_damaging,0.03343461516887113
2,THSD7B (80731)_damaging,0.0384365692598858
2,LRP1B (53353)_damaging,0.0074847340976647225
2,ACVR2A (92)_damaging,0.015051422234279913
2,ORC4 (5000)_damaging,0.035074224985644185
2,KIF5C (3800)_damaging,0.09292833042500853
2,RIF1 (55183)_damaging,0.0735407202878589
2,NEB (4703)_damaging,0.04525557273729714
2,GALNT13 (114805)_damaging,0.021887861955831766
2,BAZ2B (29994)_damaging,0.016842981490439352
2,LY75 (4065)_damaging,0.08956418223045816
2,PLA2R1 (22925)_damaging,0.06942181253106804
2,SLC4A10 (57282)_damaging,0.0447004738182341
2,KCNH7 (90134)_damaging,0.019037879746358212
2,FIGN (55137)_damaging,0.03332375841251945
2,SCN3A (6328)_damaging,0.056561088842876465
2,SCN2A (6326)_damaging,0.010342006818691917
2,TTC21B (79809)_damaging,0.029155931364799034
2,SCN1A (6323)_damaging,0.006675716843031729
2,SCN9A (6335)_damaging,0.041548097927851343
2,SCN7A (6332)_damaging,0.014076733291782856
2,XIRP2 (129446)_damaging,0.062019662732176004
2,LRP2 (4036)_damaging,0.03619531243896344
2,KLHL41 (10324)_damaging,0.03465770892885176
2,PPIG (9360)_damaging,0.007142699289028867
2,TTN (7273)_damaging,0.03753455637227502
2,CCDC141 (285025)_damaging,0.05789028003095663
2,ITGA4 (3676)_damaging,0.011482757739415485
2,FSIP2 (401024)_damaging,0.03979412727554323
2,COL3A1 (1281)_damaging,0.020469060450120424
2,COL5A2 (1290)_damaging,0.00323519112669087
2,DNAH7 (56171)_damaging,0.03039498080425873
2,HECW2 (57520)_damaging,0.02838174902628687
2,PLCL1 (5334)_damaging,0.024068346582564116
2,SGO2 (151246)_damaging,0.0040328900723748526
2,AOX1 (316)_damaging,0.07631807694548268
2,CASP8 (841)_damaging,0.01616420963646629
2,BMPR2 (659)_damaging,0.02851727817283882
2,NBEAL1 (65065)_damaging,0.0024797941782358644
2,INO80D (54891)_damaging,0.03321472506067215
2,ZDBF2 (57683)_damaging,0.0248090765587184
2,ADAM23 (8745)_damaging,0.03192001328793562
2,MAP2 (4133)_damaging,0.008855877784379393
2,UNC80 (285175)_damaging,0.0602945285119387
2,KANSL1L (151050)_damaging,0.022693506596311967
2,CPS1 (1373)_damaging,0.05478332931305535
2,ERBB4 (2066)_damaging,0.0427346353733968
2,ABCA12 (26154)_damaging,0.04956501872057887
2,FN1 (2335)_damaging,0.07501204393766259
2,TNS1 (7145)_damaging,0.006228348526668885
2,CFAP65 (255101)_damaging,0.058528195145847145
2,SPEG (10290)_damaging,0.024712021202048386
2,OBSL1 (23363)_damaging,0.023220770326570828
2,SLC4A3 (6508)_damaging,0.008364542445437927
2,DOCK10 (55619)_damaging,0.021341535903142816
2,IRS1 (3667)_damaging,0.016674045310195472
2,COL4A4 (1286)_damaging,0.046216021652867714
2,SPHKAP (80309)_damaging,0.05524643332467297
2,TRIP12 (9320)_damaging,0.006624735734234441
2,GIGYF2 (26058)_damaging,0.031800310251300624
2,MROH2A (339766)_damaging,0.06448373049433437
2,COL6A3 (1293)_damaging,0.03356876569296414
2,HDAC4 (9759)_damaging,0.046643692196584235
2,KIF1A (547)_damaging,0.03431319130820688
2,TGM6 (343641)_damaging,0.05670203097576953
2,FASTKD5 (60493)_damaging,0.05493427572068714
2,SLC4A11 (83959)_damaging,0.048736857950462065
2,PLCB4 (5332)_damaging,0.049231212862844584
2,ESF1 (51575)_damaging,0.01405561135895944
2,SEL1L2 (80343)_damaging,0.03340833095441297
2,CFAP61 (26074)_damaging,0.0006337745343223309
2,CD93 (22918)_damaging,0.017438196886330127
2,ASXL1 (171023)_damaging,0.05574349890454533
2,NCOA6 (23054)_damaging,0.07346454720485789
2,MYH7B (57644)_damaging,0.01503154418213441
2,SAMHD1 (25939)_damaging,0.046996130533243585
2,KIAA1755 (85449)_damaging,0.05225401821316737
2,RALGAPB (57148)_damaging,0.07563617212297728
2,PTPRT (11122)_damaging,0.002983793797488457
2,CDH22 (64405)_damaging,0.09180671823240864
2,DDX27 (55661)_damaging,0.015864098125553443
2,KCNB1 (3745)_damaging,0.002976240673114365
2,RIPOR3 (140876)_damaging,0.013726612252837079
2,ADNP (23394)_damaging,0.03613481302407698
2,ZNF831 (128611)_damaging,0.03243838784889604
2,SYCP2 (10388)_damaging,0.04129318753563334
2,TAF4 (6874)_damaging,0.017588802300738633
2,LAMA5 (3911)_damaging,0.04718975114378685
2,DIDO1 (11083)_damaging,0.028661338118012497
2,KCNQ2 (3785)_damaging,0.00496945311116759
2,HELZ2 (85441)_damaging,0.08842948167899711
2,TPTE (7179)_damaging,0.02642368603194185
2,NRIP1 (8204)_damaging,0.016821356663573282
2,LTN1 (26046)_damaging,0.05738525814130635
2,USP16 (10600)_damaging,0.015618173424920579
2,SCAF4 (57466)_damaging,0.07074624304288966
2,SYNJ1 (8867)_damaging,0.02425392350306172
2,ITSN1 (6453)_damaging,0.014245555299977026
2,DOP1B (9980)_damaging,0.005323748974507844
2,BRWD1 (54014)_damaging,0.0031257989924850095
2,DSCAM (1826)_damaging,0.004111265936114571
2,UMODL1 (89766)_damaging,0.018786600680146433
2,TRPM2 (7226)_damaging,0.0816226690432166
2,COL18A1 (80781)_damaging,0.028695826352128945
2,PCNT (5116)_damaging,0.01675385720225704
2,CECR2 (27443)_damaging,0.046244405515180484
2,ZDHHC8 (29801)_damaging,0.030624503815924766
2,MED15 (51586)_damaging,0.021990375784892293
2,PI4KA (5297)_damaging,0.04779032314541599
2,LZTR1 (8216)_damaging,0.024210407945273314
2,SMARCB1 (6598)_damaging,0.02473504310662121
2,MYO18B (84700)_damaging,0.050045520224571496
2,MN1 (4330)_damaging,0.03376827444361138
2,CHEK2 (11200)_damaging,0.05862848549179826
2,NF2 (4771)_damaging,0.18236014396312406
2,MTMR3 (8897)_damaging,0.11180405619781589
2,PRR14L (253143)_damaging,0.042218327570094395
2,DEPDC5 (9681)_damaging,0.05397211421583735
2,RTCB (51493)_damaging,0.018829110206894317
2,MYH9 (4627)_damaging,0.10897918408603748
2,CSF2RB (1439)_damaging,0.069497243642661
2,TMPRSS6 (164656)_damaging,0.005606459102385842
2,TRIOBP (11078)_damaging,0.0583098915114625
2,CACNA1I (8911)_damaging,0.011618205521208052
2,TNRC6B (23112)_damaging,0.05549961223623124
2,EP300 (2033)_damaging,0.062021389389688805
2,ZC3H7B (23264)_damaging,0.005044649321734165
2,MEI1 (150365)_damaging,0.0483309984515472
2,TCF20 (6942)_damaging,0.018688370698817083
2,SERHL2 (253190)_damaging,0.0008307443895120398
2,SMC1B (27127)_damaging,0.01749955345486054
2,PKDREJ (10343)_damaging,0.04843870826603013
2,PLXNB2 (23654)_damaging,0.10051426624541009
2,PPP6R2 (9701)_damaging,0.03749164267502596
2,SBF1 (6305)_damaging,0.005596276936599284
2,KLHDC7B (113730)_damaging,0.06485722767127174
2,CNTN6 (27255)_damaging,0.0493541272555768
2,CNTN4 (152330)_damaging,0.034832764001269764
2,GRM7 (2917)_damaging,0.06087721268115092
2,VHL (7428)_damaging,0.001809058758894652
2,KCNH8 (131096)_damaging,0.015571406393528022
2,TGFBR2 (7048)_damaging,0.009151105112905063
2,CLASP2 (23122)_damaging,0.01332341756185588
2,TRANK1 (9881)_damaging,0.005169288164255799
2,MLH1 (4292)_damaging,0.024370203139881332
2,GOLGA4 (2803)_damaging,0.03445987678877171
2,VILL (50853)_damaging,0.022839729988592943
2,SCN10A (6336)_damaging,0.018919336940643485
2,SCN11A (11280)_damaging,0.039731250012135934
2,TOPAZ1 (375337)_damaging,0.017685698321728
2,KIF15 (56992)_damaging,0.005710687144295538
2,SETD2 (29072)_damaging,0.04716813972880379
2,PTPN23 (25930)_damaging,0.0687289412370956
2,PLXNB1 (5364)_damaging,0.03420480447037992
2,COL7A1 (1294)_damaging,0.048573759716187874
2,CELSR3 (1951)_damaging,0.034666125558402316
2,RHOA (387)_damaging,0.021408937061609276
2,BSN (8927)_damaging,0.01031448684900354
2,RBM6 (10180)_damaging,0.017949428727621612
2,DOCK3 (1795)_damaging,0.03619157064583922
2,DNAH1 (25981)_damaging,0.024224412132611214
2,BAP1 (8314)_damaging,0.001988694329521845
2,STAB1 (23166)_damaging,0.023110344554693216
2,PBRM1 (55193)_damaging,0.07736535443503505
2,CACNA1D (776)_damaging,0.07389382328512924
2,DNAH12 (201625)_damaging,0.02346304758964247
2,FLNB (2317)_damaging,0.03941108337477971
2,FEZF2 (55079)_damaging,0.005550448074147841
2,ATXN7 (6314)_damaging,0.0009461385584279153
2,ROBO2 (6092)_damaging,0.09295052637509431
2,ROBO1 (6091)_damaging,0.03155154155439977
2,EPHA3 (2042)_damaging,0.021596549406314967
2,EPHA6 (285220)_damaging,0.10816025661378664
2,CRYBG3 (131544)_damaging,0.0036689447409090988
2,ABI3BP (25890)_damaging,0.016317844765230793
2,MYH15 (22989)_damaging,0.001514966360584377
2,DZIP3 (9666)_damaging,0.07368341974984206
2,MORC1 (27136)_damaging,0.04356564510705714
2,PHLDB2 (90102)_damaging,0.04904408315732935
2,CFAP44 (55779)_damaging,0.009952928413535143
2,USF3 (205717)_damaging,0.02632018301221837
2,ZBTB20 (26137)_damaging,0.06032306293955169
2,CFAP91 (89876)_damaging,0.021520745403496865
2,POLQ (10721)_damaging,0.04310681662983932
2,KALRN (8997)_damaging,0.04440853396089313
2,MBD4 (8930)_damaging,0.027449573604546276
2,COL6A5 (256076)_damaging,0.02148823209617315
2,COL6A6 (131873)_damaging,0.028947945461013053
2,TOPBP1 (11073)_damaging,0.0576790104438115
2,RASA2 (5922)_damaging,0.025923858412275128
2,XRN1 (54464)_damaging,0.025048468063866434
2,ATR (545)_damaging,0.018538351474617402
2,HPS3 (84343)_damaging,0.0007844465466210306
2,MED12L (116931)_damaging,0.045296853645550944
2,IGSF10 (285313)_damaging,0.06585042966419566
2,ARHGEF26 (26084)_damaging,0.027682681645785585
2,MME (4311)_damaging,0.031007411019418903
2,PLCH1 (23007)_damaging,0.02694301004995657
2,SMC4 (10051)_damaging,0.005410473461810401
2,SI (6476)_damaging,0.012726409529646722
2,ZBBX (79740)_damaging,0.07644709178328037
2,MECOM (2122)_damaging,0.05719101755665331
2,TNIK (23043)_damaging,0.034119394275677596
2,PLD1 (5337)_damaging,0.011854565864743974
2,SPATA16 (83893)_damaging,0.002499723220972905
2,USP13 (8975)_damaging,0.029222451225136094
2,TTC14 (151613)_damaging,0.02153485077644308
2,B3GNT5 (84002)_damaging,0.05727823875799522
2,VWA5B2 (90113)_damaging,0.0002775262954209474
2,ATP13A5 (344905)_damaging,0.0080575517128548
2,MUC4 (4585)_damaging,0.014540212478923764
2,TNK2 (10188)_damaging,0.012050213870917266
2,NSD2 (7468)_damaging,0.03250526006231984
2,POLN (353497)_damaging,0.04848046365199192
2,FAM193A (8603)_damaging,0.005261637701477164
2,HTT (3064)_damaging,0.023340684580193505
2,JAKMIP1 (152789)_damaging,0.022947214641220525
2,UNC93B7 (100887746)_damaging,0.07653462663625737
2,BOD1L1 (259282)_damaging,0.009614282023362574
2,PCDH7 (5099)_damaging,0.09829046504912536
2,LIMCH1 (22998)_damaging,0.0293270453837027
2,BEND4 (389206)_damaging,0.04628634444302717
2,ATP10D (57205)_damaging,0.03853044020592825
2,CORIN (10699)_damaging,0.007658959533161151
2,FRYL (285527)_damaging,0.038330257525508
2,FIP1L1 (81608)_damaging,0.06170930063663237
2,KDR (3791)_damaging,0.034227837107952776
2,POLR2B (5431)_damaging,0.0165122178404305
2,ADGRL3 (23284)_damaging,0.07644516192285875
2,EPHA5 (2044)_damaging,0.02495051908511222
2,CENPC (1060)_damaging,0.018060934919338127
2,UGT2B28 (54490)_damaging,0.036434653507225544
2,ADAMTS3 (9508)_damaging,0.04060914192116558
2,SHROOM3 (57619)_damaging,0.04375540394656456
2,FRAS1 (80144)_damaging,0.013058002820587533
2,WDFY3 (23001)_damaging,0.017686028155975034
2,ARHGAP24 (83478)_damaging,0.024487891535106613
2,PTPN13 (5783)_damaging,0.004492059453517216
2,AFF1 (4299)_damaging,0.044027026381439446
2,MMRN1 (22915)_damaging,0.02676237854266662
2,GRID2 (2895)_damaging,9.662182869466781e-05
2,SMARCAD1 (56916)_damaging,0.009177832271623885
2,UNC5C (8633)_damaging,0.012975378949264316
2,CENPE (1062)_damaging,0.020407871332885016
2,TET2 (54790)_damaging,0.11101815795804629
2,COL25A1 (84570)_damaging,0.08277424164764723
2,EGF (1950)_damaging,0.04478367475222899
2,ANK2 (287)_damaging,0.008181369965368925
2,NDST4 (64579)_damaging,0.02076454011085407
2,BLTP1 (84162)_damaging,0.031034715275328317
2,FAT4 (79633)_damaging,0.017730378465447214
2,SCLT1 (132320)_damaging,0.042637899047086134
2,PCDH10 (57575)_damaging,0.005838198465421367
2,INPP4B (8821)_damaging,0.04156006460300856
2,FBXW7 (55294)_damaging,0.025248167559380277
2,FHDC1 (85462)_damaging,0.01802434834183854
2,DCHS2 (54798)_damaging,0.03093269386986788
2,MAP9 (79884)_damaging,0.05063070278362595
2,GRIA2 (2891)_damaging,0.016470333609524466
2,RXFP1 (59350)_damaging,0.05449267043578066
2,RAPGEF2 (9693)_damaging,0.019135023890020295
2,FSTL5 (56884)_damaging,0.00471231086159847
2,DDX60 (55601)_damaging,0.002057555757333228
2,WDR17 (116966)_damaging,0.03615759561258294
2,TENM3 (55714)_damaging,0.004487025238554378
2,WWC2 (80014)_damaging,0.010079676063129985
2,SORBS2 (8470)_damaging,0.007534311340490823
2,FAT1 (2195)_damaging,0.0704728297485561
2,SDHA (6389)_damaging,0.05602685116055063
2,SLC12A7 (10723)_damaging,0.018952290177356473
2,SLC6A19 (340024)_damaging,0.034866349395889146
2,TERT (7015)_damaging,0.011703529247082392
2,ADAMTS16 (170690)_damaging,0.007775824773852509
2,ICE1 (23379)_damaging,0.029063107051080686
2,SEMA5A (9037)_damaging,0.02355967680684688
2,CTNND2 (1501)_damaging,0.018587564685252193
2,DNAH5 (1767)_damaging,0.045863940866884924
2,TRIO (7204)_damaging,0.032792610769351235
2,CDH18 (1016)_damaging,0.03718248439252772
2,PRDM9 (56979)_damaging,0.060181656762204806
2,CDH10 (1008)_damaging,0.030273863459608242
2,CDH6 (1004)_damaging,0.0066700706720866886
2,PDZD2 (23037)_damaging,0.06175674826638547
2,ADAMTS12 (81792)_damaging,0.07691398786019786
2,SPEF2 (79925)_damaging,0.020577240972076458
2,NIPBL (25836)_damaging,0.04664376228818764
2,CPLANE1 (65250)_damaging,0.005772739841501027
2,EGFLAM (133584)_damaging,0.004058961073788383
2,RICTOR (253260)_damaging,0.020373666273951097
2,C7 (730)_damaging,0.017408593638926703
2,MROH2B (133558)_damaging,0.07926007194127989
2,C6 (729)_damaging,0.020051149022170006
2,HCN1 (348980)_damaging,0.04839007573658498
2,ITGA1 (3672)_damaging,0.031742696686590736
2,DHX29 (54505)_damaging,0.06903898950578165
2,ZSWIM6 (57688)_damaging,0.015345976173327723
2,PIK3R1 (5295)_damaging,0.09076638835209697
2,RAD17 (5884)_damaging,0.03587094780863938
2,BDP1 (55814)_damaging,0.0077285663801654235
2,MAP1B (4131)_damaging,0.03738680068102266
2,ARHGEF28 (64283)_damaging,0.03238329808999183
2,ANKRD31 (256006)_damaging,0.05778350137561707
2,IQGAP2 (10788)_damaging,0.0072852178097925335
2,AGGF1 (55109)_damaging,0.08363966750697979
2,AP3B1 (8546)_damaging,0.006466676354104638
2,CMYA5 (202333)_damaging,0.07788748678129594
2,MSH3 (4437)_damaging,0.005077250344142611
2,VCAN (1462)_damaging,0.025845755401409848
2,RASA1 (5921)_damaging,0.10310531348832747
2,ADGRV1 (84059)_damaging,0.016976766098942848
2,KIAA0825 (285600)_damaging,0.08066638917331896
2,MCTP1 (79772)_damaging,0.0565880728395923
2,SKIC3 (9652)_damaging,0.01159425432995358
2,ARSK (153642)_damaging,0.017723774550012585
2,PCSK1 (5122)_damaging,0.05960671269483488
2,CHD1 (1105)_damaging,0.016960650034401992
2,SLCO6A1 (133482)_damaging,0.03406545761651466
2,APC (324)_damaging,0.017990242862566386
2,DMXL1 (1657)_damaging,0.07343717855172747
2,CEP120 (153241)_damaging,0.01152350796862047
2,ZNF608 (57507)_damaging,0.010320792216433268
2,FBN2 (2201)_damaging,0.017195769740190475
2,ADAMTS19 (171019)_damaging,0.05812214649906577
2,FNIP1 (96459)_damaging,0.02013302842880838
2,RAD50 (10111)_damaging,0.0064812784432777696
2,AFF4 (27125)_damaging,0.0015453139968301197
2,FSTL4 (23105)_damaging,0.011350441600144682
2,PITX1 (5307)_damaging,0.08077085543110038
2,LINC02900 (340073)_damaging,0.0591847933783133
2,CTNNA1 (1495)_damaging,0.030806435702549446
2,ANKHD1 (54882)_damaging,0.0320394432247659
2,WDR55 (54853)_damaging,0.025053747893074674
2,PCDHB6 (56130)_damaging,0.040786376116155654
2,ARAP3 (64411)_damaging,0.027429908294839017
2,NR3C1 (2908)_damaging,0.03744878268039143
2,TCERG1 (10915)_damaging,0.05208375357711585
2,FBXO38 (81545)_damaging,0.012312277553145172
2,FAT2 (2196)_damaging,0.061426259230309734
2,GRIA1 (2890)_damaging,0.05072027346777716
2,LARP1 (23367)_damaging,0.047578789769514164
2,GABRA6 (2559)_damaging,0.0480527033054437
2,GABRG2 (2566)_damaging,0.03498302896465937
2,SLIT3 (6586)_damaging,0.0463853242893308
2,DOCK2 (1794)_damaging,0.02988734146197601
2,NSD1 (64324)_damaging,0.033346781876928425
2,ADAMTS2 (9509)_damaging,0.024824413816125632
2,FLT4 (2324)_damaging,0.08202965929477059
2,DSP (1832)_damaging,0.01165377259195948
2,HIVEP1 (3096)_damaging,0.00834353842300234
2,PHACTR1 (221692)_damaging,0.02042166762976565
2,JARID2 (3720)_damaging,0.011869783497947164
2,ATXN1 (6310)_damaging,0.061158270845171815
2,GABBR1 (2550)_damaging,0.06841162742420022
2,HLA-A (3105)_damaging,0.035789386986669315
2,MDC1 (9656)_damaging,0.028236023658946046
2,VARS2 (57176)_damaging,0.025487620634872154
2,MUCL3 (135656)_damaging,0.024927358241098232
2,HLA-C (3107)_damaging,0.0684341941283296
2,HLA-B (3106)_damaging,0.025566986790193535
2,PRRC2A (7916)_damaging,0.005159594456436543
2,BAG6 (7917)_damaging,0.042530925830570734
2,TNXB (7148)_damaging,0.024282360113264435
2,NOTCH4 (4855)_damaging,0.0084037780803034
2,HLA-DRB5 (3127)_damaging,0.062187941162676355
2,COL11A2 (1302)_damaging,0.02277211132963878
2,RGL2 (5863)_damaging,0.04898651513359805
2,ITPR3 (3710)_damaging,0.006840770461238964
2,BLTP3A (54887)_damaging,0.03238367351279993
2,DNAH8 (1769)_damaging,0.0038407396240031726
2,CCND3 (896)_damaging,0.06761223778984275
2,MRPS10 (55173)_damaging,0.0008097805437792693
2,PTK7 (5754)_damaging,0.010696733833558302
2,ZNF318 (24149)_damaging,0.0074835944392690834
2,TDRD6 (221400)_damaging,0.008863926531617022
2,MMUT (4594)_damaging,0.06960431612797463
2,PKHD1 (5314)_damaging,0.06810206464280588
2,FAM83B (222584)_damaging,0.02077712090991376
2,COL21A1 (81578)_damaging,0.07181992055520103
2,DST (667)_damaging,0.0015424328238876604
2,PHF3 (23469)_damaging,0.024876661952884033
2,EYS (346007)_damaging,0.0034186457514861724
2,ADGRB3 (577)_damaging,0.027051236359509557
2,COL19A1 (1310)_damaging,0.011593143688922076
2,COL9A1 (1297)_damaging,0.036156186838860585
2,RIMS1 (22999)_damaging,0.0036180907690375936
2,CD109 (135228)_damaging,0.033456281310099076
2,COL12A1 (1303)_damaging,0.031868375635896694
2,CEP162 (22832)_damaging,0.004847454328787481
2,SYNCRIP (10492)_damaging,0.05432884105412822
2,ZNF292 (23036)_damaging,0.00944349975230058
2,MDN1 (23195)_damaging,0.012666900391487136
2,CASP8AP2 (9994)_damaging,0.03320887494900499
2,EPHA7 (2045)_damaging,0.06237603639924351
2,MMS22L (253714)_damaging,0.03813159473804065
2,PNISR (25957)_damaging,0.001889517201582556
2,ASCC3 (10973)_damaging,0.018444313461982356
2,SOBP (55084)_damaging,0.003001502653762613
2,AK9 (221264)_damaging,0.007410677206494008
2,LAMA4 (3910)_damaging,0.031329499697513016
2,HDAC2 (3066)_damaging,0.009589441912915352
2,ROS1 (6098)_damaging,0.012316809820585967
2,TBC1D32 (221322)_damaging,0.03184584765361903
2,TRDN (10345)_damaging,0.04296358635710923
2,LAMA2 (3908)_damaging,0.005289307978076451
2,AKAP7 (9465)_damaging,0.0014079302704337038
2,MED23 (9439)_damaging,0.06005006226516947
2,ARFGEF3 (57221)_damaging,0.022457507930739
2,ECT2L (345930)_damaging,0.05033714843570052
2,HECA (51696)_damaging,0.035558812115221015
2,HIVEP2 (3097)_damaging,0.023401650113119718
2,UTRN (7402)_damaging,0.015522815736298984
2,SHPRH (257218)_damaging,0.06330169275646022
2,GRM1 (2911)_damaging,0.00844418575048133
2,ADGB (79747)_damaging,0.02077610599955961
2,STXBP5 (134957)_damaging,0.03512346090935374
2,SYNE1 (23345)_damaging,0.02593826208548387
2,SCAF8 (22828)_damaging,0.03675981240384937
2,ARID1B (57492)_damaging,0.0527509442120252
2,FNDC1 (84624)_damaging,0.028843857740863416
2,IGF2R (3482)_damaging,0.04559960165743589
2,LPA (4018)_damaging,0.004888439575206473
2,QKI (9444)_damaging,0.07349475328526645
2,AFDN (4301)_damaging,0.03430752248306009
2,CARD11 (84433)_damaging,0.002996348760402104
2,TNRC18 (84629)_damaging,0.03720180380907175
2,PMS2 (5395)_damaging,0.017281428658357776
2,COL28A1 (340267)_damaging,0.037340318110568996
2,THSD7A (221981)_damaging,0.020944713244240305
2,VWDE (221806)_damaging,0.04744609616020079
2,DGKB (1607)_damaging,0.0022513368865967943
2,AHR (196)_damaging,0.0072163491683832
2,HDAC9 (9734)_damaging,0.036773102526765196
2,ABCB5 (340273)_damaging,0.06782037821328439
2,DNAH11 (8701)_damaging,0.08731056819506622
2,STK31 (56164)_damaging,0.017485790276696167
2,CDK13 (8621)_damaging,0.048624477218250146
2,GLI3 (2737)_damaging,0.03231823902702104
2,HECW1 (23072)_damaging,0.005485423523090415
2,AEBP1 (165)_damaging,0.024529075444329158
2,PKD1L1 (168507)_damaging,0.020272073555935334
2,ABCA13 (154664)_damaging,0.04983928018670534
2,FIGNL1 (63979)_damaging,0.012350827686109551
2,DDC (1644)_damaging,0.0786770978114914
2,AUTS2 (26053)_damaging,0.05736541150861774
2,PTPN12 (5782)_damaging,0.042349450835961484
2,MAGI2 (9863)_damaging,0.0523472696682895
2,CD36 (948)_damaging,0.07629361569386842
2,PCLO (27445)_damaging,0.04681713472702474
2,SEMA3E (9723)_damaging,0.034863684239762244
2,ABCB1 (5243)_damaging,0.007469705857392227
2,ZNF804B (219578)_damaging,0.009157425899474523
2,AKAP9 (10142)_damaging,0.04321051727296184
2,ANKIB1 (54467)_damaging,0.006630229831561535
2,SAMD9 (54809)_damaging,0.004377745213558297
2,SAMD9L (219285)_damaging,0.03497713190226095
2,CALCR (799)_damaging,0.012502048574696455
2,COL1A2 (1278)_damaging,0.04030561627687682
2,TRRAP (8295)_damaging,0.022727988821117536
2,GIGYF1 (64599)_damaging,0.013106615600175429
2,ZAN (7455)_damaging,0.05528815828809926
2,MUC12 (10071)_damaging,0.03299198150144506
2,MUC17 (140453)_damaging,0.06271879532865042
2,PLOD3 (8985)_damaging,0.05376368265032396
2,CUX1 (1523)_damaging,0.021254204076484255
2,FBXL13 (222235)_damaging,0.01730364174615387
2,SLC26A5 (375611)_damaging,0.024084450220619676
2,RELN (5649)_damaging,0.01170618450594463
2,KMT2E (55904)_damaging,0.033913761511351365
2,PIK3CG (5294)_damaging,0.02440908409235373
2,LAMB4 (22798)_damaging,0.03797119059801143
2,PPP1R3A (5506)_damaging,0.05591148440926304
2,CFTR (1080)_damaging,0.007743383572578649
2,CTTNBP2 (83992)_damaging,0.02235994707437967
2,WNT16 (51384)_damaging,0.0125778854302776
2,PTPRZ1 (5803)_damaging,0.0017530573930311264
2,CADPS2 (93664)_damaging,0.04609331502880709
2,GRM8 (2918)_damaging,0.017760181124031965
2,FLNC (2318)_damaging,0.002482886561907712
2,KCP (375616)_damaging,0.015086032785058356
2,PLXNA4 (91584)_damaging,0.05357992962275326
2,NUP205 (23165)_damaging,0.004112049391131522
2,TRIM24 (8805)_damaging,0.03759351950036456
2,KIAA1549 (57670)_damaging,0.022617046071864773
2,MGAM (8972)_damaging,0.002929262365455863
2,MGAM2 (93432)_damaging,0.01436560115566282
2,EPHB6 (2051)_damaging,0.026825858626327193
2,KEL (3792)_damaging,0.003788271978725687
2,NOBOX (135935)_damaging,0.04397525206587126
2,CNTNAP2 (26047)_damaging,0.01610669487375665
2,KCNH2 (3757)_damaging,0.028464775170877105
2,NOS3 (4846)_damaging,0.012753388801593017
2,KMT2C (58508)_damaging,0.014544957338295155
2,UBE3C (9690)_damaging,0.024038805931575244
2,PTPRN2 (5799)_damaging,0.03203642428633262
2,CSMD1 (64478)_damaging,0.0408616759393984
2,PRAG1 (157285)_damaging,0.0019522148629497228
2,RP1L1 (94137)_damaging,0.003133345740083056
2,TRMT9B (57604)_damaging,0.03596246446378743
2,DLC1 (10395)_damaging,0.04363881510378694
2,PSD3 (23362)_damaging,0.014516441659922191
2,DMTN (2039)_damaging,0.06775511656005055
2,DOCK5 (80005)_damaging,0.04867248043863109
2,NUGGC (389643)_damaging,0.02522161219271235
2,TEX15 (56154)_damaging,0.03302417253576669
2,WRN (7486)_damaging,0.02529508253935634
2,UNC5D (137970)_damaging,0.056725903529652205
2,ADGRA2 (25960)_damaging,0.006146770966775667
2,NSD3 (54904)_damaging,0.0007873708930044522
2,ANK1 (286)_damaging,0.019663237078262577
2,PRKDC (5591)_damaging,0.02573267083698779
2,PXDNL (137902)_damaging,0.0390893269414156
2,ST18 (9705)_damaging,0.014681402360937006
2,RB1CC1 (9821)_damaging,0.03896648132646238
2,RP1 (6101)_damaging,0.018538934769266983
2,CYP7A1 (1581)_damaging,0.0033999044782189168
2,CHD7 (55636)_damaging,0.0175740891208614
2,ARFGEF1 (10565)_damaging,0.048934039529580725
2,PREX2 (80243)_damaging,0.01874935970094553
2,SULF1 (23213)_damaging,0.0038968288476049356
2,SLCO5A1 (81796)_damaging,0.03969652686481989
2,EYA1 (2138)_damaging,0.016055287734097215
2,TRPA1 (8989)_damaging,0.03396946405148255
2,KCNB2 (9312)_damaging,0.02212470554490254
2,ZFHX4 (79776)_damaging,0.019271331742850607
2,WWP1 (11059)_damaging,0.0192919896378113
2,NBN (4683)_damaging,0.04247008660149874
2,ESRP1 (54845)_damaging,0.05682252019126058
2,VPS13B (157680)_damaging,0.031044879925959567
2,RGS22 (26166)_damaging,0.030920828486297354
2,UBR5 (51366)_damaging,0.026739410581835966
2,RIMS2 (9699)_damaging,0.04872144220667
2,ZFPM2 (23414)_damaging,0.030251935488681766
2,PKHD1L1 (93035)_damaging,0.06905205631951418
2,CSMD3 (114788)_damaging,0.02197808075885416
2,TRPS1 (7227)_damaging,0.023318032202938266
2,COL14A1 (7373)_damaging,0.030363211006512826
2,FER1L6 (654463)_damaging,0.04624588039279055
2,ASAP1 (50807)_damaging,0.027030616599243114
2,ADCY8 (114)_damaging,0.018652080688310622
2,EFR3A (23167)_damaging,0.011713716113108662
2,OC90 (729330)_damaging,0.0030731025185903567
2,KCNQ3 (3786)_damaging,0.0303767403487666
2,PHF20L1 (51105)_damaging,0.06203739101311643
2,TG (7038)_damaging,0.007285553594691924
2,COL22A1 (169044)_damaging,0.10450729566755478
2,EPPK1 (83481)_damaging,0.02150124792129891
2,PLEC (5339)_damaging,0.065761058774533
2,PARP10 (84875)_damaging,0.06316866026139492
2,CPSF1 (29894)_damaging,0.07394185166206943
2,DOCK8 (81704)_damaging,0.033119621780524904
2,SMARCA2 (6595)_damaging,0.015618039614885636
2,BRD10 (158358)_damaging,0.005720857911745124
2,PTPRD (5789)_damaging,0.023800315769398728
2,MPDZ (8777)_damaging,0.07459880117136292
2,FREM1 (158326)_damaging,0.057768785643165864
2,CCDC171 (203238)_damaging,0.008326144744106598
2,CNTLN (54875)_damaging,0.025921521559194277
2,DENND4C (55667)_damaging,0.008625696648350976
2,CDKN2A (1029)_damaging,0.027111809652652263
2,TAF1L (138474)_damaging,0.07286051442193536
2,SPATA31G1 (138724)_damaging,0.02787042062576991
2,FANCG (2189)_damaging,0.07846821916743167
2,PIGO (84720)_damaging,0.05549153845516635
2,UNC13B (10497)_damaging,0.009130640305500185
2,RUSC2 (9853)_damaging,0.02873996094320083
2,SPAG8 (26206)_damaging,0.047361673881966486
2,SMC5 (23137)_damaging,0.005787225121882487
2,TMC1 (117531)_damaging,0.00468261290843662
2,TRPM6 (140803)_damaging,0.060055055902754104
2,PCSK5 (5125)_damaging,0.028985096416508642
2,PRUNE2 (158471)_damaging,0.07108279056586063
2,VPS13A (23230)_damaging,0.0016846900261438238
2,TLE4 (7091)_damaging,0.09634753759088886
2,SPATA31D1 (389763)_damaging,0.026140819909622894
2,SLC28A3 (64078)_damaging,0.011300959675655477
2,ROR2 (4920)_damaging,0.05135257846491097
2,NOL8 (55035)_damaging,0.0004821060322898923
2,WNK2 (65268)_damaging,0.016973683389118085
2,PHF2 (5253)_damaging,0.01236034036992479
2,PTCH1 (5727)_damaging,0.032277516575234574
2,SMC2 (10592)_damaging,0.06229182780245646
2,ABCA1 (19)_damaging,0.021056503884342822
2,ELP1 (8518)_damaging,0.05549186681734602
2,TMEM245 (23731)_damaging,0.002634280689891767
2,PALM2AKAP2 (445815)_damaging,0.0011185051166922786
2,SVEP1 (79987)_damaging,0.015878027260104222
2,FKBP15 (23307)_damaging,0.05349084230801719
2,COL27A1 (85301)_damaging,0.09944064191021518
2,PAPPA (5069)_damaging,0.09839419437950148
2,C5 (727)_damaging,0.026759953963982695
2,CNTRL (11064)_damaging,0.04951353324334858
2,DENND1A (57706)_damaging,0.020028949211349092
2,GOLGA2 (2801)_damaging,0.01591684711622842
2,SPTAN1 (6709)_damaging,0.07215086614009855
2,HMCN2 (256158)_damaging,0.01624690648286262
2,FUBP3 (8939)_damaging,0.011454271897003317
2,NUP214 (8021)_damaging,0.0066301067963885265
2,PRRC2B (84726)_damaging,0.005018208753175856
2,UCK1 (83549)_damaging,0.04491836106963032
2,SETX (23064)_damaging,0.007153537840480485
2,TTF1 (7270)_damaging,0.00926644185287368
2,TSC1 (7248)_damaging,0.013412382255187826
2,ADAMTS13 (11093)_damaging,0.04358720203151887
2,ADAMTSL2 (9719)_damaging,0.03280904997375913
2,BRD3 (8019)_damaging,0.042722600775554086
2,WDR5 (11091)_damaging,0.03386399634301111
2,COL5A1 (1289)_damaging,0.02165636550718803
2,CAMSAP1 (157922)_damaging,0.06290765643054043
2,SEC16A (9919)_damaging,0.05297497775411639
2,NOTCH1 (4851)_damaging,0.046848442517697625
2,ABCA2 (20)_damaging,0.016120335172514117
2,CACNA1B (774)_damaging,0.03394307465170097
2,PPP2R3B (28227)_damaging,0.024779922231535936
2,MXRA5 (25878)_damaging,0.028129942384771726
2,SHROOM2 (357)_damaging,0.03228617162528714
2,WWC3 (55841)_damaging,0.052631137950098064
2,FRMPD4 (9758)_damaging,0.029048789219129467
2,NHS (4810)_damaging,0.01589142447622433
2,MAP3K15 (389840)_damaging,0.0803030751728099
2,DMD (1756)_damaging,0.04149959955260014
2,CFAP47 (286464)_damaging,0.04869041363431501
2,BCOR (54880)_damaging,0.026036453323515788
2,USP9X (8239)_damaging,0.08049190039114003
2,DDX3X (1654)_damaging,0.05945938607725984
2,KDM6A (7403)_damaging,0.04859927425117352
2,RBM10 (8241)_damaging,0.08445946359196362
2,TFE3 (7030)_damaging,0.0010917315885208016
2,CCNB3 (85417)_damaging,0.03549406142732839
2,SHROOM4 (57477)_damaging,0.05652159997118594
2,KDM5C (8242)_damaging,0.012093045914698649
2,IQSEC2 (23096)_damaging,0.010112929966297096
2,HUWE1 (10075)_damaging,0.028876936290500074
2,WNK3 (65267)_damaging,0.03625800740627287
2,AMER1 (139285)_damaging,0.04996473694080862
2,OPHN1 (4983)_damaging,0.05303272613329904
2,KIF4A (24137)_damaging,0.0037659049801590286
2,MED12 (9968)_damaging,0.05220895561888845
2,ZMYM3 (9203)_damaging,0.08405214113004403
2,PHKA1 (5255)_damaging,0.048051827860592145
2,NEXMIF (340533)_damaging,0.00869082506854452
2,ATRX (546)_damaging,0.003738100070661882
2,BRWD3 (254065)_damaging,0.05081277559983572
2,ZNF711 (7552)_damaging,0.04126537561033418
2,DIAPH2 (1730)_damaging,0.0025978741910008523
2,PCDH19 (57526)_damaging,0.032763033794050746
2,RAB40A (142684)_damaging,0.0013363778094676554
2,NRK (203447)_damaging,0.0068466398728462595
2,COL4A6 (1288)_damaging,0.028286564041008332
2,COL4A5 (1287)_damaging,0.05303019616881925
2,TRPC5 (7224)_damaging,0.023749226556633495
2,DOCK11 (139818)_damaging,0.06600036076548457
2,STAG2 (10735)_damaging,0.05178093040718134
2,TENM1 (10178)_damaging,0.036378614026447625
2,BCORL1 (63035)_damaging,0.03210403285916777
2,USP26 (83844)_damaging,0.036791687589964796
2,SAGE1 (55511)_damaging,0.03433992875164304
2,MAP7D3 (79649)_damaging,0.010978760864161325
2,ADGRG4 (139378)_damaging,0.03515038738125155
2,MAGEC1 (9947)_damaging,0.008374835848174592
2,SPANXN4 (441525)_damaging,0.009562010069453486
2,SLITRK2 (84631)_damaging,0.042255332893402546
2,AFF2 (2334)_damaging,0.021381878579097638
2,PASD1 (139135)_damaging,0.033814957410126564
2,PLXNA3 (55558)_damaging,0.012675156435595674
2,F8 (2157)_damaging,0.021587033426355005
2,MT-ND4 (4538)_damaging,0.014866535069306443
2,MT-ND5 (4540)_damaging,0.049266393052206675
3,MTOR (2475)_hotspot,0.03994389318893838
3,NRAS (4893)_hotspot,0.0812636008317636
3,PTEN (5728)_hotspot,0.012511131727843162
3,HRAS (3265)_hotspot,0.020416340551030435
3,ATM (472)_hotspot,0.031428477251067344
3,KRAS (3845)_hotspot,0.07684579984814349
3,ERBB3 (2065)_hotspot,0.030181254669949045
3,BRCA2 (675)_hotspot,0.05228884625704067
3,RB1 (5925)_hotspot,0.0629514500183408
3,CREBBP (1387)_hotspot,0.010328033715742386
3,TP53 (7157)_hotspot,0.10590074389211152
3,NF1 (4763)_hotspot,0.0025739659738779203
3,ERBB2 (2064)_hotspot,0.025402235225785417
3,SMAD4 (4089)_hotspot,0.06043165478850752
3,STK11 (6794)_hotspot,0.02479272893254337
3,SMARCA4 (6597)_hotspot,0.006759453413683174
3,C2orf81 (388963)_hotspot,0.13471126580468573
3,NFE2L2 (4780)_hotspot,0.06233030210940664
3,VHL (7428)_hotspot,0.07006362500057017
3,CTNNB1 (1499)_hotspot,0.038086175114598636
3,RHOA (387)_hotspot,0.09590210413033384
3,PIK3CA (5290)_hotspot,0.0027653829069761576
3,FBXW7 (55294)_hotspot,0.04566131164676568
3,TERT (7015)_hotspot,6.464366374863487e-05
3,PIK3R1 (5295)_hotspot,0.026333067510413654
3,APC (324)_hotspot,0.03285135938533806
3,RAC1 (5879)_hotspot,0.009497154627212387
3,EGFR (1956)_hotspot,0.017833406969025238
3,BRAF (673)_hotspot,0.06028479520032036
3,EZH2 (2146)_hotspot,0.046447072316027536
3,CDKN2A (1029)_hotspot,0.05988123166434862
3,AGRN (375790)_damaging,0.048953912400470236
3,MXRA8 (54587)_damaging,0.021604246931741726
3,MEGF6 (1953)_damaging,0.012083079849409251
3,CHD5 (26038)_damaging,0.03320489267123984
3,RPL22 (6146)_damaging,0.07231114675035323
3,SLC45A1 (50651)_damaging,0.02197204135214364
3,RERE (473)_damaging,0.02831322318237538
3,EXOSC10 (5394)_damaging,0.019994491478816528
3,VPS13D (55187)_damaging,0.02257585208245976
3,SPEN (23013)_damaging,0.02523413446873432
3,UBR4 (23352)_damaging,0.056481050204057345
3,HSPG2 (3339)_damaging,0.0034895222842901354
3,ID3 (3399)_damaging,0.15094990846579556
3,ELOA (6924)_damaging,0.04207066760869683
3,ARID1A (8289)_damaging,0.07112609782358868
3,WDTC1 (23038)_damaging,0.019034300774846854
3,AHDC1 (27245)_damaging,0.01068530896235179
3,PTPRU (10076)_damaging,0.001034085630405598
3,COL16A1 (1307)_damaging,0.0020285714100974715
3,CSMD2 (114784)_damaging,0.049429060517859384
3,ZMYM4 (9202)_damaging,0.024812393549676764
3,CLSPN (63967)_damaging,0.039490813002800884
3,AGO1 (26523)_damaging,0.006597712547640069
3,MAP7D1 (55700)_damaging,0.033302738212653546
3,MACF1 (23499)_damaging,0.08768839921070097
3,SZT2 (23334)_damaging,0.01142075451372214
3,ZSWIM5 (57643)_damaging,0.05389473698930037
3,MUTYH (4595)_damaging,0.009109041933879803
3,MAST2 (23139)_damaging,0.014292099378814673
3,FAAH (2166)_damaging,0.05476405420789175
3,TAL1 (6886)_damaging,0.0749513077935
3,TUT4 (23318)_damaging,0.045924571319940495
3,NFIA (4774)_damaging,0.002335431296630986
3,PATJ (10207)_damaging,0.05811385200311068
3,DOCK7 (85440)_damaging,0.027408285986811613
3,LEPR (3953)_damaging,0.003908278440930512
3,LRRC7 (57554)_damaging,0.0020510125232032043
3,ERICH3 (127254)_damaging,0.03284270476771895
3,MSH4 (4438)_damaging,0.03383951174460209
3,ADGRL4 (64123)_damaging,0.1313325731403773
3,ADGRL2 (23266)_damaging,0.05105882548437757
3,COL24A1 (255631)_damaging,0.03002587748784278
3,HFM1 (164045)_damaging,0.055726350343988325
3,BTBD8 (284697)_damaging,0.05379017611879357
3,RPL5 (6125)_damaging,0.11395079867882958
3,COL11A1 (1301)_damaging,0.011636098649747137
3,DENND2C (163259)_damaging,0.043711926064666055
3,SYCP1 (6847)_damaging,0.01792207714391008
3,SPAG17 (200162)_damaging,0.00405325186284913
3,NOTCH2 (4853)_damaging,0.013651062603095463
3,BCL9 (607)_damaging,0.057455510614006146
3,ZNF687 (57592)_damaging,0.04348147378421385
3,FLG (2312)_damaging,0.002653015719608655
3,CCDST (112268240)_damaging,0.0309108008165444
3,UBAP2L (9898)_damaging,0.007666463284139086
3,SHC1 (6464)_damaging,0.01631575541831786
3,ASH1L (55870)_damaging,0.028977288806714494
3,GON4L (54856)_damaging,0.022537868623577702
3,IQGAP3 (128239)_damaging,0.0018643457299593058
3,INSRR (3645)_damaging,0.011125456644371118
3,FCRL5 (83416)_damaging,0.01819835384662141
3,SPTA1 (6708)_damaging,0.05929976067972655
3,ARHGAP30 (257106)_damaging,0.04807639540457753
3,GPR161 (23432)_damaging,0.050568763265193155
3,F5 (2153)_damaging,0.015126763285950301
3,TNR (7143)_damaging,0.04067986283554559
3,PAPPA2 (60676)_damaging,0.016772053294216115
3,ABL2 (27)_damaging,0.1168789649758622
3,AXDND1 (126859)_damaging,0.07250634411693226
3,TDRD5 (163589)_damaging,0.0007593588163739337
3,CEP350 (9857)_damaging,0.010741687601222958
3,CACNA1E (777)_damaging,0.02722493189690495
3,RGL1 (23179)_damaging,0.019066828570069944
3,HMCN1 (83872)_damaging,0.013253265257853523
3,TPR (7175)_damaging,0.10198829368237367
3,KCNT2 (343450)_damaging,0.013955954495256894
3,ASPM (259266)_damaging,0.04122161284556228
3,PTPRC (5788)_damaging,0.04863351468158692
3,CAMSAP2 (23271)_damaging,0.06661634451591462
3,CACNA1S (779)_damaging,0.0435948327047102
3,IGFN1 (91156)_damaging,0.09850805260808293
3,NAV1 (89796)_damaging,0.031683914771611615
3,ATP2B4 (493)_damaging,0.008915850546729014
3,PLEKHA6 (22874)_damaging,0.02804640653524718
3,PIK3C2B (5287)_damaging,0.022772674383115806
3,NFASC (23114)_damaging,0.004595834804983542
3,CR2 (1380)_damaging,0.06256001471139482
3,PLXNA2 (5362)_damaging,0.013531465957353609
3,PTPN14 (5784)_damaging,0.039862902628447376
3,CENPF (1063)_damaging,0.019793540144492517
3,USH2A (7399)_damaging,0.028461735853580042
3,DNAH14 (127602)_damaging,0.03989945851291023
3,CDC42BPA (8476)_damaging,0.0398598300763614
3,OBSCN (84033)_damaging,0.01608941019995721
3,H3-4 (8290)_damaging,0.046177574375217516
3,SIPA1L2 (57568)_damaging,0.05638535514832266
3,PCNX2 (80003)_damaging,0.03284840370954806
3,MAP3K21 (84451)_damaging,0.02608354480764955
3,ARID4B (51742)_damaging,0.02738825316021992
3,LYST (1130)_damaging,0.009323126926402288
3,RYR2 (6262)_damaging,0.004685660603314673
3,CHRM3 (1131)_damaging,0.0224504693453623
3,FMN2 (56776)_damaging,0.06826203061817283
3,SDCCAG8 (10806)_damaging,0.029530064524723575
3,KIF26B (55083)_damaging,0.008565482773781852
3,NLRP3 (114548)_damaging,0.03787809133975517
3,LARP4B (23185)_damaging,0.011601754518848496
3,PITRM1 (10531)_damaging,0.107006149021683
3,FRMD4A (55691)_damaging,0.015282752386567677
3,CUBN (8029)_damaging,0.11717920717328087
3,MRC1 (4360)_damaging,0.035258209701307774
3,MALRD1 (340895)_damaging,0.036183325972801654
3,PLXDC2 (84898)_damaging,0.035131417823441674
3,ARMC3 (219681)_damaging,0.06137589740387538
3,GPR158 (57512)_damaging,0.04082572836025725
3,MYO3A (53904)_damaging,0.01762215122488058
3,ANKRD26 (22852)_damaging,0.05157959033985306
3,ODAD2 (55130)_damaging,0.0012284617345527146
3,SVIL (6840)_damaging,0.008904762298444453
3,JCAD (57608)_damaging,0.023875615320805288
3,KIF5B (3799)_damaging,0.06101856561532797
3,CCDC7 (79741)_damaging,0.04496011237093742
3,ANKRD30A (91074)_damaging,0.06596148310871013
3,WDFY4 (57705)_damaging,0.03377851854426735
3,PCDH15 (65217)_damaging,0.048976465882887676
3,ANK3 (288)_damaging,0.018708114876382957
3,ARID5B (84159)_damaging,0.05914441438526841
3,JMJD1C (221037)_damaging,0.002183877061834933
3,DNA2 (1763)_damaging,0.03595294706890616
3,CDH23 (64072)_damaging,0.05250035248456803
3,DLG5 (9231)_damaging,0.013018347597067515
3,ZMIZ1 (57178)_damaging,0.0073456767492747575
3,PTEN (5728)_damaging,0.06322582565349767
3,KIF20B (9585)_damaging,0.0046683127953990045
3,CC2D2B (387707)_damaging,0.0607804375570471
3,ZNF518A (9849)_damaging,0.006465132343008527
3,LCOR (84458)_damaging,0.07168676038006452
3,SLIT1 (6585)_damaging,0.049723778274134205
3,PPRC1 (23082)_damaging,0.051395289537859525
3,CNNM2 (54805)_damaging,0.01856609218571831
3,PDCD11 (22984)_damaging,0.05603607061739846
3,SLK (9748)_damaging,0.03191125526420203
3,SORCS3 (22986)_damaging,0.04182187600787901
3,SORCS1 (114815)_damaging,0.030904685936357694
3,SMC3 (9126)_damaging,0.07799428383839914
3,TCF7L2 (6934)_damaging,0.02436033539874318
3,ATRNL1 (26033)_damaging,0.043242621230965
3,TACC2 (10579)_damaging,0.015370051929937421
3,DMBT1 (1755)_damaging,0.03674181495301993
3,MKI67 (4288)_damaging,0.07272678211686383
3,JAKMIP3 (282973)_damaging,0.03474031748469593
3,CFAP46 (54777)_damaging,0.011610823003755467
3,B4GALNT4 (338707)_damaging,0.003354462523931355
3,PKP3 (11187)_damaging,0.008853667121897875
3,MUC5AC (4586)_damaging,0.008800216409692311
3,MUC5B (727897)_damaging,0.03236034820542122
3,BRSK2 (9024)_damaging,0.053982997441752195
3,KCNQ1 (3784)_damaging,0.01296461722406274
3,NUP98 (4928)_damaging,0.010959577910587886
3,DNHD1 (144132)_damaging,0.051269200077303914
3,DCHS1 (8642)_damaging,0.011442285982554989
3,IPO7 (10527)_damaging,0.03213963609326131
3,SBF2 (81846)_damaging,0.04936182507590382
3,PLEKHA7 (144100)_damaging,0.07514108895389479
3,PIK3C2A (5286)_damaging,0.044316010570827805
3,ABCC8 (6833)_damaging,0.06109486304710069
3,OTOG (340990)_damaging,0.043847325585346576
3,NAV2 (89797)_damaging,0.005473789605283085
3,ANO5 (203859)_damaging,0.0278154538046191
3,DCDC1 (341019)_damaging,0.0625205964061554
3,CCDC73 (493860)_damaging,0.048646519021298615
3,KIAA1549L (25758)_damaging,0.020553580866227345
3,LRP4 (4038)_damaging,0.08644831394075117
3,FOLH1 (2346)_damaging,0.0003252880656665446
3,OR4P4 (81300)_damaging,0.0006192968024746383
3,CTNND1 (1500)_damaging,0.034475757640967296
3,DTX4 (23220)_damaging,0.03363398509154636
3,AHNAK (79026)_damaging,0.0186878080868222
3,SLC3A2 (6520)_damaging,0.06050694010896356
3,PCNX3 (399909)_damaging,0.0343253355793546
3,SHANK2 (22941)_damaging,0.058368992269941466
3,NUMA1 (4926)_damaging,0.016884625381978394
3,INPPL1 (3636)_damaging,0.05094442044615351
3,C2CD3 (26005)_damaging,0.007153529826523635
3,MYO7A (4647)_damaging,0.11150206342401582
3,TENM4 (26011)_damaging,0.036769254414593916
3,PCF11 (51585)_damaging,0.02094077312307568
3,DLG2 (1740)_damaging,0.11170359649743912
3,SYTL2 (54843)_damaging,0.05595322284638682
3,FAT3 (120114)_damaging,0.01204662806841458
3,CNTN5 (53942)_damaging,0.0404028238858752
3,CEP126 (57562)_damaging,0.07173626575715604
3,MMP3 (4314)_damaging,0.01965189368266928
3,DYNC2H1 (79659)_damaging,1.0866973574289906e-06
3,NPAT (4863)_damaging,0.007572138874615848
3,ATM (472)_damaging,0.07091689124513828
3,EXPH5 (23086)_damaging,0.017394154247051572
3,NKAPD1 (55216)_damaging,0.0020133872880636716
3,NCAM1 (4684)_damaging,0.05105781524139476
3,USP28 (57646)_damaging,0.015481863486840372
3,DSCAML1 (57453)_damaging,0.004671338144646308
3,KMT2A (4297)_damaging,0.002035935643459223
3,BCL9L (283149)_damaging,0.031240479306837567
3,ARHGEF12 (23365)_damaging,0.03218433222951521
3,TECTA (7007)_damaging,0.036790753980494056
3,SORL1 (6653)_damaging,0.0116451936934532
3,JHY (79864)_damaging,0.07053497928342169
3,IGSF9B (22997)_damaging,0.01209358493369741
3,LINC02714 (729305)_damaging,0.03713547591013737
3,KDM5A (5927)_damaging,0.04069177597714906
3,WNK1 (65125)_damaging,0.0020343485164705105
3,CACNA1C (775)_damaging,0.04466104554091127
3,VWF (7450)_damaging,0.012165193018336438
3,NCAPD2 (9918)_damaging,0.03465584592458811
3,A2M (2)_damaging,0.0403003691159154
3,GRIN2B (2904)_damaging,0.04325451634729004
3,ATF7IP (55729)_damaging,0.021664466013301648
3,GUCY2C (2984)_damaging,0.08021832168794797
3,RECQL (5965)_damaging,0.08803191540630576
3,ABCC9 (10060)_damaging,0.0487693816437559
3,C2CD5 (9847)_damaging,0.037684968789071877
3,ITPR2 (3709)_damaging,0.050118503795448986
3,OVCH1 (341350)_damaging,0.015894886740708335
3,KIF21A (55605)_damaging,0.009028871888977079
3,LRRK2 (120892)_damaging,0.03336898406514813
3,MUC19 (283463)_damaging,0.08572177844238517
3,CNTN1 (1272)_damaging,0.06727431979045463
3,ADAMTS20 (80070)_damaging,0.0015616294369293867
3,ARID2 (196528)_damaging,0.044101833734637
3,COL2A1 (1280)_damaging,0.058473669324022065
3,WNT1 (7471)_damaging,0.008875899316147141
3,KMT2D (8085)_damaging,0.007721283874785014
3,PRPF40B (25766)_damaging,0.06278594531051038
3,NCKAP5L (57701)_damaging,0.07435687759965902
3,DIP2B (57609)_damaging,0.026212459933276016
3,MAP3K12 (7786)_damaging,0.07067464010568114
3,PAN2 (9924)_damaging,0.017572704812089637
3,LRP1 (4035)_damaging,0.0076133112386396265
3,GLI1 (2735)_damaging,0.01746338172836295
3,MBD6 (114785)_damaging,0.005929841127626765
3,LRIG3 (121227)_damaging,0.04622499051110815
3,PTPRB (5787)_damaging,0.10165656914683514
3,ZFC3H1 (196441)_damaging,0.049093259435799064
3,E2F7 (144455)_damaging,0.050499765576792005
3,NAV3 (89795)_damaging,0.030480418931577814
3,OTOGL (283310)_damaging,0.04438913870624779
3,PTPRQ (374462)_damaging,0.025122070156519374
3,PPFIA2 (8499)_damaging,0.016049548586095263
3,LRRIQ1 (84125)_damaging,0.018008263176141688
3,CEP290 (80184)_damaging,0.005429109298224659
3,PLXNC1 (10154)_damaging,0.0423382039980139
3,CFAP54 (144535)_damaging,0.0001207747807790986
3,BLTP3B (23074)_damaging,0.0073467766801035925
3,UTP20 (27340)_damaging,0.044581137316286205
3,STAB2 (55576)_damaging,0.04014982256847844
3,HCFC2 (29915)_damaging,0.018546996821250373
3,ALDH1L2 (160428)_damaging,0.05076171245794516
3,ACACB (32)_damaging,0.06253089789327518
3,MVK (4598)_damaging,0.04215060885648666
3,CUX2 (23316)_damaging,0.04514143358690775
3,HECTD4 (283450)_damaging,0.012544401081361583
3,DTX1 (1840)_damaging,0.05209219771779024
3,CIT (11113)_damaging,0.014452527917703769
3,HNF1A (6927)_damaging,0.06828333980179392
3,KDM2B (84678)_damaging,0.012579619692902489
3,SETD1B (23067)_damaging,0.029044196644218676
3,CFAP251 (144406)_damaging,0.020674397422071732
3,KNTC1 (9735)_damaging,0.047462332851399204
3,SBNO1 (55206)_damaging,0.011363973070386281
3,DNAH10 (196385)_damaging,0.01126507234869921
3,NCOR2 (9612)_damaging,0.019685680755888287
3,TMEM132D (121256)_damaging,0.0014211681625082486
3,EP400 (57634)_damaging,0.031409978123687524
3,POLE (5426)_damaging,0.017996720478244084
3,XPO4 (64328)_damaging,0.01141829346221681
3,SACS (26278)_damaging,0.016020495423910572
3,ATP8A2 (51761)_damaging,0.041043827470225426
3,FRY (10129)_damaging,0.04775519341660395
3,BRCA2 (675)_damaging,0.00926862334910237
3,PDS5B (23047)_damaging,0.08643700324206428
3,NBEA (26960)_damaging,0.03532392415566257
3,FREM2 (341640)_damaging,0.03005944597977988
3,DGKH (160851)_damaging,0.06601374379543139
3,ZC3H13 (23091)_damaging,0.00020157682401014492
3,RB1 (5925)_damaging,0.11129846735014871
3,KLHL1 (57626)_damaging,0.023982192690189922
3,DACH1 (1602)_damaging,0.0018042983584659036
3,DIS3 (22894)_damaging,0.06017880573096046
3,TBC1D4 (9882)_damaging,0.034629582141276746
3,MYCBP2 (23077)_damaging,0.009643447815644695
3,NALCN (259232)_damaging,0.06613845689846297
3,CCDC168 (643677)_damaging,0.019388719736077684
3,MYO16 (23026)_damaging,0.07649951991072046
3,COL4A2 (1284)_damaging,0.08663559505388004
3,TEP1 (7011)_damaging,0.05886659060029406
3,CHD8 (57680)_damaging,0.0699352599782433
3,AJUBA (84962)_damaging,0.049047519101346825
3,CARMIL3 (90668)_damaging,0.05035762305887175
3,NYNRIN (57523)_damaging,0.05337668507892295
3,AKAP6 (9472)_damaging,0.05482928995907288
3,NPAS3 (64067)_damaging,0.03394135437959483
3,RALGAPA1 (253959)_damaging,0.03194363853638377
3,TTC6 (319089)_damaging,0.03958009545821097
3,MIA2 (4253)_damaging,0.035746023404813095
3,FANCM (57697)_damaging,0.053897380541175
3,MDGA2 (161357)_damaging,0.0203432184200627
3,NIN (51199)_damaging,0.058335884411804324
3,NID2 (22795)_damaging,0.06477302375767122
3,KTN1 (3895)_damaging,0.025600477026469656
3,ARID4A (5926)_damaging,0.036866354886579446
3,HIF1A (3091)_damaging,0.0773031111840933
3,SYNE2 (23224)_damaging,0.08236400444549011
3,PCNX1 (22990)_damaging,0.06311905186200416
3,MIDEAS (91748)_damaging,0.0058061718916388875
3,YLPM1 (56252)_damaging,0.03547628528095121
3,MLH3 (27030)_damaging,0.07652368814139322
3,NRXN3 (9369)_damaging,0.02545566254477223
3,CEP128 (145508)_damaging,0.022910036657014396
3,GALC (2581)_damaging,0.009781048952226548
3,EML5 (161436)_damaging,0.006997746591889113
3,TRIP11 (9321)_damaging,0.020803538026055675
3,UNC79 (57578)_damaging,0.04503906280453017
3,ATG2B (55102)_damaging,0.00854793927722982
3,RTL1 (388015)_damaging,0.012549415647074555
3,DYNC1H1 (1778)_damaging,0.033896686002020275
3,KIF26A (26153)_damaging,0.0038470717168546174
3,INF2 (64423)_damaging,0.037796698565240684
3,AHNAK2 (113146)_damaging,0.03786203020640114
3,MTA1 (9112)_damaging,0.043859723810101
3,HERC2 (8924)_damaging,0.03417204433952869
3,TRPM1 (4308)_damaging,0.03846454460039597
3,FMN1 (342184)_damaging,0.015389436937489662
3,RYR3 (6263)_damaging,0.035443482096281974
3,KNL1 (57082)_damaging,0.020943778980331475
3,TYRO3 (7301)_damaging,0.02459948988210362
3,MGA (23269)_damaging,0.054769454360471065
3,SPTBN5 (51332)_damaging,0.06236782661626842
3,ZNF106 (64397)_damaging,0.04498131115336079
3,STARD9 (57519)_damaging,0.042916027039874904
3,TP53BP1 (7158)_damaging,0.04523629524091442
3,MAP1A (4130)_damaging,0.074848905620874
3,SPG11 (80208)_damaging,0.04288539531372702
3,B2M (567)_damaging,0.0031150560514494633
3,DUOX2 (50506)_damaging,0.002430314181280664
3,SLC12A1 (6557)_damaging,0.02966195575216821
3,FBN1 (2200)_damaging,0.033563842279842576
3,TRPM7 (54822)_damaging,0.04717515442999284
3,DMXL2 (23312)_damaging,0.04315830853143539
3,MYO5C (55930)_damaging,0.037357907173881044
3,UNC13C (440279)_damaging,0.03561692972414533
3,RFX7 (64864)_damaging,0.02174614953175379
3,RNF111 (54778)_damaging,0.06241319296332573
3,ICE2 (79664)_damaging,0.011395978736771608
3,VPS13C (54832)_damaging,0.02475860527999922
3,TLN2 (83660)_damaging,0.0050975191081308515
3,HERC1 (8925)_damaging,0.011427392451370201
3,ZNF609 (23060)_damaging,0.03545113466527611
3,MYO9A (4649)_damaging,0.029028683764503873
3,HCN4 (10021)_damaging,0.03883564715336615
3,ARID3B (10620)_damaging,0.013619793861537626
3,SIN3A (25942)_damaging,0.0511696648861813
3,PEAK1 (79834)_damaging,0.04713668489992986
3,AP3B2 (8120)_damaging,0.023308410707609046
3,ADAMTSL3 (57188)_damaging,0.038757296370504464
3,AKAP13 (11214)_damaging,0.08029705276187789
3,AGBL1 (123624)_damaging,0.020416585495177927
3,TICRR (90381)_damaging,0.05045906248072277
3,KIF7 (374654)_damaging,0.09987678420744693
3,IQGAP1 (8826)_damaging,0.04087401703057032
3,BLM (641)_damaging,0.02844549615279048
3,FES (2242)_damaging,0.11148932015267461
3,CHD2 (1106)_damaging,0.005210816266109199
3,LRRK1 (79705)_damaging,0.019112519861944923
3,UNKL (64718)_damaging,0.005659730904537972
3,CRAMP1 (57585)_damaging,0.03313346697395265
3,TSC2 (7249)_damaging,0.0038431879222029118
3,PKD1 (5310)_damaging,0.05737172558855978
3,CASKIN1 (57524)_damaging,0.005204968310785924
3,SLX4 (84464)_damaging,0.027061624896228976
3,CREBBP (1387)_damaging,0.08900676388748217
3,CORO7 (79585)_damaging,0.021129319293815715
3,SEC14L5 (9717)_damaging,0.01872625584769123
3,GRIN2A (2903)_damaging,0.026185641010672195
3,KNOP1 (400506)_damaging,0.03034847880148224
3,DNAH3 (55567)_damaging,0.06538728715745604
3,PALB2 (79728)_damaging,0.02435468456073101
3,RBBP6 (5930)_damaging,0.024618103004009607
3,TNRC6A (27327)_damaging,0.06489736071872089
3,ARHGAP17 (55114)_damaging,0.05088092813742514
3,GTF3C1 (2975)_damaging,0.05981912259041288
3,ATXN2L (11273)_damaging,0.0014491666137099641
3,SRCAP (10847)_damaging,0.028436663810633044
3,SETD1A (9739)_damaging,0.00023744356281639746
3,ITGAD (3681)_damaging,0.05163540747222762
3,SALL1 (6299)_damaging,0.03307349873205088
3,NLRC5 (84166)_damaging,0.03422518179826557
3,CNOT1 (23019)_damaging,0.05113895729610322
3,CDH8 (1006)_damaging,0.009256349131976
3,CTCF (10664)_damaging,0.07766159262941855
3,CDH1 (999)_damaging,0.005055040681059749
3,DHX38 (9785)_damaging,0.02823217896164299
3,ZFHX3 (463)_damaging,0.023818864641896257
3,CNTNAP4 (85445)_damaging,0.012135760265340963
3,PKD1L2 (114780)_damaging,0.013479416947224996
3,GSE1 (23199)_damaging,0.04385934286888952
3,ZNF469 (84627)_damaging,0.00044187873009400125
3,ZC3H18 (124245)_damaging,0.03580015234040705
3,LINC02138 (400558)_damaging,0.018610834801535216
3,ANKRD11 (29123)_damaging,0.03714871795590574
3,VPS9D1 (9605)_damaging,0.030786775707847654
3,FANCA (2175)_damaging,0.013524651642312667
3,WDR81 (124997)_damaging,0.033061806016402545
3,SPATA22 (84690)_damaging,0.041747275243208176
3,ZZEF1 (23140)_damaging,0.027200088749905076
3,USP6 (9098)_damaging,0.004811414991672229
3,TP53 (7157)_damaging,0.3606198906983429
3,DNAH2 (146754)_damaging,0.1334048806987385
3,KDM6B (23135)_damaging,0.030679837914525738
3,CHD3 (1107)_damaging,0.002620707961604042
3,ALOX12B (242)_damaging,0.0028076242958094194
3,PER1 (5187)_damaging,0.01915713777397653
3,MYH13 (8735)_damaging,0.05727393807943499
3,MYH8 (4626)_damaging,0.0093695304947488
3,MYH1 (4619)_damaging,0.01729514655470527
3,MYH2 (4620)_damaging,0.02402823537317132
3,DNAH9 (1770)_damaging,0.04556364789057257
3,NCOR1 (9611)_damaging,0.05901764705533238
3,FLCN (201163)_damaging,0.045840399700050195
3,MYO15A (51168)_damaging,0.008497543129673
3,TOP3A (7156)_damaging,0.013077862146726505
3,BLTP2 (9703)_damaging,0.01779793887748588
3,MYO18A (399687)_damaging,0.013291629458802277
3,EFCAB5 (374786)_damaging,0.0017578120119206195
3,CPD (1362)_damaging,0.015251635900071302
3,NF1 (4763)_damaging,0.06721341191567286
3,SLFN11 (91607)_damaging,0.061039168671318415
3,GGNBP2 (79893)_damaging,0.06471770884725035
3,ACACA (31)_damaging,0.06582698380683522
3,GPR179 (440435)_damaging,0.053658449624617265
3,SRCIN1 (80725)_damaging,0.04779424298430891
3,TOP2A (7153)_damaging,0.05552119258231676
3,STAT5B (6777)_damaging,0.004065811891217899
3,PLEKHH3 (79990)_damaging,0.004187962972805548
3,BRCA1 (672)_damaging,0.017141684888429272
3,ITGA2B (3674)_damaging,0.046217871514171255
3,PLEKHM1 (9842)_damaging,0.04491079500241079
3,COL1A1 (1277)_damaging,0.055965229612985924
3,TSPOAP1 (9256)_damaging,0.06210293115896153
3,RNF43 (54894)_damaging,0.021793319511753957
3,BRIP1 (83990)_damaging,0.00916641198696349
3,MED13 (9969)_damaging,0.05849809928772858
3,SCN4A (6329)_damaging,0.027811241761710168
3,GNA13 (10672)_damaging,0.015762976206129802
3,AXIN2 (8313)_damaging,0.0029824488736648162
3,NOL11 (25926)_damaging,0.022443946367866754
3,BPTF (2186)_damaging,0.08772556841383392
3,ABCA8 (10351)_damaging,0.0015944157030070552
3,ABCA9 (10350)_damaging,0.045215523277403386
3,ABCA6 (23460)_damaging,0.02184883127688944
3,ABCA10 (10349)_damaging,0.008035314433096357
3,ABCA5 (23461)_damaging,0.0035213560480955673
3,SOX9 (6662)_damaging,0.07824985456795185
3,SDK2 (54549)_damaging,0.03310376554510189
3,TMEM94 (9772)_damaging,0.004090132473120362
3,CASKIN2 (57513)_damaging,0.01769633742149523
3,MYO15B (80022)_damaging,0.06109500609504056
3,ITGB4 (3691)_damaging,0.05621286113680195
3,SPHK1 (8877)_damaging,0.05718346204132662
3,TNRC6C (57690)_damaging,0.041512407111225655
3,DNAH17 (8632)_damaging,0.02027649498691113
3,CCDC40 (55036)_damaging,0.05163350689543545
3,RPTOR (57521)_damaging,0.028774070102251376
3,BAHCC1 (57597)_damaging,0.029089704519419085
3,FASN (2194)_damaging,0.02078259394857012
3,SMCHD1 (23347)_damaging,0.0346074724203758
3,EPB41L3 (23136)_damaging,0.04636291345916825
3,LAMA1 (284217)_damaging,0.024745237048436043
3,PTPRM (5797)_damaging,0.032745827427699555
3,PIEZO2 (63895)_damaging,0.05377281062245323
3,ANKRD30B (374860)_damaging,0.012925650020997664
3,ROCK1 (6093)_damaging,0.08137522989422417
3,LAMA3 (3909)_damaging,0.011954314471716056
3,ZNF521 (25925)_damaging,0.005181106611747798
3,CCDC178 (374864)_damaging,0.010324554975413616
3,ASXL3 (80816)_damaging,0.04561868213445569
3,FHOD3 (80206)_damaging,0.03153027782306827
3,SETBP1 (26040)_damaging,0.047754079363248325
3,EPG5 (57724)_damaging,0.08775574660182785
3,SKOR2 (652991)_damaging,0.04226254755308723
3,ZBTB7C (201501)_damaging,0.02052070453368409
3,SMAD4 (4089)_damaging,0.14561613045623856
3,DCC (1630)_damaging,0.05140820745789085
3,ALPK2 (115701)_damaging,0.014262917409012461
3,DSEL (92126)_damaging,0.0006655430808364277
3,RTTN (25914)_damaging,0.0005718848256098938
3,CBLN2 (147381)_damaging,0.012123862578981128
3,ZNF236 (7776)_damaging,0.011148840735059961
3,SALL3 (27164)_damaging,0.026451668500236218
3,ATP9B (374868)_damaging,0.009564681289960388
3,KCNG2 (26251)_damaging,0.02889797583334942
3,ABCA7 (10347)_damaging,0.03551763353183285
3,STK11 (6794)_damaging,0.01550915232364877
3,DAZAP1 (26528)_damaging,0.016799651583724477
3,AP3D1 (8943)_damaging,0.08679655412461248
3,ZBTB7A (51341)_damaging,0.07937636486217137
3,KDM4B (23030)_damaging,0.06627332117913413
3,PTPRS (5802)_damaging,0.06541396496630382
3,CAMSAP3 (57662)_damaging,0.0037727624329080946
3,FBN3 (84467)_damaging,0.007513051308717838
3,MUC16 (94025)_damaging,0.004930910233462687
3,COL5A3 (50509)_damaging,0.08503592203360422
3,KEAP1 (9817)_damaging,0.06761724375561408
3,DNM2 (1785)_damaging,0.06965682734944645
3,SMARCA4 (6597)_damaging,0.05746083018597661
3,CACNA1A (773)_damaging,0.0707243680824049
3,NOTCH3 (4854)_damaging,0.056985207713490076
3,NWD1 (284434)_damaging,0.02729819079217371
3,CPAMD8 (27151)_damaging,0.07522153286613405
3,ZNF208 (7757)_damaging,0.0005672018835743811
3,ZNF729 (100287226)_damaging,0.027765415137231873
3,ZNF91 (7644)_damaging,0.03128817115556063
3,ZNF536 (9745)_damaging,0.05687935387146805
3,TSHZ3 (57616)_damaging,0.011123424965580891
3,KMT2B (9757)_damaging,0.00018239603557164137
3,ARHGAP33 (115703)_damaging,0.011996507370977136
3,WDR87 (83889)_damaging,0.01541680109572779
3,RYR1 (6261)_damaging,0.0012267258116580681
3,CAPN12 (147968)_damaging,0.09498931484868163
3,FCGBP (8857)_damaging,0.03977633085697229
3,PRX (57716)_damaging,0.03755847096369724
3,SPTBN4 (57731)_damaging,0.018975744308681056
3,LTBP4 (8425)_damaging,0.00788496987390258
3,AXL (558)_damaging,0.003795732194774572
3,ARHGEF1 (9138)_damaging,0.05100466048896805
3,ERF (2077)_damaging,0.003302820272663246
3,CIC (23152)_damaging,0.028922976087614256
3,MEGF8 (1954)_damaging,0.05509009950385804
3,MARK4 (57787)_damaging,0.012851346911440489
3,ARHGAP35 (2909)_damaging,0.04047176500410247
3,BICRA (29998)_damaging,0.03358427816597159
3,LMTK3 (114783)_damaging,0.035614454153023604
3,TRPM4 (54795)_damaging,0.007339190197942733
3,TEAD2 (8463)_damaging,0.05966915203619995
3,PRR12 (57479)_damaging,0.0075100524248714415
3,SCAF1 (58506)_damaging,0.004226505828684465
3,POLD1 (5424)_damaging,0.014399950500958061
3,SHANK1 (50944)_damaging,0.023448082171795802
3,NLRP7 (199713)_damaging,0.10173367056357754
3,BRSK1 (84446)_damaging,0.03511901715798382
3,NLRP4 (147945)_damaging,0.05773998136609499
3,PEG3 (5178)_damaging,0.011989180804850721
3,ROCK2 (9475)_damaging,0.04516578010347115
3,GREB1 (9687)_damaging,0.0005680055543704806
3,NBAS (51594)_damaging,0.05748363167335449
3,RAD51AP2 (729475)_damaging,0.0024870957878623022
3,APOB (338)_damaging,0.02268195239449598
3,TDRD15 (100129278)_damaging,0.04770115424321301
3,ATAD2B (54454)_damaging,0.015438442237068764
3,ITSN2 (50618)_damaging,0.006118120604111488
3,DNMT3A (1788)_damaging,0.0038919706467664
3,OTOF (9381)_damaging,0.03960297296977168
3,EMILIN1 (11117)_damaging,0.023694724723471908
3,CAD (790)_damaging,0.04602663197601899
3,SPATA31H1 (84226)_damaging,0.03557208806856609
3,ALK (238)_damaging,0.01591104536681156
3,BIRC6 (57448)_damaging,0.0435767825983592
3,LTBP1 (4052)_damaging,0.09545039961523018
3,HEATR5B (54497)_damaging,0.009016786506523176
3,ZFP36L2 (678)_damaging,0.08271711262318346
3,THADA (63892)_damaging,0.08431949781552571
3,MSH2 (4436)_damaging,0.010510146546367399
3,MSH6 (2956)_damaging,0.06353361195419518
3,NRXN1 (9378)_damaging,0.07710955809039256
3,EML6 (400954)_damaging,0.009327044452735914
3,CCDC88A (55704)_damaging,0.07773491461485926
3,USP34 (9736)_damaging,0.06365307122906531
3,ZNF638 (27332)_damaging,0.007862358105420821
3,DYSF (8291)_damaging,0.017068435384964522
3,ALMS1 (7840)_damaging,0.02106995788453995
3,CTNNA2 (1496)_damaging,0.07440430091320963
3,DNAH6 (1768)_damaging,0.07124515406755053
3,VWA3B (200403)_damaging,0.016814717713560808
3,CRACDL (343990)_damaging,0.03833418892627088
3,EIF5B (9669)_damaging,0.02237663062244988
3,DPP10 (57628)_damaging,0.056492907873975276
3,MARCO (8685)_damaging,0.00847792677946487
3,CLASP1 (23332)_damaging,0.01801122486094992
3,CNTNAP5 (129684)_damaging,0.00787492476031176
3,WDR33 (55339)_damaging,0.07421222596735655
3,ARHGEF4 (50649)_damaging,0.08246114450040196
3,NCKAP5 (344148)_damaging,0.0017599508547963
3,THSD7B (80731)_damaging,0.018362067753114778
3,LRP1B (53353)_damaging,0.04708583504761687
3,ZEB2 (9839)_damaging,0.029417231966446616
3,ACVR2A (92)_damaging,0.030257747516591983
3,KIF5C (3800)_damaging,0.11055714547769259
3,RIF1 (55183)_damaging,0.05686974516997653
3,NEB (4703)_damaging,0.044550089829707415
3,BAZ2B (29994)_damaging,0.023452319148738562
3,LY75 (4065)_damaging,0.032694215386739355
3,PLA2R1 (22925)_damaging,0.0047317978976476474
3,SLC4A10 (57282)_damaging,0.07356151538656783
3,KCNH7 (90134)_damaging,0.05801899190462192
3,FIGN (55137)_damaging,0.0028093299006949073
3,SCN3A (6328)_damaging,0.050023768847559116
3,SCN2A (6326)_damaging,0.051753245730292705
3,SCN1A (6323)_damaging,0.0026320757297026297
3,SCN9A (6335)_damaging,0.032364513703027675
3,SCN7A (6332)_damaging,0.027871615826584803
3,XIRP2 (129446)_damaging,0.07349763761773358
3,LRP2 (4036)_damaging,0.0322156812763882
3,PPIG (9360)_damaging,0.0012644900823925024
3,GPR155 (151556)_damaging,0.11919755728719739
3,TTN (7273)_damaging,0.043497752988953656
3,CCDC141 (285025)_damaging,0.02719151710698141
3,FSIP2 (401024)_damaging,0.027027414769716183
3,COL3A1 (1281)_damaging,0.0009837030975561331
3,COL5A2 (1290)_damaging,0.0011492079716473689
3,DNAH7 (56171)_damaging,0.020293957514941025
3,HECW2 (57520)_damaging,0.043720719599884036
3,PLCL1 (5334)_damaging,0.06444239954199128
3,SGO2 (151246)_damaging,0.0018053467586040266
3,CASP8 (841)_damaging,0.0480272546205356
3,ALS2 (57679)_damaging,0.06419799196588295
3,NBEAL1 (65065)_damaging,0.011792822533003913
3,PARD3B (117583)_damaging,0.058427282413152336
3,NRP2 (8828)_damaging,0.005755239063466863
3,INO80D (54891)_damaging,0.055759926168484346
3,ZDBF2 (57683)_damaging,0.06189532390950681
3,ADAM23 (8745)_damaging,0.03117211238340958
3,MAP2 (4133)_damaging,0.03302288772393481
3,UNC80 (285175)_damaging,0.0907370568104589
3,CPS1 (1373)_damaging,0.04421507547344243
3,ERBB4 (2066)_damaging,0.020675669026614062
3,ABCA12 (26154)_damaging,0.026071096598521405
3,FN1 (2335)_damaging,0.036069669005812044
3,CFAP65 (255101)_damaging,0.0425478205669292
3,SPEG (10290)_damaging,0.03726923688184027
3,SLC4A3 (6508)_damaging,0.01177153491307854
3,IRS1 (3667)_damaging,0.010647434626366145
3,COL4A4 (1286)_damaging,0.029977071625671148
3,SPHKAP (80309)_damaging,0.010716109729903818
3,GIGYF2 (26058)_damaging,0.02501980419586859
3,COL6A3 (1293)_damaging,0.046832100310520465
3,HDAC4 (9759)_damaging,0.02120816131186747
3,KIF1A (547)_damaging,0.047145552779849095
3,TRIB3 (57761)_damaging,0.01608264017375967
3,TGM6 (343641)_damaging,0.031951063074283435
3,FASTKD5 (60493)_damaging,0.042155501726874774
3,PLCB4 (5332)_damaging,0.05893433764866117
3,SEL1L2 (80343)_damaging,0.03308594462012721
3,RRBP1 (6238)_damaging,0.02668572391294307
3,RALGAPA2 (57186)_damaging,0.0456143523863236
3,ASXL1 (171023)_damaging,0.022075727606438313
3,NCOA6 (23054)_damaging,0.007017513043394805
3,MYH7B (57644)_damaging,0.028291222784305105
3,CEP250 (11190)_damaging,0.04033748610955389
3,MTCL2 (140710)_damaging,0.0386617646111043
3,SAMHD1 (25939)_damaging,0.05308745065484902
3,LBP (3929)_damaging,0.022949943859696023
3,CHD6 (84181)_damaging,0.0012896843879541937
3,PTPRT (11122)_damaging,0.054461374040778436
3,DDX27 (55661)_damaging,0.006088659160842384
3,ADNP (23394)_damaging,0.017919488546825332
3,ZNF831 (128611)_damaging,0.011508271571520753
3,SYCP2 (10388)_damaging,0.04672250175206874
3,LAMA5 (3911)_damaging,0.07329864725763136
3,COL20A1 (57642)_damaging,0.019525002317897062
3,HELZ2 (85441)_damaging,0.08864367839404863
3,TPTE (7179)_damaging,0.05381186298360638
3,NRIP1 (8204)_damaging,0.008991429452662673
3,LTN1 (26046)_damaging,0.02046637090234928
3,USP16 (10600)_damaging,0.006423429706737551
3,SCAF4 (57466)_damaging,0.07123530524924993
3,ITSN1 (6453)_damaging,0.004369309999182339
3,DOP1B (9980)_damaging,0.08380780298444133
3,BRWD1 (54014)_damaging,0.02279355789951535
3,DSCAM (1826)_damaging,0.008325167484553272
3,COL18A1 (80781)_damaging,0.03364346186320862
3,COL6A1 (1291)_damaging,0.08721879674051189
3,PCNT (5116)_damaging,0.008462566468525546
3,CECR2 (27443)_damaging,0.06450958190877926
3,ZDHHC8 (29801)_damaging,0.013420986074767152
3,LZTR1 (8216)_damaging,0.060700194352614444
3,MYO18B (84700)_damaging,0.004805036819810225
3,CHEK2 (11200)_damaging,0.07074943494893758
3,NF2 (4771)_damaging,0.18059980251665939
3,MTMR3 (8897)_damaging,0.0842037230461215
3,DEPDC5 (9681)_damaging,0.02326265102446778
3,MYH9 (4627)_damaging,0.06819596649755943
3,CSF2RB (1439)_damaging,0.09317637800850441
3,TRIOBP (11078)_damaging,0.01829697591107249
3,CACNA1I (8911)_damaging,0.0284607248082316
3,TNRC6B (23112)_damaging,0.018473838739005755
3,EP300 (2033)_damaging,0.02017041426470047
3,MEI1 (150365)_damaging,0.04968031084162498
3,TCF20 (6942)_damaging,0.06164415713203077
3,SMC1B (27127)_damaging,0.018117723749055133
3,PKDREJ (10343)_damaging,0.03423972948798695
3,PLXNB2 (23654)_damaging,0.0647365068322224
3,PPP6R2 (9701)_damaging,0.0421646172305515
3,SBF1 (6305)_damaging,0.02525033364347386
3,CHL1 (10752)_damaging,0.033338293735937115
3,CNTN6 (27255)_damaging,0.059759914213377764
3,CNTN4 (152330)_damaging,0.009793481382786327
3,GRM7 (2917)_damaging,0.05002140783967156
3,VHL (7428)_damaging,0.021999386009181433
3,TGFBR2 (7048)_damaging,0.03740366138798894
3,CLASP2 (23122)_damaging,0.03731068365092246
3,TRANK1 (9881)_damaging,0.03495623268092238
3,MLH1 (4292)_damaging,0.01337416444025447
3,GOLGA4 (2803)_damaging,0.004546939270245081
3,SCN11A (11280)_damaging,0.018117101321292413
3,NKTR (4820)_damaging,0.031692073204731504
3,KIF15 (56992)_damaging,0.003488054035264398
3,SETD2 (29072)_damaging,0.03158143671887996
3,PTPN23 (25930)_damaging,0.06202863928438371
3,PLXNB1 (5364)_damaging,0.01974204591487006
3,COL7A1 (1294)_damaging,0.031540363265984736
3,CELSR3 (1951)_damaging,0.004225591885290195
3,LAMB2 (3913)_damaging,0.08640486908680171
3,RHOA (387)_damaging,0.05109525362041667
3,BSN (8927)_damaging,0.005650661739418911
3,RBM6 (10180)_damaging,0.018625587939937335
3,DOCK3 (1795)_damaging,0.03139368372817524
3,DNAH1 (25981)_damaging,0.03888316014895741
3,BAP1 (8314)_damaging,0.04160613747338503
3,STAB1 (23166)_damaging,0.022479373701369744
3,PBRM1 (55193)_damaging,0.08408080793716009
3,DNAH12 (201625)_damaging,0.020701788755075938
3,FLNB (2317)_damaging,0.0277397104329925
3,PTPRG (5793)_damaging,0.10144703020929136
3,CADPS (8618)_damaging,0.0742835738455933
3,ATXN7 (6314)_damaging,0.02884713655313126
3,ADAMTS9 (56999)_damaging,0.05828654147367304
3,ROBO2 (6092)_damaging,0.060372667677930945
3,ROBO1 (6091)_damaging,0.003278084766446792
3,EPHA3 (2042)_damaging,0.002869656097601114
3,CRYBG3 (131544)_damaging,0.005073202369034169
3,ABI3BP (25890)_damaging,0.001930906615852342
3,MYH15 (22989)_damaging,0.014452695299503104
3,DZIP3 (9666)_damaging,0.07005967951582807
3,ZBTB20 (26137)_damaging,0.04341967159399975
3,CFAP91 (89876)_damaging,0.01629916011854797
3,POLQ (10721)_damaging,0.012395618268512038
3,GOLGB1 (2804)_damaging,0.04931813102721683
3,KALRN (8997)_damaging,0.05004013058912696
3,COL6A5 (256076)_damaging,0.03524487218276143
3,COL6A6 (131873)_damaging,0.046205872426448226
3,DNAJC13 (23317)_damaging,0.023255463188707994
3,TOPBP1 (11073)_damaging,0.042354805394289916
3,XRN1 (54464)_damaging,0.02164379282004823
3,ATR (545)_damaging,0.0027662668278749876
3,HPS3 (84343)_damaging,0.019553803852365343
3,MED12L (116931)_damaging,0.04625605195484949
3,IGSF10 (285313)_damaging,0.009376831825212718
3,ARHGEF26 (26084)_damaging,0.023278661986023606
3,MME (4311)_damaging,0.017242816333133768
3,PLCH1 (23007)_damaging,0.042279816683190204
3,SI (6476)_damaging,0.0021351572203046174
3,MECOM (2122)_damaging,0.029608441237705056
3,USP13 (8975)_damaging,0.08673684226051873
3,TTC14 (151613)_damaging,0.03523789216559698
3,VWA5B2 (90113)_damaging,0.004106640210658524
3,ATP13A5 (344905)_damaging,0.05737036617203609
3,MUC4 (4585)_damaging,0.015394671729684714
3,TNK2 (10188)_damaging,0.0014804873019256379
3,NSD2 (7468)_damaging,0.03675436716796054
3,FAM193A (8603)_damaging,0.0165419327610026
3,JAKMIP1 (152789)_damaging,0.014052832910110663
3,UNC93B7 (100887746)_damaging,0.0536508453155858
3,CPEB2 (132864)_damaging,0.010366542313266718
3,SLIT2 (9353)_damaging,0.06802797585975134
3,PCDH7 (5099)_damaging,0.09523826120367047
3,ARAP2 (116984)_damaging,0.05141152604647495
3,LIMCH1 (22998)_damaging,0.020892236319079525
3,BEND4 (389206)_damaging,0.03975684895935274
3,CORIN (10699)_damaging,0.003539583507485211
3,FRYL (285527)_damaging,0.07124816999970582
3,KDR (3791)_damaging,0.030540659573630665
3,POLR2B (5431)_damaging,0.02939398620466295
3,ADGRL3 (23284)_damaging,0.0829311821154457
3,EPHA5 (2044)_damaging,0.03939717759730445
3,CENPC (1060)_damaging,0.008027841178966594
3,ADAMTS3 (9508)_damaging,0.059999905185035333
3,FRAS1 (80144)_damaging,0.0453414727426906
3,WDFY3 (23001)_damaging,0.024113585478632574
3,PTPN13 (5783)_damaging,0.008191071623495654
3,AFF1 (4299)_damaging,0.01663835379556367
3,MMRN1 (22915)_damaging,0.0129359959233976
3,GRID2 (2895)_damaging,0.03550689233845027
3,SMARCAD1 (56916)_damaging,0.004294723066563093
3,CENPE (1062)_damaging,0.007812359188594722
3,TET2 (54790)_damaging,0.10015456530704363
3,COL25A1 (84570)_damaging,0.06515239174518712
3,ANK2 (287)_damaging,0.002163217898134641
3,BLTP1 (84162)_damaging,0.036329074370121436
3,FAT4 (79633)_damaging,0.025810889674481485
3,PCDH10 (57575)_damaging,0.005369131879962921
3,LRBA (987)_damaging,0.04558477257830293
3,FBXW7 (55294)_damaging,0.0035585037551355793
3,FHDC1 (85462)_damaging,0.034538299969336446
3,DCHS2 (54798)_damaging,0.033650966074697655
3,MAP9 (79884)_damaging,0.027042655620300133
3,RXFP1 (59350)_damaging,0.021360569995426116
3,RAPGEF2 (9693)_damaging,0.005361726362361757
3,FSTL5 (56884)_damaging,0.007573738671723485
3,WDR17 (116966)_damaging,0.024922571979809557
3,TENM3 (55714)_damaging,0.035303511813409814
3,WWC2 (80014)_damaging,0.016120860838414155
3,FAT1 (2195)_damaging,9.201597843735289e-05
3,SDHA (6389)_damaging,0.054690209833869505
3,SLC12A7 (10723)_damaging,0.017509198643607737
3,TERT (7015)_damaging,0.03801261670896456
3,ADAMTS16 (170690)_damaging,0.010964694089453187
3,ICE1 (23379)_damaging,0.015534054764616318
3,DNAH5 (1767)_damaging,0.04297657042215448
3,TRIO (7204)_damaging,0.04026120396551942
3,MYO10 (4651)_damaging,0.012409648801848269
3,CDH18 (1016)_damaging,0.07088584882341646
3,CDH12 (1010)_damaging,0.034418686935057
3,PRDM9 (56979)_damaging,0.06736491615117303
3,CDH10 (1008)_damaging,0.025897908804915243
3,PDZD2 (23037)_damaging,0.0821896730817622
3,ADAMTS12 (81792)_damaging,0.0437315745420178
3,SPEF2 (79925)_damaging,0.004898747570757031
3,NIPBL (25836)_damaging,0.041828148957117416
3,CPLANE1 (65250)_damaging,0.028932866167720367
3,C7 (730)_damaging,0.022567444032750312
3,MROH2B (133558)_damaging,0.019557456156478113
3,C6 (729)_damaging,0.013019578097069457
3,HCN1 (348980)_damaging,0.011982372650301424
3,ITGA1 (3672)_damaging,0.02961588704488988
3,PIK3R1 (5295)_damaging,0.12092256022126006
3,RAD17 (5884)_damaging,0.005773315984419752
3,BDP1 (55814)_damaging,0.049333528834075886
3,MAP1B (4131)_damaging,0.014707184617016002
3,ARHGEF28 (64283)_damaging,0.05133678460346256
3,ANKRD31 (256006)_damaging,0.05871643246420501
3,AP3B1 (8546)_damaging,0.00873743324975681
3,CMYA5 (202333)_damaging,0.09638866407189049
3,MSH3 (4437)_damaging,0.027192597492245448
3,VCAN (1462)_damaging,0.0112683017636786
3,RASA1 (5921)_damaging,0.04422834765127335
3,ADGRV1 (84059)_damaging,0.021849575651341487
3,KIAA0825 (285600)_damaging,0.06847898209475416
3,ARSK (153642)_damaging,0.022445427849329548
3,APC (324)_damaging,0.07838250977056481
3,DMXL1 (1657)_damaging,0.059329044920061635
3,FBN2 (2201)_damaging,0.01811805665857377
3,FNIP1 (96459)_damaging,0.04279965408164354
3,RAD50 (10111)_damaging,0.03301776977627255
3,AFF4 (27125)_damaging,0.013587428874934963
3,PITX1 (5307)_damaging,0.10329621523124162
3,LINC02900 (340073)_damaging,0.04619044298365377
3,CTNNA1 (1495)_damaging,0.09235008707446368
3,ANKHD1 (54882)_damaging,0.022665989863143263
3,PCDHB4 (56131)_damaging,0.06736627471310527
3,PCDHB6 (56130)_damaging,0.04449343406910318
3,TCERG1 (10915)_damaging,0.09581496585812979
3,FAT2 (2196)_damaging,0.03155288711571191
3,GRIA1 (2890)_damaging,0.02283417477270984
3,LARP1 (23367)_damaging,0.09178580196414297
3,GABRG2 (2566)_damaging,0.007117413626800425
3,SLIT3 (6586)_damaging,0.004513273302619262
3,DOCK2 (1794)_damaging,0.0677348251482586
3,NSD1 (64324)_damaging,0.042161368767049325
3,FLT4 (2324)_damaging,0.09252213519575202
3,DSP (1832)_damaging,0.0038269476906396247
3,HIVEP1 (3096)_damaging,0.03364378872725809
3,PHACTR1 (221692)_damaging,0.027644786135545562
3,JARID2 (3720)_damaging,0.006828671463673197
3,ATXN1 (6310)_damaging,0.056518583916443925
3,HLA-A (3105)_damaging,0.027203940732725553
3,MDC1 (9656)_damaging,0.008989835339732537
3,VARS2 (57176)_damaging,0.0028502822206547046
3,HLA-C (3107)_damaging,0.00047193889474052763
3,HLA-B (3106)_damaging,0.03908870319808129
3,PRRC2A (7916)_damaging,0.03835113863945243
3,TNXB (7148)_damaging,0.036758604370333674
3,NOTCH4 (4855)_damaging,0.0009961236662298274
3,COL11A2 (1302)_damaging,0.006662395598508287
3,ITPR3 (3710)_damaging,0.043569477480125435
3,BLTP3A (54887)_damaging,0.02121240790917331
3,DNAH8 (1769)_damaging,0.015483749301198226
3,CCND3 (896)_damaging,0.06887206683958416
3,TDRD6 (221400)_damaging,0.016623558960463757
3,PKHD1 (5314)_damaging,0.04280938346197051
3,FAM83B (222584)_damaging,0.014301342867819018
3,DST (667)_damaging,0.04820254987528909
3,PHF3 (23469)_damaging,0.043246090310988146
3,EYS (346007)_damaging,0.0198316757162348
3,ADGRB3 (577)_damaging,0.06556691083669372
3,COL19A1 (1310)_damaging,0.037937116688155754
3,COL9A1 (1297)_damaging,0.0045246388151377786
3,RIMS1 (22999)_damaging,0.022150838568015523
3,COL12A1 (1303)_damaging,0.01590272638333943
3,TTK (7272)_damaging,0.07934946211754555
3,CEP162 (22832)_damaging,0.00944077250188385
3,ZNF292 (23036)_damaging,0.008721473583930335
3,MDN1 (23195)_damaging,0.02488673126408427
3,CASP8AP2 (9994)_damaging,0.06904649183175976
3,EPHA7 (2045)_damaging,0.07952281209456603
3,MMS22L (253714)_damaging,0.011890980509028728
3,PNISR (25957)_damaging,0.032532824410366076
3,ASCC3 (10973)_damaging,0.003052625427903944
3,AK9 (221264)_damaging,0.03364805650440985
3,REV3L (5980)_damaging,0.0016003632660085364
3,HDAC2 (3066)_damaging,0.025096783114556633
3,ROS1 (6098)_damaging,0.00029074553143108726
3,TBC1D32 (221322)_damaging,0.0003311399425056149
3,TRDN (10345)_damaging,0.011112294084430227
3,LAMA2 (3908)_damaging,0.01775124669217841
3,MED23 (9439)_damaging,0.02690951440223787
3,TNFAIP3 (7128)_damaging,0.003809548711896364
3,ARFGEF3 (57221)_damaging,0.011631892161767497
3,ECT2L (345930)_damaging,0.014724557317497732
3,HIVEP2 (3097)_damaging,0.014721799120002323
3,UTRN (7402)_damaging,0.037200674194829475
3,SHPRH (257218)_damaging,0.03831875262441129
3,ADGB (79747)_damaging,0.0071206573250661796
3,SYNE1 (23345)_damaging,0.010289794725185038
3,SCAF8 (22828)_damaging,0.02628618357041989
3,ARID1B (57492)_damaging,0.0017741595441294223
3,FNDC1 (84624)_damaging,0.05023026461361661
3,IGF2R (3482)_damaging,0.07847196293921492
3,LPA (4018)_damaging,0.0222003718364544
3,MAP3K4 (4216)_damaging,0.06200168032250631
3,QKI (9444)_damaging,0.06929564095019222
3,AFDN (4301)_damaging,0.010693967279657525
3,CARD11 (84433)_damaging,0.030671950586160325
3,TNRC18 (84629)_damaging,0.04875060246853819
3,PMS2 (5395)_damaging,0.01896987861182083
3,THSD7A (221981)_damaging,0.011354520322302513
3,VWDE (221806)_damaging,0.004187087167217873
3,DGKB (1607)_damaging,0.0048246692693930705
3,AHR (196)_damaging,0.01851257332883675
3,ABCB5 (340273)_damaging,0.07087160920788131
3,DNAH11 (8701)_damaging,0.005872483165810638
3,CDK13 (8621)_damaging,0.04416949413153757
3,HECW1 (23072)_damaging,0.011355516368554017
3,AEBP1 (165)_damaging,0.06745639814273889
3,PKD1L1 (168507)_damaging,0.02078523304831955
3,ABCA13 (154664)_damaging,0.025434667626340734
3,DDC (1644)_damaging,0.0614349897784309
3,ZNF722 (100419780)_damaging,0.025290589613518235
3,MAGI2 (9863)_damaging,0.04955230893544498
3,CD36 (948)_damaging,0.06372502943430461
3,PCLO (27445)_damaging,0.043981940414128735
3,ABCB4 (5244)_damaging,0.02930232181358645
3,ZNF804B (219578)_damaging,0.022131885425031146
3,AKAP9 (10142)_damaging,0.049261054584997264
3,ANKIB1 (54467)_damaging,0.02424741705239845
3,SAMD9 (54809)_damaging,0.01376315056995559
3,SAMD9L (219285)_damaging,0.00965054899438724
3,CALCR (799)_damaging,0.031565418859509385
3,COL1A2 (1278)_damaging,0.030019622859814552
3,TRRAP (8295)_damaging,0.014128868021971193
3,MUC12 (10071)_damaging,0.00840060577606367
3,MUC17 (140453)_damaging,0.10067326862390362
3,PLOD3 (8985)_damaging,0.03272188499749625
3,CUX1 (1523)_damaging,0.0501779994200341
3,RELN (5649)_damaging,0.05489066651263241
3,KMT2E (55904)_damaging,0.048614199329613875
3,PIK3CG (5294)_damaging,0.012798300271817437
3,LAMB4 (22798)_damaging,0.06047288529461487
3,DOCK4 (9732)_damaging,0.03908603564603757
3,PPP1R3A (5506)_damaging,0.05103540589675756
3,CFTR (1080)_damaging,0.006511186289003977
3,CTTNBP2 (83992)_damaging,0.02367179808896106
3,PTPRZ1 (5803)_damaging,0.09376742746708173
3,POT1 (25913)_damaging,0.0020412435325508956
3,GRM8 (2918)_damaging,0.016059432867337665
3,FLNC (2318)_damaging,0.032948719248828987
3,KCP (375616)_damaging,0.04120071896125714
3,PLXNA4 (91584)_damaging,0.06619659877753409
3,NUP205 (23165)_damaging,0.04238819357501888
3,TRIM24 (8805)_damaging,0.028266790811708017
3,KIAA1549 (57670)_damaging,0.028407962382760304
3,MGAM (8972)_damaging,0.014594283472494161
3,MGAM2 (93432)_damaging,0.013978570711977424
3,EPHB6 (2051)_damaging,0.03540027127676421
3,KEL (3792)_damaging,0.02418349822244481
3,FAM131B (9715)_damaging,0.05709342990816568
3,NOBOX (135935)_damaging,0.038768076899314836
3,CNTNAP2 (26047)_damaging,0.022672954706283315
3,NOS3 (4846)_damaging,0.0026299371964782184
3,KMT2C (58508)_damaging,0.018178918700487504
3,DPP6 (1804)_damaging,0.035301576539113824
3,UBE3C (9690)_damaging,0.030083722737178877
3,PTPRN2 (5799)_damaging,0.058632519722327095
3,MYOM2 (9172)_damaging,0.003821596156140916
3,CSMD1 (64478)_damaging,0.0026673706894229867
3,RP1L1 (94137)_damaging,0.007048006140326294
3,TRMT9B (57604)_damaging,0.0034430876702516576
3,DOCK5 (80005)_damaging,0.024567466507957096
3,NUGGC (389643)_damaging,0.0317286414867573
3,TEX15 (56154)_damaging,0.02256427890178337
3,WRN (7486)_damaging,0.0060251132892617295
3,UNC5D (137970)_damaging,0.03373828711758829
3,ADGRA2 (25960)_damaging,0.019247557815395253
3,NSD3 (54904)_damaging,0.015302205557828748
3,ANK1 (286)_damaging,0.03214954858310903
3,PRKDC (5591)_damaging,0.02410914188583893
3,PXDNL (137902)_damaging,0.023593724907243544
3,ST18 (9705)_damaging,0.03684400308030768
3,RB1CC1 (9821)_damaging,0.05706446542515076
3,RP1 (6101)_damaging,0.0050955174656957996
3,CYP7A1 (1581)_damaging,0.007904760966756803
3,ARFGEF1 (10565)_damaging,0.033206524018815076
3,PREX2 (80243)_damaging,0.03382998786678233
3,SULF1 (23213)_damaging,0.002563221117830824
3,SLCO5A1 (81796)_damaging,0.051393293374903004
3,TRPA1 (8989)_damaging,0.06328761782245243
3,KCNB2 (9312)_damaging,0.052566458681268004
3,ZFHX4 (79776)_damaging,0.03667046072398651
3,WWP1 (11059)_damaging,0.027091448283556332
3,NBN (4683)_damaging,0.029946534071694394
3,ESRP1 (54845)_damaging,0.0686801290061665
3,VPS13B (157680)_damaging,0.0037277504521238685
3,RGS22 (26166)_damaging,0.007048354873246709
3,UBR5 (51366)_damaging,0.053295156999512
3,RIMS2 (9699)_damaging,0.028986380951406862
3,ZFPM2 (23414)_damaging,0.04057107710467501
3,PKHD1L1 (93035)_damaging,0.08445452540788646
3,CSMD3 (114788)_damaging,0.0230623932918148
3,TRPS1 (7227)_damaging,0.029404896065070216
3,COL14A1 (7373)_damaging,0.013039601118486618
3,FER1L6 (654463)_damaging,0.047091140557328236
3,EFR3A (23167)_damaging,0.017560133937829382
3,KCNQ3 (3786)_damaging,0.008665549173253195
3,PHF20L1 (51105)_damaging,0.1371622522139044
3,COL22A1 (169044)_damaging,0.08916419082796664
3,ADGRB1 (575)_damaging,0.040815701242952494
3,EPPK1 (83481)_damaging,0.011676276204078252
3,PLEC (5339)_damaging,0.06050730685543532
3,PARP10 (84875)_damaging,0.014746555151568388
3,KIFC2 (90990)_damaging,0.013997793610597603
3,DOCK8 (81704)_damaging,0.033387375206998256
3,SMARCA2 (6595)_damaging,0.06944515428426996
3,PTPRD (5789)_damaging,0.013415359378841252
3,MPDZ (8777)_damaging,0.06173352222653239
3,FREM1 (158326)_damaging,0.016642387155647365
3,DENND4C (55667)_damaging,0.007096464781734652
3,CDKN2A (1029)_damaging,0.023612679950148287
3,TAF1L (138474)_damaging,0.05154402709395158
3,FANCG (2189)_damaging,0.11090444193686885
3,PIGO (84720)_damaging,0.001788655567725156
3,UNC13B (10497)_damaging,0.02696104364798408
3,GBA2 (57704)_damaging,0.004606366139077093
3,SPAG8 (26206)_damaging,0.07599883080472578
3,TMC1 (117531)_damaging,0.01821204671133696
3,TRPM6 (140803)_damaging,0.05315471480791631
3,PCSK5 (5125)_damaging,0.002598970781724894
3,PRUNE2 (158471)_damaging,0.07055742276050758
3,VPS13A (23230)_damaging,0.019923143803660816
3,KIF27 (55582)_damaging,0.06048250816500842
3,ROR2 (4920)_damaging,0.06768588934127544
3,WNK2 (65268)_damaging,0.014100885790197719
3,PTCH1 (5727)_damaging,0.013262577300202008
3,COL15A1 (1306)_damaging,0.059222858623733235
3,TMEM245 (23731)_damaging,0.03447886768932371
3,PALM2AKAP2 (445815)_damaging,0.005665575276275252
3,SVEP1 (79987)_damaging,0.01964024101712015
3,FKBP15 (23307)_damaging,0.003031556001416323
3,COL27A1 (85301)_damaging,0.09186753424183268
3,C5 (727)_damaging,0.03823891492462809
3,CNTRL (11064)_damaging,0.047920637276401785
3,DENND1A (57706)_damaging,0.07072672428922593
3,SPTAN1 (6709)_damaging,0.029903733037570143
3,HMCN2 (256158)_damaging,0.008512804746322681
3,NUP214 (8021)_damaging,0.05170841218753797
3,PRRC2B (84726)_damaging,0.03329209238884783
3,UCK1 (83549)_damaging,0.04424409031214498
3,SETX (23064)_damaging,0.07179828087818656
3,TTF1 (7270)_damaging,0.025963110126945136
3,ADAMTS13 (11093)_damaging,0.049001518507792226
3,ADAMTSL2 (9719)_damaging,0.0205751991922749
3,BRD3 (8019)_damaging,0.01535305666913239
3,COL5A1 (1289)_damaging,0.03395656568846033
3,CAMSAP1 (157922)_damaging,0.058573131019145026
3,NOTCH1 (4851)_damaging,0.001284675181210662
3,ABCA2 (20)_damaging,0.05357573094117467
3,EXD3 (54932)_damaging,0.049968243505997594
3,MXRA5 (25878)_damaging,0.037405902491062654
3,WWC3 (55841)_damaging,0.06065025559184712
3,NHS (4810)_damaging,0.05988789420406752
3,MAP3K15 (389840)_damaging,0.09928200839253427
3,DMD (1756)_damaging,0.06616709848466613
3,CFAP47 (286464)_damaging,0.031203894372234146
3,RPGR (6103)_damaging,0.017347751325347542
3,BCOR (54880)_damaging,0.049320998125825695
3,USP9X (8239)_damaging,0.09215686172336882
3,DDX3X (1654)_damaging,0.03008459185951212
3,KDM6A (7403)_damaging,0.07512571167440468
3,RBM10 (8241)_damaging,0.052838458956897635
3,TFE3 (7030)_damaging,0.023528249972146153
3,CACNA1F (778)_damaging,0.02710487097293036
3,CCNB3 (85417)_damaging,0.03581093839952861
3,KDM5C (8242)_damaging,0.022069904924528254
3,IQSEC2 (23096)_damaging,0.007428571407223387
3,HUWE1 (10075)_damaging,0.004150860865723998
3,WNK3 (65267)_damaging,0.04945029007315389
3,AMER1 (139285)_damaging,0.050400109877872086
3,MED12 (9968)_damaging,0.05000665170221828
3,ZMYM3 (9203)_damaging,0.10337555585355412
3,ATRX (546)_damaging,0.0011317506446462894
3,ZNF711 (7552)_damaging,0.01698115007729081
3,DIAPH2 (1730)_damaging,0.012018844809327802
3,PCDH19 (57526)_damaging,0.020689579642213716
3,RAB40A (142684)_damaging,0.00679301113601473
3,NRK (203447)_damaging,0.0610895897345966
3,COL4A6 (1288)_damaging,0.051256338393218734
3,COL4A5 (1287)_damaging,0.06497239723860905
3,GUCY2F (2986)_damaging,0.015086546863796868
3,DOCK11 (139818)_damaging,0.03349080862498136
3,STAG2 (10735)_damaging,0.03893482916284735
3,TENM1 (10178)_damaging,0.03846208164507242
3,SMARCA1 (6594)_damaging,0.048741063970067375
3,BCORL1 (63035)_damaging,0.033234560463990974
3,USP26 (83844)_damaging,0.0018707375610000983
3,MAP7D3 (79649)_damaging,0.018039341902426755
3,ADGRG4 (139378)_damaging,0.047745274155369555
3,SPANXN4 (441525)_damaging,0.02712695668305324
3,SLITRK2 (84631)_damaging,0.03530535529866751
3,FMR1 (2332)_damaging,0.028958087031257823
3,AFF2 (2334)_damaging,0.028179970251004403
3,PLXNA3 (55558)_damaging,0.03287188649388662
3,F8 (2157)_damaging,0.0038954681620345386
3,MT-ND4 (4538)_damaging,0.0038666007169269796
3,MT-ND5 (4540)_damaging,0.03672339467328428
4,MTOR (2475)_hotspot,0.04459365888243508
4,NRAS (4893)_hotspot,0.07340251862562784
4,PTEN (5728)_hotspot,0.012018360888079458
4,HRAS (3265)_hotspot,0.009365417213722086
4,ATM (472)_hotspot,0.03903149338039207
4,KRAS (3845)_hotspot,0.10232508454079332
4,ERBB3 (2065)_hotspot,0.04703196704505919
4,RB1 (5925)_hotspot,0.06322455769452506
4,CREBBP (1387)_hotspot,0.006989142895863785
4,TP53 (7157)_hotspot,0.09990291439414375
4,NF1 (4763)_hotspot,0.014208606822693981
4,ERBB2 (2064)_hotspot,0.029555137977961627
4,SMAD4 (4089)_hotspot,0.06584447591256797
4,STK11 (6794)_hotspot,0.03140514380404992
4,SMARCA4 (6597)_hotspot,0.0464888606704006
4,C2orf81 (388963)_hotspot,0.06070367217727092
4,NFE2L2 (4780)_hotspot,0.06868385860192083
4,CTNNB1 (1499)_hotspot,0.008861037697951676
4,RHOA (387)_hotspot,0.036795468571009654
4,PIK3CA (5290)_hotspot,0.010374045127116607
4,FBXW7 (55294)_hotspot,0.0021784034280058827
4,TERT (7015)_hotspot,0.009239891092799504
4,PIK3R1 (5295)_hotspot,0.01604889601763067
4,APC (324)_hotspot,0.054687495281036495
4,CCND3 (896)_hotspot,0.0940801737051442
4,RAC1 (5879)_hotspot,0.04391198018347006
4,BRAF (673)_hotspot,0.14119830884264767
4,MYC (4609)_hotspot,0.040769331488163495
4,CDKN2A (1029)_hotspot,0.026981706178072325
4,AGRN (375790)_damaging,0.08774993339482821
4,MXRA8 (54587)_damaging,0.017120517460159232
4,MEGF6 (1953)_damaging,0.008012465408460626
4,CHD5 (26038)_damaging,0.033279046535451565
4,RPL22 (6146)_damaging,0.03972505550600228
4,ERRFI1 (54206)_damaging,0.028890810568784262
4,SLC45A1 (50651)_damaging,0.0027740298790349996
4,RERE (473)_damaging,0.017243146186711272
4,EXOSC10 (5394)_damaging,0.009380620174445579
4,VPS13D (55187)_damaging,0.007077777530977818
4,FHAD1 (114827)_damaging,0.04425679892696739
4,SPEN (23013)_damaging,0.0014964977511624316
4,EPHA2 (1969)_damaging,0.018874935678628607
4,UBR4 (23352)_damaging,0.08149542525274377
4,HSPG2 (3339)_damaging,0.05884767561423207
4,LUZP1 (7798)_damaging,0.029765160253507672
4,ID3 (3399)_damaging,0.14217858997445193
4,ELOA (6924)_damaging,0.021018609240998683
4,ARID1A (8289)_damaging,0.09131526548048548
4,WDTC1 (23038)_damaging,0.018315422035504108
4,PTPRU (10076)_damaging,0.02609006811978193
4,COL16A1 (1307)_damaging,0.03276646599256571
4,CSMD2 (114784)_damaging,0.0254949885371209
4,ZMYM6 (9204)_damaging,0.05551779533698113
4,ZMYM1 (79830)_damaging,0.03355471042354486
4,ZMYM4 (9202)_damaging,0.0033095972094391883
4,CLSPN (63967)_damaging,0.03087469060869461
4,AGO1 (26523)_damaging,0.03961823163795681
4,MAP7D1 (55700)_damaging,0.023784188313414133
4,MACF1 (23499)_damaging,0.07721880312577384
4,HIVEP3 (59269)_damaging,0.016913856050732836
4,TIE1 (7075)_damaging,0.007225397016193513
4,SZT2 (23334)_damaging,0.01608740530955333
4,PTCH2 (8643)_damaging,0.06298486661896686
4,MUTYH (4595)_damaging,0.020371326049310988
4,MAST2 (23139)_damaging,0.026481882109885405
4,PIK3R3 (8503)_damaging,0.00613458002013219
4,TAL1 (6886)_damaging,0.024721320149031712
4,TUT4 (23318)_damaging,0.011804145052134781
4,FYB2 (199920)_damaging,0.001414551267559875
4,NFIA (4774)_damaging,0.01930397776480839
4,PATJ (10207)_damaging,0.0421521527742001
4,DOCK7 (85440)_damaging,0.011996336866447315
4,JAK1 (3716)_damaging,0.010385933947597369
4,LEPR (3953)_damaging,0.017246381484822035
4,LRRC7 (57554)_damaging,0.026432903144621336
4,LRRIQ3 (127255)_damaging,0.025555940293268315
4,ERICH3 (127254)_damaging,0.0362934167567186
4,SLC44A5 (204962)_damaging,0.014030640086033684
4,AK5 (26289)_damaging,0.06665840775500315
4,ADGRL4 (64123)_damaging,0.09237594418453939
4,ADGRL2 (23266)_damaging,0.06639508424888246
4,COL24A1 (255631)_damaging,0.022475262271714366
4,HFM1 (164045)_damaging,0.03149672767131938
4,BTBD8 (284697)_damaging,0.052730690141003525
4,RPL5 (6125)_damaging,0.11301382317324168
4,ABCA4 (24)_damaging,0.00416890996801129
4,COL11A1 (1301)_damaging,0.02031351754428966
4,EPS8L3 (79574)_damaging,0.007749649500799905
4,CSDE1 (7812)_damaging,0.01546382860695646
4,SYCP1 (6847)_damaging,0.017408614734667902
4,CD58 (965)_damaging,0.04471793411227915
4,SPAG17 (200162)_damaging,0.0007696730102528614
4,NOTCH2 (4853)_damaging,0.00549376923331656
4,BCL9 (607)_damaging,0.029409150218719607
4,ADAMTSL4 (54507)_damaging,0.012571483714599931
4,ZNF687 (57592)_damaging,0.04236510686268503
4,FLG (2312)_damaging,0.0054684657505708525
4,CCDST (112268240)_damaging,0.009093504402219883
4,FLG2 (388698)_damaging,0.0648549744738173
4,ASH1L (55870)_damaging,0.025804528976156454
4,IQGAP3 (128239)_damaging,0.00859144318971426
4,NES (10763)_damaging,0.02640927497947222
4,INSRR (3645)_damaging,0.009597642452944269
4,FCRL5 (83416)_damaging,0.01964341253104741
4,SPTA1 (6708)_damaging,0.0452459984732192
4,IGSF9 (57549)_damaging,0.016824606502973464
4,ATP1A4 (480)_damaging,0.0015983715054957342
4,GPR161 (23432)_damaging,0.03726886027300869
4,F5 (2153)_damaging,0.0062426356840079794
4,FIRRM (55732)_damaging,0.018446207799908042
4,PRRC2C (23215)_damaging,0.02030985839261
4,SLC9C2 (284525)_damaging,0.009903090973925575
4,TNR (7143)_damaging,0.006947861451052309
4,PAPPA2 (60676)_damaging,0.044149898611111134
4,RASAL2 (9462)_damaging,0.023399426804470713
4,ABL2 (27)_damaging,0.03840939849857949
4,AXDND1 (126859)_damaging,0.07861293994969093
4,TDRD5 (163589)_damaging,0.00752587926794816
4,CEP350 (9857)_damaging,0.05727210326137642
4,CACNA1E (777)_damaging,0.08074725902600284
4,LAMC1 (3915)_damaging,0.03732215136795507
4,RGL1 (23179)_damaging,0.025254372715985525
4,HMCN1 (83872)_damaging,0.004931448331720934
4,TPR (7175)_damaging,0.028509681206284335
4,BRINP3 (339479)_damaging,0.040431296461280325
4,CFH (3075)_damaging,0.01002166522918639
4,ASPM (259266)_damaging,0.05747522103718281
4,PTPRC (5788)_damaging,0.07116945717618879
4,CAMSAP2 (23271)_damaging,0.05143429682463794
4,CACNA1S (779)_damaging,0.054419276077165436
4,IGFN1 (91156)_damaging,0.08286921139734682
4,NAV1 (89796)_damaging,0.01415382663282827
4,KDM5B (10765)_damaging,0.01891035937033719
4,ATP2B4 (493)_damaging,0.029839436343661638
4,PLEKHA6 (22874)_damaging,0.024382194203998744
4,PIK3C2B (5287)_damaging,0.03272444582167071
4,NFASC (23114)_damaging,0.036401330283531125
4,CR2 (1380)_damaging,0.004777715899608189
4,CR1 (1378)_damaging,0.035154428591710585
4,PLXNA2 (5362)_damaging,0.025364564238940967
4,PTPN14 (5784)_damaging,0.031963419981114585
4,CENPF (1063)_damaging,0.00873118481981487
4,USH2A (7399)_damaging,0.052081514335902405
4,DNAH14 (127602)_damaging,0.021580444982675397
4,CDC42BPA (8476)_damaging,0.03780153912162886
4,OBSCN (84033)_damaging,0.0025796790066584013
4,H3-4 (8290)_damaging,0.039043546831285005
4,SIPA1L2 (57568)_damaging,0.04154620050787431
4,PCNX2 (80003)_damaging,0.005888467235972289
4,MAP3K21 (84451)_damaging,0.025901131972932225
4,ARID4B (51742)_damaging,0.02881989152824014
4,LYST (1130)_damaging,0.005238524977700471
4,RYR2 (6262)_damaging,0.0017277981626830819
4,CHRM3 (1131)_damaging,0.005314451212810525
4,FMN2 (56776)_damaging,0.03834943847777981
4,KIF26B (55083)_damaging,0.014843080383059818
4,AHCTF1 (25909)_damaging,0.008535130250524105
4,NLRP3 (114548)_damaging,0.0039862633267366936
4,LARP4B (23185)_damaging,0.012058123955269038
4,PITRM1 (10531)_damaging,0.1022301165689823
4,FRMD4A (55691)_damaging,0.04418533871583053
4,ITGA8 (8516)_damaging,0.0038785706184781966
4,CUBN (8029)_damaging,0.08328810850398594
4,MRC1 (4360)_damaging,0.036078927012418924
4,MALRD1 (340895)_damaging,0.003735350106837616
4,MLLT10 (8028)_damaging,0.04593383227282976
4,ARMC3 (219681)_damaging,0.006180929689100309
4,ANKRD26 (22852)_damaging,0.029268854589428395
4,SVIL (6840)_damaging,0.012151256035606938
4,JCAD (57608)_damaging,0.05587030418938636
4,KIF5B (3799)_damaging,0.02379436678993091
4,CCDC7 (79741)_damaging,0.03308038982870823
4,ANKRD30A (91074)_damaging,0.05750629946076609
4,RSU1P2 (100133308)_damaging,0.004010214774778138
4,WDFY4 (57705)_damaging,0.01154500321705096
4,C10orf71 (118461)_damaging,0.00771839005404294
4,ERCC6 (2074)_damaging,0.006309776244638814
4,PCDH15 (65217)_damaging,0.04545110743497144
4,ANK3 (288)_damaging,0.022624299061075347
4,ARID5B (84159)_damaging,0.0815115906910548
4,JMJD1C (221037)_damaging,0.008895425500457339
4,CTNNA3 (29119)_damaging,0.023594531612672595
4,CDH23 (64072)_damaging,0.010409949957282753
4,ZMIZ1 (57178)_damaging,0.022784819962561733
4,WAPL (23063)_damaging,0.00962503644668393
4,PTEN (5728)_damaging,0.031694921155120764
4,SLC16A12 (387700)_damaging,0.01802708074367968
4,KIF20B (9585)_damaging,0.0011114379714768665
4,MYOF (26509)_damaging,0.028169044396805176
4,PLCE1 (51196)_damaging,0.03630583029894148
4,ZNF518A (9849)_damaging,0.018853745181492767
4,LCOR (84458)_damaging,0.02903618118288788
4,SLIT1 (6585)_damaging,0.0506525634382907
4,PAX2 (5076)_damaging,0.005517303962753838
4,SLF2 (55719)_damaging,0.04443833296633154
4,PPRC1 (23082)_damaging,0.046567242413126785
4,NOLC1 (9221)_damaging,0.05305655640783037
4,PSD (5662)_damaging,0.005491265592400394
4,CNNM2 (54805)_damaging,0.033341267059729625
4,PDCD11 (22984)_damaging,0.06786837235173848
4,SH3PXD2A (9644)_damaging,0.02643002016072529
4,SLK (9748)_damaging,0.0132384068311138
4,SORCS3 (22986)_damaging,0.07875264998763153
4,SORCS1 (114815)_damaging,0.05249450305279014
4,SMC3 (9126)_damaging,0.10122212248871922
4,TCF7L2 (6934)_damaging,0.015629074639993
4,ATRNL1 (26033)_damaging,0.01438997162837385
4,PDZD8 (118987)_damaging,0.01542892884476223
4,TACC2 (10579)_damaging,0.02833327761022297
4,DMBT1 (1755)_damaging,0.02924462424773015
4,DOCK1 (1793)_damaging,0.027377254465381824
4,MKI67 (4288)_damaging,0.08672854101758687
4,JAKMIP3 (282973)_damaging,0.05119959094653779
4,CFAP46 (54777)_damaging,0.01780423394131451
4,B4GALNT4 (338707)_damaging,0.012678764761126698
4,PKP3 (11187)_damaging,0.019067019086742874
4,PHRF1 (57661)_damaging,0.09438750750713815
4,MUC5AC (4586)_damaging,0.042822584792428786
4,MUC5B (727897)_damaging,0.05076385334540449
4,BRSK2 (9024)_damaging,0.041699343672198116
4,KCNQ1 (3784)_damaging,0.006596528506390057
4,NUP98 (4928)_damaging,0.012106956306964178
4,DCHS1 (8642)_damaging,0.012156659900312198
4,IPO7 (10527)_damaging,0.012750283916476613
4,SBF2 (81846)_damaging,0.050970233014937714
4,MICAL2 (9645)_damaging,0.030494054450225922
4,PLEKHA7 (144100)_damaging,0.00908539176162503
4,ABCC8 (6833)_damaging,0.017521497997305017
4,OTOG (340990)_damaging,0.02421128317712328
4,HPS5 (11234)_damaging,0.01722275118291775
4,NAV2 (89797)_damaging,0.012193306703019666
4,ANO3 (63982)_damaging,0.004336674057897218
4,DCDC1 (341019)_damaging,0.06294071169350454
4,CCDC73 (493860)_damaging,0.039083962435361316
4,QSER1 (79832)_damaging,0.004055235600563198
4,CSTF3 (1479)_damaging,0.017263145086570987
4,HIPK3 (10114)_damaging,0.05882085976680163
4,KIAA1549L (25758)_damaging,0.012645944985910111
4,LRP4 (4038)_damaging,0.01453686785385184
4,FOLH1 (2346)_damaging,0.0346905829582451
4,OR4P4 (81300)_damaging,0.038703632183916974
4,TNKS1BP1 (85456)_damaging,0.021457558710693676
4,CTNND1 (1500)_damaging,0.0239916531252688
4,DTX4 (23220)_damaging,0.05348914749491992
4,MYRF (745)_damaging,0.030874065984456595
4,AHNAK (79026)_damaging,0.02588270544150347
4,SLC3A2 (6520)_damaging,0.05466533086419292
4,NRXN2 (9379)_damaging,0.04485325364048089
4,MEN1 (4221)_damaging,0.05365086458255333
4,ATG2A (23130)_damaging,0.0004988173981566753
4,PCNX3 (399909)_damaging,0.04539090870928152
4,RIN1 (9610)_damaging,0.007263104531651633
4,SHANK2 (22941)_damaging,0.06501896962392631
4,NUMA1 (4926)_damaging,0.007751754436882905
4,INPPL1 (3636)_damaging,0.06105901389156962
4,ARHGEF17 (9828)_damaging,0.027404460756573122
4,C2CD3 (26005)_damaging,0.0023816497076668258
4,MYO7A (4647)_damaging,0.06757539615747826
4,RSF1 (51773)_damaging,0.01792388261094742
4,TENM4 (26011)_damaging,0.056713526544707876
4,PCF11 (51585)_damaging,0.00730965995246074
4,DLG2 (1740)_damaging,0.09711124405076275
4,SYTL2 (54843)_damaging,0.021296705280728648
4,FAT3 (120114)_damaging,0.001549230336671893
4,CNTN5 (53942)_damaging,0.05112168430590425
4,CEP126 (57562)_damaging,0.062234339260309114
4,MMP3 (4314)_damaging,0.025122707671993594
4,MMP12 (4321)_damaging,0.01183613839839162
4,DYNC2H1 (79659)_damaging,0.06524514991118599
4,GRIA4 (2893)_damaging,0.06417336358054354
4,NPAT (4863)_damaging,0.012608471021510595
4,ATM (472)_damaging,0.035963649756905
4,EXPH5 (23086)_damaging,0.050409608719219005
4,NKAPD1 (55216)_damaging,0.0015941759771363174
4,NCAM1 (4684)_damaging,0.025579077201136495
4,USP28 (57646)_damaging,0.03754114692730705
4,KMT2A (4297)_damaging,0.056558559816894644
4,BCL9L (283149)_damaging,0.07497700543390245
4,HYOU1 (10525)_damaging,0.02246425283474498
4,MFRP (83552)_damaging,0.010376933340669029
4,ARHGEF12 (23365)_damaging,0.06124867401069755
4,TECTA (7007)_damaging,0.03913527664589204
4,SORL1 (6653)_damaging,0.015223093338994036
4,JHY (79864)_damaging,0.0727260245254029
4,ROBO3 (64221)_damaging,0.0572494381658367
4,CCDC15 (80071)_damaging,0.03008892083408902
4,NFRKB (4798)_damaging,0.023325316094945973
4,IGSF9B (22997)_damaging,0.03473661673074498
4,GLB1L2 (89944)_damaging,0.028667766862501606
4,LINC02714 (729305)_damaging,0.0371650845231503
4,KDM5A (5927)_damaging,0.00364782077748703
4,WNK1 (65125)_damaging,0.002461067441795712
4,CACNA1C (775)_damaging,0.04203544008043354
4,VWF (7450)_damaging,0.029595135743338503
4,PLEKHG6 (55200)_damaging,0.033128551524564856
4,CHD4 (1108)_damaging,0.0815075014949931
4,ATN1 (1822)_damaging,0.03592803108031169
4,A2ML1 (144568)_damaging,0.06858212865009254
4,A2M (2)_damaging,0.022752417228799775
4,ATF7IP (55729)_damaging,4.36246982474936e-05
4,GUCY2C (2984)_damaging,0.037342428160528594
4,PIK3C2G (5288)_damaging,0.019352910571943892
4,SLCO1B3 (28234)_damaging,0.06618182761528572
4,RECQL (5965)_damaging,0.006585019229819463
4,ABCC9 (10060)_damaging,0.06094065810737754
4,ITPR2 (3709)_damaging,0.08014046614803312
4,OVCH1 (341350)_damaging,0.0023410322021522297
4,KIF21A (55605)_damaging,0.02449403826612075
4,LRRK2 (120892)_damaging,0.023722336581930743
4,MUC19 (283463)_damaging,0.10806414040906324
4,CNTN1 (1272)_damaging,0.05836349243684058
4,ADAMTS20 (80070)_damaging,0.011385061969262717
4,ARID2 (196528)_damaging,0.021450027742243694
4,HDAC7 (51564)_damaging,0.0250268973662745
4,COL2A1 (1280)_damaging,0.04842649297838395
4,WNT1 (7471)_damaging,0.01615466232429015
4,KMT2D (8085)_damaging,0.004824736975902315
4,NCKAP5L (57701)_damaging,0.08354643679601248
4,SLC4A8 (9498)_damaging,0.049154812115847275
4,TNS2 (23371)_damaging,0.044361570947999786
4,MAP3K12 (7786)_damaging,0.0665096282802014
4,ERBB3 (2065)_damaging,0.06894481942910617
4,PAN2 (9924)_damaging,0.008700010248853963
4,STAT2 (6773)_damaging,0.04362475686988693
4,NACA (4666)_damaging,0.059842060134530375
4,MYO1A (4640)_damaging,0.024433501048403947
4,LRP1 (4035)_damaging,0.0649952138518637
4,GLI1 (2735)_damaging,0.04213434382537277
4,MBD6 (114785)_damaging,0.006443531974820863
4,MYRFL (196446)_damaging,0.01687827917618795
4,PTPRB (5787)_damaging,0.11366016972267044
4,ZFC3H1 (196441)_damaging,0.03844811160178985
4,E2F7 (144455)_damaging,0.03123481167537067
4,NAV3 (89795)_damaging,0.024787172472168703
4,OTOGL (283310)_damaging,0.042395978519425774
4,PTPRQ (374462)_damaging,0.027115551571359982
4,PPFIA2 (8499)_damaging,0.0051665286039493654
4,LRRIQ1 (84125)_damaging,0.005967697050958204
4,CEP290 (80184)_damaging,0.04091823614405097
4,PLXNC1 (10154)_damaging,0.013574256716402538
4,CFAP54 (144535)_damaging,0.017865562725453
4,ANKS1B (56899)_damaging,0.03940356198255542
4,BLTP3B (23074)_damaging,0.0061167905307706666
4,UTP20 (27340)_damaging,0.0025017874999078565
4,STAB2 (55576)_damaging,0.0318122912037654
4,ALDH1L2 (160428)_damaging,0.037017634899234014
4,ACACB (32)_damaging,0.06743312846223089
4,MVK (4598)_damaging,0.02516053391957434
4,CUX2 (23316)_damaging,0.015654739194697388
4,HECTD4 (283450)_damaging,0.05570398493905454
4,DTX1 (1840)_damaging,0.019623256039458175
4,NOS1 (4842)_damaging,0.04920755367076675
4,CIT (11113)_damaging,0.021944205598998012
4,HNF1A (6927)_damaging,0.04254080818122572
4,KDM2B (84678)_damaging,0.0700725034914237
4,SETD1B (23067)_damaging,0.01456345161181235
4,KNTC1 (9735)_damaging,0.024298232970622998
4,SBNO1 (55206)_damaging,0.029436218911099113
4,DNAH10 (196385)_damaging,0.05329847495019433
4,NCOR2 (9612)_damaging,0.0012321406629642604
4,TMEM132D (121256)_damaging,0.016526651314222866
4,RIMBP2 (23504)_damaging,0.08169091549315437
4,SFSWAP (6433)_damaging,0.026983796111286963
4,EP400 (57634)_damaging,0.016067460300265173
4,P2RX2 (22953)_damaging,0.010276659635056145
4,POLE (5426)_damaging,0.011838581713187152
4,GOLGA3 (2802)_damaging,0.01639006719181895
4,SACS (26278)_damaging,0.008349679230766084
4,RNF17 (56163)_damaging,0.05349572789216818
4,CENPJ (55835)_damaging,0.01443843957077559
4,ATP8A2 (51761)_damaging,0.011084025070912953
4,RXFP2 (122042)_damaging,0.07610276901744427
4,FRY (10129)_damaging,0.04232249642447144
4,BRCA2 (675)_damaging,0.012664128926154856
4,PDS5B (23047)_damaging,0.06498862581473344
4,NBEA (26960)_damaging,0.0012559959889699122
4,FREM2 (341640)_damaging,0.0284822496633156
4,DGKH (160851)_damaging,0.07638593985265059
4,ZC3H13 (23091)_damaging,0.003024635046452647
4,RB1 (5925)_damaging,0.1567639895942322
4,PCDH17 (27253)_damaging,0.053673759407973386
4,DACH1 (1602)_damaging,0.025145635006822497
4,DIS3 (22894)_damaging,0.09679861203240828
4,MYCBP2 (23077)_damaging,9.99006112422022e-05
4,SLITRK5 (26050)_damaging,0.01954086953474565
4,DOCK9 (23348)_damaging,0.015866430215457035
4,NALCN (259232)_damaging,0.013017990454505054
4,CCDC168 (643677)_damaging,0.028250095422387284
4,MYO16 (23026)_damaging,0.0931510531349495
4,COL4A1 (1282)_damaging,0.0035029287083634293
4,COL4A2 (1284)_damaging,0.09481075510303823
4,OR4K5 (79317)_damaging,0.07274440653799608
4,TEP1 (7011)_damaging,0.027325288878249206
4,ARHGEF40 (55701)_damaging,0.018027172872112345
4,CHD8 (57680)_damaging,0.048910664573531486
4,AJUBA (84962)_damaging,0.0737698352863061
4,ACIN1 (22985)_damaging,0.0016106686489230765
4,MYH7 (4625)_damaging,0.04908902399395885
4,CARMIL3 (90668)_damaging,0.043701941605444904
4,NYNRIN (57523)_damaging,0.06293562430971726
4,HECTD1 (25831)_damaging,0.07313753903744014
4,ARHGAP5 (394)_damaging,0.07013887324528666
4,AKAP6 (9472)_damaging,0.036408492777799444
4,NPAS3 (64067)_damaging,0.02036364733438188
4,RALGAPA1 (253959)_damaging,0.040279033683765605
4,TTC6 (319089)_damaging,0.021885554410084423
4,MIA2 (4253)_damaging,0.008523909488967408
4,TOGARAM1 (23116)_damaging,0.055444828580276224
4,FANCM (57697)_damaging,0.03483213806020939
4,NIN (51199)_damaging,0.023076237286596014
4,NID2 (22795)_damaging,0.0444012179647905
4,KTN1 (3895)_damaging,0.01915703846533355
4,ARID4A (5926)_damaging,0.009127885056190943
4,KCNH5 (27133)_damaging,0.015756195036827816
4,SYNE2 (23224)_damaging,0.057460913339732654
4,PCNX1 (22990)_damaging,0.022029276534526545
4,MIDEAS (91748)_damaging,0.035976161807091525
4,YLPM1 (56252)_damaging,0.014056442463954932
4,MLH3 (27030)_damaging,0.0446241427373488
4,NRXN3 (9369)_damaging,0.03446898054951642
4,CEP128 (145508)_damaging,0.04625834559412882
4,PTPN21 (11099)_damaging,0.018546042512087437
4,ZC3H14 (79882)_damaging,0.03871980239281382
4,EML5 (161436)_damaging,0.00964457463828745
4,TRIP11 (9321)_damaging,0.01219778365592397
4,UNC79 (57578)_damaging,0.05620481075113492
4,ATG2B (55102)_damaging,0.015266632369945307
4,RTL1 (388015)_damaging,0.010361384705316628
4,DYNC1H1 (1778)_damaging,0.061395372690564595
4,KIF26A (26153)_damaging,0.03179742823935663
4,INF2 (64423)_damaging,0.013439590333325778
4,AHNAK2 (113146)_damaging,0.0256554573698266
4,MTA1 (9112)_damaging,0.050127831677305085
4,HERC2 (8924)_damaging,0.0008220642152529537
4,TRPM1 (4308)_damaging,0.02507270993673665
4,FMN1 (342184)_damaging,0.03941297102094524
4,RYR3 (6263)_damaging,0.02782119852519946
4,SPRED1 (161742)_damaging,0.004822323944897985
4,CCDC9B (388115)_damaging,0.014613654773217412
4,INO80 (54617)_damaging,0.018370416798477403
4,LTK (4058)_damaging,0.013901175715775708
4,TYRO3 (7301)_damaging,0.006568778221801449
4,MGA (23269)_damaging,0.08163823389499178
4,SPTBN5 (51332)_damaging,0.07845285132971187
4,ZNF106 (64397)_damaging,0.03930207160234783
4,STARD9 (57519)_damaging,0.02861105054177403
4,UBR1 (197131)_damaging,0.01726360497538703
4,TP53BP1 (7158)_damaging,0.05954272875942292
4,MAP1A (4130)_damaging,0.030314685201005012
4,SPG11 (80208)_damaging,0.06307250367479214
4,B2M (567)_damaging,0.021260959472894882
4,FBN1 (2200)_damaging,0.004500707386932063
4,USP8 (9101)_damaging,0.020006382593335877
4,TRPM7 (54822)_damaging,0.01970294878804282
4,AP4E1 (23431)_damaging,0.016895968204711002
4,DMXL2 (23312)_damaging,0.018773368945733032
4,MYO5C (55930)_damaging,0.022786004475121642
4,UNC13C (440279)_damaging,0.06389476693216288
4,RFX7 (64864)_damaging,0.03876921568634836
4,RNF111 (54778)_damaging,0.05139009298819387
4,ICE2 (79664)_damaging,0.018129329445704948
4,VPS13C (54832)_damaging,0.02350052388069348
4,TLN2 (83660)_damaging,0.06966877834970518
4,HERC1 (8925)_damaging,0.09895586665100196
4,ZNF609 (23060)_damaging,0.04398817753473758
4,MEGF11 (84465)_damaging,0.046016024360546026
4,NOX5 (79400)_damaging,0.02722621068600272
4,MYO9A (4649)_damaging,0.05278986367092912
4,HCN4 (10021)_damaging,0.005652567398853911
4,SIN3A (25942)_damaging,0.037108824588207474
4,ADAMTSL3 (57188)_damaging,0.012510898597697974
4,AKAP13 (11214)_damaging,0.05546036102404916
4,AGBL1 (123624)_damaging,0.009312352153383864
4,TICRR (90381)_damaging,0.05191807929802871
4,KIF7 (374654)_damaging,0.03461043618276145
4,IQGAP1 (8826)_damaging,0.01195810999425044
4,BLM (641)_damaging,0.019549745436378708
4,FES (2242)_damaging,0.08588270098536928
4,CHD2 (1106)_damaging,0.05122343982342029
4,LRRK1 (79705)_damaging,0.01613967113924605
4,AXIN1 (8312)_damaging,0.0378940731117709
4,CACNA1H (8912)_damaging,0.004275180348566812
4,UNKL (64718)_damaging,0.024598074951470074
4,TSC2 (7249)_damaging,0.04050827046428407
4,PKD1 (5310)_damaging,0.0555995483596595
4,CASKIN1 (57524)_damaging,0.021452043441326153
4,SLX4 (84464)_damaging,0.030684981016418537
4,CREBBP (1387)_damaging,0.0787737677139875
4,SEC14L5 (9717)_damaging,0.05211797331461977
4,GRIN2A (2903)_damaging,0.005460608442561812
4,KNOP1 (400506)_damaging,0.03659022915358168
4,DNAH3 (55567)_damaging,0.020821826419325205
4,SCNN1B (6338)_damaging,0.06879253292441412
4,PALB2 (79728)_damaging,0.004306921514788489
4,ERN2 (10595)_damaging,0.007108901038566593
4,RBBP6 (5930)_damaging,0.007735483745577931
4,TNRC6A (27327)_damaging,0.02625121553820282
4,ARHGAP17 (55114)_damaging,0.0601424169279534
4,GTF3C1 (2975)_damaging,0.03544661789767504
4,ATXN2L (11273)_damaging,0.015677483807573465
4,SH2B1 (25970)_damaging,0.0007024165879353821
4,ITGAL (3683)_damaging,0.016936372772534593
4,PRR14 (78994)_damaging,0.023109645543730118
4,FBRS (64319)_damaging,0.006892027602843214
4,SRCAP (10847)_damaging,0.028886498893345974
4,SETD1A (9739)_damaging,0.008899450305878675
4,ZNF668 (79759)_damaging,0.05348998907102516
4,ITGAM (3684)_damaging,0.053995172902221736
4,ITGAD (3681)_damaging,0.04715093403987961
4,ABCC11 (85320)_damaging,0.07728951920790189
4,SALL1 (6299)_damaging,0.011524643386229284
4,CHD9 (80205)_damaging,0.01478458181426822
4,RBL2 (5934)_damaging,0.05209086065761026
4,NLRC5 (84166)_damaging,0.03267649591195632
4,CTCF (10664)_damaging,0.03730819516870773
4,CDH1 (999)_damaging,0.031483243140602246
4,MTSS2 (92154)_damaging,0.0482226851682484
4,DHX38 (9785)_damaging,0.05041547057397892
4,ZFHX3 (463)_damaging,0.029964879824137352
4,CNTNAP4 (85445)_damaging,0.06424044127646554
4,TAF1C (9013)_damaging,0.04392649887478104
4,IRF8 (3394)_damaging,0.06512397943008766
4,ZNF469 (84627)_damaging,0.005396957391324564
4,ZC3H18 (124245)_damaging,0.03714183230759647
4,LINC02138 (400558)_damaging,0.07626205783358271
4,CDH15 (1013)_damaging,0.013608894765930392
4,ANKRD11 (29123)_damaging,0.048878326484326655
4,VPS9D1 (9605)_damaging,0.06171296245728415
4,FANCA (2175)_damaging,0.015096263705189066
4,CLUH (23277)_damaging,0.05188174163091949
4,SPATA22 (84690)_damaging,0.08497414425566023
4,ZZEF1 (23140)_damaging,0.009047722301296947
4,USP6 (9098)_damaging,0.050662562399386706
4,GPS2 (2874)_damaging,0.005555408902193905
4,FXR2 (9513)_damaging,0.06285635870111822
4,TP53 (7157)_damaging,0.3364879558983009
4,EFNB3 (1949)_damaging,0.03150294635312302
4,DNAH2 (146754)_damaging,0.05909589670892499
4,KDM6B (23135)_damaging,0.07282760088877756
4,CHD3 (1107)_damaging,0.015136055323183233
4,PER1 (5187)_damaging,0.012022658509389876
4,PFAS (5198)_damaging,0.05440985529695036
4,MYH13 (8735)_damaging,0.04948518959187458
4,MYH8 (4626)_damaging,0.024247371501053855
4,MYH4 (4622)_damaging,0.00740737976592216
4,MYH1 (4619)_damaging,0.03086435173062606
4,MYH2 (4620)_damaging,0.029314413481798893
4,DNAH9 (1770)_damaging,0.020511831265121256
4,MYOCD (93649)_damaging,0.019047054051363095
4,NCOR1 (9611)_damaging,0.020985990087230445
4,MPRIP (23164)_damaging,0.005895096203975416
4,FLCN (201163)_damaging,0.022259245763596457
4,MYO15A (51168)_damaging,0.07482891315407288
4,TOP3A (7156)_damaging,0.03435631377953117
4,SPECC1 (92521)_damaging,0.029941288177173238
4,KSR1 (8844)_damaging,0.008819876664299018
4,MYO18A (399687)_damaging,0.04441541504170982
4,ANKRD13B (124930)_damaging,0.019228343796380352
4,EFCAB5 (374786)_damaging,0.0006882395396292981
4,ATAD5 (79915)_damaging,0.021002962765447258
4,NF1 (4763)_damaging,0.017718971012291806
4,SUZ12 (23512)_damaging,0.02459793624278548
4,SLFN11 (91607)_damaging,0.005892127292065004
4,ACACA (31)_damaging,0.033206475922333334
4,GPR179 (440435)_damaging,0.030665585623769233
4,SRCIN1 (80725)_damaging,0.011444551212870921
4,CDK12 (51755)_damaging,0.07114256768527434
4,TOP2A (7153)_damaging,0.05072213067347069
4,KCNH4 (23415)_damaging,0.011132556968815882
4,STAT5B (6777)_damaging,0.008283626388059552
4,BRCA1 (672)_damaging,0.012732215715534042
4,ITGA2B (3674)_damaging,0.021726013566962785
4,KANSL1 (284058)_damaging,0.04025375978811946
4,HOXB3 (3213)_damaging,0.014275278705765101
4,COL1A1 (1277)_damaging,0.06394319040470017
4,TSPOAP1 (9256)_damaging,0.05070680634793864
4,RNF43 (54894)_damaging,0.005975122087750172
4,CLTC (1213)_damaging,0.02931912932192518
4,PPM1D (8493)_damaging,0.04259091766216229
4,TBX4 (9496)_damaging,0.04185961818732989
4,MED13 (9969)_damaging,0.001735625813754448
4,MRC2 (9902)_damaging,0.02478826769592021
4,SCN4A (6329)_damaging,0.03303605246791011
4,GNA13 (10672)_damaging,0.020451006481413597
4,AXIN2 (8313)_damaging,0.005954716547153243
4,NOL11 (25926)_damaging,0.001092893488114419
4,BPTF (2186)_damaging,0.03628085808575756
4,ABCA8 (10351)_damaging,0.021884080709676613
4,ABCA9 (10350)_damaging,0.03448978363455233
4,ABCA6 (23460)_damaging,0.04169847755370448
4,ABCA10 (10349)_damaging,0.002023899796678456
4,ABCA5 (23461)_damaging,0.02697687748471531
4,SOX9 (6662)_damaging,0.05521342214491162
4,SDK2 (54549)_damaging,0.05270268619661039
4,TMEM94 (9772)_damaging,0.04697664704637319
4,MYO15B (80022)_damaging,0.05804892852714239
4,ITGB4 (3691)_damaging,0.005245603881471883
4,EVPL (2125)_damaging,0.013161300571508527
4,SPHK1 (8877)_damaging,0.020994759196243426
4,TNRC6C (57690)_damaging,0.04944057475975922
4,DNAH17 (8632)_damaging,0.0105032622369676
4,RNF213 (57674)_damaging,0.037141026371571934
4,BAHCC1 (57597)_damaging,0.02624143882869748
4,FASN (2194)_damaging,0.03285357361822981
4,NARF (26502)_damaging,0.05211435571966845
4,SMCHD1 (23347)_damaging,0.008846894608595652
4,EPB41L3 (23136)_damaging,0.01746456019454801
4,LAMA1 (284217)_damaging,0.027117214727021288
4,MTCL1 (23255)_damaging,0.02712931723716244
4,ANKRD12 (23253)_damaging,0.015985154538643204
4,PIEZO2 (63895)_damaging,0.0004939596850462465
4,ANKRD30B (374860)_damaging,0.02307910460647592
4,ROCK1 (6093)_damaging,0.032311569161887016
4,ESCO1 (114799)_damaging,0.00263829339561372
4,LAMA3 (3909)_damaging,0.06142948089082075
4,OSBPL1A (114876)_damaging,0.0026106436914770954
4,CCDC178 (374864)_damaging,0.038731186631511705
4,ASXL3 (80816)_damaging,0.06244926449187456
4,FHOD3 (80206)_damaging,0.07159517273687767
4,SETBP1 (26040)_damaging,0.052292193521623745
4,EPG5 (57724)_damaging,0.07582302624626673
4,LOXHD1 (125336)_damaging,0.08445008117632137
4,SKOR2 (652991)_damaging,0.04529068239997099
4,ZBTB7C (201501)_damaging,0.02394652954140834
4,SMAD4 (4089)_damaging,0.07693928368427214
4,DCC (1630)_damaging,0.0829712910394719
4,ALPK2 (115701)_damaging,0.015813039633186067
4,CDH7 (1005)_damaging,0.04663575383122844
4,RTTN (25914)_damaging,0.00848996899709961
4,ZNF236 (7776)_damaging,0.01311542818641023
4,SALL3 (27164)_damaging,0.026556058698649593
4,ATP9B (374868)_damaging,0.013121599236839032
4,NFATC1 (4772)_damaging,0.036432440536380006
4,KCNG2 (26251)_damaging,0.05051286227880121
4,ABCA7 (10347)_damaging,0.07634594567007319
4,STK11 (6794)_damaging,0.0325216660162647
4,TCF3 (6929)_damaging,0.03470517417930295
4,REXO1 (57455)_damaging,0.014235769925614717
4,DOT1L (84444)_damaging,0.008241846291054521
4,ZBTB7A (51341)_damaging,0.09221055681863972
4,TICAM1 (148022)_damaging,0.012702977422888603
4,KDM4B (23030)_damaging,0.025593400639357528
4,PTPRS (5802)_damaging,0.04713414847803641
4,SAFB2 (9667)_damaging,0.0367325699318487
4,SAFB (6294)_damaging,0.018687821316290685
4,CAMSAP3 (57662)_damaging,0.01004807589819356
4,FBN3 (84467)_damaging,0.014264888388570577
4,MUC16 (94025)_damaging,0.0266894134365017
4,COL5A3 (50509)_damaging,0.04268070753714556
4,DNMT1 (1786)_damaging,0.012715115911875281
4,KEAP1 (9817)_damaging,0.0469163083518629
4,DNM2 (1785)_damaging,0.043798572847657334
4,SMARCA4 (6597)_damaging,0.07642431272953687
4,MAST1 (22983)_damaging,0.02332177398833568
4,CACNA1A (773)_damaging,0.09906227715023391
4,NOTCH3 (4854)_damaging,0.058198530334222204
4,WIZ (58525)_damaging,0.005474124919409508
4,SIN3B (23309)_damaging,0.009573472411136447
4,CPAMD8 (27151)_damaging,0.09326260847788843
4,ZNF90 (7643)_damaging,0.0029013433410545685
4,ZNF429 (353088)_damaging,0.007087740392149256
4,ZNF208 (7757)_damaging,0.017423575214184132
4,ZNF729 (100287226)_damaging,0.04086156381473104
4,ZNF99 (7652)_damaging,0.04232612118330584
4,ZNF91 (7644)_damaging,0.01683817796948394
4,ZNF536 (9745)_damaging,0.032122634574266985
4,TSHZ3 (57616)_damaging,0.010176420035611426
4,KMT2B (9757)_damaging,0.0036979906812677657
4,ARHGAP33 (115703)_damaging,0.0019093988892324065
4,WDR87 (83889)_damaging,0.030757812249398084
4,SIPA1L3 (23094)_damaging,0.004487088253873592
4,RYR1 (6261)_damaging,0.006073019820573159
4,CAPN12 (147968)_damaging,0.06753199687275555
4,FCGBP (8857)_damaging,0.01319148176474044
4,PRX (57716)_damaging,0.003962842303097774
4,SPTBN4 (57731)_damaging,0.004462103502316399
4,AXL (558)_damaging,0.0023837939217654933
4,ERF (2077)_damaging,0.03636479523217808
4,CIC (23152)_damaging,0.0033157542779757424
4,MEGF8 (1954)_damaging,0.05425944644455779
4,ARHGAP35 (2909)_damaging,0.03139857919835576
4,BICRA (29998)_damaging,0.03989910286381806
4,LMTK3 (114783)_damaging,0.08155911005170935
4,TRPM4 (54795)_damaging,0.014499212181986599
4,TEAD2 (8463)_damaging,0.037878918320387776
4,PRR12 (57479)_damaging,0.00942067688628548
4,SCAF1 (58506)_damaging,0.018749090377924518
4,MYH14 (79784)_damaging,0.020109661054643384
4,POLD1 (5424)_damaging,0.0020745955573709747
4,SHANK1 (50944)_damaging,0.006500376071352789
4,BRSK1 (84446)_damaging,0.027587905586859723
4,SSC5D (284297)_damaging,0.015580646769802309
4,NLRP4 (147945)_damaging,0.023511363574450158
4,PEG3 (5178)_damaging,0.007694164825429923
4,ZIM3 (114026)_damaging,0.035421470685787354
4,TPO (7173)_damaging,0.026643190530747988
4,PXDN (7837)_damaging,0.01645620100040345
4,MYT1L (23040)_damaging,0.015298623526920827
4,ROCK2 (9475)_damaging,0.034252630599472166
4,GREB1 (9687)_damaging,0.01532950594237593
4,NBAS (51594)_damaging,0.05899666910849286
4,RAD51AP2 (729475)_damaging,0.00944497147089289
4,APOB (338)_damaging,0.007547536530231778
4,TDRD15 (100129278)_damaging,0.03291591445695433
4,ATAD2B (54454)_damaging,0.01121880108960743
4,ITSN2 (50618)_damaging,0.016195928866911655
4,DNMT3A (1788)_damaging,0.028493789315779196
4,ASXL2 (55252)_damaging,0.009892437813892773
4,OTOF (9381)_damaging,0.03348449523649078
4,EMILIN1 (11117)_damaging,0.017357418564348078
4,CAD (790)_damaging,0.00992877444330927
4,IFT172 (26160)_damaging,0.0020023069936834343
4,SPATA31H1 (84226)_damaging,0.072331114203327
4,ALK (238)_damaging,0.0031174931584163255
4,BIRC6 (57448)_damaging,0.017935792488728432
4,HEATR5B (54497)_damaging,0.007788578516874447
4,ZFP36L2 (678)_damaging,0.05714556053024064
4,THADA (63892)_damaging,0.06440110331049521
4,MSH2 (4436)_damaging,0.05556830501693227
4,MSH6 (2956)_damaging,0.0349198810726978
4,NRXN1 (9378)_damaging,0.024265531750290302
4,SPTBN1 (6711)_damaging,0.04030357143284138
4,EML6 (400954)_damaging,0.045615570965410926
4,CCDC88A (55704)_damaging,0.05136715325906617
4,USP34 (9736)_damaging,0.06818164863737712
4,C2orf42 (54980)_damaging,0.04797476445296451
4,ZNF638 (27332)_damaging,0.023522493209480095
4,DYSF (8291)_damaging,0.03466254414087213
4,ALMS1 (7840)_damaging,0.08208359037366322
4,LOXL3 (84695)_damaging,0.010673829064905459
4,CTNNA2 (1496)_damaging,0.04238298810671432
4,DNAH6 (1768)_damaging,0.05713634469544767
4,ANKRD36C (400986)_damaging,0.07804576242181983
4,TMEM131 (23505)_damaging,0.004149301728081929
4,VWA3B (200403)_damaging,0.0015033472686701917
4,CRACDL (343990)_damaging,0.01043095498352522
4,EIF5B (9669)_damaging,0.01660236185668976
4,AFF3 (3899)_damaging,0.0021655639994403487
4,SLC5A7 (60482)_damaging,0.008767042733065071
4,DPP10 (57628)_damaging,0.013598218612102947
4,MARCO (8685)_damaging,0.0007262651505309677
4,EPB41L5 (57669)_damaging,0.03270865446461771
4,CLASP1 (23332)_damaging,0.04054697384867109
4,CNTNAP5 (129684)_damaging,0.017233415180759458
4,UGGT1 (56886)_damaging,0.006054334535188066
4,ARHGEF4 (50649)_damaging,0.07015615523744782
4,NCKAP5 (344148)_damaging,0.011953584160215828
4,THSD7B (80731)_damaging,0.025412626355708706
4,LRP1B (53353)_damaging,0.013654724334559
4,ZEB2 (9839)_damaging,0.032806850399413355
4,ACVR2A (92)_damaging,0.0175641152554792
4,ORC4 (5000)_damaging,0.06322095856358478
4,KIF5C (3800)_damaging,0.06940271077212715
4,RIF1 (55183)_damaging,0.06586635159970464
4,NEB (4703)_damaging,0.029702275072555944
4,TANC1 (85461)_damaging,0.012291481819569431
4,BAZ2B (29994)_damaging,0.031227083363480995
4,LY75 (4065)_damaging,0.06464034292520646
4,PLA2R1 (22925)_damaging,0.052340367031256614
4,SLC4A10 (57282)_damaging,0.03305551585724002
4,KCNH7 (90134)_damaging,0.003613969280078668
4,FIGN (55137)_damaging,0.012732797851873302
4,SCN3A (6328)_damaging,0.025083048821978777
4,SCN2A (6326)_damaging,0.06131299983374118
4,TTC21B (79809)_damaging,0.03754339893245737
4,SCN1A (6323)_damaging,0.0032468237056443154
4,SCN9A (6335)_damaging,0.01069137636313617
4,SCN7A (6332)_damaging,0.04256492209021763
4,XIRP2 (129446)_damaging,0.06830420339423149
4,LRP2 (4036)_damaging,0.06816089659895846
4,KLHL41 (10324)_damaging,0.026774564690750385
4,PPIG (9360)_damaging,1.5442138810343247e-05
4,MYO3B (140469)_damaging,0.03341800144172898
4,GPR155 (151556)_damaging,0.10431015848565654
4,HOXD11 (3237)_damaging,0.01319912784541389
4,TTN (7273)_damaging,0.009985126100404794
4,CCDC141 (285025)_damaging,0.045371515432683564
4,ITGA4 (3676)_damaging,0.023461205285278012
4,FSIP2 (401024)_damaging,0.018260102007994813
4,COL3A1 (1281)_damaging,0.0017826039185811025
4,COL5A2 (1290)_damaging,0.03727106333852762
4,ANKAR (150709)_damaging,0.028557051747845244
4,MYO1B (4430)_damaging,0.06464612702136929
4,DNAH7 (56171)_damaging,0.05554390931641232
4,HECW2 (57520)_damaging,0.03708422481710531
4,PLCL1 (5334)_damaging,0.032903524972520914
4,SGO2 (151246)_damaging,0.010185000690176615
4,AOX1 (316)_damaging,0.0881311627442052
4,CASP8 (841)_damaging,0.0053180541877339855
4,C2CD6 (151254)_damaging,0.04071157478319244
4,NOP58 (51602)_damaging,0.016418267520248837
4,BMPR2 (659)_damaging,0.003644807095206327
4,NBEAL1 (65065)_damaging,0.028326351718499218
4,PARD3B (117583)_damaging,0.04570883097096218
4,INO80D (54891)_damaging,0.023344559227456926
4,ZDBF2 (57683)_damaging,0.05768233396851272
4,ADAM23 (8745)_damaging,0.04756606221421812
4,MAP2 (4133)_damaging,0.024651537714226218
4,UNC80 (285175)_damaging,0.09850929321663923
4,KANSL1L (151050)_damaging,0.005305529914309418
4,CPS1 (1373)_damaging,0.05420370756598618
4,ERBB4 (2066)_damaging,0.050723366983946964
4,ABCA12 (26154)_damaging,0.05448916423592666
4,FN1 (2335)_damaging,0.0017625038237023436
4,TNS1 (7145)_damaging,0.016020086325430158
4,CFAP65 (255101)_damaging,0.0724680522296975
4,SPEG (10290)_damaging,0.028242998952621074
4,OBSL1 (23363)_damaging,0.04031871667321847
4,SLC4A3 (6508)_damaging,0.01675129086977561
4,DOCK10 (55619)_damaging,0.028765477394873683
4,NYAP2 (57624)_damaging,0.040183713918601344
4,IRS1 (3667)_damaging,0.02273600836602472
4,COL4A4 (1286)_damaging,0.04079119547396746
4,SPHKAP (80309)_damaging,0.010688947170960549
4,TRIP12 (9320)_damaging,0.019847711229848793
4,COL6A3 (1293)_damaging,0.028838468286624522
4,RBM44 (375316)_damaging,0.05746352803458842
4,HDAC4 (9759)_damaging,0.022470193999715053
4,KIF1A (547)_damaging,0.0036968823703714196
4,CROCC2 (728763)_damaging,0.03057860807118026
4,PASK (23178)_damaging,0.09780289640106618
4,TGM6 (343641)_damaging,0.07465990853905471
4,FASTKD5 (60493)_damaging,0.03611842758209379
4,SLC4A11 (83959)_damaging,0.040323220231287774
4,PLCB4 (5332)_damaging,0.040747255465595676
4,RRBP1 (6238)_damaging,0.04078564757306043
4,CFAP61 (26074)_damaging,0.062411621017839994
4,RALGAPA2 (57186)_damaging,0.0189840261748022
4,CD93 (22918)_damaging,0.05568256247448949
4,ASXL1 (171023)_damaging,0.024659785926015358
4,NCOA6 (23054)_damaging,0.06375005687349189
4,MYH7B (57644)_damaging,0.06355915938733982
4,KIAA1755 (85449)_damaging,0.006950955003937452
4,RALGAPB (57148)_damaging,0.07830599722135224
4,CHD6 (84181)_damaging,0.006578404025061415
4,PTPRT (11122)_damaging,0.06903510255800574
4,NCOA3 (8202)_damaging,0.007118112870019145
4,DDX27 (55661)_damaging,0.010879239654817803
4,KCNB1 (3745)_damaging,0.015418196849350092
4,TSHZ2 (128553)_damaging,0.06170768296002394
4,GNAS (2778)_damaging,0.017623222598461743
4,ZNF831 (128611)_damaging,0.055757912720078975
4,SYCP2 (10388)_damaging,0.040763277810649014
4,LAMA5 (3911)_damaging,0.07310441425629648
4,DIDO1 (11083)_damaging,0.03270501495930126
4,COL20A1 (57642)_damaging,0.0035785903713714635
4,HELZ2 (85441)_damaging,0.0728593333435616
4,TPTE (7179)_damaging,0.014487518912865925
4,NRIP1 (8204)_damaging,0.051866674433240584
4,LTN1 (26046)_damaging,0.004618964833669977
4,USP16 (10600)_damaging,0.012391206328661739
4,SCAF4 (57466)_damaging,0.09999528624437572
4,ITSN1 (6453)_damaging,0.0012431844334424053
4,RUNX1 (861)_damaging,0.028646455884517766
4,DOP1B (9980)_damaging,0.05456262562292803
4,BRWD1 (54014)_damaging,0.036515926757971266
4,DSCAM (1826)_damaging,0.03909347766077304
4,ZBTB21 (49854)_damaging,0.038581847402625734
4,NDUFV3 (4731)_damaging,0.014017872990203848
4,TRPM2 (7226)_damaging,0.027862247802244926
4,COL18A1 (80781)_damaging,0.07373929201258637
4,COL6A1 (1291)_damaging,0.05723897422469456
4,PCNT (5116)_damaging,0.00557629200257622
4,CECR2 (27443)_damaging,0.01584524896846965
4,ZDHHC8 (29801)_damaging,0.042682217868515934
4,MED15 (51586)_damaging,0.026357728415203698
4,LZTR1 (8216)_damaging,0.05941956885888988
4,SMARCB1 (6598)_damaging,0.029849717201960942
4,MYO18B (84700)_damaging,0.024124448382160293
4,MN1 (4330)_damaging,0.040977945369365436
4,TTC28 (23331)_damaging,0.02695166660815167
4,CHEK2 (11200)_damaging,0.04635914186180439
4,NF2 (4771)_damaging,0.1529648309413454
4,PRR14L (253143)_damaging,3.8209738093511135e-05
4,DEPDC5 (9681)_damaging,0.01434257109270384
4,RTCB (51493)_damaging,0.01703683436052638
4,MYH9 (4627)_damaging,0.09492900340895458
4,CSF2RB (1439)_damaging,0.0772707064161948
4,TRIOBP (11078)_damaging,0.03553491707485031
4,CACNA1I (8911)_damaging,0.024038317649268056
4,TNRC6B (23112)_damaging,0.0007425150710879356
4,EP300 (2033)_damaging,0.07546056757343295
4,ZC3H7B (23264)_damaging,0.007916998166116844
4,TCF20 (6942)_damaging,0.05502169704072009
4,SMC1B (27127)_damaging,0.03327850042832433
4,PKDREJ (10343)_damaging,0.049760792398750676
4,CELSR1 (9620)_damaging,0.004306254600309245
4,PLXNB2 (23654)_damaging,0.1191222574585715
4,PPP6R2 (9701)_damaging,0.02494527106101786
4,SBF1 (6305)_damaging,0.0040964679303658914
4,CHL1 (10752)_damaging,0.044019506477865296
4,CNTN6 (27255)_damaging,0.02958711163276721
4,CNTN4 (152330)_damaging,0.037808038936214934
4,GRM7 (2917)_damaging,0.040684990161159576
4,SSUH2 (51066)_damaging,0.06651541126216694
4,VHL (7428)_damaging,0.020013129845434994
4,IQSEC1 (9922)_damaging,0.010475034543730452
4,NR2C2 (7182)_damaging,0.05150324714866471
4,KCNH8 (131096)_damaging,0.028863308879911127
4,TGFBR2 (7048)_damaging,0.006196567111092354
4,CLASP2 (23122)_damaging,0.0010120239663576256
4,TRANK1 (9881)_damaging,0.08823216576426714
4,MLH1 (4292)_damaging,0.03743082264884015
4,GOLGA4 (2803)_damaging,0.02242070280438831
4,SCN10A (6336)_damaging,0.00406832513720804
4,SCN11A (11280)_damaging,0.007280931207826581
4,TOPAZ1 (375337)_damaging,0.023207599930100815
4,KIF15 (56992)_damaging,0.0002255362528734359
4,SETD2 (29072)_damaging,0.04429089566358459
4,PTPN23 (25930)_damaging,0.04933636886115693
4,PLXNB1 (5364)_damaging,0.04877821517695628
4,COL7A1 (1294)_damaging,0.04204575801641874
4,CELSR3 (1951)_damaging,0.007196888006157403
4,LAMB2 (3913)_damaging,0.07659085156952504
4,RHOA (387)_damaging,0.0037813095776043737
4,BSN (8927)_damaging,0.05674390857108888
4,RBM6 (10180)_damaging,0.00026815253309472403
4,DOCK3 (1795)_damaging,0.025983851924308944
4,DNAH1 (25981)_damaging,0.07456999891768855
4,BAP1 (8314)_damaging,0.0005553943949190292
4,STAB1 (23166)_damaging,0.006139599228435596
4,PBRM1 (55193)_damaging,0.07332260481240584
4,DNAH12 (201625)_damaging,0.00755612611990395
4,FLNB (2317)_damaging,0.018825490110051746
4,PTPRG (5793)_damaging,0.06214129924311582
4,ATXN7 (6314)_damaging,0.0041914646598686985
4,ADAMTS9 (56999)_damaging,0.08735012871411367
4,ROBO2 (6092)_damaging,0.0398629041450145
4,ROBO1 (6091)_damaging,0.02217253154873299
4,EPHA3 (2042)_damaging,0.0069967773920650445
4,EPHA6 (285220)_damaging,0.10878557951601624
4,CRYBG3 (131544)_damaging,0.01875090339305208
4,MYH15 (22989)_damaging,0.036098469890012155
4,DZIP3 (9666)_damaging,0.05910654162330307
4,MORC1 (27136)_damaging,0.028857172409700142
4,NECTIN3 (25945)_damaging,0.04560996873217407
4,ZBTB20 (26137)_damaging,0.06985781346434734
4,POLQ (10721)_damaging,0.009552012038859699
4,PARP14 (54625)_damaging,0.026485971310189788
4,KALRN (8997)_damaging,0.0577169507407143
4,MBD4 (8930)_damaging,0.047721449299108924
4,COL6A5 (256076)_damaging,0.009826189469267258
4,DNAJC13 (23317)_damaging,0.016711217757116613
4,TOPBP1 (11073)_damaging,0.06188585702008061
4,RASA2 (5922)_damaging,0.010122054550892367
4,XRN1 (54464)_damaging,0.029099900879132348
4,ATR (545)_damaging,0.019705902924441146
4,HPS3 (84343)_damaging,0.026918500493394157
4,MED12L (116931)_damaging,0.03440543157494168
4,IGSF10 (285313)_damaging,0.037341325355897334
4,ARHGEF26 (26084)_damaging,0.004428220987844142
4,MME (4311)_damaging,0.009696419058740156
4,SI (6476)_damaging,0.005651868676077996
4,MECOM (2122)_damaging,0.00021928808220588087
4,TNIK (23043)_damaging,0.022520858367210298
4,SPATA16 (83893)_damaging,0.00138060897020868
4,USP13 (8975)_damaging,0.050965872095425455
4,TTC14 (151613)_damaging,0.021699095568892685
4,B3GNT5 (84002)_damaging,0.054777135059075145
4,ABCC5 (10057)_damaging,0.03867971411532054
4,MUC4 (4585)_damaging,0.02779610661476591
4,GAK (2580)_damaging,0.05718991306049635
4,NSD2 (7468)_damaging,0.04306178495881439
4,FAM193A (8603)_damaging,0.025828257700895717
4,HTT (3064)_damaging,0.04467801698736494
4,JAKMIP1 (152789)_damaging,0.033609587860629536
4,UNC93B7 (100887746)_damaging,0.03668905882816103
4,BOD1L1 (259282)_damaging,0.04240701978124244
4,CPEB2 (132864)_damaging,0.030774821175417723
4,SLIT2 (9353)_damaging,0.025585512555352602
4,PCDH7 (5099)_damaging,0.1132490010917832
4,ARAP2 (116984)_damaging,0.03289416351390752
4,LIMCH1 (22998)_damaging,0.011134520347977227
4,BEND4 (389206)_damaging,0.047936622264495285
4,GABRG1 (2565)_damaging,0.033416998887879856
4,CORIN (10699)_damaging,0.009165777162614715
4,FRYL (285527)_damaging,0.00958106162999645
4,KDR (3791)_damaging,0.03647324410957459
4,CRACD (57482)_damaging,0.07572987805536771
4,ADGRL3 (23284)_damaging,0.0669824648434297
4,EPHA5 (2044)_damaging,0.05380519116270774
4,CENPC (1060)_damaging,0.002788265907004699
4,ADAMTS3 (9508)_damaging,0.012529373254893238
4,SHROOM3 (57619)_damaging,0.030027047038130552
4,FRAS1 (80144)_damaging,8.697502613424477e-05
4,WDFY3 (23001)_damaging,0.03345476050987818
4,PTPN13 (5783)_damaging,0.010903489346160127
4,AFF1 (4299)_damaging,0.04979218811142494
4,SMARCAD1 (56916)_damaging,0.010334746560734461
4,UNC5C (8633)_damaging,0.007040875704515302
4,CENPE (1062)_damaging,0.027474407368812275
4,TET2 (54790)_damaging,0.12233217806453026
4,TBCK (93627)_damaging,0.06853235472580893
4,COL25A1 (84570)_damaging,0.061001174773031776
4,EGF (1950)_damaging,0.04607766561236331
4,ZGRF1 (55345)_damaging,0.058675877052594694
4,ANK2 (287)_damaging,0.01474380267788212
4,BLTP1 (84162)_damaging,0.025555166903235078
4,FAT4 (79633)_damaging,0.011272680553587723
4,SCLT1 (132320)_damaging,0.04088784189309554
4,PCDH10 (57575)_damaging,0.022221106110099587
4,NAA15 (80155)_damaging,0.009040863329967605
4,LRBA (987)_damaging,0.08357054615912834
4,FBXW7 (55294)_damaging,0.008466163832444817
4,FHDC1 (85462)_damaging,0.016938904051978624
4,DCHS2 (54798)_damaging,0.004435280083891564
4,MAP9 (79884)_damaging,0.014027949448238175
4,GRIA2 (2891)_damaging,0.04355955052152068
4,RXFP1 (59350)_damaging,0.008678596347467996
4,RAPGEF2 (9693)_damaging,0.007437447418716299
4,FSTL5 (56884)_damaging,0.04987379744608434
4,DDX60 (55601)_damaging,0.03347909043023121
4,CLCN3 (1182)_damaging,0.006197680962245384
4,WDR17 (116966)_damaging,0.0030828299435881825
4,TENM3 (55714)_damaging,0.03599017434797419
4,WWC2 (80014)_damaging,0.010201867085431365
4,SORBS2 (8470)_damaging,0.013548583223810086
4,FAT1 (2195)_damaging,0.03635266731108836
4,SDHA (6389)_damaging,0.0003436484117633055
4,SLC12A7 (10723)_damaging,0.02696082399706587
4,ADAMTS16 (170690)_damaging,0.017391806573294966
4,ICE1 (23379)_damaging,0.00037136018949423475
4,SEMA5A (9037)_damaging,0.011981875155180047
4,DNAH5 (1767)_damaging,0.061895955941285566
4,TRIO (7204)_damaging,0.05361033539558475
4,CDH18 (1016)_damaging,0.08417659017389305
4,CDH12 (1010)_damaging,0.008910028510363845
4,PRDM9 (56979)_damaging,0.048486896297373135
4,CDH10 (1008)_damaging,0.01479832862692819
4,CDH6 (1004)_damaging,0.011535304713403187
4,PDZD2 (23037)_damaging,0.07560148581971213
4,ADAMTS12 (81792)_damaging,0.062447847721226156
4,SPEF2 (79925)_damaging,0.003908854519953976
4,NIPBL (25836)_damaging,0.020891265109226946
4,CPLANE1 (65250)_damaging,0.024374703317765166
4,C7 (730)_damaging,0.03244837009342006
4,MROH2B (133558)_damaging,0.029411040952414876
4,C6 (729)_damaging,0.0029465153476595854
4,HCN1 (348980)_damaging,0.0052468374647346005
4,DHX29 (54505)_damaging,0.06947115822673725
4,PIK3R1 (5295)_damaging,0.08799221800125628
4,RAD17 (5884)_damaging,0.05357905484617415
4,BDP1 (55814)_damaging,0.016344992399094444
4,MAP1B (4131)_damaging,0.03505889896686609
4,ARHGEF28 (64283)_damaging,0.04575552076579698
4,ANKRD31 (256006)_damaging,0.047142232776200325
4,IQGAP2 (10788)_damaging,0.021884685850453195
4,AP3B1 (8546)_damaging,0.0480932234419902
4,CMYA5 (202333)_damaging,0.05165178893511166
4,MSH3 (4437)_damaging,0.061862836001364926
4,VCAN (1462)_damaging,0.026492326915221392
4,RASA1 (5921)_damaging,0.07330337412282356
4,ADGRV1 (84059)_damaging,0.006774519162303814
4,MCTP1 (79772)_damaging,0.011121820835355725
4,SKIC3 (9652)_damaging,0.00047151078405948175
4,ARSK (153642)_damaging,0.0014237774782195848
4,APC (324)_damaging,0.027032730031660637
4,DMXL1 (1657)_damaging,0.04090731069082489
4,ZNF608 (57507)_damaging,0.009275611860574476
4,FBN2 (2201)_damaging,0.003282046530778825
4,SLC27A6 (28965)_damaging,0.005476123051853526
4,ADAMTS19 (171019)_damaging,0.02191402159143734
4,RAPGEF6 (51735)_damaging,0.03953018511822531
4,FNIP1 (96459)_damaging,0.0026418528080133365
4,RAD50 (10111)_damaging,0.04884353818988608
4,SOWAHA (134548)_damaging,0.01616765146182231
4,AFF4 (27125)_damaging,0.025977685242828365
4,FSTL4 (23105)_damaging,0.008575769861397468
4,CDKL3 (51265)_damaging,0.010176265735682588
4,PITX1 (5307)_damaging,0.11557778894433955
4,LINC02900 (340073)_damaging,0.077497225535629
4,CTNNA1 (1495)_damaging,0.06823288730032706
4,WDR55 (54853)_damaging,0.026694728049059126
4,ARAP3 (64411)_damaging,0.002082556210982198
4,NR3C1 (2908)_damaging,0.040465721102912244
4,FAT2 (2196)_damaging,0.006239168698205021
4,LARP1 (23367)_damaging,0.03023247060430398
4,GEMIN5 (25929)_damaging,0.07464435966860318
4,TIMD4 (91937)_damaging,0.030676461999842135
4,PWWP2A (114825)_damaging,0.008844318511340248
4,GABRG2 (2566)_damaging,0.001954317894805971
4,DOCK2 (1794)_damaging,0.07393577795904459
4,NSD1 (64324)_damaging,0.0032468740451253564
4,FLT4 (2324)_damaging,0.0770023807220847
4,DSP (1832)_damaging,0.026113192078204166
4,HIVEP1 (3096)_damaging,0.007945303873741915
4,JARID2 (3720)_damaging,0.01162603789435226
4,ATXN1 (6310)_damaging,0.04182534544912954
4,GABBR1 (2550)_damaging,0.06094219755118496
4,HLA-A (3105)_damaging,0.04241792804544906
4,PPP1R10 (5514)_damaging,0.011067929196445116
4,MDC1 (9656)_damaging,0.029078085811505526
4,HLA-C (3107)_damaging,0.05065397503285309
4,HLA-B (3106)_damaging,0.06768095277350884
4,PRRC2A (7916)_damaging,0.040521892382208505
4,BAG6 (7917)_damaging,0.0254592376314935
4,TNXB (7148)_damaging,0.024027552539304508
4,NOTCH4 (4855)_damaging,0.016832099112472847
4,COL11A2 (1302)_damaging,0.014477550593302415
4,ITPR3 (3710)_damaging,0.05180206667101945
4,BLTP3A (54887)_damaging,0.0076407817375721155
4,DNAH8 (1769)_damaging,0.03135301733549005
4,CCND3 (896)_damaging,0.09943156316446096
4,ZNF318 (24149)_damaging,0.030442581721754947
4,TDRD6 (221400)_damaging,0.004858252927548242
4,MMUT (4594)_damaging,0.02416061497394734
4,PKHD1 (5314)_damaging,0.07940374010571304
4,FAM83B (222584)_damaging,0.0044390571433324385
4,DST (667)_damaging,0.011693610527410338
4,PHF3 (23469)_damaging,0.02037039416780648
4,EYS (346007)_damaging,0.05696390685176779
4,ADGRB3 (577)_damaging,0.031222930236619997
4,COL19A1 (1310)_damaging,0.014106472835576127
4,COL9A1 (1297)_damaging,0.04522999526751605
4,RIMS1 (22999)_damaging,0.014581796492317261
4,COL12A1 (1303)_damaging,0.03355909055222508
4,TTK (7272)_damaging,0.0843406376286534
4,CEP162 (22832)_damaging,0.009238464504577677
4,ZNF292 (23036)_damaging,0.006120514277973583
4,MDN1 (23195)_damaging,0.025169292575414455
4,CASP8AP2 (9994)_damaging,0.06130214104769319
4,BACH2 (60468)_damaging,0.00908537004083082
4,EPHA7 (2045)_damaging,0.06429873428392015
4,MMS22L (253714)_damaging,0.00271566552191311
4,PNISR (25957)_damaging,0.01596341303260038
4,ASCC3 (10973)_damaging,0.022321010390582242
4,AK9 (221264)_damaging,0.010747339675039904
4,REV3L (5980)_damaging,0.005228057930281189
4,HDAC2 (3066)_damaging,0.019204574576773787
4,ROS1 (6098)_damaging,0.05978329074719447
4,TBC1D32 (221322)_damaging,0.01353081830124161
4,TRDN (10345)_damaging,0.026884835252174787
4,MTCL3 (387104)_damaging,0.00690827294138841
4,LAMA2 (3908)_damaging,0.02071466816082625
4,AKAP7 (9465)_damaging,0.0002986735543561887
4,MED23 (9439)_damaging,0.026556233121380543
4,ARFGEF3 (57221)_damaging,0.0267933589521269
4,ECT2L (345930)_damaging,0.04547386617787686
4,HECA (51696)_damaging,0.017028033767157984
4,ADGRG6 (57211)_damaging,0.014080509579416263
4,HIVEP2 (3097)_damaging,0.03120094792569723
4,UTRN (7402)_damaging,0.017022553592449332
4,SHPRH (257218)_damaging,0.024709368987588628
4,GRM1 (2911)_damaging,0.024528601669469453
4,ADGB (79747)_damaging,0.020552965187110715
4,STXBP5 (134957)_damaging,0.03608774597307746
4,AKAP12 (9590)_damaging,0.030187498573522667
4,SYNE1 (23345)_damaging,0.0047797017009584795
4,SCAF8 (22828)_damaging,0.032283474084804864
4,ARID1B (57492)_damaging,0.012564053554986613
4,FNDC1 (84624)_damaging,0.003527573422594058
4,IGF2R (3482)_damaging,0.01930076794273113
4,LPA (4018)_damaging,0.011610963130519208
4,MAP3K4 (4216)_damaging,0.039946585192346694
4,QKI (9444)_damaging,0.0666132998775506
4,AFDN (4301)_damaging,0.0009359067824753007
4,INTS1 (26173)_damaging,0.002573792373933414
4,CARD11 (84433)_damaging,0.007604127305032588
4,SDK1 (221935)_damaging,0.011560734276390181
4,TNRC18 (84629)_damaging,0.056819273088829635
4,PMS2 (5395)_damaging,0.004101406207088681
4,COL28A1 (340267)_damaging,0.05333079127442473
4,THSD7A (221981)_damaging,0.022522097394944433
4,VWDE (221806)_damaging,0.04156078014153801
4,AHR (196)_damaging,0.053727562977150777
4,ABCB5 (340273)_damaging,0.08041457513380679
4,DNAH11 (8701)_damaging,0.009334655832985254
4,RAPGEF5 (9771)_damaging,0.047013384903823
4,STK31 (56164)_damaging,0.011439948733819896
4,BBS9 (27241)_damaging,0.03797666493181844
4,CDK13 (8621)_damaging,0.016872461476375136
4,GLI3 (2737)_damaging,0.06996970928611664
4,AEBP1 (165)_damaging,0.041128414421737244
4,PKD1L1 (168507)_damaging,0.003615822182776547
4,ABCA13 (154664)_damaging,0.07047602817127711
4,FIGNL1 (63979)_damaging,0.010194860670389974
4,EGFR (1956)_damaging,0.0102861300942086
4,ZNF716 (441234)_damaging,0.0464378752642288
4,ZNF735 (730291)_damaging,0.07978504956457413
4,PTPN12 (5782)_damaging,0.03516097547580813
4,MAGI2 (9863)_damaging,0.008511113008749181
4,CD36 (948)_damaging,0.07572068069415133
4,PCLO (27445)_damaging,0.052213341526354845
4,SEMA3E (9723)_damaging,0.05005639020328162
4,ABCB4 (5244)_damaging,0.014517710939916951
4,ABCB1 (5243)_damaging,0.02637837506863184
4,ZNF804B (219578)_damaging,0.015039288500784754
4,AKAP9 (10142)_damaging,0.00698993641372291
4,ANKIB1 (54467)_damaging,0.004668801128810489
4,SAMD9 (54809)_damaging,0.02444998013647303
4,SAMD9L (219285)_damaging,0.018399507091493832
4,CALCR (799)_damaging,0.011645128693813631
4,COL1A2 (1278)_damaging,0.026137375196284066
4,SLC25A13 (10165)_damaging,0.05272874510977933
4,TRRAP (8295)_damaging,0.03245788489067603
4,GPC2 (221914)_damaging,0.016867594448864102
4,NYAP1 (222950)_damaging,0.009532530689933205
4,GIGYF1 (64599)_damaging,0.03665557460419501
4,ZAN (7455)_damaging,0.06667647455419387
4,EPHB4 (2050)_damaging,0.007933743821849438
4,MUC12 (10071)_damaging,0.04689572574809815
4,MUC17 (140453)_damaging,0.06286218351850578
4,PLOD3 (8985)_damaging,0.005297555262323939
4,CUX1 (1523)_damaging,0.006135338554886258
4,FBXL13 (222235)_damaging,0.009164358622266887
4,RELN (5649)_damaging,0.005397846386219866
4,KMT2E (55904)_damaging,0.03956902866034279
4,PIK3CG (5294)_damaging,0.010081673754198144
4,SLC26A3 (1811)_damaging,0.02828203994248328
4,LAMB4 (22798)_damaging,0.050479522405625504
4,DOCK4 (9732)_damaging,0.05267677560425946
4,PPP1R3A (5506)_damaging,0.06440056486330066
4,CFTR (1080)_damaging,0.0004130613845903132
4,CTTNBP2 (83992)_damaging,0.06014683468822664
4,KCND2 (3751)_damaging,0.022553756088161767
4,WNT16 (51384)_damaging,0.015669953287532835
4,PTPRZ1 (5803)_damaging,0.017297718009731247
4,CADPS2 (93664)_damaging,0.025298030826082833
4,IQUB (154865)_damaging,0.08505046573617354
4,POT1 (25913)_damaging,0.0372112123453105
4,GRM8 (2918)_damaging,0.0038150158847273003
4,FLNC (2318)_damaging,0.010046046797889601
4,PLXNA4 (91584)_damaging,0.06508795804371609
4,LRGUK (136332)_damaging,0.039570244258873274
4,NUP205 (23165)_damaging,0.05031226584502924
4,TRIM24 (8805)_damaging,0.03154790359431668
4,KIAA1549 (57670)_damaging,0.007172750041125166
4,MGAM (8972)_damaging,0.031162358351389256
4,MGAM2 (93432)_damaging,0.029193542470672053
4,EPHB6 (2051)_damaging,0.02186561806836628
4,KEL (3792)_damaging,0.03883896855066293
4,NOBOX (135935)_damaging,0.05903991933424899
4,CNTNAP2 (26047)_damaging,0.02781310272002695
4,KCNH2 (3757)_damaging,0.02383246341222292
4,NOS3 (4846)_damaging,0.006890969934409228
4,ATG9B (285973)_damaging,0.013059315525704572
4,KMT2C (58508)_damaging,0.04512557923028621
4,DPP6 (1804)_damaging,0.03184504151979165
4,PTPRN2 (5799)_damaging,0.026582637624095507
4,MYOM2 (9172)_damaging,0.00803784216558874
4,CSMD1 (64478)_damaging,0.053847091550248055
4,RP1L1 (94137)_damaging,0.02509092733542715
4,TRMT9B (57604)_damaging,0.05347117835548268
4,DMTN (2039)_damaging,0.07509648181591308
4,LOXL2 (4017)_damaging,0.04696593905824861
4,ADAM28 (10863)_damaging,0.049291911595336434
4,DOCK5 (80005)_damaging,0.0017661807040418014
4,NUGGC (389643)_damaging,0.05340207984470056
4,TEX15 (56154)_damaging,0.0003542933900297336
4,WRN (7486)_damaging,0.05021556122094487
4,UNC5D (137970)_damaging,0.03508992337280197
4,ADGRA2 (25960)_damaging,0.040558044876846805
4,NSD3 (54904)_damaging,0.01804386620314016
4,ANK1 (286)_damaging,0.03462740918772009
4,PRKDC (5591)_damaging,0.033906758337142524
4,PXDNL (137902)_damaging,0.03264765773690102
4,ST18 (9705)_damaging,0.025436871538498777
4,RB1CC1 (9821)_damaging,0.04529258487986627
4,RP1 (6101)_damaging,0.010171667837121442
4,CHD7 (55636)_damaging,0.01695866239116931
4,ASPH (444)_damaging,0.056443626778617945
4,ARFGEF1 (10565)_damaging,0.026102066488499706
4,PREX2 (80243)_damaging,0.011609786094355696
4,SULF1 (23213)_damaging,0.04754961912575818
4,SLCO5A1 (81796)_damaging,0.05383458459700368
4,TRPA1 (8989)_damaging,0.019237550388996386
4,KCNB2 (9312)_damaging,0.06245168288197911
4,ZFHX4 (79776)_damaging,0.03264984167535839
4,WWP1 (11059)_damaging,0.03319356447115704
4,NBN (4683)_damaging,0.05925315278166308
4,ESRP1 (54845)_damaging,0.04277006041269918
4,VPS13B (157680)_damaging,0.019778774957238798
4,RGS22 (26166)_damaging,0.04381290444979876
4,UBR5 (51366)_damaging,0.021098071197339335
4,RIMS2 (9699)_damaging,0.006287707411064665
4,PKHD1L1 (93035)_damaging,0.06296870821039605
4,CSMD3 (114788)_damaging,0.04544323453368615
4,TRPS1 (7227)_damaging,0.00447112398552194
4,COL14A1 (7373)_damaging,0.03234788606365632
4,FER1L6 (654463)_damaging,0.01864649761533806
4,ASAP1 (50807)_damaging,0.003949836288923399
4,ADCY8 (114)_damaging,0.012215809726825315
4,EFR3A (23167)_damaging,0.013467442513315102
4,OC90 (729330)_damaging,0.016205183935391387
4,KCNQ3 (3786)_damaging,0.010920487119457208
4,PHF20L1 (51105)_damaging,0.055103174301244194
4,TG (7038)_damaging,0.028459201666389693
4,FAM135B (51059)_damaging,0.0764285355847215
4,COL22A1 (169044)_damaging,0.0750350374527637
4,ADGRB1 (575)_damaging,0.011705505302236885
4,PLEC (5339)_damaging,0.04492579295295647
4,CYC1 (1537)_damaging,0.0546485577144903
4,WDR97 (340390)_damaging,0.005848806414357319
4,CPSF1 (29894)_damaging,0.0879136961784186
4,KIFC2 (90990)_damaging,0.0187526136605093
4,DOCK8 (81704)_damaging,0.06819549571394702
4,ERMP1 (79956)_damaging,0.024875112155456933
4,PTPRD (5789)_damaging,0.014676473259706554
4,MPDZ (8777)_damaging,0.04980320978544394
4,CCDC171 (203238)_damaging,0.007492583710013368
4,CNTLN (54875)_damaging,0.005203136315668126
4,DENND4C (55667)_damaging,0.022061980358510352
4,CDKN2A (1029)_damaging,0.014505418921392996
4,TAF1L (138474)_damaging,0.07245975532459176
4,SPATA31G1 (138724)_damaging,0.015301924669043173
4,FANCG (2189)_damaging,0.05397436645576013
4,PIGO (84720)_damaging,0.05716217770454488
4,UNC13B (10497)_damaging,0.025045474531299305
4,RUSC2 (9853)_damaging,0.01399654099639278
4,SPAG8 (26206)_damaging,0.02111957725418309
4,TJP2 (9414)_damaging,0.019134218751713332
4,TMC1 (117531)_damaging,0.006760873274760444
4,TRPM6 (140803)_damaging,0.07594489190650214
4,PCSK5 (5125)_damaging,0.004104841755200834
4,PRUNE2 (158471)_damaging,0.04701918437614874
4,VPS13A (23230)_damaging,0.012288811482831653
4,TLE4 (7091)_damaging,0.0818451584831588
4,SPATA31D1 (389763)_damaging,0.04007145875141149
4,KIF27 (55582)_damaging,0.0988461969022857
4,ROR2 (4920)_damaging,0.07136511247876681
4,NOL8 (55035)_damaging,0.055775683757371554
4,WNK2 (65268)_damaging,0.0113828746869963
4,PHF2 (5253)_damaging,0.005697096097178341
4,PTCH1 (5727)_damaging,0.021122925234810682
4,COL15A1 (1306)_damaging,0.0356747550636572
4,TEX10 (54881)_damaging,0.03686408857159659
4,SMC2 (10592)_damaging,0.07212113230922432
4,ELP1 (8518)_damaging,0.06737298248712374
4,TMEM245 (23731)_damaging,0.07849910659067602
4,PALM2AKAP2 (445815)_damaging,0.004138969592697306
4,SVEP1 (79987)_damaging,0.003590307631808857
4,FKBP15 (23307)_damaging,0.013014887399138015
4,COL27A1 (85301)_damaging,0.08469641081567046
4,C5 (727)_damaging,0.014743198393540888
4,CNTRL (11064)_damaging,0.034778466334306375
4,DAB2IP (153090)_damaging,0.011966427324163314
4,DENND1A (57706)_damaging,0.0700941811902506
4,GOLGA2 (2801)_damaging,0.029636740029640257
4,SPTAN1 (6709)_damaging,0.05701016420771899
4,HMCN2 (256158)_damaging,0.00830643718650051
4,LAMC3 (10319)_damaging,0.021775453647786335
4,NUP214 (8021)_damaging,0.025171242099682044
4,PRRC2B (84726)_damaging,0.005917244278387943
4,UCK1 (83549)_damaging,0.03198958550830214
4,SETX (23064)_damaging,0.023353271026394787
4,ADAMTS13 (11093)_damaging,0.07164982658728222
4,ADAMTSL2 (9719)_damaging,0.044045880896027914
4,BRD3 (8019)_damaging,0.030414963810104233
4,WDR5 (11091)_damaging,0.015103672964907871
4,COL5A1 (1289)_damaging,0.019308351020505203
4,CAMSAP1 (157922)_damaging,0.04199586704130138
4,SEC16A (9919)_damaging,0.02205824755248573
4,NOTCH1 (4851)_damaging,0.01409525333077464
4,ABCA2 (20)_damaging,0.08167891133820752
4,EXD3 (54932)_damaging,0.0232023351950191
4,CACNA1B (774)_damaging,0.06347470996319994
4,MXRA5 (25878)_damaging,0.027972131124063295
4,WWC3 (55841)_damaging,0.014512272316914696
4,NHS (4810)_damaging,0.0010240979364789682
4,MAP3K15 (389840)_damaging,0.09066938811133017
4,IL1RAPL1 (11141)_damaging,0.0016365857490512057
4,DMD (1756)_damaging,0.02832826790883269
4,FAM47B (170062)_damaging,0.016066451757011182
4,CFAP47 (286464)_damaging,0.06294503110114198
4,RPGR (6103)_damaging,0.03689787080934088
4,BCOR (54880)_damaging,0.06615593930166667
4,USP9X (8239)_damaging,0.11191378360911301
4,DDX3X (1654)_damaging,0.04001725773494131
4,KDM6A (7403)_damaging,0.04644107753046977
4,RBM10 (8241)_damaging,0.02298638166142597
4,TFE3 (7030)_damaging,0.014021075047416724
4,CACNA1F (778)_damaging,0.025708180287920275
4,CCNB3 (85417)_damaging,0.035549652522446955
4,KDM5C (8242)_damaging,0.019508541691201146
4,IQSEC2 (23096)_damaging,0.013896934255821418
4,HUWE1 (10075)_damaging,0.023980741702071245
4,WNK3 (65267)_damaging,0.013383391863868032
4,AMER1 (139285)_damaging,0.04895123473973421
4,ZC3H12B (340554)_damaging,0.02260276610409671
4,OPHN1 (4983)_damaging,0.03639228833040893
4,KIF4A (24137)_damaging,0.015774600572421846
4,MED12 (9968)_damaging,0.024548896047844413
4,NLGN3 (54413)_damaging,0.0011135653014851291
4,ZMYM3 (9203)_damaging,0.0564252429521385
4,NEXMIF (340533)_damaging,0.0008554726102262576
4,ATRX (546)_damaging,0.019697658312619996
4,BRWD3 (254065)_damaging,0.07058841675287952
4,CYLC1 (1538)_damaging,0.009938633895925534
4,ZNF711 (7552)_damaging,0.026766562688320134
4,DIAPH2 (1730)_damaging,0.0330930645454118
4,PCDH19 (57526)_damaging,0.04181921409828805
4,RAB40A (142684)_damaging,0.019382835716088353
4,NRK (203447)_damaging,0.04957413297773753
4,MORC4 (79710)_damaging,0.02528725569232799
4,COL4A6 (1288)_damaging,0.0328535508456481
4,COL4A5 (1287)_damaging,0.034917691550761125
4,GUCY2F (2986)_damaging,0.024570252216807264
4,DOCK11 (139818)_damaging,0.02525447122237867
4,STAG2 (10735)_damaging,0.03596303613789687
4,TENM1 (10178)_damaging,0.022438873473424634
4,SMARCA1 (6594)_damaging,0.07675419703344098
4,BCORL1 (63035)_damaging,0.05772183044511392
4,USP26 (83844)_damaging,0.027616730984609816
4,SAGE1 (55511)_damaging,0.024222317767198215
4,MAP7D3 (79649)_damaging,0.009596571019189471
4,ADGRG4 (139378)_damaging,0.039571892822618956
4,MCF2 (4168)_damaging,0.0071645980453625665
4,SPANXN4 (441525)_damaging,0.01469701387173178
4,SLITRK2 (84631)_damaging,0.00504006306396722
4,AFF2 (2334)_damaging,0.017334401458936322
4,FLNA (2316)_damaging,0.0007330638422291491
4,PLXNA3 (55558)_damaging,0.048317009690947973
4,F8 (2157)_damaging,0.02127054407680368
4,MT-ND4 (4538)_damaging,0.009845525786262011
4,MT-ND5 (4540)_damaging,0.013382427236495027
