fold,feature,importance
0,MTOR (2475)_hotspot,0.0806621592411316
0,NRAS (4893)_hotspot,0.08092246704019684
0,PTEN (5728)_hotspot,0.021103182755860584
0,HRAS (3265)_hotspot,0.05660357776595394
0,ATM (472)_hotspot,0.012414979487838613
0,KRAS (3845)_hotspot,0.041706994112610425
0,RB1 (5925)_hotspot,0.1638489892745289
0,CREBBP (1387)_hotspot,0.0
0,TP53 (7157)_hotspot,0.11462141746607547
0,NF1 (4763)_hotspot,0.13547828591772867
0,ERBB2 (2064)_hotspot,0.036494576799565075
0,SMAD4 (4089)_hotspot,0.08764765492665041
0,STK11 (6794)_hotspot,0.0
0,SMARCA4 (6597)_hotspot,0.0
0,C2orf81 (388963)_hotspot,0.051464704900342516
0,NFE2L2 (4780)_hotspot,0.08416123493026162
0,EP300 (2033)_hotspot,0.034613203065152504
0,VHL (7428)_hotspot,0.0
0,CTNNB1 (1499)_hotspot,0.04274668977926922
0,RHOA (387)_hotspot,0.01427983595742801
0,PIK3CA (5290)_hotspot,0.15196517471724816
0,FBXW7 (55294)_hotspot,0.06706911751556527
0,TERT (7015)_hotspot,0.13893638906738834
0,PIK3R1 (5295)_hotspot,0.053052192623643704
0,APC (324)_hotspot,0.08346489587866576
0,RAC1 (5879)_hotspot,0.01887647377698766
0,EGFR (1956)_hotspot,0.013356526911420499
0,BRAF (673)_hotspot,0.16876035632148553
0,MYC (4609)_hotspot,0.0028342621329660697
0,CDKN2A (1029)_hotspot,0.0
0,AGRN (375790)_damaging,0.08849564443543667
0,MXRA8 (54587)_damaging,0.0
0,MEGF6 (1953)_damaging,0.054470618671574274
0,CHD5 (26038)_damaging,0.10091950837186933
0,RPL22 (6146)_damaging,0.030124578457399936
0,ERRFI1 (54206)_damaging,0.0
0,SLC45A1 (50651)_damaging,0.0
0,RERE (473)_damaging,0.013837108104044496
0,EXOSC10 (5394)_damaging,0.029963849148586606
0,VPS13D (55187)_damaging,0.0
0,FHAD1 (114827)_damaging,0.0
0,SPEN (23013)_damaging,0.0
0,EPHA2 (1969)_damaging,0.0
0,UBR4 (23352)_damaging,0.0
0,HSPG2 (3339)_damaging,0.0
0,LUZP1 (7798)_damaging,0.0
0,ID3 (3399)_damaging,0.15991358424380323
0,ELOA (6924)_damaging,0.0
0,ARID1A (8289)_damaging,0.014342441404858458
0,WDTC1 (23038)_damaging,0.0
0,COL16A1 (1307)_damaging,0.0
0,CSMD2 (114784)_damaging,0.017670526322521595
0,ZMYM6 (9204)_damaging,0.0
0,ZMYM1 (79830)_damaging,0.0
0,ZMYM4 (9202)_damaging,0.0
0,CLSPN (63967)_damaging,0.02714749603994421
0,AGO1 (26523)_damaging,0.05528341301399778
0,MAP7D1 (55700)_damaging,0.10291666038992241
0,MACF1 (23499)_damaging,0.07509595701631795
0,HIVEP3 (59269)_damaging,0.0
0,TIE1 (7075)_damaging,0.03166098324530923
0,MPL (4352)_damaging,0.022445550234249184
0,SZT2 (23334)_damaging,0.0
0,PTCH2 (8643)_damaging,0.0
0,ZSWIM5 (57643)_damaging,0.0
0,MUTYH (4595)_damaging,0.0
0,MAST2 (23139)_damaging,0.0
0,FAAH (2166)_damaging,0.0022981250109640433
0,TAL1 (6886)_damaging,0.0
0,FYB2 (199920)_damaging,0.0
0,NFIA (4774)_damaging,0.06612380687550001
0,PATJ (10207)_damaging,0.0
0,DOCK7 (85440)_damaging,0.02273739214948094
0,JAK1 (3716)_damaging,0.009548543464667195
0,DNAJC6 (9829)_damaging,0.0
0,LRRC7 (57554)_damaging,0.0
0,ERICH3 (127254)_damaging,0.024101954526690617
0,SLC44A5 (204962)_damaging,0.00975012380578016
0,ADGRL4 (64123)_damaging,0.035551458419605435
0,ADGRL2 (23266)_damaging,0.0
0,COL24A1 (255631)_damaging,0.07333726564556992
0,HFM1 (164045)_damaging,0.0
0,BTBD8 (284697)_damaging,0.013103213310348943
0,RPL5 (6125)_damaging,0.09648747587163253
0,CCDC18 (343099)_damaging,0.0
0,ABCA4 (24)_damaging,0.0663240507108781
0,ARHGAP29 (9411)_damaging,0.019316457608593192
0,DPYD (1806)_damaging,0.0
0,COL11A1 (1301)_damaging,0.0
0,EPS8L3 (79574)_damaging,0.0
0,SYCP1 (6847)_damaging,0.06538858924977606
0,MAN1A2 (10905)_damaging,0.01692461677817745
0,SPAG17 (200162)_damaging,0.11366586859126011
0,NOTCH2 (4853)_damaging,0.0
0,BCL9 (607)_damaging,0.0025251802065711596
0,ADAMTSL4 (54507)_damaging,0.0
0,SETDB1 (9869)_damaging,0.0
0,ZNF687 (57592)_damaging,0.0
0,TCHH (7062)_damaging,0.09399577919199506
0,FLG (2312)_damaging,0.0
0,CCDST (112268240)_damaging,0.057820545735286714
0,FLG2 (388698)_damaging,0.0
0,UBAP2L (9898)_damaging,0.02168019865167444
0,SHC1 (6464)_damaging,0.0
0,ASH1L (55870)_damaging,0.0
0,GON4L (54856)_damaging,0.02753749769185893
0,IQGAP3 (128239)_damaging,0.00010440876242802113
0,NES (10763)_damaging,0.0
0,INSRR (3645)_damaging,0.0
0,FCRL5 (83416)_damaging,0.0
0,SPTA1 (6708)_damaging,0.11418155081607465
0,ADCY10 (55811)_damaging,0.0
0,F5 (2153)_damaging,0.0
0,FIRRM (55732)_damaging,0.02169737817503086
0,PRRC2C (23215)_damaging,0.03938845200336588
0,TNR (7143)_damaging,0.0
0,PAPPA2 (60676)_damaging,0.0365983847777039
0,ASTN1 (460)_damaging,0.007844981004684936
0,RASAL2 (9462)_damaging,0.0
0,ABL2 (27)_damaging,0.0885231938379254
0,AXDND1 (126859)_damaging,0.0009557413845723384
0,TDRD5 (163589)_damaging,0.006018477868470723
0,CEP350 (9857)_damaging,0.01832746700301948
0,CACNA1E (777)_damaging,0.0
0,RGL1 (23179)_damaging,0.02185912081944187
0,HMCN1 (83872)_damaging,0.025819447016716127
0,TPR (7175)_damaging,0.019146066615093684
0,KCNT2 (343450)_damaging,0.0
0,ASPM (259266)_damaging,0.0
0,PTPRC (5788)_damaging,0.01021232403254127
0,CAMSAP2 (23271)_damaging,0.050438751774560614
0,IGFN1 (91156)_damaging,0.05244405305433139
0,NAV1 (89796)_damaging,0.004380172730595943
0,KDM5B (10765)_damaging,0.008338545951812586
0,ATP2B4 (493)_damaging,0.0
0,PLEKHA6 (22874)_damaging,0.01234588954620883
0,PIK3C2B (5287)_damaging,0.0
0,NFASC (23114)_damaging,0.0
0,CR2 (1380)_damaging,0.0
0,CR1 (1378)_damaging,0.0223238910315162
0,PLXNA2 (5362)_damaging,0.0
0,PROX1 (5629)_damaging,0.0036067841757967288
0,PTPN14 (5784)_damaging,0.0041037855188356025
0,CENPF (1063)_damaging,0.048002498889635196
0,USH2A (7399)_damaging,0.0
0,DNAH14 (127602)_damaging,0.013830095996557237
0,CDC42BPA (8476)_damaging,0.0
0,OBSCN (84033)_damaging,0.0
0,H3-4 (8290)_damaging,0.0
0,PCNX2 (80003)_damaging,0.0
0,MAP3K21 (84451)_damaging,0.0013055177598641145
0,ARID4B (51742)_damaging,0.0
0,LYST (1130)_damaging,0.03780701724225219
0,RYR2 (6262)_damaging,0.03859898261633581
0,CHRM3 (1131)_damaging,0.05587069454451237
0,FMN2 (56776)_damaging,0.0
0,WDR64 (128025)_damaging,0.041415649716286314
0,SDCCAG8 (10806)_damaging,0.0
0,KIF26B (55083)_damaging,0.0
0,AHCTF1 (25909)_damaging,0.01788719382730998
0,NLRP3 (114548)_damaging,0.0
0,LARP4B (23185)_damaging,0.0
0,TASOR2 (54906)_damaging,0.0021222638352765373
0,TAF3 (83860)_damaging,0.06272937787323248
0,FRMD4A (55691)_damaging,0.009149849428108387
0,ITGA8 (8516)_damaging,0.014211593373226984
0,CUBN (8029)_damaging,0.014667437100854035
0,MRC1 (4360)_damaging,0.006757837030591412
0,MALRD1 (340895)_damaging,0.012512419442087159
0,GPR158 (57512)_damaging,0.0
0,MYO3A (53904)_damaging,0.0
0,ANKRD26 (22852)_damaging,0.008989545559253392
0,ODAD2 (55130)_damaging,0.0009762016398214519
0,SVIL (6840)_damaging,0.0
0,KIF5B (3799)_damaging,0.023714204331740738
0,PARD3 (56288)_damaging,0.0
0,ANKRD30A (91074)_damaging,0.0
0,RSU1P2 (100133308)_damaging,0.0
0,WDFY4 (57705)_damaging,0.0
0,C10orf71 (118461)_damaging,0.0
0,PCDH15 (65217)_damaging,0.04678954829416185
0,ANK3 (288)_damaging,0.0
0,ARID5B (84159)_damaging,0.08192272917236243
0,EGR2 (1959)_damaging,0.02350738504754072
0,JMJD1C (221037)_damaging,0.022853375720449636
0,CTNNA3 (29119)_damaging,0.0
0,MYPN (84665)_damaging,0.0
0,CDH23 (64072)_damaging,0.006562605338052242
0,ZMIZ1 (57178)_damaging,0.0
0,NRG3 (10718)_damaging,0.07146599283826559
0,WAPL (23063)_damaging,0.0
0,PTEN (5728)_damaging,0.0
0,STAMBPL1 (57559)_damaging,0.0
0,SLC16A12 (387700)_damaging,0.022513758878713156
0,KIF20B (9585)_damaging,0.012016436067766976
0,PLCE1 (51196)_damaging,0.03971097672965326
0,CC2D2B (387707)_damaging,0.0
0,ZNF518A (9849)_damaging,0.0493860636232762
0,SLIT1 (6585)_damaging,0.00894299277901375
0,LOXL4 (84171)_damaging,0.057520449328273604
0,PAX2 (5076)_damaging,0.0
0,PPRC1 (23082)_damaging,0.0
0,CNNM2 (54805)_damaging,0.0018004774159095724
0,PDCD11 (22984)_damaging,0.0
0,SH3PXD2A (9644)_damaging,0.008154057461251127
0,SLK (9748)_damaging,0.04029077184090733
0,SORCS3 (22986)_damaging,0.026812418436529737
0,SORCS1 (114815)_damaging,0.041695118913669775
0,SMC3 (9126)_damaging,0.0
0,TCF7L2 (6934)_damaging,0.0
0,ATRNL1 (26033)_damaging,0.0
0,TACC2 (10579)_damaging,0.0
0,DMBT1 (1755)_damaging,0.11861906512993692
0,MKI67 (4288)_damaging,0.03425845729943294
0,JAKMIP3 (282973)_damaging,0.0
0,CFAP46 (54777)_damaging,0.020851403578062706
0,B4GALNT4 (338707)_damaging,0.0
0,PKP3 (11187)_damaging,0.0
0,MUC5AC (4586)_damaging,0.02861150770147612
0,MUC5B (727897)_damaging,0.0
0,BRSK2 (9024)_damaging,0.0
0,KCNQ1 (3784)_damaging,0.0
0,NUP98 (4928)_damaging,0.0552408700571193
0,DNHD1 (144132)_damaging,0.06992452858061048
0,DCHS1 (8642)_damaging,0.057668078132247495
0,IPO7 (10527)_damaging,0.0
0,SBF2 (81846)_damaging,0.03578348817281305
0,PLEKHA7 (144100)_damaging,0.0
0,PIK3C2A (5286)_damaging,0.0
0,ABCC8 (6833)_damaging,0.0
0,OTOG (340990)_damaging,0.0
0,HPS5 (11234)_damaging,0.0
0,NAV2 (89797)_damaging,0.04010670881801681
0,ANO3 (63982)_damaging,0.05717330654169791
0,DCDC1 (341019)_damaging,0.07265061675861459
0,CCDC73 (493860)_damaging,0.0
0,QSER1 (79832)_damaging,0.0
0,HIPK3 (10114)_damaging,0.03691281641396398
0,KIAA1549L (25758)_damaging,0.0
0,LRP4 (4038)_damaging,0.0
0,AGBL2 (79841)_damaging,0.03308185254047269
0,FOLH1 (2346)_damaging,0.0
0,OR4P4 (81300)_damaging,0.004309955274684582
0,CTNND1 (1500)_damaging,0.0
0,DTX4 (23220)_damaging,0.0
0,MYRF (745)_damaging,0.06714715801032653
0,AHNAK (79026)_damaging,0.0
0,PLCB3 (5331)_damaging,0.0
0,NRXN2 (9379)_damaging,0.0
0,ATG2A (23130)_damaging,0.0
0,PCNX3 (399909)_damaging,0.0
0,RIN1 (9610)_damaging,0.0
0,SHANK2 (22941)_damaging,0.059356177088494146
0,NUMA1 (4926)_damaging,0.0
0,INPPL1 (3636)_damaging,0.0
0,ARHGEF17 (9828)_damaging,0.020084653116202538
0,C2CD3 (26005)_damaging,0.0
0,MYO7A (4647)_damaging,0.0
0,RSF1 (51773)_damaging,0.0312742704731995
0,GAB2 (9846)_damaging,0.0
0,TENM4 (26011)_damaging,0.10525629404014467
0,PCF11 (51585)_damaging,0.0
0,SYTL2 (54843)_damaging,0.0
0,FAT3 (120114)_damaging,0.0
0,MRE11 (4361)_damaging,0.03979075798970464
0,CNTN5 (53942)_damaging,0.0
0,CEP126 (57562)_damaging,0.024383900128971098
0,MMP3 (4314)_damaging,0.0
0,MMP12 (4321)_damaging,0.0
0,DYNC2H1 (79659)_damaging,0.0
0,NPAT (4863)_damaging,0.0
0,ATM (472)_damaging,0.06405275085126595
0,EXPH5 (23086)_damaging,0.0
0,NKAPD1 (55216)_damaging,0.0
0,NCAM1 (4684)_damaging,0.02856340093413532
0,USP28 (57646)_damaging,0.0
0,DSCAML1 (57453)_damaging,0.03739098705898196
0,KMT2A (4297)_damaging,0.058452074171633284
0,BCL9L (283149)_damaging,0.0
0,MFRP (83552)_damaging,0.01954588741605752
0,ARHGEF12 (23365)_damaging,0.0
0,TECTA (7007)_damaging,0.029264922404024642
0,SORL1 (6653)_damaging,0.0
0,ROBO3 (64221)_damaging,0.0
0,ROBO4 (54538)_damaging,0.0
0,CCDC15 (80071)_damaging,0.029653696795349894
0,NFRKB (4798)_damaging,0.0
0,IGSF9B (22997)_damaging,0.0
0,LINC02714 (729305)_damaging,0.0002444089846619214
0,KDM5A (5927)_damaging,0.0
0,WNK1 (65125)_damaging,0.0
0,CACNA1C (775)_damaging,0.03750340273068656
0,VWF (7450)_damaging,0.0
0,PLEKHG6 (55200)_damaging,0.0
0,NCAPD2 (9918)_damaging,0.06138117621395629
0,CHD4 (1108)_damaging,0.027225480312480333
0,ATN1 (1822)_damaging,0.006412864067191255
0,A2ML1 (144568)_damaging,0.006189965159149865
0,A2M (2)_damaging,0.0
0,GRIN2B (2904)_damaging,0.00870313885890047
0,ATF7IP (55729)_damaging,0.0013409801047638327
0,GUCY2C (2984)_damaging,0.07655655264523446
0,EPS8 (2059)_damaging,0.012387329710444182
0,PLEKHA5 (54477)_damaging,0.0
0,SLCO1C1 (53919)_damaging,0.0
0,RECQL (5965)_damaging,0.0
0,ABCC9 (10060)_damaging,0.07496451481852488
0,ITPR2 (3709)_damaging,0.012943574420366553
0,OVCH1 (341350)_damaging,0.008326720903220898
0,KIF21A (55605)_damaging,0.005241166813710875
0,LRRK2 (120892)_damaging,0.0
0,MUC19 (283463)_damaging,0.07857096643395363
0,CNTN1 (1272)_damaging,0.017744608209325444
0,PDZRN4 (29951)_damaging,0.0
0,ADAMTS20 (80070)_damaging,0.0
0,ARID2 (196528)_damaging,0.0
0,HDAC7 (51564)_damaging,0.0
0,COL2A1 (1280)_damaging,0.0
0,WNT1 (7471)_damaging,0.0
0,KMT2D (8085)_damaging,0.0
0,PRPF40B (25766)_damaging,0.03697892738940566
0,NCKAP5L (57701)_damaging,0.0
0,MAP3K12 (7786)_damaging,0.006419404999320825
0,PAN2 (9924)_damaging,0.0
0,STAT2 (6773)_damaging,0.0
0,NACA (4666)_damaging,0.0
0,MYO1A (4640)_damaging,0.0
0,STAT6 (6778)_damaging,0.0
0,LRP1 (4035)_damaging,0.0
0,R3HDM2 (22864)_damaging,0.0
0,GLI1 (2735)_damaging,0.0
0,MBD6 (114785)_damaging,0.0
0,PTPRB (5787)_damaging,0.05600163014926766
0,ZFC3H1 (196441)_damaging,0.0
0,E2F7 (144455)_damaging,0.0
0,NAV3 (89795)_damaging,0.057132777688334906
0,PTPRQ (374462)_damaging,0.03282628320872295
0,PPFIA2 (8499)_damaging,0.0
0,LRRIQ1 (84125)_damaging,0.0
0,CEP290 (80184)_damaging,0.04489265484643322
0,EEA1 (8411)_damaging,0.02908467661453663
0,PLXNC1 (10154)_damaging,0.0
0,FGD6 (55785)_damaging,0.0
0,CFAP54 (144535)_damaging,0.04267822845234889
0,ANKS1B (56899)_damaging,0.0
0,BLTP3B (23074)_damaging,0.024084589575824766
0,UTP20 (27340)_damaging,0.0
0,GNPTAB (79158)_damaging,0.0
0,STAB2 (55576)_damaging,0.09765139534318586
0,ALDH1L2 (160428)_damaging,0.0
0,ACACB (32)_damaging,0.0
0,MVK (4598)_damaging,0.0
0,CUX2 (23316)_damaging,0.0
0,HECTD4 (283450)_damaging,0.0
0,DTX1 (1840)_damaging,0.0
0,CIT (11113)_damaging,0.06392453891431095
0,HNF1A (6927)_damaging,0.0
0,KDM2B (84678)_damaging,0.0
0,SETD1B (23067)_damaging,0.04057337039128477
0,KNTC1 (9735)_damaging,0.0
0,HIP1R (9026)_damaging,0.028304636139083992
0,SBNO1 (55206)_damaging,0.0
0,DNAH10 (196385)_damaging,0.004153143365771971
0,NCOR2 (9612)_damaging,0.0
0,TMEM132D (121256)_damaging,0.059102125503930576
0,RIMBP2 (23504)_damaging,0.05915301105902297
0,SFSWAP (6433)_damaging,0.0
0,ULK1 (8408)_damaging,0.0
0,EP400 (57634)_damaging,0.0
0,POLE (5426)_damaging,0.0
0,ZMYM2 (7750)_damaging,0.0
0,SACS (26278)_damaging,0.020520753271316142
0,RNF17 (56163)_damaging,0.015073862203385196
0,CENPJ (55835)_damaging,0.006627418914593976
0,ATP8A2 (51761)_damaging,0.027386662499179888
0,RXFP2 (122042)_damaging,0.028777980721262933
0,FRY (10129)_damaging,0.057079069003279206
0,BRCA2 (675)_damaging,0.05119839546802716
0,PDS5B (23047)_damaging,0.07062932382097453
0,NBEA (26960)_damaging,0.07057436894462445
0,FREM2 (341640)_damaging,0.06987721940821771
0,DGKH (160851)_damaging,0.0
0,ZC3H13 (23091)_damaging,0.0
0,RB1 (5925)_damaging,0.1118141672629522
0,PCDH17 (27253)_damaging,0.0
0,KLHL1 (57626)_damaging,0.0
0,DACH1 (1602)_damaging,0.0
0,DIS3 (22894)_damaging,0.026341978324589534
0,MYCBP2 (23077)_damaging,0.008568809681611049
0,SLITRK5 (26050)_damaging,0.0
0,DOCK9 (23348)_damaging,0.0
0,PCCA (5095)_damaging,0.038767462766965126
0,NALCN (259232)_damaging,0.016523860136674857
0,CCDC168 (643677)_damaging,0.0
0,MYO16 (23026)_damaging,0.05592946352024914
0,IRS2 (8660)_damaging,0.0
0,COL4A1 (1282)_damaging,0.0209288505412604
0,COL4A2 (1284)_damaging,0.010876412625027167
0,TEP1 (7011)_damaging,0.043732672368873786
0,ARHGEF40 (55701)_damaging,0.0
0,CHD8 (57680)_damaging,0.0002713323026841302
0,AJUBA (84962)_damaging,0.08607580360639693
0,ACIN1 (22985)_damaging,0.0
0,MYH6 (4624)_damaging,0.0177337046951439
0,MYH7 (4625)_damaging,0.0
0,ZFHX2 (85446)_damaging,0.0
0,CARMIL3 (90668)_damaging,0.012175039191187578
0,NYNRIN (57523)_damaging,0.09620652736340908
0,HECTD1 (25831)_damaging,0.0
0,ARHGAP5 (394)_damaging,0.017527952560162888
0,AKAP6 (9472)_damaging,0.008799664302834827
0,NPAS3 (64067)_damaging,0.0
0,RALGAPA1 (253959)_damaging,0.04602442954241277
0,TTC6 (319089)_damaging,0.0
0,TOGARAM1 (23116)_damaging,0.0
0,FANCM (57697)_damaging,0.0
0,MDGA2 (161357)_damaging,0.09254457771562076
0,NIN (51199)_damaging,0.0029548098850178217
0,NID2 (22795)_damaging,0.0084969131746715
0,KTN1 (3895)_damaging,0.0
0,ARID4A (5926)_damaging,0.014414540537781611
0,HIF1A (3091)_damaging,0.0
0,KCNH5 (27133)_damaging,0.021228144682665866
0,SYNE2 (23224)_damaging,0.09220025184111119
0,PCNX1 (22990)_damaging,0.0
0,MIDEAS (91748)_damaging,0.0
0,YLPM1 (56252)_damaging,0.017215919139081045
0,MLH3 (27030)_damaging,0.08082045164388912
0,NRXN3 (9369)_damaging,0.06528440425210888
0,GALC (2581)_damaging,0.008079316151541572
0,PTPN21 (11099)_damaging,0.0
0,EML5 (161436)_damaging,0.0
0,CCDC88C (440193)_damaging,0.0
0,TRIP11 (9321)_damaging,0.0005593736211432276
0,UNC79 (57578)_damaging,0.035648709860630526
0,ATG2B (55102)_damaging,0.0
0,RTL1 (388015)_damaging,0.03397366898330659
0,DYNC1H1 (1778)_damaging,0.05172021103003383
0,CDC42BPB (9578)_damaging,0.0
0,KIF26A (26153)_damaging,0.0
0,INF2 (64423)_damaging,0.03516361750106083
0,CEP170B (283638)_damaging,0.08107822585239889
0,AHNAK2 (113146)_damaging,0.0
0,MTA1 (9112)_damaging,0.0
0,HERC2 (8924)_damaging,0.0
0,ENTREP2 (23359)_damaging,0.0
0,TRPM1 (4308)_damaging,0.0
0,FMN1 (342184)_damaging,0.0
0,RYR3 (6263)_damaging,0.023135610768369917
0,KNL1 (57082)_damaging,0.02017753965682602
0,INO80 (54617)_damaging,0.0
0,LTK (4058)_damaging,0.0
0,TYRO3 (7301)_damaging,0.060611387217503254
0,MGA (23269)_damaging,0.0
0,SPTBN5 (51332)_damaging,0.0
0,ZNF106 (64397)_damaging,0.006015596530078234
0,STARD9 (57519)_damaging,0.040804924122237435
0,UBR1 (197131)_damaging,0.0
0,TP53BP1 (7158)_damaging,0.0
0,MAP1A (4130)_damaging,0.0
0,SPG11 (80208)_damaging,0.0005852731935096676
0,B2M (567)_damaging,0.030152437585120904
0,DUOX2 (50506)_damaging,0.0649456792855532
0,FBN1 (2200)_damaging,0.0019674997784092474
0,TRPM7 (54822)_damaging,0.0
0,AP4E1 (23431)_damaging,0.0
0,DMXL2 (23312)_damaging,0.0
0,MYO5C (55930)_damaging,0.027424523276698577
0,WDR72 (256764)_damaging,0.0
0,UNC13C (440279)_damaging,0.010346032353711055
0,RFX7 (64864)_damaging,0.056538247154482434
0,TCF12 (6938)_damaging,0.07537075676414971
0,ICE2 (79664)_damaging,0.0
0,VPS13C (54832)_damaging,0.0017496254284685877
0,TLN2 (83660)_damaging,0.053111738961404226
0,HERC1 (8925)_damaging,0.0
0,ZNF609 (23060)_damaging,0.0
0,CILP (8483)_damaging,0.0
0,MEGF11 (84465)_damaging,0.0
0,MYO9A (4649)_damaging,0.05629818760880796
0,HCN4 (10021)_damaging,0.044509915334249625
0,ARID3B (10620)_damaging,0.0
0,SIN3A (25942)_damaging,0.10024694842457144
0,PEAK1 (79834)_damaging,0.0027242377047120834
0,ADAMTSL3 (57188)_damaging,0.010164316785476605
0,AKAP13 (11214)_damaging,0.0
0,AGBL1 (123624)_damaging,0.03574321943876508
0,NTRK3 (4916)_damaging,0.0550935238459152
0,TICRR (90381)_damaging,0.0
0,KIF7 (374654)_damaging,0.10063938805411528
0,IQGAP1 (8826)_damaging,0.0
0,BLM (641)_damaging,0.0
0,FES (2242)_damaging,0.08568763783815128
0,CHD2 (1106)_damaging,0.0
0,LRRK1 (79705)_damaging,0.006381211224534493
0,AXIN1 (8312)_damaging,0.009874599910037168
0,CACNA1H (8912)_damaging,0.0
0,UNKL (64718)_damaging,0.024558727772462943
0,CRAMP1 (57585)_damaging,0.009050112598136487
0,TSC2 (7249)_damaging,0.05277189454260321
0,PKD1 (5310)_damaging,0.01803439487888882
0,CASKIN1 (57524)_damaging,0.0010230269668906943
0,SLX4 (84464)_damaging,0.0407485794579138
0,CREBBP (1387)_damaging,0.06540243259563144
0,CORO7 (79585)_damaging,0.0
0,GRIN2A (2903)_damaging,0.029813026646835362
0,KNOP1 (400506)_damaging,0.006412236463893705
0,DNAH3 (55567)_damaging,0.0
0,SCNN1B (6338)_damaging,0.026436868232322424
0,PALB2 (79728)_damaging,0.0
0,ERN2 (10595)_damaging,0.00435452490586646
0,TNRC6A (27327)_damaging,0.0059047859926993004
0,ARHGAP17 (55114)_damaging,0.0
0,GTF3C1 (2975)_damaging,0.026754027796996312
0,ATXN2L (11273)_damaging,0.0
0,ITGAL (3683)_damaging,0.0
0,PRR14 (78994)_damaging,0.000425903269118646
0,FBRS (64319)_damaging,0.005627798723484268
0,SRCAP (10847)_damaging,0.043828163503650173
0,SETD1A (9739)_damaging,0.0
0,ZNF668 (79759)_damaging,0.0034663261228351913
0,ABCC11 (85320)_damaging,0.0
0,SALL1 (6299)_damaging,0.0
0,CHD9 (80205)_damaging,0.0
0,RBL2 (5934)_damaging,0.0
0,NLRC5 (84166)_damaging,0.02765759397642336
0,CNGB1 (1258)_damaging,0.0
0,CDH8 (1006)_damaging,0.0
0,CDH11 (1009)_damaging,0.03315958146184718
0,CTCF (10664)_damaging,0.02356598428676896
0,CDH1 (999)_damaging,0.0
0,MTSS2 (92154)_damaging,0.0
0,DHX38 (9785)_damaging,0.0
0,ZFHX3 (463)_damaging,0.0
0,CNTNAP4 (85445)_damaging,0.0
0,PKD1L2 (114780)_damaging,0.026712753870343338
0,GSE1 (23199)_damaging,0.006074503379074849
0,ZNF469 (84627)_damaging,0.07872878747840935
0,ZC3H18 (124245)_damaging,0.006572499058574731
0,LINC02138 (400558)_damaging,0.043467101205497405
0,CDH15 (1013)_damaging,0.0029205368394817017
0,ANKRD11 (29123)_damaging,0.0
0,VPS9D1 (9605)_damaging,0.0
0,SPATA22 (84690)_damaging,0.057118697384231205
0,ZZEF1 (23140)_damaging,0.0
0,USP6 (9098)_damaging,0.13246686152258433
0,NLRP1 (22861)_damaging,0.08898528978350555
0,TP53 (7157)_damaging,0.3836198258774139
0,EFNB3 (1949)_damaging,0.02379055780506203
0,DNAH2 (146754)_damaging,0.02548398889139632
0,KDM6B (23135)_damaging,0.06204879060468674
0,CHD3 (1107)_damaging,0.0
0,PER1 (5187)_damaging,0.0
0,PFAS (5198)_damaging,0.012787786005372389
0,MYH13 (8735)_damaging,0.028999400385386984
0,MYH8 (4626)_damaging,0.0
0,MYH1 (4619)_damaging,0.05662896410911572
0,MYH2 (4620)_damaging,0.0
0,DNAH9 (1770)_damaging,0.034283677097327034
0,MYOCD (93649)_damaging,0.0
0,NCOR1 (9611)_damaging,0.06124804555756198
0,FLCN (201163)_damaging,0.03582811009318298
0,MYO15A (51168)_damaging,0.0
0,TOP3A (7156)_damaging,0.0
0,SPECC1 (92521)_damaging,0.05304428914564043
0,KSR1 (8844)_damaging,0.0
0,MYO18A (399687)_damaging,0.0
0,SSH2 (85464)_damaging,0.04460360409132822
0,EFCAB5 (374786)_damaging,0.0
0,CPD (1362)_damaging,0.04589905141360116
0,ATAD5 (79915)_damaging,0.0
0,NF1 (4763)_damaging,0.0
0,SLFN11 (91607)_damaging,0.14260982246459383
0,ACACA (31)_damaging,0.08904874724445148
0,GPR179 (440435)_damaging,0.00799441771917514
0,SRCIN1 (80725)_damaging,0.05836654617872314
0,CDK12 (51755)_damaging,0.06843968078691781
0,TOP2A (7153)_damaging,0.0
0,KCNH4 (23415)_damaging,0.0
0,STAT5B (6777)_damaging,0.0
0,BRCA1 (672)_damaging,0.0
0,ITGA2B (3674)_damaging,0.12409753477321898
0,GPATCH8 (23131)_damaging,0.0
0,KANSL1 (284058)_damaging,0.08227862093450512
0,HOXB3 (3213)_damaging,0.0
0,COL1A1 (1277)_damaging,0.0682935819804403
0,RNF43 (54894)_damaging,0.10306466645781402
0,PPM1D (8493)_damaging,0.0
0,BRIP1 (83990)_damaging,0.0
0,MED13 (9969)_damaging,0.0
0,MRC2 (9902)_damaging,0.0
0,SCN4A (6329)_damaging,0.05753270854634686
0,GNA13 (10672)_damaging,0.04657076933882722
0,AXIN2 (8313)_damaging,0.0
0,HELZ (9931)_damaging,0.0
0,BPTF (2186)_damaging,0.0
0,ABCA8 (10351)_damaging,0.0
0,ABCA9 (10350)_damaging,0.10555120639689079
0,ABCA6 (23460)_damaging,0.004366705013525378
0,ABCA10 (10349)_damaging,0.0
0,SOX9 (6662)_damaging,0.02500064982013559
0,SDK2 (54549)_damaging,0.02510381634826869
0,TMEM94 (9772)_damaging,0.0
0,MYO15B (80022)_damaging,0.0
0,ITGB4 (3691)_damaging,0.01641186853792328
0,EVPL (2125)_damaging,0.025263685287996756
0,SPHK1 (8877)_damaging,0.0
0,TNRC6C (57690)_damaging,0.0
0,DNAH17 (8632)_damaging,0.0027886701581113925
0,CARD14 (79092)_damaging,0.0
0,RPTOR (57521)_damaging,0.017412222846208126
0,BAHCC1 (57597)_damaging,0.0
0,FASN (2194)_damaging,0.04261885320760452
0,NARF (26502)_damaging,0.0
0,SMCHD1 (23347)_damaging,0.010289152060888186
0,EPB41L3 (23136)_damaging,0.08865397756328161
0,LAMA1 (284217)_damaging,0.0
0,PTPRM (5797)_damaging,0.06705471958951796
0,MTCL1 (23255)_damaging,0.0
0,ANKRD12 (23253)_damaging,0.0
0,PIEZO2 (63895)_damaging,0.0
0,ANKRD30B (374860)_damaging,0.03609068803521264
0,ROCK1 (6093)_damaging,0.0681426764725283
0,GREB1L (80000)_damaging,0.0
0,ESCO1 (114799)_damaging,0.0
0,LAMA3 (3909)_damaging,0.04229109829491963
0,ZNF521 (25925)_damaging,0.0
0,CCDC178 (374864)_damaging,0.0
0,ASXL3 (80816)_damaging,0.0
0,FHOD3 (80206)_damaging,0.032941744133378234
0,SETBP1 (26040)_damaging,0.01664521173008159
0,EPG5 (57724)_damaging,0.044934998503212586
0,LOXHD1 (125336)_damaging,0.0
0,SKOR2 (652991)_damaging,0.023307618448878006
0,ZBTB7C (201501)_damaging,0.0
0,SMAD4 (4089)_damaging,0.07849585578218791
0,DCC (1630)_damaging,0.0
0,ALPK2 (115701)_damaging,0.0
0,CDH7 (1005)_damaging,0.0
0,DSEL (92126)_damaging,0.0
0,RTTN (25914)_damaging,0.028490600655370794
0,CBLN2 (147381)_damaging,0.006788198625872683
0,ZNF236 (7776)_damaging,0.04470987211864983
0,SALL3 (27164)_damaging,0.0
0,ATP9B (374868)_damaging,0.01362473834057937
0,KCNG2 (26251)_damaging,0.019928465922358408
0,ABCA7 (10347)_damaging,0.0
0,STK11 (6794)_damaging,0.09124404434718893
0,DAZAP1 (26528)_damaging,0.0
0,TCF3 (6929)_damaging,0.06988163354898096
0,REXO1 (57455)_damaging,0.0
0,AP3D1 (8943)_damaging,0.09093135758135944
0,DOT1L (84444)_damaging,0.05253687224614806
0,ZBTB7A (51341)_damaging,0.0
0,TICAM1 (148022)_damaging,0.0
0,KDM4B (23030)_damaging,0.029089851673893573
0,PTPRS (5802)_damaging,0.09258863673449866
0,SAFB2 (9667)_damaging,0.0
0,SAFB (6294)_damaging,0.037030376569933604
0,CAMSAP3 (57662)_damaging,0.07507277616963011
0,FBN3 (84467)_damaging,0.042478988882936046
0,MUC16 (94025)_damaging,0.0
0,COL5A3 (50509)_damaging,0.0022803566120150817
0,DNMT1 (1786)_damaging,0.012293219770813647
0,TYK2 (7297)_damaging,0.03387455455789212
0,KEAP1 (9817)_damaging,0.0
0,DNM2 (1785)_damaging,0.018533980602612864
0,SMARCA4 (6597)_damaging,0.05749283685285332
0,MAST1 (22983)_damaging,0.0
0,CACNA1A (773)_damaging,0.06378334705671941
0,NOTCH3 (4854)_damaging,0.0
0,BRD4 (23476)_damaging,0.02345936487632076
0,WIZ (58525)_damaging,0.05025253067806648
0,SIN3B (23309)_damaging,0.0
0,CPAMD8 (27151)_damaging,0.0
0,ZNF90 (7643)_damaging,0.047130995216238876
0,ZNF429 (353088)_damaging,0.0
0,ZNF208 (7757)_damaging,0.0230415406720989
0,ZNF729 (100287226)_damaging,0.0
0,ZNF91 (7644)_damaging,0.03769033293835759
0,ZNF536 (9745)_damaging,0.0665404960392989
0,TSHZ3 (57616)_damaging,0.009658879433019381
0,KMT2B (9757)_damaging,0.03386924471788307
0,NPHS1 (4868)_damaging,0.0019337649005089646
0,ZNF569 (148266)_damaging,0.0
0,WDR87 (83889)_damaging,0.031015778241030446
0,SIPA1L3 (23094)_damaging,0.0556121539028842
0,RYR1 (6261)_damaging,0.0
0,CAPN12 (147968)_damaging,0.04601175140610316
0,FCGBP (8857)_damaging,0.004853774155399603
0,PRX (57716)_damaging,0.0382844298634519
0,SPTBN4 (57731)_damaging,0.0
0,AXL (558)_damaging,0.0
0,HNRNPUL1 (11100)_damaging,0.0
0,ERF (2077)_damaging,0.011070803095684714
0,CIC (23152)_damaging,0.03083274963559938
0,MEGF8 (1954)_damaging,0.0
0,ARHGAP35 (2909)_damaging,0.0
0,BICRA (29998)_damaging,0.05898277909078541
0,LMTK3 (114783)_damaging,0.03220335361121898
0,PRR12 (57479)_damaging,0.0
0,SCAF1 (58506)_damaging,0.0
0,MYH14 (79784)_damaging,0.0
0,POLD1 (5424)_damaging,0.0
0,SHANK1 (50944)_damaging,0.0
0,BRSK1 (84446)_damaging,0.05283795342242092
0,SSC5D (284297)_damaging,0.0011473720588942547
0,NLRP4 (147945)_damaging,0.0
0,PEG3 (5178)_damaging,0.0
0,ZIM3 (114026)_damaging,0.0
0,PXDN (7837)_damaging,0.05573374302480638
0,ROCK2 (9475)_damaging,0.0
0,GREB1 (9687)_damaging,0.006110627810969849
0,NBAS (51594)_damaging,0.021313519663002982
0,RAD51AP2 (729475)_damaging,0.05542044688798159
0,APOB (338)_damaging,0.022554708291501257
0,TDRD15 (100129278)_damaging,0.00867382436359929
0,ATAD2B (54454)_damaging,0.0
0,ITSN2 (50618)_damaging,0.0
0,DNMT3A (1788)_damaging,0.01783641436874663
0,ASXL2 (55252)_damaging,0.0
0,OTOF (9381)_damaging,0.012710432189958605
0,EMILIN1 (11117)_damaging,0.059894402050444176
0,CAD (790)_damaging,0.0
0,IFT172 (26160)_damaging,0.06921772552119543
0,SPATA31H1 (84226)_damaging,0.0
0,ALK (238)_damaging,0.06384647664184899
0,BIRC6 (57448)_damaging,0.0
0,LTBP1 (4052)_damaging,0.0
0,ZFP36L2 (678)_damaging,0.09392390896974162
0,THADA (63892)_damaging,0.05290940753279615
0,MSH2 (4436)_damaging,0.0
0,MSH6 (2956)_damaging,0.0
0,NRXN1 (9378)_damaging,0.020995815740081438
0,SPTBN1 (6711)_damaging,0.0
0,EML6 (400954)_damaging,0.0
0,MTIF2 (4528)_damaging,0.0032996010733017736
0,CCDC88A (55704)_damaging,0.08447211214561433
0,USP34 (9736)_damaging,0.0
0,ANKRD53 (79998)_damaging,0.0
0,ZNF638 (27332)_damaging,0.0033751173271008086
0,DYSF (8291)_damaging,0.0
0,ALMS1 (7840)_damaging,0.0
0,LOXL3 (84695)_damaging,0.0
0,CTNNA2 (1496)_damaging,0.01630363347456133
0,DNAH6 (1768)_damaging,0.015891100844620552
0,POLR1A (25885)_damaging,0.045141959545364756
0,ANKRD36C (400986)_damaging,0.04113532408016748
0,VWA3B (200403)_damaging,0.0
0,CRACDL (343990)_damaging,0.0
0,EIF5B (9669)_damaging,0.0
0,REV1 (51455)_damaging,0.0
0,MAP4K4 (9448)_damaging,0.04516147176989336
0,DPP10 (57628)_damaging,0.049095751691738236
0,MARCO (8685)_damaging,0.0
0,CLASP1 (23332)_damaging,0.041094253669041576
0,CNTNAP5 (129684)_damaging,0.0
0,WDR33 (55339)_damaging,0.004621758157160554
0,UGGT1 (56886)_damaging,0.0
0,ARHGEF4 (50649)_damaging,0.037665994638299685
0,NCKAP5 (344148)_damaging,0.033279638019205755
0,THSD7B (80731)_damaging,0.0011395627007404338
0,LRP1B (53353)_damaging,0.059501726889272036
0,ACVR2A (92)_damaging,0.0
0,KIF5C (3800)_damaging,0.0
0,RIF1 (55183)_damaging,0.026747001156765402
0,NEB (4703)_damaging,0.023904064051403946
0,BAZ2B (29994)_damaging,0.0
0,LY75 (4065)_damaging,0.05071768257897764
0,PLA2R1 (22925)_damaging,0.0
0,SLC4A10 (57282)_damaging,0.0
0,KCNH7 (90134)_damaging,0.0
0,FIGN (55137)_damaging,0.003844448516701501
0,SCN3A (6328)_damaging,0.0
0,SCN2A (6326)_damaging,0.09066652453484383
0,TTC21B (79809)_damaging,0.0029784552219909036
0,SCN1A (6323)_damaging,0.023539710104401534
0,SCN9A (6335)_damaging,0.011915387858722077
0,SCN7A (6332)_damaging,0.0027748363660959415
0,XIRP2 (129446)_damaging,0.0
0,LRP2 (4036)_damaging,0.0
0,PPIG (9360)_damaging,0.055396694539032364
0,GPR155 (151556)_damaging,0.09403857003090535
0,HOXD11 (3237)_damaging,0.0
0,TTN (7273)_damaging,0.0
0,CCDC141 (285025)_damaging,0.014637400150613952
0,FSIP2 (401024)_damaging,0.0
0,COL3A1 (1281)_damaging,0.0
0,COL5A2 (1290)_damaging,0.013587677425747343
0,ANKAR (150709)_damaging,0.0
0,DNAH7 (56171)_damaging,0.038749009014264583
0,HECW2 (57520)_damaging,0.0
0,PLCL1 (5334)_damaging,0.06107342714759182
0,CASP8 (841)_damaging,0.005593268123231727
0,BMPR2 (659)_damaging,0.0005114672381567356
0,NBEAL1 (65065)_damaging,0.0
0,NRP2 (8828)_damaging,0.0
0,INO80D (54891)_damaging,0.008006386043046572
0,ZDBF2 (57683)_damaging,0.0
0,ADAM23 (8745)_damaging,0.0
0,MAP2 (4133)_damaging,0.0
0,UNC80 (285175)_damaging,0.04430923253811192
0,CPS1 (1373)_damaging,0.03403395562182992
0,ERBB4 (2066)_damaging,0.0
0,ABCA12 (26154)_damaging,0.06094812505182581
0,FN1 (2335)_damaging,0.0
0,TNS1 (7145)_damaging,0.0057494850746193935
0,ZNF142 (7701)_damaging,0.0
0,CFAP65 (255101)_damaging,0.06341653063746298
0,SPEG (10290)_damaging,0.041414461105821816
0,OBSL1 (23363)_damaging,0.0
0,SLC4A3 (6508)_damaging,0.012724441687281486
0,DOCK10 (55619)_damaging,0.013118569898935742
0,IRS1 (3667)_damaging,0.00029162619603060144
0,COL4A4 (1286)_damaging,0.050850955139781724
0,SPHKAP (80309)_damaging,0.0
0,TRIP12 (9320)_damaging,0.0
0,MROH2A (339766)_damaging,0.07316407876413812
0,TRPM8 (79054)_damaging,0.012333968779587076
0,COL6A3 (1293)_damaging,0.06224676323878038
0,RBM44 (375316)_damaging,0.020375655365593093
0,HDAC4 (9759)_damaging,0.0
0,KIF1A (547)_damaging,0.01557425320051516
0,CROCC2 (728763)_damaging,0.0
0,PASK (23178)_damaging,0.0
0,TGM6 (343641)_damaging,0.0
0,FASTKD5 (60493)_damaging,0.10130270198428322
0,PLCB4 (5332)_damaging,0.0
0,SEL1L2 (80343)_damaging,0.009636806572240152
0,RRBP1 (6238)_damaging,0.0
0,CFAP61 (26074)_damaging,0.0
0,RALGAPA2 (57186)_damaging,0.03265631552345714
0,CD93 (22918)_damaging,0.0
0,ASXL1 (171023)_damaging,0.08020954312647963
0,NCOA6 (23054)_damaging,0.0
0,MYH7B (57644)_damaging,0.05165228820052245
0,CEP250 (11190)_damaging,0.0
0,MTCL2 (140710)_damaging,0.0
0,SAMHD1 (25939)_damaging,0.05526545932905721
0,LBP (3929)_damaging,0.0
0,RALGAPB (57148)_damaging,0.0
0,CHD6 (84181)_damaging,0.05111011133981264
0,PTPRT (11122)_damaging,0.0
0,NCOA3 (8202)_damaging,0.0
0,DDX27 (55661)_damaging,0.03120313818687921
0,KCNB1 (3745)_damaging,0.0
0,SALL4 (57167)_damaging,0.0
0,ZNF831 (128611)_damaging,0.010917488268222303
0,SYCP2 (10388)_damaging,0.03185794738703908
0,LAMA5 (3911)_damaging,0.051186596146498974
0,DIDO1 (11083)_damaging,0.04651390367126563
0,COL20A1 (57642)_damaging,0.0
0,HELZ2 (85441)_damaging,0.0
0,TPTE (7179)_damaging,0.01174299359985583
0,NRIP1 (8204)_damaging,0.012824953687606392
0,LTN1 (26046)_damaging,0.0013081197222808102
0,USP16 (10600)_damaging,0.0
0,SCAF4 (57466)_damaging,0.11471516118442773
0,ITSN1 (6453)_damaging,0.0
0,RUNX1 (861)_damaging,0.003924512678128643
0,DOP1B (9980)_damaging,0.08664438772371055
0,BRWD1 (54014)_damaging,3.119596288172501e-05
0,DSCAM (1826)_damaging,0.026213365772100167
0,NDUFV3 (4731)_damaging,0.0
0,TRPM2 (7226)_damaging,0.012869732100664555
0,COL18A1 (80781)_damaging,0.032088234591375324
0,PCNT (5116)_damaging,0.021987363495096807
0,CECR2 (27443)_damaging,0.011224311257706761
0,ZDHHC8 (29801)_damaging,0.0
0,LZTR1 (8216)_damaging,0.013346312364614175
0,MYO18B (84700)_damaging,0.0
0,MN1 (4330)_damaging,0.0
0,TTC28 (23331)_damaging,0.0
0,NF2 (4771)_damaging,0.019004067006244654
0,DEPDC5 (9681)_damaging,0.0
0,MYH9 (4627)_damaging,0.011001749064566874
0,CSF2RB (1439)_damaging,0.05738793386634862
0,TMPRSS6 (164656)_damaging,0.0
0,TRIOBP (11078)_damaging,0.0
0,CACNA1I (8911)_damaging,0.011804497022353748
0,TNRC6B (23112)_damaging,0.03822521865374488
0,EP300 (2033)_damaging,0.0
0,ZC3H7B (23264)_damaging,0.0
0,MEI1 (150365)_damaging,0.0
0,TCF20 (6942)_damaging,0.0
0,SMC1B (27127)_damaging,0.0
0,PKDREJ (10343)_damaging,0.0
0,CELSR1 (9620)_damaging,0.0
0,PLXNB2 (23654)_damaging,0.0
0,PPP6R2 (9701)_damaging,0.04293200631908851
0,SBF1 (6305)_damaging,0.00408630081543108
0,KLHDC7B (113730)_damaging,0.0
0,CNTN6 (27255)_damaging,0.0
0,CNTN4 (152330)_damaging,0.0
0,GRM7 (2917)_damaging,0.0
0,VHL (7428)_damaging,0.0
0,NUP210 (23225)_damaging,0.0036902725436389946
0,NR2C2 (7182)_damaging,0.04480394777430987
0,TGFBR2 (7048)_damaging,0.021653416156145057
0,CLASP2 (23122)_damaging,0.0
0,TRANK1 (9881)_damaging,0.0
0,MLH1 (4292)_damaging,0.0
0,GOLGA4 (2803)_damaging,0.006824727398419045
0,VILL (50853)_damaging,0.0
0,SCN10A (6336)_damaging,0.009014374484091647
0,SCN11A (11280)_damaging,0.0
0,NKTR (4820)_damaging,0.0
0,SETD2 (29072)_damaging,0.0375129252740273
0,PTPN23 (25930)_damaging,0.04441659548502613
0,PLXNB1 (5364)_damaging,0.0
0,COL7A1 (1294)_damaging,0.07862316904110458
0,CELSR3 (1951)_damaging,0.022510942238880973
0,LAMB2 (3913)_damaging,0.0643579224644799
0,RHOA (387)_damaging,0.0
0,BSN (8927)_damaging,0.07984293360976683
0,RBM6 (10180)_damaging,0.0
0,DOCK3 (1795)_damaging,0.0
0,DNAH1 (25981)_damaging,0.026150317533214864
0,BAP1 (8314)_damaging,0.07515819140707063
0,STAB1 (23166)_damaging,0.0
0,PBRM1 (55193)_damaging,0.0
0,CACNA2D3 (55799)_damaging,0.02646424300591278
0,DNAH12 (201625)_damaging,0.0
0,FLNB (2317)_damaging,0.028400585593149442
0,FEZF2 (55079)_damaging,0.017799522191922965
0,ATXN7 (6314)_damaging,0.0
0,CNTN3 (5067)_damaging,0.07851688511060101
0,ROBO2 (6092)_damaging,0.0
0,ROBO1 (6091)_damaging,0.0
0,EPHA3 (2042)_damaging,0.0
0,CRYBG3 (131544)_damaging,0.00983440143445588
0,FILIP1L (11259)_damaging,0.016205352244196353
0,ABI3BP (25890)_damaging,0.031072691189218904
0,MYH15 (22989)_damaging,0.0
0,DZIP3 (9666)_damaging,0.0
0,MORC1 (27136)_damaging,0.009943011962201596
0,PHLDB2 (90102)_damaging,0.0
0,ZBTB20 (26137)_damaging,0.012837068339987765
0,CFAP91 (89876)_damaging,0.024754085488404437
0,POLQ (10721)_damaging,0.04670074267854887
0,GOLGB1 (2804)_damaging,0.03593611767542225
0,MYLK (4638)_damaging,0.0
0,KALRN (8997)_damaging,0.04191648359311485
0,MBD4 (8930)_damaging,0.0
0,COL6A5 (256076)_damaging,0.02534182429481208
0,DNAJC13 (23317)_damaging,0.008761880660372727
0,TOPBP1 (11073)_damaging,0.0306432766515706
0,ATR (545)_damaging,0.06744246847162047
0,HPS3 (84343)_damaging,0.0
0,MED12L (116931)_damaging,0.02740479316024929
0,IGSF10 (285313)_damaging,0.013110051139928974
0,ARHGEF26 (26084)_damaging,0.0
0,PLCH1 (23007)_damaging,0.0
0,SMC4 (10051)_damaging,0.0
0,SI (6476)_damaging,0.0
0,MECOM (2122)_damaging,0.00714770062168391
0,TNIK (23043)_damaging,0.07876167043613598
0,SPATA16 (83893)_damaging,0.0
0,USP13 (8975)_damaging,0.0
0,TTC14 (151613)_damaging,0.0
0,ATP13A5 (344905)_damaging,0.027120612310923747
0,MUC4 (4585)_damaging,0.018008348411462833
0,TNK2 (10188)_damaging,0.0
0,NSD2 (7468)_damaging,0.03534613415940996
0,POLN (353497)_damaging,0.025147456847745088
0,FAM193A (8603)_damaging,0.0
0,HTT (3064)_damaging,0.036936851545737566
0,UNC93B7 (100887746)_damaging,0.0011276445155749527
0,BOD1L1 (259282)_damaging,0.017624743573044183
0,CPEB2 (132864)_damaging,0.0
0,SLIT2 (9353)_damaging,0.008360101717363342
0,PPARGC1A (10891)_damaging,0.00998677373873431
0,PCDH7 (5099)_damaging,0.0
0,RFC1 (5981)_damaging,0.0
0,BEND4 (389206)_damaging,0.046398865796359046
0,ATP8A1 (10396)_damaging,0.0
0,GABRG1 (2565)_damaging,0.0
0,GABRA2 (2555)_damaging,0.13468247114375057
0,CORIN (10699)_damaging,0.016365004847589567
0,FRYL (285527)_damaging,0.0
0,KDR (3791)_damaging,0.0
0,POLR2B (5431)_damaging,0.0
0,ADGRL3 (23284)_damaging,0.0069154429710452815
0,EPHA5 (2044)_damaging,0.0
0,CENPC (1060)_damaging,0.029251248383337224
0,ADAMTS3 (9508)_damaging,0.07082701168430731
0,SHROOM3 (57619)_damaging,0.0
0,FRAS1 (80144)_damaging,0.0
0,WDFY3 (23001)_damaging,0.011755436401246126
0,PTPN13 (5783)_damaging,0.0
0,AFF1 (4299)_damaging,0.0
0,MMRN1 (22915)_damaging,0.08251976059600363
0,GRID2 (2895)_damaging,0.0
0,SMARCAD1 (56916)_damaging,0.003414038960371543
0,UNC5C (8633)_damaging,0.0
0,CENPE (1062)_damaging,0.0
0,TET2 (54790)_damaging,0.01586534783159995
0,ANK2 (287)_damaging,0.0
0,BLTP1 (84162)_damaging,0.0
0,FAT4 (79633)_damaging,0.05663914498755121
0,SCLT1 (132320)_damaging,0.0
0,PCDH10 (57575)_damaging,0.0
0,LRBA (987)_damaging,0.005291446133779807
0,FBXW7 (55294)_damaging,0.004084744047706768
0,FHDC1 (85462)_damaging,0.0
0,DCHS2 (54798)_damaging,0.0
0,MAP9 (79884)_damaging,0.01115286875042254
0,GRIA2 (2891)_damaging,0.004949986922424548
0,RXFP1 (59350)_damaging,0.0
0,HAND2 (9464)_damaging,0.0
0,WDR17 (116966)_damaging,0.029376743915318682
0,TENM3 (55714)_damaging,0.0
0,SORBS2 (8470)_damaging,0.0
0,FAT1 (2195)_damaging,0.0
0,SDHA (6389)_damaging,0.010305540723999
0,SLC12A7 (10723)_damaging,0.0
0,ADAMTS16 (170690)_damaging,0.0
0,ICE1 (23379)_damaging,0.0
0,SEMA5A (9037)_damaging,0.0
0,DNAH5 (1767)_damaging,0.0
0,TRIO (7204)_damaging,0.0018924894470164308
0,MYO10 (4651)_damaging,0.0
0,CDH18 (1016)_damaging,0.04659602767874457
0,CDH12 (1010)_damaging,0.0
0,PRDM9 (56979)_damaging,0.0590737115875171
0,CDH10 (1008)_damaging,0.0014647814649242212
0,CDH6 (1004)_damaging,0.0
0,PDZD2 (23037)_damaging,0.05438254008052777
0,ADAMTS12 (81792)_damaging,0.03968208088861899
0,SPEF2 (79925)_damaging,0.0
0,NIPBL (25836)_damaging,0.033564371692089603
0,CPLANE1 (65250)_damaging,0.05497163033813657
0,EGFLAM (133584)_damaging,0.0
0,C7 (730)_damaging,0.07259888136993305
0,MROH2B (133558)_damaging,0.011753950731996232
0,C6 (729)_damaging,0.008597508059781593
0,HCN1 (348980)_damaging,0.08902742334175884
0,ITGA1 (3672)_damaging,0.0
0,MAST4 (375449)_damaging,0.0
0,PIK3R1 (5295)_damaging,0.020421624225001444
0,RAD17 (5884)_damaging,0.043209663371393855
0,BDP1 (55814)_damaging,0.0
0,MAP1B (4131)_damaging,0.04901364964133735
0,ARHGEF28 (64283)_damaging,0.06075987466859814
0,ANKRD31 (256006)_damaging,0.04048997847280478
0,IQGAP2 (10788)_damaging,0.04707614090170482
0,AP3B1 (8546)_damaging,0.0
0,CMYA5 (202333)_damaging,0.091147703447797
0,MSH3 (4437)_damaging,0.07711116468412148
0,VCAN (1462)_damaging,0.00466078862599703
0,RASA1 (5921)_damaging,0.09671143972400473
0,ADGRV1 (84059)_damaging,0.0
0,MCTP1 (79772)_damaging,0.0
0,SKIC3 (9652)_damaging,0.015516659991862889
0,ARSK (153642)_damaging,0.03711196669488432
0,CHD1 (1105)_damaging,0.0
0,SLCO6A1 (133482)_damaging,0.0
0,APC (324)_damaging,0.03634358923201882
0,DMXL1 (1657)_damaging,0.05915382787411292
0,ZNF608 (57507)_damaging,0.0
0,FBN2 (2201)_damaging,0.0
0,SLC27A6 (28965)_damaging,0.12476457840232812
0,ADAMTS19 (171019)_damaging,0.0
0,RAPGEF6 (51735)_damaging,0.0
0,FNIP1 (96459)_damaging,0.0
0,RAD50 (10111)_damaging,0.017628474013395137
0,AFF4 (27125)_damaging,0.0
0,FSTL4 (23105)_damaging,0.0
0,PITX1 (5307)_damaging,0.13016824158733
0,LINC02900 (340073)_damaging,0.016549436906102895
0,CTNNA1 (1495)_damaging,0.015318596666351365
0,WDR55 (54853)_damaging,0.013561662615937648
0,FAT2 (2196)_damaging,0.0
0,LARP1 (23367)_damaging,0.0
0,GEMIN5 (25929)_damaging,0.0
0,GABRA6 (2559)_damaging,0.031048915805828626
0,GABRG2 (2566)_damaging,0.005720080709380162
0,DOCK2 (1794)_damaging,0.0
0,NSD1 (64324)_damaging,0.06453842531824618
0,FLT4 (2324)_damaging,0.0
0,DSP (1832)_damaging,0.0
0,HIVEP1 (3096)_damaging,0.0
0,PHACTR1 (221692)_damaging,0.0
0,JARID2 (3720)_damaging,0.0
0,ATXN1 (6310)_damaging,0.0
0,HLA-A (3105)_damaging,0.05140684095712228
0,MDC1 (9656)_damaging,0.0002024326446301543
0,VARS2 (57176)_damaging,0.07030132778209901
0,MUCL3 (135656)_damaging,0.03264610992332853
0,HLA-C (3107)_damaging,0.057960630319163806
0,HLA-B (3106)_damaging,0.0
0,PRRC2A (7916)_damaging,0.002871349276793353
0,BAG6 (7917)_damaging,0.05883584999418159
0,TNXB (7148)_damaging,0.0
0,NOTCH4 (4855)_damaging,0.0
0,COL11A2 (1302)_damaging,0.0
0,ITPR3 (3710)_damaging,0.0
0,DNAH8 (1769)_damaging,0.03642983683979331
0,KIF6 (221458)_damaging,0.0
0,CCND3 (896)_damaging,0.06898972586089351
0,MRPS10 (55173)_damaging,0.0
0,CUL9 (23113)_damaging,0.0
0,ZNF318 (24149)_damaging,0.0
0,TDRD6 (221400)_damaging,0.048060791444878785
0,MMUT (4594)_damaging,0.00948423594481473
0,PKHD1 (5314)_damaging,0.015746623089380855
0,FAM83B (222584)_damaging,0.0
0,DST (667)_damaging,0.0
0,PHF3 (23469)_damaging,0.0
0,EYS (346007)_damaging,0.0
0,ADGRB3 (577)_damaging,0.0
0,COL19A1 (1310)_damaging,0.05785105239078675
0,COL9A1 (1297)_damaging,0.02985319454919175
0,RIMS1 (22999)_damaging,0.0
0,CD109 (135228)_damaging,0.0
0,COL12A1 (1303)_damaging,0.0
0,TTK (7272)_damaging,0.0
0,CEP162 (22832)_damaging,6.58977268883695e-06
0,SYNCRIP (10492)_damaging,0.0
0,ZNF292 (23036)_damaging,0.0
0,MDN1 (23195)_damaging,0.0711933225136367
0,CASP8AP2 (9994)_damaging,0.04768980348924387
0,EPHA7 (2045)_damaging,0.026300236888555803
0,MMS22L (253714)_damaging,0.0
0,PNISR (25957)_damaging,0.005214829152323375
0,ASCC3 (10973)_damaging,0.030314461390678924
0,SOBP (55084)_damaging,0.0
0,AK9 (221264)_damaging,0.0
0,REV3L (5980)_damaging,0.0
0,LAMA4 (3910)_damaging,0.0
0,HDAC2 (3066)_damaging,0.0
0,ROS1 (6098)_damaging,0.0
0,TBC1D32 (221322)_damaging,0.019006614544642617
0,TRDN (10345)_damaging,0.0595963533688328
0,LAMA2 (3908)_damaging,0.0
0,AKAP7 (9465)_damaging,0.0
0,MED23 (9439)_damaging,0.022409337963022687
0,ARFGEF3 (57221)_damaging,0.03426431107140904
0,NHSL1 (57224)_damaging,0.023472839398830235
0,ECT2L (345930)_damaging,0.024682709481102467
0,HECA (51696)_damaging,0.0408026128696388
0,ADGRG6 (57211)_damaging,0.0
0,HIVEP2 (3097)_damaging,0.0
0,UTRN (7402)_damaging,0.010500368471887006
0,SHPRH (257218)_damaging,0.0
0,ADGB (79747)_damaging,0.014322202961494933
0,SYNE1 (23345)_damaging,0.006710112274949493
0,SCAF8 (22828)_damaging,0.02050684440064098
0,ARID1B (57492)_damaging,0.09054751585739378
0,FNDC1 (84624)_damaging,0.0
0,IGF2R (3482)_damaging,0.0073378310458601
0,LPA (4018)_damaging,0.0
0,MAP3K4 (4216)_damaging,0.010188907303246815
0,QKI (9444)_damaging,0.038839943832982164
0,AFDN (4301)_damaging,0.03322226583830543
0,CARD11 (84433)_damaging,0.0
0,TNRC18 (84629)_damaging,0.0
0,PMS2 (5395)_damaging,0.0037795580931605497
0,COL28A1 (340267)_damaging,0.00990371232889439
0,THSD7A (221981)_damaging,0.001148208085343709
0,VWDE (221806)_damaging,0.0
0,AHR (196)_damaging,0.027534483975573926
0,ABCB5 (340273)_damaging,0.09345570885981615
0,SP8 (221833)_damaging,0.05784525530508379
0,DNAH11 (8701)_damaging,0.0
0,STK31 (56164)_damaging,0.05642099466605085
0,CDK13 (8621)_damaging,0.008957583590924172
0,GLI3 (2737)_damaging,0.0
0,AEBP1 (165)_damaging,0.03840526845347807
0,PKD1L1 (168507)_damaging,0.0
0,ABCA13 (154664)_damaging,0.0
0,EGFR (1956)_damaging,0.0
0,PTPN12 (5782)_damaging,0.03734324061453353
0,CD36 (948)_damaging,0.0
0,PCLO (27445)_damaging,0.0
0,ABCB4 (5244)_damaging,0.0
0,ZNF804B (219578)_damaging,0.008867398146551719
0,AKAP9 (10142)_damaging,0.0
0,ANKIB1 (54467)_damaging,0.046095410621287886
0,SAMD9 (54809)_damaging,0.025514440387160355
0,SAMD9L (219285)_damaging,0.0
0,CALCR (799)_damaging,0.0
0,COL1A2 (1278)_damaging,0.010209541855188214
0,SLC25A13 (10165)_damaging,0.0
0,TRRAP (8295)_damaging,0.0
0,GPC2 (221914)_damaging,0.0
0,NYAP1 (222950)_damaging,0.0
0,GIGYF1 (64599)_damaging,0.0
0,ZAN (7455)_damaging,0.05762295626021051
0,MUC17 (140453)_damaging,0.0893178700005371
0,PLOD3 (8985)_damaging,0.0
0,CUX1 (1523)_damaging,0.0113211836750691
0,RELN (5649)_damaging,0.039153957389195686
0,KMT2E (55904)_damaging,0.0038734736863667526
0,PIK3CG (5294)_damaging,0.0
0,LAMB4 (22798)_damaging,0.0
0,DOCK4 (9732)_damaging,0.05212618856349605
0,PPP1R3A (5506)_damaging,0.059424608232337486
0,CFTR (1080)_damaging,0.005305955710606185
0,CTTNBP2 (83992)_damaging,0.0
0,PTPRZ1 (5803)_damaging,0.04532432140732726
0,CADPS2 (93664)_damaging,0.02986771212554683
0,GRM8 (2918)_damaging,0.007709779740977938
0,FLNC (2318)_damaging,0.0
0,PLXNA4 (91584)_damaging,0.12322428390932705
0,LRGUK (136332)_damaging,0.010931877658921453
0,NUP205 (23165)_damaging,0.0
0,TRIM24 (8805)_damaging,0.0
0,KIAA1549 (57670)_damaging,0.0
0,MGAM (8972)_damaging,0.04557564380109427
0,MGAM2 (93432)_damaging,0.004337011889588139
0,EPHB6 (2051)_damaging,0.0
0,KEL (3792)_damaging,0.0
0,NOBOX (135935)_damaging,0.015893875096287088
0,CNTNAP2 (26047)_damaging,0.0
0,AOC1 (26)_damaging,0.05317815300680676
0,KCNH2 (3757)_damaging,0.0
0,NOS3 (4846)_damaging,0.0
0,ATG9B (285973)_damaging,0.0239646040245171
0,KMT2C (58508)_damaging,0.0
0,DPP6 (1804)_damaging,0.0
0,UBE3C (9690)_damaging,0.0
0,PTPRN2 (5799)_damaging,0.07929175152272983
0,CSMD1 (64478)_damaging,0.0
0,RP1L1 (94137)_damaging,0.0
0,TRMT9B (57604)_damaging,0.0
0,DLC1 (10395)_damaging,0.015179619639871798
0,XPO7 (23039)_damaging,0.05260649291827218
0,DMTN (2039)_damaging,0.0
0,LOXL2 (4017)_damaging,0.0
0,DOCK5 (80005)_damaging,0.0
0,NUGGC (389643)_damaging,0.008789018540924209
0,TEX15 (56154)_damaging,0.01556974451398179
0,WRN (7486)_damaging,0.0
0,UNC5D (137970)_damaging,0.027871581714538102
0,ADGRA2 (25960)_damaging,0.0
0,NSD3 (54904)_damaging,0.0
0,ANK1 (286)_damaging,0.0
0,PRKDC (5591)_damaging,0.009761530093885381
0,PXDNL (137902)_damaging,0.03839467608016855
0,ST18 (9705)_damaging,0.0
0,RB1CC1 (9821)_damaging,0.02259095083481199
0,RP1 (6101)_damaging,0.0
0,CYP7A1 (1581)_damaging,0.0
0,CHD7 (55636)_damaging,0.0
0,ARFGEF1 (10565)_damaging,0.06872060060876992
0,PREX2 (80243)_damaging,0.02422855432904679
0,SULF1 (23213)_damaging,0.0
0,SLCO5A1 (81796)_damaging,0.0
0,TRPA1 (8989)_damaging,0.0003367659391044145
0,KCNB2 (9312)_damaging,2.388036231910622e-07
0,ZFHX4 (79776)_damaging,0.028626177213798572
0,WWP1 (11059)_damaging,0.0
0,NBN (4683)_damaging,0.0
0,ESRP1 (54845)_damaging,0.0
0,VPS13B (157680)_damaging,0.018218261032448026
0,RGS22 (26166)_damaging,0.006546290886460661
0,UBR5 (51366)_damaging,0.007339151727664234
0,RIMS2 (9699)_damaging,0.0
0,ZFPM2 (23414)_damaging,0.0
0,PKHD1L1 (93035)_damaging,0.042561503289274744
0,CSMD3 (114788)_damaging,0.0
0,TRPS1 (7227)_damaging,0.0
0,COL14A1 (7373)_damaging,0.05057083747118364
0,FER1L6 (654463)_damaging,0.0
0,ADCY8 (114)_damaging,0.0
0,EFR3A (23167)_damaging,0.0
0,OC90 (729330)_damaging,0.0
0,KCNQ3 (3786)_damaging,0.005483777681459638
0,PHF20L1 (51105)_damaging,0.03778199657954405
0,TG (7038)_damaging,0.06565062731681742
0,COL22A1 (169044)_damaging,0.017990706044541043
0,EPPK1 (83481)_damaging,0.0
0,PLEC (5339)_damaging,0.036629448838903476
0,PARP10 (84875)_damaging,0.059861984965635565
0,MROH1 (727957)_damaging,0.003934985449539645
0,CPSF1 (29894)_damaging,0.07765318093381347
0,DOCK8 (81704)_damaging,0.0
0,SMARCA2 (6595)_damaging,0.016209330721269205
0,ERMP1 (79956)_damaging,0.05837462448202492
0,PTPRD (5789)_damaging,0.016788747847843368
0,MPDZ (8777)_damaging,0.0
0,FREM1 (158326)_damaging,0.08085081406668791
0,CNTLN (54875)_damaging,0.0053500211094211275
0,DENND4C (55667)_damaging,0.0
0,CDKN2A (1029)_damaging,0.0
0,TAF1L (138474)_damaging,0.04552962286279101
0,SPATA31G1 (138724)_damaging,0.0
0,FANCG (2189)_damaging,0.0
0,PIGO (84720)_damaging,0.023481427167584494
0,UNC13B (10497)_damaging,0.027447735385080236
0,RUSC2 (9853)_damaging,0.010250757571972817
0,SPAG8 (26206)_damaging,0.05253467973054872
0,TJP2 (9414)_damaging,0.0
0,TMC1 (117531)_damaging,0.005527001211978684
0,TRPM6 (140803)_damaging,0.0
0,PCSK5 (5125)_damaging,0.053094762520664085
0,PRUNE2 (158471)_damaging,0.04641457164879023
0,VPS13A (23230)_damaging,0.015187964930734288
0,TLE4 (7091)_damaging,0.030949134352585533
0,SLC28A3 (64078)_damaging,0.0
0,SECISBP2 (79048)_damaging,0.0
0,ROR2 (4920)_damaging,0.0
0,NOL8 (55035)_damaging,0.0
0,WNK2 (65268)_damaging,0.0
0,PHF2 (5253)_damaging,0.0
0,PTCH1 (5727)_damaging,0.0
0,COL15A1 (1306)_damaging,0.02415391484819245
0,GRIN3A (116443)_damaging,0.0
0,SMC2 (10592)_damaging,0.021045719418191593
0,ELP1 (8518)_damaging,0.02036164260741028
0,TMEM245 (23731)_damaging,0.02972657766915656
0,PALM2AKAP2 (445815)_damaging,0.0
0,SVEP1 (79987)_damaging,0.0
0,SHOC1 (158401)_damaging,0.017676049672973513
0,FKBP15 (23307)_damaging,0.03500302223174512
0,COL27A1 (85301)_damaging,0.05146161271301693
0,TLR4 (7099)_damaging,0.0
0,C5 (727)_damaging,0.0015619830907281896
0,CNTRL (11064)_damaging,0.07357036260946072
0,DENND1A (57706)_damaging,0.0
0,ADGRD2 (347088)_damaging,0.021707951632108854
0,GOLGA2 (2801)_damaging,0.002882909237286135
0,SPTAN1 (6709)_damaging,0.044401248329649444
0,HMCN2 (256158)_damaging,0.0
0,FUBP3 (8939)_damaging,0.005699818340681136
0,NUP214 (8021)_damaging,0.06153908399565897
0,PRRC2B (84726)_damaging,0.0
0,UCK1 (83549)_damaging,0.00010057494991429013
0,SETX (23064)_damaging,0.0
0,TTF1 (7270)_damaging,0.0
0,TSC1 (7248)_damaging,0.06660854940607899
0,ADAMTS13 (11093)_damaging,0.007068894445780695
0,ADAMTSL2 (9719)_damaging,0.0
0,SARDH (1757)_damaging,0.034325428081524424
0,BRD3 (8019)_damaging,0.02245901929620413
0,WDR5 (11091)_damaging,0.008894998616117755
0,COL5A1 (1289)_damaging,0.0
0,CAMSAP1 (157922)_damaging,0.02020027145492574
0,NOTCH1 (4851)_damaging,0.014133576881204517
0,ABCA2 (20)_damaging,0.041455351359706884
0,EXD3 (54932)_damaging,0.0064204199836472575
0,CACNA1B (774)_damaging,0.0
0,MXRA5 (25878)_damaging,0.021522782446415385
0,WWC3 (55841)_damaging,0.004639626410074249
0,MAP3K15 (389840)_damaging,0.0
0,DMD (1756)_damaging,0.09399430078090322
0,CFAP47 (286464)_damaging,0.07574542905442262
0,BCOR (54880)_damaging,0.06855510396979995
0,USP9X (8239)_damaging,0.041953587255300274
0,DDX3X (1654)_damaging,0.0045514276214367565
0,KDM6A (7403)_damaging,0.05805693898716492
0,RBM10 (8241)_damaging,0.024395691162494636
0,TFE3 (7030)_damaging,0.0
0,CCNB3 (85417)_damaging,0.007900504277264209
0,SHROOM4 (57477)_damaging,0.0
0,KDM5C (8242)_damaging,0.011834334867851527
0,IQSEC2 (23096)_damaging,0.0
0,HUWE1 (10075)_damaging,0.0
0,AMER1 (139285)_damaging,0.0
0,ZC3H12B (340554)_damaging,0.009632077329638982
0,OPHN1 (4983)_damaging,0.0
0,KIF4A (24137)_damaging,0.014337814448563633
0,MED12 (9968)_damaging,0.026942031267450334
0,ZMYM3 (9203)_damaging,0.12243104720064268
0,NEXMIF (340533)_damaging,0.0
0,ATRX (546)_damaging,0.06439003507911675
0,BRWD3 (254065)_damaging,0.045803803991268786
0,CYLC1 (1538)_damaging,0.008309883008644514
0,ZNF711 (7552)_damaging,0.0
0,DIAPH2 (1730)_damaging,0.0313603239183259
0,PCDH19 (57526)_damaging,0.0
0,RAB40A (142684)_damaging,0.06516202903149884
0,NRK (203447)_damaging,0.0
0,MORC4 (79710)_damaging,0.0
0,COL4A6 (1288)_damaging,0.0
0,COL4A5 (1287)_damaging,0.042312447657071456
0,DOCK11 (139818)_damaging,0.0
0,STAG2 (10735)_damaging,0.011280021607795891
0,TENM1 (10178)_damaging,0.0684798877033743
0,SMARCA1 (6594)_damaging,0.02067688721429158
0,BCORL1 (63035)_damaging,0.025789621078884578
0,USP26 (83844)_damaging,0.00511911438880605
0,SAGE1 (55511)_damaging,0.0
0,MAP7D3 (79649)_damaging,0.0009783165358179468
0,ADGRG4 (139378)_damaging,0.0
0,MCF2 (4168)_damaging,0.0
0,SPANXN4 (441525)_damaging,0.013320999710942501
0,SLITRK2 (84631)_damaging,0.017651430983296187
0,AFF2 (2334)_damaging,0.040297837709489914
0,PASD1 (139135)_damaging,0.011640418686625744
0,PLXNA3 (55558)_damaging,0.0
0,F8 (2157)_damaging,0.011553763442958186
0,MT-ND4 (4538)_damaging,0.08268639467156819
0,MT-ND5 (4540)_damaging,0.011162042852329345
1,MTOR (2475)_hotspot,0.07237718401327105
1,NRAS (4893)_hotspot,0.10448015398862784
1,PTEN (5728)_hotspot,0.023903193144524427
1,HRAS (3265)_hotspot,0.06976060761835164
1,ATM (472)_hotspot,0.0
1,KRAS (3845)_hotspot,0.0548311490983803
1,ERBB3 (2065)_hotspot,0.04655413527409201
1,RB1 (5925)_hotspot,0.07606958875158938
1,CREBBP (1387)_hotspot,0.0
1,TP53 (7157)_hotspot,0.10341503794573106
1,NF1 (4763)_hotspot,0.11848497489805643
1,ERBB2 (2064)_hotspot,0.0
1,SMAD4 (4089)_hotspot,0.060233595688957135
1,STK11 (6794)_hotspot,0.0
1,SMARCA4 (6597)_hotspot,0.0011676490678808838
1,C2orf81 (388963)_hotspot,0.03570060456235115
1,NFE2L2 (4780)_hotspot,0.06543441367191911
1,EP300 (2033)_hotspot,0.014713223353331481
1,VHL (7428)_hotspot,0.040710954751615465
1,CTNNB1 (1499)_hotspot,0.044308833016325995
1,RHOA (387)_hotspot,0.0
1,PIK3CA (5290)_hotspot,0.15535045283974883
1,FBXW7 (55294)_hotspot,0.07287745627994804
1,TERT (7015)_hotspot,0.10905629591696246
1,PIK3R1 (5295)_hotspot,0.003091472511773306
1,APC (324)_hotspot,0.04318631767956839
1,CCND3 (896)_hotspot,0.081640663379984
1,RAC1 (5879)_hotspot,0.0
1,EGFR (1956)_hotspot,0.05885998078213915
1,BRAF (673)_hotspot,0.12644105846759324
1,EZH2 (2146)_hotspot,0.037885562389342244
1,CDKN2A (1029)_hotspot,0.0
1,AGRN (375790)_damaging,0.013745564995889513
1,MXRA8 (54587)_damaging,0.0
1,MEGF6 (1953)_damaging,0.06810162622051685
1,CHD5 (26038)_damaging,0.08154663777802534
1,RPL22 (6146)_damaging,0.02093560379004066
1,ERRFI1 (54206)_damaging,0.0
1,SLC45A1 (50651)_damaging,0.0
1,RERE (473)_damaging,0.0021161771259190975
1,EXOSC10 (5394)_damaging,0.0
1,VPS13D (55187)_damaging,0.019111179150236055
1,FHAD1 (114827)_damaging,0.0
1,SPEN (23013)_damaging,0.0
1,EPHA2 (1969)_damaging,0.0
1,UBR4 (23352)_damaging,0.0
1,HSPG2 (3339)_damaging,0.03610443640419117
1,LUZP1 (7798)_damaging,0.0
1,ID3 (3399)_damaging,0.18068439446996457
1,ELOA (6924)_damaging,0.0
1,ARID1A (8289)_damaging,0.0
1,WDTC1 (23038)_damaging,0.0
1,AHDC1 (27245)_damaging,0.0
1,PTPRU (10076)_damaging,0.0
1,COL16A1 (1307)_damaging,0.0
1,CSMD2 (114784)_damaging,0.04952120089703494
1,ZMYM1 (79830)_damaging,0.0
1,ZMYM4 (9202)_damaging,0.031522531228483294
1,AGO1 (26523)_damaging,0.0
1,MAP7D1 (55700)_damaging,0.0
1,MACF1 (23499)_damaging,0.05331376676773749
1,HIVEP3 (59269)_damaging,0.0
1,TIE1 (7075)_damaging,0.0
1,SZT2 (23334)_damaging,0.0
1,MUTYH (4595)_damaging,0.0
1,MAST2 (23139)_damaging,0.0
1,PIK3R3 (8503)_damaging,0.0032175004064132263
1,FAAH (2166)_damaging,0.0
1,TAL1 (6886)_damaging,0.0
1,TUT4 (23318)_damaging,0.0
1,FYB2 (199920)_damaging,0.0
1,NFIA (4774)_damaging,0.007555872066913516
1,PATJ (10207)_damaging,0.0
1,DOCK7 (85440)_damaging,0.0
1,JAK1 (3716)_damaging,0.0
1,LEPR (3953)_damaging,0.019979454937350594
1,LRRC7 (57554)_damaging,0.004987018964003776
1,ERICH3 (127254)_damaging,0.037028503172403755
1,SLC44A5 (204962)_damaging,0.014841045282029546
1,ADGRL4 (64123)_damaging,0.06321564451404028
1,ADGRL2 (23266)_damaging,0.054045878880892
1,COL24A1 (255631)_damaging,0.0
1,BTBD8 (284697)_damaging,0.0
1,RPL5 (6125)_damaging,0.08774970653793575
1,COL11A1 (1301)_damaging,0.0
1,EPS8L3 (79574)_damaging,0.0
1,DENND2C (163259)_damaging,0.028329332226540414
1,SYCP1 (6847)_damaging,0.0
1,SPAG17 (200162)_damaging,0.07734381052592618
1,NOTCH2 (4853)_damaging,0.0
1,BCL9 (607)_damaging,0.0
1,OTUD7B (56957)_damaging,0.0
1,ADAMTSL4 (54507)_damaging,0.004351251681610105
1,SETDB1 (9869)_damaging,0.0
1,ZNF687 (57592)_damaging,0.0
1,FLG (2312)_damaging,0.0
1,CCDST (112268240)_damaging,0.028390098133092945
1,FLG2 (388698)_damaging,0.032011461627805736
1,UBAP2L (9898)_damaging,0.05503888573138129
1,SHC1 (6464)_damaging,0.0
1,ASH1L (55870)_damaging,0.049950789522585755
1,GON4L (54856)_damaging,0.06710820056393844
1,IQGAP3 (128239)_damaging,0.0006675061270712404
1,NES (10763)_damaging,0.0
1,INSRR (3645)_damaging,0.0
1,FCRL5 (83416)_damaging,0.0
1,SPTA1 (6708)_damaging,0.0
1,ARHGAP30 (257106)_damaging,0.0
1,ADCY10 (55811)_damaging,0.0
1,GPR161 (23432)_damaging,0.0
1,F5 (2153)_damaging,0.0023299091555076196
1,FIRRM (55732)_damaging,0.0
1,TNR (7143)_damaging,0.0
1,PAPPA2 (60676)_damaging,0.05578770593019357
1,ABL2 (27)_damaging,0.0
1,AXDND1 (126859)_damaging,0.01640493966246054
1,TDRD5 (163589)_damaging,0.0
1,CEP350 (9857)_damaging,0.009294929800298606
1,CACNA1E (777)_damaging,0.0
1,RGL1 (23179)_damaging,0.0
1,HMCN1 (83872)_damaging,0.0
1,TPR (7175)_damaging,0.028662062326330277
1,BRINP3 (339479)_damaging,0.0
1,KCNT2 (343450)_damaging,0.0
1,ASPM (259266)_damaging,0.0
1,PTPRC (5788)_damaging,0.003663825612822156
1,CAMSAP2 (23271)_damaging,0.0
1,CACNA1S (779)_damaging,0.012584758306903959
1,IGFN1 (91156)_damaging,0.05822550088832133
1,ELF3 (1999)_damaging,0.027715102430035506
1,KDM5B (10765)_damaging,0.025305470976811784
1,ATP2B4 (493)_damaging,0.0
1,PLEKHA6 (22874)_damaging,0.07580376888253633
1,PIK3C2B (5287)_damaging,0.0
1,NFASC (23114)_damaging,0.0
1,CR2 (1380)_damaging,0.0
1,CR1 (1378)_damaging,0.02919351234182857
1,PLXNA2 (5362)_damaging,0.0
1,PTPN14 (5784)_damaging,0.002983526768152092
1,CENPF (1063)_damaging,0.0
1,USH2A (7399)_damaging,0.026371096025501535
1,EPRS1 (2058)_damaging,0.06070464052922911
1,DNAH14 (127602)_damaging,0.0
1,CDC42BPA (8476)_damaging,0.0763733816792068
1,OBSCN (84033)_damaging,0.0
1,H3-4 (8290)_damaging,0.005391880997595479
1,SIPA1L2 (57568)_damaging,0.03254326221531569
1,PCNX2 (80003)_damaging,0.0
1,MAP3K21 (84451)_damaging,0.041073885850029565
1,ARID4B (51742)_damaging,0.0
1,LYST (1130)_damaging,0.0
1,RYR2 (6262)_damaging,0.04122973498536486
1,CHRM3 (1131)_damaging,0.005065092886706175
1,FMN2 (56776)_damaging,0.0
1,RGS7 (6000)_damaging,0.03225847522424295
1,KIF26B (55083)_damaging,0.0
1,AHCTF1 (25909)_damaging,0.0009400009081197304
1,NLRP3 (114548)_damaging,0.008982667243753718
1,LARP4B (23185)_damaging,0.0
1,PITRM1 (10531)_damaging,0.10701844177070743
1,FRMD4A (55691)_damaging,0.005210187856172026
1,ITGA8 (8516)_damaging,0.02525776855438016
1,CUBN (8029)_damaging,0.043896022134000505
1,MRC1 (4360)_damaging,0.013891464781110302
1,MALRD1 (340895)_damaging,0.07312578319644802
1,SPAG6 (9576)_damaging,0.0
1,ARMC3 (219681)_damaging,0.0
1,KIAA1217 (56243)_damaging,0.013297759442681818
1,GPR158 (57512)_damaging,0.06669970413156592
1,MYO3A (53904)_damaging,0.0496862770747541
1,ANKRD26 (22852)_damaging,0.026865417491526055
1,ODAD2 (55130)_damaging,0.013910966621699355
1,SVIL (6840)_damaging,0.0
1,JCAD (57608)_damaging,0.0
1,ZEB1 (6935)_damaging,0.053119034610427864
1,KIF5B (3799)_damaging,0.0
1,CCDC7 (79741)_damaging,0.004537998435349013
1,ANKRD30A (91074)_damaging,0.004967084099051472
1,RSU1P2 (100133308)_damaging,0.0
1,WDFY4 (57705)_damaging,0.012349883824086489
1,ERCC6 (2074)_damaging,0.0
1,PCDH15 (65217)_damaging,0.039398597736760084
1,ANK3 (288)_damaging,0.0
1,ARID5B (84159)_damaging,0.039991670897180635
1,JMJD1C (221037)_damaging,0.0
1,MYPN (84665)_damaging,0.0
1,DNA2 (1763)_damaging,0.026051839401865978
1,CDH23 (64072)_damaging,0.0
1,DLG5 (9231)_damaging,0.0
1,WAPL (23063)_damaging,0.0
1,PTEN (5728)_damaging,0.0
1,SLC16A12 (387700)_damaging,0.05205629391246646
1,KIF20B (9585)_damaging,0.0
1,BTAF1 (9044)_damaging,0.08515790155576247
1,MYOF (26509)_damaging,0.007766683881292816
1,PLCE1 (51196)_damaging,0.0
1,CC2D2B (387707)_damaging,0.0016790893737871598
1,ZNF518A (9849)_damaging,0.02915543211820153
1,LCOR (84458)_damaging,0.0
1,SLF2 (55719)_damaging,0.03400071186086693
1,PPRC1 (23082)_damaging,0.03705761783760193
1,PSD (5662)_damaging,0.0
1,PDCD11 (22984)_damaging,0.002037416552302979
1,SLK (9748)_damaging,0.03129103213046839
1,SORCS3 (22986)_damaging,0.0
1,SMC3 (9126)_damaging,0.0
1,GPAM (57678)_damaging,0.0
1,TCF7L2 (6934)_damaging,0.0
1,ATRNL1 (26033)_damaging,0.009231823702215688
1,TACC2 (10579)_damaging,0.016596842105161012
1,DMBT1 (1755)_damaging,0.08056700091974561
1,MKI67 (4288)_damaging,0.04324474922668673
1,JAKMIP3 (282973)_damaging,0.0
1,CFAP46 (54777)_damaging,0.07793166013312627
1,TUBGCP2 (10844)_damaging,0.0
1,B4GALNT4 (338707)_damaging,0.0
1,PKP3 (11187)_damaging,0.0
1,PHRF1 (57661)_damaging,0.01838123562830043
1,MUC5AC (4586)_damaging,0.0
1,MUC5B (727897)_damaging,0.0
1,BRSK2 (9024)_damaging,0.0
1,KCNQ1 (3784)_damaging,0.0
1,NUP98 (4928)_damaging,0.07566115616237146
1,DNHD1 (144132)_damaging,0.015382346297558275
1,DCHS1 (8642)_damaging,0.0
1,IPO7 (10527)_damaging,0.038704436215349254
1,SBF2 (81846)_damaging,0.0
1,PLEKHA7 (144100)_damaging,0.0
1,ABCC8 (6833)_damaging,0.035978327400322564
1,OTOG (340990)_damaging,0.02523339687823381
1,NAV2 (89797)_damaging,0.03189619021071814
1,DCDC1 (341019)_damaging,0.0
1,CCDC73 (493860)_damaging,0.07534896981176503
1,QSER1 (79832)_damaging,0.0
1,CSTF3 (1479)_damaging,0.0
1,PHF21A (51317)_damaging,0.0
1,LRP4 (4038)_damaging,0.0
1,FOLH1 (2346)_damaging,0.016115850678822936
1,OR4P4 (81300)_damaging,0.0
1,CTNND1 (1500)_damaging,0.0
1,DTX4 (23220)_damaging,0.0
1,AHNAK (79026)_damaging,0.0
1,SLC3A2 (6520)_damaging,0.04934605819126056
1,PLCB3 (5331)_damaging,0.0
1,NRXN2 (9379)_damaging,0.0007542586382912583
1,MEN1 (4221)_damaging,0.04187489861056556
1,PCNX3 (399909)_damaging,0.0
1,RIN1 (9610)_damaging,0.0
1,SHANK2 (22941)_damaging,0.0
1,NUMA1 (4926)_damaging,0.013914957658117053
1,INPPL1 (3636)_damaging,0.0
1,ARHGEF17 (9828)_damaging,0.011064888655170564
1,MYO7A (4647)_damaging,0.0
1,TENM4 (26011)_damaging,0.07253189519449371
1,PCF11 (51585)_damaging,0.0
1,SYTL2 (54843)_damaging,0.006209733378126707
1,FAT3 (120114)_damaging,0.0
1,CNTN5 (53942)_damaging,0.006272353039406745
1,CEP126 (57562)_damaging,0.08468666411409476
1,MMP3 (4314)_damaging,0.05552905708384788
1,MMP12 (4321)_damaging,0.0
1,DYNC2H1 (79659)_damaging,0.031553348786965196
1,NPAT (4863)_damaging,0.0
1,ATM (472)_damaging,0.0
1,EXPH5 (23086)_damaging,0.0
1,NCAM1 (4684)_damaging,0.03165283704559799
1,USP28 (57646)_damaging,0.0
1,DSCAML1 (57453)_damaging,0.01646388614782557
1,KMT2A (4297)_damaging,0.05524651620002201
1,BCL9L (283149)_damaging,0.0
1,HYOU1 (10525)_damaging,0.0
1,MFRP (83552)_damaging,0.0
1,ARHGEF12 (23365)_damaging,0.0
1,TECTA (7007)_damaging,0.06357419852119066
1,SORL1 (6653)_damaging,0.03744063876081385
1,JHY (79864)_damaging,0.0
1,ROBO3 (64221)_damaging,0.06440947965220174
1,CCDC15 (80071)_damaging,0.04293819301651881
1,NFRKB (4798)_damaging,0.0
1,IGSF9B (22997)_damaging,0.0
1,GLB1L2 (89944)_damaging,0.02460173633499036
1,LINC02714 (729305)_damaging,0.0
1,KDM5A (5927)_damaging,0.0
1,WNK1 (65125)_damaging,0.006411254054718535
1,CACNA1C (775)_damaging,0.055909585810742984
1,VWF (7450)_damaging,0.0
1,PLEKHG6 (55200)_damaging,0.0
1,CHD4 (1108)_damaging,0.032682678866102356
1,ATN1 (1822)_damaging,0.0
1,A2ML1 (144568)_damaging,0.03901113293572823
1,A2M (2)_damaging,0.05726673931978114
1,ETV6 (2120)_damaging,0.0
1,ATF7IP (55729)_damaging,0.0
1,GUCY2C (2984)_damaging,0.04060577241621773
1,EPS8 (2059)_damaging,0.0
1,PIK3C2G (5288)_damaging,0.013846216338466591
1,SLCO1C1 (53919)_damaging,0.0
1,SLCO1B3 (28234)_damaging,0.013142461161395093
1,RECQL (5965)_damaging,0.0
1,ABCC9 (10060)_damaging,0.08433967381217661
1,ITPR2 (3709)_damaging,0.0
1,OVCH1 (341350)_damaging,0.0
1,KIF21A (55605)_damaging,0.0
1,LRRK2 (120892)_damaging,0.0
1,MUC19 (283463)_damaging,0.029742079141914613
1,CNTN1 (1272)_damaging,0.0
1,PDZRN4 (29951)_damaging,0.0
1,ADAMTS20 (80070)_damaging,0.0
1,ANO6 (196527)_damaging,0.021939279310851458
1,ARID2 (196528)_damaging,0.0
1,HDAC7 (51564)_damaging,0.007280133355945928
1,COL2A1 (1280)_damaging,0.0
1,WNT1 (7471)_damaging,0.001887917769554746
1,KMT2D (8085)_damaging,0.07067831626589928
1,PRPF40B (25766)_damaging,0.05666208085663414
1,NCKAP5L (57701)_damaging,0.0
1,DIP2B (57609)_damaging,0.0
1,MAP3K12 (7786)_damaging,0.041459274330036835
1,ERBB3 (2065)_damaging,0.0
1,STAT2 (6773)_damaging,0.0
1,NACA (4666)_damaging,0.0466388900138307
1,MYO1A (4640)_damaging,0.0
1,STAT6 (6778)_damaging,0.0
1,LRP1 (4035)_damaging,0.0
1,GLI1 (2735)_damaging,0.0
1,MBD6 (114785)_damaging,0.0
1,PTPRB (5787)_damaging,0.03108882527540141
1,ZFC3H1 (196441)_damaging,0.0
1,E2F7 (144455)_damaging,0.0
1,NAV3 (89795)_damaging,0.04015424804362965
1,OTOGL (283310)_damaging,0.05433097910802374
1,PTPRQ (374462)_damaging,0.08639914107119706
1,PPFIA2 (8499)_damaging,0.0528087720897917
1,LRRIQ1 (84125)_damaging,0.0
1,CEP290 (80184)_damaging,0.0
1,EEA1 (8411)_damaging,0.03827615618396721
1,PLXNC1 (10154)_damaging,0.0
1,CFAP54 (144535)_damaging,0.022485989262293168
1,ANKS1B (56899)_damaging,0.0019065101137688669
1,BLTP3B (23074)_damaging,0.0004988152471956544
1,UTP20 (27340)_damaging,0.0
1,STAB2 (55576)_damaging,0.0961899168758685
1,HCFC2 (29915)_damaging,0.05322663599017437
1,ALDH1L2 (160428)_damaging,0.02841879519850179
1,ACACB (32)_damaging,0.009974666487023475
1,MVK (4598)_damaging,0.0
1,CUX2 (23316)_damaging,0.0
1,HECTD4 (283450)_damaging,0.0
1,DTX1 (1840)_damaging,0.0
1,NOS1 (4842)_damaging,0.0
1,CIT (11113)_damaging,0.09790293194331928
1,GCN1 (10985)_damaging,0.0007603235329569391
1,HNF1A (6927)_damaging,0.0
1,KDM2B (84678)_damaging,0.02519256257478987
1,SETD1B (23067)_damaging,0.0
1,KNTC1 (9735)_damaging,0.0
1,SBNO1 (55206)_damaging,0.0
1,DNAH10 (196385)_damaging,0.0
1,NCOR2 (9612)_damaging,0.0
1,TMEM132D (121256)_damaging,0.05966482202715391
1,RIMBP2 (23504)_damaging,0.011860007034331994
1,SFSWAP (6433)_damaging,0.0027676068966820252
1,ULK1 (8408)_damaging,0.0
1,EP400 (57634)_damaging,0.0
1,P2RX2 (22953)_damaging,0.030019666045275097
1,POLE (5426)_damaging,0.02092549259566789
1,ZMYM2 (7750)_damaging,0.0
1,SACS (26278)_damaging,0.06303134096583343
1,ATP8A2 (51761)_damaging,0.05015778593150858
1,FRY (10129)_damaging,0.01685521449009406
1,BRCA2 (675)_damaging,0.04136245437175924
1,PDS5B (23047)_damaging,0.09129653914415056
1,NBEA (26960)_damaging,0.058993964907988514
1,POSTN (10631)_damaging,0.0
1,FREM2 (341640)_damaging,0.037593005499098144
1,DGKH (160851)_damaging,0.04282780281388733
1,ZC3H13 (23091)_damaging,0.0
1,RB1 (5925)_damaging,0.1287111463366153
1,KLHL1 (57626)_damaging,3.818385891525462e-05
1,DACH1 (1602)_damaging,0.0
1,DIS3 (22894)_damaging,0.014059131857098181
1,MYCBP2 (23077)_damaging,0.0
1,DOCK9 (23348)_damaging,0.0
1,PCCA (5095)_damaging,0.03005896426237222
1,NALCN (259232)_damaging,0.0
1,CCDC168 (643677)_damaging,0.0
1,MYO16 (23026)_damaging,0.0
1,COL4A1 (1282)_damaging,0.0
1,COL4A2 (1284)_damaging,0.014355009774068686
1,TEP1 (7011)_damaging,0.004574901109656626
1,ARHGEF40 (55701)_damaging,0.0
1,CHD8 (57680)_damaging,0.0
1,AJUBA (84962)_damaging,0.06263286963079126
1,ACIN1 (22985)_damaging,0.0
1,MYH6 (4624)_damaging,0.028980924694023472
1,MYH7 (4625)_damaging,0.0
1,CARMIL3 (90668)_damaging,0.044582599243904064
1,NYNRIN (57523)_damaging,0.0
1,ARHGAP5 (394)_damaging,0.0
1,AKAP6 (9472)_damaging,0.0
1,NPAS3 (64067)_damaging,0.0
1,RALGAPA1 (253959)_damaging,0.0
1,TTC6 (319089)_damaging,0.0
1,MIA2 (4253)_damaging,0.0
1,TOGARAM1 (23116)_damaging,0.00035171746777309677
1,FANCM (57697)_damaging,0.0041372661958558295
1,MIS18BP1 (55320)_damaging,0.0
1,MDGA2 (161357)_damaging,0.06251290904956032
1,NIN (51199)_damaging,0.0
1,NID2 (22795)_damaging,0.0
1,KTN1 (3895)_damaging,0.04778409254830004
1,ARID4A (5926)_damaging,0.013863351865344063
1,HIF1A (3091)_damaging,0.07121910736399198
1,SYNE2 (23224)_damaging,0.06177353771494492
1,PCNX1 (22990)_damaging,0.003888299143559931
1,MIDEAS (91748)_damaging,0.0
1,YLPM1 (56252)_damaging,0.0
1,MLH3 (27030)_damaging,0.060426217427216704
1,NRXN3 (9369)_damaging,0.06463971262717785
1,CEP128 (145508)_damaging,0.0040664655686187086
1,EML5 (161436)_damaging,0.004890079934906514
1,TRIP11 (9321)_damaging,0.02168587767765558
1,UNC79 (57578)_damaging,0.0
1,ATG2B (55102)_damaging,0.0
1,RTL1 (388015)_damaging,0.006193994728884679
1,DYNC1H1 (1778)_damaging,0.10119726647367319
1,KIF26A (26153)_damaging,0.0
1,INF2 (64423)_damaging,0.043814704427494036
1,CEP170B (283638)_damaging,0.08197599783198083
1,AHNAK2 (113146)_damaging,0.0
1,MTA1 (9112)_damaging,0.0
1,HERC2 (8924)_damaging,0.0
1,TJP1 (7082)_damaging,0.0
1,TRPM1 (4308)_damaging,0.03026190107389918
1,FMN1 (342184)_damaging,0.0
1,RYR3 (6263)_damaging,0.0
1,CCDC9B (388115)_damaging,0.0
1,INO80 (54617)_damaging,0.0
1,TYRO3 (7301)_damaging,0.10111304602213737
1,MGA (23269)_damaging,0.007731712474664387
1,SPTBN5 (51332)_damaging,0.04260480685792353
1,ZNF106 (64397)_damaging,0.0
1,STARD9 (57519)_damaging,0.03224745904731078
1,TP53BP1 (7158)_damaging,0.0
1,MAP1A (4130)_damaging,0.010111430986408284
1,SPG11 (80208)_damaging,0.025555900197596924
1,B2M (567)_damaging,0.05074508326578829
1,DUOX2 (50506)_damaging,0.07994965552685411
1,FBN1 (2200)_damaging,0.0
1,CEP152 (22995)_damaging,0.022781501010148714
1,TRPM7 (54822)_damaging,0.0
1,AP4E1 (23431)_damaging,0.008521201901918244
1,DMXL2 (23312)_damaging,0.0
1,MYO5C (55930)_damaging,0.012885140035029512
1,WDR72 (256764)_damaging,0.0
1,UNC13C (440279)_damaging,0.0
1,RFX7 (64864)_damaging,0.0681635435392317
1,ICE2 (79664)_damaging,0.0
1,VPS13C (54832)_damaging,0.04910282400169158
1,TLN2 (83660)_damaging,0.029643212616468743
1,HERC1 (8925)_damaging,0.07464848150885918
1,ZNF609 (23060)_damaging,0.004277291314906456
1,CILP (8483)_damaging,0.0
1,MYO9A (4649)_damaging,0.10653946746472115
1,HCN4 (10021)_damaging,0.05135084847506594
1,ARID3B (10620)_damaging,0.060074037692486426
1,SIN3A (25942)_damaging,0.11366282973390782
1,PEAK1 (79834)_damaging,0.0
1,AP3B2 (8120)_damaging,0.02544218183635267
1,ADAMTSL3 (57188)_damaging,0.0
1,AKAP13 (11214)_damaging,0.07078222409375276
1,AGBL1 (123624)_damaging,0.0
1,TICRR (90381)_damaging,0.0
1,KIF7 (374654)_damaging,0.13652387592646148
1,IQGAP1 (8826)_damaging,0.0
1,BLM (641)_damaging,0.024396838183425713
1,FES (2242)_damaging,0.03242402919325628
1,CHD2 (1106)_damaging,0.01409407203900033
1,LRRK1 (79705)_damaging,0.0
1,AXIN1 (8312)_damaging,0.0028639757734435613
1,WDR90 (197335)_damaging,0.018777871075971914
1,CACNA1H (8912)_damaging,0.0
1,UNKL (64718)_damaging,0.0
1,CRAMP1 (57585)_damaging,0.0
1,TSC2 (7249)_damaging,0.0
1,PKD1 (5310)_damaging,0.01093487010441173
1,CASKIN1 (57524)_damaging,0.0
1,SLX4 (84464)_damaging,0.0
1,CREBBP (1387)_damaging,0.12300395542040457
1,CORO7 (79585)_damaging,0.052217564689042525
1,SEC14L5 (9717)_damaging,0.0
1,GRIN2A (2903)_damaging,0.014888589325451578
1,SMG1 (23049)_damaging,0.0
1,KNOP1 (400506)_damaging,0.0
1,DNAH3 (55567)_damaging,0.0
1,PALB2 (79728)_damaging,0.02882150864443486
1,RBBP6 (5930)_damaging,0.0
1,TNRC6A (27327)_damaging,0.02038302688003397
1,ARHGAP17 (55114)_damaging,0.016060151521412422
1,GTF3C1 (2975)_damaging,0.0
1,ATXN2L (11273)_damaging,0.0
1,ITGAL (3683)_damaging,0.03298585751956361
1,PRR14 (78994)_damaging,0.03193329260443226
1,FBRS (64319)_damaging,0.005508509618322992
1,SRCAP (10847)_damaging,0.0
1,SETD1A (9739)_damaging,0.0
1,ITGAD (3681)_damaging,0.01460872308661872
1,SALL1 (6299)_damaging,0.0
1,CHD9 (80205)_damaging,0.0
1,NLRC5 (84166)_damaging,0.0052687019389693075
1,CNOT1 (23019)_damaging,0.0
1,CDH8 (1006)_damaging,0.0
1,CDH11 (1009)_damaging,0.0
1,CTCF (10664)_damaging,0.03601873846578961
1,CDH1 (999)_damaging,0.0
1,MTSS2 (92154)_damaging,1.167360719881041e-06
1,ZFHX3 (463)_damaging,0.0
1,CNTNAP4 (85445)_damaging,0.0
1,WWOX (51741)_damaging,0.0008848314942987216
1,PKD1L2 (114780)_damaging,0.0
1,GSE1 (23199)_damaging,0.02409311280555223
1,IRF8 (3394)_damaging,0.05374563035733924
1,ZNF469 (84627)_damaging,0.010522648109933279
1,ZC3H18 (124245)_damaging,0.0
1,LINC02138 (400558)_damaging,0.0
1,ANKRD11 (29123)_damaging,0.0001094397329241592
1,VPS9D1 (9605)_damaging,0.0
1,FANCA (2175)_damaging,0.0
1,WDR81 (124997)_damaging,0.0
1,SPATA22 (84690)_damaging,0.0
1,ZZEF1 (23140)_damaging,0.0
1,USP6 (9098)_damaging,0.02836127849459068
1,FXR2 (9513)_damaging,0.04294832112328114
1,TP53 (7157)_damaging,0.38079917576468625
1,DNAH2 (146754)_damaging,0.0
1,KDM6B (23135)_damaging,0.005927556580305458
1,CHD3 (1107)_damaging,0.0
1,PER1 (5187)_damaging,0.0
1,PFAS (5198)_damaging,0.0
1,MYH13 (8735)_damaging,0.0
1,MYH8 (4626)_damaging,0.0
1,MYH1 (4619)_damaging,0.060907482498860376
1,MYH2 (4620)_damaging,0.0
1,DNAH9 (1770)_damaging,0.07286623239136088
1,MAP2K4 (6416)_damaging,0.0
1,MYOCD (93649)_damaging,0.0
1,NCOR1 (9611)_damaging,0.012297257520193755
1,MPRIP (23164)_damaging,0.0
1,FLCN (201163)_damaging,0.0033323619820376446
1,MYO15A (51168)_damaging,0.03635915106817414
1,TOP3A (7156)_damaging,0.0
1,KSR1 (8844)_damaging,0.0
1,MYO18A (399687)_damaging,0.008528536933350017
1,EFCAB5 (374786)_damaging,0.0
1,ATAD5 (79915)_damaging,0.018638478226207043
1,NF1 (4763)_damaging,0.0
1,SUZ12 (23512)_damaging,0.04450230114695821
1,SLFN11 (91607)_damaging,0.1256254725655762
1,ACACA (31)_damaging,0.0923830640923315
1,GPR179 (440435)_damaging,0.008951073807899269
1,SRCIN1 (80725)_damaging,0.03270001317783076
1,TOP2A (7153)_damaging,0.0
1,KCNH4 (23415)_damaging,0.0
1,STAT5B (6777)_damaging,0.0
1,PLEKHH3 (79990)_damaging,0.013186446272858976
1,BRCA1 (672)_damaging,0.07186361410010855
1,ITGA2B (3674)_damaging,0.09642057230758268
1,GPATCH8 (23131)_damaging,0.013965025955511709
1,KANSL1 (284058)_damaging,0.0
1,HOXB3 (3213)_damaging,0.0
1,COL1A1 (1277)_damaging,0.018022729079478397
1,SPAG9 (9043)_damaging,0.03814926414747242
1,TSPOAP1 (9256)_damaging,0.06020659281680696
1,RNF43 (54894)_damaging,0.016687726513113288
1,PPM1D (8493)_damaging,0.0
1,BRIP1 (83990)_damaging,0.0
1,MED13 (9969)_damaging,0.0
1,SCN4A (6329)_damaging,0.010118908578055266
1,GNA13 (10672)_damaging,0.053953460333838146
1,AXIN2 (8313)_damaging,0.004464096398419506
1,NOL11 (25926)_damaging,0.0
1,BPTF (2186)_damaging,0.043638319762196696
1,ABCA8 (10351)_damaging,0.015630723472242262
1,ABCA9 (10350)_damaging,0.03501577390717949
1,ABCA6 (23460)_damaging,0.0
1,ABCA10 (10349)_damaging,0.0
1,ABCA5 (23461)_damaging,0.024898506503515876
1,SOX9 (6662)_damaging,0.05773332980602275
1,SDK2 (54549)_damaging,0.055457159174845394
1,TMEM94 (9772)_damaging,0.0
1,CASKIN2 (57513)_damaging,0.0151477410063506
1,MYO15B (80022)_damaging,0.041774056577077806
1,ITGB4 (3691)_damaging,0.03070619424072509
1,SPHK1 (8877)_damaging,0.02344686128248236
1,TNRC6C (57690)_damaging,0.0
1,DNAH17 (8632)_damaging,0.02552562038798735
1,RPTOR (57521)_damaging,0.0
1,BAHCC1 (57597)_damaging,0.0
1,FASN (2194)_damaging,0.0
1,NARF (26502)_damaging,0.0
1,FOXK2 (3607)_damaging,0.0314056726732087
1,SMCHD1 (23347)_damaging,0.032419090596882985
1,EPB41L3 (23136)_damaging,0.0
1,LAMA1 (284217)_damaging,0.00024468137219693095
1,PTPRM (5797)_damaging,0.07033305382844625
1,MTCL1 (23255)_damaging,0.01287305707013927
1,ANKRD12 (23253)_damaging,0.0
1,PIEZO2 (63895)_damaging,0.010560284539325329
1,ANKRD30B (374860)_damaging,0.04385671114580412
1,ROCK1 (6093)_damaging,0.0
1,GREB1L (80000)_damaging,0.0
1,LAMA3 (3909)_damaging,0.028720275834523513
1,CCDC178 (374864)_damaging,0.0
1,ASXL3 (80816)_damaging,0.0
1,FHOD3 (80206)_damaging,0.11262788280961974
1,SYT4 (6860)_damaging,0.042857813115714696
1,SETBP1 (26040)_damaging,0.028224377654177988
1,LOXHD1 (125336)_damaging,0.011286946806409359
1,SKOR2 (652991)_damaging,0.06182128644395817
1,ZBTB7C (201501)_damaging,0.010521080573736019
1,MYO5B (4645)_damaging,0.0492295146910603
1,SMAD4 (4089)_damaging,0.05331916842273077
1,DCC (1630)_damaging,0.011849936500651007
1,ALPK2 (115701)_damaging,0.01183953717965638
1,CDH7 (1005)_damaging,0.0
1,DSEL (92126)_damaging,0.03401971557530001
1,RTTN (25914)_damaging,0.058321852768508105
1,CBLN2 (147381)_damaging,0.0021023155271586804
1,ZNF236 (7776)_damaging,0.016897044084481217
1,SALL3 (27164)_damaging,0.0
1,ATP9B (374868)_damaging,0.0
1,KCNG2 (26251)_damaging,0.00947756777871996
1,ABCA7 (10347)_damaging,0.0
1,STK11 (6794)_damaging,0.06088499770191426
1,TCF3 (6929)_damaging,0.09342015969150853
1,AP3D1 (8943)_damaging,0.05426769056418556
1,ZBTB7A (51341)_damaging,0.0
1,TICAM1 (148022)_damaging,0.0
1,KDM4B (23030)_damaging,0.05547379203801386
1,PTPRS (5802)_damaging,0.03891200237713103
1,SAFB2 (9667)_damaging,0.0
1,SAFB (6294)_damaging,0.0
1,CAMSAP3 (57662)_damaging,0.04660021452386868
1,MAP2K7 (5609)_damaging,0.027246854692475807
1,FBN3 (84467)_damaging,0.02236958120002357
1,MUC16 (94025)_damaging,0.02575895656871783
1,COL5A3 (50509)_damaging,0.0035822515111655065
1,DNMT1 (1786)_damaging,0.0031342932971235886
1,KEAP1 (9817)_damaging,0.0017806268266442936
1,SMARCA4 (6597)_damaging,0.0
1,CACNA1A (773)_damaging,0.07695810702070115
1,NOTCH3 (4854)_damaging,0.0
1,WIZ (58525)_damaging,0.0270134147378132
1,CHERP (10523)_damaging,0.0
1,CPAMD8 (27151)_damaging,0.014453935449380671
1,CRLF1 (9244)_damaging,0.05405263771082033
1,ZNF429 (353088)_damaging,0.01504665524287877
1,ZNF208 (7757)_damaging,0.0
1,ZNF729 (100287226)_damaging,0.019916199234363288
1,ZNF91 (7644)_damaging,0.0
1,URI1 (8725)_damaging,0.0
1,ZNF536 (9745)_damaging,0.05533553212303784
1,TSHZ3 (57616)_damaging,0.009273880996194334
1,KMT2B (9757)_damaging,0.0
1,WDR87 (83889)_damaging,0.0
1,RYR1 (6261)_damaging,0.0
1,CAPN12 (147968)_damaging,0.1409126676037176
1,PAF1 (54623)_damaging,0.0
1,FCGBP (8857)_damaging,0.0
1,PRX (57716)_damaging,0.03308665956385916
1,ERF (2077)_damaging,0.029857348443773645
1,CIC (23152)_damaging,0.045678560688892894
1,MEGF8 (1954)_damaging,0.03453670392111938
1,ARHGAP35 (2909)_damaging,0.0
1,BICRA (29998)_damaging,0.05358946144449817
1,GRIN2D (2906)_damaging,0.0
1,LMTK3 (114783)_damaging,0.029013050859257324
1,TRPM4 (54795)_damaging,0.0
1,TEAD2 (8463)_damaging,0.0
1,PRR12 (57479)_damaging,0.014701604650083789
1,SCAF1 (58506)_damaging,0.0
1,MYH14 (79784)_damaging,0.0
1,POLD1 (5424)_damaging,0.0
1,SHANK1 (50944)_damaging,0.0
1,BRSK1 (84446)_damaging,0.06388135269777893
1,SSC5D (284297)_damaging,0.058767461688206526
1,NLRP9 (338321)_damaging,0.0
1,NLRP4 (147945)_damaging,0.03177180600701374
1,PEG3 (5178)_damaging,0.0
1,ZIM3 (114026)_damaging,0.00668986301172916
1,TPO (7173)_damaging,0.042533203433515125
1,ROCK2 (9475)_damaging,0.025699903565383337
1,GREB1 (9687)_damaging,0.0
1,NBAS (51594)_damaging,0.10317813355529315
1,RAD51AP2 (729475)_damaging,0.015209570310235218
1,APOB (338)_damaging,0.0
1,TDRD15 (100129278)_damaging,0.0
1,ATAD2B (54454)_damaging,0.0
1,ITSN2 (50618)_damaging,0.0
1,DNMT3A (1788)_damaging,0.020935777708040417
1,ASXL2 (55252)_damaging,0.0
1,OTOF (9381)_damaging,0.027856082301259532
1,EMILIN1 (11117)_damaging,0.0
1,CAD (790)_damaging,0.0017665970477787915
1,IFT172 (26160)_damaging,0.08785653561940178
1,SPATA31H1 (84226)_damaging,0.0
1,BIRC6 (57448)_damaging,0.0021733851668490206
1,LTBP1 (4052)_damaging,0.04128011030466484
1,HEATR5B (54497)_damaging,0.006691036683316409
1,ZFP36L2 (678)_damaging,0.04618671204707894
1,THADA (63892)_damaging,0.0
1,MSH2 (4436)_damaging,0.029401335639342382
1,MSH6 (2956)_damaging,0.0
1,NRXN1 (9378)_damaging,0.0
1,EML6 (400954)_damaging,0.015358725906229467
1,MTIF2 (4528)_damaging,0.0005432581887212471
1,CCDC88A (55704)_damaging,0.0805862796282103
1,USP34 (9736)_damaging,0.0
1,ZNF638 (27332)_damaging,0.0
1,DYSF (8291)_damaging,0.0
1,ALMS1 (7840)_damaging,0.00463490457089762
1,LOXL3 (84695)_damaging,0.0
1,CTNNA2 (1496)_damaging,0.035816927347062044
1,DNAH6 (1768)_damaging,0.0481322326642771
1,POLR1A (25885)_damaging,0.017604067336080772
1,TMEM131 (23505)_damaging,0.0
1,VWA3B (200403)_damaging,0.003918778710633968
1,CRACDL (343990)_damaging,0.0
1,EIF5B (9669)_damaging,0.041339723543756736
1,RANBP2 (5903)_damaging,0.07184229468147056
1,DPP10 (57628)_damaging,0.06605219104176951
1,MARCO (8685)_damaging,0.0034977726420204244
1,EPB41L5 (57669)_damaging,0.0
1,CLASP1 (23332)_damaging,0.08506563123011095
1,CNTNAP5 (129684)_damaging,0.0490403464074777
1,ARHGEF4 (50649)_damaging,0.011849528218536697
1,NCKAP5 (344148)_damaging,0.018768105065935518
1,THSD7B (80731)_damaging,0.0
1,LRP1B (53353)_damaging,0.08028270501820284
1,ZEB2 (9839)_damaging,0.00043005224344505583
1,ACVR2A (92)_damaging,0.0
1,ORC4 (5000)_damaging,0.0
1,RIF1 (55183)_damaging,0.011662699331592634
1,NEB (4703)_damaging,0.06456181060736847
1,BAZ2B (29994)_damaging,0.0
1,LY75 (4065)_damaging,0.0
1,PLA2R1 (22925)_damaging,0.0
1,SLC4A10 (57282)_damaging,0.0
1,KCNH7 (90134)_damaging,0.0
1,FIGN (55137)_damaging,0.013253820823504793
1,SCN3A (6328)_damaging,0.01576404712840906
1,SCN2A (6326)_damaging,0.06743602266433012
1,TTC21B (79809)_damaging,0.0
1,SCN1A (6323)_damaging,0.06882359980267307
1,SCN9A (6335)_damaging,0.006740402501730911
1,SCN7A (6332)_damaging,0.0
1,XIRP2 (129446)_damaging,0.0
1,LRP2 (4036)_damaging,0.01709821847764399
1,PPIG (9360)_damaging,6.753773371762049e-05
1,MYO3B (140469)_damaging,0.07070855440718309
1,GPR155 (151556)_damaging,0.08388957675893856
1,TTN (7273)_damaging,0.0
1,CCDC141 (285025)_damaging,0.008644443779638657
1,ITGA4 (3676)_damaging,0.0
1,FSIP2 (401024)_damaging,0.0
1,COL3A1 (1281)_damaging,0.0
1,COL5A2 (1290)_damaging,0.07115768980310508
1,WDR75 (84128)_damaging,0.0
1,DNAH7 (56171)_damaging,0.01649627436150013
1,HECW2 (57520)_damaging,0.0021474457534006635
1,PLCL1 (5334)_damaging,0.029726460768038757
1,SGO2 (151246)_damaging,0.0
1,AOX1 (316)_damaging,0.06013218816541231
1,CASP8 (841)_damaging,0.01626369221547341
1,C2CD6 (151254)_damaging,0.05679000444364849
1,KIAA2012 (100652824)_damaging,0.0
1,BMPR2 (659)_damaging,0.0
1,NBEAL1 (65065)_damaging,0.0014293173227055028
1,PARD3B (117583)_damaging,0.0
1,NRP2 (8828)_damaging,0.0
1,INO80D (54891)_damaging,0.0
1,ZDBF2 (57683)_damaging,0.0
1,ADAM23 (8745)_damaging,0.004541652399140903
1,MAP2 (4133)_damaging,0.0
1,UNC80 (285175)_damaging,0.0
1,CPS1 (1373)_damaging,0.0
1,ERBB4 (2066)_damaging,0.004133344168187519
1,ABCA12 (26154)_damaging,0.0040484266074502576
1,FN1 (2335)_damaging,0.0
1,TNS1 (7145)_damaging,0.0
1,ZNF142 (7701)_damaging,0.0
1,CFAP65 (255101)_damaging,0.021801122327301893
1,SPEG (10290)_damaging,0.06868408249385816
1,OBSL1 (23363)_damaging,0.0
1,SLC4A3 (6508)_damaging,0.0
1,DOCK10 (55619)_damaging,0.008588839575560168
1,IRS1 (3667)_damaging,0.0018475870326556416
1,COL4A4 (1286)_damaging,0.07843193416081054
1,SPHKAP (80309)_damaging,0.0
1,GIGYF2 (26058)_damaging,0.0
1,COL6A3 (1293)_damaging,0.031000246092664694
1,RBM44 (375316)_damaging,0.0024549157153222435
1,HDAC4 (9759)_damaging,0.0
1,KIF1A (547)_damaging,0.0001693831383587204
1,PASK (23178)_damaging,0.009468959296274504
1,TGM6 (343641)_damaging,0.010125700122029464
1,FASTKD5 (60493)_damaging,0.05919254979081498
1,PLCB4 (5332)_damaging,0.0
1,ESF1 (51575)_damaging,0.0
1,SEL1L2 (80343)_damaging,0.03902991816447553
1,RRBP1 (6238)_damaging,0.026231181167014714
1,RALGAPA2 (57186)_damaging,0.010958172312177683
1,ASXL1 (171023)_damaging,0.15676968175071626
1,NCOA6 (23054)_damaging,0.024344144428379486
1,MYH7B (57644)_damaging,0.02722480619777031
1,CEP250 (11190)_damaging,0.025845794292057352
1,SAMHD1 (25939)_damaging,0.0059105319083157005
1,RALGAPB (57148)_damaging,0.0
1,CHD6 (84181)_damaging,0.004692254780740402
1,PTPRT (11122)_damaging,0.0
1,DDX27 (55661)_damaging,0.025289972699255606
1,KCNB1 (3745)_damaging,0.0
1,RIPOR3 (140876)_damaging,0.0
1,ADNP (23394)_damaging,0.0
1,ZNF831 (128611)_damaging,0.0
1,SYCP2 (10388)_damaging,0.0
1,TAF4 (6874)_damaging,0.0956776059218799
1,LAMA5 (3911)_damaging,0.004966640569642689
1,DIDO1 (11083)_damaging,0.08389415998010533
1,COL20A1 (57642)_damaging,0.0
1,HELZ2 (85441)_damaging,0.0
1,TPTE (7179)_damaging,0.07146735452758346
1,NRIP1 (8204)_damaging,0.06779191002054363
1,ADAMTS5 (11096)_damaging,0.02981348124995755
1,LTN1 (26046)_damaging,0.0
1,USP16 (10600)_damaging,0.028963280512971413
1,SCAF4 (57466)_damaging,0.0
1,ITSN1 (6453)_damaging,0.0
1,RUNX1 (861)_damaging,0.0
1,DOP1B (9980)_damaging,0.031073976739097738
1,BRWD1 (54014)_damaging,0.0
1,DSCAM (1826)_damaging,0.06838047027560105
1,ZBTB21 (49854)_damaging,0.0
1,NDUFV3 (4731)_damaging,0.0
1,TRPM2 (7226)_damaging,0.0
1,COL18A1 (80781)_damaging,0.047124420505079506
1,COL6A1 (1291)_damaging,0.0
1,PCNT (5116)_damaging,0.0
1,CECR2 (27443)_damaging,0.03808224873768754
1,MED15 (51586)_damaging,0.061731571225145124
1,LZTR1 (8216)_damaging,0.0
1,SMARCB1 (6598)_damaging,0.06592046237611858
1,MYO18B (84700)_damaging,0.0
1,MN1 (4330)_damaging,0.0
1,TTC28 (23331)_damaging,0.0
1,NF2 (4771)_damaging,0.07241800413357816
1,PRR14L (253143)_damaging,0.053464661210158256
1,DEPDC5 (9681)_damaging,0.022444841384915412
1,MYH9 (4627)_damaging,0.018580019667044843
1,CSF2RB (1439)_damaging,0.07135177986383907
1,TRIOBP (11078)_damaging,0.008164238172405955
1,CACNA1I (8911)_damaging,0.021566411128711365
1,TNRC6B (23112)_damaging,0.0
1,EP300 (2033)_damaging,0.0
1,ZC3H7B (23264)_damaging,0.0
1,MEI1 (150365)_damaging,0.0
1,TCF20 (6942)_damaging,0.0
1,SMC1B (27127)_damaging,0.0
1,PKDREJ (10343)_damaging,0.0
1,PLXNB2 (23654)_damaging,0.00777757979136846
1,PPP6R2 (9701)_damaging,0.044600205881375275
1,SBF1 (6305)_damaging,0.0
1,CHL1 (10752)_damaging,0.024740491674263912
1,CNTN6 (27255)_damaging,0.0
1,CNTN4 (152330)_damaging,0.0
1,GRM7 (2917)_damaging,0.0
1,SSUH2 (51066)_damaging,0.09625661197679845
1,VHL (7428)_damaging,0.0034342638607894166
1,KCNH8 (131096)_damaging,0.0
1,NEK10 (152110)_damaging,0.0
1,TGFBR2 (7048)_damaging,0.02831606834728156
1,CLASP2 (23122)_damaging,0.0
1,TRANK1 (9881)_damaging,0.03554242451758636
1,MLH1 (4292)_damaging,0.0
1,GOLGA4 (2803)_damaging,0.0
1,SCN5A (6331)_damaging,0.0
1,SCN10A (6336)_damaging,0.0027241448233570314
1,SCN11A (11280)_damaging,0.0
1,TOPAZ1 (375337)_damaging,0.0
1,KIF15 (56992)_damaging,0.0
1,SETD2 (29072)_damaging,0.0
1,PTPN23 (25930)_damaging,0.05522650987026047
1,PLXNB1 (5364)_damaging,0.0
1,COL7A1 (1294)_damaging,0.06206507009260239
1,CELSR3 (1951)_damaging,0.05031374395960141
1,RHOA (387)_damaging,0.045049719293728224
1,BSN (8927)_damaging,0.04360126546154858
1,RBM6 (10180)_damaging,0.0
1,DOCK3 (1795)_damaging,0.0
1,DNAH1 (25981)_damaging,0.012848550086785223
1,BAP1 (8314)_damaging,0.09719656547138254
1,STAB1 (23166)_damaging,0.0
1,PBRM1 (55193)_damaging,0.0
1,ERC2 (26059)_damaging,0.0
1,TASOR (23272)_damaging,0.0
1,DNAH12 (201625)_damaging,0.044200169696218206
1,FLNB (2317)_damaging,0.0
1,PTPRG (5793)_damaging,0.03179636753664982
1,ATXN7 (6314)_damaging,0.0
1,ROBO2 (6092)_damaging,0.058542092737934016
1,ROBO1 (6091)_damaging,0.0
1,EPHA3 (2042)_damaging,0.0
1,EPHA6 (285220)_damaging,0.0
1,CRYBG3 (131544)_damaging,0.008015291272019172
1,ABI3BP (25890)_damaging,0.00659590954195089
1,NFKBIZ (64332)_damaging,0.013966811678246841
1,MYH15 (22989)_damaging,0.03771858041045344
1,DZIP3 (9666)_damaging,0.0
1,MORC1 (27136)_damaging,0.023270847904570218
1,PHLDB2 (90102)_damaging,0.0
1,USF3 (205717)_damaging,0.0
1,ZBTB20 (26137)_damaging,0.004558428984405586
1,CFAP91 (89876)_damaging,0.0
1,POLQ (10721)_damaging,0.06318947327084824
1,GOLGB1 (2804)_damaging,0.0
1,KALRN (8997)_damaging,0.06355606600277103
1,PLXNA1 (5361)_damaging,0.041601111854112256
1,MBD4 (8930)_damaging,0.0
1,COL6A5 (256076)_damaging,0.07480548365562667
1,COL6A6 (131873)_damaging,0.0
1,DNAJC13 (23317)_damaging,0.0
1,TOPBP1 (11073)_damaging,0.04867210589811404
1,RASA2 (5922)_damaging,0.0
1,XRN1 (54464)_damaging,0.0
1,ATR (545)_damaging,0.037520176127310186
1,HPS3 (84343)_damaging,0.0
1,MED12L (116931)_damaging,0.05630404431563564
1,IGSF10 (285313)_damaging,0.018779392271433427
1,MME (4311)_damaging,0.0
1,PLCH1 (23007)_damaging,0.03603808804535339
1,SMC4 (10051)_damaging,0.0131673446045374
1,SI (6476)_damaging,0.0
1,ZBBX (79740)_damaging,0.0
1,MECOM (2122)_damaging,0.008426285348780429
1,TNIK (23043)_damaging,0.03993627750919143
1,USP13 (8975)_damaging,0.0
1,TTC14 (151613)_damaging,0.0
1,B3GNT5 (84002)_damaging,0.07406773274205306
1,VWA5B2 (90113)_damaging,0.0
1,MUC4 (4585)_damaging,0.05299117477713682
1,NSD2 (7468)_damaging,0.053179818664860525
1,POLN (353497)_damaging,0.009572855503887756
1,FAM193A (8603)_damaging,0.0
1,HTT (3064)_damaging,0.00020194527594510754
1,JAKMIP1 (152789)_damaging,0.03292927571109797
1,UNC93B7 (100887746)_damaging,0.02427575385124062
1,BOD1L1 (259282)_damaging,0.04851771350480562
1,SLIT2 (9353)_damaging,0.06232940005805874
1,PCDH7 (5099)_damaging,0.0
1,ARAP2 (116984)_damaging,0.05032802517380378
1,LIMCH1 (22998)_damaging,0.0
1,CORIN (10699)_damaging,0.0375196296476456
1,FRYL (285527)_damaging,0.008649847106797632
1,KDR (3791)_damaging,0.0
1,CRACD (57482)_damaging,0.09602555147483882
1,POLR2B (5431)_damaging,0.0
1,ADGRL3 (23284)_damaging,0.0
1,EPHA5 (2044)_damaging,0.0
1,CENPC (1060)_damaging,0.0015589727344841055
1,ADAMTS3 (9508)_damaging,0.03210099790865723
1,SHROOM3 (57619)_damaging,0.01619519564935892
1,FRAS1 (80144)_damaging,0.0
1,WDFY3 (23001)_damaging,0.10420982608571557
1,PTPN13 (5783)_damaging,0.013156504807224075
1,AFF1 (4299)_damaging,0.0
1,ABCG2 (9429)_damaging,0.0
1,SMARCAD1 (56916)_damaging,0.0706825433794138
1,CENPE (1062)_damaging,0.004204062438489932
1,TET2 (54790)_damaging,0.002147963137014924
1,COL25A1 (84570)_damaging,0.0
1,ZGRF1 (55345)_damaging,0.09139949990522797
1,ANK2 (287)_damaging,0.0
1,NDST4 (64579)_damaging,0.025908614957070156
1,BLTP1 (84162)_damaging,0.006101999980306683
1,FAT4 (79633)_damaging,0.05258245694336748
1,PCDH10 (57575)_damaging,0.0
1,NAA15 (80155)_damaging,0.0
1,LRBA (987)_damaging,0.011901369640995252
1,FBXW7 (55294)_damaging,0.03395145104089433
1,FHDC1 (85462)_damaging,0.0
1,DCHS2 (54798)_damaging,0.02528792668802414
1,MAP9 (79884)_damaging,0.0
1,GRIA2 (2891)_damaging,0.0
1,RAPGEF2 (9693)_damaging,0.0
1,FSTL5 (56884)_damaging,0.0
1,DDX60 (55601)_damaging,0.0
1,WDR17 (116966)_damaging,0.04014074162630729
1,TENM3 (55714)_damaging,0.0
1,WWC2 (80014)_damaging,0.0308494800774685
1,SORBS2 (8470)_damaging,0.0
1,FAT1 (2195)_damaging,0.0
1,SDHA (6389)_damaging,0.0
1,SLC12A7 (10723)_damaging,0.0
1,TERT (7015)_damaging,0.09876595495187343
1,ADAMTS16 (170690)_damaging,0.0
1,ICE1 (23379)_damaging,0.02477976784866431
1,SEMA5A (9037)_damaging,0.0
1,DNAH5 (1767)_damaging,0.0
1,TRIO (7204)_damaging,0.0
1,CDH18 (1016)_damaging,0.040465150005382505
1,CDH10 (1008)_damaging,0.014561563420880747
1,CDH6 (1004)_damaging,0.015468677532731522
1,PDZD2 (23037)_damaging,0.04428522928292657
1,ADAMTS12 (81792)_damaging,0.03702458444027964
1,SPEF2 (79925)_damaging,0.0
1,NIPBL (25836)_damaging,0.05613728953096494
1,CPLANE1 (65250)_damaging,0.10075841916215687
1,EGFLAM (133584)_damaging,0.0
1,CARD6 (84674)_damaging,0.025115510032918207
1,C7 (730)_damaging,0.09061855328962555
1,C6 (729)_damaging,0.0042213429875494115
1,HCN1 (348980)_damaging,0.06458248793089509
1,ITGA1 (3672)_damaging,0.0
1,DHX29 (54505)_damaging,0.03823517204017545
1,ZSWIM6 (57688)_damaging,0.0
1,PIK3R1 (5295)_damaging,0.032399526853436826
1,RAD17 (5884)_damaging,0.027809042048900293
1,BDP1 (55814)_damaging,0.03211659497866712
1,ARHGEF28 (64283)_damaging,0.045150232789714265
1,ANKRD31 (256006)_damaging,0.0
1,IQGAP2 (10788)_damaging,0.04700125411908363
1,AP3B1 (8546)_damaging,0.0
1,CMYA5 (202333)_damaging,0.08347062364958835
1,MSH3 (4437)_damaging,0.012604775785841694
1,VCAN (1462)_damaging,0.0
1,RASA1 (5921)_damaging,0.02409066498603829
1,ADGRV1 (84059)_damaging,0.0
1,KIAA0825 (285600)_damaging,0.0
1,SKIC3 (9652)_damaging,0.006526609969811498
1,ARSK (153642)_damaging,0.03100187608445611
1,SLCO6A1 (133482)_damaging,0.003740550872977416
1,APC (324)_damaging,0.01595682189207478
1,DMXL1 (1657)_damaging,0.0022294368317770474
1,FBN2 (2201)_damaging,0.014641583073156326
1,ADAMTS19 (171019)_damaging,0.000644517016600608
1,CHSY3 (337876)_damaging,0.0
1,FNIP1 (96459)_damaging,0.0
1,RAD50 (10111)_damaging,0.03176773463737703
1,CDKL3 (51265)_damaging,0.034759341373420335
1,PITX1 (5307)_damaging,0.08147767435140993
1,LINC02900 (340073)_damaging,0.03708580425339476
1,CTNNA1 (1495)_damaging,0.0459918301938761
1,ANKHD1 (54882)_damaging,0.0
1,WDR55 (54853)_damaging,0.022753390753925535
1,ARAP3 (64411)_damaging,0.002206091299940196
1,TCERG1 (10915)_damaging,0.0
1,FAT2 (2196)_damaging,0.0
1,GRIA1 (2890)_damaging,0.06651991685437886
1,LARP1 (23367)_damaging,0.0
1,TIMD4 (91937)_damaging,0.0
1,GABRG2 (2566)_damaging,0.10443883037832638
1,SLIT3 (6586)_damaging,0.0
1,DOCK2 (1794)_damaging,0.023897295935658616
1,NSD1 (64324)_damaging,0.05184003884958559
1,ADAMTS2 (9509)_damaging,0.0
1,FLT4 (2324)_damaging,0.0
1,DSP (1832)_damaging,0.0
1,HIVEP1 (3096)_damaging,0.0
1,PHACTR1 (221692)_damaging,0.0
1,JARID2 (3720)_damaging,0.037445540880855326
1,ATXN1 (6310)_damaging,0.05000110236358923
1,GABBR1 (2550)_damaging,0.06097078881541751
1,HLA-A (3105)_damaging,0.01370279331457322
1,MDC1 (9656)_damaging,0.0
1,MUCL3 (135656)_damaging,0.0
1,HLA-C (3107)_damaging,0.007726611118393551
1,HLA-B (3106)_damaging,0.0
1,PRRC2A (7916)_damaging,0.019146001051628808
1,BAG6 (7917)_damaging,0.039832075451815295
1,TNXB (7148)_damaging,0.06289899046637179
1,NOTCH4 (4855)_damaging,0.0
1,HLA-DRB5 (3127)_damaging,0.0
1,COL11A2 (1302)_damaging,0.0
1,BLTP3A (54887)_damaging,0.0
1,DNAH8 (1769)_damaging,0.0
1,CCND3 (896)_damaging,0.04879310327291133
1,ZNF318 (24149)_damaging,0.049204504841711114
1,TDRD6 (221400)_damaging,0.05776661717610022
1,MMUT (4594)_damaging,0.0
1,PKHD1 (5314)_damaging,0.024249521490509046
1,FAM83B (222584)_damaging,0.0
1,DST (667)_damaging,0.0016695489764306799
1,PHF3 (23469)_damaging,0.0
1,EYS (346007)_damaging,0.0
1,ADGRB3 (577)_damaging,0.0
1,COL19A1 (1310)_damaging,0.031249065045422065
1,COL9A1 (1297)_damaging,0.06921441957797846
1,RIMS1 (22999)_damaging,0.0
1,COL12A1 (1303)_damaging,0.015579114055965642
1,CEP162 (22832)_damaging,0.0
1,ZNF292 (23036)_damaging,0.0
1,MDN1 (23195)_damaging,0.05896946892990914
1,CASP8AP2 (9994)_damaging,0.09033625983557815
1,EPHA7 (2045)_damaging,0.06857414886941207
1,MMS22L (253714)_damaging,0.0
1,PNISR (25957)_damaging,0.0
1,ASCC3 (10973)_damaging,0.0006162403684584419
1,AK9 (221264)_damaging,0.027332820674018658
1,REV3L (5980)_damaging,0.0
1,LAMA4 (3910)_damaging,0.0
1,HDAC2 (3066)_damaging,0.0
1,ROS1 (6098)_damaging,0.0
1,TBC1D32 (221322)_damaging,0.0
1,TRDN (10345)_damaging,0.02826483708723492
1,MTCL3 (387104)_damaging,0.007679305729120593
1,LAMA2 (3908)_damaging,0.0
1,AKAP7 (9465)_damaging,0.0
1,MED23 (9439)_damaging,0.0
1,TNFAIP3 (7128)_damaging,0.11094163420591617
1,ARFGEF3 (57221)_damaging,0.004707302603609754
1,ECT2L (345930)_damaging,0.014873367554855552
1,HECA (51696)_damaging,0.02644146271047028
1,ADGRG6 (57211)_damaging,0.04214853041237689
1,HIVEP2 (3097)_damaging,0.05215612920226007
1,UTRN (7402)_damaging,0.004804215108136587
1,SHPRH (257218)_damaging,0.0
1,GRM1 (2911)_damaging,0.02323021374794455
1,ADGB (79747)_damaging,0.020726722583509417
1,STXBP5 (134957)_damaging,0.032371268228710476
1,SYNE1 (23345)_damaging,0.03197207642682549
1,SCAF8 (22828)_damaging,0.0
1,ARID1B (57492)_damaging,0.08634306887532336
1,FNDC1 (84624)_damaging,0.0
1,LPA (4018)_damaging,0.042538823726448516
1,QKI (9444)_damaging,0.06345540432382672
1,AFDN (4301)_damaging,0.0
1,CARD11 (84433)_damaging,0.0
1,TNRC18 (84629)_damaging,0.0
1,PMS2 (5395)_damaging,0.019131681265209057
1,COL28A1 (340267)_damaging,0.0
1,PHF14 (9678)_damaging,0.07165478501310162
1,THSD7A (221981)_damaging,0.0
1,VWDE (221806)_damaging,0.009972156577762266
1,DGKB (1607)_damaging,0.0
1,AHR (196)_damaging,0.005011684793569648
1,HDAC9 (9734)_damaging,0.0
1,ABCB5 (340273)_damaging,0.0825611101452295
1,SP8 (221833)_damaging,0.065045440009158
1,DNAH11 (8701)_damaging,0.0
1,RAPGEF5 (9771)_damaging,0.0
1,STK31 (56164)_damaging,0.06432307965571564
1,PDE1C (5137)_damaging,0.0
1,CDK13 (8621)_damaging,0.032376798243620504
1,GLI3 (2737)_damaging,0.0
1,HECW1 (23072)_damaging,0.04297967919043721
1,AEBP1 (165)_damaging,0.0
1,PKD1L1 (168507)_damaging,0.0
1,ABCA13 (154664)_damaging,0.03011086093390875
1,AUTS2 (26053)_damaging,0.0
1,PTPN12 (5782)_damaging,0.06681147270283481
1,MAGI2 (9863)_damaging,0.0009401630398766549
1,CD36 (948)_damaging,0.009425684260658797
1,PCLO (27445)_damaging,0.0
1,SEMA3E (9723)_damaging,0.019541698159898077
1,ABCB4 (5244)_damaging,0.0
1,ABCB1 (5243)_damaging,0.0
1,ZNF804B (219578)_damaging,0.0
1,AKAP9 (10142)_damaging,0.0
1,ANKIB1 (54467)_damaging,0.0
1,SAMD9 (54809)_damaging,0.054791672640047445
1,SAMD9L (219285)_damaging,0.0
1,CALCR (799)_damaging,0.0
1,COL1A2 (1278)_damaging,0.0
1,TRRAP (8295)_damaging,0.03114850604826813
1,GPC2 (221914)_damaging,0.017964164401485124
1,NYAP1 (222950)_damaging,0.0
1,GIGYF1 (64599)_damaging,0.0
1,ZAN (7455)_damaging,0.0
1,EPHB4 (2050)_damaging,0.0
1,MUC12 (10071)_damaging,0.07178100911650855
1,MUC17 (140453)_damaging,0.06350664393170537
1,PLOD3 (8985)_damaging,0.0
1,CUX1 (1523)_damaging,0.0
1,RELN (5649)_damaging,0.05018762990744277
1,KMT2E (55904)_damaging,0.0
1,PIK3CG (5294)_damaging,0.0
1,LAMB4 (22798)_damaging,0.0
1,PPP1R3A (5506)_damaging,0.05968993704681426
1,FOXP2 (93986)_damaging,0.0
1,CFTR (1080)_damaging,0.0
1,CTTNBP2 (83992)_damaging,0.01306915824269007
1,KCND2 (3751)_damaging,0.0
1,WNT16 (51384)_damaging,0.0
1,PTPRZ1 (5803)_damaging,0.06254166842778378
1,POT1 (25913)_damaging,0.0
1,GRM8 (2918)_damaging,0.03365161664484958
1,FLNC (2318)_damaging,0.0
1,KCP (375616)_damaging,0.015502270257114316
1,PLXNA4 (91584)_damaging,0.020702599195014666
1,NUP205 (23165)_damaging,0.0
1,TRIM24 (8805)_damaging,0.0
1,KIAA1549 (57670)_damaging,0.0
1,MGAM (8972)_damaging,0.01395604790390095
1,EPHB6 (2051)_damaging,0.0
1,KEL (3792)_damaging,0.0
1,NOBOX (135935)_damaging,0.034857980204686646
1,CNTNAP2 (26047)_damaging,0.0
1,NOS3 (4846)_damaging,0.05105102598088769
1,ATG9B (285973)_damaging,0.03670854402344264
1,KMT2C (58508)_damaging,0.02303742839223939
1,DPP6 (1804)_damaging,0.0
1,UBE3C (9690)_damaging,0.0007461555836378555
1,PTPRN2 (5799)_damaging,0.0
1,CSMD1 (64478)_damaging,0.010486250716403057
1,PRAG1 (157285)_damaging,0.017733961136719715
1,RP1L1 (94137)_damaging,0.04037315460457796
1,TRMT9B (57604)_damaging,0.016964070291445487
1,LOXL2 (4017)_damaging,0.0
1,ADAM28 (10863)_damaging,0.029154496127364322
1,DOCK5 (80005)_damaging,0.0
1,NUGGC (389643)_damaging,0.04580733468904032
1,TEX15 (56154)_damaging,0.04322710356577426
1,WRN (7486)_damaging,0.0
1,UNC5D (137970)_damaging,0.017030140615126293
1,ADGRA2 (25960)_damaging,0.0
1,NSD3 (54904)_damaging,0.00983576996373945
1,ANK1 (286)_damaging,0.03056912659372038
1,PRKDC (5591)_damaging,0.014952291277813631
1,PXDNL (137902)_damaging,0.0
1,ST18 (9705)_damaging,0.003588613880965239
1,RB1CC1 (9821)_damaging,0.0278217774334788
1,RP1 (6101)_damaging,0.0
1,CHD7 (55636)_damaging,0.0
1,ASPH (444)_damaging,0.0
1,ARFGEF1 (10565)_damaging,0.02910274876521776
1,PREX2 (80243)_damaging,0.0
1,SULF1 (23213)_damaging,0.0
1,KCNB2 (9312)_damaging,0.0288584217756576
1,ZFHX4 (79776)_damaging,0.0
1,WWP1 (11059)_damaging,0.0
1,NBN (4683)_damaging,0.00036608227538149126
1,ESRP1 (54845)_damaging,0.0
1,VPS13B (157680)_damaging,0.0
1,RGS22 (26166)_damaging,0.06224484168454072
1,UBR5 (51366)_damaging,0.01161774600930764
1,RIMS2 (9699)_damaging,0.0
1,PKHD1L1 (93035)_damaging,0.0
1,CSMD3 (114788)_damaging,0.0
1,COL14A1 (7373)_damaging,0.0463604844074432
1,FER1L6 (654463)_damaging,0.0
1,ASAP1 (50807)_damaging,0.055417658255770094
1,ADCY8 (114)_damaging,0.0
1,EFR3A (23167)_damaging,0.0
1,OC90 (729330)_damaging,0.0
1,KCNQ3 (3786)_damaging,0.0
1,PHF20L1 (51105)_damaging,0.02774864715906902
1,TG (7038)_damaging,0.02353570326826896
1,COL22A1 (169044)_damaging,0.04081664740997922
1,EPPK1 (83481)_damaging,0.0
1,PLEC (5339)_damaging,0.04496173470827747
1,PARP10 (84875)_damaging,0.07692454880922571
1,CYC1 (1537)_damaging,0.0
1,WDR97 (340390)_damaging,0.0
1,MROH1 (727957)_damaging,0.0
1,CPSF1 (29894)_damaging,0.038747087588796324
1,DOCK8 (81704)_damaging,0.019636766647429797
1,SMARCA2 (6595)_damaging,0.04472024550310253
1,PTPRD (5789)_damaging,0.06240861106865126
1,MPDZ (8777)_damaging,0.02436701401811068
1,FREM1 (158326)_damaging,0.04246106267021406
1,CNTLN (54875)_damaging,0.015508482721397786
1,ADAMTSL1 (92949)_damaging,0.010676397636805078
1,DENND4C (55667)_damaging,0.0036977365931611236
1,CDKN2A (1029)_damaging,0.035869471120609626
1,SPATA31G1 (138724)_damaging,0.0
1,FANCG (2189)_damaging,0.0
1,PIGO (84720)_damaging,0.011894247287538998
1,UNC13B (10497)_damaging,0.012522054291950939
1,RUSC2 (9853)_damaging,0.0
1,GBA2 (57704)_damaging,0.0
1,SPAG8 (26206)_damaging,0.07048148770393528
1,TJP2 (9414)_damaging,0.0
1,TRPM6 (140803)_damaging,0.0
1,PCSK5 (5125)_damaging,0.040555533597514015
1,PRUNE2 (158471)_damaging,0.02139752425700379
1,VPS13A (23230)_damaging,0.04716253297881281
1,TLE4 (7091)_damaging,0.042645021107104705
1,SPATA31D1 (389763)_damaging,0.0
1,KIF27 (55582)_damaging,0.033390522598271785
1,TUT7 (79670)_damaging,0.0185770298317156
1,ROR2 (4920)_damaging,0.0
1,NOL8 (55035)_damaging,0.0
1,WNK2 (65268)_damaging,0.0
1,PHF2 (5253)_damaging,0.00030388215662649796
1,PTCH1 (5727)_damaging,0.022659805368551812
1,COL15A1 (1306)_damaging,0.07441568661025204
1,SMC2 (10592)_damaging,0.0
1,ABCA1 (19)_damaging,0.0
1,ELP1 (8518)_damaging,0.0
1,TMEM245 (23731)_damaging,0.0
1,PALM2AKAP2 (445815)_damaging,0.0
1,SVEP1 (79987)_damaging,0.0233047122843075
1,SHOC1 (158401)_damaging,0.030765276343872862
1,COL27A1 (85301)_damaging,0.03664847972294944
1,C5 (727)_damaging,0.023883039769924657
1,CNTRL (11064)_damaging,0.03700135908681353
1,DENND1A (57706)_damaging,0.02001194459250833
1,SPTAN1 (6709)_damaging,0.0
1,HMCN2 (256158)_damaging,0.0
1,FUBP3 (8939)_damaging,0.0238326405254655
1,LAMC3 (10319)_damaging,0.0
1,NUP214 (8021)_damaging,0.026403526156698626
1,PRRC2B (84726)_damaging,0.0
1,UCK1 (83549)_damaging,0.012759999422249703
1,SETX (23064)_damaging,0.0
1,TSC1 (7248)_damaging,0.0743973638815728
1,ADAMTS13 (11093)_damaging,0.03561376703022156
1,ADAMTSL2 (9719)_damaging,0.0
1,BRD3 (8019)_damaging,0.02119589101675374
1,WDR5 (11091)_damaging,0.018421069425377096
1,COL5A1 (1289)_damaging,0.017841223239348843
1,CAMSAP1 (157922)_damaging,0.03511567054667744
1,SEC16A (9919)_damaging,0.02389309799284927
1,NOTCH1 (4851)_damaging,0.0
1,ABCA2 (20)_damaging,0.03286364253044089
1,EXD3 (54932)_damaging,0.0
1,CACNA1B (774)_damaging,0.0
1,MXRA5 (25878)_damaging,0.03341146031447976
1,SHROOM2 (357)_damaging,0.0
1,WWC3 (55841)_damaging,0.018676342271221915
1,NHS (4810)_damaging,0.0
1,MAP3K15 (389840)_damaging,0.0
1,DMD (1756)_damaging,0.05532446068804878
1,CFAP47 (286464)_damaging,0.09319802501492876
1,RPGR (6103)_damaging,0.0
1,BCOR (54880)_damaging,0.046441710472842505
1,USP9X (8239)_damaging,0.09757008716897216
1,DDX3X (1654)_damaging,0.0
1,KDM6A (7403)_damaging,0.006962362611438034
1,RBM10 (8241)_damaging,0.0
1,TFE3 (7030)_damaging,0.0009565453525844854
1,CCNB3 (85417)_damaging,0.009746248513737975
1,SHROOM4 (57477)_damaging,0.0
1,KDM5C (8242)_damaging,0.014172710301333925
1,IQSEC2 (23096)_damaging,0.005854296535210617
1,HUWE1 (10075)_damaging,0.0
1,WNK3 (65267)_damaging,0.00049832426341357
1,AMER1 (139285)_damaging,0.0
1,ZC3H12B (340554)_damaging,0.0
1,OPHN1 (4983)_damaging,0.0
1,MED12 (9968)_damaging,0.007745262479829826
1,ZMYM3 (9203)_damaging,0.018231973432647392
1,PHKA1 (5255)_damaging,0.009635487735020692
1,NEXMIF (340533)_damaging,0.0
1,ATRX (546)_damaging,0.094378667338425
1,BRWD3 (254065)_damaging,3.520056690812506e-05
1,CYLC1 (1538)_damaging,0.0
1,ZNF711 (7552)_damaging,0.0
1,DIAPH2 (1730)_damaging,0.014243953302922382
1,PCDH19 (57526)_damaging,0.0
1,RAB40A (142684)_damaging,0.05006722941686333
1,NRK (203447)_damaging,0.04242175149772729
1,COL4A6 (1288)_damaging,0.0
1,COL4A5 (1287)_damaging,0.0007550576949419131
1,GUCY2F (2986)_damaging,0.0
1,DOCK11 (139818)_damaging,0.0
1,STAG2 (10735)_damaging,0.0
1,TENM1 (10178)_damaging,0.07714515124346116
1,SMARCA1 (6594)_damaging,0.06548875047283138
1,BCORL1 (63035)_damaging,0.0
1,USP26 (83844)_damaging,0.011391026124194792
1,MAP7D3 (79649)_damaging,0.01598532206428051
1,ADGRG4 (139378)_damaging,0.0
1,SPANXN4 (441525)_damaging,0.0
1,FMR1 (2332)_damaging,0.0
1,AFF2 (2334)_damaging,0.002213819436464637
1,PLXNA3 (55558)_damaging,0.0
1,F8 (2157)_damaging,0.0
1,MT-ND4 (4538)_damaging,0.055082763346307864
1,MT-ND5 (4540)_damaging,0.023050574452294817
2,MTOR (2475)_hotspot,0.06038906274143225
2,NRAS (4893)_hotspot,0.07462267028645708
2,PTEN (5728)_hotspot,0.021522921952970783
2,HRAS (3265)_hotspot,0.018028546050105315
2,ATM (472)_hotspot,0.0
2,KRAS (3845)_hotspot,0.07711023796159903
2,RB1 (5925)_hotspot,0.06134475593378547
2,CREBBP (1387)_hotspot,0.0
2,TP53 (7157)_hotspot,0.11070999900103294
2,NF1 (4763)_hotspot,0.05816817549668808
2,ERBB2 (2064)_hotspot,0.0
2,SMAD4 (4089)_hotspot,0.04616301620069543
2,STK11 (6794)_hotspot,0.0
2,SMARCA4 (6597)_hotspot,0.0
2,C2orf81 (388963)_hotspot,0.0
2,NFE2L2 (4780)_hotspot,0.08829822646474189
2,TPTE (7179)_hotspot,0.04213746970354364
2,VHL (7428)_hotspot,0.0
2,CTNNB1 (1499)_hotspot,0.0
2,RHOA (387)_hotspot,0.0
2,PIK3CA (5290)_hotspot,0.048192215487173805
2,FBXW7 (55294)_hotspot,0.06620318124435329
2,TERT (7015)_hotspot,0.11340238054994982
2,PIK3R1 (5295)_hotspot,0.0
2,APC (324)_hotspot,0.00041648712814230926
2,RAC1 (5879)_hotspot,0.0
2,EGFR (1956)_hotspot,0.0
2,BRAF (673)_hotspot,0.14755107530862283
2,EZH2 (2146)_hotspot,0.018429542821387868
2,CDKN2A (1029)_hotspot,0.0
2,ACAP3 (116983)_damaging,0.0
2,DVL1 (1855)_damaging,0.0
2,MXRA8 (54587)_damaging,0.0
2,MEGF6 (1953)_damaging,0.0005936560582797517
2,CHD5 (26038)_damaging,0.018885657666956084
2,RPL22 (6146)_damaging,0.006760971610504946
2,CAMTA1 (23261)_damaging,0.0
2,ERRFI1 (54206)_damaging,0.0
2,SLC45A1 (50651)_damaging,0.0
2,RERE (473)_damaging,0.0
2,EXOSC10 (5394)_damaging,0.0
2,VPS13D (55187)_damaging,0.0
2,FHAD1 (114827)_damaging,0.001846952380723601
2,SPEN (23013)_damaging,0.0
2,EPHA2 (1969)_damaging,0.0
2,UBR4 (23352)_damaging,0.0
2,VWA5B1 (127731)_damaging,0.0
2,HSPG2 (3339)_damaging,0.0
2,LUZP1 (7798)_damaging,0.0
2,ID3 (3399)_damaging,0.1717168147715467
2,ELOA (6924)_damaging,0.0
2,ARID1A (8289)_damaging,0.0
2,WDTC1 (23038)_damaging,0.0
2,AHDC1 (27245)_damaging,0.0
2,PTPRU (10076)_damaging,0.0
2,COL16A1 (1307)_damaging,0.0
2,CSMD2 (114784)_damaging,0.032584139199132965
2,ZMYM6 (9204)_damaging,0.0
2,ZMYM1 (79830)_damaging,0.0
2,ZMYM4 (9202)_damaging,0.0
2,AGO1 (26523)_damaging,0.0
2,MAP7D1 (55700)_damaging,0.032648220241810764
2,MACF1 (23499)_damaging,0.0
2,RLF (6018)_damaging,0.0
2,HIVEP3 (59269)_damaging,0.0
2,TIE1 (7075)_damaging,0.0
2,SZT2 (23334)_damaging,0.0
2,PTCH2 (8643)_damaging,0.0
2,MUTYH (4595)_damaging,0.0
2,NASP (4678)_damaging,0.0
2,MAST2 (23139)_damaging,0.0
2,PIK3R3 (8503)_damaging,0.0
2,FAAH (2166)_damaging,0.002374579380468783
2,TAL1 (6886)_damaging,0.0
2,FYB2 (199920)_damaging,0.0
2,NFIA (4774)_damaging,0.0
2,PATJ (10207)_damaging,0.0
2,DOCK7 (85440)_damaging,0.0
2,EFCAB7 (84455)_damaging,0.0
2,JAK1 (3716)_damaging,0.0
2,LEPR (3953)_damaging,0.0
2,LRRC7 (57554)_damaging,0.0
2,TNNI3K (51086)_damaging,0.0
2,ERICH3 (127254)_damaging,0.037311432849608646
2,SLC44A5 (204962)_damaging,0.0
2,FUBP1 (8880)_damaging,0.0
2,ADGRL4 (64123)_damaging,0.0
2,ADGRL2 (23266)_damaging,0.00103767617660391
2,DNAI3 (126820)_damaging,0.0
2,COL24A1 (255631)_damaging,0.0
2,GBP1 (2633)_damaging,0.0
2,HFM1 (164045)_damaging,0.0
2,BTBD8 (284697)_damaging,0.0
2,RPL5 (6125)_damaging,0.08128674854345738
2,ABCA4 (24)_damaging,0.0
2,DPYD (1806)_damaging,0.0
2,COL11A1 (1301)_damaging,0.0
2,CEPT1 (10390)_damaging,0.0
2,MAGI3 (260425)_damaging,0.0
2,DENND2C (163259)_damaging,0.0
2,SYCP1 (6847)_damaging,0.0
2,CD58 (965)_damaging,0.0
2,SPAG17 (200162)_damaging,0.03170070423445848
2,NOTCH2 (4853)_damaging,0.0
2,BCL9 (607)_damaging,0.0
2,ADAMTSL4 (54507)_damaging,0.0
2,ZNF687 (57592)_damaging,0.0
2,FLG (2312)_damaging,0.0
2,CCDST (112268240)_damaging,0.007870690926257876
2,FLG2 (388698)_damaging,0.0
2,DENND4B (9909)_damaging,0.0
2,SHC1 (6464)_damaging,0.0
2,ASH1L (55870)_damaging,0.007740770944686538
2,GON4L (54856)_damaging,0.0
2,IQGAP3 (128239)_damaging,0.0
2,NES (10763)_damaging,0.0
2,INSRR (3645)_damaging,0.0
2,FCRL5 (83416)_damaging,0.0
2,SPTA1 (6708)_damaging,0.07649829216743335
2,IGSF9 (57549)_damaging,0.0
2,ADCY10 (55811)_damaging,0.0
2,F5 (2153)_damaging,0.0
2,FIRRM (55732)_damaging,0.0
2,TNR (7143)_damaging,0.0
2,PAPPA2 (60676)_damaging,0.0
2,RASAL2 (9462)_damaging,0.0
2,ABL2 (27)_damaging,0.0
2,AXDND1 (126859)_damaging,0.011955799808939757
2,TDRD5 (163589)_damaging,0.0
2,CEP350 (9857)_damaging,0.0
2,CACNA1E (777)_damaging,0.008387584191265663
2,RGL1 (23179)_damaging,0.0
2,HMCN1 (83872)_damaging,0.0
2,TPR (7175)_damaging,0.0
2,BRINP3 (339479)_damaging,0.0
2,CFH (3075)_damaging,0.0
2,ASPM (259266)_damaging,0.0
2,CRB1 (23418)_damaging,0.0
2,PTPRC (5788)_damaging,0.0
2,CAMSAP2 (23271)_damaging,0.0
2,CACNA1S (779)_damaging,0.0
2,IGFN1 (91156)_damaging,0.016666543078997297
2,NAV1 (89796)_damaging,0.0
2,ELF3 (1999)_damaging,0.000499190678393315
2,KDM5B (10765)_damaging,0.0
2,ATP2B4 (493)_damaging,0.0
2,PLEKHA6 (22874)_damaging,0.0
2,PIK3C2B (5287)_damaging,0.0
2,NFASC (23114)_damaging,0.0
2,CR2 (1380)_damaging,0.0
2,CR1 (1378)_damaging,0.0
2,PLXNA2 (5362)_damaging,0.0
2,PROX1 (5629)_damaging,0.0
2,PTPN14 (5784)_damaging,0.00826643131660505
2,CENPF (1063)_damaging,1.9184210376507225e-05
2,USH2A (7399)_damaging,0.014314497620675028
2,DISP1 (84976)_damaging,0.0
2,DNAH14 (127602)_damaging,0.002487595612069181
2,CDC42BPA (8476)_damaging,0.0
2,OBSCN (84033)_damaging,0.0
2,H3-4 (8290)_damaging,0.0
2,SIPA1L2 (57568)_damaging,0.008923502190231795
2,PCNX2 (80003)_damaging,0.0
2,ARID4B (51742)_damaging,0.0
2,LYST (1130)_damaging,0.0
2,RYR2 (6262)_damaging,0.03420303612171743
2,CHRM3 (1131)_damaging,0.0
2,FMN2 (56776)_damaging,0.0
2,RGS7 (6000)_damaging,0.0
2,WDR64 (128025)_damaging,0.0007473895444064926
2,KIF26B (55083)_damaging,0.0
2,AHCTF1 (25909)_damaging,0.0
2,NLRP3 (114548)_damaging,0.0
2,LARP4B (23185)_damaging,0.0
2,TAF3 (83860)_damaging,0.02857560100034617
2,FRMD4A (55691)_damaging,0.0
2,ITGA8 (8516)_damaging,0.023188286919397484
2,CUBN (8029)_damaging,0.0
2,MRC1 (4360)_damaging,0.0
2,MALRD1 (340895)_damaging,0.02051771378270736
2,PLXDC2 (84898)_damaging,0.0
2,ARMC3 (219681)_damaging,0.0
2,GPR158 (57512)_damaging,0.0
2,MYO3A (53904)_damaging,0.010183770205934903
2,ANKRD26 (22852)_damaging,0.00031584199432448145
2,ODAD2 (55130)_damaging,0.0
2,SVIL (6840)_damaging,0.0
2,JCAD (57608)_damaging,3.489358413937083e-07
2,KIF5B (3799)_damaging,0.0
2,PARD3 (56288)_damaging,0.0
2,ANKRD30A (91074)_damaging,0.0
2,RSU1P2 (100133308)_damaging,0.0
2,WDFY4 (57705)_damaging,0.0
2,C10orf71 (118461)_damaging,0.0
2,ERCC6 (2074)_damaging,0.0
2,PCDH15 (65217)_damaging,0.0
2,ANK3 (288)_damaging,0.0
2,ARID5B (84159)_damaging,0.0
2,EGR2 (1959)_damaging,0.0
2,JMJD1C (221037)_damaging,0.0
2,CTNNA3 (29119)_damaging,0.0
2,MYPN (84665)_damaging,0.0
2,DNA2 (1763)_damaging,0.015126562844452867
2,CDH23 (64072)_damaging,0.0
2,DLG5 (9231)_damaging,0.0
2,ZMIZ1 (57178)_damaging,0.0
2,NRG3 (10718)_damaging,0.04730946323063795
2,WAPL (23063)_damaging,0.0
2,PTEN (5728)_damaging,0.0
2,STAMBPL1 (57559)_damaging,0.0
2,KIF20B (9585)_damaging,0.0
2,MYOF (26509)_damaging,0.008583539572568138
2,PDE6C (5146)_damaging,0.0
2,PLCE1 (51196)_damaging,0.0
2,ZNF518A (9849)_damaging,0.0
2,LCOR (84458)_damaging,0.025187501002520787
2,SLIT1 (6585)_damaging,0.0
2,LOXL4 (84171)_damaging,0.0265150603617662
2,SEC31B (25956)_damaging,0.0
2,PAX2 (5076)_damaging,0.0
2,SLF2 (55719)_damaging,0.019879163893094833
2,PPRC1 (23082)_damaging,0.025434797211527797
2,NOLC1 (9221)_damaging,0.0
2,CNNM2 (54805)_damaging,0.0
2,SLK (9748)_damaging,0.0762869656626235
2,COL17A1 (1308)_damaging,0.008896330282200939
2,SORCS3 (22986)_damaging,0.0
2,SORCS1 (114815)_damaging,0.0
2,SMC3 (9126)_damaging,0.0
2,GPAM (57678)_damaging,0.0
2,TCF7L2 (6934)_damaging,0.0
2,ATRNL1 (26033)_damaging,0.0
2,PDZD8 (118987)_damaging,0.019268024835873376
2,TACC2 (10579)_damaging,0.0
2,DMBT1 (1755)_damaging,0.01583933156612257
2,DOCK1 (1793)_damaging,0.0
2,MKI67 (4288)_damaging,0.0
2,JAKMIP3 (282973)_damaging,0.0
2,CFAP46 (54777)_damaging,0.0
2,B4GALNT4 (338707)_damaging,0.0
2,PKP3 (11187)_damaging,0.0
2,PHRF1 (57661)_damaging,0.0
2,MUC6 (4588)_damaging,0.0
2,MUC5AC (4586)_damaging,0.013812329998633202
2,MUC5B (727897)_damaging,0.0
2,BRSK2 (9024)_damaging,0.0
2,KCNQ1 (3784)_damaging,0.0
2,NUP98 (4928)_damaging,0.013203827214758511
2,OR51E2 (81285)_damaging,0.0
2,DNHD1 (144132)_damaging,0.0
2,DCHS1 (8642)_damaging,0.0
2,IPO7 (10527)_damaging,0.0
2,SBF2 (81846)_damaging,0.0
2,PLEKHA7 (144100)_damaging,0.0
2,ABCC8 (6833)_damaging,0.022463094039840825
2,USH1C (10083)_damaging,0.0
2,OTOG (340990)_damaging,0.0
2,HPS5 (11234)_damaging,0.0
2,NAV2 (89797)_damaging,0.0
2,ANO5 (203859)_damaging,0.019780246414250878
2,ANO3 (63982)_damaging,0.05112687429278748
2,DCDC1 (341019)_damaging,0.0
2,CCDC73 (493860)_damaging,0.06493667952038563
2,QSER1 (79832)_damaging,0.0
2,CSTF3 (1479)_damaging,0.0
2,HIPK3 (10114)_damaging,0.0
2,LRP4 (4038)_damaging,0.0
2,FOLH1 (2346)_damaging,0.0
2,OR4P4 (81300)_damaging,0.0
2,TNKS1BP1 (85456)_damaging,0.053378067251846815
2,CTNND1 (1500)_damaging,0.0
2,AHNAK (79026)_damaging,0.0
2,EML3 (256364)_damaging,0.0
2,SLC3A2 (6520)_damaging,0.0
2,PLCB3 (5331)_damaging,0.0
2,NRXN2 (9379)_damaging,0.0
2,PCNX3 (399909)_damaging,0.0
2,RIN1 (9610)_damaging,0.0
2,SHANK2 (22941)_damaging,0.03555682163461686
2,NUMA1 (4926)_damaging,0.0
2,INPPL1 (3636)_damaging,0.03075536786778896
2,ARHGEF17 (9828)_damaging,0.0
2,C2CD3 (26005)_damaging,0.0
2,MYO7A (4647)_damaging,0.0
2,RSF1 (51773)_damaging,0.0
2,GAB2 (9846)_damaging,0.0
2,TENM4 (26011)_damaging,0.04822918258223489
2,PCF11 (51585)_damaging,0.0
2,DLG2 (1740)_damaging,0.0
2,SYTL2 (54843)_damaging,0.0041441831267371
2,FAT3 (120114)_damaging,0.0
2,CNTN5 (53942)_damaging,0.0
2,MMP3 (4314)_damaging,0.03428426247018532
2,DYNC2H1 (79659)_damaging,0.0
2,GRIA4 (2893)_damaging,0.0
2,NPAT (4863)_damaging,0.0
2,ATM (472)_damaging,0.03495005355027539
2,EXPH5 (23086)_damaging,0.0
2,NKAPD1 (55216)_damaging,0.0
2,NCAM1 (4684)_damaging,0.0
2,USP28 (57646)_damaging,0.0
2,DSCAML1 (57453)_damaging,0.018113686586477357
2,KMT2A (4297)_damaging,0.002104171947886261
2,PHLDB1 (23187)_damaging,0.0
2,BCL9L (283149)_damaging,0.0
2,MFRP (83552)_damaging,0.0
2,ARHGEF12 (23365)_damaging,0.00281174868045176
2,TECTA (7007)_damaging,0.0
2,SORL1 (6653)_damaging,0.001336297545902862
2,ROBO3 (64221)_damaging,0.0
2,ROBO4 (54538)_damaging,0.0
2,CCDC15 (80071)_damaging,0.0
2,NFRKB (4798)_damaging,0.0
2,IGSF9B (22997)_damaging,0.0
2,GLB1L2 (89944)_damaging,0.0
2,LINC02714 (729305)_damaging,0.0
2,KDM5A (5927)_damaging,0.0
2,WNK1 (65125)_damaging,0.0
2,CACNA1C (775)_damaging,0.023076586042936505
2,VWF (7450)_damaging,0.0
2,CHD4 (1108)_damaging,0.0
2,ATN1 (1822)_damaging,0.0
2,A2ML1 (144568)_damaging,0.0
2,A2M (2)_damaging,0.0
2,GRIN2B (2904)_damaging,0.0
2,ATF7IP (55729)_damaging,0.0
2,GUCY2C (2984)_damaging,0.0
2,EPS8 (2059)_damaging,0.0
2,PLEKHA5 (54477)_damaging,0.0
2,PDE3A (5139)_damaging,0.038756638754038605
2,SLCO1B3 (28234)_damaging,0.04723499414423632
2,RECQL (5965)_damaging,0.0
2,ABCC9 (10060)_damaging,0.04180343346456094
2,ITPR2 (3709)_damaging,0.0
2,OVCH1 (341350)_damaging,0.0
2,KIF21A (55605)_damaging,0.0
2,LRRK2 (120892)_damaging,0.0
2,MUC19 (283463)_damaging,0.007420219284630233
2,CNTN1 (1272)_damaging,0.010382664908953468
2,ADAMTS20 (80070)_damaging,0.0
2,ARID2 (196528)_damaging,0.0
2,COL2A1 (1280)_damaging,0.0
2,WNT1 (7471)_damaging,0.0
2,KMT2D (8085)_damaging,0.0
2,NCKAP5L (57701)_damaging,0.0
2,DIP2B (57609)_damaging,0.0
2,MAP3K12 (7786)_damaging,0.0
2,PAN2 (9924)_damaging,0.0
2,STAT2 (6773)_damaging,0.0
2,NACA (4666)_damaging,0.0
2,MYO1A (4640)_damaging,0.0
2,STAT6 (6778)_damaging,0.0
2,LRP1 (4035)_damaging,0.02444960419436336
2,R3HDM2 (22864)_damaging,0.0
2,GLI1 (2735)_damaging,0.0
2,MBD6 (114785)_damaging,0.0
2,XPOT (11260)_damaging,0.0
2,PTPRB (5787)_damaging,0.02540589904412182
2,ZFC3H1 (196441)_damaging,0.0
2,E2F7 (144455)_damaging,0.0
2,NAV3 (89795)_damaging,0.0
2,OTOGL (283310)_damaging,0.0
2,PTPRQ (374462)_damaging,0.005456494575670068
2,PPFIA2 (8499)_damaging,0.0
2,LRRIQ1 (84125)_damaging,0.0
2,CEP290 (80184)_damaging,0.0
2,EPYC (1833)_damaging,0.0
2,PLXNC1 (10154)_damaging,0.0
2,CFAP54 (144535)_damaging,0.0
2,ANKS1B (56899)_damaging,0.0
2,BLTP3B (23074)_damaging,0.0
2,UTP20 (27340)_damaging,0.0
2,STAB2 (55576)_damaging,0.016954693208088213
2,HCFC2 (29915)_damaging,0.0
2,ALDH1L2 (160428)_damaging,0.0
2,ACACB (32)_damaging,0.0
2,MVK (4598)_damaging,0.0
2,CUX2 (23316)_damaging,0.0
2,HECTD4 (283450)_damaging,0.0
2,DTX1 (1840)_damaging,0.0
2,NOS1 (4842)_damaging,0.0
2,HNF1A (6927)_damaging,0.0
2,KDM2B (84678)_damaging,0.0
2,SETD1B (23067)_damaging,0.0
2,KNTC1 (9735)_damaging,0.0
2,HIP1R (9026)_damaging,0.0
2,MPHOSPH9 (10198)_damaging,0.0
2,DNAH10 (196385)_damaging,0.0
2,NCOR2 (9612)_damaging,0.0
2,TMEM132D (121256)_damaging,0.0
2,PIWIL1 (9271)_damaging,0.0
2,RIMBP2 (23504)_damaging,0.02486769411504762
2,SFSWAP (6433)_damaging,0.0
2,EP400 (57634)_damaging,0.0
2,POLE (5426)_damaging,0.0
2,GOLGA3 (2802)_damaging,0.0
2,SACS (26278)_damaging,0.040379832532851184
2,RNF17 (56163)_damaging,0.0006719235930368181
2,CENPJ (55835)_damaging,0.0
2,ATP8A2 (51761)_damaging,0.004446401848970564
2,PAN3 (255967)_damaging,0.0
2,RXFP2 (122042)_damaging,0.0
2,FRY (10129)_damaging,0.0737014059269078
2,BRCA2 (675)_damaging,0.051944759542013545
2,PDS5B (23047)_damaging,0.08885928810589283
2,NBEA (26960)_damaging,0.0
2,FREM2 (341640)_damaging,0.046660804589532506
2,DGKH (160851)_damaging,0.0
2,ERICH6B (220081)_damaging,0.0
2,ZC3H13 (23091)_damaging,0.0
2,RUBCNL (80183)_damaging,0.0
2,RB1 (5925)_damaging,0.10272479747364834
2,PCDH17 (27253)_damaging,0.0018428973303544652
2,DIAPH3 (81624)_damaging,0.0
2,KLHL1 (57626)_damaging,0.0013664952225982837
2,DACH1 (1602)_damaging,0.0
2,TBC1D4 (9882)_damaging,0.0
2,MYCBP2 (23077)_damaging,0.0
2,SLITRK5 (26050)_damaging,0.0
2,DOCK9 (23348)_damaging,0.0
2,NALCN (259232)_damaging,0.0
2,CCDC168 (643677)_damaging,0.0
2,MYO16 (23026)_damaging,0.0
2,COL4A1 (1282)_damaging,0.0
2,COL4A2 (1284)_damaging,0.0
2,TEP1 (7011)_damaging,0.0
2,ARHGEF40 (55701)_damaging,0.0
2,CHD8 (57680)_damaging,0.014883625477386067
2,AJUBA (84962)_damaging,0.0513260220073759
2,MYH7 (4625)_damaging,0.0
2,ZFHX2 (85446)_damaging,0.0
2,CARMIL3 (90668)_damaging,0.0
2,NYNRIN (57523)_damaging,0.0
2,AKAP6 (9472)_damaging,0.0
2,NPAS3 (64067)_damaging,0.0
2,RALGAPA1 (253959)_damaging,0.0
2,MIPOL1 (145282)_damaging,0.0
2,TTC6 (319089)_damaging,0.0
2,MIA2 (4253)_damaging,0.010545465538689661
2,TOGARAM1 (23116)_damaging,0.0
2,FANCM (57697)_damaging,0.0
2,MDGA2 (161357)_damaging,0.03594496892381647
2,NIN (51199)_damaging,0.0
2,NID2 (22795)_damaging,0.0
2,KTN1 (3895)_damaging,0.0
2,TMEM260 (54916)_damaging,0.0
2,ARID4A (5926)_damaging,0.0
2,HIF1A (3091)_damaging,0.0
2,KCNH5 (27133)_damaging,0.0
2,SYNE2 (23224)_damaging,0.030324346330372526
2,PCNX1 (22990)_damaging,0.0
2,MIDEAS (91748)_damaging,0.0
2,YLPM1 (56252)_damaging,0.0
2,MLH3 (27030)_damaging,0.02070058703659799
2,NRXN3 (9369)_damaging,0.0
2,CEP128 (145508)_damaging,0.0
2,PTPN21 (11099)_damaging,0.0
2,ZC3H14 (79882)_damaging,0.019159486772800917
2,EML5 (161436)_damaging,0.0
2,CCDC88C (440193)_damaging,0.0
2,TRIP11 (9321)_damaging,0.0
2,UNC79 (57578)_damaging,0.0
2,ATG2B (55102)_damaging,0.0
2,RTL1 (388015)_damaging,0.0
2,DYNC1H1 (1778)_damaging,0.014310946948678453
2,CDC42BPB (9578)_damaging,0.0
2,KIF26A (26153)_damaging,0.0
2,INF2 (64423)_damaging,0.0
2,AHNAK2 (113146)_damaging,0.0
2,MTA1 (9112)_damaging,0.0
2,OCA2 (4948)_damaging,0.0
2,HERC2 (8924)_damaging,0.0
2,TRPM1 (4308)_damaging,0.0
2,FMN1 (342184)_damaging,0.0
2,RYR3 (6263)_damaging,7.823591029407692e-05
2,SPRED1 (161742)_damaging,0.0
2,EIF2AK4 (440275)_damaging,0.0
2,CCDC9B (388115)_damaging,0.0
2,INO80 (54617)_damaging,0.0
2,LTK (4058)_damaging,0.0
2,TYRO3 (7301)_damaging,0.06492322237545083
2,MGA (23269)_damaging,0.0
2,SPTBN5 (51332)_damaging,0.0
2,ZNF106 (64397)_damaging,0.0
2,STARD9 (57519)_damaging,0.024089514365594433
2,TP53BP1 (7158)_damaging,0.0
2,MAP1A (4130)_damaging,0.0
2,SPG11 (80208)_damaging,0.0
2,B2M (567)_damaging,0.0
2,FBN1 (2200)_damaging,0.0
2,CEP152 (22995)_damaging,0.006971544675869961
2,USP8 (9101)_damaging,0.0
2,TRPM7 (54822)_damaging,0.0
2,DMXL2 (23312)_damaging,0.0
2,MYO5C (55930)_damaging,0.0
2,WDR72 (256764)_damaging,0.0
2,UNC13C (440279)_damaging,0.024409465414331564
2,RFX7 (64864)_damaging,0.0
2,RNF111 (54778)_damaging,0.0
2,ICE2 (79664)_damaging,0.0
2,VPS13C (54832)_damaging,0.0
2,TLN2 (83660)_damaging,0.0
2,HERC1 (8925)_damaging,0.0
2,ZNF609 (23060)_damaging,0.0
2,CILP (8483)_damaging,0.0
2,DENND4A (10260)_damaging,0.0
2,NOX5 (79400)_damaging,0.0
2,MYO9A (4649)_damaging,0.014687392510243202
2,HCN4 (10021)_damaging,0.0
2,STRA6 (64220)_damaging,0.0
2,ARID3B (10620)_damaging,0.0
2,SIN3A (25942)_damaging,0.07388683737782521
2,PEAK1 (79834)_damaging,0.0
2,AP3B2 (8120)_damaging,0.056235101399161574
2,ADAMTSL3 (57188)_damaging,0.0
2,AKAP13 (11214)_damaging,0.0
2,TICRR (90381)_damaging,0.0
2,KIF7 (374654)_damaging,0.0595744725161332
2,IQGAP1 (8826)_damaging,0.0
2,BLM (641)_damaging,0.0
2,CHD2 (1106)_damaging,0.0
2,LRRK1 (79705)_damaging,0.0
2,AXIN1 (8312)_damaging,0.0
2,WDR90 (197335)_damaging,0.0
2,CACNA1H (8912)_damaging,0.0
2,UNKL (64718)_damaging,0.0
2,CRAMP1 (57585)_damaging,0.0
2,TSC2 (7249)_damaging,0.0
2,PKD1 (5310)_damaging,0.021025643890501378
2,CASKIN1 (57524)_damaging,0.0
2,SLX4 (84464)_damaging,0.0
2,CREBBP (1387)_damaging,0.07361989546730179
2,CORO7 (79585)_damaging,0.007299932054134936
2,GRIN2A (2903)_damaging,0.0
2,SMG1 (23049)_damaging,0.0
2,KNOP1 (400506)_damaging,0.03465265164567906
2,DNAH3 (55567)_damaging,0.0
2,SCNN1B (6338)_damaging,0.0
2,PALB2 (79728)_damaging,0.0
2,ERN2 (10595)_damaging,0.0
2,RBBP6 (5930)_damaging,0.0
2,TNRC6A (27327)_damaging,0.006492651809573094
2,ARHGAP17 (55114)_damaging,0.0
2,GTF3C1 (2975)_damaging,0.0
2,ATXN2L (11273)_damaging,0.0
2,FBRS (64319)_damaging,0.0
2,SRCAP (10847)_damaging,0.0
2,SETD1A (9739)_damaging,0.0
2,ITGAD (3681)_damaging,0.0
2,SALL1 (6299)_damaging,0.0
2,CHD9 (80205)_damaging,0.0
2,RBL2 (5934)_damaging,0.0
2,NLRC5 (84166)_damaging,0.0
2,CNGB1 (1258)_damaging,0.0
2,CDH8 (1006)_damaging,0.0
2,CDH11 (1009)_damaging,0.0
2,CDH16 (1014)_damaging,0.0
2,CTCF (10664)_damaging,0.004019608054747671
2,CDH1 (999)_damaging,0.0
2,MTSS2 (92154)_damaging,0.0
2,DHX38 (9785)_damaging,0.0
2,ZFHX3 (463)_damaging,0.0
2,GLG1 (2734)_damaging,0.019249049467222324
2,CNTNAP4 (85445)_damaging,0.0
2,ADAMTS18 (170692)_damaging,0.0
2,PKD1L2 (114780)_damaging,0.0
2,TAF1C (9013)_damaging,0.0004797985932568912
2,GSE1 (23199)_damaging,0.0
2,IRF8 (3394)_damaging,0.029138583560409968
2,ZNF469 (84627)_damaging,0.013132817765631459
2,ZC3H18 (124245)_damaging,0.0
2,LINC02138 (400558)_damaging,0.0
2,CDH15 (1013)_damaging,0.012515611717922247
2,ANKRD11 (29123)_damaging,0.0
2,VPS9D1 (9605)_damaging,0.02210739569108558
2,FANCA (2175)_damaging,0.0
2,WDR81 (124997)_damaging,0.0
2,CLUH (23277)_damaging,0.0
2,SPATA22 (84690)_damaging,0.0
2,ZZEF1 (23140)_damaging,0.0
2,CAMTA2 (23125)_damaging,0.0053318161605059
2,USP6 (9098)_damaging,0.0
2,GPS2 (2874)_damaging,0.0
2,FXR2 (9513)_damaging,0.0
2,TP53 (7157)_damaging,0.43126267597499374
2,EFNB3 (1949)_damaging,0.0
2,DNAH2 (146754)_damaging,0.0037639942681044164
2,KDM6B (23135)_damaging,0.0
2,CHD3 (1107)_damaging,0.0
2,PER1 (5187)_damaging,0.0
2,CTC1 (80169)_damaging,0.0
2,PFAS (5198)_damaging,0.0
2,MYH13 (8735)_damaging,0.020823726599133566
2,MYH8 (4626)_damaging,0.01990691024760469
2,MYH4 (4622)_damaging,0.0
2,MYH1 (4619)_damaging,0.05399168898120109
2,MYH2 (4620)_damaging,0.0
2,DNAH9 (1770)_damaging,0.025945701083154603
2,MAP2K4 (6416)_damaging,0.0
2,MYOCD (93649)_damaging,0.0
2,NCOR1 (9611)_damaging,0.0
2,MPRIP (23164)_damaging,0.0
2,FLCN (201163)_damaging,0.0
2,MYO15A (51168)_damaging,0.0
2,SPECC1 (92521)_damaging,0.0
2,KSR1 (8844)_damaging,0.0
2,MYO18A (399687)_damaging,0.0
2,SSH2 (85464)_damaging,0.0
2,EFCAB5 (374786)_damaging,0.0
2,NSRP1 (84081)_damaging,0.0
2,CPD (1362)_damaging,0.0
2,ATAD5 (79915)_damaging,0.009280432988965604
2,NF1 (4763)_damaging,0.0
2,SUZ12 (23512)_damaging,0.013935922332550081
2,SLFN11 (91607)_damaging,0.036484140501840345
2,GGNBP2 (79893)_damaging,0.0
2,ACACA (31)_damaging,0.0
2,GPR179 (440435)_damaging,0.01997248052762166
2,ARHGAP23 (57636)_damaging,0.0
2,SRCIN1 (80725)_damaging,0.0
2,TOP2A (7153)_damaging,0.0
2,KCNH4 (23415)_damaging,0.0
2,STAT5B (6777)_damaging,0.0
2,BRCA1 (672)_damaging,0.0
2,HDAC5 (10014)_damaging,0.0
2,ITGA2B (3674)_damaging,0.03905325700034917
2,KANSL1 (284058)_damaging,0.0
2,HOXB3 (3213)_damaging,0.0
2,COL1A1 (1277)_damaging,0.0
2,CACNA1G (8913)_damaging,0.02126563771749851
2,ANKFN1 (162282)_damaging,0.0
2,TSPOAP1 (9256)_damaging,0.0044387416816691954
2,RNF43 (54894)_damaging,0.022038733485966525
2,PPM1D (8493)_damaging,0.0
2,TBX4 (9496)_damaging,0.0
2,MED13 (9969)_damaging,0.0
2,MRC2 (9902)_damaging,0.0
2,SCN4A (6329)_damaging,0.03019908188835799
2,GNA13 (10672)_damaging,0.0218296632718335
2,AXIN2 (8313)_damaging,0.0
2,HELZ (9931)_damaging,0.0
2,NOL11 (25926)_damaging,0.0
2,BPTF (2186)_damaging,0.0
2,ABCA8 (10351)_damaging,0.0
2,ABCA9 (10350)_damaging,0.055733679419754045
2,ABCA6 (23460)_damaging,0.0
2,ABCA10 (10349)_damaging,0.0
2,ABCA5 (23461)_damaging,0.039313328216216845
2,SOX9 (6662)_damaging,0.012398886540283203
2,SDK2 (54549)_damaging,0.0
2,TMEM94 (9772)_damaging,0.0
2,CASKIN2 (57513)_damaging,0.0
2,MYO15B (80022)_damaging,0.0
2,ITGB4 (3691)_damaging,0.0
2,TNRC6C (57690)_damaging,0.0
2,DNAH17 (8632)_damaging,0.0
2,RPTOR (57521)_damaging,0.0
2,BAHCC1 (57597)_damaging,0.0
2,FASN (2194)_damaging,0.0
2,SMCHD1 (23347)_damaging,0.0
2,EPB41L3 (23136)_damaging,0.0
2,LAMA1 (284217)_damaging,0.0
2,MTCL1 (23255)_damaging,0.0
2,ANKRD12 (23253)_damaging,0.0
2,PIEZO2 (63895)_damaging,0.0
2,ANKRD30B (374860)_damaging,0.027318815916769743
2,ROCK1 (6093)_damaging,0.008369899173948626
2,LAMA3 (3909)_damaging,0.0
2,OSBPL1A (114876)_damaging,0.0
2,ZNF521 (25925)_damaging,0.0
2,CCDC178 (374864)_damaging,0.0
2,ASXL3 (80816)_damaging,0.0
2,FHOD3 (80206)_damaging,0.028108605104685085
2,SYT4 (6860)_damaging,0.017469311717447002
2,SETBP1 (26040)_damaging,0.0
2,LOXHD1 (125336)_damaging,0.0
2,SKOR2 (652991)_damaging,0.03099457851758542
2,ZBTB7C (201501)_damaging,0.0
2,SMAD4 (4089)_damaging,0.0
2,DCC (1630)_damaging,0.0
2,WDR7 (23335)_damaging,0.050921432039895125
2,ALPK2 (115701)_damaging,0.0
2,CDH7 (1005)_damaging,0.0
2,DSEL (92126)_damaging,0.0
2,RTTN (25914)_damaging,0.0
2,ZNF236 (7776)_damaging,0.0
2,SALL3 (27164)_damaging,0.0
2,ATP9B (374868)_damaging,0.0
2,KCNG2 (26251)_damaging,0.005980903042605247
2,ABCA7 (10347)_damaging,0.0
2,STK11 (6794)_damaging,0.04363666462731313
2,DAZAP1 (26528)_damaging,0.0
2,TCF3 (6929)_damaging,0.031427506069449516
2,REXO1 (57455)_damaging,0.0
2,DOT1L (84444)_damaging,0.02914691553207345
2,ZBTB7A (51341)_damaging,0.0
2,TICAM1 (148022)_damaging,0.0
2,KDM4B (23030)_damaging,0.02922320825153377
2,PTPRS (5802)_damaging,0.051286861589692895
2,SAFB2 (9667)_damaging,0.0
2,SAFB (6294)_damaging,0.0
2,CAMSAP3 (57662)_damaging,0.04074950542190834
2,MAP2K7 (5609)_damaging,0.0
2,FBN3 (84467)_damaging,0.021688372358352363
2,MUC16 (94025)_damaging,0.0
2,COL5A3 (50509)_damaging,0.0
2,DNMT1 (1786)_damaging,0.005700092757405085
2,KEAP1 (9817)_damaging,0.0
2,DNM2 (1785)_damaging,0.0
2,SMARCA4 (6597)_damaging,0.0
2,CACNA1A (773)_damaging,0.0
2,NOTCH3 (4854)_damaging,0.0
2,WIZ (58525)_damaging,0.0002091382254311337
2,NWD1 (284434)_damaging,0.0
2,SIN3B (23309)_damaging,0.0
2,CPAMD8 (27151)_damaging,0.0
2,CRLF1 (9244)_damaging,0.03630988465920541
2,ZNF90 (7643)_damaging,0.0
2,ZNF43 (7594)_damaging,0.0
2,ZNF208 (7757)_damaging,0.03145235030309588
2,ZNF729 (100287226)_damaging,0.0
2,ZNF99 (7652)_damaging,0.0
2,ZNF536 (9745)_damaging,0.01650035117545361
2,TSHZ3 (57616)_damaging,0.013738344842858198
2,KMT2B (9757)_damaging,0.0
2,ARHGAP33 (115703)_damaging,0.0
2,WDR87 (83889)_damaging,0.0
2,SIPA1L3 (23094)_damaging,0.03204970540694819
2,RYR1 (6261)_damaging,0.0
2,CAPN12 (147968)_damaging,0.03348429898202916
2,FCGBP (8857)_damaging,0.0
2,SPTBN4 (57731)_damaging,0.0
2,AXL (558)_damaging,0.0
2,ARHGEF1 (9138)_damaging,0.048655513136942226
2,ERF (2077)_damaging,0.0
2,CIC (23152)_damaging,0.0
2,MEGF8 (1954)_damaging,0.0
2,MARK4 (57787)_damaging,0.018253325445358046
2,ARHGAP35 (2909)_damaging,0.0
2,ZC3H4 (23211)_damaging,0.030997076268518498
2,BICRA (29998)_damaging,0.002774818400366631
2,GRIN2D (2906)_damaging,0.0
2,LMTK3 (114783)_damaging,0.05778146609078371
2,TRPM4 (54795)_damaging,0.0
2,PRR12 (57479)_damaging,0.0
2,SCAF1 (58506)_damaging,0.0
2,MYH14 (79784)_damaging,0.0
2,POLD1 (5424)_damaging,0.0
2,SHANK1 (50944)_damaging,0.0
2,NLRP7 (199713)_damaging,0.0
2,BRSK1 (84446)_damaging,0.005253104357811105
2,SSC5D (284297)_damaging,0.0
2,NLRP9 (338321)_damaging,0.0
2,NLRP4 (147945)_damaging,0.0
2,PEG3 (5178)_damaging,0.0
2,ZIM3 (114026)_damaging,0.0
2,TPO (7173)_damaging,0.0
2,PXDN (7837)_damaging,0.0
2,MYT1L (23040)_damaging,0.016741188833449005
2,GREB1 (9687)_damaging,0.0
2,NBAS (51594)_damaging,0.05164508843617224
2,RAD51AP2 (729475)_damaging,0.0
2,APOB (338)_damaging,0.0
2,TDRD15 (100129278)_damaging,0.0
2,ATAD2B (54454)_damaging,0.0
2,ITSN2 (50618)_damaging,0.0
2,DNMT3A (1788)_damaging,0.0
2,ASXL2 (55252)_damaging,0.0
2,OTOF (9381)_damaging,0.016642937783181242
2,EMILIN1 (11117)_damaging,0.004763264705463675
2,CAD (790)_damaging,0.0
2,SPATA31H1 (84226)_damaging,0.0
2,ALK (238)_damaging,0.0
2,BIRC6 (57448)_damaging,0.0
2,LTBP1 (4052)_damaging,0.0
2,ZFP36L2 (678)_damaging,0.00651250566234041
2,THADA (63892)_damaging,0.0
2,MSH2 (4436)_damaging,0.0
2,MSH6 (2956)_damaging,0.0
2,NRXN1 (9378)_damaging,0.0
2,SPTBN1 (6711)_damaging,0.0
2,EML6 (400954)_damaging,0.0
2,CCDC88A (55704)_damaging,0.0334263710480447
2,USP34 (9736)_damaging,0.0
2,C2orf42 (54980)_damaging,0.0
2,ZNF638 (27332)_damaging,0.0
2,DYSF (8291)_damaging,0.0
2,ALMS1 (7840)_damaging,0.0
2,C2orf78 (388960)_damaging,0.05141788487158619
2,LOXL3 (84695)_damaging,0.0
2,CTNNA2 (1496)_damaging,0.008441193002799162
2,DNAH6 (1768)_damaging,0.033579087691655726
2,PROM2 (150696)_damaging,0.0
2,ANKRD36C (400986)_damaging,0.017672886241779935
2,TMEM131 (23505)_damaging,0.0
2,VWA3B (200403)_damaging,0.0
2,CRACDL (343990)_damaging,0.0
2,EIF5B (9669)_damaging,0.0
2,REV1 (51455)_damaging,0.0
2,MAP4K4 (9448)_damaging,0.0
2,SLC5A7 (60482)_damaging,0.0
2,GCC2 (9648)_damaging,0.0
2,DPP10 (57628)_damaging,0.032063140031481314
2,MARCO (8685)_damaging,0.0
2,EPB41L5 (57669)_damaging,0.0
2,CNTNAP5 (129684)_damaging,0.03279981255859156
2,WDR33 (55339)_damaging,0.0
2,UGGT1 (56886)_damaging,0.0
2,AMER3 (205147)_damaging,0.0
2,ARHGEF4 (50649)_damaging,0.0
2,NCKAP5 (344148)_damaging,0.0
2,THSD7B (80731)_damaging,0.013007992386321098
2,LRP1B (53353)_damaging,0.04915135397848746
2,ACVR2A (92)_damaging,0.0
2,KIF5C (3800)_damaging,0.0
2,RIF1 (55183)_damaging,0.0
2,NEB (4703)_damaging,0.05574278785658229
2,GALNT13 (114805)_damaging,0.0
2,BAZ2B (29994)_damaging,0.0
2,LY75 (4065)_damaging,0.0
2,PLA2R1 (22925)_damaging,0.0
2,SLC4A10 (57282)_damaging,0.0
2,KCNH7 (90134)_damaging,0.0
2,FIGN (55137)_damaging,0.0
2,SCN3A (6328)_damaging,0.0
2,SCN2A (6326)_damaging,0.05170813634763592
2,TTC21B (79809)_damaging,0.0
2,SCN1A (6323)_damaging,0.0
2,SCN9A (6335)_damaging,0.0
2,SCN7A (6332)_damaging,0.0
2,XIRP2 (129446)_damaging,0.0
2,LRP2 (4036)_damaging,0.0017345655692243768
2,PPIG (9360)_damaging,0.024140746602838416
2,MYO3B (140469)_damaging,0.03253355508176692
2,TTN (7273)_damaging,0.01600263619424345
2,CCDC141 (285025)_damaging,0.0
2,ITGA4 (3676)_damaging,0.0
2,FSIP2 (401024)_damaging,0.0
2,COL3A1 (1281)_damaging,0.0
2,COL5A2 (1290)_damaging,0.0
2,ANKAR (150709)_damaging,0.0
2,MYO1B (4430)_damaging,0.0
2,DNAH7 (56171)_damaging,0.0
2,HECW2 (57520)_damaging,0.0
2,PLCL1 (5334)_damaging,0.0
2,SGO2 (151246)_damaging,0.0
2,AOX1 (316)_damaging,0.004949848598444618
2,CASP8 (841)_damaging,0.0
2,BMPR2 (659)_damaging,0.0
2,NBEAL1 (65065)_damaging,0.0
2,PARD3B (117583)_damaging,0.0
2,INO80D (54891)_damaging,0.0
2,ZDBF2 (57683)_damaging,0.0
2,ADAM23 (8745)_damaging,0.0
2,MAP2 (4133)_damaging,0.0
2,UNC80 (285175)_damaging,0.0
2,KANSL1L (151050)_damaging,0.0
2,CPS1 (1373)_damaging,0.0
2,ERBB4 (2066)_damaging,0.0
2,ABCA12 (26154)_damaging,0.004158033593517561
2,FN1 (2335)_damaging,0.0
2,TNS1 (7145)_damaging,0.0
2,CFAP65 (255101)_damaging,0.0
2,SLC23A3 (151295)_damaging,0.0
2,SPEG (10290)_damaging,0.011831743934194568
2,OBSL1 (23363)_damaging,0.0
2,SLC4A3 (6508)_damaging,0.0
2,DOCK10 (55619)_damaging,0.003190571819183336
2,NYAP2 (57624)_damaging,0.0
2,IRS1 (3667)_damaging,0.0
2,COL4A4 (1286)_damaging,0.02550911905655751
2,SPHKAP (80309)_damaging,0.0
2,MROH2A (339766)_damaging,0.03998603065852553
2,COL6A3 (1293)_damaging,0.0
2,RBM44 (375316)_damaging,0.0
2,HDAC4 (9759)_damaging,0.0
2,KIF1A (547)_damaging,0.0
2,TGM6 (343641)_damaging,0.0
2,FASTKD5 (60493)_damaging,0.06337541248179042
2,PLCB4 (5332)_damaging,0.0
2,ESF1 (51575)_damaging,0.0
2,SEL1L2 (80343)_damaging,0.0
2,RALGAPA2 (57186)_damaging,0.0
2,ASXL1 (171023)_damaging,0.03549932594180808
2,NCOA6 (23054)_damaging,0.0
2,MYH7B (57644)_damaging,0.0
2,CEP250 (11190)_damaging,0.0
2,SAMHD1 (25939)_damaging,0.002448640281471526
2,KIAA1755 (85449)_damaging,0.033136704640403636
2,RALGAPB (57148)_damaging,0.0
2,CHD6 (84181)_damaging,0.0
2,PTPRT (11122)_damaging,0.0
2,NCOA3 (8202)_damaging,0.0
2,DDX27 (55661)_damaging,0.0
2,KCNB1 (3745)_damaging,0.0
2,ADNP (23394)_damaging,0.0
2,SALL4 (57167)_damaging,0.0
2,GNAS (2778)_damaging,0.0
2,ZNF831 (128611)_damaging,0.0
2,SYCP2 (10388)_damaging,0.0
2,LAMA5 (3911)_damaging,0.007734476627198029
2,DIDO1 (11083)_damaging,0.01738558378889718
2,COL20A1 (57642)_damaging,0.0
2,HELZ2 (85441)_damaging,0.0
2,TPTE (7179)_damaging,0.0
2,NRIP1 (8204)_damaging,0.03053295425475094
2,ADAMTS5 (11096)_damaging,0.004326212541071974
2,LTN1 (26046)_damaging,0.0
2,SCAF4 (57466)_damaging,0.06353626357612586
2,ITSN1 (6453)_damaging,0.0
2,RUNX1 (861)_damaging,0.0
2,DOP1B (9980)_damaging,0.03066497171264977
2,BRWD1 (54014)_damaging,0.0
2,DSCAM (1826)_damaging,0.0
2,ZBTB21 (49854)_damaging,0.0
2,UMODL1 (89766)_damaging,0.0
2,COL18A1 (80781)_damaging,0.011797293898675242
2,COL6A1 (1291)_damaging,0.0
2,MCM3AP (8888)_damaging,0.0
2,PCNT (5116)_damaging,0.0
2,CECR2 (27443)_damaging,0.0
2,ZDHHC8 (29801)_damaging,0.0
2,MED15 (51586)_damaging,0.0
2,LZTR1 (8216)_damaging,0.0
2,SMARCB1 (6598)_damaging,0.0
2,MYO18B (84700)_damaging,0.0
2,MN1 (4330)_damaging,0.0
2,CHEK2 (11200)_damaging,0.0231786022473115
2,ZNRF3 (84133)_damaging,0.0
2,NF2 (4771)_damaging,0.0010774061713659353
2,MTMR3 (8897)_damaging,0.010839989749062227
2,PRR14L (253143)_damaging,0.03083589294670008
2,DEPDC5 (9681)_damaging,0.0
2,RTCB (51493)_damaging,0.0
2,MYH9 (4627)_damaging,0.0
2,CSF2RB (1439)_damaging,0.046793846334065886
2,TRIOBP (11078)_damaging,0.0
2,CACNA1I (8911)_damaging,0.0
2,TNRC6B (23112)_damaging,0.0
2,EP300 (2033)_damaging,0.0
2,ZC3H7B (23264)_damaging,0.0
2,MEI1 (150365)_damaging,0.0037778397114815224
2,TCF20 (6942)_damaging,0.0
2,SMC1B (27127)_damaging,0.0
2,PKDREJ (10343)_damaging,0.0
2,CELSR1 (9620)_damaging,0.0
2,PLXNB2 (23654)_damaging,0.0
2,PPP6R2 (9701)_damaging,0.0
2,SBF1 (6305)_damaging,0.0
2,KLHDC7B (113730)_damaging,0.0
2,CHL1 (10752)_damaging,0.0
2,CNTN6 (27255)_damaging,0.0
2,CNTN4 (152330)_damaging,0.0
2,GRM7 (2917)_damaging,0.0
2,VHL (7428)_damaging,0.0
2,NUP210 (23225)_damaging,0.0
2,TGFBR2 (7048)_damaging,0.022050135361078426
2,CLASP2 (23122)_damaging,0.0
2,TRANK1 (9881)_damaging,0.0
2,MLH1 (4292)_damaging,0.0
2,GOLGA4 (2803)_damaging,0.0
2,DLEC1 (9940)_damaging,0.0
2,SCN5A (6331)_damaging,0.0
2,SCN10A (6336)_damaging,0.0
2,SCN11A (11280)_damaging,0.0
2,NKTR (4820)_damaging,0.005606544143404816
2,TOPAZ1 (375337)_damaging,0.0
2,KIF15 (56992)_damaging,0.0
2,SETD2 (29072)_damaging,0.0
2,PTPN23 (25930)_damaging,0.03638915857003647
2,PLXNB1 (5364)_damaging,0.0
2,COL7A1 (1294)_damaging,0.0
2,CELSR3 (1951)_damaging,0.0
2,RHOA (387)_damaging,0.0
2,BSN (8927)_damaging,0.0
2,RBM6 (10180)_damaging,0.0
2,DOCK3 (1795)_damaging,0.0
2,DNAH1 (25981)_damaging,0.0
2,BAP1 (8314)_damaging,0.01126583353011975
2,STAB1 (23166)_damaging,0.0
2,PBRM1 (55193)_damaging,0.0
2,CACNA1D (776)_damaging,0.0008362179058606909
2,DNAH12 (201625)_damaging,0.0
2,FLNB (2317)_damaging,0.0
2,PTPRG (5793)_damaging,0.025344565877859843
2,ATXN7 (6314)_damaging,0.0
2,ADAMTS9 (56999)_damaging,0.0
2,ROBO2 (6092)_damaging,0.0
2,ROBO1 (6091)_damaging,0.0
2,EPHA3 (2042)_damaging,0.0
2,EPHA6 (285220)_damaging,0.0
2,CRYBG3 (131544)_damaging,0.0
2,FILIP1L (11259)_damaging,0.0
2,ABI3BP (25890)_damaging,0.0
2,MYH15 (22989)_damaging,0.0
2,DZIP3 (9666)_damaging,0.0
2,MORC1 (27136)_damaging,0.0
2,NECTIN3 (25945)_damaging,0.0
2,PHLDB2 (90102)_damaging,0.0
2,CFAP44 (55779)_damaging,0.0
2,ZBTB20 (26137)_damaging,0.003946167077020481
2,CFAP91 (89876)_damaging,0.07508593203693567
2,POLQ (10721)_damaging,0.0
2,GOLGB1 (2804)_damaging,0.0
2,PARP14 (54625)_damaging,0.0
2,KALRN (8997)_damaging,0.08288280894123211
2,COL6A5 (256076)_damaging,0.0
2,COL6A6 (131873)_damaging,0.0
2,DNAJC13 (23317)_damaging,0.0
2,TOPBP1 (11073)_damaging,0.0
2,RASA2 (5922)_damaging,0.0
2,XRN1 (54464)_damaging,0.0
2,ATR (545)_damaging,0.06751623770831183
2,MED12L (116931)_damaging,0.0170438011513182
2,IGSF10 (285313)_damaging,0.028083125456486807
2,ARHGEF26 (26084)_damaging,0.0
2,MME (4311)_damaging,0.0
2,SMC4 (10051)_damaging,0.0
2,SI (6476)_damaging,0.0
2,BCHE (590)_damaging,0.03226921268426146
2,ZBBX (79740)_damaging,0.0
2,MECOM (2122)_damaging,0.0
2,TNIK (23043)_damaging,0.011618072761546267
2,PLD1 (5337)_damaging,0.0
2,SPATA16 (83893)_damaging,0.0
2,USP13 (8975)_damaging,0.0
2,ABCC5 (10057)_damaging,0.0
2,MUC4 (4585)_damaging,0.0
2,TNK2 (10188)_damaging,0.0
2,GAK (2580)_damaging,0.0
2,NSD2 (7468)_damaging,0.0
2,FAM193A (8603)_damaging,0.0
2,HTT (3064)_damaging,0.0
2,JAKMIP1 (152789)_damaging,0.0
2,UNC93B7 (100887746)_damaging,0.0
2,BOD1L1 (259282)_damaging,0.044746860799018615
2,CPEB2 (132864)_damaging,0.0
2,SLIT2 (9353)_damaging,0.0
2,PCDH7 (5099)_damaging,0.0
2,ARAP2 (116984)_damaging,0.0
2,LIMCH1 (22998)_damaging,0.0
2,BEND4 (389206)_damaging,0.010862415320122764
2,ATP8A1 (10396)_damaging,0.0
2,CORIN (10699)_damaging,0.0
2,FRYL (285527)_damaging,0.0
2,KDR (3791)_damaging,0.0
2,CRACD (57482)_damaging,0.016700054848089212
2,POLR2B (5431)_damaging,0.0
2,ADGRL3 (23284)_damaging,0.0
2,EPHA5 (2044)_damaging,0.0
2,CENPC (1060)_damaging,0.013389440081205345
2,UGT2B4 (7363)_damaging,0.0
2,ADAMTS3 (9508)_damaging,0.0
2,SHROOM3 (57619)_damaging,0.0
2,FRAS1 (80144)_damaging,0.0
2,WDFY3 (23001)_damaging,0.021568871922023104
2,ARHGAP24 (83478)_damaging,0.0
2,PTPN13 (5783)_damaging,0.0
2,AFF1 (4299)_damaging,0.0
2,MMRN1 (22915)_damaging,0.028420634165638663
2,GRID2 (2895)_damaging,0.0
2,SMARCAD1 (56916)_damaging,0.008095473628677227
2,UNC5C (8633)_damaging,0.0
2,TET2 (54790)_damaging,0.0
2,TBCK (93627)_damaging,0.05999682762065087
2,COL25A1 (84570)_damaging,0.0
2,ZGRF1 (55345)_damaging,0.04637508145841891
2,ANK2 (287)_damaging,0.0
2,NDST4 (64579)_damaging,0.0
2,BLTP1 (84162)_damaging,0.0
2,FAT4 (79633)_damaging,0.0038650473714197677
2,SCLT1 (132320)_damaging,0.0
2,PCDH10 (57575)_damaging,0.0
2,NAA15 (80155)_damaging,0.0
2,LRBA (987)_damaging,0.0
2,FBXW7 (55294)_damaging,0.0
2,FHDC1 (85462)_damaging,0.0
2,DCHS2 (54798)_damaging,0.0
2,MAP9 (79884)_damaging,0.0
2,GRIA2 (2891)_damaging,0.0
2,RXFP1 (59350)_damaging,0.0
2,RAPGEF2 (9693)_damaging,0.0
2,FSTL5 (56884)_damaging,0.0
2,DDX60 (55601)_damaging,0.0
2,CLCN3 (1182)_damaging,0.0
2,HAND2 (9464)_damaging,0.0
2,WDR17 (116966)_damaging,0.0
2,TENM3 (55714)_damaging,0.0
2,WWC2 (80014)_damaging,0.0
2,SORBS2 (8470)_damaging,0.0
2,FAT1 (2195)_damaging,0.0
2,SDHA (6389)_damaging,0.0
2,SLC12A7 (10723)_damaging,0.0
2,SLC6A19 (340024)_damaging,0.0
2,TERT (7015)_damaging,0.043264821156996
2,ADAMTS16 (170690)_damaging,0.0
2,ICE1 (23379)_damaging,0.0
2,SEMA5A (9037)_damaging,0.0
2,DNAH5 (1767)_damaging,0.012259321550568473
2,TRIO (7204)_damaging,0.0
2,MYO10 (4651)_damaging,0.0
2,CDH18 (1016)_damaging,0.002876952514483252
2,CDH12 (1010)_damaging,0.0
2,PRDM9 (56979)_damaging,0.0
2,CDH10 (1008)_damaging,0.0
2,CDH6 (1004)_damaging,0.0
2,PDZD2 (23037)_damaging,0.0
2,ADAMTS12 (81792)_damaging,0.003145237884874755
2,SPEF2 (79925)_damaging,0.0
2,NIPBL (25836)_damaging,0.0
2,CPLANE1 (65250)_damaging,0.046531946571838706
2,C7 (730)_damaging,0.0
2,MROH2B (133558)_damaging,0.0
2,C6 (729)_damaging,0.0
2,HCN1 (348980)_damaging,0.0
2,ITGA1 (3672)_damaging,0.0
2,PIK3R1 (5295)_damaging,0.0
2,RAD17 (5884)_damaging,0.0024199117046015766
2,BDP1 (55814)_damaging,0.0
2,MAP1B (4131)_damaging,0.011787331899238867
2,ARHGEF28 (64283)_damaging,0.0
2,ANKRD31 (256006)_damaging,0.0
2,AP3B1 (8546)_damaging,0.0
2,CMYA5 (202333)_damaging,0.06441094998347228
2,MSH3 (4437)_damaging,0.0
2,VCAN (1462)_damaging,0.02434028582264016
2,RASA1 (5921)_damaging,0.0
2,ADGRV1 (84059)_damaging,0.0
2,KIAA0825 (285600)_damaging,0.0
2,MCTP1 (79772)_damaging,0.0
2,ARSK (153642)_damaging,0.028680075717590018
2,CHD1 (1105)_damaging,0.0
2,SLCO6A1 (133482)_damaging,0.0
2,APC (324)_damaging,0.0
2,DMXL1 (1657)_damaging,0.0
2,ZNF608 (57507)_damaging,0.0
2,FBN2 (2201)_damaging,0.035022453953550574
2,CHSY3 (337876)_damaging,0.0
2,RAPGEF6 (51735)_damaging,2.690585522102449e-08
2,FNIP1 (96459)_damaging,0.0
2,RAD50 (10111)_damaging,0.03966059423469165
2,FSTL4 (23105)_damaging,0.0
2,PITX1 (5307)_damaging,0.0897783371611503
2,LINC02900 (340073)_damaging,0.03517254093110328
2,CTNNA1 (1495)_damaging,0.0010574987940740784
2,WDR55 (54853)_damaging,0.0
2,PCDHB4 (56131)_damaging,0.06881041111320764
2,PCDHB6 (56130)_damaging,0.0
2,ARAP3 (64411)_damaging,0.0
2,NR3C1 (2908)_damaging,0.0
2,TCERG1 (10915)_damaging,0.0
2,FAT2 (2196)_damaging,0.0
2,GRIA1 (2890)_damaging,0.050160721849043646
2,LARP1 (23367)_damaging,0.0
2,GABRG2 (2566)_damaging,0.027364430460754992
2,DOCK2 (1794)_damaging,0.0
2,NSD1 (64324)_damaging,0.0
2,FLT4 (2324)_damaging,0.0
2,DSP (1832)_damaging,0.0
2,HIVEP1 (3096)_damaging,0.0
2,PHACTR1 (221692)_damaging,0.0
2,JARID2 (3720)_damaging,0.0
2,ATXN1 (6310)_damaging,0.0
2,GABBR1 (2550)_damaging,0.05792628654470377
2,HLA-A (3105)_damaging,0.0
2,MDC1 (9656)_damaging,0.00318851988015204
2,VARS2 (57176)_damaging,0.0
2,MUCL3 (135656)_damaging,0.0
2,HLA-C (3107)_damaging,0.0
2,HLA-B (3106)_damaging,0.0
2,PRRC2A (7916)_damaging,0.0
2,TNXB (7148)_damaging,0.0
2,NOTCH4 (4855)_damaging,0.0
2,COL11A2 (1302)_damaging,0.0
2,DNAH8 (1769)_damaging,0.07096159387810057
2,CCND3 (896)_damaging,0.05780381970611467
2,CUL9 (23113)_damaging,0.0
2,ZNF318 (24149)_damaging,0.0
2,MMUT (4594)_damaging,0.0
2,PKHD1 (5314)_damaging,0.0
2,FAM83B (222584)_damaging,0.0
2,COL21A1 (81578)_damaging,0.026888141881200957
2,DST (667)_damaging,0.0
2,PHF3 (23469)_damaging,0.0
2,EYS (346007)_damaging,0.0
2,ADGRB3 (577)_damaging,0.0
2,COL19A1 (1310)_damaging,0.03305151748137401
2,COL9A1 (1297)_damaging,0.0
2,RIMS1 (22999)_damaging,0.0
2,COL12A1 (1303)_damaging,0.0
2,TTK (7272)_damaging,0.0
2,CEP162 (22832)_damaging,0.0
2,ZNF292 (23036)_damaging,0.0
2,MDN1 (23195)_damaging,0.0
2,CASP8AP2 (9994)_damaging,0.0
2,EPHA7 (2045)_damaging,0.009870047713526871
2,MMS22L (253714)_damaging,0.0
2,PNISR (25957)_damaging,0.0
2,ASCC3 (10973)_damaging,0.0
2,SOBP (55084)_damaging,0.0
2,AK9 (221264)_damaging,0.0
2,REV3L (5980)_damaging,0.0
2,HDAC2 (3066)_damaging,0.0
2,ROS1 (6098)_damaging,0.0
2,TBC1D32 (221322)_damaging,0.0
2,TRDN (10345)_damaging,0.0069410527157674415
2,LAMA2 (3908)_damaging,0.0017178048405635824
2,AKAP7 (9465)_damaging,0.0
2,MED23 (9439)_damaging,0.0
2,ENPP3 (5169)_damaging,0.01857420665439616
2,TNFAIP3 (7128)_damaging,0.021993184024512263
2,ARFGEF3 (57221)_damaging,0.0
2,ECT2L (345930)_damaging,0.013816353958805025
2,HIVEP2 (3097)_damaging,0.0
2,UTRN (7402)_damaging,0.0
2,SHPRH (257218)_damaging,0.0
2,GRM1 (2911)_damaging,0.0
2,ADGB (79747)_damaging,0.0
2,STXBP5 (134957)_damaging,0.0
2,SYNE1 (23345)_damaging,0.026278841114101434
2,SCAF8 (22828)_damaging,0.04137847214946007
2,ARID1B (57492)_damaging,0.0
2,FNDC1 (84624)_damaging,0.0
2,LPA (4018)_damaging,0.0
2,MAP3K4 (4216)_damaging,0.0033306235206997264
2,QKI (9444)_damaging,0.0
2,TBXT (6862)_damaging,0.0
2,AFDN (4301)_damaging,0.0
2,THBS2 (7058)_damaging,0.0
2,INTS1 (26173)_damaging,0.0
2,CARD11 (84433)_damaging,0.0
2,SDK1 (221935)_damaging,0.0
2,TNRC18 (84629)_damaging,0.0
2,PMS2 (5395)_damaging,0.0
2,COL28A1 (340267)_damaging,0.0
2,THSD7A (221981)_damaging,0.0
2,VWDE (221806)_damaging,0.0
2,DGKB (1607)_damaging,0.0
2,AHR (196)_damaging,0.0
2,ABCB5 (340273)_damaging,0.037826144547789806
2,DNAH11 (8701)_damaging,0.0
2,STK31 (56164)_damaging,0.04863798332918366
2,CDK13 (8621)_damaging,0.0
2,GLI3 (2737)_damaging,0.0
2,HECW1 (23072)_damaging,0.0
2,AEBP1 (165)_damaging,0.0
2,PKD1L1 (168507)_damaging,0.0
2,ABCA13 (154664)_damaging,0.010575621262925172
2,FIGNL1 (63979)_damaging,0.0
2,DDC (1644)_damaging,0.0
2,EGFR (1956)_damaging,0.0
2,ZNF722 (100419780)_damaging,0.0
2,PTPN12 (5782)_damaging,0.0
2,MAGI2 (9863)_damaging,0.0
2,CD36 (948)_damaging,0.0
2,PCLO (27445)_damaging,0.0
2,SEMA3E (9723)_damaging,0.015114575592437722
2,ABCB4 (5244)_damaging,0.0
2,ABCB1 (5243)_damaging,0.0
2,ADAM22 (53616)_damaging,0.0
2,ZNF804B (219578)_damaging,0.0
2,AKAP9 (10142)_damaging,0.0
2,ANKIB1 (54467)_damaging,0.0
2,SAMD9 (54809)_damaging,0.0
2,SAMD9L (219285)_damaging,0.0
2,CALCR (799)_damaging,0.0
2,COL1A2 (1278)_damaging,0.0
2,SLC25A13 (10165)_damaging,0.0
2,TRRAP (8295)_damaging,0.0
2,GPC2 (221914)_damaging,0.0
2,ZAN (7455)_damaging,0.0
2,MUC3A (4584)_damaging,0.0
2,MUC17 (140453)_damaging,0.05129717157509018
2,PLOD3 (8985)_damaging,0.0
2,CUX1 (1523)_damaging,0.0
2,FBXL13 (222235)_damaging,0.0
2,RELN (5649)_damaging,0.0
2,KMT2E (55904)_damaging,0.0
2,PIK3CG (5294)_damaging,0.007150582898680345
2,SLC26A3 (1811)_damaging,0.023281879967157963
2,LAMB4 (22798)_damaging,0.0
2,DOCK4 (9732)_damaging,0.04904588942557461
2,PPP1R3A (5506)_damaging,0.013505172538050834
2,MET (4233)_damaging,0.0
2,CFTR (1080)_damaging,0.0
2,CTTNBP2 (83992)_damaging,0.0
2,CPED1 (79974)_damaging,0.0
2,PTPRZ1 (5803)_damaging,0.011895172572109512
2,CADPS2 (93664)_damaging,0.0
2,IQUB (154865)_damaging,0.07798006112584151
2,GRM8 (2918)_damaging,0.0
2,FLNC (2318)_damaging,0.0
2,KCP (375616)_damaging,0.00305744881977083
2,PLXNA4 (91584)_damaging,0.0
2,NUP205 (23165)_damaging,0.0
2,TRIM24 (8805)_damaging,0.0
2,KIAA1549 (57670)_damaging,0.0
2,MGAM (8972)_damaging,0.0
2,MGAM2 (93432)_damaging,0.0
2,EPHB6 (2051)_damaging,0.0
2,KEL (3792)_damaging,0.0
2,NOBOX (135935)_damaging,0.016463594028939033
2,CNTNAP2 (26047)_damaging,0.0
2,AOC1 (26)_damaging,0.0
2,KCNH2 (3757)_damaging,0.0
2,NOS3 (4846)_damaging,0.0
2,ATG9B (285973)_damaging,0.0
2,KMT2C (58508)_damaging,0.0305305254002636
2,PTPRN2 (5799)_damaging,0.043755583977999904
2,CSMD1 (64478)_damaging,0.003049331511470982
2,RP1L1 (94137)_damaging,0.0
2,TRMT9B (57604)_damaging,0.0
2,DLC1 (10395)_damaging,0.0
2,XPO7 (23039)_damaging,0.006098033650466284
2,NUGGC (389643)_damaging,0.0
2,TEX15 (56154)_damaging,0.0
2,WRN (7486)_damaging,0.0
2,UNC5D (137970)_damaging,0.02522122169525894
2,ADGRA2 (25960)_damaging,0.0
2,NSD3 (54904)_damaging,0.0
2,ANK1 (286)_damaging,0.0
2,PRKDC (5591)_damaging,0.0
2,PXDNL (137902)_damaging,0.0
2,RB1CC1 (9821)_damaging,0.0
2,RP1 (6101)_damaging,0.0
2,CHD7 (55636)_damaging,0.0
2,ARFGEF1 (10565)_damaging,0.0036864655506281445
2,PREX2 (80243)_damaging,0.02730212868072911
2,SULF1 (23213)_damaging,0.0
2,TRPA1 (8989)_damaging,0.0
2,KCNB2 (9312)_damaging,0.0
2,ZFHX4 (79776)_damaging,0.0
2,WWP1 (11059)_damaging,0.0
2,NBN (4683)_damaging,0.0
2,ESRP1 (54845)_damaging,0.0
2,VPS13B (157680)_damaging,0.0
2,RGS22 (26166)_damaging,0.0
2,UBR5 (51366)_damaging,0.009110762777254878
2,RIMS2 (9699)_damaging,0.0
2,PKHD1L1 (93035)_damaging,0.0424474089138619
2,CSMD3 (114788)_damaging,0.0
2,TRPS1 (7227)_damaging,0.009084928327872747
2,COL14A1 (7373)_damaging,0.0
2,FER1L6 (654463)_damaging,0.0
2,ASAP1 (50807)_damaging,0.026773431040942118
2,EFR3A (23167)_damaging,0.0
2,KCNQ3 (3786)_damaging,0.0
2,PHF20L1 (51105)_damaging,0.026760736430339875
2,TG (7038)_damaging,0.002012574036981362
2,COL22A1 (169044)_damaging,0.0
2,ADGRB1 (575)_damaging,0.004235753850921409
2,PLEC (5339)_damaging,0.019020742372432398
2,PARP10 (84875)_damaging,0.0
2,CYC1 (1537)_damaging,0.0
2,WDR97 (340390)_damaging,0.0
2,KIFC2 (90990)_damaging,0.0
2,RECQL4 (9401)_damaging,0.0
2,DOCK8 (81704)_damaging,0.005648777067215708
2,SMARCA2 (6595)_damaging,0.0
2,ERMP1 (79956)_damaging,0.0
2,PTPRD (5789)_damaging,0.004248356963856841
2,FREM1 (158326)_damaging,0.03744819331351495
2,CNTLN (54875)_damaging,0.0
2,DENND4C (55667)_damaging,0.0
2,CDKN2A (1029)_damaging,0.0
2,SPATA31G1 (138724)_damaging,0.0
2,FANCG (2189)_damaging,0.0
2,PIGO (84720)_damaging,0.0
2,UNC13B (10497)_damaging,0.0
2,RUSC2 (9853)_damaging,0.0
2,SPAG8 (26206)_damaging,0.016353228675486144
2,TMC1 (117531)_damaging,0.0
2,TRPM6 (140803)_damaging,0.0
2,PCSK5 (5125)_damaging,0.0
2,PRUNE2 (158471)_damaging,0.0
2,VPS13A (23230)_damaging,0.0
2,SPATA31D1 (389763)_damaging,0.0
2,KIF27 (55582)_damaging,0.04450028555706596
2,NAA35 (60560)_damaging,0.006625195542053936
2,SECISBP2 (79048)_damaging,0.0
2,ROR2 (4920)_damaging,0.0
2,NOL8 (55035)_damaging,0.0
2,WNK2 (65268)_damaging,0.0
2,PHF2 (5253)_damaging,0.0
2,PTCH1 (5727)_damaging,0.0
2,COL15A1 (1306)_damaging,0.0
2,TEX10 (54881)_damaging,0.0
2,ELP1 (8518)_damaging,0.0
2,TMEM245 (23731)_damaging,0.0
2,PALM2AKAP2 (445815)_damaging,0.0
2,SVEP1 (79987)_damaging,0.025477365721023656
2,FKBP15 (23307)_damaging,0.0
2,COL27A1 (85301)_damaging,0.04158679811284713
2,PAPPA (5069)_damaging,0.0
2,CNTRL (11064)_damaging,0.0
2,DENND1A (57706)_damaging,0.0
2,ADGRD2 (347088)_damaging,0.0
2,GAPVD1 (26130)_damaging,0.0
2,GOLGA2 (2801)_damaging,0.0
2,SPTAN1 (6709)_damaging,0.0
2,HMCN2 (256158)_damaging,0.0
2,FUBP3 (8939)_damaging,0.0
2,NUP214 (8021)_damaging,0.03360786025411209
2,PRRC2B (84726)_damaging,0.0
2,UCK1 (83549)_damaging,0.04729319805520109
2,SETX (23064)_damaging,0.0
2,TTF1 (7270)_damaging,0.0
2,TSC1 (7248)_damaging,0.011931792423175297
2,ADAMTS13 (11093)_damaging,0.0
2,ADAMTSL2 (9719)_damaging,0.0
2,SARDH (1757)_damaging,0.0
2,BRD3 (8019)_damaging,0.0
2,WDR5 (11091)_damaging,0.0
2,COL5A1 (1289)_damaging,0.0
2,NOTCH1 (4851)_damaging,0.0
2,CACNA1B (774)_damaging,0.0
2,MXRA5 (25878)_damaging,0.0
2,WWC3 (55841)_damaging,0.0
2,FRMPD4 (9758)_damaging,0.0
2,NHS (4810)_damaging,0.0
2,IL1RAPL1 (11141)_damaging,0.021334714697841053
2,DMD (1756)_damaging,0.02321034198245094
2,FAM47B (170062)_damaging,0.0
2,CFAP47 (286464)_damaging,0.08525115734246916
2,RPGR (6103)_damaging,0.0
2,BCOR (54880)_damaging,0.0
2,USP9X (8239)_damaging,0.016696729645203353
2,DDX3X (1654)_damaging,0.010862938906036335
2,KDM6A (7403)_damaging,0.022126109776172735
2,RBM10 (8241)_damaging,0.0
2,TFE3 (7030)_damaging,0.0
2,CACNA1F (778)_damaging,0.0
2,CCNB3 (85417)_damaging,0.0569950883029162
2,KDM5C (8242)_damaging,0.08016379957476416
2,IQSEC2 (23096)_damaging,0.0
2,HUWE1 (10075)_damaging,0.0
2,WNK3 (65267)_damaging,0.0
2,AMER1 (139285)_damaging,0.0
2,OPHN1 (4983)_damaging,0.014487888346974127
2,KIF4A (24137)_damaging,0.0
2,MED12 (9968)_damaging,0.0
2,ZMYM3 (9203)_damaging,0.07095512680966379
2,NEXMIF (340533)_damaging,0.0
2,ATRX (546)_damaging,0.003855188217032763
2,BRWD3 (254065)_damaging,0.0
2,CYLC1 (1538)_damaging,0.0
2,ZNF711 (7552)_damaging,0.0
2,DACH2 (117154)_damaging,0.0
2,DIAPH2 (1730)_damaging,0.0
2,PCDH19 (57526)_damaging,0.0
2,RAB40A (142684)_damaging,0.0
2,NRK (203447)_damaging,0.0
2,COL4A6 (1288)_damaging,0.0
2,COL4A5 (1287)_damaging,0.0
2,STAG2 (10735)_damaging,0.0
2,TENM1 (10178)_damaging,0.0
2,BCORL1 (63035)_damaging,0.0
2,USP26 (83844)_damaging,0.0
2,MAP7D3 (79649)_damaging,0.0
2,ADGRG4 (139378)_damaging,0.0
2,MCF2 (4168)_damaging,0.0
2,SPANXN4 (441525)_damaging,0.0
2,SLITRK2 (84631)_damaging,0.0
2,FMR1 (2332)_damaging,0.0
2,AFF2 (2334)_damaging,0.0
2,PLXNA3 (55558)_damaging,0.0
2,F8 (2157)_damaging,0.0
2,MT-ND4 (4538)_damaging,0.03539609204321531
2,MT-ND5 (4540)_damaging,0.0
3,MTOR (2475)_hotspot,0.0
3,NRAS (4893)_hotspot,0.049517735127587156
3,PTEN (5728)_hotspot,0.0
3,HRAS (3265)_hotspot,0.0
3,ATM (472)_hotspot,0.0
3,KRAS (3845)_hotspot,0.042927631029790136
3,ERBB3 (2065)_hotspot,0.06210027830301724
3,RB1 (5925)_hotspot,0.1056192231897706
3,CREBBP (1387)_hotspot,0.0
3,TP53 (7157)_hotspot,0.03882921441799371
3,NF1 (4763)_hotspot,0.09149870147908755
3,SMAD4 (4089)_hotspot,0.049603181845538094
3,STK11 (6794)_hotspot,0.0
3,SMARCA4 (6597)_hotspot,0.0
3,C2orf81 (388963)_hotspot,0.0
3,NFE2L2 (4780)_hotspot,0.06860002467098228
3,CTNNB1 (1499)_hotspot,0.0
3,RHOA (387)_hotspot,0.006494252586604161
3,PIK3CA (5290)_hotspot,0.1534995368180754
3,FBXW7 (55294)_hotspot,0.12204758086344071
3,TERT (7015)_hotspot,0.13543044985197136
3,PIK3R1 (5295)_hotspot,0.0
3,APC (324)_hotspot,0.013006970223982176
3,RAC1 (5879)_hotspot,0.0
3,EGFR (1956)_hotspot,0.0
3,BRAF (673)_hotspot,0.16217863337722668
3,EZH2 (2146)_hotspot,0.0
3,MYC (4609)_hotspot,0.0
3,CDKN2A (1029)_hotspot,0.0
3,AGRN (375790)_damaging,0.04472994691056932
3,MXRA8 (54587)_damaging,0.0
3,CFAP74 (85452)_damaging,0.0
3,MEGF6 (1953)_damaging,0.001481773004889835
3,CHD5 (26038)_damaging,0.044809941966694175
3,RPL22 (6146)_damaging,0.04616988964974021
3,CAMTA1 (23261)_damaging,0.0
3,ERRFI1 (54206)_damaging,0.0
3,SLC45A1 (50651)_damaging,0.0
3,RERE (473)_damaging,0.0
3,EXOSC10 (5394)_damaging,0.0
3,VPS13D (55187)_damaging,0.0
3,SPEN (23013)_damaging,0.0
3,EPHA2 (1969)_damaging,0.0
3,UBR4 (23352)_damaging,0.0
3,HSPG2 (3339)_damaging,0.0
3,LUZP1 (7798)_damaging,0.0
3,ID3 (3399)_damaging,0.1978343691366507
3,ELOA (6924)_damaging,0.0
3,ARID1A (8289)_damaging,0.0
3,WDTC1 (23038)_damaging,0.0
3,EPB41 (2035)_damaging,0.0
3,COL16A1 (1307)_damaging,0.0
3,SPOCD1 (90853)_damaging,0.0
3,CSMD2 (114784)_damaging,0.015458916996832217
3,ZMYM1 (79830)_damaging,0.0
3,ZMYM4 (9202)_damaging,0.0
3,CLSPN (63967)_damaging,0.022858617554939068
3,AGO1 (26523)_damaging,0.00858084975030957
3,MAP7D1 (55700)_damaging,0.0
3,MACF1 (23499)_damaging,0.0029125160810430117
3,TIE1 (7075)_damaging,0.0
3,SZT2 (23334)_damaging,0.0
3,MUTYH (4595)_damaging,0.0
3,MAST2 (23139)_damaging,0.0
3,PIK3R3 (8503)_damaging,0.0
3,FAAH (2166)_damaging,0.0
3,TAL1 (6886)_damaging,0.0
3,FYB2 (199920)_damaging,0.0
3,NFIA (4774)_damaging,0.048646905377753444
3,DOCK7 (85440)_damaging,0.0
3,EFCAB7 (84455)_damaging,0.0
3,JAK1 (3716)_damaging,0.0
3,LEPR (3953)_damaging,0.0
3,LRRC7 (57554)_damaging,0.014740719760023453
3,TNNI3K (51086)_damaging,0.0
3,ERICH3 (127254)_damaging,0.0
3,SLC44A5 (204962)_damaging,0.0
3,ADGRL4 (64123)_damaging,0.0
3,ADGRL2 (23266)_damaging,0.0
3,COL24A1 (255631)_damaging,0.0
3,HFM1 (164045)_damaging,0.0
3,BTBD8 (284697)_damaging,0.0
3,ARHGAP29 (9411)_damaging,0.0
3,COL11A1 (1301)_damaging,0.0
3,EPS8L3 (79574)_damaging,0.0
3,CEPT1 (10390)_damaging,0.0
3,DENND2C (163259)_damaging,0.0
3,SYCP1 (6847)_damaging,0.0
3,SPAG17 (200162)_damaging,0.07781611887904154
3,NOTCH2 (4853)_damaging,0.0
3,BCL9 (607)_damaging,0.0
3,ADAMTSL4 (54507)_damaging,0.0
3,FLG (2312)_damaging,0.0
3,CCDST (112268240)_damaging,0.03290894629516084
3,FLG2 (388698)_damaging,0.0
3,DENND4B (9909)_damaging,0.0
3,UBAP2L (9898)_damaging,0.0
3,ASH1L (55870)_damaging,0.0
3,NES (10763)_damaging,0.0
3,INSRR (3645)_damaging,0.0
3,FCRL5 (83416)_damaging,0.0
3,SPTA1 (6708)_damaging,0.08686898572228317
3,GPR161 (23432)_damaging,0.0
3,F5 (2153)_damaging,0.0
3,PRRC2C (23215)_damaging,0.0
3,SLC9C2 (284525)_damaging,0.02309302171045958
3,TNR (7143)_damaging,0.0
3,PAPPA2 (60676)_damaging,0.010365195124338
3,ABL2 (27)_damaging,0.0
3,AXDND1 (126859)_damaging,0.0
3,TDRD5 (163589)_damaging,0.0
3,CEP350 (9857)_damaging,0.0
3,CACNA1E (777)_damaging,0.0
3,RGL1 (23179)_damaging,0.0
3,HMCN1 (83872)_damaging,0.0
3,TPR (7175)_damaging,0.009773109193775529
3,BRINP3 (339479)_damaging,0.0
3,KCNT2 (343450)_damaging,0.0
3,ASPM (259266)_damaging,0.0
3,CRB1 (23418)_damaging,0.0
3,PTPRC (5788)_damaging,0.0
3,CAMSAP2 (23271)_damaging,0.0
3,IGFN1 (91156)_damaging,0.0
3,NAV1 (89796)_damaging,0.0
3,ATP2B4 (493)_damaging,0.0
3,PLEKHA6 (22874)_damaging,0.002419851829703849
3,PIK3C2B (5287)_damaging,0.020938450024922433
3,NFASC (23114)_damaging,0.0
3,CR2 (1380)_damaging,0.0
3,PLXNA2 (5362)_damaging,0.0
3,PROX1 (5629)_damaging,0.0
3,CENPF (1063)_damaging,0.0014632309253284769
3,USH2A (7399)_damaging,0.03471969201142681
3,DNAH14 (127602)_damaging,0.0
3,CDC42BPA (8476)_damaging,0.0
3,OBSCN (84033)_damaging,0.0
3,H3-4 (8290)_damaging,0.0
3,PCNX2 (80003)_damaging,0.0
3,ARID4B (51742)_damaging,0.022874660080963293
3,LYST (1130)_damaging,0.0
3,RYR2 (6262)_damaging,0.0488501668865972
3,CHRM3 (1131)_damaging,0.0
3,FMN2 (56776)_damaging,0.0
3,RGS7 (6000)_damaging,0.0
3,KIF26B (55083)_damaging,0.0
3,NLRP3 (114548)_damaging,0.0
3,PITRM1 (10531)_damaging,0.05901789632262355
3,TAF3 (83860)_damaging,0.0
3,CUBN (8029)_damaging,0.0
3,MRC1 (4360)_damaging,0.0
3,MALRD1 (340895)_damaging,0.043746430311436046
3,PLXDC2 (84898)_damaging,0.0
3,ARMC3 (219681)_damaging,0.0
3,KIAA1217 (56243)_damaging,0.03179185091221509
3,GPR158 (57512)_damaging,0.0
3,MYO3A (53904)_damaging,0.0
3,ANKRD26 (22852)_damaging,0.0355814176632046
3,ODAD2 (55130)_damaging,0.0
3,SVIL (6840)_damaging,0.0
3,KIF5B (3799)_damaging,0.011068399367239063
3,CCDC7 (79741)_damaging,0.0
3,ANKRD30A (91074)_damaging,0.0
3,WDFY4 (57705)_damaging,0.0
3,C10orf71 (118461)_damaging,0.006113279107257118
3,PCDH15 (65217)_damaging,0.019105595944385673
3,ANK3 (288)_damaging,0.0
3,ARID5B (84159)_damaging,0.042913027750078686
3,JMJD1C (221037)_damaging,0.0
3,DNA2 (1763)_damaging,0.019221433976135714
3,CDH23 (64072)_damaging,0.0
3,ZMIZ1 (57178)_damaging,0.0
3,PTEN (5728)_damaging,0.0
3,KIF20B (9585)_damaging,0.0
3,MYOF (26509)_damaging,0.0
3,PLCE1 (51196)_damaging,0.0
3,ZNF518A (9849)_damaging,0.08190362791308345
3,LCOR (84458)_damaging,0.0
3,SLIT1 (6585)_damaging,0.0
3,PPRC1 (23082)_damaging,0.0
3,NOLC1 (9221)_damaging,0.01341852374416502
3,PSD (5662)_damaging,0.00035596221205875237
3,CNNM2 (54805)_damaging,0.015236397172289393
3,PDCD11 (22984)_damaging,0.0
3,SLK (9748)_damaging,0.0
3,SORCS3 (22986)_damaging,0.0
3,SORCS1 (114815)_damaging,0.0
3,SMC3 (9126)_damaging,0.0
3,TCF7L2 (6934)_damaging,0.0
3,ATRNL1 (26033)_damaging,0.0
3,TACC2 (10579)_damaging,0.0
3,DMBT1 (1755)_damaging,0.0
3,DOCK1 (1793)_damaging,0.0
3,MKI67 (4288)_damaging,0.0
3,JAKMIP3 (282973)_damaging,0.0
3,CFAP46 (54777)_damaging,0.0319000449396379
3,B4GALNT4 (338707)_damaging,0.0
3,PKP3 (11187)_damaging,0.02549930041622762
3,MUC5AC (4586)_damaging,0.0
3,MUC5B (727897)_damaging,0.0
3,KCNQ1 (3784)_damaging,0.0
3,NUP98 (4928)_damaging,0.003039194428530939
3,OR51E2 (81285)_damaging,0.0
3,DCHS1 (8642)_damaging,0.0
3,PLEKHA7 (144100)_damaging,0.0
3,PIK3C2A (5286)_damaging,0.0
3,ABCC8 (6833)_damaging,0.0
3,OTOG (340990)_damaging,0.0
3,NAV2 (89797)_damaging,0.006856253909875209
3,DCDC1 (341019)_damaging,0.0
3,CCDC73 (493860)_damaging,0.0
3,QSER1 (79832)_damaging,0.0
3,HIPK3 (10114)_damaging,0.012451600635383541
3,KIAA1549L (25758)_damaging,0.0
3,FOLH1 (2346)_damaging,0.0
3,OR4A15 (81328)_damaging,0.0
3,OR4P4 (81300)_damaging,0.0
3,AHNAK (79026)_damaging,0.0
3,SLC3A2 (6520)_damaging,0.0
3,PLCB3 (5331)_damaging,0.0
3,NRXN2 (9379)_damaging,0.0
3,MEN1 (4221)_damaging,0.0
3,PCNX3 (399909)_damaging,0.0
3,RIN1 (9610)_damaging,0.0
3,NUMA1 (4926)_damaging,0.0
3,INPPL1 (3636)_damaging,0.0
3,C2CD3 (26005)_damaging,0.0
3,MYO7A (4647)_damaging,0.0
3,RSF1 (51773)_damaging,0.03126176038118192
3,GAB2 (9846)_damaging,0.0
3,TENM4 (26011)_damaging,0.04467780602909096
3,PCF11 (51585)_damaging,0.0
3,DLG2 (1740)_damaging,0.0
3,SYTL2 (54843)_damaging,0.018580077616364356
3,FAT3 (120114)_damaging,0.0
3,DEUP1 (159989)_damaging,0.0
3,CNTN5 (53942)_damaging,0.0
3,CEP126 (57562)_damaging,0.0
3,MMP3 (4314)_damaging,0.0
3,DYNC2H1 (79659)_damaging,0.020946749677147814
3,NPAT (4863)_damaging,0.0
3,ATM (472)_damaging,0.008241765615074628
3,EXPH5 (23086)_damaging,0.0
3,NKAPD1 (55216)_damaging,0.0
3,NCAM1 (4684)_damaging,0.0
3,USP28 (57646)_damaging,0.0
3,DSCAML1 (57453)_damaging,0.0
3,KMT2A (4297)_damaging,0.03870275041601683
3,BCL9L (283149)_damaging,0.0
3,ARHGEF12 (23365)_damaging,0.0
3,TECTA (7007)_damaging,0.023129728199290354
3,SORL1 (6653)_damaging,0.0
3,ROBO3 (64221)_damaging,0.0
3,CCDC15 (80071)_damaging,0.0
3,LINC02714 (729305)_damaging,0.0
3,KDM5A (5927)_damaging,0.0
3,CACNA1C (775)_damaging,0.06406374944796517
3,VWF (7450)_damaging,0.0
3,PLEKHG6 (55200)_damaging,0.0
3,CHD4 (1108)_damaging,0.02174986579574532
3,ATN1 (1822)_damaging,0.0
3,A2ML1 (144568)_damaging,0.05490017896785771
3,A2M (2)_damaging,0.0
3,PZP (5858)_damaging,0.0
3,ATF7IP (55729)_damaging,0.0
3,GUCY2C (2984)_damaging,0.0
3,PIK3C2G (5288)_damaging,0.0
3,RECQL (5965)_damaging,0.0
3,ABCC9 (10060)_damaging,0.017578760965970185
3,C2CD5 (9847)_damaging,0.007715699307423407
3,ITPR2 (3709)_damaging,0.0
3,OVCH1 (341350)_damaging,0.0
3,KIF21A (55605)_damaging,0.0
3,LRRK2 (120892)_damaging,0.0
3,MUC19 (283463)_damaging,0.07419649188131673
3,CNTN1 (1272)_damaging,0.0
3,PDZRN4 (29951)_damaging,0.0
3,ADAMTS20 (80070)_damaging,0.0
3,ARID2 (196528)_damaging,0.04795606258386291
3,COL2A1 (1280)_damaging,0.0
3,WNT1 (7471)_damaging,0.0
3,KMT2D (8085)_damaging,0.003379933277260792
3,PRPF40B (25766)_damaging,0.034265185747250376
3,NCKAP5L (57701)_damaging,0.0
3,DIP2B (57609)_damaging,0.0
3,MAP3K12 (7786)_damaging,0.041096779658689984
3,STAT2 (6773)_damaging,0.0
3,NACA (4666)_damaging,0.03992187503929059
3,STAT6 (6778)_damaging,0.0
3,LRP1 (4035)_damaging,0.0
3,MBD6 (114785)_damaging,0.0
3,XPOT (11260)_damaging,0.0
3,MYRFL (196446)_damaging,0.0
3,PTPRB (5787)_damaging,0.07660950177725928
3,ZFC3H1 (196441)_damaging,0.0
3,E2F7 (144455)_damaging,0.0
3,NAV3 (89795)_damaging,0.0
3,OTOGL (283310)_damaging,0.006901378611553182
3,PTPRQ (374462)_damaging,0.007082664287221496
3,PPFIA2 (8499)_damaging,0.0
3,LRRIQ1 (84125)_damaging,0.0
3,CEP290 (80184)_damaging,0.0
3,PLXNC1 (10154)_damaging,0.0
3,CFAP54 (144535)_damaging,0.022482866439877958
3,BLTP3B (23074)_damaging,0.0
3,UTP20 (27340)_damaging,0.0
3,STAB2 (55576)_damaging,0.07969116119142364
3,ACACB (32)_damaging,0.0
3,ATXN2 (6311)_damaging,0.02729818024549157
3,NAA25 (80018)_damaging,0.0
3,HECTD4 (283450)_damaging,0.0
3,NOS1 (4842)_damaging,0.0
3,CIT (11113)_damaging,0.02820193683114487
3,HNF1A (6927)_damaging,0.0
3,KDM2B (84678)_damaging,0.0
3,SETD1B (23067)_damaging,0.0
3,HIP1R (9026)_damaging,0.013425510320904568
3,SBNO1 (55206)_damaging,0.0
3,DNAH10 (196385)_damaging,0.0
3,NCOR2 (9612)_damaging,0.0
3,TMEM132D (121256)_damaging,0.0
3,RIMBP2 (23504)_damaging,0.008581776169982725
3,EP400 (57634)_damaging,0.0
3,POLE (5426)_damaging,0.0
3,GOLGA3 (2802)_damaging,0.0
3,SACS (26278)_damaging,0.0
3,ATP8A2 (51761)_damaging,0.0
3,BRCA2 (675)_damaging,0.04845001203581804
3,PDS5B (23047)_damaging,0.0231818261961443
3,NBEA (26960)_damaging,0.0
3,FREM2 (341640)_damaging,0.0
3,DGKH (160851)_damaging,0.03978117598189639
3,ZC3H13 (23091)_damaging,0.0
3,RB1 (5925)_damaging,0.061455711228944346
3,DIAPH3 (81624)_damaging,0.0
3,KLHL1 (57626)_damaging,0.0
3,DACH1 (1602)_damaging,0.0
3,DIS3 (22894)_damaging,0.06879220348161065
3,TBC1D4 (9882)_damaging,0.0
3,MYCBP2 (23077)_damaging,0.0
3,SLITRK5 (26050)_damaging,0.0
3,DOCK9 (23348)_damaging,0.0
3,NALCN (259232)_damaging,0.0
3,CCDC168 (643677)_damaging,0.0
3,MYO16 (23026)_damaging,0.0
3,COL4A2 (1284)_damaging,0.0
3,TEP1 (7011)_damaging,0.0
3,CHD8 (57680)_damaging,0.03386960592819893
3,AJUBA (84962)_damaging,0.0
3,ACIN1 (22985)_damaging,0.0
3,MYH7 (4625)_damaging,0.0
3,CARMIL3 (90668)_damaging,0.0
3,NYNRIN (57523)_damaging,0.0
3,AKAP6 (9472)_damaging,0.008275514392415912
3,RALGAPA1 (253959)_damaging,0.0
3,TTC6 (319089)_damaging,0.0
3,MIA2 (4253)_damaging,0.0
3,FANCM (57697)_damaging,0.0
3,MDGA2 (161357)_damaging,0.03212913396056062
3,NIN (51199)_damaging,0.0
3,NID2 (22795)_damaging,0.0
3,KTN1 (3895)_damaging,0.0
3,ARID4A (5926)_damaging,0.02362349790840069
3,HIF1A (3091)_damaging,0.0
3,KCNH5 (27133)_damaging,0.0
3,SYNE2 (23224)_damaging,0.05093450784855222
3,PCNX1 (22990)_damaging,0.0
3,MIDEAS (91748)_damaging,0.0
3,YLPM1 (56252)_damaging,0.0
3,MLH3 (27030)_damaging,0.02813127480996323
3,NRXN3 (9369)_damaging,0.033257708787800475
3,GALC (2581)_damaging,0.0
3,PTPN21 (11099)_damaging,0.0
3,EML5 (161436)_damaging,0.0
3,TRIP11 (9321)_damaging,0.009302647642276831
3,UNC79 (57578)_damaging,0.0
3,ATG2B (55102)_damaging,0.0
3,RTL1 (388015)_damaging,0.0
3,DYNC1H1 (1778)_damaging,0.0
3,KIF26A (26153)_damaging,0.0
3,INF2 (64423)_damaging,0.0
3,AHNAK2 (113146)_damaging,0.0
3,MTA1 (9112)_damaging,0.0
3,HERC2 (8924)_damaging,0.0
3,TRPM1 (4308)_damaging,0.0
3,RYR3 (6263)_damaging,0.0
3,INO80 (54617)_damaging,0.0
3,LTK (4058)_damaging,0.0
3,TYRO3 (7301)_damaging,0.037308475760566305
3,MGA (23269)_damaging,0.0
3,SPTBN5 (51332)_damaging,0.0
3,ZNF106 (64397)_damaging,0.0
3,STARD9 (57519)_damaging,0.0
3,UBR1 (197131)_damaging,0.0
3,TP53BP1 (7158)_damaging,0.0
3,MAP1A (4130)_damaging,0.0
3,SPG11 (80208)_damaging,0.0
3,B2M (567)_damaging,0.0
3,FBN1 (2200)_damaging,0.0
3,CEP152 (22995)_damaging,0.015613796892894197
3,USP8 (9101)_damaging,0.0
3,TRPM7 (54822)_damaging,0.0
3,AP4E1 (23431)_damaging,0.0
3,MYO5C (55930)_damaging,0.0
3,UNC13C (440279)_damaging,0.0
3,RFX7 (64864)_damaging,0.03395372043465521
3,TCF12 (6938)_damaging,0.024621964053144395
3,VPS13C (54832)_damaging,0.0
3,TLN2 (83660)_damaging,0.001462094536278558
3,HERC1 (8925)_damaging,0.015021793935936023
3,ZNF609 (23060)_damaging,0.0
3,NOX5 (79400)_damaging,0.0
3,MYO9A (4649)_damaging,0.030658563441963268
3,HCN4 (10021)_damaging,0.02015090992542959
3,SIN3A (25942)_damaging,0.05609087320221231
3,PEAK1 (79834)_damaging,0.0
3,ADAMTSL3 (57188)_damaging,0.0
3,AKAP13 (11214)_damaging,0.0007905044897746837
3,AGBL1 (123624)_damaging,0.0
3,TICRR (90381)_damaging,0.0
3,KIF7 (374654)_damaging,0.05779612387395718
3,IQGAP1 (8826)_damaging,0.0
3,BLM (641)_damaging,0.0
3,FES (2242)_damaging,0.008077612305551892
3,CHD2 (1106)_damaging,0.0
3,LRRK1 (79705)_damaging,0.0
3,AXIN1 (8312)_damaging,0.0
3,UNKL (64718)_damaging,0.0
3,CRAMP1 (57585)_damaging,0.0
3,TSC2 (7249)_damaging,0.008772878960501931
3,PKD1 (5310)_damaging,0.0077936304566953475
3,SLX4 (84464)_damaging,0.0
3,CREBBP (1387)_damaging,0.18812501247923613
3,GRIN2A (2903)_damaging,0.0
3,TXNDC11 (51061)_damaging,0.0
3,SMG1 (23049)_damaging,0.0
3,KNOP1 (400506)_damaging,0.021253570523873198
3,DNAH3 (55567)_damaging,0.0
3,SCNN1B (6338)_damaging,0.008243055538094242
3,PALB2 (79728)_damaging,0.0
3,RBBP6 (5930)_damaging,0.0
3,TNRC6A (27327)_damaging,0.0
3,GTF3C1 (2975)_damaging,0.0
3,ATXN2L (11273)_damaging,0.0
3,ITGAL (3683)_damaging,0.0
3,SRCAP (10847)_damaging,0.0
3,SETD1A (9739)_damaging,0.0
3,SALL1 (6299)_damaging,0.0
3,CHD9 (80205)_damaging,0.0
3,NLRC5 (84166)_damaging,0.0
3,CNGB1 (1258)_damaging,0.0
3,CNOT1 (23019)_damaging,0.0
3,CDH8 (1006)_damaging,0.0
3,CDH11 (1009)_damaging,0.0
3,CTCF (10664)_damaging,0.0
3,CDH1 (999)_damaging,0.0
3,DHX38 (9785)_damaging,0.0
3,ZFHX3 (463)_damaging,0.0
3,CNTNAP4 (85445)_damaging,0.001072299992435865
3,IRF8 (3394)_damaging,0.005218364303460288
3,ZNF469 (84627)_damaging,0.01643272289835084
3,ZC3H18 (124245)_damaging,0.0
3,LINC02138 (400558)_damaging,0.017832596027021384
3,CDH15 (1013)_damaging,0.0
3,ANKRD11 (29123)_damaging,0.02048340853774111
3,VPS9D1 (9605)_damaging,0.0
3,FANCA (2175)_damaging,0.0
3,CLUH (23277)_damaging,0.0
3,SPATA22 (84690)_damaging,0.0
3,ZZEF1 (23140)_damaging,0.0
3,USP6 (9098)_damaging,0.0
3,TP53 (7157)_damaging,0.5016321856250378
3,DNAH2 (146754)_damaging,0.0
3,KDM6B (23135)_damaging,0.0
3,CHD3 (1107)_damaging,0.0
3,PER1 (5187)_damaging,0.0
3,MYH13 (8735)_damaging,0.004715127514659173
3,MYH8 (4626)_damaging,0.023893284310864023
3,MYH4 (4622)_damaging,0.0
3,MYH1 (4619)_damaging,0.04665903616827277
3,MYH2 (4620)_damaging,0.0
3,DNAH9 (1770)_damaging,0.0
3,NCOR1 (9611)_damaging,0.0
3,FLCN (201163)_damaging,0.02789070636950737
3,MYO15A (51168)_damaging,0.0
3,TOP3A (7156)_damaging,0.0
3,KSR1 (8844)_damaging,0.0
3,MYO18A (399687)_damaging,0.0025746221651898886
3,EFCAB5 (374786)_damaging,0.0
3,CPD (1362)_damaging,0.0
3,ATAD5 (79915)_damaging,0.0
3,NF1 (4763)_damaging,0.0
3,SLFN11 (91607)_damaging,0.12893367110602932
3,GPR179 (440435)_damaging,0.0
3,ARHGAP23 (57636)_damaging,0.0
3,TOP2A (7153)_damaging,0.0
3,KCNH4 (23415)_damaging,0.0
3,STAT5B (6777)_damaging,0.0
3,BRCA1 (672)_damaging,0.0
3,ITGA2B (3674)_damaging,0.02684457082192419
3,KANSL1 (284058)_damaging,0.0
3,COL1A1 (1277)_damaging,0.0
3,SPAG9 (9043)_damaging,0.0
3,RNF43 (54894)_damaging,0.0
3,PPM1D (8493)_damaging,0.0
3,BCAS3 (54828)_damaging,0.0
3,TBX4 (9496)_damaging,0.0
3,MED13 (9969)_damaging,0.0
3,MRC2 (9902)_damaging,0.0
3,SCN4A (6329)_damaging,0.08387497439436613
3,GNA13 (10672)_damaging,0.0
3,AXIN2 (8313)_damaging,0.0
3,BPTF (2186)_damaging,0.0
3,ABCA8 (10351)_damaging,0.0
3,ABCA9 (10350)_damaging,0.07806060794925156
3,ABCA6 (23460)_damaging,0.0
3,ABCA10 (10349)_damaging,0.0
3,ABCA5 (23461)_damaging,0.0330081363172828
3,SOX9 (6662)_damaging,0.03522817785323329
3,SDK2 (54549)_damaging,0.027785472369847707
3,TMEM94 (9772)_damaging,0.0
3,CASKIN2 (57513)_damaging,0.0
3,MYO15B (80022)_damaging,0.0
3,ITGB4 (3691)_damaging,0.0
3,EVPL (2125)_damaging,0.021339637208074625
3,TNRC6C (57690)_damaging,0.0
3,DNAH17 (8632)_damaging,0.0
3,CCDC40 (55036)_damaging,0.06110360657348835
3,RPTOR (57521)_damaging,0.0
3,BAHCC1 (57597)_damaging,0.0
3,FASN (2194)_damaging,0.0
3,SMCHD1 (23347)_damaging,0.0
3,EPB41L3 (23136)_damaging,0.0
3,LAMA1 (284217)_damaging,0.0
3,PTPRM (5797)_damaging,0.0
3,MTCL1 (23255)_damaging,0.0
3,ANKRD12 (23253)_damaging,0.0
3,PIEZO2 (63895)_damaging,0.0
3,ANKRD30B (374860)_damaging,0.0
3,ROCK1 (6093)_damaging,0.011355923066974466
3,LAMA3 (3909)_damaging,0.0
3,OSBPL1A (114876)_damaging,0.0
3,ZNF521 (25925)_damaging,0.0
3,ASXL3 (80816)_damaging,0.0
3,FHOD3 (80206)_damaging,0.05196113805728327
3,SETBP1 (26040)_damaging,0.03191482859408268
3,EPG5 (57724)_damaging,0.021249602745210993
3,LOXHD1 (125336)_damaging,0.0
3,ZBTB7C (201501)_damaging,0.0
3,SMAD4 (4089)_damaging,0.0
3,DCC (1630)_damaging,0.0
3,CDH7 (1005)_damaging,0.0
3,DSEL (92126)_damaging,0.0
3,RTTN (25914)_damaging,0.0
3,ZNF407 (55628)_damaging,0.0
3,ZNF236 (7776)_damaging,0.0
3,SALL3 (27164)_damaging,0.0
3,ATP9B (374868)_damaging,0.0
3,KCNG2 (26251)_damaging,0.0
3,ABCA7 (10347)_damaging,0.0
3,STK11 (6794)_damaging,0.031889440546250494
3,TJP3 (27134)_damaging,0.0
3,ZBTB7A (51341)_damaging,0.0
3,TICAM1 (148022)_damaging,0.0
3,KDM4B (23030)_damaging,0.003616116467410325
3,PTPRS (5802)_damaging,0.013754280373074582
3,SAFB2 (9667)_damaging,0.0
3,SAFB (6294)_damaging,0.020499166185935794
3,CAMSAP3 (57662)_damaging,0.015083935706436263
3,FBN3 (84467)_damaging,0.05161477600485639
3,MUC16 (94025)_damaging,0.0
3,COL5A3 (50509)_damaging,0.0
3,KEAP1 (9817)_damaging,0.0
3,DNM2 (1785)_damaging,0.0
3,SMARCA4 (6597)_damaging,0.0
3,CACNA1A (773)_damaging,0.04800403624449893
3,NOTCH3 (4854)_damaging,0.0
3,BRD4 (23476)_damaging,0.0
3,WIZ (58525)_damaging,0.0
3,CPAMD8 (27151)_damaging,0.0
3,CRLF1 (9244)_damaging,0.033692898475609266
3,ZNF208 (7757)_damaging,0.0
3,ZNF729 (100287226)_damaging,0.0
3,ZNF91 (7644)_damaging,0.0
3,TSHZ3 (57616)_damaging,0.01442247798606683
3,KMT2B (9757)_damaging,0.0
3,WDR87 (83889)_damaging,0.0
3,RYR1 (6261)_damaging,0.0
3,MAP4K1 (11184)_damaging,0.0
3,FCGBP (8857)_damaging,0.0
3,PRX (57716)_damaging,0.029711659641070934
3,SPTBN4 (57731)_damaging,0.0
3,AXL (558)_damaging,0.0
3,ARHGEF1 (9138)_damaging,0.04459995714053292
3,ERF (2077)_damaging,0.0
3,CIC (23152)_damaging,0.0
3,MEGF8 (1954)_damaging,0.0
3,ARHGAP35 (2909)_damaging,0.0
3,BICRA (29998)_damaging,0.030378596169702066
3,LMTK3 (114783)_damaging,0.0029747185464676744
3,PRR12 (57479)_damaging,0.0
3,POLD1 (5424)_damaging,0.0
3,SHANK1 (50944)_damaging,0.0
3,PPP2R1A (5518)_damaging,0.1367118407174067
3,NLRP7 (199713)_damaging,0.0
3,BRSK1 (84446)_damaging,0.0
3,NLRP9 (338321)_damaging,0.0
3,NLRP4 (147945)_damaging,0.0
3,NLRP8 (126205)_damaging,0.0
3,PEG3 (5178)_damaging,0.0
3,TPO (7173)_damaging,0.022477401052231887
3,PXDN (7837)_damaging,0.0
3,ROCK2 (9475)_damaging,0.0
3,GREB1 (9687)_damaging,0.0
3,NBAS (51594)_damaging,0.008800305934682744
3,RAD51AP2 (729475)_damaging,0.0
3,APOB (338)_damaging,0.0
3,TDRD15 (100129278)_damaging,0.0
3,ITSN2 (50618)_damaging,0.0
3,DNMT3A (1788)_damaging,0.0
3,ASXL2 (55252)_damaging,0.0
3,OTOF (9381)_damaging,0.0
3,MAPRE3 (22924)_damaging,0.0
3,CAD (790)_damaging,0.03570365388400381
3,IFT172 (26160)_damaging,0.0
3,SPATA31H1 (84226)_damaging,0.0
3,ALK (238)_damaging,0.0
3,BIRC6 (57448)_damaging,0.0
3,HEATR5B (54497)_damaging,0.0
3,ZFP36L2 (678)_damaging,0.0
3,THADA (63892)_damaging,0.03555954169195196
3,MSH2 (4436)_damaging,0.0
3,MSH6 (2956)_damaging,0.03064313923045161
3,NRXN1 (9378)_damaging,0.03004053666066903
3,SPTBN1 (6711)_damaging,0.0
3,EML6 (400954)_damaging,0.0
3,CCDC88A (55704)_damaging,0.0
3,USP34 (9736)_damaging,0.0
3,C2orf42 (54980)_damaging,0.0
3,ZNF638 (27332)_damaging,0.0
3,DYSF (8291)_damaging,0.0
3,ALMS1 (7840)_damaging,0.016317268718544404
3,CTNNA2 (1496)_damaging,0.0742229904694402
3,DNAH6 (1768)_damaging,0.013848836729702626
3,PROM2 (150696)_damaging,0.0
3,ANKRD36 (375248)_damaging,0.0
3,EIF5B (9669)_damaging,0.0
3,REV1 (51455)_damaging,0.0
3,DPP10 (57628)_damaging,0.0
3,MARCO (8685)_damaging,0.0
3,EPB41L5 (57669)_damaging,0.0
3,CNTNAP5 (129684)_damaging,0.025039892508027416
3,WDR33 (55339)_damaging,0.0
3,UGGT1 (56886)_damaging,0.0
3,ARHGEF4 (50649)_damaging,0.0
3,NCKAP5 (344148)_damaging,0.0
3,THSD7B (80731)_damaging,0.0
3,LRP1B (53353)_damaging,0.04595150460666688
3,ZEB2 (9839)_damaging,0.0
3,ACVR2A (92)_damaging,0.0
3,ORC4 (5000)_damaging,0.0
3,RIF1 (55183)_damaging,0.0
3,NEB (4703)_damaging,0.018042835866341374
3,BAZ2B (29994)_damaging,0.006401321793808258
3,LY75 (4065)_damaging,0.0
3,PLA2R1 (22925)_damaging,0.0
3,SLC4A10 (57282)_damaging,0.0
3,DPP4 (1803)_damaging,0.0
3,KCNH7 (90134)_damaging,0.0
3,SCN3A (6328)_damaging,0.008435480130242161
3,SCN2A (6326)_damaging,0.05848443449939635
3,TTC21B (79809)_damaging,0.0
3,SCN1A (6323)_damaging,1.202966087269276e-05
3,SCN9A (6335)_damaging,0.0
3,SCN7A (6332)_damaging,0.0
3,XIRP2 (129446)_damaging,0.007805545040920485
3,LRP2 (4036)_damaging,0.0
3,PPIG (9360)_damaging,0.014810434435866
3,MYO3B (140469)_damaging,0.04040105811135313
3,GPR155 (151556)_damaging,0.02939187909080689
3,TTN (7273)_damaging,0.0
3,CCDC141 (285025)_damaging,0.0
3,ITGA4 (3676)_damaging,0.0
3,FSIP2 (401024)_damaging,0.0
3,ITGAV (3685)_damaging,0.0
3,COL3A1 (1281)_damaging,0.0
3,COL5A2 (1290)_damaging,0.0
3,ANKAR (150709)_damaging,0.0
3,DNAH7 (56171)_damaging,0.0
3,PLCL1 (5334)_damaging,0.0
3,SGO2 (151246)_damaging,0.0
3,CASP8 (841)_damaging,0.0
3,NOP58 (51602)_damaging,0.0
3,BMPR2 (659)_damaging,0.0
3,NBEAL1 (65065)_damaging,0.0
3,PARD3B (117583)_damaging,0.0
3,ZDBF2 (57683)_damaging,0.0
3,ADAM23 (8745)_damaging,0.0
3,MAP2 (4133)_damaging,0.0
3,UNC80 (285175)_damaging,0.039374713324223154
3,KANSL1L (151050)_damaging,0.0
3,CPS1 (1373)_damaging,0.0
3,ERBB4 (2066)_damaging,1.9054743611506278e-05
3,ABCA12 (26154)_damaging,0.001107964137472017
3,FN1 (2335)_damaging,0.0
3,TNS1 (7145)_damaging,0.0
3,CFAP65 (255101)_damaging,0.008442181922225954
3,SPEG (10290)_damaging,0.010361957452949065
3,SLC4A3 (6508)_damaging,0.0
3,NYAP2 (57624)_damaging,0.0
3,IRS1 (3667)_damaging,0.0
3,COL4A4 (1286)_damaging,0.003137796771242614
3,SPHKAP (80309)_damaging,0.0
3,TRIP12 (9320)_damaging,0.0
3,GIGYF2 (26058)_damaging,0.0
3,MROH2A (339766)_damaging,0.08578717374313777
3,COL6A3 (1293)_damaging,0.0
3,HDAC4 (9759)_damaging,0.0
3,KIF1A (547)_damaging,0.0
3,CROCC2 (728763)_damaging,0.0
3,PASK (23178)_damaging,0.0
3,PLCB4 (5332)_damaging,0.0
3,ESF1 (51575)_damaging,0.0
3,RRBP1 (6238)_damaging,0.0
3,CFAP61 (26074)_damaging,0.0
3,RALGAPA2 (57186)_damaging,0.0
3,CD93 (22918)_damaging,0.0
3,ASXL1 (171023)_damaging,0.126806915154691
3,NCOA6 (23054)_damaging,0.02035091284420455
3,MYH7B (57644)_damaging,0.04120601079816312
3,CEP250 (11190)_damaging,0.0
3,SAMHD1 (25939)_damaging,0.005305981472408057
3,KIAA1755 (85449)_damaging,0.0
3,RALGAPB (57148)_damaging,0.0
3,PTPRT (11122)_damaging,0.014070365233572732
3,DDX27 (55661)_damaging,0.02792110970394755
3,ZNF831 (128611)_damaging,0.0
3,SYCP2 (10388)_damaging,0.0
3,LAMA5 (3911)_damaging,0.0
3,DIDO1 (11083)_damaging,0.0
3,COL20A1 (57642)_damaging,0.0
3,HELZ2 (85441)_damaging,0.0
3,TPTE (7179)_damaging,0.0
3,NRIP1 (8204)_damaging,0.02029065537090082
3,LTN1 (26046)_damaging,0.0
3,USP16 (10600)_damaging,0.0
3,TIAM1 (7074)_damaging,0.00449052261491377
3,SCAF4 (57466)_damaging,0.05152160894958123
3,SYNJ1 (8867)_damaging,0.0
3,ITSN1 (6453)_damaging,0.0005711604344492287
3,DOP1B (9980)_damaging,0.0
3,BRWD1 (54014)_damaging,0.0
3,DSCAM (1826)_damaging,0.0
3,TRPM2 (7226)_damaging,0.0
3,COL18A1 (80781)_damaging,0.004492826578310629
3,PCNT (5116)_damaging,0.0
3,ZDHHC8 (29801)_damaging,0.0
3,LZTR1 (8216)_damaging,0.0
3,SMARCB1 (6598)_damaging,0.0
3,MYO18B (84700)_damaging,0.0
3,CHEK2 (11200)_damaging,0.010536811258802951
3,NF2 (4771)_damaging,0.030900565859488645
3,PRR14L (253143)_damaging,0.0
3,DEPDC5 (9681)_damaging,0.0
3,RTCB (51493)_damaging,0.0
3,MYH9 (4627)_damaging,0.0
3,CSF2RB (1439)_damaging,0.02246050257889165
3,TRIOBP (11078)_damaging,0.0
3,CACNA1I (8911)_damaging,0.0
3,TNRC6B (23112)_damaging,0.0
3,EP300 (2033)_damaging,0.01827612530493181
3,ZC3H7B (23264)_damaging,0.0
3,MEI1 (150365)_damaging,0.0
3,TCF20 (6942)_damaging,0.0
3,SMC1B (27127)_damaging,0.0
3,PKDREJ (10343)_damaging,0.0
3,PLXNB2 (23654)_damaging,0.0
3,PPP6R2 (9701)_damaging,0.015289844836403752
3,SBF1 (6305)_damaging,0.0
3,CNTN6 (27255)_damaging,0.0
3,CNTN4 (152330)_damaging,0.0
3,GRM7 (2917)_damaging,0.0
3,SSUH2 (51066)_damaging,0.04575367275465982
3,VHL (7428)_damaging,0.0
3,KCNH8 (131096)_damaging,0.0
3,NEK10 (152110)_damaging,0.0
3,TGFBR2 (7048)_damaging,0.03970924237375576
3,CLASP2 (23122)_damaging,0.0
3,TRANK1 (9881)_damaging,0.0
3,MLH1 (4292)_damaging,0.0
3,GOLGA4 (2803)_damaging,0.0
3,SCN5A (6331)_damaging,0.0
3,SCN11A (11280)_damaging,0.0
3,KIF15 (56992)_damaging,0.0
3,LARS2 (23395)_damaging,0.040542852893778014
3,SETD2 (29072)_damaging,0.0
3,PLXNB1 (5364)_damaging,0.0
3,COL7A1 (1294)_damaging,0.0
3,CELSR3 (1951)_damaging,0.0
3,RHOA (387)_damaging,0.0
3,BSN (8927)_damaging,0.0
3,RBM6 (10180)_damaging,0.0
3,DOCK3 (1795)_damaging,0.0
3,DNAH1 (25981)_damaging,0.019172724380462657
3,BAP1 (8314)_damaging,0.0044170539474189825
3,STAB1 (23166)_damaging,0.0
3,PBRM1 (55193)_damaging,0.0
3,DNAH12 (201625)_damaging,0.0
3,FLNB (2317)_damaging,0.0
3,PTPRG (5793)_damaging,0.01584807033134573
3,ATXN7 (6314)_damaging,0.0
3,ADAMTS9 (56999)_damaging,0.0
3,ROBO2 (6092)_damaging,0.039709417674875666
3,ROBO1 (6091)_damaging,0.0
3,EPHA3 (2042)_damaging,0.0
3,EPHA6 (285220)_damaging,0.0
3,CRYBG3 (131544)_damaging,0.0
3,ABI3BP (25890)_damaging,0.0
3,MYH15 (22989)_damaging,0.0
3,DZIP3 (9666)_damaging,0.0
3,MORC1 (27136)_damaging,0.0
3,NECTIN3 (25945)_damaging,0.0
3,ZBTB20 (26137)_damaging,0.010768952276174705
3,CFAP91 (89876)_damaging,0.0
3,POLQ (10721)_damaging,0.020088328800600345
3,GOLGB1 (2804)_damaging,0.0
3,KALRN (8997)_damaging,0.12812889317729906
3,COL6A5 (256076)_damaging,0.021999218294123758
3,DNAJC13 (23317)_damaging,0.0
3,TOPBP1 (11073)_damaging,0.0
3,RASA2 (5922)_damaging,0.0
3,XRN1 (54464)_damaging,0.0
3,ATR (545)_damaging,0.005464011432300005
3,HPS3 (84343)_damaging,0.0
3,MED12L (116931)_damaging,0.024184858353447324
3,IGSF10 (285313)_damaging,0.0052468600943626304
3,ARHGEF26 (26084)_damaging,0.0
3,MME (4311)_damaging,0.0
3,SMC4 (10051)_damaging,0.0
3,SI (6476)_damaging,0.0
3,MECOM (2122)_damaging,0.0
3,SPATA16 (83893)_damaging,0.0
3,USP13 (8975)_damaging,0.0
3,ATP13A5 (344905)_damaging,0.0
3,MUC4 (4585)_damaging,0.0
3,TNK2 (10188)_damaging,0.0
3,NSD2 (7468)_damaging,0.07936941640908743
3,FAM193A (8603)_damaging,0.0
3,HTT (3064)_damaging,0.003617201361848372
3,UNC93B7 (100887746)_damaging,0.07422042532210925
3,BOD1L1 (259282)_damaging,0.0
3,CPEB2 (132864)_damaging,0.0
3,SLIT2 (9353)_damaging,0.0
3,PCDH7 (5099)_damaging,0.0
3,LIMCH1 (22998)_damaging,0.0
3,BEND4 (389206)_damaging,0.0
3,CORIN (10699)_damaging,0.0
3,FRYL (285527)_damaging,0.0
3,KDR (3791)_damaging,0.0
3,CRACD (57482)_damaging,0.08580783244205481
3,POLR2B (5431)_damaging,0.0
3,ADGRL3 (23284)_damaging,0.0
3,EPHA5 (2044)_damaging,0.0
3,CENPC (1060)_damaging,0.0
3,ADAMTS3 (9508)_damaging,0.027351471495303967
3,SHROOM3 (57619)_damaging,0.04502722986705365
3,FRAS1 (80144)_damaging,0.0
3,WDFY3 (23001)_damaging,0.02261228538822158
3,PTPN13 (5783)_damaging,0.0
3,AFF1 (4299)_damaging,0.0
3,ABCG2 (9429)_damaging,0.004387718345715538
3,GRID2 (2895)_damaging,0.0
3,SMARCAD1 (56916)_damaging,0.0
3,TET2 (54790)_damaging,0.0
3,COL25A1 (84570)_damaging,0.0
3,EGF (1950)_damaging,0.0
3,ANK2 (287)_damaging,0.0
3,BLTP1 (84162)_damaging,0.0
3,FAT4 (79633)_damaging,0.0
3,PCDH10 (57575)_damaging,0.0
3,LRBA (987)_damaging,0.0
3,FBXW7 (55294)_damaging,0.0
3,FHDC1 (85462)_damaging,0.0
3,DCHS2 (54798)_damaging,0.0
3,MAP9 (79884)_damaging,0.0
3,RAPGEF2 (9693)_damaging,0.0
3,FSTL5 (56884)_damaging,0.0
3,DDX60 (55601)_damaging,0.0
3,TENM3 (55714)_damaging,0.0
3,SORBS2 (8470)_damaging,0.0
3,FAT1 (2195)_damaging,0.0
3,SDHA (6389)_damaging,0.0
3,SLC12A7 (10723)_damaging,0.0
3,TERT (7015)_damaging,0.04319016994795295
3,ADAMTS16 (170690)_damaging,0.0
3,ICE1 (23379)_damaging,0.0
3,SEMA5A (9037)_damaging,0.0
3,DNAH5 (1767)_damaging,0.0
3,TRIO (7204)_damaging,0.0
3,CDH18 (1016)_damaging,0.0
3,CDH12 (1010)_damaging,0.0
3,PRDM9 (56979)_damaging,0.0
3,CDH10 (1008)_damaging,0.0
3,CDH6 (1004)_damaging,0.0
3,PDZD2 (23037)_damaging,0.0
3,ADAMTS12 (81792)_damaging,0.10523142148084969
3,SPEF2 (79925)_damaging,0.0
3,NIPBL (25836)_damaging,0.0
3,CPLANE1 (65250)_damaging,0.07144292905740274
3,C7 (730)_damaging,0.02405831839134939
3,MROH2B (133558)_damaging,0.0
3,C6 (729)_damaging,0.0
3,HCN1 (348980)_damaging,0.0
3,DHX29 (54505)_damaging,9.496553934300462e-08
3,PIK3R1 (5295)_damaging,0.0
3,RAD17 (5884)_damaging,0.004019916424205509
3,BDP1 (55814)_damaging,0.0
3,ARHGEF28 (64283)_damaging,0.0
3,ANKRD31 (256006)_damaging,0.0
3,AP3B1 (8546)_damaging,0.0
3,CMYA5 (202333)_damaging,0.09899925550304438
3,MSH3 (4437)_damaging,0.04349270204949618
3,VCAN (1462)_damaging,0.0
3,RASA1 (5921)_damaging,0.0
3,ADGRV1 (84059)_damaging,0.0
3,MCTP1 (79772)_damaging,0.0
3,SKIC3 (9652)_damaging,0.0
3,ARSK (153642)_damaging,0.004254000745319213
3,PCSK1 (5122)_damaging,0.0
3,APC (324)_damaging,0.04938309913375358
3,KCNN2 (3781)_damaging,0.0
3,DMXL1 (1657)_damaging,0.0
3,CEP120 (153241)_damaging,0.0
3,ZNF608 (57507)_damaging,0.0
3,FBN2 (2201)_damaging,0.0
3,RAPGEF6 (51735)_damaging,0.0
3,RAD50 (10111)_damaging,0.016581250272516997
3,PITX1 (5307)_damaging,0.10608078620729512
3,LINC02900 (340073)_damaging,0.0
3,CTNNA1 (1495)_damaging,0.05531910227405085
3,WDR55 (54853)_damaging,0.0
3,NR3C1 (2908)_damaging,0.0
3,FAT2 (2196)_damaging,0.0
3,LARP1 (23367)_damaging,0.0
3,SLIT3 (6586)_damaging,0.0
3,DOCK2 (1794)_damaging,0.0
3,NSD1 (64324)_damaging,0.0
3,ADAMTS2 (9509)_damaging,0.0
3,FLT4 (2324)_damaging,0.0
3,DSP (1832)_damaging,0.0
3,HIVEP1 (3096)_damaging,0.0
3,JARID2 (3720)_damaging,0.0
3,ATXN1 (6310)_damaging,0.0
3,GABBR1 (2550)_damaging,0.05259287035526585
3,HLA-A (3105)_damaging,0.0
3,MDC1 (9656)_damaging,0.0
3,VARS2 (57176)_damaging,0.0
3,HLA-C (3107)_damaging,0.010198750550815538
3,HLA-B (3106)_damaging,0.0
3,PRRC2A (7916)_damaging,0.0
3,TNXB (7148)_damaging,0.0
3,NOTCH4 (4855)_damaging,0.0
3,COL11A2 (1302)_damaging,0.0
3,SYNGAP1 (8831)_damaging,0.0
3,ITPR3 (3710)_damaging,0.0
3,DNAH8 (1769)_damaging,0.0
3,KIF6 (221458)_damaging,0.0
3,CCND3 (896)_damaging,0.0
3,UBR2 (23304)_damaging,0.008875374952639825
3,ZNF318 (24149)_damaging,0.0
3,TDRD6 (221400)_damaging,0.0
3,MMUT (4594)_damaging,0.0
3,PKHD1 (5314)_damaging,0.04099735880724487
3,FAM83B (222584)_damaging,0.01819459419213588
3,DST (667)_damaging,0.0
3,PHF3 (23469)_damaging,0.0
3,EYS (346007)_damaging,0.0
3,ADGRB3 (577)_damaging,0.0
3,COL19A1 (1310)_damaging,0.0
3,COL9A1 (1297)_damaging,0.0
3,RIMS1 (22999)_damaging,0.0
3,COL12A1 (1303)_damaging,0.0
3,TTK (7272)_damaging,0.0
3,ZNF292 (23036)_damaging,0.0
3,MDN1 (23195)_damaging,0.0
3,CASP8AP2 (9994)_damaging,0.009083379438226676
3,EPHA7 (2045)_damaging,0.013332379159259377
3,MMS22L (253714)_damaging,0.0
3,AK9 (221264)_damaging,0.013438707629589364
3,REV3L (5980)_damaging,0.0
3,HDAC2 (3066)_damaging,0.0
3,GPRC6A (222545)_damaging,0.0
3,ROS1 (6098)_damaging,0.0
3,TBC1D32 (221322)_damaging,0.0
3,TRDN (10345)_damaging,0.0
3,LAMA2 (3908)_damaging,0.0
3,AKAP7 (9465)_damaging,0.0
3,MED23 (9439)_damaging,0.0
3,TNFAIP3 (7128)_damaging,0.060615856774318085
3,ECT2L (345930)_damaging,0.02184184997802605
3,HECA (51696)_damaging,0.00978746234162061
3,HIVEP2 (3097)_damaging,0.07185906314459312
3,UTRN (7402)_damaging,0.0
3,SHPRH (257218)_damaging,0.0
3,ADGB (79747)_damaging,0.0
3,SYNE1 (23345)_damaging,0.031884498364194575
3,SCAF8 (22828)_damaging,0.0
3,ARID1B (57492)_damaging,0.0
3,FNDC1 (84624)_damaging,0.0
3,LPA (4018)_damaging,0.0
3,MAP3K4 (4216)_damaging,0.0
3,QKI (9444)_damaging,0.0
3,AFDN (4301)_damaging,0.0
3,CARD11 (84433)_damaging,0.0
3,SDK1 (221935)_damaging,0.0
3,TNRC18 (84629)_damaging,0.0
3,PMS2 (5395)_damaging,0.0
3,COL28A1 (340267)_damaging,0.0
3,THSD7A (221981)_damaging,0.0
3,VWDE (221806)_damaging,0.00446010283346873
3,AHR (196)_damaging,0.0
3,HDAC9 (9734)_damaging,0.0
3,ABCB5 (340273)_damaging,0.027339725449225142
3,DNAH11 (8701)_damaging,0.0
3,STK31 (56164)_damaging,0.05386002616052302
3,CDK13 (8621)_damaging,0.0
3,GLI3 (2737)_damaging,0.0
3,HECW1 (23072)_damaging,0.0
3,AEBP1 (165)_damaging,0.0
3,PKD1L1 (168507)_damaging,0.0
3,ABCA13 (154664)_damaging,0.0
3,FIGNL1 (63979)_damaging,0.0
3,ZNF735 (730291)_damaging,0.0
3,AUTS2 (26053)_damaging,0.0
3,MAGI2 (9863)_damaging,0.0
3,PCLO (27445)_damaging,0.0
3,SEMA3E (9723)_damaging,0.0
3,ABCB4 (5244)_damaging,0.0
3,ZNF804B (219578)_damaging,0.0
3,AKAP9 (10142)_damaging,0.0
3,ANKIB1 (54467)_damaging,0.04018301885707424
3,SAMD9 (54809)_damaging,0.0
3,SAMD9L (219285)_damaging,0.0
3,COL1A2 (1278)_damaging,0.0
3,TRRAP (8295)_damaging,0.0
3,ZAN (7455)_damaging,0.0
3,MUC12 (10071)_damaging,0.0
3,MUC17 (140453)_damaging,0.010791808515485874
3,PLOD3 (8985)_damaging,0.0
3,CUX1 (1523)_damaging,0.0
3,RELN (5649)_damaging,0.0
3,KMT2E (55904)_damaging,0.0
3,PIK3CG (5294)_damaging,0.0
3,LAMB4 (22798)_damaging,0.0
3,PPP1R3A (5506)_damaging,0.0
3,CFTR (1080)_damaging,0.0
3,CTTNBP2 (83992)_damaging,0.0
3,WNT16 (51384)_damaging,7.601122792303792e-05
3,PTPRZ1 (5803)_damaging,0.042151982169785766
3,CADPS2 (93664)_damaging,0.01166286725864426
3,IQUB (154865)_damaging,0.07797820277618164
3,GRM8 (2918)_damaging,0.0
3,FLNC (2318)_damaging,0.0
3,PLXNA4 (91584)_damaging,0.031062149967147984
3,NUP205 (23165)_damaging,0.0
3,DGKI (9162)_damaging,0.0
3,TRIM24 (8805)_damaging,0.0
3,KIAA1549 (57670)_damaging,0.0
3,MGAM (8972)_damaging,0.0
3,MGAM2 (93432)_damaging,0.047682204554595604
3,EPHB6 (2051)_damaging,0.0
3,KEL (3792)_damaging,0.0
3,NOBOX (135935)_damaging,0.0
3,CNTNAP2 (26047)_damaging,0.0
3,EZH2 (2146)_damaging,0.0
3,KCNH2 (3757)_damaging,0.0
3,NOS3 (4846)_damaging,0.0
3,KMT2C (58508)_damaging,0.0
3,DPP6 (1804)_damaging,0.0
3,PTPRN2 (5799)_damaging,0.01308132675795262
3,CSMD1 (64478)_damaging,0.0
3,RP1L1 (94137)_damaging,0.0
3,TRMT9B (57604)_damaging,0.0
3,DLC1 (10395)_damaging,0.0
3,DOCK5 (80005)_damaging,0.0
3,NUGGC (389643)_damaging,0.020087883778861775
3,TEX15 (56154)_damaging,0.0
3,WRN (7486)_damaging,0.0
3,ADGRA2 (25960)_damaging,0.0
3,ANK1 (286)_damaging,0.0047373565543308745
3,PRKDC (5591)_damaging,0.0
3,PXDNL (137902)_damaging,0.014613628284603978
3,ST18 (9705)_damaging,0.0
3,RB1CC1 (9821)_damaging,0.0
3,RP1 (6101)_damaging,0.0
3,ARFGEF1 (10565)_damaging,0.0
3,PREX2 (80243)_damaging,0.01789293535228223
3,SULF1 (23213)_damaging,0.0021283080647928995
3,KCNB2 (9312)_damaging,0.0
3,ZFHX4 (79776)_damaging,0.0
3,WWP1 (11059)_damaging,0.0
3,NBN (4683)_damaging,0.0
3,ESRP1 (54845)_damaging,0.0
3,VPS13B (157680)_damaging,0.0
3,RGS22 (26166)_damaging,0.0
3,UBR5 (51366)_damaging,0.045926961516865254
3,RIMS2 (9699)_damaging,0.0
3,PKHD1L1 (93035)_damaging,0.0008262369383982874
3,CSMD3 (114788)_damaging,0.0
3,TRPS1 (7227)_damaging,0.0
3,COL14A1 (7373)_damaging,0.06265937029513233
3,FER1L6 (654463)_damaging,0.0
3,EFR3A (23167)_damaging,0.0
3,OC90 (729330)_damaging,0.0
3,KCNQ3 (3786)_damaging,0.036289425901775856
3,PHF20L1 (51105)_damaging,0.0
3,COL22A1 (169044)_damaging,0.0
3,ADGRB1 (575)_damaging,0.005720361036599487
3,PLEC (5339)_damaging,0.040237768873627955
3,CYC1 (1537)_damaging,0.0
3,CPSF1 (29894)_damaging,0.0
3,KIFC2 (90990)_damaging,0.0
3,DOCK8 (81704)_damaging,0.0
3,SMARCA2 (6595)_damaging,0.011722845838972845
3,ERMP1 (79956)_damaging,0.0
3,PTPRD (5789)_damaging,0.0
3,MPDZ (8777)_damaging,0.0
3,CCDC171 (203238)_damaging,0.001006462267545473
3,CNTLN (54875)_damaging,0.0
3,DENND4C (55667)_damaging,0.0
3,CDKN2A (1029)_damaging,0.0
3,TAF1L (138474)_damaging,0.0
3,FANCG (2189)_damaging,0.0
3,PIGO (84720)_damaging,0.0
3,UNC13B (10497)_damaging,0.0
3,RUSC2 (9853)_damaging,0.0
3,SPAG8 (26206)_damaging,0.0
3,TMC1 (117531)_damaging,0.0
3,TRPM6 (140803)_damaging,0.0
3,PCSK5 (5125)_damaging,0.0
3,PRUNE2 (158471)_damaging,0.0
3,VPS13A (23230)_damaging,0.0
3,TLE4 (7091)_damaging,0.0
3,KIF27 (55582)_damaging,0.0321190806407479
3,ROR2 (4920)_damaging,0.0
3,NOL8 (55035)_damaging,0.0
3,WNK2 (65268)_damaging,0.0
3,PTCH1 (5727)_damaging,0.0
3,COL15A1 (1306)_damaging,0.009183351330587147
3,ELP1 (8518)_damaging,0.0
3,TMEM245 (23731)_damaging,0.0
3,PALM2AKAP2 (445815)_damaging,0.0
3,SVEP1 (79987)_damaging,0.0
3,FKBP15 (23307)_damaging,0.008175437556919265
3,COL27A1 (85301)_damaging,0.017167177252358334
3,PAPPA (5069)_damaging,0.0
3,TLR4 (7099)_damaging,0.0
3,C5 (727)_damaging,0.0
3,CNTRL (11064)_damaging,0.0
3,DENND1A (57706)_damaging,0.0
3,GOLGA2 (2801)_damaging,0.0
3,SPTAN1 (6709)_damaging,0.0
3,HMCN2 (256158)_damaging,0.0
3,NUP214 (8021)_damaging,0.0331313232978364
3,PRRC2B (84726)_damaging,0.0
3,UCK1 (83549)_damaging,0.0
3,SETX (23064)_damaging,0.0
3,ADAMTSL2 (9719)_damaging,0.0
3,BRD3 (8019)_damaging,0.0
3,WDR5 (11091)_damaging,0.0069364917101169404
3,COL5A1 (1289)_damaging,0.0
3,CAMSAP1 (157922)_damaging,0.003420420693079466
3,NOTCH1 (4851)_damaging,0.0
3,ABCA2 (20)_damaging,0.0
3,CACNA1B (774)_damaging,0.0
3,MXRA5 (25878)_damaging,0.0
3,NHS (4810)_damaging,0.0
3,MAP3K15 (389840)_damaging,0.0
3,DMD (1756)_damaging,0.007461794754450823
3,CFAP47 (286464)_damaging,0.08054352122573549
3,BCOR (54880)_damaging,0.06590165489363788
3,USP9X (8239)_damaging,0.02742816269957981
3,DDX3X (1654)_damaging,0.023981026430637563
3,KDM6A (7403)_damaging,0.0064239469762418155
3,RBM10 (8241)_damaging,0.0
3,TFE3 (7030)_damaging,0.0
3,CACNA1F (778)_damaging,0.0
3,CCNB3 (85417)_damaging,0.024287519973687728
3,KDM5C (8242)_damaging,0.0
3,IQSEC2 (23096)_damaging,0.0
3,HUWE1 (10075)_damaging,0.0
3,WNK3 (65267)_damaging,0.0
3,AMER1 (139285)_damaging,0.0
3,OPHN1 (4983)_damaging,0.0
3,MED12 (9968)_damaging,0.0
3,ZMYM3 (9203)_damaging,0.07545802508653494
3,NEXMIF (340533)_damaging,0.0
3,ATRX (546)_damaging,0.0
3,BRWD3 (254065)_damaging,0.0
3,CYLC1 (1538)_damaging,0.0
3,ZNF711 (7552)_damaging,0.0
3,DIAPH2 (1730)_damaging,0.0
3,PCDH19 (57526)_damaging,0.0
3,RAB40A (142684)_damaging,0.010328467983222166
3,NRK (203447)_damaging,0.0
3,MORC4 (79710)_damaging,0.0
3,COL4A6 (1288)_damaging,0.0
3,COL4A5 (1287)_damaging,0.02320101136507821
3,GUCY2F (2986)_damaging,0.0
3,STAG2 (10735)_damaging,0.0014268917448588322
3,TENM1 (10178)_damaging,0.0
3,BCORL1 (63035)_damaging,0.0
3,USP26 (83844)_damaging,0.0
3,ADGRG4 (139378)_damaging,0.0
3,SPANXN4 (441525)_damaging,0.0
3,SLITRK2 (84631)_damaging,0.0
3,FMR1 (2332)_damaging,0.02761707476933508
3,AFF2 (2334)_damaging,0.0
3,F8 (2157)_damaging,0.0
3,MT-ND4 (4538)_damaging,0.052363128469497186
3,MT-ND5 (4540)_damaging,0.02154501332759374
4,MTOR (2475)_hotspot,0.12003655708805781
4,NRAS (4893)_hotspot,0.0009860706619033944
4,PTEN (5728)_hotspot,0.011155572393223527
4,HRAS (3265)_hotspot,0.0
4,ATM (472)_hotspot,0.0
4,KRAS (3845)_hotspot,0.03583910831493014
4,ERBB3 (2065)_hotspot,0.08466946892845474
4,RB1 (5925)_hotspot,0.0458110136303252
4,CREBBP (1387)_hotspot,0.0
4,TP53 (7157)_hotspot,0.06061856039459089
4,NF1 (4763)_hotspot,0.055555070108304155
4,ERBB2 (2064)_hotspot,0.0
4,SMAD4 (4089)_hotspot,0.02771408483098779
4,STK11 (6794)_hotspot,0.0
4,SMARCA4 (6597)_hotspot,0.0
4,C2orf81 (388963)_hotspot,0.022621023811057663
4,NFE2L2 (4780)_hotspot,0.09164813422353958
4,VHL (7428)_hotspot,0.0
4,CTNNB1 (1499)_hotspot,0.0
4,RHOA (387)_hotspot,0.0
4,PIK3CA (5290)_hotspot,0.13234603534582562
4,FBXW7 (55294)_hotspot,0.0734877706261146
4,TERT (7015)_hotspot,0.11156947160539037
4,PIK3R1 (5295)_hotspot,0.0
4,APC (324)_hotspot,0.04397253931360152
4,RAC1 (5879)_hotspot,0.0
4,EGFR (1956)_hotspot,0.0
4,BRAF (673)_hotspot,0.1050931324962732
4,CDKN2A (1029)_hotspot,0.0
4,MXRA8 (54587)_damaging,0.0
4,MEGF6 (1953)_damaging,0.0
4,CHD5 (26038)_damaging,0.008553522717965492
4,RPL22 (6146)_damaging,0.0
4,CAMTA1 (23261)_damaging,0.0
4,SLC45A1 (50651)_damaging,0.02523890342957587
4,RERE (473)_damaging,0.0
4,VPS13D (55187)_damaging,0.0
4,FHAD1 (114827)_damaging,0.0
4,SPEN (23013)_damaging,0.0015281278699060066
4,EPHA2 (1969)_damaging,0.0
4,UBR4 (23352)_damaging,0.0
4,VWA5B1 (127731)_damaging,0.0
4,EIF4G3 (8672)_damaging,0.0
4,HSPG2 (3339)_damaging,0.0
4,LUZP1 (7798)_damaging,0.0
4,ID3 (3399)_damaging,0.1576302255839129
4,ELOA (6924)_damaging,0.0
4,ARID1A (8289)_damaging,0.0
4,WDTC1 (23038)_damaging,0.0
4,PTPRU (10076)_damaging,0.0
4,COL16A1 (1307)_damaging,0.0
4,CSMD2 (114784)_damaging,0.0
4,ZMYM6 (9204)_damaging,0.0
4,ZMYM1 (79830)_damaging,0.0
4,ZMYM4 (9202)_damaging,0.0
4,CLSPN (63967)_damaging,0.0
4,AGO1 (26523)_damaging,0.0
4,MAP7D1 (55700)_damaging,0.03641959144962078
4,MACF1 (23499)_damaging,0.018473222292937838
4,TIE1 (7075)_damaging,0.0
4,MPL (4352)_damaging,0.0
4,SZT2 (23334)_damaging,0.0
4,ZSWIM5 (57643)_damaging,0.0
4,MUTYH (4595)_damaging,0.0
4,MAST2 (23139)_damaging,0.0
4,FAAH (2166)_damaging,0.0
4,TAL1 (6886)_damaging,0.0
4,NFIA (4774)_damaging,0.025554818921365786
4,PATJ (10207)_damaging,0.0
4,DOCK7 (85440)_damaging,0.0
4,EFCAB7 (84455)_damaging,0.0
4,LEPR (3953)_damaging,0.0
4,LRRC7 (57554)_damaging,0.0
4,ERICH3 (127254)_damaging,0.0
4,SLC44A5 (204962)_damaging,0.0
4,AK5 (26289)_damaging,0.08233530901758171
4,ADGRL4 (64123)_damaging,0.0
4,ADGRL2 (23266)_damaging,0.0029256371233797626
4,COL24A1 (255631)_damaging,0.03038468594533292
4,HFM1 (164045)_damaging,0.0
4,BTBD8 (284697)_damaging,0.0
4,RPL5 (6125)_damaging,0.06384859189393376
4,PTBP2 (58155)_damaging,0.02144157133303086
4,DPYD (1806)_damaging,0.0
4,COL11A1 (1301)_damaging,0.0
4,EPS8L3 (79574)_damaging,0.0
4,MAGI3 (260425)_damaging,0.0
4,SYCP1 (6847)_damaging,0.0
4,CD58 (965)_damaging,0.0
4,MAN1A2 (10905)_damaging,0.0
4,SPAG17 (200162)_damaging,0.019883666289536715
4,NOTCH2 (4853)_damaging,0.0
4,BCL9 (607)_damaging,0.0
4,ADAMTSL4 (54507)_damaging,0.0
4,SETDB1 (9869)_damaging,0.0
4,ZNF687 (57592)_damaging,0.0
4,TCHH (7062)_damaging,0.05465743259929285
4,FLG (2312)_damaging,0.0
4,CCDST (112268240)_damaging,0.04560168037328393
4,FLG2 (388698)_damaging,0.0
4,UBAP2L (9898)_damaging,0.0
4,ADAR (103)_damaging,0.0
4,ASH1L (55870)_damaging,0.0
4,IQGAP3 (128239)_damaging,0.0
4,NES (10763)_damaging,0.0
4,INSRR (3645)_damaging,0.0
4,SPTA1 (6708)_damaging,0.09349528384234251
4,PYHIN1 (149628)_damaging,0.0
4,F5 (2153)_damaging,0.0
4,PRRC2C (23215)_damaging,0.0
4,TNR (7143)_damaging,0.03769907953303076
4,PAPPA2 (60676)_damaging,0.013451487280659724
4,ABL2 (27)_damaging,0.0
4,AXDND1 (126859)_damaging,0.0
4,TDRD5 (163589)_damaging,0.0
4,CEP350 (9857)_damaging,0.0
4,CACNA1E (777)_damaging,0.0
4,RGL1 (23179)_damaging,0.0
4,HMCN1 (83872)_damaging,0.0
4,TPR (7175)_damaging,0.0
4,KCNT2 (343450)_damaging,0.0
4,CFH (3075)_damaging,0.0
4,ASPM (259266)_damaging,0.0
4,PTPRC (5788)_damaging,0.0
4,CAMSAP2 (23271)_damaging,0.0
4,CACNA1S (779)_damaging,0.0
4,IGFN1 (91156)_damaging,0.03807028493677849
4,NAV1 (89796)_damaging,0.0
4,ELF3 (1999)_damaging,0.0
4,KDM5B (10765)_damaging,0.0
4,ATP2B4 (493)_damaging,0.0
4,PLEKHA6 (22874)_damaging,0.0
4,PIK3C2B (5287)_damaging,0.0
4,NFASC (23114)_damaging,0.0
4,CR2 (1380)_damaging,0.0
4,PLXNA2 (5362)_damaging,0.0
4,PTPN14 (5784)_damaging,0.009938869964040488
4,CENPF (1063)_damaging,0.05360862198960489
4,USH2A (7399)_damaging,0.0763840325886058
4,DNAH14 (127602)_damaging,0.0
4,CDC42BPA (8476)_damaging,0.0
4,OBSCN (84033)_damaging,0.0
4,H3-4 (8290)_damaging,0.0
4,SIPA1L2 (57568)_damaging,0.0048235374884401825
4,PCNX2 (80003)_damaging,0.0
4,MAP3K21 (84451)_damaging,0.0028282464472699793
4,ARID4B (51742)_damaging,0.0
4,LYST (1130)_damaging,0.0
4,HEATR1 (55127)_damaging,0.0
4,RYR2 (6262)_damaging,0.0
4,CHRM3 (1131)_damaging,0.0
4,FMN2 (56776)_damaging,0.0
4,RGS7 (6000)_damaging,0.04470663217029093
4,SDCCAG8 (10806)_damaging,0.0
4,KIF26B (55083)_damaging,0.0
4,LARP4B (23185)_damaging,0.0
4,ADARB2 (105)_damaging,0.0
4,PITRM1 (10531)_damaging,0.04155795123384076
4,CUBN (8029)_damaging,0.0
4,MRC1 (4360)_damaging,0.0
4,MALRD1 (340895)_damaging,0.0
4,MLLT10 (8028)_damaging,0.0
4,SPAG6 (9576)_damaging,0.0
4,ARMC3 (219681)_damaging,0.0
4,ANKRD26 (22852)_damaging,0.0
4,ODAD2 (55130)_damaging,0.005729060212035374
4,SVIL (6840)_damaging,0.0
4,JCAD (57608)_damaging,0.05490517006250177
4,KIF5B (3799)_damaging,0.0
4,ANKRD30A (91074)_damaging,0.0
4,WDFY4 (57705)_damaging,0.0
4,C10orf71 (118461)_damaging,0.0
4,PCDH15 (65217)_damaging,0.0
4,ANK3 (288)_damaging,0.0
4,ARID5B (84159)_damaging,0.017665789540883693
4,JMJD1C (221037)_damaging,0.0
4,CTNNA3 (29119)_damaging,0.0
4,CDH23 (64072)_damaging,0.0
4,DLG5 (9231)_damaging,0.0
4,ZMIZ1 (57178)_damaging,0.0
4,WAPL (23063)_damaging,0.0
4,PTEN (5728)_damaging,0.0
4,KIF20B (9585)_damaging,0.0
4,BTAF1 (9044)_damaging,0.07725980904684494
4,MYOF (26509)_damaging,0.0
4,PLCE1 (51196)_damaging,0.0
4,CC2D2B (387707)_damaging,0.0
4,ZNF518A (9849)_damaging,0.0
4,LCOR (84458)_damaging,0.0
4,SLIT1 (6585)_damaging,0.0
4,PAX2 (5076)_damaging,0.0
4,PPRC1 (23082)_damaging,0.0
4,PSD (5662)_damaging,0.0
4,CNNM2 (54805)_damaging,0.0
4,PDCD11 (22984)_damaging,0.0
4,SH3PXD2A (9644)_damaging,0.0
4,SLK (9748)_damaging,0.036158473971615444
4,SORCS3 (22986)_damaging,0.0
4,SORCS1 (114815)_damaging,0.0
4,SMC3 (9126)_damaging,0.0
4,TCF7L2 (6934)_damaging,0.0
4,CCDC186 (55088)_damaging,0.004336295746249427
4,ATRNL1 (26033)_damaging,0.0
4,PDZD8 (118987)_damaging,0.044158292584849934
4,TACC2 (10579)_damaging,0.0
4,DMBT1 (1755)_damaging,0.011910924414673129
4,DOCK1 (1793)_damaging,0.0
4,MKI67 (4288)_damaging,0.0
4,JAKMIP3 (282973)_damaging,0.0
4,CFAP46 (54777)_damaging,0.018471479552890104
4,B4GALNT4 (338707)_damaging,0.0
4,PKP3 (11187)_damaging,0.0
4,PHRF1 (57661)_damaging,0.0
4,MUC5AC (4586)_damaging,0.0
4,MUC5B (727897)_damaging,0.0
4,BRSK2 (9024)_damaging,0.0
4,KCNQ1 (3784)_damaging,0.0
4,NUP98 (4928)_damaging,0.043311665796415405
4,OR51E2 (81285)_damaging,0.0
4,DNHD1 (144132)_damaging,0.0
4,DCHS1 (8642)_damaging,0.003554981942260582
4,IPO7 (10527)_damaging,0.0
4,SBF2 (81846)_damaging,0.0
4,MICAL2 (9645)_damaging,0.0
4,PLEKHA7 (144100)_damaging,0.0
4,PIK3C2A (5286)_damaging,0.0
4,ABCC8 (6833)_damaging,0.0
4,USH1C (10083)_damaging,0.0
4,OTOG (340990)_damaging,0.0
4,HPS5 (11234)_damaging,0.0
4,NAV2 (89797)_damaging,0.0
4,ANO5 (203859)_damaging,0.0
4,DCDC1 (341019)_damaging,0.0
4,CCDC73 (493860)_damaging,0.0705689340249005
4,CSTF3 (1479)_damaging,0.0
4,KIAA1549L (25758)_damaging,0.0
4,DGKZ (8525)_damaging,0.0
4,LRP4 (4038)_damaging,0.0
4,FOLH1 (2346)_damaging,0.0
4,OR4P4 (81300)_damaging,0.0
4,CTNND1 (1500)_damaging,0.0
4,DTX4 (23220)_damaging,0.0
4,MYRF (745)_damaging,0.027422113065128075
4,AHNAK (79026)_damaging,0.0
4,SLC3A2 (6520)_damaging,0.0
4,NRXN2 (9379)_damaging,0.0
4,ATG2A (23130)_damaging,0.0
4,PCNX3 (399909)_damaging,0.0
4,RIN1 (9610)_damaging,0.0
4,SHANK2 (22941)_damaging,0.0
4,NUMA1 (4926)_damaging,0.0
4,INPPL1 (3636)_damaging,0.0
4,ARHGEF17 (9828)_damaging,0.0
4,C2CD3 (26005)_damaging,0.0
4,MYO7A (4647)_damaging,0.012473430349742062
4,RSF1 (51773)_damaging,0.013855268056297007
4,TENM4 (26011)_damaging,0.10456687988765581
4,DLG2 (1740)_damaging,0.0
4,SYTL2 (54843)_damaging,0.07353818974727094
4,FAT3 (120114)_damaging,0.0
4,DEUP1 (159989)_damaging,0.0
4,CNTN5 (53942)_damaging,0.0
4,CEP126 (57562)_damaging,0.012672045313270604
4,MMP3 (4314)_damaging,0.0
4,DYNC2H1 (79659)_damaging,0.0
4,NPAT (4863)_damaging,0.0
4,ATM (472)_damaging,0.053728045469531624
4,EXPH5 (23086)_damaging,0.0
4,NCAM1 (4684)_damaging,0.0
4,USP28 (57646)_damaging,0.014370594011650353
4,DSCAML1 (57453)_damaging,0.0
4,KMT2A (4297)_damaging,0.0011111071146632815
4,BCL9L (283149)_damaging,0.0
4,HYOU1 (10525)_damaging,0.0
4,ARHGEF12 (23365)_damaging,0.0
4,TECTA (7007)_damaging,0.0
4,SORL1 (6653)_damaging,0.004844886407496448
4,ROBO3 (64221)_damaging,0.0
4,IGSF9B (22997)_damaging,0.0
4,GLB1L2 (89944)_damaging,0.0
4,LINC02714 (729305)_damaging,0.0
4,KDM5A (5927)_damaging,0.0
4,WNK1 (65125)_damaging,0.0
4,CACNA1C (775)_damaging,0.0665158484863818
4,VWF (7450)_damaging,0.0
4,PLEKHG6 (55200)_damaging,0.00665945933892008
4,CHD4 (1108)_damaging,0.05544136432268713
4,ATN1 (1822)_damaging,0.0
4,A2ML1 (144568)_damaging,0.0
4,A2M (2)_damaging,0.0
4,PZP (5858)_damaging,0.0
4,GRIN2B (2904)_damaging,0.0
4,ATF7IP (55729)_damaging,0.0
4,PIK3C2G (5288)_damaging,0.0
4,SLCO1B3 (28234)_damaging,0.0
4,RECQL (5965)_damaging,0.0
4,ABCC9 (10060)_damaging,0.044271992542913745
4,C2CD5 (9847)_damaging,0.021917181679711555
4,ITPR2 (3709)_damaging,0.0
4,OVCH1 (341350)_damaging,0.0
4,KIF21A (55605)_damaging,0.0
4,LRRK2 (120892)_damaging,0.0
4,MUC19 (283463)_damaging,0.07324880071765554
4,CNTN1 (1272)_damaging,0.05210319539028069
4,ADAMTS20 (80070)_damaging,0.0
4,ANO6 (196527)_damaging,0.005078817538539875
4,ARID2 (196528)_damaging,0.013408003399420278
4,HDAC7 (51564)_damaging,0.0
4,COL2A1 (1280)_damaging,0.0
4,WNT1 (7471)_damaging,0.0
4,KMT2D (8085)_damaging,0.0
4,NCKAP5L (57701)_damaging,0.0
4,DIP2B (57609)_damaging,0.0
4,TNS2 (23371)_damaging,0.05160871031790621
4,MAP3K12 (7786)_damaging,0.0
4,ERBB3 (2065)_damaging,0.0
4,PAN2 (9924)_damaging,0.0
4,STAT2 (6773)_damaging,0.0
4,NACA (4666)_damaging,0.0
4,MYO1A (4640)_damaging,0.0
4,STAT6 (6778)_damaging,0.0
4,LRP1 (4035)_damaging,0.0
4,R3HDM2 (22864)_damaging,0.0
4,GLI1 (2735)_damaging,0.0
4,MBD6 (114785)_damaging,0.0
4,KIF5A (3798)_damaging,0.05578690460370257
4,PTPRB (5787)_damaging,0.017133998386183076
4,ZFC3H1 (196441)_damaging,0.0
4,E2F7 (144455)_damaging,0.0
4,NAV3 (89795)_damaging,0.0
4,OTOGL (283310)_damaging,0.0
4,PTPRQ (374462)_damaging,0.03220625986706089
4,PPFIA2 (8499)_damaging,0.0
4,LRRIQ1 (84125)_damaging,0.0
4,CEP290 (80184)_damaging,0.0
4,EPYC (1833)_damaging,0.0
4,PLXNC1 (10154)_damaging,0.0
4,CFAP54 (144535)_damaging,0.0
4,ANKS1B (56899)_damaging,0.0
4,UTP20 (27340)_damaging,0.0
4,STAB2 (55576)_damaging,0.050347498285402005
4,ACACB (32)_damaging,0.0
4,CUX2 (23316)_damaging,0.0
4,DTX1 (1840)_damaging,0.0
4,NOS1 (4842)_damaging,0.0
4,CIT (11113)_damaging,0.0
4,HNF1A (6927)_damaging,0.0
4,KDM2B (84678)_damaging,0.0
4,SETD1B (23067)_damaging,0.0
4,CFAP251 (144406)_damaging,0.01845821987209662
4,KNTC1 (9735)_damaging,0.0
4,SBNO1 (55206)_damaging,0.0
4,DNAH10 (196385)_damaging,0.0
4,NCOR2 (9612)_damaging,0.0
4,TMEM132D (121256)_damaging,0.0
4,RIMBP2 (23504)_damaging,0.016574614039399235
4,SFSWAP (6433)_damaging,0.0
4,EP400 (57634)_damaging,0.0
4,POLE (5426)_damaging,0.0
4,SACS (26278)_damaging,0.03943240465114498
4,RNF17 (56163)_damaging,0.0
4,ATP8A2 (51761)_damaging,0.011392040859101765
4,FRY (10129)_damaging,0.03823035076042431
4,BRCA2 (675)_damaging,0.020933388142914813
4,PDS5B (23047)_damaging,0.049563721493298206
4,NBEA (26960)_damaging,0.0
4,FREM2 (341640)_damaging,0.0
4,DGKH (160851)_damaging,0.0
4,ZC3H13 (23091)_damaging,0.0
4,RUBCNL (80183)_damaging,0.0
4,RB1 (5925)_damaging,0.0963292834545148
4,RCBTB2 (1102)_damaging,0.0
4,KLHL1 (57626)_damaging,0.0
4,DIS3 (22894)_damaging,0.0
4,MYCBP2 (23077)_damaging,0.0
4,SLITRK5 (26050)_damaging,0.0
4,NALCN (259232)_damaging,0.0
4,CCDC168 (643677)_damaging,0.0
4,MYO16 (23026)_damaging,0.0
4,COL4A1 (1282)_damaging,0.0
4,COL4A2 (1284)_damaging,0.0
4,TEP1 (7011)_damaging,0.017586015271315897
4,ARHGEF40 (55701)_damaging,0.0
4,CHD8 (57680)_damaging,0.0
4,AJUBA (84962)_damaging,0.06838368078291829
4,ACIN1 (22985)_damaging,0.0
4,MYH7 (4625)_damaging,0.0
4,CARMIL3 (90668)_damaging,0.0
4,NYNRIN (57523)_damaging,0.0
4,G2E3 (55632)_damaging,0.0
4,AKAP6 (9472)_damaging,0.0
4,NPAS3 (64067)_damaging,0.0
4,RALGAPA1 (253959)_damaging,0.0
4,MIPOL1 (145282)_damaging,0.0
4,MIA2 (4253)_damaging,0.0
4,TOGARAM1 (23116)_damaging,0.0
4,FANCM (57697)_damaging,0.0
4,MDGA2 (161357)_damaging,0.0
4,NIN (51199)_damaging,0.0
4,NID2 (22795)_damaging,0.0
4,KTN1 (3895)_damaging,0.0
4,ARID4A (5926)_damaging,0.030557406645578513
4,HIF1A (3091)_damaging,0.0
4,KCNH5 (27133)_damaging,0.0
4,SYNE2 (23224)_damaging,0.016390029011577892
4,PCNX1 (22990)_damaging,0.0
4,SIPA1L1 (26037)_damaging,0.045576845144975266
4,MIDEAS (91748)_damaging,0.0
4,YLPM1 (56252)_damaging,0.0
4,MLH3 (27030)_damaging,0.055905006831367794
4,NRXN3 (9369)_damaging,0.0
4,CEP128 (145508)_damaging,0.0
4,PTPN21 (11099)_damaging,0.0
4,EML5 (161436)_damaging,0.0
4,FOXN3 (1112)_damaging,0.013303082304942229
4,TRIP11 (9321)_damaging,0.0
4,UNC79 (57578)_damaging,0.0
4,ATG2B (55102)_damaging,0.0
4,RTL1 (388015)_damaging,0.0024140010167269564
4,DYNC1H1 (1778)_damaging,0.0
4,KIF26A (26153)_damaging,0.0
4,INF2 (64423)_damaging,0.0
4,AHNAK2 (113146)_damaging,0.0
4,HERC2 (8924)_damaging,0.0
4,TJP1 (7082)_damaging,0.0
4,TRPM1 (4308)_damaging,0.0
4,FMN1 (342184)_damaging,0.0
4,RYR3 (6263)_damaging,0.0
4,SPRED1 (161742)_damaging,0.0
4,KNL1 (57082)_damaging,0.0008861853233984191
4,INO80 (54617)_damaging,0.0
4,TYRO3 (7301)_damaging,0.05930649200501469
4,MGA (23269)_damaging,0.0
4,SPTBN5 (51332)_damaging,0.0
4,ZNF106 (64397)_damaging,0.0
4,STARD9 (57519)_damaging,0.0
4,UBR1 (197131)_damaging,0.0
4,TP53BP1 (7158)_damaging,0.0
4,MAP1A (4130)_damaging,0.0
4,SPG11 (80208)_damaging,0.0
4,B2M (567)_damaging,0.006637266392150483
4,DUOX2 (50506)_damaging,0.02805865339803982
4,FBN1 (2200)_damaging,0.0
4,DMXL2 (23312)_damaging,0.0
4,MYO5C (55930)_damaging,0.0
4,UNC13C (440279)_damaging,0.007208824249139356
4,RFX7 (64864)_damaging,0.0
4,ICE2 (79664)_damaging,0.0
4,VPS13C (54832)_damaging,0.0
4,TLN2 (83660)_damaging,0.0
4,HERC1 (8925)_damaging,0.0
4,ZNF609 (23060)_damaging,0.0
4,NOX5 (79400)_damaging,0.0
4,MYO9A (4649)_damaging,0.07004205280988345
4,HCN4 (10021)_damaging,0.008038935505409454
4,ARID3B (10620)_damaging,0.0
4,SIN3A (25942)_damaging,0.021065483134636135
4,PEAK1 (79834)_damaging,0.0
4,ADAMTSL3 (57188)_damaging,0.0
4,AKAP13 (11214)_damaging,0.0
4,AGBL1 (123624)_damaging,0.0
4,TICRR (90381)_damaging,0.0
4,KIF7 (374654)_damaging,0.0
4,IQGAP1 (8826)_damaging,0.0
4,BLM (641)_damaging,0.0
4,FES (2242)_damaging,0.024070193878901795
4,CHD2 (1106)_damaging,0.0
4,LRRK1 (79705)_damaging,0.0
4,WDR90 (197335)_damaging,0.0
4,CACNA1H (8912)_damaging,0.0
4,UNKL (64718)_damaging,0.0
4,CRAMP1 (57585)_damaging,0.0
4,TSC2 (7249)_damaging,0.0
4,PKD1 (5310)_damaging,0.01237077681294651
4,SLX4 (84464)_damaging,0.0
4,CREBBP (1387)_damaging,0.08162612997455643
4,CORO7 (79585)_damaging,0.0
4,SEC14L5 (9717)_damaging,0.0
4,GRIN2A (2903)_damaging,0.0
4,KNOP1 (400506)_damaging,0.0
4,DNAH3 (55567)_damaging,0.0
4,SCNN1B (6338)_damaging,0.0
4,PALB2 (79728)_damaging,0.0
4,RBBP6 (5930)_damaging,0.0
4,TNRC6A (27327)_damaging,0.0
4,ARHGAP17 (55114)_damaging,0.0
4,GTF3C1 (2975)_damaging,0.0
4,ATXN2L (11273)_damaging,0.0
4,ITGAL (3683)_damaging,0.0
4,FBRS (64319)_damaging,0.0
4,SRCAP (10847)_damaging,0.0
4,SETD1A (9739)_damaging,0.0
4,ITGAM (3684)_damaging,0.0
4,ITGAD (3681)_damaging,0.0
4,ABCC11 (85320)_damaging,0.0
4,SALL1 (6299)_damaging,0.0
4,CHD9 (80205)_damaging,0.0
4,RBL2 (5934)_damaging,0.0
4,NLRC5 (84166)_damaging,0.02022668766068974
4,CNOT1 (23019)_damaging,0.0
4,CDH8 (1006)_damaging,0.0
4,CTCF (10664)_damaging,0.0
4,CARMIL2 (146206)_damaging,0.0
4,CDH1 (999)_damaging,0.0
4,DHX38 (9785)_damaging,0.0
4,ZFHX3 (463)_damaging,0.0
4,CNTNAP4 (85445)_damaging,0.0
4,TAF1C (9013)_damaging,0.0045473245074007925
4,GSE1 (23199)_damaging,0.0011902980957735117
4,IRF8 (3394)_damaging,0.018162753193165293
4,ZNF469 (84627)_damaging,0.0
4,ZC3H18 (124245)_damaging,0.0
4,PIEZO1 (9780)_damaging,0.0
4,LINC02138 (400558)_damaging,0.060145706726995506
4,CDH15 (1013)_damaging,0.0
4,ANKRD11 (29123)_damaging,0.0
4,VPS9D1 (9605)_damaging,0.0
4,FANCA (2175)_damaging,0.0
4,WDR81 (124997)_damaging,0.0
4,CLUH (23277)_damaging,0.0
4,SPATA22 (84690)_damaging,0.0
4,ZZEF1 (23140)_damaging,0.0
4,CAMTA2 (23125)_damaging,0.0
4,USP6 (9098)_damaging,0.0
4,ACADVL (37)_damaging,0.0
4,FXR2 (9513)_damaging,0.04785084668825639
4,TP53 (7157)_damaging,0.466489757850016
4,EFNB3 (1949)_damaging,0.0
4,DNAH2 (146754)_damaging,0.0
4,KDM6B (23135)_damaging,0.0
4,CHD3 (1107)_damaging,0.0
4,ALOX12B (242)_damaging,0.0
4,PER1 (5187)_damaging,0.0
4,MYH13 (8735)_damaging,0.0
4,MYH8 (4626)_damaging,0.0
4,MYH1 (4619)_damaging,0.0
4,MYH2 (4620)_damaging,0.0
4,DNAH9 (1770)_damaging,0.0009135481825240325
4,MYOCD (93649)_damaging,0.0
4,NCOR1 (9611)_damaging,0.0
4,FLCN (201163)_damaging,0.0
4,MYO15A (51168)_damaging,0.0
4,SPECC1 (92521)_damaging,0.05119959418980813
4,KSR1 (8844)_damaging,0.0
4,MYO18A (399687)_damaging,0.0
4,ANKRD13B (124930)_damaging,0.0
4,EFCAB5 (374786)_damaging,0.0
4,ATAD5 (79915)_damaging,0.0
4,NF1 (4763)_damaging,0.0
4,SUZ12 (23512)_damaging,0.0
4,SLFN11 (91607)_damaging,0.10663291515699724
4,ACACA (31)_damaging,0.0601303911576775
4,GPR179 (440435)_damaging,0.0
4,TOP2A (7153)_damaging,0.0
4,STAT5B (6777)_damaging,0.0
4,BRCA1 (672)_damaging,0.0
4,ITGA2B (3674)_damaging,0.04362404037001639
4,GPATCH8 (23131)_damaging,0.0
4,KANSL1 (284058)_damaging,0.01695347687191764
4,COL1A1 (1277)_damaging,0.0
4,CACNA1G (8913)_damaging,0.0010271354171181228
4,TSPOAP1 (9256)_damaging,0.0
4,RNF43 (54894)_damaging,0.009905437673033212
4,BRIP1 (83990)_damaging,0.0
4,MED13 (9969)_damaging,0.0
4,MRC2 (9902)_damaging,0.0
4,SCN4A (6329)_damaging,0.033638817299549775
4,GNA13 (10672)_damaging,0.03923576630312216
4,AXIN2 (8313)_damaging,0.0
4,HELZ (9931)_damaging,0.0
4,BPTF (2186)_damaging,0.0
4,ABCA8 (10351)_damaging,0.0
4,ABCA9 (10350)_damaging,0.0746660319561436
4,ABCA6 (23460)_damaging,0.0
4,ABCA10 (10349)_damaging,0.0
4,ABCA5 (23461)_damaging,0.03983113794006363
4,SOX9 (6662)_damaging,0.0
4,SDK2 (54549)_damaging,0.017905879638042865
4,TMEM94 (9772)_damaging,0.0
4,CASKIN2 (57513)_damaging,0.0
4,MYO15B (80022)_damaging,0.0
4,ITGB4 (3691)_damaging,0.034645600777869864
4,EVPL (2125)_damaging,0.0
4,SPHK1 (8877)_damaging,0.0
4,RHBDF2 (79651)_damaging,0.0
4,TNRC6C (57690)_damaging,0.0
4,DNAH17 (8632)_damaging,0.0
4,RPTOR (57521)_damaging,0.0027280880337565536
4,BAHCC1 (57597)_damaging,0.0
4,FASN (2194)_damaging,0.0
4,NARF (26502)_damaging,0.0
4,SMCHD1 (23347)_damaging,0.0017715123001745508
4,EPB41L3 (23136)_damaging,0.0
4,LAMA1 (284217)_damaging,0.0
4,MTCL1 (23255)_damaging,0.0
4,ANKRD12 (23253)_damaging,0.0
4,PIEZO2 (63895)_damaging,0.0
4,ANKRD30B (374860)_damaging,0.0
4,ROCK1 (6093)_damaging,0.0
4,ESCO1 (114799)_damaging,0.0
4,LAMA3 (3909)_damaging,0.0
4,ZNF521 (25925)_damaging,0.0
4,CCDC178 (374864)_damaging,0.0
4,ASXL3 (80816)_damaging,0.0
4,SETBP1 (26040)_damaging,0.07998871617485485
4,EPG5 (57724)_damaging,0.06083386726754247
4,LOXHD1 (125336)_damaging,0.0
4,SKOR2 (652991)_damaging,0.02702840581907589
4,ZBTB7C (201501)_damaging,0.0
4,MYO5B (4645)_damaging,0.03270627288820224
4,SMAD4 (4089)_damaging,0.0
4,DCC (1630)_damaging,0.0
4,ALPK2 (115701)_damaging,0.0
4,RTTN (25914)_damaging,0.00804431242475814
4,CBLN2 (147381)_damaging,0.0
4,ZNF236 (7776)_damaging,0.0
4,SALL3 (27164)_damaging,0.0
4,ATP9B (374868)_damaging,0.0
4,KCNG2 (26251)_damaging,0.0
4,POLRMT (5442)_damaging,0.026244431069502118
4,ABCA7 (10347)_damaging,0.0
4,STK11 (6794)_damaging,0.0745694548734345
4,DAZAP1 (26528)_damaging,0.0
4,APC2 (10297)_damaging,0.0
4,TCF3 (6929)_damaging,0.04320564519997501
4,AP3D1 (8943)_damaging,0.0388677544055584
4,DOT1L (84444)_damaging,0.02314468583090856
4,ZBTB7A (51341)_damaging,0.0
4,TICAM1 (148022)_damaging,0.0
4,KDM4B (23030)_damaging,0.0
4,PTPRS (5802)_damaging,0.0198865699002783
4,SAFB2 (9667)_damaging,0.0
4,FBN3 (84467)_damaging,0.026467188292772694
4,MUC16 (94025)_damaging,0.0
4,COL5A3 (50509)_damaging,0.0
4,DNMT1 (1786)_damaging,0.0
4,KEAP1 (9817)_damaging,0.0
4,DNM2 (1785)_damaging,0.0
4,SMARCA4 (6597)_damaging,0.003210440090260116
4,MAN2B1 (4125)_damaging,0.0
4,MAST1 (22983)_damaging,0.0
4,CACNA1A (773)_damaging,0.0
4,NOTCH3 (4854)_damaging,0.0
4,WIZ (58525)_damaging,0.0
4,AP1M1 (8907)_damaging,0.0
4,SIN3B (23309)_damaging,0.0
4,CPAMD8 (27151)_damaging,0.0
4,MYO9B (4650)_damaging,0.0
4,ZNF429 (353088)_damaging,0.0
4,ZNF208 (7757)_damaging,0.0325053962345331
4,ZNF729 (100287226)_damaging,0.00855539383473527
4,ZNF91 (7644)_damaging,0.0
4,URI1 (8725)_damaging,0.0
4,ZNF536 (9745)_damaging,0.006297486044093934
4,TSHZ3 (57616)_damaging,0.0
4,KMT2B (9757)_damaging,0.0
4,ARHGAP33 (115703)_damaging,0.0
4,NPHS1 (4868)_damaging,0.0
4,WDR87 (83889)_damaging,0.0
4,SIPA1L3 (23094)_damaging,0.019876746911310195
4,RYR1 (6261)_damaging,0.0
4,CAPN12 (147968)_damaging,0.04456506047057406
4,FCGBP (8857)_damaging,0.0
4,PRX (57716)_damaging,0.022524972535252524
4,AXL (558)_damaging,0.0
4,HNRNPUL1 (11100)_damaging,0.0
4,ARHGEF1 (9138)_damaging,0.004548682902402165
4,ERF (2077)_damaging,0.0
4,CIC (23152)_damaging,0.044449748052131255
4,MEGF8 (1954)_damaging,0.0
4,ARHGAP35 (2909)_damaging,0.0
4,BICRA (29998)_damaging,0.0
4,GRIN2D (2906)_damaging,0.0
4,LMTK3 (114783)_damaging,0.0
4,TRPM4 (54795)_damaging,0.0
4,PRR12 (57479)_damaging,0.010755950973483738
4,SCAF1 (58506)_damaging,0.0
4,POLD1 (5424)_damaging,0.0
4,SHANK1 (50944)_damaging,0.0
4,ZNF331 (55422)_damaging,0.03731661707648305
4,BRSK1 (84446)_damaging,0.0507427069879446
4,SSC5D (284297)_damaging,0.0
4,NLRP9 (338321)_damaging,0.0
4,NLRP4 (147945)_damaging,0.0
4,PEG3 (5178)_damaging,0.02357118407380726
4,ZIM3 (114026)_damaging,0.0
4,TPO (7173)_damaging,0.0006191749652825455
4,PXDN (7837)_damaging,0.06464174235815233
4,MYT1L (23040)_damaging,0.0
4,ROCK2 (9475)_damaging,0.0
4,GREB1 (9687)_damaging,0.0
4,NBAS (51594)_damaging,0.045685366969834836
4,RAD51AP2 (729475)_damaging,0.019575859741338346
4,APOB (338)_damaging,0.0
4,TDRD15 (100129278)_damaging,0.0
4,ATAD2B (54454)_damaging,0.0
4,ITSN2 (50618)_damaging,0.0
4,DNMT3A (1788)_damaging,0.0
4,ASXL2 (55252)_damaging,0.0
4,OTOF (9381)_damaging,0.0
4,CAD (790)_damaging,0.0
4,IFT172 (26160)_damaging,0.0
4,SPATA31H1 (84226)_damaging,0.0
4,ALK (238)_damaging,0.0
4,BIRC6 (57448)_damaging,0.0
4,LTBP1 (4052)_damaging,0.0
4,HEATR5B (54497)_damaging,0.0
4,ZFP36L2 (678)_damaging,0.02364703663552124
4,THADA (63892)_damaging,0.0
4,MSH2 (4436)_damaging,0.0
4,MSH6 (2956)_damaging,0.0
4,NRXN1 (9378)_damaging,0.0
4,SPTBN1 (6711)_damaging,0.0
4,EML6 (400954)_damaging,0.0
4,CCDC88A (55704)_damaging,0.015179009368680552
4,BCL11A (53335)_damaging,0.0
4,USP34 (9736)_damaging,0.0
4,C2orf42 (54980)_damaging,0.0
4,ZNF638 (27332)_damaging,0.0
4,DYSF (8291)_damaging,0.0
4,ALMS1 (7840)_damaging,0.0
4,CTNNA2 (1496)_damaging,0.0213492107396277
4,DNAH6 (1768)_damaging,0.0
4,PROM2 (150696)_damaging,0.0
4,ANKRD36C (400986)_damaging,0.04740923348719398
4,ANKRD36 (375248)_damaging,0.0
4,TMEM131 (23505)_damaging,0.0
4,VWA3B (200403)_damaging,0.0
4,CRACDL (343990)_damaging,0.0
4,EIF5B (9669)_damaging,0.0
4,AFF3 (3899)_damaging,0.0
4,MARCO (8685)_damaging,0.0
4,CLASP1 (23332)_damaging,0.03450108364871015
4,CNTNAP5 (129684)_damaging,0.0
4,UGGT1 (56886)_damaging,0.0
4,ARHGEF4 (50649)_damaging,0.0
4,NCKAP5 (344148)_damaging,0.0
4,THSD7B (80731)_damaging,0.0
4,LRP1B (53353)_damaging,0.049118738452948965
4,ZEB2 (9839)_damaging,0.0
4,ACVR2A (92)_damaging,0.0
4,ORC4 (5000)_damaging,0.0
4,KIF5C (3800)_damaging,0.0
4,RIF1 (55183)_damaging,0.0
4,NEB (4703)_damaging,0.0
4,GALNT13 (114805)_damaging,0.0
4,BAZ2B (29994)_damaging,0.0
4,LY75 (4065)_damaging,0.0
4,PLA2R1 (22925)_damaging,0.0
4,SLC4A10 (57282)_damaging,0.0
4,KCNH7 (90134)_damaging,0.0
4,FIGN (55137)_damaging,0.0
4,SCN3A (6328)_damaging,0.0
4,SCN2A (6326)_damaging,0.0477220256540104
4,SCN1A (6323)_damaging,0.0
4,SCN9A (6335)_damaging,0.010415157586986535
4,SCN7A (6332)_damaging,0.0
4,XIRP2 (129446)_damaging,0.0
4,LRP2 (4036)_damaging,0.0
4,KLHL41 (10324)_damaging,0.0
4,TTN (7273)_damaging,0.0
4,CCDC141 (285025)_damaging,0.012529827478431205
4,FSIP2 (401024)_damaging,0.0
4,COL3A1 (1281)_damaging,0.0
4,COL5A2 (1290)_damaging,0.0
4,ANKAR (150709)_damaging,0.0
4,DNAH7 (56171)_damaging,0.0
4,HECW2 (57520)_damaging,0.0
4,PLCL1 (5334)_damaging,0.0
4,SGO2 (151246)_damaging,0.0
4,CASP8 (841)_damaging,0.0
4,C2CD6 (151254)_damaging,0.0
4,BMPR2 (659)_damaging,0.0
4,NBEAL1 (65065)_damaging,0.0
4,PARD3B (117583)_damaging,0.0
4,INO80D (54891)_damaging,0.0
4,ZDBF2 (57683)_damaging,0.0
4,MAP2 (4133)_damaging,0.0
4,UNC80 (285175)_damaging,0.0
4,KANSL1L (151050)_damaging,0.0
4,CPS1 (1373)_damaging,0.0
4,ERBB4 (2066)_damaging,0.0
4,ABCA12 (26154)_damaging,0.00028472804284619403
4,FN1 (2335)_damaging,0.0
4,CFAP65 (255101)_damaging,0.05940083878311856
4,SPEG (10290)_damaging,0.0
4,SLC4A3 (6508)_damaging,0.0
4,DOCK10 (55619)_damaging,0.0
4,NYAP2 (57624)_damaging,0.0
4,COL4A4 (1286)_damaging,0.009153583974477658
4,SPHKAP (80309)_damaging,0.0
4,GIGYF2 (26058)_damaging,0.0
4,COL6A3 (1293)_damaging,0.0006134383853745558
4,RBM44 (375316)_damaging,0.015206304527983057
4,HDAC4 (9759)_damaging,0.0
4,KIF1A (547)_damaging,0.0
4,TRIB3 (57761)_damaging,0.03671159350766257
4,FASTKD5 (60493)_damaging,0.1092951030381512
4,SLC4A11 (83959)_damaging,0.0
4,PLCB4 (5332)_damaging,0.0
4,ESF1 (51575)_damaging,0.0
4,RRBP1 (6238)_damaging,0.0
4,CFAP61 (26074)_damaging,0.018126871356225142
4,ASXL1 (171023)_damaging,0.1154583040916771
4,NCOA6 (23054)_damaging,0.0
4,MYH7B (57644)_damaging,0.020241297434843746
4,SAMHD1 (25939)_damaging,0.014207635478663161
4,RALGAPB (57148)_damaging,0.0
4,CHD6 (84181)_damaging,0.0
4,PTPRT (11122)_damaging,0.0
4,NCOA3 (8202)_damaging,0.0
4,DDX27 (55661)_damaging,0.0
4,KCNB1 (3745)_damaging,0.0
4,ZNF831 (128611)_damaging,0.0
4,SYCP2 (10388)_damaging,0.0
4,TAF4 (6874)_damaging,0.006561024872125864
4,LAMA5 (3911)_damaging,0.05795351325544303
4,DIDO1 (11083)_damaging,0.0
4,COL20A1 (57642)_damaging,0.0
4,HELZ2 (85441)_damaging,0.0
4,TPTE (7179)_damaging,0.0
4,NRIP1 (8204)_damaging,0.017646463095723482
4,LTN1 (26046)_damaging,0.0
4,USP16 (10600)_damaging,0.0
4,SCAF4 (57466)_damaging,0.0465638552753832
4,SYNJ1 (8867)_damaging,0.0
4,ITSN1 (6453)_damaging,0.0
4,RUNX1 (861)_damaging,0.0
4,DOP1B (9980)_damaging,0.0
4,BRWD1 (54014)_damaging,0.0
4,DSCAM (1826)_damaging,0.0
4,ZBTB21 (49854)_damaging,0.0
4,UMODL1 (89766)_damaging,0.0
4,NDUFV3 (4731)_damaging,0.0
4,COL18A1 (80781)_damaging,0.0024191958280041803
4,PCNT (5116)_damaging,0.0662296214875035
4,CECR2 (27443)_damaging,0.0
4,ZDHHC8 (29801)_damaging,0.0
4,MED15 (51586)_damaging,0.0
4,PI4KA (5297)_damaging,0.006781839559070642
4,LZTR1 (8216)_damaging,0.0
4,MYO18B (84700)_damaging,0.0
4,CHEK2 (11200)_damaging,0.014860217541403941
4,ZNRF3 (84133)_damaging,0.0
4,NF2 (4771)_damaging,0.016506490675150882
4,MTMR3 (8897)_damaging,0.05111674421750971
4,DEPDC5 (9681)_damaging,0.0
4,RTCB (51493)_damaging,0.0
4,MYH9 (4627)_damaging,0.0
4,TRIOBP (11078)_damaging,0.0
4,CACNA1I (8911)_damaging,0.0
4,TNRC6B (23112)_damaging,0.0
4,MRTFA (57591)_damaging,0.0
4,EP300 (2033)_damaging,0.0
4,ZC3H7B (23264)_damaging,0.0
4,MEI1 (150365)_damaging,0.02966453052160249
4,TCF20 (6942)_damaging,0.0
4,SMC1B (27127)_damaging,0.0
4,PKDREJ (10343)_damaging,0.0029299839371118605
4,PLXNB2 (23654)_damaging,0.0
4,PPP6R2 (9701)_damaging,0.024528858304368933
4,SBF1 (6305)_damaging,0.0
4,KLHDC7B (113730)_damaging,0.0
4,CHL1 (10752)_damaging,0.03374148093339873
4,CNTN6 (27255)_damaging,0.0
4,CNTN4 (152330)_damaging,0.0
4,GRM7 (2917)_damaging,0.0
4,SSUH2 (51066)_damaging,0.0
4,VHL (7428)_damaging,0.0013569249068710913
4,FBLN2 (2199)_damaging,0.0
4,TGFBR2 (7048)_damaging,0.053224009734629554
4,CLASP2 (23122)_damaging,0.0
4,TRANK1 (9881)_damaging,0.024786920844209734
4,MLH1 (4292)_damaging,0.0
4,GOLGA4 (2803)_damaging,0.024175208295287354
4,SCN10A (6336)_damaging,0.004380778976323614
4,SCN11A (11280)_damaging,0.0
4,NKTR (4820)_damaging,0.004335450697411222
4,TOPAZ1 (375337)_damaging,0.0
4,KIF15 (56992)_damaging,0.0
4,SETD2 (29072)_damaging,0.0
4,PTPN23 (25930)_damaging,0.0
4,PLXNB1 (5364)_damaging,0.0
4,COL7A1 (1294)_damaging,0.010528697958233494
4,CELSR3 (1951)_damaging,0.0
4,USP19 (10869)_damaging,0.0
4,RHOA (387)_damaging,0.0
4,BSN (8927)_damaging,0.0
4,RBM6 (10180)_damaging,0.0
4,DOCK3 (1795)_damaging,0.0
4,DNAH1 (25981)_damaging,0.0
4,BAP1 (8314)_damaging,0.11219928294004371
4,STAB1 (23166)_damaging,0.0
4,PBRM1 (55193)_damaging,0.0
4,CACNA1D (776)_damaging,0.0011321386426693411
4,DNAH12 (201625)_damaging,0.0
4,FLNB (2317)_damaging,0.0
4,PTPRG (5793)_damaging,0.0
4,ATXN7 (6314)_damaging,0.0
4,CNTN3 (5067)_damaging,0.04221639103020821
4,ROBO2 (6092)_damaging,0.0
4,ROBO1 (6091)_damaging,0.0
4,EPHA3 (2042)_damaging,0.0
4,EPHA6 (285220)_damaging,0.0
4,CRYBG3 (131544)_damaging,0.0
4,ABI3BP (25890)_damaging,0.0
4,MYH15 (22989)_damaging,0.0
4,MORC1 (27136)_damaging,0.0549167561578648
4,NECTIN3 (25945)_damaging,0.0
4,ZBTB20 (26137)_damaging,0.05920164083991882
4,CFAP91 (89876)_damaging,0.0
4,POLQ (10721)_damaging,0.0028178979829607174
4,MYLK (4638)_damaging,0.0
4,KALRN (8997)_damaging,0.07876106113294165
4,COL6A5 (256076)_damaging,0.0
4,DNAJC13 (23317)_damaging,0.01509921219536867
4,NPHP3 (27031)_damaging,0.0
4,TOPBP1 (11073)_damaging,0.02374047017687653
4,RASA2 (5922)_damaging,0.0
4,ATR (545)_damaging,0.0
4,HPS3 (84343)_damaging,0.0
4,MED12L (116931)_damaging,0.0
4,IGSF10 (285313)_damaging,0.0
4,ARHGEF26 (26084)_damaging,0.0
4,MME (4311)_damaging,0.0
4,SI (6476)_damaging,0.0
4,ZBBX (79740)_damaging,0.0
4,MECOM (2122)_damaging,0.0
4,SPATA16 (83893)_damaging,0.0
4,USP13 (8975)_damaging,0.0
4,TTC14 (151613)_damaging,0.0
4,ATP13A5 (344905)_damaging,0.0
4,MUC4 (4585)_damaging,0.0
4,TNK2 (10188)_damaging,0.0
4,NSD2 (7468)_damaging,0.0
4,FAM193A (8603)_damaging,0.0
4,HTT (3064)_damaging,0.0
4,JAKMIP1 (152789)_damaging,0.0
4,UNC93B7 (100887746)_damaging,0.0
4,BOD1L1 (259282)_damaging,0.0
4,CPEB2 (132864)_damaging,0.0
4,SLIT2 (9353)_damaging,0.0
4,RFC1 (5981)_damaging,0.0
4,LIMCH1 (22998)_damaging,0.0
4,BEND4 (389206)_damaging,0.0
4,ATP8A1 (10396)_damaging,0.0
4,ATP10D (57205)_damaging,0.0
4,CORIN (10699)_damaging,0.0
4,FRYL (285527)_damaging,0.0
4,KDR (3791)_damaging,0.0
4,POLR2B (5431)_damaging,0.0
4,ADGRL3 (23284)_damaging,0.0
4,EPHA5 (2044)_damaging,0.0
4,CENPC (1060)_damaging,0.022164475183882246
4,ADAMTS3 (9508)_damaging,0.0
4,SHROOM3 (57619)_damaging,0.0
4,FRAS1 (80144)_damaging,0.0
4,WDFY3 (23001)_damaging,0.02419029457314986
4,PTPN13 (5783)_damaging,0.0
4,AFF1 (4299)_damaging,0.02575270821232942
4,HERC5 (51191)_damaging,0.0
4,SMARCAD1 (56916)_damaging,0.0
4,UNC5C (8633)_damaging,0.0
4,CENPE (1062)_damaging,0.0
4,TET2 (54790)_damaging,0.0
4,COL25A1 (84570)_damaging,0.0
4,ANK2 (287)_damaging,0.0
4,BLTP1 (84162)_damaging,0.0
4,FAT4 (79633)_damaging,0.0
4,PCDH10 (57575)_damaging,0.0
4,NAA15 (80155)_damaging,0.0
4,ABCE1 (6059)_damaging,0.018616698592559083
4,LRBA (987)_damaging,0.0
4,FBXW7 (55294)_damaging,0.0
4,FHDC1 (85462)_damaging,0.0
4,DCHS2 (54798)_damaging,0.0
4,MAP9 (79884)_damaging,0.0
4,GRIA2 (2891)_damaging,0.0
4,RXFP1 (59350)_damaging,0.0
4,RAPGEF2 (9693)_damaging,0.0
4,FSTL5 (56884)_damaging,0.0
4,DDX60 (55601)_damaging,0.0
4,HAND2 (9464)_damaging,0.0
4,WDR17 (116966)_damaging,0.0003307772032411309
4,TENM3 (55714)_damaging,0.0
4,WWC2 (80014)_damaging,0.0
4,SORBS2 (8470)_damaging,0.0
4,FAT1 (2195)_damaging,0.0
4,SDHA (6389)_damaging,0.0
4,SLC12A7 (10723)_damaging,0.0
4,ADAMTS16 (170690)_damaging,0.0
4,ICE1 (23379)_damaging,0.0
4,CTNND2 (1501)_damaging,0.0
4,DNAH5 (1767)_damaging,0.0
4,TRIO (7204)_damaging,0.0
4,PRDM9 (56979)_damaging,0.0
4,CDH10 (1008)_damaging,0.036665642522863764
4,CDH6 (1004)_damaging,0.0
4,PDZD2 (23037)_damaging,0.0
4,ADAMTS12 (81792)_damaging,0.03530446015898066
4,SPEF2 (79925)_damaging,0.0
4,NIPBL (25836)_damaging,0.0
4,CPLANE1 (65250)_damaging,0.0012534125999407216
4,EGFLAM (133584)_damaging,0.0
4,LIFR (3977)_damaging,0.0
4,C7 (730)_damaging,0.0
4,MROH2B (133558)_damaging,0.0
4,C6 (729)_damaging,0.0
4,HCN1 (348980)_damaging,0.0
4,DHX29 (54505)_damaging,0.05576029926669924
4,PIK3R1 (5295)_damaging,0.02002757272341453
4,RAD17 (5884)_damaging,0.0
4,BDP1 (55814)_damaging,0.0
4,MAP1B (4131)_damaging,0.05620242902016848
4,ARHGEF28 (64283)_damaging,0.012352489526350626
4,ANKRD31 (256006)_damaging,0.0
4,IQGAP2 (10788)_damaging,0.0
4,AP3B1 (8546)_damaging,0.0
4,CMYA5 (202333)_damaging,0.04409130474893057
4,MSH3 (4437)_damaging,0.051167807411687034
4,VCAN (1462)_damaging,0.0
4,RASA1 (5921)_damaging,0.029250956516595414
4,ADGRV1 (84059)_damaging,0.0
4,KIAA0825 (285600)_damaging,0.0
4,SKIC3 (9652)_damaging,0.0
4,ARSK (153642)_damaging,0.014742621537590999
4,PCSK1 (5122)_damaging,0.0
4,SLCO6A1 (133482)_damaging,0.0
4,APC (324)_damaging,0.0
4,DMXL1 (1657)_damaging,0.0
4,ZNF608 (57507)_damaging,0.0
4,FBN2 (2201)_damaging,0.02092417910826077
4,SLC27A6 (28965)_damaging,0.1051372419334404
4,ADAMTS19 (171019)_damaging,0.0
4,RAPGEF6 (51735)_damaging,0.0
4,RAD50 (10111)_damaging,0.010121752456685425
4,AFF4 (27125)_damaging,0.0
4,FSTL4 (23105)_damaging,0.0
4,PITX1 (5307)_damaging,0.06236786639510065
4,LINC02900 (340073)_damaging,0.0
4,CTNNA1 (1495)_damaging,0.008267231812579821
4,PCDHB4 (56131)_damaging,0.10035128977008144
4,NR3C1 (2908)_damaging,0.0
4,TCERG1 (10915)_damaging,0.0
4,FBXO38 (81545)_damaging,0.0
4,FAT2 (2196)_damaging,0.0
4,LARP1 (23367)_damaging,0.0
4,GEMIN5 (25929)_damaging,0.0
4,DOCK2 (1794)_damaging,0.0
4,NSD1 (64324)_damaging,0.0
4,ADAMTS2 (9509)_damaging,0.0
4,FLT4 (2324)_damaging,0.0
4,DSP (1832)_damaging,0.0
4,HIVEP1 (3096)_damaging,0.0
4,JARID2 (3720)_damaging,0.0
4,HLA-A (3105)_damaging,0.0
4,PPP1R10 (5514)_damaging,0.0
4,MDC1 (9656)_damaging,0.0
4,VARS2 (57176)_damaging,0.020997238840266004
4,MUCL3 (135656)_damaging,0.0
4,HLA-C (3107)_damaging,0.0
4,HLA-B (3106)_damaging,0.0
4,PRRC2A (7916)_damaging,0.015853014018839144
4,BAG6 (7917)_damaging,0.0
4,TNXB (7148)_damaging,0.011883054970590015
4,NOTCH4 (4855)_damaging,0.0
4,COL11A2 (1302)_damaging,0.0
4,ITPR3 (3710)_damaging,0.0
4,BLTP3A (54887)_damaging,0.0
4,DNAH8 (1769)_damaging,0.0
4,CCND3 (896)_damaging,0.0059662208147630855
4,ZNF318 (24149)_damaging,0.0
4,TDRD6 (221400)_damaging,0.009319790856237423
4,MMUT (4594)_damaging,0.0010272951849774035
4,PKHD1 (5314)_damaging,0.02860551159886989
4,DST (667)_damaging,0.0
4,PHF3 (23469)_damaging,0.0
4,EYS (346007)_damaging,0.0
4,ADGRB3 (577)_damaging,0.0
4,COL19A1 (1310)_damaging,0.028139554133610935
4,COL9A1 (1297)_damaging,0.02690128708576407
4,RIMS1 (22999)_damaging,0.0
4,CD109 (135228)_damaging,0.0
4,COL12A1 (1303)_damaging,0.04526072819600713
4,CEP162 (22832)_damaging,0.0
4,SYNCRIP (10492)_damaging,0.0
4,ZNF292 (23036)_damaging,0.0
4,MDN1 (23195)_damaging,0.0
4,CASP8AP2 (9994)_damaging,0.009265078922905881
4,EPHA7 (2045)_damaging,0.0
4,MMS22L (253714)_damaging,0.0
4,PNISR (25957)_damaging,0.0
4,ASCC3 (10973)_damaging,0.0
4,AK9 (221264)_damaging,0.0
4,REV3L (5980)_damaging,0.0
4,ROS1 (6098)_damaging,0.0
4,TBC1D32 (221322)_damaging,0.0
4,TRDN (10345)_damaging,0.0
4,LAMA2 (3908)_damaging,0.017536899100060042
4,AKAP7 (9465)_damaging,0.0
4,MED23 (9439)_damaging,0.0
4,ARFGEF3 (57221)_damaging,0.0
4,ECT2L (345930)_damaging,0.07800755667964474
4,HIVEP2 (3097)_damaging,0.0
4,UTRN (7402)_damaging,0.0
4,SHPRH (257218)_damaging,0.0
4,GRM1 (2911)_damaging,0.0
4,ADGB (79747)_damaging,0.0
4,STXBP5 (134957)_damaging,0.0
4,SYNE1 (23345)_damaging,0.0
4,SCAF8 (22828)_damaging,0.0
4,ARID1B (57492)_damaging,0.0272378913489968
4,FNDC1 (84624)_damaging,0.0
4,IGF2R (3482)_damaging,0.0
4,LPA (4018)_damaging,0.0
4,MAP3K4 (4216)_damaging,0.0
4,QKI (9444)_damaging,0.019130673717432142
4,AFDN (4301)_damaging,0.0
4,CARD11 (84433)_damaging,0.0
4,SDK1 (221935)_damaging,0.0
4,TNRC18 (84629)_damaging,0.0
4,PMS2 (5395)_damaging,0.05432746526050225
4,COL28A1 (340267)_damaging,0.0
4,THSD7A (221981)_damaging,0.0
4,VWDE (221806)_damaging,0.02599020725340347
4,DGKB (1607)_damaging,0.0
4,AHR (196)_damaging,0.007499402250053537
4,ABCB5 (340273)_damaging,0.06743398265775333
4,DNAH11 (8701)_damaging,0.0
4,STK31 (56164)_damaging,0.04857173651222544
4,CDK13 (8621)_damaging,0.0
4,GLI3 (2737)_damaging,0.0
4,HECW1 (23072)_damaging,0.0
4,AEBP1 (165)_damaging,0.0
4,PKD1L1 (168507)_damaging,0.0
4,ABCA13 (154664)_damaging,0.0
4,EGFR (1956)_damaging,0.0
4,AUTS2 (26053)_damaging,0.0
4,MAGI2 (9863)_damaging,0.017764882012636422
4,CD36 (948)_damaging,0.0
4,PCLO (27445)_damaging,0.0
4,SEMA3E (9723)_damaging,0.013221965040259288
4,ABCB4 (5244)_damaging,0.0
4,ABCB1 (5243)_damaging,0.0
4,ADAM22 (53616)_damaging,0.0
4,ZNF804B (219578)_damaging,0.0
4,AKAP9 (10142)_damaging,0.0
4,ANKIB1 (54467)_damaging,0.0
4,SAMD9 (54809)_damaging,0.0
4,SAMD9L (219285)_damaging,0.0
4,CALCR (799)_damaging,0.0
4,COL1A2 (1278)_damaging,0.0
4,SLC25A13 (10165)_damaging,0.0
4,TRRAP (8295)_damaging,0.0
4,GIGYF1 (64599)_damaging,0.0
4,ZAN (7455)_damaging,0.0
4,MUC12 (10071)_damaging,0.018527092938390263
4,MUC17 (140453)_damaging,0.055495227968691045
4,PLOD3 (8985)_damaging,0.0
4,CUX1 (1523)_damaging,0.0
4,FBXL13 (222235)_damaging,0.0
4,RELN (5649)_damaging,0.0
4,KMT2E (55904)_damaging,0.0
4,PIK3CG (5294)_damaging,0.0
4,LAMB4 (22798)_damaging,0.0064779895273541195
4,DOCK4 (9732)_damaging,0.0024308566887735056
4,PPP1R3A (5506)_damaging,0.0
4,FOXP2 (93986)_damaging,0.0
4,CFTR (1080)_damaging,0.0
4,CTTNBP2 (83992)_damaging,0.0
4,WNT16 (51384)_damaging,0.0
4,PTPRZ1 (5803)_damaging,0.02972049560821575
4,CADPS2 (93664)_damaging,0.0
4,IQUB (154865)_damaging,0.06882470573907903
4,GRM8 (2918)_damaging,0.02828255117894663
4,FLNC (2318)_damaging,0.0
4,KCP (375616)_damaging,0.0
4,PLXNA4 (91584)_damaging,0.0
4,LRGUK (136332)_damaging,0.0
4,NUP205 (23165)_damaging,0.0
4,DGKI (9162)_damaging,0.0
4,TRIM24 (8805)_damaging,0.0
4,KIAA1549 (57670)_damaging,0.0
4,MGAM (8972)_damaging,0.0
4,MGAM2 (93432)_damaging,0.0
4,EPHB6 (2051)_damaging,0.0
4,KEL (3792)_damaging,0.0
4,NOBOX (135935)_damaging,0.0
4,CNTNAP2 (26047)_damaging,0.0
4,AOC1 (26)_damaging,0.0
4,KCNH2 (3757)_damaging,0.0
4,NOS3 (4846)_damaging,0.0
4,KMT2C (58508)_damaging,0.0
4,DPP6 (1804)_damaging,0.0
4,UBE3C (9690)_damaging,0.0
4,CSMD1 (64478)_damaging,0.02622691087685955
4,RP1L1 (94137)_damaging,0.019645996668943292
4,TRMT9B (57604)_damaging,0.0
4,PSD3 (23362)_damaging,0.0
4,DOCK5 (80005)_damaging,0.0
4,NUGGC (389643)_damaging,0.05912326192750751
4,TEX15 (56154)_damaging,0.003669110968671518
4,WRN (7486)_damaging,0.0
4,UNC5D (137970)_damaging,0.010941761199491593
4,ADGRA2 (25960)_damaging,0.0
4,ANK1 (286)_damaging,0.0
4,PRKDC (5591)_damaging,0.0
4,PXDNL (137902)_damaging,0.0
4,RB1CC1 (9821)_damaging,0.009774980899170043
4,RP1 (6101)_damaging,0.0
4,ARFGEF1 (10565)_damaging,0.0
4,PREX2 (80243)_damaging,0.0
4,SULF1 (23213)_damaging,0.0
4,SLCO5A1 (81796)_damaging,0.0
4,TRPA1 (8989)_damaging,0.0
4,KCNB2 (9312)_damaging,0.0
4,ZFHX4 (79776)_damaging,0.0
4,WWP1 (11059)_damaging,0.0
4,ESRP1 (54845)_damaging,0.0
4,VPS13B (157680)_damaging,0.0
4,RGS22 (26166)_damaging,0.0
4,UBR5 (51366)_damaging,0.009324487797471246
4,RIMS2 (9699)_damaging,0.0
4,ZFPM2 (23414)_damaging,0.0
4,PKHD1L1 (93035)_damaging,0.0025359007391490803
4,CSMD3 (114788)_damaging,0.0
4,TRPS1 (7227)_damaging,0.0
4,COL14A1 (7373)_damaging,0.0
4,FER1L6 (654463)_damaging,0.0
4,ASAP1 (50807)_damaging,0.031033247182962014
4,ADCY8 (114)_damaging,0.0
4,EFR3A (23167)_damaging,0.0
4,PHF20L1 (51105)_damaging,0.0014144660413670832
4,TG (7038)_damaging,0.0
4,FAM135B (51059)_damaging,0.0
4,COL22A1 (169044)_damaging,0.0
4,EPPK1 (83481)_damaging,0.0
4,PLEC (5339)_damaging,0.013746988423326082
4,PARP10 (84875)_damaging,0.010479209253647693
4,WDR97 (340390)_damaging,0.0
4,CPSF1 (29894)_damaging,0.033429886477857836
4,DOCK8 (81704)_damaging,0.0
4,BRD10 (158358)_damaging,0.0
4,PTPRD (5789)_damaging,0.0
4,MPDZ (8777)_damaging,0.0
4,FREM1 (158326)_damaging,0.0
4,CCDC171 (203238)_damaging,0.012479320672585363
4,CNTLN (54875)_damaging,0.0
4,DENND4C (55667)_damaging,0.0
4,CDKN2A (1029)_damaging,0.0
4,TAF1L (138474)_damaging,0.0006649083766558407
4,ANKRD18B (441459)_damaging,0.0
4,SPATA31G1 (138724)_damaging,0.0
4,PIGO (84720)_damaging,0.0048181595015073615
4,UNC13B (10497)_damaging,0.0
4,RUSC2 (9853)_damaging,0.0
4,SPAG8 (26206)_damaging,0.02035747833530796
4,TMC1 (117531)_damaging,0.0
4,TRPM6 (140803)_damaging,0.0
4,PCSK5 (5125)_damaging,0.026575801655254194
4,PRUNE2 (158471)_damaging,0.0
4,VPS13A (23230)_damaging,0.0
4,TLE4 (7091)_damaging,0.0
4,SPATA31D1 (389763)_damaging,0.0
4,KIF27 (55582)_damaging,0.027349820865516152
4,ROR2 (4920)_damaging,0.0
4,NOL8 (55035)_damaging,0.0
4,WNK2 (65268)_damaging,0.0
4,PTCH1 (5727)_damaging,0.0
4,COL15A1 (1306)_damaging,0.039371699998915294
4,SMC2 (10592)_damaging,0.0
4,ELP1 (8518)_damaging,0.0
4,TMEM245 (23731)_damaging,0.025891893274431716
4,SVEP1 (79987)_damaging,0.025524488312989608
4,FKBP15 (23307)_damaging,0.0
4,COL27A1 (85301)_damaging,0.0
4,C5 (727)_damaging,0.0
4,DENND1A (57706)_damaging,0.0
4,ADGRD2 (347088)_damaging,0.0008559476304347501
4,GOLGA2 (2801)_damaging,0.0
4,SPTAN1 (6709)_damaging,0.0
4,HMCN2 (256158)_damaging,0.0
4,NUP214 (8021)_damaging,0.06639924960094012
4,PRRC2B (84726)_damaging,0.0
4,UCK1 (83549)_damaging,0.0
4,SETX (23064)_damaging,0.0320873699152175
4,TSC1 (7248)_damaging,0.031110607077786862
4,ADAMTSL2 (9719)_damaging,0.0
4,BRD3 (8019)_damaging,0.0
4,WDR5 (11091)_damaging,0.0
4,COL5A1 (1289)_damaging,0.0
4,CAMSAP1 (157922)_damaging,0.04038859581235036
4,SNAPC4 (6621)_damaging,0.0
4,NOTCH1 (4851)_damaging,0.0
4,EXD3 (54932)_damaging,0.0
4,CACNA1B (774)_damaging,0.0
4,MXRA5 (25878)_damaging,0.0
4,WWC3 (55841)_damaging,0.0
4,FRMPD4 (9758)_damaging,0.0
4,NHS (4810)_damaging,0.0
4,MAP3K15 (389840)_damaging,0.0
4,DMD (1756)_damaging,0.05385852407637142
4,CFAP47 (286464)_damaging,0.04247567399940549
4,RPGR (6103)_damaging,0.0
4,BCOR (54880)_damaging,0.09117775472002301
4,USP9X (8239)_damaging,0.0
4,DDX3X (1654)_damaging,0.009175380354819015
4,KDM6A (7403)_damaging,0.0
4,RBM10 (8241)_damaging,0.0020443900836388937
4,CCNB3 (85417)_damaging,0.0
4,KDM5C (8242)_damaging,0.0
4,IQSEC2 (23096)_damaging,0.0
4,HUWE1 (10075)_damaging,0.0
4,WNK3 (65267)_damaging,0.0
4,AMER1 (139285)_damaging,0.0
4,OPHN1 (4983)_damaging,0.0
4,KIF4A (24137)_damaging,0.0
4,MED12 (9968)_damaging,0.009440431064580694
4,ZMYM3 (9203)_damaging,0.06528826634723425
4,PHKA1 (5255)_damaging,0.0
4,ATRX (546)_damaging,0.0
4,BRWD3 (254065)_damaging,0.0
4,DIAPH2 (1730)_damaging,0.0
4,PCDH19 (57526)_damaging,0.0
4,RAB40A (142684)_damaging,0.050248056314926494
4,NRK (203447)_damaging,0.0
4,COL4A6 (1288)_damaging,0.0
4,GUCY2F (2986)_damaging,0.0
4,TRPC5 (7224)_damaging,0.04812216540476507
4,DOCK11 (139818)_damaging,0.0
4,STAG2 (10735)_damaging,0.0
4,TENM1 (10178)_damaging,0.005966793548163518
4,BCORL1 (63035)_damaging,0.0
4,USP26 (83844)_damaging,0.0
4,MAP7D3 (79649)_damaging,0.04312156298784786
4,ADGRG4 (139378)_damaging,0.0
4,SPANXN4 (441525)_damaging,0.0
4,SLITRK2 (84631)_damaging,0.0
4,AFF2 (2334)_damaging,0.0
4,PASD1 (139135)_damaging,0.0
4,CCNQ (92002)_damaging,0.034628358569556934
4,PLXNA3 (55558)_damaging,0.0
4,F8 (2157)_damaging,0.0
4,MT-ND4 (4538)_damaging,0.0009830670250394703
4,MT-ND5 (4540)_damaging,0.0003178631201909091
