fold,feature,importance
0,MTOR (2475)_hotspot,0.0
0,NRAS (4893)_hotspot,0.7430011424135103
0,PTEN (5728)_hotspot,0.0
0,HRAS (3265)_hotspot,0.0
0,KRAS (3845)_hotspot,2.2009106747501597
0,RB1 (5925)_hotspot,0.27794165788870057
0,MAP2K1 (5604)_hotspot,0.20647215790681933
0,CREBBP (1387)_hotspot,0.0
0,TP53 (7157)_hotspot,1.4210918556837884
0,NF1 (4763)_hotspot,0.0
0,SMAD4 (4089)_hotspot,0.4179424252597933
0,STK11 (6794)_hotspot,0.0
0,SMARCA4 (6597)_hotspot,0.0
0,C2orf81 (388963)_hotspot,0.6788835392830126
0,NFE2L2 (4780)_hotspot,0.0
0,VHL (7428)_hotspot,0.0
0,CTNNB1 (1499)_hotspot,0.0359135131475747
0,RHOA (387)_hotspot,0.0
0,PIK3CA (5290)_hotspot,0.2064080329739163
0,FBXW7 (55294)_hotspot,0.0
0,TERT (7015)_hotspot,0.0704418203550356
0,PIK3R1 (5295)_hotspot,0.0
0,APC (324)_hotspot,0.0
0,RAC1 (5879)_hotspot,0.0
0,EGFR (1956)_hotspot,0.0
0,BRAF (673)_hotspot,1.5428424308244286
0,CDKN2A (1029)_hotspot,0.08863288779348269
0,DVL1 (1855)_damaging,0.0
0,MXRA8 (54587)_damaging,0.0
0,MEGF6 (1953)_damaging,0.09245580979611552
0,CHD5 (26038)_damaging,0.0
0,RPL22 (6146)_damaging,0.0
0,CAMTA1 (23261)_damaging,0.036094185452307796
0,ERRFI1 (54206)_damaging,0.0
0,SLC45A1 (50651)_damaging,0.0
0,RERE (473)_damaging,0.13996223815596306
0,VPS13D (55187)_damaging,0.0
0,FHAD1 (114827)_damaging,0.0
0,SPEN (23013)_damaging,0.0
0,EPHA2 (1969)_damaging,0.0
0,UBR4 (23352)_damaging,0.4927018517938761
0,EIF4G3 (8672)_damaging,0.0
0,HSPG2 (3339)_damaging,0.0
0,ID3 (3399)_damaging,3.167471612507666
0,ELOA (6924)_damaging,0.0
0,ARID1A (8289)_damaging,0.9877268595551222
0,WDTC1 (23038)_damaging,0.0
0,PTPRU (10076)_damaging,0.0
0,COL16A1 (1307)_damaging,0.0
0,CSMD2 (114784)_damaging,0.0
0,ZMYM1 (79830)_damaging,0.0
0,ZMYM4 (9202)_damaging,0.0
0,AGO1 (26523)_damaging,0.0
0,MAP7D1 (55700)_damaging,0.03042708017259639
0,MACF1 (23499)_damaging,0.929130851329375
0,TIE1 (7075)_damaging,0.0
0,MPL (4352)_damaging,0.011270611623323443
0,SZT2 (23334)_damaging,0.0
0,MUTYH (4595)_damaging,0.13582275271032077
0,MAST2 (23139)_damaging,0.0
0,FAAH (2166)_damaging,0.0
0,TAL1 (6886)_damaging,0.02828725857550555
0,FYB2 (199920)_damaging,0.0
0,NFIA (4774)_damaging,0.0
0,PATJ (10207)_damaging,0.0
0,DOCK7 (85440)_damaging,0.0
0,JAK1 (3716)_damaging,0.0
0,LRRC7 (57554)_damaging,0.0
0,ERICH3 (127254)_damaging,0.20977670025442405
0,SLC44A5 (204962)_damaging,0.008161130708632627
0,ADGRL4 (64123)_damaging,0.3965267019299238
0,ADGRL2 (23266)_damaging,0.046058151203254356
0,COL24A1 (255631)_damaging,0.005388634103832047
0,HFM1 (164045)_damaging,0.0
0,BTBD8 (284697)_damaging,0.0
0,ABCA4 (24)_damaging,0.0
0,ARHGAP29 (9411)_damaging,0.0
0,DPYD (1806)_damaging,0.0
0,COL11A1 (1301)_damaging,0.0
0,EPS8L3 (79574)_damaging,0.15110676186650718
0,CEPT1 (10390)_damaging,0.0
0,SYCP1 (6847)_damaging,0.002169221423058921
0,SPAG17 (200162)_damaging,0.0
0,NOTCH2 (4853)_damaging,0.0
0,CHD1L (9557)_damaging,0.12654745958905944
0,BCL9 (607)_damaging,0.491984698795526
0,ADAMTSL4 (54507)_damaging,0.0
0,ZNF687 (57592)_damaging,0.0
0,TCHH (7062)_damaging,0.0
0,FLG (2312)_damaging,0.0
0,CCDST (112268240)_damaging,0.0
0,FLG2 (388698)_damaging,0.033692362142360564
0,UBAP2L (9898)_damaging,0.0
0,SHC1 (6464)_damaging,0.0
0,ASH1L (55870)_damaging,0.0
0,GON4L (54856)_damaging,0.03614091936573434
0,IQGAP3 (128239)_damaging,0.011419910713594827
0,NES (10763)_damaging,0.0
0,INSRR (3645)_damaging,0.0
0,FCRL5 (83416)_damaging,0.0
0,SPTA1 (6708)_damaging,0.0
0,IGSF9 (57549)_damaging,0.11467331142131544
0,F5 (2153)_damaging,0.0
0,TNR (7143)_damaging,0.0
0,PAPPA2 (60676)_damaging,0.0
0,ABL2 (27)_damaging,0.20457679370673726
0,AXDND1 (126859)_damaging,0.8491171265859432
0,TDRD5 (163589)_damaging,0.02226470128682595
0,CEP350 (9857)_damaging,0.0
0,CACNA1E (777)_damaging,0.1767791803708622
0,RGL1 (23179)_damaging,0.0972103250346498
0,HMCN1 (83872)_damaging,0.0
0,TPR (7175)_damaging,0.05474795916430909
0,BRINP3 (339479)_damaging,0.0
0,KCNT2 (343450)_damaging,0.0
0,ASPM (259266)_damaging,0.0
0,CRB1 (23418)_damaging,0.0
0,PTPRC (5788)_damaging,0.8315309961616093
0,CAMSAP2 (23271)_damaging,0.04207633958408249
0,CACNA1S (779)_damaging,0.38282535700373377
0,IGFN1 (91156)_damaging,0.0
0,NAV1 (89796)_damaging,0.0
0,ELF3 (1999)_damaging,0.12412168325425241
0,KDM5B (10765)_damaging,0.0
0,ATP2B4 (493)_damaging,0.0
0,PLEKHA6 (22874)_damaging,0.0
0,PIK3C2B (5287)_damaging,0.0
0,NFASC (23114)_damaging,0.0
0,CR2 (1380)_damaging,0.0
0,CR1 (1378)_damaging,0.11065384341228265
0,PLXNA2 (5362)_damaging,0.03239613043251782
0,PROX1 (5629)_damaging,0.0
0,PTPN14 (5784)_damaging,0.0
0,CENPF (1063)_damaging,0.0
0,USH2A (7399)_damaging,0.2074226394119851
0,EPRS1 (2058)_damaging,0.0
0,DISP1 (84976)_damaging,0.0
0,DNAH14 (127602)_damaging,0.0
0,CDC42BPA (8476)_damaging,0.9503134880643292
0,OBSCN (84033)_damaging,0.0
0,H3-4 (8290)_damaging,0.0
0,PCNX2 (80003)_damaging,0.0
0,ARID4B (51742)_damaging,0.0
0,LYST (1130)_damaging,0.03677446834451842
0,RYR2 (6262)_damaging,0.0
0,CHRM3 (1131)_damaging,0.0
0,FMN2 (56776)_damaging,0.2899920034844651
0,RGS7 (6000)_damaging,0.04183774622895355
0,WDR64 (128025)_damaging,0.0
0,SDCCAG8 (10806)_damaging,0.0
0,KIF26B (55083)_damaging,0.0
0,AHCTF1 (25909)_damaging,0.0
0,NLRP3 (114548)_damaging,0.0
0,LARP4B (23185)_damaging,0.1608033621108018
0,ITGA8 (8516)_damaging,0.0
0,CUBN (8029)_damaging,0.8847130627753995
0,MRC1 (4360)_damaging,0.0
0,MALRD1 (340895)_damaging,0.0
0,ARMC3 (219681)_damaging,0.0
0,KIAA1217 (56243)_damaging,0.0
0,GPR158 (57512)_damaging,0.0
0,ANKRD26 (22852)_damaging,0.0
0,SVIL (6840)_damaging,0.11360734812251454
0,JCAD (57608)_damaging,0.0
0,ANKRD30A (91074)_damaging,0.0
0,RSU1P2 (100133308)_damaging,0.0
0,WDFY4 (57705)_damaging,0.0
0,C10orf71 (118461)_damaging,0.0
0,PCDH15 (65217)_damaging,0.2990343175159949
0,ANK3 (288)_damaging,0.049035798105170975
0,ARID5B (84159)_damaging,0.23782530352113807
0,JMJD1C (221037)_damaging,0.0
0,CTNNA3 (29119)_damaging,0.0
0,MYPN (84665)_damaging,0.0
0,CDH23 (64072)_damaging,0.0
0,ZMIZ1 (57178)_damaging,0.0
0,NRG3 (10718)_damaging,0.33158208925939164
0,PTEN (5728)_damaging,0.12799267154158941
0,STAMBPL1 (57559)_damaging,0.18877951605285126
0,KIF20B (9585)_damaging,0.0
0,BTAF1 (9044)_damaging,0.016409240652148566
0,MYOF (26509)_damaging,0.0
0,PDE6C (5146)_damaging,0.0
0,PLCE1 (51196)_damaging,0.0
0,CC2D2B (387707)_damaging,0.03126005352690391
0,ZNF518A (9849)_damaging,0.0
0,LCOR (84458)_damaging,0.11644792207519147
0,SLIT1 (6585)_damaging,0.0
0,PPRC1 (23082)_damaging,0.43065893273208994
0,PSD (5662)_damaging,0.06615214223213231
0,CNNM2 (54805)_damaging,0.0
0,PDCD11 (22984)_damaging,0.7047863519877159
0,SH3PXD2A (9644)_damaging,0.0
0,SLK (9748)_damaging,0.0
0,SORCS3 (22986)_damaging,0.019272540150880972
0,SORCS1 (114815)_damaging,0.0
0,SMC3 (9126)_damaging,0.0
0,TCF7L2 (6934)_damaging,0.0
0,ATRNL1 (26033)_damaging,0.0
0,TACC2 (10579)_damaging,0.08329035924526657
0,DMBT1 (1755)_damaging,0.0
0,DOCK1 (1793)_damaging,0.0
0,MKI67 (4288)_damaging,0.41035347521488996
0,JAKMIP3 (282973)_damaging,0.0
0,CFAP46 (54777)_damaging,0.028781604242452977
0,B4GALNT4 (338707)_damaging,0.0
0,PKP3 (11187)_damaging,0.0
0,MUC5AC (4586)_damaging,0.0
0,MUC5B (727897)_damaging,0.0
0,BRSK2 (9024)_damaging,0.0
0,KCNQ1 (3784)_damaging,0.0
0,NUP98 (4928)_damaging,0.0
0,OR51E2 (81285)_damaging,0.0
0,DNHD1 (144132)_damaging,0.15619341563652994
0,DCHS1 (8642)_damaging,0.023145808271976247
0,IPO7 (10527)_damaging,0.0
0,SBF2 (81846)_damaging,0.07874077845642101
0,PLEKHA7 (144100)_damaging,0.008819296579519792
0,ABCC8 (6833)_damaging,0.0
0,USH1C (10083)_damaging,0.0
0,OTOG (340990)_damaging,0.0
0,NAV2 (89797)_damaging,0.0
0,DCDC1 (341019)_damaging,0.021676756545543366
0,CCDC73 (493860)_damaging,0.0
0,QSER1 (79832)_damaging,0.03077683925629075
0,CSTF3 (1479)_damaging,0.0034799790474337256
0,KIAA1549L (25758)_damaging,0.024387494079534833
0,LRP4 (4038)_damaging,0.0
0,AGBL2 (79841)_damaging,0.0
0,FOLH1 (2346)_damaging,0.0
0,OR4A15 (81328)_damaging,0.011516325129329513
0,OR4P4 (81300)_damaging,0.0
0,CTNND1 (1500)_damaging,0.0
0,DTX4 (23220)_damaging,0.0
0,MYRF (745)_damaging,0.0
0,AHNAK (79026)_damaging,0.0
0,EML3 (256364)_damaging,0.0
0,SLC3A2 (6520)_damaging,0.0
0,PLCB3 (5331)_damaging,0.019140280797044287
0,NRXN2 (9379)_damaging,0.14041018911944433
0,MEN1 (4221)_damaging,0.0
0,ATG2A (23130)_damaging,0.0
0,PCNX3 (399909)_damaging,0.0
0,RIN1 (9610)_damaging,0.05577986062502029
0,SHANK2 (22941)_damaging,0.0
0,INPPL1 (3636)_damaging,0.0
0,ARHGEF17 (9828)_damaging,0.0
0,C2CD3 (26005)_damaging,0.0
0,MYO7A (4647)_damaging,0.0
0,RSF1 (51773)_damaging,0.0
0,TENM4 (26011)_damaging,0.07860486649424261
0,PCF11 (51585)_damaging,0.0
0,DLG2 (1740)_damaging,0.18857155010605844
0,SYTL2 (54843)_damaging,0.0
0,FAT3 (120114)_damaging,0.0
0,DEUP1 (159989)_damaging,0.0
0,MRE11 (4361)_damaging,0.0
0,CNTN5 (53942)_damaging,0.027757445401715923
0,CEP126 (57562)_damaging,0.0
0,MMP3 (4314)_damaging,0.0
0,MMP12 (4321)_damaging,0.0
0,DYNC2H1 (79659)_damaging,0.0
0,NPAT (4863)_damaging,0.05662005792261361
0,ATM (472)_damaging,0.2668153241367616
0,EXPH5 (23086)_damaging,0.0
0,NKAPD1 (55216)_damaging,0.0
0,NCAM1 (4684)_damaging,0.0
0,USP28 (57646)_damaging,0.0
0,DSCAML1 (57453)_damaging,0.0
0,KMT2A (4297)_damaging,0.2891873875937361
0,BCL9L (283149)_damaging,0.0
0,ARHGEF12 (23365)_damaging,0.03878817459986362
0,TECTA (7007)_damaging,0.027744830791589275
0,SORL1 (6653)_damaging,0.0
0,ROBO3 (64221)_damaging,0.4750298668750577
0,CCDC15 (80071)_damaging,0.0
0,IGSF9B (22997)_damaging,0.0
0,GLB1L2 (89944)_damaging,0.0
0,LINC02714 (729305)_damaging,0.005091022219575652
0,KDM5A (5927)_damaging,0.0
0,WNK1 (65125)_damaging,0.0
0,CACNA1C (775)_damaging,0.02329154299549729
0,VWF (7450)_damaging,0.06317328671048399
0,PLEKHG6 (55200)_damaging,0.0
0,CHD4 (1108)_damaging,0.0
0,ATN1 (1822)_damaging,0.0
0,A2ML1 (144568)_damaging,0.2090942221488237
0,A2M (2)_damaging,0.10167098734055381
0,ATF7IP (55729)_damaging,0.0
0,EPS8 (2059)_damaging,0.0
0,PDE3A (5139)_damaging,0.031458940210732374
0,SLCO1B3 (28234)_damaging,0.015683060412198975
0,RECQL (5965)_damaging,0.0
0,ABCC9 (10060)_damaging,0.05259211330973176
0,C2CD5 (9847)_damaging,0.010112760519552209
0,ITPR2 (3709)_damaging,0.0
0,KIF21A (55605)_damaging,0.0
0,LRRK2 (120892)_damaging,0.0
0,MUC19 (283463)_damaging,0.8606236058922896
0,CNTN1 (1272)_damaging,0.0
0,PDZRN4 (29951)_damaging,0.0
0,ADAMTS20 (80070)_damaging,0.0
0,ANO6 (196527)_damaging,0.0
0,ARID2 (196528)_damaging,0.0
0,HDAC7 (51564)_damaging,0.0
0,COL2A1 (1280)_damaging,0.0
0,WNT1 (7471)_damaging,0.0
0,KMT2D (8085)_damaging,0.0
0,PRPF40B (25766)_damaging,0.0
0,NCKAP5L (57701)_damaging,0.02833186737521829
0,ACVR1B (91)_damaging,0.0
0,MAP3K12 (7786)_damaging,0.1252762776843699
0,PAN2 (9924)_damaging,0.0
0,STAT2 (6773)_damaging,0.0
0,NACA (4666)_damaging,0.0
0,MYO1A (4640)_damaging,0.0
0,STAT6 (6778)_damaging,0.0
0,LRP1 (4035)_damaging,0.0
0,R3HDM2 (22864)_damaging,0.0
0,GLI1 (2735)_damaging,0.0
0,MBD6 (114785)_damaging,0.2633552062555728
0,KIF5A (3798)_damaging,0.7986630921971509
0,XPOT (11260)_damaging,0.008349424231684461
0,PTPRB (5787)_damaging,0.0
0,ZFC3H1 (196441)_damaging,0.0
0,E2F7 (144455)_damaging,0.0
0,NAV3 (89795)_damaging,0.0
0,OTOGL (283310)_damaging,0.0
0,PTPRQ (374462)_damaging,0.0
0,PPFIA2 (8499)_damaging,0.027570784717509882
0,LRRIQ1 (84125)_damaging,0.024705908493554557
0,CEP290 (80184)_damaging,0.0
0,EEA1 (8411)_damaging,0.6016775949461383
0,PLXNC1 (10154)_damaging,0.0
0,CFAP54 (144535)_damaging,0.0
0,ANKS1B (56899)_damaging,0.0
0,BLTP3B (23074)_damaging,0.0
0,UTP20 (27340)_damaging,0.0
0,STAB2 (55576)_damaging,0.05524895559445592
0,ALDH1L2 (160428)_damaging,0.0
0,ACACB (32)_damaging,0.29726483958705613
0,MVK (4598)_damaging,0.0
0,CUX2 (23316)_damaging,0.0
0,ATXN2 (6311)_damaging,0.0
0,NAA25 (80018)_damaging,0.0
0,HECTD4 (283450)_damaging,0.0
0,DTX1 (1840)_damaging,0.0
0,CIT (11113)_damaging,0.0
0,GCN1 (10985)_damaging,0.0
0,HNF1A (6927)_damaging,0.0
0,KDM2B (84678)_damaging,0.0
0,SETD1B (23067)_damaging,0.0
0,KNTC1 (9735)_damaging,0.0
0,HIP1R (9026)_damaging,0.12454827462588788
0,SBNO1 (55206)_damaging,0.0
0,DNAH10 (196385)_damaging,0.22135075165411572
0,NCOR2 (9612)_damaging,0.0
0,TMEM132D (121256)_damaging,0.0
0,RIMBP2 (23504)_damaging,0.23284192799673917
0,SFSWAP (6433)_damaging,0.027487551901174998
0,EP400 (57634)_damaging,0.0
0,POLE (5426)_damaging,0.0
0,ZMYM2 (7750)_damaging,0.19194776425786061
0,SACS (26278)_damaging,0.03979952080117642
0,RNF17 (56163)_damaging,0.1552200995433148
0,CENPJ (55835)_damaging,0.0
0,ATP8A2 (51761)_damaging,0.0
0,FRY (10129)_damaging,0.03950679316820283
0,BRCA2 (675)_damaging,0.0
0,PDS5B (23047)_damaging,0.43143723201231715
0,NBEA (26960)_damaging,0.0
0,FREM2 (341640)_damaging,0.003142816611750525
0,DGKH (160851)_damaging,0.0
0,ZC3H13 (23091)_damaging,0.0
0,RB1 (5925)_damaging,2.5681452021296485
0,PCDH17 (27253)_damaging,0.41635544847085904
0,KLHL1 (57626)_damaging,0.0
0,DACH1 (1602)_damaging,0.0
0,DIS3 (22894)_damaging,0.08098274638728704
0,MYCBP2 (23077)_damaging,0.0
0,SLITRK1 (114798)_damaging,0.0
0,SLITRK5 (26050)_damaging,0.0
0,DOCK9 (23348)_damaging,0.0
0,NALCN (259232)_damaging,0.0
0,CCDC168 (643677)_damaging,0.0
0,MYO16 (23026)_damaging,0.6214987657240973
0,IRS2 (8660)_damaging,0.0
0,COL4A1 (1282)_damaging,0.0
0,COL4A2 (1284)_damaging,0.15850111853901838
0,TEP1 (7011)_damaging,0.0
0,CHD8 (57680)_damaging,0.07059054295162714
0,AJUBA (84962)_damaging,0.1591601991497158
0,ACIN1 (22985)_damaging,0.0
0,MYH7 (4625)_damaging,0.0
0,CARMIL3 (90668)_damaging,0.005383314215916906
0,NYNRIN (57523)_damaging,0.172439448673354
0,HECTD1 (25831)_damaging,0.0
0,AKAP6 (9472)_damaging,0.050267104345013545
0,NPAS3 (64067)_damaging,0.06397712170805633
0,RALGAPA1 (253959)_damaging,0.0
0,MIPOL1 (145282)_damaging,0.0
0,TOGARAM1 (23116)_damaging,0.0
0,FANCM (57697)_damaging,0.14411328668255186
0,MDGA2 (161357)_damaging,0.0
0,NIN (51199)_damaging,0.0
0,NID2 (22795)_damaging,0.09155321235817854
0,KTN1 (3895)_damaging,0.0
0,ARID4A (5926)_damaging,0.0
0,HIF1A (3091)_damaging,0.0
0,KCNH5 (27133)_damaging,0.0
0,SYNE2 (23224)_damaging,0.12450352926622324
0,PCNX1 (22990)_damaging,0.0243820558458752
0,SIPA1L1 (26037)_damaging,0.0
0,MIDEAS (91748)_damaging,0.0
0,YLPM1 (56252)_damaging,0.0
0,MLH3 (27030)_damaging,0.0
0,NRXN3 (9369)_damaging,0.0
0,CEP128 (145508)_damaging,0.021826774137003083
0,PTPN21 (11099)_damaging,0.0
0,EML5 (161436)_damaging,0.0
0,FOXN3 (1112)_damaging,0.0045216398221997675
0,CCDC88C (440193)_damaging,0.0
0,TRIP11 (9321)_damaging,0.0
0,UNC79 (57578)_damaging,0.0
0,ATG2B (55102)_damaging,0.0
0,RTL1 (388015)_damaging,0.0
0,DYNC1H1 (1778)_damaging,0.0
0,CDC42BPB (9578)_damaging,0.0
0,KIF26A (26153)_damaging,0.0
0,INF2 (64423)_damaging,0.0
0,CEP170B (283638)_damaging,0.08510885700183601
0,AHNAK2 (113146)_damaging,0.0
0,MTA1 (9112)_damaging,0.0
0,HERC2 (8924)_damaging,0.0
0,ENTREP2 (23359)_damaging,0.11911890872258138
0,TRPM1 (4308)_damaging,0.0
0,FMN1 (342184)_damaging,0.0
0,RYR3 (6263)_damaging,0.0
0,INO80 (54617)_damaging,0.0
0,TYRO3 (7301)_damaging,0.08202904703388736
0,MGA (23269)_damaging,0.0
0,SPTBN5 (51332)_damaging,0.0
0,ZNF106 (64397)_damaging,0.056439823670588515
0,STARD9 (57519)_damaging,0.0
0,UBR1 (197131)_damaging,0.0
0,TP53BP1 (7158)_damaging,0.0
0,MAP1A (4130)_damaging,0.0
0,SPG11 (80208)_damaging,0.21019080960555175
0,B2M (567)_damaging,0.0
0,DUOX2 (50506)_damaging,0.07906412720378819
0,SLC12A1 (6557)_damaging,0.0
0,FBN1 (2200)_damaging,0.0
0,AP4E1 (23431)_damaging,0.0
0,DMXL2 (23312)_damaging,0.0
0,MYO5C (55930)_damaging,0.0
0,WDR72 (256764)_damaging,0.0
0,UNC13C (440279)_damaging,0.03138689004716826
0,RFX7 (64864)_damaging,0.12924679638112585
0,ICE2 (79664)_damaging,0.0
0,VPS13C (54832)_damaging,0.0
0,TLN2 (83660)_damaging,0.0
0,HERC1 (8925)_damaging,0.0
0,ZNF609 (23060)_damaging,0.0
0,CILP (8483)_damaging,0.08553996177425639
0,NOX5 (79400)_damaging,0.09264283152837985
0,MYO9A (4649)_damaging,0.031161542271409496
0,HCN4 (10021)_damaging,0.0
0,ARID3B (10620)_damaging,0.0
0,SIN3A (25942)_damaging,0.38742087342038045
0,PEAK1 (79834)_damaging,0.20352938379941532
0,ADAMTSL3 (57188)_damaging,0.0
0,AKAP13 (11214)_damaging,0.06492298102717156
0,AGBL1 (123624)_damaging,0.0
0,TICRR (90381)_damaging,0.06428924837407952
0,KIF7 (374654)_damaging,0.0
0,IQGAP1 (8826)_damaging,0.0
0,BLM (641)_damaging,0.0
0,FES (2242)_damaging,0.18802322908694602
0,CHD2 (1106)_damaging,0.0
0,LRRK1 (79705)_damaging,0.0
0,AXIN1 (8312)_damaging,0.0
0,WDR90 (197335)_damaging,0.0
0,CACNA1H (8912)_damaging,0.0
0,UNKL (64718)_damaging,0.0
0,CRAMP1 (57585)_damaging,0.0
0,TSC2 (7249)_damaging,0.0
0,PKD1 (5310)_damaging,0.5267151253108269
0,CASKIN1 (57524)_damaging,0.0
0,CREBBP (1387)_damaging,1.6829231511001703
0,USP7 (7874)_damaging,0.0
0,GRIN2A (2903)_damaging,0.0
0,CIITA (4261)_damaging,0.0
0,SMG1 (23049)_damaging,0.00797974159035057
0,KNOP1 (400506)_damaging,0.3625329905850831
0,DNAH3 (55567)_damaging,0.0
0,SCNN1B (6338)_damaging,0.16929321267246014
0,PALB2 (79728)_damaging,0.0
0,ERN2 (10595)_damaging,0.0
0,TNRC6A (27327)_damaging,0.0
0,ARHGAP17 (55114)_damaging,0.06161115664844451
0,GTF3C1 (2975)_damaging,0.09333847203025379
0,ATXN2L (11273)_damaging,0.0
0,SH2B1 (25970)_damaging,0.0
0,ITGAL (3683)_damaging,0.01091510265896742
0,SRCAP (10847)_damaging,0.0
0,SETD1A (9739)_damaging,0.01787386358078867
0,CHD9 (80205)_damaging,0.0
0,RBL2 (5934)_damaging,0.0
0,NLRC5 (84166)_damaging,0.14187786782172135
0,CNGB1 (1258)_damaging,0.0
0,CNOT1 (23019)_damaging,0.03667810056701362
0,CDH8 (1006)_damaging,0.0
0,CDH11 (1009)_damaging,0.0
0,CTCF (10664)_damaging,1.19814751327962
0,CDH1 (999)_damaging,0.0
0,MTSS2 (92154)_damaging,0.0
0,DHX38 (9785)_damaging,0.0
0,ZFHX3 (463)_damaging,0.0
0,CNTNAP4 (85445)_damaging,0.006972195775877231
0,PKD1L2 (114780)_damaging,0.0
0,TAF1C (9013)_damaging,0.0
0,GSE1 (23199)_damaging,0.0
0,ZNF469 (84627)_damaging,0.0
0,ZC3H18 (124245)_damaging,0.0
0,LINC02138 (400558)_damaging,0.07982327998968954
0,CDH15 (1013)_damaging,0.0
0,ANKRD11 (29123)_damaging,0.0
0,VPS9D1 (9605)_damaging,0.0
0,WDR81 (124997)_damaging,0.0
0,SPATA22 (84690)_damaging,0.0
0,ZZEF1 (23140)_damaging,0.0
0,USP6 (9098)_damaging,0.0
0,FXR2 (9513)_damaging,0.08324596780033991
0,TP53 (7157)_damaging,13.829017087548234
0,EFNB3 (1949)_damaging,0.0
0,DNAH2 (146754)_damaging,0.44491277882991337
0,KDM6B (23135)_damaging,0.0
0,CHD3 (1107)_damaging,0.0
0,PER1 (5187)_damaging,0.03957897839116111
0,PFAS (5198)_damaging,0.0
0,MYH13 (8735)_damaging,0.1430696527330264
0,MYH8 (4626)_damaging,0.0
0,MYH4 (4622)_damaging,0.0
0,MYH1 (4619)_damaging,0.0
0,MYH2 (4620)_damaging,0.04602966335360054
0,DNAH9 (1770)_damaging,0.03335842049736821
0,MYOCD (93649)_damaging,0.0
0,NCOR1 (9611)_damaging,0.0
0,MPRIP (23164)_damaging,0.0
0,FLCN (201163)_damaging,0.0
0,MYO15A (51168)_damaging,0.0
0,TOP3A (7156)_damaging,0.0
0,SPECC1 (92521)_damaging,0.0
0,KSR1 (8844)_damaging,0.0
0,EFCAB5 (374786)_damaging,0.0
0,CPD (1362)_damaging,0.0
0,ATAD5 (79915)_damaging,0.0
0,NF1 (4763)_damaging,0.0
0,SLFN5 (162394)_damaging,0.0
0,SLFN11 (91607)_damaging,0.0
0,ACACA (31)_damaging,0.0
0,GPR179 (440435)_damaging,0.005991328135564851
0,SRCIN1 (80725)_damaging,0.0
0,TOP2A (7153)_damaging,0.018331096901551987
0,KCNH4 (23415)_damaging,0.0
0,STAT5B (6777)_damaging,0.0
0,BRCA1 (672)_damaging,0.20389808569310014
0,HDAC5 (10014)_damaging,0.0
0,ITGA2B (3674)_damaging,0.05574796630956511
0,GPATCH8 (23131)_damaging,0.0
0,KANSL1 (284058)_damaging,0.6259360992746367
0,COL1A1 (1277)_damaging,0.0
0,CACNA1G (8913)_damaging,0.0
0,ANKFN1 (162282)_damaging,0.0
0,TSPOAP1 (9256)_damaging,0.0
0,RNF43 (54894)_damaging,0.0
0,PPM1D (8493)_damaging,0.0
0,TBX4 (9496)_damaging,0.0
0,MED13 (9969)_damaging,0.0
0,MRC2 (9902)_damaging,0.018781625894745926
0,SCN4A (6329)_damaging,0.0
0,TEX2 (55852)_damaging,0.2891156864884742
0,GNA13 (10672)_damaging,0.0
0,HELZ (9931)_damaging,0.0
0,NOL11 (25926)_damaging,0.0
0,BPTF (2186)_damaging,0.10027998066089357
0,ABCA8 (10351)_damaging,0.0
0,ABCA9 (10350)_damaging,0.0
0,ABCA6 (23460)_damaging,0.0
0,ABCA10 (10349)_damaging,0.0
0,ABCA5 (23461)_damaging,0.0
0,SDK2 (54549)_damaging,0.15503016476457762
0,TMEM94 (9772)_damaging,0.0
0,CASKIN2 (57513)_damaging,0.0
0,MYO15B (80022)_damaging,0.18213744467949583
0,ITGB4 (3691)_damaging,0.0
0,EVPL (2125)_damaging,0.0
0,RHBDF2 (79651)_damaging,0.0
0,TNRC6C (57690)_damaging,0.024545503959493106
0,DNAH17 (8632)_damaging,0.0
0,RPTOR (57521)_damaging,0.0018827784997557746
0,BAHCC1 (57597)_damaging,0.0
0,FASN (2194)_damaging,0.13729676952278963
0,SMCHD1 (23347)_damaging,0.0
0,EPB41L3 (23136)_damaging,0.0
0,LAMA1 (284217)_damaging,0.0
0,PTPRM (5797)_damaging,0.2314871068627604
0,MTCL1 (23255)_damaging,0.0
0,ANKRD12 (23253)_damaging,0.0
0,PIEZO2 (63895)_damaging,0.0
0,ANKRD30B (374860)_damaging,0.0
0,ROCK1 (6093)_damaging,0.0
0,LAMA3 (3909)_damaging,0.1543395483649546
0,OSBPL1A (114876)_damaging,0.0
0,CCDC178 (374864)_damaging,0.0
0,ASXL3 (80816)_damaging,0.0
0,FHOD3 (80206)_damaging,0.0
0,SETBP1 (26040)_damaging,0.01481765355159343
0,LOXHD1 (125336)_damaging,0.5050602565944198
0,SKOR2 (652991)_damaging,0.0
0,ZBTB7C (201501)_damaging,0.0
0,MYO5B (4645)_damaging,0.23623347907955203
0,SMAD4 (4089)_damaging,0.3158229079760684
0,DCC (1630)_damaging,0.0
0,ALPK2 (115701)_damaging,0.0
0,CDH7 (1005)_damaging,0.02510624292050486
0,DSEL (92126)_damaging,0.0
0,RTTN (25914)_damaging,0.0
0,CBLN2 (147381)_damaging,0.0
0,ZNF236 (7776)_damaging,0.0
0,SALL3 (27164)_damaging,0.0
0,ATP9B (374868)_damaging,0.0
0,KCNG2 (26251)_damaging,0.0
0,ABCA7 (10347)_damaging,0.11036359567830716
0,STK11 (6794)_damaging,0.1991034039698839
0,DAZAP1 (26528)_damaging,0.0
0,TCF3 (6929)_damaging,0.0
0,REXO1 (57455)_damaging,0.0
0,AP3D1 (8943)_damaging,0.5818076772155445
0,DOT1L (84444)_damaging,0.03716505511540255
0,ZBTB7A (51341)_damaging,0.03911110488087951
0,TICAM1 (148022)_damaging,0.0079195012041208
0,KDM4B (23030)_damaging,0.0
0,PTPRS (5802)_damaging,0.783592443660609
0,SAFB2 (9667)_damaging,0.0
0,SAFB (6294)_damaging,0.0921420914501909
0,CAMSAP3 (57662)_damaging,0.0
0,MAP2K7 (5609)_damaging,0.0
0,FBN3 (84467)_damaging,0.0
0,MUC16 (94025)_damaging,0.0
0,COL5A3 (50509)_damaging,0.06418341639290595
0,DNMT1 (1786)_damaging,0.0
0,TYK2 (7297)_damaging,0.02890594266821134
0,KEAP1 (9817)_damaging,0.1974451075997263
0,SMARCA4 (6597)_damaging,0.0
0,MAN2B1 (4125)_damaging,0.0
0,MAST1 (22983)_damaging,0.0
0,CACNA1A (773)_damaging,0.48216114591870207
0,NOTCH3 (4854)_damaging,0.11882112130128156
0,BRD4 (23476)_damaging,0.0
0,WIZ (58525)_damaging,0.0
0,SIN3B (23309)_damaging,0.0
0,CPAMD8 (27151)_damaging,0.0
0,ZNF729 (100287226)_damaging,0.025831612550116023
0,ZNF536 (9745)_damaging,0.07790192799970698
0,TSHZ3 (57616)_damaging,0.3634560097664005
0,KMT2B (9757)_damaging,0.0
0,WDR87 (83889)_damaging,0.0
0,SIPA1L3 (23094)_damaging,0.07297506891045329
0,RYR1 (6261)_damaging,0.0
0,CAPN12 (147968)_damaging,0.03258860546176764
0,FCGBP (8857)_damaging,0.04127368733485453
0,PRX (57716)_damaging,0.0
0,AXL (558)_damaging,0.0
0,HNRNPUL1 (11100)_damaging,0.0
0,ARHGEF1 (9138)_damaging,0.0
0,ERF (2077)_damaging,0.0
0,CIC (23152)_damaging,0.0
0,MEGF8 (1954)_damaging,0.0
0,MARK4 (57787)_damaging,0.004705421706421719
0,ARHGAP35 (2909)_damaging,0.0
0,ZC3H4 (23211)_damaging,0.0
0,BICRA (29998)_damaging,0.0
0,LMTK3 (114783)_damaging,0.048578710927395206
0,PRR12 (57479)_damaging,0.0
0,SCAF1 (58506)_damaging,0.02522427733156635
0,POLD1 (5424)_damaging,0.0
0,SHANK1 (50944)_damaging,0.0
0,NLRP7 (199713)_damaging,0.038478934770255165
0,BRSK1 (84446)_damaging,0.12617145629917392
0,SSC5D (284297)_damaging,0.0
0,NLRP9 (338321)_damaging,0.0
0,NLRP4 (147945)_damaging,0.0
0,PEG3 (5178)_damaging,0.10313083501743484
0,ZIM3 (114026)_damaging,0.0
0,PXDN (7837)_damaging,0.0
0,MYT1L (23040)_damaging,0.0
0,ROCK2 (9475)_damaging,0.0
0,GREB1 (9687)_damaging,0.0
0,NBAS (51594)_damaging,0.0
0,RAD51AP2 (729475)_damaging,0.10461377803806404
0,APOB (338)_damaging,0.0
0,TDRD15 (100129278)_damaging,0.0
0,ATAD2B (54454)_damaging,0.0
0,ITSN2 (50618)_damaging,0.0
0,DNMT3A (1788)_damaging,0.0
0,ASXL2 (55252)_damaging,0.0
0,OTOF (9381)_damaging,0.0
0,CAD (790)_damaging,0.0
0,IFT172 (26160)_damaging,0.0
0,SPATA31H1 (84226)_damaging,0.8323368934468865
0,ALK (238)_damaging,0.0
0,BIRC6 (57448)_damaging,0.0
0,LTBP1 (4052)_damaging,0.447245105068301
0,HEATR5B (54497)_damaging,0.0
0,ZFP36L2 (678)_damaging,0.12701367014580073
0,THADA (63892)_damaging,0.009276532116519872
0,MSH2 (4436)_damaging,0.0
0,MSH6 (2956)_damaging,0.0
0,NRXN1 (9378)_damaging,0.4056170734396049
0,SPTBN1 (6711)_damaging,0.0
0,EML6 (400954)_damaging,0.0
0,CCDC88A (55704)_damaging,0.14259671132683285
0,BCL11A (53335)_damaging,0.0
0,USP34 (9736)_damaging,0.0
0,DYSF (8291)_damaging,0.0
0,ALMS1 (7840)_damaging,0.0
0,LOXL3 (84695)_damaging,0.0
0,CTNNA2 (1496)_damaging,0.22678993458422833
0,DNAH6 (1768)_damaging,0.0
0,PROM2 (150696)_damaging,0.0
0,TMEM131 (23505)_damaging,0.0
0,CRACDL (343990)_damaging,0.0
0,EIF5B (9669)_damaging,0.0
0,SLC5A7 (60482)_damaging,0.0
0,DPP10 (57628)_damaging,0.21318910288824822
0,MARCO (8685)_damaging,0.0
0,EPB41L5 (57669)_damaging,0.0
0,CNTNAP5 (129684)_damaging,0.0
0,WDR33 (55339)_damaging,0.0
0,SAP130 (79595)_damaging,0.0
0,UGGT1 (56886)_damaging,0.0
0,ARHGEF4 (50649)_damaging,0.006424710414895282
0,NCKAP5 (344148)_damaging,0.2854522290880851
0,THSD7B (80731)_damaging,0.0
0,LRP1B (53353)_damaging,0.03890733379731464
0,ACVR2A (92)_damaging,0.0
0,ORC4 (5000)_damaging,0.0976387207760494
0,RIF1 (55183)_damaging,0.014231526475980544
0,NEB (4703)_damaging,0.0
0,GALNT13 (114805)_damaging,0.0
0,BAZ2B (29994)_damaging,0.0
0,LY75 (4065)_damaging,0.12666146379235876
0,PLA2R1 (22925)_damaging,0.11317075136292336
0,SLC4A10 (57282)_damaging,0.025335854956665252
0,KCNH7 (90134)_damaging,0.0
0,FIGN (55137)_damaging,0.0
0,SCN3A (6328)_damaging,0.0
0,SCN2A (6326)_damaging,0.008509276952640863
0,TTC21B (79809)_damaging,0.0
0,SCN9A (6335)_damaging,0.0
0,SCN7A (6332)_damaging,0.007753738269199995
0,XIRP2 (129446)_damaging,0.6141599254978555
0,LRP2 (4036)_damaging,0.0
0,PPIG (9360)_damaging,0.0
0,GPR155 (151556)_damaging,0.07904431046418975
0,TTN (7273)_damaging,0.7975352441835432
0,CCDC141 (285025)_damaging,0.0
0,ITGA4 (3676)_damaging,0.0
0,FSIP2 (401024)_damaging,0.10587150044856435
0,COL3A1 (1281)_damaging,0.0
0,COL5A2 (1290)_damaging,0.0
0,WDR75 (84128)_damaging,0.0
0,ANKAR (150709)_damaging,0.0
0,DNAH7 (56171)_damaging,0.23355189824551809
0,HECW2 (57520)_damaging,0.0
0,PLCL1 (5334)_damaging,0.0
0,SGO2 (151246)_damaging,0.0
0,CASP8 (841)_damaging,0.0
0,C2CD6 (151254)_damaging,0.0
0,BMPR2 (659)_damaging,0.0
0,NBEAL1 (65065)_damaging,0.0
0,PARD3B (117583)_damaging,0.0
0,NRP2 (8828)_damaging,0.0
0,INO80D (54891)_damaging,0.03873452361311338
0,ZDBF2 (57683)_damaging,0.29964987050701275
0,MAP2 (4133)_damaging,0.0
0,UNC80 (285175)_damaging,0.0679779481604194
0,KANSL1L (151050)_damaging,0.0
0,CPS1 (1373)_damaging,0.0
0,ERBB4 (2066)_damaging,0.00883054247530178
0,ABCA12 (26154)_damaging,0.03932732064396355
0,FN1 (2335)_damaging,0.0
0,TNS1 (7145)_damaging,0.0
0,CFAP65 (255101)_damaging,0.0
0,SPEG (10290)_damaging,0.04356410569098694
0,OBSL1 (23363)_damaging,0.0
0,SLC4A3 (6508)_damaging,0.0
0,NYAP2 (57624)_damaging,0.05048240872353832
0,IRS1 (3667)_damaging,0.0
0,COL4A4 (1286)_damaging,0.0
0,SPHKAP (80309)_damaging,0.0
0,TRIP12 (9320)_damaging,0.0
0,MROH2A (339766)_damaging,0.09940647705110837
0,COL6A3 (1293)_damaging,0.0
0,HDAC4 (9759)_damaging,0.0
0,KIF1A (547)_damaging,0.0
0,FASTKD5 (60493)_damaging,0.1171958220058567
0,SLC4A11 (83959)_damaging,0.008721526815078763
0,PLCB4 (5332)_damaging,0.0
0,ESF1 (51575)_damaging,0.0
0,RRBP1 (6238)_damaging,0.0
0,CFAP61 (26074)_damaging,0.0
0,RALGAPA2 (57186)_damaging,0.0
0,ASXL1 (171023)_damaging,0.06771371592284488
0,NCOA6 (23054)_damaging,0.18220434074288824
0,MYH7B (57644)_damaging,0.0
0,CEP250 (11190)_damaging,0.0
0,SAMHD1 (25939)_damaging,0.0
0,KIAA1755 (85449)_damaging,0.0
0,RALGAPB (57148)_damaging,0.0
0,CHD6 (84181)_damaging,0.0
0,PTPRT (11122)_damaging,0.0
0,NCOA3 (8202)_damaging,0.0
0,DDX27 (55661)_damaging,0.0
0,KCNB1 (3745)_damaging,0.0
0,ADNP (23394)_damaging,0.0
0,SALL4 (57167)_damaging,0.0
0,ZNF831 (128611)_damaging,0.0
0,SYCP2 (10388)_damaging,0.0
0,LAMA5 (3911)_damaging,0.7184978445270145
0,DIDO1 (11083)_damaging,0.027237868187430913
0,COL20A1 (57642)_damaging,0.0
0,KCNQ2 (3785)_damaging,0.0
0,HELZ2 (85441)_damaging,0.8017954543130504
0,TPTE (7179)_damaging,0.0
0,NRIP1 (8204)_damaging,0.0
0,LTN1 (26046)_damaging,0.0
0,SCAF4 (57466)_damaging,0.2777657455242655
0,ITSN1 (6453)_damaging,0.0
0,DOP1B (9980)_damaging,0.0
0,BRWD1 (54014)_damaging,0.0
0,DSCAM (1826)_damaging,0.0
0,ZBTB21 (49854)_damaging,0.0
0,NDUFV3 (4731)_damaging,0.0
0,COL18A1 (80781)_damaging,0.0
0,COL6A1 (1291)_damaging,0.02260106197596826
0,MCM3AP (8888)_damaging,0.0
0,PCNT (5116)_damaging,0.0
0,CECR2 (27443)_damaging,0.0
0,ZDHHC8 (29801)_damaging,0.0
0,LZTR1 (8216)_damaging,0.14571399582517863
0,SMARCB1 (6598)_damaging,0.0
0,MYO18B (84700)_damaging,0.0
0,MN1 (4330)_damaging,0.0
0,CHEK2 (11200)_damaging,0.0
0,ZNRF3 (84133)_damaging,0.0
0,NF2 (4771)_damaging,2.3530357989827673
0,MTMR3 (8897)_damaging,0.5778820052894291
0,DEPDC5 (9681)_damaging,0.0
0,RTCB (51493)_damaging,0.0
0,MYH9 (4627)_damaging,0.0
0,CSF2RB (1439)_damaging,0.24401461439078384
0,TRIOBP (11078)_damaging,0.05259643700313802
0,CACNA1I (8911)_damaging,0.10656827012072723
0,TNRC6B (23112)_damaging,0.0
0,EP300 (2033)_damaging,0.07872167824253216
0,ZC3H7B (23264)_damaging,0.0
0,MEI1 (150365)_damaging,0.04909049765755647
0,TCF20 (6942)_damaging,0.0
0,SMC1B (27127)_damaging,0.0
0,PKDREJ (10343)_damaging,0.0
0,CELSR1 (9620)_damaging,0.0
0,PLXNB2 (23654)_damaging,0.24054904306176983
0,PPP6R2 (9701)_damaging,0.0
0,SBF1 (6305)_damaging,0.0
0,CNTN6 (27255)_damaging,0.0
0,CNTN4 (152330)_damaging,0.0
0,GRM7 (2917)_damaging,0.0
0,SSUH2 (51066)_damaging,0.0
0,VHL (7428)_damaging,0.009497219857695449
0,NUP210 (23225)_damaging,0.0
0,TOP2B (7155)_damaging,0.12629576643248058
0,TGFBR2 (7048)_damaging,0.0
0,CLASP2 (23122)_damaging,0.0
0,TRANK1 (9881)_damaging,0.21076063057879296
0,MLH1 (4292)_damaging,0.0
0,GOLGA4 (2803)_damaging,0.0
0,SCN11A (11280)_damaging,0.161333388216128
0,TOPAZ1 (375337)_damaging,0.0
0,KIF15 (56992)_damaging,0.0
0,SETD2 (29072)_damaging,0.0
0,PTPN23 (25930)_damaging,0.8205799595057233
0,PLXNB1 (5364)_damaging,0.0
0,COL7A1 (1294)_damaging,0.0
0,CELSR3 (1951)_damaging,0.0
0,LAMB2 (3913)_damaging,0.39098014718123636
0,RHOA (387)_damaging,0.0
0,BSN (8927)_damaging,0.0
0,RBM6 (10180)_damaging,0.0
0,DOCK3 (1795)_damaging,0.0
0,DNAH1 (25981)_damaging,0.10580684574446113
0,BAP1 (8314)_damaging,0.06479112210930703
0,STAB1 (23166)_damaging,0.0
0,PBRM1 (55193)_damaging,0.0
0,CACNA1D (776)_damaging,0.0
0,TASOR (23272)_damaging,0.0
0,DNAH12 (201625)_damaging,0.0
0,FLNB (2317)_damaging,0.0
0,PTPRG (5793)_damaging,0.3041288467823566
0,ATXN7 (6314)_damaging,0.07114762269208642
0,ADAMTS9 (56999)_damaging,0.0
0,ROBO2 (6092)_damaging,0.0
0,ROBO1 (6091)_damaging,0.059101452631783416
0,EPHA3 (2042)_damaging,0.0
0,CRYBG3 (131544)_damaging,0.0
0,FILIP1L (11259)_damaging,0.0
0,ABI3BP (25890)_damaging,0.0
0,NFKBIZ (64332)_damaging,0.0
0,MYH15 (22989)_damaging,0.027891832014347324
0,DZIP3 (9666)_damaging,0.07637210550413073
0,MORC1 (27136)_damaging,0.0
0,ZBTB20 (26137)_damaging,0.2591890293214845
0,CFAP91 (89876)_damaging,0.013298948508387034
0,POLQ (10721)_damaging,0.0
0,GOLGB1 (2804)_damaging,0.0
0,MYLK (4638)_damaging,0.0
0,KALRN (8997)_damaging,0.6943018430596323
0,PLXNA1 (5361)_damaging,0.0
0,MBD4 (8930)_damaging,0.0
0,COL6A5 (256076)_damaging,0.0
0,DNAJC13 (23317)_damaging,0.0
0,TOPBP1 (11073)_damaging,0.059045315608068104
0,ATR (545)_damaging,0.0
0,MED12L (116931)_damaging,0.08035579260165007
0,IGSF10 (285313)_damaging,0.03307602767109815
0,ARHGEF26 (26084)_damaging,0.0
0,PLCH1 (23007)_damaging,0.0
0,SMC4 (10051)_damaging,0.0
0,SI (6476)_damaging,0.0
0,ZBBX (79740)_damaging,0.0
0,MECOM (2122)_damaging,0.0
0,SPATA16 (83893)_damaging,0.0
0,USP13 (8975)_damaging,0.0775978094514769
0,ATP13A5 (344905)_damaging,0.0
0,MUC4 (4585)_damaging,0.0
0,TNK2 (10188)_damaging,0.0
0,NSD2 (7468)_damaging,0.0
0,POLN (353497)_damaging,0.0
0,FAM193A (8603)_damaging,0.0
0,HTT (3064)_damaging,0.0
0,UNC93B7 (100887746)_damaging,0.041129097341842905
0,BOD1L1 (259282)_damaging,0.0
0,SLIT2 (9353)_damaging,0.007893563349330756
0,PCDH7 (5099)_damaging,0.022059009102496682
0,LIMCH1 (22998)_damaging,0.0
0,BEND4 (389206)_damaging,0.0
0,ATP8A1 (10396)_damaging,0.0
0,GABRG1 (2565)_damaging,0.0
0,CORIN (10699)_damaging,0.0
0,FRYL (285527)_damaging,0.04940848210582358
0,KDR (3791)_damaging,0.1790069123662936
0,CRACD (57482)_damaging,0.0
0,POLR2B (5431)_damaging,0.0
0,ADGRL3 (23284)_damaging,0.145507307684495
0,EPHA5 (2044)_damaging,0.0
0,CENPC (1060)_damaging,0.0
0,ADAMTS3 (9508)_damaging,0.0
0,SHROOM3 (57619)_damaging,0.0
0,FRAS1 (80144)_damaging,0.015539629262629494
0,WDFY3 (23001)_damaging,0.0
0,PTPN13 (5783)_damaging,0.10787123281780137
0,AFF1 (4299)_damaging,0.0
0,MMRN1 (22915)_damaging,0.008324925468227086
0,SMARCAD1 (56916)_damaging,0.0
0,UNC5C (8633)_damaging,0.0
0,CENPE (1062)_damaging,0.0
0,TET2 (54790)_damaging,0.3605268937420265
0,COL25A1 (84570)_damaging,0.0
0,ANK2 (287)_damaging,0.0
0,BLTP1 (84162)_damaging,0.0
0,FAT4 (79633)_damaging,0.0
0,PCDH10 (57575)_damaging,0.0
0,LRBA (987)_damaging,0.0
0,FBXW7 (55294)_damaging,0.09941193706381642
0,FHDC1 (85462)_damaging,0.0
0,DCHS2 (54798)_damaging,0.0
0,MAP9 (79884)_damaging,0.0
0,RXFP1 (59350)_damaging,0.03524223276121364
0,RAPGEF2 (9693)_damaging,0.13242857391136048
0,FSTL5 (56884)_damaging,0.0
0,DDX60 (55601)_damaging,0.0
0,WDR17 (116966)_damaging,0.0
0,TENM3 (55714)_damaging,0.0
0,FAT1 (2195)_damaging,0.06302764324998668
0,SDHA (6389)_damaging,0.10909586574687653
0,SLC12A7 (10723)_damaging,0.0
0,TERT (7015)_damaging,0.13377203865156997
0,ADAMTS16 (170690)_damaging,0.0
0,ICE1 (23379)_damaging,0.0
0,SEMA5A (9037)_damaging,0.0
0,DNAH5 (1767)_damaging,0.0
0,TRIO (7204)_damaging,0.0
0,MYO10 (4651)_damaging,0.0
0,CDH18 (1016)_damaging,0.0
0,CDH12 (1010)_damaging,0.0
0,PRDM9 (56979)_damaging,0.04487959791474442
0,CDH10 (1008)_damaging,0.0
0,CDH6 (1004)_damaging,0.09731858047984185
0,PDZD2 (23037)_damaging,0.0
0,ADAMTS12 (81792)_damaging,0.09658278921344075
0,SPEF2 (79925)_damaging,0.0032248890641743216
0,NIPBL (25836)_damaging,0.0
0,CPLANE1 (65250)_damaging,0.0
0,EGFLAM (133584)_damaging,0.0
0,CARD6 (84674)_damaging,0.05712504280565691
0,C7 (730)_damaging,0.0
0,MROH2B (133558)_damaging,0.0
0,C6 (729)_damaging,0.0
0,HCN1 (348980)_damaging,0.0
0,ADAMTS6 (11174)_damaging,0.0
0,PIK3R1 (5295)_damaging,0.2281074909678178
0,RAD17 (5884)_damaging,0.0
0,BDP1 (55814)_damaging,0.0
0,MAP1B (4131)_damaging,0.0
0,ARHGEF28 (64283)_damaging,0.0
0,ANKRD31 (256006)_damaging,0.04340658278489899
0,AP3B1 (8546)_damaging,0.0
0,CMYA5 (202333)_damaging,0.2504542634462775
0,MSH3 (4437)_damaging,0.08395869325491485
0,VCAN (1462)_damaging,0.08949586120026518
0,RASA1 (5921)_damaging,0.0
0,ADGRV1 (84059)_damaging,0.0
0,KIAA0825 (285600)_damaging,0.0
0,ARSK (153642)_damaging,0.0
0,CHD1 (1105)_damaging,0.0
0,SLCO6A1 (133482)_damaging,0.0
0,APC (324)_damaging,0.15187772472153582
0,DMXL1 (1657)_damaging,0.3807996095247083
0,ZNF608 (57507)_damaging,0.0
0,FBN2 (2201)_damaging,0.0
0,RAD50 (10111)_damaging,0.0
0,FSTL4 (23105)_damaging,0.0
0,PITX1 (5307)_damaging,0.6768194221521582
0,LINC02900 (340073)_damaging,0.1637920719794747
0,CTNNA1 (1495)_damaging,0.10272834883812296
0,WDR55 (54853)_damaging,0.4138023636091976
0,NR3C1 (2908)_damaging,0.0
0,TCERG1 (10915)_damaging,0.16200445565257574
0,FAT2 (2196)_damaging,0.0
0,GRIA1 (2890)_damaging,0.0
0,LARP1 (23367)_damaging,0.0
0,GABRA6 (2559)_damaging,0.0
0,GABRG2 (2566)_damaging,0.0
0,SLIT3 (6586)_damaging,0.0
0,DOCK2 (1794)_damaging,0.04003613084377114
0,NSD1 (64324)_damaging,0.0
0,ADAMTS2 (9509)_damaging,0.0
0,FLT4 (2324)_damaging,0.18298007579086825
0,DSP (1832)_damaging,0.08184022178947341
0,HIVEP1 (3096)_damaging,0.0
0,PHACTR1 (221692)_damaging,0.010276072325668665
0,JARID2 (3720)_damaging,0.0
0,ATXN1 (6310)_damaging,0.10407245716984256
0,GABBR1 (2550)_damaging,0.9345888982017371
0,HLA-A (3105)_damaging,0.06679322869921112
0,MDC1 (9656)_damaging,0.0
0,VARS2 (57176)_damaging,0.0
0,MUCL3 (135656)_damaging,0.0
0,HLA-C (3107)_damaging,0.06160471499381501
0,HLA-B (3106)_damaging,0.0
0,PRRC2A (7916)_damaging,0.0
0,BAG6 (7917)_damaging,0.1543335051479271
0,TNXB (7148)_damaging,0.1080965885216517
0,NOTCH4 (4855)_damaging,0.0
0,COL11A2 (1302)_damaging,0.057172601600271454
0,DAXX (1616)_damaging,0.0
0,DNAH8 (1769)_damaging,0.0
0,CCND3 (896)_damaging,0.6621409298869426
0,PEX6 (5190)_damaging,0.0
0,CUL9 (23113)_damaging,0.036747884413904496
0,ZNF318 (24149)_damaging,0.0
0,TDRD6 (221400)_damaging,0.0
0,MMUT (4594)_damaging,0.04384838843542062
0,PKHD1 (5314)_damaging,0.0
0,DST (667)_damaging,0.0
0,PHF3 (23469)_damaging,0.0
0,EYS (346007)_damaging,0.0
0,ADGRB3 (577)_damaging,0.0
0,COL19A1 (1310)_damaging,0.0
0,COL9A1 (1297)_damaging,0.004997436439680391
0,RIMS1 (22999)_damaging,0.0
0,COL12A1 (1303)_damaging,0.13551100475554748
0,TTK (7272)_damaging,0.04339035364343894
0,IBTK (25998)_damaging,0.0
0,CEP162 (22832)_damaging,0.0
0,SYNCRIP (10492)_damaging,0.0
0,ZNF292 (23036)_damaging,0.0
0,MDN1 (23195)_damaging,0.0
0,CASP8AP2 (9994)_damaging,0.0
0,EPHA7 (2045)_damaging,0.14667665014023964
0,MMS22L (253714)_damaging,0.0
0,PNISR (25957)_damaging,0.0
0,ASCC3 (10973)_damaging,0.0
0,AK9 (221264)_damaging,0.0
0,REV3L (5980)_damaging,0.0
0,LAMA4 (3910)_damaging,0.0
0,GPRC6A (222545)_damaging,0.0
0,ROS1 (6098)_damaging,0.0
0,TBC1D32 (221322)_damaging,0.0
0,TRDN (10345)_damaging,0.0
0,LAMA2 (3908)_damaging,0.0
0,AKAP7 (9465)_damaging,0.0
0,MED23 (9439)_damaging,0.007923136818806934
0,TNFAIP3 (7128)_damaging,0.018848213992812144
0,ARFGEF3 (57221)_damaging,0.20384381112340705
0,NHSL1 (57224)_damaging,0.08539929803689014
0,ECT2L (345930)_damaging,0.0
0,HECA (51696)_damaging,0.0
0,ADGRG6 (57211)_damaging,0.005622162242485608
0,HIVEP2 (3097)_damaging,0.0
0,UTRN (7402)_damaging,0.0
0,SHPRH (257218)_damaging,0.0
0,ADGB (79747)_damaging,0.0
0,SYNE1 (23345)_damaging,0.0
0,SCAF8 (22828)_damaging,0.013759309104552787
0,ARID1B (57492)_damaging,0.0
0,FNDC1 (84624)_damaging,0.0
0,IGF2R (3482)_damaging,0.0
0,LPA (4018)_damaging,0.05510811709334836
0,MAP3K4 (4216)_damaging,0.0
0,QKI (9444)_damaging,0.0875962568270245
0,AFDN (4301)_damaging,0.0
0,THBS2 (7058)_damaging,0.04059601709216943
0,INTS1 (26173)_damaging,0.0
0,CARD11 (84433)_damaging,0.0
0,SDK1 (221935)_damaging,0.0
0,TNRC18 (84629)_damaging,0.0
0,PMS2 (5395)_damaging,0.021255635374626942
0,ZNF316 (100131017)_damaging,0.0
0,COL28A1 (340267)_damaging,0.0
0,THSD7A (221981)_damaging,0.0
0,VWDE (221806)_damaging,0.0
0,AHR (196)_damaging,0.0
0,ABCB5 (340273)_damaging,0.8415770863227046
0,DNAH11 (8701)_damaging,0.11808760132712823
0,STK31 (56164)_damaging,0.005829561394882834
0,CDK13 (8621)_damaging,0.0
0,GLI3 (2737)_damaging,0.0
0,HECW1 (23072)_damaging,0.0
0,AEBP1 (165)_damaging,0.0
0,PKD1L1 (168507)_damaging,0.16862288167171655
0,ABCA13 (154664)_damaging,0.0
0,IKZF1 (10320)_damaging,0.0
0,EGFR (1956)_damaging,0.0
0,AUTS2 (26053)_damaging,0.0
0,MAGI2 (9863)_damaging,0.0
0,CD36 (948)_damaging,0.2865917999267233
0,PCLO (27445)_damaging,0.0
0,SEMA3E (9723)_damaging,0.1067175862865543
0,ABCB4 (5244)_damaging,0.0
0,ABCB1 (5243)_damaging,0.0020211320318836603
0,ADAM22 (53616)_damaging,0.0
0,ZNF804B (219578)_damaging,0.0
0,AKAP9 (10142)_damaging,0.0
0,ANKIB1 (54467)_damaging,0.0
0,SAMD9 (54809)_damaging,0.026381798631336245
0,SAMD9L (219285)_damaging,0.0
0,CALCR (799)_damaging,0.0
0,COL1A2 (1278)_damaging,0.02682458850561131
0,SLC25A13 (10165)_damaging,0.0
0,TRRAP (8295)_damaging,0.0
0,GPC2 (221914)_damaging,0.0
0,GIGYF1 (64599)_damaging,0.0
0,ZAN (7455)_damaging,0.5779956824337653
0,MUC17 (140453)_damaging,0.0
0,PLOD3 (8985)_damaging,0.0
0,CUX1 (1523)_damaging,0.0
0,FBXL13 (222235)_damaging,0.0
0,LRRC17 (10234)_damaging,0.023915254433257014
0,RELN (5649)_damaging,0.0
0,KMT2E (55904)_damaging,0.02581211666482483
0,PIK3CG (5294)_damaging,0.0
0,LAMB4 (22798)_damaging,0.0
0,PPP1R3A (5506)_damaging,0.15892045427704332
0,CFTR (1080)_damaging,0.0
0,CTTNBP2 (83992)_damaging,0.0
0,KCND2 (3751)_damaging,0.0
0,WNT16 (51384)_damaging,0.0
0,PTPRZ1 (5803)_damaging,0.0
0,CADPS2 (93664)_damaging,0.12080355203515182
0,IQUB (154865)_damaging,0.14773004546763605
0,POT1 (25913)_damaging,0.0
0,GRM8 (2918)_damaging,0.0
0,FLNC (2318)_damaging,0.0
0,KCP (375616)_damaging,0.049867860022990054
0,PLXNA4 (91584)_damaging,0.058955347161153984
0,LRGUK (136332)_damaging,0.0
0,NUP205 (23165)_damaging,0.0
0,DGKI (9162)_damaging,0.0
0,TRIM24 (8805)_damaging,0.03919069723478405
0,KIAA1549 (57670)_damaging,0.0
0,MGAM (8972)_damaging,0.0
0,MGAM2 (93432)_damaging,0.0
0,EPHB6 (2051)_damaging,0.0
0,KEL (3792)_damaging,0.0
0,NOBOX (135935)_damaging,0.0868568347880222
0,CNTNAP2 (26047)_damaging,0.0
0,KCNH2 (3757)_damaging,0.0
0,NOS3 (4846)_damaging,0.0
0,ATG9B (285973)_damaging,0.06764967165545413
0,KMT2C (58508)_damaging,0.0
0,DPP6 (1804)_damaging,0.018726454601748294
0,UBE3C (9690)_damaging,0.020323339443910154
0,PTPRN2 (5799)_damaging,0.0
0,CSMD1 (64478)_damaging,0.0
0,RP1L1 (94137)_damaging,0.0
0,TRMT9B (57604)_damaging,0.0
0,DLC1 (10395)_damaging,0.02125838926431051
0,PSD3 (23362)_damaging,0.0
0,XPO7 (23039)_damaging,0.0
0,DOCK5 (80005)_damaging,0.0
0,NUGGC (389643)_damaging,0.0
0,TEX15 (56154)_damaging,0.0
0,WRN (7486)_damaging,0.0
0,ADGRA2 (25960)_damaging,0.0
0,ADAM18 (8749)_damaging,0.4663356726670937
0,ANK1 (286)_damaging,0.09572173151486918
0,PRKDC (5591)_damaging,0.0
0,PXDNL (137902)_damaging,0.0
0,RB1CC1 (9821)_damaging,0.015814268973469357
0,RP1 (6101)_damaging,0.03832398042375846
0,CHD7 (55636)_damaging,0.0
0,ARFGEF1 (10565)_damaging,0.0
0,PREX2 (80243)_damaging,0.0
0,SULF1 (23213)_damaging,0.02296607560834821
0,TRPA1 (8989)_damaging,0.0
0,KCNB2 (9312)_damaging,0.0
0,ZFHX4 (79776)_damaging,0.0
0,WWP1 (11059)_damaging,0.14654647428310325
0,NBN (4683)_damaging,0.0
0,ESRP1 (54845)_damaging,0.4969680756389661
0,VPS13B (157680)_damaging,0.04405034045109834
0,RGS22 (26166)_damaging,0.0
0,UBR5 (51366)_damaging,0.0
0,RIMS2 (9699)_damaging,0.02620829861652106
0,ZFPM2 (23414)_damaging,0.0
0,PKHD1L1 (93035)_damaging,0.13367175591480365
0,CSMD3 (114788)_damaging,0.0
0,TRPS1 (7227)_damaging,0.0
0,COL14A1 (7373)_damaging,0.007964681070182111
0,FER1L6 (654463)_damaging,0.0
0,ASAP1 (50807)_damaging,0.0
0,EFR3A (23167)_damaging,0.09228501056956834
0,OC90 (729330)_damaging,0.0
0,KCNQ3 (3786)_damaging,0.0
0,PHF20L1 (51105)_damaging,0.6593608867248126
0,TG (7038)_damaging,0.0
0,FAM135B (51059)_damaging,0.11552060232044895
0,COL22A1 (169044)_damaging,0.0
0,ADGRB1 (575)_damaging,0.0
0,EPPK1 (83481)_damaging,0.0
0,PLEC (5339)_damaging,0.08477422587586665
0,CPSF1 (29894)_damaging,0.0
0,RECQL4 (9401)_damaging,0.0
0,DOCK8 (81704)_damaging,0.0
0,SMARCA2 (6595)_damaging,0.0108937253717074
0,PTPRD (5789)_damaging,0.0
0,FREM1 (158326)_damaging,0.0
0,CNTLN (54875)_damaging,0.0
0,DENND4C (55667)_damaging,0.0
0,CDKN2A (1029)_damaging,0.11864313286471237
0,TAF1L (138474)_damaging,0.0
0,SPATA31G1 (138724)_damaging,0.0
0,FANCG (2189)_damaging,0.018625731177362142
0,PIGO (84720)_damaging,0.009591562350469261
0,UNC13B (10497)_damaging,0.0
0,RUSC2 (9853)_damaging,0.0
0,SPAG8 (26206)_damaging,0.18851280585204552
0,TRPM6 (140803)_damaging,1.1088108050278567
0,PCSK5 (5125)_damaging,0.0
0,PRUNE2 (158471)_damaging,0.0
0,VPS13A (23230)_damaging,0.0
0,SPATA31D1 (389763)_damaging,0.0
0,KIF27 (55582)_damaging,0.69379435105752
0,SLC28A3 (64078)_damaging,0.01687190847659825
0,SECISBP2 (79048)_damaging,0.0
0,ROR2 (4920)_damaging,0.0
0,NOL8 (55035)_damaging,0.0
0,WNK2 (65268)_damaging,0.0
0,PTCH1 (5727)_damaging,0.0
0,GRIN3A (116443)_damaging,0.056419416841691966
0,SMC2 (10592)_damaging,0.18858675892026425
0,ZNF462 (58499)_damaging,0.0
0,ELP1 (8518)_damaging,0.5391048772838436
0,TMEM245 (23731)_damaging,0.06494695975452741
0,PALM2AKAP2 (445815)_damaging,0.0
0,SVEP1 (79987)_damaging,0.0
0,COL27A1 (85301)_damaging,0.25448851622050594
0,C5 (727)_damaging,0.0
0,CNTRL (11064)_damaging,0.0
0,DENND1A (57706)_damaging,0.0
0,GAPVD1 (26130)_damaging,0.08959483266307404
0,GOLGA2 (2801)_damaging,0.0
0,SPTAN1 (6709)_damaging,0.09043676735199481
0,HMCN2 (256158)_damaging,0.0
0,FUBP3 (8939)_damaging,0.0
0,NUP214 (8021)_damaging,0.0
0,PRRC2B (84726)_damaging,0.0
0,UCK1 (83549)_damaging,0.0
0,SETX (23064)_damaging,0.0013777625395931165
0,TSC1 (7248)_damaging,0.22235959945327052
0,ADAMTS13 (11093)_damaging,0.03620523085457256
0,ADAMTSL2 (9719)_damaging,0.0
0,SARDH (1757)_damaging,0.0
0,BRD3 (8019)_damaging,0.0
0,WDR5 (11091)_damaging,0.0
0,COL5A1 (1289)_damaging,0.05674604391449393
0,SEC16A (9919)_damaging,0.0
0,NOTCH1 (4851)_damaging,0.0
0,EXD3 (54932)_damaging,0.0
0,MXRA5 (25878)_damaging,0.0
0,WWC3 (55841)_damaging,0.0
0,FRMPD4 (9758)_damaging,0.0
0,NHS (4810)_damaging,0.0
0,MAP3K15 (389840)_damaging,0.10512099341978486
0,DMD (1756)_damaging,0.0
0,CFAP47 (286464)_damaging,0.0
0,BCOR (54880)_damaging,0.3661025408710024
0,USP9X (8239)_damaging,0.9376841558117383
0,DDX3X (1654)_damaging,0.25617899021278095
0,KDM6A (7403)_damaging,0.0
0,RBM10 (8241)_damaging,0.05591490969815609
0,CCNB3 (85417)_damaging,0.8563508984226627
0,IQSEC2 (23096)_damaging,0.0
0,HUWE1 (10075)_damaging,0.0
0,AMER1 (139285)_damaging,0.0
0,ZC3H12B (340554)_damaging,0.0
0,OPHN1 (4983)_damaging,0.0
0,KIF4A (24137)_damaging,0.0
0,MED12 (9968)_damaging,0.09934853615343758
0,ZMYM3 (9203)_damaging,0.0
0,NEXMIF (340533)_damaging,0.0
0,ATRX (546)_damaging,0.0
0,BRWD3 (254065)_damaging,0.2814550957580269
0,ZNF711 (7552)_damaging,0.0
0,DIAPH2 (1730)_damaging,0.02089135505933945
0,RAB40A (142684)_damaging,0.04426209906645191
0,NRK (203447)_damaging,0.0
0,MORC4 (79710)_damaging,0.0
0,COL4A6 (1288)_damaging,0.0
0,STAG2 (10735)_damaging,0.052445823801611106
0,TENM1 (10178)_damaging,0.0
0,SMARCA1 (6594)_damaging,0.0
0,BCORL1 (63035)_damaging,0.046345364010323
0,USP26 (83844)_damaging,0.0
0,MAP7D3 (79649)_damaging,0.0
0,ADGRG4 (139378)_damaging,0.03510289477319568
0,MAGEC1 (9947)_damaging,0.0
0,SPANXN4 (441525)_damaging,0.0
0,SLITRK4 (139065)_damaging,0.0
0,SLITRK2 (84631)_damaging,0.0
0,FMR1 (2332)_damaging,0.0
0,AFF2 (2334)_damaging,0.021670265316588545
0,PLXNA3 (55558)_damaging,0.05017751525325632
0,F8 (2157)_damaging,0.02402395238008094
0,MT-ND4 (4538)_damaging,0.0
0,MT-ND5 (4540)_damaging,0.0
1,MTOR (2475)_hotspot,0.2301594696557707
1,NRAS (4893)_hotspot,1.1085393998985469
1,PTEN (5728)_hotspot,0.1295358707808765
1,HRAS (3265)_hotspot,0.0
1,ATM (472)_hotspot,0.0
1,KRAS (3845)_hotspot,1.3192987685886473
1,RB1 (5925)_hotspot,0.23565003031903667
1,CREBBP (1387)_hotspot,0.0
1,TP53 (7157)_hotspot,1.1833856365880207
1,NF1 (4763)_hotspot,0.0
1,ERBB2 (2064)_hotspot,0.014095085616746184
1,SMAD4 (4089)_hotspot,0.13211907031038747
1,STK11 (6794)_hotspot,0.0
1,SMARCA4 (6597)_hotspot,0.0
1,C2orf81 (388963)_hotspot,0.1602578760425862
1,NFE2L2 (4780)_hotspot,0.0
1,VHL (7428)_hotspot,0.0
1,CTNNB1 (1499)_hotspot,0.02409447969561243
1,RHOA (387)_hotspot,0.5122886099746469
1,PIK3CA (5290)_hotspot,0.044289061919804834
1,FBXW7 (55294)_hotspot,0.0
1,TERT (7015)_hotspot,0.6395063158728861
1,PIK3R1 (5295)_hotspot,0.03559247640148521
1,APC (324)_hotspot,0.0
1,CCND3 (896)_hotspot,0.23663792731227581
1,RAC1 (5879)_hotspot,0.011895815409577903
1,EGFR (1956)_hotspot,0.0
1,BRAF (673)_hotspot,1.8085972978697196
1,EZH2 (2146)_hotspot,0.08608698412580167
1,CDKN2A (1029)_hotspot,0.5399985056392661
1,AGRN (375790)_damaging,0.3683111879443367
1,MXRA8 (54587)_damaging,0.05537696822288696
1,CFAP74 (85452)_damaging,0.0
1,MEGF6 (1953)_damaging,0.0
1,CHD5 (26038)_damaging,0.011833536425661836
1,RPL22 (6146)_damaging,0.4563775180244759
1,CAMTA1 (23261)_damaging,0.07366799056426378
1,ERRFI1 (54206)_damaging,0.031137788742348793
1,SLC45A1 (50651)_damaging,0.15006651475610785
1,RERE (473)_damaging,0.0
1,EXOSC10 (5394)_damaging,0.0
1,VPS13D (55187)_damaging,0.010100836781744654
1,SPEN (23013)_damaging,0.0
1,EPHA2 (1969)_damaging,0.0
1,UBR4 (23352)_damaging,0.0
1,VWA5B1 (127731)_damaging,0.027827288401429534
1,HSPG2 (3339)_damaging,0.487424261447625
1,LUZP1 (7798)_damaging,0.07555186520453444
1,ID3 (3399)_damaging,2.3891682148314763
1,ELOA (6924)_damaging,0.02382112831201454
1,ARID1A (8289)_damaging,0.9762572536899726
1,WDTC1 (23038)_damaging,0.003265234206485107
1,AHDC1 (27245)_damaging,0.006038097834021258
1,COL16A1 (1307)_damaging,0.0
1,CSMD2 (114784)_damaging,0.5068334826602371
1,ZMYM6 (9204)_damaging,0.004471247350080777
1,ZMYM1 (79830)_damaging,0.0
1,ZMYM4 (9202)_damaging,0.0
1,CLSPN (63967)_damaging,0.03935847125823507
1,AGO1 (26523)_damaging,0.0
1,MAP7D1 (55700)_damaging,0.0
1,MACF1 (23499)_damaging,0.18215451334232488
1,HIVEP3 (59269)_damaging,0.0
1,TIE1 (7075)_damaging,0.0
1,SZT2 (23334)_damaging,0.08164999462293825
1,MUTYH (4595)_damaging,0.0
1,MAST2 (23139)_damaging,0.0026908986139769033
1,PIK3R3 (8503)_damaging,0.0
1,FAAH (2166)_damaging,0.024495045163549552
1,TAL1 (6886)_damaging,0.0801453604713462
1,TUT4 (23318)_damaging,0.0
1,FYB2 (199920)_damaging,0.0
1,NFIA (4774)_damaging,0.0
1,PATJ (10207)_damaging,0.0
1,DOCK7 (85440)_damaging,0.0
1,JAK1 (3716)_damaging,0.0
1,LEPR (3953)_damaging,0.0
1,LRRC7 (57554)_damaging,0.0
1,TNNI3K (51086)_damaging,0.004049943032202445
1,ERICH3 (127254)_damaging,0.7186205974951808
1,SLC44A5 (204962)_damaging,0.0
1,ADGRL4 (64123)_damaging,0.36589344135243274
1,ADGRL2 (23266)_damaging,0.0
1,COL24A1 (255631)_damaging,0.015205366821692773
1,HFM1 (164045)_damaging,0.0
1,BTBD8 (284697)_damaging,0.0
1,RPL5 (6125)_damaging,0.3205933029069742
1,FRRS1 (391059)_damaging,0.0
1,COL11A1 (1301)_damaging,0.003837636775913457
1,EPS8L3 (79574)_damaging,0.0
1,CEPT1 (10390)_damaging,0.0
1,DENND2C (163259)_damaging,0.0
1,SYCP1 (6847)_damaging,0.0
1,CD58 (965)_damaging,0.0301731000785991
1,TTF2 (8458)_damaging,0.13203057266313759
1,SPAG17 (200162)_damaging,0.027236107147437953
1,NOTCH2 (4853)_damaging,0.00442096297956041
1,BCL9 (607)_damaging,0.07564243917776181
1,ADAMTSL4 (54507)_damaging,0.007004206858886399
1,SETDB1 (9869)_damaging,0.0
1,ZNF687 (57592)_damaging,0.028125938951861478
1,FLG (2312)_damaging,0.0
1,CCDST (112268240)_damaging,0.0
1,FLG2 (388698)_damaging,0.0
1,DENND4B (9909)_damaging,0.0
1,UBAP2L (9898)_damaging,0.007006082470480114
1,SHC1 (6464)_damaging,0.0
1,ASH1L (55870)_damaging,0.06141428679190802
1,GON4L (54856)_damaging,0.0
1,IQGAP3 (128239)_damaging,0.0
1,NES (10763)_damaging,0.0
1,INSRR (3645)_damaging,0.0
1,FCRL5 (83416)_damaging,0.06525028679953206
1,SPTA1 (6708)_damaging,0.4920377091469953
1,ARHGAP30 (257106)_damaging,0.03507142005440276
1,ADCY10 (55811)_damaging,0.08129079567145917
1,GPR161 (23432)_damaging,0.0
1,F5 (2153)_damaging,0.0
1,TNR (7143)_damaging,0.007555829081232769
1,PAPPA2 (60676)_damaging,0.007989213261775829
1,ABL2 (27)_damaging,0.27971192840171494
1,AXDND1 (126859)_damaging,0.0
1,TDRD5 (163589)_damaging,0.01044857529301444
1,CEP350 (9857)_damaging,0.0538557554300124
1,CACNA1E (777)_damaging,0.3397640589691693
1,RGL1 (23179)_damaging,0.025051784304977755
1,HMCN1 (83872)_damaging,0.0
1,TPR (7175)_damaging,0.0
1,BRINP3 (339479)_damaging,0.032348801098969364
1,KCNT2 (343450)_damaging,0.0013448314794428297
1,CFH (3075)_damaging,0.0
1,ASPM (259266)_damaging,0.07375764315354609
1,CRB1 (23418)_damaging,0.0
1,PTPRC (5788)_damaging,0.14370633706000696
1,CAMSAP2 (23271)_damaging,0.10301281276817131
1,CACNA1S (779)_damaging,0.26056760802118983
1,IGFN1 (91156)_damaging,0.2081921647651757
1,NAV1 (89796)_damaging,0.0
1,ELF3 (1999)_damaging,0.2495081890199121
1,KDM5B (10765)_damaging,0.02128472126547138
1,PLEKHA6 (22874)_damaging,0.015482773397785825
1,PIK3C2B (5287)_damaging,0.0
1,NFASC (23114)_damaging,0.0
1,CR2 (1380)_damaging,0.0
1,CR1 (1378)_damaging,0.054634547912599626
1,PLXNA2 (5362)_damaging,0.0
1,PROX1 (5629)_damaging,0.018168501753327206
1,PTPN14 (5784)_damaging,0.0
1,CENPF (1063)_damaging,0.010460781837464886
1,USH2A (7399)_damaging,0.11303629353097536
1,DNAH14 (127602)_damaging,0.012804505424459744
1,CDC42BPA (8476)_damaging,0.0
1,OBSCN (84033)_damaging,0.0
1,H3-4 (8290)_damaging,0.023493423680011342
1,SIPA1L2 (57568)_damaging,0.0838490134136236
1,PCNX2 (80003)_damaging,0.024225280053946106
1,TARBP1 (6894)_damaging,0.01923611049766422
1,ARID4B (51742)_damaging,0.0
1,LYST (1130)_damaging,0.0
1,HEATR1 (55127)_damaging,0.0
1,RYR2 (6262)_damaging,0.06286411367966373
1,CHRM3 (1131)_damaging,0.0
1,FMN2 (56776)_damaging,0.09194807242868099
1,RGS7 (6000)_damaging,0.06846039654972876
1,WDR64 (128025)_damaging,0.007755317201958133
1,KIF26B (55083)_damaging,0.0
1,AHCTF1 (25909)_damaging,0.006955314074106884
1,NLRP3 (114548)_damaging,0.0
1,LARP4B (23185)_damaging,0.01308479536052636
1,TASOR2 (54906)_damaging,0.09059270797875331
1,TAF3 (83860)_damaging,0.022300174718414622
1,FRMD4A (55691)_damaging,0.03179221465593791
1,ITGA8 (8516)_damaging,0.0
1,CUBN (8029)_damaging,0.1803677140835154
1,MRC1 (4360)_damaging,0.004875182638688994
1,MALRD1 (340895)_damaging,0.0066074628301147345
1,PLXDC2 (84898)_damaging,0.00842635470525914
1,SPAG6 (9576)_damaging,0.0
1,ARMC3 (219681)_damaging,0.0
1,GPR158 (57512)_damaging,0.00615164993142009
1,MYO3A (53904)_damaging,0.0
1,ANKRD26 (22852)_damaging,0.03351415199655188
1,ODAD2 (55130)_damaging,0.0
1,SVIL (6840)_damaging,0.043576275642996695
1,JCAD (57608)_damaging,0.0
1,KIF5B (3799)_damaging,0.11540018532333222
1,CCDC7 (79741)_damaging,0.0
1,PARD3 (56288)_damaging,0.024879502029108987
1,ANKRD30A (91074)_damaging,0.007782834390608227
1,RSU1P2 (100133308)_damaging,0.006084718382054567
1,WDFY4 (57705)_damaging,0.010904810522531602
1,C10orf71 (118461)_damaging,0.004745363717588038
1,PCDH15 (65217)_damaging,0.8195757678645527
1,ANK3 (288)_damaging,0.0
1,ARID5B (84159)_damaging,0.03734759342220812
1,EGR2 (1959)_damaging,0.0
1,JMJD1C (221037)_damaging,0.0
1,MYPN (84665)_damaging,0.0376382756535805
1,CDH23 (64072)_damaging,0.0
1,SYNPO2L (79933)_damaging,0.0
1,ZMIZ1 (57178)_damaging,0.0
1,NRG3 (10718)_damaging,0.3454849336471314
1,WAPL (23063)_damaging,0.030641765792521623
1,PTEN (5728)_damaging,0.78206028429923
1,STAMBPL1 (57559)_damaging,0.015537405505818131
1,SLC16A12 (387700)_damaging,0.010342515618508021
1,KIF20B (9585)_damaging,0.0
1,BTAF1 (9044)_damaging,0.0
1,MYOF (26509)_damaging,0.0
1,PLCE1 (51196)_damaging,0.0
1,CC2D2B (387707)_damaging,0.08033756953768295
1,ZNF518A (9849)_damaging,0.0
1,LCOR (84458)_damaging,0.046038832681526504
1,SLIT1 (6585)_damaging,0.022640659471344332
1,LOXL4 (84171)_damaging,0.007100015218012614
1,SLF2 (55719)_damaging,0.03929791965311512
1,PPRC1 (23082)_damaging,0.12603822760415614
1,PSD (5662)_damaging,0.0
1,CNNM2 (54805)_damaging,0.014357798475885197
1,SLK (9748)_damaging,0.0
1,SORCS3 (22986)_damaging,0.015050284118366123
1,SORCS1 (114815)_damaging,0.009667735066734375
1,SMC3 (9126)_damaging,0.31525229645523584
1,TCF7L2 (6934)_damaging,0.0
1,ATRNL1 (26033)_damaging,0.0
1,PDZD8 (118987)_damaging,0.022289644329053202
1,TACC2 (10579)_damaging,0.03114210891273646
1,DMBT1 (1755)_damaging,0.0
1,DOCK1 (1793)_damaging,0.010506422691393513
1,MKI67 (4288)_damaging,0.07638014811977141
1,JAKMIP3 (282973)_damaging,0.0
1,CFAP46 (54777)_damaging,0.0
1,B4GALNT4 (338707)_damaging,0.00552499731107438
1,PKP3 (11187)_damaging,0.02144392361070052
1,PHRF1 (57661)_damaging,0.13062220220522913
1,MUC5AC (4586)_damaging,0.048374442125712395
1,MUC5B (727897)_damaging,0.021585863010317726
1,BRSK2 (9024)_damaging,0.0
1,KCNQ1 (3784)_damaging,0.0
1,NUP98 (4928)_damaging,0.016348557532816745
1,DNHD1 (144132)_damaging,0.11089050292320017
1,DCHS1 (8642)_damaging,0.0035039350237141237
1,SBF2 (81846)_damaging,0.028534178354054928
1,PLEKHA7 (144100)_damaging,0.019702154888779036
1,PIK3C2A (5286)_damaging,0.003570919876899405
1,ABCC8 (6833)_damaging,0.04066349721111249
1,USH1C (10083)_damaging,0.0052758224368615395
1,OTOG (340990)_damaging,0.0
1,NAV2 (89797)_damaging,0.0
1,DCDC1 (341019)_damaging,0.012308481478175596
1,CCDC73 (493860)_damaging,0.0
1,QSER1 (79832)_damaging,0.0
1,PHF21A (51317)_damaging,0.0
1,LRP4 (4038)_damaging,0.013128867269653606
1,AGBL2 (79841)_damaging,0.0
1,FOLH1 (2346)_damaging,0.01764189206703214
1,CTNND1 (1500)_damaging,0.0
1,MYRF (745)_damaging,0.015096704913092762
1,AHNAK (79026)_damaging,0.0
1,SLC3A2 (6520)_damaging,0.07923594164679018
1,PLCB3 (5331)_damaging,0.0
1,NRXN2 (9379)_damaging,0.02042506619759576
1,ATG2A (23130)_damaging,0.0021149963469159435
1,PCNX3 (399909)_damaging,0.02696622017722996
1,RIN1 (9610)_damaging,0.0
1,SHANK2 (22941)_damaging,0.04175980419069636
1,INPPL1 (3636)_damaging,0.0
1,ARHGEF17 (9828)_damaging,0.0
1,C2CD3 (26005)_damaging,0.0
1,MYO7A (4647)_damaging,0.13660026036692674
1,RSF1 (51773)_damaging,0.0
1,GAB2 (9846)_damaging,0.06541112975141802
1,TENM4 (26011)_damaging,0.103307525536967
1,PCF11 (51585)_damaging,0.0
1,DLG2 (1740)_damaging,0.040881674507904996
1,SYTL2 (54843)_damaging,0.0
1,FAT3 (120114)_damaging,0.0
1,DEUP1 (159989)_damaging,0.16212010458076004
1,MRE11 (4361)_damaging,0.0
1,CNTN5 (53942)_damaging,0.0049445140048115024
1,CEP126 (57562)_damaging,0.014113215801239988
1,MMP3 (4314)_damaging,0.023227459902830157
1,DYNC2H1 (79659)_damaging,0.041511836923726564
1,NPAT (4863)_damaging,0.0
1,ATM (472)_damaging,0.12473446473246132
1,EXPH5 (23086)_damaging,0.007221855188718897
1,ARHGAP20 (57569)_damaging,0.0
1,NKAPD1 (55216)_damaging,0.0
1,NCAM1 (4684)_damaging,0.0
1,USP28 (57646)_damaging,0.0
1,DSCAML1 (57453)_damaging,0.0
1,KMT2A (4297)_damaging,0.0941157614837285
1,BCL9L (283149)_damaging,0.20295982044140942
1,HYOU1 (10525)_damaging,0.0359295221973702
1,MFRP (83552)_damaging,0.0
1,ARHGEF12 (23365)_damaging,0.00020821746784343905
1,TECTA (7007)_damaging,0.016595519844133443
1,SORL1 (6653)_damaging,0.0
1,GRAMD1B (57476)_damaging,0.021972708288144703
1,ROBO3 (64221)_damaging,0.02935047360285809
1,CCDC15 (80071)_damaging,0.0
1,CDON (50937)_damaging,0.0
1,NFRKB (4798)_damaging,0.0
1,IGSF9B (22997)_damaging,0.006796106611243487
1,GLB1L2 (89944)_damaging,0.02869394428914719
1,LINC02714 (729305)_damaging,0.01181197112648111
1,KDM5A (5927)_damaging,0.009060619036668714
1,CACNA1C (775)_damaging,0.0
1,VWF (7450)_damaging,0.0
1,PLEKHG6 (55200)_damaging,0.004786728724554156
1,CHD4 (1108)_damaging,0.2939735675150616
1,ATN1 (1822)_damaging,0.006998991277279416
1,A2M (2)_damaging,0.0
1,GRIN2B (2904)_damaging,0.0242033009976267
1,ATF7IP (55729)_damaging,0.01915118121982196
1,GUCY2C (2984)_damaging,0.0
1,EPS8 (2059)_damaging,0.0
1,PLEKHA5 (54477)_damaging,0.0
1,RECQL (5965)_damaging,0.0
1,ABCC9 (10060)_damaging,0.0
1,ITPR2 (3709)_damaging,0.0
1,OVCH1 (341350)_damaging,0.0
1,KIF21A (55605)_damaging,0.020883815521838704
1,LRRK2 (120892)_damaging,0.0
1,MUC19 (283463)_damaging,0.5554197165189368
1,CNTN1 (1272)_damaging,0.008108521322446894
1,PDZRN4 (29951)_damaging,0.017631833525715714
1,ADAMTS20 (80070)_damaging,0.0
1,ARID2 (196528)_damaging,0.013991518553694505
1,COL2A1 (1280)_damaging,0.0
1,WNT1 (7471)_damaging,0.0
1,KMT2D (8085)_damaging,0.11347332701680216
1,PRPF40B (25766)_damaging,0.0
1,NCKAP5L (57701)_damaging,0.022676441752257893
1,DIP2B (57609)_damaging,0.004735983976977334
1,MAP3K12 (7786)_damaging,0.4308948762570576
1,STAT2 (6773)_damaging,0.025056909936191897
1,NACA (4666)_damaging,0.0
1,MYO1A (4640)_damaging,0.1417817712869906
1,STAT6 (6778)_damaging,0.0
1,LRP1 (4035)_damaging,0.0
1,R3HDM2 (22864)_damaging,0.023582891294292006
1,GLI1 (2735)_damaging,0.0
1,MBD6 (114785)_damaging,0.0
1,XPOT (11260)_damaging,0.0
1,PTPRB (5787)_damaging,0.33381465359220047
1,ZFC3H1 (196441)_damaging,0.0
1,E2F7 (144455)_damaging,0.08358151575827888
1,NAV3 (89795)_damaging,0.0
1,OTOGL (283310)_damaging,0.0
1,PTPRQ (374462)_damaging,0.02581030159717863
1,PPFIA2 (8499)_damaging,0.0
1,LRRIQ1 (84125)_damaging,0.0
1,CEP290 (80184)_damaging,0.01900687640416134
1,PLXNC1 (10154)_damaging,0.0
1,CFAP54 (144535)_damaging,0.007308185050620372
1,ANKS1B (56899)_damaging,0.0
1,BLTP3B (23074)_damaging,0.0
1,UTP20 (27340)_damaging,0.12512695812755173
1,STAB2 (55576)_damaging,0.0
1,HCFC2 (29915)_damaging,0.0
1,ALDH1L2 (160428)_damaging,0.005267057580535231
1,ACACB (32)_damaging,0.0
1,CUX2 (23316)_damaging,0.04083726490521878
1,NAA25 (80018)_damaging,0.0
1,HECTD4 (283450)_damaging,0.0
1,DTX1 (1840)_damaging,0.0
1,NOS1 (4842)_damaging,0.0
1,KSR2 (283455)_damaging,0.007766324847272493
1,CIT (11113)_damaging,0.0
1,HNF1A (6927)_damaging,0.01800587972114698
1,KDM2B (84678)_damaging,0.0
1,SETD1B (23067)_damaging,0.0
1,CFAP251 (144406)_damaging,0.0
1,KNTC1 (9735)_damaging,0.0
1,SBNO1 (55206)_damaging,0.022582088528580166
1,DNAH10 (196385)_damaging,0.2168201559354267
1,NCOR2 (9612)_damaging,0.0
1,TMEM132D (121256)_damaging,0.0
1,RIMBP2 (23504)_damaging,0.3167751785555142
1,EP400 (57634)_damaging,0.0
1,POLE (5426)_damaging,0.006210642315443065
1,SACS (26278)_damaging,0.0
1,RNF17 (56163)_damaging,0.08433544026529055
1,CENPJ (55835)_damaging,0.0
1,ATP8A2 (51761)_damaging,0.034019928113529246
1,PAN3 (255967)_damaging,0.009824252072489945
1,FRY (10129)_damaging,0.3639225312741285
1,BRCA2 (675)_damaging,0.02912267903923153
1,PDS5B (23047)_damaging,1.1049679523251617
1,NBEA (26960)_damaging,0.0
1,POSTN (10631)_damaging,0.00844345220881171
1,TRPC4 (7223)_damaging,0.012901832398735937
1,FREM2 (341640)_damaging,0.016615892384464342
1,DGKH (160851)_damaging,0.6638653415764766
1,ZC3H13 (23091)_damaging,0.0
1,RB1 (5925)_damaging,1.127416664328347
1,PCDH17 (27253)_damaging,0.3968954004074094
1,DIAPH3 (81624)_damaging,0.05364724825573186
1,KLHL1 (57626)_damaging,0.0
1,DIS3 (22894)_damaging,0.012340658805909989
1,MYCBP2 (23077)_damaging,0.0
1,SLITRK5 (26050)_damaging,0.0
1,UGGT2 (55757)_damaging,0.018089824381461214
1,DOCK9 (23348)_damaging,0.0
1,NALCN (259232)_damaging,0.0
1,CCDC168 (643677)_damaging,0.07614125169289493
1,MYO16 (23026)_damaging,0.06361615140448654
1,COL4A1 (1282)_damaging,0.0
1,COL4A2 (1284)_damaging,0.0
1,TEP1 (7011)_damaging,0.08890365628535622
1,ARHGEF40 (55701)_damaging,0.0
1,CHD8 (57680)_damaging,0.0388090127724814
1,AJUBA (84962)_damaging,0.28778485296825934
1,ACIN1 (22985)_damaging,0.0
1,MYH7 (4625)_damaging,0.0
1,NYNRIN (57523)_damaging,0.0
1,ARHGAP5 (394)_damaging,0.04916198565788037
1,AKAP6 (9472)_damaging,0.0
1,NPAS3 (64067)_damaging,0.0
1,RALGAPA1 (253959)_damaging,0.003228474817228996
1,TTC6 (319089)_damaging,0.0
1,MIA2 (4253)_damaging,0.04057284096327017
1,TOGARAM1 (23116)_damaging,0.0
1,FANCM (57697)_damaging,0.023063746401684366
1,MDGA2 (161357)_damaging,0.0
1,NIN (51199)_damaging,0.005562044576794399
1,NID2 (22795)_damaging,0.24211591343435332
1,KTN1 (3895)_damaging,0.0
1,ARID4A (5926)_damaging,0.0
1,HIF1A (3091)_damaging,0.026890465997060166
1,KCNH5 (27133)_damaging,0.006266437322152587
1,SYNE2 (23224)_damaging,0.42892275141832087
1,PCNX1 (22990)_damaging,0.0
1,SIPA1L1 (26037)_damaging,0.019526617116919515
1,MIDEAS (91748)_damaging,0.0
1,YLPM1 (56252)_damaging,0.0
1,MLH3 (27030)_damaging,0.009091571804974429
1,NRXN3 (9369)_damaging,0.0
1,GALC (2581)_damaging,0.018009181950528398
1,PTPN21 (11099)_damaging,0.0
1,ZC3H14 (79882)_damaging,0.0
1,EML5 (161436)_damaging,0.01195785412704339
1,FOXN3 (1112)_damaging,0.0
1,CCDC88C (440193)_damaging,0.0
1,TRIP11 (9321)_damaging,0.08759816090352375
1,UNC79 (57578)_damaging,0.14279269504405004
1,ATG2B (55102)_damaging,0.0
1,RTL1 (388015)_damaging,0.007305394530601949
1,DYNC1H1 (1778)_damaging,0.009623551869768375
1,KIF26A (26153)_damaging,0.07492235954731195
1,INF2 (64423)_damaging,0.008047157227088885
1,CEP170B (283638)_damaging,0.03566601715541137
1,AHNAK2 (113146)_damaging,0.0
1,SNHG14 (104472715)_damaging,0.030666213026095682
1,ATP10A (57194)_damaging,0.0
1,HERC2 (8924)_damaging,0.015232087489482647
1,TRPM1 (4308)_damaging,0.007805924516703726
1,FMN1 (342184)_damaging,0.0
1,RYR3 (6263)_damaging,0.0
1,CCDC9B (388115)_damaging,0.0
1,KNL1 (57082)_damaging,0.0
1,INO80 (54617)_damaging,0.021472959702340585
1,LTK (4058)_damaging,0.022057152260743697
1,TYRO3 (7301)_damaging,0.24902743698128266
1,MGA (23269)_damaging,0.0
1,SPTBN5 (51332)_damaging,0.0235151053152892
1,ZNF106 (64397)_damaging,0.09148570485116708
1,STARD9 (57519)_damaging,0.02894400132012317
1,UBR1 (197131)_damaging,0.0
1,TP53BP1 (7158)_damaging,0.0
1,MAP1A (4130)_damaging,0.13450962781655929
1,SPG11 (80208)_damaging,0.0
1,B2M (567)_damaging,0.06784461032672395
1,DUOX2 (50506)_damaging,0.0
1,FBN1 (2200)_damaging,0.0
1,CEP152 (22995)_damaging,0.33803623471116767
1,USP8 (9101)_damaging,0.0016220961506069316
1,AP4E1 (23431)_damaging,0.005925810230155693
1,DMXL2 (23312)_damaging,0.0023359816049492786
1,MYO5C (55930)_damaging,0.016712029808300586
1,UNC13C (440279)_damaging,0.3351469302934081
1,RFX7 (64864)_damaging,0.0
1,RNF111 (54778)_damaging,0.029572920768011747
1,ICE2 (79664)_damaging,0.0
1,VPS13C (54832)_damaging,0.011424827335085652
1,TLN2 (83660)_damaging,0.0
1,HERC1 (8925)_damaging,0.0
1,ZNF609 (23060)_damaging,0.0
1,NOX5 (79400)_damaging,0.0
1,MYO9A (4649)_damaging,0.0
1,HCN4 (10021)_damaging,0.0
1,SIN3A (25942)_damaging,0.6060359488387453
1,PEAK1 (79834)_damaging,0.03419679412304219
1,ADAMTSL3 (57188)_damaging,0.002074792360950947
1,AKAP13 (11214)_damaging,0.3326379265173242
1,AGBL1 (123624)_damaging,0.005522538006940199
1,NTRK3 (4916)_damaging,0.1473297932401521
1,TICRR (90381)_damaging,0.0
1,KIF7 (374654)_damaging,0.19591159991453475
1,IQGAP1 (8826)_damaging,0.029823685717812437
1,BLM (641)_damaging,0.0
1,FES (2242)_damaging,0.0
1,CHD2 (1106)_damaging,0.0
1,LRRK1 (79705)_damaging,0.09108301164319892
1,AXIN1 (8312)_damaging,0.13355951830169088
1,WDR90 (197335)_damaging,0.0
1,CACNA1H (8912)_damaging,0.0
1,UNKL (64718)_damaging,0.0
1,CRAMP1 (57585)_damaging,0.013878682411113888
1,TSC2 (7249)_damaging,0.017183050162299915
1,PKD1 (5310)_damaging,0.08410954040635298
1,CASKIN1 (57524)_damaging,0.030120577596896125
1,SLX4 (84464)_damaging,0.01590885739367212
1,CREBBP (1387)_damaging,1.164516049798413
1,GRIN2A (2903)_damaging,0.0
1,SMG1 (23049)_damaging,0.016017255694831152
1,KNOP1 (400506)_damaging,0.19292466450604018
1,DNAH3 (55567)_damaging,0.0
1,PALB2 (79728)_damaging,0.0
1,RBBP6 (5930)_damaging,0.0
1,TNRC6A (27327)_damaging,0.024468177409134626
1,GTF3C1 (2975)_damaging,0.0
1,ATXN2L (11273)_damaging,0.0
1,FBRS (64319)_damaging,0.0
1,SRCAP (10847)_damaging,0.05819215133489846
1,SETD1A (9739)_damaging,0.017497865843490883
1,ITGAD (3681)_damaging,0.005742140055934277
1,SALL1 (6299)_damaging,0.0
1,CHD9 (80205)_damaging,0.0
1,RBL2 (5934)_damaging,0.0
1,NLRC5 (84166)_damaging,0.0
1,CNGB1 (1258)_damaging,0.0
1,CDH8 (1006)_damaging,0.019911973401998465
1,CDH11 (1009)_damaging,0.0
1,CTCF (10664)_damaging,0.6190186539702025
1,CARMIL2 (146206)_damaging,0.0
1,CDH1 (999)_damaging,0.007813639476191351
1,DHX38 (9785)_damaging,0.0
1,ZFHX3 (463)_damaging,0.0
1,CNTNAP4 (85445)_damaging,0.0
1,PKD1L2 (114780)_damaging,0.0
1,TAF1C (9013)_damaging,0.0
1,GSE1 (23199)_damaging,0.0
1,IRF8 (3394)_damaging,0.43529437903287316
1,ZNF469 (84627)_damaging,0.0
1,ZC3H18 (124245)_damaging,0.0
1,LINC02138 (400558)_damaging,0.501421702108264
1,CDH15 (1013)_damaging,0.0
1,ANKRD11 (29123)_damaging,0.0
1,VPS9D1 (9605)_damaging,0.0
1,CLUH (23277)_damaging,0.02631138546604611
1,SPATA22 (84690)_damaging,0.060351066377943
1,ZZEF1 (23140)_damaging,0.04434546847337959
1,CAMTA2 (23125)_damaging,0.0
1,USP6 (9098)_damaging,0.06002982090813835
1,FXR2 (9513)_damaging,0.03652075297961615
1,TP53 (7157)_damaging,16.399002588556762
1,EFNB3 (1949)_damaging,0.0014914364193985689
1,DNAH2 (146754)_damaging,0.07023337787252591
1,KDM6B (23135)_damaging,0.017584477913022634
1,CHD3 (1107)_damaging,0.0
1,PER1 (5187)_damaging,0.0
1,MYH13 (8735)_damaging,0.028663321124690003
1,MYH8 (4626)_damaging,0.0
1,MYH4 (4622)_damaging,0.0
1,MYH1 (4619)_damaging,0.22970730361533945
1,MYH2 (4620)_damaging,0.022072346731614425
1,DNAH9 (1770)_damaging,0.13753601370209892
1,MYOCD (93649)_damaging,0.0
1,NCOR1 (9611)_damaging,0.03526451030438667
1,MPRIP (23164)_damaging,0.0
1,MYO15A (51168)_damaging,0.018511784573606842
1,SPECC1 (92521)_damaging,0.012593633874701242
1,KSR1 (8844)_damaging,0.0
1,MYO18A (399687)_damaging,0.003066728420397547
1,EFCAB5 (374786)_damaging,0.0
1,ATAD5 (79915)_damaging,0.008121175028324462
1,NF1 (4763)_damaging,0.038802874468677556
1,SLFN11 (91607)_damaging,0.0
1,SYNRG (11276)_damaging,0.009407590883377705
1,GPR179 (440435)_damaging,0.0
1,ARHGAP23 (57636)_damaging,0.0
1,TOP2A (7153)_damaging,0.0
1,KCNH4 (23415)_damaging,0.0
1,STAT5B (6777)_damaging,0.02217390884798758
1,BRCA1 (672)_damaging,0.0
1,ITGA2B (3674)_damaging,0.0
1,KANSL1 (284058)_damaging,0.03839573209999685
1,HOXB3 (3213)_damaging,0.0
1,COL1A1 (1277)_damaging,0.38193593604710313
1,ANKFN1 (162282)_damaging,0.003994636817496159
1,RNF43 (54894)_damaging,0.04507494843400075
1,PPM1D (8493)_damaging,0.0
1,TBX4 (9496)_damaging,0.0
1,BRIP1 (83990)_damaging,0.0
1,MED13 (9969)_damaging,0.0
1,MRC2 (9902)_damaging,0.011993841192305807
1,SCN4A (6329)_damaging,0.0029726652907009206
1,GNA13 (10672)_damaging,0.18307172014895928
1,AXIN2 (8313)_damaging,0.0
1,HELZ (9931)_damaging,0.007677296099477502
1,NOL11 (25926)_damaging,0.0
1,BPTF (2186)_damaging,0.345817808755671
1,ABCA8 (10351)_damaging,0.0
1,ABCA9 (10350)_damaging,0.03024665353395038
1,ABCA6 (23460)_damaging,0.010219102144418154
1,ABCA10 (10349)_damaging,0.0
1,ABCA5 (23461)_damaging,0.0011330332171555382
1,SOX9 (6662)_damaging,0.008398474261645519
1,SDK2 (54549)_damaging,0.10643188300294544
1,TMEM94 (9772)_damaging,0.0
1,MYO15B (80022)_damaging,0.06478672107554721
1,ITGB4 (3691)_damaging,0.0
1,EVPL (2125)_damaging,0.0831307747736705
1,SPHK1 (8877)_damaging,0.007404764738595728
1,TNRC6C (57690)_damaging,0.054206429347972145
1,DNAH17 (8632)_damaging,0.0
1,CARD14 (79092)_damaging,0.0
1,RPTOR (57521)_damaging,0.0
1,BAHCC1 (57597)_damaging,0.0
1,FASN (2194)_damaging,0.052136756854784534
1,NARF (26502)_damaging,0.10540681825979907
1,SMCHD1 (23347)_damaging,0.0018804133397026346
1,EPB41L3 (23136)_damaging,0.2710887829247296
1,LAMA1 (284217)_damaging,0.0
1,PTPRM (5797)_damaging,0.008902513465001574
1,MTCL1 (23255)_damaging,0.0
1,ANKRD12 (23253)_damaging,0.0
1,PIEZO2 (63895)_damaging,0.030967137196883855
1,ANKRD30B (374860)_damaging,0.0
1,ROCK1 (6093)_damaging,0.023607374346155084
1,ESCO1 (114799)_damaging,0.009372491669957206
1,LAMA3 (3909)_damaging,0.0
1,OSBPL1A (114876)_damaging,0.0
1,ZNF521 (25925)_damaging,0.0
1,CCDC178 (374864)_damaging,0.0
1,ASXL3 (80816)_damaging,0.0
1,FHOD3 (80206)_damaging,0.0
1,SETBP1 (26040)_damaging,0.05377215025321632
1,LOXHD1 (125336)_damaging,0.1547087833188953
1,SKOR2 (652991)_damaging,0.014671991494336402
1,ZBTB7C (201501)_damaging,0.0447388605173465
1,MYO5B (4645)_damaging,0.0
1,SMAD4 (4089)_damaging,0.8072908788935043
1,DCC (1630)_damaging,0.17407913775193842
1,ALPK2 (115701)_damaging,0.0
1,CDH7 (1005)_damaging,0.25938200862075794
1,DSEL (92126)_damaging,0.0
1,RTTN (25914)_damaging,0.0
1,ZNF407 (55628)_damaging,0.0
1,ZNF236 (7776)_damaging,0.018840206777165313
1,SALL3 (27164)_damaging,0.0
1,ATP9B (374868)_damaging,0.0
1,KCNG2 (26251)_damaging,0.0
1,ABCA7 (10347)_damaging,0.05226501620397141
1,STK11 (6794)_damaging,0.3236487548340488
1,DAZAP1 (26528)_damaging,0.0033099380548728312
1,AP3D1 (8943)_damaging,0.06215163002621931
1,DOT1L (84444)_damaging,0.0
1,ZBTB7A (51341)_damaging,0.008803548432116903
1,TICAM1 (148022)_damaging,0.0
1,KDM4B (23030)_damaging,0.0
1,PTPRS (5802)_damaging,0.12908738683017681
1,SAFB2 (9667)_damaging,0.0
1,SAFB (6294)_damaging,0.0
1,CAMSAP3 (57662)_damaging,0.005946147930612911
1,FBN3 (84467)_damaging,0.0
1,MUC16 (94025)_damaging,0.0
1,COL5A3 (50509)_damaging,0.2530968432624603
1,TYK2 (7297)_damaging,0.0
1,KEAP1 (9817)_damaging,0.07543450293560895
1,DNM2 (1785)_damaging,0.006006013490985283
1,SMARCA4 (6597)_damaging,0.20932802361108088
1,MAN2B1 (4125)_damaging,0.0
1,CACNA1A (773)_damaging,0.7159716480440078
1,NOTCH3 (4854)_damaging,0.3599174573339982
1,WIZ (58525)_damaging,0.009364818141519606
1,AP1M1 (8907)_damaging,0.03760861117352653
1,NWD1 (284434)_damaging,0.0
1,SIN3B (23309)_damaging,0.0
1,CPAMD8 (27151)_damaging,0.17849368577532915
1,CRLF1 (9244)_damaging,0.0
1,ZNF43 (7594)_damaging,0.0
1,ZNF208 (7757)_damaging,0.03181950038280611
1,ZNF729 (100287226)_damaging,0.0
1,ZNF91 (7644)_damaging,0.0
1,URI1 (8725)_damaging,0.005162191830216472
1,ZNF536 (9745)_damaging,0.09415791378126315
1,TSHZ3 (57616)_damaging,0.014364462684428154
1,KMT2B (9757)_damaging,0.0
1,ZNF569 (148266)_damaging,0.004680334410480936
1,WDR87 (83889)_damaging,0.0
1,SIPA1L3 (23094)_damaging,0.0
1,RYR1 (6261)_damaging,0.0
1,MAP4K1 (11184)_damaging,0.0
1,PAF1 (54623)_damaging,0.04088441342390004
1,FCGBP (8857)_damaging,0.0
1,PRX (57716)_damaging,0.0
1,HNRNPUL1 (11100)_damaging,0.025248185011008954
1,ERF (2077)_damaging,0.0
1,CIC (23152)_damaging,0.0
1,MEGF8 (1954)_damaging,0.02510296405411621
1,MARK4 (57787)_damaging,0.0
1,ARHGAP35 (2909)_damaging,0.0
1,ZC3H4 (23211)_damaging,0.0
1,BICRA (29998)_damaging,0.06287357506760538
1,GRIN2D (2906)_damaging,0.0
1,LMTK3 (114783)_damaging,0.10722814853250458
1,PRR12 (57479)_damaging,0.0
1,POLD1 (5424)_damaging,0.0
1,SHANK1 (50944)_damaging,0.018504861930059912
1,BRSK1 (84446)_damaging,0.051886343258725424
1,SSC5D (284297)_damaging,0.01710073032877183
1,NLRP9 (338321)_damaging,0.007956066528654611
1,NLRP4 (147945)_damaging,0.037075430018466006
1,PEG3 (5178)_damaging,0.0
1,ZIM3 (114026)_damaging,0.0
1,TPO (7173)_damaging,0.0
1,PXDN (7837)_damaging,0.004353462961125398
1,ROCK2 (9475)_damaging,0.0
1,GREB1 (9687)_damaging,0.0
1,NBAS (51594)_damaging,0.02089065508529204
1,RAD51AP2 (729475)_damaging,0.0
1,APOB (338)_damaging,0.020217268024912905
1,TDRD15 (100129278)_damaging,0.0
1,ATAD2B (54454)_damaging,0.0
1,ITSN2 (50618)_damaging,0.0
1,DNMT3A (1788)_damaging,0.0
1,ASXL2 (55252)_damaging,0.0483340850401279
1,OTOF (9381)_damaging,0.043550199751807454
1,CAD (790)_damaging,0.0
1,IFT172 (26160)_damaging,0.017753802013703215
1,SPATA31H1 (84226)_damaging,0.09398217461436999
1,ALK (238)_damaging,0.0
1,BIRC6 (57448)_damaging,0.0
1,LTBP1 (4052)_damaging,0.32411428033584694
1,HEATR5B (54497)_damaging,0.003069753037519959
1,ZFP36L2 (678)_damaging,0.014963227857915755
1,THADA (63892)_damaging,0.0
1,MSH2 (4436)_damaging,0.06499081896581699
1,MSH6 (2956)_damaging,0.01602363978970744
1,NRXN1 (9378)_damaging,0.341982398762991
1,SPTBN1 (6711)_damaging,0.004851724568492647
1,EML6 (400954)_damaging,0.0
1,CCDC88A (55704)_damaging,0.26616606123615544
1,USP34 (9736)_damaging,0.024059152862363098
1,C2orf42 (54980)_damaging,0.010239883458345615
1,ZNF638 (27332)_damaging,0.0
1,DYSF (8291)_damaging,0.0
1,ALMS1 (7840)_damaging,0.0
1,LOXL3 (84695)_damaging,0.0
1,CTNNA2 (1496)_damaging,0.0
1,DNAH6 (1768)_damaging,0.0
1,ANKRD36C (400986)_damaging,0.012689481676629802
1,ANKRD36 (375248)_damaging,0.0
1,TMEM131 (23505)_damaging,0.005967581388567811
1,VWA3B (200403)_damaging,0.0
1,CRACDL (343990)_damaging,0.018269558633122737
1,EIF5B (9669)_damaging,0.0
1,GCC2 (9648)_damaging,0.0156969283456115
1,DPP10 (57628)_damaging,0.12649727094662983
1,MARCO (8685)_damaging,0.0
1,CNTNAP5 (129684)_damaging,0.0
1,WDR33 (55339)_damaging,0.0
1,UGGT1 (56886)_damaging,0.0
1,AMER3 (205147)_damaging,0.0
1,ARHGEF4 (50649)_damaging,0.1662531318603143
1,NCKAP5 (344148)_damaging,0.14470973093022435
1,THSD7B (80731)_damaging,0.0535084928475937
1,LRP1B (53353)_damaging,0.0
1,ACVR2A (92)_damaging,0.0
1,RIF1 (55183)_damaging,0.0
1,NEB (4703)_damaging,0.10711107650927075
1,GALNT13 (114805)_damaging,0.0
1,BAZ2B (29994)_damaging,0.0
1,LY75 (4065)_damaging,0.27505856277562324
1,PLA2R1 (22925)_damaging,0.0
1,SLC4A10 (57282)_damaging,0.06932772615352542
1,DPP4 (1803)_damaging,0.0
1,KCNH7 (90134)_damaging,0.02303402397363351
1,FIGN (55137)_damaging,0.0
1,SCN3A (6328)_damaging,0.02747303437657148
1,SCN2A (6326)_damaging,0.0
1,TTC21B (79809)_damaging,0.0
1,SCN1A (6323)_damaging,0.0856920108172161
1,SCN9A (6335)_damaging,0.05117160565719703
1,SCN7A (6332)_damaging,0.0
1,XIRP2 (129446)_damaging,0.6216269380263525
1,LRP2 (4036)_damaging,0.010577093785074385
1,PPIG (9360)_damaging,0.0
1,CFAP210 (129881)_damaging,0.0
1,GPR155 (151556)_damaging,0.24624441774775752
1,TTN (7273)_damaging,0.6163968575905877
1,CCDC141 (285025)_damaging,0.0
1,ITGA4 (3676)_damaging,0.023316430219859387
1,FSIP2 (401024)_damaging,0.0
1,ITGAV (3685)_damaging,0.0
1,COL3A1 (1281)_damaging,0.0
1,COL5A2 (1290)_damaging,0.029206418473468245
1,ANKAR (150709)_damaging,0.01700613464479973
1,DNAH7 (56171)_damaging,0.0
1,HECW2 (57520)_damaging,0.013491638344061082
1,PLCL1 (5334)_damaging,0.03123541739866118
1,SGO2 (151246)_damaging,0.04832105310515476
1,CASP8 (841)_damaging,0.0
1,C2CD6 (151254)_damaging,0.00423068263164352
1,BMPR2 (659)_damaging,0.0
1,NBEAL1 (65065)_damaging,0.012836709457778598
1,PARD3B (117583)_damaging,0.01702207628791902
1,INO80D (54891)_damaging,0.0
1,ZDBF2 (57683)_damaging,0.33553138695433754
1,ADAM23 (8745)_damaging,0.0
1,MAP2 (4133)_damaging,0.0
1,UNC80 (285175)_damaging,0.023157837005639226
1,CPS1 (1373)_damaging,0.09000356888268762
1,ERBB4 (2066)_damaging,0.12508450949030522
1,ABCA12 (26154)_damaging,0.04267059683536032
1,FN1 (2335)_damaging,0.012741544283454613
1,TNS1 (7145)_damaging,0.04013581845051993
1,CFAP65 (255101)_damaging,0.0
1,SPEG (10290)_damaging,0.4154795712681727
1,SLC4A3 (6508)_damaging,0.011718754256761076
1,NYAP2 (57624)_damaging,0.0
1,IRS1 (3667)_damaging,0.0
1,COL4A4 (1286)_damaging,0.008588439851706873
1,SPHKAP (80309)_damaging,0.03616879453410981
1,MROH2A (339766)_damaging,0.0
1,COL6A3 (1293)_damaging,0.0
1,RBM44 (375316)_damaging,0.022042430877111316
1,HDAC4 (9759)_damaging,0.0
1,KIF1A (547)_damaging,0.44329347694710103
1,CROCC2 (728763)_damaging,0.0025533418913404604
1,FASTKD5 (60493)_damaging,0.059050038534813123
1,SLC4A11 (83959)_damaging,0.0
1,PLCB4 (5332)_damaging,0.0
1,ESF1 (51575)_damaging,0.0
1,SEL1L2 (80343)_damaging,0.0
1,RRBP1 (6238)_damaging,0.0
1,CFAP61 (26074)_damaging,0.0032636957049278856
1,RALGAPA2 (57186)_damaging,0.010397284717465462
1,CD93 (22918)_damaging,0.025460045758532567
1,ASXL1 (171023)_damaging,0.14921836736221886
1,NCOA6 (23054)_damaging,0.030403512235983716
1,MYH7B (57644)_damaging,0.014322393105131148
1,CEP250 (11190)_damaging,0.0242863826317676
1,SAMHD1 (25939)_damaging,0.0
1,RALGAPB (57148)_damaging,0.0
1,CHD6 (84181)_damaging,0.0019243707671198604
1,PTPRT (11122)_damaging,0.00941058555352506
1,DDX27 (55661)_damaging,0.04585939623110706
1,KCNB1 (3745)_damaging,0.0
1,GNAS (2778)_damaging,0.0
1,ZNF831 (128611)_damaging,0.0
1,SYCP2 (10388)_damaging,0.0
1,LAMA5 (3911)_damaging,0.17392381776384866
1,DIDO1 (11083)_damaging,0.0
1,COL20A1 (57642)_damaging,0.0
1,HELZ2 (85441)_damaging,0.2467054445776052
1,TPTE (7179)_damaging,0.0
1,NRIP1 (8204)_damaging,0.04320680506280459
1,ADAMTS5 (11096)_damaging,0.0
1,LTN1 (26046)_damaging,0.0
1,USP16 (10600)_damaging,0.0
1,SCAF4 (57466)_damaging,0.11709074062605113
1,ITSN1 (6453)_damaging,0.0
1,RUNX1 (861)_damaging,0.0
1,DOP1B (9980)_damaging,0.015003947278250405
1,BRWD1 (54014)_damaging,0.0
1,DSCAM (1826)_damaging,0.11054633529460849
1,ZBTB21 (49854)_damaging,0.2987484989527429
1,COL18A1 (80781)_damaging,0.1072440722360634
1,PCNT (5116)_damaging,0.15307212123041042
1,ZDHHC8 (29801)_damaging,0.0
1,MED15 (51586)_damaging,0.03728550906224902
1,LZTR1 (8216)_damaging,0.1806251005242556
1,MYO18B (84700)_damaging,0.021742494362394886
1,MN1 (4330)_damaging,0.0
1,NF2 (4771)_damaging,2.629204494941641
1,PRR14L (253143)_damaging,0.0
1,DEPDC5 (9681)_damaging,0.0
1,RTCB (51493)_damaging,0.0
1,MYH9 (4627)_damaging,0.0
1,CSF2RB (1439)_damaging,0.33292693500144444
1,TRIOBP (11078)_damaging,0.04086281185454424
1,CACNA1I (8911)_damaging,0.03801727878128297
1,TNRC6B (23112)_damaging,0.0
1,EP300 (2033)_damaging,0.0
1,MEI1 (150365)_damaging,0.0
1,TCF20 (6942)_damaging,0.0
1,SMC1B (27127)_damaging,0.03712848183454881
1,PKDREJ (10343)_damaging,0.12770806627404813
1,CELSR1 (9620)_damaging,0.0
1,PLXNB2 (23654)_damaging,0.595772050261929
1,PPP6R2 (9701)_damaging,0.16064216056088962
1,SBF1 (6305)_damaging,0.0
1,CHL1 (10752)_damaging,0.03949157165705708
1,CNTN6 (27255)_damaging,0.0
1,CNTN4 (152330)_damaging,0.0
1,GRM7 (2917)_damaging,0.0
1,SSUH2 (51066)_damaging,0.0
1,VHL (7428)_damaging,0.09342001958759855
1,NUP210 (23225)_damaging,0.0
1,KCNH8 (131096)_damaging,0.014011236047832209
1,TGFBR2 (7048)_damaging,0.06111787777215025
1,CLASP2 (23122)_damaging,0.0
1,TRANK1 (9881)_damaging,0.0
1,MLH1 (4292)_damaging,0.0
1,GOLGA4 (2803)_damaging,0.0
1,SCN10A (6336)_damaging,0.0
1,SCN11A (11280)_damaging,0.07906802605668471
1,TOPAZ1 (375337)_damaging,0.0
1,SETD2 (29072)_damaging,0.016058383655458783
1,PTPN23 (25930)_damaging,0.11084975581240453
1,PLXNB1 (5364)_damaging,0.017606770357982297
1,COL7A1 (1294)_damaging,0.2281988737949691
1,CELSR3 (1951)_damaging,0.0
1,RHOA (387)_damaging,0.011490894323973495
1,BSN (8927)_damaging,0.0
1,RBM6 (10180)_damaging,0.018666558126924856
1,DOCK3 (1795)_damaging,0.0579001932933476
1,DNAH1 (25981)_damaging,0.0
1,BAP1 (8314)_damaging,0.0
1,STAB1 (23166)_damaging,0.0
1,PBRM1 (55193)_damaging,0.0548791512929561
1,CACNA2D3 (55799)_damaging,0.0
1,DNAH12 (201625)_damaging,0.13899181503074348
1,FLNB (2317)_damaging,0.0
1,PTPRG (5793)_damaging,0.3230602043815054
1,ATXN7 (6314)_damaging,0.07045133164459513
1,CNTN3 (5067)_damaging,0.0
1,ROBO2 (6092)_damaging,0.13215164923270253
1,ROBO1 (6091)_damaging,0.0
1,EPHA3 (2042)_damaging,0.0
1,EPHA6 (285220)_damaging,0.6840286827755139
1,CRYBG3 (131544)_damaging,0.03158684804015414
1,FILIP1L (11259)_damaging,0.0
1,ABI3BP (25890)_damaging,0.050531959683671634
1,NFKBIZ (64332)_damaging,0.0
1,MYH15 (22989)_damaging,0.0
1,DZIP3 (9666)_damaging,0.0746320094741943
1,MORC1 (27136)_damaging,0.0
1,NECTIN3 (25945)_damaging,0.019649510307387274
1,PHLDB2 (90102)_damaging,0.0
1,ZBTB20 (26137)_damaging,0.03717962500116797
1,CFAP91 (89876)_damaging,0.014686121466112055
1,POLQ (10721)_damaging,0.12402076457286422
1,GOLGB1 (2804)_damaging,0.0
1,KALRN (8997)_damaging,0.26813385687818975
1,MBD4 (8930)_damaging,0.0
1,COL6A5 (256076)_damaging,0.0
1,DNAJC13 (23317)_damaging,0.0
1,TOPBP1 (11073)_damaging,0.024894489269674337
1,RASA2 (5922)_damaging,0.0012965147648741665
1,XRN1 (54464)_damaging,0.0
1,ATR (545)_damaging,0.0
1,HPS3 (84343)_damaging,0.0
1,MED12L (116931)_damaging,0.018570385944823735
1,IGSF10 (285313)_damaging,0.1072422559613402
1,ARHGEF26 (26084)_damaging,0.0
1,MME (4311)_damaging,0.0
1,SMC4 (10051)_damaging,0.00975211596648047
1,SI (6476)_damaging,0.0
1,MECOM (2122)_damaging,0.018684237945301756
1,TNIK (23043)_damaging,0.0
1,PLD1 (5337)_damaging,0.0
1,USP13 (8975)_damaging,0.02619715246325925
1,VWA5B2 (90113)_damaging,0.0
1,MUC4 (4585)_damaging,0.0
1,TNK2 (10188)_damaging,0.0028309268054824287
1,NSD2 (7468)_damaging,0.0
1,POLN (353497)_damaging,0.10960763765066397
1,FAM193A (8603)_damaging,0.0
1,HTT (3064)_damaging,0.0
1,UNC93B7 (100887746)_damaging,0.08113530261890906
1,BOD1L1 (259282)_damaging,0.0020565810301044016
1,CPEB2 (132864)_damaging,0.0
1,SLIT2 (9353)_damaging,0.020866990803765577
1,PCDH7 (5099)_damaging,0.1003665751457099
1,KLF3 (51274)_damaging,0.0
1,RFC1 (5981)_damaging,0.0
1,LIMCH1 (22998)_damaging,0.0301885321270258
1,BEND4 (389206)_damaging,0.012831965592366467
1,ATP8A1 (10396)_damaging,0.009799685833942369
1,CORIN (10699)_damaging,0.0
1,FRYL (285527)_damaging,0.0
1,KDR (3791)_damaging,0.24393058608681487
1,CRACD (57482)_damaging,0.09926412509292389
1,POLR2B (5431)_damaging,0.0
1,ADGRL3 (23284)_damaging,0.16052241590153735
1,EPHA5 (2044)_damaging,0.0
1,CENPC (1060)_damaging,0.0
1,ADAMTS3 (9508)_damaging,0.013683439860083154
1,SHROOM3 (57619)_damaging,0.02164721096814783
1,FRAS1 (80144)_damaging,0.0
1,WDFY3 (23001)_damaging,0.027846132575087376
1,ARHGAP24 (83478)_damaging,0.011116716412810248
1,PTPN13 (5783)_damaging,0.13910240832395324
1,AFF1 (4299)_damaging,0.0
1,ABCG2 (9429)_damaging,0.0
1,HERC5 (51191)_damaging,0.0034214980151188734
1,MMRN1 (22915)_damaging,0.0
1,GRID2 (2895)_damaging,0.030518319553108603
1,SMARCAD1 (56916)_damaging,0.0
1,UNC5C (8633)_damaging,0.0
1,CENPE (1062)_damaging,0.0
1,TET2 (54790)_damaging,0.4064187633203921
1,COL25A1 (84570)_damaging,0.07008377931600449
1,ZGRF1 (55345)_damaging,0.11979964489935027
1,ANK2 (287)_damaging,0.0
1,BLTP1 (84162)_damaging,0.018921796000355744
1,FAT4 (79633)_damaging,0.0
1,SCLT1 (132320)_damaging,0.0
1,PCDH10 (57575)_damaging,0.0
1,NAA15 (80155)_damaging,0.0
1,LRBA (987)_damaging,0.010485582582131633
1,FBXW7 (55294)_damaging,0.1059702830450725
1,FHDC1 (85462)_damaging,0.0
1,DCHS2 (54798)_damaging,0.0
1,MAP9 (79884)_damaging,0.0
1,GRIA2 (2891)_damaging,0.0
1,RXFP1 (59350)_damaging,0.0068518626563181095
1,RAPGEF2 (9693)_damaging,1.1112192477996555e-05
1,FSTL5 (56884)_damaging,0.011418099298331978
1,DDX60 (55601)_damaging,0.004443420854533843
1,CLCN3 (1182)_damaging,0.0
1,HAND2 (9464)_damaging,0.0
1,TENM3 (55714)_damaging,0.009022648877427633
1,STOX2 (56977)_damaging,0.0
1,SORBS2 (8470)_damaging,0.0
1,FAT1 (2195)_damaging,0.0
1,SDHA (6389)_damaging,0.012619749232733162
1,SLC12A7 (10723)_damaging,0.0
1,SLC6A19 (340024)_damaging,0.0
1,TERT (7015)_damaging,0.02875500113709624
1,ADAMTS16 (170690)_damaging,0.0
1,ICE1 (23379)_damaging,0.0
1,SEMA5A (9037)_damaging,0.0
1,DNAH5 (1767)_damaging,0.0
1,TRIO (7204)_damaging,0.0
1,CDH18 (1016)_damaging,0.0
1,PRDM9 (56979)_damaging,0.13217583821428477
1,CDH10 (1008)_damaging,0.0
1,CDH6 (1004)_damaging,0.0
1,PDZD2 (23037)_damaging,0.34304845863875544
1,ADAMTS12 (81792)_damaging,0.0
1,SPEF2 (79925)_damaging,0.0
1,NIPBL (25836)_damaging,0.0
1,CPLANE1 (65250)_damaging,0.0
1,EGFLAM (133584)_damaging,0.0
1,C7 (730)_damaging,0.006416959656514973
1,MROH2B (133558)_damaging,0.0
1,C6 (729)_damaging,0.0
1,HCN1 (348980)_damaging,0.0
1,ITGA2 (3673)_damaging,0.0
1,DHX29 (54505)_damaging,0.0
1,ZSWIM6 (57688)_damaging,0.0
1,MAST4 (375449)_damaging,0.0
1,PIK3R1 (5295)_damaging,0.08289022820367058
1,RAD17 (5884)_damaging,0.029265071275903855
1,BDP1 (55814)_damaging,0.0
1,MAP1B (4131)_damaging,0.014590847981971236
1,ARHGEF28 (64283)_damaging,0.04879032809822708
1,ANKRD31 (256006)_damaging,0.010922198223009355
1,AGGF1 (55109)_damaging,0.07470821162447804
1,AP3B1 (8546)_damaging,0.0
1,CMYA5 (202333)_damaging,0.4082750183198668
1,MSH3 (4437)_damaging,0.5859217542736231
1,VCAN (1462)_damaging,0.0
1,RASA1 (5921)_damaging,0.17142208480688323
1,ADGRV1 (84059)_damaging,0.0
1,SKIC3 (9652)_damaging,0.0
1,ARSK (153642)_damaging,0.0
1,SLCO6A1 (133482)_damaging,0.0
1,APC (324)_damaging,0.5565679608315436
1,DMXL1 (1657)_damaging,0.4956464398982709
1,ZNF608 (57507)_damaging,0.0
1,FBN2 (2201)_damaging,0.006341843644857705
1,ADAMTS19 (171019)_damaging,0.0
1,RAPGEF6 (51735)_damaging,0.0
1,FNIP1 (96459)_damaging,0.016053986403981393
1,RAD50 (10111)_damaging,0.9143902413261231
1,PITX1 (5307)_damaging,1.3436238648361212
1,LINC02900 (340073)_damaging,0.07290698284556765
1,CTNNA1 (1495)_damaging,0.16617970000877394
1,WDR55 (54853)_damaging,0.0
1,NR3C1 (2908)_damaging,0.0
1,TCERG1 (10915)_damaging,0.10893794408698664
1,FAT2 (2196)_damaging,0.0
1,LARP1 (23367)_damaging,0.0
1,DOCK2 (1794)_damaging,0.07029629868029143
1,NSD1 (64324)_damaging,0.0
1,ADAMTS2 (9509)_damaging,0.0
1,FLT4 (2324)_damaging,0.393754687375102
1,DSP (1832)_damaging,0.007071409818235399
1,HIVEP1 (3096)_damaging,0.0
1,JARID2 (3720)_damaging,0.0
1,HLA-A (3105)_damaging,0.03452898323433361
1,MDC1 (9656)_damaging,0.03470573094226952
1,VARS2 (57176)_damaging,0.0
1,MUCL3 (135656)_damaging,0.0
1,HLA-C (3107)_damaging,0.0597109805051676
1,HLA-B (3106)_damaging,0.0
1,PRRC2A (7916)_damaging,0.04574141658377849
1,BAG6 (7917)_damaging,0.030552691364315356
1,TNXB (7148)_damaging,0.021077203611819223
1,NOTCH4 (4855)_damaging,0.048574865328934236
1,COL11A2 (1302)_damaging,0.07878224025761871
1,ITPR3 (3710)_damaging,0.009379389017241285
1,DNAH8 (1769)_damaging,0.0
1,KIF6 (221458)_damaging,0.01728176736134864
1,CCND3 (896)_damaging,0.1206489040919911
1,UBR2 (23304)_damaging,0.036711672694200254
1,CUL9 (23113)_damaging,0.05558971295996754
1,ZNF318 (24149)_damaging,0.0
1,TDRD6 (221400)_damaging,0.0
1,MMUT (4594)_damaging,0.14149417463596245
1,PKHD1 (5314)_damaging,0.007621646286070682
1,FAM83B (222584)_damaging,0.006418606839141262
1,DST (667)_damaging,0.0
1,PHF3 (23469)_damaging,0.019982459134043878
1,EYS (346007)_damaging,0.023355459687127832
1,ADGRB3 (577)_damaging,0.0
1,COL19A1 (1310)_damaging,0.0
1,COL9A1 (1297)_damaging,0.0
1,RIMS1 (22999)_damaging,0.006620322140648222
1,CD109 (135228)_damaging,0.0
1,COL12A1 (1303)_damaging,0.15377929533345736
1,TTK (7272)_damaging,0.02498269100730555
1,CEP162 (22832)_damaging,0.0
1,SYNCRIP (10492)_damaging,0.0
1,ZNF292 (23036)_damaging,0.0
1,MDN1 (23195)_damaging,0.0
1,CASP8AP2 (9994)_damaging,0.021366955054322206
1,EPHA7 (2045)_damaging,0.24507243368015116
1,MMS22L (253714)_damaging,0.03197164965506474
1,ASCC3 (10973)_damaging,0.02438683157179513
1,AK9 (221264)_damaging,0.061310116873948266
1,REV3L (5980)_damaging,0.008994730648613884
1,HDAC2 (3066)_damaging,0.03261591688351504
1,ROS1 (6098)_damaging,0.0
1,TBC1D32 (221322)_damaging,0.03995672955971401
1,TRDN (10345)_damaging,0.0
1,LAMA2 (3908)_damaging,0.0
1,AKAP7 (9465)_damaging,0.0035505792320617772
1,MED23 (9439)_damaging,0.0
1,TNFAIP3 (7128)_damaging,0.0
1,ARFGEF3 (57221)_damaging,0.02236978688158672
1,NHSL1 (57224)_damaging,0.0
1,ECT2L (345930)_damaging,0.0
1,HIVEP2 (3097)_damaging,0.013879445940663199
1,UTRN (7402)_damaging,0.0015002312331477438
1,SHPRH (257218)_damaging,0.09465533573302155
1,GRM1 (2911)_damaging,0.0
1,ADGB (79747)_damaging,0.1252916660252338
1,STXBP5 (134957)_damaging,0.0
1,AKAP12 (9590)_damaging,0.0
1,SYNE1 (23345)_damaging,0.04892270782587229
1,SCAF8 (22828)_damaging,0.06905060793026792
1,ARID1B (57492)_damaging,0.08663162611524095
1,FNDC1 (84624)_damaging,0.010387942810584857
1,LPA (4018)_damaging,0.0
1,MAP3K4 (4216)_damaging,0.0
1,QKI (9444)_damaging,0.05011880132626527
1,AFDN (4301)_damaging,0.0
1,CARD11 (84433)_damaging,0.0
1,SDK1 (221935)_damaging,0.0
1,TNRC18 (84629)_damaging,0.17714233528516327
1,PMS2 (5395)_damaging,0.0
1,COL28A1 (340267)_damaging,0.05893395073989478
1,THSD7A (221981)_damaging,0.0
1,VWDE (221806)_damaging,0.029312439282575375
1,DGKB (1607)_damaging,0.0
1,AHR (196)_damaging,0.005213574565171538
1,HDAC9 (9734)_damaging,0.0
1,ABCB5 (340273)_damaging,0.6029566013499519
1,DNAH11 (8701)_damaging,0.0
1,STK31 (56164)_damaging,0.04060174581556064
1,CDK13 (8621)_damaging,0.02726187709767441
1,GLI3 (2737)_damaging,0.12959299281763828
1,HECW1 (23072)_damaging,0.00626040282017287
1,AEBP1 (165)_damaging,0.13145155304879277
1,PKD1L1 (168507)_damaging,0.0
1,ABCA13 (154664)_damaging,0.09823141319559066
1,FIGNL1 (63979)_damaging,0.0
1,EGFR (1956)_damaging,0.0
1,AUTS2 (26053)_damaging,0.03785063754207241
1,PTPN12 (5782)_damaging,0.009082101320078027
1,MAGI2 (9863)_damaging,0.004126142842017073
1,CD36 (948)_damaging,0.5136468575374329
1,PCLO (27445)_damaging,0.0
1,SEMA3E (9723)_damaging,0.012074291261279452
1,ABCB4 (5244)_damaging,0.009718479050722935
1,ABCB1 (5243)_damaging,0.0
1,ZNF804B (219578)_damaging,0.0
1,AKAP9 (10142)_damaging,0.0
1,ANKIB1 (54467)_damaging,0.0
1,SAMD9 (54809)_damaging,0.0
1,SAMD9L (219285)_damaging,0.0
1,CALCR (799)_damaging,0.0
1,COL1A2 (1278)_damaging,0.0
1,TRRAP (8295)_damaging,0.12129887815471564
1,NYAP1 (222950)_damaging,0.0
1,GIGYF1 (64599)_damaging,0.011584224333092107
1,ZAN (7455)_damaging,0.4870396992842529
1,MUC12 (10071)_damaging,0.020194074442755113
1,MUC17 (140453)_damaging,0.054027134073302195
1,PLOD3 (8985)_damaging,0.0
1,CUX1 (1523)_damaging,0.0
1,FBXL13 (222235)_damaging,0.0
1,RELN (5649)_damaging,0.0
1,KMT2E (55904)_damaging,0.035379649835672114
1,PIK3CG (5294)_damaging,0.0
1,LAMB4 (22798)_damaging,0.0
1,PPP1R3A (5506)_damaging,0.08186720570547117
1,CFTR (1080)_damaging,0.01086438275567899
1,CTTNBP2 (83992)_damaging,0.0
1,PTPRZ1 (5803)_damaging,0.014133189102932235
1,CADPS2 (93664)_damaging,0.32540747509509177
1,IQUB (154865)_damaging,0.5739455610001605
1,GRM8 (2918)_damaging,0.0
1,FLNC (2318)_damaging,0.0
1,KCP (375616)_damaging,0.14052257991346853
1,PLXNA4 (91584)_damaging,0.04226929897474721
1,NUP205 (23165)_damaging,0.012565624054899168
1,TRIM24 (8805)_damaging,0.0
1,KIAA1549 (57670)_damaging,0.010016228410820695
1,MGAM (8972)_damaging,0.033361526224228666
1,MGAM2 (93432)_damaging,0.008029025464278852
1,EPHB6 (2051)_damaging,0.004001402086819943
1,KEL (3792)_damaging,0.0
1,NOBOX (135935)_damaging,0.04638603237669631
1,CNTNAP2 (26047)_damaging,0.0
1,AOC1 (26)_damaging,0.01131368161599505
1,KCNH2 (3757)_damaging,0.0
1,NOS3 (4846)_damaging,0.0
1,ATG9B (285973)_damaging,0.03542120971128772
1,KMT2C (58508)_damaging,0.0
1,DPP6 (1804)_damaging,0.07575588018616458
1,PTPRN2 (5799)_damaging,0.01886689859935726
1,CSMD1 (64478)_damaging,0.018441384362053784
1,RP1L1 (94137)_damaging,0.13243769850449966
1,TRMT9B (57604)_damaging,0.0
1,DLC1 (10395)_damaging,0.0022963800725553413
1,PSD3 (23362)_damaging,0.0
1,DMTN (2039)_damaging,0.011582298672576511
1,DOCK5 (80005)_damaging,0.0
1,NUGGC (389643)_damaging,0.0
1,TEX15 (56154)_damaging,0.0316824464577267
1,WRN (7486)_damaging,0.0
1,UNC5D (137970)_damaging,0.0
1,ADGRA2 (25960)_damaging,0.0
1,NSD3 (54904)_damaging,0.007667538869254617
1,ANK1 (286)_damaging,0.038459461536152297
1,PRKDC (5591)_damaging,0.00046900245818911875
1,PXDNL (137902)_damaging,0.006725063129743934
1,ST18 (9705)_damaging,0.0
1,RB1CC1 (9821)_damaging,0.015555950898371699
1,RP1 (6101)_damaging,0.0
1,CYP7A1 (1581)_damaging,0.0
1,CHD7 (55636)_damaging,0.01793447922821403
1,ARFGEF1 (10565)_damaging,0.3707263247818364
1,PREX2 (80243)_damaging,0.0
1,SULF1 (23213)_damaging,0.0
1,SLCO5A1 (81796)_damaging,0.019824066819859036
1,TRPA1 (8989)_damaging,0.0
1,KCNB2 (9312)_damaging,0.0
1,ZFHX4 (79776)_damaging,0.030336581556232974
1,WWP1 (11059)_damaging,0.12687759610206045
1,ESRP1 (54845)_damaging,0.14936446565204547
1,VPS13B (157680)_damaging,0.0
1,RGS22 (26166)_damaging,0.003392051284817435
1,UBR5 (51366)_damaging,0.0
1,RIMS2 (9699)_damaging,0.0
1,PKHD1L1 (93035)_damaging,0.11774237218203344
1,CSMD3 (114788)_damaging,0.0
1,TRPS1 (7227)_damaging,0.0
1,COL14A1 (7373)_damaging,0.06626472857855213
1,FER1L6 (654463)_damaging,0.0
1,ASAP1 (50807)_damaging,0.0
1,ADCY8 (114)_damaging,0.0
1,EFR3A (23167)_damaging,0.0
1,OC90 (729330)_damaging,0.0
1,PHF20L1 (51105)_damaging,0.26887884490631153
1,TG (7038)_damaging,0.007461539935152476
1,COL22A1 (169044)_damaging,0.20373607746406766
1,EPPK1 (83481)_damaging,0.04195123816364402
1,PLEC (5339)_damaging,0.01902156000384041
1,PARP10 (84875)_damaging,0.0
1,CYC1 (1537)_damaging,0.0
1,WDR97 (340390)_damaging,0.0
1,CPSF1 (29894)_damaging,0.01174788852319353
1,DOCK8 (81704)_damaging,0.0
1,SMARCA2 (6595)_damaging,0.02482573757885139
1,ERMP1 (79956)_damaging,0.017199517390004162
1,PTPRD (5789)_damaging,0.0
1,MPDZ (8777)_damaging,0.03077810107402529
1,FREM1 (158326)_damaging,0.0
1,CNTLN (54875)_damaging,0.0
1,ADAMTSL1 (92949)_damaging,0.0
1,DENND4C (55667)_damaging,0.03473865428964928
1,CDKN2A (1029)_damaging,0.23436765070278423
1,SPATA31G1 (138724)_damaging,0.0
1,FANCG (2189)_damaging,0.23293131240743462
1,PIGO (84720)_damaging,0.0
1,UNC13B (10497)_damaging,0.01905936226992579
1,RUSC2 (9853)_damaging,0.0
1,SPAG8 (26206)_damaging,0.5539624860313634
1,TJP2 (9414)_damaging,0.0
1,TMC1 (117531)_damaging,0.0
1,TRPM6 (140803)_damaging,0.0
1,PCSK5 (5125)_damaging,0.0
1,PRUNE2 (158471)_damaging,0.0
1,VPS13A (23230)_damaging,0.0
1,TLE4 (7091)_damaging,0.10633179426209649
1,KIF27 (55582)_damaging,0.03850474048975128
1,TUT7 (79670)_damaging,0.0
1,SECISBP2 (79048)_damaging,0.0
1,ROR2 (4920)_damaging,0.00525421873051227
1,NOL8 (55035)_damaging,0.025526317136380174
1,WNK2 (65268)_damaging,0.0
1,PHF2 (5253)_damaging,0.0
1,PTCH1 (5727)_damaging,0.0
1,COL15A1 (1306)_damaging,0.1475689744958926
1,SMC2 (10592)_damaging,0.010580260052433762
1,ELP1 (8518)_damaging,0.02711143951144494
1,TMEM245 (23731)_damaging,0.012149676798298478
1,PALM2AKAP2 (445815)_damaging,0.0
1,SVEP1 (79987)_damaging,0.0
1,SHOC1 (158401)_damaging,0.06048579194171158
1,FKBP15 (23307)_damaging,0.0
1,COL27A1 (85301)_damaging,0.40632644703206033
1,PAPPA (5069)_damaging,0.46788801980293526
1,TLR4 (7099)_damaging,0.0916352704595287
1,C5 (727)_damaging,0.0
1,CNTRL (11064)_damaging,0.17403121224553225
1,DENND1A (57706)_damaging,0.03108021056663832
1,ADGRD2 (347088)_damaging,0.0
1,GOLGA2 (2801)_damaging,0.0
1,SPTAN1 (6709)_damaging,0.2663226679198244
1,HMCN2 (256158)_damaging,0.0
1,FUBP3 (8939)_damaging,0.0
1,NUP214 (8021)_damaging,0.0
1,PRRC2B (84726)_damaging,0.0
1,UCK1 (83549)_damaging,0.03614933097992623
1,SETX (23064)_damaging,0.0
1,TSC1 (7248)_damaging,0.04811522336039362
1,ADAMTS13 (11093)_damaging,0.0
1,ADAMTSL2 (9719)_damaging,0.041377745041154775
1,BRD3 (8019)_damaging,0.12590429720256194
1,WDR5 (11091)_damaging,0.0
1,COL5A1 (1289)_damaging,0.0
1,CAMSAP1 (157922)_damaging,0.09210928874154999
1,CCDC187 (399693)_damaging,0.0
1,NOTCH1 (4851)_damaging,0.0
1,CACNA1B (774)_damaging,0.022702024863718025
1,MXRA5 (25878)_damaging,0.14362618365220847
1,SHROOM2 (357)_damaging,0.060511162985216076
1,DMD (1756)_damaging,0.18484672228661986
1,CFAP47 (286464)_damaging,0.0
1,RPGR (6103)_damaging,0.0
1,BCOR (54880)_damaging,0.4148080054808573
1,USP9X (8239)_damaging,0.5886972672601053
1,DDX3X (1654)_damaging,0.010526887510179384
1,KDM6A (7403)_damaging,0.1253482090569986
1,RBM10 (8241)_damaging,0.0
1,TFE3 (7030)_damaging,0.005259424884350939
1,CCNB3 (85417)_damaging,0.02038445788390324
1,KDM5C (8242)_damaging,0.0
1,IQSEC2 (23096)_damaging,0.0
1,HUWE1 (10075)_damaging,0.0
1,WNK3 (65267)_damaging,0.02451783037131536
1,AMER1 (139285)_damaging,0.12267143720610525
1,ZC3H12B (340554)_damaging,0.0
1,MED12 (9968)_damaging,0.24697765385333117
1,ZMYM3 (9203)_damaging,0.16119976275992673
1,NEXMIF (340533)_damaging,0.0
1,ATRX (546)_damaging,0.33372854847289063
1,BRWD3 (254065)_damaging,0.0
1,CYLC1 (1538)_damaging,0.004647622219666412
1,ZNF711 (7552)_damaging,0.0
1,DACH2 (117154)_damaging,0.0031915080347833477
1,DIAPH2 (1730)_damaging,0.030582985269721603
1,PCDH19 (57526)_damaging,0.007782464615782308
1,RAB40A (142684)_damaging,0.0
1,NRK (203447)_damaging,0.013216035968001635
1,COL4A6 (1288)_damaging,0.030233757679993017
1,GUCY2F (2986)_damaging,0.0019653970276408595
1,DOCK11 (139818)_damaging,0.0
1,STAG2 (10735)_damaging,0.21752977283435293
1,TENM1 (10178)_damaging,0.006882903288484258
1,SMARCA1 (6594)_damaging,0.010411369977764652
1,BCORL1 (63035)_damaging,0.0
1,USP26 (83844)_damaging,0.03812416098288048
1,ADGRG4 (139378)_damaging,0.0
1,MCF2 (4168)_damaging,0.0
1,SPANXN4 (441525)_damaging,0.0
1,SLITRK2 (84631)_damaging,0.0
1,FMR1 (2332)_damaging,0.015412329723147029
1,AFF2 (2334)_damaging,0.0
1,PLXNA3 (55558)_damaging,0.016016253769542767
1,F8 (2157)_damaging,0.0
1,MT-ND4 (4538)_damaging,0.0
1,MT-ND5 (4540)_damaging,0.003716502240386121
2,MTOR (2475)_hotspot,0.0
2,NRAS (4893)_hotspot,0.28889880459470435
2,PTEN (5728)_hotspot,0.0
2,HRAS (3265)_hotspot,0.0
2,ATM (472)_hotspot,0.0
2,KRAS (3845)_hotspot,0.20900896106556707
2,ERBB3 (2065)_hotspot,0.0
2,RB1 (5925)_hotspot,0.0
2,CREBBP (1387)_hotspot,0.0
2,TP53 (7157)_hotspot,2.543935316967763
2,NF1 (4763)_hotspot,0.03653109803792442
2,ERBB2 (2064)_hotspot,0.034925406752364475
2,SMAD4 (4089)_hotspot,0.02659796735518565
2,STK11 (6794)_hotspot,0.0
2,SMARCA4 (6597)_hotspot,0.0
2,C2orf81 (388963)_hotspot,0.1678374261925939
2,NFE2L2 (4780)_hotspot,0.041980765085391315
2,EP300 (2033)_hotspot,0.23189842390111956
2,VHL (7428)_hotspot,0.0
2,CTNNB1 (1499)_hotspot,0.0
2,RHOA (387)_hotspot,0.06467527988491222
2,PIK3CA (5290)_hotspot,0.06199860721712626
2,FBXW7 (55294)_hotspot,0.0
2,TERT (7015)_hotspot,0.0
2,PIK3R1 (5295)_hotspot,0.0
2,APC (324)_hotspot,0.0
2,RAC1 (5879)_hotspot,0.0
2,EGFR (1956)_hotspot,0.0
2,BRAF (673)_hotspot,0.4727203258639354
2,EZH2 (2146)_hotspot,0.2555110252770182
2,CDKN2A (1029)_hotspot,0.0
2,AGRN (375790)_damaging,0.17165316516128457
2,MXRA8 (54587)_damaging,0.0
2,MEGF6 (1953)_damaging,0.0
2,CHD5 (26038)_damaging,0.0
2,RPL22 (6146)_damaging,1.377912142288291
2,CAMTA1 (23261)_damaging,0.0
2,ERRFI1 (54206)_damaging,0.0
2,SLC45A1 (50651)_damaging,0.0
2,RERE (473)_damaging,0.0
2,VPS13D (55187)_damaging,0.0
2,FHAD1 (114827)_damaging,0.0
2,SPEN (23013)_damaging,0.0
2,EPHA2 (1969)_damaging,0.035249855662774325
2,UBR4 (23352)_damaging,0.31097353789357934
2,VWA5B1 (127731)_damaging,0.024978767210821703
2,EIF4G3 (8672)_damaging,0.0
2,HSPG2 (3339)_damaging,0.0
2,LUZP1 (7798)_damaging,0.0
2,ID3 (3399)_damaging,4.0167792949116405
2,ELOA (6924)_damaging,0.0
2,ARID1A (8289)_damaging,0.6850871873101908
2,WDTC1 (23038)_damaging,0.0
2,AHDC1 (27245)_damaging,0.0
2,PTPRU (10076)_damaging,0.0
2,COL16A1 (1307)_damaging,0.0
2,SPOCD1 (90853)_damaging,0.025048206490168205
2,CSMD2 (114784)_damaging,0.021223848643032738
2,ZMYM6 (9204)_damaging,0.005453991787294034
2,ZMYM1 (79830)_damaging,0.0
2,ZMYM4 (9202)_damaging,0.01081952767696329
2,AGO1 (26523)_damaging,0.0
2,MAP7D1 (55700)_damaging,0.2534617344960669
2,MACF1 (23499)_damaging,0.9850540628263601
2,HIVEP3 (59269)_damaging,0.0
2,TIE1 (7075)_damaging,0.0
2,SZT2 (23334)_damaging,0.0
2,PTCH2 (8643)_damaging,0.016288775028038115
2,ZSWIM5 (57643)_damaging,0.20223559362746849
2,MUTYH (4595)_damaging,0.0
2,MAST2 (23139)_damaging,0.0
2,PIK3R3 (8503)_damaging,0.0
2,FAAH (2166)_damaging,0.0
2,TAL1 (6886)_damaging,0.0
2,FYB2 (199920)_damaging,0.0
2,NFIA (4774)_damaging,0.0
2,DOCK7 (85440)_damaging,0.03509146626766624
2,EFCAB7 (84455)_damaging,0.0
2,LEPR (3953)_damaging,0.0
2,LRRC7 (57554)_damaging,0.0
2,ERICH3 (127254)_damaging,0.0
2,SLC44A5 (204962)_damaging,0.0
2,MSH4 (4438)_damaging,0.0
2,AK5 (26289)_damaging,0.0
2,ADGRL4 (64123)_damaging,0.0
2,ADGRL2 (23266)_damaging,0.030294917912659647
2,DNAI3 (126820)_damaging,0.0
2,COL24A1 (255631)_damaging,0.0
2,GBP1 (2633)_damaging,0.0
2,BTBD8 (284697)_damaging,0.15057904668490152
2,RPL5 (6125)_damaging,0.4429273408587393
2,CCDC18 (343099)_damaging,0.0
2,ABCA4 (24)_damaging,0.0
2,COL11A1 (1301)_damaging,0.0
2,MAGI3 (260425)_damaging,0.0
2,SYCP1 (6847)_damaging,0.0
2,TTF2 (8458)_damaging,0.062533543926958
2,SPAG17 (200162)_damaging,0.2597446874561986
2,NOTCH2 (4853)_damaging,0.0
2,BCL9 (607)_damaging,0.0
2,OTUD7B (56957)_damaging,0.0
2,ADAMTSL4 (54507)_damaging,0.0
2,ZNF687 (57592)_damaging,0.06585116672008823
2,RFX5 (5993)_damaging,0.0
2,FLG (2312)_damaging,0.07162513721858389
2,CCDST (112268240)_damaging,0.0
2,FLG2 (388698)_damaging,0.0
2,ADAR (103)_damaging,0.0
2,SHC1 (6464)_damaging,0.0
2,ASH1L (55870)_damaging,0.0
2,GON4L (54856)_damaging,0.015270318782733055
2,IQGAP3 (128239)_damaging,0.0
2,NES (10763)_damaging,0.0
2,INSRR (3645)_damaging,0.004804144808477298
2,FCRL5 (83416)_damaging,0.0
2,SPTA1 (6708)_damaging,0.06927886210024559
2,ADCY10 (55811)_damaging,0.0
2,F5 (2153)_damaging,0.0
2,FIRRM (55732)_damaging,0.0
2,PRRC2C (23215)_damaging,0.0
2,TNR (7143)_damaging,0.0
2,PAPPA2 (60676)_damaging,0.006109149207587488
2,ABL2 (27)_damaging,0.06394450617694657
2,AXDND1 (126859)_damaging,0.04632436203726443
2,TDRD5 (163589)_damaging,0.0
2,CEP350 (9857)_damaging,0.043629184836319466
2,CACNA1E (777)_damaging,0.7102163458318754
2,RGL1 (23179)_damaging,0.0
2,HMCN1 (83872)_damaging,0.0
2,TPR (7175)_damaging,0.0
2,BRINP3 (339479)_damaging,0.00569807791625893
2,KCNT2 (343450)_damaging,0.0
2,ASPM (259266)_damaging,0.6191425545105003
2,CRB1 (23418)_damaging,0.013305397937073799
2,PTPRC (5788)_damaging,0.35157897986584485
2,CAMSAP2 (23271)_damaging,0.07802820499116045
2,CACNA1S (779)_damaging,0.1933697447241334
2,IGFN1 (91156)_damaging,0.22305889671313275
2,NAV1 (89796)_damaging,0.0
2,KDM5B (10765)_damaging,0.0
2,ATP2B4 (493)_damaging,0.0
2,PLEKHA6 (22874)_damaging,0.1597113898024002
2,PIK3C2B (5287)_damaging,0.0
2,NFASC (23114)_damaging,0.0
2,CR2 (1380)_damaging,0.0
2,PLXNA2 (5362)_damaging,0.014128021723236659
2,PROX1 (5629)_damaging,0.0
2,PTPN14 (5784)_damaging,0.0
2,CENPF (1063)_damaging,0.0
2,USH2A (7399)_damaging,0.0
2,DNAH14 (127602)_damaging,0.0
2,CDC42BPA (8476)_damaging,0.0
2,OBSCN (84033)_damaging,0.0
2,H3-4 (8290)_damaging,0.0
2,SIPA1L2 (57568)_damaging,0.2148370257390833
2,PCNX2 (80003)_damaging,0.0
2,MAP3K21 (84451)_damaging,0.0
2,ARID4B (51742)_damaging,0.2861122703338013
2,LYST (1130)_damaging,0.03851834590752009
2,RYR2 (6262)_damaging,0.05806117547539649
2,CHRM3 (1131)_damaging,0.0
2,FMN2 (56776)_damaging,0.16024266337562196
2,RGS7 (6000)_damaging,0.0
2,WDR64 (128025)_damaging,0.0
2,KIF26B (55083)_damaging,0.0
2,LARP4B (23185)_damaging,0.0
2,PITRM1 (10531)_damaging,0.5756832879237693
2,TAF3 (83860)_damaging,0.0
2,FRMD4A (55691)_damaging,0.0
2,ITGA8 (8516)_damaging,0.017191976541788757
2,CUBN (8029)_damaging,0.0
2,MRC1 (4360)_damaging,0.0
2,MALRD1 (340895)_damaging,0.0
2,MLLT10 (8028)_damaging,0.0
2,SPAG6 (9576)_damaging,0.0
2,ARMC3 (219681)_damaging,0.0
2,KIAA1217 (56243)_damaging,0.0
2,GPR158 (57512)_damaging,0.0
2,MYO3A (53904)_damaging,0.0
2,ANKRD26 (22852)_damaging,0.0
2,ODAD2 (55130)_damaging,0.0
2,SVIL (6840)_damaging,0.0
2,JCAD (57608)_damaging,0.0
2,KIF5B (3799)_damaging,0.014274511535086475
2,CCDC7 (79741)_damaging,0.0
2,ANKRD30A (91074)_damaging,0.0
2,RSU1P2 (100133308)_damaging,0.0
2,WDFY4 (57705)_damaging,0.0
2,C10orf71 (118461)_damaging,0.0
2,PCDH15 (65217)_damaging,0.39144918762277015
2,ANK3 (288)_damaging,0.08564635427998642
2,ARID5B (84159)_damaging,0.0
2,EGR2 (1959)_damaging,0.0
2,JMJD1C (221037)_damaging,0.07909020380730636
2,CTNNA3 (29119)_damaging,0.0
2,MYPN (84665)_damaging,0.0
2,DNA2 (1763)_damaging,0.022761261373911483
2,CDH23 (64072)_damaging,0.0
2,DLG5 (9231)_damaging,0.0
2,NRG3 (10718)_damaging,0.21085001427263006
2,WAPL (23063)_damaging,0.0
2,PTEN (5728)_damaging,0.0
2,KIF20B (9585)_damaging,0.0
2,MYOF (26509)_damaging,0.0
2,PLCE1 (51196)_damaging,0.0
2,ZNF518A (9849)_damaging,0.0
2,LCOR (84458)_damaging,0.23820625466675646
2,LOXL4 (84171)_damaging,0.026687425214581475
2,SLF2 (55719)_damaging,0.0
2,PPRC1 (23082)_damaging,0.096705004033992
2,CNNM2 (54805)_damaging,0.0
2,PDCD11 (22984)_damaging,0.0
2,SLK (9748)_damaging,0.0
2,SORCS3 (22986)_damaging,0.0
2,SORCS1 (114815)_damaging,0.0
2,SMC3 (9126)_damaging,0.19218200891859372
2,TCF7L2 (6934)_damaging,0.0
2,ATRNL1 (26033)_damaging,0.0
2,TACC2 (10579)_damaging,0.0
2,DMBT1 (1755)_damaging,0.0
2,DOCK1 (1793)_damaging,0.0
2,MKI67 (4288)_damaging,1.2597407293290337
2,JAKMIP3 (282973)_damaging,0.3456051921940297
2,CFAP46 (54777)_damaging,0.0
2,B4GALNT4 (338707)_damaging,0.032470510467527094
2,PKP3 (11187)_damaging,0.0
2,PHRF1 (57661)_damaging,0.0
2,MUC5AC (4586)_damaging,0.0
2,MUC5B (727897)_damaging,0.14605675302110047
2,BRSK2 (9024)_damaging,0.0
2,NUP98 (4928)_damaging,0.04735964729250452
2,OR51E2 (81285)_damaging,0.0
2,DNHD1 (144132)_damaging,0.0
2,DCHS1 (8642)_damaging,0.0
2,SBF2 (81846)_damaging,0.07897080931901919
2,MICAL2 (9645)_damaging,0.011419552481356926
2,PLEKHA7 (144100)_damaging,0.0
2,PIK3C2A (5286)_damaging,0.0
2,ABCC8 (6833)_damaging,0.0
2,USH1C (10083)_damaging,0.0
2,OTOG (340990)_damaging,0.0
2,HPS5 (11234)_damaging,0.0
2,NAV2 (89797)_damaging,0.0
2,ANO3 (63982)_damaging,0.0
2,DCDC1 (341019)_damaging,0.0
2,CCDC73 (493860)_damaging,0.0
2,QSER1 (79832)_damaging,0.0
2,CSTF3 (1479)_damaging,0.0
2,KIAA1549L (25758)_damaging,0.06590912147279969
2,PHF21A (51317)_damaging,0.0
2,DGKZ (8525)_damaging,0.21562607235186648
2,CKAP5 (9793)_damaging,0.0
2,LRP4 (4038)_damaging,0.0
2,FOLH1 (2346)_damaging,0.0
2,OR4A15 (81328)_damaging,0.0
2,OR4P4 (81300)_damaging,0.0
2,CTNND1 (1500)_damaging,0.0
2,DTX4 (23220)_damaging,0.0
2,AHNAK (79026)_damaging,0.0
2,SLC3A2 (6520)_damaging,0.1320674312192325
2,PLCB3 (5331)_damaging,0.0
2,NRXN2 (9379)_damaging,0.0
2,MEN1 (4221)_damaging,0.004070654077535685
2,ATG2A (23130)_damaging,0.0
2,PCNX3 (399909)_damaging,0.6421100655755845
2,RIN1 (9610)_damaging,0.0
2,SHANK2 (22941)_damaging,0.040138494509785856
2,NUMA1 (4926)_damaging,0.0
2,INPPL1 (3636)_damaging,0.0
2,ARHGEF17 (9828)_damaging,0.0
2,C2CD3 (26005)_damaging,0.013848086006095769
2,MYO7A (4647)_damaging,0.2145221381182193
2,RSF1 (51773)_damaging,0.0
2,TENM4 (26011)_damaging,0.0
2,PCF11 (51585)_damaging,0.0
2,DLG2 (1740)_damaging,0.18779335494036753
2,SYTL2 (54843)_damaging,0.06497242576569777
2,FAT3 (120114)_damaging,0.0
2,DEUP1 (159989)_damaging,0.09802047146914228
2,CNTN5 (53942)_damaging,0.550827384273214
2,CEP126 (57562)_damaging,0.07263639376903597
2,MMP3 (4314)_damaging,0.0
2,MMP12 (4321)_damaging,0.0
2,DYNC2H1 (79659)_damaging,0.0
2,GRIA4 (2893)_damaging,0.0
2,CWF19L2 (143884)_damaging,0.0
2,NPAT (4863)_damaging,0.0
2,ATM (472)_damaging,0.0
2,EXPH5 (23086)_damaging,0.0
2,NKAPD1 (55216)_damaging,0.011902881020238315
2,USP28 (57646)_damaging,0.0693472844597861
2,DSCAML1 (57453)_damaging,0.003192591199316645
2,KMT2A (4297)_damaging,0.13270259774879978
2,BCL9L (283149)_damaging,0.054717234364702695
2,MFRP (83552)_damaging,0.0
2,ARHGEF12 (23365)_damaging,0.0
2,TECTA (7007)_damaging,0.18250869075974815
2,SORL1 (6653)_damaging,0.0
2,ROBO3 (64221)_damaging,0.0
2,NFRKB (4798)_damaging,0.0
2,IGSF9B (22997)_damaging,0.0113148376595449
2,GLB1L2 (89944)_damaging,0.0
2,KDM5A (5927)_damaging,0.0
2,WNK1 (65125)_damaging,0.0
2,CACNA1C (775)_damaging,0.0
2,VWF (7450)_damaging,0.0
2,PLEKHG6 (55200)_damaging,0.0
2,CHD4 (1108)_damaging,0.019015754622056746
2,ATN1 (1822)_damaging,0.0
2,A2ML1 (144568)_damaging,0.03941357926202616
2,A2M (2)_damaging,0.08635789698488451
2,PZP (5858)_damaging,0.0
2,ETV6 (2120)_damaging,0.0038404113528134965
2,GRIN2B (2904)_damaging,0.003108450262075422
2,ATF7IP (55729)_damaging,0.0
2,GUCY2C (2984)_damaging,0.014243903405175246
2,EPS8 (2059)_damaging,0.0
2,PIK3C2G (5288)_damaging,0.0
2,SLCO1B3 (28234)_damaging,0.0035225550550503333
2,RECQL (5965)_damaging,0.0
2,ABCC9 (10060)_damaging,0.0
2,ITPR2 (3709)_damaging,0.0
2,OVCH1 (341350)_damaging,0.0
2,KIF21A (55605)_damaging,0.0
2,LRRK2 (120892)_damaging,0.0
2,MUC19 (283463)_damaging,1.7126175045713214
2,CNTN1 (1272)_damaging,0.0
2,PDZRN4 (29951)_damaging,0.0
2,ADAMTS20 (80070)_damaging,0.0
2,ANO6 (196527)_damaging,0.0
2,ARID2 (196528)_damaging,0.0
2,HDAC7 (51564)_damaging,0.0
2,COL2A1 (1280)_damaging,0.012493783137942412
2,WNT1 (7471)_damaging,0.011316004943071412
2,KMT2D (8085)_damaging,0.0
2,NCKAP5L (57701)_damaging,0.5064136826184599
2,DIP2B (57609)_damaging,0.0
2,SCN8A (6334)_damaging,0.0
2,MAP3K12 (7786)_damaging,0.0306162325348808
2,PAN2 (9924)_damaging,0.0
2,STAT2 (6773)_damaging,0.0
2,NACA (4666)_damaging,0.05457279963919477
2,MYO1A (4640)_damaging,0.030584991704548165
2,STAT6 (6778)_damaging,0.0
2,LRP1 (4035)_damaging,0.0
2,R3HDM2 (22864)_damaging,0.0
2,GLI1 (2735)_damaging,0.0
2,MBD6 (114785)_damaging,0.0
2,KIF5A (3798)_damaging,0.7930360901823764
2,PTPRB (5787)_damaging,0.28434274599234666
2,ZFC3H1 (196441)_damaging,0.0
2,NAV3 (89795)_damaging,0.0
2,OTOGL (283310)_damaging,0.02669469347923733
2,PTPRQ (374462)_damaging,0.0
2,PPFIA2 (8499)_damaging,0.0
2,LRRIQ1 (84125)_damaging,0.0
2,CEP290 (80184)_damaging,0.0
2,EEA1 (8411)_damaging,0.7089206334427228
2,PLXNC1 (10154)_damaging,0.0
2,CFAP54 (144535)_damaging,0.0
2,ANKS1B (56899)_damaging,0.0
2,BLTP3B (23074)_damaging,0.0
2,UTP20 (27340)_damaging,0.0
2,STAB2 (55576)_damaging,0.03490558797666389
2,HCFC2 (29915)_damaging,0.0
2,ALDH1L2 (160428)_damaging,0.0
2,ACACB (32)_damaging,0.0
2,MVK (4598)_damaging,0.0
2,CUX2 (23316)_damaging,0.0
2,HECTD4 (283450)_damaging,0.02996554069448793
2,NOS1 (4842)_damaging,0.0
2,CIT (11113)_damaging,0.0690220473191981
2,GCN1 (10985)_damaging,0.09672149741374274
2,HNF1A (6927)_damaging,0.03718423706667582
2,KDM2B (84678)_damaging,0.041104976397869655
2,SETD1B (23067)_damaging,0.0
2,KNTC1 (9735)_damaging,0.0
2,HIP1R (9026)_damaging,0.09687308818771764
2,SBNO1 (55206)_damaging,0.0
2,DNAH10 (196385)_damaging,0.21149555969561074
2,NCOR2 (9612)_damaging,0.03368976084597895
2,TMEM132D (121256)_damaging,0.0
2,RIMBP2 (23504)_damaging,0.4989486870790339
2,SFSWAP (6433)_damaging,0.0
2,EP400 (57634)_damaging,0.0
2,POLE (5426)_damaging,0.0
2,GOLGA3 (2802)_damaging,0.0
2,SACS (26278)_damaging,0.0
2,RNF17 (56163)_damaging,0.08039599543820031
2,CENPJ (55835)_damaging,0.06443911771327103
2,ATP8A2 (51761)_damaging,0.0
2,PAN3 (255967)_damaging,0.0
2,FRY (10129)_damaging,0.0
2,BRCA2 (675)_damaging,0.0
2,PDS5B (23047)_damaging,0.7504803729095043
2,NBEA (26960)_damaging,0.03306706041725222
2,POSTN (10631)_damaging,0.0
2,FREM2 (341640)_damaging,0.018093536863730744
2,FOXO1 (2308)_damaging,0.0
2,DGKH (160851)_damaging,0.0
2,ERICH6B (220081)_damaging,0.0
2,ZC3H13 (23091)_damaging,0.0
2,RB1 (5925)_damaging,0.5199784175279402
2,RCBTB2 (1102)_damaging,0.0
2,DIAPH3 (81624)_damaging,0.0013789370340885787
2,KLHL1 (57626)_damaging,0.0
2,DACH1 (1602)_damaging,0.0
2,MYCBP2 (23077)_damaging,0.0
2,SLITRK5 (26050)_damaging,0.0
2,PCCA (5095)_damaging,0.0
2,NALCN (259232)_damaging,0.0
2,CCDC168 (643677)_damaging,0.0
2,MYO16 (23026)_damaging,0.0
2,COL4A1 (1282)_damaging,0.0
2,COL4A2 (1284)_damaging,0.0
2,ARHGEF40 (55701)_damaging,0.0
2,RPGRIP1 (57096)_damaging,0.0
2,CHD8 (57680)_damaging,0.0
2,AJUBA (84962)_damaging,0.23727248675575652
2,ACIN1 (22985)_damaging,0.0
2,MYH6 (4624)_damaging,0.007896180431196689
2,MYH7 (4625)_damaging,0.0
2,ZFHX2 (85446)_damaging,0.0
2,CARMIL3 (90668)_damaging,0.0
2,NYNRIN (57523)_damaging,0.0
2,HECTD1 (25831)_damaging,0.0
2,AKAP6 (9472)_damaging,0.0
2,NPAS3 (64067)_damaging,0.0
2,RALGAPA1 (253959)_damaging,0.0
2,TTC6 (319089)_damaging,0.0
2,MIA2 (4253)_damaging,0.014550872774315287
2,TOGARAM1 (23116)_damaging,0.06109390616365516
2,FANCM (57697)_damaging,0.13339855064057388
2,MIS18BP1 (55320)_damaging,0.0
2,MDGA2 (161357)_damaging,0.0
2,NIN (51199)_damaging,0.0
2,NID2 (22795)_damaging,0.0
2,KTN1 (3895)_damaging,0.0
2,ARID4A (5926)_damaging,0.05258605436994324
2,HIF1A (3091)_damaging,0.0
2,KCNH5 (27133)_damaging,0.0
2,SYNE2 (23224)_damaging,0.2472585367316919
2,SPTB (6710)_damaging,0.0
2,PCNX1 (22990)_damaging,0.0
2,SIPA1L1 (26037)_damaging,0.0
2,MIDEAS (91748)_damaging,0.0
2,YLPM1 (56252)_damaging,0.0
2,MLH3 (27030)_damaging,0.18825990653796582
2,NRXN3 (9369)_damaging,0.001476117010963182
2,CEP128 (145508)_damaging,0.0
2,GALC (2581)_damaging,0.0
2,PTPN21 (11099)_damaging,0.0
2,EML5 (161436)_damaging,0.0
2,FOXN3 (1112)_damaging,0.0
2,TRIP11 (9321)_damaging,0.0
2,UNC79 (57578)_damaging,0.07527660799056989
2,ATG2B (55102)_damaging,0.0
2,RTL1 (388015)_damaging,0.08930845467258162
2,DYNC1H1 (1778)_damaging,0.14463860751466695
2,KIF26A (26153)_damaging,0.0
2,INF2 (64423)_damaging,0.0
2,AHNAK2 (113146)_damaging,0.0
2,MTA1 (9112)_damaging,0.0
2,SNHG14 (104472715)_damaging,0.050829142052923985
2,HERC2 (8924)_damaging,0.0
2,ENTREP2 (23359)_damaging,0.0
2,TJP1 (7082)_damaging,0.03592539989130476
2,TRPM1 (4308)_damaging,0.10307344266354565
2,FMN1 (342184)_damaging,0.0
2,RYR3 (6263)_damaging,0.0
2,SPRED1 (161742)_damaging,0.0
2,CCDC9B (388115)_damaging,0.0
2,INO80 (54617)_damaging,0.0
2,TYRO3 (7301)_damaging,0.0315543593900601
2,MGA (23269)_damaging,0.0
2,SPTBN5 (51332)_damaging,0.0
2,ZNF106 (64397)_damaging,0.05783313411125838
2,STARD9 (57519)_damaging,0.0
2,CDAN1 (146059)_damaging,0.0
2,TP53BP1 (7158)_damaging,0.09714774124593764
2,MAP1A (4130)_damaging,0.0
2,SPG11 (80208)_damaging,0.0
2,B2M (567)_damaging,0.0
2,DUOX2 (50506)_damaging,0.0
2,FBN1 (2200)_damaging,0.0
2,USP8 (9101)_damaging,0.0
2,TRPM7 (54822)_damaging,0.0
2,DMXL2 (23312)_damaging,0.0
2,MYO5C (55930)_damaging,0.0548685184561679
2,WDR72 (256764)_damaging,0.0
2,UNC13C (440279)_damaging,0.0
2,RFX7 (64864)_damaging,0.0
2,ICE2 (79664)_damaging,0.0710187770811799
2,VPS13C (54832)_damaging,0.048334903381707595
2,TLN2 (83660)_damaging,0.0
2,HERC1 (8925)_damaging,0.0
2,ZNF609 (23060)_damaging,0.1008772731403498
2,CILP (8483)_damaging,0.020122609877203795
2,MYO9A (4649)_damaging,0.0
2,HCN4 (10021)_damaging,0.13203349181931048
2,ARID3B (10620)_damaging,0.0012991692381588286
2,SIN3A (25942)_damaging,0.17465436032260734
2,PEAK1 (79834)_damaging,0.0
2,AP3B2 (8120)_damaging,0.02529787150789252
2,ADAMTSL3 (57188)_damaging,0.0
2,AKAP13 (11214)_damaging,0.15775006899461425
2,AGBL1 (123624)_damaging,0.0
2,TICRR (90381)_damaging,0.0
2,KIF7 (374654)_damaging,0.0
2,IQGAP1 (8826)_damaging,0.0
2,BLM (641)_damaging,0.0
2,FES (2242)_damaging,0.0
2,CHD2 (1106)_damaging,0.0
2,LRRK1 (79705)_damaging,0.012943831539340436
2,AXIN1 (8312)_damaging,0.0
2,WDR90 (197335)_damaging,0.0
2,UNKL (64718)_damaging,0.0
2,CRAMP1 (57585)_damaging,0.0
2,TSC2 (7249)_damaging,0.0
2,PKD1 (5310)_damaging,0.0
2,SLX4 (84464)_damaging,0.0
2,CREBBP (1387)_damaging,0.7893446987617742
2,CORO7 (79585)_damaging,0.0
2,GRIN2A (2903)_damaging,0.009034089367807118
2,MARF1 (9665)_damaging,0.0
2,KNOP1 (400506)_damaging,0.17853595698241584
2,DNAH3 (55567)_damaging,0.0
2,USP31 (57478)_damaging,0.0
2,SCNN1B (6338)_damaging,0.021169467151038422
2,PALB2 (79728)_damaging,0.0
2,RBBP6 (5930)_damaging,0.0
2,TNRC6A (27327)_damaging,0.0
2,ARHGAP17 (55114)_damaging,0.1899127655503493
2,GTF3C1 (2975)_damaging,0.19160875803263772
2,ATXN2L (11273)_damaging,0.0
2,ITGAL (3683)_damaging,0.0
2,PRR14 (78994)_damaging,0.0
2,SRCAP (10847)_damaging,0.0
2,SETD1A (9739)_damaging,0.0
2,ZNF668 (79759)_damaging,0.2063024796950182
2,SALL1 (6299)_damaging,0.0
2,CHD9 (80205)_damaging,0.0
2,RBL2 (5934)_damaging,0.0
2,NLRC5 (84166)_damaging,0.07035995438497795
2,CNGB1 (1258)_damaging,0.0
2,CDH8 (1006)_damaging,0.0
2,CDH11 (1009)_damaging,0.0
2,CTCF (10664)_damaging,1.3343638033416794
2,CDH1 (999)_damaging,0.0
2,MTSS2 (92154)_damaging,0.0
2,DHX38 (9785)_damaging,0.27105476713128185
2,ZFHX3 (463)_damaging,0.0
2,CNTNAP4 (85445)_damaging,0.0
2,ADAMTS18 (170692)_damaging,0.02604763679825993
2,PKD1L2 (114780)_damaging,0.0
2,TAF1C (9013)_damaging,0.013569276826437044
2,IRF8 (3394)_damaging,0.08464835385674291
2,ZNF469 (84627)_damaging,0.0
2,ZC3H18 (124245)_damaging,0.0
2,LINC02138 (400558)_damaging,0.0
2,CDH15 (1013)_damaging,0.0
2,ANKRD11 (29123)_damaging,0.0
2,VPS9D1 (9605)_damaging,0.0
2,FANCA (2175)_damaging,0.0
2,WDR81 (124997)_damaging,0.0
2,CLUH (23277)_damaging,0.0
2,SPATA22 (84690)_damaging,0.0
2,ZZEF1 (23140)_damaging,0.0
2,USP6 (9098)_damaging,0.0
2,WSCD1 (23302)_damaging,0.0
2,FXR2 (9513)_damaging,0.3558286918807785
2,TP53 (7157)_damaging,20.996575860782126
2,DNAH2 (146754)_damaging,0.0
2,KDM6B (23135)_damaging,0.043097767914086614
2,CHD3 (1107)_damaging,0.0
2,PER1 (5187)_damaging,0.0
2,PFAS (5198)_damaging,0.0
2,USP43 (124739)_damaging,0.013883621737433016
2,MYH13 (8735)_damaging,0.06339635606052153
2,MYH8 (4626)_damaging,0.03877010124272301
2,MYH1 (4619)_damaging,0.6337174260961252
2,MYH2 (4620)_damaging,0.0
2,DNAH9 (1770)_damaging,0.0
2,MAP2K4 (6416)_damaging,0.0
2,MYOCD (93649)_damaging,0.0
2,NCOR1 (9611)_damaging,0.05727743523263278
2,MPRIP (23164)_damaging,0.0
2,FLCN (201163)_damaging,0.0
2,MYO15A (51168)_damaging,0.03377399796306418
2,TOP3A (7156)_damaging,0.0
2,KSR1 (8844)_damaging,0.0
2,MYO18A (399687)_damaging,0.0
2,SSH2 (85464)_damaging,0.022801963542735757
2,EFCAB5 (374786)_damaging,0.0
2,ATAD5 (79915)_damaging,0.0
2,NF1 (4763)_damaging,0.0
2,SUZ12 (23512)_damaging,0.0
2,SLFN11 (91607)_damaging,0.0
2,ACACA (31)_damaging,0.01781734353494292
2,GPR179 (440435)_damaging,0.0
2,ARHGAP23 (57636)_damaging,0.0
2,SRCIN1 (80725)_damaging,0.0
2,TOP2A (7153)_damaging,0.0
2,KCNH4 (23415)_damaging,0.0
2,STAT5B (6777)_damaging,0.0
2,BRCA1 (672)_damaging,0.09997497675294247
2,ITGA2B (3674)_damaging,0.0
2,GPATCH8 (23131)_damaging,0.0
2,KANSL1 (284058)_damaging,0.1684620658030942
2,HOXB3 (3213)_damaging,0.0
2,COL1A1 (1277)_damaging,0.7205036191253361
2,RNF43 (54894)_damaging,0.0
2,PPM1D (8493)_damaging,0.0
2,INTS2 (57508)_damaging,0.06254912766431257
2,MED13 (9969)_damaging,0.0
2,MRC2 (9902)_damaging,0.0
2,SCN4A (6329)_damaging,0.0
2,GNA13 (10672)_damaging,0.0
2,AXIN2 (8313)_damaging,0.0
2,BPTF (2186)_damaging,0.15343404939998145
2,ABCA8 (10351)_damaging,0.0
2,ABCA9 (10350)_damaging,0.04453634833491667
2,ABCA6 (23460)_damaging,0.0
2,ABCA10 (10349)_damaging,0.0
2,ABCA5 (23461)_damaging,0.0
2,SOX9 (6662)_damaging,0.0
2,SDK2 (54549)_damaging,0.0
2,TMEM94 (9772)_damaging,0.0
2,CASKIN2 (57513)_damaging,0.0
2,MYO15B (80022)_damaging,0.0
2,ITGB4 (3691)_damaging,0.0
2,EVPL (2125)_damaging,0.0
2,SPHK1 (8877)_damaging,0.0
2,TNRC6C (57690)_damaging,0.0
2,DNAH17 (8632)_damaging,0.0
2,CARD14 (79092)_damaging,0.0
2,RPTOR (57521)_damaging,0.0
2,BAHCC1 (57597)_damaging,0.0
2,FASN (2194)_damaging,0.07907318347917555
2,NARF (26502)_damaging,0.18323533655334617
2,FOXK2 (3607)_damaging,0.0
2,SMCHD1 (23347)_damaging,0.1016254986096331
2,EPB41L3 (23136)_damaging,0.01980632445805597
2,LAMA1 (284217)_damaging,0.03332997685168757
2,PTPRM (5797)_damaging,0.0
2,MTCL1 (23255)_damaging,0.0
2,ANKRD12 (23253)_damaging,0.0
2,PIEZO2 (63895)_damaging,0.0
2,ANKRD30B (374860)_damaging,0.0
2,ROCK1 (6093)_damaging,0.0
2,GREB1L (80000)_damaging,0.0
2,ESCO1 (114799)_damaging,0.0
2,LAMA3 (3909)_damaging,0.032382679539016794
2,OSBPL1A (114876)_damaging,0.0
2,ZNF521 (25925)_damaging,0.0
2,CCDC178 (374864)_damaging,0.0
2,ASXL3 (80816)_damaging,0.041816155327303546
2,FHOD3 (80206)_damaging,0.0
2,SETBP1 (26040)_damaging,0.0
2,LOXHD1 (125336)_damaging,0.23822247044641606
2,SKOR2 (652991)_damaging,0.0
2,ZBTB7C (201501)_damaging,0.0
2,MYO5B (4645)_damaging,0.0
2,SMAD4 (4089)_damaging,0.35634451136190404
2,DCC (1630)_damaging,0.0
2,ALPK2 (115701)_damaging,0.0
2,CDH7 (1005)_damaging,0.1217243094989255
2,DSEL (92126)_damaging,0.04938390690887883
2,RTTN (25914)_damaging,0.0
2,CBLN2 (147381)_damaging,0.0
2,ZNF407 (55628)_damaging,0.0
2,ZNF236 (7776)_damaging,0.0
2,SALL3 (27164)_damaging,0.0
2,ATP9B (374868)_damaging,0.0
2,KCNG2 (26251)_damaging,0.02332024523840736
2,ABCA7 (10347)_damaging,0.0
2,STK11 (6794)_damaging,1.0944956721814856
2,TCF3 (6929)_damaging,0.008903024468619708
2,AP3D1 (8943)_damaging,0.22020480500964498
2,DOT1L (84444)_damaging,0.0
2,ZBTB7A (51341)_damaging,0.0
2,TICAM1 (148022)_damaging,0.0
2,KDM4B (23030)_damaging,0.028164873581995254
2,PTPRS (5802)_damaging,0.18715553583925626
2,SAFB2 (9667)_damaging,0.0
2,SAFB (6294)_damaging,0.0
2,CAMSAP3 (57662)_damaging,0.0
2,MAP2K7 (5609)_damaging,0.0
2,FBN3 (84467)_damaging,0.0
2,MUC16 (94025)_damaging,0.03777574299514719
2,COL5A3 (50509)_damaging,0.12010689990477597
2,DNMT1 (1786)_damaging,0.0
2,KEAP1 (9817)_damaging,0.6571279665994445
2,DNM2 (1785)_damaging,0.0870538223959314
2,SMARCA4 (6597)_damaging,0.44115464687713646
2,MAST1 (22983)_damaging,0.0
2,CACNA1A (773)_damaging,0.44670364598130036
2,NOTCH3 (4854)_damaging,0.0
2,BRD4 (23476)_damaging,0.01039991400091306
2,WIZ (58525)_damaging,0.0
2,SIN3B (23309)_damaging,0.0
2,CPAMD8 (27151)_damaging,0.3319254977282053
2,MYO9B (4650)_damaging,0.0
2,CRLF1 (9244)_damaging,0.0
2,ZNF90 (7643)_damaging,0.0
2,ZNF429 (353088)_damaging,0.12809220057779436
2,ZNF729 (100287226)_damaging,0.11571409460863455
2,ZNF99 (7652)_damaging,0.03180795330588166
2,ZNF536 (9745)_damaging,0.0
2,TSHZ3 (57616)_damaging,0.0
2,KMT2B (9757)_damaging,0.0
2,WDR87 (83889)_damaging,0.0
2,RYR1 (6261)_damaging,0.0
2,CAPN12 (147968)_damaging,0.11602888786438596
2,FCGBP (8857)_damaging,0.0
2,PRX (57716)_damaging,0.025062179238212367
2,AXL (558)_damaging,0.0
2,HNRNPUL1 (11100)_damaging,0.0
2,ARHGEF1 (9138)_damaging,0.0
2,ERF (2077)_damaging,0.0
2,CIC (23152)_damaging,0.0
2,MEGF8 (1954)_damaging,0.0
2,ARHGAP35 (2909)_damaging,0.0
2,BICRA (29998)_damaging,0.0
2,LMTK3 (114783)_damaging,0.06832326560355048
2,TRPM4 (54795)_damaging,0.0
2,PRR12 (57479)_damaging,0.0
2,SCAF1 (58506)_damaging,0.0
2,MYH14 (79784)_damaging,0.0
2,POLD1 (5424)_damaging,0.0
2,SHANK1 (50944)_damaging,0.0
2,PPP2R1A (5518)_damaging,0.0
2,NLRP7 (199713)_damaging,0.8964563522437431
2,BRSK1 (84446)_damaging,0.0
2,SSC5D (284297)_damaging,0.016766403898549984
2,NLRP4 (147945)_damaging,0.0
2,PEG3 (5178)_damaging,0.04233767308267533
2,ZIM3 (114026)_damaging,0.0
2,TPO (7173)_damaging,0.0
2,PXDN (7837)_damaging,0.0
2,MYT1L (23040)_damaging,0.025275508018339287
2,ROCK2 (9475)_damaging,0.0
2,GREB1 (9687)_damaging,0.0
2,NBAS (51594)_damaging,0.05105987250489835
2,RAD51AP2 (729475)_damaging,0.0
2,APOB (338)_damaging,0.0
2,TDRD15 (100129278)_damaging,0.0
2,ATAD2B (54454)_damaging,0.0
2,ITSN2 (50618)_damaging,0.0
2,DNMT3A (1788)_damaging,0.0
2,ASXL2 (55252)_damaging,0.0
2,OTOF (9381)_damaging,0.04140302237355291
2,EMILIN1 (11117)_damaging,0.0
2,CAD (790)_damaging,0.0
2,IFT172 (26160)_damaging,0.0
2,SPATA31H1 (84226)_damaging,1.035585792501776
2,ALK (238)_damaging,0.0
2,BIRC6 (57448)_damaging,0.0
2,LTBP1 (4052)_damaging,0.13936263667563653
2,ZFP36L2 (678)_damaging,0.0366175144953635
2,THADA (63892)_damaging,0.035374911109530255
2,MSH2 (4436)_damaging,0.11495441924269459
2,MSH6 (2956)_damaging,0.0
2,LHCGR (3973)_damaging,0.0
2,NRXN1 (9378)_damaging,0.36397058181159075
2,PSME4 (23198)_damaging,0.005633714605686866
2,SPTBN1 (6711)_damaging,0.0
2,EML6 (400954)_damaging,0.09815153185719525
2,MTIF2 (4528)_damaging,0.0
2,CCDC88A (55704)_damaging,0.38570878360391897
2,USP34 (9736)_damaging,0.0
2,C2orf42 (54980)_damaging,0.0
2,ZNF638 (27332)_damaging,0.02597003631937837
2,DYSF (8291)_damaging,0.0
2,ALMS1 (7840)_damaging,0.0
2,LOXL3 (84695)_damaging,0.0
2,CTNNA2 (1496)_damaging,0.0
2,DNAH6 (1768)_damaging,0.0
2,PROM2 (150696)_damaging,0.0
2,ANKRD36 (375248)_damaging,0.0
2,TMEM131 (23505)_damaging,0.0
2,VWA3B (200403)_damaging,0.0
2,CRACDL (343990)_damaging,0.0
2,EIF5B (9669)_damaging,0.0
2,REV1 (51455)_damaging,0.0
2,MAP4K4 (9448)_damaging,0.0
2,RANBP2 (5903)_damaging,0.08056369354401498
2,DPP10 (57628)_damaging,0.0
2,MARCO (8685)_damaging,0.0
2,EPB41L5 (57669)_damaging,0.0
2,CLASP1 (23332)_damaging,0.0
2,CNTNAP5 (129684)_damaging,0.00962641354221696
2,UGGT1 (56886)_damaging,0.0
2,ARHGEF4 (50649)_damaging,0.03213301128067693
2,NCKAP5 (344148)_damaging,0.013792275183639832
2,THSD7B (80731)_damaging,0.0
2,LRP1B (53353)_damaging,0.0
2,ACVR2A (92)_damaging,0.0
2,ORC4 (5000)_damaging,0.0
2,KIF5C (3800)_damaging,0.13665200735877436
2,RIF1 (55183)_damaging,0.0
2,NEB (4703)_damaging,0.0
2,GALNT13 (114805)_damaging,0.0
2,BAZ2B (29994)_damaging,0.0
2,LY75 (4065)_damaging,0.13376900192052665
2,PLA2R1 (22925)_damaging,0.0
2,SLC4A10 (57282)_damaging,0.03412730694057943
2,KCNH7 (90134)_damaging,0.0
2,FIGN (55137)_damaging,0.0
2,SCN3A (6328)_damaging,0.0
2,SCN2A (6326)_damaging,0.0
2,TTC21B (79809)_damaging,0.0
2,SCN1A (6323)_damaging,0.0
2,SCN9A (6335)_damaging,0.0
2,SCN7A (6332)_damaging,0.0
2,XIRP2 (129446)_damaging,0.16055362660612035
2,LRP2 (4036)_damaging,0.30041084829465464
2,KLHL41 (10324)_damaging,0.0
2,PPIG (9360)_damaging,0.0
2,TTN (7273)_damaging,0.1471198350224909
2,CCDC141 (285025)_damaging,0.0
2,ITGA4 (3676)_damaging,0.0
2,FSIP2 (401024)_damaging,0.0
2,COL3A1 (1281)_damaging,0.0
2,COL5A2 (1290)_damaging,0.0
2,DNAH7 (56171)_damaging,0.0
2,HECW2 (57520)_damaging,0.0
2,PLCL1 (5334)_damaging,0.0
2,SGO2 (151246)_damaging,0.0
2,AOX1 (316)_damaging,0.1350431538578303
2,CASP8 (841)_damaging,0.0
2,BMPR2 (659)_damaging,0.0
2,NBEAL1 (65065)_damaging,0.0
2,INO80D (54891)_damaging,0.2373487207523407
2,ZDBF2 (57683)_damaging,0.0
2,ADAM23 (8745)_damaging,0.0
2,MAP2 (4133)_damaging,0.0
2,UNC80 (285175)_damaging,0.0
2,KANSL1L (151050)_damaging,0.018973846370904743
2,CPS1 (1373)_damaging,0.0637672341109332
2,ERBB4 (2066)_damaging,0.0
2,ABCA12 (26154)_damaging,0.4147088433882809
2,FN1 (2335)_damaging,0.36986647300569314
2,TNS1 (7145)_damaging,0.0
2,CFAP65 (255101)_damaging,0.03256864542633643
2,SPEG (10290)_damaging,0.0
2,OBSL1 (23363)_damaging,0.0
2,SLC4A3 (6508)_damaging,0.0
2,DOCK10 (55619)_damaging,0.03287798266422963
2,IRS1 (3667)_damaging,0.025456920912786053
2,COL4A4 (1286)_damaging,0.0
2,SPHKAP (80309)_damaging,0.020819796982340197
2,TRIP12 (9320)_damaging,0.0
2,GIGYF2 (26058)_damaging,0.0
2,MROH2A (339766)_damaging,0.052735880459331856
2,COL6A3 (1293)_damaging,0.0
2,HDAC4 (9759)_damaging,0.08022586616731486
2,KIF1A (547)_damaging,0.0
2,TGM6 (343641)_damaging,0.0
2,FASTKD5 (60493)_damaging,0.10275355627251191
2,SLC4A11 (83959)_damaging,0.0
2,PLCB4 (5332)_damaging,0.0
2,ESF1 (51575)_damaging,0.007052687298014077
2,SEL1L2 (80343)_damaging,0.0
2,CFAP61 (26074)_damaging,0.0
2,CD93 (22918)_damaging,0.0
2,ASXL1 (171023)_damaging,0.4036381825540549
2,NCOA6 (23054)_damaging,0.0
2,MYH7B (57644)_damaging,0.021818305491916754
2,SAMHD1 (25939)_damaging,0.0
2,KIAA1755 (85449)_damaging,0.004479717533845855
2,RALGAPB (57148)_damaging,0.0
2,PTPRT (11122)_damaging,0.0
2,CDH22 (64405)_damaging,0.7735786386048253
2,DDX27 (55661)_damaging,0.0
2,KCNB1 (3745)_damaging,0.0
2,RIPOR3 (140876)_damaging,0.0
2,ADNP (23394)_damaging,0.038413082831232265
2,ZNF831 (128611)_damaging,0.015199165658570041
2,SYCP2 (10388)_damaging,0.04192018822293504
2,TAF4 (6874)_damaging,0.0
2,LAMA5 (3911)_damaging,0.0
2,DIDO1 (11083)_damaging,0.0
2,KCNQ2 (3785)_damaging,0.0
2,HELZ2 (85441)_damaging,0.4475771482534392
2,TPTE (7179)_damaging,0.0012788626162652309
2,NRIP1 (8204)_damaging,0.0
2,LTN1 (26046)_damaging,0.0
2,USP16 (10600)_damaging,0.0
2,SCAF4 (57466)_damaging,0.31585443655292017
2,SYNJ1 (8867)_damaging,0.012825045099915224
2,ITSN1 (6453)_damaging,0.008582644083163
2,DOP1B (9980)_damaging,0.0
2,BRWD1 (54014)_damaging,0.06455554385830366
2,DSCAM (1826)_damaging,0.0
2,UMODL1 (89766)_damaging,0.0014924763468638497
2,TRPM2 (7226)_damaging,0.020252172047596696
2,COL18A1 (80781)_damaging,0.0
2,PCNT (5116)_damaging,0.0
2,CECR2 (27443)_damaging,0.0
2,ZDHHC8 (29801)_damaging,0.0
2,MED15 (51586)_damaging,0.0
2,PI4KA (5297)_damaging,0.0
2,LZTR1 (8216)_damaging,0.0
2,SMARCB1 (6598)_damaging,0.0
2,MYO18B (84700)_damaging,0.0
2,MN1 (4330)_damaging,0.0
2,CHEK2 (11200)_damaging,0.0
2,NF2 (4771)_damaging,3.1170055448459606
2,MTMR3 (8897)_damaging,0.3332995170840364
2,PRR14L (253143)_damaging,0.0
2,DEPDC5 (9681)_damaging,0.0
2,RTCB (51493)_damaging,0.0
2,MYH9 (4627)_damaging,0.49357130701129814
2,CSF2RB (1439)_damaging,0.24593616454679082
2,TMPRSS6 (164656)_damaging,0.0
2,TRIOBP (11078)_damaging,0.0
2,CACNA1I (8911)_damaging,0.012816350855679457
2,TNRC6B (23112)_damaging,0.0
2,EP300 (2033)_damaging,0.0
2,ZC3H7B (23264)_damaging,0.0
2,MEI1 (150365)_damaging,0.0
2,TCF20 (6942)_damaging,0.0
2,SERHL2 (253190)_damaging,0.0
2,SMC1B (27127)_damaging,0.0
2,PKDREJ (10343)_damaging,0.0
2,PLXNB2 (23654)_damaging,1.064063877440923
2,PPP6R2 (9701)_damaging,0.07368068291968136
2,SBF1 (6305)_damaging,0.0
2,KLHDC7B (113730)_damaging,0.0
2,CNTN6 (27255)_damaging,0.0
2,CNTN4 (152330)_damaging,0.0
2,GRM7 (2917)_damaging,0.15158301289369575
2,VHL (7428)_damaging,1.0495798380426593
2,KCNH8 (131096)_damaging,0.0
2,TGFBR2 (7048)_damaging,0.0
2,CLASP2 (23122)_damaging,0.0
2,TRANK1 (9881)_damaging,0.0
2,MLH1 (4292)_damaging,0.0
2,GOLGA4 (2803)_damaging,0.20563531675143262
2,VILL (50853)_damaging,0.0
2,SCN10A (6336)_damaging,0.0
2,SCN11A (11280)_damaging,0.0
2,TOPAZ1 (375337)_damaging,0.0
2,KIF15 (56992)_damaging,0.0
2,SETD2 (29072)_damaging,0.0
2,PTPN23 (25930)_damaging,0.0
2,PLXNB1 (5364)_damaging,0.0
2,COL7A1 (1294)_damaging,0.0
2,CELSR3 (1951)_damaging,0.0
2,RHOA (387)_damaging,0.0024540073073527537
2,BSN (8927)_damaging,0.0
2,RBM6 (10180)_damaging,0.0
2,DOCK3 (1795)_damaging,0.0
2,DNAH1 (25981)_damaging,0.0
2,BAP1 (8314)_damaging,0.1359662938692155
2,STAB1 (23166)_damaging,0.0
2,PBRM1 (55193)_damaging,0.061221907205236875
2,CACNA1D (776)_damaging,0.019610504464669568
2,DNAH12 (201625)_damaging,0.0
2,FLNB (2317)_damaging,0.0
2,FEZF2 (55079)_damaging,0.0
2,ATXN7 (6314)_damaging,0.02182614798295632
2,ROBO2 (6092)_damaging,0.6744134537668485
2,ROBO1 (6091)_damaging,0.0
2,EPHA3 (2042)_damaging,0.0
2,EPHA6 (285220)_damaging,0.5518207734585268
2,CRYBG3 (131544)_damaging,0.0061737579467115765
2,ABI3BP (25890)_damaging,0.0
2,MYH15 (22989)_damaging,0.06461092816520778
2,DZIP3 (9666)_damaging,0.024242226470142385
2,MORC1 (27136)_damaging,0.0
2,PHLDB2 (90102)_damaging,0.0
2,CFAP44 (55779)_damaging,0.0
2,USF3 (205717)_damaging,0.0
2,ZBTB20 (26137)_damaging,0.11236346442692868
2,CFAP91 (89876)_damaging,0.031640391812008416
2,POLQ (10721)_damaging,0.10641205958788386
2,KALRN (8997)_damaging,0.4114165434938177
2,MBD4 (8930)_damaging,0.0
2,COL6A5 (256076)_damaging,0.0
2,COL6A6 (131873)_damaging,0.0
2,TOPBP1 (11073)_damaging,0.0
2,RASA2 (5922)_damaging,0.0
2,XRN1 (54464)_damaging,0.0
2,ATR (545)_damaging,0.06372925238275819
2,HPS3 (84343)_damaging,0.0
2,MED12L (116931)_damaging,0.029208415729971043
2,IGSF10 (285313)_damaging,0.028274327848906156
2,ARHGEF26 (26084)_damaging,0.0
2,MME (4311)_damaging,0.0
2,PLCH1 (23007)_damaging,0.0
2,SMC4 (10051)_damaging,0.0
2,SI (6476)_damaging,0.011812132212926216
2,ZBBX (79740)_damaging,0.0
2,MECOM (2122)_damaging,0.06308249837865883
2,TNIK (23043)_damaging,0.0
2,PLD1 (5337)_damaging,0.0
2,SPATA16 (83893)_damaging,0.008023490483182164
2,USP13 (8975)_damaging,0.04371415761372921
2,TTC14 (151613)_damaging,0.0
2,B3GNT5 (84002)_damaging,0.018016819521876084
2,VWA5B2 (90113)_damaging,0.0
2,ATP13A5 (344905)_damaging,0.0005213827636307018
2,MUC4 (4585)_damaging,0.0
2,TNK2 (10188)_damaging,0.0
2,NSD2 (7468)_damaging,0.0
2,POLN (353497)_damaging,0.0
2,FAM193A (8603)_damaging,0.0
2,HTT (3064)_damaging,0.015602358155116347
2,JAKMIP1 (152789)_damaging,0.0
2,UNC93B7 (100887746)_damaging,0.07138447676788291
2,BOD1L1 (259282)_damaging,0.00874117554847733
2,PCDH7 (5099)_damaging,0.06404767528711956
2,LIMCH1 (22998)_damaging,0.0
2,BEND4 (389206)_damaging,0.04879535777997829
2,ATP10D (57205)_damaging,0.0
2,CORIN (10699)_damaging,0.0
2,FRYL (285527)_damaging,0.0
2,FIP1L1 (81608)_damaging,0.14492999011545582
2,KDR (3791)_damaging,0.0
2,POLR2B (5431)_damaging,0.0
2,ADGRL3 (23284)_damaging,0.06553232680920487
2,EPHA5 (2044)_damaging,0.0
2,CENPC (1060)_damaging,0.0
2,UGT2B28 (54490)_damaging,0.13702237480422805
2,ADAMTS3 (9508)_damaging,0.0
2,SHROOM3 (57619)_damaging,0.0
2,FRAS1 (80144)_damaging,0.0
2,WDFY3 (23001)_damaging,0.0
2,ARHGAP24 (83478)_damaging,0.0
2,PTPN13 (5783)_damaging,0.0
2,AFF1 (4299)_damaging,0.0
2,MMRN1 (22915)_damaging,0.0
2,GRID2 (2895)_damaging,0.0
2,SMARCAD1 (56916)_damaging,0.0
2,UNC5C (8633)_damaging,0.0
2,CENPE (1062)_damaging,0.0
2,TET2 (54790)_damaging,0.8282933391208812
2,COL25A1 (84570)_damaging,0.09344501581254373
2,EGF (1950)_damaging,0.0
2,ANK2 (287)_damaging,0.04667597922315872
2,NDST4 (64579)_damaging,0.0
2,BLTP1 (84162)_damaging,0.0
2,FAT4 (79633)_damaging,0.0
2,SCLT1 (132320)_damaging,0.0
2,PCDH10 (57575)_damaging,0.0
2,INPP4B (8821)_damaging,0.0
2,FBXW7 (55294)_damaging,0.0
2,FHDC1 (85462)_damaging,0.0
2,DCHS2 (54798)_damaging,0.0009279858395143986
2,MAP9 (79884)_damaging,0.07182608574146461
2,GRIA2 (2891)_damaging,0.0
2,RXFP1 (59350)_damaging,0.0
2,RAPGEF2 (9693)_damaging,0.0
2,FSTL5 (56884)_damaging,0.0
2,DDX60 (55601)_damaging,0.0
2,WDR17 (116966)_damaging,0.020342623028405202
2,TENM3 (55714)_damaging,0.0
2,WWC2 (80014)_damaging,0.0
2,SORBS2 (8470)_damaging,0.0
2,FAT1 (2195)_damaging,0.05285679633574929
2,SDHA (6389)_damaging,0.1837908856776168
2,SLC12A7 (10723)_damaging,0.0
2,SLC6A19 (340024)_damaging,0.0
2,TERT (7015)_damaging,0.0
2,ADAMTS16 (170690)_damaging,0.0
2,ICE1 (23379)_damaging,0.0
2,SEMA5A (9037)_damaging,0.0
2,CTNND2 (1501)_damaging,0.0
2,DNAH5 (1767)_damaging,0.06678252413387914
2,TRIO (7204)_damaging,0.0
2,CDH18 (1016)_damaging,0.0
2,PRDM9 (56979)_damaging,0.0
2,CDH10 (1008)_damaging,0.0
2,CDH6 (1004)_damaging,0.0
2,PDZD2 (23037)_damaging,0.15594633049139808
2,ADAMTS12 (81792)_damaging,0.104308368182334
2,SPEF2 (79925)_damaging,0.0
2,NIPBL (25836)_damaging,0.0
2,CPLANE1 (65250)_damaging,0.0
2,EGFLAM (133584)_damaging,0.0
2,RICTOR (253260)_damaging,0.0
2,C7 (730)_damaging,0.0
2,MROH2B (133558)_damaging,0.07507550838118987
2,C6 (729)_damaging,0.0
2,HCN1 (348980)_damaging,0.0
2,ITGA1 (3672)_damaging,0.0
2,DHX29 (54505)_damaging,0.05541954169543769
2,ZSWIM6 (57688)_damaging,0.0
2,PIK3R1 (5295)_damaging,0.2963832611016152
2,RAD17 (5884)_damaging,0.19155650874977434
2,BDP1 (55814)_damaging,0.0
2,MAP1B (4131)_damaging,0.0
2,ARHGEF28 (64283)_damaging,0.0
2,ANKRD31 (256006)_damaging,0.0
2,IQGAP2 (10788)_damaging,0.0
2,AGGF1 (55109)_damaging,0.0
2,AP3B1 (8546)_damaging,0.0
2,CMYA5 (202333)_damaging,0.06031195998405706
2,MSH3 (4437)_damaging,0.0
2,VCAN (1462)_damaging,0.0
2,RASA1 (5921)_damaging,0.587167553381764
2,ADGRV1 (84059)_damaging,0.0
2,KIAA0825 (285600)_damaging,0.130720952152532
2,MCTP1 (79772)_damaging,0.1648467353021348
2,SKIC3 (9652)_damaging,0.0
2,ARSK (153642)_damaging,0.0
2,PCSK1 (5122)_damaging,0.022768120347529692
2,CHD1 (1105)_damaging,0.0
2,SLCO6A1 (133482)_damaging,0.009817699488637307
2,APC (324)_damaging,0.12992028528068789
2,DMXL1 (1657)_damaging,0.549536859009524
2,CEP120 (153241)_damaging,0.0
2,ZNF608 (57507)_damaging,0.0
2,FBN2 (2201)_damaging,0.0
2,ADAMTS19 (171019)_damaging,0.0
2,FNIP1 (96459)_damaging,0.0
2,RAD50 (10111)_damaging,0.0
2,AFF4 (27125)_damaging,0.0
2,FSTL4 (23105)_damaging,0.0
2,PITX1 (5307)_damaging,2.010913325092345
2,LINC02900 (340073)_damaging,0.3316244457441962
2,CTNNA1 (1495)_damaging,0.0
2,ANKHD1 (54882)_damaging,0.0
2,WDR55 (54853)_damaging,0.2492771707293004
2,PCDHB6 (56130)_damaging,0.019877818854987513
2,ARAP3 (64411)_damaging,0.0
2,NR3C1 (2908)_damaging,0.0
2,TCERG1 (10915)_damaging,0.0
2,FBXO38 (81545)_damaging,0.0
2,FAT2 (2196)_damaging,0.1227532961251614
2,GRIA1 (2890)_damaging,0.0418757309348891
2,LARP1 (23367)_damaging,0.0
2,GABRA6 (2559)_damaging,0.0
2,GABRG2 (2566)_damaging,0.009068137210772256
2,SLIT3 (6586)_damaging,0.0
2,DOCK2 (1794)_damaging,0.0
2,NSD1 (64324)_damaging,0.0
2,ADAMTS2 (9509)_damaging,0.0
2,FLT4 (2324)_damaging,0.04379957769170839
2,DSP (1832)_damaging,0.0
2,HIVEP1 (3096)_damaging,0.0
2,PHACTR1 (221692)_damaging,0.03584769671595617
2,JARID2 (3720)_damaging,0.187483578135938
2,ATXN1 (6310)_damaging,0.07317390688540884
2,GABBR1 (2550)_damaging,0.1536335739615657
2,HLA-A (3105)_damaging,0.0
2,MDC1 (9656)_damaging,0.017254759914685974
2,VARS2 (57176)_damaging,0.0
2,MUCL3 (135656)_damaging,0.0
2,HLA-C (3107)_damaging,0.0
2,HLA-B (3106)_damaging,0.0
2,PRRC2A (7916)_damaging,0.009757532283901516
2,BAG6 (7917)_damaging,0.042018872742823454
2,TNXB (7148)_damaging,0.01600359278026269
2,NOTCH4 (4855)_damaging,0.0
2,HLA-DRB5 (3127)_damaging,0.02153619249071603
2,COL11A2 (1302)_damaging,0.0
2,RGL2 (5863)_damaging,0.07953880009763732
2,ITPR3 (3710)_damaging,0.0
2,BLTP3A (54887)_damaging,0.030946062301456773
2,DNAH8 (1769)_damaging,0.019409539862270654
2,CCND3 (896)_damaging,0.14504341546356658
2,MRPS10 (55173)_damaging,0.0
2,PTK7 (5754)_damaging,0.0
2,ZNF318 (24149)_damaging,0.0
2,TDRD6 (221400)_damaging,0.0
2,MMUT (4594)_damaging,0.33283764449200226
2,PKHD1 (5314)_damaging,0.22157658450309967
2,FAM83B (222584)_damaging,0.0
2,COL21A1 (81578)_damaging,0.0
2,DST (667)_damaging,0.0
2,PHF3 (23469)_damaging,0.0
2,EYS (346007)_damaging,0.0
2,ADGRB3 (577)_damaging,0.0
2,COL19A1 (1310)_damaging,0.0
2,COL9A1 (1297)_damaging,0.0
2,RIMS1 (22999)_damaging,0.0
2,CD109 (135228)_damaging,0.0
2,COL12A1 (1303)_damaging,0.0
2,CEP162 (22832)_damaging,0.0
2,SYNCRIP (10492)_damaging,0.09244536616322518
2,ZNF292 (23036)_damaging,0.0
2,MDN1 (23195)_damaging,0.0
2,CASP8AP2 (9994)_damaging,0.0
2,EPHA7 (2045)_damaging,0.0
2,MMS22L (253714)_damaging,0.0
2,PNISR (25957)_damaging,0.0
2,ASCC3 (10973)_damaging,0.0
2,SOBP (55084)_damaging,0.0
2,AK9 (221264)_damaging,0.0
2,LAMA4 (3910)_damaging,0.0
2,HDAC2 (3066)_damaging,0.0
2,ROS1 (6098)_damaging,0.0
2,TBC1D32 (221322)_damaging,0.0
2,TRDN (10345)_damaging,0.0
2,LAMA2 (3908)_damaging,0.0
2,AKAP7 (9465)_damaging,0.0
2,MED23 (9439)_damaging,0.0
2,ARFGEF3 (57221)_damaging,0.04110760802769166
2,ECT2L (345930)_damaging,0.0
2,HECA (51696)_damaging,0.0
2,HIVEP2 (3097)_damaging,0.0
2,UTRN (7402)_damaging,0.0
2,SHPRH (257218)_damaging,0.13261178908798596
2,GRM1 (2911)_damaging,0.0
2,ADGB (79747)_damaging,0.0
2,STXBP5 (134957)_damaging,0.0
2,SYNE1 (23345)_damaging,0.0
2,SCAF8 (22828)_damaging,0.0
2,ARID1B (57492)_damaging,0.0
2,FNDC1 (84624)_damaging,0.0
2,IGF2R (3482)_damaging,0.04841623941582272
2,LPA (4018)_damaging,0.0
2,QKI (9444)_damaging,0.03726477735670306
2,AFDN (4301)_damaging,0.0
2,CARD11 (84433)_damaging,0.0
2,TNRC18 (84629)_damaging,0.0
2,PMS2 (5395)_damaging,0.0
2,COL28A1 (340267)_damaging,0.08255799750433396
2,THSD7A (221981)_damaging,0.0
2,VWDE (221806)_damaging,0.13832341906546053
2,DGKB (1607)_damaging,0.0013629637882207435
2,AHR (196)_damaging,0.0
2,HDAC9 (9734)_damaging,0.0
2,ABCB5 (340273)_damaging,0.5171284363494788
2,DNAH11 (8701)_damaging,0.031710026205157345
2,STK31 (56164)_damaging,0.0
2,CDK13 (8621)_damaging,0.008943308856318435
2,GLI3 (2737)_damaging,0.0
2,HECW1 (23072)_damaging,0.0
2,AEBP1 (165)_damaging,0.0
2,PKD1L1 (168507)_damaging,0.0
2,ABCA13 (154664)_damaging,0.0
2,FIGNL1 (63979)_damaging,0.0
2,DDC (1644)_damaging,0.0
2,AUTS2 (26053)_damaging,0.07085456369875356
2,PTPN12 (5782)_damaging,0.008333404859523913
2,MAGI2 (9863)_damaging,0.0
2,CD36 (948)_damaging,0.038563502275683455
2,PCLO (27445)_damaging,0.039262954452201605
2,SEMA3E (9723)_damaging,0.0
2,ABCB1 (5243)_damaging,0.0
2,ZNF804B (219578)_damaging,0.0
2,AKAP9 (10142)_damaging,0.0
2,ANKIB1 (54467)_damaging,0.0
2,SAMD9 (54809)_damaging,0.0
2,SAMD9L (219285)_damaging,0.0
2,CALCR (799)_damaging,0.0
2,COL1A2 (1278)_damaging,0.0
2,TRRAP (8295)_damaging,0.0
2,GIGYF1 (64599)_damaging,0.0
2,ZAN (7455)_damaging,0.34883235206779023
2,MUC12 (10071)_damaging,0.0
2,MUC17 (140453)_damaging,0.0
2,PLOD3 (8985)_damaging,0.01275905010310219
2,CUX1 (1523)_damaging,0.0
2,FBXL13 (222235)_damaging,0.0
2,SLC26A5 (375611)_damaging,0.0
2,RELN (5649)_damaging,0.0
2,KMT2E (55904)_damaging,0.0
2,PIK3CG (5294)_damaging,0.0
2,LAMB4 (22798)_damaging,0.03907669294621387
2,PPP1R3A (5506)_damaging,0.19055631471455375
2,CFTR (1080)_damaging,0.0
2,CTTNBP2 (83992)_damaging,0.0
2,WNT16 (51384)_damaging,0.0
2,PTPRZ1 (5803)_damaging,0.0
2,CADPS2 (93664)_damaging,0.08157275985105865
2,GRM8 (2918)_damaging,0.0
2,FLNC (2318)_damaging,0.0
2,KCP (375616)_damaging,0.0
2,PLXNA4 (91584)_damaging,0.1027328734798264
2,NUP205 (23165)_damaging,0.0
2,TRIM24 (8805)_damaging,0.0
2,KIAA1549 (57670)_damaging,0.0
2,MGAM (8972)_damaging,0.0
2,MGAM2 (93432)_damaging,0.0
2,EPHB6 (2051)_damaging,0.0
2,KEL (3792)_damaging,0.0
2,NOBOX (135935)_damaging,0.0
2,CNTNAP2 (26047)_damaging,0.0
2,KCNH2 (3757)_damaging,0.0
2,NOS3 (4846)_damaging,0.0
2,KMT2C (58508)_damaging,0.11937681508963363
2,UBE3C (9690)_damaging,0.023883543540778134
2,PTPRN2 (5799)_damaging,0.0
2,CSMD1 (64478)_damaging,0.050230698902608874
2,PRAG1 (157285)_damaging,0.0
2,RP1L1 (94137)_damaging,0.0
2,TRMT9B (57604)_damaging,0.0
2,DLC1 (10395)_damaging,0.03912326868004259
2,PSD3 (23362)_damaging,0.0
2,DMTN (2039)_damaging,0.16575568951886857
2,DOCK5 (80005)_damaging,0.0
2,NUGGC (389643)_damaging,0.0
2,TEX15 (56154)_damaging,0.0
2,WRN (7486)_damaging,0.0
2,UNC5D (137970)_damaging,0.0
2,ADGRA2 (25960)_damaging,0.10387279483825468
2,NSD3 (54904)_damaging,0.0
2,ANK1 (286)_damaging,0.0
2,PRKDC (5591)_damaging,0.0
2,PXDNL (137902)_damaging,0.0
2,ST18 (9705)_damaging,0.0
2,RB1CC1 (9821)_damaging,0.0
2,RP1 (6101)_damaging,0.0
2,CYP7A1 (1581)_damaging,0.025470922434603516
2,CHD7 (55636)_damaging,0.0
2,ARFGEF1 (10565)_damaging,0.0
2,PREX2 (80243)_damaging,0.0
2,SULF1 (23213)_damaging,0.0
2,SLCO5A1 (81796)_damaging,0.0
2,EYA1 (2138)_damaging,0.0
2,TRPA1 (8989)_damaging,0.0
2,KCNB2 (9312)_damaging,0.0
2,ZFHX4 (79776)_damaging,0.0
2,WWP1 (11059)_damaging,0.0
2,NBN (4683)_damaging,0.0
2,ESRP1 (54845)_damaging,0.0
2,VPS13B (157680)_damaging,0.09510081528817191
2,RGS22 (26166)_damaging,0.0
2,UBR5 (51366)_damaging,0.0
2,RIMS2 (9699)_damaging,0.0
2,ZFPM2 (23414)_damaging,0.05233521318025002
2,PKHD1L1 (93035)_damaging,0.28914089568092344
2,CSMD3 (114788)_damaging,0.0
2,TRPS1 (7227)_damaging,0.0
2,COL14A1 (7373)_damaging,0.0
2,FER1L6 (654463)_damaging,0.0
2,ASAP1 (50807)_damaging,0.0
2,ADCY8 (114)_damaging,0.0
2,EFR3A (23167)_damaging,0.013954780637716626
2,OC90 (729330)_damaging,0.0
2,KCNQ3 (3786)_damaging,0.0
2,PHF20L1 (51105)_damaging,0.1305861134227222
2,TG (7038)_damaging,0.0
2,COL22A1 (169044)_damaging,0.21011934694399564
2,EPPK1 (83481)_damaging,0.0
2,PLEC (5339)_damaging,0.3167278687228404
2,PARP10 (84875)_damaging,0.0
2,CPSF1 (29894)_damaging,0.0953408304060567
2,DOCK8 (81704)_damaging,0.0
2,SMARCA2 (6595)_damaging,0.0
2,BRD10 (158358)_damaging,0.0
2,PTPRD (5789)_damaging,0.025496952643063245
2,MPDZ (8777)_damaging,0.3820002197228834
2,FREM1 (158326)_damaging,0.0
2,CCDC171 (203238)_damaging,0.0
2,CNTLN (54875)_damaging,0.0
2,DENND4C (55667)_damaging,0.0
2,CDKN2A (1029)_damaging,0.0
2,TAF1L (138474)_damaging,0.052869651981994725
2,SPATA31G1 (138724)_damaging,0.0
2,FANCG (2189)_damaging,0.24394766591903683
2,PIGO (84720)_damaging,0.039617143000470006
2,UNC13B (10497)_damaging,0.0
2,RUSC2 (9853)_damaging,0.0
2,SPAG8 (26206)_damaging,0.0
2,SMC5 (23137)_damaging,0.0
2,TMC1 (117531)_damaging,0.0
2,TRPM6 (140803)_damaging,0.038927428571105364
2,PCSK5 (5125)_damaging,0.0
2,PRUNE2 (158471)_damaging,0.12120890778094809
2,VPS13A (23230)_damaging,0.0
2,TLE4 (7091)_damaging,0.5780394461860504
2,SPATA31D1 (389763)_damaging,0.0
2,SLC28A3 (64078)_damaging,0.0
2,ROR2 (4920)_damaging,0.0
2,NOL8 (55035)_damaging,0.0
2,WNK2 (65268)_damaging,0.0
2,PHF2 (5253)_damaging,0.0
2,PTCH1 (5727)_damaging,0.017666735155423375
2,SMC2 (10592)_damaging,0.0
2,ABCA1 (19)_damaging,0.0
2,ELP1 (8518)_damaging,0.08804951963701048
2,TMEM245 (23731)_damaging,0.0
2,PALM2AKAP2 (445815)_damaging,0.0
2,SVEP1 (79987)_damaging,0.0
2,FKBP15 (23307)_damaging,0.0
2,COL27A1 (85301)_damaging,0.3042818920108688
2,PAPPA (5069)_damaging,0.2137510878057876
2,C5 (727)_damaging,0.0
2,CNTRL (11064)_damaging,0.0
2,DENND1A (57706)_damaging,0.0
2,GOLGA2 (2801)_damaging,0.0
2,SPTAN1 (6709)_damaging,0.0
2,HMCN2 (256158)_damaging,0.0
2,FUBP3 (8939)_damaging,0.0
2,NUP214 (8021)_damaging,0.0
2,PRRC2B (84726)_damaging,0.0
2,UCK1 (83549)_damaging,0.04753980914695838
2,SETX (23064)_damaging,0.04257877116394291
2,TTF1 (7270)_damaging,0.0
2,TSC1 (7248)_damaging,0.0
2,ADAMTS13 (11093)_damaging,0.0
2,ADAMTSL2 (9719)_damaging,0.061235711808182075
2,BRD3 (8019)_damaging,0.0
2,WDR5 (11091)_damaging,0.0
2,COL5A1 (1289)_damaging,0.0
2,CAMSAP1 (157922)_damaging,0.0
2,SEC16A (9919)_damaging,0.0
2,NOTCH1 (4851)_damaging,0.045671859150357
2,ABCA2 (20)_damaging,0.0
2,CACNA1B (774)_damaging,0.0
2,PPP2R3B (28227)_damaging,0.0
2,MXRA5 (25878)_damaging,0.0
2,SHROOM2 (357)_damaging,0.007500410136682561
2,WWC3 (55841)_damaging,0.0
2,FRMPD4 (9758)_damaging,0.0
2,NHS (4810)_damaging,0.006740065732794075
2,MAP3K15 (389840)_damaging,0.06170158085522132
2,DMD (1756)_damaging,0.04526617998332034
2,CFAP47 (286464)_damaging,0.0
2,BCOR (54880)_damaging,0.07461258107125422
2,USP9X (8239)_damaging,0.3473980819400373
2,DDX3X (1654)_damaging,0.2826831983624756
2,KDM6A (7403)_damaging,0.2573756843965636
2,RBM10 (8241)_damaging,0.4588237209019636
2,TFE3 (7030)_damaging,0.0
2,CCNB3 (85417)_damaging,0.026298334796895688
2,SHROOM4 (57477)_damaging,0.0
2,KDM5C (8242)_damaging,0.0
2,IQSEC2 (23096)_damaging,0.0
2,HUWE1 (10075)_damaging,0.0
2,WNK3 (65267)_damaging,0.020530424452325786
2,AMER1 (139285)_damaging,0.0
2,OPHN1 (4983)_damaging,0.06080259932926438
2,KIF4A (24137)_damaging,0.0
2,MED12 (9968)_damaging,0.1350108720304839
2,ZMYM3 (9203)_damaging,0.2269970785270805
2,PHKA1 (5255)_damaging,0.0
2,NEXMIF (340533)_damaging,0.0
2,ATRX (546)_damaging,0.025777441556549673
2,BRWD3 (254065)_damaging,0.0737978488841456
2,ZNF711 (7552)_damaging,0.004944123004741525
2,DIAPH2 (1730)_damaging,0.01965506628725696
2,PCDH19 (57526)_damaging,0.0
2,RAB40A (142684)_damaging,0.0
2,NRK (203447)_damaging,0.005179893917612072
2,COL4A6 (1288)_damaging,0.0
2,COL4A5 (1287)_damaging,0.14374812970471215
2,TRPC5 (7224)_damaging,0.0
2,DOCK11 (139818)_damaging,0.0
2,STAG2 (10735)_damaging,0.019103614983876714
2,TENM1 (10178)_damaging,0.0
2,BCORL1 (63035)_damaging,0.0
2,USP26 (83844)_damaging,0.0
2,SAGE1 (55511)_damaging,0.0
2,MAP7D3 (79649)_damaging,0.026208845777756142
2,ADGRG4 (139378)_damaging,0.0
2,MAGEC1 (9947)_damaging,0.0
2,SPANXN4 (441525)_damaging,0.0
2,SLITRK2 (84631)_damaging,0.0
2,AFF2 (2334)_damaging,0.0
2,PASD1 (139135)_damaging,0.0
2,PLXNA3 (55558)_damaging,0.0
2,F8 (2157)_damaging,0.08513955246391884
2,MT-ND4 (4538)_damaging,0.0
2,MT-ND5 (4540)_damaging,0.0
3,MTOR (2475)_hotspot,0.0
3,NRAS (4893)_hotspot,0.8649917082082986
3,PTEN (5728)_hotspot,0.0
3,HRAS (3265)_hotspot,0.0
3,ATM (472)_hotspot,0.0
3,KRAS (3845)_hotspot,0.3699321513735663
3,ERBB3 (2065)_hotspot,0.0
3,BRCA2 (675)_hotspot,0.0
3,RB1 (5925)_hotspot,0.03939666592631354
3,CREBBP (1387)_hotspot,0.0
3,TP53 (7157)_hotspot,1.1712242522083172
3,NF1 (4763)_hotspot,0.0
3,ERBB2 (2064)_hotspot,0.0
3,SMAD4 (4089)_hotspot,0.0
3,STK11 (6794)_hotspot,0.0
3,SMARCA4 (6597)_hotspot,0.0
3,C2orf81 (388963)_hotspot,0.5802705456514681
3,NFE2L2 (4780)_hotspot,0.19745744266645474
3,VHL (7428)_hotspot,0.0
3,CTNNB1 (1499)_hotspot,0.0
3,RHOA (387)_hotspot,0.4993328470092113
3,PIK3CA (5290)_hotspot,0.0
3,FBXW7 (55294)_hotspot,0.0
3,TERT (7015)_hotspot,0.4228791079189819
3,PIK3R1 (5295)_hotspot,0.0
3,APC (324)_hotspot,0.0
3,RAC1 (5879)_hotspot,0.0
3,EGFR (1956)_hotspot,0.0
3,BRAF (673)_hotspot,0.6406145883241674
3,EZH2 (2146)_hotspot,0.3691043549192302
3,CDKN2A (1029)_hotspot,0.376102673984344
3,AGRN (375790)_damaging,0.23761004488105394
3,MXRA8 (54587)_damaging,0.04115904211749788
3,MEGF6 (1953)_damaging,0.0
3,CHD5 (26038)_damaging,0.02653812646302449
3,RPL22 (6146)_damaging,0.0
3,SLC45A1 (50651)_damaging,0.0
3,RERE (473)_damaging,0.0
3,EXOSC10 (5394)_damaging,0.0
3,VPS13D (55187)_damaging,0.0
3,SPEN (23013)_damaging,0.0
3,UBR4 (23352)_damaging,0.0
3,HSPG2 (3339)_damaging,0.0
3,ID3 (3399)_damaging,2.0207930488588084
3,ELOA (6924)_damaging,0.0
3,ARID1A (8289)_damaging,1.2990930481735445
3,WDTC1 (23038)_damaging,0.0
3,AHDC1 (27245)_damaging,0.0
3,PTPRU (10076)_damaging,0.0
3,COL16A1 (1307)_damaging,0.024021406187987406
3,CSMD2 (114784)_damaging,0.032475039749145895
3,ZMYM4 (9202)_damaging,0.0
3,CLSPN (63967)_damaging,0.0
3,AGO1 (26523)_damaging,0.0
3,MAP7D1 (55700)_damaging,0.0
3,MACF1 (23499)_damaging,0.6889302192518586
3,SZT2 (23334)_damaging,0.0
3,ZSWIM5 (57643)_damaging,0.0580431469535841
3,MUTYH (4595)_damaging,0.0
3,MAST2 (23139)_damaging,0.0
3,FAAH (2166)_damaging,0.05105317231875431
3,TAL1 (6886)_damaging,0.1072029847019701
3,TUT4 (23318)_damaging,0.0
3,NFIA (4774)_damaging,0.0
3,PATJ (10207)_damaging,0.019051811793211193
3,DOCK7 (85440)_damaging,0.0
3,LEPR (3953)_damaging,0.0
3,LRRC7 (57554)_damaging,0.0
3,ERICH3 (127254)_damaging,0.4347522310181182
3,MSH4 (4438)_damaging,0.0
3,ADGRL4 (64123)_damaging,1.0268399432021065
3,ADGRL2 (23266)_damaging,0.0
3,COL24A1 (255631)_damaging,0.013632771894161995
3,HFM1 (164045)_damaging,0.010924208022649385
3,BTBD8 (284697)_damaging,0.15947292916429512
3,RPL5 (6125)_damaging,0.3502644119561569
3,COL11A1 (1301)_damaging,0.0
3,DENND2C (163259)_damaging,0.0
3,SYCP1 (6847)_damaging,0.09512522839870219
3,SPAG17 (200162)_damaging,0.0
3,NOTCH2 (4853)_damaging,0.0
3,BCL9 (607)_damaging,0.060466815657892095
3,ZNF687 (57592)_damaging,0.06026174669635723
3,FLG (2312)_damaging,0.0
3,CCDST (112268240)_damaging,0.0
3,UBAP2L (9898)_damaging,0.0
3,SHC1 (6464)_damaging,0.0
3,ASH1L (55870)_damaging,0.0
3,GON4L (54856)_damaging,0.0
3,IQGAP3 (128239)_damaging,0.0
3,INSRR (3645)_damaging,0.0
3,FCRL5 (83416)_damaging,0.0
3,SPTA1 (6708)_damaging,0.0
3,ARHGAP30 (257106)_damaging,0.0
3,GPR161 (23432)_damaging,0.0
3,F5 (2153)_damaging,0.0
3,TNR (7143)_damaging,0.0
3,PAPPA2 (60676)_damaging,0.0
3,ABL2 (27)_damaging,0.2398509910356965
3,AXDND1 (126859)_damaging,0.0
3,TDRD5 (163589)_damaging,0.0
3,CEP350 (9857)_damaging,0.0
3,CACNA1E (777)_damaging,0.04162072620378022
3,RGL1 (23179)_damaging,0.09217905451152171
3,HMCN1 (83872)_damaging,0.0
3,TPR (7175)_damaging,0.17921669677212188
3,KCNT2 (343450)_damaging,0.0
3,ASPM (259266)_damaging,0.04778622525561874
3,PTPRC (5788)_damaging,0.0
3,CAMSAP2 (23271)_damaging,0.0
3,CACNA1S (779)_damaging,0.323487308450435
3,IGFN1 (91156)_damaging,0.1715787888391926
3,NAV1 (89796)_damaging,0.0
3,ATP2B4 (493)_damaging,0.0894664210614817
3,PLEKHA6 (22874)_damaging,0.0
3,PIK3C2B (5287)_damaging,0.0
3,NFASC (23114)_damaging,0.0
3,CR2 (1380)_damaging,0.0
3,PLXNA2 (5362)_damaging,0.0
3,PTPN14 (5784)_damaging,0.0
3,CENPF (1063)_damaging,0.0
3,USH2A (7399)_damaging,0.015372946233046254
3,DNAH14 (127602)_damaging,0.0
3,CDC42BPA (8476)_damaging,0.0613465433226547
3,OBSCN (84033)_damaging,0.0
3,H3-4 (8290)_damaging,0.0
3,SIPA1L2 (57568)_damaging,0.10014138041190783
3,PCNX2 (80003)_damaging,0.0
3,MAP3K21 (84451)_damaging,0.01969206087201628
3,ARID4B (51742)_damaging,0.0
3,LYST (1130)_damaging,0.0
3,RYR2 (6262)_damaging,0.0
3,CHRM3 (1131)_damaging,0.0
3,FMN2 (56776)_damaging,0.2757111854935211
3,SDCCAG8 (10806)_damaging,0.0
3,KIF26B (55083)_damaging,0.0
3,NLRP3 (114548)_damaging,0.10374667121054232
3,LARP4B (23185)_damaging,0.0
3,PITRM1 (10531)_damaging,0.6250069114251907
3,FRMD4A (55691)_damaging,0.0
3,CUBN (8029)_damaging,0.6961476451609214
3,MRC1 (4360)_damaging,0.0
3,MALRD1 (340895)_damaging,0.0
3,PLXDC2 (84898)_damaging,0.0
3,ARMC3 (219681)_damaging,0.0
3,GPR158 (57512)_damaging,0.0
3,MYO3A (53904)_damaging,0.0
3,ANKRD26 (22852)_damaging,0.043125990913636426
3,ODAD2 (55130)_damaging,0.008037857763757464
3,SVIL (6840)_damaging,0.03924393988513228
3,JCAD (57608)_damaging,0.0
3,KIF5B (3799)_damaging,0.11220605116451021
3,CCDC7 (79741)_damaging,0.0
3,ANKRD30A (91074)_damaging,0.10159272665425195
3,WDFY4 (57705)_damaging,0.0
3,PCDH15 (65217)_damaging,0.46770122112234314
3,ANK3 (288)_damaging,0.0
3,ARID5B (84159)_damaging,0.05069712386782902
3,JMJD1C (221037)_damaging,0.0
3,DNA2 (1763)_damaging,0.0
3,CDH23 (64072)_damaging,0.07018217309774145
3,DLG5 (9231)_damaging,0.0
3,ZMIZ1 (57178)_damaging,0.08601697690107715
3,PTEN (5728)_damaging,0.4830034266436961
3,KIF20B (9585)_damaging,0.0
3,CC2D2B (387707)_damaging,0.0255480461879919
3,ZNF518A (9849)_damaging,0.0
3,LCOR (84458)_damaging,0.0409338210790029
3,SLIT1 (6585)_damaging,0.0
3,PPRC1 (23082)_damaging,0.2838743665242179
3,CNNM2 (54805)_damaging,0.0
3,PDCD11 (22984)_damaging,0.0
3,SLK (9748)_damaging,0.07944105944383988
3,SORCS3 (22986)_damaging,0.0
3,SORCS1 (114815)_damaging,0.0
3,SMC3 (9126)_damaging,0.05784641674176863
3,TCF7L2 (6934)_damaging,0.0
3,ATRNL1 (26033)_damaging,0.0
3,TACC2 (10579)_damaging,0.08736755735419643
3,DMBT1 (1755)_damaging,0.0
3,MKI67 (4288)_damaging,0.6291584981140911
3,JAKMIP3 (282973)_damaging,0.4594621450929391
3,CFAP46 (54777)_damaging,0.0
3,B4GALNT4 (338707)_damaging,0.0
3,PKP3 (11187)_damaging,0.0
3,MUC5AC (4586)_damaging,0.0
3,MUC5B (727897)_damaging,0.0
3,BRSK2 (9024)_damaging,0.0
3,KCNQ1 (3784)_damaging,0.0
3,NUP98 (4928)_damaging,0.0
3,DNHD1 (144132)_damaging,0.006284943868833726
3,DCHS1 (8642)_damaging,0.0
3,IPO7 (10527)_damaging,0.0
3,SBF2 (81846)_damaging,0.10448607443133476
3,PLEKHA7 (144100)_damaging,0.08374846104556458
3,PIK3C2A (5286)_damaging,0.01846447711348544
3,ABCC8 (6833)_damaging,0.2585143367637696
3,OTOG (340990)_damaging,0.012433545093373952
3,NAV2 (89797)_damaging,0.0
3,ANO5 (203859)_damaging,0.0
3,DCDC1 (341019)_damaging,0.0
3,CCDC73 (493860)_damaging,0.0
3,KIAA1549L (25758)_damaging,0.0
3,LRP4 (4038)_damaging,0.39073765307741765
3,FOLH1 (2346)_damaging,0.0
3,OR4P4 (81300)_damaging,0.0
3,CTNND1 (1500)_damaging,0.0
3,DTX4 (23220)_damaging,0.0
3,AHNAK (79026)_damaging,0.0
3,SLC3A2 (6520)_damaging,0.016313227493163586
3,PCNX3 (399909)_damaging,0.0
3,SHANK2 (22941)_damaging,0.034096891977977856
3,NUMA1 (4926)_damaging,0.006016445801422294
3,INPPL1 (3636)_damaging,0.0
3,C2CD3 (26005)_damaging,0.0
3,MYO7A (4647)_damaging,0.12014431883398449
3,TENM4 (26011)_damaging,0.019335396054614293
3,PCF11 (51585)_damaging,0.0
3,DLG2 (1740)_damaging,0.5035942396548128
3,SYTL2 (54843)_damaging,0.02792929990047516
3,FAT3 (120114)_damaging,0.026608014625258424
3,CNTN5 (53942)_damaging,0.0
3,CEP126 (57562)_damaging,0.03241023256752679
3,MMP3 (4314)_damaging,0.0
3,DYNC2H1 (79659)_damaging,0.0
3,NPAT (4863)_damaging,0.0
3,ATM (472)_damaging,0.1295799657383482
3,EXPH5 (23086)_damaging,0.0
3,NKAPD1 (55216)_damaging,0.0
3,NCAM1 (4684)_damaging,0.023213587044900782
3,USP28 (57646)_damaging,0.001600865009420251
3,DSCAML1 (57453)_damaging,0.0063110381831091526
3,KMT2A (4297)_damaging,0.0
3,BCL9L (283149)_damaging,0.023424108162527955
3,ARHGEF12 (23365)_damaging,0.0
3,TECTA (7007)_damaging,0.041810973733077086
3,SORL1 (6653)_damaging,0.0
3,JHY (79864)_damaging,0.0
3,IGSF9B (22997)_damaging,0.0
3,LINC02714 (729305)_damaging,0.0
3,KDM5A (5927)_damaging,0.0
3,WNK1 (65125)_damaging,0.009334151128432257
3,CACNA1C (775)_damaging,0.07110241766311123
3,VWF (7450)_damaging,0.0163302382819493
3,NCAPD2 (9918)_damaging,0.0
3,A2M (2)_damaging,0.0
3,GRIN2B (2904)_damaging,0.007899968732053455
3,ATF7IP (55729)_damaging,0.0
3,GUCY2C (2984)_damaging,0.03648721520532455
3,RECQL (5965)_damaging,0.1395915135866645
3,ABCC9 (10060)_damaging,0.0
3,C2CD5 (9847)_damaging,0.022413437340958353
3,ITPR2 (3709)_damaging,0.0
3,OVCH1 (341350)_damaging,0.014312392646339777
3,KIF21A (55605)_damaging,0.0
3,LRRK2 (120892)_damaging,0.0
3,MUC19 (283463)_damaging,0.6353220222832228
3,CNTN1 (1272)_damaging,0.0
3,ADAMTS20 (80070)_damaging,0.0
3,ARID2 (196528)_damaging,0.0
3,COL2A1 (1280)_damaging,0.0
3,WNT1 (7471)_damaging,0.0
3,KMT2D (8085)_damaging,0.0
3,PRPF40B (25766)_damaging,0.0
3,NCKAP5L (57701)_damaging,0.4505088900823971
3,DIP2B (57609)_damaging,0.0
3,MAP3K12 (7786)_damaging,0.0
3,PAN2 (9924)_damaging,0.03629921502490094
3,LRP1 (4035)_damaging,0.0
3,GLI1 (2735)_damaging,0.0
3,MBD6 (114785)_damaging,0.09993707259525468
3,LRIG3 (121227)_damaging,0.0033017776741879274
3,PTPRB (5787)_damaging,0.5957912743880501
3,ZFC3H1 (196441)_damaging,0.0
3,E2F7 (144455)_damaging,0.0
3,NAV3 (89795)_damaging,0.0
3,OTOGL (283310)_damaging,0.0
3,PTPRQ (374462)_damaging,0.0
3,PPFIA2 (8499)_damaging,0.0
3,LRRIQ1 (84125)_damaging,0.01478520889573677
3,CEP290 (80184)_damaging,0.0
3,PLXNC1 (10154)_damaging,0.0
3,CFAP54 (144535)_damaging,0.0
3,BLTP3B (23074)_damaging,0.0
3,UTP20 (27340)_damaging,0.0
3,STAB2 (55576)_damaging,0.0
3,HCFC2 (29915)_damaging,0.011490846528321389
3,ALDH1L2 (160428)_damaging,0.0
3,ACACB (32)_damaging,0.0
3,MVK (4598)_damaging,0.0
3,CUX2 (23316)_damaging,0.0
3,HECTD4 (283450)_damaging,0.0
3,DTX1 (1840)_damaging,0.04423184457299192
3,CIT (11113)_damaging,0.032016473325944414
3,HNF1A (6927)_damaging,0.007192866386576972
3,KDM2B (84678)_damaging,0.011556760070784652
3,SETD1B (23067)_damaging,0.013207322795955344
3,CFAP251 (144406)_damaging,0.0
3,KNTC1 (9735)_damaging,0.0
3,SBNO1 (55206)_damaging,0.0
3,DNAH10 (196385)_damaging,0.003376282111011365
3,NCOR2 (9612)_damaging,0.011923560635579098
3,TMEM132D (121256)_damaging,0.0
3,EP400 (57634)_damaging,0.0
3,POLE (5426)_damaging,0.0
3,XPO4 (64328)_damaging,0.0
3,SACS (26278)_damaging,0.0
3,ATP8A2 (51761)_damaging,0.0
3,FRY (10129)_damaging,0.03795415071463724
3,BRCA2 (675)_damaging,0.0
3,PDS5B (23047)_damaging,1.762687229816719
3,NBEA (26960)_damaging,0.0
3,FREM2 (341640)_damaging,0.0
3,DGKH (160851)_damaging,0.5516791771895909
3,ZC3H13 (23091)_damaging,0.0
3,RB1 (5925)_damaging,1.3743780977427615
3,KLHL1 (57626)_damaging,0.0
3,DACH1 (1602)_damaging,0.0
3,DIS3 (22894)_damaging,0.16307691219114753
3,TBC1D4 (9882)_damaging,0.00817024710072568
3,MYCBP2 (23077)_damaging,0.0
3,NALCN (259232)_damaging,0.15978880750903365
3,CCDC168 (643677)_damaging,0.0
3,MYO16 (23026)_damaging,0.0
3,COL4A2 (1284)_damaging,0.02114682537664292
3,TEP1 (7011)_damaging,0.07331501488104886
3,CHD8 (57680)_damaging,0.0
3,AJUBA (84962)_damaging,0.0
3,CARMIL3 (90668)_damaging,0.0
3,NYNRIN (57523)_damaging,0.0
3,AKAP6 (9472)_damaging,0.013877552132991583
3,NPAS3 (64067)_damaging,0.0
3,RALGAPA1 (253959)_damaging,0.0
3,TTC6 (319089)_damaging,0.0
3,MIA2 (4253)_damaging,0.0
3,FANCM (57697)_damaging,0.07888104622766536
3,MDGA2 (161357)_damaging,0.0
3,NIN (51199)_damaging,0.018598803952127718
3,NID2 (22795)_damaging,0.0
3,KTN1 (3895)_damaging,0.0
3,ARID4A (5926)_damaging,0.0
3,HIF1A (3091)_damaging,0.0
3,SYNE2 (23224)_damaging,0.5059206415512358
3,PCNX1 (22990)_damaging,0.0
3,MIDEAS (91748)_damaging,0.0
3,YLPM1 (56252)_damaging,0.0
3,MLH3 (27030)_damaging,0.05710766261304875
3,NRXN3 (9369)_damaging,0.0
3,CEP128 (145508)_damaging,0.0
3,GALC (2581)_damaging,0.0
3,EML5 (161436)_damaging,0.00487817264850016
3,TRIP11 (9321)_damaging,0.0
3,UNC79 (57578)_damaging,0.0
3,ATG2B (55102)_damaging,0.0
3,RTL1 (388015)_damaging,0.0
3,DYNC1H1 (1778)_damaging,0.0
3,KIF26A (26153)_damaging,0.05792940535736694
3,INF2 (64423)_damaging,0.0
3,AHNAK2 (113146)_damaging,0.9361814089638504
3,MTA1 (9112)_damaging,0.0
3,HERC2 (8924)_damaging,0.03643831458859358
3,TRPM1 (4308)_damaging,0.0
3,FMN1 (342184)_damaging,0.0
3,RYR3 (6263)_damaging,0.0
3,KNL1 (57082)_damaging,0.0
3,TYRO3 (7301)_damaging,0.05144462398885374
3,MGA (23269)_damaging,0.0
3,SPTBN5 (51332)_damaging,0.2652402344998561
3,ZNF106 (64397)_damaging,0.09997950668483122
3,STARD9 (57519)_damaging,0.3168937003652879
3,TP53BP1 (7158)_damaging,0.024349971271188566
3,MAP1A (4130)_damaging,0.05252611873002712
3,SPG11 (80208)_damaging,0.01724178154961303
3,B2M (567)_damaging,0.0
3,DUOX2 (50506)_damaging,0.0
3,SLC12A1 (6557)_damaging,0.0
3,FBN1 (2200)_damaging,0.0
3,TRPM7 (54822)_damaging,0.0
3,DMXL2 (23312)_damaging,0.0
3,MYO5C (55930)_damaging,0.0
3,UNC13C (440279)_damaging,0.10545938259401981
3,RFX7 (64864)_damaging,0.00805608940216184
3,RNF111 (54778)_damaging,0.04507573333675543
3,ICE2 (79664)_damaging,0.0
3,VPS13C (54832)_damaging,0.024495622947930812
3,TLN2 (83660)_damaging,0.0
3,HERC1 (8925)_damaging,0.0
3,ZNF609 (23060)_damaging,0.05797764478115457
3,MYO9A (4649)_damaging,0.0
3,HCN4 (10021)_damaging,0.0
3,ARID3B (10620)_damaging,0.0
3,SIN3A (25942)_damaging,0.22392357017090322
3,PEAK1 (79834)_damaging,0.036450388578103884
3,AP3B2 (8120)_damaging,0.009819696939233147
3,ADAMTSL3 (57188)_damaging,0.0
3,AKAP13 (11214)_damaging,0.15874542709440956
3,AGBL1 (123624)_damaging,0.0
3,TICRR (90381)_damaging,0.0
3,KIF7 (374654)_damaging,0.4726713059910061
3,IQGAP1 (8826)_damaging,0.02007722917958935
3,BLM (641)_damaging,0.0
3,FES (2242)_damaging,0.4459968701673573
3,CHD2 (1106)_damaging,0.0
3,LRRK1 (79705)_damaging,0.0
3,UNKL (64718)_damaging,0.0
3,CRAMP1 (57585)_damaging,0.0
3,TSC2 (7249)_damaging,0.0
3,PKD1 (5310)_damaging,0.37239999430978343
3,CASKIN1 (57524)_damaging,0.020509113493610082
3,SLX4 (84464)_damaging,0.0
3,CREBBP (1387)_damaging,1.332556484290483
3,CORO7 (79585)_damaging,0.0
3,SEC14L5 (9717)_damaging,0.0
3,GRIN2A (2903)_damaging,0.0
3,KNOP1 (400506)_damaging,0.2674741307298289
3,DNAH3 (55567)_damaging,0.11412859622866096
3,PALB2 (79728)_damaging,0.0
3,RBBP6 (5930)_damaging,0.0
3,TNRC6A (27327)_damaging,0.15447039153442957
3,ARHGAP17 (55114)_damaging,0.0
3,GTF3C1 (2975)_damaging,0.04870577497920213
3,ATXN2L (11273)_damaging,0.0
3,SRCAP (10847)_damaging,0.0
3,SETD1A (9739)_damaging,0.00025476131207727136
3,ITGAD (3681)_damaging,0.016283912188265286
3,SALL1 (6299)_damaging,0.0
3,NLRC5 (84166)_damaging,0.13977583482246986
3,CNOT1 (23019)_damaging,0.03298756550420477
3,CDH8 (1006)_damaging,0.0
3,CTCF (10664)_damaging,1.6477533527844512
3,CDH1 (999)_damaging,0.0
3,DHX38 (9785)_damaging,0.0
3,ZFHX3 (463)_damaging,0.011576613425425465
3,CNTNAP4 (85445)_damaging,0.0
3,PKD1L2 (114780)_damaging,0.0
3,GSE1 (23199)_damaging,0.0
3,ZNF469 (84627)_damaging,0.013957821526811584
3,ZC3H18 (124245)_damaging,0.0
3,LINC02138 (400558)_damaging,0.0
3,ANKRD11 (29123)_damaging,0.0
3,VPS9D1 (9605)_damaging,0.0
3,FANCA (2175)_damaging,0.0
3,WDR81 (124997)_damaging,0.0
3,SPATA22 (84690)_damaging,0.0
3,ZZEF1 (23140)_damaging,0.0
3,USP6 (9098)_damaging,0.0
3,TP53 (7157)_damaging,23.515012097697223
3,DNAH2 (146754)_damaging,0.6813510344078737
3,KDM6B (23135)_damaging,0.03249336181386064
3,CHD3 (1107)_damaging,0.0
3,ALOX12B (242)_damaging,0.01680531948822684
3,PER1 (5187)_damaging,0.0
3,MYH13 (8735)_damaging,0.043921459732346194
3,MYH8 (4626)_damaging,0.0
3,MYH1 (4619)_damaging,0.03687313437897881
3,MYH2 (4620)_damaging,0.06308480910561444
3,DNAH9 (1770)_damaging,0.0
3,NCOR1 (9611)_damaging,0.0
3,FLCN (201163)_damaging,0.0879465050210184
3,MYO15A (51168)_damaging,0.0
3,TOP3A (7156)_damaging,0.0
3,BLTP2 (9703)_damaging,0.0
3,MYO18A (399687)_damaging,0.0
3,EFCAB5 (374786)_damaging,0.0
3,CPD (1362)_damaging,0.0
3,NF1 (4763)_damaging,0.0
3,SLFN11 (91607)_damaging,0.0
3,GGNBP2 (79893)_damaging,0.0
3,ACACA (31)_damaging,0.0
3,GPR179 (440435)_damaging,0.009997701609201791
3,SRCIN1 (80725)_damaging,0.14899295433549029
3,TOP2A (7153)_damaging,0.0
3,STAT5B (6777)_damaging,0.0
3,PLEKHH3 (79990)_damaging,0.0
3,BRCA1 (672)_damaging,0.0
3,ITGA2B (3674)_damaging,0.002229424166102373
3,PLEKHM1 (9842)_damaging,0.0
3,COL1A1 (1277)_damaging,0.14164540189239752
3,TSPOAP1 (9256)_damaging,0.06257541042300001
3,RNF43 (54894)_damaging,0.0
3,BRIP1 (83990)_damaging,0.0
3,MED13 (9969)_damaging,0.0
3,SCN4A (6329)_damaging,0.0
3,GNA13 (10672)_damaging,0.0
3,AXIN2 (8313)_damaging,0.0
3,NOL11 (25926)_damaging,0.0
3,BPTF (2186)_damaging,0.2684972895358861
3,ABCA8 (10351)_damaging,0.0
3,ABCA9 (10350)_damaging,0.03786464466043739
3,ABCA6 (23460)_damaging,0.0013309660023082953
3,ABCA10 (10349)_damaging,0.0
3,ABCA5 (23461)_damaging,0.0
3,SOX9 (6662)_damaging,0.052825726902373214
3,SDK2 (54549)_damaging,0.0
3,TMEM94 (9772)_damaging,0.0
3,CASKIN2 (57513)_damaging,0.0
3,MYO15B (80022)_damaging,0.0
3,ITGB4 (3691)_damaging,0.013150693133765674
3,SPHK1 (8877)_damaging,0.0
3,TNRC6C (57690)_damaging,0.03443502070592157
3,DNAH17 (8632)_damaging,0.0
3,CCDC40 (55036)_damaging,0.0
3,RPTOR (57521)_damaging,0.0
3,BAHCC1 (57597)_damaging,0.0
3,FASN (2194)_damaging,0.0
3,SMCHD1 (23347)_damaging,0.026208012916263217
3,EPB41L3 (23136)_damaging,0.0
3,LAMA1 (284217)_damaging,0.0
3,PTPRM (5797)_damaging,0.0
3,PIEZO2 (63895)_damaging,0.0
3,ANKRD30B (374860)_damaging,0.0
3,ROCK1 (6093)_damaging,0.015425347164209104
3,LAMA3 (3909)_damaging,0.08717651408588786
3,ZNF521 (25925)_damaging,0.0
3,CCDC178 (374864)_damaging,0.0
3,ASXL3 (80816)_damaging,0.023825385576575816
3,FHOD3 (80206)_damaging,0.0
3,SETBP1 (26040)_damaging,0.0
3,EPG5 (57724)_damaging,0.04675372705659848
3,SKOR2 (652991)_damaging,0.0
3,ZBTB7C (201501)_damaging,0.0
3,SMAD4 (4089)_damaging,2.3107499484854053
3,DCC (1630)_damaging,0.0
3,ALPK2 (115701)_damaging,0.011587615759271487
3,DSEL (92126)_damaging,0.0
3,RTTN (25914)_damaging,0.0
3,CBLN2 (147381)_damaging,0.008298464349019055
3,ZNF236 (7776)_damaging,0.0
3,SALL3 (27164)_damaging,0.0
3,ATP9B (374868)_damaging,0.0
3,KCNG2 (26251)_damaging,0.0
3,ABCA7 (10347)_damaging,0.04570636549863611
3,STK11 (6794)_damaging,0.6926577829363945
3,DAZAP1 (26528)_damaging,0.0
3,AP3D1 (8943)_damaging,0.5672500742033719
3,ZBTB7A (51341)_damaging,0.0
3,KDM4B (23030)_damaging,0.0
3,PTPRS (5802)_damaging,0.456010455399085
3,CAMSAP3 (57662)_damaging,0.0
3,FBN3 (84467)_damaging,0.0
3,MUC16 (94025)_damaging,0.0
3,COL5A3 (50509)_damaging,0.1734056862991105
3,KEAP1 (9817)_damaging,0.5204622974681207
3,DNM2 (1785)_damaging,0.07726820406430879
3,SMARCA4 (6597)_damaging,0.2844848167449055
3,CACNA1A (773)_damaging,0.42378865644436003
3,NOTCH3 (4854)_damaging,0.18827628565609145
3,NWD1 (284434)_damaging,0.0
3,CPAMD8 (27151)_damaging,0.035662289430892655
3,ZNF208 (7757)_damaging,0.0
3,ZNF729 (100287226)_damaging,0.0
3,ZNF91 (7644)_damaging,0.0
3,ZNF536 (9745)_damaging,0.0
3,TSHZ3 (57616)_damaging,0.0
3,KMT2B (9757)_damaging,0.07055404462134682
3,ARHGAP33 (115703)_damaging,0.0
3,WDR87 (83889)_damaging,0.0
3,RYR1 (6261)_damaging,0.0
3,CAPN12 (147968)_damaging,0.1664596657617673
3,FCGBP (8857)_damaging,0.0
3,PRX (57716)_damaging,0.0
3,SPTBN4 (57731)_damaging,0.0
3,LTBP4 (8425)_damaging,0.0
3,AXL (558)_damaging,0.0
3,ARHGEF1 (9138)_damaging,0.0
3,ERF (2077)_damaging,0.007203007299038617
3,CIC (23152)_damaging,0.0
3,MEGF8 (1954)_damaging,0.0
3,MARK4 (57787)_damaging,0.0
3,ARHGAP35 (2909)_damaging,0.0
3,BICRA (29998)_damaging,0.06481558532429674
3,LMTK3 (114783)_damaging,0.1375675085231048
3,TRPM4 (54795)_damaging,0.0
3,TEAD2 (8463)_damaging,0.0
3,PRR12 (57479)_damaging,0.0
3,SCAF1 (58506)_damaging,0.002519771251421063
3,POLD1 (5424)_damaging,0.0
3,SHANK1 (50944)_damaging,0.0
3,NLRP7 (199713)_damaging,0.8331306466059404
3,BRSK1 (84446)_damaging,0.05105810799741173
3,NLRP4 (147945)_damaging,0.10205470895217159
3,PEG3 (5178)_damaging,0.0
3,ROCK2 (9475)_damaging,0.05210398714455429
3,GREB1 (9687)_damaging,0.012687738061195317
3,NBAS (51594)_damaging,0.0
3,RAD51AP2 (729475)_damaging,0.0
3,APOB (338)_damaging,0.0
3,TDRD15 (100129278)_damaging,0.0
3,ATAD2B (54454)_damaging,0.0
3,ITSN2 (50618)_damaging,0.0
3,DNMT3A (1788)_damaging,0.0
3,OTOF (9381)_damaging,0.0141022914093118
3,EMILIN1 (11117)_damaging,0.0
3,CAD (790)_damaging,0.0
3,SPATA31H1 (84226)_damaging,0.0
3,ALK (238)_damaging,0.0
3,BIRC6 (57448)_damaging,0.0
3,LTBP1 (4052)_damaging,0.2756510827668111
3,HEATR5B (54497)_damaging,0.0
3,ZFP36L2 (678)_damaging,0.21265687796088306
3,THADA (63892)_damaging,0.0790004648961131
3,MSH2 (4436)_damaging,0.0
3,MSH6 (2956)_damaging,0.0
3,NRXN1 (9378)_damaging,0.18048953347344926
3,EML6 (400954)_damaging,0.0
3,CCDC88A (55704)_damaging,0.133240379674785
3,USP34 (9736)_damaging,0.23369606680306423
3,ZNF638 (27332)_damaging,0.0
3,DYSF (8291)_damaging,0.0
3,ALMS1 (7840)_damaging,0.0
3,CTNNA2 (1496)_damaging,0.1881049771794785
3,DNAH6 (1768)_damaging,0.061196208308354476
3,VWA3B (200403)_damaging,0.0
3,CRACDL (343990)_damaging,0.0
3,EIF5B (9669)_damaging,0.0
3,DPP10 (57628)_damaging,0.046306213813154425
3,MARCO (8685)_damaging,0.0
3,CLASP1 (23332)_damaging,0.0
3,CNTNAP5 (129684)_damaging,0.0
3,WDR33 (55339)_damaging,0.0
3,ARHGEF4 (50649)_damaging,0.1072737730143355
3,NCKAP5 (344148)_damaging,0.0
3,THSD7B (80731)_damaging,0.0
3,LRP1B (53353)_damaging,0.3717027499041674
3,ZEB2 (9839)_damaging,0.0
3,ACVR2A (92)_damaging,0.0
3,KIF5C (3800)_damaging,0.39687845875912603
3,RIF1 (55183)_damaging,0.0
3,NEB (4703)_damaging,0.03016334464070568
3,BAZ2B (29994)_damaging,0.03906917257172402
3,LY75 (4065)_damaging,0.0
3,PLA2R1 (22925)_damaging,0.0
3,SLC4A10 (57282)_damaging,0.0
3,KCNH7 (90134)_damaging,0.0
3,FIGN (55137)_damaging,0.0
3,SCN3A (6328)_damaging,0.0
3,SCN2A (6326)_damaging,0.0
3,SCN1A (6323)_damaging,0.0
3,SCN9A (6335)_damaging,0.0
3,SCN7A (6332)_damaging,0.0
3,XIRP2 (129446)_damaging,0.1331205831419226
3,LRP2 (4036)_damaging,0.08009027477807594
3,PPIG (9360)_damaging,0.0
3,GPR155 (151556)_damaging,0.709670163021176
3,TTN (7273)_damaging,0.36650338147204
3,CCDC141 (285025)_damaging,0.0
3,FSIP2 (401024)_damaging,0.0
3,COL3A1 (1281)_damaging,0.008879016679212572
3,COL5A2 (1290)_damaging,0.0
3,DNAH7 (56171)_damaging,0.0
3,HECW2 (57520)_damaging,0.0
3,PLCL1 (5334)_damaging,0.0
3,SGO2 (151246)_damaging,0.0
3,CASP8 (841)_damaging,0.0
3,ALS2 (57679)_damaging,0.0
3,NBEAL1 (65065)_damaging,0.0
3,PARD3B (117583)_damaging,0.0
3,NRP2 (8828)_damaging,0.1250978019138927
3,INO80D (54891)_damaging,0.09281211745353041
3,ZDBF2 (57683)_damaging,0.02648467516217472
3,ADAM23 (8745)_damaging,0.0
3,MAP2 (4133)_damaging,0.0
3,UNC80 (285175)_damaging,0.12774478361695543
3,CPS1 (1373)_damaging,0.0
3,ERBB4 (2066)_damaging,0.013867988062372185
3,ABCA12 (26154)_damaging,0.053570752322783424
3,FN1 (2335)_damaging,0.06373500040672485
3,CFAP65 (255101)_damaging,0.0
3,SPEG (10290)_damaging,0.0
3,SLC4A3 (6508)_damaging,0.0
3,IRS1 (3667)_damaging,0.0
3,COL4A4 (1286)_damaging,0.0
3,SPHKAP (80309)_damaging,0.0
3,GIGYF2 (26058)_damaging,0.008216420371291437
3,COL6A3 (1293)_damaging,0.0
3,HDAC4 (9759)_damaging,0.0
3,KIF1A (547)_damaging,0.0
3,TRIB3 (57761)_damaging,0.0
3,TGM6 (343641)_damaging,0.0
3,FASTKD5 (60493)_damaging,0.0
3,PLCB4 (5332)_damaging,0.0
3,SEL1L2 (80343)_damaging,0.0
3,RRBP1 (6238)_damaging,0.0
3,RALGAPA2 (57186)_damaging,0.0
3,ASXL1 (171023)_damaging,0.10762321665154276
3,NCOA6 (23054)_damaging,0.0
3,MYH7B (57644)_damaging,0.0
3,CEP250 (11190)_damaging,0.021408949612921453
3,MTCL2 (140710)_damaging,0.0
3,SAMHD1 (25939)_damaging,0.0
3,LBP (3929)_damaging,0.0
3,CHD6 (84181)_damaging,0.0
3,PTPRT (11122)_damaging,0.05417697267128126
3,DDX27 (55661)_damaging,0.03698212864415559
3,ADNP (23394)_damaging,0.0
3,ZNF831 (128611)_damaging,0.0
3,SYCP2 (10388)_damaging,0.03195513490905362
3,LAMA5 (3911)_damaging,0.3380757240146022
3,COL20A1 (57642)_damaging,0.0
3,HELZ2 (85441)_damaging,0.480357229802089
3,TPTE (7179)_damaging,0.0
3,NRIP1 (8204)_damaging,0.0
3,LTN1 (26046)_damaging,0.0
3,USP16 (10600)_damaging,0.0
3,SCAF4 (57466)_damaging,0.2887903385312724
3,ITSN1 (6453)_damaging,0.08502857664836115
3,DOP1B (9980)_damaging,0.038870084422479925
3,BRWD1 (54014)_damaging,0.0
3,DSCAM (1826)_damaging,0.0
3,COL18A1 (80781)_damaging,0.0
3,COL6A1 (1291)_damaging,0.04172653540611519
3,PCNT (5116)_damaging,0.0
3,CECR2 (27443)_damaging,0.0
3,ZDHHC8 (29801)_damaging,0.0
3,LZTR1 (8216)_damaging,0.0
3,MYO18B (84700)_damaging,0.0
3,CHEK2 (11200)_damaging,0.027513005754267756
3,NF2 (4771)_damaging,2.560428599755021
3,MTMR3 (8897)_damaging,0.35096180669838073
3,DEPDC5 (9681)_damaging,0.0
3,MYH9 (4627)_damaging,0.07518056600705815
3,CSF2RB (1439)_damaging,0.6803424540053763
3,TRIOBP (11078)_damaging,0.0
3,CACNA1I (8911)_damaging,0.0
3,TNRC6B (23112)_damaging,0.0
3,EP300 (2033)_damaging,0.0
3,MEI1 (150365)_damaging,0.0
3,TCF20 (6942)_damaging,0.0
3,SMC1B (27127)_damaging,0.0
3,PKDREJ (10343)_damaging,0.0
3,PLXNB2 (23654)_damaging,0.2935848849974816
3,PPP6R2 (9701)_damaging,0.07105686922285609
3,SBF1 (6305)_damaging,0.0
3,CHL1 (10752)_damaging,0.03155230864556503
3,CNTN6 (27255)_damaging,0.010129756214390379
3,CNTN4 (152330)_damaging,0.0
3,GRM7 (2917)_damaging,0.06833270925826347
3,VHL (7428)_damaging,0.22209776824170516
3,TGFBR2 (7048)_damaging,0.0
3,CLASP2 (23122)_damaging,0.0745996178193089
3,TRANK1 (9881)_damaging,0.0
3,MLH1 (4292)_damaging,0.0
3,GOLGA4 (2803)_damaging,0.0
3,SCN11A (11280)_damaging,0.05027811396602166
3,NKTR (4820)_damaging,0.0
3,KIF15 (56992)_damaging,0.0
3,SETD2 (29072)_damaging,0.0
3,PTPN23 (25930)_damaging,0.0
3,PLXNB1 (5364)_damaging,0.27713886942514654
3,COL7A1 (1294)_damaging,0.0
3,CELSR3 (1951)_damaging,0.0
3,LAMB2 (3913)_damaging,0.2337900075878417
3,RHOA (387)_damaging,0.03949869001283674
3,BSN (8927)_damaging,0.0
3,RBM6 (10180)_damaging,0.0
3,DOCK3 (1795)_damaging,0.03785687951655621
3,DNAH1 (25981)_damaging,0.0
3,BAP1 (8314)_damaging,0.0
3,STAB1 (23166)_damaging,0.024683468845972084
3,PBRM1 (55193)_damaging,0.3134735278374962
3,DNAH12 (201625)_damaging,0.043848498273996686
3,FLNB (2317)_damaging,0.0
3,PTPRG (5793)_damaging,0.2137583414078313
3,CADPS (8618)_damaging,0.075966413179189
3,ATXN7 (6314)_damaging,0.0
3,ADAMTS9 (56999)_damaging,0.0
3,ROBO2 (6092)_damaging,0.0
3,ROBO1 (6091)_damaging,0.0
3,EPHA3 (2042)_damaging,0.0
3,CRYBG3 (131544)_damaging,0.0
3,ABI3BP (25890)_damaging,0.0
3,MYH15 (22989)_damaging,0.0
3,DZIP3 (9666)_damaging,0.0
3,ZBTB20 (26137)_damaging,0.0
3,CFAP91 (89876)_damaging,0.009816039270083222
3,POLQ (10721)_damaging,0.0
3,GOLGB1 (2804)_damaging,0.0
3,KALRN (8997)_damaging,0.11085760601290981
3,COL6A5 (256076)_damaging,0.0
3,COL6A6 (131873)_damaging,0.0
3,DNAJC13 (23317)_damaging,0.0
3,TOPBP1 (11073)_damaging,0.0
3,XRN1 (54464)_damaging,0.0
3,ATR (545)_damaging,0.026212176030111504
3,HPS3 (84343)_damaging,0.0
3,MED12L (116931)_damaging,0.09390712291578696
3,IGSF10 (285313)_damaging,0.0
3,ARHGEF26 (26084)_damaging,0.0
3,MME (4311)_damaging,0.0
3,PLCH1 (23007)_damaging,0.0
3,SI (6476)_damaging,0.0
3,MECOM (2122)_damaging,0.0
3,USP13 (8975)_damaging,0.42278781684317546
3,TTC14 (151613)_damaging,0.0
3,VWA5B2 (90113)_damaging,0.0
3,ATP13A5 (344905)_damaging,0.0
3,MUC4 (4585)_damaging,0.04769740373863444
3,TNK2 (10188)_damaging,0.004877335390664516
3,NSD2 (7468)_damaging,0.0
3,FAM193A (8603)_damaging,0.0
3,JAKMIP1 (152789)_damaging,0.0021409250425396134
3,UNC93B7 (100887746)_damaging,0.18693462311163378
3,CPEB2 (132864)_damaging,0.0
3,SLIT2 (9353)_damaging,0.022670740535435337
3,PCDH7 (5099)_damaging,0.04195808611799397
3,ARAP2 (116984)_damaging,0.0
3,LIMCH1 (22998)_damaging,0.0
3,BEND4 (389206)_damaging,0.0
3,CORIN (10699)_damaging,0.0
3,FRYL (285527)_damaging,0.0
3,KDR (3791)_damaging,0.0
3,POLR2B (5431)_damaging,0.0
3,ADGRL3 (23284)_damaging,0.020991943621479967
3,EPHA5 (2044)_damaging,0.0
3,CENPC (1060)_damaging,0.0
3,ADAMTS3 (9508)_damaging,0.18887487944008796
3,FRAS1 (80144)_damaging,0.15982879988473656
3,WDFY3 (23001)_damaging,0.0
3,PTPN13 (5783)_damaging,0.07275315109384521
3,AFF1 (4299)_damaging,0.019373653295793544
3,MMRN1 (22915)_damaging,0.0
3,GRID2 (2895)_damaging,0.0
3,SMARCAD1 (56916)_damaging,0.0
3,CENPE (1062)_damaging,0.05344279243557916
3,TET2 (54790)_damaging,0.2452272264249447
3,COL25A1 (84570)_damaging,0.0
3,ANK2 (287)_damaging,0.0
3,BLTP1 (84162)_damaging,0.0
3,FAT4 (79633)_damaging,0.02644564902416308
3,PCDH10 (57575)_damaging,0.0
3,LRBA (987)_damaging,0.0
3,FBXW7 (55294)_damaging,0.0
3,FHDC1 (85462)_damaging,0.0
3,DCHS2 (54798)_damaging,0.0
3,MAP9 (79884)_damaging,0.0
3,RXFP1 (59350)_damaging,0.0
3,RAPGEF2 (9693)_damaging,0.0
3,FSTL5 (56884)_damaging,0.013769367138884435
3,WDR17 (116966)_damaging,0.0
3,TENM3 (55714)_damaging,0.0
3,WWC2 (80014)_damaging,0.0
3,FAT1 (2195)_damaging,0.0
3,SDHA (6389)_damaging,0.21042757994434688
3,SLC12A7 (10723)_damaging,0.0
3,TERT (7015)_damaging,0.0
3,ADAMTS16 (170690)_damaging,0.012546997073528927
3,ICE1 (23379)_damaging,0.0
3,DNAH5 (1767)_damaging,0.0
3,TRIO (7204)_damaging,0.0
3,MYO10 (4651)_damaging,0.04479688668562604
3,CDH18 (1016)_damaging,0.0680496014136735
3,CDH12 (1010)_damaging,0.0
3,PRDM9 (56979)_damaging,0.13571105981328505
3,CDH10 (1008)_damaging,0.015443075250641347
3,PDZD2 (23037)_damaging,0.0
3,ADAMTS12 (81792)_damaging,0.0
3,SPEF2 (79925)_damaging,0.0
3,NIPBL (25836)_damaging,0.0
3,CPLANE1 (65250)_damaging,0.08118262609640516
3,C7 (730)_damaging,0.0
3,MROH2B (133558)_damaging,0.003534551428908537
3,C6 (729)_damaging,0.0
3,HCN1 (348980)_damaging,0.0
3,ITGA1 (3672)_damaging,0.0
3,PIK3R1 (5295)_damaging,0.6262824728524955
3,RAD17 (5884)_damaging,0.0
3,BDP1 (55814)_damaging,0.0330682066130542
3,MAP1B (4131)_damaging,0.0
3,ARHGEF28 (64283)_damaging,0.0
3,ANKRD31 (256006)_damaging,0.06327251315989005
3,AP3B1 (8546)_damaging,0.0
3,CMYA5 (202333)_damaging,0.4178602380829749
3,MSH3 (4437)_damaging,0.0691263754647642
3,VCAN (1462)_damaging,0.0
3,RASA1 (5921)_damaging,0.1945337586306923
3,ADGRV1 (84059)_damaging,0.0
3,KIAA0825 (285600)_damaging,0.02423652692724881
3,ARSK (153642)_damaging,0.0
3,APC (324)_damaging,0.23531569984183845
3,DMXL1 (1657)_damaging,0.0
3,FBN2 (2201)_damaging,0.0
3,FNIP1 (96459)_damaging,0.0
3,RAD50 (10111)_damaging,0.14297704855731946
3,AFF4 (27125)_damaging,0.0
3,PITX1 (5307)_damaging,1.6550153425946856
3,LINC02900 (340073)_damaging,0.09975958986267228
3,CTNNA1 (1495)_damaging,0.5682575107426847
3,ANKHD1 (54882)_damaging,0.0
3,PCDHB4 (56131)_damaging,0.07715045669580467
3,PCDHB6 (56130)_damaging,0.0
3,TCERG1 (10915)_damaging,0.03489489538627411
3,FAT2 (2196)_damaging,0.0
3,GRIA1 (2890)_damaging,0.0
3,LARP1 (23367)_damaging,0.6793621302162571
3,GABRG2 (2566)_damaging,0.0
3,SLIT3 (6586)_damaging,0.0
3,DOCK2 (1794)_damaging,0.1768332558800117
3,NSD1 (64324)_damaging,0.0
3,FLT4 (2324)_damaging,0.16040577858171287
3,DSP (1832)_damaging,0.0
3,HIVEP1 (3096)_damaging,0.0
3,PHACTR1 (221692)_damaging,0.0
3,JARID2 (3720)_damaging,0.24828850526489607
3,ATXN1 (6310)_damaging,0.02861297561661658
3,HLA-A (3105)_damaging,0.0
3,MDC1 (9656)_damaging,0.0
3,VARS2 (57176)_damaging,0.00022336059919394238
3,HLA-C (3107)_damaging,0.0
3,HLA-B (3106)_damaging,0.0
3,PRRC2A (7916)_damaging,0.0186527590386578
3,TNXB (7148)_damaging,0.0
3,NOTCH4 (4855)_damaging,0.0
3,COL11A2 (1302)_damaging,0.0
3,ITPR3 (3710)_damaging,0.009149453904727463
3,BLTP3A (54887)_damaging,0.0
3,DNAH8 (1769)_damaging,0.0
3,CCND3 (896)_damaging,0.27749686227909576
3,TDRD6 (221400)_damaging,0.0
3,PKHD1 (5314)_damaging,0.0
3,FAM83B (222584)_damaging,0.0
3,DST (667)_damaging,0.0
3,PHF3 (23469)_damaging,0.0
3,EYS (346007)_damaging,0.0
3,ADGRB3 (577)_damaging,0.0
3,COL19A1 (1310)_damaging,0.0
3,COL9A1 (1297)_damaging,0.0
3,RIMS1 (22999)_damaging,0.0
3,COL12A1 (1303)_damaging,0.0
3,TTK (7272)_damaging,0.10481892311955571
3,CEP162 (22832)_damaging,0.0
3,ZNF292 (23036)_damaging,0.0
3,MDN1 (23195)_damaging,0.0
3,CASP8AP2 (9994)_damaging,0.0
3,EPHA7 (2045)_damaging,0.33784391487624743
3,MMS22L (253714)_damaging,0.0
3,PNISR (25957)_damaging,0.042759425082068155
3,ASCC3 (10973)_damaging,0.0
3,AK9 (221264)_damaging,0.0
3,REV3L (5980)_damaging,0.0
3,HDAC2 (3066)_damaging,0.020768390689461517
3,ROS1 (6098)_damaging,0.0
3,TBC1D32 (221322)_damaging,0.0
3,TRDN (10345)_damaging,0.0
3,LAMA2 (3908)_damaging,0.0
3,MED23 (9439)_damaging,0.0
3,TNFAIP3 (7128)_damaging,0.005991783292195528
3,ARFGEF3 (57221)_damaging,0.015444975476359082
3,ECT2L (345930)_damaging,0.0
3,HIVEP2 (3097)_damaging,0.0
3,UTRN (7402)_damaging,0.012213213198929375
3,SHPRH (257218)_damaging,0.0
3,ADGB (79747)_damaging,0.0
3,SYNE1 (23345)_damaging,0.6677403128709968
3,SCAF8 (22828)_damaging,0.0
3,ARID1B (57492)_damaging,0.0
3,FNDC1 (84624)_damaging,0.0
3,IGF2R (3482)_damaging,0.0
3,LPA (4018)_damaging,0.0
3,MAP3K4 (4216)_damaging,0.0709759026590371
3,QKI (9444)_damaging,0.34232054071989043
3,AFDN (4301)_damaging,0.033300636441749014
3,CARD11 (84433)_damaging,0.0
3,TNRC18 (84629)_damaging,0.3677997400083841
3,PMS2 (5395)_damaging,0.0
3,THSD7A (221981)_damaging,0.0
3,VWDE (221806)_damaging,0.0
3,DGKB (1607)_damaging,0.0
3,AHR (196)_damaging,0.0
3,ABCB5 (340273)_damaging,0.7173885130147941
3,DNAH11 (8701)_damaging,0.0
3,CDK13 (8621)_damaging,0.0643436269164082
3,HECW1 (23072)_damaging,0.0
3,AEBP1 (165)_damaging,0.02072145848459267
3,PKD1L1 (168507)_damaging,0.0
3,ABCA13 (154664)_damaging,0.0
3,DDC (1644)_damaging,0.0
3,ZNF722 (100419780)_damaging,0.0
3,MAGI2 (9863)_damaging,0.0
3,CD36 (948)_damaging,0.09599300804329546
3,PCLO (27445)_damaging,0.0
3,ABCB4 (5244)_damaging,0.0
3,ZNF804B (219578)_damaging,0.01272577521039842
3,AKAP9 (10142)_damaging,0.0
3,ANKIB1 (54467)_damaging,0.0
3,SAMD9 (54809)_damaging,0.0
3,SAMD9L (219285)_damaging,0.0
3,CALCR (799)_damaging,0.0
3,COL1A2 (1278)_damaging,0.012533858387430387
3,TRRAP (8295)_damaging,0.0
3,MUC12 (10071)_damaging,0.0
3,MUC17 (140453)_damaging,0.5438999967563584
3,PLOD3 (8985)_damaging,0.0
3,CUX1 (1523)_damaging,0.0
3,RELN (5649)_damaging,0.0
3,KMT2E (55904)_damaging,0.04407218485537866
3,PIK3CG (5294)_damaging,0.0
3,LAMB4 (22798)_damaging,0.0
3,DOCK4 (9732)_damaging,0.04512360799418791
3,PPP1R3A (5506)_damaging,0.0
3,CFTR (1080)_damaging,0.0
3,CTTNBP2 (83992)_damaging,0.0
3,PTPRZ1 (5803)_damaging,0.16188120289828353
3,POT1 (25913)_damaging,0.0
3,GRM8 (2918)_damaging,0.0
3,FLNC (2318)_damaging,0.0
3,KCP (375616)_damaging,0.0
3,PLXNA4 (91584)_damaging,0.3108371367314105
3,NUP205 (23165)_damaging,0.049480878744505574
3,TRIM24 (8805)_damaging,0.0
3,KIAA1549 (57670)_damaging,0.0
3,MGAM (8972)_damaging,0.0
3,MGAM2 (93432)_damaging,0.0
3,EPHB6 (2051)_damaging,0.0
3,KEL (3792)_damaging,0.0
3,FAM131B (9715)_damaging,0.0
3,NOBOX (135935)_damaging,0.05311340444829504
3,CNTNAP2 (26047)_damaging,0.00015581116446833506
3,NOS3 (4846)_damaging,0.005001074031506429
3,KMT2C (58508)_damaging,0.0
3,DPP6 (1804)_damaging,0.029631536656121272
3,UBE3C (9690)_damaging,0.03186347809724123
3,PTPRN2 (5799)_damaging,0.011174985067186862
3,MYOM2 (9172)_damaging,0.0
3,CSMD1 (64478)_damaging,0.0
3,RP1L1 (94137)_damaging,0.0
3,TRMT9B (57604)_damaging,0.0
3,DOCK5 (80005)_damaging,0.0
3,NUGGC (389643)_damaging,0.019243610212494384
3,TEX15 (56154)_damaging,0.0
3,WRN (7486)_damaging,0.0
3,UNC5D (137970)_damaging,0.0
3,ADGRA2 (25960)_damaging,0.0
3,NSD3 (54904)_damaging,0.0
3,ANK1 (286)_damaging,0.0
3,PRKDC (5591)_damaging,0.03634337569853279
3,PXDNL (137902)_damaging,0.0
3,ST18 (9705)_damaging,0.015654140961255537
3,RB1CC1 (9821)_damaging,0.0
3,RP1 (6101)_damaging,0.0
3,CYP7A1 (1581)_damaging,0.017209470930684888
3,ARFGEF1 (10565)_damaging,0.0
3,PREX2 (80243)_damaging,0.0
3,SULF1 (23213)_damaging,0.0
3,SLCO5A1 (81796)_damaging,0.0
3,TRPA1 (8989)_damaging,0.0
3,KCNB2 (9312)_damaging,0.0
3,ZFHX4 (79776)_damaging,0.0
3,WWP1 (11059)_damaging,0.017151891783323527
3,NBN (4683)_damaging,0.0
3,ESRP1 (54845)_damaging,0.0
3,VPS13B (157680)_damaging,0.02752366530291177
3,RGS22 (26166)_damaging,0.0
3,UBR5 (51366)_damaging,0.0
3,RIMS2 (9699)_damaging,0.0
3,ZFPM2 (23414)_damaging,0.0
3,PKHD1L1 (93035)_damaging,0.6101088438148993
3,CSMD3 (114788)_damaging,0.029383330870107072
3,TRPS1 (7227)_damaging,0.0
3,COL14A1 (7373)_damaging,0.0
3,FER1L6 (654463)_damaging,0.0
3,EFR3A (23167)_damaging,0.0
3,KCNQ3 (3786)_damaging,0.0
3,PHF20L1 (51105)_damaging,1.624477397509298
3,COL22A1 (169044)_damaging,0.12065359769806232
3,ADGRB1 (575)_damaging,0.0
3,EPPK1 (83481)_damaging,0.0
3,PLEC (5339)_damaging,0.09321569638400232
3,PARP10 (84875)_damaging,0.0
3,KIFC2 (90990)_damaging,0.0
3,DOCK8 (81704)_damaging,0.0
3,SMARCA2 (6595)_damaging,0.03645794891061788
3,PTPRD (5789)_damaging,0.0
3,MPDZ (8777)_damaging,0.19799331974964224
3,FREM1 (158326)_damaging,0.0
3,DENND4C (55667)_damaging,0.0
3,CDKN2A (1029)_damaging,0.022786451985294505
3,TAF1L (138474)_damaging,0.0015988633395334023
3,FANCG (2189)_damaging,0.7885594986524582
3,PIGO (84720)_damaging,0.0001343628353687662
3,UNC13B (10497)_damaging,0.0
3,GBA2 (57704)_damaging,0.0
3,SPAG8 (26206)_damaging,0.3964656552446174
3,TMC1 (117531)_damaging,0.0
3,TRPM6 (140803)_damaging,0.0
3,PCSK5 (5125)_damaging,0.0
3,PRUNE2 (158471)_damaging,0.0
3,VPS13A (23230)_damaging,0.0
3,KIF27 (55582)_damaging,0.0736724049421751
3,ROR2 (4920)_damaging,0.06450599329648204
3,WNK2 (65268)_damaging,0.0
3,PTCH1 (5727)_damaging,0.0
3,COL15A1 (1306)_damaging,0.07341443458735218
3,TMEM245 (23731)_damaging,0.021747381774535564
3,PALM2AKAP2 (445815)_damaging,0.0
3,SVEP1 (79987)_damaging,0.0
3,FKBP15 (23307)_damaging,0.0
3,COL27A1 (85301)_damaging,0.22734768313614187
3,C5 (727)_damaging,0.02235700530552747
3,CNTRL (11064)_damaging,0.0
3,DENND1A (57706)_damaging,0.0743824552530626
3,SPTAN1 (6709)_damaging,0.0
3,HMCN2 (256158)_damaging,0.0
3,NUP214 (8021)_damaging,0.0419994066879413
3,PRRC2B (84726)_damaging,0.0
3,UCK1 (83549)_damaging,0.0
3,SETX (23064)_damaging,0.04098072141512666
3,TTF1 (7270)_damaging,0.0
3,ADAMTS13 (11093)_damaging,0.0
3,ADAMTSL2 (9719)_damaging,0.0
3,BRD3 (8019)_damaging,0.0
3,COL5A1 (1289)_damaging,0.0
3,CAMSAP1 (157922)_damaging,0.20855692806702283
3,NOTCH1 (4851)_damaging,0.0
3,ABCA2 (20)_damaging,0.018801009236382348
3,EXD3 (54932)_damaging,0.0
3,MXRA5 (25878)_damaging,0.10325332056710518
3,WWC3 (55841)_damaging,0.0
3,NHS (4810)_damaging,0.0
3,MAP3K15 (389840)_damaging,0.0
3,DMD (1756)_damaging,0.12510725649513182
3,CFAP47 (286464)_damaging,0.0
3,RPGR (6103)_damaging,0.019409575677250386
3,BCOR (54880)_damaging,0.06224654966616604
3,USP9X (8239)_damaging,1.074384914890268
3,DDX3X (1654)_damaging,0.0
3,KDM6A (7403)_damaging,0.5002859208939168
3,RBM10 (8241)_damaging,0.0
3,TFE3 (7030)_damaging,0.0
3,CACNA1F (778)_damaging,0.0
3,CCNB3 (85417)_damaging,0.023392829075033726
3,KDM5C (8242)_damaging,0.0
3,IQSEC2 (23096)_damaging,0.0
3,HUWE1 (10075)_damaging,0.0
3,WNK3 (65267)_damaging,0.0
3,AMER1 (139285)_damaging,0.0
3,MED12 (9968)_damaging,0.1257324680906285
3,ZMYM3 (9203)_damaging,0.9886991460069761
3,ATRX (546)_damaging,0.021025457087642127
3,ZNF711 (7552)_damaging,0.0
3,DIAPH2 (1730)_damaging,0.0
3,PCDH19 (57526)_damaging,0.023942799448558216
3,RAB40A (142684)_damaging,0.0
3,NRK (203447)_damaging,0.0
3,COL4A6 (1288)_damaging,0.0
3,COL4A5 (1287)_damaging,0.08087058274115065
3,GUCY2F (2986)_damaging,0.0
3,DOCK11 (139818)_damaging,0.0
3,STAG2 (10735)_damaging,0.05272223586680858
3,TENM1 (10178)_damaging,0.0
3,SMARCA1 (6594)_damaging,0.0
3,BCORL1 (63035)_damaging,0.0
3,USP26 (83844)_damaging,0.0
3,MAP7D3 (79649)_damaging,0.0
3,ADGRG4 (139378)_damaging,0.0
3,SPANXN4 (441525)_damaging,0.0029441725256199565
3,SLITRK2 (84631)_damaging,0.0
3,FMR1 (2332)_damaging,0.02817500536814825
3,AFF2 (2334)_damaging,0.0
3,PLXNA3 (55558)_damaging,0.0
3,F8 (2157)_damaging,0.0
3,MT-ND4 (4538)_damaging,0.0
3,MT-ND5 (4540)_damaging,0.0
4,MTOR (2475)_hotspot,0.0
4,NRAS (4893)_hotspot,0.9545470484252251
4,PTEN (5728)_hotspot,0.0
4,HRAS (3265)_hotspot,0.0
4,ATM (472)_hotspot,0.0
4,KRAS (3845)_hotspot,1.3090408570471712
4,ERBB3 (2065)_hotspot,0.0
4,RB1 (5925)_hotspot,0.0
4,CREBBP (1387)_hotspot,0.0
4,TP53 (7157)_hotspot,1.8718208087306065
4,NF1 (4763)_hotspot,0.0
4,ERBB2 (2064)_hotspot,0.0
4,SMAD4 (4089)_hotspot,0.020906223802054726
4,STK11 (6794)_hotspot,0.030388545541067638
4,SMARCA4 (6597)_hotspot,0.0
4,C2orf81 (388963)_hotspot,0.03464446432196609
4,NFE2L2 (4780)_hotspot,0.12382953029325612
4,CTNNB1 (1499)_hotspot,0.0
4,RHOA (387)_hotspot,0.0
4,PIK3CA (5290)_hotspot,0.19098247253463993
4,FBXW7 (55294)_hotspot,0.0
4,TERT (7015)_hotspot,0.06387958069768256
4,PIK3R1 (5295)_hotspot,0.043002961073524595
4,APC (324)_hotspot,0.0
4,CCND3 (896)_hotspot,0.6488384410830957
4,RAC1 (5879)_hotspot,0.0
4,BRAF (673)_hotspot,2.415781938891665
4,MYC (4609)_hotspot,0.20927106090362413
4,CDKN2A (1029)_hotspot,0.0
4,AGRN (375790)_damaging,0.11430202902165361
4,MXRA8 (54587)_damaging,0.0
4,MEGF6 (1953)_damaging,0.0
4,CHD5 (26038)_damaging,0.0
4,RPL22 (6146)_damaging,1.274647439541436
4,ERRFI1 (54206)_damaging,0.0
4,SLC45A1 (50651)_damaging,0.0
4,RERE (473)_damaging,0.0
4,EXOSC10 (5394)_damaging,0.0
4,VPS13D (55187)_damaging,0.0
4,FHAD1 (114827)_damaging,0.0
4,SPEN (23013)_damaging,0.0
4,EPHA2 (1969)_damaging,0.012593247460707082
4,UBR4 (23352)_damaging,0.05262198801977798
4,HSPG2 (3339)_damaging,0.0
4,LUZP1 (7798)_damaging,0.0
4,ID3 (3399)_damaging,2.7283430266290103
4,ELOA (6924)_damaging,0.0
4,ARID1A (8289)_damaging,2.5957206270061213
4,WDTC1 (23038)_damaging,0.0
4,PTPRU (10076)_damaging,0.0
4,COL16A1 (1307)_damaging,0.027808243757440405
4,CSMD2 (114784)_damaging,0.0
4,ZMYM6 (9204)_damaging,0.0
4,ZMYM1 (79830)_damaging,0.0
4,ZMYM4 (9202)_damaging,0.0
4,CLSPN (63967)_damaging,0.0
4,AGO1 (26523)_damaging,0.0
4,MAP7D1 (55700)_damaging,0.0
4,MACF1 (23499)_damaging,0.8253456307493132
4,HIVEP3 (59269)_damaging,0.0
4,TIE1 (7075)_damaging,0.0
4,SZT2 (23334)_damaging,0.0
4,PTCH2 (8643)_damaging,0.19135716560421978
4,MUTYH (4595)_damaging,0.01017163023258304
4,MAST2 (23139)_damaging,0.0
4,PIK3R3 (8503)_damaging,0.0
4,TAL1 (6886)_damaging,0.0
4,TUT4 (23318)_damaging,0.0
4,FYB2 (199920)_damaging,0.0
4,NFIA (4774)_damaging,0.0
4,PATJ (10207)_damaging,0.023276336622174012
4,DOCK7 (85440)_damaging,0.0
4,JAK1 (3716)_damaging,0.0
4,LEPR (3953)_damaging,0.0
4,LRRC7 (57554)_damaging,0.0
4,LRRIQ3 (127255)_damaging,0.0
4,ERICH3 (127254)_damaging,0.0
4,SLC44A5 (204962)_damaging,0.0
4,AK5 (26289)_damaging,0.09561152372910067
4,ADGRL4 (64123)_damaging,0.30671717402538096
4,ADGRL2 (23266)_damaging,0.11912321790831432
4,COL24A1 (255631)_damaging,0.0
4,HFM1 (164045)_damaging,0.009026543976705893
4,BTBD8 (284697)_damaging,0.0
4,RPL5 (6125)_damaging,0.34464509686110195
4,ABCA4 (24)_damaging,0.0
4,COL11A1 (1301)_damaging,0.0
4,EPS8L3 (79574)_damaging,0.0
4,CSDE1 (7812)_damaging,0.0
4,SYCP1 (6847)_damaging,0.0
4,CD58 (965)_damaging,0.05960433456314186
4,SPAG17 (200162)_damaging,0.0
4,NOTCH2 (4853)_damaging,0.0
4,BCL9 (607)_damaging,0.0
4,ADAMTSL4 (54507)_damaging,0.0
4,ZNF687 (57592)_damaging,0.0
4,FLG (2312)_damaging,0.0
4,CCDST (112268240)_damaging,0.0
4,FLG2 (388698)_damaging,0.0
4,ASH1L (55870)_damaging,0.0
4,IQGAP3 (128239)_damaging,0.0
4,NES (10763)_damaging,0.0
4,INSRR (3645)_damaging,0.0
4,FCRL5 (83416)_damaging,0.0
4,SPTA1 (6708)_damaging,0.0
4,IGSF9 (57549)_damaging,0.0
4,ATP1A4 (480)_damaging,0.0
4,GPR161 (23432)_damaging,0.0
4,F5 (2153)_damaging,0.0
4,FIRRM (55732)_damaging,0.0
4,PRRC2C (23215)_damaging,0.0
4,SLC9C2 (284525)_damaging,0.06254864937754748
4,TNR (7143)_damaging,0.0
4,PAPPA2 (60676)_damaging,0.0332965093903822
4,RASAL2 (9462)_damaging,0.0
4,ABL2 (27)_damaging,0.0
4,AXDND1 (126859)_damaging,0.1580083811282156
4,TDRD5 (163589)_damaging,0.0
4,CEP350 (9857)_damaging,0.2715935691614541
4,CACNA1E (777)_damaging,0.13191132076952658
4,LAMC1 (3915)_damaging,0.0
4,RGL1 (23179)_damaging,0.0
4,HMCN1 (83872)_damaging,0.0
4,TPR (7175)_damaging,0.0
4,BRINP3 (339479)_damaging,0.0
4,CFH (3075)_damaging,0.0
4,ASPM (259266)_damaging,0.0
4,PTPRC (5788)_damaging,0.2939765034564693
4,CAMSAP2 (23271)_damaging,0.0724176857211732
4,CACNA1S (779)_damaging,0.06551890860735606
4,IGFN1 (91156)_damaging,0.30469619896216277
4,NAV1 (89796)_damaging,0.0
4,KDM5B (10765)_damaging,0.0
4,ATP2B4 (493)_damaging,0.0
4,PLEKHA6 (22874)_damaging,0.0
4,PIK3C2B (5287)_damaging,0.0
4,NFASC (23114)_damaging,0.0
4,CR2 (1380)_damaging,0.0
4,CR1 (1378)_damaging,0.05550071558512978
4,PLXNA2 (5362)_damaging,0.0
4,PTPN14 (5784)_damaging,0.0
4,CENPF (1063)_damaging,0.0
4,USH2A (7399)_damaging,0.0
4,DNAH14 (127602)_damaging,0.0
4,CDC42BPA (8476)_damaging,0.1727648866971554
4,OBSCN (84033)_damaging,0.0
4,H3-4 (8290)_damaging,0.0
4,SIPA1L2 (57568)_damaging,0.0
4,PCNX2 (80003)_damaging,0.0
4,MAP3K21 (84451)_damaging,0.0755661918767815
4,ARID4B (51742)_damaging,0.0
4,LYST (1130)_damaging,0.0
4,RYR2 (6262)_damaging,0.0
4,CHRM3 (1131)_damaging,0.008552049699100268
4,FMN2 (56776)_damaging,0.021605015147421
4,KIF26B (55083)_damaging,0.0
4,AHCTF1 (25909)_damaging,0.0
4,NLRP3 (114548)_damaging,0.0
4,LARP4B (23185)_damaging,0.0
4,PITRM1 (10531)_damaging,0.3922967883821679
4,FRMD4A (55691)_damaging,0.0
4,ITGA8 (8516)_damaging,0.009900581206394785
4,CUBN (8029)_damaging,0.40773973029098526
4,MRC1 (4360)_damaging,0.0
4,MALRD1 (340895)_damaging,0.0
4,MLLT10 (8028)_damaging,0.0
4,ARMC3 (219681)_damaging,0.0
4,ANKRD26 (22852)_damaging,0.0
4,SVIL (6840)_damaging,0.0
4,JCAD (57608)_damaging,0.0
4,KIF5B (3799)_damaging,0.009643252698247557
4,CCDC7 (79741)_damaging,0.0
4,ANKRD30A (91074)_damaging,0.10552826395785374
4,RSU1P2 (100133308)_damaging,0.0
4,WDFY4 (57705)_damaging,0.0
4,C10orf71 (118461)_damaging,0.0
4,ERCC6 (2074)_damaging,0.0
4,PCDH15 (65217)_damaging,0.1828452572996341
4,ANK3 (288)_damaging,0.0
4,ARID5B (84159)_damaging,0.0470792148897078
4,JMJD1C (221037)_damaging,0.0
4,CTNNA3 (29119)_damaging,0.0
4,CDH23 (64072)_damaging,0.0
4,ZMIZ1 (57178)_damaging,0.0
4,WAPL (23063)_damaging,0.0
4,PTEN (5728)_damaging,0.11467988271999792
4,SLC16A12 (387700)_damaging,0.0
4,KIF20B (9585)_damaging,0.0
4,MYOF (26509)_damaging,0.015880279250552434
4,PLCE1 (51196)_damaging,0.0
4,ZNF518A (9849)_damaging,0.0
4,LCOR (84458)_damaging,0.0
4,SLIT1 (6585)_damaging,0.0
4,PAX2 (5076)_damaging,0.0
4,SLF2 (55719)_damaging,0.0
4,PPRC1 (23082)_damaging,0.0
4,NOLC1 (9221)_damaging,0.0
4,PSD (5662)_damaging,0.0
4,CNNM2 (54805)_damaging,0.023114608837188796
4,PDCD11 (22984)_damaging,0.0
4,SH3PXD2A (9644)_damaging,0.03380430820153046
4,SLK (9748)_damaging,0.0
4,SORCS3 (22986)_damaging,0.06442827191764357
4,SORCS1 (114815)_damaging,0.0
4,SMC3 (9126)_damaging,0.4557156293010188
4,TCF7L2 (6934)_damaging,0.0
4,ATRNL1 (26033)_damaging,0.0
4,PDZD8 (118987)_damaging,0.0
4,TACC2 (10579)_damaging,0.0
4,DMBT1 (1755)_damaging,0.0
4,DOCK1 (1793)_damaging,0.0
4,MKI67 (4288)_damaging,0.17852296008789925
4,JAKMIP3 (282973)_damaging,0.3049543539454446
4,CFAP46 (54777)_damaging,0.0
4,B4GALNT4 (338707)_damaging,0.0
4,PKP3 (11187)_damaging,0.04229722489722357
4,PHRF1 (57661)_damaging,0.1787948172296162
4,MUC5AC (4586)_damaging,0.0529645381303237
4,MUC5B (727897)_damaging,0.0
4,BRSK2 (9024)_damaging,0.0
4,KCNQ1 (3784)_damaging,0.0
4,NUP98 (4928)_damaging,0.0
4,DCHS1 (8642)_damaging,0.0
4,IPO7 (10527)_damaging,0.0
4,SBF2 (81846)_damaging,0.2656959906214992
4,MICAL2 (9645)_damaging,0.0
4,PLEKHA7 (144100)_damaging,0.0
4,ABCC8 (6833)_damaging,0.017289640248646935
4,OTOG (340990)_damaging,0.0
4,HPS5 (11234)_damaging,0.0
4,NAV2 (89797)_damaging,0.0
4,ANO3 (63982)_damaging,0.0
4,DCDC1 (341019)_damaging,0.052101784740882534
4,CCDC73 (493860)_damaging,0.0
4,QSER1 (79832)_damaging,0.003092453160719153
4,CSTF3 (1479)_damaging,0.0
4,HIPK3 (10114)_damaging,0.2148293279683212
4,KIAA1549L (25758)_damaging,0.0
4,LRP4 (4038)_damaging,0.0
4,FOLH1 (2346)_damaging,0.0
4,OR4P4 (81300)_damaging,0.001977179401446846
4,TNKS1BP1 (85456)_damaging,0.0
4,CTNND1 (1500)_damaging,0.0
4,DTX4 (23220)_damaging,0.049721426270719904
4,MYRF (745)_damaging,0.0
4,AHNAK (79026)_damaging,0.0
4,SLC3A2 (6520)_damaging,0.0
4,NRXN2 (9379)_damaging,0.0
4,MEN1 (4221)_damaging,0.006969301296881548
4,ATG2A (23130)_damaging,0.0
4,PCNX3 (399909)_damaging,0.0
4,RIN1 (9610)_damaging,0.018140091004950423
4,SHANK2 (22941)_damaging,0.03910739269846214
4,NUMA1 (4926)_damaging,0.0
4,INPPL1 (3636)_damaging,0.0
4,ARHGEF17 (9828)_damaging,0.0
4,C2CD3 (26005)_damaging,0.0
4,MYO7A (4647)_damaging,0.03737947791302041
4,RSF1 (51773)_damaging,0.0
4,TENM4 (26011)_damaging,0.0
4,PCF11 (51585)_damaging,0.0
4,DLG2 (1740)_damaging,0.06202703086829858
4,SYTL2 (54843)_damaging,0.0
4,FAT3 (120114)_damaging,0.0
4,CNTN5 (53942)_damaging,0.009746397054667599
4,CEP126 (57562)_damaging,0.05122060983621033
4,MMP3 (4314)_damaging,0.0
4,MMP12 (4321)_damaging,0.0
4,DYNC2H1 (79659)_damaging,0.0
4,GRIA4 (2893)_damaging,0.06591065112616235
4,NPAT (4863)_damaging,0.0
4,ATM (472)_damaging,0.002678970388579779
4,EXPH5 (23086)_damaging,0.04391931317283458
4,NKAPD1 (55216)_damaging,0.016906623254749946
4,NCAM1 (4684)_damaging,0.0
4,USP28 (57646)_damaging,0.0
4,KMT2A (4297)_damaging,0.04894070218241429
4,BCL9L (283149)_damaging,0.3637848009399691
4,HYOU1 (10525)_damaging,0.0
4,MFRP (83552)_damaging,0.0
4,ARHGEF12 (23365)_damaging,0.0
4,TECTA (7007)_damaging,0.0
4,SORL1 (6653)_damaging,0.0
4,JHY (79864)_damaging,0.02961945403276354
4,ROBO3 (64221)_damaging,0.0
4,CCDC15 (80071)_damaging,0.0
4,NFRKB (4798)_damaging,0.0
4,IGSF9B (22997)_damaging,0.0
4,GLB1L2 (89944)_damaging,0.0
4,LINC02714 (729305)_damaging,0.0
4,KDM5A (5927)_damaging,0.0
4,WNK1 (65125)_damaging,0.0
4,CACNA1C (775)_damaging,0.0922643420936835
4,VWF (7450)_damaging,0.0
4,PLEKHG6 (55200)_damaging,0.0
4,CHD4 (1108)_damaging,0.22394913564459198
4,ATN1 (1822)_damaging,0.0
4,A2ML1 (144568)_damaging,0.029105665241792734
4,A2M (2)_damaging,0.0
4,ATF7IP (55729)_damaging,0.03762636122952065
4,GUCY2C (2984)_damaging,0.0
4,PIK3C2G (5288)_damaging,0.0
4,SLCO1B3 (28234)_damaging,0.028552789144435306
4,RECQL (5965)_damaging,0.0
4,ABCC9 (10060)_damaging,0.34211461288462675
4,ITPR2 (3709)_damaging,0.3779784487725453
4,OVCH1 (341350)_damaging,0.0
4,KIF21A (55605)_damaging,0.0
4,LRRK2 (120892)_damaging,0.001980717716257758
4,MUC19 (283463)_damaging,2.0173337262341664
4,CNTN1 (1272)_damaging,0.0
4,ADAMTS20 (80070)_damaging,0.0
4,ARID2 (196528)_damaging,0.0
4,HDAC7 (51564)_damaging,0.0
4,COL2A1 (1280)_damaging,0.07588684840228907
4,WNT1 (7471)_damaging,0.0
4,KMT2D (8085)_damaging,0.0
4,NCKAP5L (57701)_damaging,0.22430517131336308
4,SLC4A8 (9498)_damaging,0.0
4,TNS2 (23371)_damaging,0.0
4,MAP3K12 (7786)_damaging,0.04027672102505772
4,ERBB3 (2065)_damaging,0.03579089932851686
4,PAN2 (9924)_damaging,0.0
4,STAT2 (6773)_damaging,0.025995160285722668
4,NACA (4666)_damaging,0.08338986799863565
4,MYO1A (4640)_damaging,0.0
4,LRP1 (4035)_damaging,0.08328158558312641
4,GLI1 (2735)_damaging,0.03361751816862818
4,MBD6 (114785)_damaging,0.0
4,MYRFL (196446)_damaging,0.0
4,PTPRB (5787)_damaging,0.7162634007014782
4,ZFC3H1 (196441)_damaging,0.0
4,E2F7 (144455)_damaging,0.0
4,NAV3 (89795)_damaging,0.0
4,OTOGL (283310)_damaging,0.0
4,PTPRQ (374462)_damaging,0.0
4,PPFIA2 (8499)_damaging,0.0
4,LRRIQ1 (84125)_damaging,0.0
4,CEP290 (80184)_damaging,0.08424770129276515
4,PLXNC1 (10154)_damaging,0.0
4,CFAP54 (144535)_damaging,0.0
4,ANKS1B (56899)_damaging,0.0
4,BLTP3B (23074)_damaging,0.0
4,UTP20 (27340)_damaging,0.0
4,STAB2 (55576)_damaging,0.0
4,ALDH1L2 (160428)_damaging,0.0
4,ACACB (32)_damaging,0.0
4,MVK (4598)_damaging,0.0
4,CUX2 (23316)_damaging,0.014732531864826537
4,HECTD4 (283450)_damaging,0.0
4,DTX1 (1840)_damaging,0.0
4,NOS1 (4842)_damaging,0.0
4,CIT (11113)_damaging,0.03529918509393912
4,HNF1A (6927)_damaging,0.0
4,KDM2B (84678)_damaging,0.028734107124961827
4,SETD1B (23067)_damaging,0.0
4,KNTC1 (9735)_damaging,0.0
4,SBNO1 (55206)_damaging,0.0
4,DNAH10 (196385)_damaging,0.18761937847979643
4,NCOR2 (9612)_damaging,0.0
4,TMEM132D (121256)_damaging,0.0
4,RIMBP2 (23504)_damaging,0.570809190490525
4,SFSWAP (6433)_damaging,0.0
4,EP400 (57634)_damaging,0.0
4,P2RX2 (22953)_damaging,0.0
4,POLE (5426)_damaging,0.0
4,GOLGA3 (2802)_damaging,0.0
4,SACS (26278)_damaging,0.0
4,RNF17 (56163)_damaging,0.08638748236269568
4,CENPJ (55835)_damaging,0.0
4,ATP8A2 (51761)_damaging,0.0
4,RXFP2 (122042)_damaging,0.0
4,FRY (10129)_damaging,0.17476664216663343
4,BRCA2 (675)_damaging,0.0
4,PDS5B (23047)_damaging,1.8392279293057991
4,NBEA (26960)_damaging,0.0
4,FREM2 (341640)_damaging,0.0
4,DGKH (160851)_damaging,0.7218444423451028
4,ZC3H13 (23091)_damaging,0.0
4,RB1 (5925)_damaging,2.03118459481682
4,PCDH17 (27253)_damaging,0.0995093156644249
4,DACH1 (1602)_damaging,0.0
4,DIS3 (22894)_damaging,0.5350449979474042
4,MYCBP2 (23077)_damaging,0.0
4,SLITRK5 (26050)_damaging,0.0
4,DOCK9 (23348)_damaging,0.0
4,NALCN (259232)_damaging,0.0
4,CCDC168 (643677)_damaging,0.0
4,MYO16 (23026)_damaging,0.0257200139460064
4,COL4A1 (1282)_damaging,0.0
4,COL4A2 (1284)_damaging,0.024883892985991318
4,OR4K5 (79317)_damaging,0.10229942476298093
4,TEP1 (7011)_damaging,0.0
4,ARHGEF40 (55701)_damaging,0.0
4,CHD8 (57680)_damaging,0.0
4,AJUBA (84962)_damaging,0.47851205653920775
4,ACIN1 (22985)_damaging,0.0
4,MYH7 (4625)_damaging,0.0
4,CARMIL3 (90668)_damaging,0.0
4,NYNRIN (57523)_damaging,0.012858364081807799
4,HECTD1 (25831)_damaging,0.0
4,ARHGAP5 (394)_damaging,0.0
4,AKAP6 (9472)_damaging,0.0
4,NPAS3 (64067)_damaging,0.0
4,RALGAPA1 (253959)_damaging,0.0
4,TTC6 (319089)_damaging,0.0
4,MIA2 (4253)_damaging,0.0
4,TOGARAM1 (23116)_damaging,0.03096622848901662
4,FANCM (57697)_damaging,0.0
4,NIN (51199)_damaging,0.010907067582416809
4,NID2 (22795)_damaging,0.0
4,KTN1 (3895)_damaging,0.0
4,ARID4A (5926)_damaging,0.0
4,KCNH5 (27133)_damaging,0.0
4,SYNE2 (23224)_damaging,0.07058285360256517
4,PCNX1 (22990)_damaging,0.0
4,MIDEAS (91748)_damaging,0.0
4,YLPM1 (56252)_damaging,0.016248520907339997
4,MLH3 (27030)_damaging,0.0
4,NRXN3 (9369)_damaging,0.0
4,CEP128 (145508)_damaging,0.0
4,PTPN21 (11099)_damaging,0.0
4,ZC3H14 (79882)_damaging,0.0
4,EML5 (161436)_damaging,0.0
4,TRIP11 (9321)_damaging,0.0
4,UNC79 (57578)_damaging,0.13451608555129643
4,ATG2B (55102)_damaging,0.0
4,RTL1 (388015)_damaging,0.013339157337674015
4,DYNC1H1 (1778)_damaging,0.0
4,KIF26A (26153)_damaging,0.0
4,INF2 (64423)_damaging,0.0
4,AHNAK2 (113146)_damaging,0.15496500095988086
4,MTA1 (9112)_damaging,0.0
4,HERC2 (8924)_damaging,0.00104464194146691
4,TRPM1 (4308)_damaging,0.0
4,FMN1 (342184)_damaging,0.0
4,RYR3 (6263)_damaging,0.0
4,SPRED1 (161742)_damaging,0.0
4,CCDC9B (388115)_damaging,0.0
4,INO80 (54617)_damaging,0.0
4,LTK (4058)_damaging,0.0
4,TYRO3 (7301)_damaging,0.0
4,MGA (23269)_damaging,0.13672032851484053
4,SPTBN5 (51332)_damaging,0.2662723598418794
4,ZNF106 (64397)_damaging,0.10947866780061787
4,STARD9 (57519)_damaging,0.0
4,UBR1 (197131)_damaging,0.01459188408993722
4,TP53BP1 (7158)_damaging,0.04179074171618229
4,MAP1A (4130)_damaging,0.0
4,SPG11 (80208)_damaging,0.05631695256721588
4,B2M (567)_damaging,0.0
4,FBN1 (2200)_damaging,0.0
4,USP8 (9101)_damaging,0.0
4,TRPM7 (54822)_damaging,0.026557282848333766
4,AP4E1 (23431)_damaging,0.0
4,DMXL2 (23312)_damaging,0.0
4,MYO5C (55930)_damaging,0.0
4,UNC13C (440279)_damaging,0.18003363126647656
4,RFX7 (64864)_damaging,0.0
4,RNF111 (54778)_damaging,0.010582726207924387
4,ICE2 (79664)_damaging,0.0
4,VPS13C (54832)_damaging,0.0
4,TLN2 (83660)_damaging,0.0
4,HERC1 (8925)_damaging,1.4733896930323305
4,ZNF609 (23060)_damaging,0.08438168911799493
4,MEGF11 (84465)_damaging,0.0
4,NOX5 (79400)_damaging,0.0
4,MYO9A (4649)_damaging,0.0
4,HCN4 (10021)_damaging,0.0
4,SIN3A (25942)_damaging,0.0
4,ADAMTSL3 (57188)_damaging,0.0
4,AKAP13 (11214)_damaging,0.0
4,AGBL1 (123624)_damaging,0.036468534461644324
4,TICRR (90381)_damaging,0.0
4,KIF7 (374654)_damaging,0.02936175888095576
4,IQGAP1 (8826)_damaging,0.0
4,BLM (641)_damaging,0.0
4,FES (2242)_damaging,0.19824583378767063
4,CHD2 (1106)_damaging,0.004427851228425349
4,LRRK1 (79705)_damaging,0.022533470800597696
4,AXIN1 (8312)_damaging,0.0
4,CACNA1H (8912)_damaging,0.0
4,UNKL (64718)_damaging,0.0
4,TSC2 (7249)_damaging,0.0
4,PKD1 (5310)_damaging,0.2139209061704162
4,CASKIN1 (57524)_damaging,0.0
4,SLX4 (84464)_damaging,0.024048368741915096
4,CREBBP (1387)_damaging,1.6002961046781572
4,SEC14L5 (9717)_damaging,0.017941022290523887
4,GRIN2A (2903)_damaging,0.0
4,KNOP1 (400506)_damaging,0.44255347487061336
4,DNAH3 (55567)_damaging,0.0
4,SCNN1B (6338)_damaging,0.12506037192722355
4,PALB2 (79728)_damaging,0.0
4,ERN2 (10595)_damaging,0.0
4,RBBP6 (5930)_damaging,0.0
4,TNRC6A (27327)_damaging,0.0
4,ARHGAP17 (55114)_damaging,0.1636361680616144
4,GTF3C1 (2975)_damaging,0.0
4,ATXN2L (11273)_damaging,0.0
4,SH2B1 (25970)_damaging,0.0
4,ITGAL (3683)_damaging,0.0
4,PRR14 (78994)_damaging,0.0
4,FBRS (64319)_damaging,0.0
4,SRCAP (10847)_damaging,0.006923611390595493
4,SETD1A (9739)_damaging,0.0
4,ZNF668 (79759)_damaging,0.0
4,ITGAM (3684)_damaging,0.0
4,ITGAD (3681)_damaging,0.002677046638995069
4,ABCC11 (85320)_damaging,0.1335303852493879
4,SALL1 (6299)_damaging,0.0
4,CHD9 (80205)_damaging,0.0
4,RBL2 (5934)_damaging,0.0
4,NLRC5 (84166)_damaging,0.0
4,CTCF (10664)_damaging,0.18381287117754863
4,CDH1 (999)_damaging,0.0
4,MTSS2 (92154)_damaging,0.0
4,DHX38 (9785)_damaging,0.0
4,ZFHX3 (463)_damaging,0.09652241734409113
4,CNTNAP4 (85445)_damaging,0.0
4,TAF1C (9013)_damaging,0.0
4,IRF8 (3394)_damaging,0.1616260588762404
4,ZNF469 (84627)_damaging,0.0
4,ZC3H18 (124245)_damaging,0.0
4,LINC02138 (400558)_damaging,0.27597826606215853
4,CDH15 (1013)_damaging,0.0
4,ANKRD11 (29123)_damaging,0.12747408080481853
4,VPS9D1 (9605)_damaging,0.0
4,FANCA (2175)_damaging,0.0
4,CLUH (23277)_damaging,0.0
4,SPATA22 (84690)_damaging,0.1099858903705535
4,ZZEF1 (23140)_damaging,0.0
4,USP6 (9098)_damaging,0.0
4,GPS2 (2874)_damaging,0.0
4,FXR2 (9513)_damaging,0.037247526811910056
4,TP53 (7157)_damaging,18.363619620719955
4,EFNB3 (1949)_damaging,0.0
4,DNAH2 (146754)_damaging,0.05037745665039787
4,KDM6B (23135)_damaging,0.0
4,CHD3 (1107)_damaging,0.0
4,PER1 (5187)_damaging,0.0
4,PFAS (5198)_damaging,0.0
4,MYH13 (8735)_damaging,0.0
4,MYH8 (4626)_damaging,0.0
4,MYH4 (4622)_damaging,0.027242259053922472
4,MYH1 (4619)_damaging,0.11403972486772028
4,MYH2 (4620)_damaging,0.060791823662212495
4,DNAH9 (1770)_damaging,0.0
4,MYOCD (93649)_damaging,0.0
4,NCOR1 (9611)_damaging,0.0
4,MPRIP (23164)_damaging,0.0
4,FLCN (201163)_damaging,0.0
4,MYO15A (51168)_damaging,0.047301578054051024
4,TOP3A (7156)_damaging,0.06454820499106216
4,SPECC1 (92521)_damaging,0.0
4,KSR1 (8844)_damaging,0.0
4,MYO18A (399687)_damaging,0.0
4,ANKRD13B (124930)_damaging,0.0
4,EFCAB5 (374786)_damaging,0.0
4,ATAD5 (79915)_damaging,0.0028271483032711606
4,NF1 (4763)_damaging,0.0
4,SUZ12 (23512)_damaging,0.0
4,SLFN11 (91607)_damaging,0.0
4,ACACA (31)_damaging,0.0
4,GPR179 (440435)_damaging,0.0
4,SRCIN1 (80725)_damaging,0.0
4,CDK12 (51755)_damaging,0.1506832482813376
4,TOP2A (7153)_damaging,0.0
4,KCNH4 (23415)_damaging,0.02363817961863657
4,STAT5B (6777)_damaging,0.0
4,BRCA1 (672)_damaging,0.029292615237898577
4,ITGA2B (3674)_damaging,0.0
4,KANSL1 (284058)_damaging,0.2682581446243502
4,HOXB3 (3213)_damaging,0.0
4,COL1A1 (1277)_damaging,0.2830219381424132
4,TSPOAP1 (9256)_damaging,0.0
4,RNF43 (54894)_damaging,0.0
4,CLTC (1213)_damaging,0.0
4,PPM1D (8493)_damaging,0.0
4,TBX4 (9496)_damaging,0.0
4,MED13 (9969)_damaging,0.0
4,MRC2 (9902)_damaging,0.0
4,SCN4A (6329)_damaging,0.0
4,GNA13 (10672)_damaging,0.0
4,AXIN2 (8313)_damaging,0.0
4,NOL11 (25926)_damaging,0.0
4,BPTF (2186)_damaging,0.0
4,ABCA8 (10351)_damaging,0.0
4,ABCA9 (10350)_damaging,0.027079597622090053
4,ABCA6 (23460)_damaging,0.0
4,ABCA10 (10349)_damaging,0.0
4,ABCA5 (23461)_damaging,0.0
4,SOX9 (6662)_damaging,0.0
4,SDK2 (54549)_damaging,0.02778606473237518
4,TMEM94 (9772)_damaging,0.0
4,MYO15B (80022)_damaging,0.0
4,ITGB4 (3691)_damaging,0.0
4,EVPL (2125)_damaging,0.0
4,SPHK1 (8877)_damaging,0.0
4,TNRC6C (57690)_damaging,0.06553199019512045
4,DNAH17 (8632)_damaging,0.0
4,RNF213 (57674)_damaging,0.0
4,BAHCC1 (57597)_damaging,0.30280373297603347
4,FASN (2194)_damaging,0.02274769434794672
4,NARF (26502)_damaging,0.06383057002768279
4,SMCHD1 (23347)_damaging,0.0
4,EPB41L3 (23136)_damaging,0.0
4,LAMA1 (284217)_damaging,0.0
4,MTCL1 (23255)_damaging,0.00889012215654893
4,ANKRD12 (23253)_damaging,0.007052007130801841
4,PIEZO2 (63895)_damaging,0.0
4,ANKRD30B (374860)_damaging,0.0
4,ROCK1 (6093)_damaging,0.0
4,ESCO1 (114799)_damaging,0.0
4,LAMA3 (3909)_damaging,0.0
4,OSBPL1A (114876)_damaging,0.0
4,CCDC178 (374864)_damaging,0.0
4,ASXL3 (80816)_damaging,0.0
4,FHOD3 (80206)_damaging,0.051705731400571865
4,SETBP1 (26040)_damaging,0.17125752070696862
4,EPG5 (57724)_damaging,0.0674619117526483
4,LOXHD1 (125336)_damaging,0.35239795370564947
4,SKOR2 (652991)_damaging,0.0
4,ZBTB7C (201501)_damaging,0.0
4,SMAD4 (4089)_damaging,0.12898616194150792
4,DCC (1630)_damaging,0.0656900580302785
4,ALPK2 (115701)_damaging,0.0
4,CDH7 (1005)_damaging,0.0
4,RTTN (25914)_damaging,0.025643564067125986
4,ZNF236 (7776)_damaging,0.0
4,SALL3 (27164)_damaging,0.0
4,ATP9B (374868)_damaging,0.0
4,NFATC1 (4772)_damaging,0.0
4,KCNG2 (26251)_damaging,0.0
4,ABCA7 (10347)_damaging,0.15279171526686453
4,STK11 (6794)_damaging,0.9455202907167248
4,TCF3 (6929)_damaging,0.0
4,REXO1 (57455)_damaging,0.0
4,DOT1L (84444)_damaging,0.0
4,ZBTB7A (51341)_damaging,0.12150628853898536
4,TICAM1 (148022)_damaging,0.0
4,KDM4B (23030)_damaging,0.0
4,PTPRS (5802)_damaging,0.0
4,SAFB2 (9667)_damaging,0.0
4,SAFB (6294)_damaging,0.0
4,CAMSAP3 (57662)_damaging,0.013279344434752486
4,FBN3 (84467)_damaging,0.0
4,MUC16 (94025)_damaging,0.0
4,COL5A3 (50509)_damaging,0.0
4,DNMT1 (1786)_damaging,0.0
4,KEAP1 (9817)_damaging,0.07159557920989701
4,DNM2 (1785)_damaging,0.05179469999823121
4,SMARCA4 (6597)_damaging,0.9858224443158611
4,MAST1 (22983)_damaging,0.0
4,CACNA1A (773)_damaging,0.7303837437312406
4,NOTCH3 (4854)_damaging,0.04869869455471073
4,WIZ (58525)_damaging,0.0
4,SIN3B (23309)_damaging,0.0
4,CPAMD8 (27151)_damaging,0.29920699967604786
4,ZNF90 (7643)_damaging,0.0
4,ZNF429 (353088)_damaging,0.0
4,ZNF208 (7757)_damaging,0.009186266240268854
4,ZNF729 (100287226)_damaging,0.02741224072745282
4,ZNF99 (7652)_damaging,0.0
4,ZNF91 (7644)_damaging,0.0
4,ZNF536 (9745)_damaging,0.01098933857507887
4,TSHZ3 (57616)_damaging,0.04318885496550207
4,KMT2B (9757)_damaging,0.0
4,ARHGAP33 (115703)_damaging,0.06251956018256807
4,WDR87 (83889)_damaging,0.0
4,SIPA1L3 (23094)_damaging,0.0
4,RYR1 (6261)_damaging,0.006144015329353358
4,CAPN12 (147968)_damaging,0.12473310968235021
4,FCGBP (8857)_damaging,0.0
4,PRX (57716)_damaging,0.0
4,SPTBN4 (57731)_damaging,0.0
4,AXL (558)_damaging,0.0
4,ERF (2077)_damaging,0.0
4,CIC (23152)_damaging,0.046304704049350505
4,MEGF8 (1954)_damaging,0.0
4,ARHGAP35 (2909)_damaging,0.029758145457828712
4,BICRA (29998)_damaging,0.0
4,LMTK3 (114783)_damaging,0.0
4,TRPM4 (54795)_damaging,0.0
4,TEAD2 (8463)_damaging,0.0
4,PRR12 (57479)_damaging,0.0
4,SCAF1 (58506)_damaging,0.0
4,MYH14 (79784)_damaging,0.0
4,POLD1 (5424)_damaging,0.0
4,SHANK1 (50944)_damaging,0.0
4,BRSK1 (84446)_damaging,0.06901521414285539
4,SSC5D (284297)_damaging,0.0
4,NLRP4 (147945)_damaging,0.0
4,PEG3 (5178)_damaging,0.03808109559437994
4,ZIM3 (114026)_damaging,0.0
4,TPO (7173)_damaging,0.0
4,PXDN (7837)_damaging,0.0
4,MYT1L (23040)_damaging,0.0
4,ROCK2 (9475)_damaging,0.0
4,GREB1 (9687)_damaging,0.0
4,NBAS (51594)_damaging,0.022570305581856746
4,RAD51AP2 (729475)_damaging,0.06888132064315537
4,APOB (338)_damaging,0.0
4,TDRD15 (100129278)_damaging,0.02178899121056127
4,ATAD2B (54454)_damaging,0.0
4,ITSN2 (50618)_damaging,0.0
4,DNMT3A (1788)_damaging,0.0
4,ASXL2 (55252)_damaging,0.0
4,OTOF (9381)_damaging,0.014461327164514582
4,EMILIN1 (11117)_damaging,0.0
4,CAD (790)_damaging,0.0
4,IFT172 (26160)_damaging,0.0
4,SPATA31H1 (84226)_damaging,1.4394608860950031
4,ALK (238)_damaging,0.0
4,BIRC6 (57448)_damaging,0.0
4,HEATR5B (54497)_damaging,0.0
4,ZFP36L2 (678)_damaging,0.0
4,THADA (63892)_damaging,0.0
4,MSH2 (4436)_damaging,0.0
4,MSH6 (2956)_damaging,0.0
4,NRXN1 (9378)_damaging,0.03564418582717684
4,SPTBN1 (6711)_damaging,0.021897345401918643
4,EML6 (400954)_damaging,0.02707864493708144
4,CCDC88A (55704)_damaging,0.0
4,USP34 (9736)_damaging,0.04716471389805586
4,C2orf42 (54980)_damaging,0.0
4,ZNF638 (27332)_damaging,0.0
4,DYSF (8291)_damaging,0.0
4,ALMS1 (7840)_damaging,0.0
4,LOXL3 (84695)_damaging,0.02009696675262662
4,CTNNA2 (1496)_damaging,0.0
4,DNAH6 (1768)_damaging,0.0
4,ANKRD36C (400986)_damaging,0.0
4,TMEM131 (23505)_damaging,0.01573896002598989
4,VWA3B (200403)_damaging,0.0
4,CRACDL (343990)_damaging,0.0
4,EIF5B (9669)_damaging,0.0
4,AFF3 (3899)_damaging,0.003760300960357364
4,SLC5A7 (60482)_damaging,0.0
4,DPP10 (57628)_damaging,0.0
4,MARCO (8685)_damaging,0.0
4,EPB41L5 (57669)_damaging,0.0
4,CLASP1 (23332)_damaging,0.0
4,CNTNAP5 (129684)_damaging,0.0
4,UGGT1 (56886)_damaging,0.0
4,ARHGEF4 (50649)_damaging,0.008073100553797976
4,NCKAP5 (344148)_damaging,0.0
4,THSD7B (80731)_damaging,0.0
4,LRP1B (53353)_damaging,0.20917891483813658
4,ZEB2 (9839)_damaging,0.0
4,ACVR2A (92)_damaging,0.0
4,ORC4 (5000)_damaging,0.03617554888234747
4,KIF5C (3800)_damaging,0.0
4,RIF1 (55183)_damaging,0.0
4,NEB (4703)_damaging,0.0
4,TANC1 (85461)_damaging,0.0
4,BAZ2B (29994)_damaging,0.0365104337896162
4,LY75 (4065)_damaging,0.10716313376702874
4,PLA2R1 (22925)_damaging,0.0
4,SLC4A10 (57282)_damaging,0.0
4,KCNH7 (90134)_damaging,0.0
4,FIGN (55137)_damaging,0.0
4,SCN3A (6328)_damaging,0.0
4,SCN2A (6326)_damaging,0.08285322091598397
4,TTC21B (79809)_damaging,0.0
4,SCN1A (6323)_damaging,0.0
4,SCN9A (6335)_damaging,0.035535999676667485
4,SCN7A (6332)_damaging,0.0
4,XIRP2 (129446)_damaging,0.036723155982841725
4,LRP2 (4036)_damaging,0.0
4,KLHL41 (10324)_damaging,0.0
4,PPIG (9360)_damaging,0.0
4,MYO3B (140469)_damaging,0.0
4,GPR155 (151556)_damaging,0.6544056032644266
4,HOXD11 (3237)_damaging,0.0
4,TTN (7273)_damaging,0.0
4,CCDC141 (285025)_damaging,0.0
4,ITGA4 (3676)_damaging,0.0
4,FSIP2 (401024)_damaging,0.0
4,COL3A1 (1281)_damaging,0.0
4,COL5A2 (1290)_damaging,0.0
4,ANKAR (150709)_damaging,0.0
4,MYO1B (4430)_damaging,0.02738735287144283
4,DNAH7 (56171)_damaging,0.13570674538221203
4,HECW2 (57520)_damaging,0.0
4,PLCL1 (5334)_damaging,0.0035502514891397616
4,SGO2 (151246)_damaging,0.0
4,AOX1 (316)_damaging,0.27993890625628526
4,CASP8 (841)_damaging,0.0
4,C2CD6 (151254)_damaging,0.0
4,NOP58 (51602)_damaging,0.0
4,BMPR2 (659)_damaging,0.0
4,NBEAL1 (65065)_damaging,0.0
4,PARD3B (117583)_damaging,0.0
4,INO80D (54891)_damaging,0.08412748103936589
4,ZDBF2 (57683)_damaging,0.05324504814789021
4,ADAM23 (8745)_damaging,0.0
4,MAP2 (4133)_damaging,0.007841055888339825
4,UNC80 (285175)_damaging,0.10839977877859774
4,KANSL1L (151050)_damaging,0.0
4,CPS1 (1373)_damaging,0.022966917798721658
4,ERBB4 (2066)_damaging,0.0
4,ABCA12 (26154)_damaging,0.38798270718079947
4,FN1 (2335)_damaging,0.0
4,TNS1 (7145)_damaging,0.0
4,CFAP65 (255101)_damaging,0.0
4,SPEG (10290)_damaging,0.006569947415154544
4,OBSL1 (23363)_damaging,0.0
4,SLC4A3 (6508)_damaging,0.0
4,DOCK10 (55619)_damaging,0.0
4,NYAP2 (57624)_damaging,0.0
4,IRS1 (3667)_damaging,0.0
4,COL4A4 (1286)_damaging,0.0
4,SPHKAP (80309)_damaging,0.0
4,TRIP12 (9320)_damaging,0.0
4,COL6A3 (1293)_damaging,0.0
4,RBM44 (375316)_damaging,0.027024163551368992
4,HDAC4 (9759)_damaging,0.0
4,KIF1A (547)_damaging,0.0
4,CROCC2 (728763)_damaging,0.0
4,PASK (23178)_damaging,0.08873880651843104
4,TGM6 (343641)_damaging,0.0
4,FASTKD5 (60493)_damaging,0.0
4,SLC4A11 (83959)_damaging,0.0
4,PLCB4 (5332)_damaging,0.0
4,RRBP1 (6238)_damaging,0.0
4,CFAP61 (26074)_damaging,0.04470942055140061
4,RALGAPA2 (57186)_damaging,0.0
4,CD93 (22918)_damaging,0.0
4,ASXL1 (171023)_damaging,0.0923524185343633
4,NCOA6 (23054)_damaging,0.13805007305434908
4,MYH7B (57644)_damaging,0.0
4,KIAA1755 (85449)_damaging,0.0
4,RALGAPB (57148)_damaging,0.0
4,CHD6 (84181)_damaging,0.0
4,PTPRT (11122)_damaging,0.046704289780688316
4,NCOA3 (8202)_damaging,0.0
4,DDX27 (55661)_damaging,0.026256791005269738
4,KCNB1 (3745)_damaging,0.0
4,TSHZ2 (128553)_damaging,0.0
4,GNAS (2778)_damaging,7.966382240938747e-05
4,ZNF831 (128611)_damaging,0.19262966549488705
4,SYCP2 (10388)_damaging,0.0
4,LAMA5 (3911)_damaging,0.10464617821318509
4,DIDO1 (11083)_damaging,0.0
4,COL20A1 (57642)_damaging,0.0
4,HELZ2 (85441)_damaging,0.0951371797431746
4,TPTE (7179)_damaging,0.034168163569619596
4,NRIP1 (8204)_damaging,0.0
4,LTN1 (26046)_damaging,0.026259500192050502
4,USP16 (10600)_damaging,0.0
4,SCAF4 (57466)_damaging,0.9017068972244355
4,ITSN1 (6453)_damaging,0.0
4,RUNX1 (861)_damaging,0.0
4,DOP1B (9980)_damaging,0.0
4,BRWD1 (54014)_damaging,0.0
4,DSCAM (1826)_damaging,0.04718452762277199
4,ZBTB21 (49854)_damaging,0.0
4,NDUFV3 (4731)_damaging,0.0
4,TRPM2 (7226)_damaging,0.0
4,COL18A1 (80781)_damaging,0.0
4,COL6A1 (1291)_damaging,0.020485525296167588
4,PCNT (5116)_damaging,0.0
4,CECR2 (27443)_damaging,0.0
4,ZDHHC8 (29801)_damaging,0.0
4,MED15 (51586)_damaging,0.0
4,LZTR1 (8216)_damaging,0.1556275377938981
4,SMARCB1 (6598)_damaging,0.0
4,MYO18B (84700)_damaging,0.0
4,MN1 (4330)_damaging,0.0
4,TTC28 (23331)_damaging,0.0
4,CHEK2 (11200)_damaging,0.023618409683812246
4,NF2 (4771)_damaging,2.341853724802456
4,PRR14L (253143)_damaging,0.001626743012764786
4,DEPDC5 (9681)_damaging,0.0
4,RTCB (51493)_damaging,0.03949447735446149
4,MYH9 (4627)_damaging,0.537680385978759
4,CSF2RB (1439)_damaging,0.26928765907690383
4,TRIOBP (11078)_damaging,0.0
4,CACNA1I (8911)_damaging,0.138574216075367
4,TNRC6B (23112)_damaging,0.0
4,EP300 (2033)_damaging,0.14389571989579622
4,ZC3H7B (23264)_damaging,0.0
4,TCF20 (6942)_damaging,0.0
4,SMC1B (27127)_damaging,0.02154556784298194
4,PKDREJ (10343)_damaging,0.0
4,CELSR1 (9620)_damaging,0.0
4,PLXNB2 (23654)_damaging,1.6627995256488748
4,PPP6R2 (9701)_damaging,0.09168446690596205
4,SBF1 (6305)_damaging,0.0
4,CHL1 (10752)_damaging,0.019031655975034128
4,CNTN6 (27255)_damaging,0.0
4,CNTN4 (152330)_damaging,0.04206996722202567
4,GRM7 (2917)_damaging,0.014491504140428066
4,SSUH2 (51066)_damaging,0.0377251466585408
4,VHL (7428)_damaging,0.23283561429183816
4,IQSEC1 (9922)_damaging,0.0
4,NR2C2 (7182)_damaging,0.0
4,KCNH8 (131096)_damaging,0.0
4,TGFBR2 (7048)_damaging,0.0
4,CLASP2 (23122)_damaging,0.0038541010239689496
4,TRANK1 (9881)_damaging,0.30191723696603723
4,MLH1 (4292)_damaging,0.0
4,GOLGA4 (2803)_damaging,0.025077379986471787
4,SCN10A (6336)_damaging,0.005841012860600722
4,SCN11A (11280)_damaging,0.0
4,TOPAZ1 (375337)_damaging,0.0
4,KIF15 (56992)_damaging,0.0
4,SETD2 (29072)_damaging,0.0
4,PTPN23 (25930)_damaging,0.07940393306776486
4,PLXNB1 (5364)_damaging,0.0
4,COL7A1 (1294)_damaging,0.0
4,CELSR3 (1951)_damaging,0.0
4,LAMB2 (3913)_damaging,0.16922363223139278
4,RHOA (387)_damaging,0.0
4,BSN (8927)_damaging,0.0
4,RBM6 (10180)_damaging,0.04636081031153504
4,DOCK3 (1795)_damaging,0.0
4,DNAH1 (25981)_damaging,0.0
4,BAP1 (8314)_damaging,0.0
4,STAB1 (23166)_damaging,0.0
4,PBRM1 (55193)_damaging,0.3879880841128462
4,DNAH12 (201625)_damaging,0.0
4,FLNB (2317)_damaging,0.0
4,PTPRG (5793)_damaging,0.09294009297999947
4,ATXN7 (6314)_damaging,0.0
4,ADAMTS9 (56999)_damaging,0.0
4,ROBO2 (6092)_damaging,0.0
4,ROBO1 (6091)_damaging,0.0
4,EPHA3 (2042)_damaging,0.014210683421333036
4,EPHA6 (285220)_damaging,0.6882299347255957
4,CRYBG3 (131544)_damaging,0.0
4,MYH15 (22989)_damaging,0.0
4,DZIP3 (9666)_damaging,0.0
4,MORC1 (27136)_damaging,0.0
4,NECTIN3 (25945)_damaging,0.02778184046250975
4,ZBTB20 (26137)_damaging,0.07974610339561028
4,POLQ (10721)_damaging,0.0
4,PARP14 (54625)_damaging,0.0
4,KALRN (8997)_damaging,0.43222971263194415
4,MBD4 (8930)_damaging,0.0
4,COL6A5 (256076)_damaging,0.0
4,DNAJC13 (23317)_damaging,0.0
4,TOPBP1 (11073)_damaging,0.0
4,RASA2 (5922)_damaging,0.006429272011269808
4,XRN1 (54464)_damaging,0.0004656556454670832
4,ATR (545)_damaging,0.0
4,HPS3 (84343)_damaging,0.0
4,MED12L (116931)_damaging,0.0
4,IGSF10 (285313)_damaging,0.0
4,ARHGEF26 (26084)_damaging,0.0
4,MME (4311)_damaging,0.0
4,SI (6476)_damaging,0.0
4,MECOM (2122)_damaging,0.0
4,TNIK (23043)_damaging,0.0
4,SPATA16 (83893)_damaging,0.0
4,USP13 (8975)_damaging,0.08559151366779832
4,TTC14 (151613)_damaging,0.0
4,B3GNT5 (84002)_damaging,0.0
4,ABCC5 (10057)_damaging,0.0
4,MUC4 (4585)_damaging,0.0
4,GAK (2580)_damaging,0.02428106784911983
4,NSD2 (7468)_damaging,0.0
4,FAM193A (8603)_damaging,0.0
4,HTT (3064)_damaging,0.0
4,JAKMIP1 (152789)_damaging,0.0
4,UNC93B7 (100887746)_damaging,0.0
4,BOD1L1 (259282)_damaging,0.0
4,CPEB2 (132864)_damaging,0.0
4,SLIT2 (9353)_damaging,0.0
4,PCDH7 (5099)_damaging,0.2376568519098949
4,ARAP2 (116984)_damaging,0.0
4,LIMCH1 (22998)_damaging,0.0
4,BEND4 (389206)_damaging,0.0
4,GABRG1 (2565)_damaging,0.0
4,CORIN (10699)_damaging,0.0
4,FRYL (285527)_damaging,0.0
4,KDR (3791)_damaging,0.0
4,CRACD (57482)_damaging,0.0
4,ADGRL3 (23284)_damaging,0.0
4,EPHA5 (2044)_damaging,0.0
4,CENPC (1060)_damaging,0.0
4,ADAMTS3 (9508)_damaging,0.0
4,SHROOM3 (57619)_damaging,0.0
4,FRAS1 (80144)_damaging,0.0
4,WDFY3 (23001)_damaging,0.0
4,PTPN13 (5783)_damaging,0.0
4,AFF1 (4299)_damaging,0.0
4,SMARCAD1 (56916)_damaging,0.0
4,UNC5C (8633)_damaging,0.0
4,CENPE (1062)_damaging,0.0
4,TET2 (54790)_damaging,1.0196459252911036
4,TBCK (93627)_damaging,0.07946468887743136
4,COL25A1 (84570)_damaging,0.02670579697677617
4,EGF (1950)_damaging,0.0
4,ZGRF1 (55345)_damaging,0.03835210307496394
4,ANK2 (287)_damaging,0.0
4,BLTP1 (84162)_damaging,0.0
4,FAT4 (79633)_damaging,0.0
4,SCLT1 (132320)_damaging,0.0
4,PCDH10 (57575)_damaging,0.023386613998895307
4,NAA15 (80155)_damaging,0.0
4,LRBA (987)_damaging,0.19191642987676946
4,FBXW7 (55294)_damaging,0.0
4,FHDC1 (85462)_damaging,0.0
4,DCHS2 (54798)_damaging,0.0
4,MAP9 (79884)_damaging,0.0
4,GRIA2 (2891)_damaging,0.0
4,RXFP1 (59350)_damaging,0.00495722844919685
4,RAPGEF2 (9693)_damaging,0.0
4,FSTL5 (56884)_damaging,0.0
4,DDX60 (55601)_damaging,0.0
4,CLCN3 (1182)_damaging,0.0
4,WDR17 (116966)_damaging,0.0
4,TENM3 (55714)_damaging,0.0
4,WWC2 (80014)_damaging,0.0
4,SORBS2 (8470)_damaging,0.0
4,FAT1 (2195)_damaging,0.016429049946710857
4,SDHA (6389)_damaging,0.059643179130460806
4,SLC12A7 (10723)_damaging,0.0
4,ADAMTS16 (170690)_damaging,0.0
4,ICE1 (23379)_damaging,0.0
4,SEMA5A (9037)_damaging,0.0
4,DNAH5 (1767)_damaging,0.02738827194830184
4,TRIO (7204)_damaging,0.0
4,CDH18 (1016)_damaging,0.1292157058396092
4,CDH12 (1010)_damaging,0.0
4,PRDM9 (56979)_damaging,0.0
4,CDH10 (1008)_damaging,0.0
4,CDH6 (1004)_damaging,0.0
4,PDZD2 (23037)_damaging,0.0753450390947616
4,ADAMTS12 (81792)_damaging,0.0
4,SPEF2 (79925)_damaging,0.0
4,NIPBL (25836)_damaging,0.0
4,CPLANE1 (65250)_damaging,0.0
4,C7 (730)_damaging,0.0
4,MROH2B (133558)_damaging,0.0
4,C6 (729)_damaging,0.0
4,HCN1 (348980)_damaging,0.0
4,DHX29 (54505)_damaging,0.08449750858642299
4,PIK3R1 (5295)_damaging,0.9994609956790336
4,RAD17 (5884)_damaging,0.0
4,BDP1 (55814)_damaging,0.0
4,MAP1B (4131)_damaging,0.0
4,ARHGEF28 (64283)_damaging,0.0
4,ANKRD31 (256006)_damaging,0.0836167357266787
4,IQGAP2 (10788)_damaging,0.0
4,AP3B1 (8546)_damaging,0.10885557532464347
4,CMYA5 (202333)_damaging,0.15769067590519925
4,MSH3 (4437)_damaging,0.07101872674117345
4,VCAN (1462)_damaging,0.0
4,RASA1 (5921)_damaging,0.3298857623292244
4,ADGRV1 (84059)_damaging,0.0
4,MCTP1 (79772)_damaging,0.04079366196054143
4,SKIC3 (9652)_damaging,0.0
4,ARSK (153642)_damaging,0.0
4,APC (324)_damaging,0.0
4,DMXL1 (1657)_damaging,0.062211935195419184
4,ZNF608 (57507)_damaging,0.0
4,FBN2 (2201)_damaging,0.0
4,SLC27A6 (28965)_damaging,0.0
4,ADAMTS19 (171019)_damaging,0.0
4,RAPGEF6 (51735)_damaging,0.04687875524472425
4,FNIP1 (96459)_damaging,0.0
4,RAD50 (10111)_damaging,0.3137148090029674
4,SOWAHA (134548)_damaging,0.0
4,AFF4 (27125)_damaging,0.0
4,FSTL4 (23105)_damaging,0.0
4,CDKL3 (51265)_damaging,0.01198417286344317
4,PITX1 (5307)_damaging,2.1671846696765775
4,LINC02900 (340073)_damaging,0.7300980131151392
4,CTNNA1 (1495)_damaging,0.3671188713594789
4,WDR55 (54853)_damaging,0.0
4,ARAP3 (64411)_damaging,0.0
4,NR3C1 (2908)_damaging,0.0
4,FAT2 (2196)_damaging,0.04618987949435632
4,LARP1 (23367)_damaging,0.1520613821211171
4,GEMIN5 (25929)_damaging,0.15284768515778308
4,TIMD4 (91937)_damaging,0.0
4,PWWP2A (114825)_damaging,0.0
4,GABRG2 (2566)_damaging,0.0
4,DOCK2 (1794)_damaging,0.3171617543606076
4,NSD1 (64324)_damaging,0.0
4,FLT4 (2324)_damaging,0.0
4,DSP (1832)_damaging,0.0
4,HIVEP1 (3096)_damaging,0.0
4,JARID2 (3720)_damaging,0.0
4,ATXN1 (6310)_damaging,0.0
4,GABBR1 (2550)_damaging,0.08060258573571752
4,HLA-A (3105)_damaging,0.0
4,PPP1R10 (5514)_damaging,0.0
4,MDC1 (9656)_damaging,0.0
4,HLA-C (3107)_damaging,0.0
4,HLA-B (3106)_damaging,0.17356995277035941
4,PRRC2A (7916)_damaging,0.0
4,BAG6 (7917)_damaging,0.0653882277325332
4,TNXB (7148)_damaging,0.0
4,NOTCH4 (4855)_damaging,0.0
4,COL11A2 (1302)_damaging,0.0
4,ITPR3 (3710)_damaging,0.0
4,BLTP3A (54887)_damaging,0.0
4,DNAH8 (1769)_damaging,0.03589370154321021
4,CCND3 (896)_damaging,0.6758276085583925
4,ZNF318 (24149)_damaging,0.0
4,TDRD6 (221400)_damaging,0.0
4,MMUT (4594)_damaging,0.0
4,PKHD1 (5314)_damaging,0.09650690198671864
4,FAM83B (222584)_damaging,0.004896197375326104
4,DST (667)_damaging,0.0
4,PHF3 (23469)_damaging,0.0
4,EYS (346007)_damaging,0.0
4,ADGRB3 (577)_damaging,0.0
4,COL19A1 (1310)_damaging,0.0
4,COL9A1 (1297)_damaging,0.0
4,RIMS1 (22999)_damaging,0.0
4,COL12A1 (1303)_damaging,0.013745649628808577
4,TTK (7272)_damaging,0.0
4,CEP162 (22832)_damaging,0.0
4,ZNF292 (23036)_damaging,0.0
4,MDN1 (23195)_damaging,0.0
4,CASP8AP2 (9994)_damaging,0.0
4,BACH2 (60468)_damaging,0.00013213521815310468
4,EPHA7 (2045)_damaging,0.052595888517300994
4,MMS22L (253714)_damaging,0.0
4,PNISR (25957)_damaging,0.0
4,ASCC3 (10973)_damaging,0.0
4,AK9 (221264)_damaging,0.0
4,REV3L (5980)_damaging,0.005793096493795662
4,HDAC2 (3066)_damaging,0.0
4,ROS1 (6098)_damaging,0.0
4,TBC1D32 (221322)_damaging,0.0
4,TRDN (10345)_damaging,0.0
4,MTCL3 (387104)_damaging,0.0
4,LAMA2 (3908)_damaging,0.0
4,AKAP7 (9465)_damaging,0.0
4,MED23 (9439)_damaging,0.0
4,ARFGEF3 (57221)_damaging,0.0
4,ECT2L (345930)_damaging,0.055500802071095826
4,HECA (51696)_damaging,0.0
4,ADGRG6 (57211)_damaging,0.0
4,HIVEP2 (3097)_damaging,0.0
4,UTRN (7402)_damaging,0.0
4,SHPRH (257218)_damaging,0.0
4,GRM1 (2911)_damaging,0.0
4,ADGB (79747)_damaging,0.0
4,STXBP5 (134957)_damaging,0.0
4,AKAP12 (9590)_damaging,0.0
4,SYNE1 (23345)_damaging,0.2740002268726888
4,SCAF8 (22828)_damaging,0.0
4,ARID1B (57492)_damaging,0.0
4,FNDC1 (84624)_damaging,0.0
4,IGF2R (3482)_damaging,0.0
4,LPA (4018)_damaging,0.0
4,MAP3K4 (4216)_damaging,0.023463763466186616
4,QKI (9444)_damaging,0.0
4,AFDN (4301)_damaging,0.0
4,INTS1 (26173)_damaging,0.0
4,CARD11 (84433)_damaging,0.0
4,SDK1 (221935)_damaging,0.0
4,TNRC18 (84629)_damaging,0.4903979457274586
4,PMS2 (5395)_damaging,0.0
4,COL28A1 (340267)_damaging,0.0
4,THSD7A (221981)_damaging,0.0
4,VWDE (221806)_damaging,0.05505540368239776
4,AHR (196)_damaging,0.0
4,ABCB5 (340273)_damaging,1.174376314213807
4,DNAH11 (8701)_damaging,0.0
4,RAPGEF5 (9771)_damaging,0.0
4,STK31 (56164)_damaging,0.0
4,BBS9 (27241)_damaging,0.0
4,CDK13 (8621)_damaging,0.0
4,GLI3 (2737)_damaging,0.19413376506448327
4,AEBP1 (165)_damaging,0.0
4,PKD1L1 (168507)_damaging,0.0
4,ABCA13 (154664)_damaging,0.48270226391829124
4,FIGNL1 (63979)_damaging,0.0
4,EGFR (1956)_damaging,0.0
4,ZNF716 (441234)_damaging,0.0
4,ZNF735 (730291)_damaging,0.0
4,PTPN12 (5782)_damaging,0.0
4,MAGI2 (9863)_damaging,0.0
4,CD36 (948)_damaging,0.7145314779271382
4,PCLO (27445)_damaging,0.0
4,SEMA3E (9723)_damaging,0.0
4,ABCB4 (5244)_damaging,0.0
4,ABCB1 (5243)_damaging,0.0
4,ZNF804B (219578)_damaging,0.027187489693309332
4,AKAP9 (10142)_damaging,0.0
4,ANKIB1 (54467)_damaging,0.0
4,SAMD9 (54809)_damaging,0.0
4,SAMD9L (219285)_damaging,0.0
4,CALCR (799)_damaging,0.0
4,COL1A2 (1278)_damaging,0.052185628059793744
4,SLC25A13 (10165)_damaging,0.0
4,TRRAP (8295)_damaging,0.0
4,GPC2 (221914)_damaging,0.0
4,NYAP1 (222950)_damaging,0.0
4,GIGYF1 (64599)_damaging,0.0
4,ZAN (7455)_damaging,0.30156680033852173
4,EPHB4 (2050)_damaging,0.0
4,MUC12 (10071)_damaging,0.0
4,MUC17 (140453)_damaging,0.054456064384088475
4,PLOD3 (8985)_damaging,0.0
4,CUX1 (1523)_damaging,0.0
4,FBXL13 (222235)_damaging,0.0
4,RELN (5649)_damaging,0.0
4,KMT2E (55904)_damaging,0.0
4,PIK3CG (5294)_damaging,0.06707365075126019
4,SLC26A3 (1811)_damaging,0.0
4,LAMB4 (22798)_damaging,0.0
4,DOCK4 (9732)_damaging,0.02402754823055895
4,PPP1R3A (5506)_damaging,0.0
4,CFTR (1080)_damaging,0.0
4,CTTNBP2 (83992)_damaging,0.0
4,KCND2 (3751)_damaging,0.0
4,WNT16 (51384)_damaging,0.0
4,PTPRZ1 (5803)_damaging,0.0
4,CADPS2 (93664)_damaging,0.0
4,IQUB (154865)_damaging,0.3180596627242647
4,POT1 (25913)_damaging,0.0
4,GRM8 (2918)_damaging,0.0
4,FLNC (2318)_damaging,0.022272245162735817
4,PLXNA4 (91584)_damaging,0.10176580704220915
4,LRGUK (136332)_damaging,0.0
4,NUP205 (23165)_damaging,0.060739766348966745
4,TRIM24 (8805)_damaging,0.0
4,KIAA1549 (57670)_damaging,0.006062609093144132
4,MGAM (8972)_damaging,0.0
4,MGAM2 (93432)_damaging,0.0
4,EPHB6 (2051)_damaging,0.0
4,KEL (3792)_damaging,0.0
4,NOBOX (135935)_damaging,0.13660786523719484
4,CNTNAP2 (26047)_damaging,0.0
4,KCNH2 (3757)_damaging,0.01878809290957322
4,NOS3 (4846)_damaging,0.0
4,ATG9B (285973)_damaging,0.021899327329422628
4,KMT2C (58508)_damaging,0.0
4,DPP6 (1804)_damaging,0.0
4,PTPRN2 (5799)_damaging,0.03668057736019271
4,MYOM2 (9172)_damaging,0.0
4,CSMD1 (64478)_damaging,0.012496750726904563
4,RP1L1 (94137)_damaging,0.0
4,TRMT9B (57604)_damaging,0.0
4,DMTN (2039)_damaging,0.0
4,LOXL2 (4017)_damaging,0.07184766994362589
4,ADAM28 (10863)_damaging,0.0
4,DOCK5 (80005)_damaging,0.0
4,NUGGC (389643)_damaging,0.03807615402766273
4,TEX15 (56154)_damaging,0.0
4,WRN (7486)_damaging,0.0
4,UNC5D (137970)_damaging,0.0259172459266936
4,ADGRA2 (25960)_damaging,0.0
4,NSD3 (54904)_damaging,0.0
4,ANK1 (286)_damaging,0.050471084221392605
4,PRKDC (5591)_damaging,0.001807495111176465
4,PXDNL (137902)_damaging,0.0
4,ST18 (9705)_damaging,0.0
4,RB1CC1 (9821)_damaging,0.004354886307096715
4,RP1 (6101)_damaging,0.0
4,CHD7 (55636)_damaging,0.0
4,ASPH (444)_damaging,0.0
4,ARFGEF1 (10565)_damaging,0.04715664959711375
4,PREX2 (80243)_damaging,0.0
4,SULF1 (23213)_damaging,0.0
4,SLCO5A1 (81796)_damaging,0.010724361495723162
4,TRPA1 (8989)_damaging,0.0
4,KCNB2 (9312)_damaging,0.12913041845157278
4,ZFHX4 (79776)_damaging,0.0
4,WWP1 (11059)_damaging,0.0
4,NBN (4683)_damaging,0.0070804471139556
4,ESRP1 (54845)_damaging,0.05672758840343814
4,VPS13B (157680)_damaging,0.0
4,RGS22 (26166)_damaging,0.0
4,UBR5 (51366)_damaging,0.0
4,RIMS2 (9699)_damaging,0.0
4,PKHD1L1 (93035)_damaging,0.03966131469728428
4,CSMD3 (114788)_damaging,0.0
4,TRPS1 (7227)_damaging,0.0
4,COL14A1 (7373)_damaging,0.0
4,FER1L6 (654463)_damaging,0.0
4,ASAP1 (50807)_damaging,0.0
4,ADCY8 (114)_damaging,0.0
4,EFR3A (23167)_damaging,0.0
4,OC90 (729330)_damaging,0.0
4,KCNQ3 (3786)_damaging,0.0
4,PHF20L1 (51105)_damaging,0.045870141296851914
4,TG (7038)_damaging,0.0
4,FAM135B (51059)_damaging,0.09744788232178409
4,COL22A1 (169044)_damaging,0.5976543425926173
4,ADGRB1 (575)_damaging,0.0
4,PLEC (5339)_damaging,0.0
4,CYC1 (1537)_damaging,0.0
4,WDR97 (340390)_damaging,0.0
4,CPSF1 (29894)_damaging,0.02572961753199626
4,KIFC2 (90990)_damaging,0.0
4,DOCK8 (81704)_damaging,0.09819847930160966
4,ERMP1 (79956)_damaging,0.11625657144995938
4,PTPRD (5789)_damaging,0.016378658705176446
4,MPDZ (8777)_damaging,0.037323567709173534
4,CCDC171 (203238)_damaging,0.0
4,CNTLN (54875)_damaging,0.0
4,DENND4C (55667)_damaging,0.0
4,CDKN2A (1029)_damaging,0.13699827573243972
4,TAF1L (138474)_damaging,0.060633859129606116
4,SPATA31G1 (138724)_damaging,0.0
4,FANCG (2189)_damaging,0.019675147608307148
4,PIGO (84720)_damaging,0.0
4,UNC13B (10497)_damaging,0.0
4,RUSC2 (9853)_damaging,0.0
4,SPAG8 (26206)_damaging,0.0
4,TJP2 (9414)_damaging,0.0
4,TMC1 (117531)_damaging,0.0
4,TRPM6 (140803)_damaging,0.3253956965312357
4,PCSK5 (5125)_damaging,0.0
4,PRUNE2 (158471)_damaging,0.029169838367368497
4,VPS13A (23230)_damaging,0.0
4,TLE4 (7091)_damaging,0.25478266221507984
4,SPATA31D1 (389763)_damaging,0.0
4,KIF27 (55582)_damaging,0.350742523691483
4,ROR2 (4920)_damaging,0.0
4,NOL8 (55035)_damaging,0.0
4,WNK2 (65268)_damaging,0.0
4,PHF2 (5253)_damaging,0.0
4,PTCH1 (5727)_damaging,0.00948148797265261
4,COL15A1 (1306)_damaging,0.0
4,TEX10 (54881)_damaging,0.0
4,SMC2 (10592)_damaging,0.02054432928054649
4,ELP1 (8518)_damaging,0.15042763964921355
4,TMEM245 (23731)_damaging,0.33796687154061544
4,PALM2AKAP2 (445815)_damaging,0.0
4,SVEP1 (79987)_damaging,0.0
4,FKBP15 (23307)_damaging,0.0
4,COL27A1 (85301)_damaging,0.18331385838119435
4,C5 (727)_damaging,0.0
4,CNTRL (11064)_damaging,0.0
4,DAB2IP (153090)_damaging,0.0
4,DENND1A (57706)_damaging,0.03872202803569394
4,GOLGA2 (2801)_damaging,0.0
4,SPTAN1 (6709)_damaging,0.0
4,HMCN2 (256158)_damaging,0.0
4,LAMC3 (10319)_damaging,0.0
4,NUP214 (8021)_damaging,0.0
4,PRRC2B (84726)_damaging,0.0
4,UCK1 (83549)_damaging,0.026927378915489013
4,SETX (23064)_damaging,0.0
4,ADAMTS13 (11093)_damaging,0.0
4,ADAMTSL2 (9719)_damaging,0.07965655694570976
4,BRD3 (8019)_damaging,0.0
4,WDR5 (11091)_damaging,0.0
4,COL5A1 (1289)_damaging,0.05831420720671843
4,CAMSAP1 (157922)_damaging,0.0
4,SEC16A (9919)_damaging,0.014090875647169643
4,NOTCH1 (4851)_damaging,0.0
4,ABCA2 (20)_damaging,0.006784986807092401
4,EXD3 (54932)_damaging,0.0
4,CACNA1B (774)_damaging,0.0
4,MXRA5 (25878)_damaging,0.0
4,WWC3 (55841)_damaging,0.0
4,NHS (4810)_damaging,0.0
4,MAP3K15 (389840)_damaging,0.03061644998538973
4,IL1RAPL1 (11141)_damaging,0.0
4,DMD (1756)_damaging,0.0
4,FAM47B (170062)_damaging,0.0
4,CFAP47 (286464)_damaging,0.0
4,RPGR (6103)_damaging,0.0
4,BCOR (54880)_damaging,0.37118108591471144
4,USP9X (8239)_damaging,0.9702835565491708
4,DDX3X (1654)_damaging,0.15071806762169454
4,KDM6A (7403)_damaging,0.009833838088688067
4,RBM10 (8241)_damaging,0.0
4,TFE3 (7030)_damaging,0.0
4,CACNA1F (778)_damaging,0.0
4,CCNB3 (85417)_damaging,0.16398787359421574
4,KDM5C (8242)_damaging,0.0
4,IQSEC2 (23096)_damaging,0.0
4,HUWE1 (10075)_damaging,0.0
4,WNK3 (65267)_damaging,0.029551503700462733
4,AMER1 (139285)_damaging,0.0
4,ZC3H12B (340554)_damaging,0.0
4,OPHN1 (4983)_damaging,0.0
4,KIF4A (24137)_damaging,0.0
4,MED12 (9968)_damaging,0.0
4,NLGN3 (54413)_damaging,0.0
4,ZMYM3 (9203)_damaging,0.09408186362153674
4,NEXMIF (340533)_damaging,0.0
4,ATRX (546)_damaging,0.0
4,BRWD3 (254065)_damaging,0.03626974844116514
4,CYLC1 (1538)_damaging,0.0
4,ZNF711 (7552)_damaging,0.0
4,DIAPH2 (1730)_damaging,0.2516419363897516
4,PCDH19 (57526)_damaging,0.0
4,RAB40A (142684)_damaging,0.03628984875263176
4,NRK (203447)_damaging,0.0
4,MORC4 (79710)_damaging,0.0
4,COL4A6 (1288)_damaging,0.03417002319821739
4,COL4A5 (1287)_damaging,0.0
4,GUCY2F (2986)_damaging,0.005519330034399915
4,DOCK11 (139818)_damaging,0.0
4,STAG2 (10735)_damaging,0.06952763845284432
4,TENM1 (10178)_damaging,0.0
4,SMARCA1 (6594)_damaging,0.062426483876297977
4,BCORL1 (63035)_damaging,0.0
4,USP26 (83844)_damaging,0.0
4,SAGE1 (55511)_damaging,0.0
4,MAP7D3 (79649)_damaging,0.0
4,ADGRG4 (139378)_damaging,0.015244157543492792
4,MCF2 (4168)_damaging,0.0
4,SPANXN4 (441525)_damaging,0.05897063403012917
4,SLITRK2 (84631)_damaging,0.0
4,AFF2 (2334)_damaging,0.0
4,FLNA (2316)_damaging,0.0
4,PLXNA3 (55558)_damaging,0.0
4,F8 (2157)_damaging,0.09960892439170059
4,MT-ND4 (4538)_damaging,0.0
4,MT-ND5 (4540)_damaging,0.0
