fold,feature,importance
0,MTOR (2475)_hotspot,0.0024366404
0,NRAS (4893)_hotspot,0.0029920628
0,PTEN (5728)_hotspot,0.0011523311
0,HRAS (3265)_hotspot,0.0015297133
0,ATM (472)_hotspot,0.0
0,KRAS (3845)_hotspot,0.002194151
0,RB1 (5925)_hotspot,0.002727874
0,CREBBP (1387)_hotspot,0.00087144127
0,TP53 (7157)_hotspot,0.0059388285
0,NF1 (4763)_hotspot,0.0027908247
0,ERBB2 (2064)_hotspot,0.0017355727
0,SMAD4 (4089)_hotspot,0.003720937
0,STK11 (6794)_hotspot,0.0012732842
0,SMARCA4 (6597)_hotspot,0.002731686
0,C2orf81 (388963)_hotspot,0.00245357
0,NFE2L2 (4780)_hotspot,0.0033344326
0,EP300 (2033)_hotspot,0.0017721453
0,VHL (7428)_hotspot,0.0
0,CTNNB1 (1499)_hotspot,0.0027462395
0,RHOA (387)_hotspot,0.0022173685
0,PIK3CA (5290)_hotspot,0.0037813457
0,FBXW7 (55294)_hotspot,0.0027949759
0,TERT (7015)_hotspot,0.003985327
0,PIK3R1 (5295)_hotspot,0.0028151765
0,APC (324)_hotspot,0.0023574522
0,RAC1 (5879)_hotspot,0.0017109743
0,EGFR (1956)_hotspot,0.0
0,BRAF (673)_hotspot,0.008205706
0,MYC (4609)_hotspot,0.0
0,CDKN2A (1029)_hotspot,0.0016540863
0,AGRN (375790)_damaging,0.0031084397
0,MXRA8 (54587)_damaging,0.0
0,MEGF6 (1953)_damaging,0.002148908
0,CHD5 (26038)_damaging,0.0028989208
0,RPL22 (6146)_damaging,0.0019649481
0,ERRFI1 (54206)_damaging,0.0
0,SLC45A1 (50651)_damaging,0.0
0,RERE (473)_damaging,0.0
0,EXOSC10 (5394)_damaging,0.0
0,VPS13D (55187)_damaging,0.0
0,FHAD1 (114827)_damaging,0.0
0,SPEN (23013)_damaging,0.00034833056
0,EPHA2 (1969)_damaging,0.0
0,UBR4 (23352)_damaging,0.0
0,HSPG2 (3339)_damaging,0.0
0,LUZP1 (7798)_damaging,0.0
0,ID3 (3399)_damaging,0.004144941
0,ELOA (6924)_damaging,0.0
0,ARID1A (8289)_damaging,0.0016738332
0,WDTC1 (23038)_damaging,0.0
0,COL16A1 (1307)_damaging,0.0
0,CSMD2 (114784)_damaging,0.002258067
0,ZMYM6 (9204)_damaging,0.0
0,ZMYM1 (79830)_damaging,0.0
0,ZMYM4 (9202)_damaging,0.0
0,CLSPN (63967)_damaging,0.0
0,AGO1 (26523)_damaging,0.0
0,MAP7D1 (55700)_damaging,0.0016883337
0,MACF1 (23499)_damaging,0.0027421205
0,HIVEP3 (59269)_damaging,0.0
0,TIE1 (7075)_damaging,3.3663902e-05
0,MPL (4352)_damaging,0.0
0,SZT2 (23334)_damaging,0.0
0,PTCH2 (8643)_damaging,0.0
0,ZSWIM5 (57643)_damaging,0.0
0,MUTYH (4595)_damaging,0.0
0,MAST2 (23139)_damaging,0.0
0,FAAH (2166)_damaging,0.0
0,TAL1 (6886)_damaging,0.0
0,FYB2 (199920)_damaging,0.0
0,NFIA (4774)_damaging,0.0
0,PATJ (10207)_damaging,0.0
0,DOCK7 (85440)_damaging,0.0
0,JAK1 (3716)_damaging,0.0
0,DNAJC6 (9829)_damaging,0.0
0,LRRC7 (57554)_damaging,0.0020077848
0,ERICH3 (127254)_damaging,0.0025999825
0,SLC44A5 (204962)_damaging,0.0
0,ADGRL4 (64123)_damaging,0.0029033013
0,ADGRL2 (23266)_damaging,0.0
0,COL24A1 (255631)_damaging,0.0
0,HFM1 (164045)_damaging,0.0
0,BTBD8 (284697)_damaging,0.0
0,RPL5 (6125)_damaging,0.0023322883
0,CCDC18 (343099)_damaging,0.0
0,ABCA4 (24)_damaging,0.0
0,ARHGAP29 (9411)_damaging,0.0
0,DPYD (1806)_damaging,0.0
0,COL11A1 (1301)_damaging,0.0
0,EPS8L3 (79574)_damaging,0.0
0,SYCP1 (6847)_damaging,0.002232893
0,MAN1A2 (10905)_damaging,0.0
0,SPAG17 (200162)_damaging,0.0026601627
0,NOTCH2 (4853)_damaging,0.0
0,BCL9 (607)_damaging,0.0
0,ADAMTSL4 (54507)_damaging,0.0
0,SETDB1 (9869)_damaging,0.0
0,ZNF687 (57592)_damaging,0.0
0,TCHH (7062)_damaging,0.0019849087
0,FLG (2312)_damaging,0.0016750316
0,CCDST (112268240)_damaging,0.0027284645
0,FLG2 (388698)_damaging,0.0
0,UBAP2L (9898)_damaging,0.0
0,SHC1 (6464)_damaging,0.0
0,ASH1L (55870)_damaging,0.0030112648
0,GON4L (54856)_damaging,0.0
0,IQGAP3 (128239)_damaging,0.0
0,NES (10763)_damaging,0.0
0,INSRR (3645)_damaging,0.0
0,FCRL5 (83416)_damaging,0.0
0,SPTA1 (6708)_damaging,0.003431399
0,ADCY10 (55811)_damaging,0.0
0,F5 (2153)_damaging,0.0
0,FIRRM (55732)_damaging,0.0
0,PRRC2C (23215)_damaging,0.0
0,TNR (7143)_damaging,0.0
0,PAPPA2 (60676)_damaging,0.0
0,ASTN1 (460)_damaging,0.0
0,RASAL2 (9462)_damaging,0.0
0,ABL2 (27)_damaging,0.0
0,AXDND1 (126859)_damaging,0.0
0,TDRD5 (163589)_damaging,0.0
0,CEP350 (9857)_damaging,0.0
0,CACNA1E (777)_damaging,0.0008971274
0,RGL1 (23179)_damaging,0.001503379
0,HMCN1 (83872)_damaging,0.0017359601
0,TPR (7175)_damaging,0.0
0,KCNT2 (343450)_damaging,0.0
0,ASPM (259266)_damaging,0.0
0,PTPRC (5788)_damaging,0.0
0,CAMSAP2 (23271)_damaging,0.0
0,IGFN1 (91156)_damaging,0.0034983845
0,NAV1 (89796)_damaging,0.0
0,KDM5B (10765)_damaging,0.0
0,ATP2B4 (493)_damaging,0.0
0,PLEKHA6 (22874)_damaging,0.0
0,PIK3C2B (5287)_damaging,0.0
0,NFASC (23114)_damaging,0.0
0,CR2 (1380)_damaging,0.0
0,CR1 (1378)_damaging,0.0
0,PLXNA2 (5362)_damaging,0.0
0,PROX1 (5629)_damaging,0.0
0,PTPN14 (5784)_damaging,0.0
0,CENPF (1063)_damaging,0.0026231857
0,USH2A (7399)_damaging,0.0022803922
0,DNAH14 (127602)_damaging,0.0
0,CDC42BPA (8476)_damaging,0.0
0,OBSCN (84033)_damaging,0.00061696925
0,H3-4 (8290)_damaging,0.0
0,PCNX2 (80003)_damaging,0.0
0,MAP3K21 (84451)_damaging,0.0
0,ARID4B (51742)_damaging,0.0
0,LYST (1130)_damaging,0.0
0,RYR2 (6262)_damaging,0.0024806196
0,CHRM3 (1131)_damaging,0.00375498
0,FMN2 (56776)_damaging,0.0010572021
0,WDR64 (128025)_damaging,0.0
0,SDCCAG8 (10806)_damaging,0.0
0,KIF26B (55083)_damaging,0.0
0,AHCTF1 (25909)_damaging,0.0
0,NLRP3 (114548)_damaging,0.0
0,LARP4B (23185)_damaging,0.0
0,TASOR2 (54906)_damaging,0.0
0,TAF3 (83860)_damaging,0.002040441
0,FRMD4A (55691)_damaging,0.0
0,ITGA8 (8516)_damaging,0.0
0,CUBN (8029)_damaging,0.0
0,MRC1 (4360)_damaging,0.0
0,MALRD1 (340895)_damaging,0.002010526
0,GPR158 (57512)_damaging,0.0
0,MYO3A (53904)_damaging,0.0
0,ANKRD26 (22852)_damaging,0.0
0,ODAD2 (55130)_damaging,0.0
0,SVIL (6840)_damaging,0.0
0,KIF5B (3799)_damaging,0.0
0,PARD3 (56288)_damaging,0.0
0,ANKRD30A (91074)_damaging,0.0
0,RSU1P2 (100133308)_damaging,0.0
0,WDFY4 (57705)_damaging,0.0
0,C10orf71 (118461)_damaging,0.0
0,PCDH15 (65217)_damaging,0.002819649
0,ANK3 (288)_damaging,0.0
0,ARID5B (84159)_damaging,0.0019676574
0,EGR2 (1959)_damaging,0.0
0,JMJD1C (221037)_damaging,0.0005308475
0,CTNNA3 (29119)_damaging,0.0
0,MYPN (84665)_damaging,0.0
0,CDH23 (64072)_damaging,0.0
0,ZMIZ1 (57178)_damaging,0.0
0,NRG3 (10718)_damaging,0.0015967084
0,WAPL (23063)_damaging,0.0
0,PTEN (5728)_damaging,0.0012640323
0,STAMBPL1 (57559)_damaging,0.0
0,SLC16A12 (387700)_damaging,0.0
0,KIF20B (9585)_damaging,0.0
0,PLCE1 (51196)_damaging,0.0
0,CC2D2B (387707)_damaging,0.0
0,ZNF518A (9849)_damaging,0.0
0,SLIT1 (6585)_damaging,0.0
0,LOXL4 (84171)_damaging,0.0017802458
0,PAX2 (5076)_damaging,0.0
0,PPRC1 (23082)_damaging,0.0
0,CNNM2 (54805)_damaging,0.0
0,PDCD11 (22984)_damaging,0.0
0,SH3PXD2A (9644)_damaging,0.0
0,SLK (9748)_damaging,0.0029675134
0,SORCS3 (22986)_damaging,0.0
0,SORCS1 (114815)_damaging,0.0
0,SMC3 (9126)_damaging,0.0
0,TCF7L2 (6934)_damaging,0.000594112
0,ATRNL1 (26033)_damaging,0.0
0,TACC2 (10579)_damaging,0.0
0,DMBT1 (1755)_damaging,0.0013847735
0,MKI67 (4288)_damaging,0.00285438
0,JAKMIP3 (282973)_damaging,0.0016839053
0,CFAP46 (54777)_damaging,0.0020935214
0,B4GALNT4 (338707)_damaging,0.0
0,PKP3 (11187)_damaging,0.0
0,MUC5AC (4586)_damaging,0.00320437
0,MUC5B (727897)_damaging,0.0
0,BRSK2 (9024)_damaging,0.0
0,KCNQ1 (3784)_damaging,0.0
0,NUP98 (4928)_damaging,0.0029256188
0,DNHD1 (144132)_damaging,0.0
0,DCHS1 (8642)_damaging,0.0
0,IPO7 (10527)_damaging,0.0
0,SBF2 (81846)_damaging,0.0
0,PLEKHA7 (144100)_damaging,0.0
0,PIK3C2A (5286)_damaging,0.0
0,ABCC8 (6833)_damaging,0.0
0,OTOG (340990)_damaging,0.0
0,HPS5 (11234)_damaging,0.0
0,NAV2 (89797)_damaging,0.005582181
0,ANO3 (63982)_damaging,0.0018803033
0,DCDC1 (341019)_damaging,0.0
0,CCDC73 (493860)_damaging,0.0
0,QSER1 (79832)_damaging,0.0
0,HIPK3 (10114)_damaging,0.0
0,KIAA1549L (25758)_damaging,0.0
0,LRP4 (4038)_damaging,0.0
0,AGBL2 (79841)_damaging,0.0
0,FOLH1 (2346)_damaging,0.0
0,OR4P4 (81300)_damaging,0.0
0,CTNND1 (1500)_damaging,0.0
0,DTX4 (23220)_damaging,0.0
0,MYRF (745)_damaging,0.0019132084
0,AHNAK (79026)_damaging,0.0
0,PLCB3 (5331)_damaging,0.0
0,NRXN2 (9379)_damaging,0.0
0,ATG2A (23130)_damaging,0.0
0,PCNX3 (399909)_damaging,0.0
0,RIN1 (9610)_damaging,0.0
0,SHANK2 (22941)_damaging,0.0
0,NUMA1 (4926)_damaging,0.0022138972
0,INPPL1 (3636)_damaging,0.0
0,ARHGEF17 (9828)_damaging,0.0
0,C2CD3 (26005)_damaging,0.0
0,MYO7A (4647)_damaging,0.0
0,RSF1 (51773)_damaging,0.0
0,GAB2 (9846)_damaging,0.0
0,TENM4 (26011)_damaging,0.0025382268
0,PCF11 (51585)_damaging,0.0
0,SYTL2 (54843)_damaging,0.0
0,FAT3 (120114)_damaging,0.00025282594
0,MRE11 (4361)_damaging,0.0
0,CNTN5 (53942)_damaging,0.0
0,CEP126 (57562)_damaging,0.0
0,MMP3 (4314)_damaging,0.00028164271
0,MMP12 (4321)_damaging,0.0
0,DYNC2H1 (79659)_damaging,0.0
0,NPAT (4863)_damaging,0.0
0,ATM (472)_damaging,0.0026433389
0,EXPH5 (23086)_damaging,0.0
0,NKAPD1 (55216)_damaging,0.0
0,NCAM1 (4684)_damaging,0.0
0,USP28 (57646)_damaging,0.0
0,DSCAML1 (57453)_damaging,0.0015784665
0,KMT2A (4297)_damaging,0.004484274
0,BCL9L (283149)_damaging,0.0
0,MFRP (83552)_damaging,0.0
0,ARHGEF12 (23365)_damaging,0.0
0,TECTA (7007)_damaging,0.0
0,SORL1 (6653)_damaging,0.0017589525
0,ROBO3 (64221)_damaging,0.0
0,ROBO4 (54538)_damaging,0.0
0,CCDC15 (80071)_damaging,0.0
0,NFRKB (4798)_damaging,0.0
0,IGSF9B (22997)_damaging,0.0
0,LINC02714 (729305)_damaging,0.0
0,KDM5A (5927)_damaging,0.0
0,WNK1 (65125)_damaging,0.0
0,CACNA1C (775)_damaging,0.0024604055
0,VWF (7450)_damaging,0.0
0,PLEKHG6 (55200)_damaging,0.0
0,NCAPD2 (9918)_damaging,0.0
0,CHD4 (1108)_damaging,0.0023104136
0,ATN1 (1822)_damaging,0.0
0,A2ML1 (144568)_damaging,0.0
0,A2M (2)_damaging,0.0
0,GRIN2B (2904)_damaging,0.0
0,ATF7IP (55729)_damaging,0.0
0,GUCY2C (2984)_damaging,0.0
0,EPS8 (2059)_damaging,0.0
0,PLEKHA5 (54477)_damaging,0.0
0,SLCO1C1 (53919)_damaging,0.0
0,RECQL (5965)_damaging,0.0018848603
0,ABCC9 (10060)_damaging,0.0026407763
0,ITPR2 (3709)_damaging,0.0
0,OVCH1 (341350)_damaging,0.0
0,KIF21A (55605)_damaging,0.0
0,LRRK2 (120892)_damaging,0.0017694567
0,MUC19 (283463)_damaging,0.0028812455
0,CNTN1 (1272)_damaging,0.0
0,PDZRN4 (29951)_damaging,0.0
0,ADAMTS20 (80070)_damaging,0.0
0,ARID2 (196528)_damaging,0.0013712869
0,HDAC7 (51564)_damaging,0.0
0,COL2A1 (1280)_damaging,0.0
0,WNT1 (7471)_damaging,0.0010749927
0,KMT2D (8085)_damaging,0.0016290783
0,PRPF40B (25766)_damaging,0.0
0,NCKAP5L (57701)_damaging,0.0
0,MAP3K12 (7786)_damaging,0.0016178305
0,PAN2 (9924)_damaging,0.0
0,STAT2 (6773)_damaging,0.0
0,NACA (4666)_damaging,0.0
0,MYO1A (4640)_damaging,0.004082201
0,STAT6 (6778)_damaging,0.0
0,LRP1 (4035)_damaging,0.0
0,R3HDM2 (22864)_damaging,0.0
0,GLI1 (2735)_damaging,0.0
0,MBD6 (114785)_damaging,0.00052214495
0,PTPRB (5787)_damaging,0.0
0,ZFC3H1 (196441)_damaging,0.0
0,E2F7 (144455)_damaging,0.0
0,NAV3 (89795)_damaging,0.0013230862
0,PTPRQ (374462)_damaging,0.0
0,PPFIA2 (8499)_damaging,0.0049541704
0,LRRIQ1 (84125)_damaging,0.0
0,CEP290 (80184)_damaging,0.0016630585
0,EEA1 (8411)_damaging,0.0023038036
0,PLXNC1 (10154)_damaging,0.0
0,FGD6 (55785)_damaging,0.0
0,CFAP54 (144535)_damaging,0.003448745
0,ANKS1B (56899)_damaging,0.0
0,BLTP3B (23074)_damaging,0.0018339681
0,UTP20 (27340)_damaging,0.0
0,GNPTAB (79158)_damaging,0.0
0,STAB2 (55576)_damaging,0.0030485743
0,ALDH1L2 (160428)_damaging,0.0
0,ACACB (32)_damaging,0.0
0,MVK (4598)_damaging,0.0
0,CUX2 (23316)_damaging,0.0044500795
0,HECTD4 (283450)_damaging,0.0
0,DTX1 (1840)_damaging,0.0
0,CIT (11113)_damaging,0.0
0,HNF1A (6927)_damaging,0.0
0,KDM2B (84678)_damaging,0.0
0,SETD1B (23067)_damaging,0.0
0,KNTC1 (9735)_damaging,0.0
0,HIP1R (9026)_damaging,0.0
0,SBNO1 (55206)_damaging,0.0
0,DNAH10 (196385)_damaging,0.00073132076
0,NCOR2 (9612)_damaging,0.00047738192
0,TMEM132D (121256)_damaging,0.002787439
0,RIMBP2 (23504)_damaging,0.0
0,SFSWAP (6433)_damaging,0.0
0,ULK1 (8408)_damaging,0.0
0,EP400 (57634)_damaging,0.0019008263
0,POLE (5426)_damaging,0.00089138333
0,ZMYM2 (7750)_damaging,0.0
0,SACS (26278)_damaging,0.001831005
0,RNF17 (56163)_damaging,0.0
0,CENPJ (55835)_damaging,0.0
0,ATP8A2 (51761)_damaging,0.0019115522
0,RXFP2 (122042)_damaging,0.0
0,FRY (10129)_damaging,0.0
0,BRCA2 (675)_damaging,0.0033821797
0,PDS5B (23047)_damaging,0.008194983
0,NBEA (26960)_damaging,0.0024410675
0,FREM2 (341640)_damaging,0.0021222588
0,DGKH (160851)_damaging,0.0018239962
0,ZC3H13 (23091)_damaging,0.0
0,RB1 (5925)_damaging,0.0043825516
0,PCDH17 (27253)_damaging,0.0
0,KLHL1 (57626)_damaging,0.0
0,DACH1 (1602)_damaging,0.0
0,DIS3 (22894)_damaging,0.00249652
0,MYCBP2 (23077)_damaging,0.0
0,SLITRK5 (26050)_damaging,0.0
0,DOCK9 (23348)_damaging,0.0
0,PCCA (5095)_damaging,0.0
0,NALCN (259232)_damaging,0.0027285547
0,CCDC168 (643677)_damaging,0.0010000039
0,MYO16 (23026)_damaging,0.0038659987
0,IRS2 (8660)_damaging,0.0
0,COL4A1 (1282)_damaging,0.0
0,COL4A2 (1284)_damaging,0.0
0,TEP1 (7011)_damaging,0.0
0,ARHGEF40 (55701)_damaging,0.0
0,CHD8 (57680)_damaging,0.0
0,AJUBA (84962)_damaging,0.0030097917
0,ACIN1 (22985)_damaging,0.0
0,MYH6 (4624)_damaging,0.0
0,MYH7 (4625)_damaging,0.0
0,ZFHX2 (85446)_damaging,0.0
0,CARMIL3 (90668)_damaging,0.0
0,NYNRIN (57523)_damaging,0.0015107716
0,HECTD1 (25831)_damaging,0.0
0,ARHGAP5 (394)_damaging,0.0
0,AKAP6 (9472)_damaging,0.0
0,NPAS3 (64067)_damaging,0.0
0,RALGAPA1 (253959)_damaging,0.0
0,TTC6 (319089)_damaging,0.0
0,TOGARAM1 (23116)_damaging,0.0
0,FANCM (57697)_damaging,0.0
0,MDGA2 (161357)_damaging,0.0
0,NIN (51199)_damaging,0.0
0,NID2 (22795)_damaging,0.0
0,KTN1 (3895)_damaging,0.0
0,ARID4A (5926)_damaging,0.0
0,HIF1A (3091)_damaging,0.0
0,KCNH5 (27133)_damaging,0.0
0,SYNE2 (23224)_damaging,0.0030668243
0,PCNX1 (22990)_damaging,0.00030668647
0,MIDEAS (91748)_damaging,0.0
0,YLPM1 (56252)_damaging,0.0010267409
0,MLH3 (27030)_damaging,0.0029637208
0,NRXN3 (9369)_damaging,0.0029943134
0,GALC (2581)_damaging,0.0013007177
0,PTPN21 (11099)_damaging,0.0
0,EML5 (161436)_damaging,0.0
0,CCDC88C (440193)_damaging,0.0
0,TRIP11 (9321)_damaging,0.0
0,UNC79 (57578)_damaging,0.0023659668
0,ATG2B (55102)_damaging,0.0
0,RTL1 (388015)_damaging,0.0
0,DYNC1H1 (1778)_damaging,0.0
0,CDC42BPB (9578)_damaging,0.0
0,KIF26A (26153)_damaging,0.0
0,INF2 (64423)_damaging,0.0
0,CEP170B (283638)_damaging,0.0025208872
0,AHNAK2 (113146)_damaging,0.002040465
0,MTA1 (9112)_damaging,0.0
0,HERC2 (8924)_damaging,0.0
0,ENTREP2 (23359)_damaging,0.0
0,TRPM1 (4308)_damaging,0.0
0,FMN1 (342184)_damaging,0.0011137285
0,RYR3 (6263)_damaging,0.003786081
0,KNL1 (57082)_damaging,0.0
0,INO80 (54617)_damaging,0.0
0,LTK (4058)_damaging,0.0
0,TYRO3 (7301)_damaging,0.003165588
0,MGA (23269)_damaging,0.0017018608
0,SPTBN5 (51332)_damaging,0.0031308946
0,ZNF106 (64397)_damaging,0.0
0,STARD9 (57519)_damaging,0.0024231442
0,UBR1 (197131)_damaging,0.0
0,TP53BP1 (7158)_damaging,0.0004363255
0,MAP1A (4130)_damaging,0.0
0,SPG11 (80208)_damaging,0.0
0,B2M (567)_damaging,0.0
0,DUOX2 (50506)_damaging,0.0
0,FBN1 (2200)_damaging,0.0
0,TRPM7 (54822)_damaging,0.0
0,AP4E1 (23431)_damaging,0.0
0,DMXL2 (23312)_damaging,0.0
0,MYO5C (55930)_damaging,0.0
0,WDR72 (256764)_damaging,0.0
0,UNC13C (440279)_damaging,0.0
0,RFX7 (64864)_damaging,0.0
0,TCF12 (6938)_damaging,0.0
0,ICE2 (79664)_damaging,0.0
0,VPS13C (54832)_damaging,0.0040463023
0,TLN2 (83660)_damaging,0.0019523957
0,HERC1 (8925)_damaging,0.0015372055
0,ZNF609 (23060)_damaging,0.0
0,CILP (8483)_damaging,0.0
0,MEGF11 (84465)_damaging,0.0
0,MYO9A (4649)_damaging,0.0
0,HCN4 (10021)_damaging,0.0
0,ARID3B (10620)_damaging,0.0
0,SIN3A (25942)_damaging,0.0042165085
0,PEAK1 (79834)_damaging,0.0
0,ADAMTSL3 (57188)_damaging,0.0
0,AKAP13 (11214)_damaging,0.0
0,AGBL1 (123624)_damaging,0.0
0,NTRK3 (4916)_damaging,0.0
0,TICRR (90381)_damaging,0.0
0,KIF7 (374654)_damaging,0.0024402146
0,IQGAP1 (8826)_damaging,0.0
0,BLM (641)_damaging,0.0
0,FES (2242)_damaging,0.0
0,CHD2 (1106)_damaging,0.0
0,LRRK1 (79705)_damaging,0.0
0,AXIN1 (8312)_damaging,0.0
0,CACNA1H (8912)_damaging,0.0
0,UNKL (64718)_damaging,0.0
0,CRAMP1 (57585)_damaging,0.0
0,TSC2 (7249)_damaging,0.0024177635
0,PKD1 (5310)_damaging,0.0028617508
0,CASKIN1 (57524)_damaging,0.0
0,SLX4 (84464)_damaging,0.0
0,CREBBP (1387)_damaging,0.0055343457
0,CORO7 (79585)_damaging,0.0
0,GRIN2A (2903)_damaging,0.001820955
0,KNOP1 (400506)_damaging,0.008989868
0,DNAH3 (55567)_damaging,0.0
0,SCNN1B (6338)_damaging,0.0
0,PALB2 (79728)_damaging,0.0
0,ERN2 (10595)_damaging,0.0
0,TNRC6A (27327)_damaging,0.0
0,ARHGAP17 (55114)_damaging,0.0
0,GTF3C1 (2975)_damaging,0.0
0,ATXN2L (11273)_damaging,0.0
0,ITGAL (3683)_damaging,0.0
0,PRR14 (78994)_damaging,0.0
0,FBRS (64319)_damaging,0.0
0,SRCAP (10847)_damaging,0.0020935005
0,SETD1A (9739)_damaging,0.0
0,ZNF668 (79759)_damaging,0.0
0,ABCC11 (85320)_damaging,0.0
0,SALL1 (6299)_damaging,0.0
0,CHD9 (80205)_damaging,0.0
0,RBL2 (5934)_damaging,0.0
0,NLRC5 (84166)_damaging,0.0016985994
0,CNGB1 (1258)_damaging,0.0
0,CDH8 (1006)_damaging,0.0048817126
0,CDH11 (1009)_damaging,0.0
0,CTCF (10664)_damaging,0.003239247
0,CDH1 (999)_damaging,0.0
0,MTSS2 (92154)_damaging,0.0
0,DHX38 (9785)_damaging,0.00044221157
0,ZFHX3 (463)_damaging,0.00034896864
0,CNTNAP4 (85445)_damaging,0.0
0,PKD1L2 (114780)_damaging,0.0
0,GSE1 (23199)_damaging,0.0
0,ZNF469 (84627)_damaging,0.0025826422
0,ZC3H18 (124245)_damaging,0.0
0,LINC02138 (400558)_damaging,0.002334313
0,CDH15 (1013)_damaging,0.0
0,ANKRD11 (29123)_damaging,0.0
0,VPS9D1 (9605)_damaging,0.0
0,SPATA22 (84690)_damaging,0.0034005595
0,ZZEF1 (23140)_damaging,0.0
0,USP6 (9098)_damaging,0.0020780782
0,NLRP1 (22861)_damaging,0.0
0,TP53 (7157)_damaging,0.01257218
0,EFNB3 (1949)_damaging,0.0
0,DNAH2 (146754)_damaging,0.0
0,KDM6B (23135)_damaging,0.0021495866
0,CHD3 (1107)_damaging,0.0009052277
0,PER1 (5187)_damaging,0.0
0,PFAS (5198)_damaging,0.0
0,MYH13 (8735)_damaging,0.0
0,MYH8 (4626)_damaging,0.002646525
0,MYH1 (4619)_damaging,0.002236459
0,MYH2 (4620)_damaging,0.0
0,DNAH9 (1770)_damaging,0.0019882985
0,MYOCD (93649)_damaging,0.0
0,NCOR1 (9611)_damaging,0.0016579422
0,FLCN (201163)_damaging,0.0021449218
0,MYO15A (51168)_damaging,0.0
0,TOP3A (7156)_damaging,0.0
0,SPECC1 (92521)_damaging,0.0
0,KSR1 (8844)_damaging,0.0
0,MYO18A (399687)_damaging,0.0
0,SSH2 (85464)_damaging,0.0
0,EFCAB5 (374786)_damaging,0.0
0,CPD (1362)_damaging,0.0
0,ATAD5 (79915)_damaging,0.0
0,NF1 (4763)_damaging,0.0015366519
0,SLFN11 (91607)_damaging,0.0034146486
0,ACACA (31)_damaging,0.0
0,GPR179 (440435)_damaging,0.0
0,SRCIN1 (80725)_damaging,0.0
0,CDK12 (51755)_damaging,0.0
0,TOP2A (7153)_damaging,0.0
0,KCNH4 (23415)_damaging,0.0
0,STAT5B (6777)_damaging,0.0
0,BRCA1 (672)_damaging,0.0
0,ITGA2B (3674)_damaging,0.0023344022
0,GPATCH8 (23131)_damaging,0.0
0,KANSL1 (284058)_damaging,0.003060497
0,HOXB3 (3213)_damaging,0.0
0,COL1A1 (1277)_damaging,0.0025731982
0,RNF43 (54894)_damaging,0.0023757385
0,PPM1D (8493)_damaging,0.0
0,BRIP1 (83990)_damaging,0.0
0,MED13 (9969)_damaging,0.0018857486
0,MRC2 (9902)_damaging,0.0
0,SCN4A (6329)_damaging,0.0
0,GNA13 (10672)_damaging,0.0042402754
0,AXIN2 (8313)_damaging,0.0
0,HELZ (9931)_damaging,0.0
0,BPTF (2186)_damaging,0.0019928927
0,ABCA8 (10351)_damaging,0.0
0,ABCA9 (10350)_damaging,0.002723092
0,ABCA6 (23460)_damaging,0.0
0,ABCA10 (10349)_damaging,0.0
0,SOX9 (6662)_damaging,0.0
0,SDK2 (54549)_damaging,0.0
0,TMEM94 (9772)_damaging,0.0
0,MYO15B (80022)_damaging,0.0
0,ITGB4 (3691)_damaging,0.0
0,EVPL (2125)_damaging,0.0
0,SPHK1 (8877)_damaging,0.0
0,TNRC6C (57690)_damaging,0.0
0,DNAH17 (8632)_damaging,0.0
0,CARD14 (79092)_damaging,0.0
0,RPTOR (57521)_damaging,0.0
0,BAHCC1 (57597)_damaging,0.0
0,FASN (2194)_damaging,0.0036951292
0,NARF (26502)_damaging,0.0
0,SMCHD1 (23347)_damaging,0.0008895235
0,EPB41L3 (23136)_damaging,0.0022280843
0,LAMA1 (284217)_damaging,0.0038862186
0,PTPRM (5797)_damaging,0.0
0,MTCL1 (23255)_damaging,0.0
0,ANKRD12 (23253)_damaging,0.0
0,PIEZO2 (63895)_damaging,0.0031733806
0,ANKRD30B (374860)_damaging,0.0025954589
0,ROCK1 (6093)_damaging,0.0023666513
0,GREB1L (80000)_damaging,0.0
0,ESCO1 (114799)_damaging,0.0
0,LAMA3 (3909)_damaging,0.0
0,ZNF521 (25925)_damaging,0.0
0,CCDC178 (374864)_damaging,0.00047085804
0,ASXL3 (80816)_damaging,0.0013120772
0,FHOD3 (80206)_damaging,0.0
0,SETBP1 (26040)_damaging,0.0
0,EPG5 (57724)_damaging,0.0
0,LOXHD1 (125336)_damaging,0.0
0,SKOR2 (652991)_damaging,0.0019507307
0,ZBTB7C (201501)_damaging,0.0
0,SMAD4 (4089)_damaging,0.0033832258
0,DCC (1630)_damaging,0.0
0,ALPK2 (115701)_damaging,0.0
0,CDH7 (1005)_damaging,0.0
0,DSEL (92126)_damaging,0.0
0,RTTN (25914)_damaging,0.0
0,CBLN2 (147381)_damaging,0.0014911595
0,ZNF236 (7776)_damaging,0.0
0,SALL3 (27164)_damaging,0.0
0,ATP9B (374868)_damaging,0.0
0,KCNG2 (26251)_damaging,0.0034467462
0,ABCA7 (10347)_damaging,0.0
0,STK11 (6794)_damaging,0.0036777284
0,DAZAP1 (26528)_damaging,0.0
0,TCF3 (6929)_damaging,0.0025917068
0,REXO1 (57455)_damaging,0.0
0,AP3D1 (8943)_damaging,0.0027843139
0,DOT1L (84444)_damaging,0.0031789374
0,ZBTB7A (51341)_damaging,0.0
0,TICAM1 (148022)_damaging,0.0
0,KDM4B (23030)_damaging,0.0
0,PTPRS (5802)_damaging,0.0020843293
0,SAFB2 (9667)_damaging,0.0
0,SAFB (6294)_damaging,0.0013521453
0,CAMSAP3 (57662)_damaging,0.0
0,FBN3 (84467)_damaging,0.002637764
0,MUC16 (94025)_damaging,0.001173024
0,COL5A3 (50509)_damaging,0.0
0,DNMT1 (1786)_damaging,0.0
0,TYK2 (7297)_damaging,0.0
0,KEAP1 (9817)_damaging,8.7354245e-05
0,DNM2 (1785)_damaging,0.0
0,SMARCA4 (6597)_damaging,0.004049916
0,MAST1 (22983)_damaging,0.0
0,CACNA1A (773)_damaging,0.003465118
0,NOTCH3 (4854)_damaging,0.0
0,BRD4 (23476)_damaging,0.0
0,WIZ (58525)_damaging,0.0017101025
0,SIN3B (23309)_damaging,0.0
0,CPAMD8 (27151)_damaging,0.0019016601
0,ZNF90 (7643)_damaging,0.0
0,ZNF429 (353088)_damaging,0.0
0,ZNF208 (7757)_damaging,0.0
0,ZNF729 (100287226)_damaging,0.00097317965
0,ZNF91 (7644)_damaging,0.0
0,ZNF536 (9745)_damaging,0.001996738
0,TSHZ3 (57616)_damaging,0.0
0,KMT2B (9757)_damaging,0.0043079997
0,NPHS1 (4868)_damaging,0.0
0,ZNF569 (148266)_damaging,0.0
0,WDR87 (83889)_damaging,0.0
0,SIPA1L3 (23094)_damaging,0.0
0,RYR1 (6261)_damaging,0.0
0,CAPN12 (147968)_damaging,0.0023021526
0,FCGBP (8857)_damaging,0.0032629594
0,PRX (57716)_damaging,0.0
0,SPTBN4 (57731)_damaging,0.0
0,AXL (558)_damaging,0.0
0,HNRNPUL1 (11100)_damaging,0.0012733421
0,ERF (2077)_damaging,0.0
0,CIC (23152)_damaging,0.002633274
0,MEGF8 (1954)_damaging,0.0014803391
0,ARHGAP35 (2909)_damaging,0.0
0,BICRA (29998)_damaging,0.0
0,LMTK3 (114783)_damaging,0.0006492844
0,PRR12 (57479)_damaging,0.0
0,SCAF1 (58506)_damaging,0.0
0,MYH14 (79784)_damaging,0.0
0,POLD1 (5424)_damaging,0.0
0,SHANK1 (50944)_damaging,0.0
0,BRSK1 (84446)_damaging,0.0023723787
0,SSC5D (284297)_damaging,0.0037805084
0,NLRP4 (147945)_damaging,0.0
0,PEG3 (5178)_damaging,0.0
0,ZIM3 (114026)_damaging,0.0
0,PXDN (7837)_damaging,0.0033374575
0,ROCK2 (9475)_damaging,0.0
0,GREB1 (9687)_damaging,0.0
0,NBAS (51594)_damaging,0.0
0,RAD51AP2 (729475)_damaging,0.0
0,APOB (338)_damaging,0.0038435317
0,TDRD15 (100129278)_damaging,0.0
0,ATAD2B (54454)_damaging,0.0
0,ITSN2 (50618)_damaging,0.0
0,DNMT3A (1788)_damaging,0.0
0,ASXL2 (55252)_damaging,0.0
0,OTOF (9381)_damaging,0.0028996938
0,EMILIN1 (11117)_damaging,0.0
0,CAD (790)_damaging,0.0
0,IFT172 (26160)_damaging,0.0019603833
0,SPATA31H1 (84226)_damaging,0.00040955853
0,ALK (238)_damaging,0.0024377657
0,BIRC6 (57448)_damaging,0.004024451
0,LTBP1 (4052)_damaging,0.0
0,ZFP36L2 (678)_damaging,0.0
0,THADA (63892)_damaging,0.002446915
0,MSH2 (4436)_damaging,0.00028048182
0,MSH6 (2956)_damaging,0.0030824896
0,NRXN1 (9378)_damaging,0.0024679827
0,SPTBN1 (6711)_damaging,0.0
0,EML6 (400954)_damaging,0.0
0,MTIF2 (4528)_damaging,0.0
0,CCDC88A (55704)_damaging,0.0
0,USP34 (9736)_damaging,0.0
0,ANKRD53 (79998)_damaging,0.0
0,ZNF638 (27332)_damaging,0.0
0,DYSF (8291)_damaging,0.0
0,ALMS1 (7840)_damaging,0.0
0,LOXL3 (84695)_damaging,0.0
0,CTNNA2 (1496)_damaging,0.0
0,DNAH6 (1768)_damaging,0.0
0,POLR1A (25885)_damaging,0.0
0,ANKRD36C (400986)_damaging,0.0
0,VWA3B (200403)_damaging,0.0
0,CRACDL (343990)_damaging,0.0
0,EIF5B (9669)_damaging,0.0
0,REV1 (51455)_damaging,0.0
0,MAP4K4 (9448)_damaging,0.0
0,DPP10 (57628)_damaging,0.0025874723
0,MARCO (8685)_damaging,0.0
0,CLASP1 (23332)_damaging,0.0
0,CNTNAP5 (129684)_damaging,0.0
0,WDR33 (55339)_damaging,0.0
0,UGGT1 (56886)_damaging,0.0
0,ARHGEF4 (50649)_damaging,0.0
0,NCKAP5 (344148)_damaging,0.0
0,THSD7B (80731)_damaging,0.0024849412
0,LRP1B (53353)_damaging,0.0032716482
0,ACVR2A (92)_damaging,0.0032118738
0,KIF5C (3800)_damaging,0.0
0,RIF1 (55183)_damaging,0.0
0,NEB (4703)_damaging,0.002740726
0,BAZ2B (29994)_damaging,0.0
0,LY75 (4065)_damaging,0.0
0,PLA2R1 (22925)_damaging,0.0
0,SLC4A10 (57282)_damaging,0.0
0,KCNH7 (90134)_damaging,0.0
0,FIGN (55137)_damaging,0.0
0,SCN3A (6328)_damaging,0.0
0,SCN2A (6326)_damaging,0.0023667146
0,TTC21B (79809)_damaging,0.0
0,SCN1A (6323)_damaging,0.0
0,SCN9A (6335)_damaging,0.00049938407
0,SCN7A (6332)_damaging,0.0
0,XIRP2 (129446)_damaging,0.0023094434
0,LRP2 (4036)_damaging,0.0
0,PPIG (9360)_damaging,0.0
0,GPR155 (151556)_damaging,0.0024357804
0,HOXD11 (3237)_damaging,0.0
0,TTN (7273)_damaging,0.0017072478
0,CCDC141 (285025)_damaging,0.0
0,FSIP2 (401024)_damaging,0.0013860253
0,COL3A1 (1281)_damaging,0.0
0,COL5A2 (1290)_damaging,0.001588314
0,ANKAR (150709)_damaging,0.0
0,DNAH7 (56171)_damaging,0.0023979228
0,HECW2 (57520)_damaging,0.0
0,PLCL1 (5334)_damaging,0.0
0,CASP8 (841)_damaging,0.0017665923
0,BMPR2 (659)_damaging,0.0
0,NBEAL1 (65065)_damaging,0.0
0,NRP2 (8828)_damaging,0.0
0,INO80D (54891)_damaging,0.0
0,ZDBF2 (57683)_damaging,0.0014915768
0,ADAM23 (8745)_damaging,0.0
0,MAP2 (4133)_damaging,0.0
0,UNC80 (285175)_damaging,0.003303588
0,CPS1 (1373)_damaging,0.0
0,ERBB4 (2066)_damaging,0.0
0,ABCA12 (26154)_damaging,0.0028852867
0,FN1 (2335)_damaging,0.0
0,TNS1 (7145)_damaging,0.0
0,ZNF142 (7701)_damaging,0.0
0,CFAP65 (255101)_damaging,0.0021367385
0,SPEG (10290)_damaging,0.00076965534
0,OBSL1 (23363)_damaging,0.0
0,SLC4A3 (6508)_damaging,0.002046056
0,DOCK10 (55619)_damaging,0.0
0,IRS1 (3667)_damaging,0.0
0,COL4A4 (1286)_damaging,0.0
0,SPHKAP (80309)_damaging,0.0
0,TRIP12 (9320)_damaging,0.0
0,MROH2A (339766)_damaging,0.0024618506
0,TRPM8 (79054)_damaging,0.0
0,COL6A3 (1293)_damaging,0.0028283359
0,RBM44 (375316)_damaging,0.0
0,HDAC4 (9759)_damaging,0.0
0,KIF1A (547)_damaging,0.0021706168
0,CROCC2 (728763)_damaging,0.0
0,PASK (23178)_damaging,0.0
0,TGM6 (343641)_damaging,0.0
0,FASTKD5 (60493)_damaging,0.0024285784
0,PLCB4 (5332)_damaging,0.0
0,SEL1L2 (80343)_damaging,0.0
0,RRBP1 (6238)_damaging,0.0
0,CFAP61 (26074)_damaging,0.0
0,RALGAPA2 (57186)_damaging,0.0
0,CD93 (22918)_damaging,0.0
0,ASXL1 (171023)_damaging,0.004433989
0,NCOA6 (23054)_damaging,0.0
0,MYH7B (57644)_damaging,0.0022856477
0,CEP250 (11190)_damaging,0.0
0,MTCL2 (140710)_damaging,0.0
0,SAMHD1 (25939)_damaging,0.0
0,LBP (3929)_damaging,0.0
0,RALGAPB (57148)_damaging,0.0
0,CHD6 (84181)_damaging,0.0
0,PTPRT (11122)_damaging,0.00090001215
0,NCOA3 (8202)_damaging,0.0
0,DDX27 (55661)_damaging,0.0
0,KCNB1 (3745)_damaging,0.0
0,SALL4 (57167)_damaging,0.0
0,ZNF831 (128611)_damaging,0.0
0,SYCP2 (10388)_damaging,0.0009745627
0,LAMA5 (3911)_damaging,0.0021349147
0,DIDO1 (11083)_damaging,0.005021807
0,COL20A1 (57642)_damaging,0.0
0,HELZ2 (85441)_damaging,0.0006638795
0,TPTE (7179)_damaging,0.0024142968
0,NRIP1 (8204)_damaging,0.0
0,LTN1 (26046)_damaging,0.0
0,USP16 (10600)_damaging,0.0
0,SCAF4 (57466)_damaging,0.0028842604
0,ITSN1 (6453)_damaging,0.0
0,RUNX1 (861)_damaging,0.0
0,DOP1B (9980)_damaging,0.0018684756
0,BRWD1 (54014)_damaging,0.0
0,DSCAM (1826)_damaging,0.003620592
0,NDUFV3 (4731)_damaging,0.0
0,TRPM2 (7226)_damaging,0.0
0,COL18A1 (80781)_damaging,0.0
0,PCNT (5116)_damaging,0.0026995048
0,CECR2 (27443)_damaging,0.0
0,ZDHHC8 (29801)_damaging,0.0
0,LZTR1 (8216)_damaging,0.0
0,MYO18B (84700)_damaging,0.0
0,MN1 (4330)_damaging,0.0
0,TTC28 (23331)_damaging,0.0
0,NF2 (4771)_damaging,0.0026124064
0,DEPDC5 (9681)_damaging,0.0
0,MYH9 (4627)_damaging,6.631317e-05
0,CSF2RB (1439)_damaging,0.0023371775
0,TMPRSS6 (164656)_damaging,0.0
0,TRIOBP (11078)_damaging,0.0013670836
0,CACNA1I (8911)_damaging,0.0
0,TNRC6B (23112)_damaging,0.0
0,EP300 (2033)_damaging,0.0015534584
0,ZC3H7B (23264)_damaging,0.0
0,MEI1 (150365)_damaging,0.0
0,TCF20 (6942)_damaging,0.0
0,SMC1B (27127)_damaging,0.0
0,PKDREJ (10343)_damaging,0.0
0,CELSR1 (9620)_damaging,0.0
0,PLXNB2 (23654)_damaging,0.0023019665
0,PPP6R2 (9701)_damaging,0.0019302118
0,SBF1 (6305)_damaging,0.0
0,KLHDC7B (113730)_damaging,0.0
0,CNTN6 (27255)_damaging,0.0
0,CNTN4 (152330)_damaging,0.0
0,GRM7 (2917)_damaging,0.0014885549
0,VHL (7428)_damaging,0.003650425
0,NUP210 (23225)_damaging,0.0
0,NR2C2 (7182)_damaging,0.0
0,TGFBR2 (7048)_damaging,0.002327158
0,CLASP2 (23122)_damaging,0.0
0,TRANK1 (9881)_damaging,0.0
0,MLH1 (4292)_damaging,0.0
0,GOLGA4 (2803)_damaging,0.0
0,VILL (50853)_damaging,0.0
0,SCN10A (6336)_damaging,0.0
0,SCN11A (11280)_damaging,0.0
0,NKTR (4820)_damaging,0.0
0,SETD2 (29072)_damaging,0.0017114432
0,PTPN23 (25930)_damaging,0.0
0,PLXNB1 (5364)_damaging,0.0
0,COL7A1 (1294)_damaging,0.0031499977
0,CELSR3 (1951)_damaging,0.0
0,LAMB2 (3913)_damaging,0.0
0,RHOA (387)_damaging,0.0
0,BSN (8927)_damaging,0.0016951163
0,RBM6 (10180)_damaging,0.00025984965
0,DOCK3 (1795)_damaging,0.0020543588
0,DNAH1 (25981)_damaging,0.0040690633
0,BAP1 (8314)_damaging,0.003199455
0,STAB1 (23166)_damaging,0.0
0,PBRM1 (55193)_damaging,0.0041113584
0,CACNA2D3 (55799)_damaging,0.0
0,DNAH12 (201625)_damaging,0.0
0,FLNB (2317)_damaging,0.0020809378
0,FEZF2 (55079)_damaging,0.0
0,ATXN7 (6314)_damaging,0.0
0,CNTN3 (5067)_damaging,0.0
0,ROBO2 (6092)_damaging,0.0
0,ROBO1 (6091)_damaging,0.0
0,EPHA3 (2042)_damaging,0.0029780671
0,CRYBG3 (131544)_damaging,0.003412328
0,FILIP1L (11259)_damaging,0.0
0,ABI3BP (25890)_damaging,0.0
0,MYH15 (22989)_damaging,0.0
0,DZIP3 (9666)_damaging,0.0
0,MORC1 (27136)_damaging,0.0
0,PHLDB2 (90102)_damaging,0.0
0,ZBTB20 (26137)_damaging,0.0025467922
0,CFAP91 (89876)_damaging,0.0
0,POLQ (10721)_damaging,0.0028339096
0,GOLGB1 (2804)_damaging,0.0
0,MYLK (4638)_damaging,0.0
0,KALRN (8997)_damaging,0.0028548785
0,MBD4 (8930)_damaging,0.0
0,COL6A5 (256076)_damaging,0.0
0,DNAJC13 (23317)_damaging,0.0
0,TOPBP1 (11073)_damaging,0.0018432162
0,ATR (545)_damaging,0.0032162988
0,HPS3 (84343)_damaging,0.0
0,MED12L (116931)_damaging,0.0
0,IGSF10 (285313)_damaging,0.0
0,ARHGEF26 (26084)_damaging,1.745082e-05
0,PLCH1 (23007)_damaging,0.0
0,SMC4 (10051)_damaging,0.0
0,SI (6476)_damaging,0.0
0,MECOM (2122)_damaging,0.0
0,TNIK (23043)_damaging,0.002303718
0,SPATA16 (83893)_damaging,0.0
0,USP13 (8975)_damaging,0.0
0,TTC14 (151613)_damaging,0.0
0,ATP13A5 (344905)_damaging,0.0
0,MUC4 (4585)_damaging,0.0015979297
0,TNK2 (10188)_damaging,0.0
0,NSD2 (7468)_damaging,0.0037030475
0,POLN (353497)_damaging,0.0
0,FAM193A (8603)_damaging,0.0
0,HTT (3064)_damaging,0.0
0,UNC93B7 (100887746)_damaging,0.0
0,BOD1L1 (259282)_damaging,0.0
0,CPEB2 (132864)_damaging,0.0
0,SLIT2 (9353)_damaging,0.0
0,PPARGC1A (10891)_damaging,0.0
0,PCDH7 (5099)_damaging,0.0
0,RFC1 (5981)_damaging,0.0
0,BEND4 (389206)_damaging,0.0
0,ATP8A1 (10396)_damaging,0.0
0,GABRG1 (2565)_damaging,0.0
0,GABRA2 (2555)_damaging,0.0023173306
0,CORIN (10699)_damaging,0.0016482791
0,FRYL (285527)_damaging,0.0
0,KDR (3791)_damaging,0.0020010695
0,POLR2B (5431)_damaging,0.0
0,ADGRL3 (23284)_damaging,0.0
0,EPHA5 (2044)_damaging,0.0
0,CENPC (1060)_damaging,0.0019978618
0,ADAMTS3 (9508)_damaging,0.0022116282
0,SHROOM3 (57619)_damaging,0.0
0,FRAS1 (80144)_damaging,0.0
0,WDFY3 (23001)_damaging,0.0
0,PTPN13 (5783)_damaging,0.0026046464
0,AFF1 (4299)_damaging,0.0
0,MMRN1 (22915)_damaging,0.0
0,GRID2 (2895)_damaging,0.0
0,SMARCAD1 (56916)_damaging,0.0
0,UNC5C (8633)_damaging,0.0
0,CENPE (1062)_damaging,0.0
0,TET2 (54790)_damaging,0.0
0,ANK2 (287)_damaging,0.0
0,BLTP1 (84162)_damaging,0.005198639
0,FAT4 (79633)_damaging,0.0035128696
0,SCLT1 (132320)_damaging,0.0
0,PCDH10 (57575)_damaging,0.0
0,LRBA (987)_damaging,0.0
0,FBXW7 (55294)_damaging,0.004463356
0,FHDC1 (85462)_damaging,0.0
0,DCHS2 (54798)_damaging,0.0
0,MAP9 (79884)_damaging,0.0
0,GRIA2 (2891)_damaging,0.0
0,RXFP1 (59350)_damaging,0.0
0,HAND2 (9464)_damaging,0.0
0,WDR17 (116966)_damaging,0.0
0,TENM3 (55714)_damaging,0.0001879337
0,SORBS2 (8470)_damaging,0.0
0,FAT1 (2195)_damaging,0.0022222544
0,SDHA (6389)_damaging,0.0028875722
0,SLC12A7 (10723)_damaging,0.0
0,ADAMTS16 (170690)_damaging,0.0
0,ICE1 (23379)_damaging,0.0
0,SEMA5A (9037)_damaging,0.0
0,DNAH5 (1767)_damaging,0.0023127184
0,TRIO (7204)_damaging,0.0
0,MYO10 (4651)_damaging,0.0
0,CDH18 (1016)_damaging,0.0
0,CDH12 (1010)_damaging,0.0
0,PRDM9 (56979)_damaging,0.0021979532
0,CDH10 (1008)_damaging,0.0
0,CDH6 (1004)_damaging,0.0
0,PDZD2 (23037)_damaging,0.0018326233
0,ADAMTS12 (81792)_damaging,0.0
0,SPEF2 (79925)_damaging,0.0
0,NIPBL (25836)_damaging,0.0
0,CPLANE1 (65250)_damaging,0.002799887
0,EGFLAM (133584)_damaging,0.0
0,C7 (730)_damaging,0.0020786596
0,MROH2B (133558)_damaging,0.0
0,C6 (729)_damaging,0.0
0,HCN1 (348980)_damaging,0.0023714805
0,ITGA1 (3672)_damaging,0.0
0,MAST4 (375449)_damaging,0.0
0,PIK3R1 (5295)_damaging,0.0029939048
0,RAD17 (5884)_damaging,0.0
0,BDP1 (55814)_damaging,0.0
0,MAP1B (4131)_damaging,0.0
0,ARHGEF28 (64283)_damaging,0.00216373
0,ANKRD31 (256006)_damaging,0.0
0,IQGAP2 (10788)_damaging,0.0
0,AP3B1 (8546)_damaging,0.0
0,CMYA5 (202333)_damaging,0.0019742735
0,MSH3 (4437)_damaging,0.004418468
0,VCAN (1462)_damaging,0.0026090043
0,RASA1 (5921)_damaging,0.002443403
0,ADGRV1 (84059)_damaging,0.0010337761
0,MCTP1 (79772)_damaging,0.0
0,SKIC3 (9652)_damaging,0.0
0,ARSK (153642)_damaging,0.0
0,CHD1 (1105)_damaging,0.00015855879
0,SLCO6A1 (133482)_damaging,0.0
0,APC (324)_damaging,0.003480186
0,DMXL1 (1657)_damaging,0.0
0,ZNF608 (57507)_damaging,0.0
0,FBN2 (2201)_damaging,0.0
0,SLC27A6 (28965)_damaging,0.0025405732
0,ADAMTS19 (171019)_damaging,0.0
0,RAPGEF6 (51735)_damaging,0.0
0,FNIP1 (96459)_damaging,8.840688e-05
0,RAD50 (10111)_damaging,0.0036918777
0,AFF4 (27125)_damaging,0.0
0,FSTL4 (23105)_damaging,0.0
0,PITX1 (5307)_damaging,0.0037940498
0,LINC02900 (340073)_damaging,0.0019374049
0,CTNNA1 (1495)_damaging,0.0
0,WDR55 (54853)_damaging,0.0
0,FAT2 (2196)_damaging,0.0013123815
0,LARP1 (23367)_damaging,0.0
0,GEMIN5 (25929)_damaging,0.0
0,GABRA6 (2559)_damaging,0.0
0,GABRG2 (2566)_damaging,0.0
0,DOCK2 (1794)_damaging,0.0
0,NSD1 (64324)_damaging,0.0019175741
0,FLT4 (2324)_damaging,0.0035766559
0,DSP (1832)_damaging,0.0
0,HIVEP1 (3096)_damaging,0.0
0,PHACTR1 (221692)_damaging,0.0
0,JARID2 (3720)_damaging,0.009117728
0,ATXN1 (6310)_damaging,0.0
0,HLA-A (3105)_damaging,0.0033233971
0,MDC1 (9656)_damaging,0.0
0,VARS2 (57176)_damaging,0.001682628
0,MUCL3 (135656)_damaging,0.0
0,HLA-C (3107)_damaging,0.0
0,HLA-B (3106)_damaging,0.0015723726
0,PRRC2A (7916)_damaging,0.0
0,BAG6 (7917)_damaging,0.0
0,TNXB (7148)_damaging,0.0
0,NOTCH4 (4855)_damaging,0.0
0,COL11A2 (1302)_damaging,0.0050027426
0,ITPR3 (3710)_damaging,0.0
0,DNAH8 (1769)_damaging,0.0022664547
0,KIF6 (221458)_damaging,0.0
0,CCND3 (896)_damaging,0.0037612563
0,MRPS10 (55173)_damaging,0.0
0,CUL9 (23113)_damaging,0.0
0,ZNF318 (24149)_damaging,0.0
0,TDRD6 (221400)_damaging,0.0
0,MMUT (4594)_damaging,0.0024095993
0,PKHD1 (5314)_damaging,0.0026694753
0,FAM83B (222584)_damaging,0.0
0,DST (667)_damaging,0.00033961632
0,PHF3 (23469)_damaging,0.0
0,EYS (346007)_damaging,0.0
0,ADGRB3 (577)_damaging,0.0
0,COL19A1 (1310)_damaging,0.0028786464
0,COL9A1 (1297)_damaging,0.0
0,RIMS1 (22999)_damaging,0.0
0,CD109 (135228)_damaging,0.0
0,COL12A1 (1303)_damaging,0.0
0,TTK (7272)_damaging,0.0
0,CEP162 (22832)_damaging,0.0
0,SYNCRIP (10492)_damaging,0.0
0,ZNF292 (23036)_damaging,0.0
0,MDN1 (23195)_damaging,0.00038460072
0,CASP8AP2 (9994)_damaging,0.0
0,EPHA7 (2045)_damaging,0.0
0,MMS22L (253714)_damaging,0.0
0,PNISR (25957)_damaging,0.0
0,ASCC3 (10973)_damaging,0.0
0,SOBP (55084)_damaging,0.0
0,AK9 (221264)_damaging,0.0
0,REV3L (5980)_damaging,0.0
0,LAMA4 (3910)_damaging,0.0
0,HDAC2 (3066)_damaging,0.0
0,ROS1 (6098)_damaging,0.00073900784
0,TBC1D32 (221322)_damaging,0.0034732742
0,TRDN (10345)_damaging,0.0025840488
0,LAMA2 (3908)_damaging,0.0
0,AKAP7 (9465)_damaging,0.0
0,MED23 (9439)_damaging,0.0
0,ARFGEF3 (57221)_damaging,0.0
0,NHSL1 (57224)_damaging,0.0
0,ECT2L (345930)_damaging,0.0019471229
0,HECA (51696)_damaging,0.0
0,ADGRG6 (57211)_damaging,0.0
0,HIVEP2 (3097)_damaging,0.0
0,UTRN (7402)_damaging,0.0
0,SHPRH (257218)_damaging,0.0
0,ADGB (79747)_damaging,0.0
0,SYNE1 (23345)_damaging,0.0025338575
0,SCAF8 (22828)_damaging,0.0
0,ARID1B (57492)_damaging,0.002329509
0,FNDC1 (84624)_damaging,0.0004132069
0,IGF2R (3482)_damaging,0.0013647848
0,LPA (4018)_damaging,0.0
0,MAP3K4 (4216)_damaging,0.0
0,QKI (9444)_damaging,0.0020619377
0,AFDN (4301)_damaging,0.0018287266
0,CARD11 (84433)_damaging,0.0
0,TNRC18 (84629)_damaging,0.002648275
0,PMS2 (5395)_damaging,0.0
0,COL28A1 (340267)_damaging,0.0
0,THSD7A (221981)_damaging,0.0
0,VWDE (221806)_damaging,0.0
0,AHR (196)_damaging,0.0
0,ABCB5 (340273)_damaging,0.003079667
0,SP8 (221833)_damaging,0.0
0,DNAH11 (8701)_damaging,0.0
0,STK31 (56164)_damaging,0.003180712
0,CDK13 (8621)_damaging,0.0
0,GLI3 (2737)_damaging,0.0
0,AEBP1 (165)_damaging,0.0
0,PKD1L1 (168507)_damaging,0.0
0,ABCA13 (154664)_damaging,0.0011252264
0,EGFR (1956)_damaging,0.0
0,PTPN12 (5782)_damaging,0.0
0,CD36 (948)_damaging,0.0
0,PCLO (27445)_damaging,0.00037340834
0,ABCB4 (5244)_damaging,0.0
0,ZNF804B (219578)_damaging,0.0
0,AKAP9 (10142)_damaging,0.0
0,ANKIB1 (54467)_damaging,0.0
0,SAMD9 (54809)_damaging,0.0
0,SAMD9L (219285)_damaging,0.0
0,CALCR (799)_damaging,0.0
0,COL1A2 (1278)_damaging,0.0067716367
0,SLC25A13 (10165)_damaging,0.0
0,TRRAP (8295)_damaging,0.0
0,GPC2 (221914)_damaging,0.0
0,NYAP1 (222950)_damaging,0.0
0,GIGYF1 (64599)_damaging,0.0
0,ZAN (7455)_damaging,0.002007993
0,MUC17 (140453)_damaging,0.0021689339
0,PLOD3 (8985)_damaging,0.0
0,CUX1 (1523)_damaging,0.0
0,RELN (5649)_damaging,0.0021653215
0,KMT2E (55904)_damaging,0.0
0,PIK3CG (5294)_damaging,0.00415296
0,LAMB4 (22798)_damaging,0.0
0,DOCK4 (9732)_damaging,0.0
0,PPP1R3A (5506)_damaging,0.0018288058
0,CFTR (1080)_damaging,0.0
0,CTTNBP2 (83992)_damaging,0.0
0,PTPRZ1 (5803)_damaging,0.0
0,CADPS2 (93664)_damaging,0.0
0,GRM8 (2918)_damaging,0.0
0,FLNC (2318)_damaging,0.0
0,PLXNA4 (91584)_damaging,0.002424631
0,LRGUK (136332)_damaging,0.0
0,NUP205 (23165)_damaging,0.0
0,TRIM24 (8805)_damaging,0.0
0,KIAA1549 (57670)_damaging,0.0
0,MGAM (8972)_damaging,0.0026637677
0,MGAM2 (93432)_damaging,0.0
0,EPHB6 (2051)_damaging,0.0
0,KEL (3792)_damaging,0.0
0,NOBOX (135935)_damaging,0.0
0,CNTNAP2 (26047)_damaging,0.0
0,AOC1 (26)_damaging,0.0
0,KCNH2 (3757)_damaging,0.0
0,NOS3 (4846)_damaging,0.0
0,ATG9B (285973)_damaging,0.0
0,KMT2C (58508)_damaging,0.0038296687
0,DPP6 (1804)_damaging,0.0
0,UBE3C (9690)_damaging,0.0
0,PTPRN2 (5799)_damaging,0.0071726274
0,CSMD1 (64478)_damaging,0.0
0,RP1L1 (94137)_damaging,0.0
0,TRMT9B (57604)_damaging,0.0019117307
0,DLC1 (10395)_damaging,0.0
0,XPO7 (23039)_damaging,0.0
0,DMTN (2039)_damaging,0.004798178
0,LOXL2 (4017)_damaging,0.0
0,DOCK5 (80005)_damaging,0.0
0,NUGGC (389643)_damaging,0.0
0,TEX15 (56154)_damaging,0.002217658
0,WRN (7486)_damaging,0.0
0,UNC5D (137970)_damaging,0.0
0,ADGRA2 (25960)_damaging,0.0
0,NSD3 (54904)_damaging,0.0
0,ANK1 (286)_damaging,0.0
0,PRKDC (5591)_damaging,0.0
0,PXDNL (137902)_damaging,0.0
0,ST18 (9705)_damaging,0.0
0,RB1CC1 (9821)_damaging,0.0
0,RP1 (6101)_damaging,0.0015252327
0,CYP7A1 (1581)_damaging,0.0
0,CHD7 (55636)_damaging,0.0
0,ARFGEF1 (10565)_damaging,0.0019330654
0,PREX2 (80243)_damaging,0.0
0,SULF1 (23213)_damaging,0.0
0,SLCO5A1 (81796)_damaging,0.0
0,TRPA1 (8989)_damaging,0.0
0,KCNB2 (9312)_damaging,0.0
0,ZFHX4 (79776)_damaging,0.002305705
0,WWP1 (11059)_damaging,0.0
0,NBN (4683)_damaging,0.0
0,ESRP1 (54845)_damaging,0.0
0,VPS13B (157680)_damaging,0.002339169
0,RGS22 (26166)_damaging,0.0018151025
0,UBR5 (51366)_damaging,0.0027479709
0,RIMS2 (9699)_damaging,0.0
0,ZFPM2 (23414)_damaging,0.0
0,PKHD1L1 (93035)_damaging,0.0021452822
0,CSMD3 (114788)_damaging,0.002262759
0,TRPS1 (7227)_damaging,0.0
0,COL14A1 (7373)_damaging,0.002813232
0,FER1L6 (654463)_damaging,0.0
0,ADCY8 (114)_damaging,0.0
0,EFR3A (23167)_damaging,0.00037649515
0,OC90 (729330)_damaging,0.0
0,KCNQ3 (3786)_damaging,0.0
0,PHF20L1 (51105)_damaging,0.0
0,TG (7038)_damaging,0.0019587374
0,COL22A1 (169044)_damaging,0.002352588
0,EPPK1 (83481)_damaging,0.0
0,PLEC (5339)_damaging,0.0028943873
0,PARP10 (84875)_damaging,0.0
0,MROH1 (727957)_damaging,0.0
0,CPSF1 (29894)_damaging,0.0
0,DOCK8 (81704)_damaging,0.0
0,SMARCA2 (6595)_damaging,0.0
0,ERMP1 (79956)_damaging,0.0
0,PTPRD (5789)_damaging,0.0
0,MPDZ (8777)_damaging,0.0
0,FREM1 (158326)_damaging,0.0
0,CNTLN (54875)_damaging,0.0
0,DENND4C (55667)_damaging,0.0
0,CDKN2A (1029)_damaging,0.0015640956
0,TAF1L (138474)_damaging,0.0
0,SPATA31G1 (138724)_damaging,0.0
0,FANCG (2189)_damaging,0.0008443634
0,PIGO (84720)_damaging,0.0
0,UNC13B (10497)_damaging,0.0
0,RUSC2 (9853)_damaging,0.0
0,SPAG8 (26206)_damaging,0.0028459795
0,TJP2 (9414)_damaging,0.0
0,TMC1 (117531)_damaging,0.0
0,TRPM6 (140803)_damaging,0.0
0,PCSK5 (5125)_damaging,0.002364903
0,PRUNE2 (158471)_damaging,0.0
0,VPS13A (23230)_damaging,0.0
0,TLE4 (7091)_damaging,0.003953684
0,SLC28A3 (64078)_damaging,0.0
0,SECISBP2 (79048)_damaging,0.0
0,ROR2 (4920)_damaging,0.0
0,NOL8 (55035)_damaging,0.0
0,WNK2 (65268)_damaging,0.00013983874
0,PHF2 (5253)_damaging,0.0
0,PTCH1 (5727)_damaging,0.00045059924
0,COL15A1 (1306)_damaging,0.0
0,GRIN3A (116443)_damaging,0.0
0,SMC2 (10592)_damaging,0.0
0,ELP1 (8518)_damaging,0.00033593143
0,TMEM245 (23731)_damaging,0.0024252885
0,PALM2AKAP2 (445815)_damaging,0.0
0,SVEP1 (79987)_damaging,0.0
0,SHOC1 (158401)_damaging,0.0
0,FKBP15 (23307)_damaging,0.0
0,COL27A1 (85301)_damaging,0.0019872526
0,TLR4 (7099)_damaging,0.0
0,C5 (727)_damaging,0.0
0,CNTRL (11064)_damaging,0.0
0,DENND1A (57706)_damaging,0.0
0,ADGRD2 (347088)_damaging,0.0
0,GOLGA2 (2801)_damaging,0.0
0,SPTAN1 (6709)_damaging,0.0041838065
0,HMCN2 (256158)_damaging,0.002045624
0,FUBP3 (8939)_damaging,0.0
0,NUP214 (8021)_damaging,0.0032038921
0,PRRC2B (84726)_damaging,0.0
0,UCK1 (83549)_damaging,0.0
0,SETX (23064)_damaging,0.0
0,TTF1 (7270)_damaging,0.0
0,TSC1 (7248)_damaging,0.0
0,ADAMTS13 (11093)_damaging,0.0
0,ADAMTSL2 (9719)_damaging,0.0
0,SARDH (1757)_damaging,0.0
0,BRD3 (8019)_damaging,0.0016428763
0,WDR5 (11091)_damaging,0.0
0,COL5A1 (1289)_damaging,0.0
0,CAMSAP1 (157922)_damaging,0.0
0,NOTCH1 (4851)_damaging,0.0017067402
0,ABCA2 (20)_damaging,0.0
0,EXD3 (54932)_damaging,0.0
0,CACNA1B (774)_damaging,0.0
0,MXRA5 (25878)_damaging,0.0
0,WWC3 (55841)_damaging,0.0
0,MAP3K15 (389840)_damaging,0.0
0,DMD (1756)_damaging,0.0028216264
0,CFAP47 (286464)_damaging,0.0028014125
0,BCOR (54880)_damaging,0.004572312
0,USP9X (8239)_damaging,0.0022650834
0,DDX3X (1654)_damaging,0.002388452
0,KDM6A (7403)_damaging,0.0022903604
0,RBM10 (8241)_damaging,0.0
0,TFE3 (7030)_damaging,0.0
0,CCNB3 (85417)_damaging,0.0
0,SHROOM4 (57477)_damaging,0.0
0,KDM5C (8242)_damaging,0.0
0,IQSEC2 (23096)_damaging,0.0
0,HUWE1 (10075)_damaging,0.0
0,AMER1 (139285)_damaging,0.0013431795
0,ZC3H12B (340554)_damaging,0.0
0,OPHN1 (4983)_damaging,0.0
0,KIF4A (24137)_damaging,0.0
0,MED12 (9968)_damaging,0.0018045035
0,ZMYM3 (9203)_damaging,0.0029344095
0,NEXMIF (340533)_damaging,0.0
0,ATRX (546)_damaging,0.0
0,BRWD3 (254065)_damaging,0.0
0,CYLC1 (1538)_damaging,0.0
0,ZNF711 (7552)_damaging,0.0
0,DIAPH2 (1730)_damaging,0.0019709482
0,PCDH19 (57526)_damaging,0.0
0,RAB40A (142684)_damaging,0.0024477264
0,NRK (203447)_damaging,0.0
0,MORC4 (79710)_damaging,0.0
0,COL4A6 (1288)_damaging,0.0
0,COL4A5 (1287)_damaging,0.0
0,DOCK11 (139818)_damaging,0.0
0,STAG2 (10735)_damaging,0.0021689262
0,TENM1 (10178)_damaging,0.002337676
0,SMARCA1 (6594)_damaging,0.0
0,BCORL1 (63035)_damaging,0.0026472975
0,USP26 (83844)_damaging,0.0
0,SAGE1 (55511)_damaging,0.0
0,MAP7D3 (79649)_damaging,0.0
0,ADGRG4 (139378)_damaging,0.0
0,MCF2 (4168)_damaging,0.0
0,SPANXN4 (441525)_damaging,0.001592967
0,SLITRK2 (84631)_damaging,0.0
0,AFF2 (2334)_damaging,0.001627289
0,PASD1 (139135)_damaging,0.0
0,PLXNA3 (55558)_damaging,0.0
0,F8 (2157)_damaging,0.0
0,MT-ND4 (4538)_damaging,0.0022358429
0,MT-ND5 (4540)_damaging,0.0018856028
1,MTOR (2475)_hotspot,0.0025104973
1,NRAS (4893)_hotspot,0.0033456937
1,PTEN (5728)_hotspot,0.00095695397
1,HRAS (3265)_hotspot,0.0030258088
1,ATM (472)_hotspot,0.0
1,KRAS (3845)_hotspot,0.0044318708
1,ERBB3 (2065)_hotspot,0.0
1,RB1 (5925)_hotspot,0.0034599598
1,CREBBP (1387)_hotspot,0.00078814145
1,TP53 (7157)_hotspot,0.008787805
1,NF1 (4763)_hotspot,0.0024716596
1,ERBB2 (2064)_hotspot,0.0
1,SMAD4 (4089)_hotspot,0.0028585615
1,STK11 (6794)_hotspot,8.684253e-05
1,SMARCA4 (6597)_hotspot,0.0
1,C2orf81 (388963)_hotspot,0.002466921
1,NFE2L2 (4780)_hotspot,0.0024110437
1,EP300 (2033)_hotspot,0.0
1,VHL (7428)_hotspot,0.0025264572
1,CTNNB1 (1499)_hotspot,0.0029370042
1,RHOA (387)_hotspot,0.0
1,PIK3CA (5290)_hotspot,0.0034224328
1,FBXW7 (55294)_hotspot,0.002517314
1,TERT (7015)_hotspot,0.004081699
1,PIK3R1 (5295)_hotspot,0.0
1,APC (324)_hotspot,0.0022502004
1,CCND3 (896)_hotspot,0.002416613
1,RAC1 (5879)_hotspot,0.0
1,EGFR (1956)_hotspot,0.0
1,BRAF (673)_hotspot,0.007756017
1,EZH2 (2146)_hotspot,0.002492063
1,CDKN2A (1029)_hotspot,0.001678384
1,AGRN (375790)_damaging,0.0
1,MXRA8 (54587)_damaging,0.0
1,MEGF6 (1953)_damaging,0.002392512
1,CHD5 (26038)_damaging,0.0026585343
1,RPL22 (6146)_damaging,0.0
1,ERRFI1 (54206)_damaging,0.0
1,SLC45A1 (50651)_damaging,0.0025268658
1,RERE (473)_damaging,0.0014967449
1,EXOSC10 (5394)_damaging,0.0
1,VPS13D (55187)_damaging,0.0032313317
1,FHAD1 (114827)_damaging,0.0
1,SPEN (23013)_damaging,0.0
1,EPHA2 (1969)_damaging,0.0
1,UBR4 (23352)_damaging,0.0
1,HSPG2 (3339)_damaging,0.0020939896
1,LUZP1 (7798)_damaging,0.0
1,ID3 (3399)_damaging,0.0050944802
1,ELOA (6924)_damaging,0.0
1,ARID1A (8289)_damaging,0.0012875397
1,WDTC1 (23038)_damaging,0.0
1,AHDC1 (27245)_damaging,0.0
1,PTPRU (10076)_damaging,0.0
1,COL16A1 (1307)_damaging,0.0
1,CSMD2 (114784)_damaging,0.0018647463
1,ZMYM1 (79830)_damaging,0.0
1,ZMYM4 (9202)_damaging,0.0
1,AGO1 (26523)_damaging,0.0
1,MAP7D1 (55700)_damaging,0.0
1,MACF1 (23499)_damaging,0.0030914515
1,HIVEP3 (59269)_damaging,0.0
1,TIE1 (7075)_damaging,0.0
1,SZT2 (23334)_damaging,0.0
1,MUTYH (4595)_damaging,0.0
1,MAST2 (23139)_damaging,0.0
1,PIK3R3 (8503)_damaging,0.0
1,FAAH (2166)_damaging,0.0
1,TAL1 (6886)_damaging,0.0
1,TUT4 (23318)_damaging,0.0
1,FYB2 (199920)_damaging,0.0
1,NFIA (4774)_damaging,0.0
1,PATJ (10207)_damaging,0.0
1,DOCK7 (85440)_damaging,0.0
1,JAK1 (3716)_damaging,0.0
1,LEPR (3953)_damaging,0.0033173137
1,LRRC7 (57554)_damaging,0.0
1,ERICH3 (127254)_damaging,0.0028236548
1,SLC44A5 (204962)_damaging,0.0
1,ADGRL4 (64123)_damaging,0.0023099363
1,ADGRL2 (23266)_damaging,0.0026259485
1,COL24A1 (255631)_damaging,0.0
1,BTBD8 (284697)_damaging,0.0
1,RPL5 (6125)_damaging,0.0
1,COL11A1 (1301)_damaging,0.0016410918
1,EPS8L3 (79574)_damaging,0.0
1,DENND2C (163259)_damaging,0.0
1,SYCP1 (6847)_damaging,0.0
1,SPAG17 (200162)_damaging,0.0023071754
1,NOTCH2 (4853)_damaging,0.0
1,BCL9 (607)_damaging,0.0025712417
1,OTUD7B (56957)_damaging,0.0
1,ADAMTSL4 (54507)_damaging,0.00063397805
1,SETDB1 (9869)_damaging,0.0
1,ZNF687 (57592)_damaging,0.0
1,FLG (2312)_damaging,0.003181732
1,CCDST (112268240)_damaging,0.0021279457
1,FLG2 (388698)_damaging,0.0
1,UBAP2L (9898)_damaging,0.0
1,SHC1 (6464)_damaging,0.0
1,ASH1L (55870)_damaging,0.0
1,GON4L (54856)_damaging,0.00054221624
1,IQGAP3 (128239)_damaging,0.0
1,NES (10763)_damaging,0.0
1,INSRR (3645)_damaging,0.0
1,FCRL5 (83416)_damaging,0.0
1,SPTA1 (6708)_damaging,0.0003582645
1,ARHGAP30 (257106)_damaging,0.0
1,ADCY10 (55811)_damaging,0.0
1,GPR161 (23432)_damaging,0.0
1,F5 (2153)_damaging,0.0
1,FIRRM (55732)_damaging,0.0
1,TNR (7143)_damaging,0.0
1,PAPPA2 (60676)_damaging,0.0028845724
1,ABL2 (27)_damaging,0.0
1,AXDND1 (126859)_damaging,0.0029886186
1,TDRD5 (163589)_damaging,0.0
1,CEP350 (9857)_damaging,0.0
1,CACNA1E (777)_damaging,0.0
1,RGL1 (23179)_damaging,0.0
1,HMCN1 (83872)_damaging,0.0
1,TPR (7175)_damaging,0.0
1,BRINP3 (339479)_damaging,0.0
1,KCNT2 (343450)_damaging,0.0
1,ASPM (259266)_damaging,0.001034885
1,PTPRC (5788)_damaging,0.0
1,CAMSAP2 (23271)_damaging,0.0
1,CACNA1S (779)_damaging,0.0
1,IGFN1 (91156)_damaging,0.00277228
1,ELF3 (1999)_damaging,0.0
1,KDM5B (10765)_damaging,0.0018892575
1,ATP2B4 (493)_damaging,0.0
1,PLEKHA6 (22874)_damaging,0.003299092
1,PIK3C2B (5287)_damaging,0.0
1,NFASC (23114)_damaging,0.0
1,CR2 (1380)_damaging,0.0
1,CR1 (1378)_damaging,0.0
1,PLXNA2 (5362)_damaging,0.0
1,PTPN14 (5784)_damaging,0.0
1,CENPF (1063)_damaging,0.0016748155
1,USH2A (7399)_damaging,0.002245594
1,EPRS1 (2058)_damaging,0.0
1,DNAH14 (127602)_damaging,0.001950748
1,CDC42BPA (8476)_damaging,0.0020537982
1,OBSCN (84033)_damaging,0.0040907324
1,H3-4 (8290)_damaging,0.0
1,SIPA1L2 (57568)_damaging,0.0
1,PCNX2 (80003)_damaging,0.0
1,MAP3K21 (84451)_damaging,0.0024367494
1,ARID4B (51742)_damaging,0.0
1,LYST (1130)_damaging,0.0
1,RYR2 (6262)_damaging,0.0027567553
1,CHRM3 (1131)_damaging,0.0
1,FMN2 (56776)_damaging,0.0015855022
1,RGS7 (6000)_damaging,0.0
1,KIF26B (55083)_damaging,0.0
1,AHCTF1 (25909)_damaging,0.0
1,NLRP3 (114548)_damaging,0.0
1,LARP4B (23185)_damaging,0.0
1,PITRM1 (10531)_damaging,0.0034815692
1,FRMD4A (55691)_damaging,0.0
1,ITGA8 (8516)_damaging,0.0
1,CUBN (8029)_damaging,0.002270261
1,MRC1 (4360)_damaging,0.0
1,MALRD1 (340895)_damaging,0.0022781226
1,SPAG6 (9576)_damaging,0.0
1,ARMC3 (219681)_damaging,0.0
1,KIAA1217 (56243)_damaging,0.0
1,GPR158 (57512)_damaging,0.0
1,MYO3A (53904)_damaging,0.0
1,ANKRD26 (22852)_damaging,0.0023730448
1,ODAD2 (55130)_damaging,0.0
1,SVIL (6840)_damaging,0.0
1,JCAD (57608)_damaging,0.0
1,ZEB1 (6935)_damaging,0.0
1,KIF5B (3799)_damaging,0.0
1,CCDC7 (79741)_damaging,0.0
1,ANKRD30A (91074)_damaging,0.0027838352
1,RSU1P2 (100133308)_damaging,0.0
1,WDFY4 (57705)_damaging,0.0
1,ERCC6 (2074)_damaging,0.0
1,PCDH15 (65217)_damaging,0.0020523479
1,ANK3 (288)_damaging,0.0
1,ARID5B (84159)_damaging,0.0
1,JMJD1C (221037)_damaging,0.0
1,MYPN (84665)_damaging,0.0
1,DNA2 (1763)_damaging,0.0
1,CDH23 (64072)_damaging,0.0
1,DLG5 (9231)_damaging,0.0
1,WAPL (23063)_damaging,0.0
1,PTEN (5728)_damaging,0.0014372034
1,SLC16A12 (387700)_damaging,0.0
1,KIF20B (9585)_damaging,0.0
1,BTAF1 (9044)_damaging,0.008674082
1,MYOF (26509)_damaging,0.00018013234
1,PLCE1 (51196)_damaging,0.0
1,CC2D2B (387707)_damaging,0.0
1,ZNF518A (9849)_damaging,0.0022601266
1,LCOR (84458)_damaging,0.0
1,SLF2 (55719)_damaging,0.0
1,PPRC1 (23082)_damaging,0.0037450122
1,PSD (5662)_damaging,0.0
1,PDCD11 (22984)_damaging,0.0
1,SLK (9748)_damaging,0.0038733336
1,SORCS3 (22986)_damaging,0.0
1,SMC3 (9126)_damaging,0.0
1,GPAM (57678)_damaging,0.0
1,TCF7L2 (6934)_damaging,0.0
1,ATRNL1 (26033)_damaging,0.0
1,TACC2 (10579)_damaging,0.0
1,DMBT1 (1755)_damaging,0.0
1,MKI67 (4288)_damaging,0.0037798553
1,JAKMIP3 (282973)_damaging,0.0008880569
1,CFAP46 (54777)_damaging,0.0029137912
1,TUBGCP2 (10844)_damaging,0.0
1,B4GALNT4 (338707)_damaging,0.0
1,PKP3 (11187)_damaging,0.0
1,PHRF1 (57661)_damaging,0.0
1,MUC5AC (4586)_damaging,0.0053540817
1,MUC5B (727897)_damaging,0.0
1,BRSK2 (9024)_damaging,0.0
1,KCNQ1 (3784)_damaging,0.0
1,NUP98 (4928)_damaging,0.002299328
1,DNHD1 (144132)_damaging,0.0
1,DCHS1 (8642)_damaging,0.0
1,IPO7 (10527)_damaging,0.0
1,SBF2 (81846)_damaging,0.0
1,PLEKHA7 (144100)_damaging,0.0
1,ABCC8 (6833)_damaging,0.0
1,OTOG (340990)_damaging,0.0
1,NAV2 (89797)_damaging,0.0
1,DCDC1 (341019)_damaging,0.0
1,CCDC73 (493860)_damaging,0.0
1,QSER1 (79832)_damaging,0.0
1,CSTF3 (1479)_damaging,0.0
1,PHF21A (51317)_damaging,0.0
1,LRP4 (4038)_damaging,0.0
1,FOLH1 (2346)_damaging,0.0
1,OR4P4 (81300)_damaging,0.0
1,CTNND1 (1500)_damaging,0.0
1,DTX4 (23220)_damaging,0.0
1,AHNAK (79026)_damaging,0.0
1,SLC3A2 (6520)_damaging,0.0
1,PLCB3 (5331)_damaging,0.0
1,NRXN2 (9379)_damaging,0.0
1,MEN1 (4221)_damaging,0.0
1,PCNX3 (399909)_damaging,0.0
1,RIN1 (9610)_damaging,0.0
1,SHANK2 (22941)_damaging,0.0
1,NUMA1 (4926)_damaging,0.0
1,INPPL1 (3636)_damaging,0.011540523
1,ARHGEF17 (9828)_damaging,0.0
1,MYO7A (4647)_damaging,0.0
1,TENM4 (26011)_damaging,0.0031998807
1,PCF11 (51585)_damaging,0.0
1,SYTL2 (54843)_damaging,0.0
1,FAT3 (120114)_damaging,0.0
1,CNTN5 (53942)_damaging,0.0
1,CEP126 (57562)_damaging,0.0022820826
1,MMP3 (4314)_damaging,0.0
1,MMP12 (4321)_damaging,0.0
1,DYNC2H1 (79659)_damaging,0.001608868
1,NPAT (4863)_damaging,0.0
1,ATM (472)_damaging,8.979338e-05
1,EXPH5 (23086)_damaging,0.0
1,NCAM1 (4684)_damaging,0.0
1,USP28 (57646)_damaging,0.0
1,DSCAML1 (57453)_damaging,0.00078952307
1,KMT2A (4297)_damaging,0.0022510272
1,BCL9L (283149)_damaging,0.0
1,HYOU1 (10525)_damaging,0.0
1,MFRP (83552)_damaging,0.0
1,ARHGEF12 (23365)_damaging,0.0
1,TECTA (7007)_damaging,0.0
1,SORL1 (6653)_damaging,0.0
1,JHY (79864)_damaging,0.0
1,ROBO3 (64221)_damaging,0.0026974261
1,CCDC15 (80071)_damaging,0.0
1,NFRKB (4798)_damaging,0.0
1,IGSF9B (22997)_damaging,0.0
1,GLB1L2 (89944)_damaging,0.0
1,LINC02714 (729305)_damaging,0.0
1,KDM5A (5927)_damaging,0.0
1,WNK1 (65125)_damaging,0.0
1,CACNA1C (775)_damaging,0.0033101677
1,VWF (7450)_damaging,0.0
1,PLEKHG6 (55200)_damaging,0.0
1,CHD4 (1108)_damaging,0.0
1,ATN1 (1822)_damaging,0.0
1,A2ML1 (144568)_damaging,0.0
1,A2M (2)_damaging,0.002454967
1,ETV6 (2120)_damaging,0.0
1,ATF7IP (55729)_damaging,0.00034626896
1,GUCY2C (2984)_damaging,0.0
1,EPS8 (2059)_damaging,0.0
1,PIK3C2G (5288)_damaging,0.0
1,SLCO1C1 (53919)_damaging,0.0
1,SLCO1B3 (28234)_damaging,0.0022288044
1,RECQL (5965)_damaging,0.0014483656
1,ABCC9 (10060)_damaging,0.002637
1,ITPR2 (3709)_damaging,0.0
1,OVCH1 (341350)_damaging,0.0
1,KIF21A (55605)_damaging,0.0015635474
1,LRRK2 (120892)_damaging,0.00136941
1,MUC19 (283463)_damaging,0.0028361098
1,CNTN1 (1272)_damaging,0.0
1,PDZRN4 (29951)_damaging,0.0
1,ADAMTS20 (80070)_damaging,0.0
1,ANO6 (196527)_damaging,0.0
1,ARID2 (196528)_damaging,0.0
1,HDAC7 (51564)_damaging,0.0018961813
1,COL2A1 (1280)_damaging,0.0
1,WNT1 (7471)_damaging,3.8004073e-05
1,KMT2D (8085)_damaging,0.00572455
1,PRPF40B (25766)_damaging,0.0
1,NCKAP5L (57701)_damaging,0.0
1,DIP2B (57609)_damaging,0.0
1,MAP3K12 (7786)_damaging,0.0
1,ERBB3 (2065)_damaging,0.0
1,STAT2 (6773)_damaging,0.0
1,NACA (4666)_damaging,0.0020780575
1,MYO1A (4640)_damaging,0.0
1,STAT6 (6778)_damaging,0.0
1,LRP1 (4035)_damaging,0.0
1,GLI1 (2735)_damaging,0.0
1,MBD6 (114785)_damaging,0.00023824885
1,PTPRB (5787)_damaging,0.0
1,ZFC3H1 (196441)_damaging,0.0
1,E2F7 (144455)_damaging,0.0
1,NAV3 (89795)_damaging,0.0
1,OTOGL (283310)_damaging,0.0
1,PTPRQ (374462)_damaging,0.0016350747
1,PPFIA2 (8499)_damaging,0.0039474815
1,LRRIQ1 (84125)_damaging,0.0
1,CEP290 (80184)_damaging,0.0
1,EEA1 (8411)_damaging,0.00232276
1,PLXNC1 (10154)_damaging,0.0
1,CFAP54 (144535)_damaging,0.0032550911
1,ANKS1B (56899)_damaging,0.0
1,BLTP3B (23074)_damaging,0.0
1,UTP20 (27340)_damaging,0.0
1,STAB2 (55576)_damaging,0.0028888811
1,HCFC2 (29915)_damaging,0.0
1,ALDH1L2 (160428)_damaging,0.0
1,ACACB (32)_damaging,0.0007924033
1,MVK (4598)_damaging,0.0
1,CUX2 (23316)_damaging,0.0
1,HECTD4 (283450)_damaging,0.0
1,DTX1 (1840)_damaging,0.0
1,NOS1 (4842)_damaging,0.0
1,CIT (11113)_damaging,0.0027142756
1,GCN1 (10985)_damaging,0.0
1,HNF1A (6927)_damaging,0.0
1,KDM2B (84678)_damaging,0.0
1,SETD1B (23067)_damaging,0.0
1,KNTC1 (9735)_damaging,0.0
1,SBNO1 (55206)_damaging,0.0
1,DNAH10 (196385)_damaging,0.0003962618
1,NCOR2 (9612)_damaging,0.0004631799
1,TMEM132D (121256)_damaging,0.0027025822
1,RIMBP2 (23504)_damaging,0.0031436512
1,SFSWAP (6433)_damaging,0.0
1,ULK1 (8408)_damaging,0.0
1,EP400 (57634)_damaging,0.0019960103
1,P2RX2 (22953)_damaging,0.0
1,POLE (5426)_damaging,3.3435233e-05
1,ZMYM2 (7750)_damaging,0.0
1,SACS (26278)_damaging,0.0022725307
1,ATP8A2 (51761)_damaging,0.0033696285
1,FRY (10129)_damaging,0.0
1,BRCA2 (675)_damaging,0.0028879456
1,PDS5B (23047)_damaging,0.006681739
1,NBEA (26960)_damaging,0.0026974704
1,POSTN (10631)_damaging,0.0
1,FREM2 (341640)_damaging,0.0
1,DGKH (160851)_damaging,0.0026881949
1,ZC3H13 (23091)_damaging,0.0
1,RB1 (5925)_damaging,0.0038057412
1,KLHL1 (57626)_damaging,0.0
1,DACH1 (1602)_damaging,0.0
1,DIS3 (22894)_damaging,0.0030439335
1,MYCBP2 (23077)_damaging,0.0005846594
1,DOCK9 (23348)_damaging,0.0
1,PCCA (5095)_damaging,0.0
1,NALCN (259232)_damaging,0.0
1,CCDC168 (643677)_damaging,0.0
1,MYO16 (23026)_damaging,0.0
1,COL4A1 (1282)_damaging,0.0
1,COL4A2 (1284)_damaging,0.0
1,TEP1 (7011)_damaging,0.0
1,ARHGEF40 (55701)_damaging,0.0
1,CHD8 (57680)_damaging,0.0
1,AJUBA (84962)_damaging,0.0025187354
1,ACIN1 (22985)_damaging,0.0
1,MYH6 (4624)_damaging,0.0
1,MYH7 (4625)_damaging,0.0
1,CARMIL3 (90668)_damaging,0.0
1,NYNRIN (57523)_damaging,0.0
1,ARHGAP5 (394)_damaging,0.0
1,AKAP6 (9472)_damaging,0.0
1,NPAS3 (64067)_damaging,0.0
1,RALGAPA1 (253959)_damaging,0.0
1,TTC6 (319089)_damaging,0.0
1,MIA2 (4253)_damaging,0.0
1,TOGARAM1 (23116)_damaging,0.0
1,FANCM (57697)_damaging,0.0
1,MIS18BP1 (55320)_damaging,0.0
1,MDGA2 (161357)_damaging,0.0
1,NIN (51199)_damaging,0.0
1,NID2 (22795)_damaging,0.0
1,KTN1 (3895)_damaging,0.0
1,ARID4A (5926)_damaging,0.002261415
1,HIF1A (3091)_damaging,0.0
1,SYNE2 (23224)_damaging,0.0037955209
1,PCNX1 (22990)_damaging,0.0
1,MIDEAS (91748)_damaging,0.0
1,YLPM1 (56252)_damaging,0.0
1,MLH3 (27030)_damaging,0.002436873
1,NRXN3 (9369)_damaging,0.0
1,CEP128 (145508)_damaging,0.0
1,EML5 (161436)_damaging,0.0
1,TRIP11 (9321)_damaging,0.007873386
1,UNC79 (57578)_damaging,0.002087327
1,ATG2B (55102)_damaging,0.0
1,RTL1 (388015)_damaging,0.0
1,DYNC1H1 (1778)_damaging,0.0023835627
1,KIF26A (26153)_damaging,0.00063961855
1,INF2 (64423)_damaging,0.0
1,CEP170B (283638)_damaging,0.0027474063
1,AHNAK2 (113146)_damaging,0.0018187193
1,MTA1 (9112)_damaging,0.0
1,HERC2 (8924)_damaging,0.00011391867
1,TJP1 (7082)_damaging,0.0
1,TRPM1 (4308)_damaging,0.0
1,FMN1 (342184)_damaging,0.0
1,RYR3 (6263)_damaging,0.0004080112
1,CCDC9B (388115)_damaging,0.0
1,INO80 (54617)_damaging,0.0
1,TYRO3 (7301)_damaging,0.004365358
1,MGA (23269)_damaging,0.0025741952
1,SPTBN5 (51332)_damaging,0.0023946592
1,ZNF106 (64397)_damaging,0.0
1,STARD9 (57519)_damaging,0.0025790613
1,TP53BP1 (7158)_damaging,0.0
1,MAP1A (4130)_damaging,0.0
1,SPG11 (80208)_damaging,0.0
1,B2M (567)_damaging,0.0022329558
1,DUOX2 (50506)_damaging,0.0027810077
1,FBN1 (2200)_damaging,0.0021223815
1,CEP152 (22995)_damaging,0.0
1,TRPM7 (54822)_damaging,0.0
1,AP4E1 (23431)_damaging,0.0
1,DMXL2 (23312)_damaging,0.0
1,MYO5C (55930)_damaging,0.0
1,WDR72 (256764)_damaging,0.0
1,UNC13C (440279)_damaging,0.0
1,RFX7 (64864)_damaging,0.0022966187
1,ICE2 (79664)_damaging,0.0
1,VPS13C (54832)_damaging,0.0033084129
1,TLN2 (83660)_damaging,0.0
1,HERC1 (8925)_damaging,0.002388018
1,ZNF609 (23060)_damaging,0.0
1,CILP (8483)_damaging,0.0
1,MYO9A (4649)_damaging,0.002175376
1,HCN4 (10021)_damaging,0.0
1,ARID3B (10620)_damaging,0.0
1,SIN3A (25942)_damaging,0.0046595694
1,PEAK1 (79834)_damaging,0.0
1,AP3B2 (8120)_damaging,0.0
1,ADAMTSL3 (57188)_damaging,0.0
1,AKAP13 (11214)_damaging,0.0
1,AGBL1 (123624)_damaging,0.0
1,TICRR (90381)_damaging,0.0
1,KIF7 (374654)_damaging,0.0025584085
1,IQGAP1 (8826)_damaging,0.0
1,BLM (641)_damaging,0.0
1,FES (2242)_damaging,0.0
1,CHD2 (1106)_damaging,0.001606478
1,LRRK1 (79705)_damaging,0.0024636681
1,AXIN1 (8312)_damaging,0.0
1,WDR90 (197335)_damaging,0.0
1,CACNA1H (8912)_damaging,0.0
1,UNKL (64718)_damaging,0.0
1,CRAMP1 (57585)_damaging,0.0
1,TSC2 (7249)_damaging,0.0
1,PKD1 (5310)_damaging,0.0024190983
1,CASKIN1 (57524)_damaging,0.0
1,SLX4 (84464)_damaging,0.0
1,CREBBP (1387)_damaging,0.007426951
1,CORO7 (79585)_damaging,0.0
1,SEC14L5 (9717)_damaging,0.0
1,GRIN2A (2903)_damaging,0.002380375
1,SMG1 (23049)_damaging,0.0
1,KNOP1 (400506)_damaging,0.0
1,DNAH3 (55567)_damaging,0.0
1,PALB2 (79728)_damaging,0.0
1,RBBP6 (5930)_damaging,0.0
1,TNRC6A (27327)_damaging,0.0
1,ARHGAP17 (55114)_damaging,0.0
1,GTF3C1 (2975)_damaging,0.0
1,ATXN2L (11273)_damaging,0.0
1,ITGAL (3683)_damaging,0.0
1,PRR14 (78994)_damaging,0.0
1,FBRS (64319)_damaging,0.0
1,SRCAP (10847)_damaging,0.0018581657
1,SETD1A (9739)_damaging,0.0
1,ITGAD (3681)_damaging,0.0
1,SALL1 (6299)_damaging,0.0
1,CHD9 (80205)_damaging,0.0
1,NLRC5 (84166)_damaging,0.0
1,CNOT1 (23019)_damaging,0.0
1,CDH8 (1006)_damaging,0.0
1,CDH11 (1009)_damaging,0.0
1,CTCF (10664)_damaging,0.0
1,CDH1 (999)_damaging,0.0
1,MTSS2 (92154)_damaging,0.0
1,ZFHX3 (463)_damaging,0.0011161387
1,CNTNAP4 (85445)_damaging,0.0
1,WWOX (51741)_damaging,0.0
1,PKD1L2 (114780)_damaging,0.0
1,GSE1 (23199)_damaging,0.0
1,IRF8 (3394)_damaging,0.0025976035
1,ZNF469 (84627)_damaging,0.0
1,ZC3H18 (124245)_damaging,0.0
1,LINC02138 (400558)_damaging,0.001624513
1,ANKRD11 (29123)_damaging,0.0
1,VPS9D1 (9605)_damaging,0.0
1,FANCA (2175)_damaging,0.0
1,WDR81 (124997)_damaging,0.0
1,SPATA22 (84690)_damaging,0.0024260986
1,ZZEF1 (23140)_damaging,0.0
1,USP6 (9098)_damaging,0.0
1,FXR2 (9513)_damaging,0.0
1,TP53 (7157)_damaging,0.01592435
1,DNAH2 (146754)_damaging,0.0
1,KDM6B (23135)_damaging,0.0024108682
1,CHD3 (1107)_damaging,0.001161075
1,PER1 (5187)_damaging,0.0
1,PFAS (5198)_damaging,0.0
1,MYH13 (8735)_damaging,0.0
1,MYH8 (4626)_damaging,0.0
1,MYH1 (4619)_damaging,0.003203508
1,MYH2 (4620)_damaging,0.0024938409
1,DNAH9 (1770)_damaging,0.003001433
1,MAP2K4 (6416)_damaging,0.0
1,MYOCD (93649)_damaging,0.0
1,NCOR1 (9611)_damaging,0.0
1,MPRIP (23164)_damaging,0.0
1,FLCN (201163)_damaging,0.0
1,MYO15A (51168)_damaging,0.0024072728
1,TOP3A (7156)_damaging,0.0
1,KSR1 (8844)_damaging,0.0
1,MYO18A (399687)_damaging,0.0
1,EFCAB5 (374786)_damaging,0.0
1,ATAD5 (79915)_damaging,0.0
1,NF1 (4763)_damaging,0.0014442145
1,SUZ12 (23512)_damaging,0.0042378576
1,SLFN11 (91607)_damaging,0.0031744707
1,ACACA (31)_damaging,0.0
1,GPR179 (440435)_damaging,0.0
1,SRCIN1 (80725)_damaging,0.0
1,TOP2A (7153)_damaging,0.0
1,KCNH4 (23415)_damaging,0.0
1,STAT5B (6777)_damaging,0.0
1,PLEKHH3 (79990)_damaging,0.0
1,BRCA1 (672)_damaging,0.0018789488
1,ITGA2B (3674)_damaging,0.0024288425
1,GPATCH8 (23131)_damaging,0.0008902768
1,KANSL1 (284058)_damaging,0.0
1,HOXB3 (3213)_damaging,0.0
1,COL1A1 (1277)_damaging,0.002210555
1,SPAG9 (9043)_damaging,0.0
1,TSPOAP1 (9256)_damaging,0.0
1,RNF43 (54894)_damaging,0.0005987327
1,PPM1D (8493)_damaging,0.0
1,BRIP1 (83990)_damaging,0.0
1,MED13 (9969)_damaging,0.0
1,SCN4A (6329)_damaging,0.0
1,GNA13 (10672)_damaging,0.0068611414
1,AXIN2 (8313)_damaging,0.0
1,NOL11 (25926)_damaging,0.0
1,BPTF (2186)_damaging,0.0025210667
1,ABCA8 (10351)_damaging,0.0
1,ABCA9 (10350)_damaging,0.0027239916
1,ABCA6 (23460)_damaging,0.0
1,ABCA10 (10349)_damaging,0.0
1,ABCA5 (23461)_damaging,0.0
1,SOX9 (6662)_damaging,0.002268867
1,SDK2 (54549)_damaging,0.0
1,TMEM94 (9772)_damaging,0.0
1,CASKIN2 (57513)_damaging,0.0
1,MYO15B (80022)_damaging,0.0
1,ITGB4 (3691)_damaging,0.002226999
1,SPHK1 (8877)_damaging,0.0019374188
1,TNRC6C (57690)_damaging,0.00019927254
1,DNAH17 (8632)_damaging,0.0
1,RPTOR (57521)_damaging,0.0
1,BAHCC1 (57597)_damaging,0.0
1,FASN (2194)_damaging,0.0
1,NARF (26502)_damaging,0.0
1,FOXK2 (3607)_damaging,0.0
1,SMCHD1 (23347)_damaging,0.00069148856
1,EPB41L3 (23136)_damaging,0.0
1,LAMA1 (284217)_damaging,0.0
1,PTPRM (5797)_damaging,0.0
1,MTCL1 (23255)_damaging,0.0
1,ANKRD12 (23253)_damaging,0.0
1,PIEZO2 (63895)_damaging,0.0
1,ANKRD30B (374860)_damaging,0.0026672184
1,ROCK1 (6093)_damaging,0.0009036377
1,GREB1L (80000)_damaging,0.0
1,LAMA3 (3909)_damaging,0.0
1,CCDC178 (374864)_damaging,0.0
1,ASXL3 (80816)_damaging,0.0035942036
1,FHOD3 (80206)_damaging,0.0027235642
1,SYT4 (6860)_damaging,0.0
1,SETBP1 (26040)_damaging,0.0029232656
1,LOXHD1 (125336)_damaging,0.0
1,SKOR2 (652991)_damaging,0.002554738
1,ZBTB7C (201501)_damaging,0.0
1,MYO5B (4645)_damaging,0.0
1,SMAD4 (4089)_damaging,0.0036588083
1,DCC (1630)_damaging,0.003550432
1,ALPK2 (115701)_damaging,0.0
1,CDH7 (1005)_damaging,0.0
1,DSEL (92126)_damaging,0.0
1,RTTN (25914)_damaging,0.0
1,CBLN2 (147381)_damaging,0.0
1,ZNF236 (7776)_damaging,0.0
1,SALL3 (27164)_damaging,0.0
1,ATP9B (374868)_damaging,0.0
1,KCNG2 (26251)_damaging,0.0
1,ABCA7 (10347)_damaging,0.0
1,STK11 (6794)_damaging,0.0034424649
1,TCF3 (6929)_damaging,0.0030965079
1,AP3D1 (8943)_damaging,0.0021343518
1,ZBTB7A (51341)_damaging,0.0
1,TICAM1 (148022)_damaging,0.0
1,KDM4B (23030)_damaging,0.0
1,PTPRS (5802)_damaging,0.0
1,SAFB2 (9667)_damaging,0.0
1,SAFB (6294)_damaging,0.0
1,CAMSAP3 (57662)_damaging,0.0
1,MAP2K7 (5609)_damaging,0.0
1,FBN3 (84467)_damaging,0.002612002
1,MUC16 (94025)_damaging,0.001986197
1,COL5A3 (50509)_damaging,0.0
1,DNMT1 (1786)_damaging,0.0
1,KEAP1 (9817)_damaging,0.0008686943
1,SMARCA4 (6597)_damaging,0.0031699026
1,CACNA1A (773)_damaging,0.0028237377
1,NOTCH3 (4854)_damaging,0.0
1,WIZ (58525)_damaging,0.0
1,CHERP (10523)_damaging,0.0
1,CPAMD8 (27151)_damaging,0.0
1,CRLF1 (9244)_damaging,0.0024004767
1,ZNF429 (353088)_damaging,0.0
1,ZNF208 (7757)_damaging,0.0
1,ZNF729 (100287226)_damaging,0.00074171025
1,ZNF91 (7644)_damaging,0.0
1,URI1 (8725)_damaging,0.0
1,ZNF536 (9745)_damaging,0.0
1,TSHZ3 (57616)_damaging,0.0
1,KMT2B (9757)_damaging,0.00352788
1,WDR87 (83889)_damaging,0.0
1,RYR1 (6261)_damaging,0.0
1,CAPN12 (147968)_damaging,0.002949719
1,PAF1 (54623)_damaging,0.0
1,FCGBP (8857)_damaging,0.0028421571
1,PRX (57716)_damaging,0.0033548006
1,ERF (2077)_damaging,0.0023505138
1,CIC (23152)_damaging,0.002626695
1,MEGF8 (1954)_damaging,0.0
1,ARHGAP35 (2909)_damaging,0.0
1,BICRA (29998)_damaging,0.002036093
1,GRIN2D (2906)_damaging,0.0
1,LMTK3 (114783)_damaging,0.0
1,TRPM4 (54795)_damaging,0.0
1,TEAD2 (8463)_damaging,0.0
1,PRR12 (57479)_damaging,0.0
1,SCAF1 (58506)_damaging,0.0
1,MYH14 (79784)_damaging,0.0
1,POLD1 (5424)_damaging,0.0
1,SHANK1 (50944)_damaging,0.0
1,BRSK1 (84446)_damaging,0.003849794
1,SSC5D (284297)_damaging,0.0022811203
1,NLRP9 (338321)_damaging,0.0
1,NLRP4 (147945)_damaging,0.0042985836
1,PEG3 (5178)_damaging,0.0062474273
1,ZIM3 (114026)_damaging,0.0
1,TPO (7173)_damaging,0.0
1,ROCK2 (9475)_damaging,0.0
1,GREB1 (9687)_damaging,0.0
1,NBAS (51594)_damaging,0.0
1,RAD51AP2 (729475)_damaging,0.0
1,APOB (338)_damaging,0.0
1,TDRD15 (100129278)_damaging,0.0
1,ATAD2B (54454)_damaging,0.0
1,ITSN2 (50618)_damaging,0.0
1,DNMT3A (1788)_damaging,0.0022603348
1,ASXL2 (55252)_damaging,0.0
1,OTOF (9381)_damaging,0.0
1,EMILIN1 (11117)_damaging,0.0
1,CAD (790)_damaging,0.0
1,IFT172 (26160)_damaging,0.0022812863
1,SPATA31H1 (84226)_damaging,0.0
1,BIRC6 (57448)_damaging,0.0025392333
1,LTBP1 (4052)_damaging,0.0
1,HEATR5B (54497)_damaging,0.0
1,ZFP36L2 (678)_damaging,0.0029481766
1,THADA (63892)_damaging,0.0023476938
1,MSH2 (4436)_damaging,0.0
1,MSH6 (2956)_damaging,0.0
1,NRXN1 (9378)_damaging,0.0
1,EML6 (400954)_damaging,0.0
1,MTIF2 (4528)_damaging,0.0
1,CCDC88A (55704)_damaging,0.0026363048
1,USP34 (9736)_damaging,0.0
1,ZNF638 (27332)_damaging,0.0
1,DYSF (8291)_damaging,0.0004594635
1,ALMS1 (7840)_damaging,0.0
1,LOXL3 (84695)_damaging,0.00033166463
1,CTNNA2 (1496)_damaging,0.0016109833
1,DNAH6 (1768)_damaging,0.0028441006
1,POLR1A (25885)_damaging,0.0
1,TMEM131 (23505)_damaging,0.0
1,VWA3B (200403)_damaging,0.0
1,CRACDL (343990)_damaging,0.0
1,EIF5B (9669)_damaging,0.0
1,RANBP2 (5903)_damaging,0.002036249
1,DPP10 (57628)_damaging,0.0025428545
1,MARCO (8685)_damaging,0.0
1,EPB41L5 (57669)_damaging,0.0
1,CLASP1 (23332)_damaging,0.0019709745
1,CNTNAP5 (129684)_damaging,0.0036330207
1,ARHGEF4 (50649)_damaging,0.0
1,NCKAP5 (344148)_damaging,0.0020839227
1,THSD7B (80731)_damaging,0.0019240949
1,LRP1B (53353)_damaging,0.003964504
1,ZEB2 (9839)_damaging,0.0
1,ACVR2A (92)_damaging,0.0021275193
1,ORC4 (5000)_damaging,0.0
1,RIF1 (55183)_damaging,0.0
1,NEB (4703)_damaging,0.0028911063
1,BAZ2B (29994)_damaging,0.0
1,LY75 (4065)_damaging,0.0
1,PLA2R1 (22925)_damaging,0.0
1,SLC4A10 (57282)_damaging,0.0
1,KCNH7 (90134)_damaging,0.0
1,FIGN (55137)_damaging,0.0
1,SCN3A (6328)_damaging,0.0
1,SCN2A (6326)_damaging,0.002702266
1,TTC21B (79809)_damaging,0.0
1,SCN1A (6323)_damaging,0.002353556
1,SCN9A (6335)_damaging,0.00024989212
1,SCN7A (6332)_damaging,0.0
1,XIRP2 (129446)_damaging,0.0
1,LRP2 (4036)_damaging,0.0021080114
1,PPIG (9360)_damaging,0.0
1,MYO3B (140469)_damaging,0.0024747888
1,GPR155 (151556)_damaging,0.0025069881
1,TTN (7273)_damaging,0.0012416888
1,CCDC141 (285025)_damaging,0.0
1,ITGA4 (3676)_damaging,0.0
1,FSIP2 (401024)_damaging,0.0013525655
1,COL3A1 (1281)_damaging,0.0
1,COL5A2 (1290)_damaging,0.002617549
1,WDR75 (84128)_damaging,0.0
1,DNAH7 (56171)_damaging,0.0024250206
1,HECW2 (57520)_damaging,0.0
1,PLCL1 (5334)_damaging,0.0
1,SGO2 (151246)_damaging,0.0
1,AOX1 (316)_damaging,0.0
1,CASP8 (841)_damaging,0.003546599
1,C2CD6 (151254)_damaging,0.0037579564
1,KIAA2012 (100652824)_damaging,0.0
1,BMPR2 (659)_damaging,0.0
1,NBEAL1 (65065)_damaging,0.0
1,PARD3B (117583)_damaging,0.0
1,NRP2 (8828)_damaging,0.0
1,INO80D (54891)_damaging,0.0028402722
1,ZDBF2 (57683)_damaging,0.0
1,ADAM23 (8745)_damaging,0.0
1,MAP2 (4133)_damaging,0.0
1,UNC80 (285175)_damaging,0.0
1,CPS1 (1373)_damaging,0.0
1,ERBB4 (2066)_damaging,0.0
1,ABCA12 (26154)_damaging,0.0025781475
1,FN1 (2335)_damaging,0.0
1,TNS1 (7145)_damaging,0.0
1,ZNF142 (7701)_damaging,0.0
1,CFAP65 (255101)_damaging,0.0
1,SPEG (10290)_damaging,0.0017357353
1,OBSL1 (23363)_damaging,0.0
1,SLC4A3 (6508)_damaging,0.0
1,DOCK10 (55619)_damaging,0.0
1,IRS1 (3667)_damaging,0.0
1,COL4A4 (1286)_damaging,0.002305639
1,SPHKAP (80309)_damaging,0.0
1,GIGYF2 (26058)_damaging,0.0
1,COL6A3 (1293)_damaging,0.001304458
1,RBM44 (375316)_damaging,0.0
1,HDAC4 (9759)_damaging,0.0
1,KIF1A (547)_damaging,0.0
1,PASK (23178)_damaging,0.0
1,TGM6 (343641)_damaging,0.0
1,FASTKD5 (60493)_damaging,0.0021801218
1,PLCB4 (5332)_damaging,0.0
1,ESF1 (51575)_damaging,0.0
1,SEL1L2 (80343)_damaging,0.0
1,RRBP1 (6238)_damaging,0.0
1,RALGAPA2 (57186)_damaging,0.0
1,ASXL1 (171023)_damaging,0.005612368
1,NCOA6 (23054)_damaging,0.0
1,MYH7B (57644)_damaging,0.002488632
1,CEP250 (11190)_damaging,0.0033054359
1,SAMHD1 (25939)_damaging,0.0
1,RALGAPB (57148)_damaging,0.0
1,CHD6 (84181)_damaging,0.0
1,PTPRT (11122)_damaging,0.0010988823
1,DDX27 (55661)_damaging,0.0
1,KCNB1 (3745)_damaging,0.0
1,RIPOR3 (140876)_damaging,0.0
1,ADNP (23394)_damaging,0.0
1,ZNF831 (128611)_damaging,0.0
1,SYCP2 (10388)_damaging,0.001067864
1,TAF4 (6874)_damaging,0.0019707729
1,LAMA5 (3911)_damaging,0.0
1,DIDO1 (11083)_damaging,0.0022484057
1,COL20A1 (57642)_damaging,0.0
1,HELZ2 (85441)_damaging,0.00030264197
1,TPTE (7179)_damaging,0.0027236384
1,NRIP1 (8204)_damaging,0.0
1,ADAMTS5 (11096)_damaging,0.0
1,LTN1 (26046)_damaging,0.0
1,USP16 (10600)_damaging,0.0
1,SCAF4 (57466)_damaging,0.0
1,ITSN1 (6453)_damaging,0.00017867697
1,RUNX1 (861)_damaging,0.0
1,DOP1B (9980)_damaging,0.0016406784
1,BRWD1 (54014)_damaging,0.0
1,DSCAM (1826)_damaging,0.0027748232
1,ZBTB21 (49854)_damaging,0.0
1,NDUFV3 (4731)_damaging,0.0
1,TRPM2 (7226)_damaging,0.0
1,COL18A1 (80781)_damaging,0.0
1,COL6A1 (1291)_damaging,0.0
1,PCNT (5116)_damaging,0.0
1,CECR2 (27443)_damaging,0.0
1,MED15 (51586)_damaging,0.0
1,LZTR1 (8216)_damaging,0.0
1,SMARCB1 (6598)_damaging,0.0
1,MYO18B (84700)_damaging,0.0
1,MN1 (4330)_damaging,0.0
1,TTC28 (23331)_damaging,0.0
1,NF2 (4771)_damaging,0.0027491841
1,PRR14L (253143)_damaging,0.0
1,DEPDC5 (9681)_damaging,0.0
1,MYH9 (4627)_damaging,0.002116847
1,CSF2RB (1439)_damaging,0.0023719026
1,TRIOBP (11078)_damaging,0.0
1,CACNA1I (8911)_damaging,0.0025993045
1,TNRC6B (23112)_damaging,0.0
1,EP300 (2033)_damaging,0.0014387211
1,ZC3H7B (23264)_damaging,0.0
1,MEI1 (150365)_damaging,0.0
1,TCF20 (6942)_damaging,0.0
1,SMC1B (27127)_damaging,0.0
1,PKDREJ (10343)_damaging,0.0
1,PLXNB2 (23654)_damaging,0.0
1,PPP6R2 (9701)_damaging,0.0022298398
1,SBF1 (6305)_damaging,0.0
1,CHL1 (10752)_damaging,0.0
1,CNTN6 (27255)_damaging,0.0
1,CNTN4 (152330)_damaging,0.0
1,GRM7 (2917)_damaging,0.0
1,SSUH2 (51066)_damaging,0.00229218
1,VHL (7428)_damaging,0.003962816
1,KCNH8 (131096)_damaging,0.0
1,NEK10 (152110)_damaging,0.0
1,TGFBR2 (7048)_damaging,0.0
1,CLASP2 (23122)_damaging,0.0
1,TRANK1 (9881)_damaging,0.0
1,MLH1 (4292)_damaging,0.0
1,GOLGA4 (2803)_damaging,0.0
1,SCN5A (6331)_damaging,0.0
1,SCN10A (6336)_damaging,0.0
1,SCN11A (11280)_damaging,0.0
1,TOPAZ1 (375337)_damaging,0.0
1,KIF15 (56992)_damaging,0.0
1,SETD2 (29072)_damaging,0.0036742382
1,PTPN23 (25930)_damaging,0.0
1,PLXNB1 (5364)_damaging,0.00044811328
1,COL7A1 (1294)_damaging,0.0033090282
1,CELSR3 (1951)_damaging,0.0022731284
1,RHOA (387)_damaging,0.0
1,BSN (8927)_damaging,0.0
1,RBM6 (10180)_damaging,0.0
1,DOCK3 (1795)_damaging,0.0
1,DNAH1 (25981)_damaging,0.006528042
1,BAP1 (8314)_damaging,0.003491777
1,STAB1 (23166)_damaging,0.0
1,PBRM1 (55193)_damaging,0.0057281535
1,ERC2 (26059)_damaging,0.0
1,TASOR (23272)_damaging,0.0
1,DNAH12 (201625)_damaging,0.002797225
1,FLNB (2317)_damaging,0.0
1,PTPRG (5793)_damaging,0.0
1,ATXN7 (6314)_damaging,0.0
1,ROBO2 (6092)_damaging,0.002594789
1,ROBO1 (6091)_damaging,0.0
1,EPHA3 (2042)_damaging,0.0
1,EPHA6 (285220)_damaging,0.0
1,CRYBG3 (131544)_damaging,0.0
1,ABI3BP (25890)_damaging,0.0
1,NFKBIZ (64332)_damaging,0.0
1,MYH15 (22989)_damaging,0.0
1,DZIP3 (9666)_damaging,0.0
1,MORC1 (27136)_damaging,0.0
1,PHLDB2 (90102)_damaging,0.0
1,USF3 (205717)_damaging,0.0
1,ZBTB20 (26137)_damaging,0.0
1,CFAP91 (89876)_damaging,0.0
1,POLQ (10721)_damaging,0.0029978142
1,GOLGB1 (2804)_damaging,0.0
1,KALRN (8997)_damaging,0.0025371395
1,PLXNA1 (5361)_damaging,0.0
1,MBD4 (8930)_damaging,0.0
1,COL6A5 (256076)_damaging,0.0029187328
1,COL6A6 (131873)_damaging,0.0
1,DNAJC13 (23317)_damaging,0.0
1,TOPBP1 (11073)_damaging,0.0025622456
1,RASA2 (5922)_damaging,0.0
1,XRN1 (54464)_damaging,0.0
1,ATR (545)_damaging,0.002270229
1,HPS3 (84343)_damaging,0.0
1,MED12L (116931)_damaging,0.0029321287
1,IGSF10 (285313)_damaging,0.002099111
1,MME (4311)_damaging,0.0
1,PLCH1 (23007)_damaging,0.0
1,SMC4 (10051)_damaging,0.0
1,SI (6476)_damaging,0.0
1,ZBBX (79740)_damaging,0.0
1,MECOM (2122)_damaging,0.0
1,TNIK (23043)_damaging,0.0
1,USP13 (8975)_damaging,0.0
1,TTC14 (151613)_damaging,0.0
1,B3GNT5 (84002)_damaging,0.0
1,VWA5B2 (90113)_damaging,0.0
1,MUC4 (4585)_damaging,0.0026350254
1,NSD2 (7468)_damaging,0.0023145191
1,POLN (353497)_damaging,0.0
1,FAM193A (8603)_damaging,0.0
1,HTT (3064)_damaging,0.0
1,JAKMIP1 (152789)_damaging,0.0
1,UNC93B7 (100887746)_damaging,0.0
1,BOD1L1 (259282)_damaging,0.0
1,SLIT2 (9353)_damaging,0.0
1,PCDH7 (5099)_damaging,0.0
1,ARAP2 (116984)_damaging,0.0005330472
1,LIMCH1 (22998)_damaging,0.0
1,CORIN (10699)_damaging,0.0
1,FRYL (285527)_damaging,0.0
1,KDR (3791)_damaging,0.0
1,CRACD (57482)_damaging,0.0
1,POLR2B (5431)_damaging,0.0
1,ADGRL3 (23284)_damaging,0.0
1,EPHA5 (2044)_damaging,0.0
1,CENPC (1060)_damaging,0.0
1,ADAMTS3 (9508)_damaging,0.0
1,SHROOM3 (57619)_damaging,0.0
1,FRAS1 (80144)_damaging,0.0
1,WDFY3 (23001)_damaging,0.002304492
1,PTPN13 (5783)_damaging,0.0026713763
1,AFF1 (4299)_damaging,0.0
1,ABCG2 (9429)_damaging,0.0
1,SMARCAD1 (56916)_damaging,0.0
1,CENPE (1062)_damaging,0.0
1,TET2 (54790)_damaging,0.0
1,COL25A1 (84570)_damaging,0.0
1,ZGRF1 (55345)_damaging,0.0
1,ANK2 (287)_damaging,0.00059104094
1,NDST4 (64579)_damaging,0.0
1,BLTP1 (84162)_damaging,0.0049021593
1,FAT4 (79633)_damaging,0.002526773
1,PCDH10 (57575)_damaging,0.0
1,NAA15 (80155)_damaging,0.0
1,LRBA (987)_damaging,0.0
1,FBXW7 (55294)_damaging,0.0030067456
1,FHDC1 (85462)_damaging,0.0
1,DCHS2 (54798)_damaging,0.0
1,MAP9 (79884)_damaging,0.0
1,GRIA2 (2891)_damaging,0.0
1,RAPGEF2 (9693)_damaging,0.0
1,FSTL5 (56884)_damaging,0.0
1,DDX60 (55601)_damaging,0.0
1,WDR17 (116966)_damaging,0.0
1,TENM3 (55714)_damaging,0.0
1,WWC2 (80014)_damaging,0.0
1,SORBS2 (8470)_damaging,0.0
1,FAT1 (2195)_damaging,0.0023749664
1,SDHA (6389)_damaging,0.0034432115
1,SLC12A7 (10723)_damaging,0.0
1,TERT (7015)_damaging,0.002961776
1,ADAMTS16 (170690)_damaging,0.0
1,ICE1 (23379)_damaging,0.0
1,SEMA5A (9037)_damaging,0.0
1,DNAH5 (1767)_damaging,0.0026671488
1,TRIO (7204)_damaging,0.0021453162
1,CDH18 (1016)_damaging,0.0030216593
1,CDH10 (1008)_damaging,0.0
1,CDH6 (1004)_damaging,0.0
1,PDZD2 (23037)_damaging,0.0
1,ADAMTS12 (81792)_damaging,0.0024069173
1,SPEF2 (79925)_damaging,0.00031729534
1,NIPBL (25836)_damaging,0.00066862366
1,CPLANE1 (65250)_damaging,0.0024599703
1,EGFLAM (133584)_damaging,0.0
1,CARD6 (84674)_damaging,0.0
1,C7 (730)_damaging,0.0022888945
1,C6 (729)_damaging,0.0
1,HCN1 (348980)_damaging,0.0025193165
1,ITGA1 (3672)_damaging,0.0
1,DHX29 (54505)_damaging,0.0016997209
1,ZSWIM6 (57688)_damaging,0.0
1,PIK3R1 (5295)_damaging,0.0038902208
1,RAD17 (5884)_damaging,0.0
1,BDP1 (55814)_damaging,0.0
1,ARHGEF28 (64283)_damaging,0.0
1,ANKRD31 (256006)_damaging,0.0
1,IQGAP2 (10788)_damaging,0.0023022627
1,AP3B1 (8546)_damaging,0.0
1,CMYA5 (202333)_damaging,0.0031725012
1,MSH3 (4437)_damaging,0.0051909653
1,VCAN (1462)_damaging,0.0
1,RASA1 (5921)_damaging,0.0023017018
1,ADGRV1 (84059)_damaging,0.0009576854
1,KIAA0825 (285600)_damaging,0.0
1,SKIC3 (9652)_damaging,0.0
1,ARSK (153642)_damaging,0.0
1,SLCO6A1 (133482)_damaging,0.0
1,APC (324)_damaging,0.002048769
1,DMXL1 (1657)_damaging,9.854543e-05
1,FBN2 (2201)_damaging,0.002907539
1,ADAMTS19 (171019)_damaging,0.0
1,CHSY3 (337876)_damaging,0.0
1,FNIP1 (96459)_damaging,0.000105796
1,RAD50 (10111)_damaging,0.0057419995
1,CDKL3 (51265)_damaging,0.0
1,PITX1 (5307)_damaging,0.0031393087
1,LINC02900 (340073)_damaging,0.002132854
1,CTNNA1 (1495)_damaging,0.0
1,ANKHD1 (54882)_damaging,0.0
1,WDR55 (54853)_damaging,0.0
1,ARAP3 (64411)_damaging,0.0
1,TCERG1 (10915)_damaging,0.0
1,FAT2 (2196)_damaging,0.0
1,GRIA1 (2890)_damaging,0.0022324098
1,LARP1 (23367)_damaging,0.0
1,TIMD4 (91937)_damaging,0.0
1,GABRG2 (2566)_damaging,0.0029048237
1,SLIT3 (6586)_damaging,0.0
1,DOCK2 (1794)_damaging,0.0016499795
1,NSD1 (64324)_damaging,0.0023089868
1,ADAMTS2 (9509)_damaging,0.0
1,FLT4 (2324)_damaging,0.00023610289
1,DSP (1832)_damaging,0.0
1,HIVEP1 (3096)_damaging,0.0
1,PHACTR1 (221692)_damaging,0.0
1,JARID2 (3720)_damaging,0.0014637501
1,ATXN1 (6310)_damaging,0.0
1,GABBR1 (2550)_damaging,0.0
1,HLA-A (3105)_damaging,0.0037360785
1,MDC1 (9656)_damaging,0.0
1,MUCL3 (135656)_damaging,0.0
1,HLA-C (3107)_damaging,0.0
1,HLA-B (3106)_damaging,0.0
1,PRRC2A (7916)_damaging,0.0
1,BAG6 (7917)_damaging,0.0
1,TNXB (7148)_damaging,0.0
1,NOTCH4 (4855)_damaging,0.0
1,HLA-DRB5 (3127)_damaging,0.0
1,COL11A2 (1302)_damaging,0.0
1,BLTP3A (54887)_damaging,0.0
1,DNAH8 (1769)_damaging,0.00014900247
1,CCND3 (896)_damaging,0.0025524183
1,ZNF318 (24149)_damaging,0.0033182092
1,TDRD6 (221400)_damaging,0.0
1,MMUT (4594)_damaging,0.0
1,PKHD1 (5314)_damaging,0.0030818928
1,FAM83B (222584)_damaging,0.0
1,DST (667)_damaging,0.0006967181
1,PHF3 (23469)_damaging,0.004690477
1,EYS (346007)_damaging,0.0
1,ADGRB3 (577)_damaging,0.0
1,COL19A1 (1310)_damaging,0.0
1,COL9A1 (1297)_damaging,0.0019283635
1,RIMS1 (22999)_damaging,0.0
1,COL12A1 (1303)_damaging,0.0
1,CEP162 (22832)_damaging,0.0
1,ZNF292 (23036)_damaging,0.0
1,MDN1 (23195)_damaging,0.0
1,CASP8AP2 (9994)_damaging,0.0
1,EPHA7 (2045)_damaging,0.0024137737
1,MMS22L (253714)_damaging,0.0
1,PNISR (25957)_damaging,0.0
1,ASCC3 (10973)_damaging,0.0
1,AK9 (221264)_damaging,0.0
1,REV3L (5980)_damaging,0.0
1,LAMA4 (3910)_damaging,0.0
1,HDAC2 (3066)_damaging,0.0
1,ROS1 (6098)_damaging,0.0
1,TBC1D32 (221322)_damaging,0.0005827364
1,TRDN (10345)_damaging,0.0
1,MTCL3 (387104)_damaging,0.0
1,LAMA2 (3908)_damaging,0.0
1,AKAP7 (9465)_damaging,0.0
1,MED23 (9439)_damaging,0.0
1,TNFAIP3 (7128)_damaging,0.0
1,ARFGEF3 (57221)_damaging,0.0
1,ECT2L (345930)_damaging,0.001941521
1,HECA (51696)_damaging,0.0
1,ADGRG6 (57211)_damaging,0.0
1,HIVEP2 (3097)_damaging,0.0024590928
1,UTRN (7402)_damaging,0.0
1,SHPRH (257218)_damaging,0.0
1,GRM1 (2911)_damaging,0.0
1,ADGB (79747)_damaging,0.0
1,STXBP5 (134957)_damaging,0.0
1,SYNE1 (23345)_damaging,0.0024459835
1,SCAF8 (22828)_damaging,0.0
1,ARID1B (57492)_damaging,0.002532781
1,FNDC1 (84624)_damaging,0.0
1,LPA (4018)_damaging,0.0
1,QKI (9444)_damaging,0.0027742134
1,AFDN (4301)_damaging,0.0
1,CARD11 (84433)_damaging,0.0
1,TNRC18 (84629)_damaging,0.0
1,PMS2 (5395)_damaging,0.0026815287
1,COL28A1 (340267)_damaging,0.0
1,PHF14 (9678)_damaging,0.0
1,THSD7A (221981)_damaging,0.0
1,VWDE (221806)_damaging,0.0
1,DGKB (1607)_damaging,0.0
1,AHR (196)_damaging,0.0
1,HDAC9 (9734)_damaging,0.0
1,ABCB5 (340273)_damaging,0.002611975
1,SP8 (221833)_damaging,0.0
1,DNAH11 (8701)_damaging,0.0013282499
1,RAPGEF5 (9771)_damaging,0.0
1,STK31 (56164)_damaging,0.0
1,PDE1C (5137)_damaging,0.0
1,CDK13 (8621)_damaging,0.0
1,GLI3 (2737)_damaging,0.0
1,HECW1 (23072)_damaging,0.0
1,AEBP1 (165)_damaging,0.0
1,PKD1L1 (168507)_damaging,0.0
1,ABCA13 (154664)_damaging,0.0028433262
1,AUTS2 (26053)_damaging,0.0
1,PTPN12 (5782)_damaging,0.0
1,MAGI2 (9863)_damaging,0.0
1,CD36 (948)_damaging,0.0
1,PCLO (27445)_damaging,0.001900964
1,SEMA3E (9723)_damaging,0.0
1,ABCB4 (5244)_damaging,0.0
1,ABCB1 (5243)_damaging,0.0
1,ZNF804B (219578)_damaging,0.0
1,AKAP9 (10142)_damaging,0.0
1,ANKIB1 (54467)_damaging,0.0
1,SAMD9 (54809)_damaging,0.0
1,SAMD9L (219285)_damaging,0.0
1,CALCR (799)_damaging,0.0
1,COL1A2 (1278)_damaging,0.0
1,TRRAP (8295)_damaging,0.0
1,GPC2 (221914)_damaging,0.0
1,NYAP1 (222950)_damaging,0.0
1,GIGYF1 (64599)_damaging,0.0
1,ZAN (7455)_damaging,0.0
1,EPHB4 (2050)_damaging,0.0
1,MUC12 (10071)_damaging,0.0021130282
1,MUC17 (140453)_damaging,0.0027072527
1,PLOD3 (8985)_damaging,0.0
1,CUX1 (1523)_damaging,0.0
1,RELN (5649)_damaging,0.0023061614
1,KMT2E (55904)_damaging,0.0
1,PIK3CG (5294)_damaging,0.0
1,LAMB4 (22798)_damaging,0.0
1,PPP1R3A (5506)_damaging,0.0
1,FOXP2 (93986)_damaging,0.0
1,CFTR (1080)_damaging,0.0015447713
1,CTTNBP2 (83992)_damaging,0.0
1,KCND2 (3751)_damaging,0.0
1,WNT16 (51384)_damaging,0.0
1,PTPRZ1 (5803)_damaging,0.0025952607
1,POT1 (25913)_damaging,0.0
1,GRM8 (2918)_damaging,0.0019911272
1,FLNC (2318)_damaging,0.0
1,KCP (375616)_damaging,0.0
1,PLXNA4 (91584)_damaging,0.0
1,NUP205 (23165)_damaging,0.0
1,TRIM24 (8805)_damaging,0.0
1,KIAA1549 (57670)_damaging,0.0
1,MGAM (8972)_damaging,0.0019607486
1,EPHB6 (2051)_damaging,0.0
1,KEL (3792)_damaging,0.0023607193
1,NOBOX (135935)_damaging,0.0
1,CNTNAP2 (26047)_damaging,0.0028906143
1,NOS3 (4846)_damaging,0.0
1,ATG9B (285973)_damaging,0.0
1,KMT2C (58508)_damaging,0.004311914
1,DPP6 (1804)_damaging,0.0
1,UBE3C (9690)_damaging,0.0
1,PTPRN2 (5799)_damaging,0.0
1,CSMD1 (64478)_damaging,0.0
1,PRAG1 (157285)_damaging,0.0
1,RP1L1 (94137)_damaging,0.0
1,TRMT9B (57604)_damaging,0.0
1,LOXL2 (4017)_damaging,0.0
1,ADAM28 (10863)_damaging,0.0
1,DOCK5 (80005)_damaging,0.0
1,NUGGC (389643)_damaging,0.0018190055
1,TEX15 (56154)_damaging,0.0
1,WRN (7486)_damaging,0.0
1,UNC5D (137970)_damaging,0.0
1,ADGRA2 (25960)_damaging,0.0
1,NSD3 (54904)_damaging,0.0
1,ANK1 (286)_damaging,0.0
1,PRKDC (5591)_damaging,0.0
1,PXDNL (137902)_damaging,0.006961533
1,ST18 (9705)_damaging,0.0
1,RB1CC1 (9821)_damaging,0.0016717406
1,RP1 (6101)_damaging,0.0014305807
1,CHD7 (55636)_damaging,0.0
1,ASPH (444)_damaging,0.0
1,ARFGEF1 (10565)_damaging,0.001301328
1,PREX2 (80243)_damaging,0.0
1,SULF1 (23213)_damaging,0.0
1,KCNB2 (9312)_damaging,0.0
1,ZFHX4 (79776)_damaging,0.00081150077
1,WWP1 (11059)_damaging,0.0
1,NBN (4683)_damaging,0.0
1,ESRP1 (54845)_damaging,0.0
1,VPS13B (157680)_damaging,0.0041503664
1,RGS22 (26166)_damaging,0.0025181475
1,UBR5 (51366)_damaging,0.0025224786
1,RIMS2 (9699)_damaging,0.0024122295
1,PKHD1L1 (93035)_damaging,0.0010247007
1,CSMD3 (114788)_damaging,0.0016163293
1,COL14A1 (7373)_damaging,0.0028208224
1,FER1L6 (654463)_damaging,0.0
1,ASAP1 (50807)_damaging,0.0021995143
1,ADCY8 (114)_damaging,0.0
1,EFR3A (23167)_damaging,0.0
1,OC90 (729330)_damaging,0.0
1,KCNQ3 (3786)_damaging,0.0
1,PHF20L1 (51105)_damaging,0.0021307901
1,TG (7038)_damaging,0.0
1,COL22A1 (169044)_damaging,0.0019396113
1,EPPK1 (83481)_damaging,0.0
1,PLEC (5339)_damaging,0.002532672
1,PARP10 (84875)_damaging,0.0
1,CYC1 (1537)_damaging,0.0
1,WDR97 (340390)_damaging,0.0
1,MROH1 (727957)_damaging,0.0
1,CPSF1 (29894)_damaging,0.0
1,DOCK8 (81704)_damaging,0.0
1,SMARCA2 (6595)_damaging,0.0
1,PTPRD (5789)_damaging,0.0
1,MPDZ (8777)_damaging,0.0
1,FREM1 (158326)_damaging,0.0
1,CNTLN (54875)_damaging,0.0
1,ADAMTSL1 (92949)_damaging,0.0
1,DENND4C (55667)_damaging,0.0
1,CDKN2A (1029)_damaging,0.0019287283
1,SPATA31G1 (138724)_damaging,0.0
1,FANCG (2189)_damaging,0.0
1,PIGO (84720)_damaging,0.0
1,UNC13B (10497)_damaging,0.0
1,RUSC2 (9853)_damaging,0.0
1,GBA2 (57704)_damaging,0.0
1,SPAG8 (26206)_damaging,0.0022335863
1,TJP2 (9414)_damaging,0.0
1,TRPM6 (140803)_damaging,0.0
1,PCSK5 (5125)_damaging,0.00017846366
1,PRUNE2 (158471)_damaging,0.0
1,VPS13A (23230)_damaging,0.0
1,TLE4 (7091)_damaging,0.0
1,SPATA31D1 (389763)_damaging,0.0
1,KIF27 (55582)_damaging,0.0
1,TUT7 (79670)_damaging,0.0
1,ROR2 (4920)_damaging,0.0
1,NOL8 (55035)_damaging,0.0
1,WNK2 (65268)_damaging,0.0
1,PHF2 (5253)_damaging,0.0
1,PTCH1 (5727)_damaging,0.001969253
1,COL15A1 (1306)_damaging,0.0021594134
1,SMC2 (10592)_damaging,0.0
1,ABCA1 (19)_damaging,0.0
1,ELP1 (8518)_damaging,0.0009289237
1,TMEM245 (23731)_damaging,0.0
1,PALM2AKAP2 (445815)_damaging,0.0
1,SVEP1 (79987)_damaging,0.0
1,SHOC1 (158401)_damaging,0.0
1,COL27A1 (85301)_damaging,0.0
1,C5 (727)_damaging,0.0
1,CNTRL (11064)_damaging,0.0
1,DENND1A (57706)_damaging,0.0
1,SPTAN1 (6709)_damaging,0.0038260987
1,HMCN2 (256158)_damaging,0.0
1,FUBP3 (8939)_damaging,0.0
1,LAMC3 (10319)_damaging,0.0
1,NUP214 (8021)_damaging,0.0028652006
1,PRRC2B (84726)_damaging,0.0
1,UCK1 (83549)_damaging,0.0
1,SETX (23064)_damaging,0.0
1,TSC1 (7248)_damaging,0.0
1,ADAMTS13 (11093)_damaging,0.0
1,ADAMTSL2 (9719)_damaging,0.0
1,BRD3 (8019)_damaging,0.0
1,WDR5 (11091)_damaging,0.0
1,COL5A1 (1289)_damaging,0.0014511603
1,CAMSAP1 (157922)_damaging,0.0
1,SEC16A (9919)_damaging,0.0
1,NOTCH1 (4851)_damaging,0.0022375216
1,ABCA2 (20)_damaging,0.0
1,EXD3 (54932)_damaging,0.0
1,CACNA1B (774)_damaging,0.0
1,MXRA5 (25878)_damaging,0.0
1,SHROOM2 (357)_damaging,0.0
1,WWC3 (55841)_damaging,0.0
1,NHS (4810)_damaging,0.0
1,MAP3K15 (389840)_damaging,0.0
1,DMD (1756)_damaging,0.0037256393
1,CFAP47 (286464)_damaging,0.002747111
1,RPGR (6103)_damaging,0.0
1,BCOR (54880)_damaging,0.0036087555
1,USP9X (8239)_damaging,0.002431489
1,DDX3X (1654)_damaging,0.0
1,KDM6A (7403)_damaging,0.0020966132
1,RBM10 (8241)_damaging,0.0
1,TFE3 (7030)_damaging,0.0
1,CCNB3 (85417)_damaging,0.0
1,SHROOM4 (57477)_damaging,0.0
1,KDM5C (8242)_damaging,0.0
1,IQSEC2 (23096)_damaging,0.0
1,HUWE1 (10075)_damaging,0.0
1,WNK3 (65267)_damaging,0.0
1,AMER1 (139285)_damaging,0.0016236585
1,ZC3H12B (340554)_damaging,0.0
1,OPHN1 (4983)_damaging,0.0
1,MED12 (9968)_damaging,0.0033426797
1,ZMYM3 (9203)_damaging,0.0
1,PHKA1 (5255)_damaging,0.0
1,NEXMIF (340533)_damaging,0.0
1,ATRX (546)_damaging,0.0029916107
1,BRWD3 (254065)_damaging,0.0
1,CYLC1 (1538)_damaging,0.0
1,ZNF711 (7552)_damaging,0.0
1,DIAPH2 (1730)_damaging,0.002194689
1,PCDH19 (57526)_damaging,0.0
1,RAB40A (142684)_damaging,0.00214001
1,NRK (203447)_damaging,0.0
1,COL4A6 (1288)_damaging,0.0
1,COL4A5 (1287)_damaging,0.0
1,GUCY2F (2986)_damaging,0.0
1,DOCK11 (139818)_damaging,0.0
1,STAG2 (10735)_damaging,0.004638727
1,TENM1 (10178)_damaging,0.0026704974
1,SMARCA1 (6594)_damaging,0.0
1,BCORL1 (63035)_damaging,0.00076017185
1,USP26 (83844)_damaging,0.0
1,MAP7D3 (79649)_damaging,0.0
1,ADGRG4 (139378)_damaging,0.0
1,SPANXN4 (441525)_damaging,0.0022645046
1,FMR1 (2332)_damaging,0.0
1,AFF2 (2334)_damaging,0.0
1,PLXNA3 (55558)_damaging,0.001531898
1,F8 (2157)_damaging,4.155191e-05
1,MT-ND4 (4538)_damaging,0.0024010446
1,MT-ND5 (4540)_damaging,0.0027295407
2,MTOR (2475)_hotspot,0.0028730205
2,NRAS (4893)_hotspot,0.003232435
2,PTEN (5728)_hotspot,0.0020547123
2,HRAS (3265)_hotspot,0.0023343118
2,ATM (472)_hotspot,0.0
2,KRAS (3845)_hotspot,0.0031336446
2,RB1 (5925)_hotspot,0.0027338325
2,CREBBP (1387)_hotspot,0.00047464552
2,TP53 (7157)_hotspot,0.007751596
2,NF1 (4763)_hotspot,0.0017009784
2,ERBB2 (2064)_hotspot,0.0
2,SMAD4 (4089)_hotspot,0.002725721
2,STK11 (6794)_hotspot,0.0018667594
2,SMARCA4 (6597)_hotspot,0.0
2,C2orf81 (388963)_hotspot,0.0
2,NFE2L2 (4780)_hotspot,0.0030689724
2,TPTE (7179)_hotspot,0.0
2,VHL (7428)_hotspot,0.0
2,CTNNB1 (1499)_hotspot,0.0013779141
2,RHOA (387)_hotspot,0.00095203397
2,PIK3CA (5290)_hotspot,0.0019447304
2,FBXW7 (55294)_hotspot,0.0027493734
2,TERT (7015)_hotspot,0.0036139425
2,PIK3R1 (5295)_hotspot,0.0
2,APC (324)_hotspot,0.0017160398
2,RAC1 (5879)_hotspot,0.0
2,EGFR (1956)_hotspot,0.0
2,BRAF (673)_hotspot,0.008317439
2,EZH2 (2146)_hotspot,0.0019964029
2,CDKN2A (1029)_hotspot,0.001341455
2,ACAP3 (116983)_damaging,0.0
2,DVL1 (1855)_damaging,0.0
2,MXRA8 (54587)_damaging,0.0
2,MEGF6 (1953)_damaging,0.0
2,CHD5 (26038)_damaging,0.0021460236
2,RPL22 (6146)_damaging,0.0035613924
2,CAMTA1 (23261)_damaging,0.0
2,ERRFI1 (54206)_damaging,0.0
2,SLC45A1 (50651)_damaging,0.0011394904
2,RERE (473)_damaging,0.00048109487
2,EXOSC10 (5394)_damaging,0.0
2,VPS13D (55187)_damaging,0.0
2,FHAD1 (114827)_damaging,0.0
2,SPEN (23013)_damaging,0.0010257135
2,EPHA2 (1969)_damaging,0.0
2,UBR4 (23352)_damaging,0.0019741056
2,VWA5B1 (127731)_damaging,0.0
2,HSPG2 (3339)_damaging,0.0
2,LUZP1 (7798)_damaging,0.0
2,ID3 (3399)_damaging,0.0043324823
2,ELOA (6924)_damaging,0.0
2,ARID1A (8289)_damaging,0.0014260208
2,WDTC1 (23038)_damaging,0.0
2,AHDC1 (27245)_damaging,0.0
2,PTPRU (10076)_damaging,0.0
2,COL16A1 (1307)_damaging,0.0
2,CSMD2 (114784)_damaging,0.002311564
2,ZMYM6 (9204)_damaging,0.0
2,ZMYM1 (79830)_damaging,0.0
2,ZMYM4 (9202)_damaging,0.0
2,AGO1 (26523)_damaging,0.0
2,MAP7D1 (55700)_damaging,0.0029073872
2,MACF1 (23499)_damaging,0.0020307903
2,RLF (6018)_damaging,0.001763229
2,HIVEP3 (59269)_damaging,0.00036992203
2,TIE1 (7075)_damaging,0.0
2,SZT2 (23334)_damaging,0.0
2,PTCH2 (8643)_damaging,0.0
2,MUTYH (4595)_damaging,0.0
2,NASP (4678)_damaging,0.00017704011
2,MAST2 (23139)_damaging,0.0
2,PIK3R3 (8503)_damaging,0.0
2,FAAH (2166)_damaging,0.0
2,TAL1 (6886)_damaging,0.0
2,FYB2 (199920)_damaging,0.0
2,NFIA (4774)_damaging,0.0022072066
2,PATJ (10207)_damaging,0.0
2,DOCK7 (85440)_damaging,0.0022502395
2,EFCAB7 (84455)_damaging,0.0
2,JAK1 (3716)_damaging,0.0
2,LEPR (3953)_damaging,0.0
2,LRRC7 (57554)_damaging,0.0
2,TNNI3K (51086)_damaging,0.0
2,ERICH3 (127254)_damaging,0.0022900384
2,SLC44A5 (204962)_damaging,0.0
2,FUBP1 (8880)_damaging,0.0
2,ADGRL4 (64123)_damaging,0.0
2,ADGRL2 (23266)_damaging,0.0018082298
2,DNAI3 (126820)_damaging,0.0
2,COL24A1 (255631)_damaging,0.0
2,GBP1 (2633)_damaging,0.0
2,HFM1 (164045)_damaging,0.0
2,BTBD8 (284697)_damaging,0.0
2,RPL5 (6125)_damaging,0.0019409894
2,ABCA4 (24)_damaging,0.0
2,DPYD (1806)_damaging,0.0
2,COL11A1 (1301)_damaging,0.0
2,CEPT1 (10390)_damaging,0.0
2,MAGI3 (260425)_damaging,0.0
2,DENND2C (163259)_damaging,0.0
2,SYCP1 (6847)_damaging,0.0022904796
2,CD58 (965)_damaging,0.0
2,SPAG17 (200162)_damaging,0.0029232963
2,NOTCH2 (4853)_damaging,0.0
2,BCL9 (607)_damaging,0.0
2,ADAMTSL4 (54507)_damaging,0.0
2,ZNF687 (57592)_damaging,0.0
2,FLG (2312)_damaging,0.0030249557
2,CCDST (112268240)_damaging,0.0025814548
2,FLG2 (388698)_damaging,0.0
2,DENND4B (9909)_damaging,0.0
2,SHC1 (6464)_damaging,0.0
2,ASH1L (55870)_damaging,0.0029099362
2,GON4L (54856)_damaging,0.0
2,IQGAP3 (128239)_damaging,0.0
2,NES (10763)_damaging,0.0
2,INSRR (3645)_damaging,0.0
2,FCRL5 (83416)_damaging,0.0016081422
2,SPTA1 (6708)_damaging,0.0031847663
2,IGSF9 (57549)_damaging,0.0
2,ADCY10 (55811)_damaging,0.0
2,F5 (2153)_damaging,0.0
2,FIRRM (55732)_damaging,0.0
2,TNR (7143)_damaging,0.0
2,PAPPA2 (60676)_damaging,0.0058421865
2,RASAL2 (9462)_damaging,0.0
2,ABL2 (27)_damaging,0.0
2,AXDND1 (126859)_damaging,0.0
2,TDRD5 (163589)_damaging,0.0
2,CEP350 (9857)_damaging,0.0
2,CACNA1E (777)_damaging,0.0015501349
2,RGL1 (23179)_damaging,0.0
2,HMCN1 (83872)_damaging,0.0025215447
2,TPR (7175)_damaging,0.0
2,BRINP3 (339479)_damaging,0.0
2,CFH (3075)_damaging,0.0
2,ASPM (259266)_damaging,0.0
2,CRB1 (23418)_damaging,0.0
2,PTPRC (5788)_damaging,0.0
2,CAMSAP2 (23271)_damaging,0.0
2,CACNA1S (779)_damaging,0.0
2,IGFN1 (91156)_damaging,0.0020749492
2,NAV1 (89796)_damaging,0.0
2,ELF3 (1999)_damaging,0.0
2,KDM5B (10765)_damaging,0.0
2,ATP2B4 (493)_damaging,0.0
2,PLEKHA6 (22874)_damaging,0.0
2,PIK3C2B (5287)_damaging,0.0
2,NFASC (23114)_damaging,0.0
2,CR2 (1380)_damaging,0.0
2,CR1 (1378)_damaging,0.0
2,PLXNA2 (5362)_damaging,0.0
2,PROX1 (5629)_damaging,0.0
2,PTPN14 (5784)_damaging,0.0
2,CENPF (1063)_damaging,0.0022122061
2,USH2A (7399)_damaging,0.0024491008
2,DISP1 (84976)_damaging,0.0
2,DNAH14 (127602)_damaging,0.0037152506
2,CDC42BPA (8476)_damaging,0.0
2,OBSCN (84033)_damaging,0.0
2,H3-4 (8290)_damaging,0.0
2,SIPA1L2 (57568)_damaging,0.00402696
2,PCNX2 (80003)_damaging,0.0
2,ARID4B (51742)_damaging,0.0024975962
2,LYST (1130)_damaging,0.0
2,RYR2 (6262)_damaging,0.0023639484
2,CHRM3 (1131)_damaging,0.0
2,FMN2 (56776)_damaging,0.0
2,RGS7 (6000)_damaging,0.0
2,WDR64 (128025)_damaging,0.0
2,KIF26B (55083)_damaging,0.0
2,AHCTF1 (25909)_damaging,0.0
2,NLRP3 (114548)_damaging,0.0
2,LARP4B (23185)_damaging,0.0
2,TAF3 (83860)_damaging,0.0016280514
2,FRMD4A (55691)_damaging,0.0
2,ITGA8 (8516)_damaging,0.0
2,CUBN (8029)_damaging,0.0
2,MRC1 (4360)_damaging,0.0
2,MALRD1 (340895)_damaging,0.001592645
2,PLXDC2 (84898)_damaging,0.0
2,ARMC3 (219681)_damaging,0.0
2,GPR158 (57512)_damaging,0.0
2,MYO3A (53904)_damaging,0.0
2,ANKRD26 (22852)_damaging,0.0
2,ODAD2 (55130)_damaging,0.0
2,SVIL (6840)_damaging,0.00041793514
2,JCAD (57608)_damaging,0.0
2,KIF5B (3799)_damaging,0.0
2,PARD3 (56288)_damaging,0.0
2,ANKRD30A (91074)_damaging,0.0
2,RSU1P2 (100133308)_damaging,0.0
2,WDFY4 (57705)_damaging,0.0
2,C10orf71 (118461)_damaging,0.0
2,ERCC6 (2074)_damaging,0.0
2,PCDH15 (65217)_damaging,0.0
2,ANK3 (288)_damaging,0.0012889317
2,ARID5B (84159)_damaging,0.0
2,EGR2 (1959)_damaging,0.0
2,JMJD1C (221037)_damaging,0.0007481704
2,CTNNA3 (29119)_damaging,0.0
2,MYPN (84665)_damaging,0.0
2,DNA2 (1763)_damaging,0.0
2,CDH23 (64072)_damaging,0.0
2,DLG5 (9231)_damaging,0.0
2,ZMIZ1 (57178)_damaging,0.0
2,NRG3 (10718)_damaging,0.00135294
2,WAPL (23063)_damaging,0.0
2,PTEN (5728)_damaging,0.0024148347
2,STAMBPL1 (57559)_damaging,0.0
2,KIF20B (9585)_damaging,0.0
2,MYOF (26509)_damaging,0.0061202054
2,PDE6C (5146)_damaging,0.0
2,PLCE1 (51196)_damaging,0.0
2,ZNF518A (9849)_damaging,0.0
2,LCOR (84458)_damaging,0.0069942363
2,SLIT1 (6585)_damaging,0.0
2,LOXL4 (84171)_damaging,0.0021124873
2,SEC31B (25956)_damaging,0.0
2,PAX2 (5076)_damaging,0.0
2,SLF2 (55719)_damaging,0.0
2,PPRC1 (23082)_damaging,0.0
2,NOLC1 (9221)_damaging,0.0
2,CNNM2 (54805)_damaging,0.0
2,SLK (9748)_damaging,0.0033998813
2,COL17A1 (1308)_damaging,0.0
2,SORCS3 (22986)_damaging,0.00065352634
2,SORCS1 (114815)_damaging,0.0
2,SMC3 (9126)_damaging,0.0
2,GPAM (57678)_damaging,0.0
2,TCF7L2 (6934)_damaging,0.00011656884
2,ATRNL1 (26033)_damaging,0.0
2,PDZD8 (118987)_damaging,0.0
2,TACC2 (10579)_damaging,0.0
2,DMBT1 (1755)_damaging,0.0017037868
2,DOCK1 (1793)_damaging,0.0
2,MKI67 (4288)_damaging,0.0
2,JAKMIP3 (282973)_damaging,0.0015952139
2,CFAP46 (54777)_damaging,0.0021997078
2,B4GALNT4 (338707)_damaging,0.0
2,PKP3 (11187)_damaging,0.0
2,PHRF1 (57661)_damaging,0.0
2,MUC6 (4588)_damaging,0.0
2,MUC5AC (4586)_damaging,0.003609307
2,MUC5B (727897)_damaging,0.0
2,BRSK2 (9024)_damaging,0.0
2,KCNQ1 (3784)_damaging,0.0
2,NUP98 (4928)_damaging,0.001969206
2,OR51E2 (81285)_damaging,0.0
2,DNHD1 (144132)_damaging,0.0
2,DCHS1 (8642)_damaging,0.0
2,IPO7 (10527)_damaging,0.0
2,SBF2 (81846)_damaging,0.0033907413
2,PLEKHA7 (144100)_damaging,0.0
2,ABCC8 (6833)_damaging,0.0
2,USH1C (10083)_damaging,0.0
2,OTOG (340990)_damaging,0.0
2,HPS5 (11234)_damaging,0.0
2,NAV2 (89797)_damaging,0.0
2,ANO5 (203859)_damaging,0.0
2,ANO3 (63982)_damaging,0.0018041793
2,DCDC1 (341019)_damaging,0.0
2,CCDC73 (493860)_damaging,0.0015067637
2,QSER1 (79832)_damaging,0.0
2,CSTF3 (1479)_damaging,0.0006423888
2,HIPK3 (10114)_damaging,0.0
2,LRP4 (4038)_damaging,0.0031392863
2,FOLH1 (2346)_damaging,0.0
2,OR4P4 (81300)_damaging,0.0
2,TNKS1BP1 (85456)_damaging,0.0027495213
2,CTNND1 (1500)_damaging,0.0
2,AHNAK (79026)_damaging,0.0
2,EML3 (256364)_damaging,0.0
2,SLC3A2 (6520)_damaging,0.0
2,PLCB3 (5331)_damaging,0.0
2,NRXN2 (9379)_damaging,0.0
2,PCNX3 (399909)_damaging,0.0
2,RIN1 (9610)_damaging,0.0
2,SHANK2 (22941)_damaging,0.0020742847
2,NUMA1 (4926)_damaging,0.0
2,INPPL1 (3636)_damaging,0.0022646184
2,ARHGEF17 (9828)_damaging,0.0
2,C2CD3 (26005)_damaging,0.0
2,MYO7A (4647)_damaging,0.0
2,RSF1 (51773)_damaging,0.0
2,GAB2 (9846)_damaging,0.0
2,TENM4 (26011)_damaging,0.003102472
2,PCF11 (51585)_damaging,0.0
2,DLG2 (1740)_damaging,0.0
2,SYTL2 (54843)_damaging,0.001634476
2,FAT3 (120114)_damaging,0.0012603651
2,CNTN5 (53942)_damaging,0.0
2,MMP3 (4314)_damaging,0.0023058355
2,DYNC2H1 (79659)_damaging,0.00038417475
2,GRIA4 (2893)_damaging,0.0
2,NPAT (4863)_damaging,0.0005757831
2,ATM (472)_damaging,0.002555325
2,EXPH5 (23086)_damaging,0.0
2,NKAPD1 (55216)_damaging,0.0
2,NCAM1 (4684)_damaging,0.0
2,USP28 (57646)_damaging,0.0
2,DSCAML1 (57453)_damaging,0.0013209903
2,KMT2A (4297)_damaging,0.0025473451
2,PHLDB1 (23187)_damaging,0.0
2,BCL9L (283149)_damaging,0.0
2,MFRP (83552)_damaging,0.0
2,ARHGEF12 (23365)_damaging,0.0
2,TECTA (7007)_damaging,0.0
2,SORL1 (6653)_damaging,0.0
2,ROBO3 (64221)_damaging,0.0
2,ROBO4 (54538)_damaging,0.0
2,CCDC15 (80071)_damaging,0.0
2,NFRKB (4798)_damaging,0.0
2,IGSF9B (22997)_damaging,0.0
2,GLB1L2 (89944)_damaging,0.0
2,LINC02714 (729305)_damaging,0.0
2,KDM5A (5927)_damaging,0.0023168728
2,WNK1 (65125)_damaging,0.0
2,CACNA1C (775)_damaging,0.0021812366
2,VWF (7450)_damaging,0.0016389405
2,CHD4 (1108)_damaging,0.0
2,ATN1 (1822)_damaging,0.0
2,A2ML1 (144568)_damaging,0.0
2,A2M (2)_damaging,0.0
2,GRIN2B (2904)_damaging,0.0
2,ATF7IP (55729)_damaging,0.0
2,GUCY2C (2984)_damaging,0.0
2,EPS8 (2059)_damaging,0.0
2,PLEKHA5 (54477)_damaging,0.0
2,PDE3A (5139)_damaging,0.0
2,SLCO1B3 (28234)_damaging,0.002105093
2,RECQL (5965)_damaging,0.0021540036
2,ABCC9 (10060)_damaging,0.0021880614
2,ITPR2 (3709)_damaging,0.0
2,OVCH1 (341350)_damaging,0.0
2,KIF21A (55605)_damaging,0.0
2,LRRK2 (120892)_damaging,0.0020263752
2,MUC19 (283463)_damaging,0.0023791117
2,CNTN1 (1272)_damaging,0.0
2,ADAMTS20 (80070)_damaging,0.0
2,ARID2 (196528)_damaging,0.0024723187
2,COL2A1 (1280)_damaging,0.0
2,WNT1 (7471)_damaging,0.0
2,KMT2D (8085)_damaging,0.0025591268
2,NCKAP5L (57701)_damaging,0.0
2,DIP2B (57609)_damaging,0.0
2,MAP3K12 (7786)_damaging,0.0
2,PAN2 (9924)_damaging,0.0
2,STAT2 (6773)_damaging,0.0
2,NACA (4666)_damaging,0.0
2,MYO1A (4640)_damaging,0.0
2,STAT6 (6778)_damaging,0.0
2,LRP1 (4035)_damaging,0.004045179
2,R3HDM2 (22864)_damaging,0.0
2,GLI1 (2735)_damaging,0.0
2,MBD6 (114785)_damaging,0.00032655397
2,XPOT (11260)_damaging,0.0
2,PTPRB (5787)_damaging,0.0
2,ZFC3H1 (196441)_damaging,0.0
2,E2F7 (144455)_damaging,0.0
2,NAV3 (89795)_damaging,0.0
2,OTOGL (283310)_damaging,0.0
2,PTPRQ (374462)_damaging,0.0
2,PPFIA2 (8499)_damaging,0.0042546564
2,LRRIQ1 (84125)_damaging,0.0
2,CEP290 (80184)_damaging,0.0018979647
2,EPYC (1833)_damaging,0.0
2,PLXNC1 (10154)_damaging,0.0
2,CFAP54 (144535)_damaging,0.0035567826
2,ANKS1B (56899)_damaging,0.0
2,BLTP3B (23074)_damaging,0.0
2,UTP20 (27340)_damaging,0.0
2,STAB2 (55576)_damaging,0.0020828203
2,HCFC2 (29915)_damaging,0.0
2,ALDH1L2 (160428)_damaging,0.0
2,ACACB (32)_damaging,0.0006657174
2,MVK (4598)_damaging,0.0
2,CUX2 (23316)_damaging,0.0045742844
2,HECTD4 (283450)_damaging,0.0
2,DTX1 (1840)_damaging,0.0
2,NOS1 (4842)_damaging,0.0
2,HNF1A (6927)_damaging,0.0
2,KDM2B (84678)_damaging,0.0
2,SETD1B (23067)_damaging,0.0
2,KNTC1 (9735)_damaging,0.0
2,HIP1R (9026)_damaging,0.0
2,MPHOSPH9 (10198)_damaging,0.0
2,DNAH10 (196385)_damaging,0.00093263196
2,NCOR2 (9612)_damaging,0.0
2,TMEM132D (121256)_damaging,0.0
2,PIWIL1 (9271)_damaging,0.0
2,RIMBP2 (23504)_damaging,0.002434692
2,SFSWAP (6433)_damaging,0.0
2,EP400 (57634)_damaging,0.0017460565
2,POLE (5426)_damaging,0.00029705232
2,GOLGA3 (2802)_damaging,0.0
2,SACS (26278)_damaging,0.0023010166
2,RNF17 (56163)_damaging,0.0
2,CENPJ (55835)_damaging,0.0
2,ATP8A2 (51761)_damaging,0.002076672
2,PAN3 (255967)_damaging,0.0
2,RXFP2 (122042)_damaging,0.0
2,FRY (10129)_damaging,0.002932956
2,BRCA2 (675)_damaging,0.0026978208
2,PDS5B (23047)_damaging,0.008082924
2,NBEA (26960)_damaging,0.0
2,FREM2 (341640)_damaging,0.0017105383
2,DGKH (160851)_damaging,0.0
2,ERICH6B (220081)_damaging,0.0
2,ZC3H13 (23091)_damaging,0.0
2,RUBCNL (80183)_damaging,0.0
2,RB1 (5925)_damaging,0.0038892897
2,PCDH17 (27253)_damaging,0.0
2,DIAPH3 (81624)_damaging,0.0
2,KLHL1 (57626)_damaging,0.0
2,DACH1 (1602)_damaging,0.0
2,TBC1D4 (9882)_damaging,0.0
2,MYCBP2 (23077)_damaging,0.0
2,SLITRK5 (26050)_damaging,0.0
2,DOCK9 (23348)_damaging,0.0
2,NALCN (259232)_damaging,0.0
2,CCDC168 (643677)_damaging,0.00072368706
2,MYO16 (23026)_damaging,0.0
2,COL4A1 (1282)_damaging,0.0
2,COL4A2 (1284)_damaging,0.0
2,TEP1 (7011)_damaging,0.0
2,ARHGEF40 (55701)_damaging,0.0
2,CHD8 (57680)_damaging,0.001617489
2,AJUBA (84962)_damaging,0.0024836506
2,MYH7 (4625)_damaging,0.0
2,ZFHX2 (85446)_damaging,0.0
2,CARMIL3 (90668)_damaging,0.0
2,NYNRIN (57523)_damaging,0.0
2,AKAP6 (9472)_damaging,0.0
2,NPAS3 (64067)_damaging,0.0
2,RALGAPA1 (253959)_damaging,0.0
2,MIPOL1 (145282)_damaging,0.0
2,TTC6 (319089)_damaging,0.0
2,MIA2 (4253)_damaging,0.0
2,TOGARAM1 (23116)_damaging,0.0
2,FANCM (57697)_damaging,0.001745701
2,MDGA2 (161357)_damaging,0.0018777698
2,NIN (51199)_damaging,0.0
2,NID2 (22795)_damaging,0.0
2,KTN1 (3895)_damaging,0.0
2,TMEM260 (54916)_damaging,0.0
2,ARID4A (5926)_damaging,0.0
2,HIF1A (3091)_damaging,0.0
2,KCNH5 (27133)_damaging,0.0
2,SYNE2 (23224)_damaging,0.0027685098
2,PCNX1 (22990)_damaging,0.0
2,MIDEAS (91748)_damaging,0.0
2,YLPM1 (56252)_damaging,0.0003247238
2,MLH3 (27030)_damaging,0.0021954782
2,NRXN3 (9369)_damaging,0.0
2,CEP128 (145508)_damaging,0.0
2,PTPN21 (11099)_damaging,0.0
2,ZC3H14 (79882)_damaging,0.0
2,EML5 (161436)_damaging,0.0
2,CCDC88C (440193)_damaging,0.0
2,TRIP11 (9321)_damaging,0.0
2,UNC79 (57578)_damaging,0.0022691835
2,ATG2B (55102)_damaging,0.0
2,RTL1 (388015)_damaging,0.0
2,DYNC1H1 (1778)_damaging,0.0015149746
2,CDC42BPB (9578)_damaging,0.0
2,KIF26A (26153)_damaging,0.0009798735
2,INF2 (64423)_damaging,0.0
2,AHNAK2 (113146)_damaging,0.00037030294
2,MTA1 (9112)_damaging,0.0
2,OCA2 (4948)_damaging,0.0
2,HERC2 (8924)_damaging,0.0
2,TRPM1 (4308)_damaging,0.0
2,FMN1 (342184)_damaging,0.0
2,RYR3 (6263)_damaging,0.0017357488
2,SPRED1 (161742)_damaging,0.0
2,EIF2AK4 (440275)_damaging,0.0
2,CCDC9B (388115)_damaging,0.0
2,INO80 (54617)_damaging,0.0
2,LTK (4058)_damaging,0.0
2,TYRO3 (7301)_damaging,0.0037380892
2,MGA (23269)_damaging,0.0030443624
2,SPTBN5 (51332)_damaging,0.0015362839
2,ZNF106 (64397)_damaging,0.0
2,STARD9 (57519)_damaging,0.0022623355
2,TP53BP1 (7158)_damaging,1.5820207e-05
2,MAP1A (4130)_damaging,0.0
2,SPG11 (80208)_damaging,0.0
2,B2M (567)_damaging,0.0
2,FBN1 (2200)_damaging,0.0042612767
2,CEP152 (22995)_damaging,0.0
2,USP8 (9101)_damaging,0.0
2,TRPM7 (54822)_damaging,0.0
2,DMXL2 (23312)_damaging,0.0
2,MYO5C (55930)_damaging,0.0
2,WDR72 (256764)_damaging,0.0
2,UNC13C (440279)_damaging,0.001747985
2,RFX7 (64864)_damaging,0.0
2,RNF111 (54778)_damaging,0.0
2,ICE2 (79664)_damaging,0.0
2,VPS13C (54832)_damaging,0.0
2,TLN2 (83660)_damaging,0.0
2,HERC1 (8925)_damaging,0.0023509609
2,ZNF609 (23060)_damaging,0.0055850465
2,CILP (8483)_damaging,0.0
2,DENND4A (10260)_damaging,0.0
2,NOX5 (79400)_damaging,0.0
2,MYO9A (4649)_damaging,0.0
2,HCN4 (10021)_damaging,0.0
2,STRA6 (64220)_damaging,0.0
2,ARID3B (10620)_damaging,0.0
2,SIN3A (25942)_damaging,0.0037845278
2,PEAK1 (79834)_damaging,0.0
2,AP3B2 (8120)_damaging,0.001950866
2,ADAMTSL3 (57188)_damaging,0.0015488729
2,AKAP13 (11214)_damaging,0.0
2,TICRR (90381)_damaging,0.0
2,KIF7 (374654)_damaging,0.0023543977
2,IQGAP1 (8826)_damaging,0.0
2,BLM (641)_damaging,0.0
2,CHD2 (1106)_damaging,0.0
2,LRRK1 (79705)_damaging,0.0028277917
2,AXIN1 (8312)_damaging,0.0
2,WDR90 (197335)_damaging,0.0
2,CACNA1H (8912)_damaging,0.0
2,UNKL (64718)_damaging,0.0
2,CRAMP1 (57585)_damaging,0.0
2,TSC2 (7249)_damaging,0.001598539
2,PKD1 (5310)_damaging,0.0022853808
2,CASKIN1 (57524)_damaging,0.0
2,SLX4 (84464)_damaging,0.0
2,CREBBP (1387)_damaging,0.004994608
2,CORO7 (79585)_damaging,0.0
2,GRIN2A (2903)_damaging,0.0
2,SMG1 (23049)_damaging,0.0
2,KNOP1 (400506)_damaging,0.008006975
2,DNAH3 (55567)_damaging,0.0
2,SCNN1B (6338)_damaging,0.0
2,PALB2 (79728)_damaging,0.0
2,ERN2 (10595)_damaging,0.0
2,RBBP6 (5930)_damaging,0.0
2,TNRC6A (27327)_damaging,0.00061959575
2,ARHGAP17 (55114)_damaging,0.0
2,GTF3C1 (2975)_damaging,0.0019231071
2,ATXN2L (11273)_damaging,0.0
2,FBRS (64319)_damaging,0.0
2,SRCAP (10847)_damaging,0.0
2,SETD1A (9739)_damaging,0.0
2,ITGAD (3681)_damaging,0.0
2,SALL1 (6299)_damaging,0.0
2,CHD9 (80205)_damaging,0.0
2,RBL2 (5934)_damaging,0.0
2,NLRC5 (84166)_damaging,0.0
2,CNGB1 (1258)_damaging,0.0
2,CDH8 (1006)_damaging,0.0
2,CDH11 (1009)_damaging,0.0
2,CDH16 (1014)_damaging,0.0
2,CTCF (10664)_damaging,0.0
2,CDH1 (999)_damaging,0.0
2,MTSS2 (92154)_damaging,0.0
2,DHX38 (9785)_damaging,0.0006754285
2,ZFHX3 (463)_damaging,0.00093838025
2,GLG1 (2734)_damaging,0.0031170726
2,CNTNAP4 (85445)_damaging,0.0
2,ADAMTS18 (170692)_damaging,0.0
2,PKD1L2 (114780)_damaging,0.0
2,TAF1C (9013)_damaging,0.0
2,GSE1 (23199)_damaging,0.0
2,IRF8 (3394)_damaging,0.0
2,ZNF469 (84627)_damaging,0.004237679
2,ZC3H18 (124245)_damaging,0.0
2,LINC02138 (400558)_damaging,0.0017630914
2,CDH15 (1013)_damaging,0.0
2,ANKRD11 (29123)_damaging,0.0
2,VPS9D1 (9605)_damaging,0.0
2,FANCA (2175)_damaging,0.0
2,WDR81 (124997)_damaging,0.0
2,CLUH (23277)_damaging,0.0
2,SPATA22 (84690)_damaging,0.0023411156
2,ZZEF1 (23140)_damaging,0.0
2,CAMTA2 (23125)_damaging,0.0
2,USP6 (9098)_damaging,0.00092145347
2,GPS2 (2874)_damaging,0.0
2,FXR2 (9513)_damaging,0.0
2,TP53 (7157)_damaging,0.015878426
2,EFNB3 (1949)_damaging,0.0
2,DNAH2 (146754)_damaging,0.0
2,KDM6B (23135)_damaging,0.0
2,CHD3 (1107)_damaging,0.0014857491
2,PER1 (5187)_damaging,0.0
2,CTC1 (80169)_damaging,0.0
2,PFAS (5198)_damaging,0.0
2,MYH13 (8735)_damaging,0.0
2,MYH8 (4626)_damaging,0.002193308
2,MYH4 (4622)_damaging,0.0
2,MYH1 (4619)_damaging,0.0027439634
2,MYH2 (4620)_damaging,0.0
2,DNAH9 (1770)_damaging,0.002938521
2,MAP2K4 (6416)_damaging,0.0
2,MYOCD (93649)_damaging,0.0
2,NCOR1 (9611)_damaging,0.0005182374
2,MPRIP (23164)_damaging,0.0
2,FLCN (201163)_damaging,0.0
2,MYO15A (51168)_damaging,0.0
2,SPECC1 (92521)_damaging,0.0
2,KSR1 (8844)_damaging,0.0
2,MYO18A (399687)_damaging,0.0
2,SSH2 (85464)_damaging,0.0
2,EFCAB5 (374786)_damaging,0.0
2,NSRP1 (84081)_damaging,0.0
2,CPD (1362)_damaging,0.0
2,ATAD5 (79915)_damaging,0.0
2,NF1 (4763)_damaging,0.0019109753
2,SUZ12 (23512)_damaging,0.0021208674
2,SLFN11 (91607)_damaging,0.0023040632
2,GGNBP2 (79893)_damaging,0.0
2,ACACA (31)_damaging,0.0
2,GPR179 (440435)_damaging,0.0
2,ARHGAP23 (57636)_damaging,0.0
2,SRCIN1 (80725)_damaging,0.0
2,TOP2A (7153)_damaging,0.0
2,KCNH4 (23415)_damaging,0.0
2,STAT5B (6777)_damaging,0.0
2,BRCA1 (672)_damaging,0.0010425221
2,HDAC5 (10014)_damaging,0.0
2,ITGA2B (3674)_damaging,0.0018879273
2,KANSL1 (284058)_damaging,0.0032008605
2,HOXB3 (3213)_damaging,0.0
2,COL1A1 (1277)_damaging,0.0
2,CACNA1G (8913)_damaging,0.0
2,ANKFN1 (162282)_damaging,0.0
2,TSPOAP1 (9256)_damaging,0.0
2,RNF43 (54894)_damaging,0.0041061374
2,PPM1D (8493)_damaging,0.0
2,TBX4 (9496)_damaging,0.0
2,MED13 (9969)_damaging,0.0
2,MRC2 (9902)_damaging,0.0
2,SCN4A (6329)_damaging,0.0
2,GNA13 (10672)_damaging,0.0
2,AXIN2 (8313)_damaging,0.0
2,HELZ (9931)_damaging,0.0
2,NOL11 (25926)_damaging,0.0
2,BPTF (2186)_damaging,0.0
2,ABCA8 (10351)_damaging,0.0
2,ABCA9 (10350)_damaging,0.0028945028
2,ABCA6 (23460)_damaging,0.0
2,ABCA10 (10349)_damaging,0.0
2,ABCA5 (23461)_damaging,0.0029344996
2,SOX9 (6662)_damaging,0.0034254787
2,SDK2 (54549)_damaging,0.0
2,TMEM94 (9772)_damaging,0.0
2,CASKIN2 (57513)_damaging,0.0
2,MYO15B (80022)_damaging,0.0
2,ITGB4 (3691)_damaging,0.002526986
2,TNRC6C (57690)_damaging,0.0
2,DNAH17 (8632)_damaging,0.0
2,RPTOR (57521)_damaging,0.0
2,BAHCC1 (57597)_damaging,0.0
2,FASN (2194)_damaging,0.0056626745
2,SMCHD1 (23347)_damaging,0.0
2,EPB41L3 (23136)_damaging,0.0
2,LAMA1 (284217)_damaging,0.0
2,MTCL1 (23255)_damaging,0.0
2,ANKRD12 (23253)_damaging,0.0
2,PIEZO2 (63895)_damaging,0.0
2,ANKRD30B (374860)_damaging,0.0022135526
2,ROCK1 (6093)_damaging,0.0018488349
2,LAMA3 (3909)_damaging,0.0
2,OSBPL1A (114876)_damaging,0.0
2,ZNF521 (25925)_damaging,0.0
2,CCDC178 (374864)_damaging,0.0
2,ASXL3 (80816)_damaging,0.0
2,FHOD3 (80206)_damaging,0.0020497188
2,SYT4 (6860)_damaging,0.0046667894
2,SETBP1 (26040)_damaging,0.0
2,LOXHD1 (125336)_damaging,0.0
2,SKOR2 (652991)_damaging,0.0
2,ZBTB7C (201501)_damaging,0.0
2,SMAD4 (4089)_damaging,0.0016014237
2,DCC (1630)_damaging,0.0
2,WDR7 (23335)_damaging,0.0018891713
2,ALPK2 (115701)_damaging,0.0
2,CDH7 (1005)_damaging,0.0
2,DSEL (92126)_damaging,0.0
2,RTTN (25914)_damaging,0.0
2,ZNF236 (7776)_damaging,0.0002135993
2,SALL3 (27164)_damaging,0.0
2,ATP9B (374868)_damaging,0.0
2,KCNG2 (26251)_damaging,0.0
2,ABCA7 (10347)_damaging,0.00041832027
2,STK11 (6794)_damaging,0.002841206
2,DAZAP1 (26528)_damaging,0.0
2,TCF3 (6929)_damaging,0.0
2,REXO1 (57455)_damaging,0.0
2,DOT1L (84444)_damaging,0.0065819547
2,ZBTB7A (51341)_damaging,0.0
2,TICAM1 (148022)_damaging,0.0
2,KDM4B (23030)_damaging,0.0026076431
2,PTPRS (5802)_damaging,0.0027577768
2,SAFB2 (9667)_damaging,0.0
2,SAFB (6294)_damaging,0.0
2,CAMSAP3 (57662)_damaging,0.0
2,MAP2K7 (5609)_damaging,0.0
2,FBN3 (84467)_damaging,0.001939169
2,MUC16 (94025)_damaging,0.0013422846
2,COL5A3 (50509)_damaging,0.0
2,DNMT1 (1786)_damaging,0.0
2,KEAP1 (9817)_damaging,0.0010579956
2,DNM2 (1785)_damaging,0.0037821697
2,SMARCA4 (6597)_damaging,0.0022067635
2,CACNA1A (773)_damaging,0.0
2,NOTCH3 (4854)_damaging,0.0
2,WIZ (58525)_damaging,0.0
2,NWD1 (284434)_damaging,0.0
2,SIN3B (23309)_damaging,0.0
2,CPAMD8 (27151)_damaging,0.0
2,CRLF1 (9244)_damaging,0.0014451576
2,ZNF90 (7643)_damaging,0.0
2,ZNF43 (7594)_damaging,0.0
2,ZNF208 (7757)_damaging,0.0022658918
2,ZNF729 (100287226)_damaging,0.0027453282
2,ZNF99 (7652)_damaging,0.00022323415
2,ZNF536 (9745)_damaging,0.0
2,TSHZ3 (57616)_damaging,0.0015606837
2,KMT2B (9757)_damaging,0.0029313907
2,ARHGAP33 (115703)_damaging,0.0
2,WDR87 (83889)_damaging,0.0
2,SIPA1L3 (23094)_damaging,0.0
2,RYR1 (6261)_damaging,0.0
2,CAPN12 (147968)_damaging,0.002433335
2,FCGBP (8857)_damaging,0.002973708
2,SPTBN4 (57731)_damaging,0.0
2,AXL (558)_damaging,0.0
2,ARHGEF1 (9138)_damaging,0.0
2,ERF (2077)_damaging,0.0
2,CIC (23152)_damaging,0.0026078771
2,MEGF8 (1954)_damaging,0.00042778964
2,MARK4 (57787)_damaging,0.002064294
2,ARHGAP35 (2909)_damaging,0.0
2,ZC3H4 (23211)_damaging,0.0
2,BICRA (29998)_damaging,0.0
2,GRIN2D (2906)_damaging,0.0
2,LMTK3 (114783)_damaging,0.0030405486
2,TRPM4 (54795)_damaging,0.0
2,PRR12 (57479)_damaging,0.0
2,SCAF1 (58506)_damaging,0.0
2,MYH14 (79784)_damaging,0.0
2,POLD1 (5424)_damaging,0.0
2,SHANK1 (50944)_damaging,0.0
2,NLRP7 (199713)_damaging,0.0
2,BRSK1 (84446)_damaging,0.0
2,SSC5D (284297)_damaging,0.0013554365
2,NLRP9 (338321)_damaging,0.0
2,NLRP4 (147945)_damaging,0.0054589952
2,PEG3 (5178)_damaging,0.0
2,ZIM3 (114026)_damaging,0.0
2,TPO (7173)_damaging,0.0
2,PXDN (7837)_damaging,0.0
2,MYT1L (23040)_damaging,0.0
2,GREB1 (9687)_damaging,0.0
2,NBAS (51594)_damaging,0.0020840163
2,RAD51AP2 (729475)_damaging,0.0
2,APOB (338)_damaging,0.002586076
2,TDRD15 (100129278)_damaging,0.0
2,ATAD2B (54454)_damaging,4.2023024e-05
2,ITSN2 (50618)_damaging,0.0
2,DNMT3A (1788)_damaging,0.0
2,ASXL2 (55252)_damaging,0.0
2,OTOF (9381)_damaging,0.0
2,EMILIN1 (11117)_damaging,0.0
2,CAD (790)_damaging,0.0
2,SPATA31H1 (84226)_damaging,0.0
2,ALK (238)_damaging,0.0
2,BIRC6 (57448)_damaging,0.0
2,LTBP1 (4052)_damaging,0.0
2,ZFP36L2 (678)_damaging,0.0021982666
2,THADA (63892)_damaging,0.0
2,MSH2 (4436)_damaging,0.00054980867
2,MSH6 (2956)_damaging,0.0007272308
2,NRXN1 (9378)_damaging,0.0020847064
2,SPTBN1 (6711)_damaging,0.0
2,EML6 (400954)_damaging,0.0
2,CCDC88A (55704)_damaging,0.0023561039
2,USP34 (9736)_damaging,0.0
2,C2orf42 (54980)_damaging,0.0
2,ZNF638 (27332)_damaging,0.0
2,DYSF (8291)_damaging,0.0018015117
2,ALMS1 (7840)_damaging,0.0034177643
2,C2orf78 (388960)_damaging,0.0019593635
2,LOXL3 (84695)_damaging,0.0
2,CTNNA2 (1496)_damaging,0.0053952723
2,DNAH6 (1768)_damaging,0.0022966634
2,PROM2 (150696)_damaging,0.0
2,ANKRD36C (400986)_damaging,0.0
2,TMEM131 (23505)_damaging,0.0
2,VWA3B (200403)_damaging,0.0
2,CRACDL (343990)_damaging,0.0
2,EIF5B (9669)_damaging,0.0
2,REV1 (51455)_damaging,0.0
2,MAP4K4 (9448)_damaging,0.0
2,SLC5A7 (60482)_damaging,0.0
2,GCC2 (9648)_damaging,0.0
2,DPP10 (57628)_damaging,0.0018813601
2,MARCO (8685)_damaging,0.0
2,EPB41L5 (57669)_damaging,0.0
2,CNTNAP5 (129684)_damaging,0.0
2,WDR33 (55339)_damaging,0.0
2,UGGT1 (56886)_damaging,0.0
2,AMER3 (205147)_damaging,0.0
2,ARHGEF4 (50649)_damaging,0.0
2,NCKAP5 (344148)_damaging,0.0
2,THSD7B (80731)_damaging,0.0022208523
2,LRP1B (53353)_damaging,0.004100435
2,ACVR2A (92)_damaging,0.0049820202
2,KIF5C (3800)_damaging,0.0
2,RIF1 (55183)_damaging,0.0
2,NEB (4703)_damaging,0.0031496799
2,GALNT13 (114805)_damaging,0.0
2,BAZ2B (29994)_damaging,0.0
2,LY75 (4065)_damaging,0.0032323082
2,PLA2R1 (22925)_damaging,0.0
2,SLC4A10 (57282)_damaging,0.0
2,KCNH7 (90134)_damaging,0.0
2,FIGN (55137)_damaging,0.0
2,SCN3A (6328)_damaging,0.0
2,SCN2A (6326)_damaging,0.0024561982
2,TTC21B (79809)_damaging,0.0
2,SCN1A (6323)_damaging,0.0
2,SCN9A (6335)_damaging,0.0
2,SCN7A (6332)_damaging,0.0
2,XIRP2 (129446)_damaging,0.003210217
2,LRP2 (4036)_damaging,0.0014582647
2,PPIG (9360)_damaging,0.0
2,MYO3B (140469)_damaging,0.0021110743
2,TTN (7273)_damaging,0.0018069902
2,CCDC141 (285025)_damaging,0.002874265
2,ITGA4 (3676)_damaging,0.0
2,FSIP2 (401024)_damaging,0.0014504705
2,COL3A1 (1281)_damaging,0.0
2,COL5A2 (1290)_damaging,0.0022621949
2,ANKAR (150709)_damaging,0.0
2,MYO1B (4430)_damaging,0.0
2,DNAH7 (56171)_damaging,0.0
2,HECW2 (57520)_damaging,0.0
2,PLCL1 (5334)_damaging,0.0
2,SGO2 (151246)_damaging,0.0
2,AOX1 (316)_damaging,0.0
2,CASP8 (841)_damaging,0.005430115
2,BMPR2 (659)_damaging,0.0
2,NBEAL1 (65065)_damaging,0.0
2,PARD3B (117583)_damaging,0.0019370888
2,INO80D (54891)_damaging,0.0
2,ZDBF2 (57683)_damaging,0.0034854957
2,ADAM23 (8745)_damaging,0.0
2,MAP2 (4133)_damaging,0.0
2,UNC80 (285175)_damaging,0.0
2,KANSL1L (151050)_damaging,0.0
2,CPS1 (1373)_damaging,0.003941932
2,ERBB4 (2066)_damaging,0.0
2,ABCA12 (26154)_damaging,0.0019365672
2,FN1 (2335)_damaging,0.0
2,TNS1 (7145)_damaging,0.0
2,CFAP65 (255101)_damaging,0.0
2,SLC23A3 (151295)_damaging,0.0
2,SPEG (10290)_damaging,0.0021901643
2,OBSL1 (23363)_damaging,0.0
2,SLC4A3 (6508)_damaging,0.005555108
2,DOCK10 (55619)_damaging,0.0
2,NYAP2 (57624)_damaging,0.0
2,IRS1 (3667)_damaging,0.0
2,COL4A4 (1286)_damaging,0.0022090808
2,SPHKAP (80309)_damaging,0.0
2,MROH2A (339766)_damaging,0.002849704
2,COL6A3 (1293)_damaging,0.0024134093
2,RBM44 (375316)_damaging,0.0
2,HDAC4 (9759)_damaging,0.0
2,KIF1A (547)_damaging,0.0
2,TGM6 (343641)_damaging,0.0
2,FASTKD5 (60493)_damaging,0.0022479687
2,PLCB4 (5332)_damaging,0.0
2,ESF1 (51575)_damaging,0.0
2,SEL1L2 (80343)_damaging,0.0
2,RALGAPA2 (57186)_damaging,0.0
2,ASXL1 (171023)_damaging,0.0034855674
2,NCOA6 (23054)_damaging,0.0022672256
2,MYH7B (57644)_damaging,0.0
2,CEP250 (11190)_damaging,0.0
2,SAMHD1 (25939)_damaging,0.0
2,KIAA1755 (85449)_damaging,0.0
2,RALGAPB (57148)_damaging,0.0
2,CHD6 (84181)_damaging,0.0
2,PTPRT (11122)_damaging,0.0
2,NCOA3 (8202)_damaging,0.0
2,DDX27 (55661)_damaging,0.0
2,KCNB1 (3745)_damaging,0.0
2,ADNP (23394)_damaging,0.0
2,SALL4 (57167)_damaging,0.0
2,GNAS (2778)_damaging,0.0
2,ZNF831 (128611)_damaging,0.00031362587
2,SYCP2 (10388)_damaging,0.0005665378
2,LAMA5 (3911)_damaging,0.0018788205
2,DIDO1 (11083)_damaging,0.0042048614
2,COL20A1 (57642)_damaging,0.0
2,HELZ2 (85441)_damaging,0.0
2,TPTE (7179)_damaging,0.002048459
2,NRIP1 (8204)_damaging,0.0
2,ADAMTS5 (11096)_damaging,0.0
2,LTN1 (26046)_damaging,0.0
2,SCAF4 (57466)_damaging,0.0027114658
2,ITSN1 (6453)_damaging,0.0
2,RUNX1 (861)_damaging,0.0
2,DOP1B (9980)_damaging,0.0017426417
2,BRWD1 (54014)_damaging,0.0
2,DSCAM (1826)_damaging,0.0018344038
2,ZBTB21 (49854)_damaging,0.0
2,UMODL1 (89766)_damaging,0.0
2,COL18A1 (80781)_damaging,0.0
2,COL6A1 (1291)_damaging,0.0
2,MCM3AP (8888)_damaging,0.0
2,PCNT (5116)_damaging,0.0
2,CECR2 (27443)_damaging,0.0
2,ZDHHC8 (29801)_damaging,0.0
2,MED15 (51586)_damaging,0.0
2,LZTR1 (8216)_damaging,0.0
2,SMARCB1 (6598)_damaging,0.0
2,MYO18B (84700)_damaging,0.0
2,MN1 (4330)_damaging,0.0
2,CHEK2 (11200)_damaging,0.0018099303
2,ZNRF3 (84133)_damaging,0.0
2,NF2 (4771)_damaging,0.0028360658
2,MTMR3 (8897)_damaging,0.0
2,PRR14L (253143)_damaging,0.0017384819
2,DEPDC5 (9681)_damaging,0.0
2,RTCB (51493)_damaging,0.0
2,MYH9 (4627)_damaging,9.224551e-05
2,CSF2RB (1439)_damaging,0.0
2,TRIOBP (11078)_damaging,0.0
2,CACNA1I (8911)_damaging,0.0
2,TNRC6B (23112)_damaging,0.0
2,EP300 (2033)_damaging,0.001384737
2,ZC3H7B (23264)_damaging,0.0
2,MEI1 (150365)_damaging,0.0023049817
2,TCF20 (6942)_damaging,0.0
2,SMC1B (27127)_damaging,0.0
2,PKDREJ (10343)_damaging,0.0
2,CELSR1 (9620)_damaging,0.0
2,PLXNB2 (23654)_damaging,0.0015701217
2,PPP6R2 (9701)_damaging,0.0
2,SBF1 (6305)_damaging,0.0
2,KLHDC7B (113730)_damaging,0.0
2,CHL1 (10752)_damaging,0.0
2,CNTN6 (27255)_damaging,0.0
2,CNTN4 (152330)_damaging,0.0
2,GRM7 (2917)_damaging,0.0
2,VHL (7428)_damaging,0.0022783678
2,NUP210 (23225)_damaging,0.0
2,TGFBR2 (7048)_damaging,0.0029360768
2,CLASP2 (23122)_damaging,0.0
2,TRANK1 (9881)_damaging,0.0
2,MLH1 (4292)_damaging,0.0
2,GOLGA4 (2803)_damaging,0.0
2,DLEC1 (9940)_damaging,0.0
2,SCN5A (6331)_damaging,0.0
2,SCN10A (6336)_damaging,0.0
2,SCN11A (11280)_damaging,0.0
2,NKTR (4820)_damaging,0.0
2,TOPAZ1 (375337)_damaging,0.0
2,KIF15 (56992)_damaging,0.0
2,SETD2 (29072)_damaging,0.0
2,PTPN23 (25930)_damaging,0.0
2,PLXNB1 (5364)_damaging,0.0
2,COL7A1 (1294)_damaging,0.0028850504
2,CELSR3 (1951)_damaging,0.0
2,RHOA (387)_damaging,0.0
2,BSN (8927)_damaging,0.0016660716
2,RBM6 (10180)_damaging,0.0
2,DOCK3 (1795)_damaging,0.0
2,DNAH1 (25981)_damaging,0.0
2,BAP1 (8314)_damaging,0.0022897348
2,STAB1 (23166)_damaging,7.7768316e-05
2,PBRM1 (55193)_damaging,0.0024371427
2,CACNA1D (776)_damaging,0.0
2,DNAH12 (201625)_damaging,0.0033714972
2,FLNB (2317)_damaging,0.0
2,PTPRG (5793)_damaging,0.0
2,ATXN7 (6314)_damaging,0.0
2,ADAMTS9 (56999)_damaging,0.0
2,ROBO2 (6092)_damaging,0.0
2,ROBO1 (6091)_damaging,0.0019277985
2,EPHA3 (2042)_damaging,0.0
2,EPHA6 (285220)_damaging,0.0
2,CRYBG3 (131544)_damaging,0.0
2,FILIP1L (11259)_damaging,0.0
2,ABI3BP (25890)_damaging,0.0
2,MYH15 (22989)_damaging,0.002396715
2,DZIP3 (9666)_damaging,0.0
2,MORC1 (27136)_damaging,0.0
2,NECTIN3 (25945)_damaging,0.0
2,PHLDB2 (90102)_damaging,0.0
2,CFAP44 (55779)_damaging,0.0
2,ZBTB20 (26137)_damaging,0.0
2,CFAP91 (89876)_damaging,0.0029465433
2,POLQ (10721)_damaging,0.0014130225
2,GOLGB1 (2804)_damaging,0.0
2,PARP14 (54625)_damaging,0.0
2,KALRN (8997)_damaging,0.0028701997
2,COL6A5 (256076)_damaging,0.0
2,COL6A6 (131873)_damaging,0.0
2,DNAJC13 (23317)_damaging,0.0
2,TOPBP1 (11073)_damaging,0.0
2,RASA2 (5922)_damaging,0.001897395
2,XRN1 (54464)_damaging,0.0
2,ATR (545)_damaging,0.002896667
2,MED12L (116931)_damaging,0.002980919
2,IGSF10 (285313)_damaging,0.0017423702
2,ARHGEF26 (26084)_damaging,0.0
2,MME (4311)_damaging,0.0
2,SMC4 (10051)_damaging,0.0
2,SI (6476)_damaging,0.0
2,BCHE (590)_damaging,0.0
2,ZBBX (79740)_damaging,0.0
2,MECOM (2122)_damaging,0.0
2,TNIK (23043)_damaging,0.0015039926
2,PLD1 (5337)_damaging,0.0
2,SPATA16 (83893)_damaging,0.0
2,USP13 (8975)_damaging,0.0
2,ABCC5 (10057)_damaging,0.0
2,MUC4 (4585)_damaging,0.0018190462
2,TNK2 (10188)_damaging,0.0
2,GAK (2580)_damaging,0.0026121081
2,NSD2 (7468)_damaging,0.0026378224
2,FAM193A (8603)_damaging,0.0
2,HTT (3064)_damaging,0.00089241087
2,JAKMIP1 (152789)_damaging,0.0
2,UNC93B7 (100887746)_damaging,0.0
2,BOD1L1 (259282)_damaging,0.0015453644
2,CPEB2 (132864)_damaging,0.0
2,SLIT2 (9353)_damaging,0.0
2,PCDH7 (5099)_damaging,0.0
2,ARAP2 (116984)_damaging,0.003205077
2,LIMCH1 (22998)_damaging,0.0
2,BEND4 (389206)_damaging,0.0
2,ATP8A1 (10396)_damaging,0.0
2,CORIN (10699)_damaging,0.0
2,FRYL (285527)_damaging,0.0
2,KDR (3791)_damaging,0.0
2,CRACD (57482)_damaging,0.0
2,POLR2B (5431)_damaging,0.0
2,ADGRL3 (23284)_damaging,0.0024661855
2,EPHA5 (2044)_damaging,0.0
2,CENPC (1060)_damaging,0.0014761721
2,UGT2B4 (7363)_damaging,0.0
2,ADAMTS3 (9508)_damaging,0.0
2,SHROOM3 (57619)_damaging,0.0
2,FRAS1 (80144)_damaging,0.0021715132
2,WDFY3 (23001)_damaging,0.0022950862
2,ARHGAP24 (83478)_damaging,0.0
2,PTPN13 (5783)_damaging,0.002623201
2,AFF1 (4299)_damaging,0.0
2,MMRN1 (22915)_damaging,0.0
2,GRID2 (2895)_damaging,0.0
2,SMARCAD1 (56916)_damaging,0.0
2,UNC5C (8633)_damaging,0.0
2,TET2 (54790)_damaging,0.0
2,TBCK (93627)_damaging,0.0020128489
2,COL25A1 (84570)_damaging,0.0
2,ZGRF1 (55345)_damaging,0.0
2,ANK2 (287)_damaging,0.003943995
2,NDST4 (64579)_damaging,0.0
2,BLTP1 (84162)_damaging,0.0029583785
2,FAT4 (79633)_damaging,0.0023018618
2,SCLT1 (132320)_damaging,0.0
2,PCDH10 (57575)_damaging,0.0
2,NAA15 (80155)_damaging,0.0
2,LRBA (987)_damaging,0.0
2,FBXW7 (55294)_damaging,0.0031590003
2,FHDC1 (85462)_damaging,0.0
2,DCHS2 (54798)_damaging,0.0
2,MAP9 (79884)_damaging,0.0
2,GRIA2 (2891)_damaging,0.0
2,RXFP1 (59350)_damaging,0.0
2,RAPGEF2 (9693)_damaging,0.0
2,FSTL5 (56884)_damaging,0.0
2,DDX60 (55601)_damaging,0.0
2,CLCN3 (1182)_damaging,0.0
2,HAND2 (9464)_damaging,0.0
2,WDR17 (116966)_damaging,0.0
2,TENM3 (55714)_damaging,0.0
2,WWC2 (80014)_damaging,0.0
2,SORBS2 (8470)_damaging,0.0
2,FAT1 (2195)_damaging,0.0019528132
2,SDHA (6389)_damaging,0.002144928
2,SLC12A7 (10723)_damaging,0.0
2,SLC6A19 (340024)_damaging,0.0
2,TERT (7015)_damaging,0.0021684177
2,ADAMTS16 (170690)_damaging,0.0
2,ICE1 (23379)_damaging,0.0
2,SEMA5A (9037)_damaging,0.0
2,DNAH5 (1767)_damaging,0.0025751013
2,TRIO (7204)_damaging,0.0
2,MYO10 (4651)_damaging,0.0
2,CDH18 (1016)_damaging,0.0
2,CDH12 (1010)_damaging,0.0
2,PRDM9 (56979)_damaging,0.0
2,CDH10 (1008)_damaging,0.001500341
2,CDH6 (1004)_damaging,0.0
2,PDZD2 (23037)_damaging,0.0
2,ADAMTS12 (81792)_damaging,0.0
2,SPEF2 (79925)_damaging,0.0005017868
2,NIPBL (25836)_damaging,0.0
2,CPLANE1 (65250)_damaging,0.0023644988
2,C7 (730)_damaging,0.0
2,MROH2B (133558)_damaging,0.0
2,C6 (729)_damaging,0.0
2,HCN1 (348980)_damaging,0.00208901
2,ITGA1 (3672)_damaging,0.0
2,PIK3R1 (5295)_damaging,0.0012256855
2,RAD17 (5884)_damaging,0.0
2,BDP1 (55814)_damaging,0.0
2,MAP1B (4131)_damaging,0.0
2,ARHGEF28 (64283)_damaging,0.0
2,ANKRD31 (256006)_damaging,0.0
2,AP3B1 (8546)_damaging,0.0
2,CMYA5 (202333)_damaging,0.0023395312
2,MSH3 (4437)_damaging,0.0039898623
2,VCAN (1462)_damaging,0.0043723336
2,RASA1 (5921)_damaging,0.0
2,ADGRV1 (84059)_damaging,0.0016790294
2,KIAA0825 (285600)_damaging,0.0
2,MCTP1 (79772)_damaging,0.0
2,ARSK (153642)_damaging,0.0
2,CHD1 (1105)_damaging,0.00043950469
2,SLCO6A1 (133482)_damaging,0.0
2,APC (324)_damaging,0.0018093799
2,DMXL1 (1657)_damaging,0.003391081
2,ZNF608 (57507)_damaging,0.0
2,FBN2 (2201)_damaging,0.0026728145
2,CHSY3 (337876)_damaging,0.0
2,RAPGEF6 (51735)_damaging,0.0
2,FNIP1 (96459)_damaging,0.0
2,RAD50 (10111)_damaging,0.0062464257
2,FSTL4 (23105)_damaging,0.0
2,PITX1 (5307)_damaging,0.0029609192
2,LINC02900 (340073)_damaging,0.0022720664
2,CTNNA1 (1495)_damaging,0.002261723
2,WDR55 (54853)_damaging,0.0
2,PCDHB4 (56131)_damaging,0.0023386725
2,PCDHB6 (56130)_damaging,0.0
2,ARAP3 (64411)_damaging,0.0
2,NR3C1 (2908)_damaging,0.0
2,TCERG1 (10915)_damaging,0.0
2,FAT2 (2196)_damaging,0.002169906
2,GRIA1 (2890)_damaging,0.0025964638
2,LARP1 (23367)_damaging,0.0
2,GABRG2 (2566)_damaging,0.0
2,DOCK2 (1794)_damaging,0.0013527884
2,NSD1 (64324)_damaging,0.0
2,FLT4 (2324)_damaging,0.0
2,DSP (1832)_damaging,0.0
2,HIVEP1 (3096)_damaging,0.0
2,PHACTR1 (221692)_damaging,0.0
2,JARID2 (3720)_damaging,0.0
2,ATXN1 (6310)_damaging,0.0
2,GABBR1 (2550)_damaging,0.0019521384
2,HLA-A (3105)_damaging,0.0019342441
2,MDC1 (9656)_damaging,0.0
2,VARS2 (57176)_damaging,0.0
2,MUCL3 (135656)_damaging,0.0
2,HLA-C (3107)_damaging,0.0021602267
2,HLA-B (3106)_damaging,0.0024648474
2,PRRC2A (7916)_damaging,0.0
2,TNXB (7148)_damaging,0.0
2,NOTCH4 (4855)_damaging,0.00029815314
2,COL11A2 (1302)_damaging,0.00041698478
2,DNAH8 (1769)_damaging,0.0024309861
2,CCND3 (896)_damaging,0.0029046177
2,CUL9 (23113)_damaging,0.00107295
2,ZNF318 (24149)_damaging,0.0018932471
2,MMUT (4594)_damaging,0.0
2,PKHD1 (5314)_damaging,0.0022285134
2,FAM83B (222584)_damaging,0.0
2,COL21A1 (81578)_damaging,0.0018517966
2,DST (667)_damaging,0.0
2,PHF3 (23469)_damaging,0.003164479
2,EYS (346007)_damaging,0.0
2,ADGRB3 (577)_damaging,0.0
2,COL19A1 (1310)_damaging,0.00291688
2,COL9A1 (1297)_damaging,0.0
2,RIMS1 (22999)_damaging,0.0
2,COL12A1 (1303)_damaging,0.0
2,TTK (7272)_damaging,0.0
2,CEP162 (22832)_damaging,0.0
2,ZNF292 (23036)_damaging,0.0032520501
2,MDN1 (23195)_damaging,0.00042102634
2,CASP8AP2 (9994)_damaging,0.0
2,EPHA7 (2045)_damaging,0.0024422158
2,MMS22L (253714)_damaging,0.0
2,PNISR (25957)_damaging,0.0
2,ASCC3 (10973)_damaging,0.0
2,SOBP (55084)_damaging,0.0
2,AK9 (221264)_damaging,0.006032781
2,REV3L (5980)_damaging,0.0
2,HDAC2 (3066)_damaging,0.0
2,ROS1 (6098)_damaging,0.0
2,TBC1D32 (221322)_damaging,0.0047698463
2,TRDN (10345)_damaging,0.0022914677
2,LAMA2 (3908)_damaging,0.002017342
2,AKAP7 (9465)_damaging,0.0006494685
2,MED23 (9439)_damaging,0.0
2,ENPP3 (5169)_damaging,0.0
2,TNFAIP3 (7128)_damaging,0.0
2,ARFGEF3 (57221)_damaging,0.0
2,ECT2L (345930)_damaging,0.0023309279
2,HIVEP2 (3097)_damaging,0.0
2,UTRN (7402)_damaging,0.0009389414
2,SHPRH (257218)_damaging,0.0
2,GRM1 (2911)_damaging,0.0
2,ADGB (79747)_damaging,0.0
2,STXBP5 (134957)_damaging,0.0
2,SYNE1 (23345)_damaging,0.0028280707
2,SCAF8 (22828)_damaging,0.0
2,ARID1B (57492)_damaging,0.0
2,FNDC1 (84624)_damaging,0.0005496078
2,LPA (4018)_damaging,0.0
2,MAP3K4 (4216)_damaging,0.0
2,QKI (9444)_damaging,0.0
2,TBXT (6862)_damaging,0.0
2,AFDN (4301)_damaging,0.006323309
2,THBS2 (7058)_damaging,0.0
2,INTS1 (26173)_damaging,0.0
2,CARD11 (84433)_damaging,0.0
2,SDK1 (221935)_damaging,0.0
2,TNRC18 (84629)_damaging,0.0
2,PMS2 (5395)_damaging,0.0
2,COL28A1 (340267)_damaging,0.0
2,THSD7A (221981)_damaging,0.0
2,VWDE (221806)_damaging,0.0009286711
2,DGKB (1607)_damaging,0.0
2,AHR (196)_damaging,0.0
2,ABCB5 (340273)_damaging,0.0025091844
2,DNAH11 (8701)_damaging,0.0009913108
2,STK31 (56164)_damaging,0.0031048416
2,CDK13 (8621)_damaging,0.0
2,GLI3 (2737)_damaging,0.0
2,HECW1 (23072)_damaging,0.0
2,AEBP1 (165)_damaging,0.0
2,PKD1L1 (168507)_damaging,0.0
2,ABCA13 (154664)_damaging,0.0023759839
2,FIGNL1 (63979)_damaging,0.0
2,DDC (1644)_damaging,0.0
2,EGFR (1956)_damaging,0.0
2,ZNF722 (100419780)_damaging,0.0
2,PTPN12 (5782)_damaging,0.0
2,MAGI2 (9863)_damaging,0.0
2,CD36 (948)_damaging,0.0
2,PCLO (27445)_damaging,0.0017966952
2,SEMA3E (9723)_damaging,0.0020394986
2,ABCB4 (5244)_damaging,0.0
2,ABCB1 (5243)_damaging,0.0
2,ADAM22 (53616)_damaging,0.0
2,ZNF804B (219578)_damaging,0.0
2,AKAP9 (10142)_damaging,0.0
2,ANKIB1 (54467)_damaging,0.0
2,SAMD9 (54809)_damaging,0.0
2,SAMD9L (219285)_damaging,0.0
2,CALCR (799)_damaging,0.0
2,COL1A2 (1278)_damaging,0.0
2,SLC25A13 (10165)_damaging,0.0
2,TRRAP (8295)_damaging,0.0
2,GPC2 (221914)_damaging,0.0
2,ZAN (7455)_damaging,0.0
2,MUC3A (4584)_damaging,0.0
2,MUC17 (140453)_damaging,0.0019887278
2,PLOD3 (8985)_damaging,0.0011145954
2,CUX1 (1523)_damaging,0.0
2,FBXL13 (222235)_damaging,0.0
2,RELN (5649)_damaging,0.0017485659
2,KMT2E (55904)_damaging,0.0
2,PIK3CG (5294)_damaging,0.0
2,SLC26A3 (1811)_damaging,0.0
2,LAMB4 (22798)_damaging,0.0
2,DOCK4 (9732)_damaging,0.0019791375
2,PPP1R3A (5506)_damaging,0.0024638365
2,MET (4233)_damaging,0.0
2,CFTR (1080)_damaging,0.0
2,CTTNBP2 (83992)_damaging,0.0
2,CPED1 (79974)_damaging,0.0
2,PTPRZ1 (5803)_damaging,0.0020263214
2,CADPS2 (93664)_damaging,0.0
2,IQUB (154865)_damaging,0.002524552
2,GRM8 (2918)_damaging,0.0018867432
2,FLNC (2318)_damaging,0.0
2,KCP (375616)_damaging,0.0
2,PLXNA4 (91584)_damaging,0.0
2,NUP205 (23165)_damaging,0.0
2,TRIM24 (8805)_damaging,0.0
2,KIAA1549 (57670)_damaging,0.0
2,MGAM (8972)_damaging,0.0013796515
2,MGAM2 (93432)_damaging,0.0
2,EPHB6 (2051)_damaging,0.0
2,KEL (3792)_damaging,0.0017864192
2,NOBOX (135935)_damaging,0.0
2,CNTNAP2 (26047)_damaging,0.0
2,AOC1 (26)_damaging,0.0
2,KCNH2 (3757)_damaging,0.0
2,NOS3 (4846)_damaging,0.0
2,ATG9B (285973)_damaging,0.0
2,KMT2C (58508)_damaging,0.0044297418
2,PTPRN2 (5799)_damaging,0.0036878444
2,CSMD1 (64478)_damaging,0.0018823235
2,RP1L1 (94137)_damaging,0.0
2,TRMT9B (57604)_damaging,0.002190132
2,DLC1 (10395)_damaging,0.0
2,XPO7 (23039)_damaging,0.0
2,NUGGC (389643)_damaging,0.0
2,TEX15 (56154)_damaging,0.0
2,WRN (7486)_damaging,0.0
2,UNC5D (137970)_damaging,0.0021940463
2,ADGRA2 (25960)_damaging,0.0
2,NSD3 (54904)_damaging,0.0
2,ANK1 (286)_damaging,0.0031091552
2,PRKDC (5591)_damaging,0.0035421457
2,PXDNL (137902)_damaging,0.0
2,RB1CC1 (9821)_damaging,0.0
2,RP1 (6101)_damaging,0.0
2,CHD7 (55636)_damaging,0.0
2,ARFGEF1 (10565)_damaging,0.002267964
2,PREX2 (80243)_damaging,0.0016779011
2,SULF1 (23213)_damaging,0.0
2,TRPA1 (8989)_damaging,0.0
2,KCNB2 (9312)_damaging,0.0
2,ZFHX4 (79776)_damaging,0.0005289097
2,WWP1 (11059)_damaging,0.0
2,NBN (4683)_damaging,0.0
2,ESRP1 (54845)_damaging,0.0
2,VPS13B (157680)_damaging,0.0
2,RGS22 (26166)_damaging,0.0
2,UBR5 (51366)_damaging,0.0027849718
2,RIMS2 (9699)_damaging,0.0
2,PKHD1L1 (93035)_damaging,0.0024800224
2,CSMD3 (114788)_damaging,0.0013810011
2,TRPS1 (7227)_damaging,0.0
2,COL14A1 (7373)_damaging,0.0020318103
2,FER1L6 (654463)_damaging,0.0
2,ASAP1 (50807)_damaging,0.0020788787
2,EFR3A (23167)_damaging,0.0
2,KCNQ3 (3786)_damaging,0.0
2,PHF20L1 (51105)_damaging,0.002419577
2,TG (7038)_damaging,0.0
2,COL22A1 (169044)_damaging,0.0
2,ADGRB1 (575)_damaging,0.0
2,PLEC (5339)_damaging,0.0022564495
2,PARP10 (84875)_damaging,0.0
2,CYC1 (1537)_damaging,0.0
2,WDR97 (340390)_damaging,0.0
2,KIFC2 (90990)_damaging,0.0
2,RECQL4 (9401)_damaging,0.0
2,DOCK8 (81704)_damaging,0.0017075102
2,SMARCA2 (6595)_damaging,0.0
2,ERMP1 (79956)_damaging,0.0
2,PTPRD (5789)_damaging,0.0
2,FREM1 (158326)_damaging,0.0
2,CNTLN (54875)_damaging,0.0
2,DENND4C (55667)_damaging,0.0
2,CDKN2A (1029)_damaging,0.0015106978
2,SPATA31G1 (138724)_damaging,0.0
2,FANCG (2189)_damaging,0.0007130636
2,PIGO (84720)_damaging,0.0
2,UNC13B (10497)_damaging,0.0
2,RUSC2 (9853)_damaging,0.0
2,SPAG8 (26206)_damaging,0.0019731147
2,TMC1 (117531)_damaging,0.0
2,TRPM6 (140803)_damaging,0.0
2,PCSK5 (5125)_damaging,0.0037066345
2,PRUNE2 (158471)_damaging,0.0
2,VPS13A (23230)_damaging,0.0006879795
2,SPATA31D1 (389763)_damaging,0.0
2,KIF27 (55582)_damaging,0.0020189062
2,NAA35 (60560)_damaging,0.0
2,SECISBP2 (79048)_damaging,0.0
2,ROR2 (4920)_damaging,0.0
2,NOL8 (55035)_damaging,0.0
2,WNK2 (65268)_damaging,0.0
2,PHF2 (5253)_damaging,0.0
2,PTCH1 (5727)_damaging,0.0
2,COL15A1 (1306)_damaging,0.0
2,TEX10 (54881)_damaging,0.0
2,ELP1 (8518)_damaging,0.0
2,TMEM245 (23731)_damaging,0.0030635975
2,PALM2AKAP2 (445815)_damaging,0.0
2,SVEP1 (79987)_damaging,0.0026447347
2,FKBP15 (23307)_damaging,0.0
2,COL27A1 (85301)_damaging,0.0020928022
2,PAPPA (5069)_damaging,0.0
2,CNTRL (11064)_damaging,0.0
2,DENND1A (57706)_damaging,7.72923e-05
2,ADGRD2 (347088)_damaging,0.0
2,GAPVD1 (26130)_damaging,0.0
2,GOLGA2 (2801)_damaging,0.0
2,SPTAN1 (6709)_damaging,0.0027239765
2,HMCN2 (256158)_damaging,0.0018141168
2,FUBP3 (8939)_damaging,0.0
2,NUP214 (8021)_damaging,0.0034960103
2,PRRC2B (84726)_damaging,0.0
2,UCK1 (83549)_damaging,0.0022974168
2,SETX (23064)_damaging,0.0
2,TTF1 (7270)_damaging,0.0
2,TSC1 (7248)_damaging,0.0
2,ADAMTS13 (11093)_damaging,0.0
2,ADAMTSL2 (9719)_damaging,0.0
2,SARDH (1757)_damaging,0.0
2,BRD3 (8019)_damaging,0.0
2,WDR5 (11091)_damaging,0.0
2,COL5A1 (1289)_damaging,0.0
2,NOTCH1 (4851)_damaging,0.0026117803
2,CACNA1B (774)_damaging,0.0
2,MXRA5 (25878)_damaging,0.0
2,WWC3 (55841)_damaging,0.0
2,FRMPD4 (9758)_damaging,0.0
2,NHS (4810)_damaging,0.0
2,IL1RAPL1 (11141)_damaging,0.0016941497
2,DMD (1756)_damaging,0.0020447737
2,FAM47B (170062)_damaging,0.0
2,CFAP47 (286464)_damaging,0.0028533207
2,RPGR (6103)_damaging,0.0
2,BCOR (54880)_damaging,0.0032826178
2,USP9X (8239)_damaging,0.0021135462
2,DDX3X (1654)_damaging,0.0019394148
2,KDM6A (7403)_damaging,0.0028068428
2,RBM10 (8241)_damaging,0.0
2,TFE3 (7030)_damaging,0.0
2,CACNA1F (778)_damaging,0.0
2,CCNB3 (85417)_damaging,0.0023588324
2,KDM5C (8242)_damaging,0.0023345137
2,IQSEC2 (23096)_damaging,0.0
2,HUWE1 (10075)_damaging,0.0
2,WNK3 (65267)_damaging,0.0
2,AMER1 (139285)_damaging,0.0
2,OPHN1 (4983)_damaging,0.0
2,KIF4A (24137)_damaging,0.0
2,MED12 (9968)_damaging,0.0015648796
2,ZMYM3 (9203)_damaging,0.0025622942
2,NEXMIF (340533)_damaging,0.0
2,ATRX (546)_damaging,0.0032313128
2,BRWD3 (254065)_damaging,0.0
2,CYLC1 (1538)_damaging,0.0
2,ZNF711 (7552)_damaging,0.0
2,DACH2 (117154)_damaging,0.0
2,DIAPH2 (1730)_damaging,0.002064322
2,PCDH19 (57526)_damaging,0.0
2,RAB40A (142684)_damaging,0.002187395
2,NRK (203447)_damaging,0.0
2,COL4A6 (1288)_damaging,0.0
2,COL4A5 (1287)_damaging,0.0
2,STAG2 (10735)_damaging,0.0027849854
2,TENM1 (10178)_damaging,0.0
2,BCORL1 (63035)_damaging,0.0023440463
2,USP26 (83844)_damaging,0.0
2,MAP7D3 (79649)_damaging,0.0
2,ADGRG4 (139378)_damaging,0.0
2,MCF2 (4168)_damaging,0.0
2,SPANXN4 (441525)_damaging,0.001684917
2,SLITRK2 (84631)_damaging,0.0
2,FMR1 (2332)_damaging,0.0
2,AFF2 (2334)_damaging,0.0009647164
2,PLXNA3 (55558)_damaging,0.0
2,F8 (2157)_damaging,0.00535543
2,MT-ND4 (4538)_damaging,0.0023057717
2,MT-ND5 (4540)_damaging,0.0025744732
3,MTOR (2475)_hotspot,0.0
3,NRAS (4893)_hotspot,0.0037083172
3,PTEN (5728)_hotspot,0.00094497716
3,HRAS (3265)_hotspot,0.0
3,ATM (472)_hotspot,0.0
3,KRAS (3845)_hotspot,0.0038168496
3,ERBB3 (2065)_hotspot,0.0027927682
3,RB1 (5925)_hotspot,0.003920384
3,CREBBP (1387)_hotspot,0.00032588164
3,TP53 (7157)_hotspot,0.007214247
3,NF1 (4763)_hotspot,0.0031067457
3,SMAD4 (4089)_hotspot,0.0032489547
3,STK11 (6794)_hotspot,0.0
3,SMARCA4 (6597)_hotspot,0.0
3,C2orf81 (388963)_hotspot,0.0019192416
3,NFE2L2 (4780)_hotspot,0.0034456858
3,CTNNB1 (1499)_hotspot,0.0
3,RHOA (387)_hotspot,0.0
3,PIK3CA (5290)_hotspot,0.0045518237
3,FBXW7 (55294)_hotspot,0.003135961
3,TERT (7015)_hotspot,0.0051786886
3,PIK3R1 (5295)_hotspot,0.0
3,APC (324)_hotspot,0.0026654114
3,RAC1 (5879)_hotspot,0.0
3,EGFR (1956)_hotspot,0.0
3,BRAF (673)_hotspot,0.0077280058
3,EZH2 (2146)_hotspot,0.0
3,MYC (4609)_hotspot,0.003891233
3,CDKN2A (1029)_hotspot,0.0018022245
3,AGRN (375790)_damaging,0.0036599992
3,MXRA8 (54587)_damaging,0.0
3,CFAP74 (85452)_damaging,0.0
3,MEGF6 (1953)_damaging,0.0
3,CHD5 (26038)_damaging,0.0025185118
3,RPL22 (6146)_damaging,0.006757768
3,CAMTA1 (23261)_damaging,0.0
3,ERRFI1 (54206)_damaging,0.0
3,SLC45A1 (50651)_damaging,0.0014428342
3,RERE (473)_damaging,0.0
3,EXOSC10 (5394)_damaging,0.0
3,VPS13D (55187)_damaging,0.0
3,SPEN (23013)_damaging,0.0028550276
3,EPHA2 (1969)_damaging,0.0
3,UBR4 (23352)_damaging,0.0
3,HSPG2 (3339)_damaging,0.0
3,LUZP1 (7798)_damaging,0.0
3,ID3 (3399)_damaging,0.0051648854
3,ELOA (6924)_damaging,0.0
3,ARID1A (8289)_damaging,0.0020989294
3,WDTC1 (23038)_damaging,0.0
3,EPB41 (2035)_damaging,0.0
3,COL16A1 (1307)_damaging,0.0
3,SPOCD1 (90853)_damaging,0.0
3,CSMD2 (114784)_damaging,0.0022919294
3,ZMYM1 (79830)_damaging,0.0
3,ZMYM4 (9202)_damaging,0.0
3,CLSPN (63967)_damaging,0.0
3,AGO1 (26523)_damaging,0.0
3,MAP7D1 (55700)_damaging,0.0
3,MACF1 (23499)_damaging,0.0028837705
3,TIE1 (7075)_damaging,0.0
3,SZT2 (23334)_damaging,0.0
3,MUTYH (4595)_damaging,0.0
3,MAST2 (23139)_damaging,0.0
3,PIK3R3 (8503)_damaging,0.0
3,FAAH (2166)_damaging,0.0
3,TAL1 (6886)_damaging,0.0
3,FYB2 (199920)_damaging,0.0
3,NFIA (4774)_damaging,0.003961666
3,DOCK7 (85440)_damaging,0.0
3,EFCAB7 (84455)_damaging,0.0
3,JAK1 (3716)_damaging,0.0
3,LEPR (3953)_damaging,0.0
3,LRRC7 (57554)_damaging,0.0024998314
3,TNNI3K (51086)_damaging,0.0
3,ERICH3 (127254)_damaging,0.002577527
3,SLC44A5 (204962)_damaging,0.0
3,ADGRL4 (64123)_damaging,0.0
3,ADGRL2 (23266)_damaging,0.0
3,COL24A1 (255631)_damaging,0.0
3,HFM1 (164045)_damaging,0.0
3,BTBD8 (284697)_damaging,0.0
3,ARHGAP29 (9411)_damaging,0.0
3,COL11A1 (1301)_damaging,0.0
3,EPS8L3 (79574)_damaging,0.0
3,CEPT1 (10390)_damaging,0.0
3,DENND2C (163259)_damaging,0.0
3,SYCP1 (6847)_damaging,0.0
3,SPAG17 (200162)_damaging,0.0029121148
3,NOTCH2 (4853)_damaging,0.0
3,BCL9 (607)_damaging,0.0
3,ADAMTSL4 (54507)_damaging,0.0
3,FLG (2312)_damaging,0.0021696019
3,CCDST (112268240)_damaging,0.0032880343
3,FLG2 (388698)_damaging,0.0
3,DENND4B (9909)_damaging,0.0
3,UBAP2L (9898)_damaging,0.0
3,ASH1L (55870)_damaging,0.0
3,NES (10763)_damaging,0.0
3,INSRR (3645)_damaging,0.0
3,FCRL5 (83416)_damaging,0.0
3,SPTA1 (6708)_damaging,0.003338464
3,GPR161 (23432)_damaging,0.0
3,F5 (2153)_damaging,0.0
3,PRRC2C (23215)_damaging,0.0
3,SLC9C2 (284525)_damaging,0.0
3,TNR (7143)_damaging,0.0
3,PAPPA2 (60676)_damaging,0.0029340086
3,ABL2 (27)_damaging,0.0
3,AXDND1 (126859)_damaging,0.0
3,TDRD5 (163589)_damaging,0.0
3,CEP350 (9857)_damaging,0.0
3,CACNA1E (777)_damaging,0.0030090124
3,RGL1 (23179)_damaging,0.0
3,HMCN1 (83872)_damaging,0.0
3,TPR (7175)_damaging,0.0
3,BRINP3 (339479)_damaging,0.0
3,KCNT2 (343450)_damaging,0.0
3,ASPM (259266)_damaging,0.0004421255
3,CRB1 (23418)_damaging,0.0
3,PTPRC (5788)_damaging,0.0
3,CAMSAP2 (23271)_damaging,0.0
3,IGFN1 (91156)_damaging,0.0
3,NAV1 (89796)_damaging,0.0
3,ATP2B4 (493)_damaging,0.0
3,PLEKHA6 (22874)_damaging,0.0025011748
3,PIK3C2B (5287)_damaging,0.0
3,NFASC (23114)_damaging,0.0
3,CR2 (1380)_damaging,0.0
3,PLXNA2 (5362)_damaging,0.0
3,PROX1 (5629)_damaging,0.0006425158
3,CENPF (1063)_damaging,0.003692354
3,USH2A (7399)_damaging,0.0027912294
3,DNAH14 (127602)_damaging,0.0021884053
3,CDC42BPA (8476)_damaging,0.0
3,OBSCN (84033)_damaging,0.0023625935
3,H3-4 (8290)_damaging,0.0
3,PCNX2 (80003)_damaging,0.0
3,ARID4B (51742)_damaging,0.0
3,LYST (1130)_damaging,0.0
3,RYR2 (6262)_damaging,0.0028469972
3,CHRM3 (1131)_damaging,0.0
3,FMN2 (56776)_damaging,0.0028897496
3,RGS7 (6000)_damaging,0.0
3,KIF26B (55083)_damaging,0.0
3,NLRP3 (114548)_damaging,0.0
3,PITRM1 (10531)_damaging,0.003790466
3,TAF3 (83860)_damaging,0.0
3,CUBN (8029)_damaging,0.0
3,MRC1 (4360)_damaging,0.0
3,MALRD1 (340895)_damaging,0.0028394167
3,PLXDC2 (84898)_damaging,0.0
3,ARMC3 (219681)_damaging,0.0
3,KIAA1217 (56243)_damaging,0.0
3,GPR158 (57512)_damaging,0.0
3,MYO3A (53904)_damaging,0.0
3,ANKRD26 (22852)_damaging,0.0038186163
3,ODAD2 (55130)_damaging,0.0
3,SVIL (6840)_damaging,0.002367848
3,KIF5B (3799)_damaging,0.0
3,CCDC7 (79741)_damaging,0.0
3,ANKRD30A (91074)_damaging,0.0
3,WDFY4 (57705)_damaging,0.0
3,C10orf71 (118461)_damaging,0.0
3,PCDH15 (65217)_damaging,0.0025342526
3,ANK3 (288)_damaging,0.002031542
3,ARID5B (84159)_damaging,0.0025346517
3,JMJD1C (221037)_damaging,0.0
3,DNA2 (1763)_damaging,0.0
3,CDH23 (64072)_damaging,0.0
3,ZMIZ1 (57178)_damaging,0.0
3,PTEN (5728)_damaging,0.0017379416
3,KIF20B (9585)_damaging,0.0
3,MYOF (26509)_damaging,0.00012926632
3,PLCE1 (51196)_damaging,0.0
3,ZNF518A (9849)_damaging,0.0026533764
3,LCOR (84458)_damaging,0.0
3,SLIT1 (6585)_damaging,0.0
3,PPRC1 (23082)_damaging,0.006010701
3,NOLC1 (9221)_damaging,0.0
3,PSD (5662)_damaging,0.0
3,CNNM2 (54805)_damaging,0.0
3,PDCD11 (22984)_damaging,0.0
3,SLK (9748)_damaging,0.003796095
3,SORCS3 (22986)_damaging,0.0
3,SORCS1 (114815)_damaging,0.0
3,SMC3 (9126)_damaging,0.0
3,TCF7L2 (6934)_damaging,0.0
3,ATRNL1 (26033)_damaging,0.0
3,TACC2 (10579)_damaging,0.0
3,DMBT1 (1755)_damaging,0.0
3,DOCK1 (1793)_damaging,0.0
3,MKI67 (4288)_damaging,0.0034620964
3,JAKMIP3 (282973)_damaging,0.0014529878
3,CFAP46 (54777)_damaging,0.0025168182
3,B4GALNT4 (338707)_damaging,0.0
3,PKP3 (11187)_damaging,0.0
3,MUC5AC (4586)_damaging,0.0044161044
3,MUC5B (727897)_damaging,0.0
3,KCNQ1 (3784)_damaging,0.0
3,NUP98 (4928)_damaging,0.00200046
3,OR51E2 (81285)_damaging,0.0
3,DCHS1 (8642)_damaging,0.0
3,PLEKHA7 (144100)_damaging,0.0
3,PIK3C2A (5286)_damaging,0.0
3,ABCC8 (6833)_damaging,0.0
3,OTOG (340990)_damaging,0.0
3,NAV2 (89797)_damaging,0.0
3,DCDC1 (341019)_damaging,0.0
3,CCDC73 (493860)_damaging,0.0
3,QSER1 (79832)_damaging,0.0
3,HIPK3 (10114)_damaging,0.0016356456
3,KIAA1549L (25758)_damaging,0.0
3,FOLH1 (2346)_damaging,0.0
3,OR4A15 (81328)_damaging,0.0
3,OR4P4 (81300)_damaging,0.0
3,AHNAK (79026)_damaging,0.0
3,SLC3A2 (6520)_damaging,0.0
3,PLCB3 (5331)_damaging,0.0
3,NRXN2 (9379)_damaging,0.0
3,MEN1 (4221)_damaging,0.0
3,PCNX3 (399909)_damaging,0.0
3,RIN1 (9610)_damaging,0.0
3,NUMA1 (4926)_damaging,0.0
3,INPPL1 (3636)_damaging,0.0
3,C2CD3 (26005)_damaging,0.0
3,MYO7A (4647)_damaging,0.0025477475
3,RSF1 (51773)_damaging,0.0
3,GAB2 (9846)_damaging,0.0
3,TENM4 (26011)_damaging,0.0047555366
3,PCF11 (51585)_damaging,0.0
3,DLG2 (1740)_damaging,0.0
3,SYTL2 (54843)_damaging,0.0025698205
3,FAT3 (120114)_damaging,0.0037644373
3,DEUP1 (159989)_damaging,0.0
3,CNTN5 (53942)_damaging,0.0
3,CEP126 (57562)_damaging,0.0
3,MMP3 (4314)_damaging,0.0
3,DYNC2H1 (79659)_damaging,0.0029508832
3,NPAT (4863)_damaging,0.0
3,ATM (472)_damaging,0.0026417193
3,EXPH5 (23086)_damaging,0.0
3,NKAPD1 (55216)_damaging,0.0
3,NCAM1 (4684)_damaging,0.0
3,USP28 (57646)_damaging,0.0
3,DSCAML1 (57453)_damaging,0.0
3,KMT2A (4297)_damaging,0.0019205875
3,BCL9L (283149)_damaging,0.002895134
3,ARHGEF12 (23365)_damaging,0.0
3,TECTA (7007)_damaging,0.0
3,SORL1 (6653)_damaging,0.002167973
3,ROBO3 (64221)_damaging,0.0
3,CCDC15 (80071)_damaging,0.0
3,LINC02714 (729305)_damaging,0.0
3,KDM5A (5927)_damaging,0.0
3,CACNA1C (775)_damaging,0.0032992556
3,VWF (7450)_damaging,0.0
3,PLEKHG6 (55200)_damaging,0.0
3,CHD4 (1108)_damaging,0.0024483223
3,ATN1 (1822)_damaging,0.0
3,A2ML1 (144568)_damaging,0.0022576721
3,A2M (2)_damaging,0.0
3,PZP (5858)_damaging,0.0
3,ATF7IP (55729)_damaging,0.0
3,GUCY2C (2984)_damaging,0.0
3,PIK3C2G (5288)_damaging,0.0
3,RECQL (5965)_damaging,0.0012076548
3,ABCC9 (10060)_damaging,0.0025179875
3,C2CD5 (9847)_damaging,0.0024324069
3,ITPR2 (3709)_damaging,0.0
3,OVCH1 (341350)_damaging,0.0
3,KIF21A (55605)_damaging,0.0
3,LRRK2 (120892)_damaging,0.0015773504
3,MUC19 (283463)_damaging,0.003789193
3,CNTN1 (1272)_damaging,0.0
3,PDZRN4 (29951)_damaging,0.0
3,ADAMTS20 (80070)_damaging,0.0
3,ARID2 (196528)_damaging,0.0036351685
3,COL2A1 (1280)_damaging,0.0
3,WNT1 (7471)_damaging,0.0
3,KMT2D (8085)_damaging,0.003615161
3,PRPF40B (25766)_damaging,0.0029331902
3,NCKAP5L (57701)_damaging,0.0
3,DIP2B (57609)_damaging,0.0
3,MAP3K12 (7786)_damaging,0.0034110227
3,STAT2 (6773)_damaging,0.0
3,NACA (4666)_damaging,0.0019875078
3,STAT6 (6778)_damaging,0.0
3,LRP1 (4035)_damaging,0.006819752
3,MBD6 (114785)_damaging,0.00020953966
3,XPOT (11260)_damaging,0.0
3,MYRFL (196446)_damaging,0.0
3,PTPRB (5787)_damaging,0.0028742997
3,ZFC3H1 (196441)_damaging,0.0
3,E2F7 (144455)_damaging,0.0
3,NAV3 (89795)_damaging,0.0020643256
3,OTOGL (283310)_damaging,0.0
3,PTPRQ (374462)_damaging,0.0
3,PPFIA2 (8499)_damaging,0.0016908114
3,LRRIQ1 (84125)_damaging,0.0
3,CEP290 (80184)_damaging,0.0
3,PLXNC1 (10154)_damaging,0.0
3,CFAP54 (144535)_damaging,0.0035832275
3,BLTP3B (23074)_damaging,0.0
3,UTP20 (27340)_damaging,0.0
3,STAB2 (55576)_damaging,0.0024339447
3,ACACB (32)_damaging,0.0013004616
3,ATXN2 (6311)_damaging,0.0025301268
3,NAA25 (80018)_damaging,0.0
3,HECTD4 (283450)_damaging,0.0
3,NOS1 (4842)_damaging,0.0
3,CIT (11113)_damaging,0.0
3,HNF1A (6927)_damaging,0.0
3,KDM2B (84678)_damaging,0.0
3,SETD1B (23067)_damaging,0.0
3,HIP1R (9026)_damaging,0.0
3,SBNO1 (55206)_damaging,0.0
3,DNAH10 (196385)_damaging,0.0
3,NCOR2 (9612)_damaging,0.005195117
3,TMEM132D (121256)_damaging,0.0019913076
3,RIMBP2 (23504)_damaging,0.0
3,EP400 (57634)_damaging,0.0
3,POLE (5426)_damaging,0.0005084844
3,GOLGA3 (2802)_damaging,0.0
3,SACS (26278)_damaging,0.0026278386
3,ATP8A2 (51761)_damaging,0.0021288886
3,BRCA2 (675)_damaging,0.0039998116
3,PDS5B (23047)_damaging,0.0044038557
3,NBEA (26960)_damaging,0.002662085
3,FREM2 (341640)_damaging,0.0
3,DGKH (160851)_damaging,0.0026690178
3,ZC3H13 (23091)_damaging,0.0
3,RB1 (5925)_damaging,0.0037616412
3,DIAPH3 (81624)_damaging,0.0
3,KLHL1 (57626)_damaging,0.0
3,DACH1 (1602)_damaging,0.0
3,DIS3 (22894)_damaging,0.0025478804
3,TBC1D4 (9882)_damaging,0.0
3,MYCBP2 (23077)_damaging,0.0
3,SLITRK5 (26050)_damaging,0.0
3,DOCK9 (23348)_damaging,0.0
3,NALCN (259232)_damaging,0.0030588834
3,CCDC168 (643677)_damaging,0.0
3,MYO16 (23026)_damaging,0.0
3,COL4A2 (1284)_damaging,0.0
3,TEP1 (7011)_damaging,0.002108735
3,CHD8 (57680)_damaging,0.0020951382
3,AJUBA (84962)_damaging,0.0
3,ACIN1 (22985)_damaging,0.0
3,MYH7 (4625)_damaging,0.0
3,CARMIL3 (90668)_damaging,0.0
3,NYNRIN (57523)_damaging,0.0
3,AKAP6 (9472)_damaging,0.0018379058
3,RALGAPA1 (253959)_damaging,0.0
3,TTC6 (319089)_damaging,0.0
3,MIA2 (4253)_damaging,0.0
3,FANCM (57697)_damaging,0.0015625433
3,MDGA2 (161357)_damaging,0.0
3,NIN (51199)_damaging,0.0
3,NID2 (22795)_damaging,0.0
3,KTN1 (3895)_damaging,0.0
3,ARID4A (5926)_damaging,0.0
3,HIF1A (3091)_damaging,0.0
3,KCNH5 (27133)_damaging,0.0
3,SYNE2 (23224)_damaging,0.0037202316
3,PCNX1 (22990)_damaging,0.0
3,MIDEAS (91748)_damaging,0.0
3,YLPM1 (56252)_damaging,0.0
3,MLH3 (27030)_damaging,0.0
3,NRXN3 (9369)_damaging,0.0022019104
3,GALC (2581)_damaging,0.0
3,PTPN21 (11099)_damaging,0.0
3,EML5 (161436)_damaging,0.0
3,TRIP11 (9321)_damaging,0.0
3,UNC79 (57578)_damaging,0.002063055
3,ATG2B (55102)_damaging,0.0
3,RTL1 (388015)_damaging,0.0
3,DYNC1H1 (1778)_damaging,0.0
3,KIF26A (26153)_damaging,0.0045511406
3,INF2 (64423)_damaging,0.0
3,AHNAK2 (113146)_damaging,0.00085317355
3,MTA1 (9112)_damaging,0.0
3,HERC2 (8924)_damaging,0.0
3,TRPM1 (4308)_damaging,0.0
3,RYR3 (6263)_damaging,0.0012032482
3,INO80 (54617)_damaging,0.0
3,LTK (4058)_damaging,0.0
3,TYRO3 (7301)_damaging,0.0032559836
3,MGA (23269)_damaging,0.0029569436
3,SPTBN5 (51332)_damaging,0.00328678
3,ZNF106 (64397)_damaging,0.0
3,STARD9 (57519)_damaging,0.0
3,UBR1 (197131)_damaging,0.0
3,TP53BP1 (7158)_damaging,0.0
3,MAP1A (4130)_damaging,0.0
3,SPG11 (80208)_damaging,0.0
3,B2M (567)_damaging,0.0
3,FBN1 (2200)_damaging,0.0059721475
3,CEP152 (22995)_damaging,0.0
3,USP8 (9101)_damaging,0.0
3,TRPM7 (54822)_damaging,0.0
3,AP4E1 (23431)_damaging,0.0
3,MYO5C (55930)_damaging,0.0
3,UNC13C (440279)_damaging,0.0
3,RFX7 (64864)_damaging,0.0
3,TCF12 (6938)_damaging,0.0
3,VPS13C (54832)_damaging,0.002842031
3,TLN2 (83660)_damaging,0.0
3,HERC1 (8925)_damaging,0.003339909
3,ZNF609 (23060)_damaging,0.0
3,NOX5 (79400)_damaging,0.0
3,MYO9A (4649)_damaging,0.002396963
3,HCN4 (10021)_damaging,0.0
3,SIN3A (25942)_damaging,0.004896393
3,PEAK1 (79834)_damaging,0.0
3,ADAMTSL3 (57188)_damaging,0.0
3,AKAP13 (11214)_damaging,0.0
3,AGBL1 (123624)_damaging,0.0
3,TICRR (90381)_damaging,0.0
3,KIF7 (374654)_damaging,0.0023136481
3,IQGAP1 (8826)_damaging,0.0
3,BLM (641)_damaging,0.0
3,FES (2242)_damaging,0.0
3,CHD2 (1106)_damaging,0.00044887123
3,LRRK1 (79705)_damaging,0.0
3,AXIN1 (8312)_damaging,0.0
3,UNKL (64718)_damaging,0.0
3,CRAMP1 (57585)_damaging,0.0
3,TSC2 (7249)_damaging,0.0022971206
3,PKD1 (5310)_damaging,0.0018905734
3,SLX4 (84464)_damaging,0.0
3,CREBBP (1387)_damaging,0.009358876
3,GRIN2A (2903)_damaging,0.0034025917
3,TXNDC11 (51061)_damaging,0.0
3,SMG1 (23049)_damaging,0.0
3,KNOP1 (400506)_damaging,0.008326607
3,DNAH3 (55567)_damaging,0.00015190328
3,SCNN1B (6338)_damaging,0.0
3,PALB2 (79728)_damaging,0.0
3,RBBP6 (5930)_damaging,0.0
3,TNRC6A (27327)_damaging,0.0
3,GTF3C1 (2975)_damaging,0.0
3,ATXN2L (11273)_damaging,0.0
3,ITGAL (3683)_damaging,0.0
3,SRCAP (10847)_damaging,0.0014368523
3,SETD1A (9739)_damaging,0.0
3,SALL1 (6299)_damaging,0.0007461858
3,CHD9 (80205)_damaging,0.0
3,NLRC5 (84166)_damaging,0.0
3,CNGB1 (1258)_damaging,0.0
3,CNOT1 (23019)_damaging,0.0
3,CDH8 (1006)_damaging,0.004871223
3,CDH11 (1009)_damaging,0.0
3,CTCF (10664)_damaging,0.0
3,CDH1 (999)_damaging,0.0
3,DHX38 (9785)_damaging,0.0
3,ZFHX3 (463)_damaging,0.00049056316
3,CNTNAP4 (85445)_damaging,0.0011609385
3,IRF8 (3394)_damaging,0.0
3,ZNF469 (84627)_damaging,0.0
3,ZC3H18 (124245)_damaging,0.0
3,LINC02138 (400558)_damaging,0.0026822293
3,CDH15 (1013)_damaging,0.0
3,ANKRD11 (29123)_damaging,0.0034821876
3,VPS9D1 (9605)_damaging,0.0
3,FANCA (2175)_damaging,0.0
3,CLUH (23277)_damaging,0.00069710775
3,SPATA22 (84690)_damaging,0.0018198
3,ZZEF1 (23140)_damaging,0.0
3,USP6 (9098)_damaging,0.0
3,TP53 (7157)_damaging,0.01834346
3,DNAH2 (146754)_damaging,0.0
3,KDM6B (23135)_damaging,0.0
3,CHD3 (1107)_damaging,0.0
3,PER1 (5187)_damaging,0.0
3,MYH13 (8735)_damaging,0.0
3,MYH8 (4626)_damaging,0.0033738657
3,MYH4 (4622)_damaging,0.0
3,MYH1 (4619)_damaging,0.003109743
3,MYH2 (4620)_damaging,0.0018921987
3,DNAH9 (1770)_damaging,0.002399805
3,NCOR1 (9611)_damaging,0.0
3,FLCN (201163)_damaging,0.0024993722
3,MYO15A (51168)_damaging,0.0
3,TOP3A (7156)_damaging,0.0
3,KSR1 (8844)_damaging,0.0
3,MYO18A (399687)_damaging,0.0
3,EFCAB5 (374786)_damaging,0.0
3,CPD (1362)_damaging,0.0
3,ATAD5 (79915)_damaging,0.0
3,NF1 (4763)_damaging,0.0011095564
3,SLFN11 (91607)_damaging,0.00392353
3,GPR179 (440435)_damaging,0.0
3,ARHGAP23 (57636)_damaging,0.0
3,TOP2A (7153)_damaging,0.0
3,KCNH4 (23415)_damaging,0.0
3,STAT5B (6777)_damaging,0.0
3,BRCA1 (672)_damaging,0.0
3,ITGA2B (3674)_damaging,0.0023597078
3,KANSL1 (284058)_damaging,0.003762539
3,COL1A1 (1277)_damaging,0.0
3,SPAG9 (9043)_damaging,0.0
3,RNF43 (54894)_damaging,0.0
3,PPM1D (8493)_damaging,0.0
3,BCAS3 (54828)_damaging,0.0
3,TBX4 (9496)_damaging,0.0
3,MED13 (9969)_damaging,0.0
3,MRC2 (9902)_damaging,0.0
3,SCN4A (6329)_damaging,0.0023117913
3,GNA13 (10672)_damaging,0.004068508
3,AXIN2 (8313)_damaging,0.0
3,BPTF (2186)_damaging,0.0
3,ABCA8 (10351)_damaging,0.0
3,ABCA9 (10350)_damaging,0.0030404048
3,ABCA6 (23460)_damaging,0.0
3,ABCA10 (10349)_damaging,0.0
3,ABCA5 (23461)_damaging,0.0
3,SOX9 (6662)_damaging,0.0020935521
3,SDK2 (54549)_damaging,0.0027073903
3,TMEM94 (9772)_damaging,0.0
3,CASKIN2 (57513)_damaging,0.0
3,MYO15B (80022)_damaging,0.0
3,ITGB4 (3691)_damaging,0.0
3,EVPL (2125)_damaging,0.0
3,TNRC6C (57690)_damaging,0.0
3,DNAH17 (8632)_damaging,0.0
3,CCDC40 (55036)_damaging,0.0020748968
3,RPTOR (57521)_damaging,0.0
3,BAHCC1 (57597)_damaging,0.0
3,FASN (2194)_damaging,0.0
3,SMCHD1 (23347)_damaging,0.0006894964
3,EPB41L3 (23136)_damaging,0.0
3,LAMA1 (284217)_damaging,0.0010501747
3,PTPRM (5797)_damaging,0.0
3,MTCL1 (23255)_damaging,0.0
3,ANKRD12 (23253)_damaging,0.0
3,PIEZO2 (63895)_damaging,0.0
3,ANKRD30B (374860)_damaging,0.0028971108
3,ROCK1 (6093)_damaging,0.0027078064
3,LAMA3 (3909)_damaging,0.0
3,OSBPL1A (114876)_damaging,0.0
3,ZNF521 (25925)_damaging,0.0
3,ASXL3 (80816)_damaging,0.0020672034
3,FHOD3 (80206)_damaging,0.0024388202
3,SETBP1 (26040)_damaging,0.0022445617
3,EPG5 (57724)_damaging,0.0
3,LOXHD1 (125336)_damaging,0.0
3,ZBTB7C (201501)_damaging,0.0
3,SMAD4 (4089)_damaging,0.0034960026
3,DCC (1630)_damaging,0.0
3,CDH7 (1005)_damaging,0.0
3,DSEL (92126)_damaging,0.0
3,RTTN (25914)_damaging,0.0
3,ZNF407 (55628)_damaging,0.0
3,ZNF236 (7776)_damaging,0.0
3,SALL3 (27164)_damaging,0.0
3,ATP9B (374868)_damaging,0.0
3,KCNG2 (26251)_damaging,0.0
3,ABCA7 (10347)_damaging,0.0
3,STK11 (6794)_damaging,0.0026341593
3,TJP3 (27134)_damaging,0.0
3,ZBTB7A (51341)_damaging,0.0
3,TICAM1 (148022)_damaging,0.0
3,KDM4B (23030)_damaging,0.0008821888
3,PTPRS (5802)_damaging,0.0
3,SAFB2 (9667)_damaging,0.0
3,SAFB (6294)_damaging,0.0
3,CAMSAP3 (57662)_damaging,0.0
3,FBN3 (84467)_damaging,0.0026449063
3,MUC16 (94025)_damaging,0.0021957934
3,COL5A3 (50509)_damaging,0.0
3,KEAP1 (9817)_damaging,0.0
3,DNM2 (1785)_damaging,0.0029557978
3,SMARCA4 (6597)_damaging,0.0025612658
3,CACNA1A (773)_damaging,0.0024729897
3,NOTCH3 (4854)_damaging,0.0
3,BRD4 (23476)_damaging,0.0
3,WIZ (58525)_damaging,0.0
3,CPAMD8 (27151)_damaging,0.0
3,CRLF1 (9244)_damaging,0.003112565
3,ZNF208 (7757)_damaging,0.0
3,ZNF729 (100287226)_damaging,0.0018607904
3,ZNF91 (7644)_damaging,0.0
3,TSHZ3 (57616)_damaging,0.0
3,KMT2B (9757)_damaging,0.0032291473
3,WDR87 (83889)_damaging,0.0023242221
3,RYR1 (6261)_damaging,0.0
3,MAP4K1 (11184)_damaging,0.0
3,FCGBP (8857)_damaging,0.004238754
3,PRX (57716)_damaging,0.0
3,SPTBN4 (57731)_damaging,0.0
3,AXL (558)_damaging,0.0
3,ARHGEF1 (9138)_damaging,0.002770604
3,ERF (2077)_damaging,0.0014765231
3,CIC (23152)_damaging,0.0035053298
3,MEGF8 (1954)_damaging,0.0
3,ARHGAP35 (2909)_damaging,0.0
3,BICRA (29998)_damaging,0.0020509737
3,LMTK3 (114783)_damaging,0.004752722
3,PRR12 (57479)_damaging,0.0
3,POLD1 (5424)_damaging,0.0
3,SHANK1 (50944)_damaging,0.0
3,PPP2R1A (5518)_damaging,0.00295194
3,NLRP7 (199713)_damaging,0.0
3,BRSK1 (84446)_damaging,0.0
3,NLRP9 (338321)_damaging,0.0
3,NLRP4 (147945)_damaging,0.0020972663
3,NLRP8 (126205)_damaging,0.0
3,PEG3 (5178)_damaging,0.0
3,TPO (7173)_damaging,0.0017298725
3,PXDN (7837)_damaging,0.0
3,ROCK2 (9475)_damaging,0.0
3,GREB1 (9687)_damaging,0.0016221565
3,NBAS (51594)_damaging,0.00394857
3,RAD51AP2 (729475)_damaging,0.0
3,APOB (338)_damaging,0.0041518426
3,TDRD15 (100129278)_damaging,0.0
3,ITSN2 (50618)_damaging,0.0
3,DNMT3A (1788)_damaging,0.0030321751
3,ASXL2 (55252)_damaging,0.0
3,OTOF (9381)_damaging,0.0
3,MAPRE3 (22924)_damaging,0.0
3,CAD (790)_damaging,0.0
3,IFT172 (26160)_damaging,0.0
3,SPATA31H1 (84226)_damaging,0.0
3,ALK (238)_damaging,0.0
3,BIRC6 (57448)_damaging,0.0027279097
3,HEATR5B (54497)_damaging,0.0
3,ZFP36L2 (678)_damaging,0.0
3,THADA (63892)_damaging,0.0046234285
3,MSH2 (4436)_damaging,0.0028568537
3,MSH6 (2956)_damaging,0.0036130722
3,NRXN1 (9378)_damaging,0.0
3,SPTBN1 (6711)_damaging,0.0
3,EML6 (400954)_damaging,0.0
3,CCDC88A (55704)_damaging,0.00256804
3,USP34 (9736)_damaging,0.0
3,C2orf42 (54980)_damaging,0.0
3,ZNF638 (27332)_damaging,0.0
3,DYSF (8291)_damaging,0.0021036393
3,ALMS1 (7840)_damaging,0.0018957165
3,CTNNA2 (1496)_damaging,0.002053594
3,DNAH6 (1768)_damaging,0.0018358579
3,PROM2 (150696)_damaging,0.0
3,ANKRD36 (375248)_damaging,0.0
3,EIF5B (9669)_damaging,0.0
3,REV1 (51455)_damaging,0.0
3,DPP10 (57628)_damaging,0.0
3,MARCO (8685)_damaging,0.0
3,EPB41L5 (57669)_damaging,0.0
3,CNTNAP5 (129684)_damaging,0.0029092361
3,WDR33 (55339)_damaging,0.0
3,UGGT1 (56886)_damaging,0.0
3,ARHGEF4 (50649)_damaging,0.0
3,NCKAP5 (344148)_damaging,0.0
3,THSD7B (80731)_damaging,0.0
3,LRP1B (53353)_damaging,0.004306032
3,ZEB2 (9839)_damaging,0.0
3,ACVR2A (92)_damaging,0.009710687
3,ORC4 (5000)_damaging,0.0
3,RIF1 (55183)_damaging,0.0
3,NEB (4703)_damaging,0.0025689432
3,BAZ2B (29994)_damaging,0.0
3,LY75 (4065)_damaging,0.0
3,PLA2R1 (22925)_damaging,0.0
3,SLC4A10 (57282)_damaging,0.0
3,DPP4 (1803)_damaging,0.0
3,KCNH7 (90134)_damaging,0.000605179
3,SCN3A (6328)_damaging,0.0
3,SCN2A (6326)_damaging,0.002500595
3,TTC21B (79809)_damaging,0.0
3,SCN1A (6323)_damaging,0.0019844472
3,SCN9A (6335)_damaging,0.0
3,SCN7A (6332)_damaging,0.0
3,XIRP2 (129446)_damaging,0.003169311
3,LRP2 (4036)_damaging,0.0010811948
3,PPIG (9360)_damaging,0.0
3,MYO3B (140469)_damaging,0.0024657291
3,GPR155 (151556)_damaging,0.0031318774
3,TTN (7273)_damaging,0.0020252205
3,CCDC141 (285025)_damaging,0.0
3,ITGA4 (3676)_damaging,0.0
3,FSIP2 (401024)_damaging,0.0017029812
3,ITGAV (3685)_damaging,0.0
3,COL3A1 (1281)_damaging,0.0
3,COL5A2 (1290)_damaging,0.0
3,ANKAR (150709)_damaging,0.0
3,DNAH7 (56171)_damaging,0.0
3,PLCL1 (5334)_damaging,0.0
3,SGO2 (151246)_damaging,0.0
3,CASP8 (841)_damaging,0.0042800517
3,NOP58 (51602)_damaging,0.0
3,BMPR2 (659)_damaging,0.0
3,NBEAL1 (65065)_damaging,0.0
3,PARD3B (117583)_damaging,0.0
3,ZDBF2 (57683)_damaging,0.0
3,ADAM23 (8745)_damaging,0.0
3,MAP2 (4133)_damaging,0.0
3,UNC80 (285175)_damaging,0.002569952
3,KANSL1L (151050)_damaging,0.0
3,CPS1 (1373)_damaging,0.0
3,ERBB4 (2066)_damaging,0.0
3,ABCA12 (26154)_damaging,0.0033677726
3,FN1 (2335)_damaging,0.0
3,TNS1 (7145)_damaging,0.0
3,CFAP65 (255101)_damaging,0.0018783761
3,SPEG (10290)_damaging,0.0
3,SLC4A3 (6508)_damaging,0.0
3,NYAP2 (57624)_damaging,0.0
3,IRS1 (3667)_damaging,0.0
3,COL4A4 (1286)_damaging,0.0
3,SPHKAP (80309)_damaging,0.0
3,TRIP12 (9320)_damaging,0.0
3,GIGYF2 (26058)_damaging,0.0
3,MROH2A (339766)_damaging,0.0025786376
3,COL6A3 (1293)_damaging,0.0
3,HDAC4 (9759)_damaging,0.0
3,KIF1A (547)_damaging,0.0
3,CROCC2 (728763)_damaging,0.0
3,PASK (23178)_damaging,0.0
3,PLCB4 (5332)_damaging,0.0
3,ESF1 (51575)_damaging,0.0
3,RRBP1 (6238)_damaging,0.0
3,CFAP61 (26074)_damaging,0.0
3,RALGAPA2 (57186)_damaging,0.0
3,CD93 (22918)_damaging,0.0
3,ASXL1 (171023)_damaging,0.0070177545
3,NCOA6 (23054)_damaging,0.0031071168
3,MYH7B (57644)_damaging,0.003180166
3,CEP250 (11190)_damaging,0.0
3,SAMHD1 (25939)_damaging,0.0
3,KIAA1755 (85449)_damaging,0.0
3,RALGAPB (57148)_damaging,0.0
3,PTPRT (11122)_damaging,0.0026392175
3,DDX27 (55661)_damaging,0.001609563
3,ZNF831 (128611)_damaging,0.0015407548
3,SYCP2 (10388)_damaging,0.0
3,LAMA5 (3911)_damaging,0.0
3,DIDO1 (11083)_damaging,0.0056686555
3,COL20A1 (57642)_damaging,0.0
3,HELZ2 (85441)_damaging,0.0
3,TPTE (7179)_damaging,0.0
3,NRIP1 (8204)_damaging,0.0
3,LTN1 (26046)_damaging,0.0
3,USP16 (10600)_damaging,0.0
3,TIAM1 (7074)_damaging,0.0
3,SCAF4 (57466)_damaging,0.0028899482
3,SYNJ1 (8867)_damaging,0.00211756
3,ITSN1 (6453)_damaging,0.0
3,DOP1B (9980)_damaging,0.0
3,BRWD1 (54014)_damaging,0.0
3,DSCAM (1826)_damaging,0.0017095867
3,TRPM2 (7226)_damaging,0.0
3,COL18A1 (80781)_damaging,0.0
3,PCNT (5116)_damaging,0.0
3,ZDHHC8 (29801)_damaging,0.0
3,LZTR1 (8216)_damaging,0.0
3,SMARCB1 (6598)_damaging,0.0
3,MYO18B (84700)_damaging,0.0
3,CHEK2 (11200)_damaging,0.0
3,NF2 (4771)_damaging,0.002729946
3,PRR14L (253143)_damaging,0.0
3,DEPDC5 (9681)_damaging,0.0
3,RTCB (51493)_damaging,0.0
3,MYH9 (4627)_damaging,0.0
3,CSF2RB (1439)_damaging,0.0
3,TRIOBP (11078)_damaging,0.0
3,CACNA1I (8911)_damaging,0.0
3,TNRC6B (23112)_damaging,0.0
3,EP300 (2033)_damaging,0.002087601
3,ZC3H7B (23264)_damaging,0.0
3,MEI1 (150365)_damaging,0.0
3,TCF20 (6942)_damaging,0.0
3,SMC1B (27127)_damaging,0.0
3,PKDREJ (10343)_damaging,0.0
3,PLXNB2 (23654)_damaging,0.0
3,PPP6R2 (9701)_damaging,0.0
3,SBF1 (6305)_damaging,0.0
3,CNTN6 (27255)_damaging,0.0
3,CNTN4 (152330)_damaging,0.0
3,GRM7 (2917)_damaging,0.0
3,SSUH2 (51066)_damaging,0.002101615
3,VHL (7428)_damaging,0.0050517307
3,KCNH8 (131096)_damaging,0.0
3,NEK10 (152110)_damaging,0.0
3,TGFBR2 (7048)_damaging,0.0039609685
3,CLASP2 (23122)_damaging,0.0
3,TRANK1 (9881)_damaging,0.0014461261
3,MLH1 (4292)_damaging,0.0
3,GOLGA4 (2803)_damaging,0.0
3,SCN5A (6331)_damaging,0.0
3,SCN11A (11280)_damaging,0.0
3,KIF15 (56992)_damaging,0.0
3,LARS2 (23395)_damaging,0.0025828164
3,SETD2 (29072)_damaging,0.0
3,PLXNB1 (5364)_damaging,0.0
3,COL7A1 (1294)_damaging,0.0028974179
3,CELSR3 (1951)_damaging,0.0
3,RHOA (387)_damaging,0.0
3,BSN (8927)_damaging,0.0
3,RBM6 (10180)_damaging,0.0
3,DOCK3 (1795)_damaging,0.0
3,DNAH1 (25981)_damaging,0.0018098607
3,BAP1 (8314)_damaging,0.0028891978
3,STAB1 (23166)_damaging,5.2398023e-05
3,PBRM1 (55193)_damaging,0.002260606
3,DNAH12 (201625)_damaging,0.002866214
3,FLNB (2317)_damaging,0.0
3,PTPRG (5793)_damaging,0.0
3,ATXN7 (6314)_damaging,0.0
3,ADAMTS9 (56999)_damaging,0.0
3,ROBO2 (6092)_damaging,0.0
3,ROBO1 (6091)_damaging,0.0
3,EPHA3 (2042)_damaging,0.0
3,EPHA6 (285220)_damaging,0.0
3,CRYBG3 (131544)_damaging,0.0
3,ABI3BP (25890)_damaging,0.0
3,MYH15 (22989)_damaging,0.0
3,DZIP3 (9666)_damaging,0.0
3,MORC1 (27136)_damaging,0.0
3,NECTIN3 (25945)_damaging,0.0
3,ZBTB20 (26137)_damaging,0.0
3,CFAP91 (89876)_damaging,0.0020865013
3,POLQ (10721)_damaging,0.002516521
3,GOLGB1 (2804)_damaging,0.0
3,KALRN (8997)_damaging,0.0035372425
3,COL6A5 (256076)_damaging,0.0031275179
3,DNAJC13 (23317)_damaging,0.0
3,TOPBP1 (11073)_damaging,0.0020548804
3,RASA2 (5922)_damaging,0.0
3,XRN1 (54464)_damaging,0.0
3,ATR (545)_damaging,0.0026718767
3,HPS3 (84343)_damaging,0.0
3,MED12L (116931)_damaging,0.0026891567
3,IGSF10 (285313)_damaging,0.0023056993
3,ARHGEF26 (26084)_damaging,0.001124956
3,MME (4311)_damaging,0.0
3,SMC4 (10051)_damaging,0.0
3,SI (6476)_damaging,0.0
3,MECOM (2122)_damaging,0.0
3,SPATA16 (83893)_damaging,0.0
3,USP13 (8975)_damaging,0.0
3,ATP13A5 (344905)_damaging,0.0
3,MUC4 (4585)_damaging,0.0028129749
3,TNK2 (10188)_damaging,0.0
3,NSD2 (7468)_damaging,0.00285052
3,FAM193A (8603)_damaging,0.0
3,HTT (3064)_damaging,0.0
3,UNC93B7 (100887746)_damaging,0.0034931977
3,BOD1L1 (259282)_damaging,0.0
3,CPEB2 (132864)_damaging,0.0
3,SLIT2 (9353)_damaging,0.0
3,PCDH7 (5099)_damaging,0.0
3,LIMCH1 (22998)_damaging,0.0
3,BEND4 (389206)_damaging,0.0
3,CORIN (10699)_damaging,0.0015687123
3,FRYL (285527)_damaging,0.0
3,KDR (3791)_damaging,0.0019308208
3,CRACD (57482)_damaging,0.0035840606
3,POLR2B (5431)_damaging,0.0
3,ADGRL3 (23284)_damaging,0.0
3,EPHA5 (2044)_damaging,0.0
3,CENPC (1060)_damaging,0.0
3,ADAMTS3 (9508)_damaging,0.0
3,SHROOM3 (57619)_damaging,0.0018273756
3,FRAS1 (80144)_damaging,0.00024473204
3,WDFY3 (23001)_damaging,0.0027961782
3,PTPN13 (5783)_damaging,0.0023465122
3,AFF1 (4299)_damaging,0.0
3,ABCG2 (9429)_damaging,0.0
3,GRID2 (2895)_damaging,0.0
3,SMARCAD1 (56916)_damaging,0.0
3,TET2 (54790)_damaging,0.0
3,COL25A1 (84570)_damaging,0.0
3,EGF (1950)_damaging,0.0
3,ANK2 (287)_damaging,0.0
3,BLTP1 (84162)_damaging,0.0015697047
3,FAT4 (79633)_damaging,0.0032349026
3,PCDH10 (57575)_damaging,0.0
3,LRBA (987)_damaging,0.0
3,FBXW7 (55294)_damaging,0.0034927744
3,FHDC1 (85462)_damaging,0.0
3,DCHS2 (54798)_damaging,0.0
3,MAP9 (79884)_damaging,0.0
3,RAPGEF2 (9693)_damaging,0.0
3,FSTL5 (56884)_damaging,0.0
3,DDX60 (55601)_damaging,0.00018558765
3,TENM3 (55714)_damaging,0.00010516171
3,SORBS2 (8470)_damaging,0.0
3,FAT1 (2195)_damaging,0.003095059
3,SDHA (6389)_damaging,0.0017102543
3,SLC12A7 (10723)_damaging,0.0
3,TERT (7015)_damaging,0.002890933
3,ADAMTS16 (170690)_damaging,0.0
3,ICE1 (23379)_damaging,0.0
3,SEMA5A (9037)_damaging,0.0
3,DNAH5 (1767)_damaging,0.0020744666
3,TRIO (7204)_damaging,0.0
3,CDH18 (1016)_damaging,0.0
3,CDH12 (1010)_damaging,0.0
3,PRDM9 (56979)_damaging,0.0
3,CDH10 (1008)_damaging,0.00057450926
3,CDH6 (1004)_damaging,0.0
3,PDZD2 (23037)_damaging,0.0
3,ADAMTS12 (81792)_damaging,0.0021170522
3,SPEF2 (79925)_damaging,0.0
3,NIPBL (25836)_damaging,0.0
3,CPLANE1 (65250)_damaging,0.0025996969
3,C7 (730)_damaging,0.0019846794
3,MROH2B (133558)_damaging,0.0
3,C6 (729)_damaging,0.0
3,HCN1 (348980)_damaging,0.0
3,DHX29 (54505)_damaging,0.0
3,PIK3R1 (5295)_damaging,0.003093867
3,RAD17 (5884)_damaging,0.0
3,BDP1 (55814)_damaging,0.0
3,ARHGEF28 (64283)_damaging,0.0
3,ANKRD31 (256006)_damaging,0.0
3,AP3B1 (8546)_damaging,0.0
3,CMYA5 (202333)_damaging,0.0028472398
3,MSH3 (4437)_damaging,0.004622618
3,VCAN (1462)_damaging,0.0
3,RASA1 (5921)_damaging,0.0
3,ADGRV1 (84059)_damaging,0.0036619715
3,MCTP1 (79772)_damaging,0.0
3,SKIC3 (9652)_damaging,0.0
3,ARSK (153642)_damaging,0.0
3,PCSK1 (5122)_damaging,0.0
3,APC (324)_damaging,0.003590773
3,KCNN2 (3781)_damaging,0.0
3,DMXL1 (1657)_damaging,0.0031900913
3,CEP120 (153241)_damaging,0.0
3,ZNF608 (57507)_damaging,0.0
3,FBN2 (2201)_damaging,0.0
3,RAPGEF6 (51735)_damaging,0.0
3,RAD50 (10111)_damaging,0.004614246
3,PITX1 (5307)_damaging,0.0033694252
3,LINC02900 (340073)_damaging,0.002823935
3,CTNNA1 (1495)_damaging,0.0024636139
3,WDR55 (54853)_damaging,0.0
3,NR3C1 (2908)_damaging,0.0
3,FAT2 (2196)_damaging,0.0
3,LARP1 (23367)_damaging,0.0
3,SLIT3 (6586)_damaging,0.0
3,DOCK2 (1794)_damaging,0.003815138
3,NSD1 (64324)_damaging,0.0
3,ADAMTS2 (9509)_damaging,0.0
3,FLT4 (2324)_damaging,0.0
3,DSP (1832)_damaging,0.0
3,HIVEP1 (3096)_damaging,0.0
3,JARID2 (3720)_damaging,0.0
3,ATXN1 (6310)_damaging,0.0
3,GABBR1 (2550)_damaging,0.0
3,HLA-A (3105)_damaging,0.002396661
3,MDC1 (9656)_damaging,0.0
3,VARS2 (57176)_damaging,0.0
3,HLA-C (3107)_damaging,0.0020970346
3,HLA-B (3106)_damaging,0.00074461324
3,PRRC2A (7916)_damaging,0.0
3,TNXB (7148)_damaging,0.0
3,NOTCH4 (4855)_damaging,0.0
3,COL11A2 (1302)_damaging,0.0
3,SYNGAP1 (8831)_damaging,0.0
3,ITPR3 (3710)_damaging,0.0
3,DNAH8 (1769)_damaging,0.0
3,KIF6 (221458)_damaging,0.0
3,CCND3 (896)_damaging,0.0
3,UBR2 (23304)_damaging,0.0
3,ZNF318 (24149)_damaging,0.00046520884
3,TDRD6 (221400)_damaging,0.0
3,MMUT (4594)_damaging,0.0
3,PKHD1 (5314)_damaging,0.0036165188
3,FAM83B (222584)_damaging,0.0
3,DST (667)_damaging,0.0029148385
3,PHF3 (23469)_damaging,0.0
3,EYS (346007)_damaging,0.002089834
3,ADGRB3 (577)_damaging,0.0
3,COL19A1 (1310)_damaging,0.0
3,COL9A1 (1297)_damaging,0.0
3,RIMS1 (22999)_damaging,0.0
3,COL12A1 (1303)_damaging,0.0
3,TTK (7272)_damaging,0.0
3,ZNF292 (23036)_damaging,0.001379696
3,MDN1 (23195)_damaging,0.00087670714
3,CASP8AP2 (9994)_damaging,0.0
3,EPHA7 (2045)_damaging,0.0
3,MMS22L (253714)_damaging,0.0
3,AK9 (221264)_damaging,0.004360836
3,REV3L (5980)_damaging,0.0
3,HDAC2 (3066)_damaging,0.0
3,GPRC6A (222545)_damaging,0.0
3,ROS1 (6098)_damaging,0.00040612376
3,TBC1D32 (221322)_damaging,0.0024322257
3,TRDN (10345)_damaging,0.0
3,LAMA2 (3908)_damaging,0.0
3,AKAP7 (9465)_damaging,0.0
3,MED23 (9439)_damaging,0.0
3,TNFAIP3 (7128)_damaging,0.0016876792
3,ECT2L (345930)_damaging,0.0030644413
3,HECA (51696)_damaging,0.0
3,HIVEP2 (3097)_damaging,0.0021631035
3,UTRN (7402)_damaging,0.0
3,SHPRH (257218)_damaging,0.0
3,ADGB (79747)_damaging,0.0
3,SYNE1 (23345)_damaging,0.003274684
3,SCAF8 (22828)_damaging,0.0
3,ARID1B (57492)_damaging,0.0
3,FNDC1 (84624)_damaging,0.0
3,LPA (4018)_damaging,0.0
3,MAP3K4 (4216)_damaging,0.0
3,QKI (9444)_damaging,0.00023130082
3,AFDN (4301)_damaging,0.0017490714
3,CARD11 (84433)_damaging,0.0
3,SDK1 (221935)_damaging,0.0
3,TNRC18 (84629)_damaging,0.0
3,PMS2 (5395)_damaging,0.0
3,COL28A1 (340267)_damaging,0.0
3,THSD7A (221981)_damaging,0.0028183537
3,VWDE (221806)_damaging,0.0
3,AHR (196)_damaging,0.0
3,HDAC9 (9734)_damaging,0.0
3,ABCB5 (340273)_damaging,0.0027114656
3,DNAH11 (8701)_damaging,0.0019566645
3,STK31 (56164)_damaging,0.0026365698
3,CDK13 (8621)_damaging,0.0
3,GLI3 (2737)_damaging,0.0
3,HECW1 (23072)_damaging,0.0
3,AEBP1 (165)_damaging,0.0
3,PKD1L1 (168507)_damaging,0.0
3,ABCA13 (154664)_damaging,0.0030671014
3,FIGNL1 (63979)_damaging,0.0
3,ZNF735 (730291)_damaging,0.0
3,AUTS2 (26053)_damaging,0.0
3,MAGI2 (9863)_damaging,0.0044118906
3,PCLO (27445)_damaging,0.00017012117
3,SEMA3E (9723)_damaging,0.0
3,ABCB4 (5244)_damaging,0.0
3,ZNF804B (219578)_damaging,0.0
3,AKAP9 (10142)_damaging,0.003363423
3,ANKIB1 (54467)_damaging,0.0
3,SAMD9 (54809)_damaging,0.0
3,SAMD9L (219285)_damaging,0.0
3,COL1A2 (1278)_damaging,0.0
3,TRRAP (8295)_damaging,0.0
3,ZAN (7455)_damaging,0.0
3,MUC12 (10071)_damaging,0.0
3,MUC17 (140453)_damaging,0.0022893087
3,PLOD3 (8985)_damaging,0.0
3,CUX1 (1523)_damaging,0.0
3,RELN (5649)_damaging,0.0030320839
3,KMT2E (55904)_damaging,0.0
3,PIK3CG (5294)_damaging,0.0
3,LAMB4 (22798)_damaging,0.0
3,PPP1R3A (5506)_damaging,0.0019826847
3,CFTR (1080)_damaging,0.0
3,CTTNBP2 (83992)_damaging,0.0
3,WNT16 (51384)_damaging,0.0
3,PTPRZ1 (5803)_damaging,0.0024843393
3,CADPS2 (93664)_damaging,0.0
3,IQUB (154865)_damaging,0.0034347796
3,GRM8 (2918)_damaging,0.0
3,FLNC (2318)_damaging,0.0
3,PLXNA4 (91584)_damaging,0.0028428105
3,NUP205 (23165)_damaging,0.0
3,DGKI (9162)_damaging,0.0
3,TRIM24 (8805)_damaging,0.0
3,KIAA1549 (57670)_damaging,0.0
3,MGAM (8972)_damaging,0.0031916045
3,MGAM2 (93432)_damaging,0.0
3,EPHB6 (2051)_damaging,0.0
3,KEL (3792)_damaging,0.0023890925
3,NOBOX (135935)_damaging,0.0
3,CNTNAP2 (26047)_damaging,0.0
3,EZH2 (2146)_damaging,0.0
3,KCNH2 (3757)_damaging,0.0
3,NOS3 (4846)_damaging,0.0
3,KMT2C (58508)_damaging,0.0026495848
3,DPP6 (1804)_damaging,0.0
3,PTPRN2 (5799)_damaging,0.0
3,CSMD1 (64478)_damaging,0.0023118383
3,RP1L1 (94137)_damaging,0.0
3,TRMT9B (57604)_damaging,0.0023943705
3,DLC1 (10395)_damaging,0.0022097472
3,DOCK5 (80005)_damaging,0.0
3,NUGGC (389643)_damaging,0.0
3,TEX15 (56154)_damaging,0.0
3,WRN (7486)_damaging,0.0
3,ADGRA2 (25960)_damaging,0.0024491826
3,ANK1 (286)_damaging,0.0
3,PRKDC (5591)_damaging,0.0005208893
3,PXDNL (137902)_damaging,0.0031361661
3,ST18 (9705)_damaging,0.0
3,RB1CC1 (9821)_damaging,0.0
3,RP1 (6101)_damaging,0.0
3,ARFGEF1 (10565)_damaging,0.0
3,PREX2 (80243)_damaging,0.0023012583
3,SULF1 (23213)_damaging,0.0
3,KCNB2 (9312)_damaging,0.0
3,ZFHX4 (79776)_damaging,0.0029006766
3,WWP1 (11059)_damaging,0.0
3,NBN (4683)_damaging,0.0
3,ESRP1 (54845)_damaging,0.0
3,VPS13B (157680)_damaging,0.00022977545
3,RGS22 (26166)_damaging,0.0
3,UBR5 (51366)_damaging,0.0026010578
3,RIMS2 (9699)_damaging,0.0
3,PKHD1L1 (93035)_damaging,0.0027808691
3,CSMD3 (114788)_damaging,0.00067509036
3,TRPS1 (7227)_damaging,0.0
3,COL14A1 (7373)_damaging,0.0025639248
3,FER1L6 (654463)_damaging,0.0
3,EFR3A (23167)_damaging,0.0
3,OC90 (729330)_damaging,0.0
3,KCNQ3 (3786)_damaging,0.0
3,PHF20L1 (51105)_damaging,0.002017982
3,COL22A1 (169044)_damaging,0.0009017768
3,ADGRB1 (575)_damaging,0.0
3,PLEC (5339)_damaging,0.0024657326
3,CYC1 (1537)_damaging,0.0
3,CPSF1 (29894)_damaging,0.0
3,KIFC2 (90990)_damaging,0.00016591944
3,DOCK8 (81704)_damaging,0.0
3,SMARCA2 (6595)_damaging,0.0
3,ERMP1 (79956)_damaging,0.0
3,PTPRD (5789)_damaging,0.0
3,MPDZ (8777)_damaging,0.0
3,CCDC171 (203238)_damaging,0.0
3,CNTLN (54875)_damaging,0.0
3,DENND4C (55667)_damaging,0.0
3,CDKN2A (1029)_damaging,0.0013627405
3,TAF1L (138474)_damaging,0.0
3,FANCG (2189)_damaging,0.0
3,PIGO (84720)_damaging,0.0
3,UNC13B (10497)_damaging,0.0
3,RUSC2 (9853)_damaging,0.0
3,SPAG8 (26206)_damaging,0.001757142
3,TMC1 (117531)_damaging,0.0
3,TRPM6 (140803)_damaging,0.0
3,PCSK5 (5125)_damaging,0.004232056
3,PRUNE2 (158471)_damaging,0.0
3,VPS13A (23230)_damaging,0.0
3,TLE4 (7091)_damaging,0.0046266476
3,KIF27 (55582)_damaging,0.0
3,ROR2 (4920)_damaging,0.0
3,NOL8 (55035)_damaging,0.0
3,WNK2 (65268)_damaging,0.0
3,PTCH1 (5727)_damaging,0.0
3,COL15A1 (1306)_damaging,0.0
3,ELP1 (8518)_damaging,6.4094e-05
3,TMEM245 (23731)_damaging,0.0023578808
3,PALM2AKAP2 (445815)_damaging,0.0
3,SVEP1 (79987)_damaging,0.0025883894
3,FKBP15 (23307)_damaging,0.0
3,COL27A1 (85301)_damaging,0.0024097804
3,PAPPA (5069)_damaging,0.0
3,TLR4 (7099)_damaging,0.004464537
3,C5 (727)_damaging,0.0
3,CNTRL (11064)_damaging,0.0
3,DENND1A (57706)_damaging,0.0
3,GOLGA2 (2801)_damaging,0.0
3,SPTAN1 (6709)_damaging,0.0
3,HMCN2 (256158)_damaging,0.0
3,NUP214 (8021)_damaging,0.0022187072
3,PRRC2B (84726)_damaging,0.0
3,UCK1 (83549)_damaging,0.0
3,SETX (23064)_damaging,0.0
3,ADAMTSL2 (9719)_damaging,0.0
3,BRD3 (8019)_damaging,0.0
3,WDR5 (11091)_damaging,0.0
3,COL5A1 (1289)_damaging,0.0
3,CAMSAP1 (157922)_damaging,0.0019721664
3,NOTCH1 (4851)_damaging,0.0028697543
3,ABCA2 (20)_damaging,0.0
3,CACNA1B (774)_damaging,0.0
3,MXRA5 (25878)_damaging,0.0
3,NHS (4810)_damaging,0.0
3,MAP3K15 (389840)_damaging,0.0
3,DMD (1756)_damaging,0.0021897366
3,CFAP47 (286464)_damaging,0.0032437327
3,BCOR (54880)_damaging,0.003940522
3,USP9X (8239)_damaging,0.0028039906
3,DDX3X (1654)_damaging,0.006146377
3,KDM6A (7403)_damaging,0.0027054423
3,RBM10 (8241)_damaging,0.0
3,TFE3 (7030)_damaging,0.0
3,CACNA1F (778)_damaging,0.0
3,CCNB3 (85417)_damaging,0.0024071
3,KDM5C (8242)_damaging,0.0
3,IQSEC2 (23096)_damaging,0.0
3,HUWE1 (10075)_damaging,0.0
3,WNK3 (65267)_damaging,0.0
3,AMER1 (139285)_damaging,0.0
3,OPHN1 (4983)_damaging,0.0
3,MED12 (9968)_damaging,0.0030020082
3,ZMYM3 (9203)_damaging,0.0034099172
3,NEXMIF (340533)_damaging,0.0
3,ATRX (546)_damaging,0.0
3,BRWD3 (254065)_damaging,0.0
3,CYLC1 (1538)_damaging,0.0
3,ZNF711 (7552)_damaging,0.0
3,DIAPH2 (1730)_damaging,0.0022866642
3,PCDH19 (57526)_damaging,0.0
3,RAB40A (142684)_damaging,0.0027992812
3,NRK (203447)_damaging,0.0
3,MORC4 (79710)_damaging,0.0
3,COL4A6 (1288)_damaging,0.0021601848
3,COL4A5 (1287)_damaging,0.0031225039
3,GUCY2F (2986)_damaging,0.0
3,STAG2 (10735)_damaging,0.004049847
3,TENM1 (10178)_damaging,0.0
3,BCORL1 (63035)_damaging,0.0027089354
3,USP26 (83844)_damaging,0.0
3,ADGRG4 (139378)_damaging,0.0
3,SPANXN4 (441525)_damaging,0.0035284115
3,SLITRK2 (84631)_damaging,0.0
3,FMR1 (2332)_damaging,0.0
3,AFF2 (2334)_damaging,0.0
3,F8 (2157)_damaging,0.0
3,MT-ND4 (4538)_damaging,0.0029161398
3,MT-ND5 (4540)_damaging,0.0021989776
4,MTOR (2475)_hotspot,0.0028592995
4,NRAS (4893)_hotspot,0.003220671
4,PTEN (5728)_hotspot,0.0020860913
4,HRAS (3265)_hotspot,0.0
4,ATM (472)_hotspot,0.0
4,KRAS (3845)_hotspot,0.0026911756
4,ERBB3 (2065)_hotspot,0.0021777444
4,RB1 (5925)_hotspot,0.0025668202
4,CREBBP (1387)_hotspot,0.0
4,TP53 (7157)_hotspot,0.0055570425
4,NF1 (4763)_hotspot,0.0025654144
4,ERBB2 (2064)_hotspot,0.0
4,SMAD4 (4089)_hotspot,0.0029006775
4,STK11 (6794)_hotspot,0.0020919251
4,SMARCA4 (6597)_hotspot,0.0
4,C2orf81 (388963)_hotspot,0.0037024387
4,NFE2L2 (4780)_hotspot,0.0033402038
4,VHL (7428)_hotspot,0.0
4,CTNNB1 (1499)_hotspot,0.002293433
4,RHOA (387)_hotspot,0.0
4,PIK3CA (5290)_hotspot,0.0033629104
4,FBXW7 (55294)_hotspot,0.0027648865
4,TERT (7015)_hotspot,0.005159335
4,PIK3R1 (5295)_hotspot,0.0
4,APC (324)_hotspot,0.0021558807
4,RAC1 (5879)_hotspot,0.0
4,EGFR (1956)_hotspot,0.0
4,BRAF (673)_hotspot,0.00546539
4,CDKN2A (1029)_hotspot,0.0019317677
4,MXRA8 (54587)_damaging,0.0
4,MEGF6 (1953)_damaging,0.0
4,CHD5 (26038)_damaging,0.0019085242
4,RPL22 (6146)_damaging,0.0
4,CAMTA1 (23261)_damaging,0.0
4,SLC45A1 (50651)_damaging,0.0020390342
4,RERE (473)_damaging,0.0005612192
4,VPS13D (55187)_damaging,0.0
4,FHAD1 (114827)_damaging,0.0
4,SPEN (23013)_damaging,0.0015397829
4,EPHA2 (1969)_damaging,0.0
4,UBR4 (23352)_damaging,0.0021546723
4,VWA5B1 (127731)_damaging,0.0
4,EIF4G3 (8672)_damaging,0.0
4,HSPG2 (3339)_damaging,0.0
4,LUZP1 (7798)_damaging,0.0
4,ID3 (3399)_damaging,0.004359315
4,ELOA (6924)_damaging,0.0
4,ARID1A (8289)_damaging,0.0013477353
4,WDTC1 (23038)_damaging,0.0
4,PTPRU (10076)_damaging,0.0
4,COL16A1 (1307)_damaging,0.0
4,CSMD2 (114784)_damaging,0.0
4,ZMYM6 (9204)_damaging,0.0
4,ZMYM1 (79830)_damaging,0.0
4,ZMYM4 (9202)_damaging,0.0
4,CLSPN (63967)_damaging,0.0
4,AGO1 (26523)_damaging,0.0
4,MAP7D1 (55700)_damaging,0.0
4,MACF1 (23499)_damaging,0.0032231573
4,TIE1 (7075)_damaging,0.0
4,MPL (4352)_damaging,0.0
4,SZT2 (23334)_damaging,0.0
4,ZSWIM5 (57643)_damaging,0.0
4,MUTYH (4595)_damaging,0.0
4,MAST2 (23139)_damaging,0.0
4,FAAH (2166)_damaging,0.0
4,TAL1 (6886)_damaging,0.0
4,NFIA (4774)_damaging,0.0030501646
4,PATJ (10207)_damaging,0.0
4,DOCK7 (85440)_damaging,0.0
4,EFCAB7 (84455)_damaging,0.0
4,LEPR (3953)_damaging,0.0
4,LRRC7 (57554)_damaging,0.0
4,ERICH3 (127254)_damaging,0.0030405645
4,SLC44A5 (204962)_damaging,0.0
4,AK5 (26289)_damaging,0.0025743803
4,ADGRL4 (64123)_damaging,0.0
4,ADGRL2 (23266)_damaging,0.0033774262
4,COL24A1 (255631)_damaging,0.0
4,HFM1 (164045)_damaging,0.0
4,BTBD8 (284697)_damaging,0.0
4,RPL5 (6125)_damaging,0.0017598683
4,PTBP2 (58155)_damaging,0.0
4,DPYD (1806)_damaging,0.0
4,COL11A1 (1301)_damaging,0.0
4,EPS8L3 (79574)_damaging,0.0
4,MAGI3 (260425)_damaging,0.0
4,SYCP1 (6847)_damaging,0.0
4,CD58 (965)_damaging,0.0
4,MAN1A2 (10905)_damaging,0.0
4,SPAG17 (200162)_damaging,0.0
4,NOTCH2 (4853)_damaging,0.0
4,BCL9 (607)_damaging,0.0026780695
4,ADAMTSL4 (54507)_damaging,0.0
4,SETDB1 (9869)_damaging,0.0
4,ZNF687 (57592)_damaging,0.0
4,TCHH (7062)_damaging,0.0020512613
4,FLG (2312)_damaging,0.0005448645
4,CCDST (112268240)_damaging,0.0023682648
4,FLG2 (388698)_damaging,0.0
4,UBAP2L (9898)_damaging,0.0
4,ADAR (103)_damaging,0.0
4,ASH1L (55870)_damaging,0.0
4,IQGAP3 (128239)_damaging,0.0
4,NES (10763)_damaging,0.0
4,INSRR (3645)_damaging,0.0
4,SPTA1 (6708)_damaging,0.003273985
4,PYHIN1 (149628)_damaging,0.0
4,F5 (2153)_damaging,0.0
4,PRRC2C (23215)_damaging,0.0
4,TNR (7143)_damaging,0.0028740226
4,PAPPA2 (60676)_damaging,0.0015606727
4,ABL2 (27)_damaging,0.0
4,AXDND1 (126859)_damaging,0.0
4,TDRD5 (163589)_damaging,0.0
4,CEP350 (9857)_damaging,0.0
4,CACNA1E (777)_damaging,0.0
4,RGL1 (23179)_damaging,0.0
4,HMCN1 (83872)_damaging,0.0019262581
4,TPR (7175)_damaging,0.0
4,KCNT2 (343450)_damaging,0.0
4,CFH (3075)_damaging,0.0
4,ASPM (259266)_damaging,0.0008884067
4,PTPRC (5788)_damaging,0.0
4,CAMSAP2 (23271)_damaging,0.0
4,CACNA1S (779)_damaging,0.0023149252
4,IGFN1 (91156)_damaging,0.0019706988
4,NAV1 (89796)_damaging,0.0
4,ELF3 (1999)_damaging,0.0
4,KDM5B (10765)_damaging,0.0
4,ATP2B4 (493)_damaging,0.0
4,PLEKHA6 (22874)_damaging,0.0
4,PIK3C2B (5287)_damaging,0.0013581605
4,NFASC (23114)_damaging,0.0037432257
4,CR2 (1380)_damaging,0.0
4,PLXNA2 (5362)_damaging,0.0
4,PTPN14 (5784)_damaging,0.0
4,CENPF (1063)_damaging,0.002865884
4,USH2A (7399)_damaging,0.003122863
4,DNAH14 (127602)_damaging,0.0022985234
4,CDC42BPA (8476)_damaging,0.0
4,OBSCN (84033)_damaging,0.0027438076
4,H3-4 (8290)_damaging,0.0
4,SIPA1L2 (57568)_damaging,0.0
4,PCNX2 (80003)_damaging,0.0
4,MAP3K21 (84451)_damaging,0.0020329345
4,ARID4B (51742)_damaging,0.0
4,LYST (1130)_damaging,0.0
4,HEATR1 (55127)_damaging,0.0
4,RYR2 (6262)_damaging,0.003411556
4,CHRM3 (1131)_damaging,0.0023210743
4,FMN2 (56776)_damaging,0.0015801231
4,RGS7 (6000)_damaging,0.0
4,SDCCAG8 (10806)_damaging,0.0
4,KIF26B (55083)_damaging,0.0
4,LARP4B (23185)_damaging,0.0
4,ADARB2 (105)_damaging,0.0
4,PITRM1 (10531)_damaging,0.002404813
4,CUBN (8029)_damaging,0.0
4,MRC1 (4360)_damaging,0.0
4,MALRD1 (340895)_damaging,0.0
4,MLLT10 (8028)_damaging,0.0
4,SPAG6 (9576)_damaging,0.0
4,ARMC3 (219681)_damaging,0.0
4,ANKRD26 (22852)_damaging,0.002301165
4,ODAD2 (55130)_damaging,0.0
4,SVIL (6840)_damaging,0.0
4,JCAD (57608)_damaging,0.0020422197
4,KIF5B (3799)_damaging,0.0
4,ANKRD30A (91074)_damaging,0.0
4,WDFY4 (57705)_damaging,0.007774431
4,C10orf71 (118461)_damaging,0.00045945714
4,PCDH15 (65217)_damaging,0.0018373202
4,ANK3 (288)_damaging,0.003294928
4,ARID5B (84159)_damaging,0.0
4,JMJD1C (221037)_damaging,0.0007418321
4,CTNNA3 (29119)_damaging,0.0
4,CDH23 (64072)_damaging,0.0021640817
4,DLG5 (9231)_damaging,0.0
4,ZMIZ1 (57178)_damaging,0.0
4,WAPL (23063)_damaging,0.0
4,PTEN (5728)_damaging,0.001848999
4,KIF20B (9585)_damaging,0.0
4,BTAF1 (9044)_damaging,0.0019567471
4,MYOF (26509)_damaging,0.0
4,PLCE1 (51196)_damaging,0.0
4,CC2D2B (387707)_damaging,0.0
4,ZNF518A (9849)_damaging,0.0
4,LCOR (84458)_damaging,0.0
4,SLIT1 (6585)_damaging,0.0
4,PAX2 (5076)_damaging,0.0
4,PPRC1 (23082)_damaging,0.0
4,PSD (5662)_damaging,0.0
4,CNNM2 (54805)_damaging,0.0
4,PDCD11 (22984)_damaging,0.0
4,SH3PXD2A (9644)_damaging,0.0
4,SLK (9748)_damaging,0.0030324785
4,SORCS3 (22986)_damaging,0.0
4,SORCS1 (114815)_damaging,0.0
4,SMC3 (9126)_damaging,0.0
4,TCF7L2 (6934)_damaging,0.00018285755
4,CCDC186 (55088)_damaging,0.0
4,ATRNL1 (26033)_damaging,0.00022024261
4,PDZD8 (118987)_damaging,0.0
4,TACC2 (10579)_damaging,0.0
4,DMBT1 (1755)_damaging,0.0
4,DOCK1 (1793)_damaging,0.0
4,MKI67 (4288)_damaging,0.005233984
4,JAKMIP3 (282973)_damaging,0.0007876458
4,CFAP46 (54777)_damaging,0.0023818684
4,B4GALNT4 (338707)_damaging,0.0
4,PKP3 (11187)_damaging,0.0
4,PHRF1 (57661)_damaging,0.0
4,MUC5AC (4586)_damaging,0.0018790116
4,MUC5B (727897)_damaging,0.0
4,BRSK2 (9024)_damaging,0.0
4,KCNQ1 (3784)_damaging,0.0
4,NUP98 (4928)_damaging,0.002544911
4,OR51E2 (81285)_damaging,0.0
4,DNHD1 (144132)_damaging,0.0
4,DCHS1 (8642)_damaging,0.0
4,IPO7 (10527)_damaging,0.0
4,SBF2 (81846)_damaging,0.0
4,MICAL2 (9645)_damaging,0.0
4,PLEKHA7 (144100)_damaging,0.0
4,PIK3C2A (5286)_damaging,0.0
4,ABCC8 (6833)_damaging,0.0
4,USH1C (10083)_damaging,0.0
4,OTOG (340990)_damaging,0.0
4,HPS5 (11234)_damaging,0.0
4,NAV2 (89797)_damaging,0.0
4,ANO5 (203859)_damaging,0.0
4,DCDC1 (341019)_damaging,0.0
4,CCDC73 (493860)_damaging,0.0024756035
4,CSTF3 (1479)_damaging,0.0005742113
4,KIAA1549L (25758)_damaging,0.0
4,DGKZ (8525)_damaging,0.0
4,LRP4 (4038)_damaging,0.0
4,FOLH1 (2346)_damaging,0.0
4,OR4P4 (81300)_damaging,0.0
4,CTNND1 (1500)_damaging,0.0
4,DTX4 (23220)_damaging,0.0
4,MYRF (745)_damaging,0.0
4,AHNAK (79026)_damaging,0.0
4,SLC3A2 (6520)_damaging,0.0
4,NRXN2 (9379)_damaging,0.0
4,ATG2A (23130)_damaging,0.0
4,PCNX3 (399909)_damaging,0.0
4,RIN1 (9610)_damaging,0.0
4,SHANK2 (22941)_damaging,0.0
4,NUMA1 (4926)_damaging,0.0
4,INPPL1 (3636)_damaging,0.003743504
4,ARHGEF17 (9828)_damaging,0.0
4,C2CD3 (26005)_damaging,0.0
4,MYO7A (4647)_damaging,0.0
4,RSF1 (51773)_damaging,0.0
4,TENM4 (26011)_damaging,0.0026974191
4,DLG2 (1740)_damaging,0.0
4,SYTL2 (54843)_damaging,0.0017130971
4,FAT3 (120114)_damaging,0.0
4,DEUP1 (159989)_damaging,0.0
4,CNTN5 (53942)_damaging,0.0
4,CEP126 (57562)_damaging,0.0
4,MMP3 (4314)_damaging,0.0016606925
4,DYNC2H1 (79659)_damaging,0.0
4,NPAT (4863)_damaging,3.7875103e-05
4,ATM (472)_damaging,0.0025476185
4,EXPH5 (23086)_damaging,0.0
4,NCAM1 (4684)_damaging,0.0
4,USP28 (57646)_damaging,0.0
4,DSCAML1 (57453)_damaging,0.0
4,KMT2A (4297)_damaging,0.0029247636
4,BCL9L (283149)_damaging,0.0
4,HYOU1 (10525)_damaging,0.0
4,ARHGEF12 (23365)_damaging,0.0
4,TECTA (7007)_damaging,0.0
4,SORL1 (6653)_damaging,0.0018115393
4,ROBO3 (64221)_damaging,0.0
4,IGSF9B (22997)_damaging,0.0
4,GLB1L2 (89944)_damaging,0.0
4,LINC02714 (729305)_damaging,0.0
4,KDM5A (5927)_damaging,0.0
4,WNK1 (65125)_damaging,0.0
4,CACNA1C (775)_damaging,0.0026360406
4,VWF (7450)_damaging,0.001078431
4,PLEKHG6 (55200)_damaging,0.0
4,CHD4 (1108)_damaging,0.0026507508
4,ATN1 (1822)_damaging,0.0
4,A2ML1 (144568)_damaging,0.0
4,A2M (2)_damaging,0.0
4,PZP (5858)_damaging,0.0
4,GRIN2B (2904)_damaging,0.0
4,ATF7IP (55729)_damaging,0.0
4,PIK3C2G (5288)_damaging,0.0
4,SLCO1B3 (28234)_damaging,0.0
4,RECQL (5965)_damaging,0.0017012857
4,ABCC9 (10060)_damaging,0.0023290014
4,C2CD5 (9847)_damaging,0.0019876282
4,ITPR2 (3709)_damaging,0.0005999434
4,OVCH1 (341350)_damaging,0.0
4,KIF21A (55605)_damaging,0.0
4,LRRK2 (120892)_damaging,0.0017611472
4,MUC19 (283463)_damaging,0.0030509627
4,CNTN1 (1272)_damaging,0.0025027092
4,ADAMTS20 (80070)_damaging,0.0
4,ANO6 (196527)_damaging,0.0019621598
4,ARID2 (196528)_damaging,0.0027957768
4,HDAC7 (51564)_damaging,0.0
4,COL2A1 (1280)_damaging,0.0
4,WNT1 (7471)_damaging,0.0016299605
4,KMT2D (8085)_damaging,0.0025499025
4,NCKAP5L (57701)_damaging,0.0
4,DIP2B (57609)_damaging,0.0
4,TNS2 (23371)_damaging,0.0
4,MAP3K12 (7786)_damaging,0.0
4,ERBB3 (2065)_damaging,0.0
4,PAN2 (9924)_damaging,0.0024365785
4,STAT2 (6773)_damaging,0.0
4,NACA (4666)_damaging,0.0
4,MYO1A (4640)_damaging,0.0
4,STAT6 (6778)_damaging,0.0
4,LRP1 (4035)_damaging,0.0046088323
4,R3HDM2 (22864)_damaging,0.0
4,GLI1 (2735)_damaging,0.0
4,MBD6 (114785)_damaging,0.0003932438
4,KIF5A (3798)_damaging,0.0030344194
4,PTPRB (5787)_damaging,0.0
4,ZFC3H1 (196441)_damaging,0.0
4,E2F7 (144455)_damaging,0.0
4,NAV3 (89795)_damaging,0.0
4,OTOGL (283310)_damaging,0.0
4,PTPRQ (374462)_damaging,0.0
4,PPFIA2 (8499)_damaging,0.004029086
4,LRRIQ1 (84125)_damaging,0.0
4,CEP290 (80184)_damaging,0.0
4,EPYC (1833)_damaging,0.0
4,PLXNC1 (10154)_damaging,0.0
4,CFAP54 (144535)_damaging,0.002899383
4,ANKS1B (56899)_damaging,0.0
4,UTP20 (27340)_damaging,0.0
4,STAB2 (55576)_damaging,0.0023464612
4,ACACB (32)_damaging,0.0
4,CUX2 (23316)_damaging,0.0064545036
4,DTX1 (1840)_damaging,0.0
4,NOS1 (4842)_damaging,0.0
4,CIT (11113)_damaging,0.0
4,HNF1A (6927)_damaging,0.0
4,KDM2B (84678)_damaging,0.0
4,SETD1B (23067)_damaging,0.0
4,CFAP251 (144406)_damaging,0.0
4,KNTC1 (9735)_damaging,0.0
4,SBNO1 (55206)_damaging,0.0
4,DNAH10 (196385)_damaging,0.0
4,NCOR2 (9612)_damaging,0.0
4,TMEM132D (121256)_damaging,0.003112639
4,RIMBP2 (23504)_damaging,0.0
4,SFSWAP (6433)_damaging,0.0
4,EP400 (57634)_damaging,0.0015360351
4,POLE (5426)_damaging,0.0004725578
4,SACS (26278)_damaging,0.0025825559
4,RNF17 (56163)_damaging,0.0
4,ATP8A2 (51761)_damaging,0.0021952149
4,FRY (10129)_damaging,0.0
4,BRCA2 (675)_damaging,0.0029786534
4,PDS5B (23047)_damaging,0.007862264
4,NBEA (26960)_damaging,0.0019137281
4,FREM2 (341640)_damaging,0.0
4,DGKH (160851)_damaging,0.0
4,ZC3H13 (23091)_damaging,0.0
4,RUBCNL (80183)_damaging,0.0
4,RB1 (5925)_damaging,0.0038066495
4,RCBTB2 (1102)_damaging,0.0
4,KLHL1 (57626)_damaging,0.0
4,DIS3 (22894)_damaging,0.0
4,MYCBP2 (23077)_damaging,0.0
4,SLITRK5 (26050)_damaging,0.0
4,NALCN (259232)_damaging,0.0
4,CCDC168 (643677)_damaging,0.0009479151
4,MYO16 (23026)_damaging,0.001426818
4,COL4A1 (1282)_damaging,0.0
4,COL4A2 (1284)_damaging,0.0
4,TEP1 (7011)_damaging,0.0
4,ARHGEF40 (55701)_damaging,0.0
4,CHD8 (57680)_damaging,0.0
4,AJUBA (84962)_damaging,0.0025080382
4,ACIN1 (22985)_damaging,0.0
4,MYH7 (4625)_damaging,0.0
4,CARMIL3 (90668)_damaging,0.0
4,NYNRIN (57523)_damaging,0.0
4,G2E3 (55632)_damaging,0.0
4,AKAP6 (9472)_damaging,0.0
4,NPAS3 (64067)_damaging,0.0
4,RALGAPA1 (253959)_damaging,0.0
4,MIPOL1 (145282)_damaging,0.0
4,MIA2 (4253)_damaging,0.0
4,TOGARAM1 (23116)_damaging,0.0
4,FANCM (57697)_damaging,0.0
4,MDGA2 (161357)_damaging,0.0
4,NIN (51199)_damaging,0.0
4,NID2 (22795)_damaging,0.0
4,KTN1 (3895)_damaging,0.0
4,ARID4A (5926)_damaging,0.0
4,HIF1A (3091)_damaging,0.0
4,KCNH5 (27133)_damaging,0.0
4,SYNE2 (23224)_damaging,0.0038864922
4,PCNX1 (22990)_damaging,0.0
4,SIPA1L1 (26037)_damaging,0.0022280237
4,MIDEAS (91748)_damaging,0.0
4,YLPM1 (56252)_damaging,0.0
4,MLH3 (27030)_damaging,0.004156903
4,NRXN3 (9369)_damaging,0.0
4,CEP128 (145508)_damaging,0.0019520205
4,PTPN21 (11099)_damaging,0.0
4,EML5 (161436)_damaging,0.0
4,FOXN3 (1112)_damaging,0.0
4,TRIP11 (9321)_damaging,0.0
4,UNC79 (57578)_damaging,0.0013537165
4,ATG2B (55102)_damaging,0.0020162943
4,RTL1 (388015)_damaging,0.0
4,DYNC1H1 (1778)_damaging,0.0
4,KIF26A (26153)_damaging,0.0
4,INF2 (64423)_damaging,0.0
4,AHNAK2 (113146)_damaging,0.0013930799
4,HERC2 (8924)_damaging,0.0
4,TJP1 (7082)_damaging,0.0
4,TRPM1 (4308)_damaging,0.0
4,FMN1 (342184)_damaging,0.0014005693
4,RYR3 (6263)_damaging,0.0010585665
4,SPRED1 (161742)_damaging,0.0
4,KNL1 (57082)_damaging,0.0
4,INO80 (54617)_damaging,0.0
4,TYRO3 (7301)_damaging,0.004746022
4,MGA (23269)_damaging,0.0027709275
4,SPTBN5 (51332)_damaging,0.0
4,ZNF106 (64397)_damaging,0.0
4,STARD9 (57519)_damaging,0.0
4,UBR1 (197131)_damaging,0.0
4,TP53BP1 (7158)_damaging,0.0
4,MAP1A (4130)_damaging,0.0
4,SPG11 (80208)_damaging,0.0
4,B2M (567)_damaging,0.0
4,DUOX2 (50506)_damaging,0.001849597
4,FBN1 (2200)_damaging,0.0033758602
4,DMXL2 (23312)_damaging,0.0
4,MYO5C (55930)_damaging,0.0
4,UNC13C (440279)_damaging,0.0
4,RFX7 (64864)_damaging,0.0015568206
4,ICE2 (79664)_damaging,0.0
4,VPS13C (54832)_damaging,0.004681522
4,TLN2 (83660)_damaging,0.0
4,HERC1 (8925)_damaging,0.0037922862
4,ZNF609 (23060)_damaging,0.0
4,NOX5 (79400)_damaging,0.0
4,MYO9A (4649)_damaging,0.002333571
4,HCN4 (10021)_damaging,0.0
4,ARID3B (10620)_damaging,0.0
4,SIN3A (25942)_damaging,0.002820891
4,PEAK1 (79834)_damaging,0.0
4,ADAMTSL3 (57188)_damaging,0.0
4,AKAP13 (11214)_damaging,0.0
4,AGBL1 (123624)_damaging,0.0
4,TICRR (90381)_damaging,0.0
4,KIF7 (374654)_damaging,0.0
4,IQGAP1 (8826)_damaging,0.0
4,BLM (641)_damaging,0.0
4,FES (2242)_damaging,0.0016029379
4,CHD2 (1106)_damaging,4.9158127e-05
4,LRRK1 (79705)_damaging,0.0
4,WDR90 (197335)_damaging,0.002430097
4,CACNA1H (8912)_damaging,0.0
4,UNKL (64718)_damaging,0.0
4,CRAMP1 (57585)_damaging,0.0
4,TSC2 (7249)_damaging,0.0
4,PKD1 (5310)_damaging,0.0024832515
4,SLX4 (84464)_damaging,0.0013301914
4,CREBBP (1387)_damaging,0.006372104
4,CORO7 (79585)_damaging,0.0
4,SEC14L5 (9717)_damaging,0.0
4,GRIN2A (2903)_damaging,0.0025811333
4,KNOP1 (400506)_damaging,0.004108966
4,DNAH3 (55567)_damaging,0.00024386884
4,SCNN1B (6338)_damaging,0.0
4,PALB2 (79728)_damaging,0.0
4,RBBP6 (5930)_damaging,0.0
4,TNRC6A (27327)_damaging,0.0
4,ARHGAP17 (55114)_damaging,0.0
4,GTF3C1 (2975)_damaging,0.0019877532
4,ATXN2L (11273)_damaging,0.0
4,ITGAL (3683)_damaging,0.0
4,FBRS (64319)_damaging,0.0
4,SRCAP (10847)_damaging,0.0015891775
4,SETD1A (9739)_damaging,0.0
4,ITGAM (3684)_damaging,0.0
4,ITGAD (3681)_damaging,0.0
4,ABCC11 (85320)_damaging,0.0
4,SALL1 (6299)_damaging,0.0
4,CHD9 (80205)_damaging,0.0
4,RBL2 (5934)_damaging,0.0
4,NLRC5 (84166)_damaging,0.0
4,CNOT1 (23019)_damaging,0.0
4,CDH8 (1006)_damaging,0.0040362487
4,CTCF (10664)_damaging,0.002202526
4,CARMIL2 (146206)_damaging,0.0
4,CDH1 (999)_damaging,0.0
4,DHX38 (9785)_damaging,0.0
4,ZFHX3 (463)_damaging,0.0
4,CNTNAP4 (85445)_damaging,0.0
4,TAF1C (9013)_damaging,0.0
4,GSE1 (23199)_damaging,0.0
4,IRF8 (3394)_damaging,0.0017436936
4,ZNF469 (84627)_damaging,0.0
4,ZC3H18 (124245)_damaging,0.0
4,PIEZO1 (9780)_damaging,0.0
4,LINC02138 (400558)_damaging,0.0027000988
4,CDH15 (1013)_damaging,0.0
4,ANKRD11 (29123)_damaging,0.0
4,VPS9D1 (9605)_damaging,0.0
4,FANCA (2175)_damaging,0.0
4,WDR81 (124997)_damaging,0.0
4,CLUH (23277)_damaging,0.0
4,SPATA22 (84690)_damaging,0.0024200089
4,ZZEF1 (23140)_damaging,0.0
4,CAMTA2 (23125)_damaging,0.0
4,USP6 (9098)_damaging,0.0
4,ACADVL (37)_damaging,0.0
4,FXR2 (9513)_damaging,0.0
4,TP53 (7157)_damaging,0.01995231
4,EFNB3 (1949)_damaging,0.0
4,DNAH2 (146754)_damaging,0.0
4,KDM6B (23135)_damaging,0.0
4,CHD3 (1107)_damaging,0.0
4,ALOX12B (242)_damaging,0.0
4,PER1 (5187)_damaging,0.0
4,MYH13 (8735)_damaging,0.0
4,MYH8 (4626)_damaging,0.0
4,MYH1 (4619)_damaging,0.0035867686
4,MYH2 (4620)_damaging,0.0016181383
4,DNAH9 (1770)_damaging,0.002117801
4,MYOCD (93649)_damaging,0.0
4,NCOR1 (9611)_damaging,0.002686966
4,FLCN (201163)_damaging,0.0
4,MYO15A (51168)_damaging,0.0
4,SPECC1 (92521)_damaging,0.0063049914
4,KSR1 (8844)_damaging,0.002760709
4,MYO18A (399687)_damaging,0.0
4,ANKRD13B (124930)_damaging,0.0
4,EFCAB5 (374786)_damaging,0.0
4,ATAD5 (79915)_damaging,0.0
4,NF1 (4763)_damaging,0.0005477049
4,SUZ12 (23512)_damaging,0.0018068617
4,SLFN11 (91607)_damaging,0.0038981456
4,ACACA (31)_damaging,0.0
4,GPR179 (440435)_damaging,0.0020789064
4,TOP2A (7153)_damaging,0.0
4,STAT5B (6777)_damaging,0.0
4,BRCA1 (672)_damaging,0.0
4,ITGA2B (3674)_damaging,0.0023466495
4,GPATCH8 (23131)_damaging,0.0
4,KANSL1 (284058)_damaging,0.004218402
4,COL1A1 (1277)_damaging,0.002618283
4,CACNA1G (8913)_damaging,0.0
4,TSPOAP1 (9256)_damaging,0.0
4,RNF43 (54894)_damaging,0.0016185248
4,BRIP1 (83990)_damaging,0.0
4,MED13 (9969)_damaging,0.0
4,MRC2 (9902)_damaging,0.0
4,SCN4A (6329)_damaging,0.0
4,GNA13 (10672)_damaging,0.0024557058
4,AXIN2 (8313)_damaging,0.0
4,HELZ (9931)_damaging,0.0
4,BPTF (2186)_damaging,0.0
4,ABCA8 (10351)_damaging,0.0
4,ABCA9 (10350)_damaging,0.0031096211
4,ABCA6 (23460)_damaging,0.0
4,ABCA10 (10349)_damaging,0.0
4,ABCA5 (23461)_damaging,0.0
4,SOX9 (6662)_damaging,0.0
4,SDK2 (54549)_damaging,0.0
4,TMEM94 (9772)_damaging,0.0
4,CASKIN2 (57513)_damaging,0.0
4,MYO15B (80022)_damaging,0.0
4,ITGB4 (3691)_damaging,0.0023212638
4,EVPL (2125)_damaging,0.0
4,SPHK1 (8877)_damaging,0.0
4,RHBDF2 (79651)_damaging,0.0
4,TNRC6C (57690)_damaging,0.0
4,DNAH17 (8632)_damaging,0.0
4,RPTOR (57521)_damaging,0.0
4,BAHCC1 (57597)_damaging,0.0
4,FASN (2194)_damaging,0.002381625
4,NARF (26502)_damaging,0.0
4,SMCHD1 (23347)_damaging,0.0
4,EPB41L3 (23136)_damaging,0.0022355039
4,LAMA1 (284217)_damaging,0.0
4,MTCL1 (23255)_damaging,0.0
4,ANKRD12 (23253)_damaging,0.0
4,PIEZO2 (63895)_damaging,0.0
4,ANKRD30B (374860)_damaging,0.0
4,ROCK1 (6093)_damaging,0.0019801026
4,ESCO1 (114799)_damaging,0.0
4,LAMA3 (3909)_damaging,0.0
4,ZNF521 (25925)_damaging,0.0
4,CCDC178 (374864)_damaging,0.0
4,ASXL3 (80816)_damaging,0.0
4,SETBP1 (26040)_damaging,0.0031601745
4,EPG5 (57724)_damaging,0.0016611638
4,LOXHD1 (125336)_damaging,0.0
4,SKOR2 (652991)_damaging,0.0
4,ZBTB7C (201501)_damaging,0.0
4,MYO5B (4645)_damaging,0.0019583213
4,SMAD4 (4089)_damaging,0.002307668
4,DCC (1630)_damaging,0.0
4,ALPK2 (115701)_damaging,0.0
4,RTTN (25914)_damaging,0.0
4,CBLN2 (147381)_damaging,0.0
4,ZNF236 (7776)_damaging,0.0
4,SALL3 (27164)_damaging,0.0
4,ATP9B (374868)_damaging,0.0
4,KCNG2 (26251)_damaging,0.0
4,POLRMT (5442)_damaging,0.0028604774
4,ABCA7 (10347)_damaging,0.00059789524
4,STK11 (6794)_damaging,0.0035774598
4,DAZAP1 (26528)_damaging,0.0
4,APC2 (10297)_damaging,0.0
4,TCF3 (6929)_damaging,0.0
4,AP3D1 (8943)_damaging,0.0
4,DOT1L (84444)_damaging,0.0
4,ZBTB7A (51341)_damaging,0.0
4,TICAM1 (148022)_damaging,0.0
4,KDM4B (23030)_damaging,0.0
4,PTPRS (5802)_damaging,0.0
4,SAFB2 (9667)_damaging,0.0
4,FBN3 (84467)_damaging,0.0021214664
4,MUC16 (94025)_damaging,0.0016543734
4,COL5A3 (50509)_damaging,0.0
4,DNMT1 (1786)_damaging,0.0
4,KEAP1 (9817)_damaging,0.00015721157
4,DNM2 (1785)_damaging,0.0
4,SMARCA4 (6597)_damaging,0.002637196
4,MAN2B1 (4125)_damaging,0.0
4,MAST1 (22983)_damaging,0.00013347527
4,CACNA1A (773)_damaging,0.0
4,NOTCH3 (4854)_damaging,0.0
4,WIZ (58525)_damaging,0.0
4,AP1M1 (8907)_damaging,0.0
4,SIN3B (23309)_damaging,0.0
4,CPAMD8 (27151)_damaging,0.0
4,MYO9B (4650)_damaging,0.0
4,ZNF429 (353088)_damaging,0.00025878396
4,ZNF208 (7757)_damaging,0.0
4,ZNF729 (100287226)_damaging,0.0
4,ZNF91 (7644)_damaging,0.0
4,URI1 (8725)_damaging,0.0
4,ZNF536 (9745)_damaging,0.0
4,TSHZ3 (57616)_damaging,0.0
4,KMT2B (9757)_damaging,0.0047626453
4,ARHGAP33 (115703)_damaging,0.0
4,NPHS1 (4868)_damaging,0.0
4,WDR87 (83889)_damaging,0.0
4,SIPA1L3 (23094)_damaging,0.0
4,RYR1 (6261)_damaging,0.0
4,CAPN12 (147968)_damaging,0.0022908638
4,FCGBP (8857)_damaging,0.0018688448
4,PRX (57716)_damaging,0.0
4,AXL (558)_damaging,0.0
4,HNRNPUL1 (11100)_damaging,0.0
4,ARHGEF1 (9138)_damaging,0.0
4,ERF (2077)_damaging,0.0
4,CIC (23152)_damaging,0.0031802503
4,MEGF8 (1954)_damaging,0.000109634166
4,ARHGAP35 (2909)_damaging,0.0
4,BICRA (29998)_damaging,0.0
4,GRIN2D (2906)_damaging,0.0
4,LMTK3 (114783)_damaging,0.0
4,TRPM4 (54795)_damaging,0.0
4,PRR12 (57479)_damaging,0.0
4,SCAF1 (58506)_damaging,0.0
4,POLD1 (5424)_damaging,0.0
4,SHANK1 (50944)_damaging,0.0
4,ZNF331 (55422)_damaging,0.0018484725
4,BRSK1 (84446)_damaging,0.0026177396
4,SSC5D (284297)_damaging,0.0
4,NLRP9 (338321)_damaging,0.0
4,NLRP4 (147945)_damaging,0.0
4,PEG3 (5178)_damaging,0.00448413
4,ZIM3 (114026)_damaging,0.0
4,TPO (7173)_damaging,0.0
4,PXDN (7837)_damaging,0.002449664
4,MYT1L (23040)_damaging,0.0
4,ROCK2 (9475)_damaging,0.0
4,GREB1 (9687)_damaging,0.0
4,NBAS (51594)_damaging,0.0020869107
4,RAD51AP2 (729475)_damaging,0.0
4,APOB (338)_damaging,0.004709921
4,TDRD15 (100129278)_damaging,0.0019480018
4,ATAD2B (54454)_damaging,0.0
4,ITSN2 (50618)_damaging,0.0
4,DNMT3A (1788)_damaging,0.0
4,ASXL2 (55252)_damaging,0.0
4,OTOF (9381)_damaging,0.0
4,CAD (790)_damaging,0.0
4,IFT172 (26160)_damaging,0.0
4,SPATA31H1 (84226)_damaging,0.0
4,ALK (238)_damaging,0.0
4,BIRC6 (57448)_damaging,0.001974382
4,LTBP1 (4052)_damaging,0.0019011478
4,HEATR5B (54497)_damaging,0.0
4,ZFP36L2 (678)_damaging,0.0022546123
4,THADA (63892)_damaging,0.0
4,MSH2 (4436)_damaging,0.0
4,MSH6 (2956)_damaging,0.00053825503
4,NRXN1 (9378)_damaging,0.0
4,SPTBN1 (6711)_damaging,0.0
4,EML6 (400954)_damaging,0.0
4,CCDC88A (55704)_damaging,0.0026109621
4,BCL11A (53335)_damaging,0.0
4,USP34 (9736)_damaging,0.0
4,C2orf42 (54980)_damaging,0.0
4,ZNF638 (27332)_damaging,0.0
4,DYSF (8291)_damaging,0.0023278743
4,ALMS1 (7840)_damaging,0.0017057654
4,CTNNA2 (1496)_damaging,0.0019426681
4,DNAH6 (1768)_damaging,0.0025480543
4,PROM2 (150696)_damaging,0.0
4,ANKRD36C (400986)_damaging,0.0019776237
4,ANKRD36 (375248)_damaging,0.0
4,TMEM131 (23505)_damaging,0.0
4,VWA3B (200403)_damaging,0.0
4,CRACDL (343990)_damaging,0.0
4,EIF5B (9669)_damaging,0.0
4,AFF3 (3899)_damaging,0.0
4,MARCO (8685)_damaging,0.0
4,CLASP1 (23332)_damaging,0.0
4,CNTNAP5 (129684)_damaging,0.0023774572
4,UGGT1 (56886)_damaging,0.0
4,ARHGEF4 (50649)_damaging,0.0
4,NCKAP5 (344148)_damaging,0.0
4,THSD7B (80731)_damaging,0.0012443726
4,LRP1B (53353)_damaging,0.0028916711
4,ZEB2 (9839)_damaging,0.0
4,ACVR2A (92)_damaging,0.004870084
4,ORC4 (5000)_damaging,0.0
4,KIF5C (3800)_damaging,0.0
4,RIF1 (55183)_damaging,0.0
4,NEB (4703)_damaging,0.002648522
4,GALNT13 (114805)_damaging,0.0
4,BAZ2B (29994)_damaging,0.0
4,LY75 (4065)_damaging,0.0
4,PLA2R1 (22925)_damaging,0.0
4,SLC4A10 (57282)_damaging,0.00220296
4,KCNH7 (90134)_damaging,0.0019959921
4,FIGN (55137)_damaging,0.0
4,SCN3A (6328)_damaging,0.0
4,SCN2A (6326)_damaging,0.0021552749
4,SCN1A (6323)_damaging,0.0
4,SCN9A (6335)_damaging,0.0
4,SCN7A (6332)_damaging,0.0
4,XIRP2 (129446)_damaging,0.0011677225
4,LRP2 (4036)_damaging,0.0019637607
4,KLHL41 (10324)_damaging,0.0
4,TTN (7273)_damaging,0.0013485618
4,CCDC141 (285025)_damaging,0.0
4,FSIP2 (401024)_damaging,0.0019296106
4,COL3A1 (1281)_damaging,0.0020401326
4,COL5A2 (1290)_damaging,0.002041568
4,ANKAR (150709)_damaging,0.0
4,DNAH7 (56171)_damaging,0.0022057965
4,HECW2 (57520)_damaging,0.0
4,PLCL1 (5334)_damaging,0.0
4,SGO2 (151246)_damaging,0.0
4,CASP8 (841)_damaging,0.004106213
4,C2CD6 (151254)_damaging,0.0
4,BMPR2 (659)_damaging,0.0
4,NBEAL1 (65065)_damaging,0.0
4,PARD3B (117583)_damaging,0.0
4,INO80D (54891)_damaging,0.0
4,ZDBF2 (57683)_damaging,0.0
4,MAP2 (4133)_damaging,0.0
4,UNC80 (285175)_damaging,0.0
4,KANSL1L (151050)_damaging,0.0
4,CPS1 (1373)_damaging,0.0
4,ERBB4 (2066)_damaging,0.0
4,ABCA12 (26154)_damaging,0.0024991434
4,FN1 (2335)_damaging,0.0027095806
4,CFAP65 (255101)_damaging,0.0025969746
4,SPEG (10290)_damaging,0.0021657585
4,SLC4A3 (6508)_damaging,0.0
4,DOCK10 (55619)_damaging,0.0
4,NYAP2 (57624)_damaging,0.0
4,COL4A4 (1286)_damaging,0.0
4,SPHKAP (80309)_damaging,0.0
4,GIGYF2 (26058)_damaging,0.0
4,COL6A3 (1293)_damaging,0.0
4,RBM44 (375316)_damaging,0.0
4,HDAC4 (9759)_damaging,0.0
4,KIF1A (547)_damaging,0.0
4,TRIB3 (57761)_damaging,0.0
4,FASTKD5 (60493)_damaging,0.0027657903
4,SLC4A11 (83959)_damaging,0.0
4,PLCB4 (5332)_damaging,0.0
4,ESF1 (51575)_damaging,0.0
4,RRBP1 (6238)_damaging,0.0
4,CFAP61 (26074)_damaging,0.0
4,ASXL1 (171023)_damaging,0.0051415935
4,NCOA6 (23054)_damaging,0.0
4,MYH7B (57644)_damaging,0.002024981
4,SAMHD1 (25939)_damaging,0.0016740833
4,RALGAPB (57148)_damaging,0.0
4,CHD6 (84181)_damaging,0.0
4,PTPRT (11122)_damaging,0.003907691
4,NCOA3 (8202)_damaging,0.0
4,DDX27 (55661)_damaging,0.0
4,KCNB1 (3745)_damaging,0.0
4,ZNF831 (128611)_damaging,0.0
4,SYCP2 (10388)_damaging,0.00051495276
4,TAF4 (6874)_damaging,0.0020215528
4,LAMA5 (3911)_damaging,0.0032442987
4,DIDO1 (11083)_damaging,0.0
4,COL20A1 (57642)_damaging,0.0
4,HELZ2 (85441)_damaging,0.0
4,TPTE (7179)_damaging,0.0
4,NRIP1 (8204)_damaging,0.004131243
4,LTN1 (26046)_damaging,0.0
4,USP16 (10600)_damaging,0.0
4,SCAF4 (57466)_damaging,0.0030554316
4,SYNJ1 (8867)_damaging,0.0
4,ITSN1 (6453)_damaging,0.0
4,RUNX1 (861)_damaging,0.0
4,DOP1B (9980)_damaging,0.0016508391
4,BRWD1 (54014)_damaging,0.0
4,DSCAM (1826)_damaging,0.0015224877
4,ZBTB21 (49854)_damaging,0.0
4,UMODL1 (89766)_damaging,0.0
4,NDUFV3 (4731)_damaging,0.0
4,COL18A1 (80781)_damaging,0.0
4,PCNT (5116)_damaging,0.0022216279
4,CECR2 (27443)_damaging,0.0
4,ZDHHC8 (29801)_damaging,0.0
4,MED15 (51586)_damaging,0.0
4,PI4KA (5297)_damaging,0.0028283885
4,LZTR1 (8216)_damaging,0.0
4,MYO18B (84700)_damaging,0.0
4,CHEK2 (11200)_damaging,0.0
4,ZNRF3 (84133)_damaging,0.0
4,NF2 (4771)_damaging,0.002794451
4,MTMR3 (8897)_damaging,0.0
4,DEPDC5 (9681)_damaging,0.0
4,RTCB (51493)_damaging,0.0
4,MYH9 (4627)_damaging,0.0
4,TRIOBP (11078)_damaging,0.001206657
4,CACNA1I (8911)_damaging,0.0
4,TNRC6B (23112)_damaging,0.0
4,MRTFA (57591)_damaging,0.0
4,EP300 (2033)_damaging,0.0010669527
4,ZC3H7B (23264)_damaging,0.0
4,MEI1 (150365)_damaging,0.002161567
4,TCF20 (6942)_damaging,0.00037276218
4,SMC1B (27127)_damaging,0.0
4,PKDREJ (10343)_damaging,0.0019190077
4,PLXNB2 (23654)_damaging,0.00053048425
4,PPP6R2 (9701)_damaging,0.0
4,SBF1 (6305)_damaging,0.0
4,KLHDC7B (113730)_damaging,0.0
4,CHL1 (10752)_damaging,0.0023952036
4,CNTN6 (27255)_damaging,0.0
4,CNTN4 (152330)_damaging,0.0
4,GRM7 (2917)_damaging,0.0
4,SSUH2 (51066)_damaging,0.0027822894
4,VHL (7428)_damaging,0.0030136271
4,FBLN2 (2199)_damaging,0.0
4,TGFBR2 (7048)_damaging,0.0030274475
4,CLASP2 (23122)_damaging,0.0
4,TRANK1 (9881)_damaging,0.007282248
4,MLH1 (4292)_damaging,0.0
4,GOLGA4 (2803)_damaging,0.0
4,SCN10A (6336)_damaging,0.0
4,SCN11A (11280)_damaging,0.0
4,NKTR (4820)_damaging,0.0024607552
4,TOPAZ1 (375337)_damaging,0.0
4,KIF15 (56992)_damaging,0.0
4,SETD2 (29072)_damaging,0.0023449566
4,PTPN23 (25930)_damaging,0.0
4,PLXNB1 (5364)_damaging,0.0
4,COL7A1 (1294)_damaging,0.0034352106
4,CELSR3 (1951)_damaging,0.0
4,USP19 (10869)_damaging,0.0
4,RHOA (387)_damaging,0.0
4,BSN (8927)_damaging,0.0016310607
4,RBM6 (10180)_damaging,0.0
4,DOCK3 (1795)_damaging,0.0
4,DNAH1 (25981)_damaging,0.0022631946
4,BAP1 (8314)_damaging,0.003300207
4,STAB1 (23166)_damaging,0.002657115
4,PBRM1 (55193)_damaging,0.004767376
4,CACNA1D (776)_damaging,0.00208249
4,DNAH12 (201625)_damaging,0.0028870988
4,FLNB (2317)_damaging,0.0
4,PTPRG (5793)_damaging,0.0
4,ATXN7 (6314)_damaging,0.0
4,CNTN3 (5067)_damaging,0.0
4,ROBO2 (6092)_damaging,0.008663494
4,ROBO1 (6091)_damaging,0.0
4,EPHA3 (2042)_damaging,0.0
4,EPHA6 (285220)_damaging,0.0
4,CRYBG3 (131544)_damaging,0.0
4,ABI3BP (25890)_damaging,0.0
4,MYH15 (22989)_damaging,0.0044003134
4,MORC1 (27136)_damaging,0.0
4,NECTIN3 (25945)_damaging,0.0
4,ZBTB20 (26137)_damaging,0.0023221709
4,CFAP91 (89876)_damaging,0.0
4,POLQ (10721)_damaging,0.00089114485
4,MYLK (4638)_damaging,0.0
4,KALRN (8997)_damaging,0.0031254862
4,COL6A5 (256076)_damaging,0.0020565384
4,DNAJC13 (23317)_damaging,0.0
4,NPHP3 (27031)_damaging,0.0
4,TOPBP1 (11073)_damaging,0.0023105973
4,RASA2 (5922)_damaging,0.0
4,ATR (545)_damaging,0.0
4,HPS3 (84343)_damaging,0.0013127618
4,MED12L (116931)_damaging,0.0021002793
4,IGSF10 (285313)_damaging,0.0
4,ARHGEF26 (26084)_damaging,0.00041972738
4,MME (4311)_damaging,0.0
4,SI (6476)_damaging,0.0
4,ZBBX (79740)_damaging,0.0
4,MECOM (2122)_damaging,0.0
4,SPATA16 (83893)_damaging,0.0
4,USP13 (8975)_damaging,0.0
4,TTC14 (151613)_damaging,0.0
4,ATP13A5 (344905)_damaging,0.0
4,MUC4 (4585)_damaging,0.0021318041
4,TNK2 (10188)_damaging,0.0
4,NSD2 (7468)_damaging,0.0019102021
4,FAM193A (8603)_damaging,0.0
4,HTT (3064)_damaging,0.0
4,JAKMIP1 (152789)_damaging,0.0
4,UNC93B7 (100887746)_damaging,0.0
4,BOD1L1 (259282)_damaging,0.0
4,CPEB2 (132864)_damaging,0.0
4,SLIT2 (9353)_damaging,0.0
4,RFC1 (5981)_damaging,0.0
4,LIMCH1 (22998)_damaging,0.0
4,BEND4 (389206)_damaging,0.0
4,ATP8A1 (10396)_damaging,0.0
4,ATP10D (57205)_damaging,0.0
4,CORIN (10699)_damaging,0.0
4,FRYL (285527)_damaging,0.0
4,KDR (3791)_damaging,0.0
4,POLR2B (5431)_damaging,0.0
4,ADGRL3 (23284)_damaging,0.0023674692
4,EPHA5 (2044)_damaging,0.0
4,CENPC (1060)_damaging,0.005282398
4,ADAMTS3 (9508)_damaging,0.0
4,SHROOM3 (57619)_damaging,0.0
4,FRAS1 (80144)_damaging,0.0
4,WDFY3 (23001)_damaging,0.0017502189
4,PTPN13 (5783)_damaging,0.0002297371
4,AFF1 (4299)_damaging,0.0021528464
4,HERC5 (51191)_damaging,0.0
4,SMARCAD1 (56916)_damaging,0.0015893333
4,UNC5C (8633)_damaging,0.0
4,CENPE (1062)_damaging,0.0
4,TET2 (54790)_damaging,0.0
4,COL25A1 (84570)_damaging,0.0
4,ANK2 (287)_damaging,0.0036427637
4,BLTP1 (84162)_damaging,0.009806334
4,FAT4 (79633)_damaging,0.0
4,PCDH10 (57575)_damaging,0.0
4,NAA15 (80155)_damaging,0.0
4,ABCE1 (6059)_damaging,0.0
4,LRBA (987)_damaging,0.0
4,FBXW7 (55294)_damaging,0.003635657
4,FHDC1 (85462)_damaging,0.0
4,DCHS2 (54798)_damaging,0.0
4,MAP9 (79884)_damaging,0.0
4,GRIA2 (2891)_damaging,0.0
4,RXFP1 (59350)_damaging,0.0
4,RAPGEF2 (9693)_damaging,0.0
4,FSTL5 (56884)_damaging,0.0
4,DDX60 (55601)_damaging,0.00075561675
4,HAND2 (9464)_damaging,0.0
4,WDR17 (116966)_damaging,0.0
4,TENM3 (55714)_damaging,0.0
4,WWC2 (80014)_damaging,0.0
4,SORBS2 (8470)_damaging,0.0
4,FAT1 (2195)_damaging,0.0034236216
4,SDHA (6389)_damaging,0.0025907543
4,SLC12A7 (10723)_damaging,0.0
4,ADAMTS16 (170690)_damaging,0.0
4,ICE1 (23379)_damaging,0.0
4,CTNND2 (1501)_damaging,0.0
4,DNAH5 (1767)_damaging,0.00071835343
4,TRIO (7204)_damaging,0.0
4,PRDM9 (56979)_damaging,0.0
4,CDH10 (1008)_damaging,0.0014903208
4,CDH6 (1004)_damaging,0.0
4,PDZD2 (23037)_damaging,0.0
4,ADAMTS12 (81792)_damaging,0.0020914625
4,SPEF2 (79925)_damaging,0.0
4,NIPBL (25836)_damaging,0.0011243914
4,CPLANE1 (65250)_damaging,0.0
4,EGFLAM (133584)_damaging,0.0
4,LIFR (3977)_damaging,0.0
4,C7 (730)_damaging,0.0
4,MROH2B (133558)_damaging,0.0018706404
4,C6 (729)_damaging,0.0
4,HCN1 (348980)_damaging,0.0015237731
4,DHX29 (54505)_damaging,0.002373183
4,PIK3R1 (5295)_damaging,0.0023647025
4,RAD17 (5884)_damaging,0.0
4,BDP1 (55814)_damaging,0.0
4,MAP1B (4131)_damaging,0.004988491
4,ARHGEF28 (64283)_damaging,0.0
4,ANKRD31 (256006)_damaging,0.0
4,IQGAP2 (10788)_damaging,0.0
4,AP3B1 (8546)_damaging,0.0
4,CMYA5 (202333)_damaging,0.0025684487
4,MSH3 (4437)_damaging,0.004264279
4,VCAN (1462)_damaging,0.0024200985
4,RASA1 (5921)_damaging,0.0021177146
4,ADGRV1 (84059)_damaging,0.00067102426
4,KIAA0825 (285600)_damaging,0.0
4,SKIC3 (9652)_damaging,0.0
4,ARSK (153642)_damaging,0.0021754713
4,PCSK1 (5122)_damaging,0.0
4,SLCO6A1 (133482)_damaging,0.0
4,APC (324)_damaging,0.0021023573
4,DMXL1 (1657)_damaging,0.0024449574
4,ZNF608 (57507)_damaging,0.0
4,FBN2 (2201)_damaging,0.0017136425
4,SLC27A6 (28965)_damaging,0.0022290144
4,ADAMTS19 (171019)_damaging,0.0
4,RAPGEF6 (51735)_damaging,0.0
4,RAD50 (10111)_damaging,0.004715184
4,AFF4 (27125)_damaging,0.0
4,FSTL4 (23105)_damaging,0.0
4,PITX1 (5307)_damaging,0.0029517747
4,LINC02900 (340073)_damaging,0.0019813313
4,CTNNA1 (1495)_damaging,0.002364596
4,PCDHB4 (56131)_damaging,0.002284526
4,NR3C1 (2908)_damaging,0.0
4,TCERG1 (10915)_damaging,0.0
4,FBXO38 (81545)_damaging,0.0
4,FAT2 (2196)_damaging,0.0
4,LARP1 (23367)_damaging,0.0063130716
4,GEMIN5 (25929)_damaging,0.0
4,DOCK2 (1794)_damaging,0.0016896287
4,NSD1 (64324)_damaging,0.0
4,ADAMTS2 (9509)_damaging,0.0
4,FLT4 (2324)_damaging,0.002440225
4,DSP (1832)_damaging,0.0
4,HIVEP1 (3096)_damaging,0.0
4,JARID2 (3720)_damaging,0.0
4,HLA-A (3105)_damaging,0.0028582956
4,PPP1R10 (5514)_damaging,0.0
4,MDC1 (9656)_damaging,0.0
4,VARS2 (57176)_damaging,0.0010564574
4,MUCL3 (135656)_damaging,0.0
4,HLA-C (3107)_damaging,0.0
4,HLA-B (3106)_damaging,0.0014672976
4,PRRC2A (7916)_damaging,0.0024588394
4,BAG6 (7917)_damaging,0.0
4,TNXB (7148)_damaging,0.0
4,NOTCH4 (4855)_damaging,0.0009542539
4,COL11A2 (1302)_damaging,0.0
4,ITPR3 (3710)_damaging,0.0
4,BLTP3A (54887)_damaging,0.0
4,DNAH8 (1769)_damaging,0.0
4,CCND3 (896)_damaging,0.0021204522
4,ZNF318 (24149)_damaging,0.0
4,TDRD6 (221400)_damaging,0.0
4,MMUT (4594)_damaging,0.0050197644
4,PKHD1 (5314)_damaging,0.0024946614
4,DST (667)_damaging,0.0
4,PHF3 (23469)_damaging,0.0
4,EYS (346007)_damaging,0.0
4,ADGRB3 (577)_damaging,0.0
4,COL19A1 (1310)_damaging,0.0
4,COL9A1 (1297)_damaging,0.0020898054
4,RIMS1 (22999)_damaging,0.0
4,CD109 (135228)_damaging,0.0
4,COL12A1 (1303)_damaging,0.0
4,CEP162 (22832)_damaging,0.0
4,SYNCRIP (10492)_damaging,0.0
4,ZNF292 (23036)_damaging,0.0015380427
4,MDN1 (23195)_damaging,0.00028649278
4,CASP8AP2 (9994)_damaging,0.0020407536
4,EPHA7 (2045)_damaging,0.0
4,MMS22L (253714)_damaging,0.0
4,PNISR (25957)_damaging,0.0
4,ASCC3 (10973)_damaging,0.0
4,AK9 (221264)_damaging,0.0
4,REV3L (5980)_damaging,0.0
4,ROS1 (6098)_damaging,0.0
4,TBC1D32 (221322)_damaging,0.00020815525
4,TRDN (10345)_damaging,0.0
4,LAMA2 (3908)_damaging,0.0020188675
4,AKAP7 (9465)_damaging,0.0002947711
4,MED23 (9439)_damaging,0.0
4,ARFGEF3 (57221)_damaging,0.0
4,ECT2L (345930)_damaging,0.0026389642
4,HIVEP2 (3097)_damaging,0.0
4,UTRN (7402)_damaging,0.0015167221
4,SHPRH (257218)_damaging,0.0
4,GRM1 (2911)_damaging,0.0
4,ADGB (79747)_damaging,0.0
4,STXBP5 (134957)_damaging,0.0
4,SYNE1 (23345)_damaging,0.0026044217
4,SCAF8 (22828)_damaging,0.0
4,ARID1B (57492)_damaging,0.0035236296
4,FNDC1 (84624)_damaging,0.0
4,IGF2R (3482)_damaging,0.0
4,LPA (4018)_damaging,0.0
4,MAP3K4 (4216)_damaging,0.0
4,QKI (9444)_damaging,0.0028924583
4,AFDN (4301)_damaging,0.0
4,CARD11 (84433)_damaging,0.0
4,SDK1 (221935)_damaging,0.0
4,TNRC18 (84629)_damaging,0.0
4,PMS2 (5395)_damaging,0.003108087
4,COL28A1 (340267)_damaging,0.0
4,THSD7A (221981)_damaging,0.0
4,VWDE (221806)_damaging,0.0027479301
4,DGKB (1607)_damaging,0.0
4,AHR (196)_damaging,0.0
4,ABCB5 (340273)_damaging,0.002465403
4,DNAH11 (8701)_damaging,0.0056214686
4,STK31 (56164)_damaging,0.0058748503
4,CDK13 (8621)_damaging,0.0
4,GLI3 (2737)_damaging,0.0
4,HECW1 (23072)_damaging,0.0
4,AEBP1 (165)_damaging,0.0
4,PKD1L1 (168507)_damaging,0.0
4,ABCA13 (154664)_damaging,0.00270537
4,EGFR (1956)_damaging,0.0
4,AUTS2 (26053)_damaging,0.0
4,MAGI2 (9863)_damaging,0.0040643685
4,CD36 (948)_damaging,0.0
4,PCLO (27445)_damaging,0.0010378484
4,SEMA3E (9723)_damaging,0.0020770452
4,ABCB4 (5244)_damaging,0.0
4,ABCB1 (5243)_damaging,0.0
4,ADAM22 (53616)_damaging,0.0
4,ZNF804B (219578)_damaging,0.0
4,AKAP9 (10142)_damaging,0.0005134284
4,ANKIB1 (54467)_damaging,0.0
4,SAMD9 (54809)_damaging,0.0
4,SAMD9L (219285)_damaging,0.0
4,CALCR (799)_damaging,0.0
4,COL1A2 (1278)_damaging,0.0
4,SLC25A13 (10165)_damaging,0.0
4,TRRAP (8295)_damaging,0.0
4,GIGYF1 (64599)_damaging,0.0
4,ZAN (7455)_damaging,0.0
4,MUC12 (10071)_damaging,0.0019781792
4,MUC17 (140453)_damaging,0.0022794504
4,PLOD3 (8985)_damaging,0.0
4,CUX1 (1523)_damaging,0.0
4,FBXL13 (222235)_damaging,0.0
4,RELN (5649)_damaging,0.0029467912
4,KMT2E (55904)_damaging,0.0
4,PIK3CG (5294)_damaging,0.0
4,LAMB4 (22798)_damaging,0.0
4,DOCK4 (9732)_damaging,0.0
4,PPP1R3A (5506)_damaging,0.0
4,FOXP2 (93986)_damaging,0.0
4,CFTR (1080)_damaging,0.0
4,CTTNBP2 (83992)_damaging,0.0
4,WNT16 (51384)_damaging,0.0
4,PTPRZ1 (5803)_damaging,0.0020088216
4,CADPS2 (93664)_damaging,0.0
4,IQUB (154865)_damaging,0.0022090657
4,GRM8 (2918)_damaging,0.0024177283
4,FLNC (2318)_damaging,0.0
4,KCP (375616)_damaging,0.0
4,PLXNA4 (91584)_damaging,0.0
4,LRGUK (136332)_damaging,0.0
4,NUP205 (23165)_damaging,0.0
4,DGKI (9162)_damaging,0.0
4,TRIM24 (8805)_damaging,0.0
4,KIAA1549 (57670)_damaging,0.0
4,MGAM (8972)_damaging,0.001635569
4,MGAM2 (93432)_damaging,0.0
4,EPHB6 (2051)_damaging,0.0
4,KEL (3792)_damaging,0.0
4,NOBOX (135935)_damaging,0.0
4,CNTNAP2 (26047)_damaging,0.0
4,AOC1 (26)_damaging,0.0
4,KCNH2 (3757)_damaging,0.0
4,NOS3 (4846)_damaging,0.0
4,KMT2C (58508)_damaging,0.0018659538
4,DPP6 (1804)_damaging,0.0
4,UBE3C (9690)_damaging,0.0
4,CSMD1 (64478)_damaging,0.0029088212
4,RP1L1 (94137)_damaging,0.0021212394
4,TRMT9B (57604)_damaging,0.0
4,PSD3 (23362)_damaging,0.0
4,DOCK5 (80005)_damaging,0.0
4,NUGGC (389643)_damaging,0.0023047163
4,TEX15 (56154)_damaging,0.0023647354
4,WRN (7486)_damaging,0.0
4,UNC5D (137970)_damaging,0.001990768
4,ADGRA2 (25960)_damaging,0.0018793324
4,ANK1 (286)_damaging,0.0
4,PRKDC (5591)_damaging,0.0020170135
4,PXDNL (137902)_damaging,0.004634965
4,RB1CC1 (9821)_damaging,0.0
4,RP1 (6101)_damaging,0.00073316897
4,ARFGEF1 (10565)_damaging,0.0
4,PREX2 (80243)_damaging,0.0
4,SULF1 (23213)_damaging,0.0
4,SLCO5A1 (81796)_damaging,0.0
4,TRPA1 (8989)_damaging,0.0
4,KCNB2 (9312)_damaging,0.0
4,ZFHX4 (79776)_damaging,0.0024734174
4,WWP1 (11059)_damaging,0.0
4,ESRP1 (54845)_damaging,0.0
4,VPS13B (157680)_damaging,0.0025681073
4,RGS22 (26166)_damaging,0.0
4,UBR5 (51366)_damaging,0.0039857063
4,RIMS2 (9699)_damaging,0.0027381673
4,ZFPM2 (23414)_damaging,0.0
4,PKHD1L1 (93035)_damaging,0.0021996698
4,CSMD3 (114788)_damaging,0.0016090382
4,TRPS1 (7227)_damaging,0.0
4,COL14A1 (7373)_damaging,0.0021514262
4,FER1L6 (654463)_damaging,0.0
4,ASAP1 (50807)_damaging,0.0017964012
4,ADCY8 (114)_damaging,0.0
4,EFR3A (23167)_damaging,0.0016152448
4,PHF20L1 (51105)_damaging,0.0023905782
4,TG (7038)_damaging,0.0
4,FAM135B (51059)_damaging,0.0
4,COL22A1 (169044)_damaging,0.0
4,EPPK1 (83481)_damaging,0.0
4,PLEC (5339)_damaging,0.0021665625
4,PARP10 (84875)_damaging,0.0
4,WDR97 (340390)_damaging,0.0
4,CPSF1 (29894)_damaging,0.0022401845
4,DOCK8 (81704)_damaging,0.0
4,BRD10 (158358)_damaging,0.0
4,PTPRD (5789)_damaging,0.0
4,MPDZ (8777)_damaging,0.0
4,FREM1 (158326)_damaging,0.0
4,CCDC171 (203238)_damaging,0.0
4,CNTLN (54875)_damaging,0.00010470397
4,DENND4C (55667)_damaging,0.0
4,CDKN2A (1029)_damaging,0.0011314881
4,TAF1L (138474)_damaging,0.0
4,ANKRD18B (441459)_damaging,0.0
4,SPATA31G1 (138724)_damaging,0.0
4,PIGO (84720)_damaging,0.0
4,UNC13B (10497)_damaging,0.0
4,RUSC2 (9853)_damaging,0.0
4,SPAG8 (26206)_damaging,0.0024387555
4,TMC1 (117531)_damaging,0.0
4,TRPM6 (140803)_damaging,0.0
4,PCSK5 (5125)_damaging,0.0022469754
4,PRUNE2 (158471)_damaging,0.0
4,VPS13A (23230)_damaging,0.0015994223
4,TLE4 (7091)_damaging,0.0
4,SPATA31D1 (389763)_damaging,0.0
4,KIF27 (55582)_damaging,0.0
4,ROR2 (4920)_damaging,0.0
4,NOL8 (55035)_damaging,0.0
4,WNK2 (65268)_damaging,0.0
4,PTCH1 (5727)_damaging,0.0007393808
4,COL15A1 (1306)_damaging,0.0
4,SMC2 (10592)_damaging,0.0
4,ELP1 (8518)_damaging,0.0
4,TMEM245 (23731)_damaging,0.0020009568
4,SVEP1 (79987)_damaging,0.0023855541
4,FKBP15 (23307)_damaging,0.0
4,COL27A1 (85301)_damaging,0.0015851773
4,C5 (727)_damaging,0.0
4,DENND1A (57706)_damaging,0.0
4,ADGRD2 (347088)_damaging,0.0
4,GOLGA2 (2801)_damaging,0.0
4,SPTAN1 (6709)_damaging,0.00597323
4,HMCN2 (256158)_damaging,0.002002642
4,NUP214 (8021)_damaging,0.0031679503
4,PRRC2B (84726)_damaging,0.0
4,UCK1 (83549)_damaging,0.0
4,SETX (23064)_damaging,0.0020133504
4,TSC1 (7248)_damaging,0.0
4,ADAMTSL2 (9719)_damaging,0.0
4,BRD3 (8019)_damaging,0.0
4,WDR5 (11091)_damaging,0.0
4,COL5A1 (1289)_damaging,0.0
4,CAMSAP1 (157922)_damaging,0.0
4,SNAPC4 (6621)_damaging,0.0
4,NOTCH1 (4851)_damaging,0.0015687868
4,EXD3 (54932)_damaging,0.0
4,CACNA1B (774)_damaging,0.0
4,MXRA5 (25878)_damaging,0.0
4,WWC3 (55841)_damaging,0.0
4,FRMPD4 (9758)_damaging,0.0
4,NHS (4810)_damaging,0.0
4,MAP3K15 (389840)_damaging,0.0
4,DMD (1756)_damaging,0.0027600315
4,CFAP47 (286464)_damaging,0.0028239947
4,RPGR (6103)_damaging,0.0
4,BCOR (54880)_damaging,0.0033447277
4,USP9X (8239)_damaging,0.0
4,DDX3X (1654)_damaging,0.0025032507
4,KDM6A (7403)_damaging,0.0025950156
4,RBM10 (8241)_damaging,0.0
4,CCNB3 (85417)_damaging,0.0
4,KDM5C (8242)_damaging,0.0018455775
4,IQSEC2 (23096)_damaging,0.0
4,HUWE1 (10075)_damaging,0.0
4,WNK3 (65267)_damaging,0.0
4,AMER1 (139285)_damaging,0.0015408426
4,OPHN1 (4983)_damaging,0.0
4,KIF4A (24137)_damaging,0.0
4,MED12 (9968)_damaging,0.0020315922
4,ZMYM3 (9203)_damaging,0.0024644902
4,PHKA1 (5255)_damaging,0.0
4,ATRX (546)_damaging,0.0
4,BRWD3 (254065)_damaging,0.0
4,DIAPH2 (1730)_damaging,0.0020642257
4,PCDH19 (57526)_damaging,0.0
4,RAB40A (142684)_damaging,0.0025788373
4,NRK (203447)_damaging,0.0
4,COL4A6 (1288)_damaging,0.0
4,GUCY2F (2986)_damaging,0.0
4,TRPC5 (7224)_damaging,0.0
4,DOCK11 (139818)_damaging,0.0
4,STAG2 (10735)_damaging,0.0045680436
4,TENM1 (10178)_damaging,0.0
4,BCORL1 (63035)_damaging,0.0
4,USP26 (83844)_damaging,0.0
4,MAP7D3 (79649)_damaging,0.0
4,ADGRG4 (139378)_damaging,0.0
4,SPANXN4 (441525)_damaging,0.0008746768
4,SLITRK2 (84631)_damaging,0.0
4,AFF2 (2334)_damaging,0.0
4,PASD1 (139135)_damaging,0.0
4,CCNQ (92002)_damaging,0.0016908445
4,PLXNA3 (55558)_damaging,0.0
4,F8 (2157)_damaging,0.0
4,MT-ND4 (4538)_damaging,0.0021518453
4,MT-ND5 (4540)_damaging,0.0026231185
